Comparison,Row,Orig_Symbol,Orig_Order,Orig_IC,Orig_Entropy,Swap_Symbol,Swap_Order,Swap_IC,Swap_Entropy,Distance
1,61,I,4,4.06648165628245,4.79205003277203,I,4,4.06648165628245,4.79205003277203,
1,62,#IV,5,7.04988607715519,4.69930341512554,#IV,5,7.04988607715519,4.69930341512554,
1,63,VII,2,5.86348521659191,3.19091740638423,VII,2,5.86348521659191,3.19091740638423,
1,64,-iii,2,6.18311163009071,4.45248520163112,-iii,2,6.18311163009071,4.45248520163112,
1,65,-iii,2,6.98610868287465,4.6330856208257,-iii,2,6.98610868287465,4.6330856208257,
1,66,-vi,1,6.59233448937751,5.40396119496012,#vo,1,6.59233448937751,5.40396119496012,0
1,67,#IV,1,6.60402569114554,5.18655150239105,#IV,1,7.08075604344966,3.85301464768299,
1,68,v,1,6.40702811257819,5.26832602886992,v,1,6.40702811257819,5.26832602886992,
1,69,i,1,5.04582678585244,5.40780748387603,i,1,5.04582678585244,5.40780748387603,
1,70,iv,2,4.44893493864514,5.28631663594942,iv,2,4.44893493864514,5.28631663594942,
1,71,-III,3,3.78247959356285,5.1053219814982,-III,3,3.78247959356285,5.1053219814982,
,,,,,,,,,,
2,61,I,4,4.06648165628245,4.79205003277203,I,4,4.06648165628245,4.79205003277203,
2,62,#IV,5,7.04988607715519,4.69930341512554,#IV,5,7.04988607715519,4.69930341512554,
2,63,VII,2,5.86348521659191,3.19091740638423,VII,2,5.86348521659191,3.19091740638423,
2,64,-iii,2,6.18311163009071,4.45248520163112,-iii,2,6.18311163009071,4.45248520163112,
2,65,-iii,2,6.98610868287465,4.6330856208257,-iii,2,6.98610868287465,4.6330856208257,
2,66,-vi,1,6.59233448937751,5.40396119496012,#V,1,6.59233448937751,5.40396119496012,0
2,67,#IV,1,6.60402569114554,5.18655150239105,#IV,1,6.67763833785441,5.10960237410195,
2,68,v,1,6.40702811257819,5.26832602886992,v,1,6.40702811257819,5.26832602886992,
2,69,i,1,5.04582678585244,5.40780748387603,i,1,5.04582678585244,5.40780748387603,
2,70,iv,2,4.44893493864514,5.28631663594942,iv,2,4.44893493864514,5.28631663594942,
2,71,-III,3,3.78247959356285,5.1053219814982,-III,3,3.78247959356285,5.1053219814982,
,,,,,,,,,,
3,61,I,4,4.06648165628245,4.79205003277203,I,4,4.06648165628245,4.79205003277203,
3,62,#IV,5,7.04988607715519,4.69930341512554,#IV,5,7.04988607715519,4.69930341512554,
3,63,VII,2,5.86348521659191,3.19091740638423,VII,2,5.86348521659191,3.19091740638423,
3,64,-iii,2,6.18311163009071,4.45248520163112,-iii,2,6.18311163009071,4.45248520163112,
3,65,-iii,2,6.98610868287465,4.6330856208257,-iii,2,6.98610868287465,4.6330856208257,
3,66,-vi,1,6.59233448937751,5.40396119496012,I+,1,6.59233448937751,5.40396119496012,0
3,67,#IV,1,6.60402569114554,5.18655150239105,#IV,1,6.7295946004324,4.95076396652624,
3,68,v,1,6.40702811257819,5.26832602886992,v,1,6.40702811257819,5.26832602886992,
3,69,i,1,5.04582678585244,5.40780748387603,i,1,5.04582678585244,5.40780748387603,
3,70,iv,2,4.44893493864514,5.28631663594942,iv,2,4.44893493864514,5.28631663594942,
3,71,-III,3,3.78247959356285,5.1053219814982,-III,3,3.78247959356285,5.1053219814982,
,,,,,,,,,,
4,61,I,4,4.06648165628245,4.79205003277203,I,4,4.06648165628245,4.79205003277203,
4,62,#IV,5,7.04988607715519,4.69930341512554,#IV,5,7.04988607715519,4.69930341512554,
4,63,VII,2,5.86348521659191,3.19091740638423,VII,2,5.86348521659191,3.19091740638423,
4,64,-iii,2,6.18311163009071,4.45248520163112,-iii,2,6.18311163009071,4.45248520163112,
4,65,-iii,2,6.98610868287465,4.6330856208257,-iii,2,6.98610868287465,4.6330856208257,
4,66,-vi,1,6.59233448937751,5.40396119496012,-ii,1,6.59233448937751,5.40396119496012,0
4,67,#IV,1,6.60402569114554,5.18655150239105,#IV,1,6.68283256503466,5.10820539629235,
4,68,v,1,6.40702811257819,5.26832602886992,v,1,6.40702811257819,5.26832602886992,
4,69,i,1,5.04582678585244,5.40780748387603,i,1,5.04582678585244,5.40780748387603,
4,70,iv,2,4.44893493864514,5.28631663594942,iv,2,4.44893493864514,5.28631663594942,
4,71,-III,3,3.78247959356285,5.1053219814982,-III,3,3.78247959356285,5.1053219814982,
,,,,,,,,,,
5,61,I,4,4.06648165628245,4.79205003277203,I,4,4.06648165628245,4.79205003277203,
5,62,#IV,5,7.04988607715519,4.69930341512554,#IV,5,7.04988607715519,4.69930341512554,
5,63,VII,2,5.86348521659191,3.19091740638423,VII,2,5.86348521659191,3.19091740638423,
5,64,-iii,2,6.18311163009071,4.45248520163112,-iii,2,6.18311163009071,4.45248520163112,
5,65,-iii,2,6.98610868287465,4.6330856208257,-iii,2,6.98610868287465,4.6330856208257,
5,66,-vi,1,6.59233448937751,5.40396119496012,-I,1,6.59233448937751,5.40396119496012,0
5,67,#IV,1,6.60402569114554,5.18655150239105,#IV,1,6.53581370683157,5.22022618407369,
5,68,v,1,6.40702811257819,5.26832602886992,v,1,6.40702811257819,5.26832602886992,
5,69,i,1,5.04582678585244,5.40780748387603,i,1,5.04582678585244,5.40780748387603,
5,70,iv,2,4.44893493864514,5.28631663594942,iv,2,4.44893493864514,5.28631663594942,
5,71,-III,3,3.78247959356285,5.1053219814982,-III,3,3.78247959356285,5.1053219814982,
,,,,,,,,,,
6,62,#IV,5,7.04988607715519,4.69930341512554,#IV,5,7.04988607715519,4.69930341512554,
6,63,VII,2,5.86348521659191,3.19091740638423,VII,2,5.86348521659191,3.19091740638423,
6,64,-iii,2,6.18311163009071,4.45248520163112,-iii,2,6.18311163009071,4.45248520163112,
6,65,-iii,2,6.98610868287465,4.6330856208257,-iii,2,6.98610868287465,4.6330856208257,
6,66,-vi,1,6.59233448937751,5.40396119496012,-vi,1,6.59233448937751,5.40396119496012,
6,67,#IV,1,6.60402569114554,5.18655150239105,-V,1,6.60402569114554,5.18655150239105,0
6,68,v,1,6.40702811257819,5.26832602886992,v,1,6.16471793640322,5.4034490977435,
6,69,i,1,5.04582678585244,5.40780748387603,i,1,5.04582678585244,5.40780748387603,
6,70,iv,2,4.44893493864514,5.28631663594942,iv,2,4.44893493864514,5.28631663594942,
6,71,-III,3,3.78247959356285,5.1053219814982,-III,3,3.78247959356285,5.1053219814982,
6,72,-iii,4,7.2706672863486,4.79876121807827,-iii,4,7.2706672863486,4.79876121807827,
,,,,,,,,,,
7,63,VII,2,5.86348521659191,3.19091740638423,VII,2,5.86348521659191,3.19091740638423,
7,64,-iii,2,6.18311163009071,4.45248520163112,-iii,2,6.18311163009071,4.45248520163112,
7,65,-iii,2,6.98610868287465,4.6330856208257,-iii,2,6.98610868287465,4.6330856208257,
7,66,-vi,1,6.59233448937751,5.40396119496012,-vi,1,6.59233448937751,5.40396119496012,
7,67,#IV,1,6.60402569114554,5.18655150239105,#IV,1,6.60402569114554,5.18655150239105,
7,68,v,1,6.40702811257819,5.26832602886992,iii,1,6.40702811257819,5.26832602886992,0
7,69,i,1,5.04582678585244,5.40780748387603,i,1,6.11914795026904,5.43891454293063,
7,70,iv,2,4.44893493864514,5.28631663594942,iv,1,5.09757246822429,5.45235558648835,
7,71,-III,3,3.78247959356285,5.1053219814982,-III,2,4.46081025941176,5.28280167963705,
7,72,-iii,4,7.2706672863486,4.79876121807827,-iii,3,6.98335699728166,5.22548468434035,
7,73,-II,1,6.39378880999543,5.40396119496012,-II,1,6.39378880999543,5.40396119496012,
,,,,,,,,,,
8,68,v,1,6.40702811257819,5.26832602886992,v,1,6.40702811257819,5.26832602886992,
8,69,i,1,5.04582678585244,5.40780748387603,i,1,5.04582678585244,5.40780748387603,
8,70,iv,2,4.44893493864514,5.28631663594942,iv,2,4.44893493864514,5.28631663594942,
8,71,-III,3,3.78247959356285,5.1053219814982,-III,3,3.78247959356285,5.1053219814982,
8,72,-iii,4,7.2706672863486,4.79876121807827,-iii,4,7.2706672863486,4.79876121807827,
8,73,-II,1,6.39378880999543,5.40396119496012,-vii,1,6.39378880999543,5.40396119496012,0
8,74,-II,1,5.00540633624959,5.44048428464702,-II,1,6.37330019660839,5.38946768503422,
8,75,-iii,2,6.7766771965543,5.16831836386541,-iii,1,6.47199267396883,5.44048428464702,
8,76,iv,1,6.18322182405577,5.40396119496012,iv,1,6.18322182405577,5.40396119496012,
8,77,v,1,5.03569244506737,5.45298253750334,v,1,5.03569244506737,5.45298253750334,
8,78,i,2,4.12906689482177,5.18762847529485,i,2,4.12906689482177,5.18762847529485,
,,,,,,,,,,
9,68,v,1,6.40702811257819,5.26832602886992,v,1,6.40702811257819,5.26832602886992,
9,69,i,1,5.04582678585244,5.40780748387603,i,1,5.04582678585244,5.40780748387603,
9,70,iv,2,4.44893493864514,5.28631663594942,iv,2,4.44893493864514,5.28631663594942,
9,71,-III,3,3.78247959356285,5.1053219814982,-III,3,3.78247959356285,5.1053219814982,
9,72,-iii,4,7.2706672863486,4.79876121807827,-iii,4,7.2706672863486,4.79876121807827,
9,73,-II,1,6.39378880999543,5.40396119496012,iio,1,6.39378880999543,5.40396119496012,0
9,74,-II,1,5.00540633624959,5.44048428464702,-II,1,6.30546366147804,5.40597572236175,
9,75,-iii,2,6.7766771965543,5.16831836386541,-iii,1,6.47199267396883,5.44048428464702,
9,76,iv,1,6.18322182405577,5.40396119496012,iv,1,6.18322182405577,5.40396119496012,
9,77,v,1,5.03569244506737,5.45298253750334,v,1,5.03569244506737,5.45298253750334,
9,78,i,2,4.12906689482177,5.18762847529485,i,2,4.12906689482177,5.18762847529485,
,,,,,,,,,,
10,77,v,1,5.03569244506737,5.45298253750334,v,1,5.03569244506737,5.45298253750334,
10,78,i,2,4.12906689482177,5.18762847529485,i,2,4.12906689482177,5.18762847529485,
10,79,iv,3,3.69985452108245,4.82022148031579,iv,3,3.69985452108245,4.82022148031579,
10,80,-III,4,4.33470413158456,4.148277617094,-III,4,4.33470413158456,4.148277617094,
10,81,-iii,4,7.2706672863486,4.79876121807827,-iii,4,7.2706672863486,4.79876121807827,
10,82,-II,1,6.39378880999543,5.40396119496012,-vii,1,6.39378880999543,5.40396119496012,0
10,83,-II,1,5.00540633624959,5.44048428464702,-II,1,6.37330019660839,5.38946768503422,
10,84,-iii,2,6.7766771965543,5.16831836386541,-iii,1,6.47199267396883,5.44048428464702,
10,85,iv,1,6.18322182405577,5.40396119496012,iv,1,6.18322182405577,5.40396119496012,
10,86,#IV,1,6.4609038285878,5.45298253750334,#IV,1,6.4609038285878,5.45298253750334,
10,87,-vi,1,6.72421828845889,5.26832602886992,-vi,1,6.72421828845889,5.26832602886992,
,,,,,,,,,,
11,77,v,1,5.03569244506737,5.45298253750334,v,1,5.03569244506737,5.45298253750334,
11,78,i,2,4.12906689482177,5.18762847529485,i,2,4.12906689482177,5.18762847529485,
11,79,iv,3,3.69985452108245,4.82022148031579,iv,3,3.69985452108245,4.82022148031579,
11,80,-III,4,4.33470413158456,4.148277617094,-III,4,4.33470413158456,4.148277617094,
11,81,-iii,4,7.2706672863486,4.79876121807827,-iii,4,7.2706672863486,4.79876121807827,
11,82,-II,1,6.39378880999543,5.40396119496012,iio,1,6.39378880999543,5.40396119496012,0
11,83,-II,1,5.00540633624959,5.44048428464702,-II,1,6.30546366147804,5.40597572236175,
11,84,-iii,2,6.7766771965543,5.16831836386541,-iii,1,6.47199267396883,5.44048428464702,
11,85,iv,1,6.18322182405577,5.40396119496012,iv,1,6.18322182405577,5.40396119496012,
11,86,#IV,1,6.4609038285878,5.45298253750334,#IV,1,6.4609038285878,5.45298253750334,
11,87,-vi,1,6.72421828845889,5.26832602886992,-vi,1,6.72421828845889,5.26832602886992,
,,,,,,,,,,
12,82,-II,1,6.39378880999543,5.40396119496012,-II,1,6.39378880999543,5.40396119496012,
12,83,-II,1,5.00540633624959,5.44048428464702,-II,1,5.00540633624959,5.44048428464702,
12,84,-iii,2,6.7766771965543,5.16831836386541,-iii,2,6.7766771965543,5.16831836386541,
12,85,iv,1,6.18322182405577,5.40396119496012,iv,1,6.18322182405577,5.40396119496012,
12,86,#IV,1,6.4609038285878,5.45298253750334,#IV,1,6.4609038285878,5.45298253750334,
12,87,-vi,1,6.72421828845889,5.26832602886992,#vo,1,6.72421828845889,5.26832602886992,0
12,88,-vii,1,4.00068466110953,5.18655150239105,-vii,1,6.97384083953315,3.85301464768299,
12,89,i,2,5.08527498042575,4.93666262653595,i,1,4.76449095393286,5.38946768503422,
12,90,iv,2,3.27745556605902,4.97469682440288,iv,2,3.27745556605902,4.97469682440288,
12,91,-vii,3,6.89085088417614,4.81247574766958,-vii,3,6.89085088417614,4.81247574766958,
12,92,-VI,2,5.45704502580042,4.72483603609195,-VI,2,5.45704502580042,4.72483603609195,
,,,,,,,,,,
13,82,-II,1,6.39378880999543,5.40396119496012,-II,1,6.39378880999543,5.40396119496012,
13,83,-II,1,5.00540633624959,5.44048428464702,-II,1,5.00540633624959,5.44048428464702,
13,84,-iii,2,6.7766771965543,5.16831836386541,-iii,2,6.7766771965543,5.16831836386541,
13,85,iv,1,6.18322182405577,5.40396119496012,iv,1,6.18322182405577,5.40396119496012,
13,86,#IV,1,6.4609038285878,5.45298253750334,#IV,1,6.4609038285878,5.45298253750334,
13,87,-vi,1,6.72421828845889,5.26832602886992,#V,1,6.72421828845889,5.26832602886992,0
13,88,-vii,1,4.00068466110953,5.18655150239105,-vii,1,6.5707231339379,5.10960237410195,
13,89,i,2,5.08527498042575,4.93666262653595,i,1,4.76449095393286,5.38946768503422,
13,90,iv,2,3.27745556605902,4.97469682440288,iv,2,3.27745556605902,4.97469682440288,
13,91,-vii,3,6.89085088417614,4.81247574766958,-vii,3,6.89085088417614,4.81247574766958,
13,92,-VI,2,5.45704502580042,4.72483603609195,-VI,2,5.45704502580042,4.72483603609195,
,,,,,,,,,,
14,82,-II,1,6.39378880999543,5.40396119496012,-II,1,6.39378880999543,5.40396119496012,
14,83,-II,1,5.00540633624959,5.44048428464702,-II,1,5.00540633624959,5.44048428464702,
14,84,-iii,2,6.7766771965543,5.16831836386541,-iii,2,6.7766771965543,5.16831836386541,
14,85,iv,1,6.18322182405577,5.40396119496012,iv,1,6.18322182405577,5.40396119496012,
14,86,#IV,1,6.4609038285878,5.45298253750334,#IV,1,6.4609038285878,5.45298253750334,
14,87,-vi,1,6.72421828845889,5.26832602886992,I+,1,6.72421828845889,5.26832602886992,0
14,88,-vii,1,4.00068466110953,5.18655150239105,-vii,1,6.62267939651589,4.95076396652624,
14,89,i,2,5.08527498042575,4.93666262653595,i,1,4.76449095393286,5.38946768503422,
14,90,iv,2,3.27745556605902,4.97469682440288,iv,2,3.27745556605902,4.97469682440288,
14,91,-vii,3,6.89085088417614,4.81247574766958,-vii,3,6.89085088417614,4.81247574766958,
14,92,-VI,2,5.45704502580042,4.72483603609195,-VI,2,5.45704502580042,4.72483603609195,
,,,,,,,,,,
15,82,-II,1,6.39378880999543,5.40396119496012,-II,1,6.39378880999543,5.40396119496012,
15,83,-II,1,5.00540633624959,5.44048428464702,-II,1,5.00540633624959,5.44048428464702,
15,84,-iii,2,6.7766771965543,5.16831836386541,-iii,2,6.7766771965543,5.16831836386541,
15,85,iv,1,6.18322182405577,5.40396119496012,iv,1,6.18322182405577,5.40396119496012,
15,86,#IV,1,6.4609038285878,5.45298253750334,#IV,1,6.4609038285878,5.45298253750334,
15,87,-vi,1,6.72421828845889,5.26832602886992,-ii,1,6.72421828845889,5.26832602886992,0
15,88,-vii,1,4.00068466110953,5.18655150239105,-vii,1,6.57591736111815,5.10820539629235,
15,89,i,2,5.08527498042575,4.93666262653595,i,1,4.76449095393286,5.38946768503422,
15,90,iv,2,3.27745556605902,4.97469682440288,iv,2,3.27745556605902,4.97469682440288,
15,91,-vii,3,6.89085088417614,4.81247574766958,-vii,3,6.89085088417614,4.81247574766958,
15,92,-VI,2,5.45704502580042,4.72483603609195,-VI,2,5.45704502580042,4.72483603609195,
,,,,,,,,,,
16,82,-II,1,6.39378880999543,5.40396119496012,-II,1,6.39378880999543,5.40396119496012,
16,83,-II,1,5.00540633624959,5.44048428464702,-II,1,5.00540633624959,5.44048428464702,
16,84,-iii,2,6.7766771965543,5.16831836386541,-iii,2,6.7766771965543,5.16831836386541,
16,85,iv,1,6.18322182405577,5.40396119496012,iv,1,6.18322182405577,5.40396119496012,
16,86,#IV,1,6.4609038285878,5.45298253750334,#IV,1,6.4609038285878,5.45298253750334,
16,87,-vi,1,6.72421828845889,5.26832602886992,-I,1,6.72421828845889,5.26832602886992,0
16,88,-vii,1,4.00068466110953,5.18655150239105,-vii,1,6.42889850291506,5.22022618407369,
16,89,i,2,5.08527498042575,4.93666262653595,i,1,4.76449095393286,5.38946768503422,
16,90,iv,2,3.27745556605902,4.97469682440288,iv,2,3.27745556605902,4.97469682440288,
16,91,-vii,3,6.89085088417614,4.81247574766958,-vii,3,6.89085088417614,4.81247574766958,
16,92,-VI,2,5.45704502580042,4.72483603609195,-VI,2,5.45704502580042,4.72483603609195,
,,,,,,,,,,
17,87,-vi,1,6.72421828845889,5.26832602886992,-vi,1,6.72421828845889,5.26832602886992,
17,88,-vii,1,4.00068466110953,5.18655150239105,-vii,1,4.00068466110953,5.18655150239105,
17,89,i,2,5.08527498042575,4.93666262653595,i,2,5.08527498042575,4.93666262653595,
17,90,iv,2,3.27745556605902,4.97469682440288,iv,2,3.27745556605902,4.97469682440288,
17,91,-vii,3,6.89085088417614,4.81247574766958,-vii,3,6.89085088417614,4.81247574766958,
17,92,-VI,2,5.45704502580042,4.72483603609195,-VII,2,5.45704502580042,4.72483603609195,0
17,93,-vi,2,6.3383993290159,5.16499410827579,-vi,2,6.93456097171353,5.1290095749153,
17,94,#IV,2,7.15255786947222,4.36051564243597,#IV,1,6.60402569114554,5.18655150239105,
17,95,#IV,1,4.74720653884321,5.26832602886992,#IV,1,4.74720653884321,5.26832602886992,
17,96,-vi,2,7.18908383683268,4.41656597700969,-vi,2,7.18908383683268,4.41656597700969,
17,97,-vii,1,4.00068466110953,5.18655150239105,-vii,1,4.00068466110953,5.18655150239105,
,,,,,,,,,,
18,89,i,2,5.08527498042575,4.93666262653595,i,2,5.08527498042575,4.93666262653595,
18,90,iv,2,3.27745556605902,4.97469682440288,iv,2,3.27745556605902,4.97469682440288,
18,91,-vii,3,6.89085088417614,4.81247574766958,-vii,3,6.89085088417614,4.81247574766958,
18,92,-VI,2,5.45704502580042,4.72483603609195,-VI,2,5.45704502580042,4.72483603609195,
18,93,-vi,2,6.3383993290159,5.16499410827579,-vi,2,6.3383993290159,5.16499410827579,
18,94,#IV,2,7.15255786947222,4.36051564243597,-V,2,7.15255786947222,4.36051564243597,0
18,95,#IV,1,4.74720653884321,5.26832602886992,#IV,1,6.39027763681835,5.4034490977435,
18,96,-vi,2,7.18908383683268,4.41656597700969,-vi,1,6.72421828845889,5.26832602886992,
18,97,-vii,1,4.00068466110953,5.18655150239105,-vii,1,4.00068466110953,5.18655150239105,
18,98,i,2,5.08527498042575,4.93666262653595,i,2,5.08527498042575,4.93666262653595,
18,99,iv,2,3.27745556605902,4.97469682440288,iv,2,3.27745556605902,4.97469682440288,
,,,,,,,,,,
19,91,-vii,3,6.89085088417614,4.81247574766958,-vii,3,6.89085088417614,4.81247574766958,
19,92,-VI,2,5.45704502580042,4.72483603609195,-VI,2,5.45704502580042,4.72483603609195,
19,93,-vi,2,6.3383993290159,5.16499410827579,-vi,2,6.3383993290159,5.16499410827579,
19,94,#IV,2,7.15255786947222,4.36051564243597,#IV,2,7.15255786947222,4.36051564243597,
19,95,#IV,1,4.74720653884321,5.26832602886992,#IV,1,4.74720653884321,5.26832602886992,
19,96,-vi,2,7.18908383683268,4.41656597700969,#vo,2,7.18908383683268,4.41656597700969,0
19,97,-vii,1,4.00068466110953,5.18655150239105,-vii,1,6.97384083953315,3.85301464768299,
19,98,i,2,5.08527498042575,4.93666262653595,i,1,4.76449095393286,5.38946768503422,
19,99,iv,2,3.27745556605902,4.97469682440288,iv,2,3.27745556605902,4.97469682440288,
19,100,-vii,3,6.89085088417614,4.81247574766958,-vii,3,6.89085088417614,4.81247574766958,
19,101,-VI,2,5.45704502580042,4.72483603609195,-VI,2,5.45704502580042,4.72483603609195,
,,,,,,,,,,
20,91,-vii,3,6.89085088417614,4.81247574766958,-vii,3,6.89085088417614,4.81247574766958,
20,92,-VI,2,5.45704502580042,4.72483603609195,-VI,2,5.45704502580042,4.72483603609195,
20,93,-vi,2,6.3383993290159,5.16499410827579,-vi,2,6.3383993290159,5.16499410827579,
20,94,#IV,2,7.15255786947222,4.36051564243597,#IV,2,7.15255786947222,4.36051564243597,
20,95,#IV,1,4.74720653884321,5.26832602886992,#IV,1,4.74720653884321,5.26832602886992,
20,96,-vi,2,7.18908383683268,4.41656597700969,#V,2,7.18908383683268,4.41656597700969,0
20,97,-vii,1,4.00068466110953,5.18655150239105,-vii,1,6.5707231339379,5.10960237410195,
20,98,i,2,5.08527498042575,4.93666262653595,i,1,4.76449095393286,5.38946768503422,
20,99,iv,2,3.27745556605902,4.97469682440288,iv,2,3.27745556605902,4.97469682440288,
20,100,-vii,3,6.89085088417614,4.81247574766958,-vii,3,6.89085088417614,4.81247574766958,
20,101,-VI,2,5.45704502580042,4.72483603609195,-VI,2,5.45704502580042,4.72483603609195,
,,,,,,,,,,
21,91,-vii,3,6.89085088417614,4.81247574766958,-vii,3,6.89085088417614,4.81247574766958,
21,92,-VI,2,5.45704502580042,4.72483603609195,-VI,2,5.45704502580042,4.72483603609195,
21,93,-vi,2,6.3383993290159,5.16499410827579,-vi,2,6.3383993290159,5.16499410827579,
21,94,#IV,2,7.15255786947222,4.36051564243597,#IV,2,7.15255786947222,4.36051564243597,
21,95,#IV,1,4.74720653884321,5.26832602886992,#IV,1,4.74720653884321,5.26832602886992,
21,96,-vi,2,7.18908383683268,4.41656597700969,I+,2,7.18908383683268,4.41656597700969,0
21,97,-vii,1,4.00068466110953,5.18655150239105,-vii,1,6.62267939651589,4.95076396652624,
21,98,i,2,5.08527498042575,4.93666262653595,i,1,4.76449095393286,5.38946768503422,
21,99,iv,2,3.27745556605902,4.97469682440288,iv,2,3.27745556605902,4.97469682440288,
21,100,-vii,3,6.89085088417614,4.81247574766958,-vii,3,6.89085088417614,4.81247574766958,
21,101,-VI,2,5.45704502580042,4.72483603609195,-VI,2,5.45704502580042,4.72483603609195,
,,,,,,,,,,
22,91,-vii,3,6.89085088417614,4.81247574766958,-vii,3,6.89085088417614,4.81247574766958,
22,92,-VI,2,5.45704502580042,4.72483603609195,-VI,2,5.45704502580042,4.72483603609195,
22,93,-vi,2,6.3383993290159,5.16499410827579,-vi,2,6.3383993290159,5.16499410827579,
22,94,#IV,2,7.15255786947222,4.36051564243597,#IV,2,7.15255786947222,4.36051564243597,
22,95,#IV,1,4.74720653884321,5.26832602886992,#IV,1,4.74720653884321,5.26832602886992,
22,96,-vi,2,7.18908383683268,4.41656597700969,-ii,2,7.18908383683268,4.41656597700969,0
22,97,-vii,1,4.00068466110953,5.18655150239105,-vii,1,6.57591736111815,5.10820539629235,
22,98,i,2,5.08527498042575,4.93666262653595,i,1,4.76449095393286,5.38946768503422,
22,99,iv,2,3.27745556605902,4.97469682440288,iv,2,3.27745556605902,4.97469682440288,
22,100,-vii,3,6.89085088417614,4.81247574766958,-vii,3,6.89085088417614,4.81247574766958,
22,101,-VI,2,5.45704502580042,4.72483603609195,-VI,2,5.45704502580042,4.72483603609195,
,,,,,,,,,,
23,91,-vii,3,6.89085088417614,4.81247574766958,-vii,3,6.89085088417614,4.81247574766958,
23,92,-VI,2,5.45704502580042,4.72483603609195,-VI,2,5.45704502580042,4.72483603609195,
23,93,-vi,2,6.3383993290159,5.16499410827579,-vi,2,6.3383993290159,5.16499410827579,
23,94,#IV,2,7.15255786947222,4.36051564243597,#IV,2,7.15255786947222,4.36051564243597,
23,95,#IV,1,4.74720653884321,5.26832602886992,#IV,1,4.74720653884321,5.26832602886992,
23,96,-vi,2,7.18908383683268,4.41656597700969,-I,2,7.18908383683268,4.41656597700969,0
23,97,-vii,1,4.00068466110953,5.18655150239105,-vii,1,6.42889850291506,5.22022618407369,
23,98,i,2,5.08527498042575,4.93666262653595,i,1,4.76449095393286,5.38946768503422,
23,99,iv,2,3.27745556605902,4.97469682440288,iv,2,3.27745556605902,4.97469682440288,
23,100,-vii,3,6.89085088417614,4.81247574766958,-vii,3,6.89085088417614,4.81247574766958,
23,101,-VI,2,5.45704502580042,4.72483603609195,-VI,2,5.45704502580042,4.72483603609195,
,,,,,,,,,,
24,152,i,2,5.08527498042575,4.93666262653595,i,2,5.08527498042575,4.93666262653595,
24,153,iv,2,3.27745556605902,4.97469682440288,iv,2,3.27745556605902,4.97469682440288,
24,154,-vii,3,6.89085088417614,4.81247574766958,-vii,3,6.89085088417614,4.81247574766958,
24,155,-VI,2,5.45704502580042,4.72483603609195,-VI,2,5.45704502580042,4.72483603609195,
24,156,-vi,2,6.3383993290159,5.16499410827579,-vi,2,6.3383993290159,5.16499410827579,
24,157,#IV,2,7.15255786947222,4.36051564243597,-V,2,7.15255786947222,4.36051564243597,0
24,158,#IV,1,4.74720653884321,5.26832602886992,#IV,1,6.39027763681835,5.4034490977435,
24,159,-vi,2,7.18908383683268,4.41656597700969,-vi,1,6.72421828845889,5.26832602886992,
24,160,-vii,1,4.00068466110953,5.18655150239105,-vii,1,4.00068466110953,5.18655150239105,
24,161,i,2,5.08527498042575,4.93666262653595,i,2,5.08527498042575,4.93666262653595,
24,162,r,2,3.1525055960188,4.97469682440288,r,2,3.1525055960188,4.97469682440288,
,,,,,,,,,,
25,154,-vii,3,6.89085088417614,4.81247574766958,-vii,3,6.89085088417614,4.81247574766958,
25,155,-VI,2,5.45704502580042,4.72483603609195,-VI,2,5.45704502580042,4.72483603609195,
25,156,-vi,2,6.3383993290159,5.16499410827579,-vi,2,6.3383993290159,5.16499410827579,
25,157,#IV,2,7.15255786947222,4.36051564243597,#IV,2,7.15255786947222,4.36051564243597,
25,158,#IV,1,4.74720653884321,5.26832602886992,#IV,1,4.74720653884321,5.26832602886992,
25,159,-vi,2,7.18908383683268,4.41656597700969,#vo,2,7.18908383683268,4.41656597700969,0
25,160,-vii,1,4.00068466110953,5.18655150239105,-vii,1,6.97384083953315,3.85301464768299,
25,161,i,2,5.08527498042575,4.93666262653595,i,1,4.76449095393286,5.38946768503422,
25,162,r,2,3.1525055960188,4.97469682440288,r,2,3.1525055960188,4.97469682440288,
25,163,r,2,1.71736353267208,3.74300594358816,r,2,1.71736353267208,3.74300594358816,
,,,,,,,,,,
26,154,-vii,3,6.89085088417614,4.81247574766958,-vii,3,6.89085088417614,4.81247574766958,
26,155,-VI,2,5.45704502580042,4.72483603609195,-VI,2,5.45704502580042,4.72483603609195,
26,156,-vi,2,6.3383993290159,5.16499410827579,-vi,2,6.3383993290159,5.16499410827579,
26,157,#IV,2,7.15255786947222,4.36051564243597,#IV,2,7.15255786947222,4.36051564243597,
26,158,#IV,1,4.74720653884321,5.26832602886992,#IV,1,4.74720653884321,5.26832602886992,
26,159,-vi,2,7.18908383683268,4.41656597700969,#V,2,7.18908383683268,4.41656597700969,0
26,160,-vii,1,4.00068466110953,5.18655150239105,-vii,1,6.5707231339379,5.10960237410195,
26,161,i,2,5.08527498042575,4.93666262653595,i,1,4.76449095393286,5.38946768503422,
26,162,r,2,3.1525055960188,4.97469682440288,r,2,3.1525055960188,4.97469682440288,
26,163,r,2,1.71736353267208,3.74300594358816,r,2,1.71736353267208,3.74300594358816,
,,,,,,,,,,
27,154,-vii,3,6.89085088417614,4.81247574766958,-vii,3,6.89085088417614,4.81247574766958,
27,155,-VI,2,5.45704502580042,4.72483603609195,-VI,2,5.45704502580042,4.72483603609195,
27,156,-vi,2,6.3383993290159,5.16499410827579,-vi,2,6.3383993290159,5.16499410827579,
27,157,#IV,2,7.15255786947222,4.36051564243597,#IV,2,7.15255786947222,4.36051564243597,
27,158,#IV,1,4.74720653884321,5.26832602886992,#IV,1,4.74720653884321,5.26832602886992,
27,159,-vi,2,7.18908383683268,4.41656597700969,I+,2,7.18908383683268,4.41656597700969,0
27,160,-vii,1,4.00068466110953,5.18655150239105,-vii,1,6.62267939651589,4.95076396652624,
27,161,i,2,5.08527498042575,4.93666262653595,i,1,4.76449095393286,5.38946768503422,
27,162,r,2,3.1525055960188,4.97469682440288,r,2,3.1525055960188,4.97469682440288,
27,163,r,2,1.71736353267208,3.74300594358816,r,2,1.71736353267208,3.74300594358816,
,,,,,,,,,,
28,154,-vii,3,6.89085088417614,4.81247574766958,-vii,3,6.89085088417614,4.81247574766958,
28,155,-VI,2,5.45704502580042,4.72483603609195,-VI,2,5.45704502580042,4.72483603609195,
28,156,-vi,2,6.3383993290159,5.16499410827579,-vi,2,6.3383993290159,5.16499410827579,
28,157,#IV,2,7.15255786947222,4.36051564243597,#IV,2,7.15255786947222,4.36051564243597,
28,158,#IV,1,4.74720653884321,5.26832602886992,#IV,1,4.74720653884321,5.26832602886992,
28,159,-vi,2,7.18908383683268,4.41656597700969,-ii,2,7.18908383683268,4.41656597700969,0
28,160,-vii,1,4.00068466110953,5.18655150239105,-vii,1,6.57591736111815,5.10820539629235,
28,161,i,2,5.08527498042575,4.93666262653595,i,1,4.76449095393286,5.38946768503422,
28,162,r,2,3.1525055960188,4.97469682440288,r,2,3.1525055960188,4.97469682440288,
28,163,r,2,1.71736353267208,3.74300594358816,r,2,1.71736353267208,3.74300594358816,
,,,,,,,,,,
29,154,-vii,3,6.89085088417614,4.81247574766958,-vii,3,6.89085088417614,4.81247574766958,
29,155,-VI,2,5.45704502580042,4.72483603609195,-VI,2,5.45704502580042,4.72483603609195,
29,156,-vi,2,6.3383993290159,5.16499410827579,-vi,2,6.3383993290159,5.16499410827579,
29,157,#IV,2,7.15255786947222,4.36051564243597,#IV,2,7.15255786947222,4.36051564243597,
29,158,#IV,1,4.74720653884321,5.26832602886992,#IV,1,4.74720653884321,5.26832602886992,
29,159,-vi,2,7.18908383683268,4.41656597700969,-I,2,7.18908383683268,4.41656597700969,0
29,160,-vii,1,4.00068466110953,5.18655150239105,-vii,1,6.42889850291506,5.22022618407369,
29,161,i,2,5.08527498042575,4.93666262653595,i,1,4.76449095393286,5.38946768503422,
29,162,r,2,3.1525055960188,4.97469682440288,r,2,3.1525055960188,4.97469682440288,
29,163,r,2,1.71736353267208,3.74300594358816,r,2,1.71736353267208,3.74300594358816,
,,,,,,,,,,
30,51,iii,4,5.95140374905293,5.00486099057086,iii,4,5.95140374905293,5.00486099057086,
30,52,vi,2,3.67010962802191,5.21915222061716,vi,2,3.67010962802191,5.21915222061716,
30,53,IV,3,3.69572439801877,5.11045100096823,IV,3,3.69572439801877,5.11045100096823,
30,54,-VII,4,5.92621902476389,4.60250761294049,-VII,4,5.92621902476389,4.60250761294049,
30,55,V,3,5.23038282043269,4.70296834590197,V,3,5.23038282043269,4.70296834590197,
30,56,#IV+,3,7.21084462409523,4.77959808403203,#iv,3,7.20691357250531,4.77959808403203,0.00393105158991514
30,57,IV,1,6.39660478118186,4.33824316572275,IV,1,6.24024927127229,5.10526702470052,
30,58,iii,1,5.25830986038592,5.46015231333603,iii,1,5.25830986038592,5.46015231333603,
30,59,vi,2,3.88056434428391,5.20474876077054,vi,2,3.88056434428391,5.20474876077054,
30,60,ii,3,3.12332133618508,4.96125786289468,ii,3,3.12332133618508,4.96125786289468,
30,61,I,4,4.06648165628245,4.79205003277203,I,4,4.06648165628245,4.79205003277203,
,,,,,,,,,,
31,69,i,1,5.04582678585244,5.40780748387603,i,1,5.04582678585244,5.40780748387603,
31,70,iv,2,4.44893493864514,5.28631663594942,iv,2,4.44893493864514,5.28631663594942,
31,71,-III,3,3.78247959356285,5.1053219814982,-III,3,3.78247959356285,5.1053219814982,
31,72,-iii,4,7.2706672863486,4.79876121807827,-iii,4,7.2706672863486,4.79876121807827,
31,73,-II,1,6.39378880999543,5.40396119496012,-II,1,6.39378880999543,5.40396119496012,
31,74,-II,1,5.00540633624959,5.44048428464702,V,1,5.00031745957679,5.44048428464702,0.005088876672799
31,75,-iii,2,6.7766771965543,5.16831836386541,-iii,2,6.76130585527901,5.18963287020997,
31,76,iv,1,6.18322182405577,5.40396119496012,iv,1,6.18322182405577,5.40396119496012,
31,77,v,1,5.03569244506737,5.45298253750334,v,1,5.03569244506737,5.45298253750334,
31,78,i,2,4.12906689482177,5.18762847529485,i,2,4.12906689482177,5.18762847529485,
31,79,iv,3,3.69985452108245,4.82022148031579,iv,3,3.69985452108245,4.82022148031579,
,,,,,,,,,,
32,78,i,2,4.12906689482177,5.18762847529485,i,2,4.12906689482177,5.18762847529485,
32,79,iv,3,3.69985452108245,4.82022148031579,iv,3,3.69985452108245,4.82022148031579,
32,80,-III,4,4.33470413158456,4.148277617094,-III,4,4.33470413158456,4.148277617094,
32,81,-iii,4,7.2706672863486,4.79876121807827,-iii,4,7.2706672863486,4.79876121807827,
32,82,-II,1,6.39378880999543,5.40396119496012,-II,1,6.39378880999543,5.40396119496012,
32,83,-II,1,5.00540633624959,5.44048428464702,V,1,5.00031745957679,5.44048428464702,0.005088876672799
32,84,-iii,2,6.7766771965543,5.16831836386541,-iii,2,6.76130585527901,5.18963287020997,
32,85,iv,1,6.18322182405577,5.40396119496012,iv,1,6.18322182405577,5.40396119496012,
32,86,#IV,1,6.4609038285878,5.45298253750334,#IV,1,6.4609038285878,5.45298253750334,
32,87,-vi,1,6.72421828845889,5.26832602886992,-vi,1,6.72421828845889,5.26832602886992,
32,88,-vii,1,4.00068466110953,5.18655150239105,-vii,1,4.00068466110953,5.18655150239105,
,,,,,,,,,,
33,46,IV,3,4.80620692836147,4.70296834590197,IV,3,4.80620692836147,4.70296834590197,
33,47,V,3,4.04677291528327,5.13068795614639,V,3,4.04677291528327,5.13068795614639,
33,48,I,4,2.50773853601309,4.7026225891055,I,4,2.50773853601309,4.7026225891055,
33,49,I+,5,6.68093454004438,5.02043641115032,I+,5,6.68093454004438,5.02043641115032,
33,50,I,3,2.81974766149247,4.95076396652624,I,3,2.81974766149247,4.95076396652624,
33,51,iii,4,5.95140374905293,5.00486099057086,iv,4,5.95679938083881,5.00486099057086,0.00539563178587787
33,52,vi,2,3.67010962802191,5.21915222061716,vi,2,6.1189670605399,5.34324203490307,
33,53,IV,3,3.69572439801877,5.11045100096823,IV,2,5.32578851970082,5.26940881022671,
33,54,-VII,4,5.92621902476389,4.60250761294049,-VII,2,5.16528745594377,5.34582523361725,
33,55,V,3,5.23038282043269,4.70296834590197,V,3,5.23038282043269,4.70296834590197,
33,56,#IV+,3,7.21084462409523,4.77959808403203,#IV+,3,7.21084462409523,4.77959808403203,
,,,,,,,,,,
34,37,-VI,1,5.31977290933337,5.45298253750334,-VI,1,5.31977290933337,5.45298253750334,
34,38,I,2,5.43780755337442,5.19040854958852,I,2,5.43780755337442,5.19040854958852,
34,39,I,2,4.33519713273102,5.41934604014041,I,2,4.33519713273102,5.41934604014041,
34,40,I+,3,6.43398439287137,5.36798749318986,I+,3,6.43398439287137,5.36798749318986,
34,41,I,3,1.23060987917747,3.58387461067546,I,3,1.23060987917747,3.58387461067546,
34,42,iii,4,5.98492812162663,4.94787677837653,iv,4,5.99032375341251,4.94787677837653,0.00539563178587876
34,43,vi,2,3.67010962802191,5.21915222061716,vi,2,6.1189670605399,5.34324203490307,
34,44,IV,3,3.69572439801877,5.11045100096823,IV,2,5.32578851970082,5.26940881022671,
34,45,-VII,4,5.92621902476389,4.60250761294049,-VII,2,5.16528745594377,5.34582523361725,
34,46,IV,3,4.80620692836147,4.70296834590197,IV,3,4.80620692836147,4.70296834590197,
34,47,V,3,4.04677291528327,5.13068795614639,V,3,4.04677291528327,5.13068795614639,
,,,,,,,,,,
35,53,IV,3,3.69572439801877,5.11045100096823,IV,3,3.69572439801877,5.11045100096823,
35,54,-VII,4,5.92621902476389,4.60250761294049,-VII,4,5.92621902476389,4.60250761294049,
35,55,V,3,5.23038282043269,4.70296834590197,V,3,5.23038282043269,4.70296834590197,
35,56,#IV+,3,7.21084462409523,4.77959808403203,#IV+,3,7.21084462409523,4.77959808403203,
35,57,IV,1,6.39660478118186,4.33824316572275,IV,1,6.39660478118186,4.33824316572275,
35,58,iii,1,5.25830986038592,5.46015231333603,i,1,5.26487435793719,5.46015231333603,0.00656449755126243
35,59,vi,2,3.88056434428391,5.20474876077054,vi,2,6.1433200413014,5.36040596291814,
35,60,ii,3,3.12332133618508,4.96125786289468,ii,2,5.28310550642111,5.2678099475526,
35,61,I,4,4.06648165628245,4.79205003277203,I,2,4.67337815912058,5.30016015259736,
35,62,#IV,5,7.04988607715519,4.69930341512554,#IV,3,6.61898627008975,5.29939316664639,
35,63,VII,2,5.86348521659191,3.19091740638423,VII,2,5.86348521659191,3.19091740638423,
,,,,,,,,,,
36,24,iv,3,3.28501200841588,5.12756237700192,iv,3,3.28501200841588,5.12756237700192,
36,25,I,4,2.62782675606846,4.99593757888795,I,4,2.62782675606846,4.99593757888795,
36,26,#IV,5,7.27233505431236,4.64934421436809,#IV,5,7.27233505431236,4.64934421436809,
36,27,iv,2,7.46698727787462,3.19091740638423,iv,2,7.46698727787462,3.19091740638423,
36,28,-VI,1,5.31977290933337,5.45298253750334,-VI,1,5.31977290933337,5.45298253750334,
36,29,I,2,5.43780755337442,5.19040854958852,IV,2,5.43109906525058,5.19040854958852,0.00670848812384062
36,30,I,2,4.33519713273102,5.41934604014041,I,2,4.57472744244656,5.26599503467981,
36,31,iv,3,4.83128580160429,5.36798749318986,iv,3,5.74660514429544,5.10323788093058,
36,32,I,4,3.93997197716702,4.65115140116723,I,3,2.4755002564243,4.98309536675476,
36,33,iv,4,2.35425588667656,4.70879800011142,iv,4,3.05337262734864,4.95770955380275,
36,34,I,5,1.39232462394126,4.1767815461776,I,5,1.99847587725639,4.7091278103885,
,,,,,,,,,,
37,33,iv,4,2.35425588667656,4.70879800011142,iv,4,2.35425588667656,4.70879800011142,
37,34,I,5,1.39232462394126,4.1767815461776,I,5,1.39232462394126,4.1767815461776,
37,35,#IV,6,7.41912539439768,4.48885900638762,#IV,6,7.41912539439768,4.48885900638762,
37,36,iv,2,7.46698727787462,3.19091740638423,iv,2,7.46698727787462,3.19091740638423,
37,37,-VI,1,5.31977290933337,5.45298253750334,-VI,1,5.31977290933337,5.45298253750334,
37,38,I,2,5.43780755337442,5.19040854958852,IV,2,5.43109906525058,5.19040854958852,0.00670848812384062
37,39,I,2,4.33519713273102,5.41934604014041,I,2,4.57472744244656,5.26599503467981,
37,40,I+,3,6.43398439287137,5.36798749318986,I+,3,6.61514412785823,5.10323788093058,
37,41,I,3,1.23060987917747,3.58387461067546,I,2,2.61119404229434,4.43171698242142,
37,42,iii,4,5.98492812162663,4.94787677837653,iii,3,5.73203891308628,5.33367221814392,
37,43,vi,2,3.67010962802191,5.21915222061716,vi,2,3.67010962802191,5.21915222061716,
,,,,,,,,,,
38,35,#IV,6,7.41912539439768,4.48885900638762,#IV,6,7.41912539439768,4.48885900638762,
38,36,iv,2,7.46698727787462,3.19091740638423,iv,2,7.46698727787462,3.19091740638423,
38,37,-VI,1,5.31977290933337,5.45298253750334,-VI,1,5.31977290933337,5.45298253750334,
38,38,I,2,5.43780755337442,5.19040854958852,I,2,5.43780755337442,5.19040854958852,
38,39,I,2,4.33519713273102,5.41934604014041,I,2,4.33519713273102,5.41934604014041,
38,40,I+,3,6.43398439287137,5.36798749318986,#io,3,6.44172416116575,5.36798749318986,0.00773976829438183
38,41,I,3,1.23060987917747,3.58387461067546,I,3,7.19538277818473,3.64170486107498,
38,42,iii,4,5.98492812162663,4.94787677837653,iii,1,5.56475784692977,5.48431723964687,
38,43,vi,2,3.67010962802191,5.21915222061716,vi,2,3.67010962802191,5.21915222061716,
38,44,IV,3,3.69572439801877,5.11045100096823,IV,3,3.69572439801877,5.11045100096823,
38,45,-VII,4,5.92621902476389,4.60250761294049,-VII,4,5.92621902476389,4.60250761294049,
,,,,,,,,,,
39,57,IV,1,6.39660478118186,4.33824316572275,IV,1,6.39660478118186,4.33824316572275,
39,58,iii,1,5.25830986038592,5.46015231333603,iii,1,5.25830986038592,5.46015231333603,
39,59,vi,2,3.88056434428391,5.20474876077054,vi,2,3.88056434428391,5.20474876077054,
39,60,ii,3,3.12332133618508,4.96125786289468,ii,3,3.12332133618508,4.96125786289468,
39,61,I,4,4.06648165628245,4.79205003277203,I,4,4.06648165628245,4.79205003277203,
39,62,#IV,5,7.04988607715519,4.69930341512554,io,5,7.04131508717386,4.69930341512554,0.00857098998133132
39,63,VII,2,5.86348521659191,3.19091740638423,VII,2,6.60256382995209,4.95115433216841,
39,64,-iii,2,6.18311163009071,4.45248520163112,-iii,1,5.65553685528837,5.34612393077972,
39,65,-iii,2,6.98610868287465,4.6330856208257,-iii,2,6.98610868287465,4.6330856208257,
39,66,-vi,1,6.59233448937751,5.40396119496012,-vi,1,6.59233448937751,5.40396119496012,
39,67,#IV,1,6.60402569114554,5.18655150239105,#IV,1,6.60402569114554,5.18655150239105,
,,,,,,,,,,
40,13,I,5,2.56398489539881,4.11750782709229,I,5,2.56398489539881,4.11750782709229,
40,14,iv,5,5.6784154043939,5.19974290858501,iv,5,5.6784154043939,5.19974290858501,
40,15,I,4,2.49873251161012,4.89695766762155,I,4,2.49873251161012,4.89695766762155,
40,16,iv,5,3.20664600669161,4.66342858519195,iv,5,3.20664600669161,4.66342858519195,
40,17,I,5,1.63555725111559,4.43169744819651,I,5,1.63555725111559,4.43169744819651,
40,18,#IV,6,7.55812278639041,4.28599880291646,-vii,6,7.56674500073262,4.28599880291646,0.00862221434220345
40,19,iv,2,7.46698727787462,3.19091740638423,iv,2,6.48351723716161,4.92973497553475,
40,20,-III,1,5.25061088482598,5.45298253750334,-III,1,5.25061088482598,5.45298253750334,
40,21,I,2,5.11533565876399,5.33789410002533,I,2,5.11533565876399,5.33789410002533,
40,22,iv,3,5.49584581795407,4.80247879652896,iv,3,5.49584581795407,4.80247879652896,
40,23,I,3,4.28442698113964,5.01642805793056,I,3,4.28442698113964,5.01642805793056,
,,,,,,,,,,
41,30,I,2,4.33519713273102,5.41934604014041,I,2,4.33519713273102,5.41934604014041,
41,31,iv,3,4.83128580160429,5.36798749318986,iv,3,4.83128580160429,5.36798749318986,
41,32,I,4,3.93997197716702,4.65115140116723,I,4,3.93997197716702,4.65115140116723,
41,33,iv,4,2.35425588667656,4.70879800011142,iv,4,2.35425588667656,4.70879800011142,
41,34,I,5,1.39232462394126,4.1767815461776,I,5,1.39232462394126,4.1767815461776,
41,35,#IV,6,7.41912539439768,4.48885900638762,-vii,6,7.42774760873988,4.48885900638762,0.00862221434220345
41,36,iv,2,7.46698727787462,3.19091740638423,iv,2,6.48351723716161,4.92973497553475,
41,37,-VI,1,5.31977290933337,5.45298253750334,-VI,1,5.31977290933337,5.45298253750334,
41,38,I,2,5.43780755337442,5.19040854958852,I,2,5.43780755337442,5.19040854958852,
41,39,I,2,4.33519713273102,5.41934604014041,I,2,4.33519713273102,5.41934604014041,
41,40,I+,3,6.43398439287137,5.36798749318986,I+,3,6.43398439287137,5.36798749318986,
,,,,,,,,,,
42,57,IV,1,6.39660478118186,4.33824316572275,IV,1,6.39660478118186,4.33824316572275,
42,58,iii,1,5.25830986038592,5.46015231333603,iii,1,5.25830986038592,5.46015231333603,
42,59,vi,2,3.88056434428391,5.20474876077054,vi,2,3.88056434428391,5.20474876077054,
42,60,ii,3,3.12332133618508,4.96125786289468,ii,3,3.12332133618508,4.96125786289468,
42,61,I,4,4.06648165628245,4.79205003277203,I,4,4.06648165628245,4.79205003277203,
42,62,#IV,5,7.04988607715519,4.69930341512554,-vii,5,7.0585082914974,4.69930341512554,0.00862221434220345
42,63,VII,2,5.86348521659191,3.19091740638423,VII,2,6.67362012054155,4.92973497553475,
42,64,-iii,2,6.18311163009071,4.45248520163112,-iii,1,5.65553685528837,5.34612393077972,
42,65,-iii,2,6.98610868287465,4.6330856208257,-iii,2,6.98610868287465,4.6330856208257,
42,66,-vi,1,6.59233448937751,5.40396119496012,-vi,1,6.59233448937751,5.40396119496012,
42,67,#IV,1,6.60402569114554,5.18655150239105,#IV,1,6.60402569114554,5.18655150239105,
,,,,,,,,,,
43,21,I,2,5.11533565876399,5.33789410002533,I,2,5.11533565876399,5.33789410002533,
43,22,iv,3,5.49584581795407,4.80247879652896,iv,3,5.49584581795407,4.80247879652896,
43,23,I,3,4.28442698113964,5.01642805793056,I,3,4.28442698113964,5.01642805793056,
43,24,iv,3,3.28501200841588,5.12756237700192,iv,3,3.28501200841588,5.12756237700192,
43,25,I,4,2.62782675606846,4.99593757888795,I,4,2.62782675606846,4.99593757888795,
43,26,#IV,5,7.27233505431236,4.64934421436809,-vii,5,7.28095726865456,4.64934421436809,0.00862221434220434
43,27,iv,2,7.46698727787462,3.19091740638423,iv,2,6.48351723716161,4.92973497553475,
43,28,-VI,1,5.31977290933337,5.45298253750334,-VI,1,5.31977290933337,5.45298253750334,
43,29,I,2,5.43780755337442,5.19040854958852,I,2,5.43780755337442,5.19040854958852,
43,30,I,2,4.33519713273102,5.41934604014041,I,2,4.33519713273102,5.41934604014041,
43,31,iv,3,4.83128580160429,5.36798749318986,iv,3,4.83128580160429,5.36798749318986,
,,,,,,,,,,
44,15,I,4,2.49873251161012,4.89695766762155,I,4,2.49873251161012,4.89695766762155,
44,16,iv,5,3.20664600669161,4.66342858519195,iv,5,3.20664600669161,4.66342858519195,
44,17,I,5,1.63555725111559,4.43169744819651,I,5,1.63555725111559,4.43169744819651,
44,18,#IV,6,7.55812278639041,4.28599880291646,#IV,6,7.55812278639041,4.28599880291646,
44,19,iv,2,7.46698727787462,3.19091740638423,iv,2,7.46698727787462,3.19091740638423,
44,20,-III,1,5.25061088482598,5.45298253750334,IV,1,5.24143145805158,5.45298253750334,0.00917942677439498
44,21,I,2,5.11533565876399,5.33789410002533,I,2,4.77996028193041,5.29427956447175,
44,22,iv,3,5.49584581795407,4.80247879652896,iv,3,5.75289035892096,5.11387074198496,
44,23,I,3,4.28442698113964,5.01642805793056,I,3,2.4755002564243,4.98309536675476,
44,24,iv,3,3.28501200841588,5.12756237700192,iv,4,3.05337262734864,4.95770955380275,
44,25,I,4,2.62782675606846,4.99593757888795,I,5,1.99847587725639,4.7091278103885,
,,,,,,,,,,
45,88,-vii,1,4.00068466110953,5.18655150239105,-vii,1,4.00068466110953,5.18655150239105,
45,89,i,2,5.08527498042575,4.93666262653595,i,2,5.08527498042575,4.93666262653595,
45,90,iv,2,3.27745556605902,4.97469682440288,iv,2,3.27745556605902,4.97469682440288,
45,91,-vii,3,6.89085088417614,4.81247574766958,-vii,3,6.89085088417614,4.81247574766958,
45,92,-VI,2,5.45704502580042,4.72483603609195,-VI,2,5.45704502580042,4.72483603609195,
45,93,-vi,2,6.3383993290159,5.16499410827579,II,2,6.34858481286223,5.16499410827579,0.0101854838463327
45,94,#IV,2,7.15255786947222,4.36051564243597,#IV,2,6.80344279540182,4.99526293220442,
45,95,#IV,1,4.74720653884321,5.26832602886992,#IV,1,4.74720653884321,5.26832602886992,
45,96,-vi,2,7.18908383683268,4.41656597700969,-vi,2,7.18908383683268,4.41656597700969,
45,97,-vii,1,4.00068466110953,5.18655150239105,-vii,1,4.00068466110953,5.18655150239105,
45,98,i,2,5.08527498042575,4.93666262653595,i,2,5.08527498042575,4.93666262653595,
,,,,,,,,,,
46,59,vi,2,3.88056434428391,5.20474876077054,vi,2,3.88056434428391,5.20474876077054,
46,60,ii,3,3.12332133618508,4.96125786289468,ii,3,3.12332133618508,4.96125786289468,
46,61,I,4,4.06648165628245,4.79205003277203,I,4,4.06648165628245,4.79205003277203,
46,62,#IV,5,7.04988607715519,4.69930341512554,#IV,5,7.04988607715519,4.69930341512554,
46,63,VII,2,5.86348521659191,3.19091740638423,VII,2,5.86348521659191,3.19091740638423,
46,64,-iii,2,6.18311163009071,4.45248520163112,#IV,2,6.17255270244358,4.45248520163112,0.0105589276471321
46,65,-iii,2,6.98610868287465,4.6330856208257,-iii,2,7.17550499757222,4.42400303793901,
46,66,-vi,1,6.59233448937751,5.40396119496012,-vi,1,6.59233448937751,5.40396119496012,
46,67,#IV,1,6.60402569114554,5.18655150239105,#IV,1,6.60402569114554,5.18655150239105,
46,68,v,1,6.40702811257819,5.26832602886992,v,1,6.40702811257819,5.26832602886992,
46,69,i,1,5.04582678585244,5.40780748387603,i,1,5.04582678585244,5.40780748387603,
,,,,,,,,,,
47,37,-VI,1,5.31977290933337,5.45298253750334,-VI,1,5.31977290933337,5.45298253750334,
47,38,I,2,5.43780755337442,5.19040854958852,I,2,5.43780755337442,5.19040854958852,
47,39,I,2,4.33519713273102,5.41934604014041,I,2,4.33519713273102,5.41934604014041,
47,40,I+,3,6.43398439287137,5.36798749318986,I+,3,6.43398439287137,5.36798749318986,
47,41,I,3,1.23060987917747,3.58387461067546,I,3,1.23060987917747,3.58387461067546,
47,42,iii,4,5.98492812162663,4.94787677837653,i,4,5.99573964046071,4.94787677837653,0.0108115188340721
47,43,vi,2,3.67010962802191,5.21915222061716,vi,2,6.20661520163936,5.31561353614983,
47,44,IV,3,3.69572439801877,5.11045100096823,IV,2,3.6780970634982,5.2678099475526,
47,45,-VII,4,5.92621902476389,4.60250761294049,-VII,3,5.43554227278077,4.95221841091925,
47,46,IV,3,4.80620692836147,4.70296834590197,IV,3,4.80620692836147,4.70296834590197,
47,47,V,3,4.04677291528327,5.13068795614639,V,3,4.04677291528327,5.13068795614639,
,,,,,,,,,,
48,46,IV,3,4.80620692836147,4.70296834590197,IV,3,4.80620692836147,4.70296834590197,
48,47,V,3,4.04677291528327,5.13068795614639,V,3,4.04677291528327,5.13068795614639,
48,48,I,4,2.50773853601309,4.7026225891055,I,4,2.50773853601309,4.7026225891055,
48,49,I+,5,6.68093454004438,5.02043641115032,I+,5,6.68093454004438,5.02043641115032,
48,50,I,3,2.81974766149247,4.95076396652624,I,3,2.81974766149247,4.95076396652624,
48,51,iii,4,5.95140374905293,5.00486099057086,i,4,5.962215267887,5.00486099057086,0.0108115188340721
48,52,vi,2,3.67010962802191,5.21915222061716,vi,2,6.20661520163936,5.31561353614983,
48,53,IV,3,3.69572439801877,5.11045100096823,IV,2,3.6780970634982,5.2678099475526,
48,54,-VII,4,5.92621902476389,4.60250761294049,-VII,3,5.43554227278077,4.95221841091925,
48,55,V,3,5.23038282043269,4.70296834590197,V,3,5.23038282043269,4.70296834590197,
48,56,#IV+,3,7.21084462409523,4.77959808403203,#IV+,3,7.21084462409523,4.77959808403203,
,,,,,,,,,,
49,53,IV,3,3.69572439801877,5.11045100096823,IV,3,3.69572439801877,5.11045100096823,
49,54,-VII,4,5.92621902476389,4.60250761294049,-VII,4,5.92621902476389,4.60250761294049,
49,55,V,3,5.23038282043269,4.70296834590197,V,3,5.23038282043269,4.70296834590197,
49,56,#IV+,3,7.21084462409523,4.77959808403203,#IV+,3,7.21084462409523,4.77959808403203,
49,57,IV,1,6.39660478118186,4.33824316572275,IV,1,6.39660478118186,4.33824316572275,
49,58,iii,1,5.25830986038592,5.46015231333603,-VII,1,5.27086811413164,5.46015231333603,0.0125582537457127
49,59,vi,2,3.88056434428391,5.20474876077054,vi,2,5.0419613457236,5.36869316221662,
49,60,ii,3,3.12332133618508,4.96125786289468,ii,3,3.88721519200112,4.96717624646979,
49,61,I,4,4.06648165628245,4.79205003277203,I,4,5.25129516979419,4.42689387357907,
49,62,#IV,5,7.04988607715519,4.69930341512554,#IV,3,6.61898627008975,5.29939316664639,
49,63,VII,2,5.86348521659191,3.19091740638423,VII,2,5.86348521659191,3.19091740638423,
,,,,,,,,,,
50,45,-VII,4,5.92621902476389,4.60250761294049,-VII,4,5.92621902476389,4.60250761294049,
50,46,IV,3,4.80620692836147,4.70296834590197,IV,3,4.80620692836147,4.70296834590197,
50,47,V,3,4.04677291528327,5.13068795614639,V,3,4.04677291528327,5.13068795614639,
50,48,I,4,2.50773853601309,4.7026225891055,I,4,2.50773853601309,4.7026225891055,
50,49,I+,5,6.68093454004438,5.02043641115032,I+,5,6.68093454004438,5.02043641115032,
50,50,I,3,2.81974766149247,4.95076396652624,IV,3,2.83309917618626,4.95076396652624,0.0133515146937908
50,51,iii,4,5.95140374905293,5.00486099057086,iii,4,2.99959656291052,4.57710335966753,
50,52,vi,2,3.67010962802191,5.21915222061716,vi,3,4.19945486801306,4.68319186047761,
50,53,IV,3,3.69572439801877,5.11045100096823,IV,3,3.43020398492143,4.96125786289468,
50,54,-VII,4,5.92621902476389,4.60250761294049,-VII,4,5.93620706226676,4.49944981448679,
50,55,V,3,5.23038282043269,4.70296834590197,V,3,5.23038282043269,4.70296834590197,
,,,,,,,,,,
51,84,-iii,2,6.7766771965543,5.16831836386541,-iii,2,6.7766771965543,5.16831836386541,
51,85,iv,1,6.18322182405577,5.40396119496012,iv,1,6.18322182405577,5.40396119496012,
51,86,#IV,1,6.4609038285878,5.45298253750334,#IV,1,6.4609038285878,5.45298253750334,
51,87,-vi,1,6.72421828845889,5.26832602886992,-vi,1,6.72421828845889,5.26832602886992,
51,88,-vii,1,4.00068466110953,5.18655150239105,-vii,1,4.00068466110953,5.18655150239105,
51,89,i,2,5.08527498042575,4.93666262653595,IV,2,5.07182318095714,4.93666262653595,0.0134517994686085
51,90,iv,2,3.27745556605902,4.97469682440288,iv,2,5.49466465040676,5.32342117648832,
51,91,-vii,3,6.89085088417614,4.81247574766958,-vii,2,6.40141754675077,5.36119189659471,
51,92,-VI,2,5.45704502580042,4.72483603609195,-VI,2,5.45704502580042,4.72483603609195,
51,93,-vi,2,6.3383993290159,5.16499410827579,-vi,2,6.3383993290159,5.16499410827579,
51,94,#IV,2,7.15255786947222,4.36051564243597,#IV,2,7.15255786947222,4.36051564243597,
,,,,,,,,,,
52,93,-vi,2,6.3383993290159,5.16499410827579,-vi,2,6.3383993290159,5.16499410827579,
52,94,#IV,2,7.15255786947222,4.36051564243597,#IV,2,7.15255786947222,4.36051564243597,
52,95,#IV,1,4.74720653884321,5.26832602886992,#IV,1,4.74720653884321,5.26832602886992,
52,96,-vi,2,7.18908383683268,4.41656597700969,-vi,2,7.18908383683268,4.41656597700969,
52,97,-vii,1,4.00068466110953,5.18655150239105,-vii,1,4.00068466110953,5.18655150239105,
52,98,i,2,5.08527498042575,4.93666262653595,IV,2,5.07182318095714,4.93666262653595,0.0134517994686085
52,99,iv,2,3.27745556605902,4.97469682440288,iv,2,5.49466465040676,5.32342117648832,
52,100,-vii,3,6.89085088417614,4.81247574766958,-vii,2,6.40141754675077,5.36119189659471,
52,101,-VI,2,5.45704502580042,4.72483603609195,-VI,2,5.45704502580042,4.72483603609195,
52,102,-vi,2,6.3383993290159,5.16499410827579,-vi,2,6.3383993290159,5.16499410827579,
52,103,#IV,2,7.15255786947222,4.36051564243597,#IV,2,7.15255786947222,4.36051564243597,
,,,,,,,,,,
53,156,-vi,2,6.3383993290159,5.16499410827579,-vi,2,6.3383993290159,5.16499410827579,
53,157,#IV,2,7.15255786947222,4.36051564243597,#IV,2,7.15255786947222,4.36051564243597,
53,158,#IV,1,4.74720653884321,5.26832602886992,#IV,1,4.74720653884321,5.26832602886992,
53,159,-vi,2,7.18908383683268,4.41656597700969,-vi,2,7.18908383683268,4.41656597700969,
53,160,-vii,1,4.00068466110953,5.18655150239105,-vii,1,4.00068466110953,5.18655150239105,
53,161,i,2,5.08527498042575,4.93666262653595,IV,2,5.07182318095714,4.93666262653595,0.0134517994686085
53,162,r,2,3.1525055960188,4.97469682440288,r,2,3.03956675398554,5.32342117648832,
53,163,r,2,1.71736353267208,3.74300594358816,r,2,1.84431493800148,3.7127293437212,
,,,,,,,,,,
54,35,#IV,6,7.41912539439768,4.48885900638762,#IV,6,7.41912539439768,4.48885900638762,
54,36,iv,2,7.46698727787462,3.19091740638423,iv,2,7.46698727787462,3.19091740638423,
54,37,-VI,1,5.31977290933337,5.45298253750334,-VI,1,5.31977290933337,5.45298253750334,
54,38,I,2,5.43780755337442,5.19040854958852,I,2,5.43780755337442,5.19040854958852,
54,39,I,2,4.33519713273102,5.41934604014041,I,2,4.33519713273102,5.41934604014041,
54,40,I+,3,6.43398439287137,5.36798749318986,iio,3,6.4190776443013,5.36798749318986,0.0149067485700636
54,41,I,3,1.23060987917747,3.58387461067546,I,3,3.05381556445191,5.16637125523441,
54,42,iii,4,5.98492812162663,4.94787677837653,iii,3,7.17404517768079,2.93653850081512,
54,43,vi,2,3.67010962802191,5.21915222061716,vi,2,3.67010962802191,5.21915222061716,
54,44,IV,3,3.69572439801877,5.11045100096823,IV,3,3.69572439801877,5.11045100096823,
54,45,-VII,4,5.92621902476389,4.60250761294049,-VII,4,5.92621902476389,4.60250761294049,
,,,,,,,,,,
55,14,iv,5,5.6784154043939,5.19974290858501,iv,5,5.6784154043939,5.19974290858501,
55,15,I,4,2.49873251161012,4.89695766762155,I,4,2.49873251161012,4.89695766762155,
55,16,iv,5,3.20664600669161,4.66342858519195,iv,5,3.20664600669161,4.66342858519195,
55,17,I,5,1.63555725111559,4.43169744819651,I,5,1.63555725111559,4.43169744819651,
55,18,#IV,6,7.55812278639041,4.28599880291646,#IV,6,7.55812278639041,4.28599880291646,
55,19,iv,2,7.46698727787462,3.19091740638423,II,2,7.48490918587189,3.19091740638423,0.0179219079972626
55,20,-III,1,5.25061088482598,5.45298253750334,-III,1,5.47131200900187,5.43779534023349,
55,21,I,2,5.11533565876399,5.33789410002533,I,2,5.45658224081408,5.25279486561104,
55,22,iv,3,5.49584581795407,4.80247879652896,iv,2,5.22614728495463,5.26832080386372,
55,23,I,3,4.28442698113964,5.01642805793056,I,3,4.28442698113964,5.01642805793056,
55,24,iv,3,3.28501200841588,5.12756237700192,iv,3,3.28501200841588,5.12756237700192,
,,,,,,,,,,
56,14,iv,5,5.6784154043939,5.19974290858501,iv,5,5.6784154043939,5.19974290858501,
56,15,I,4,2.49873251161012,4.89695766762155,I,4,2.49873251161012,4.89695766762155,
56,16,iv,5,3.20664600669161,4.66342858519195,iv,5,3.20664600669161,4.66342858519195,
56,17,I,5,1.63555725111559,4.43169744819651,I,5,1.63555725111559,4.43169744819651,
56,18,#IV,6,7.55812278639041,4.28599880291646,#IV,6,7.55812278639041,4.28599880291646,
56,19,iv,2,7.46698727787462,3.19091740638423,-VII,2,7.48490918587189,3.19091740638423,0.0179219079972626
56,20,-III,1,5.25061088482598,5.45298253750334,-III,1,5.15701766147361,5.43223209807231,
56,21,I,2,5.11533565876399,5.33789410002533,I,2,5.21154770914958,5.31117573813632,
56,22,iv,3,5.49584581795407,4.80247879652896,iv,3,5.53056605435027,4.80325490446537,
56,23,I,3,4.28442698113964,5.01642805793056,I,3,4.28442698113964,5.01642805793056,
56,24,iv,3,3.28501200841588,5.12756237700192,iv,3,3.28501200841588,5.12756237700192,
,,,,,,,,,,
57,14,iv,5,5.6784154043939,5.19974290858501,iv,5,5.6784154043939,5.19974290858501,
57,15,I,4,2.49873251161012,4.89695766762155,I,4,2.49873251161012,4.89695766762155,
57,16,iv,5,3.20664600669161,4.66342858519195,iv,5,3.20664600669161,4.66342858519195,
57,17,I,5,1.63555725111559,4.43169744819651,I,5,1.63555725111559,4.43169744819651,
57,18,#IV,6,7.55812278639041,4.28599880291646,#IV,6,7.55812278639041,4.28599880291646,
57,19,iv,2,7.46698727787462,3.19091740638423,-III,2,7.48490918587189,3.19091740638423,0.0179219079972626
57,20,-III,1,5.25061088482598,5.45298253750334,-III,1,4.8438191091715,5.44870267319526,
57,21,I,2,5.11533565876399,5.33789410002533,I,2,4.85423237354643,5.34921551094143,
57,22,iv,3,5.49584581795407,4.80247879652896,iv,3,5.57928683467022,4.8329051953667,
57,23,I,3,4.28442698113964,5.01642805793056,I,3,4.28442698113964,5.01642805793056,
57,24,iv,3,3.28501200841588,5.12756237700192,iv,3,3.28501200841588,5.12756237700192,
,,,,,,,,,,
58,22,iv,3,5.49584581795407,4.80247879652896,iv,3,5.49584581795407,4.80247879652896,
58,23,I,3,4.28442698113964,5.01642805793056,I,3,4.28442698113964,5.01642805793056,
58,24,iv,3,3.28501200841588,5.12756237700192,iv,3,3.28501200841588,5.12756237700192,
58,25,I,4,2.62782675606846,4.99593757888795,I,4,2.62782675606846,4.99593757888795,
58,26,#IV,5,7.27233505431236,4.64934421436809,#IV,5,7.27233505431236,4.64934421436809,
58,27,iv,2,7.46698727787462,3.19091740638423,II,2,7.48490918587189,3.19091740638423,0.0179219079972626
58,28,-VI,1,5.31977290933337,5.45298253750334,-VI,1,5.72577713611049,5.43779534023349,
58,29,I,2,5.43780755337442,5.19040854958852,I,2,5.36233658446765,5.24976840188017,
58,30,I,2,4.33519713273102,5.41934604014041,I,2,4.33519713273102,5.41934604014041,
58,31,iv,3,4.83128580160429,5.36798749318986,iv,3,4.83128580160429,5.36798749318986,
58,32,I,4,3.93997197716702,4.65115140116723,I,4,3.93997197716702,4.65115140116723,
,,,,,,,,,,
59,22,iv,3,5.49584581795407,4.80247879652896,iv,3,5.49584581795407,4.80247879652896,
59,23,I,3,4.28442698113964,5.01642805793056,I,3,4.28442698113964,5.01642805793056,
59,24,iv,3,3.28501200841588,5.12756237700192,iv,3,3.28501200841588,5.12756237700192,
59,25,I,4,2.62782675606846,4.99593757888795,I,4,2.62782675606846,4.99593757888795,
59,26,#IV,5,7.27233505431236,4.64934421436809,#IV,5,7.27233505431236,4.64934421436809,
59,27,iv,2,7.46698727787462,3.19091740638423,-VII,2,7.48490918587189,3.19091740638423,0.0179219079972626
59,28,-VI,1,5.31977290933337,5.45298253750334,-VI,1,5.22846352184788,5.43223209807231,
59,29,I,2,5.43780755337442,5.19040854958852,I,2,5.08671036157725,5.2480720245271,
59,30,I,2,4.33519713273102,5.41934604014041,I,3,4.53608312839237,5.13728446247486,
59,31,iv,3,4.83128580160429,5.36798749318986,iv,3,4.83128580160429,5.36798749318986,
59,32,I,4,3.93997197716702,4.65115140116723,I,4,3.93997197716702,4.65115140116723,
,,,,,,,,,,
60,22,iv,3,5.49584581795407,4.80247879652896,iv,3,5.49584581795407,4.80247879652896,
60,23,I,3,4.28442698113964,5.01642805793056,I,3,4.28442698113964,5.01642805793056,
60,24,iv,3,3.28501200841588,5.12756237700192,iv,3,3.28501200841588,5.12756237700192,
60,25,I,4,2.62782675606846,4.99593757888795,I,4,2.62782675606846,4.99593757888795,
60,26,#IV,5,7.27233505431236,4.64934421436809,#IV,5,7.27233505431236,4.64934421436809,
60,27,iv,2,7.46698727787462,3.19091740638423,-III,2,7.48490918587189,3.19091740638423,0.0179219079972626
60,28,-VI,1,5.31977290933337,5.45298253750334,-VI,1,5.08269965329652,5.44870267319526,
60,29,I,2,5.43780755337442,5.19040854958852,I,2,5.10883464836904,5.35612526674543,
60,30,I,2,4.33519713273102,5.41934604014041,I,3,3.20963504238157,5.22997492072954,
60,31,iv,3,4.83128580160429,5.36798749318986,iv,4,5.05215452256713,5.08870300926983,
60,32,I,4,3.93997197716702,4.65115140116723,I,4,3.93997197716702,4.65115140116723,
,,,,,,,,,,
61,31,iv,3,4.83128580160429,5.36798749318986,iv,3,4.83128580160429,5.36798749318986,
61,32,I,4,3.93997197716702,4.65115140116723,I,4,3.93997197716702,4.65115140116723,
61,33,iv,4,2.35425588667656,4.70879800011142,iv,4,2.35425588667656,4.70879800011142,
61,34,I,5,1.39232462394126,4.1767815461776,I,5,1.39232462394126,4.1767815461776,
61,35,#IV,6,7.41912539439768,4.48885900638762,#IV,6,7.41912539439768,4.48885900638762,
61,36,iv,2,7.46698727787462,3.19091740638423,II,2,7.48490918587189,3.19091740638423,0.0179219079972626
61,37,-VI,1,5.31977290933337,5.45298253750334,-VI,1,5.72577713611049,5.43779534023349,
61,38,I,2,5.43780755337442,5.19040854958852,I,2,5.36233658446765,5.24976840188017,
61,39,I,2,4.33519713273102,5.41934604014041,I,2,4.33519713273102,5.41934604014041,
61,40,I+,3,6.43398439287137,5.36798749318986,I+,3,6.43398439287137,5.36798749318986,
61,41,I,3,1.23060987917747,3.58387461067546,I,3,1.23060987917747,3.58387461067546,
,,,,,,,,,,
62,31,iv,3,4.83128580160429,5.36798749318986,iv,3,4.83128580160429,5.36798749318986,
62,32,I,4,3.93997197716702,4.65115140116723,I,4,3.93997197716702,4.65115140116723,
62,33,iv,4,2.35425588667656,4.70879800011142,iv,4,2.35425588667656,4.70879800011142,
62,34,I,5,1.39232462394126,4.1767815461776,I,5,1.39232462394126,4.1767815461776,
62,35,#IV,6,7.41912539439768,4.48885900638762,#IV,6,7.41912539439768,4.48885900638762,
62,36,iv,2,7.46698727787462,3.19091740638423,-VII,2,7.48490918587189,3.19091740638423,0.0179219079972626
62,37,-VI,1,5.31977290933337,5.45298253750334,-VI,1,5.22846352184788,5.43223209807231,
62,38,I,2,5.43780755337442,5.19040854958852,I,2,5.08671036157725,5.2480720245271,
62,39,I,2,4.33519713273102,5.41934604014041,I,3,4.53608312839237,5.13728446247486,
62,40,I+,3,6.43398439287137,5.36798749318986,I+,3,6.43398439287137,5.36798749318986,
62,41,I,3,1.23060987917747,3.58387461067546,I,3,1.23060987917747,3.58387461067546,
,,,,,,,,,,
63,31,iv,3,4.83128580160429,5.36798749318986,iv,3,4.83128580160429,5.36798749318986,
63,32,I,4,3.93997197716702,4.65115140116723,I,4,3.93997197716702,4.65115140116723,
63,33,iv,4,2.35425588667656,4.70879800011142,iv,4,2.35425588667656,4.70879800011142,
63,34,I,5,1.39232462394126,4.1767815461776,I,5,1.39232462394126,4.1767815461776,
63,35,#IV,6,7.41912539439768,4.48885900638762,#IV,6,7.41912539439768,4.48885900638762,
63,36,iv,2,7.46698727787462,3.19091740638423,-III,2,7.48490918587189,3.19091740638423,0.0179219079972626
63,37,-VI,1,5.31977290933337,5.45298253750334,-VI,1,5.08269965329652,5.44870267319526,
63,38,I,2,5.43780755337442,5.19040854958852,I,2,5.10883464836904,5.35612526674543,
63,39,I,2,4.33519713273102,5.41934604014041,I,3,3.20963504238157,5.22997492072954,
63,40,I+,3,6.43398439287137,5.36798749318986,I+,4,6.65485311383421,5.08870300926983,
63,41,I,3,1.23060987917747,3.58387461067546,I,3,1.23060987917747,3.58387461067546,
,,,,,,,,,,
64,71,-III,3,3.78247959356285,5.1053219814982,-III,3,3.78247959356285,5.1053219814982,
64,72,-iii,4,7.2706672863486,4.79876121807827,-iii,4,7.2706672863486,4.79876121807827,
64,73,-II,1,6.39378880999543,5.40396119496012,-II,1,6.39378880999543,5.40396119496012,
64,74,-II,1,5.00540633624959,5.44048428464702,-II,1,5.00540633624959,5.44048428464702,
64,75,-iii,2,6.7766771965543,5.16831836386541,-iii,2,6.7766771965543,5.16831836386541,
64,76,iv,1,6.18322182405577,5.40396119496012,-III,1,6.20114373205303,5.40396119496012,0.0179219079972626
64,77,v,1,5.03569244506737,5.45298253750334,v,1,5.330886294723,5.44870267319526,
64,78,i,2,4.12906689482177,5.18762847529485,i,2,4.18270258580206,5.28606026901708,
64,79,iv,3,3.69985452108245,4.82022148031579,iv,3,4.95803635482404,4.56647680663288,
64,80,-III,4,4.33470413158456,4.148277617094,-III,3,3.78247959356285,5.1053219814982,
64,81,-iii,4,7.2706672863486,4.79876121807827,-iii,4,7.2706672863486,4.79876121807827,
,,,,,,,,,,
65,80,-III,4,4.33470413158456,4.148277617094,-III,4,4.33470413158456,4.148277617094,
65,81,-iii,4,7.2706672863486,4.79876121807827,-iii,4,7.2706672863486,4.79876121807827,
65,82,-II,1,6.39378880999543,5.40396119496012,-II,1,6.39378880999543,5.40396119496012,
65,83,-II,1,5.00540633624959,5.44048428464702,-II,1,5.00540633624959,5.44048428464702,
65,84,-iii,2,6.7766771965543,5.16831836386541,-iii,2,6.7766771965543,5.16831836386541,
65,85,iv,1,6.18322182405577,5.40396119496012,-III,1,6.20114373205303,5.40396119496012,0.0179219079972626
65,86,#IV,1,6.4609038285878,5.45298253750334,#IV,1,6.33911618036581,5.44870267319526,
65,87,-vi,1,6.72421828845889,5.26832602886992,-vi,2,7.24476766000933,4.42088215085663,
65,88,-vii,1,4.00068466110953,5.18655150239105,-vii,1,4.00068466110953,5.18655150239105,
65,89,i,2,5.08527498042575,4.93666262653595,i,2,5.08527498042575,4.93666262653595,
65,90,iv,2,3.27745556605902,4.97469682440288,iv,2,3.27745556605902,4.97469682440288,
,,,,,,,,,,
66,73,-II,1,6.39378880999543,5.40396119496012,-II,1,6.39378880999543,5.40396119496012,
66,74,-II,1,5.00540633624959,5.44048428464702,-II,1,5.00540633624959,5.44048428464702,
66,75,-iii,2,6.7766771965543,5.16831836386541,-iii,2,6.7766771965543,5.16831836386541,
66,76,iv,1,6.18322182405577,5.40396119496012,iv,1,6.18322182405577,5.40396119496012,
66,77,v,1,5.03569244506737,5.45298253750334,v,1,5.03569244506737,5.45298253750334,
66,78,i,2,4.12906689482177,5.18762847529485,I,2,4.14699085817586,5.18762847529485,0.0179239633540957
66,79,iv,3,3.69985452108245,4.82022148031579,iv,3,5.92543356981303,4.9979996410045,
66,80,-III,4,4.33470413158456,4.148277617094,-III,3,4.71364422715018,5.1126028250159,
66,81,-iii,4,7.2706672863486,4.79876121807827,-iii,3,7.13881397126504,4.9371479435444,
66,82,-II,1,6.39378880999543,5.40396119496012,-II,1,6.39378880999543,5.40396119496012,
66,83,-II,1,5.00540633624959,5.44048428464702,-II,1,5.00540633624959,5.44048428464702,
,,,,,,,,,,
67,86,#IV,1,6.4609038285878,5.45298253750334,#IV,1,6.4609038285878,5.45298253750334,
67,87,-vi,1,6.72421828845889,5.26832602886992,-vi,1,6.72421828845889,5.26832602886992,
67,88,-vii,1,4.00068466110953,5.18655150239105,-vii,1,4.00068466110953,5.18655150239105,
67,89,i,2,5.08527498042575,4.93666262653595,i,2,5.08527498042575,4.93666262653595,
67,90,iv,2,3.27745556605902,4.97469682440288,iv,2,3.27745556605902,4.97469682440288,
67,91,-vii,3,6.89085088417614,4.81247574766958,vo,3,6.90970005537105,4.81247574766958,0.0188491711949075
67,92,-VI,2,5.45704502580042,4.72483603609195,-VI,2,6.98470326682514,4.11023617216366,
67,93,-vi,2,6.3383993290159,5.16499410827579,-vi,1,6.0430753852256,5.44486045691617,
67,94,#IV,2,7.15255786947222,4.36051564243597,#IV,2,7.15255786947222,4.36051564243597,
67,95,#IV,1,4.74720653884321,5.26832602886992,#IV,1,4.74720653884321,5.26832602886992,
67,96,-vi,2,7.18908383683268,4.41656597700969,-vi,2,7.18908383683268,4.41656597700969,
,,,,,,,,,,
68,57,IV,1,6.39660478118186,4.33824316572275,IV,1,6.39660478118186,4.33824316572275,
68,58,iii,1,5.25830986038592,5.46015231333603,iii,1,5.25830986038592,5.46015231333603,
68,59,vi,2,3.88056434428391,5.20474876077054,vi,2,3.88056434428391,5.20474876077054,
68,60,ii,3,3.12332133618508,4.96125786289468,ii,3,3.12332133618508,4.96125786289468,
68,61,I,4,4.06648165628245,4.79205003277203,I,4,4.06648165628245,4.79205003277203,
68,62,#IV,5,7.04988607715519,4.69930341512554,#ivo,5,7.0302982717858,4.69930341512554,0.0195878053693983
68,63,VII,2,5.86348521659191,3.19091740638423,VII,2,3.669731137874,4.65556431965476,
68,64,-iii,2,6.18311163009071,4.45248520163112,-iii,2,7.10124647556059,2.78458138301885,
68,65,-iii,2,6.98610868287465,4.6330856208257,-iii,2,6.98610868287465,4.6330856208257,
68,66,-vi,1,6.59233448937751,5.40396119496012,-vi,1,6.59233448937751,5.40396119496012,
68,67,#IV,1,6.60402569114554,5.18655150239105,#IV,1,6.60402569114554,5.18655150239105,
,,,,,,,,,,
69,68,v,1,6.40702811257819,5.26832602886992,v,1,6.40702811257819,5.26832602886992,
69,69,i,1,5.04582678585244,5.40780748387603,i,1,5.04582678585244,5.40780748387603,
69,70,iv,2,4.44893493864514,5.28631663594942,iv,2,4.44893493864514,5.28631663594942,
69,71,-III,3,3.78247959356285,5.1053219814982,-III,3,3.78247959356285,5.1053219814982,
69,72,-iii,4,7.2706672863486,4.79876121807827,-iii,4,7.2706672863486,4.79876121807827,
69,73,-II,1,6.39378880999543,5.40396119496012,VII,1,6.37332470743571,5.40396119496012,0.020464102559715
69,74,-II,1,5.00540633624959,5.44048428464702,-II,1,6.61513039361269,5.34612393077972,
69,75,-iii,2,6.7766771965543,5.16831836386541,-iii,1,6.47199267396883,5.44048428464702,
69,76,iv,1,6.18322182405577,5.40396119496012,iv,1,6.18322182405577,5.40396119496012,
69,77,v,1,5.03569244506737,5.45298253750334,v,1,5.03569244506737,5.45298253750334,
69,78,i,2,4.12906689482177,5.18762847529485,i,2,4.12906689482177,5.18762847529485,
,,,,,,,,,,
70,77,v,1,5.03569244506737,5.45298253750334,v,1,5.03569244506737,5.45298253750334,
70,78,i,2,4.12906689482177,5.18762847529485,i,2,4.12906689482177,5.18762847529485,
70,79,iv,3,3.69985452108245,4.82022148031579,iv,3,3.69985452108245,4.82022148031579,
70,80,-III,4,4.33470413158456,4.148277617094,-III,4,4.33470413158456,4.148277617094,
70,81,-iii,4,7.2706672863486,4.79876121807827,-iii,4,7.2706672863486,4.79876121807827,
70,82,-II,1,6.39378880999543,5.40396119496012,VII,1,6.37332470743571,5.40396119496012,0.020464102559715
70,83,-II,1,5.00540633624959,5.44048428464702,-II,1,6.61513039361269,5.34612393077972,
70,84,-iii,2,6.7766771965543,5.16831836386541,-iii,1,6.47199267396883,5.44048428464702,
70,85,iv,1,6.18322182405577,5.40396119496012,iv,1,6.18322182405577,5.40396119496012,
70,86,#IV,1,6.4609038285878,5.45298253750334,#IV,1,6.4609038285878,5.45298253750334,
70,87,-vi,1,6.72421828845889,5.26832602886992,-vi,1,6.72421828845889,5.26832602886992,
,,,,,,,,,,
71,68,v,1,6.40702811257819,5.26832602886992,v,1,6.40702811257819,5.26832602886992,
71,69,i,1,5.04582678585244,5.40780748387603,i,1,5.04582678585244,5.40780748387603,
71,70,iv,2,4.44893493864514,5.28631663594942,iv,2,4.44893493864514,5.28631663594942,
71,71,-III,3,3.78247959356285,5.1053219814982,-III,3,3.78247959356285,5.1053219814982,
71,72,-iii,4,7.2706672863486,4.79876121807827,-iii,4,7.2706672863486,4.79876121807827,
71,73,-II,1,6.39378880999543,5.40396119496012,vii,1,6.41454737016222,5.40396119496012,0.0207585601667981
71,74,-II,1,5.00540633624959,5.44048428464702,-II,1,6.56302735081328,5.39530134168783,
71,75,-iii,2,6.7766771965543,5.16831836386541,-iii,1,6.47199267396883,5.44048428464702,
71,76,iv,1,6.18322182405577,5.40396119496012,iv,1,6.18322182405577,5.40396119496012,
71,77,v,1,5.03569244506737,5.45298253750334,v,1,5.03569244506737,5.45298253750334,
71,78,i,2,4.12906689482177,5.18762847529485,i,2,4.12906689482177,5.18762847529485,
,,,,,,,,,,
72,68,v,1,6.40702811257819,5.26832602886992,v,1,6.40702811257819,5.26832602886992,
72,69,i,1,5.04582678585244,5.40780748387603,i,1,5.04582678585244,5.40780748387603,
72,70,iv,2,4.44893493864514,5.28631663594942,iv,2,4.44893493864514,5.28631663594942,
72,71,-III,3,3.78247959356285,5.1053219814982,-III,3,3.78247959356285,5.1053219814982,
72,72,-iii,4,7.2706672863486,4.79876121807827,-iii,4,7.2706672863486,4.79876121807827,
72,73,-II,1,6.39378880999543,5.40396119496012,vo,1,6.41454737016222,5.40396119496012,0.0207585601667981
72,74,-II,1,5.00540633624959,5.44048428464702,-II,1,6.72694796039703,4.973253351909,
72,75,-iii,2,6.7766771965543,5.16831836386541,-iii,1,6.47199267396883,5.44048428464702,
72,76,iv,1,6.18322182405577,5.40396119496012,iv,1,6.18322182405577,5.40396119496012,
72,77,v,1,5.03569244506737,5.45298253750334,v,1,5.03569244506737,5.45298253750334,
72,78,i,2,4.12906689482177,5.18762847529485,i,2,4.12906689482177,5.18762847529485,
,,,,,,,,,,
73,77,v,1,5.03569244506737,5.45298253750334,v,1,5.03569244506737,5.45298253750334,
73,78,i,2,4.12906689482177,5.18762847529485,i,2,4.12906689482177,5.18762847529485,
73,79,iv,3,3.69985452108245,4.82022148031579,iv,3,3.69985452108245,4.82022148031579,
73,80,-III,4,4.33470413158456,4.148277617094,-III,4,4.33470413158456,4.148277617094,
73,81,-iii,4,7.2706672863486,4.79876121807827,-iii,4,7.2706672863486,4.79876121807827,
73,82,-II,1,6.39378880999543,5.40396119496012,vii,1,6.41454737016222,5.40396119496012,0.0207585601667981
73,83,-II,1,5.00540633624959,5.44048428464702,-II,1,6.56302735081328,5.39530134168783,
73,84,-iii,2,6.7766771965543,5.16831836386541,-iii,1,6.47199267396883,5.44048428464702,
73,85,iv,1,6.18322182405577,5.40396119496012,iv,1,6.18322182405577,5.40396119496012,
73,86,#IV,1,6.4609038285878,5.45298253750334,#IV,1,6.4609038285878,5.45298253750334,
73,87,-vi,1,6.72421828845889,5.26832602886992,-vi,1,6.72421828845889,5.26832602886992,
,,,,,,,,,,
74,77,v,1,5.03569244506737,5.45298253750334,v,1,5.03569244506737,5.45298253750334,
74,78,i,2,4.12906689482177,5.18762847529485,i,2,4.12906689482177,5.18762847529485,
74,79,iv,3,3.69985452108245,4.82022148031579,iv,3,3.69985452108245,4.82022148031579,
74,80,-III,4,4.33470413158456,4.148277617094,-III,4,4.33470413158456,4.148277617094,
74,81,-iii,4,7.2706672863486,4.79876121807827,-iii,4,7.2706672863486,4.79876121807827,
74,82,-II,1,6.39378880999543,5.40396119496012,vo,1,6.41454737016222,5.40396119496012,0.0207585601667981
74,83,-II,1,5.00540633624959,5.44048428464702,-II,1,6.72694796039703,4.973253351909,
74,84,-iii,2,6.7766771965543,5.16831836386541,-iii,1,6.47199267396883,5.44048428464702,
74,85,iv,1,6.18322182405577,5.40396119496012,iv,1,6.18322182405577,5.40396119496012,
74,86,#IV,1,6.4609038285878,5.45298253750334,#IV,1,6.4609038285878,5.45298253750334,
74,87,-vi,1,6.72421828845889,5.26832602886992,-vi,1,6.72421828845889,5.26832602886992,
,,,,,,,,,,
75,62,#IV,5,7.04988607715519,4.69930341512554,#IV,5,7.04988607715519,4.69930341512554,
75,63,VII,2,5.86348521659191,3.19091740638423,VII,2,5.86348521659191,3.19091740638423,
75,64,-iii,2,6.18311163009071,4.45248520163112,-iii,2,6.18311163009071,4.45248520163112,
75,65,-iii,2,6.98610868287465,4.6330856208257,-iii,2,6.98610868287465,4.6330856208257,
75,66,-vi,1,6.59233448937751,5.40396119496012,-vi,1,6.59233448937751,5.40396119496012,
75,67,#IV,1,6.60402569114554,5.18655150239105,V+,1,6.58199938481554,5.18655150239105,0.022026306329999
75,68,v,1,6.40702811257819,5.26832602886992,v,1,6.3002200808917,5.18319958648663,
75,69,i,1,5.04582678585244,5.40780748387603,i,1,5.04582678585244,5.40780748387603,
75,70,iv,2,4.44893493864514,5.28631663594942,iv,2,4.44893493864514,5.28631663594942,
75,71,-III,3,3.78247959356285,5.1053219814982,-III,3,3.78247959356285,5.1053219814982,
75,72,-iii,4,7.2706672863486,4.79876121807827,-iii,4,7.2706672863486,4.79876121807827,
,,,,,,,,,,
76,62,#IV,5,7.04988607715519,4.69930341512554,#IV,5,7.04988607715519,4.69930341512554,
76,63,VII,2,5.86348521659191,3.19091740638423,VII,2,5.86348521659191,3.19091740638423,
76,64,-iii,2,6.18311163009071,4.45248520163112,-iii,2,6.18311163009071,4.45248520163112,
76,65,-iii,2,6.98610868287465,4.6330856208257,-iii,2,6.98610868287465,4.6330856208257,
76,66,-vi,1,6.59233448937751,5.40396119496012,-vi,1,6.59233448937751,5.40396119496012,
76,67,#IV,1,6.60402569114554,5.18655150239105,#io,1,6.58199938481554,5.18655150239105,0.022026306329999
76,68,v,1,6.40702811257819,5.26832602886992,v,1,6.63502115927304,4.94357410376213,
76,69,i,1,5.04582678585244,5.40780748387603,i,1,5.04582678585244,5.40780748387603,
76,70,iv,2,4.44893493864514,5.28631663594942,iv,2,4.44893493864514,5.28631663594942,
76,71,-III,3,3.78247959356285,5.1053219814982,-III,3,3.78247959356285,5.1053219814982,
76,72,-iii,4,7.2706672863486,4.79876121807827,-iii,4,7.2706672863486,4.79876121807827,
,,,,,,,,,,
77,62,#IV,5,7.04988607715519,4.69930341512554,#IV,5,7.04988607715519,4.69930341512554,
77,63,VII,2,5.86348521659191,3.19091740638423,VII,2,5.86348521659191,3.19091740638423,
77,64,-iii,2,6.18311163009071,4.45248520163112,-iii,2,6.18311163009071,4.45248520163112,
77,65,-iii,2,6.98610868287465,4.6330856208257,-iii,2,6.98610868287465,4.6330856208257,
77,66,-vi,1,6.59233448937751,5.40396119496012,-vi,1,6.59233448937751,5.40396119496012,
77,67,#IV,1,6.60402569114554,5.18655150239105,#ivo,1,6.58199938481554,5.18655150239105,0.022026306329999
77,68,v,1,6.40702811257819,5.26832602886992,v,1,6.64221007246518,4.95517854450859,
77,69,i,1,5.04582678585244,5.40780748387603,i,1,5.04582678585244,5.40780748387603,
77,70,iv,2,4.44893493864514,5.28631663594942,iv,2,4.44893493864514,5.28631663594942,
77,71,-III,3,3.78247959356285,5.1053219814982,-III,3,3.78247959356285,5.1053219814982,
77,72,-iii,4,7.2706672863486,4.79876121807827,-iii,4,7.2706672863486,4.79876121807827,
,,,,,,,,,,
78,81,-iii,4,7.2706672863486,4.79876121807827,-iii,4,7.2706672863486,4.79876121807827,
78,82,-II,1,6.39378880999543,5.40396119496012,-II,1,6.39378880999543,5.40396119496012,
78,83,-II,1,5.00540633624959,5.44048428464702,-II,1,5.00540633624959,5.44048428464702,
78,84,-iii,2,6.7766771965543,5.16831836386541,-iii,2,6.7766771965543,5.16831836386541,
78,85,iv,1,6.18322182405577,5.40396119496012,iv,1,6.18322182405577,5.40396119496012,
78,86,#IV,1,6.4609038285878,5.45298253750334,#io,1,6.4388775222578,5.45298253750334,0.022026306329999
78,87,-vi,1,6.72421828845889,5.26832602886992,-vi,1,6.95221133515374,4.94357410376213,
78,88,-vii,1,4.00068466110953,5.18655150239105,-vii,1,4.00068466110953,5.18655150239105,
78,89,i,2,5.08527498042575,4.93666262653595,i,2,5.08527498042575,4.93666262653595,
78,90,iv,2,3.27745556605902,4.97469682440288,iv,2,3.27745556605902,4.97469682440288,
78,91,-vii,3,6.89085088417614,4.81247574766958,-vii,3,6.89085088417614,4.81247574766958,
,,,,,,,,,,
79,89,i,2,5.08527498042575,4.93666262653595,i,2,5.08527498042575,4.93666262653595,
79,90,iv,2,3.27745556605902,4.97469682440288,iv,2,3.27745556605902,4.97469682440288,
79,91,-vii,3,6.89085088417614,4.81247574766958,-vii,3,6.89085088417614,4.81247574766958,
79,92,-VI,2,5.45704502580042,4.72483603609195,-VI,2,5.45704502580042,4.72483603609195,
79,93,-vi,2,6.3383993290159,5.16499410827579,-vi,2,6.3383993290159,5.16499410827579,
79,94,#IV,2,7.15255786947222,4.36051564243597,V+,2,7.13053156314222,4.36051564243597,0.022026306329999
79,95,#IV,1,4.74720653884321,5.26832602886992,#IV,1,6.52577978130683,5.18319958648663,
79,96,-vi,2,7.18908383683268,4.41656597700969,-vi,1,6.72421828845889,5.26832602886992,
79,97,-vii,1,4.00068466110953,5.18655150239105,-vii,1,4.00068466110953,5.18655150239105,
79,98,i,2,5.08527498042575,4.93666262653595,i,2,5.08527498042575,4.93666262653595,
79,99,iv,2,3.27745556605902,4.97469682440288,iv,2,3.27745556605902,4.97469682440288,
,,,,,,,,,,
80,89,i,2,5.08527498042575,4.93666262653595,i,2,5.08527498042575,4.93666262653595,
80,90,iv,2,3.27745556605902,4.97469682440288,iv,2,3.27745556605902,4.97469682440288,
80,91,-vii,3,6.89085088417614,4.81247574766958,-vii,3,6.89085088417614,4.81247574766958,
80,92,-VI,2,5.45704502580042,4.72483603609195,-VI,2,5.45704502580042,4.72483603609195,
80,93,-vi,2,6.3383993290159,5.16499410827579,-vi,2,6.3383993290159,5.16499410827579,
80,94,#IV,2,7.15255786947222,4.36051564243597,#io,2,7.13053156314222,4.36051564243597,0.022026306329999
80,95,#IV,1,4.74720653884321,5.26832602886992,#IV,1,6.86058085968817,4.94357410376213,
80,96,-vi,2,7.18908383683268,4.41656597700969,-vi,1,6.72421828845889,5.26832602886992,
80,97,-vii,1,4.00068466110953,5.18655150239105,-vii,1,4.00068466110953,5.18655150239105,
80,98,i,2,5.08527498042575,4.93666262653595,i,2,5.08527498042575,4.93666262653595,
80,99,iv,2,3.27745556605902,4.97469682440288,iv,2,3.27745556605902,4.97469682440288,
,,,,,,,,,,
81,89,i,2,5.08527498042575,4.93666262653595,i,2,5.08527498042575,4.93666262653595,
81,90,iv,2,3.27745556605902,4.97469682440288,iv,2,3.27745556605902,4.97469682440288,
81,91,-vii,3,6.89085088417614,4.81247574766958,-vii,3,6.89085088417614,4.81247574766958,
81,92,-VI,2,5.45704502580042,4.72483603609195,-VI,2,5.45704502580042,4.72483603609195,
81,93,-vi,2,6.3383993290159,5.16499410827579,-vi,2,6.3383993290159,5.16499410827579,
81,94,#IV,2,7.15255786947222,4.36051564243597,#ivo,2,7.13053156314222,4.36051564243597,0.022026306329999
81,95,#IV,1,4.74720653884321,5.26832602886992,#IV,1,6.86776977288031,4.95517854450859,
81,96,-vi,2,7.18908383683268,4.41656597700969,-vi,1,6.72421828845889,5.26832602886992,
81,97,-vii,1,4.00068466110953,5.18655150239105,-vii,1,4.00068466110953,5.18655150239105,
81,98,i,2,5.08527498042575,4.93666262653595,i,2,5.08527498042575,4.93666262653595,
81,99,iv,2,3.27745556605902,4.97469682440288,iv,2,3.27745556605902,4.97469682440288,
,,,,,,,,,,
82,152,i,2,5.08527498042575,4.93666262653595,i,2,5.08527498042575,4.93666262653595,
82,153,iv,2,3.27745556605902,4.97469682440288,iv,2,3.27745556605902,4.97469682440288,
82,154,-vii,3,6.89085088417614,4.81247574766958,-vii,3,6.89085088417614,4.81247574766958,
82,155,-VI,2,5.45704502580042,4.72483603609195,-VI,2,5.45704502580042,4.72483603609195,
82,156,-vi,2,6.3383993290159,5.16499410827579,-vi,2,6.3383993290159,5.16499410827579,
82,157,#IV,2,7.15255786947222,4.36051564243597,V+,2,7.13053156314222,4.36051564243597,0.022026306329999
82,158,#IV,1,4.74720653884321,5.26832602886992,#IV,1,6.52577978130683,5.18319958648663,
82,159,-vi,2,7.18908383683268,4.41656597700969,-vi,1,6.72421828845889,5.26832602886992,
82,160,-vii,1,4.00068466110953,5.18655150239105,-vii,1,4.00068466110953,5.18655150239105,
82,161,i,2,5.08527498042575,4.93666262653595,i,2,5.08527498042575,4.93666262653595,
82,162,r,2,3.1525055960188,4.97469682440288,r,2,3.1525055960188,4.97469682440288,
,,,,,,,,,,
83,152,i,2,5.08527498042575,4.93666262653595,i,2,5.08527498042575,4.93666262653595,
83,153,iv,2,3.27745556605902,4.97469682440288,iv,2,3.27745556605902,4.97469682440288,
83,154,-vii,3,6.89085088417614,4.81247574766958,-vii,3,6.89085088417614,4.81247574766958,
83,155,-VI,2,5.45704502580042,4.72483603609195,-VI,2,5.45704502580042,4.72483603609195,
83,156,-vi,2,6.3383993290159,5.16499410827579,-vi,2,6.3383993290159,5.16499410827579,
83,157,#IV,2,7.15255786947222,4.36051564243597,#io,2,7.13053156314222,4.36051564243597,0.022026306329999
83,158,#IV,1,4.74720653884321,5.26832602886992,#IV,1,6.86058085968817,4.94357410376213,
83,159,-vi,2,7.18908383683268,4.41656597700969,-vi,1,6.72421828845889,5.26832602886992,
83,160,-vii,1,4.00068466110953,5.18655150239105,-vii,1,4.00068466110953,5.18655150239105,
83,161,i,2,5.08527498042575,4.93666262653595,i,2,5.08527498042575,4.93666262653595,
83,162,r,2,3.1525055960188,4.97469682440288,r,2,3.1525055960188,4.97469682440288,
,,,,,,,,,,
84,152,i,2,5.08527498042575,4.93666262653595,i,2,5.08527498042575,4.93666262653595,
84,153,iv,2,3.27745556605902,4.97469682440288,iv,2,3.27745556605902,4.97469682440288,
84,154,-vii,3,6.89085088417614,4.81247574766958,-vii,3,6.89085088417614,4.81247574766958,
84,155,-VI,2,5.45704502580042,4.72483603609195,-VI,2,5.45704502580042,4.72483603609195,
84,156,-vi,2,6.3383993290159,5.16499410827579,-vi,2,6.3383993290159,5.16499410827579,
84,157,#IV,2,7.15255786947222,4.36051564243597,#ivo,2,7.13053156314222,4.36051564243597,0.022026306329999
84,158,#IV,1,4.74720653884321,5.26832602886992,#IV,1,6.86776977288031,4.95517854450859,
84,159,-vi,2,7.18908383683268,4.41656597700969,-vi,1,6.72421828845889,5.26832602886992,
84,160,-vii,1,4.00068466110953,5.18655150239105,-vii,1,4.00068466110953,5.18655150239105,
84,161,i,2,5.08527498042575,4.93666262653595,i,2,5.08527498042575,4.93666262653595,
84,162,r,2,3.1525055960188,4.97469682440288,r,2,3.1525055960188,4.97469682440288,
,,,,,,,,,,
85,60,ii,3,3.12332133618508,4.96125786289468,ii,3,3.12332133618508,4.96125786289468,
85,61,I,4,4.06648165628245,4.79205003277203,I,4,4.06648165628245,4.79205003277203,
85,62,#IV,5,7.04988607715519,4.69930341512554,#IV,5,7.04988607715519,4.69930341512554,
85,63,VII,2,5.86348521659191,3.19091740638423,VII,2,5.86348521659191,3.19091740638423,
85,64,-iii,2,6.18311163009071,4.45248520163112,-iii,2,6.18311163009071,4.45248520163112,
85,65,-iii,2,6.98610868287465,4.6330856208257,-V,2,6.9637408698462,4.6330856208257,0.0223678130284544
85,66,-vi,1,6.59233448937751,5.40396119496012,-vi,1,6.48190811228392,5.4034490977435,
85,67,#IV,1,6.60402569114554,5.18655150239105,#IV,1,6.60402569114554,5.18655150239105,
85,68,v,1,6.40702811257819,5.26832602886992,v,1,6.40702811257819,5.26832602886992,
85,69,i,1,5.04582678585244,5.40780748387603,i,1,5.04582678585244,5.40780748387603,
85,70,iv,2,4.44893493864514,5.28631663594942,iv,2,4.44893493864514,5.28631663594942,
,,,,,,,,,,
86,60,ii,3,3.12332133618508,4.96125786289468,ii,3,3.12332133618508,4.96125786289468,
86,61,I,4,4.06648165628245,4.79205003277203,I,4,4.06648165628245,4.79205003277203,
86,62,#IV,5,7.04988607715519,4.69930341512554,#IV,5,7.04988607715519,4.69930341512554,
86,63,VII,2,5.86348521659191,3.19091740638423,VII,2,5.86348521659191,3.19091740638423,
86,64,-iii,2,6.18311163009071,4.45248520163112,-iii,2,6.18311163009071,4.45248520163112,
86,65,-iii,2,6.98610868287465,4.6330856208257,#IV,2,6.9637408698462,4.6330856208257,0.0223678130284544
86,66,-vi,1,6.59233448937751,5.40396119496012,-vi,1,6.72421828845889,5.26832602886992,
86,67,#IV,1,6.60402569114554,5.18655150239105,#IV,1,6.60402569114554,5.18655150239105,
86,68,v,1,6.40702811257819,5.26832602886992,v,1,6.40702811257819,5.26832602886992,
86,69,i,1,5.04582678585244,5.40780748387603,i,1,5.04582678585244,5.40780748387603,
86,70,iv,2,4.44893493864514,5.28631663594942,iv,2,4.44893493864514,5.28631663594942,
,,,,,,,,,,
87,62,#IV,5,7.04988607715519,4.69930341512554,#IV,5,7.04988607715519,4.69930341512554,
87,63,VII,2,5.86348521659191,3.19091740638423,VII,2,5.86348521659191,3.19091740638423,
87,64,-iii,2,6.18311163009071,4.45248520163112,-iii,2,6.18311163009071,4.45248520163112,
87,65,-iii,2,6.98610868287465,4.6330856208257,-iii,2,6.98610868287465,4.6330856208257,
87,66,-vi,1,6.59233448937751,5.40396119496012,-vi,1,6.59233448937751,5.40396119496012,
87,67,#IV,1,6.60402569114554,5.18655150239105,-iii,1,6.626393504174,5.18655150239105,0.0223678130284544
87,68,v,1,6.40702811257819,5.26832602886992,v,1,6.27514431349681,5.40396119496012,
87,69,i,1,5.04582678585244,5.40780748387603,i,1,5.04582678585244,5.40780748387603,
87,70,iv,2,4.44893493864514,5.28631663594942,iv,2,4.44893493864514,5.28631663594942,
87,71,-III,3,3.78247959356285,5.1053219814982,-III,3,3.78247959356285,5.1053219814982,
87,72,-iii,4,7.2706672863486,4.79876121807827,-iii,4,7.2706672863486,4.79876121807827,
,,,,,,,,,,
88,70,iv,2,4.44893493864514,5.28631663594942,iv,2,4.44893493864514,5.28631663594942,
88,71,-III,3,3.78247959356285,5.1053219814982,-III,3,3.78247959356285,5.1053219814982,
88,72,-iii,4,7.2706672863486,4.79876121807827,-iii,4,7.2706672863486,4.79876121807827,
88,73,-II,1,6.39378880999543,5.40396119496012,-II,1,6.39378880999543,5.40396119496012,
88,74,-II,1,5.00540633624959,5.44048428464702,-II,1,5.00540633624959,5.44048428464702,
88,75,-iii,2,6.7766771965543,5.16831836386541,#IV,2,6.75430938352584,5.16831836386541,0.0223678130284544
88,76,iv,1,6.18322182405577,5.40396119496012,iv,1,6.31510562313715,5.26832602886992,
88,77,v,1,5.03569244506737,5.45298253750334,v,1,5.03569244506737,5.45298253750334,
88,78,i,2,4.12906689482177,5.18762847529485,i,2,4.12906689482177,5.18762847529485,
88,79,iv,3,3.69985452108245,4.82022148031579,iv,3,3.69985452108245,4.82022148031579,
88,80,-III,4,4.33470413158456,4.148277617094,-III,4,4.33470413158456,4.148277617094,
,,,,,,,,,,
89,79,iv,3,3.69985452108245,4.82022148031579,iv,3,3.69985452108245,4.82022148031579,
89,80,-III,4,4.33470413158456,4.148277617094,-III,4,4.33470413158456,4.148277617094,
89,81,-iii,4,7.2706672863486,4.79876121807827,-iii,4,7.2706672863486,4.79876121807827,
89,82,-II,1,6.39378880999543,5.40396119496012,-II,1,6.39378880999543,5.40396119496012,
89,83,-II,1,5.00540633624959,5.44048428464702,-II,1,5.00540633624959,5.44048428464702,
89,84,-iii,2,6.7766771965543,5.16831836386541,#IV,2,6.75430938352584,5.16831836386541,0.0223678130284544
89,85,iv,1,6.18322182405577,5.40396119496012,iv,1,6.31510562313715,5.26832602886992,
89,86,#IV,1,6.4609038285878,5.45298253750334,#IV,1,6.4609038285878,5.45298253750334,
89,87,-vi,1,6.72421828845889,5.26832602886992,-vi,1,6.72421828845889,5.26832602886992,
89,88,-vii,1,4.00068466110953,5.18655150239105,-vii,1,4.00068466110953,5.18655150239105,
89,89,i,2,5.08527498042575,4.93666262653595,i,2,5.08527498042575,4.93666262653595,
,,,,,,,,,,
90,89,i,2,5.08527498042575,4.93666262653595,i,2,5.08527498042575,4.93666262653595,
90,90,iv,2,3.27745556605902,4.97469682440288,iv,2,3.27745556605902,4.97469682440288,
90,91,-vii,3,6.89085088417614,4.81247574766958,-vii,3,6.89085088417614,4.81247574766958,
90,92,-VI,2,5.45704502580042,4.72483603609195,-VI,2,5.45704502580042,4.72483603609195,
90,93,-vi,2,6.3383993290159,5.16499410827579,-vi,2,6.3383993290159,5.16499410827579,
90,94,#IV,2,7.15255786947222,4.36051564243597,-iii,2,7.17492568250068,4.36051564243597,0.0223678130284544
90,95,#IV,1,4.74720653884321,5.26832602886992,#IV,1,6.50070401391194,5.40396119496012,
90,96,-vi,2,7.18908383683268,4.41656597700969,-vi,1,6.72421828845889,5.26832602886992,
90,97,-vii,1,4.00068466110953,5.18655150239105,-vii,1,4.00068466110953,5.18655150239105,
90,98,i,2,5.08527498042575,4.93666262653595,i,2,5.08527498042575,4.93666262653595,
90,99,iv,2,3.27745556605902,4.97469682440288,iv,2,3.27745556605902,4.97469682440288,
,,,,,,,,,,
91,152,i,2,5.08527498042575,4.93666262653595,i,2,5.08527498042575,4.93666262653595,
91,153,iv,2,3.27745556605902,4.97469682440288,iv,2,3.27745556605902,4.97469682440288,
91,154,-vii,3,6.89085088417614,4.81247574766958,-vii,3,6.89085088417614,4.81247574766958,
91,155,-VI,2,5.45704502580042,4.72483603609195,-VI,2,5.45704502580042,4.72483603609195,
91,156,-vi,2,6.3383993290159,5.16499410827579,-vi,2,6.3383993290159,5.16499410827579,
91,157,#IV,2,7.15255786947222,4.36051564243597,-iii,2,7.17492568250068,4.36051564243597,0.0223678130284544
91,158,#IV,1,4.74720653884321,5.26832602886992,#IV,1,6.50070401391194,5.40396119496012,
91,159,-vi,2,7.18908383683268,4.41656597700969,-vi,1,6.72421828845889,5.26832602886992,
91,160,-vii,1,4.00068466110953,5.18655150239105,-vii,1,4.00068466110953,5.18655150239105,
91,161,i,2,5.08527498042575,4.93666262653595,i,2,5.08527498042575,4.93666262653595,
91,162,r,2,3.1525055960188,4.97469682440288,r,2,3.1525055960188,4.97469682440288,
,,,,,,,,,,
92,60,ii,3,3.12332133618508,4.96125786289468,ii,3,3.12332133618508,4.96125786289468,
92,61,I,4,4.06648165628245,4.79205003277203,I,4,4.06648165628245,4.79205003277203,
92,62,#IV,5,7.04988607715519,4.69930341512554,#IV,5,7.04988607715519,4.69930341512554,
92,63,VII,2,5.86348521659191,3.19091740638423,VII,2,5.86348521659191,3.19091740638423,
92,64,-iii,2,6.18311163009071,4.45248520163112,-iii,2,6.18311163009071,4.45248520163112,
92,65,-iii,2,6.98610868287465,4.6330856208257,#I,2,7.00882875937474,4.6330856208257,0.0227200765000841
92,66,-vi,1,6.59233448937751,5.40396119496012,-vi,1,6.78839475323511,5.15363165895153,
92,67,#IV,1,6.60402569114554,5.18655150239105,#IV,1,6.60402569114554,5.18655150239105,
92,68,v,1,6.40702811257819,5.26832602886992,v,1,6.40702811257819,5.26832602886992,
92,69,i,1,5.04582678585244,5.40780748387603,i,1,5.04582678585244,5.40780748387603,
92,70,iv,2,4.44893493864514,5.28631663594942,iv,2,4.44893493864514,5.28631663594942,
,,,,,,,,,,
93,60,ii,3,3.12332133618508,4.96125786289468,ii,3,3.12332133618508,4.96125786289468,
93,61,I,4,4.06648165628245,4.79205003277203,I,4,4.06648165628245,4.79205003277203,
93,62,#IV,5,7.04988607715519,4.69930341512554,#IV,5,7.04988607715519,4.69930341512554,
93,63,VII,2,5.86348521659191,3.19091740638423,VII,2,5.86348521659191,3.19091740638423,
93,64,-iii,2,6.18311163009071,4.45248520163112,-iii,2,6.18311163009071,4.45248520163112,
93,65,-iii,2,6.98610868287465,4.6330856208257,iiio,2,7.00882875937474,4.6330856208257,0.0227200765000841
93,66,-vi,1,6.59233448937751,5.40396119496012,-vi,1,6.82679157278503,4.95146488275273,
93,67,#IV,1,6.60402569114554,5.18655150239105,#IV,1,6.60402569114554,5.18655150239105,
93,68,v,1,6.40702811257819,5.26832602886992,v,1,6.40702811257819,5.26832602886992,
93,69,i,1,5.04582678585244,5.40780748387603,i,1,5.04582678585244,5.40780748387603,
93,70,iv,2,4.44893493864514,5.28631663594942,iv,2,4.44893493864514,5.28631663594942,
,,,,,,,,,,
94,60,ii,3,3.12332133618508,4.96125786289468,ii,3,3.12332133618508,4.96125786289468,
94,61,I,4,4.06648165628245,4.79205003277203,I,4,4.06648165628245,4.79205003277203,
94,62,#IV,5,7.04988607715519,4.69930341512554,#IV,5,7.04988607715519,4.69930341512554,
94,63,VII,2,5.86348521659191,3.19091740638423,VII,2,5.86348521659191,3.19091740638423,
94,64,-iii,2,6.18311163009071,4.45248520163112,-iii,2,6.18311163009071,4.45248520163112,
94,65,-iii,2,6.98610868287465,4.6330856208257,#iv,2,7.00882875937474,4.6330856208257,0.0227200765000841
94,66,-vi,1,6.59233448937751,5.40396119496012,-vi,1,6.7689435523467,5.10526702470052,
94,67,#IV,1,6.60402569114554,5.18655150239105,#IV,1,6.60402569114554,5.18655150239105,
94,68,v,1,6.40702811257819,5.26832602886992,v,1,6.40702811257819,5.26832602886992,
94,69,i,1,5.04582678585244,5.40780748387603,i,1,5.04582678585244,5.40780748387603,
94,70,iv,2,4.44893493864514,5.28631663594942,iv,2,4.44893493864514,5.28631663594942,
,,,,,,,,,,
95,60,ii,3,3.12332133618508,4.96125786289468,ii,3,3.12332133618508,4.96125786289468,
95,61,I,4,4.06648165628245,4.79205003277203,I,4,4.06648165628245,4.79205003277203,
95,62,#IV,5,7.04988607715519,4.69930341512554,#IV,5,7.04988607715519,4.69930341512554,
95,63,VII,2,5.86348521659191,3.19091740638423,VII,2,5.86348521659191,3.19091740638423,
95,64,-iii,2,6.18311163009071,4.45248520163112,-iii,2,6.18311163009071,4.45248520163112,
95,65,-iii,2,6.98610868287465,4.6330856208257,ivo,2,7.00882875937474,4.6330856208257,0.0227200765000841
95,66,-vi,1,6.59233448937751,5.40396119496012,-vi,1,6.54339108074994,5.20230995295034,
95,67,#IV,1,6.60402569114554,5.18655150239105,#IV,1,6.60402569114554,5.18655150239105,
95,68,v,1,6.40702811257819,5.26832602886992,v,1,6.40702811257819,5.26832602886992,
95,69,i,1,5.04582678585244,5.40780748387603,i,1,5.04582678585244,5.40780748387603,
95,70,iv,2,4.44893493864514,5.28631663594942,iv,2,4.44893493864514,5.28631663594942,
,,,,,,,,,,
96,67,#IV,1,6.60402569114554,5.18655150239105,#IV,1,6.60402569114554,5.18655150239105,
96,68,v,1,6.40702811257819,5.26832602886992,v,1,6.40702811257819,5.26832602886992,
96,69,i,1,5.04582678585244,5.40780748387603,i,1,5.04582678585244,5.40780748387603,
96,70,iv,2,4.44893493864514,5.28631663594942,iv,2,4.44893493864514,5.28631663594942,
96,71,-III,3,3.78247959356285,5.1053219814982,-III,3,3.78247959356285,5.1053219814982,
96,72,-iii,4,7.2706672863486,4.79876121807827,#I,4,7.29338736284868,4.79876121807827,0.0227200765000841
96,73,-II,1,6.39378880999543,5.40396119496012,-II,1,6.58984907385303,5.15363165895153,
96,74,-II,1,5.00540633624959,5.44048428464702,-II,1,5.00540633624959,5.44048428464702,
96,75,-iii,2,6.7766771965543,5.16831836386541,-iii,2,6.7766771965543,5.16831836386541,
96,76,iv,1,6.18322182405577,5.40396119496012,iv,1,6.18322182405577,5.40396119496012,
96,77,v,1,5.03569244506737,5.45298253750334,v,1,5.03569244506737,5.45298253750334,
,,,,,,,,,,
97,67,#IV,1,6.60402569114554,5.18655150239105,#IV,1,6.60402569114554,5.18655150239105,
97,68,v,1,6.40702811257819,5.26832602886992,v,1,6.40702811257819,5.26832602886992,
97,69,i,1,5.04582678585244,5.40780748387603,i,1,5.04582678585244,5.40780748387603,
97,70,iv,2,4.44893493864514,5.28631663594942,iv,2,4.44893493864514,5.28631663594942,
97,71,-III,3,3.78247959356285,5.1053219814982,-III,3,3.78247959356285,5.1053219814982,
97,72,-iii,4,7.2706672863486,4.79876121807827,#iv,4,7.29338736284868,4.79876121807827,0.0227200765000841
97,73,-II,1,6.39378880999543,5.40396119496012,-II,1,6.57039787296462,5.10526702470052,
97,74,-II,1,5.00540633624959,5.44048428464702,-II,1,5.00540633624959,5.44048428464702,
97,75,-iii,2,6.7766771965543,5.16831836386541,-iii,2,6.7766771965543,5.16831836386541,
97,76,iv,1,6.18322182405577,5.40396119496012,iv,1,6.18322182405577,5.40396119496012,
97,77,v,1,5.03569244506737,5.45298253750334,v,1,5.03569244506737,5.45298253750334,
,,,,,,,,,,
98,67,#IV,1,6.60402569114554,5.18655150239105,#IV,1,6.60402569114554,5.18655150239105,
98,68,v,1,6.40702811257819,5.26832602886992,v,1,6.40702811257819,5.26832602886992,
98,69,i,1,5.04582678585244,5.40780748387603,i,1,5.04582678585244,5.40780748387603,
98,70,iv,2,4.44893493864514,5.28631663594942,iv,2,4.44893493864514,5.28631663594942,
98,71,-III,3,3.78247959356285,5.1053219814982,-III,3,3.78247959356285,5.1053219814982,
98,72,-iii,4,7.2706672863486,4.79876121807827,ivo,4,7.29338736284868,4.79876121807827,0.0227200765000841
98,73,-II,1,6.39378880999543,5.40396119496012,-II,1,6.34484540136785,5.20230995295034,
98,74,-II,1,5.00540633624959,5.44048428464702,-II,1,5.00540633624959,5.44048428464702,
98,75,-iii,2,6.7766771965543,5.16831836386541,-iii,2,6.7766771965543,5.16831836386541,
98,76,iv,1,6.18322182405577,5.40396119496012,iv,1,6.18322182405577,5.40396119496012,
98,77,v,1,5.03569244506737,5.45298253750334,v,1,5.03569244506737,5.45298253750334,
,,,,,,,,,,
99,70,iv,2,4.44893493864514,5.28631663594942,iv,2,4.44893493864514,5.28631663594942,
99,71,-III,3,3.78247959356285,5.1053219814982,-III,3,3.78247959356285,5.1053219814982,
99,72,-iii,4,7.2706672863486,4.79876121807827,-iii,4,7.2706672863486,4.79876121807827,
99,73,-II,1,6.39378880999543,5.40396119496012,-II,1,6.39378880999543,5.40396119496012,
99,74,-II,1,5.00540633624959,5.44048428464702,-II,1,5.00540633624959,5.44048428464702,
99,75,-iii,2,6.7766771965543,5.16831836386541,#I,2,6.79939727305438,5.16831836386541,0.0227200765000841
99,76,iv,1,6.18322182405577,5.40396119496012,iv,1,6.37928208791337,5.15363165895153,
99,77,v,1,5.03569244506737,5.45298253750334,v,1,5.03569244506737,5.45298253750334,
99,78,i,2,4.12906689482177,5.18762847529485,i,2,4.12906689482177,5.18762847529485,
99,79,iv,3,3.69985452108245,4.82022148031579,iv,3,3.69985452108245,4.82022148031579,
99,80,-III,4,4.33470413158456,4.148277617094,-III,4,4.33470413158456,4.148277617094,
,,,,,,,,,,
100,70,iv,2,4.44893493864514,5.28631663594942,iv,2,4.44893493864514,5.28631663594942,
100,71,-III,3,3.78247959356285,5.1053219814982,-III,3,3.78247959356285,5.1053219814982,
100,72,-iii,4,7.2706672863486,4.79876121807827,-iii,4,7.2706672863486,4.79876121807827,
100,73,-II,1,6.39378880999543,5.40396119496012,-II,1,6.39378880999543,5.40396119496012,
100,74,-II,1,5.00540633624959,5.44048428464702,-II,1,5.00540633624959,5.44048428464702,
100,75,-iii,2,6.7766771965543,5.16831836386541,iiio,2,6.79939727305438,5.16831836386541,0.0227200765000841
100,76,iv,1,6.18322182405577,5.40396119496012,iv,1,6.41767890746329,4.95146488275273,
100,77,v,1,5.03569244506737,5.45298253750334,v,1,5.03569244506737,5.45298253750334,
100,78,i,2,4.12906689482177,5.18762847529485,i,2,4.12906689482177,5.18762847529485,
100,79,iv,3,3.69985452108245,4.82022148031579,iv,3,3.69985452108245,4.82022148031579,
100,80,-III,4,4.33470413158456,4.148277617094,-III,4,4.33470413158456,4.148277617094,
,,,,,,,,,,
101,70,iv,2,4.44893493864514,5.28631663594942,iv,2,4.44893493864514,5.28631663594942,
101,71,-III,3,3.78247959356285,5.1053219814982,-III,3,3.78247959356285,5.1053219814982,
101,72,-iii,4,7.2706672863486,4.79876121807827,-iii,4,7.2706672863486,4.79876121807827,
101,73,-II,1,6.39378880999543,5.40396119496012,-II,1,6.39378880999543,5.40396119496012,
101,74,-II,1,5.00540633624959,5.44048428464702,-II,1,5.00540633624959,5.44048428464702,
101,75,-iii,2,6.7766771965543,5.16831836386541,#iv,2,6.79939727305438,5.16831836386541,0.0227200765000841
101,76,iv,1,6.18322182405577,5.40396119496012,iv,1,6.35983088702496,5.10526702470052,
101,77,v,1,5.03569244506737,5.45298253750334,v,1,5.03569244506737,5.45298253750334,
101,78,i,2,4.12906689482177,5.18762847529485,i,2,4.12906689482177,5.18762847529485,
101,79,iv,3,3.69985452108245,4.82022148031579,iv,3,3.69985452108245,4.82022148031579,
101,80,-III,4,4.33470413158456,4.148277617094,-III,4,4.33470413158456,4.148277617094,
,,,,,,,,,,
102,70,iv,2,4.44893493864514,5.28631663594942,iv,2,4.44893493864514,5.28631663594942,
102,71,-III,3,3.78247959356285,5.1053219814982,-III,3,3.78247959356285,5.1053219814982,
102,72,-iii,4,7.2706672863486,4.79876121807827,-iii,4,7.2706672863486,4.79876121807827,
102,73,-II,1,6.39378880999543,5.40396119496012,-II,1,6.39378880999543,5.40396119496012,
102,74,-II,1,5.00540633624959,5.44048428464702,-II,1,5.00540633624959,5.44048428464702,
102,75,-iii,2,6.7766771965543,5.16831836386541,ivo,2,6.79939727305438,5.16831836386541,0.0227200765000841
102,76,iv,1,6.18322182405577,5.40396119496012,iv,1,6.1342784154282,5.20230995295034,
102,77,v,1,5.03569244506737,5.45298253750334,v,1,5.03569244506737,5.45298253750334,
102,78,i,2,4.12906689482177,5.18762847529485,i,2,4.12906689482177,5.18762847529485,
102,79,iv,3,3.69985452108245,4.82022148031579,iv,3,3.69985452108245,4.82022148031579,
102,80,-III,4,4.33470413158456,4.148277617094,-III,4,4.33470413158456,4.148277617094,
,,,,,,,,,,
103,76,iv,1,6.18322182405577,5.40396119496012,iv,1,6.18322182405577,5.40396119496012,
103,77,v,1,5.03569244506737,5.45298253750334,v,1,5.03569244506737,5.45298253750334,
103,78,i,2,4.12906689482177,5.18762847529485,i,2,4.12906689482177,5.18762847529485,
103,79,iv,3,3.69985452108245,4.82022148031579,iv,3,3.69985452108245,4.82022148031579,
103,80,-III,4,4.33470413158456,4.148277617094,-III,4,4.33470413158456,4.148277617094,
103,81,-iii,4,7.2706672863486,4.79876121807827,#I,4,7.29338736284868,4.79876121807827,0.0227200765000841
103,82,-II,1,6.39378880999543,5.40396119496012,-II,1,6.58984907385303,5.15363165895153,
103,83,-II,1,5.00540633624959,5.44048428464702,-II,1,5.00540633624959,5.44048428464702,
103,84,-iii,2,6.7766771965543,5.16831836386541,-iii,2,6.7766771965543,5.16831836386541,
103,85,iv,1,6.18322182405577,5.40396119496012,iv,1,6.18322182405577,5.40396119496012,
103,86,#IV,1,6.4609038285878,5.45298253750334,#IV,1,6.4609038285878,5.45298253750334,
,,,,,,,,,,
104,76,iv,1,6.18322182405577,5.40396119496012,iv,1,6.18322182405577,5.40396119496012,
104,77,v,1,5.03569244506737,5.45298253750334,v,1,5.03569244506737,5.45298253750334,
104,78,i,2,4.12906689482177,5.18762847529485,i,2,4.12906689482177,5.18762847529485,
104,79,iv,3,3.69985452108245,4.82022148031579,iv,3,3.69985452108245,4.82022148031579,
104,80,-III,4,4.33470413158456,4.148277617094,-III,4,4.33470413158456,4.148277617094,
104,81,-iii,4,7.2706672863486,4.79876121807827,#iv,4,7.29338736284868,4.79876121807827,0.0227200765000841
104,82,-II,1,6.39378880999543,5.40396119496012,-II,1,6.57039787296462,5.10526702470052,
104,83,-II,1,5.00540633624959,5.44048428464702,-II,1,5.00540633624959,5.44048428464702,
104,84,-iii,2,6.7766771965543,5.16831836386541,-iii,2,6.7766771965543,5.16831836386541,
104,85,iv,1,6.18322182405577,5.40396119496012,iv,1,6.18322182405577,5.40396119496012,
104,86,#IV,1,6.4609038285878,5.45298253750334,#IV,1,6.4609038285878,5.45298253750334,
,,,,,,,,,,
105,76,iv,1,6.18322182405577,5.40396119496012,iv,1,6.18322182405577,5.40396119496012,
105,77,v,1,5.03569244506737,5.45298253750334,v,1,5.03569244506737,5.45298253750334,
105,78,i,2,4.12906689482177,5.18762847529485,i,2,4.12906689482177,5.18762847529485,
105,79,iv,3,3.69985452108245,4.82022148031579,iv,3,3.69985452108245,4.82022148031579,
105,80,-III,4,4.33470413158456,4.148277617094,-III,4,4.33470413158456,4.148277617094,
105,81,-iii,4,7.2706672863486,4.79876121807827,ivo,4,7.29338736284868,4.79876121807827,0.0227200765000841
105,82,-II,1,6.39378880999543,5.40396119496012,-II,1,6.34484540136785,5.20230995295034,
105,83,-II,1,5.00540633624959,5.44048428464702,-II,1,5.00540633624959,5.44048428464702,
105,84,-iii,2,6.7766771965543,5.16831836386541,-iii,2,6.7766771965543,5.16831836386541,
105,85,iv,1,6.18322182405577,5.40396119496012,iv,1,6.18322182405577,5.40396119496012,
105,86,#IV,1,6.4609038285878,5.45298253750334,#IV,1,6.4609038285878,5.45298253750334,
,,,,,,,,,,
106,79,iv,3,3.69985452108245,4.82022148031579,iv,3,3.69985452108245,4.82022148031579,
106,80,-III,4,4.33470413158456,4.148277617094,-III,4,4.33470413158456,4.148277617094,
106,81,-iii,4,7.2706672863486,4.79876121807827,-iii,4,7.2706672863486,4.79876121807827,
106,82,-II,1,6.39378880999543,5.40396119496012,-II,1,6.39378880999543,5.40396119496012,
106,83,-II,1,5.00540633624959,5.44048428464702,-II,1,5.00540633624959,5.44048428464702,
106,84,-iii,2,6.7766771965543,5.16831836386541,#I,2,6.79939727305438,5.16831836386541,0.0227200765000841
106,85,iv,1,6.18322182405577,5.40396119496012,iv,1,6.37928208791337,5.15363165895153,
106,86,#IV,1,6.4609038285878,5.45298253750334,#IV,1,6.4609038285878,5.45298253750334,
106,87,-vi,1,6.72421828845889,5.26832602886992,-vi,1,6.72421828845889,5.26832602886992,
106,88,-vii,1,4.00068466110953,5.18655150239105,-vii,1,4.00068466110953,5.18655150239105,
106,89,i,2,5.08527498042575,4.93666262653595,i,2,5.08527498042575,4.93666262653595,
,,,,,,,,,,
107,79,iv,3,3.69985452108245,4.82022148031579,iv,3,3.69985452108245,4.82022148031579,
107,80,-III,4,4.33470413158456,4.148277617094,-III,4,4.33470413158456,4.148277617094,
107,81,-iii,4,7.2706672863486,4.79876121807827,-iii,4,7.2706672863486,4.79876121807827,
107,82,-II,1,6.39378880999543,5.40396119496012,-II,1,6.39378880999543,5.40396119496012,
107,83,-II,1,5.00540633624959,5.44048428464702,-II,1,5.00540633624959,5.44048428464702,
107,84,-iii,2,6.7766771965543,5.16831836386541,iiio,2,6.79939727305438,5.16831836386541,0.0227200765000841
107,85,iv,1,6.18322182405577,5.40396119496012,iv,1,6.41767890746329,4.95146488275273,
107,86,#IV,1,6.4609038285878,5.45298253750334,#IV,1,6.4609038285878,5.45298253750334,
107,87,-vi,1,6.72421828845889,5.26832602886992,-vi,1,6.72421828845889,5.26832602886992,
107,88,-vii,1,4.00068466110953,5.18655150239105,-vii,1,4.00068466110953,5.18655150239105,
107,89,i,2,5.08527498042575,4.93666262653595,i,2,5.08527498042575,4.93666262653595,
,,,,,,,,,,
108,79,iv,3,3.69985452108245,4.82022148031579,iv,3,3.69985452108245,4.82022148031579,
108,80,-III,4,4.33470413158456,4.148277617094,-III,4,4.33470413158456,4.148277617094,
108,81,-iii,4,7.2706672863486,4.79876121807827,-iii,4,7.2706672863486,4.79876121807827,
108,82,-II,1,6.39378880999543,5.40396119496012,-II,1,6.39378880999543,5.40396119496012,
108,83,-II,1,5.00540633624959,5.44048428464702,-II,1,5.00540633624959,5.44048428464702,
108,84,-iii,2,6.7766771965543,5.16831836386541,#iv,2,6.79939727305438,5.16831836386541,0.0227200765000841
108,85,iv,1,6.18322182405577,5.40396119496012,iv,1,6.35983088702496,5.10526702470052,
108,86,#IV,1,6.4609038285878,5.45298253750334,#IV,1,6.4609038285878,5.45298253750334,
108,87,-vi,1,6.72421828845889,5.26832602886992,-vi,1,6.72421828845889,5.26832602886992,
108,88,-vii,1,4.00068466110953,5.18655150239105,-vii,1,4.00068466110953,5.18655150239105,
108,89,i,2,5.08527498042575,4.93666262653595,i,2,5.08527498042575,4.93666262653595,
,,,,,,,,,,
109,79,iv,3,3.69985452108245,4.82022148031579,iv,3,3.69985452108245,4.82022148031579,
109,80,-III,4,4.33470413158456,4.148277617094,-III,4,4.33470413158456,4.148277617094,
109,81,-iii,4,7.2706672863486,4.79876121807827,-iii,4,7.2706672863486,4.79876121807827,
109,82,-II,1,6.39378880999543,5.40396119496012,-II,1,6.39378880999543,5.40396119496012,
109,83,-II,1,5.00540633624959,5.44048428464702,-II,1,5.00540633624959,5.44048428464702,
109,84,-iii,2,6.7766771965543,5.16831836386541,ivo,2,6.79939727305438,5.16831836386541,0.0227200765000841
109,85,iv,1,6.18322182405577,5.40396119496012,iv,1,6.1342784154282,5.20230995295034,
109,86,#IV,1,6.4609038285878,5.45298253750334,#IV,1,6.4609038285878,5.45298253750334,
109,87,-vi,1,6.72421828845889,5.26832602886992,-vi,1,6.72421828845889,5.26832602886992,
109,88,-vii,1,4.00068466110953,5.18655150239105,-vii,1,4.00068466110953,5.18655150239105,
109,89,i,2,5.08527498042575,4.93666262653595,i,2,5.08527498042575,4.93666262653595,
,,,,,,,,,,
110,82,-II,1,6.39378880999543,5.40396119496012,-II,1,6.39378880999543,5.40396119496012,
110,83,-II,1,5.00540633624959,5.44048428464702,-II,1,5.00540633624959,5.44048428464702,
110,84,-iii,2,6.7766771965543,5.16831836386541,-iii,2,6.7766771965543,5.16831836386541,
110,85,iv,1,6.18322182405577,5.40396119496012,iv,1,6.18322182405577,5.40396119496012,
110,86,#IV,1,6.4609038285878,5.45298253750334,#IV,1,6.4609038285878,5.45298253750334,
110,87,-vi,1,6.72421828845889,5.26832602886992,-iiio,1,6.7007593156349,5.26832602886992,0.0234589728239882
110,88,-vii,1,4.00068466110953,5.18655150239105,-vii,1,6.70043971814109,4.81519056837249,
110,89,i,2,5.08527498042575,4.93666262653595,i,1,4.76449095393286,5.38946768503422,
110,90,iv,2,3.27745556605902,4.97469682440288,iv,2,3.27745556605902,4.97469682440288,
110,91,-vii,3,6.89085088417614,4.81247574766958,-vii,3,6.89085088417614,4.81247574766958,
110,92,-VI,2,5.45704502580042,4.72483603609195,-VI,2,5.45704502580042,4.72483603609195,
,,,,,,,,,,
111,82,-II,1,6.39378880999543,5.40396119496012,-II,1,6.39378880999543,5.40396119496012,
111,83,-II,1,5.00540633624959,5.44048428464702,-II,1,5.00540633624959,5.44048428464702,
111,84,-iii,2,6.7766771965543,5.16831836386541,-iii,2,6.7766771965543,5.16831836386541,
111,85,iv,1,6.18322182405577,5.40396119496012,iv,1,6.18322182405577,5.40396119496012,
111,86,#IV,1,6.4609038285878,5.45298253750334,#IV,1,6.4609038285878,5.45298253750334,
111,87,-vi,1,6.72421828845889,5.26832602886992,-viio,1,6.7007593156349,5.26832602886992,0.0234589728239882
111,88,-vii,1,4.00068466110953,5.18655150239105,-vii,1,6.42194458665332,5.33052930106392,
111,89,i,2,5.08527498042575,4.93666262653595,i,1,4.76449095393286,5.38946768503422,
111,90,iv,2,3.27745556605902,4.97469682440288,iv,2,3.27745556605902,4.97469682440288,
111,91,-vii,3,6.89085088417614,4.81247574766958,-vii,3,6.89085088417614,4.81247574766958,
111,92,-VI,2,5.45704502580042,4.72483603609195,-VI,2,5.45704502580042,4.72483603609195,
,,,,,,,,,,
112,82,-II,1,6.39378880999543,5.40396119496012,-II,1,6.39378880999543,5.40396119496012,
112,83,-II,1,5.00540633624959,5.44048428464702,-II,1,5.00540633624959,5.44048428464702,
112,84,-iii,2,6.7766771965543,5.16831836386541,-iii,2,6.7766771965543,5.16831836386541,
112,85,iv,1,6.18322182405577,5.40396119496012,iv,1,6.18322182405577,5.40396119496012,
112,86,#IV,1,6.4609038285878,5.45298253750334,#IV,1,6.4609038285878,5.45298253750334,
112,87,-vi,1,6.72421828845889,5.26832602886992,-vio,1,6.7007593156349,5.26832602886992,0.0234589728239882
112,88,-vii,1,4.00068466110953,5.18655150239105,-vii,1,6.49539822484397,5.18671151421705,
112,89,i,2,5.08527498042575,4.93666262653595,i,1,4.76449095393286,5.38946768503422,
112,90,iv,2,3.27745556605902,4.97469682440288,iv,2,3.27745556605902,4.97469682440288,
112,91,-vii,3,6.89085088417614,4.81247574766958,-vii,3,6.89085088417614,4.81247574766958,
112,92,-VI,2,5.45704502580042,4.72483603609195,-VI,2,5.45704502580042,4.72483603609195,
,,,,,,,,,,
113,91,-vii,3,6.89085088417614,4.81247574766958,-vii,3,6.89085088417614,4.81247574766958,
113,92,-VI,2,5.45704502580042,4.72483603609195,-VI,2,5.45704502580042,4.72483603609195,
113,93,-vi,2,6.3383993290159,5.16499410827579,-vi,2,6.3383993290159,5.16499410827579,
113,94,#IV,2,7.15255786947222,4.36051564243597,#IV,2,7.15255786947222,4.36051564243597,
113,95,#IV,1,4.74720653884321,5.26832602886992,#IV,1,4.74720653884321,5.26832602886992,
113,96,-vi,2,7.18908383683268,4.41656597700969,-iiio,2,7.16562486400869,4.41656597700969,0.0234589728239882
113,97,-vii,1,4.00068466110953,5.18655150239105,-vii,1,6.70043971814109,4.81519056837249,
113,98,i,2,5.08527498042575,4.93666262653595,i,1,4.76449095393286,5.38946768503422,
113,99,iv,2,3.27745556605902,4.97469682440288,iv,2,3.27745556605902,4.97469682440288,
113,100,-vii,3,6.89085088417614,4.81247574766958,-vii,3,6.89085088417614,4.81247574766958,
113,101,-VI,2,5.45704502580042,4.72483603609195,-VI,2,5.45704502580042,4.72483603609195,
,,,,,,,,,,
114,91,-vii,3,6.89085088417614,4.81247574766958,-vii,3,6.89085088417614,4.81247574766958,
114,92,-VI,2,5.45704502580042,4.72483603609195,-VI,2,5.45704502580042,4.72483603609195,
114,93,-vi,2,6.3383993290159,5.16499410827579,-vi,2,6.3383993290159,5.16499410827579,
114,94,#IV,2,7.15255786947222,4.36051564243597,#IV,2,7.15255786947222,4.36051564243597,
114,95,#IV,1,4.74720653884321,5.26832602886992,#IV,1,4.74720653884321,5.26832602886992,
114,96,-vi,2,7.18908383683268,4.41656597700969,-viio,2,7.16562486400869,4.41656597700969,0.0234589728239882
114,97,-vii,1,4.00068466110953,5.18655150239105,-vii,1,6.42194458665332,5.33052930106392,
114,98,i,2,5.08527498042575,4.93666262653595,i,1,4.76449095393286,5.38946768503422,
114,99,iv,2,3.27745556605902,4.97469682440288,iv,2,3.27745556605902,4.97469682440288,
114,100,-vii,3,6.89085088417614,4.81247574766958,-vii,3,6.89085088417614,4.81247574766958,
114,101,-VI,2,5.45704502580042,4.72483603609195,-VI,2,5.45704502580042,4.72483603609195,
,,,,,,,,,,
115,91,-vii,3,6.89085088417614,4.81247574766958,-vii,3,6.89085088417614,4.81247574766958,
115,92,-VI,2,5.45704502580042,4.72483603609195,-VI,2,5.45704502580042,4.72483603609195,
115,93,-vi,2,6.3383993290159,5.16499410827579,-vi,2,6.3383993290159,5.16499410827579,
115,94,#IV,2,7.15255786947222,4.36051564243597,#IV,2,7.15255786947222,4.36051564243597,
115,95,#IV,1,4.74720653884321,5.26832602886992,#IV,1,4.74720653884321,5.26832602886992,
115,96,-vi,2,7.18908383683268,4.41656597700969,-vio,2,7.16562486400869,4.41656597700969,0.0234589728239882
115,97,-vii,1,4.00068466110953,5.18655150239105,-vii,1,6.49539822484397,5.18671151421705,
115,98,i,2,5.08527498042575,4.93666262653595,i,1,4.76449095393286,5.38946768503422,
115,99,iv,2,3.27745556605902,4.97469682440288,iv,2,3.27745556605902,4.97469682440288,
115,100,-vii,3,6.89085088417614,4.81247574766958,-vii,3,6.89085088417614,4.81247574766958,
115,101,-VI,2,5.45704502580042,4.72483603609195,-VI,2,5.45704502580042,4.72483603609195,
,,,,,,,,,,
116,154,-vii,3,6.89085088417614,4.81247574766958,-vii,3,6.89085088417614,4.81247574766958,
116,155,-VI,2,5.45704502580042,4.72483603609195,-VI,2,5.45704502580042,4.72483603609195,
116,156,-vi,2,6.3383993290159,5.16499410827579,-vi,2,6.3383993290159,5.16499410827579,
116,157,#IV,2,7.15255786947222,4.36051564243597,#IV,2,7.15255786947222,4.36051564243597,
116,158,#IV,1,4.74720653884321,5.26832602886992,#IV,1,4.74720653884321,5.26832602886992,
116,159,-vi,2,7.18908383683268,4.41656597700969,-iiio,2,7.16562486400869,4.41656597700969,0.0234589728239882
116,160,-vii,1,4.00068466110953,5.18655150239105,-vii,1,6.70043971814109,4.81519056837249,
116,161,i,2,5.08527498042575,4.93666262653595,i,1,4.76449095393286,5.38946768503422,
116,162,r,2,3.1525055960188,4.97469682440288,r,2,3.1525055960188,4.97469682440288,
116,163,r,2,1.71736353267208,3.74300594358816,r,2,1.71736353267208,3.74300594358816,
,,,,,,,,,,
117,154,-vii,3,6.89085088417614,4.81247574766958,-vii,3,6.89085088417614,4.81247574766958,
117,155,-VI,2,5.45704502580042,4.72483603609195,-VI,2,5.45704502580042,4.72483603609195,
117,156,-vi,2,6.3383993290159,5.16499410827579,-vi,2,6.3383993290159,5.16499410827579,
117,157,#IV,2,7.15255786947222,4.36051564243597,#IV,2,7.15255786947222,4.36051564243597,
117,158,#IV,1,4.74720653884321,5.26832602886992,#IV,1,4.74720653884321,5.26832602886992,
117,159,-vi,2,7.18908383683268,4.41656597700969,-viio,2,7.16562486400869,4.41656597700969,0.0234589728239882
117,160,-vii,1,4.00068466110953,5.18655150239105,-vii,1,6.42194458665332,5.33052930106392,
117,161,i,2,5.08527498042575,4.93666262653595,i,1,4.76449095393286,5.38946768503422,
117,162,r,2,3.1525055960188,4.97469682440288,r,2,3.1525055960188,4.97469682440288,
117,163,r,2,1.71736353267208,3.74300594358816,r,2,1.71736353267208,3.74300594358816,
,,,,,,,,,,
118,154,-vii,3,6.89085088417614,4.81247574766958,-vii,3,6.89085088417614,4.81247574766958,
118,155,-VI,2,5.45704502580042,4.72483603609195,-VI,2,5.45704502580042,4.72483603609195,
118,156,-vi,2,6.3383993290159,5.16499410827579,-vi,2,6.3383993290159,5.16499410827579,
118,157,#IV,2,7.15255786947222,4.36051564243597,#IV,2,7.15255786947222,4.36051564243597,
118,158,#IV,1,4.74720653884321,5.26832602886992,#IV,1,4.74720653884321,5.26832602886992,
118,159,-vi,2,7.18908383683268,4.41656597700969,-vio,2,7.16562486400869,4.41656597700969,0.0234589728239882
118,160,-vii,1,4.00068466110953,5.18655150239105,-vii,1,6.49539822484397,5.18671151421705,
118,161,i,2,5.08527498042575,4.93666262653595,i,1,4.76449095393286,5.38946768503422,
118,162,r,2,3.1525055960188,4.97469682440288,r,2,3.1525055960188,4.97469682440288,
118,163,r,2,1.71736353267208,3.74300594358816,r,2,1.71736353267208,3.74300594358816,
,,,,,,,,,,
119,61,I,4,4.06648165628245,4.79205003277203,I,4,4.06648165628245,4.79205003277203,
119,62,#IV,5,7.04988607715519,4.69930341512554,#IV,5,7.04988607715519,4.69930341512554,
119,63,VII,2,5.86348521659191,3.19091740638423,VII,2,5.86348521659191,3.19091740638423,
119,64,-iii,2,6.18311163009071,4.45248520163112,-iii,2,6.18311163009071,4.45248520163112,
119,65,-iii,2,6.98610868287465,4.6330856208257,-iii,2,6.98610868287465,4.6330856208257,
119,66,-vi,1,6.59233448937751,5.40396119496012,-iiio,1,6.56887551655352,5.40396119496012,0.0234589728239891
119,67,#IV,1,6.60402569114554,5.18655150239105,#IV,1,6.8073549220576,4.81519056837249,
119,68,v,1,6.40702811257819,5.26832602886992,v,1,6.40702811257819,5.26832602886992,
119,69,i,1,5.04582678585244,5.40780748387603,i,1,5.04582678585244,5.40780748387603,
119,70,iv,2,4.44893493864514,5.28631663594942,iv,2,4.44893493864514,5.28631663594942,
119,71,-III,3,3.78247959356285,5.1053219814982,-III,3,3.78247959356285,5.1053219814982,
,,,,,,,,,,
120,61,I,4,4.06648165628245,4.79205003277203,I,4,4.06648165628245,4.79205003277203,
120,62,#IV,5,7.04988607715519,4.69930341512554,#IV,5,7.04988607715519,4.69930341512554,
120,63,VII,2,5.86348521659191,3.19091740638423,VII,2,5.86348521659191,3.19091740638423,
120,64,-iii,2,6.18311163009071,4.45248520163112,-iii,2,6.18311163009071,4.45248520163112,
120,65,-iii,2,6.98610868287465,4.6330856208257,-iii,2,6.98610868287465,4.6330856208257,
120,66,-vi,1,6.59233448937751,5.40396119496012,-viio,1,6.56887551655352,5.40396119496012,0.0234589728239891
120,67,#IV,1,6.60402569114554,5.18655150239105,#IV,1,6.52885979056983,5.33052930106392,
120,68,v,1,6.40702811257819,5.26832602886992,v,1,6.40702811257819,5.26832602886992,
120,69,i,1,5.04582678585244,5.40780748387603,i,1,5.04582678585244,5.40780748387603,
120,70,iv,2,4.44893493864514,5.28631663594942,iv,2,4.44893493864514,5.28631663594942,
120,71,-III,3,3.78247959356285,5.1053219814982,-III,3,3.78247959356285,5.1053219814982,
,,,,,,,,,,
121,61,I,4,4.06648165628245,4.79205003277203,I,4,4.06648165628245,4.79205003277203,
121,62,#IV,5,7.04988607715519,4.69930341512554,#IV,5,7.04988607715519,4.69930341512554,
121,63,VII,2,5.86348521659191,3.19091740638423,VII,2,5.86348521659191,3.19091740638423,
121,64,-iii,2,6.18311163009071,4.45248520163112,-iii,2,6.18311163009071,4.45248520163112,
121,65,-iii,2,6.98610868287465,4.6330856208257,-iii,2,6.98610868287465,4.6330856208257,
121,66,-vi,1,6.59233448937751,5.40396119496012,-vio,1,6.56887551655352,5.40396119496012,0.0234589728239891
121,67,#IV,1,6.60402569114554,5.18655150239105,#IV,1,6.60231342876048,5.18671151421705,
121,68,v,1,6.40702811257819,5.26832602886992,v,1,6.40702811257819,5.26832602886992,
121,69,i,1,5.04582678585244,5.40780748387603,i,1,5.04582678585244,5.40780748387603,
121,70,iv,2,4.44893493864514,5.28631663594942,iv,2,4.44893493864514,5.28631663594942,
121,71,-III,3,3.78247959356285,5.1053219814982,-III,3,3.78247959356285,5.1053219814982,
,,,,,,,,,,
122,54,-VII,4,5.92621902476389,4.60250761294049,-VII,4,5.92621902476389,4.60250761294049,
122,55,V,3,5.23038282043269,4.70296834590197,V,3,5.23038282043269,4.70296834590197,
122,56,#IV+,3,7.21084462409523,4.77959808403203,#IV+,3,7.21084462409523,4.77959808403203,
122,57,IV,1,6.39660478118186,4.33824316572275,IV,1,6.39660478118186,4.33824316572275,
122,58,iii,1,5.25830986038592,5.46015231333603,iii,1,5.25830986038592,5.46015231333603,
122,59,vi,2,3.88056434428391,5.20474876077054,IV,2,3.90419779478756,5.20474876077054,0.0236334505036488
122,60,ii,3,3.12332133618508,4.96125786289468,ii,3,4.68576451768817,5.1351226728186,
122,61,I,4,4.06648165628245,4.79205003277203,I,4,3.40794894315141,4.05837142635525,
122,62,#IV,5,7.04988607715519,4.69930341512554,#IV,4,7.0360660519561,4.86120379175354,
122,63,VII,2,5.86348521659191,3.19091740638423,VII,2,5.86348521659191,3.19091740638423,
122,64,-iii,2,6.18311163009071,4.45248520163112,-iii,2,6.18311163009071,4.45248520163112,
,,,,,,,,,,
123,61,I,4,4.06648165628245,4.79205003277203,I,4,4.06648165628245,4.79205003277203,
123,62,#IV,5,7.04988607715519,4.69930341512554,#IV,5,7.04988607715519,4.69930341512554,
123,63,VII,2,5.86348521659191,3.19091740638423,VII,2,5.86348521659191,3.19091740638423,
123,64,-iii,2,6.18311163009071,4.45248520163112,-iii,2,6.18311163009071,4.45248520163112,
123,65,-iii,2,6.98610868287465,4.6330856208257,-iii,2,6.98610868287465,4.6330856208257,
123,66,-vi,1,6.59233448937751,5.40396119496012,#iio,1,6.61618123133187,5.40396119496012,0.0238467419543671
123,67,#IV,1,6.60402569114554,5.18655150239105,#IV,1,6.53892013213637,5.12065708585267,
123,68,v,1,6.40702811257819,5.26832602886992,v,1,6.40702811257819,5.26832602886992,
123,69,i,1,5.04582678585244,5.40780748387603,i,1,5.04582678585244,5.40780748387603,
123,70,iv,2,4.44893493864514,5.28631663594942,iv,2,4.44893493864514,5.28631663594942,
123,71,-III,3,3.78247959356285,5.1053219814982,-III,3,3.78247959356285,5.1053219814982,
,,,,,,,,,,
124,61,I,4,4.06648165628245,4.79205003277203,I,4,4.06648165628245,4.79205003277203,
124,62,#IV,5,7.04988607715519,4.69930341512554,#IV,5,7.04988607715519,4.69930341512554,
124,63,VII,2,5.86348521659191,3.19091740638423,VII,2,5.86348521659191,3.19091740638423,
124,64,-iii,2,6.18311163009071,4.45248520163112,-iii,2,6.18311163009071,4.45248520163112,
124,65,-iii,2,6.98610868287465,4.6330856208257,-iii,2,6.98610868287465,4.6330856208257,
124,66,-vi,1,6.59233448937751,5.40396119496012,-II+,1,6.61618123133187,5.40396119496012,0.0238467419543671
124,67,#IV,1,6.60402569114554,5.18655150239105,#IV,1,6.54011313232086,5.12246172232093,
124,68,v,1,6.40702811257819,5.26832602886992,v,1,6.40702811257819,5.26832602886992,
124,69,i,1,5.04582678585244,5.40780748387603,i,1,5.04582678585244,5.40780748387603,
124,70,iv,2,4.44893493864514,5.28631663594942,iv,2,4.44893493864514,5.28631663594942,
124,71,-III,3,3.78247959356285,5.1053219814982,-III,3,3.78247959356285,5.1053219814982,
,,,,,,,,,,
125,61,I,4,4.06648165628245,4.79205003277203,I,4,4.06648165628245,4.79205003277203,
125,62,#IV,5,7.04988607715519,4.69930341512554,#IV,5,7.04988607715519,4.69930341512554,
125,63,VII,2,5.86348521659191,3.19091740638423,VII,2,5.86348521659191,3.19091740638423,
125,64,-iii,2,6.18311163009071,4.45248520163112,-iii,2,6.18311163009071,4.45248520163112,
125,65,-iii,2,6.98610868287465,4.6330856208257,-iii,2,6.98610868287465,4.6330856208257,
125,66,-vi,1,6.59233448937751,5.40396119496012,#II,1,6.61618123133187,5.40396119496012,0.0238467419543671
125,67,#IV,1,6.60402569114554,5.18655150239105,#IV,1,6.54463755721858,5.12565624073233,
125,68,v,1,6.40702811257819,5.26832602886992,v,1,6.40702811257819,5.26832602886992,
125,69,i,1,5.04582678585244,5.40780748387603,i,1,5.04582678585244,5.40780748387603,
125,70,iv,2,4.44893493864514,5.28631663594942,iv,2,4.44893493864514,5.28631663594942,
125,71,-III,3,3.78247959356285,5.1053219814982,-III,3,3.78247959356285,5.1053219814982,
,,,,,,,,,,
126,61,I,4,4.06648165628245,4.79205003277203,I,4,4.06648165628245,4.79205003277203,
126,62,#IV,5,7.04988607715519,4.69930341512554,#IV,5,7.04988607715519,4.69930341512554,
126,63,VII,2,5.86348521659191,3.19091740638423,VII,2,5.86348521659191,3.19091740638423,
126,64,-iii,2,6.18311163009071,4.45248520163112,-iii,2,6.18311163009071,4.45248520163112,
126,65,-iii,2,6.98610868287465,4.6330856208257,-iii,2,6.98610868287465,4.6330856208257,
126,66,-vi,1,6.59233448937751,5.40396119496012,-iio,1,6.61618123133187,5.40396119496012,0.0238467419543671
126,67,#IV,1,6.60402569114554,5.18655150239105,#IV,1,6.52861940149306,5.21490501718691,
126,68,v,1,6.40702811257819,5.26832602886992,v,1,6.40702811257819,5.26832602886992,
126,69,i,1,5.04582678585244,5.40780748387603,i,1,5.04582678585244,5.40780748387603,
126,70,iv,2,4.44893493864514,5.28631663594942,iv,2,4.44893493864514,5.28631663594942,
126,71,-III,3,3.78247959356285,5.1053219814982,-III,3,3.78247959356285,5.1053219814982,
,,,,,,,,,,
127,61,I,4,4.06648165628245,4.79205003277203,I,4,4.06648165628245,4.79205003277203,
127,62,#IV,5,7.04988607715519,4.69930341512554,#IV,5,7.04988607715519,4.69930341512554,
127,63,VII,2,5.86348521659191,3.19091740638423,VII,2,5.86348521659191,3.19091740638423,
127,64,-iii,2,6.18311163009071,4.45248520163112,-iii,2,6.18311163009071,4.45248520163112,
127,65,-iii,2,6.98610868287465,4.6330856208257,-iii,2,6.98610868287465,4.6330856208257,
127,66,-vi,1,6.59233448937751,5.40396119496012,io,1,6.61618123133187,5.40396119496012,0.0238467419543671
127,67,#IV,1,6.60402569114554,5.18655150239105,#IV,1,6.63480174393276,5.07251785127509,
127,68,v,1,6.40702811257819,5.26832602886992,v,1,6.40702811257819,5.26832602886992,
127,69,i,1,5.04582678585244,5.40780748387603,i,1,5.04582678585244,5.40780748387603,
127,70,iv,2,4.44893493864514,5.28631663594942,iv,2,4.44893493864514,5.28631663594942,
127,71,-III,3,3.78247959356285,5.1053219814982,-III,3,3.78247959356285,5.1053219814982,
,,,,,,,,,,
128,61,I,4,4.06648165628245,4.79205003277203,I,4,4.06648165628245,4.79205003277203,
128,62,#IV,5,7.04988607715519,4.69930341512554,#IV,5,7.04988607715519,4.69930341512554,
128,63,VII,2,5.86348521659191,3.19091740638423,VII,2,5.86348521659191,3.19091740638423,
128,64,-iii,2,6.18311163009071,4.45248520163112,-iii,2,6.18311163009071,4.45248520163112,
128,65,-iii,2,6.98610868287465,4.6330856208257,-iii,2,6.98610868287465,4.6330856208257,
128,66,-vi,1,6.59233448937751,5.40396119496012,III+,1,6.61618123133187,5.40396119496012,0.0238467419543671
128,67,#IV,1,6.60402569114554,5.18655150239105,#IV,1,6.8371669733542,4.3371906729538,
128,68,v,1,6.40702811257819,5.26832602886992,v,1,6.40702811257819,5.26832602886992,
128,69,i,1,5.04582678585244,5.40780748387603,i,1,5.04582678585244,5.40780748387603,
128,70,iv,2,4.44893493864514,5.28631663594942,iv,2,4.44893493864514,5.28631663594942,
128,71,-III,3,3.78247959356285,5.1053219814982,-III,3,3.78247959356285,5.1053219814982,
,,,,,,,,,,
129,61,I,4,4.06648165628245,4.79205003277203,I,4,4.06648165628245,4.79205003277203,
129,62,#IV,5,7.04988607715519,4.69930341512554,#IV,5,7.04988607715519,4.69930341512554,
129,63,VII,2,5.86348521659191,3.19091740638423,VII,2,5.86348521659191,3.19091740638423,
129,64,-iii,2,6.18311163009071,4.45248520163112,-iii,2,6.18311163009071,4.45248520163112,
129,65,-iii,2,6.98610868287465,4.6330856208257,-iii,2,6.98610868287465,4.6330856208257,
129,66,-vi,1,6.59233448937751,5.40396119496012,-i,1,6.61618123133187,5.40396119496012,0.0238467419543671
129,67,#IV,1,6.60402569114554,5.18655150239105,#IV,1,6.54225804976692,5.12386026918491,
129,68,v,1,6.40702811257819,5.26832602886992,v,1,6.40702811257819,5.26832602886992,
129,69,i,1,5.04582678585244,5.40780748387603,i,1,5.04582678585244,5.40780748387603,
129,70,iv,2,4.44893493864514,5.28631663594942,iv,2,4.44893493864514,5.28631663594942,
129,71,-III,3,3.78247959356285,5.1053219814982,-III,3,3.78247959356285,5.1053219814982,
,,,,,,,,,,
130,82,-II,1,6.39378880999543,5.40396119496012,-II,1,6.39378880999543,5.40396119496012,
130,83,-II,1,5.00540633624959,5.44048428464702,-II,1,5.00540633624959,5.44048428464702,
130,84,-iii,2,6.7766771965543,5.16831836386541,-iii,2,6.7766771965543,5.16831836386541,
130,85,iv,1,6.18322182405577,5.40396119496012,iv,1,6.18322182405577,5.40396119496012,
130,86,#IV,1,6.4609038285878,5.45298253750334,#IV,1,6.4609038285878,5.45298253750334,
130,87,-vi,1,6.72421828845889,5.26832602886992,#iio,1,6.74806503041326,5.26832602886992,0.023846741954368
130,88,-vii,1,4.00068466110953,5.18655150239105,-vii,1,6.43200492821986,5.12065708585267,
130,89,i,2,5.08527498042575,4.93666262653595,i,1,4.76449095393286,5.38946768503422,
130,90,iv,2,3.27745556605902,4.97469682440288,iv,2,3.27745556605902,4.97469682440288,
130,91,-vii,3,6.89085088417614,4.81247574766958,-vii,3,6.89085088417614,4.81247574766958,
130,92,-VI,2,5.45704502580042,4.72483603609195,-VI,2,5.45704502580042,4.72483603609195,
,,,,,,,,,,
131,82,-II,1,6.39378880999543,5.40396119496012,-II,1,6.39378880999543,5.40396119496012,
131,83,-II,1,5.00540633624959,5.44048428464702,-II,1,5.00540633624959,5.44048428464702,
131,84,-iii,2,6.7766771965543,5.16831836386541,-iii,2,6.7766771965543,5.16831836386541,
131,85,iv,1,6.18322182405577,5.40396119496012,iv,1,6.18322182405577,5.40396119496012,
131,86,#IV,1,6.4609038285878,5.45298253750334,#IV,1,6.4609038285878,5.45298253750334,
131,87,-vi,1,6.72421828845889,5.26832602886992,-II+,1,6.74806503041326,5.26832602886992,0.023846741954368
131,88,-vii,1,4.00068466110953,5.18655150239105,-vii,1,6.43319792840435,5.12246172232093,
131,89,i,2,5.08527498042575,4.93666262653595,i,1,4.76449095393286,5.38946768503422,
131,90,iv,2,3.27745556605902,4.97469682440288,iv,2,3.27745556605902,4.97469682440288,
131,91,-vii,3,6.89085088417614,4.81247574766958,-vii,3,6.89085088417614,4.81247574766958,
131,92,-VI,2,5.45704502580042,4.72483603609195,-VI,2,5.45704502580042,4.72483603609195,
,,,,,,,,,,
132,82,-II,1,6.39378880999543,5.40396119496012,-II,1,6.39378880999543,5.40396119496012,
132,83,-II,1,5.00540633624959,5.44048428464702,-II,1,5.00540633624959,5.44048428464702,
132,84,-iii,2,6.7766771965543,5.16831836386541,-iii,2,6.7766771965543,5.16831836386541,
132,85,iv,1,6.18322182405577,5.40396119496012,iv,1,6.18322182405577,5.40396119496012,
132,86,#IV,1,6.4609038285878,5.45298253750334,#IV,1,6.4609038285878,5.45298253750334,
132,87,-vi,1,6.72421828845889,5.26832602886992,#II,1,6.74806503041326,5.26832602886992,0.023846741954368
132,88,-vii,1,4.00068466110953,5.18655150239105,-vii,1,6.43772235330207,5.12565624073233,
132,89,i,2,5.08527498042575,4.93666262653595,i,1,4.76449095393286,5.38946768503422,
132,90,iv,2,3.27745556605902,4.97469682440288,iv,2,3.27745556605902,4.97469682440288,
132,91,-vii,3,6.89085088417614,4.81247574766958,-vii,3,6.89085088417614,4.81247574766958,
132,92,-VI,2,5.45704502580042,4.72483603609195,-VI,2,5.45704502580042,4.72483603609195,
,,,,,,,,,,
133,82,-II,1,6.39378880999543,5.40396119496012,-II,1,6.39378880999543,5.40396119496012,
133,83,-II,1,5.00540633624959,5.44048428464702,-II,1,5.00540633624959,5.44048428464702,
133,84,-iii,2,6.7766771965543,5.16831836386541,-iii,2,6.7766771965543,5.16831836386541,
133,85,iv,1,6.18322182405577,5.40396119496012,iv,1,6.18322182405577,5.40396119496012,
133,86,#IV,1,6.4609038285878,5.45298253750334,#IV,1,6.4609038285878,5.45298253750334,
133,87,-vi,1,6.72421828845889,5.26832602886992,-iio,1,6.74806503041326,5.26832602886992,0.023846741954368
133,88,-vii,1,4.00068466110953,5.18655150239105,-vii,1,6.42170419757655,5.21490501718691,
133,89,i,2,5.08527498042575,4.93666262653595,i,1,4.76449095393286,5.38946768503422,
133,90,iv,2,3.27745556605902,4.97469682440288,iv,2,3.27745556605902,4.97469682440288,
133,91,-vii,3,6.89085088417614,4.81247574766958,-vii,3,6.89085088417614,4.81247574766958,
133,92,-VI,2,5.45704502580042,4.72483603609195,-VI,2,5.45704502580042,4.72483603609195,
,,,,,,,,,,
134,82,-II,1,6.39378880999543,5.40396119496012,-II,1,6.39378880999543,5.40396119496012,
134,83,-II,1,5.00540633624959,5.44048428464702,-II,1,5.00540633624959,5.44048428464702,
134,84,-iii,2,6.7766771965543,5.16831836386541,-iii,2,6.7766771965543,5.16831836386541,
134,85,iv,1,6.18322182405577,5.40396119496012,iv,1,6.18322182405577,5.40396119496012,
134,86,#IV,1,6.4609038285878,5.45298253750334,#IV,1,6.4609038285878,5.45298253750334,
134,87,-vi,1,6.72421828845889,5.26832602886992,io,1,6.74806503041326,5.26832602886992,0.023846741954368
134,88,-vii,1,4.00068466110953,5.18655150239105,-vii,1,6.52788654001625,5.07251785127509,
134,89,i,2,5.08527498042575,4.93666262653595,i,1,4.76449095393286,5.38946768503422,
134,90,iv,2,3.27745556605902,4.97469682440288,iv,2,3.27745556605902,4.97469682440288,
134,91,-vii,3,6.89085088417614,4.81247574766958,-vii,3,6.89085088417614,4.81247574766958,
134,92,-VI,2,5.45704502580042,4.72483603609195,-VI,2,5.45704502580042,4.72483603609195,
,,,,,,,,,,
135,82,-II,1,6.39378880999543,5.40396119496012,-II,1,6.39378880999543,5.40396119496012,
135,83,-II,1,5.00540633624959,5.44048428464702,-II,1,5.00540633624959,5.44048428464702,
135,84,-iii,2,6.7766771965543,5.16831836386541,-iii,2,6.7766771965543,5.16831836386541,
135,85,iv,1,6.18322182405577,5.40396119496012,iv,1,6.18322182405577,5.40396119496012,
135,86,#IV,1,6.4609038285878,5.45298253750334,#IV,1,6.4609038285878,5.45298253750334,
135,87,-vi,1,6.72421828845889,5.26832602886992,III+,1,6.74806503041326,5.26832602886992,0.023846741954368
135,88,-vii,1,4.00068466110953,5.18655150239105,-vii,1,6.73025176943769,4.3371906729538,
135,89,i,2,5.08527498042575,4.93666262653595,i,1,4.76449095393286,5.38946768503422,
135,90,iv,2,3.27745556605902,4.97469682440288,iv,2,3.27745556605902,4.97469682440288,
135,91,-vii,3,6.89085088417614,4.81247574766958,-vii,3,6.89085088417614,4.81247574766958,
135,92,-VI,2,5.45704502580042,4.72483603609195,-VI,2,5.45704502580042,4.72483603609195,
,,,,,,,,,,
136,82,-II,1,6.39378880999543,5.40396119496012,-II,1,6.39378880999543,5.40396119496012,
136,83,-II,1,5.00540633624959,5.44048428464702,-II,1,5.00540633624959,5.44048428464702,
136,84,-iii,2,6.7766771965543,5.16831836386541,-iii,2,6.7766771965543,5.16831836386541,
136,85,iv,1,6.18322182405577,5.40396119496012,iv,1,6.18322182405577,5.40396119496012,
136,86,#IV,1,6.4609038285878,5.45298253750334,#IV,1,6.4609038285878,5.45298253750334,
136,87,-vi,1,6.72421828845889,5.26832602886992,-i,1,6.74806503041326,5.26832602886992,0.023846741954368
136,88,-vii,1,4.00068466110953,5.18655150239105,-vii,1,6.43534284585041,5.12386026918491,
136,89,i,2,5.08527498042575,4.93666262653595,i,1,4.76449095393286,5.38946768503422,
136,90,iv,2,3.27745556605902,4.97469682440288,iv,2,3.27745556605902,4.97469682440288,
136,91,-vii,3,6.89085088417614,4.81247574766958,-vii,3,6.89085088417614,4.81247574766958,
136,92,-VI,2,5.45704502580042,4.72483603609195,-VI,2,5.45704502580042,4.72483603609195,
,,,,,,,,,,
137,91,-vii,3,6.89085088417614,4.81247574766958,-vii,3,6.89085088417614,4.81247574766958,
137,92,-VI,2,5.45704502580042,4.72483603609195,-VI,2,5.45704502580042,4.72483603609195,
137,93,-vi,2,6.3383993290159,5.16499410827579,-vi,2,6.3383993290159,5.16499410827579,
137,94,#IV,2,7.15255786947222,4.36051564243597,#IV,2,7.15255786947222,4.36051564243597,
137,95,#IV,1,4.74720653884321,5.26832602886992,#IV,1,4.74720653884321,5.26832602886992,
137,96,-vi,2,7.18908383683268,4.41656597700969,#iio,2,7.21293057878704,4.41656597700969,0.023846741954368
137,97,-vii,1,4.00068466110953,5.18655150239105,-vii,1,6.43200492821986,5.12065708585267,
137,98,i,2,5.08527498042575,4.93666262653595,i,1,4.76449095393286,5.38946768503422,
137,99,iv,2,3.27745556605902,4.97469682440288,iv,2,3.27745556605902,4.97469682440288,
137,100,-vii,3,6.89085088417614,4.81247574766958,-vii,3,6.89085088417614,4.81247574766958,
137,101,-VI,2,5.45704502580042,4.72483603609195,-VI,2,5.45704502580042,4.72483603609195,
,,,,,,,,,,
138,91,-vii,3,6.89085088417614,4.81247574766958,-vii,3,6.89085088417614,4.81247574766958,
138,92,-VI,2,5.45704502580042,4.72483603609195,-VI,2,5.45704502580042,4.72483603609195,
138,93,-vi,2,6.3383993290159,5.16499410827579,-vi,2,6.3383993290159,5.16499410827579,
138,94,#IV,2,7.15255786947222,4.36051564243597,#IV,2,7.15255786947222,4.36051564243597,
138,95,#IV,1,4.74720653884321,5.26832602886992,#IV,1,4.74720653884321,5.26832602886992,
138,96,-vi,2,7.18908383683268,4.41656597700969,-II+,2,7.21293057878704,4.41656597700969,0.023846741954368
138,97,-vii,1,4.00068466110953,5.18655150239105,-vii,1,6.43319792840435,5.12246172232093,
138,98,i,2,5.08527498042575,4.93666262653595,i,1,4.76449095393286,5.38946768503422,
138,99,iv,2,3.27745556605902,4.97469682440288,iv,2,3.27745556605902,4.97469682440288,
138,100,-vii,3,6.89085088417614,4.81247574766958,-vii,3,6.89085088417614,4.81247574766958,
138,101,-VI,2,5.45704502580042,4.72483603609195,-VI,2,5.45704502580042,4.72483603609195,
,,,,,,,,,,
139,91,-vii,3,6.89085088417614,4.81247574766958,-vii,3,6.89085088417614,4.81247574766958,
139,92,-VI,2,5.45704502580042,4.72483603609195,-VI,2,5.45704502580042,4.72483603609195,
139,93,-vi,2,6.3383993290159,5.16499410827579,-vi,2,6.3383993290159,5.16499410827579,
139,94,#IV,2,7.15255786947222,4.36051564243597,#IV,2,7.15255786947222,4.36051564243597,
139,95,#IV,1,4.74720653884321,5.26832602886992,#IV,1,4.74720653884321,5.26832602886992,
139,96,-vi,2,7.18908383683268,4.41656597700969,#II,2,7.21293057878704,4.41656597700969,0.023846741954368
139,97,-vii,1,4.00068466110953,5.18655150239105,-vii,1,6.43772235330207,5.12565624073233,
139,98,i,2,5.08527498042575,4.93666262653595,i,1,4.76449095393286,5.38946768503422,
139,99,iv,2,3.27745556605902,4.97469682440288,iv,2,3.27745556605902,4.97469682440288,
139,100,-vii,3,6.89085088417614,4.81247574766958,-vii,3,6.89085088417614,4.81247574766958,
139,101,-VI,2,5.45704502580042,4.72483603609195,-VI,2,5.45704502580042,4.72483603609195,
,,,,,,,,,,
140,91,-vii,3,6.89085088417614,4.81247574766958,-vii,3,6.89085088417614,4.81247574766958,
140,92,-VI,2,5.45704502580042,4.72483603609195,-VI,2,5.45704502580042,4.72483603609195,
140,93,-vi,2,6.3383993290159,5.16499410827579,-vi,2,6.3383993290159,5.16499410827579,
140,94,#IV,2,7.15255786947222,4.36051564243597,#IV,2,7.15255786947222,4.36051564243597,
140,95,#IV,1,4.74720653884321,5.26832602886992,#IV,1,4.74720653884321,5.26832602886992,
140,96,-vi,2,7.18908383683268,4.41656597700969,-iio,2,7.21293057878704,4.41656597700969,0.023846741954368
140,97,-vii,1,4.00068466110953,5.18655150239105,-vii,1,6.42170419757655,5.21490501718691,
140,98,i,2,5.08527498042575,4.93666262653595,i,1,4.76449095393286,5.38946768503422,
140,99,iv,2,3.27745556605902,4.97469682440288,iv,2,3.27745556605902,4.97469682440288,
140,100,-vii,3,6.89085088417614,4.81247574766958,-vii,3,6.89085088417614,4.81247574766958,
140,101,-VI,2,5.45704502580042,4.72483603609195,-VI,2,5.45704502580042,4.72483603609195,
,,,,,,,,,,
141,91,-vii,3,6.89085088417614,4.81247574766958,-vii,3,6.89085088417614,4.81247574766958,
141,92,-VI,2,5.45704502580042,4.72483603609195,-VI,2,5.45704502580042,4.72483603609195,
141,93,-vi,2,6.3383993290159,5.16499410827579,-vi,2,6.3383993290159,5.16499410827579,
141,94,#IV,2,7.15255786947222,4.36051564243597,#IV,2,7.15255786947222,4.36051564243597,
141,95,#IV,1,4.74720653884321,5.26832602886992,#IV,1,4.74720653884321,5.26832602886992,
141,96,-vi,2,7.18908383683268,4.41656597700969,io,2,7.21293057878704,4.41656597700969,0.023846741954368
141,97,-vii,1,4.00068466110953,5.18655150239105,-vii,1,6.52788654001625,5.07251785127509,
141,98,i,2,5.08527498042575,4.93666262653595,i,1,4.76449095393286,5.38946768503422,
141,99,iv,2,3.27745556605902,4.97469682440288,iv,2,3.27745556605902,4.97469682440288,
141,100,-vii,3,6.89085088417614,4.81247574766958,-vii,3,6.89085088417614,4.81247574766958,
141,101,-VI,2,5.45704502580042,4.72483603609195,-VI,2,5.45704502580042,4.72483603609195,
,,,,,,,,,,
142,91,-vii,3,6.89085088417614,4.81247574766958,-vii,3,6.89085088417614,4.81247574766958,
142,92,-VI,2,5.45704502580042,4.72483603609195,-VI,2,5.45704502580042,4.72483603609195,
142,93,-vi,2,6.3383993290159,5.16499410827579,-vi,2,6.3383993290159,5.16499410827579,
142,94,#IV,2,7.15255786947222,4.36051564243597,#IV,2,7.15255786947222,4.36051564243597,
142,95,#IV,1,4.74720653884321,5.26832602886992,#IV,1,4.74720653884321,5.26832602886992,
142,96,-vi,2,7.18908383683268,4.41656597700969,III+,2,7.21293057878704,4.41656597700969,0.023846741954368
142,97,-vii,1,4.00068466110953,5.18655150239105,-vii,1,6.73025176943769,4.3371906729538,
142,98,i,2,5.08527498042575,4.93666262653595,i,1,4.76449095393286,5.38946768503422,
142,99,iv,2,3.27745556605902,4.97469682440288,iv,2,3.27745556605902,4.97469682440288,
142,100,-vii,3,6.89085088417614,4.81247574766958,-vii,3,6.89085088417614,4.81247574766958,
142,101,-VI,2,5.45704502580042,4.72483603609195,-VI,2,5.45704502580042,4.72483603609195,
,,,,,,,,,,
143,91,-vii,3,6.89085088417614,4.81247574766958,-vii,3,6.89085088417614,4.81247574766958,
143,92,-VI,2,5.45704502580042,4.72483603609195,-VI,2,5.45704502580042,4.72483603609195,
143,93,-vi,2,6.3383993290159,5.16499410827579,-vi,2,6.3383993290159,5.16499410827579,
143,94,#IV,2,7.15255786947222,4.36051564243597,#IV,2,7.15255786947222,4.36051564243597,
143,95,#IV,1,4.74720653884321,5.26832602886992,#IV,1,4.74720653884321,5.26832602886992,
143,96,-vi,2,7.18908383683268,4.41656597700969,-i,2,7.21293057878704,4.41656597700969,0.023846741954368
143,97,-vii,1,4.00068466110953,5.18655150239105,-vii,1,6.43534284585041,5.12386026918491,
143,98,i,2,5.08527498042575,4.93666262653595,i,1,4.76449095393286,5.38946768503422,
143,99,iv,2,3.27745556605902,4.97469682440288,iv,2,3.27745556605902,4.97469682440288,
143,100,-vii,3,6.89085088417614,4.81247574766958,-vii,3,6.89085088417614,4.81247574766958,
143,101,-VI,2,5.45704502580042,4.72483603609195,-VI,2,5.45704502580042,4.72483603609195,
,,,,,,,,,,
144,154,-vii,3,6.89085088417614,4.81247574766958,-vii,3,6.89085088417614,4.81247574766958,
144,155,-VI,2,5.45704502580042,4.72483603609195,-VI,2,5.45704502580042,4.72483603609195,
144,156,-vi,2,6.3383993290159,5.16499410827579,-vi,2,6.3383993290159,5.16499410827579,
144,157,#IV,2,7.15255786947222,4.36051564243597,#IV,2,7.15255786947222,4.36051564243597,
144,158,#IV,1,4.74720653884321,5.26832602886992,#IV,1,4.74720653884321,5.26832602886992,
144,159,-vi,2,7.18908383683268,4.41656597700969,#iio,2,7.21293057878704,4.41656597700969,0.023846741954368
144,160,-vii,1,4.00068466110953,5.18655150239105,-vii,1,6.43200492821986,5.12065708585267,
144,161,i,2,5.08527498042575,4.93666262653595,i,1,4.76449095393286,5.38946768503422,
144,162,r,2,3.1525055960188,4.97469682440288,r,2,3.1525055960188,4.97469682440288,
144,163,r,2,1.71736353267208,3.74300594358816,r,2,1.71736353267208,3.74300594358816,
,,,,,,,,,,
145,154,-vii,3,6.89085088417614,4.81247574766958,-vii,3,6.89085088417614,4.81247574766958,
145,155,-VI,2,5.45704502580042,4.72483603609195,-VI,2,5.45704502580042,4.72483603609195,
145,156,-vi,2,6.3383993290159,5.16499410827579,-vi,2,6.3383993290159,5.16499410827579,
145,157,#IV,2,7.15255786947222,4.36051564243597,#IV,2,7.15255786947222,4.36051564243597,
145,158,#IV,1,4.74720653884321,5.26832602886992,#IV,1,4.74720653884321,5.26832602886992,
145,159,-vi,2,7.18908383683268,4.41656597700969,-II+,2,7.21293057878704,4.41656597700969,0.023846741954368
145,160,-vii,1,4.00068466110953,5.18655150239105,-vii,1,6.43319792840435,5.12246172232093,
145,161,i,2,5.08527498042575,4.93666262653595,i,1,4.76449095393286,5.38946768503422,
145,162,r,2,3.1525055960188,4.97469682440288,r,2,3.1525055960188,4.97469682440288,
145,163,r,2,1.71736353267208,3.74300594358816,r,2,1.71736353267208,3.74300594358816,
,,,,,,,,,,
146,154,-vii,3,6.89085088417614,4.81247574766958,-vii,3,6.89085088417614,4.81247574766958,
146,155,-VI,2,5.45704502580042,4.72483603609195,-VI,2,5.45704502580042,4.72483603609195,
146,156,-vi,2,6.3383993290159,5.16499410827579,-vi,2,6.3383993290159,5.16499410827579,
146,157,#IV,2,7.15255786947222,4.36051564243597,#IV,2,7.15255786947222,4.36051564243597,
146,158,#IV,1,4.74720653884321,5.26832602886992,#IV,1,4.74720653884321,5.26832602886992,
146,159,-vi,2,7.18908383683268,4.41656597700969,#II,2,7.21293057878704,4.41656597700969,0.023846741954368
146,160,-vii,1,4.00068466110953,5.18655150239105,-vii,1,6.43772235330207,5.12565624073233,
146,161,i,2,5.08527498042575,4.93666262653595,i,1,4.76449095393286,5.38946768503422,
146,162,r,2,3.1525055960188,4.97469682440288,r,2,3.1525055960188,4.97469682440288,
146,163,r,2,1.71736353267208,3.74300594358816,r,2,1.71736353267208,3.74300594358816,
,,,,,,,,,,
147,154,-vii,3,6.89085088417614,4.81247574766958,-vii,3,6.89085088417614,4.81247574766958,
147,155,-VI,2,5.45704502580042,4.72483603609195,-VI,2,5.45704502580042,4.72483603609195,
147,156,-vi,2,6.3383993290159,5.16499410827579,-vi,2,6.3383993290159,5.16499410827579,
147,157,#IV,2,7.15255786947222,4.36051564243597,#IV,2,7.15255786947222,4.36051564243597,
147,158,#IV,1,4.74720653884321,5.26832602886992,#IV,1,4.74720653884321,5.26832602886992,
147,159,-vi,2,7.18908383683268,4.41656597700969,-iio,2,7.21293057878704,4.41656597700969,0.023846741954368
147,160,-vii,1,4.00068466110953,5.18655150239105,-vii,1,6.42170419757655,5.21490501718691,
147,161,i,2,5.08527498042575,4.93666262653595,i,1,4.76449095393286,5.38946768503422,
147,162,r,2,3.1525055960188,4.97469682440288,r,2,3.1525055960188,4.97469682440288,
147,163,r,2,1.71736353267208,3.74300594358816,r,2,1.71736353267208,3.74300594358816,
,,,,,,,,,,
148,154,-vii,3,6.89085088417614,4.81247574766958,-vii,3,6.89085088417614,4.81247574766958,
148,155,-VI,2,5.45704502580042,4.72483603609195,-VI,2,5.45704502580042,4.72483603609195,
148,156,-vi,2,6.3383993290159,5.16499410827579,-vi,2,6.3383993290159,5.16499410827579,
148,157,#IV,2,7.15255786947222,4.36051564243597,#IV,2,7.15255786947222,4.36051564243597,
148,158,#IV,1,4.74720653884321,5.26832602886992,#IV,1,4.74720653884321,5.26832602886992,
148,159,-vi,2,7.18908383683268,4.41656597700969,io,2,7.21293057878704,4.41656597700969,0.023846741954368
148,160,-vii,1,4.00068466110953,5.18655150239105,-vii,1,6.52788654001625,5.07251785127509,
148,161,i,2,5.08527498042575,4.93666262653595,i,1,4.76449095393286,5.38946768503422,
148,162,r,2,3.1525055960188,4.97469682440288,r,2,3.1525055960188,4.97469682440288,
148,163,r,2,1.71736353267208,3.74300594358816,r,2,1.71736353267208,3.74300594358816,
,,,,,,,,,,
149,154,-vii,3,6.89085088417614,4.81247574766958,-vii,3,6.89085088417614,4.81247574766958,
149,155,-VI,2,5.45704502580042,4.72483603609195,-VI,2,5.45704502580042,4.72483603609195,
149,156,-vi,2,6.3383993290159,5.16499410827579,-vi,2,6.3383993290159,5.16499410827579,
149,157,#IV,2,7.15255786947222,4.36051564243597,#IV,2,7.15255786947222,4.36051564243597,
149,158,#IV,1,4.74720653884321,5.26832602886992,#IV,1,4.74720653884321,5.26832602886992,
149,159,-vi,2,7.18908383683268,4.41656597700969,III+,2,7.21293057878704,4.41656597700969,0.023846741954368
149,160,-vii,1,4.00068466110953,5.18655150239105,-vii,1,6.73025176943769,4.3371906729538,
149,161,i,2,5.08527498042575,4.93666262653595,i,1,4.76449095393286,5.38946768503422,
149,162,r,2,3.1525055960188,4.97469682440288,r,2,3.1525055960188,4.97469682440288,
149,163,r,2,1.71736353267208,3.74300594358816,r,2,1.71736353267208,3.74300594358816,
,,,,,,,,,,
150,154,-vii,3,6.89085088417614,4.81247574766958,-vii,3,6.89085088417614,4.81247574766958,
150,155,-VI,2,5.45704502580042,4.72483603609195,-VI,2,5.45704502580042,4.72483603609195,
150,156,-vi,2,6.3383993290159,5.16499410827579,-vi,2,6.3383993290159,5.16499410827579,
150,157,#IV,2,7.15255786947222,4.36051564243597,#IV,2,7.15255786947222,4.36051564243597,
150,158,#IV,1,4.74720653884321,5.26832602886992,#IV,1,4.74720653884321,5.26832602886992,
150,159,-vi,2,7.18908383683268,4.41656597700969,-i,2,7.21293057878704,4.41656597700969,0.023846741954368
150,160,-vii,1,4.00068466110953,5.18655150239105,-vii,1,6.43534284585041,5.12386026918491,
150,161,i,2,5.08527498042575,4.93666262653595,i,1,4.76449095393286,5.38946768503422,
150,162,r,2,3.1525055960188,4.97469682440288,r,2,3.1525055960188,4.97469682440288,
150,163,r,2,1.71736353267208,3.74300594358816,r,2,1.71736353267208,3.74300594358816,
,,,,,,,,,,
151,72,-iii,4,7.2706672863486,4.79876121807827,-iii,4,7.2706672863486,4.79876121807827,
151,73,-II,1,6.39378880999543,5.40396119496012,-II,1,6.39378880999543,5.40396119496012,
151,74,-II,1,5.00540633624959,5.44048428464702,-II,1,5.00540633624959,5.44048428464702,
151,75,-iii,2,6.7766771965543,5.16831836386541,-iii,2,6.7766771965543,5.16831836386541,
151,76,iv,1,6.18322182405577,5.40396119496012,iv,1,6.18322182405577,5.40396119496012,
151,77,v,1,5.03569244506737,5.45298253750334,-VII,1,5.0610386409332,5.45298253750334,0.0253461958658345
151,78,i,2,4.12906689482177,5.18762847529485,i,2,3.87665430433202,5.16112463692588,
151,79,iv,3,3.69985452108245,4.82022148031579,iv,3,4.01653442298033,4.87123147031694,
151,80,-III,4,4.33470413158456,4.148277617094,-III,4,5.10853984052043,4.47260735361554,
151,81,-iii,4,7.2706672863486,4.79876121807827,-iii,3,6.98335699728166,5.22548468434035,
151,82,-II,1,6.39378880999543,5.40396119496012,-II,1,6.39378880999543,5.40396119496012,
,,,,,,,,,,
152,88,-vii,1,4.00068466110953,5.18655150239105,-vii,1,4.00068466110953,5.18655150239105,
152,89,i,2,5.08527498042575,4.93666262653595,i,2,5.08527498042575,4.93666262653595,
152,90,iv,2,3.27745556605902,4.97469682440288,iv,2,3.27745556605902,4.97469682440288,
152,91,-vii,3,6.89085088417614,4.81247574766958,-vii,3,6.89085088417614,4.81247574766958,
152,92,-VI,2,5.45704502580042,4.72483603609195,-VI,2,5.45704502580042,4.72483603609195,
152,93,-vi,2,6.3383993290159,5.16499410827579,VI,2,6.36473729247852,5.16499410827579,0.0263379634626251
152,94,#IV,2,7.15255786947222,4.36051564243597,#IV,2,6.81901031509257,4.98747585488332,
152,95,#IV,1,4.74720653884321,5.26832602886992,#IV,1,4.74720653884321,5.26832602886992,
152,96,-vi,2,7.18908383683268,4.41656597700969,-vi,2,7.18908383683268,4.41656597700969,
152,97,-vii,1,4.00068466110953,5.18655150239105,-vii,1,4.00068466110953,5.18655150239105,
152,98,i,2,5.08527498042575,4.93666262653595,i,2,5.08527498042575,4.93666262653595,
,,,,,,,,,,
153,51,iii,4,5.95140374905293,5.00486099057086,iii,4,5.95140374905293,5.00486099057086,
153,52,vi,2,3.67010962802191,5.21915222061716,vi,2,3.67010962802191,5.21915222061716,
153,53,IV,3,3.69572439801877,5.11045100096823,IV,3,3.69572439801877,5.11045100096823,
153,54,-VII,4,5.92621902476389,4.60250761294049,-VII,4,5.92621902476389,4.60250761294049,
153,55,V,3,5.23038282043269,4.70296834590197,V,3,5.23038282043269,4.70296834590197,
153,56,#IV+,3,7.21084462409523,4.77959808403203,-iii,3,7.18419349600523,4.77959808403203,0.0266511280899984
153,57,IV,1,6.39660478118186,4.33824316572275,IV,1,6.0636402083031,5.40396119496012,
153,58,iii,1,5.25830986038592,5.46015231333603,iii,1,5.25830986038592,5.46015231333603,
153,59,vi,2,3.88056434428391,5.20474876077054,vi,2,3.88056434428391,5.20474876077054,
153,60,ii,3,3.12332133618508,4.96125786289468,ii,3,3.12332133618508,4.96125786289468,
153,61,I,4,4.06648165628245,4.79205003277203,I,4,4.06648165628245,4.79205003277203,
,,,,,,,,,,
154,13,I,5,2.56398489539881,4.11750782709229,I,5,2.56398489539881,4.11750782709229,
154,14,iv,5,5.6784154043939,5.19974290858501,iv,5,5.6784154043939,5.19974290858501,
154,15,I,4,2.49873251161012,4.89695766762155,I,4,2.49873251161012,4.89695766762155,
154,16,iv,5,3.20664600669161,4.66342858519195,iv,5,3.20664600669161,4.66342858519195,
154,17,I,5,1.63555725111559,4.43169744819651,I,5,1.63555725111559,4.43169744819651,
154,18,#IV,6,7.55812278639041,4.28599880291646,vo,6,7.58672227949594,4.28599880291646,0.0285994931055278
154,19,iv,2,7.46698727787462,3.19091740638423,iv,2,5.12672227169757,4.11023617216366,
154,20,-III,1,5.25061088482598,5.45298253750334,-III,2,5.5052456636313,5.23795015909004,
154,21,I,2,5.11533565876399,5.33789410002533,I,2,5.11533565876399,5.33789410002533,
154,22,iv,3,5.49584581795407,4.80247879652896,iv,3,5.49584581795407,4.80247879652896,
154,23,I,3,4.28442698113964,5.01642805793056,I,3,4.28442698113964,5.01642805793056,
,,,,,,,,,,
155,21,I,2,5.11533565876399,5.33789410002533,I,2,5.11533565876399,5.33789410002533,
155,22,iv,3,5.49584581795407,4.80247879652896,iv,3,5.49584581795407,4.80247879652896,
155,23,I,3,4.28442698113964,5.01642805793056,I,3,4.28442698113964,5.01642805793056,
155,24,iv,3,3.28501200841588,5.12756237700192,iv,3,3.28501200841588,5.12756237700192,
155,25,I,4,2.62782675606846,4.99593757888795,I,4,2.62782675606846,4.99593757888795,
155,26,#IV,5,7.27233505431236,4.64934421436809,vo,5,7.30093454741788,4.64934421436809,0.0285994931055278
155,27,iv,2,7.46698727787462,3.19091740638423,iv,2,5.12672227169757,4.11023617216366,
155,28,-VI,1,5.31977290933337,5.45298253750334,-VI,2,5.5744076881387,5.23795015909004,
155,29,I,2,5.43780755337442,5.19040854958852,I,2,5.43780755337442,5.19040854958852,
155,30,I,2,4.33519713273102,5.41934604014041,I,2,4.33519713273102,5.41934604014041,
155,31,iv,3,4.83128580160429,5.36798749318986,iv,3,4.83128580160429,5.36798749318986,
,,,,,,,,,,
156,30,I,2,4.33519713273102,5.41934604014041,I,2,4.33519713273102,5.41934604014041,
156,31,iv,3,4.83128580160429,5.36798749318986,iv,3,4.83128580160429,5.36798749318986,
156,32,I,4,3.93997197716702,4.65115140116723,I,4,3.93997197716702,4.65115140116723,
156,33,iv,4,2.35425588667656,4.70879800011142,iv,4,2.35425588667656,4.70879800011142,
156,34,I,5,1.39232462394126,4.1767815461776,I,5,1.39232462394126,4.1767815461776,
156,35,#IV,6,7.41912539439768,4.48885900638762,vo,6,7.44772488750321,4.48885900638762,0.0285994931055278
156,36,iv,2,7.46698727787462,3.19091740638423,iv,2,5.12672227169757,4.11023617216366,
156,37,-VI,1,5.31977290933337,5.45298253750334,-VI,2,5.5744076881387,5.23795015909004,
156,38,I,2,5.43780755337442,5.19040854958852,I,2,5.43780755337442,5.19040854958852,
156,39,I,2,4.33519713273102,5.41934604014041,I,2,4.33519713273102,5.41934604014041,
156,40,I+,3,6.43398439287137,5.36798749318986,I+,3,6.43398439287137,5.36798749318986,
,,,,,,,,,,
157,57,IV,1,6.39660478118186,4.33824316572275,IV,1,6.39660478118186,4.33824316572275,
157,58,iii,1,5.25830986038592,5.46015231333603,iii,1,5.25830986038592,5.46015231333603,
157,59,vi,2,3.88056434428391,5.20474876077054,vi,2,3.88056434428391,5.20474876077054,
157,60,ii,3,3.12332133618508,4.96125786289468,ii,3,3.12332133618508,4.96125786289468,
157,61,I,4,4.06648165628245,4.79205003277203,I,4,4.06648165628245,4.79205003277203,
157,62,#IV,5,7.04988607715519,4.69930341512554,vo,5,7.07848557026072,4.69930341512554,0.0285994931055278
157,63,VII,2,5.86348521659191,3.19091740638423,VII,2,7.15688424220782,4.11023617216366,
157,64,-iii,2,6.18311163009071,4.45248520163112,-iii,1,5.65553685528837,5.34612393077972,
157,65,-iii,2,6.98610868287465,4.6330856208257,-iii,2,6.98610868287465,4.6330856208257,
157,66,-vi,1,6.59233448937751,5.40396119496012,-vi,1,6.59233448937751,5.40396119496012,
157,67,#IV,1,6.60402569114554,5.18655150239105,#IV,1,6.60402569114554,5.18655150239105,
,,,,,,,,,,
158,35,#IV,6,7.41912539439768,4.48885900638762,#IV,6,7.41912539439768,4.48885900638762,
158,36,iv,2,7.46698727787462,3.19091740638423,iv,2,7.46698727787462,3.19091740638423,
158,37,-VI,1,5.31977290933337,5.45298253750334,-VI,1,5.31977290933337,5.45298253750334,
158,38,I,2,5.43780755337442,5.19040854958852,I,2,5.43780755337442,5.19040854958852,
158,39,I,2,4.33519713273102,5.41934604014041,I,2,4.33519713273102,5.41934604014041,
158,40,I+,3,6.43398439287137,5.36798749318986,-iiio,3,6.46473184568554,5.36798749318986,0.0307474528141745
158,41,I,3,1.23060987917747,3.58387461067546,I,3,5.130220711451,2.94496452339277,
158,42,iii,4,5.98492812162663,4.94787677837653,iii,2,5.76884102113456,5.21114372914055,
158,43,vi,2,3.67010962802191,5.21915222061716,vi,2,3.67010962802191,5.21915222061716,
158,44,IV,3,3.69572439801877,5.11045100096823,IV,3,3.69572439801877,5.11045100096823,
158,45,-VII,4,5.92621902476389,4.60250761294049,-VII,4,5.92621902476389,4.60250761294049,
,,,,,,,,,,
159,52,vi,2,3.67010962802191,5.21915222061716,vi,2,3.67010962802191,5.21915222061716,
159,53,IV,3,3.69572439801877,5.11045100096823,IV,3,3.69572439801877,5.11045100096823,
159,54,-VII,4,5.92621902476389,4.60250761294049,-VII,4,5.92621902476389,4.60250761294049,
159,55,V,3,5.23038282043269,4.70296834590197,V,3,5.23038282043269,4.70296834590197,
159,56,#IV+,3,7.21084462409523,4.77959808403203,#IV+,3,7.21084462409523,4.77959808403203,
159,57,IV,1,6.39660478118186,4.33824316572275,ii,1,6.42977164511706,4.33824316572275,0.0331668639351994
159,58,iii,1,5.25830986038592,5.46015231333603,iii,1,5.1369719887192,5.44794646687612,
159,59,vi,2,3.88056434428391,5.20474876077054,vi,2,3.73265989507588,4.85216379434603,
159,60,ii,3,3.12332133618508,4.96125786289468,ii,3,3.64021606459135,4.98879630154624,
159,61,I,4,4.06648165628245,4.79205003277203,I,4,4.59519463468696,4.80359449169657,
159,62,#IV,5,7.04988607715519,4.69930341512554,#IV,4,6.80704486088988,5.09264181687644,
,,,,,,,,,,
160,52,vi,2,3.67010962802191,5.21915222061716,vi,2,3.67010962802191,5.21915222061716,
160,53,IV,3,3.69572439801877,5.11045100096823,IV,3,3.69572439801877,5.11045100096823,
160,54,-VII,4,5.92621902476389,4.60250761294049,-VII,4,5.92621902476389,4.60250761294049,
160,55,V,3,5.23038282043269,4.70296834590197,V,3,5.23038282043269,4.70296834590197,
160,56,#IV+,3,7.21084462409523,4.77959808403203,#IV+,3,7.21084462409523,4.77959808403203,
160,57,IV,1,6.39660478118186,4.33824316572275,i,1,6.42977164511706,4.33824316572275,0.0331668639351994
160,58,iii,1,5.25830986038592,5.46015231333603,iii,1,6.29525106911678,5.45235558648835,
160,59,vi,2,3.88056434428391,5.20474876077054,vi,1,4.67270118529174,5.43891454293063,
160,60,ii,3,3.12332133618508,4.96125786289468,ii,2,4.11203516716582,5.28459180214001,
160,61,I,4,4.06648165628245,4.79205003277203,I,3,4.36823236003085,5.08427665191886,
160,62,#IV,5,7.04988607715519,4.69930341512554,#IV,4,6.80704486088988,5.09264181687644,
,,,,,,,,,,
161,41,I,3,1.23060987917747,3.58387461067546,I,3,1.23060987917747,3.58387461067546,
161,42,iii,4,5.98492812162663,4.94787677837653,iii,4,5.98492812162663,4.94787677837653,
161,43,vi,2,3.67010962802191,5.21915222061716,vi,2,3.67010962802191,5.21915222061716,
161,44,IV,3,3.69572439801877,5.11045100096823,IV,3,3.69572439801877,5.11045100096823,
161,45,-VII,4,5.92621902476389,4.60250761294049,-VII,4,5.92621902476389,4.60250761294049,
161,46,IV,3,4.80620692836147,4.70296834590197,-VII,3,4.83946154835916,4.70296834590197,0.03325461999769
161,47,V,3,4.04677291528327,5.13068795614639,V,3,4.59097734785308,5.21876073183081,
161,48,I,4,2.50773853601309,4.7026225891055,I,4,2.38173518513996,4.48424838556224,
161,49,I+,5,6.68093454004438,5.02043641115032,I+,5,6.87481285752705,4.50336396994909,
161,50,I,3,2.81974766149247,4.95076396652624,I,3,2.81974766149247,4.95076396652624,
161,51,iii,4,5.95140374905293,5.00486099057086,iii,4,5.95140374905293,5.00486099057086,
,,,,,,,,,,
162,53,IV,3,3.69572439801877,5.11045100096823,IV,3,3.69572439801877,5.11045100096823,
162,54,-VII,4,5.92621902476389,4.60250761294049,-VII,4,5.92621902476389,4.60250761294049,
162,55,V,3,5.23038282043269,4.70296834590197,V,3,5.23038282043269,4.70296834590197,
162,56,#IV+,3,7.21084462409523,4.77959808403203,#IV+,3,7.21084462409523,4.77959808403203,
162,57,IV,1,6.39660478118186,4.33824316572275,IV,1,6.39660478118186,4.33824316572275,
162,58,iii,1,5.25830986038592,5.46015231333603,vi,1,5.2929591043256,5.46015231333603,0.0346492439396799
162,59,vi,2,3.88056434428391,5.20474876077054,vi,2,4.04019328187495,5.28387242605807,
162,60,ii,3,3.12332133618508,4.96125786289468,ii,3,4.58193290061393,5.27800005908862,
162,61,I,4,4.06648165628245,4.79205003277203,I,4,5.52387437429654,4.59119857091417,
162,62,#IV,5,7.04988607715519,4.69930341512554,#IV,3,6.61898627008975,5.29939316664639,
162,63,VII,2,5.86348521659191,3.19091740638423,VII,2,5.86348521659191,3.19091740638423,
,,,,,,,,,,
163,65,-iii,2,6.98610868287465,4.6330856208257,-iii,2,6.98610868287465,4.6330856208257,
163,66,-vi,1,6.59233448937751,5.40396119496012,-vi,1,6.59233448937751,5.40396119496012,
163,67,#IV,1,6.60402569114554,5.18655150239105,#IV,1,6.60402569114554,5.18655150239105,
163,68,v,1,6.40702811257819,5.26832602886992,v,1,6.40702811257819,5.26832602886992,
163,69,i,1,5.04582678585244,5.40780748387603,i,1,5.04582678585244,5.40780748387603,
163,70,iv,2,4.44893493864514,5.28631663594942,-VII,2,4.48412249305038,5.28631663594942,0.0351875544052378
163,71,-III,3,3.78247959356285,5.1053219814982,-III,3,5.07110358339096,5.05343701787943,
163,72,-iii,4,7.2706672863486,4.79876121807827,-iii,3,7.07030696873988,5.09857948634237,
163,73,-II,1,6.39378880999543,5.40396119496012,-II,1,6.39378880999543,5.40396119496012,
163,74,-II,1,5.00540633624959,5.44048428464702,-II,1,5.00540633624959,5.44048428464702,
163,75,-iii,2,6.7766771965543,5.16831836386541,-iii,2,6.7766771965543,5.16831836386541,
,,,,,,,,,,
164,14,iv,5,5.6784154043939,5.19974290858501,iv,5,5.6784154043939,5.19974290858501,
164,15,I,4,2.49873251161012,4.89695766762155,I,4,2.49873251161012,4.89695766762155,
164,16,iv,5,3.20664600669161,4.66342858519195,iv,5,3.20664600669161,4.66342858519195,
164,17,I,5,1.63555725111559,4.43169744819651,I,5,1.63555725111559,4.43169744819651,
164,18,#IV,6,7.55812278639041,4.28599880291646,#IV,6,7.55812278639041,4.28599880291646,
164,19,iv,2,7.46698727787462,3.19091740638423,vi,2,7.43179784941232,3.19091740638423,0.0351894284623002
164,20,-III,1,5.25061088482598,5.45298253750334,-III,1,5.94378086947892,5.45949806372931,
164,21,I,2,5.11533565876399,5.33789410002533,I,2,5.38532800594613,5.26031732970339,
164,22,iv,3,5.49584581795407,4.80247879652896,iv,2,5.22614728495463,5.26832080386372,
164,23,I,3,4.28442698113964,5.01642805793056,I,3,4.28442698113964,5.01642805793056,
164,24,iv,3,3.28501200841588,5.12756237700192,iv,3,3.28501200841588,5.12756237700192,
,,,,,,,,,,
165,22,iv,3,5.49584581795407,4.80247879652896,iv,3,5.49584581795407,4.80247879652896,
165,23,I,3,4.28442698113964,5.01642805793056,I,3,4.28442698113964,5.01642805793056,
165,24,iv,3,3.28501200841588,5.12756237700192,iv,3,3.28501200841588,5.12756237700192,
165,25,I,4,2.62782675606846,4.99593757888795,I,4,2.62782675606846,4.99593757888795,
165,26,#IV,5,7.27233505431236,4.64934421436809,#IV,5,7.27233505431236,4.64934421436809,
165,27,iv,2,7.46698727787462,3.19091740638423,vi,2,7.43179784941232,3.19091740638423,0.0351894284623002
165,28,-VI,1,5.31977290933337,5.45298253750334,-VI,1,5.62688836448886,5.45949806372931,
165,29,I,2,5.43780755337442,5.19040854958852,I,2,5.45096432658217,5.16649047981376,
165,30,I,2,4.33519713273102,5.41934604014041,I,2,4.33519713273102,5.41934604014041,
165,31,iv,3,4.83128580160429,5.36798749318986,iv,3,4.83128580160429,5.36798749318986,
165,32,I,4,3.93997197716702,4.65115140116723,I,4,3.93997197716702,4.65115140116723,
,,,,,,,,,,
166,31,iv,3,4.83128580160429,5.36798749318986,iv,3,4.83128580160429,5.36798749318986,
166,32,I,4,3.93997197716702,4.65115140116723,I,4,3.93997197716702,4.65115140116723,
166,33,iv,4,2.35425588667656,4.70879800011142,iv,4,2.35425588667656,4.70879800011142,
166,34,I,5,1.39232462394126,4.1767815461776,I,5,1.39232462394126,4.1767815461776,
166,35,#IV,6,7.41912539439768,4.48885900638762,#IV,6,7.41912539439768,4.48885900638762,
166,36,iv,2,7.46698727787462,3.19091740638423,vi,2,7.43179784941232,3.19091740638423,0.0351894284623002
166,37,-VI,1,5.31977290933337,5.45298253750334,-VI,1,5.62688836448886,5.45949806372931,
166,38,I,2,5.43780755337442,5.19040854958852,I,2,5.45096432658217,5.16649047981376,
166,39,I,2,4.33519713273102,5.41934604014041,I,2,4.33519713273102,5.41934604014041,
166,40,I+,3,6.43398439287137,5.36798749318986,I+,3,6.43398439287137,5.36798749318986,
166,41,I,3,1.23060987917747,3.58387461067546,I,3,1.23060987917747,3.58387461067546,
,,,,,,,,,,
167,58,iii,1,5.25830986038592,5.46015231333603,iii,1,5.25830986038592,5.46015231333603,
167,59,vi,2,3.88056434428391,5.20474876077054,vi,2,3.88056434428391,5.20474876077054,
167,60,ii,3,3.12332133618508,4.96125786289468,ii,3,3.12332133618508,4.96125786289468,
167,61,I,4,4.06648165628245,4.79205003277203,I,4,4.06648165628245,4.79205003277203,
167,62,#IV,5,7.04988607715519,4.69930341512554,#IV,5,7.04988607715519,4.69930341512554,
167,63,VII,2,5.86348521659191,3.19091740638423,#IV,2,5.89908819358069,3.19091740638423,0.0356029769887805
167,64,-iii,2,6.18311163009071,4.45248520163112,-iii,2,7.11982117439556,4.41656597700969,
167,65,-iii,2,6.98610868287465,4.6330856208257,-iii,1,6.52307182694039,5.40396119496012,
167,66,-vi,1,6.59233448937751,5.40396119496012,-vi,1,6.59233448937751,5.40396119496012,
167,67,#IV,1,6.60402569114554,5.18655150239105,#IV,1,6.60402569114554,5.18655150239105,
167,68,v,1,6.40702811257819,5.26832602886992,v,1,6.40702811257819,5.26832602886992,
,,,,,,,,,,
168,90,iv,2,3.27745556605902,4.97469682440288,iv,2,3.27745556605902,4.97469682440288,
168,91,-vii,3,6.89085088417614,4.81247574766958,-vii,3,6.89085088417614,4.81247574766958,
168,92,-VI,2,5.45704502580042,4.72483603609195,-VI,2,5.45704502580042,4.72483603609195,
168,93,-vi,2,6.3383993290159,5.16499410827579,-vi,2,6.3383993290159,5.16499410827579,
168,94,#IV,2,7.15255786947222,4.36051564243597,#IV,2,7.15255786947222,4.36051564243597,
168,95,#IV,1,4.74720653884321,5.26832602886992,VII,1,4.71160356185443,5.26832602886992,0.0356029769887813
168,96,-vi,2,7.18908383683268,4.41656597700969,-vi,2,7.3412508477971,4.45248520163112,
168,97,-vii,1,4.00068466110953,5.18655150239105,-vii,1,4.00068466110953,5.18655150239105,
168,98,i,2,5.08527498042575,4.93666262653595,i,2,5.08527498042575,4.93666262653595,
168,99,iv,2,3.27745556605902,4.97469682440288,iv,2,3.27745556605902,4.97469682440288,
168,100,-vii,3,6.89085088417614,4.81247574766958,-vii,3,6.89085088417614,4.81247574766958,
,,,,,,,,,,
169,153,iv,2,3.27745556605902,4.97469682440288,iv,2,3.27745556605902,4.97469682440288,
169,154,-vii,3,6.89085088417614,4.81247574766958,-vii,3,6.89085088417614,4.81247574766958,
169,155,-VI,2,5.45704502580042,4.72483603609195,-VI,2,5.45704502580042,4.72483603609195,
169,156,-vi,2,6.3383993290159,5.16499410827579,-vi,2,6.3383993290159,5.16499410827579,
169,157,#IV,2,7.15255786947222,4.36051564243597,#IV,2,7.15255786947222,4.36051564243597,
169,158,#IV,1,4.74720653884321,5.26832602886992,VII,1,4.71160356185443,5.26832602886992,0.0356029769887813
169,159,-vi,2,7.18908383683268,4.41656597700969,-vi,2,7.3412508477971,4.45248520163112,
169,160,-vii,1,4.00068466110953,5.18655150239105,-vii,1,4.00068466110953,5.18655150239105,
169,161,i,2,5.08527498042575,4.93666262653595,i,2,5.08527498042575,4.93666262653595,
169,162,r,2,3.1525055960188,4.97469682440288,r,2,3.1525055960188,4.97469682440288,
169,163,r,2,1.71736353267208,3.74300594358816,r,2,1.71736353267208,3.74300594358816,
,,,,,,,,,,
170,83,-II,1,5.00540633624959,5.44048428464702,-II,1,5.00540633624959,5.44048428464702,
170,84,-iii,2,6.7766771965543,5.16831836386541,-iii,2,6.7766771965543,5.16831836386541,
170,85,iv,1,6.18322182405577,5.40396119496012,iv,1,6.18322182405577,5.40396119496012,
170,86,#IV,1,6.4609038285878,5.45298253750334,#IV,1,6.4609038285878,5.45298253750334,
170,87,-vi,1,6.72421828845889,5.26832602886992,-vi,1,6.72421828845889,5.26832602886992,
170,88,-vii,1,4.00068466110953,5.18655150239105,-III,1,3.96461540640201,5.18655150239105,0.0360692547075212
170,89,i,2,5.08527498042575,4.93666262653595,i,2,5.342451207804,5.25516757234883,
170,90,iv,2,3.27745556605902,4.97469682440288,iv,2,4.67012716154189,5.3583999814343,
170,91,-vii,3,6.89085088417614,4.81247574766958,-vii,3,6.75992331761415,5.14239060484454,
170,92,-VI,2,5.45704502580042,4.72483603609195,-VI,2,5.45704502580042,4.72483603609195,
170,93,-vi,2,6.3383993290159,5.16499410827579,-vi,2,6.3383993290159,5.16499410827579,
,,,,,,,,,,
171,92,-VI,2,5.45704502580042,4.72483603609195,-VI,2,5.45704502580042,4.72483603609195,
171,93,-vi,2,6.3383993290159,5.16499410827579,-vi,2,6.3383993290159,5.16499410827579,
171,94,#IV,2,7.15255786947222,4.36051564243597,#IV,2,7.15255786947222,4.36051564243597,
171,95,#IV,1,4.74720653884321,5.26832602886992,#IV,1,4.74720653884321,5.26832602886992,
171,96,-vi,2,7.18908383683268,4.41656597700969,-vi,2,7.18908383683268,4.41656597700969,
171,97,-vii,1,4.00068466110953,5.18655150239105,-III,1,3.96461540640201,5.18655150239105,0.0360692547075212
171,98,i,2,5.08527498042575,4.93666262653595,i,2,5.342451207804,5.25516757234883,
171,99,iv,2,3.27745556605902,4.97469682440288,iv,2,4.67012716154189,5.3583999814343,
171,100,-vii,3,6.89085088417614,4.81247574766958,-vii,3,6.75992331761415,5.14239060484454,
171,101,-VI,2,5.45704502580042,4.72483603609195,-VI,2,5.45704502580042,4.72483603609195,
171,102,-vi,2,6.3383993290159,5.16499410827579,-vi,2,6.3383993290159,5.16499410827579,
,,,,,,,,,,
172,155,-VI,2,5.45704502580042,4.72483603609195,-VI,2,5.45704502580042,4.72483603609195,
172,156,-vi,2,6.3383993290159,5.16499410827579,-vi,2,6.3383993290159,5.16499410827579,
172,157,#IV,2,7.15255786947222,4.36051564243597,#IV,2,7.15255786947222,4.36051564243597,
172,158,#IV,1,4.74720653884321,5.26832602886992,#IV,1,4.74720653884321,5.26832602886992,
172,159,-vi,2,7.18908383683268,4.41656597700969,-vi,2,7.18908383683268,4.41656597700969,
172,160,-vii,1,4.00068466110953,5.18655150239105,-III,1,3.96461540640201,5.18655150239105,0.0360692547075212
172,161,i,2,5.08527498042575,4.93666262653595,i,2,5.342451207804,5.25516757234883,
172,162,r,2,3.1525055960188,4.97469682440288,r,2,2.85961412544993,5.3583999814343,
172,163,r,2,1.71736353267208,3.74300594358816,r,3,0.942605005217384,2.96808141167642,
,,,,,,,,,,
173,71,-III,3,3.78247959356285,5.1053219814982,-III,3,3.78247959356285,5.1053219814982,
173,72,-iii,4,7.2706672863486,4.79876121807827,-iii,4,7.2706672863486,4.79876121807827,
173,73,-II,1,6.39378880999543,5.40396119496012,-II,1,6.39378880999543,5.40396119496012,
173,74,-II,1,5.00540633624959,5.44048428464702,-II,1,5.00540633624959,5.44048428464702,
173,75,-iii,2,6.7766771965543,5.16831836386541,-iii,2,6.7766771965543,5.16831836386541,
173,76,iv,1,6.18322182405577,5.40396119496012,VI,1,6.21929107876329,5.40396119496012,0.0360692547075221
173,77,v,1,5.03569244506737,5.45298253750334,v,1,6.2791121524857,5.40983033292682,
173,78,i,2,4.12906689482177,5.18762847529485,i,1,5.04582678585244,5.40780748387603,
173,79,iv,3,3.69985452108245,4.82022148031579,iv,2,4.44893493864514,5.28631663594942,
173,80,-III,4,4.33470413158456,4.148277617094,-III,3,3.78247959356285,5.1053219814982,
173,81,-iii,4,7.2706672863486,4.79876121807827,-iii,4,7.2706672863486,4.79876121807827,
,,,,,,,,,,
174,80,-III,4,4.33470413158456,4.148277617094,-III,4,4.33470413158456,4.148277617094,
174,81,-iii,4,7.2706672863486,4.79876121807827,-iii,4,7.2706672863486,4.79876121807827,
174,82,-II,1,6.39378880999543,5.40396119496012,-II,1,6.39378880999543,5.40396119496012,
174,83,-II,1,5.00540633624959,5.44048428464702,-II,1,5.00540633624959,5.44048428464702,
174,84,-iii,2,6.7766771965543,5.16831836386541,-iii,2,6.7766771965543,5.16831836386541,
174,85,iv,1,6.18322182405577,5.40396119496012,VI,1,6.21929107876329,5.40396119496012,0.0360692547075221
174,86,#IV,1,6.4609038285878,5.45298253750334,#IV,1,6.50467185290083,5.40983033292682,
174,87,-vi,1,6.72421828845889,5.26832602886992,-vi,1,6.72421828845889,5.26832602886992,
174,88,-vii,1,4.00068466110953,5.18655150239105,-vii,1,4.00068466110953,5.18655150239105,
174,89,i,2,5.08527498042575,4.93666262653595,i,2,5.08527498042575,4.93666262653595,
174,90,iv,2,3.27745556605902,4.97469682440288,iv,2,3.27745556605902,4.97469682440288,
,,,,,,,,,,
175,63,VII,2,5.86348521659191,3.19091740638423,VII,2,5.86348521659191,3.19091740638423,
175,64,-iii,2,6.18311163009071,4.45248520163112,-iii,2,6.18311163009071,4.45248520163112,
175,65,-iii,2,6.98610868287465,4.6330856208257,-iii,2,6.98610868287465,4.6330856208257,
175,66,-vi,1,6.59233448937751,5.40396119496012,-vi,1,6.59233448937751,5.40396119496012,
175,67,#IV,1,6.60402569114554,5.18655150239105,#IV,1,6.60402569114554,5.18655150239105,
175,68,v,1,6.40702811257819,5.26832602886992,III,1,6.36955340715953,5.26832602886992,0.0374747054186626
175,69,i,1,5.04582678585244,5.40780748387603,i,1,5.81637255704457,5.39528123260997,
175,70,iv,2,4.44893493864514,5.28631663594942,iv,2,5.38456951513163,5.0158007792664,
175,71,-III,3,3.78247959356285,5.1053219814982,-III,2,4.46081025941176,5.28280167963705,
175,72,-iii,4,7.2706672863486,4.79876121807827,-iii,3,6.98335699728166,5.22548468434035,
175,73,-II,1,6.39378880999543,5.40396119496012,-II,1,6.39378880999543,5.40396119496012,
,,,,,,,,,,
176,86,#IV,1,6.4609038285878,5.45298253750334,#IV,1,6.4609038285878,5.45298253750334,
176,87,-vi,1,6.72421828845889,5.26832602886992,-vi,1,6.72421828845889,5.26832602886992,
176,88,-vii,1,4.00068466110953,5.18655150239105,-vii,1,4.00068466110953,5.18655150239105,
176,89,i,2,5.08527498042575,4.93666262653595,i,2,5.08527498042575,4.93666262653595,
176,90,iv,2,3.27745556605902,4.97469682440288,iv,2,3.27745556605902,4.97469682440288,
176,91,-vii,3,6.89085088417614,4.81247574766958,-V,3,6.85314571629039,4.81247574766958,0.0377051678857487
176,92,-VI,2,5.45704502580042,4.72483603609195,-VI,2,6.57866920663076,4.57947434312355,
176,93,-vi,2,6.3383993290159,5.16499410827579,-vi,1,6.0430753852256,5.44486045691617,
176,94,#IV,2,7.15255786947222,4.36051564243597,#IV,2,7.15255786947222,4.36051564243597,
176,95,#IV,1,4.74720653884321,5.26832602886992,#IV,1,4.74720653884321,5.26832602886992,
176,96,-vi,2,7.18908383683268,4.41656597700969,-vi,2,7.18908383683268,4.41656597700969,
,,,,,,,,,,
177,64,-iii,2,6.18311163009071,4.45248520163112,-iii,2,6.18311163009071,4.45248520163112,
177,65,-iii,2,6.98610868287465,4.6330856208257,-iii,2,6.98610868287465,4.6330856208257,
177,66,-vi,1,6.59233448937751,5.40396119496012,-vi,1,6.59233448937751,5.40396119496012,
177,67,#IV,1,6.60402569114554,5.18655150239105,#IV,1,6.60402569114554,5.18655150239105,
177,68,v,1,6.40702811257819,5.26832602886992,v,1,6.40702811257819,5.26832602886992,
177,69,i,1,5.04582678585244,5.40780748387603,iv,1,5.08509465297299,5.40780748387603,0.0392678671205431
177,70,iv,2,4.44893493864514,5.28631663594942,iv,2,4.41168704809398,5.34458315722951,
177,71,-III,3,3.78247959356285,5.1053219814982,-III,3,4.51748297799427,5.24350894552315,
177,72,-iii,4,7.2706672863486,4.79876121807827,-iii,4,7.34112497026519,4.61235341764469,
177,73,-II,1,6.39378880999543,5.40396119496012,-II,1,6.39378880999543,5.40396119496012,
177,74,-II,1,5.00540633624959,5.44048428464702,-II,1,5.00540633624959,5.44048428464702,
,,,,,,,,,,
178,72,-iii,4,7.2706672863486,4.79876121807827,-iii,4,7.2706672863486,4.79876121807827,
178,73,-II,1,6.39378880999543,5.40396119496012,-II,1,6.39378880999543,5.40396119496012,
178,74,-II,1,5.00540633624959,5.44048428464702,-II,1,5.00540633624959,5.44048428464702,
178,75,-iii,2,6.7766771965543,5.16831836386541,-iii,2,6.7766771965543,5.16831836386541,
178,76,iv,1,6.18322182405577,5.40396119496012,iv,1,6.18322182405577,5.40396119496012,
178,77,v,1,5.03569244506737,5.45298253750334,iv,1,4.99494945047543,5.45298253750334,0.0407429945919375
178,78,i,2,4.12906689482177,5.18762847529485,i,2,4.50776511700712,5.34858402230655,
178,79,iv,3,3.69985452108245,4.82022148031579,iv,3,3.77484621359099,4.96357772887466,
178,80,-III,4,4.33470413158456,4.148277617094,-III,4,4.8445038114423,5.0367571167839,
178,81,-iii,4,7.2706672863486,4.79876121807827,-iii,3,6.98335699728166,5.22548468434035,
178,82,-II,1,6.39378880999543,5.40396119496012,-II,1,6.39378880999543,5.40396119496012,
,,,,,,,,,,
179,53,IV,3,3.69572439801877,5.11045100096823,IV,3,3.69572439801877,5.11045100096823,
179,54,-VII,4,5.92621902476389,4.60250761294049,-VII,4,5.92621902476389,4.60250761294049,
179,55,V,3,5.23038282043269,4.70296834590197,V,3,5.23038282043269,4.70296834590197,
179,56,#IV+,3,7.21084462409523,4.77959808403203,#IV+,3,7.21084462409523,4.77959808403203,
179,57,IV,1,6.39660478118186,4.33824316572275,IV,1,6.39660478118186,4.33824316572275,
179,58,iii,1,5.25830986038592,5.46015231333603,ii,1,5.21606444961265,5.46015231333603,0.0422454107732761
179,59,vi,2,3.88056434428391,5.20474876077054,vi,2,4.57844362168405,5.13939398762019,
179,60,ii,3,3.12332133618508,4.96125786289468,ii,3,3.59122901947164,5.0506194416527,
179,61,I,4,4.06648165628245,4.79205003277203,I,4,5.31307193440382,4.4632548174668,
179,62,#IV,5,7.04988607715519,4.69930341512554,#IV,3,6.61898627008975,5.29939316664639,
179,63,VII,2,5.86348521659191,3.19091740638423,VII,2,5.86348521659191,3.19091740638423,
,,,,,,,,,,
180,51,iii,4,5.95140374905293,5.00486099057086,iii,4,5.95140374905293,5.00486099057086,
180,52,vi,2,3.67010962802191,5.21915222061716,vi,2,3.67010962802191,5.21915222061716,
180,53,IV,3,3.69572439801877,5.11045100096823,IV,3,3.69572439801877,5.11045100096823,
180,54,-VII,4,5.92621902476389,4.60250761294049,-VII,4,5.92621902476389,4.60250761294049,
180,55,V,3,5.23038282043269,4.70296834590197,V,3,5.23038282043269,4.70296834590197,
180,56,#IV+,3,7.21084462409523,4.77959808403203,I+,3,7.25345615844234,4.77959808403203,0.042611534347115
180,57,IV,1,6.39660478118186,4.33824316572275,IV,1,2.83309917618626,4.95076396652624,
180,58,iii,1,5.25830986038592,5.46015231333603,iii,2,4.24779039919378,5.34235654692072,
180,59,vi,2,3.88056434428391,5.20474876077054,vi,3,4.19945486801306,4.68319186047761,
180,60,ii,3,3.12332133618508,4.96125786289468,ii,3,3.12332133618508,4.96125786289468,
180,61,I,4,4.06648165628245,4.79205003277203,I,4,4.06648165628245,4.79205003277203,
,,,,,,,,,,
181,51,iii,4,5.95140374905293,5.00486099057086,iii,4,5.95140374905293,5.00486099057086,
181,52,vi,2,3.67010962802191,5.21915222061716,vi,2,3.67010962802191,5.21915222061716,
181,53,IV,3,3.69572439801877,5.11045100096823,IV,3,3.69572439801877,5.11045100096823,
181,54,-VII,4,5.92621902476389,4.60250761294049,-VII,4,5.92621902476389,4.60250761294049,
181,55,V,3,5.23038282043269,4.70296834590197,V,3,5.23038282043269,4.70296834590197,
181,56,#IV+,3,7.21084462409523,4.77959808403203,-ii,3,7.25345615844234,4.77959808403203,0.042611534347115
181,57,IV,1,6.39660478118186,4.33824316572275,IV,1,6.24576875942582,5.10820539629235,
181,58,iii,1,5.25830986038592,5.46015231333603,iii,1,5.25830986038592,5.46015231333603,
181,59,vi,2,3.88056434428391,5.20474876077054,vi,2,3.88056434428391,5.20474876077054,
181,60,ii,3,3.12332133618508,4.96125786289468,ii,3,3.12332133618508,4.96125786289468,
181,61,I,4,4.06648165628245,4.79205003277203,I,4,4.06648165628245,4.79205003277203,
,,,,,,,,,,
182,51,iii,4,5.95140374905293,5.00486099057086,iii,4,5.95140374905293,5.00486099057086,
182,52,vi,2,3.67010962802191,5.21915222061716,vi,2,3.67010962802191,5.21915222061716,
182,53,IV,3,3.69572439801877,5.11045100096823,IV,3,3.69572439801877,5.11045100096823,
182,54,-VII,4,5.92621902476389,4.60250761294049,-VII,4,5.92621902476389,4.60250761294049,
182,55,V,3,5.23038282043269,4.70296834590197,V,3,5.23038282043269,4.70296834590197,
182,56,#IV+,3,7.21084462409523,4.77959808403203,-vi,3,7.25345615844234,4.77959808403203,0.042611534347115
182,57,IV,1,6.39660478118186,4.33824316572275,IV,1,3.93639553275455,5.18655150239105,
182,58,iii,1,5.25830986038592,5.46015231333603,iii,2,5.55382854474615,5.02978532318032,
182,59,vi,2,3.88056434428391,5.20474876077054,vi,2,3.88056434428391,5.20474876077054,
182,60,ii,3,3.12332133618508,4.96125786289468,ii,3,3.12332133618508,4.96125786289468,
182,61,I,4,4.06648165628245,4.79205003277203,I,4,4.06648165628245,4.79205003277203,
,,,,,,,,,,
183,51,iii,4,5.95140374905293,5.00486099057086,iii,4,5.95140374905293,5.00486099057086,
183,52,vi,2,3.67010962802191,5.21915222061716,vi,2,3.67010962802191,5.21915222061716,
183,53,IV,3,3.69572439801877,5.11045100096823,IV,3,3.69572439801877,5.11045100096823,
183,54,-VII,4,5.92621902476389,4.60250761294049,-VII,4,5.92621902476389,4.60250761294049,
183,55,V,3,5.23038282043269,4.70296834590197,V,3,5.23038282043269,4.70296834590197,
183,56,#IV+,3,7.21084462409523,4.77959808403203,-I,3,7.25345615844234,4.77959808403203,0.042611534347115
183,57,IV,1,6.39660478118186,4.33824316572275,IV,1,6.09874990122273,5.22022618407369,
183,58,iii,1,5.25830986038592,5.46015231333603,iii,1,5.25830986038592,5.46015231333603,
183,59,vi,2,3.88056434428391,5.20474876077054,vi,2,3.88056434428391,5.20474876077054,
183,60,ii,3,3.12332133618508,4.96125786289468,ii,3,3.12332133618508,4.96125786289468,
183,61,I,4,4.06648165628245,4.79205003277203,I,4,4.06648165628245,4.79205003277203,
,,,,,,,,,,
184,88,-vii,1,4.00068466110953,5.18655150239105,-vii,1,4.00068466110953,5.18655150239105,
184,89,i,2,5.08527498042575,4.93666262653595,i,2,5.08527498042575,4.93666262653595,
184,90,iv,2,3.27745556605902,4.97469682440288,iv,2,3.27745556605902,4.97469682440288,
184,91,-vii,3,6.89085088417614,4.81247574766958,-vii,3,6.89085088417614,4.81247574766958,
184,92,-VI,2,5.45704502580042,4.72483603609195,-VI,2,5.45704502580042,4.72483603609195,
184,93,-vi,2,6.3383993290159,5.16499410827579,III,2,6.38107266561114,5.16499410827579,0.0426733365952376
184,94,#IV,2,7.15255786947222,4.36051564243597,#IV,2,6.46413577323178,4.94598293537804,
184,95,#IV,1,4.74720653884321,5.26832602886992,#IV,2,5.26775591039366,4.42049459710197,
184,96,-vi,2,7.18908383683268,4.41656597700969,-vi,2,7.18908383683268,4.41656597700969,
184,97,-vii,1,4.00068466110953,5.18655150239105,-vii,1,4.00068466110953,5.18655150239105,
184,98,i,2,5.08527498042575,4.93666262653595,i,2,5.08527498042575,4.93666262653595,
,,,,,,,,,,
185,62,#IV,5,7.04988607715519,4.69930341512554,#IV,5,7.04988607715519,4.69930341512554,
185,63,VII,2,5.86348521659191,3.19091740638423,VII,2,5.86348521659191,3.19091740638423,
185,64,-iii,2,6.18311163009071,4.45248520163112,-iii,2,6.18311163009071,4.45248520163112,
185,65,-iii,2,6.98610868287465,4.6330856208257,-iii,2,6.98610868287465,4.6330856208257,
185,66,-vi,1,6.59233448937751,5.40396119496012,-vi,1,6.59233448937751,5.40396119496012,
185,67,#IV,1,6.60402569114554,5.18655150239105,viio,1,6.56030431371622,5.18655150239105,0.0437213774293177
185,68,v,1,6.40702811257819,5.26832602886992,v,1,6.43480378069619,5.31221398171086,
185,69,i,1,5.04582678585244,5.40780748387603,i,1,5.04582678585244,5.40780748387603,
185,70,iv,2,4.44893493864514,5.28631663594942,iv,2,4.44893493864514,5.28631663594942,
185,71,-III,3,3.78247959356285,5.1053219814982,-III,3,3.78247959356285,5.1053219814982,
185,72,-iii,4,7.2706672863486,4.79876121807827,-iii,4,7.2706672863486,4.79876121807827,
,,,,,,,,,,
186,62,#IV,5,7.04988607715519,4.69930341512554,#IV,5,7.04988607715519,4.69930341512554,
186,63,VII,2,5.86348521659191,3.19091740638423,VII,2,5.86348521659191,3.19091740638423,
186,64,-iii,2,6.18311163009071,4.45248520163112,-iii,2,6.18311163009071,4.45248520163112,
186,65,-iii,2,6.98610868287465,4.6330856208257,-iii,2,6.98610868287465,4.6330856208257,
186,66,-vi,1,6.59233448937751,5.40396119496012,-vi,1,6.59233448937751,5.40396119496012,
186,67,#IV,1,6.60402569114554,5.18655150239105,vio,1,6.56030431371622,5.18655150239105,0.0437213774293177
186,68,v,1,6.40702811257819,5.26832602886992,v,1,6.37327105281004,5.39145218375802,
186,69,i,1,5.04582678585244,5.40780748387603,i,1,5.04582678585244,5.40780748387603,
186,70,iv,2,4.44893493864514,5.28631663594942,iv,2,4.44893493864514,5.28631663594942,
186,71,-III,3,3.78247959356285,5.1053219814982,-III,3,3.78247959356285,5.1053219814982,
186,72,-iii,4,7.2706672863486,4.79876121807827,-iii,4,7.2706672863486,4.79876121807827,
,,,,,,,,,,
187,81,-iii,4,7.2706672863486,4.79876121807827,-iii,4,7.2706672863486,4.79876121807827,
187,82,-II,1,6.39378880999543,5.40396119496012,-II,1,6.39378880999543,5.40396119496012,
187,83,-II,1,5.00540633624959,5.44048428464702,-II,1,5.00540633624959,5.44048428464702,
187,84,-iii,2,6.7766771965543,5.16831836386541,-iii,2,6.7766771965543,5.16831836386541,
187,85,iv,1,6.18322182405577,5.40396119496012,iv,1,6.18322182405577,5.40396119496012,
187,86,#IV,1,6.4609038285878,5.45298253750334,viio,1,6.41718245115848,5.45298253750334,0.0437213774293177
187,87,-vi,1,6.72421828845889,5.26832602886992,-vi,1,6.75199395657689,5.31221398171086,
187,88,-vii,1,4.00068466110953,5.18655150239105,-vii,1,4.00068466110953,5.18655150239105,
187,89,i,2,5.08527498042575,4.93666262653595,i,2,5.08527498042575,4.93666262653595,
187,90,iv,2,3.27745556605902,4.97469682440288,iv,2,3.27745556605902,4.97469682440288,
187,91,-vii,3,6.89085088417614,4.81247574766958,-vii,3,6.89085088417614,4.81247574766958,
,,,,,,,,,,
188,81,-iii,4,7.2706672863486,4.79876121807827,-iii,4,7.2706672863486,4.79876121807827,
188,82,-II,1,6.39378880999543,5.40396119496012,-II,1,6.39378880999543,5.40396119496012,
188,83,-II,1,5.00540633624959,5.44048428464702,-II,1,5.00540633624959,5.44048428464702,
188,84,-iii,2,6.7766771965543,5.16831836386541,-iii,2,6.7766771965543,5.16831836386541,
188,85,iv,1,6.18322182405577,5.40396119496012,iv,1,6.18322182405577,5.40396119496012,
188,86,#IV,1,6.4609038285878,5.45298253750334,vio,1,6.41718245115848,5.45298253750334,0.0437213774293177
188,87,-vi,1,6.72421828845889,5.26832602886992,-vi,1,6.69046122869074,5.39145218375802,
188,88,-vii,1,4.00068466110953,5.18655150239105,-vii,1,4.00068466110953,5.18655150239105,
188,89,i,2,5.08527498042575,4.93666262653595,i,2,5.08527498042575,4.93666262653595,
188,90,iv,2,3.27745556605902,4.97469682440288,iv,2,3.27745556605902,4.97469682440288,
188,91,-vii,3,6.89085088417614,4.81247574766958,-vii,3,6.89085088417614,4.81247574766958,
,,,,,,,,,,
189,89,i,2,5.08527498042575,4.93666262653595,i,2,5.08527498042575,4.93666262653595,
189,90,iv,2,3.27745556605902,4.97469682440288,iv,2,3.27745556605902,4.97469682440288,
189,91,-vii,3,6.89085088417614,4.81247574766958,-vii,3,6.89085088417614,4.81247574766958,
189,92,-VI,2,5.45704502580042,4.72483603609195,-VI,2,5.45704502580042,4.72483603609195,
189,93,-vi,2,6.3383993290159,5.16499410827579,-vi,2,6.3383993290159,5.16499410827579,
189,94,#IV,2,7.15255786947222,4.36051564243597,viio,2,7.10883649204291,4.36051564243597,0.0437213774293177
189,95,#IV,1,4.74720653884321,5.26832602886992,#IV,1,6.66036348111132,5.31221398171086,
189,96,-vi,2,7.18908383683268,4.41656597700969,-vi,1,6.72421828845889,5.26832602886992,
189,97,-vii,1,4.00068466110953,5.18655150239105,-vii,1,4.00068466110953,5.18655150239105,
189,98,i,2,5.08527498042575,4.93666262653595,i,2,5.08527498042575,4.93666262653595,
189,99,iv,2,3.27745556605902,4.97469682440288,iv,2,3.27745556605902,4.97469682440288,
,,,,,,,,,,
190,89,i,2,5.08527498042575,4.93666262653595,i,2,5.08527498042575,4.93666262653595,
190,90,iv,2,3.27745556605902,4.97469682440288,iv,2,3.27745556605902,4.97469682440288,
190,91,-vii,3,6.89085088417614,4.81247574766958,-vii,3,6.89085088417614,4.81247574766958,
190,92,-VI,2,5.45704502580042,4.72483603609195,-VI,2,5.45704502580042,4.72483603609195,
190,93,-vi,2,6.3383993290159,5.16499410827579,-vi,2,6.3383993290159,5.16499410827579,
190,94,#IV,2,7.15255786947222,4.36051564243597,vio,2,7.10883649204291,4.36051564243597,0.0437213774293177
190,95,#IV,1,4.74720653884321,5.26832602886992,#IV,1,6.59883075322517,5.39145218375802,
190,96,-vi,2,7.18908383683268,4.41656597700969,-vi,1,6.72421828845889,5.26832602886992,
190,97,-vii,1,4.00068466110953,5.18655150239105,-vii,1,4.00068466110953,5.18655150239105,
190,98,i,2,5.08527498042575,4.93666262653595,i,2,5.08527498042575,4.93666262653595,
190,99,iv,2,3.27745556605902,4.97469682440288,iv,2,3.27745556605902,4.97469682440288,
,,,,,,,,,,
191,152,i,2,5.08527498042575,4.93666262653595,i,2,5.08527498042575,4.93666262653595,
191,153,iv,2,3.27745556605902,4.97469682440288,iv,2,3.27745556605902,4.97469682440288,
191,154,-vii,3,6.89085088417614,4.81247574766958,-vii,3,6.89085088417614,4.81247574766958,
191,155,-VI,2,5.45704502580042,4.72483603609195,-VI,2,5.45704502580042,4.72483603609195,
191,156,-vi,2,6.3383993290159,5.16499410827579,-vi,2,6.3383993290159,5.16499410827579,
191,157,#IV,2,7.15255786947222,4.36051564243597,viio,2,7.10883649204291,4.36051564243597,0.0437213774293177
191,158,#IV,1,4.74720653884321,5.26832602886992,#IV,1,6.66036348111132,5.31221398171086,
191,159,-vi,2,7.18908383683268,4.41656597700969,-vi,1,6.72421828845889,5.26832602886992,
191,160,-vii,1,4.00068466110953,5.18655150239105,-vii,1,4.00068466110953,5.18655150239105,
191,161,i,2,5.08527498042575,4.93666262653595,i,2,5.08527498042575,4.93666262653595,
191,162,r,2,3.1525055960188,4.97469682440288,r,2,3.1525055960188,4.97469682440288,
,,,,,,,,,,
192,152,i,2,5.08527498042575,4.93666262653595,i,2,5.08527498042575,4.93666262653595,
192,153,iv,2,3.27745556605902,4.97469682440288,iv,2,3.27745556605902,4.97469682440288,
192,154,-vii,3,6.89085088417614,4.81247574766958,-vii,3,6.89085088417614,4.81247574766958,
192,155,-VI,2,5.45704502580042,4.72483603609195,-VI,2,5.45704502580042,4.72483603609195,
192,156,-vi,2,6.3383993290159,5.16499410827579,-vi,2,6.3383993290159,5.16499410827579,
192,157,#IV,2,7.15255786947222,4.36051564243597,vio,2,7.10883649204291,4.36051564243597,0.0437213774293177
192,158,#IV,1,4.74720653884321,5.26832602886992,#IV,1,6.59883075322517,5.39145218375802,
192,159,-vi,2,7.18908383683268,4.41656597700969,-vi,1,6.72421828845889,5.26832602886992,
192,160,-vii,1,4.00068466110953,5.18655150239105,-vii,1,4.00068466110953,5.18655150239105,
192,161,i,2,5.08527498042575,4.93666262653595,i,2,5.08527498042575,4.93666262653595,
192,162,r,2,3.1525055960188,4.97469682440288,r,2,3.1525055960188,4.97469682440288,
,,,,,,,,,,
193,60,ii,3,3.12332133618508,4.96125786289468,ii,3,3.12332133618508,4.96125786289468,
193,61,I,4,4.06648165628245,4.79205003277203,I,4,4.06648165628245,4.79205003277203,
193,62,#IV,5,7.04988607715519,4.69930341512554,#IV,5,7.04988607715519,4.69930341512554,
193,63,VII,2,5.86348521659191,3.19091740638423,VII,2,5.86348521659191,3.19091740638423,
193,64,-iii,2,6.18311163009071,4.45248520163112,-iii,2,6.18311163009071,4.45248520163112,
193,65,-iii,2,6.98610868287465,4.6330856208257,V+,2,6.9417145635162,4.6330856208257,0.0443941193584534
193,66,-vi,1,6.59233448937751,5.40396119496012,-vi,1,6.6174102567724,5.18319958648663,
193,67,#IV,1,6.60402569114554,5.18655150239105,#IV,1,6.60402569114554,5.18655150239105,
193,68,v,1,6.40702811257819,5.26832602886992,v,1,6.40702811257819,5.26832602886992,
193,69,i,1,5.04582678585244,5.40780748387603,i,1,5.04582678585244,5.40780748387603,
193,70,iv,2,4.44893493864514,5.28631663594942,iv,2,4.44893493864514,5.28631663594942,
,,,,,,,,,,
194,60,ii,3,3.12332133618508,4.96125786289468,ii,3,3.12332133618508,4.96125786289468,
194,61,I,4,4.06648165628245,4.79205003277203,I,4,4.06648165628245,4.79205003277203,
194,62,#IV,5,7.04988607715519,4.69930341512554,#IV,5,7.04988607715519,4.69930341512554,
194,63,VII,2,5.86348521659191,3.19091740638423,VII,2,5.86348521659191,3.19091740638423,
194,64,-iii,2,6.18311163009071,4.45248520163112,-iii,2,6.18311163009071,4.45248520163112,
194,65,-iii,2,6.98610868287465,4.6330856208257,#io,2,6.9417145635162,4.6330856208257,0.0443941193584534
194,66,-vi,1,6.59233448937751,5.40396119496012,-vi,1,6.95221133515374,4.94357410376213,
194,67,#IV,1,6.60402569114554,5.18655150239105,#IV,1,6.60402569114554,5.18655150239105,
194,68,v,1,6.40702811257819,5.26832602886992,v,1,6.40702811257819,5.26832602886992,
194,69,i,1,5.04582678585244,5.40780748387603,i,1,5.04582678585244,5.40780748387603,
194,70,iv,2,4.44893493864514,5.28631663594942,iv,2,4.44893493864514,5.28631663594942,
,,,,,,,,,,
195,60,ii,3,3.12332133618508,4.96125786289468,ii,3,3.12332133618508,4.96125786289468,
195,61,I,4,4.06648165628245,4.79205003277203,I,4,4.06648165628245,4.79205003277203,
195,62,#IV,5,7.04988607715519,4.69930341512554,#IV,5,7.04988607715519,4.69930341512554,
195,63,VII,2,5.86348521659191,3.19091740638423,VII,2,5.86348521659191,3.19091740638423,
195,64,-iii,2,6.18311163009071,4.45248520163112,-iii,2,6.18311163009071,4.45248520163112,
195,65,-iii,2,6.98610868287465,4.6330856208257,#ivo,2,6.9417145635162,4.6330856208257,0.0443941193584534
195,66,-vi,1,6.59233448937751,5.40396119496012,-vi,1,6.95940024834588,4.95517854450859,
195,67,#IV,1,6.60402569114554,5.18655150239105,#IV,1,6.60402569114554,5.18655150239105,
195,68,v,1,6.40702811257819,5.26832602886992,v,1,6.40702811257819,5.26832602886992,
195,69,i,1,5.04582678585244,5.40780748387603,i,1,5.04582678585244,5.40780748387603,
195,70,iv,2,4.44893493864514,5.28631663594942,iv,2,4.44893493864514,5.28631663594942,
,,,,,,,,,,
196,67,#IV,1,6.60402569114554,5.18655150239105,#IV,1,6.60402569114554,5.18655150239105,
196,68,v,1,6.40702811257819,5.26832602886992,v,1,6.40702811257819,5.26832602886992,
196,69,i,1,5.04582678585244,5.40780748387603,i,1,5.04582678585244,5.40780748387603,
196,70,iv,2,4.44893493864514,5.28631663594942,iv,2,4.44893493864514,5.28631663594942,
196,71,-III,3,3.78247959356285,5.1053219814982,-III,3,3.78247959356285,5.1053219814982,
196,72,-iii,4,7.2706672863486,4.79876121807827,V+,4,7.22627316699014,4.79876121807827,0.0443941193584534
196,73,-II,1,6.39378880999543,5.40396119496012,-II,1,6.41886457739032,5.18319958648663,
196,74,-II,1,5.00540633624959,5.44048428464702,-II,1,5.00540633624959,5.44048428464702,
196,75,-iii,2,6.7766771965543,5.16831836386541,-iii,2,6.7766771965543,5.16831836386541,
196,76,iv,1,6.18322182405577,5.40396119496012,iv,1,6.18322182405577,5.40396119496012,
196,77,v,1,5.03569244506737,5.45298253750334,v,1,5.03569244506737,5.45298253750334,
,,,,,,,,,,
197,67,#IV,1,6.60402569114554,5.18655150239105,#IV,1,6.60402569114554,5.18655150239105,
197,68,v,1,6.40702811257819,5.26832602886992,v,1,6.40702811257819,5.26832602886992,
197,69,i,1,5.04582678585244,5.40780748387603,i,1,5.04582678585244,5.40780748387603,
197,70,iv,2,4.44893493864514,5.28631663594942,iv,2,4.44893493864514,5.28631663594942,
197,71,-III,3,3.78247959356285,5.1053219814982,-III,3,3.78247959356285,5.1053219814982,
197,72,-iii,4,7.2706672863486,4.79876121807827,#io,4,7.22627316699014,4.79876121807827,0.0443941193584534
197,73,-II,1,6.39378880999543,5.40396119496012,-II,1,6.75366565577166,4.94357410376213,
197,74,-II,1,5.00540633624959,5.44048428464702,-II,1,5.00540633624959,5.44048428464702,
197,75,-iii,2,6.7766771965543,5.16831836386541,-iii,2,6.7766771965543,5.16831836386541,
197,76,iv,1,6.18322182405577,5.40396119496012,iv,1,6.18322182405577,5.40396119496012,
197,77,v,1,5.03569244506737,5.45298253750334,v,1,5.03569244506737,5.45298253750334,
,,,,,,,,,,
198,67,#IV,1,6.60402569114554,5.18655150239105,#IV,1,6.60402569114554,5.18655150239105,
198,68,v,1,6.40702811257819,5.26832602886992,v,1,6.40702811257819,5.26832602886992,
198,69,i,1,5.04582678585244,5.40780748387603,i,1,5.04582678585244,5.40780748387603,
198,70,iv,2,4.44893493864514,5.28631663594942,iv,2,4.44893493864514,5.28631663594942,
198,71,-III,3,3.78247959356285,5.1053219814982,-III,3,3.78247959356285,5.1053219814982,
198,72,-iii,4,7.2706672863486,4.79876121807827,#ivo,4,7.22627316699014,4.79876121807827,0.0443941193584534
198,73,-II,1,6.39378880999543,5.40396119496012,-II,1,6.7608545689638,4.95517854450859,
198,74,-II,1,5.00540633624959,5.44048428464702,-II,1,5.00540633624959,5.44048428464702,
198,75,-iii,2,6.7766771965543,5.16831836386541,-iii,2,6.7766771965543,5.16831836386541,
198,76,iv,1,6.18322182405577,5.40396119496012,iv,1,6.18322182405577,5.40396119496012,
198,77,v,1,5.03569244506737,5.45298253750334,v,1,5.03569244506737,5.45298253750334,
,,,,,,,,,,
199,70,iv,2,4.44893493864514,5.28631663594942,iv,2,4.44893493864514,5.28631663594942,
199,71,-III,3,3.78247959356285,5.1053219814982,-III,3,3.78247959356285,5.1053219814982,
199,72,-iii,4,7.2706672863486,4.79876121807827,-iii,4,7.2706672863486,4.79876121807827,
199,73,-II,1,6.39378880999543,5.40396119496012,-II,1,6.39378880999543,5.40396119496012,
199,74,-II,1,5.00540633624959,5.44048428464702,-II,1,5.00540633624959,5.44048428464702,
199,75,-iii,2,6.7766771965543,5.16831836386541,V+,2,6.73228307719584,5.16831836386541,0.0443941193584534
199,76,iv,1,6.18322182405577,5.40396119496012,iv,1,6.20829759145066,5.18319958648663,
199,77,v,1,5.03569244506737,5.45298253750334,v,1,5.03569244506737,5.45298253750334,
199,78,i,2,4.12906689482177,5.18762847529485,i,2,4.12906689482177,5.18762847529485,
199,79,iv,3,3.69985452108245,4.82022148031579,iv,3,3.69985452108245,4.82022148031579,
199,80,-III,4,4.33470413158456,4.148277617094,-III,4,4.33470413158456,4.148277617094,
,,,,,,,,,,
200,70,iv,2,4.44893493864514,5.28631663594942,iv,2,4.44893493864514,5.28631663594942,
200,71,-III,3,3.78247959356285,5.1053219814982,-III,3,3.78247959356285,5.1053219814982,
200,72,-iii,4,7.2706672863486,4.79876121807827,-iii,4,7.2706672863486,4.79876121807827,
200,73,-II,1,6.39378880999543,5.40396119496012,-II,1,6.39378880999543,5.40396119496012,
200,74,-II,1,5.00540633624959,5.44048428464702,-II,1,5.00540633624959,5.44048428464702,
200,75,-iii,2,6.7766771965543,5.16831836386541,#ivo,2,6.73228307719584,5.16831836386541,0.0443941193584534
200,76,iv,1,6.18322182405577,5.40396119496012,iv,1,6.55028758302414,4.95517854450859,
200,77,v,1,5.03569244506737,5.45298253750334,v,1,5.03569244506737,5.45298253750334,
200,78,i,2,4.12906689482177,5.18762847529485,i,2,4.12906689482177,5.18762847529485,
200,79,iv,3,3.69985452108245,4.82022148031579,iv,3,3.69985452108245,4.82022148031579,
200,80,-III,4,4.33470413158456,4.148277617094,-III,4,4.33470413158456,4.148277617094,
,,,,,,,,,,
201,76,iv,1,6.18322182405577,5.40396119496012,iv,1,6.18322182405577,5.40396119496012,
201,77,v,1,5.03569244506737,5.45298253750334,v,1,5.03569244506737,5.45298253750334,
201,78,i,2,4.12906689482177,5.18762847529485,i,2,4.12906689482177,5.18762847529485,
201,79,iv,3,3.69985452108245,4.82022148031579,iv,3,3.69985452108245,4.82022148031579,
201,80,-III,4,4.33470413158456,4.148277617094,-III,4,4.33470413158456,4.148277617094,
201,81,-iii,4,7.2706672863486,4.79876121807827,V+,4,7.22627316699014,4.79876121807827,0.0443941193584534
201,82,-II,1,6.39378880999543,5.40396119496012,-II,1,6.41886457739032,5.18319958648663,
201,83,-II,1,5.00540633624959,5.44048428464702,-II,1,5.00540633624959,5.44048428464702,
201,84,-iii,2,6.7766771965543,5.16831836386541,-iii,2,6.7766771965543,5.16831836386541,
201,85,iv,1,6.18322182405577,5.40396119496012,iv,1,6.18322182405577,5.40396119496012,
201,86,#IV,1,6.4609038285878,5.45298253750334,#IV,1,6.4609038285878,5.45298253750334,
,,,,,,,,,,
202,76,iv,1,6.18322182405577,5.40396119496012,iv,1,6.18322182405577,5.40396119496012,
202,77,v,1,5.03569244506737,5.45298253750334,v,1,5.03569244506737,5.45298253750334,
202,78,i,2,4.12906689482177,5.18762847529485,i,2,4.12906689482177,5.18762847529485,
202,79,iv,3,3.69985452108245,4.82022148031579,iv,3,3.69985452108245,4.82022148031579,
202,80,-III,4,4.33470413158456,4.148277617094,-III,4,4.33470413158456,4.148277617094,
202,81,-iii,4,7.2706672863486,4.79876121807827,#io,4,7.22627316699014,4.79876121807827,0.0443941193584534
202,82,-II,1,6.39378880999543,5.40396119496012,-II,1,6.75366565577166,4.94357410376213,
202,83,-II,1,5.00540633624959,5.44048428464702,-II,1,5.00540633624959,5.44048428464702,
202,84,-iii,2,6.7766771965543,5.16831836386541,-iii,2,6.7766771965543,5.16831836386541,
202,85,iv,1,6.18322182405577,5.40396119496012,iv,1,6.18322182405577,5.40396119496012,
202,86,#IV,1,6.4609038285878,5.45298253750334,#IV,1,6.4609038285878,5.45298253750334,
,,,,,,,,,,
203,76,iv,1,6.18322182405577,5.40396119496012,iv,1,6.18322182405577,5.40396119496012,
203,77,v,1,5.03569244506737,5.45298253750334,v,1,5.03569244506737,5.45298253750334,
203,78,i,2,4.12906689482177,5.18762847529485,i,2,4.12906689482177,5.18762847529485,
203,79,iv,3,3.69985452108245,4.82022148031579,iv,3,3.69985452108245,4.82022148031579,
203,80,-III,4,4.33470413158456,4.148277617094,-III,4,4.33470413158456,4.148277617094,
203,81,-iii,4,7.2706672863486,4.79876121807827,#ivo,4,7.22627316699014,4.79876121807827,0.0443941193584534
203,82,-II,1,6.39378880999543,5.40396119496012,-II,1,6.7608545689638,4.95517854450859,
203,83,-II,1,5.00540633624959,5.44048428464702,-II,1,5.00540633624959,5.44048428464702,
203,84,-iii,2,6.7766771965543,5.16831836386541,-iii,2,6.7766771965543,5.16831836386541,
203,85,iv,1,6.18322182405577,5.40396119496012,iv,1,6.18322182405577,5.40396119496012,
203,86,#IV,1,6.4609038285878,5.45298253750334,#IV,1,6.4609038285878,5.45298253750334,
,,,,,,,,,,
204,79,iv,3,3.69985452108245,4.82022148031579,iv,3,3.69985452108245,4.82022148031579,
204,80,-III,4,4.33470413158456,4.148277617094,-III,4,4.33470413158456,4.148277617094,
204,81,-iii,4,7.2706672863486,4.79876121807827,-iii,4,7.2706672863486,4.79876121807827,
204,82,-II,1,6.39378880999543,5.40396119496012,-II,1,6.39378880999543,5.40396119496012,
204,83,-II,1,5.00540633624959,5.44048428464702,-II,1,5.00540633624959,5.44048428464702,
204,84,-iii,2,6.7766771965543,5.16831836386541,V+,2,6.73228307719584,5.16831836386541,0.0443941193584534
204,85,iv,1,6.18322182405577,5.40396119496012,iv,1,6.20829759145066,5.18319958648663,
204,86,#IV,1,6.4609038285878,5.45298253750334,#IV,1,6.4609038285878,5.45298253750334,
204,87,-vi,1,6.72421828845889,5.26832602886992,-vi,1,6.72421828845889,5.26832602886992,
204,88,-vii,1,4.00068466110953,5.18655150239105,-vii,1,4.00068466110953,5.18655150239105,
204,89,i,2,5.08527498042575,4.93666262653595,i,2,5.08527498042575,4.93666262653595,
,,,,,,,,,,
205,79,iv,3,3.69985452108245,4.82022148031579,iv,3,3.69985452108245,4.82022148031579,
205,80,-III,4,4.33470413158456,4.148277617094,-III,4,4.33470413158456,4.148277617094,
205,81,-iii,4,7.2706672863486,4.79876121807827,-iii,4,7.2706672863486,4.79876121807827,
205,82,-II,1,6.39378880999543,5.40396119496012,-II,1,6.39378880999543,5.40396119496012,
205,83,-II,1,5.00540633624959,5.44048428464702,-II,1,5.00540633624959,5.44048428464702,
205,84,-iii,2,6.7766771965543,5.16831836386541,#ivo,2,6.73228307719584,5.16831836386541,0.0443941193584534
205,85,iv,1,6.18322182405577,5.40396119496012,iv,1,6.55028758302414,4.95517854450859,
205,86,#IV,1,6.4609038285878,5.45298253750334,#IV,1,6.4609038285878,5.45298253750334,
205,87,-vi,1,6.72421828845889,5.26832602886992,-vi,1,6.72421828845889,5.26832602886992,
205,88,-vii,1,4.00068466110953,5.18655150239105,-vii,1,4.00068466110953,5.18655150239105,
205,89,i,2,5.08527498042575,4.93666262653595,i,2,5.08527498042575,4.93666262653595,
,,,,,,,,,,
206,35,#IV,6,7.41912539439768,4.48885900638762,#IV,6,7.41912539439768,4.48885900638762,
206,36,iv,2,7.46698727787462,3.19091740638423,iv,2,7.46698727787462,3.19091740638423,
206,37,-VI,1,5.31977290933337,5.45298253750334,-VI,1,5.31977290933337,5.45298253750334,
206,38,I,2,5.43780755337442,5.19040854958852,I,2,5.43780755337442,5.19040854958852,
206,39,I,2,4.33519713273102,5.41934604014041,I,2,4.33519713273102,5.41934604014041,
206,40,I+,3,6.43398439287137,5.36798749318986,vii,3,6.3892781400515,5.36798749318986,0.0447062528198625
206,41,I,3,1.23060987917747,3.58387461067546,I,3,6.01625306992647,3.81702898175544,
206,42,iii,4,5.98492812162663,4.94787677837653,iii,2,4.67365116845294,5.34109405455539,
206,43,vi,2,3.67010962802191,5.21915222061716,vi,3,3.99066509876203,4.68432201187288,
206,44,IV,3,3.69572439801877,5.11045100096823,IV,3,3.69572439801877,5.11045100096823,
206,45,-VII,4,5.92621902476389,4.60250761294049,-VII,4,5.92621902476389,4.60250761294049,
,,,,,,,,,,
207,89,i,2,5.08527498042575,4.93666262653595,i,2,5.08527498042575,4.93666262653595,
207,90,iv,2,3.27745556605902,4.97469682440288,iv,2,3.27745556605902,4.97469682440288,
207,91,-vii,3,6.89085088417614,4.81247574766958,-vii,3,6.89085088417614,4.81247574766958,
207,92,-VI,2,5.45704502580042,4.72483603609195,-VI,2,5.45704502580042,4.72483603609195,
207,93,-vi,2,6.3383993290159,5.16499410827579,-vi,2,6.3383993290159,5.16499410827579,
207,94,#IV,2,7.15255786947222,4.36051564243597,#I,2,7.19764575900076,4.36051564243597,0.0450878895285376
207,95,#IV,1,4.74720653884321,5.26832602886992,#IV,1,6.69676427776954,5.15363165895153,
207,96,-vi,2,7.18908383683268,4.41656597700969,-vi,1,6.72421828845889,5.26832602886992,
207,97,-vii,1,4.00068466110953,5.18655150239105,-vii,1,4.00068466110953,5.18655150239105,
207,98,i,2,5.08527498042575,4.93666262653595,i,2,5.08527498042575,4.93666262653595,
207,99,iv,2,3.27745556605902,4.97469682440288,iv,2,3.27745556605902,4.97469682440288,
,,,,,,,,,,
208,89,i,2,5.08527498042575,4.93666262653595,i,2,5.08527498042575,4.93666262653595,
208,90,iv,2,3.27745556605902,4.97469682440288,iv,2,3.27745556605902,4.97469682440288,
208,91,-vii,3,6.89085088417614,4.81247574766958,-vii,3,6.89085088417614,4.81247574766958,
208,92,-VI,2,5.45704502580042,4.72483603609195,-VI,2,5.45704502580042,4.72483603609195,
208,93,-vi,2,6.3383993290159,5.16499410827579,-vi,2,6.3383993290159,5.16499410827579,
208,94,#IV,2,7.15255786947222,4.36051564243597,iiio,2,7.19764575900076,4.36051564243597,0.0450878895285376
208,95,#IV,1,4.74720653884321,5.26832602886992,#IV,1,6.73516109731946,4.95146488275273,
208,96,-vi,2,7.18908383683268,4.41656597700969,-vi,1,6.72421828845889,5.26832602886992,
208,97,-vii,1,4.00068466110953,5.18655150239105,-vii,1,4.00068466110953,5.18655150239105,
208,98,i,2,5.08527498042575,4.93666262653595,i,2,5.08527498042575,4.93666262653595,
208,99,iv,2,3.27745556605902,4.97469682440288,iv,2,3.27745556605902,4.97469682440288,
,,,,,,,,,,
209,89,i,2,5.08527498042575,4.93666262653595,i,2,5.08527498042575,4.93666262653595,
209,90,iv,2,3.27745556605902,4.97469682440288,iv,2,3.27745556605902,4.97469682440288,
209,91,-vii,3,6.89085088417614,4.81247574766958,-vii,3,6.89085088417614,4.81247574766958,
209,92,-VI,2,5.45704502580042,4.72483603609195,-VI,2,5.45704502580042,4.72483603609195,
209,93,-vi,2,6.3383993290159,5.16499410827579,-vi,2,6.3383993290159,5.16499410827579,
209,94,#IV,2,7.15255786947222,4.36051564243597,#iv,2,7.19764575900076,4.36051564243597,0.0450878895285376
209,95,#IV,1,4.74720653884321,5.26832602886992,#IV,1,6.67731307688113,5.10526702470052,
209,96,-vi,2,7.18908383683268,4.41656597700969,-vi,1,6.72421828845889,5.26832602886992,
209,97,-vii,1,4.00068466110953,5.18655150239105,-vii,1,4.00068466110953,5.18655150239105,
209,98,i,2,5.08527498042575,4.93666262653595,i,2,5.08527498042575,4.93666262653595,
209,99,iv,2,3.27745556605902,4.97469682440288,iv,2,3.27745556605902,4.97469682440288,
,,,,,,,,,,
210,89,i,2,5.08527498042575,4.93666262653595,i,2,5.08527498042575,4.93666262653595,
210,90,iv,2,3.27745556605902,4.97469682440288,iv,2,3.27745556605902,4.97469682440288,
210,91,-vii,3,6.89085088417614,4.81247574766958,-vii,3,6.89085088417614,4.81247574766958,
210,92,-VI,2,5.45704502580042,4.72483603609195,-VI,2,5.45704502580042,4.72483603609195,
210,93,-vi,2,6.3383993290159,5.16499410827579,-vi,2,6.3383993290159,5.16499410827579,
210,94,#IV,2,7.15255786947222,4.36051564243597,ivo,2,7.19764575900076,4.36051564243597,0.0450878895285376
210,95,#IV,1,4.74720653884321,5.26832602886992,#IV,1,6.45176060528437,5.20230995295034,
210,96,-vi,2,7.18908383683268,4.41656597700969,-vi,1,6.72421828845889,5.26832602886992,
210,97,-vii,1,4.00068466110953,5.18655150239105,-vii,1,4.00068466110953,5.18655150239105,
210,98,i,2,5.08527498042575,4.93666262653595,i,2,5.08527498042575,4.93666262653595,
210,99,iv,2,3.27745556605902,4.97469682440288,iv,2,3.27745556605902,4.97469682440288,
,,,,,,,,,,
211,152,i,2,5.08527498042575,4.93666262653595,i,2,5.08527498042575,4.93666262653595,
211,153,iv,2,3.27745556605902,4.97469682440288,iv,2,3.27745556605902,4.97469682440288,
211,154,-vii,3,6.89085088417614,4.81247574766958,-vii,3,6.89085088417614,4.81247574766958,
211,155,-VI,2,5.45704502580042,4.72483603609195,-VI,2,5.45704502580042,4.72483603609195,
211,156,-vi,2,6.3383993290159,5.16499410827579,-vi,2,6.3383993290159,5.16499410827579,
211,157,#IV,2,7.15255786947222,4.36051564243597,#I,2,7.19764575900076,4.36051564243597,0.0450878895285376
211,158,#IV,1,4.74720653884321,5.26832602886992,#IV,1,6.69676427776954,5.15363165895153,
211,159,-vi,2,7.18908383683268,4.41656597700969,-vi,1,6.72421828845889,5.26832602886992,
211,160,-vii,1,4.00068466110953,5.18655150239105,-vii,1,4.00068466110953,5.18655150239105,
211,161,i,2,5.08527498042575,4.93666262653595,i,2,5.08527498042575,4.93666262653595,
211,162,r,2,3.1525055960188,4.97469682440288,r,2,3.1525055960188,4.97469682440288,
,,,,,,,,,,
212,152,i,2,5.08527498042575,4.93666262653595,i,2,5.08527498042575,4.93666262653595,
212,153,iv,2,3.27745556605902,4.97469682440288,iv,2,3.27745556605902,4.97469682440288,
212,154,-vii,3,6.89085088417614,4.81247574766958,-vii,3,6.89085088417614,4.81247574766958,
212,155,-VI,2,5.45704502580042,4.72483603609195,-VI,2,5.45704502580042,4.72483603609195,
212,156,-vi,2,6.3383993290159,5.16499410827579,-vi,2,6.3383993290159,5.16499410827579,
212,157,#IV,2,7.15255786947222,4.36051564243597,iiio,2,7.19764575900076,4.36051564243597,0.0450878895285376
212,158,#IV,1,4.74720653884321,5.26832602886992,#IV,1,6.73516109731946,4.95146488275273,
212,159,-vi,2,7.18908383683268,4.41656597700969,-vi,1,6.72421828845889,5.26832602886992,
212,160,-vii,1,4.00068466110953,5.18655150239105,-vii,1,4.00068466110953,5.18655150239105,
212,161,i,2,5.08527498042575,4.93666262653595,i,2,5.08527498042575,4.93666262653595,
212,162,r,2,3.1525055960188,4.97469682440288,r,2,3.1525055960188,4.97469682440288,
,,,,,,,,,,
213,152,i,2,5.08527498042575,4.93666262653595,i,2,5.08527498042575,4.93666262653595,
213,153,iv,2,3.27745556605902,4.97469682440288,iv,2,3.27745556605902,4.97469682440288,
213,154,-vii,3,6.89085088417614,4.81247574766958,-vii,3,6.89085088417614,4.81247574766958,
213,155,-VI,2,5.45704502580042,4.72483603609195,-VI,2,5.45704502580042,4.72483603609195,
213,156,-vi,2,6.3383993290159,5.16499410827579,-vi,2,6.3383993290159,5.16499410827579,
213,157,#IV,2,7.15255786947222,4.36051564243597,#iv,2,7.19764575900076,4.36051564243597,0.0450878895285376
213,158,#IV,1,4.74720653884321,5.26832602886992,#IV,1,6.67731307688113,5.10526702470052,
213,159,-vi,2,7.18908383683268,4.41656597700969,-vi,1,6.72421828845889,5.26832602886992,
213,160,-vii,1,4.00068466110953,5.18655150239105,-vii,1,4.00068466110953,5.18655150239105,
213,161,i,2,5.08527498042575,4.93666262653595,i,2,5.08527498042575,4.93666262653595,
213,162,r,2,3.1525055960188,4.97469682440288,r,2,3.1525055960188,4.97469682440288,
,,,,,,,,,,
214,152,i,2,5.08527498042575,4.93666262653595,i,2,5.08527498042575,4.93666262653595,
214,153,iv,2,3.27745556605902,4.97469682440288,iv,2,3.27745556605902,4.97469682440288,
214,154,-vii,3,6.89085088417614,4.81247574766958,-vii,3,6.89085088417614,4.81247574766958,
214,155,-VI,2,5.45704502580042,4.72483603609195,-VI,2,5.45704502580042,4.72483603609195,
214,156,-vi,2,6.3383993290159,5.16499410827579,-vi,2,6.3383993290159,5.16499410827579,
214,157,#IV,2,7.15255786947222,4.36051564243597,ivo,2,7.19764575900076,4.36051564243597,0.0450878895285376
214,158,#IV,1,4.74720653884321,5.26832602886992,#IV,1,6.45176060528437,5.20230995295034,
214,159,-vi,2,7.18908383683268,4.41656597700969,-vi,1,6.72421828845889,5.26832602886992,
214,160,-vii,1,4.00068466110953,5.18655150239105,-vii,1,4.00068466110953,5.18655150239105,
214,161,i,2,5.08527498042575,4.93666262653595,i,2,5.08527498042575,4.93666262653595,
214,162,r,2,3.1525055960188,4.97469682440288,r,2,3.1525055960188,4.97469682440288,
,,,,,,,,,,
215,62,#IV,5,7.04988607715519,4.69930341512554,#IV,5,7.04988607715519,4.69930341512554,
215,63,VII,2,5.86348521659191,3.19091740638423,VII,2,5.86348521659191,3.19091740638423,
215,64,-iii,2,6.18311163009071,4.45248520163112,-iii,2,6.18311163009071,4.45248520163112,
215,65,-iii,2,6.98610868287465,4.6330856208257,-iii,2,6.98610868287465,4.6330856208257,
215,66,-vi,1,6.59233448937751,5.40396119496012,-vi,1,6.59233448937751,5.40396119496012,
215,67,#IV,1,6.60402569114554,5.18655150239105,#I,1,6.64911358067408,5.18655150239105,0.0450878895285385
215,68,v,1,6.40702811257819,5.26832602886992,v,1,6.47120457735441,5.15363165895153,
215,69,i,1,5.04582678585244,5.40780748387603,i,1,5.04582678585244,5.40780748387603,
215,70,iv,2,4.44893493864514,5.28631663594942,iv,2,4.44893493864514,5.28631663594942,
215,71,-III,3,3.78247959356285,5.1053219814982,-III,3,3.78247959356285,5.1053219814982,
215,72,-iii,4,7.2706672863486,4.79876121807827,-iii,4,7.2706672863486,4.79876121807827,
,,,,,,,,,,
216,62,#IV,5,7.04988607715519,4.69930341512554,#IV,5,7.04988607715519,4.69930341512554,
216,63,VII,2,5.86348521659191,3.19091740638423,VII,2,5.86348521659191,3.19091740638423,
216,64,-iii,2,6.18311163009071,4.45248520163112,-iii,2,6.18311163009071,4.45248520163112,
216,65,-iii,2,6.98610868287465,4.6330856208257,-iii,2,6.98610868287465,4.6330856208257,
216,66,-vi,1,6.59233448937751,5.40396119496012,-vi,1,6.59233448937751,5.40396119496012,
216,67,#IV,1,6.60402569114554,5.18655150239105,iiio,1,6.64911358067408,5.18655150239105,0.0450878895285385
216,68,v,1,6.40702811257819,5.26832602886992,v,1,6.50960139690433,4.95146488275273,
216,69,i,1,5.04582678585244,5.40780748387603,i,1,5.04582678585244,5.40780748387603,
216,70,iv,2,4.44893493864514,5.28631663594942,iv,2,4.44893493864514,5.28631663594942,
216,71,-III,3,3.78247959356285,5.1053219814982,-III,3,3.78247959356285,5.1053219814982,
216,72,-iii,4,7.2706672863486,4.79876121807827,-iii,4,7.2706672863486,4.79876121807827,
,,,,,,,,,,
217,62,#IV,5,7.04988607715519,4.69930341512554,#IV,5,7.04988607715519,4.69930341512554,
217,63,VII,2,5.86348521659191,3.19091740638423,VII,2,5.86348521659191,3.19091740638423,
217,64,-iii,2,6.18311163009071,4.45248520163112,-iii,2,6.18311163009071,4.45248520163112,
217,65,-iii,2,6.98610868287465,4.6330856208257,-iii,2,6.98610868287465,4.6330856208257,
217,66,-vi,1,6.59233448937751,5.40396119496012,-vi,1,6.59233448937751,5.40396119496012,
217,67,#IV,1,6.60402569114554,5.18655150239105,#iv,1,6.64911358067408,5.18655150239105,0.0450878895285385
217,68,v,1,6.40702811257819,5.26832602886992,v,1,6.451753376466,5.10526702470052,
217,69,i,1,5.04582678585244,5.40780748387603,i,1,5.04582678585244,5.40780748387603,
217,70,iv,2,4.44893493864514,5.28631663594942,iv,2,4.44893493864514,5.28631663594942,
217,71,-III,3,3.78247959356285,5.1053219814982,-III,3,3.78247959356285,5.1053219814982,
217,72,-iii,4,7.2706672863486,4.79876121807827,-iii,4,7.2706672863486,4.79876121807827,
,,,,,,,,,,
218,62,#IV,5,7.04988607715519,4.69930341512554,#IV,5,7.04988607715519,4.69930341512554,
218,63,VII,2,5.86348521659191,3.19091740638423,VII,2,5.86348521659191,3.19091740638423,
218,64,-iii,2,6.18311163009071,4.45248520163112,-iii,2,6.18311163009071,4.45248520163112,
218,65,-iii,2,6.98610868287465,4.6330856208257,-iii,2,6.98610868287465,4.6330856208257,
218,66,-vi,1,6.59233448937751,5.40396119496012,-vi,1,6.59233448937751,5.40396119496012,
218,67,#IV,1,6.60402569114554,5.18655150239105,ivo,1,6.64911358067408,5.18655150239105,0.0450878895285385
218,68,v,1,6.40702811257819,5.26832602886992,v,1,6.22620090486924,5.20230995295034,
218,69,i,1,5.04582678585244,5.40780748387603,i,1,5.04582678585244,5.40780748387603,
218,70,iv,2,4.44893493864514,5.28631663594942,iv,2,4.44893493864514,5.28631663594942,
218,71,-III,3,3.78247959356285,5.1053219814982,-III,3,3.78247959356285,5.1053219814982,
218,72,-iii,4,7.2706672863486,4.79876121807827,-iii,4,7.2706672863486,4.79876121807827,
,,,,,,,,,,
219,81,-iii,4,7.2706672863486,4.79876121807827,-iii,4,7.2706672863486,4.79876121807827,
219,82,-II,1,6.39378880999543,5.40396119496012,-II,1,6.39378880999543,5.40396119496012,
219,83,-II,1,5.00540633624959,5.44048428464702,-II,1,5.00540633624959,5.44048428464702,
219,84,-iii,2,6.7766771965543,5.16831836386541,-iii,2,6.7766771965543,5.16831836386541,
219,85,iv,1,6.18322182405577,5.40396119496012,iv,1,6.18322182405577,5.40396119496012,
219,86,#IV,1,6.4609038285878,5.45298253750334,#I,1,6.50599171811634,5.45298253750334,0.0450878895285385
219,87,-vi,1,6.72421828845889,5.26832602886992,-vi,1,6.78839475323511,5.15363165895153,
219,88,-vii,1,4.00068466110953,5.18655150239105,-vii,1,4.00068466110953,5.18655150239105,
219,89,i,2,5.08527498042575,4.93666262653595,i,2,5.08527498042575,4.93666262653595,
219,90,iv,2,3.27745556605902,4.97469682440288,iv,2,3.27745556605902,4.97469682440288,
219,91,-vii,3,6.89085088417614,4.81247574766958,-vii,3,6.89085088417614,4.81247574766958,
,,,,,,,,,,
220,81,-iii,4,7.2706672863486,4.79876121807827,-iii,4,7.2706672863486,4.79876121807827,
220,82,-II,1,6.39378880999543,5.40396119496012,-II,1,6.39378880999543,5.40396119496012,
220,83,-II,1,5.00540633624959,5.44048428464702,-II,1,5.00540633624959,5.44048428464702,
220,84,-iii,2,6.7766771965543,5.16831836386541,-iii,2,6.7766771965543,5.16831836386541,
220,85,iv,1,6.18322182405577,5.40396119496012,iv,1,6.18322182405577,5.40396119496012,
220,86,#IV,1,6.4609038285878,5.45298253750334,iiio,1,6.50599171811634,5.45298253750334,0.0450878895285385
220,87,-vi,1,6.72421828845889,5.26832602886992,-vi,1,6.82679157278503,4.95146488275273,
220,88,-vii,1,4.00068466110953,5.18655150239105,-vii,1,4.00068466110953,5.18655150239105,
220,89,i,2,5.08527498042575,4.93666262653595,i,2,5.08527498042575,4.93666262653595,
220,90,iv,2,3.27745556605902,4.97469682440288,iv,2,3.27745556605902,4.97469682440288,
220,91,-vii,3,6.89085088417614,4.81247574766958,-vii,3,6.89085088417614,4.81247574766958,
,,,,,,,,,,
221,81,-iii,4,7.2706672863486,4.79876121807827,-iii,4,7.2706672863486,4.79876121807827,
221,82,-II,1,6.39378880999543,5.40396119496012,-II,1,6.39378880999543,5.40396119496012,
221,83,-II,1,5.00540633624959,5.44048428464702,-II,1,5.00540633624959,5.44048428464702,
221,84,-iii,2,6.7766771965543,5.16831836386541,-iii,2,6.7766771965543,5.16831836386541,
221,85,iv,1,6.18322182405577,5.40396119496012,iv,1,6.18322182405577,5.40396119496012,
221,86,#IV,1,6.4609038285878,5.45298253750334,#iv,1,6.50599171811634,5.45298253750334,0.0450878895285385
221,87,-vi,1,6.72421828845889,5.26832602886992,-vi,1,6.7689435523467,5.10526702470052,
221,88,-vii,1,4.00068466110953,5.18655150239105,-vii,1,4.00068466110953,5.18655150239105,
221,89,i,2,5.08527498042575,4.93666262653595,i,2,5.08527498042575,4.93666262653595,
221,90,iv,2,3.27745556605902,4.97469682440288,iv,2,3.27745556605902,4.97469682440288,
221,91,-vii,3,6.89085088417614,4.81247574766958,-vii,3,6.89085088417614,4.81247574766958,
,,,,,,,,,,
222,81,-iii,4,7.2706672863486,4.79876121807827,-iii,4,7.2706672863486,4.79876121807827,
222,82,-II,1,6.39378880999543,5.40396119496012,-II,1,6.39378880999543,5.40396119496012,
222,83,-II,1,5.00540633624959,5.44048428464702,-II,1,5.00540633624959,5.44048428464702,
222,84,-iii,2,6.7766771965543,5.16831836386541,-iii,2,6.7766771965543,5.16831836386541,
222,85,iv,1,6.18322182405577,5.40396119496012,iv,1,6.18322182405577,5.40396119496012,
222,86,#IV,1,6.4609038285878,5.45298253750334,ivo,1,6.50599171811634,5.45298253750334,0.0450878895285385
222,87,-vi,1,6.72421828845889,5.26832602886992,-vi,1,6.54339108074994,5.20230995295034,
222,88,-vii,1,4.00068466110953,5.18655150239105,-vii,1,4.00068466110953,5.18655150239105,
222,89,i,2,5.08527498042575,4.93666262653595,i,2,5.08527498042575,4.93666262653595,
222,90,iv,2,3.27745556605902,4.97469682440288,iv,2,3.27745556605902,4.97469682440288,
222,91,-vii,3,6.89085088417614,4.81247574766958,-vii,3,6.89085088417614,4.81247574766958,
,,,,,,,,,,
223,53,IV,3,3.69572439801877,5.11045100096823,IV,3,3.69572439801877,5.11045100096823,
223,54,-VII,4,5.92621902476389,4.60250761294049,-VII,4,5.92621902476389,4.60250761294049,
223,55,V,3,5.23038282043269,4.70296834590197,V,3,5.23038282043269,4.70296834590197,
223,56,#IV+,3,7.21084462409523,4.77959808403203,#IV+,3,7.21084462409523,4.77959808403203,
223,57,IV,1,6.39660478118186,4.33824316572275,IV,1,6.39660478118186,4.33824316572275,
223,58,iii,1,5.25830986038592,5.46015231333603,iv,1,5.2128876601297,5.46015231333603,0.0454222002562261
223,59,vi,2,3.88056434428391,5.20474876077054,vi,2,5.75952309460682,5.36119189659471,
223,60,ii,3,3.12332133618508,4.96125786289468,ii,3,5.61358258230868,4.70885637816693,
223,61,I,4,4.06648165628245,4.79205003277203,I,2,4.67337815912058,5.30016015259736,
223,62,#IV,5,7.04988607715519,4.69930341512554,#IV,3,6.61898627008975,5.29939316664639,
223,63,VII,2,5.86348521659191,3.19091740638423,VII,2,5.86348521659191,3.19091740638423,
,,,,,,,,,,
224,60,ii,3,3.12332133618508,4.96125786289468,ii,3,3.12332133618508,4.96125786289468,
224,61,I,4,4.06648165628245,4.79205003277203,I,4,4.06648165628245,4.79205003277203,
224,62,#IV,5,7.04988607715519,4.69930341512554,#IV,5,7.04988607715519,4.69930341512554,
224,63,VII,2,5.86348521659191,3.19091740638423,VII,2,5.86348521659191,3.19091740638423,
224,64,-iii,2,6.18311163009071,4.45248520163112,-iii,2,6.18311163009071,4.45248520163112,
224,65,-iii,2,6.98610868287465,4.6330856208257,-iiio,2,7.03191237248778,4.6330856208257,0.0458036896131251
224,66,-vi,1,6.59233448937751,5.40396119496012,-vi,1,6.89898539752317,4.81519056837249,
224,67,#IV,1,6.60402569114554,5.18655150239105,#IV,1,6.60402569114554,5.18655150239105,
224,68,v,1,6.40702811257819,5.26832602886992,v,1,6.40702811257819,5.26832602886992,
224,69,i,1,5.04582678585244,5.40780748387603,i,1,5.04582678585244,5.40780748387603,
224,70,iv,2,4.44893493864514,5.28631663594942,iv,2,4.44893493864514,5.28631663594942,
,,,,,,,,,,
225,60,ii,3,3.12332133618508,4.96125786289468,ii,3,3.12332133618508,4.96125786289468,
225,61,I,4,4.06648165628245,4.79205003277203,I,4,4.06648165628245,4.79205003277203,
225,62,#IV,5,7.04988607715519,4.69930341512554,#IV,5,7.04988607715519,4.69930341512554,
225,63,VII,2,5.86348521659191,3.19091740638423,VII,2,5.86348521659191,3.19091740638423,
225,64,-iii,2,6.18311163009071,4.45248520163112,-iii,2,6.18311163009071,4.45248520163112,
225,65,-iii,2,6.98610868287465,4.6330856208257,-viio,2,7.03191237248778,4.6330856208257,0.0458036896131251
225,66,-vi,1,6.59233448937751,5.40396119496012,-vi,1,6.6204902660354,5.33052930106392,
225,67,#IV,1,6.60402569114554,5.18655150239105,#IV,1,6.60402569114554,5.18655150239105,
225,68,v,1,6.40702811257819,5.26832602886992,v,1,6.40702811257819,5.26832602886992,
225,69,i,1,5.04582678585244,5.40780748387603,i,1,5.04582678585244,5.40780748387603,
225,70,iv,2,4.44893493864514,5.28631663594942,iv,2,4.44893493864514,5.28631663594942,
,,,,,,,,,,
226,60,ii,3,3.12332133618508,4.96125786289468,ii,3,3.12332133618508,4.96125786289468,
226,61,I,4,4.06648165628245,4.79205003277203,I,4,4.06648165628245,4.79205003277203,
226,62,#IV,5,7.04988607715519,4.69930341512554,#IV,5,7.04988607715519,4.69930341512554,
226,63,VII,2,5.86348521659191,3.19091740638423,VII,2,5.86348521659191,3.19091740638423,
226,64,-iii,2,6.18311163009071,4.45248520163112,-iii,2,6.18311163009071,4.45248520163112,
226,65,-iii,2,6.98610868287465,4.6330856208257,-vio,2,7.03191237248778,4.6330856208257,0.0458036896131251
226,66,-vi,1,6.59233448937751,5.40396119496012,-vi,1,6.69394390422605,5.18671151421705,
226,67,#IV,1,6.60402569114554,5.18655150239105,#IV,1,6.60402569114554,5.18655150239105,
226,68,v,1,6.40702811257819,5.26832602886992,v,1,6.40702811257819,5.26832602886992,
226,69,i,1,5.04582678585244,5.40780748387603,i,1,5.04582678585244,5.40780748387603,
226,70,iv,2,4.44893493864514,5.28631663594942,iv,2,4.44893493864514,5.28631663594942,
,,,,,,,,,,
227,67,#IV,1,6.60402569114554,5.18655150239105,#IV,1,6.60402569114554,5.18655150239105,
227,68,v,1,6.40702811257819,5.26832602886992,v,1,6.40702811257819,5.26832602886992,
227,69,i,1,5.04582678585244,5.40780748387603,i,1,5.04582678585244,5.40780748387603,
227,70,iv,2,4.44893493864514,5.28631663594942,iv,2,4.44893493864514,5.28631663594942,
227,71,-III,3,3.78247959356285,5.1053219814982,-III,3,3.78247959356285,5.1053219814982,
227,72,-iii,4,7.2706672863486,4.79876121807827,-iiio,4,7.31647097596172,4.79876121807827,0.0458036896131251
227,73,-II,1,6.39378880999543,5.40396119496012,-II,1,6.70043971814109,4.81519056837249,
227,74,-II,1,5.00540633624959,5.44048428464702,-II,1,5.00540633624959,5.44048428464702,
227,75,-iii,2,6.7766771965543,5.16831836386541,-iii,2,6.7766771965543,5.16831836386541,
227,76,iv,1,6.18322182405577,5.40396119496012,iv,1,6.18322182405577,5.40396119496012,
227,77,v,1,5.03569244506737,5.45298253750334,v,1,5.03569244506737,5.45298253750334,
,,,,,,,,,,
228,67,#IV,1,6.60402569114554,5.18655150239105,#IV,1,6.60402569114554,5.18655150239105,
228,68,v,1,6.40702811257819,5.26832602886992,v,1,6.40702811257819,5.26832602886992,
228,69,i,1,5.04582678585244,5.40780748387603,i,1,5.04582678585244,5.40780748387603,
228,70,iv,2,4.44893493864514,5.28631663594942,iv,2,4.44893493864514,5.28631663594942,
228,71,-III,3,3.78247959356285,5.1053219814982,-III,3,3.78247959356285,5.1053219814982,
228,72,-iii,4,7.2706672863486,4.79876121807827,-viio,4,7.31647097596172,4.79876121807827,0.0458036896131251
228,73,-II,1,6.39378880999543,5.40396119496012,-II,1,6.42194458665332,5.33052930106392,
228,74,-II,1,5.00540633624959,5.44048428464702,-II,1,5.00540633624959,5.44048428464702,
228,75,-iii,2,6.7766771965543,5.16831836386541,-iii,2,6.7766771965543,5.16831836386541,
228,76,iv,1,6.18322182405577,5.40396119496012,iv,1,6.18322182405577,5.40396119496012,
228,77,v,1,5.03569244506737,5.45298253750334,v,1,5.03569244506737,5.45298253750334,
,,,,,,,,,,
229,67,#IV,1,6.60402569114554,5.18655150239105,#IV,1,6.60402569114554,5.18655150239105,
229,68,v,1,6.40702811257819,5.26832602886992,v,1,6.40702811257819,5.26832602886992,
229,69,i,1,5.04582678585244,5.40780748387603,i,1,5.04582678585244,5.40780748387603,
229,70,iv,2,4.44893493864514,5.28631663594942,iv,2,4.44893493864514,5.28631663594942,
229,71,-III,3,3.78247959356285,5.1053219814982,-III,3,3.78247959356285,5.1053219814982,
229,72,-iii,4,7.2706672863486,4.79876121807827,-vio,4,7.31647097596172,4.79876121807827,0.0458036896131251
229,73,-II,1,6.39378880999543,5.40396119496012,-II,1,6.49539822484397,5.18671151421705,
229,74,-II,1,5.00540633624959,5.44048428464702,-II,1,5.00540633624959,5.44048428464702,
229,75,-iii,2,6.7766771965543,5.16831836386541,-iii,2,6.7766771965543,5.16831836386541,
229,76,iv,1,6.18322182405577,5.40396119496012,iv,1,6.18322182405577,5.40396119496012,
229,77,v,1,5.03569244506737,5.45298253750334,v,1,5.03569244506737,5.45298253750334,
,,,,,,,,,,
230,70,iv,2,4.44893493864514,5.28631663594942,iv,2,4.44893493864514,5.28631663594942,
230,71,-III,3,3.78247959356285,5.1053219814982,-III,3,3.78247959356285,5.1053219814982,
230,72,-iii,4,7.2706672863486,4.79876121807827,-iii,4,7.2706672863486,4.79876121807827,
230,73,-II,1,6.39378880999543,5.40396119496012,-II,1,6.39378880999543,5.40396119496012,
230,74,-II,1,5.00540633624959,5.44048428464702,-II,1,5.00540633624959,5.44048428464702,
230,75,-iii,2,6.7766771965543,5.16831836386541,-iiio,2,6.82248088616742,5.16831836386541,0.0458036896131251
230,76,iv,1,6.18322182405577,5.40396119496012,iv,1,6.48987273220143,4.81519056837249,
230,77,v,1,5.03569244506737,5.45298253750334,v,1,5.03569244506737,5.45298253750334,
230,78,i,2,4.12906689482177,5.18762847529485,i,2,4.12906689482177,5.18762847529485,
230,79,iv,3,3.69985452108245,4.82022148031579,iv,3,3.69985452108245,4.82022148031579,
230,80,-III,4,4.33470413158456,4.148277617094,-III,4,4.33470413158456,4.148277617094,
,,,,,,,,,,
231,70,iv,2,4.44893493864514,5.28631663594942,iv,2,4.44893493864514,5.28631663594942,
231,71,-III,3,3.78247959356285,5.1053219814982,-III,3,3.78247959356285,5.1053219814982,
231,72,-iii,4,7.2706672863486,4.79876121807827,-iii,4,7.2706672863486,4.79876121807827,
231,73,-II,1,6.39378880999543,5.40396119496012,-II,1,6.39378880999543,5.40396119496012,
231,74,-II,1,5.00540633624959,5.44048428464702,-II,1,5.00540633624959,5.44048428464702,
231,75,-iii,2,6.7766771965543,5.16831836386541,-viio,2,6.82248088616742,5.16831836386541,0.0458036896131251
231,76,iv,1,6.18322182405577,5.40396119496012,iv,1,6.21137760071366,5.33052930106392,
231,77,v,1,5.03569244506737,5.45298253750334,v,1,5.03569244506737,5.45298253750334,
231,78,i,2,4.12906689482177,5.18762847529485,i,2,4.12906689482177,5.18762847529485,
231,79,iv,3,3.69985452108245,4.82022148031579,iv,3,3.69985452108245,4.82022148031579,
231,80,-III,4,4.33470413158456,4.148277617094,-III,4,4.33470413158456,4.148277617094,
,,,,,,,,,,
232,70,iv,2,4.44893493864514,5.28631663594942,iv,2,4.44893493864514,5.28631663594942,
232,71,-III,3,3.78247959356285,5.1053219814982,-III,3,3.78247959356285,5.1053219814982,
232,72,-iii,4,7.2706672863486,4.79876121807827,-iii,4,7.2706672863486,4.79876121807827,
232,73,-II,1,6.39378880999543,5.40396119496012,-II,1,6.39378880999543,5.40396119496012,
232,74,-II,1,5.00540633624959,5.44048428464702,-II,1,5.00540633624959,5.44048428464702,
232,75,-iii,2,6.7766771965543,5.16831836386541,-vio,2,6.82248088616742,5.16831836386541,0.0458036896131251
232,76,iv,1,6.18322182405577,5.40396119496012,iv,1,6.28483123890431,5.18671151421705,
232,77,v,1,5.03569244506737,5.45298253750334,v,1,5.03569244506737,5.45298253750334,
232,78,i,2,4.12906689482177,5.18762847529485,i,2,4.12906689482177,5.18762847529485,
232,79,iv,3,3.69985452108245,4.82022148031579,iv,3,3.69985452108245,4.82022148031579,
232,80,-III,4,4.33470413158456,4.148277617094,-III,4,4.33470413158456,4.148277617094,
,,,,,,,,,,
233,76,iv,1,6.18322182405577,5.40396119496012,iv,1,6.18322182405577,5.40396119496012,
233,77,v,1,5.03569244506737,5.45298253750334,v,1,5.03569244506737,5.45298253750334,
233,78,i,2,4.12906689482177,5.18762847529485,i,2,4.12906689482177,5.18762847529485,
233,79,iv,3,3.69985452108245,4.82022148031579,iv,3,3.69985452108245,4.82022148031579,
233,80,-III,4,4.33470413158456,4.148277617094,-III,4,4.33470413158456,4.148277617094,
233,81,-iii,4,7.2706672863486,4.79876121807827,-iiio,4,7.31647097596172,4.79876121807827,0.0458036896131251
233,82,-II,1,6.39378880999543,5.40396119496012,-II,1,6.70043971814109,4.81519056837249,
233,83,-II,1,5.00540633624959,5.44048428464702,-II,1,5.00540633624959,5.44048428464702,
233,84,-iii,2,6.7766771965543,5.16831836386541,-iii,2,6.7766771965543,5.16831836386541,
233,85,iv,1,6.18322182405577,5.40396119496012,iv,1,6.18322182405577,5.40396119496012,
233,86,#IV,1,6.4609038285878,5.45298253750334,#IV,1,6.4609038285878,5.45298253750334,
,,,,,,,,,,
234,76,iv,1,6.18322182405577,5.40396119496012,iv,1,6.18322182405577,5.40396119496012,
234,77,v,1,5.03569244506737,5.45298253750334,v,1,5.03569244506737,5.45298253750334,
234,78,i,2,4.12906689482177,5.18762847529485,i,2,4.12906689482177,5.18762847529485,
234,79,iv,3,3.69985452108245,4.82022148031579,iv,3,3.69985452108245,4.82022148031579,
234,80,-III,4,4.33470413158456,4.148277617094,-III,4,4.33470413158456,4.148277617094,
234,81,-iii,4,7.2706672863486,4.79876121807827,-viio,4,7.31647097596172,4.79876121807827,0.0458036896131251
234,82,-II,1,6.39378880999543,5.40396119496012,-II,1,6.42194458665332,5.33052930106392,
234,83,-II,1,5.00540633624959,5.44048428464702,-II,1,5.00540633624959,5.44048428464702,
234,84,-iii,2,6.7766771965543,5.16831836386541,-iii,2,6.7766771965543,5.16831836386541,
234,85,iv,1,6.18322182405577,5.40396119496012,iv,1,6.18322182405577,5.40396119496012,
234,86,#IV,1,6.4609038285878,5.45298253750334,#IV,1,6.4609038285878,5.45298253750334,
,,,,,,,,,,
235,76,iv,1,6.18322182405577,5.40396119496012,iv,1,6.18322182405577,5.40396119496012,
235,77,v,1,5.03569244506737,5.45298253750334,v,1,5.03569244506737,5.45298253750334,
235,78,i,2,4.12906689482177,5.18762847529485,i,2,4.12906689482177,5.18762847529485,
235,79,iv,3,3.69985452108245,4.82022148031579,iv,3,3.69985452108245,4.82022148031579,
235,80,-III,4,4.33470413158456,4.148277617094,-III,4,4.33470413158456,4.148277617094,
235,81,-iii,4,7.2706672863486,4.79876121807827,-vio,4,7.31647097596172,4.79876121807827,0.0458036896131251
235,82,-II,1,6.39378880999543,5.40396119496012,-II,1,6.49539822484397,5.18671151421705,
235,83,-II,1,5.00540633624959,5.44048428464702,-II,1,5.00540633624959,5.44048428464702,
235,84,-iii,2,6.7766771965543,5.16831836386541,-iii,2,6.7766771965543,5.16831836386541,
235,85,iv,1,6.18322182405577,5.40396119496012,iv,1,6.18322182405577,5.40396119496012,
235,86,#IV,1,6.4609038285878,5.45298253750334,#IV,1,6.4609038285878,5.45298253750334,
,,,,,,,,,,
236,79,iv,3,3.69985452108245,4.82022148031579,iv,3,3.69985452108245,4.82022148031579,
236,80,-III,4,4.33470413158456,4.148277617094,-III,4,4.33470413158456,4.148277617094,
236,81,-iii,4,7.2706672863486,4.79876121807827,-iii,4,7.2706672863486,4.79876121807827,
236,82,-II,1,6.39378880999543,5.40396119496012,-II,1,6.39378880999543,5.40396119496012,
236,83,-II,1,5.00540633624959,5.44048428464702,-II,1,5.00540633624959,5.44048428464702,
236,84,-iii,2,6.7766771965543,5.16831836386541,-iiio,2,6.82248088616742,5.16831836386541,0.0458036896131251
236,85,iv,1,6.18322182405577,5.40396119496012,iv,1,6.48987273220143,4.81519056837249,
236,86,#IV,1,6.4609038285878,5.45298253750334,#IV,1,6.4609038285878,5.45298253750334,
236,87,-vi,1,6.72421828845889,5.26832602886992,-vi,1,6.72421828845889,5.26832602886992,
236,88,-vii,1,4.00068466110953,5.18655150239105,-vii,1,4.00068466110953,5.18655150239105,
236,89,i,2,5.08527498042575,4.93666262653595,i,2,5.08527498042575,4.93666262653595,
,,,,,,,,,,
237,79,iv,3,3.69985452108245,4.82022148031579,iv,3,3.69985452108245,4.82022148031579,
237,80,-III,4,4.33470413158456,4.148277617094,-III,4,4.33470413158456,4.148277617094,
237,81,-iii,4,7.2706672863486,4.79876121807827,-iii,4,7.2706672863486,4.79876121807827,
237,82,-II,1,6.39378880999543,5.40396119496012,-II,1,6.39378880999543,5.40396119496012,
237,83,-II,1,5.00540633624959,5.44048428464702,-II,1,5.00540633624959,5.44048428464702,
237,84,-iii,2,6.7766771965543,5.16831836386541,-viio,2,6.82248088616742,5.16831836386541,0.0458036896131251
237,85,iv,1,6.18322182405577,5.40396119496012,iv,1,6.21137760071366,5.33052930106392,
237,86,#IV,1,6.4609038285878,5.45298253750334,#IV,1,6.4609038285878,5.45298253750334,
237,87,-vi,1,6.72421828845889,5.26832602886992,-vi,1,6.72421828845889,5.26832602886992,
237,88,-vii,1,4.00068466110953,5.18655150239105,-vii,1,4.00068466110953,5.18655150239105,
237,89,i,2,5.08527498042575,4.93666262653595,i,2,5.08527498042575,4.93666262653595,
,,,,,,,,,,
238,79,iv,3,3.69985452108245,4.82022148031579,iv,3,3.69985452108245,4.82022148031579,
238,80,-III,4,4.33470413158456,4.148277617094,-III,4,4.33470413158456,4.148277617094,
238,81,-iii,4,7.2706672863486,4.79876121807827,-iii,4,7.2706672863486,4.79876121807827,
238,82,-II,1,6.39378880999543,5.40396119496012,-II,1,6.39378880999543,5.40396119496012,
238,83,-II,1,5.00540633624959,5.44048428464702,-II,1,5.00540633624959,5.44048428464702,
238,84,-iii,2,6.7766771965543,5.16831836386541,-vio,2,6.82248088616742,5.16831836386541,0.0458036896131251
238,85,iv,1,6.18322182405577,5.40396119496012,iv,1,6.28483123890431,5.18671151421705,
238,86,#IV,1,6.4609038285878,5.45298253750334,#IV,1,6.4609038285878,5.45298253750334,
238,87,-vi,1,6.72421828845889,5.26832602886992,-vi,1,6.72421828845889,5.26832602886992,
238,88,-vii,1,4.00068466110953,5.18655150239105,-vii,1,4.00068466110953,5.18655150239105,
238,89,i,2,5.08527498042575,4.93666262653595,i,2,5.08527498042575,4.93666262653595,
,,,,,,,,,,
239,58,iii,1,5.25830986038592,5.46015231333603,iii,1,5.25830986038592,5.46015231333603,
239,59,vi,2,3.88056434428391,5.20474876077054,vi,2,3.88056434428391,5.20474876077054,
239,60,ii,3,3.12332133618508,4.96125786289468,ii,3,3.12332133618508,4.96125786289468,
239,61,I,4,4.06648165628245,4.79205003277203,I,4,4.06648165628245,4.79205003277203,
239,62,#IV,5,7.04988607715519,4.69930341512554,#IV,5,7.04988607715519,4.69930341512554,
239,63,VII,2,5.86348521659191,3.19091740638423,VI,2,5.81734140754969,3.19091740638423,0.0461438090422117
239,64,-iii,2,6.18311163009071,4.45248520163112,-iii,2,6.82514709148029,4.97314768448839,
239,65,-iii,2,6.98610868287465,4.6330856208257,-iii,1,6.52307182694039,5.40396119496012,
239,66,-vi,1,6.59233448937751,5.40396119496012,-vi,1,6.59233448937751,5.40396119496012,
239,67,#IV,1,6.60402569114554,5.18655150239105,#IV,1,6.60402569114554,5.18655150239105,
239,68,v,1,6.40702811257819,5.26832602886992,v,1,6.40702811257819,5.26832602886992,
,,,,,,,,,,
240,61,I,4,4.06648165628245,4.79205003277203,I,4,4.06648165628245,4.79205003277203,
240,62,#IV,5,7.04988607715519,4.69930341512554,#IV,5,7.04988607715519,4.69930341512554,
240,63,VII,2,5.86348521659191,3.19091740638423,VII,2,5.86348521659191,3.19091740638423,
240,64,-iii,2,6.18311163009071,4.45248520163112,-iii,2,6.18311163009071,4.45248520163112,
240,65,-iii,2,6.98610868287465,4.6330856208257,-iii,2,6.98610868287465,4.6330856208257,
240,66,-vi,1,6.59233448937751,5.40396119496012,#I,1,6.54579190344048,5.40396119496012,0.0465425859370301
240,67,#IV,1,6.60402569114554,5.18655150239105,#IV,1,6.69676427776954,5.15363165895153,
240,68,v,1,6.40702811257819,5.26832602886992,v,1,6.40702811257819,5.26832602886992,
240,69,i,1,5.04582678585244,5.40780748387603,i,1,5.04582678585244,5.40780748387603,
240,70,iv,2,4.44893493864514,5.28631663594942,iv,2,4.44893493864514,5.28631663594942,
240,71,-III,3,3.78247959356285,5.1053219814982,-III,3,3.78247959356285,5.1053219814982,
,,,,,,,,,,
241,61,I,4,4.06648165628245,4.79205003277203,I,4,4.06648165628245,4.79205003277203,
241,62,#IV,5,7.04988607715519,4.69930341512554,#IV,5,7.04988607715519,4.69930341512554,
241,63,VII,2,5.86348521659191,3.19091740638423,VII,2,5.86348521659191,3.19091740638423,
241,64,-iii,2,6.18311163009071,4.45248520163112,-iii,2,6.18311163009071,4.45248520163112,
241,65,-iii,2,6.98610868287465,4.6330856208257,-iii,2,6.98610868287465,4.6330856208257,
241,66,-vi,1,6.59233448937751,5.40396119496012,iiio,1,6.54579190344048,5.40396119496012,0.0465425859370301
241,67,#IV,1,6.60402569114554,5.18655150239105,#IV,1,6.73516109731946,4.95146488275273,
241,68,v,1,6.40702811257819,5.26832602886992,v,1,6.40702811257819,5.26832602886992,
241,69,i,1,5.04582678585244,5.40780748387603,i,1,5.04582678585244,5.40780748387603,
241,70,iv,2,4.44893493864514,5.28631663594942,iv,2,4.44893493864514,5.28631663594942,
241,71,-III,3,3.78247959356285,5.1053219814982,-III,3,3.78247959356285,5.1053219814982,
,,,,,,,,,,
242,61,I,4,4.06648165628245,4.79205003277203,I,4,4.06648165628245,4.79205003277203,
242,62,#IV,5,7.04988607715519,4.69930341512554,#IV,5,7.04988607715519,4.69930341512554,
242,63,VII,2,5.86348521659191,3.19091740638423,VII,2,5.86348521659191,3.19091740638423,
242,64,-iii,2,6.18311163009071,4.45248520163112,-iii,2,6.18311163009071,4.45248520163112,
242,65,-iii,2,6.98610868287465,4.6330856208257,-iii,2,6.98610868287465,4.6330856208257,
242,66,-vi,1,6.59233448937751,5.40396119496012,#iv,1,6.54579190344048,5.40396119496012,0.0465425859370301
242,67,#IV,1,6.60402569114554,5.18655150239105,#IV,1,6.67731307688113,5.10526702470052,
242,68,v,1,6.40702811257819,5.26832602886992,v,1,6.40702811257819,5.26832602886992,
242,69,i,1,5.04582678585244,5.40780748387603,i,1,5.04582678585244,5.40780748387603,
242,70,iv,2,4.44893493864514,5.28631663594942,iv,2,4.44893493864514,5.28631663594942,
242,71,-III,3,3.78247959356285,5.1053219814982,-III,3,3.78247959356285,5.1053219814982,
,,,,,,,,,,
243,61,I,4,4.06648165628245,4.79205003277203,I,4,4.06648165628245,4.79205003277203,
243,62,#IV,5,7.04988607715519,4.69930341512554,#IV,5,7.04988607715519,4.69930341512554,
243,63,VII,2,5.86348521659191,3.19091740638423,VII,2,5.86348521659191,3.19091740638423,
243,64,-iii,2,6.18311163009071,4.45248520163112,-iii,2,6.18311163009071,4.45248520163112,
243,65,-iii,2,6.98610868287465,4.6330856208257,-iii,2,6.98610868287465,4.6330856208257,
243,66,-vi,1,6.59233448937751,5.40396119496012,ivo,1,6.54579190344048,5.40396119496012,0.0465425859370301
243,67,#IV,1,6.60402569114554,5.18655150239105,#IV,1,6.45176060528437,5.20230995295034,
243,68,v,1,6.40702811257819,5.26832602886992,v,1,6.40702811257819,5.26832602886992,
243,69,i,1,5.04582678585244,5.40780748387603,i,1,5.04582678585244,5.40780748387603,
243,70,iv,2,4.44893493864514,5.28631663594942,iv,2,4.44893493864514,5.28631663594942,
243,71,-III,3,3.78247959356285,5.1053219814982,-III,3,3.78247959356285,5.1053219814982,
,,,,,,,,,,
244,82,-II,1,6.39378880999543,5.40396119496012,-II,1,6.39378880999543,5.40396119496012,
244,83,-II,1,5.00540633624959,5.44048428464702,-II,1,5.00540633624959,5.44048428464702,
244,84,-iii,2,6.7766771965543,5.16831836386541,-iii,2,6.7766771965543,5.16831836386541,
244,85,iv,1,6.18322182405577,5.40396119496012,iv,1,6.18322182405577,5.40396119496012,
244,86,#IV,1,6.4609038285878,5.45298253750334,#IV,1,6.4609038285878,5.45298253750334,
244,87,-vi,1,6.72421828845889,5.26832602886992,#I,1,6.67767570252186,5.26832602886992,0.0465425859370301
244,88,-vii,1,4.00068466110953,5.18655150239105,-vii,1,6.58984907385303,5.15363165895153,
244,89,i,2,5.08527498042575,4.93666262653595,i,1,4.76449095393286,5.38946768503422,
244,90,iv,2,3.27745556605902,4.97469682440288,iv,2,3.27745556605902,4.97469682440288,
244,91,-vii,3,6.89085088417614,4.81247574766958,-vii,3,6.89085088417614,4.81247574766958,
244,92,-VI,2,5.45704502580042,4.72483603609195,-VI,2,5.45704502580042,4.72483603609195,
,,,,,,,,,,
245,82,-II,1,6.39378880999543,5.40396119496012,-II,1,6.39378880999543,5.40396119496012,
245,83,-II,1,5.00540633624959,5.44048428464702,-II,1,5.00540633624959,5.44048428464702,
245,84,-iii,2,6.7766771965543,5.16831836386541,-iii,2,6.7766771965543,5.16831836386541,
245,85,iv,1,6.18322182405577,5.40396119496012,iv,1,6.18322182405577,5.40396119496012,
245,86,#IV,1,6.4609038285878,5.45298253750334,#IV,1,6.4609038285878,5.45298253750334,
245,87,-vi,1,6.72421828845889,5.26832602886992,iiio,1,6.67767570252186,5.26832602886992,0.0465425859370301
245,88,-vii,1,4.00068466110953,5.18655150239105,-vii,1,6.62824589340295,4.95146488275273,
245,89,i,2,5.08527498042575,4.93666262653595,i,1,4.76449095393286,5.38946768503422,
245,90,iv,2,3.27745556605902,4.97469682440288,iv,2,3.27745556605902,4.97469682440288,
245,91,-vii,3,6.89085088417614,4.81247574766958,-vii,3,6.89085088417614,4.81247574766958,
245,92,-VI,2,5.45704502580042,4.72483603609195,-VI,2,5.45704502580042,4.72483603609195,
,,,,,,,,,,
246,82,-II,1,6.39378880999543,5.40396119496012,-II,1,6.39378880999543,5.40396119496012,
246,83,-II,1,5.00540633624959,5.44048428464702,-II,1,5.00540633624959,5.44048428464702,
246,84,-iii,2,6.7766771965543,5.16831836386541,-iii,2,6.7766771965543,5.16831836386541,
246,85,iv,1,6.18322182405577,5.40396119496012,iv,1,6.18322182405577,5.40396119496012,
246,86,#IV,1,6.4609038285878,5.45298253750334,#IV,1,6.4609038285878,5.45298253750334,
246,87,-vi,1,6.72421828845889,5.26832602886992,#iv,1,6.67767570252186,5.26832602886992,0.0465425859370301
246,88,-vii,1,4.00068466110953,5.18655150239105,-vii,1,6.57039787296462,5.10526702470052,
246,89,i,2,5.08527498042575,4.93666262653595,i,1,4.76449095393286,5.38946768503422,
246,90,iv,2,3.27745556605902,4.97469682440288,iv,2,3.27745556605902,4.97469682440288,
246,91,-vii,3,6.89085088417614,4.81247574766958,-vii,3,6.89085088417614,4.81247574766958,
246,92,-VI,2,5.45704502580042,4.72483603609195,-VI,2,5.45704502580042,4.72483603609195,
,,,,,,,,,,
247,82,-II,1,6.39378880999543,5.40396119496012,-II,1,6.39378880999543,5.40396119496012,
247,83,-II,1,5.00540633624959,5.44048428464702,-II,1,5.00540633624959,5.44048428464702,
247,84,-iii,2,6.7766771965543,5.16831836386541,-iii,2,6.7766771965543,5.16831836386541,
247,85,iv,1,6.18322182405577,5.40396119496012,iv,1,6.18322182405577,5.40396119496012,
247,86,#IV,1,6.4609038285878,5.45298253750334,#IV,1,6.4609038285878,5.45298253750334,
247,87,-vi,1,6.72421828845889,5.26832602886992,ivo,1,6.67767570252186,5.26832602886992,0.0465425859370301
247,88,-vii,1,4.00068466110953,5.18655150239105,-vii,1,6.34484540136785,5.20230995295034,
247,89,i,2,5.08527498042575,4.93666262653595,i,1,4.76449095393286,5.38946768503422,
247,90,iv,2,3.27745556605902,4.97469682440288,iv,2,3.27745556605902,4.97469682440288,
247,91,-vii,3,6.89085088417614,4.81247574766958,-vii,3,6.89085088417614,4.81247574766958,
247,92,-VI,2,5.45704502580042,4.72483603609195,-VI,2,5.45704502580042,4.72483603609195,
,,,,,,,,,,
248,91,-vii,3,6.89085088417614,4.81247574766958,-vii,3,6.89085088417614,4.81247574766958,
248,92,-VI,2,5.45704502580042,4.72483603609195,-VI,2,5.45704502580042,4.72483603609195,
248,93,-vi,2,6.3383993290159,5.16499410827579,-vi,2,6.3383993290159,5.16499410827579,
248,94,#IV,2,7.15255786947222,4.36051564243597,#IV,2,7.15255786947222,4.36051564243597,
248,95,#IV,1,4.74720653884321,5.26832602886992,#IV,1,4.74720653884321,5.26832602886992,
248,96,-vi,2,7.18908383683268,4.41656597700969,#I,2,7.14254125089565,4.41656597700969,0.0465425859370301
248,97,-vii,1,4.00068466110953,5.18655150239105,-vii,1,6.58984907385303,5.15363165895153,
248,98,i,2,5.08527498042575,4.93666262653595,i,1,4.76449095393286,5.38946768503422,
248,99,iv,2,3.27745556605902,4.97469682440288,iv,2,3.27745556605902,4.97469682440288,
248,100,-vii,3,6.89085088417614,4.81247574766958,-vii,3,6.89085088417614,4.81247574766958,
248,101,-VI,2,5.45704502580042,4.72483603609195,-VI,2,5.45704502580042,4.72483603609195,
,,,,,,,,,,
249,91,-vii,3,6.89085088417614,4.81247574766958,-vii,3,6.89085088417614,4.81247574766958,
249,92,-VI,2,5.45704502580042,4.72483603609195,-VI,2,5.45704502580042,4.72483603609195,
249,93,-vi,2,6.3383993290159,5.16499410827579,-vi,2,6.3383993290159,5.16499410827579,
249,94,#IV,2,7.15255786947222,4.36051564243597,#IV,2,7.15255786947222,4.36051564243597,
249,95,#IV,1,4.74720653884321,5.26832602886992,#IV,1,4.74720653884321,5.26832602886992,
249,96,-vi,2,7.18908383683268,4.41656597700969,iiio,2,7.14254125089565,4.41656597700969,0.0465425859370301
249,97,-vii,1,4.00068466110953,5.18655150239105,-vii,1,6.62824589340295,4.95146488275273,
249,98,i,2,5.08527498042575,4.93666262653595,i,1,4.76449095393286,5.38946768503422,
249,99,iv,2,3.27745556605902,4.97469682440288,iv,2,3.27745556605902,4.97469682440288,
249,100,-vii,3,6.89085088417614,4.81247574766958,-vii,3,6.89085088417614,4.81247574766958,
249,101,-VI,2,5.45704502580042,4.72483603609195,-VI,2,5.45704502580042,4.72483603609195,
,,,,,,,,,,
250,91,-vii,3,6.89085088417614,4.81247574766958,-vii,3,6.89085088417614,4.81247574766958,
250,92,-VI,2,5.45704502580042,4.72483603609195,-VI,2,5.45704502580042,4.72483603609195,
250,93,-vi,2,6.3383993290159,5.16499410827579,-vi,2,6.3383993290159,5.16499410827579,
250,94,#IV,2,7.15255786947222,4.36051564243597,#IV,2,7.15255786947222,4.36051564243597,
250,95,#IV,1,4.74720653884321,5.26832602886992,#IV,1,4.74720653884321,5.26832602886992,
250,96,-vi,2,7.18908383683268,4.41656597700969,#iv,2,7.14254125089565,4.41656597700969,0.0465425859370301
250,97,-vii,1,4.00068466110953,5.18655150239105,-vii,1,6.57039787296462,5.10526702470052,
250,98,i,2,5.08527498042575,4.93666262653595,i,1,4.76449095393286,5.38946768503422,
250,99,iv,2,3.27745556605902,4.97469682440288,iv,2,3.27745556605902,4.97469682440288,
250,100,-vii,3,6.89085088417614,4.81247574766958,-vii,3,6.89085088417614,4.81247574766958,
250,101,-VI,2,5.45704502580042,4.72483603609195,-VI,2,5.45704502580042,4.72483603609195,
,,,,,,,,,,
251,91,-vii,3,6.89085088417614,4.81247574766958,-vii,3,6.89085088417614,4.81247574766958,
251,92,-VI,2,5.45704502580042,4.72483603609195,-VI,2,5.45704502580042,4.72483603609195,
251,93,-vi,2,6.3383993290159,5.16499410827579,-vi,2,6.3383993290159,5.16499410827579,
251,94,#IV,2,7.15255786947222,4.36051564243597,#IV,2,7.15255786947222,4.36051564243597,
251,95,#IV,1,4.74720653884321,5.26832602886992,#IV,1,4.74720653884321,5.26832602886992,
251,96,-vi,2,7.18908383683268,4.41656597700969,ivo,2,7.14254125089565,4.41656597700969,0.0465425859370301
251,97,-vii,1,4.00068466110953,5.18655150239105,-vii,1,6.34484540136785,5.20230995295034,
251,98,i,2,5.08527498042575,4.93666262653595,i,1,4.76449095393286,5.38946768503422,
251,99,iv,2,3.27745556605902,4.97469682440288,iv,2,3.27745556605902,4.97469682440288,
251,100,-vii,3,6.89085088417614,4.81247574766958,-vii,3,6.89085088417614,4.81247574766958,
251,101,-VI,2,5.45704502580042,4.72483603609195,-VI,2,5.45704502580042,4.72483603609195,
,,,,,,,,,,
252,154,-vii,3,6.89085088417614,4.81247574766958,-vii,3,6.89085088417614,4.81247574766958,
252,155,-VI,2,5.45704502580042,4.72483603609195,-VI,2,5.45704502580042,4.72483603609195,
252,156,-vi,2,6.3383993290159,5.16499410827579,-vi,2,6.3383993290159,5.16499410827579,
252,157,#IV,2,7.15255786947222,4.36051564243597,#IV,2,7.15255786947222,4.36051564243597,
252,158,#IV,1,4.74720653884321,5.26832602886992,#IV,1,4.74720653884321,5.26832602886992,
252,159,-vi,2,7.18908383683268,4.41656597700969,#I,2,7.14254125089565,4.41656597700969,0.0465425859370301
252,160,-vii,1,4.00068466110953,5.18655150239105,-vii,1,6.58984907385303,5.15363165895153,
252,161,i,2,5.08527498042575,4.93666262653595,i,1,4.76449095393286,5.38946768503422,
252,162,r,2,3.1525055960188,4.97469682440288,r,2,3.1525055960188,4.97469682440288,
252,163,r,2,1.71736353267208,3.74300594358816,r,2,1.71736353267208,3.74300594358816,
,,,,,,,,,,
253,154,-vii,3,6.89085088417614,4.81247574766958,-vii,3,6.89085088417614,4.81247574766958,
253,155,-VI,2,5.45704502580042,4.72483603609195,-VI,2,5.45704502580042,4.72483603609195,
253,156,-vi,2,6.3383993290159,5.16499410827579,-vi,2,6.3383993290159,5.16499410827579,
253,157,#IV,2,7.15255786947222,4.36051564243597,#IV,2,7.15255786947222,4.36051564243597,
253,158,#IV,1,4.74720653884321,5.26832602886992,#IV,1,4.74720653884321,5.26832602886992,
253,159,-vi,2,7.18908383683268,4.41656597700969,iiio,2,7.14254125089565,4.41656597700969,0.0465425859370301
253,160,-vii,1,4.00068466110953,5.18655150239105,-vii,1,6.62824589340295,4.95146488275273,
253,161,i,2,5.08527498042575,4.93666262653595,i,1,4.76449095393286,5.38946768503422,
253,162,r,2,3.1525055960188,4.97469682440288,r,2,3.1525055960188,4.97469682440288,
253,163,r,2,1.71736353267208,3.74300594358816,r,2,1.71736353267208,3.74300594358816,
,,,,,,,,,,
254,154,-vii,3,6.89085088417614,4.81247574766958,-vii,3,6.89085088417614,4.81247574766958,
254,155,-VI,2,5.45704502580042,4.72483603609195,-VI,2,5.45704502580042,4.72483603609195,
254,156,-vi,2,6.3383993290159,5.16499410827579,-vi,2,6.3383993290159,5.16499410827579,
254,157,#IV,2,7.15255786947222,4.36051564243597,#IV,2,7.15255786947222,4.36051564243597,
254,158,#IV,1,4.74720653884321,5.26832602886992,#IV,1,4.74720653884321,5.26832602886992,
254,159,-vi,2,7.18908383683268,4.41656597700969,#iv,2,7.14254125089565,4.41656597700969,0.0465425859370301
254,160,-vii,1,4.00068466110953,5.18655150239105,-vii,1,6.57039787296462,5.10526702470052,
254,161,i,2,5.08527498042575,4.93666262653595,i,1,4.76449095393286,5.38946768503422,
254,162,r,2,3.1525055960188,4.97469682440288,r,2,3.1525055960188,4.97469682440288,
254,163,r,2,1.71736353267208,3.74300594358816,r,2,1.71736353267208,3.74300594358816,
,,,,,,,,,,
255,154,-vii,3,6.89085088417614,4.81247574766958,-vii,3,6.89085088417614,4.81247574766958,
255,155,-VI,2,5.45704502580042,4.72483603609195,-VI,2,5.45704502580042,4.72483603609195,
255,156,-vi,2,6.3383993290159,5.16499410827579,-vi,2,6.3383993290159,5.16499410827579,
255,157,#IV,2,7.15255786947222,4.36051564243597,#IV,2,7.15255786947222,4.36051564243597,
255,158,#IV,1,4.74720653884321,5.26832602886992,#IV,1,4.74720653884321,5.26832602886992,
255,159,-vi,2,7.18908383683268,4.41656597700969,ivo,2,7.14254125089565,4.41656597700969,0.0465425859370301
255,160,-vii,1,4.00068466110953,5.18655150239105,-vii,1,6.34484540136785,5.20230995295034,
255,161,i,2,5.08527498042575,4.93666262653595,i,1,4.76449095393286,5.38946768503422,
255,162,r,2,3.1525055960188,4.97469682440288,r,2,3.1525055960188,4.97469682440288,
255,163,r,2,1.71736353267208,3.74300594358816,r,2,1.71736353267208,3.74300594358816,
,,,,,,,,,,
256,73,-II,1,6.39378880999543,5.40396119496012,-II,1,6.39378880999543,5.40396119496012,
256,74,-II,1,5.00540633624959,5.44048428464702,-II,1,5.00540633624959,5.44048428464702,
256,75,-iii,2,6.7766771965543,5.16831836386541,-iii,2,6.7766771965543,5.16831836386541,
256,76,iv,1,6.18322182405577,5.40396119496012,iv,1,6.18322182405577,5.40396119496012,
256,77,v,1,5.03569244506737,5.45298253750334,v,1,5.03569244506737,5.45298253750334,
256,78,i,2,4.12906689482177,5.18762847529485,V,2,4.17631049353064,5.18762847529485,0.047243598708878
256,79,iv,3,3.69985452108245,4.82022148031579,iv,3,5.68620188935383,4.87802597205033,
256,80,-III,4,4.33470413158456,4.148277617094,-III,3,5.23951355519449,4.99853185481752,
256,81,-iii,4,7.2706672863486,4.79876121807827,-iii,3,7.03177777078198,4.97958954281235,
256,82,-II,1,6.39378880999543,5.40396119496012,-II,1,6.39378880999543,5.40396119496012,
256,83,-II,1,5.00540633624959,5.44048428464702,-II,1,5.00540633624959,5.44048428464702,
,,,,,,,,,,
257,64,-iii,2,6.18311163009071,4.45248520163112,-iii,2,6.18311163009071,4.45248520163112,
257,65,-iii,2,6.98610868287465,4.6330856208257,-iii,2,6.98610868287465,4.6330856208257,
257,66,-vi,1,6.59233448937751,5.40396119496012,-vi,1,6.59233448937751,5.40396119496012,
257,67,#IV,1,6.60402569114554,5.18655150239105,#IV,1,6.60402569114554,5.18655150239105,
257,68,v,1,6.40702811257819,5.26832602886992,v,1,6.40702811257819,5.26832602886992,
257,69,i,1,5.04582678585244,5.40780748387603,-VII,1,5.09307813214175,5.40780748387603,0.0472513462893112
257,70,iv,2,4.44893493864514,5.28631663594942,iv,2,5.20572341536553,5.34163767597464,
257,71,-III,3,3.78247959356285,5.1053219814982,-III,3,4.82043931910045,4.97633943806103,
257,72,-iii,4,7.2706672863486,4.79876121807827,-iii,3,7.0180681356965,5.09080507605529,
257,73,-II,1,6.39378880999543,5.40396119496012,-II,1,6.39378880999543,5.40396119496012,
257,74,-II,1,5.00540633624959,5.44048428464702,-II,1,5.00540633624959,5.44048428464702,
,,,,,,,,,,
258,64,-iii,2,6.18311163009071,4.45248520163112,-iii,2,6.18311163009071,4.45248520163112,
258,65,-iii,2,6.98610868287465,4.6330856208257,-iii,2,6.98610868287465,4.6330856208257,
258,66,-vi,1,6.59233448937751,5.40396119496012,-vi,1,6.59233448937751,5.40396119496012,
258,67,#IV,1,6.60402569114554,5.18655150239105,#IV,1,6.60402569114554,5.18655150239105,
258,68,v,1,6.40702811257819,5.26832602886992,v,1,6.40702811257819,5.26832602886992,
258,69,i,1,5.04582678585244,5.40780748387603,-III,1,5.09307813214175,5.40780748387603,0.0472513462893112
258,70,iv,2,4.44893493864514,5.28631663594942,iv,2,4.80088123619366,5.23059040662406,
258,71,-III,3,3.78247959356285,5.1053219814982,-III,3,3.0200186342336,5.09952808253559,
258,72,-iii,4,7.2706672863486,4.79876121807827,-iii,4,7.58678278829152,4.22096828284689,
258,73,-II,1,6.39378880999543,5.40396119496012,-II,1,6.39378880999543,5.40396119496012,
258,74,-II,1,5.00540633624959,5.44048428464702,-II,1,5.00540633624959,5.44048428464702,
,,,,,,,,,,
259,13,I,5,2.56398489539881,4.11750782709229,I,5,2.56398489539881,4.11750782709229,
259,14,iv,5,5.6784154043939,5.19974290858501,iv,5,5.6784154043939,5.19974290858501,
259,15,I,4,2.49873251161012,4.89695766762155,I,4,2.49873251161012,4.89695766762155,
259,16,iv,5,3.20664600669161,4.66342858519195,iv,5,3.20664600669161,4.66342858519195,
259,17,I,5,1.63555725111559,4.43169744819651,I,5,1.63555725111559,4.43169744819651,
259,18,#IV,6,7.55812278639041,4.28599880291646,-iiio,6,7.51086600887706,4.28599880291646,0.0472567775133497
259,19,iv,2,7.46698727787462,3.19091740638423,iv,2,7.35979474238978,3.538427898219,
259,20,-III,1,5.25061088482598,5.45298253750334,-III,1,5.25061088482598,5.45298253750334,
259,21,I,2,5.11533565876399,5.33789410002533,I,2,5.11533565876399,5.33789410002533,
259,22,iv,3,5.49584581795407,4.80247879652896,iv,3,5.49584581795407,4.80247879652896,
259,23,I,3,4.28442698113964,5.01642805793056,I,3,4.28442698113964,5.01642805793056,
,,,,,,,,,,
260,21,I,2,5.11533565876399,5.33789410002533,I,2,5.11533565876399,5.33789410002533,
260,22,iv,3,5.49584581795407,4.80247879652896,iv,3,5.49584581795407,4.80247879652896,
260,23,I,3,4.28442698113964,5.01642805793056,I,3,4.28442698113964,5.01642805793056,
260,24,iv,3,3.28501200841588,5.12756237700192,iv,3,3.28501200841588,5.12756237700192,
260,25,I,4,2.62782675606846,4.99593757888795,I,4,2.62782675606846,4.99593757888795,
260,26,#IV,5,7.27233505431236,4.64934421436809,-iiio,5,7.22507827679901,4.64934421436809,0.0472567775133497
260,27,iv,2,7.46698727787462,3.19091740638423,iv,2,7.35979474238978,3.538427898219,
260,28,-VI,1,5.31977290933337,5.45298253750334,-VI,1,5.31977290933337,5.45298253750334,
260,29,I,2,5.43780755337442,5.19040854958852,I,2,5.43780755337442,5.19040854958852,
260,30,I,2,4.33519713273102,5.41934604014041,I,2,4.33519713273102,5.41934604014041,
260,31,iv,3,4.83128580160429,5.36798749318986,iv,3,4.83128580160429,5.36798749318986,
,,,,,,,,,,
261,30,I,2,4.33519713273102,5.41934604014041,I,2,4.33519713273102,5.41934604014041,
261,31,iv,3,4.83128580160429,5.36798749318986,iv,3,4.83128580160429,5.36798749318986,
261,32,I,4,3.93997197716702,4.65115140116723,I,4,3.93997197716702,4.65115140116723,
261,33,iv,4,2.35425588667656,4.70879800011142,iv,4,2.35425588667656,4.70879800011142,
261,34,I,5,1.39232462394126,4.1767815461776,I,5,1.39232462394126,4.1767815461776,
261,35,#IV,6,7.41912539439768,4.48885900638762,-iiio,6,7.37186861688433,4.48885900638762,0.0472567775133497
261,36,iv,2,7.46698727787462,3.19091740638423,iv,2,7.35979474238978,3.538427898219,
261,37,-VI,1,5.31977290933337,5.45298253750334,-VI,1,5.31977290933337,5.45298253750334,
261,38,I,2,5.43780755337442,5.19040854958852,I,2,5.43780755337442,5.19040854958852,
261,39,I,2,4.33519713273102,5.41934604014041,I,2,4.33519713273102,5.41934604014041,
261,40,I+,3,6.43398439287137,5.36798749318986,I+,3,6.43398439287137,5.36798749318986,
,,,,,,,,,,
262,57,IV,1,6.39660478118186,4.33824316572275,IV,1,6.39660478118186,4.33824316572275,
262,58,iii,1,5.25830986038592,5.46015231333603,iii,1,5.25830986038592,5.46015231333603,
262,59,vi,2,3.88056434428391,5.20474876077054,vi,2,3.88056434428391,5.20474876077054,
262,60,ii,3,3.12332133618508,4.96125786289468,ii,3,3.12332133618508,4.96125786289468,
262,61,I,4,4.06648165628245,4.79205003277203,I,4,4.06648165628245,4.79205003277203,
262,62,#IV,5,7.04988607715519,4.69930341512554,-iiio,5,7.00262929964185,4.69930341512554,0.0472567775133497
262,63,VII,2,5.86348521659191,3.19091740638423,VII,2,7.54989762576972,3.538427898219,
262,64,-iii,2,6.18311163009071,4.45248520163112,-iii,1,5.65553685528837,5.34612393077972,
262,65,-iii,2,6.98610868287465,4.6330856208257,-iii,2,6.98610868287465,4.6330856208257,
262,66,-vi,1,6.59233448937751,5.40396119496012,-vi,1,6.59233448937751,5.40396119496012,
262,67,#IV,1,6.60402569114554,5.18655150239105,#IV,1,6.60402569114554,5.18655150239105,
,,,,,,,,,,
263,61,I,4,4.06648165628245,4.79205003277203,I,4,4.06648165628245,4.79205003277203,
263,62,#IV,5,7.04988607715519,4.69930341512554,#IV,5,7.04988607715519,4.69930341512554,
263,63,VII,2,5.86348521659191,3.19091740638423,VII,2,5.86348521659191,3.19091740638423,
263,64,-iii,2,6.18311163009071,4.45248520163112,-iii,2,6.18311163009071,4.45248520163112,
263,65,-iii,2,6.98610868287465,4.6330856208257,-iii,2,6.98610868287465,4.6330856208257,
263,66,-vi,1,6.59233448937751,5.40396119496012,-III+,1,6.64042877757855,5.40396119496012,0.0480942882010442
263,67,#IV,1,6.60402569114554,5.18655150239105,#IV,1,6.54178167695728,4.93336611464162,
263,68,v,1,6.40702811257819,5.26832602886992,v,1,6.40702811257819,5.26832602886992,
263,69,i,1,5.04582678585244,5.40780748387603,i,1,5.04582678585244,5.40780748387603,
263,70,iv,2,4.44893493864514,5.28631663594942,iv,2,4.44893493864514,5.28631663594942,
263,71,-III,3,3.78247959356285,5.1053219814982,-III,3,3.78247959356285,5.1053219814982,
,,,,,,,,,,
264,61,I,4,4.06648165628245,4.79205003277203,I,4,4.06648165628245,4.79205003277203,
264,62,#IV,5,7.04988607715519,4.69930341512554,#IV,5,7.04988607715519,4.69930341512554,
264,63,VII,2,5.86348521659191,3.19091740638423,VII,2,5.86348521659191,3.19091740638423,
264,64,-iii,2,6.18311163009071,4.45248520163112,-iii,2,6.18311163009071,4.45248520163112,
264,65,-iii,2,6.98610868287465,4.6330856208257,-iii,2,6.98610868287465,4.6330856208257,
264,66,-vi,1,6.59233448937751,5.40396119496012,VII+,1,6.64042877757855,5.40396119496012,0.0480942882010442
264,67,#IV,1,6.60402569114554,5.18655150239105,#IV,1,6.54558826238701,4.93664030960198,
264,68,v,1,6.40702811257819,5.26832602886992,v,1,6.40702811257819,5.26832602886992,
264,69,i,1,5.04582678585244,5.40780748387603,i,1,5.04582678585244,5.40780748387603,
264,70,iv,2,4.44893493864514,5.28631663594942,iv,2,4.44893493864514,5.28631663594942,
264,71,-III,3,3.78247959356285,5.1053219814982,-III,3,3.78247959356285,5.1053219814982,
,,,,,,,,,,
265,61,I,4,4.06648165628245,4.79205003277203,I,4,4.06648165628245,4.79205003277203,
265,62,#IV,5,7.04988607715519,4.69930341512554,#IV,5,7.04988607715519,4.69930341512554,
265,63,VII,2,5.86348521659191,3.19091740638423,VII,2,5.86348521659191,3.19091740638423,
265,64,-iii,2,6.18311163009071,4.45248520163112,-iii,2,6.18311163009071,4.45248520163112,
265,65,-iii,2,6.98610868287465,4.6330856208257,-iii,2,6.98610868287465,4.6330856208257,
265,66,-vi,1,6.59233448937751,5.40396119496012,#IV+,1,6.64042877757855,5.40396119496012,0.0480942882010442
265,67,#IV,1,6.60402569114554,5.18655150239105,#IV,1,6.54178167695728,4.93336611464162,
265,68,v,1,6.40702811257819,5.26832602886992,v,1,6.40702811257819,5.26832602886992,
265,69,i,1,5.04582678585244,5.40780748387603,i,1,5.04582678585244,5.40780748387603,
265,70,iv,2,4.44893493864514,5.28631663594942,iv,2,4.44893493864514,5.28631663594942,
265,71,-III,3,3.78247959356285,5.1053219814982,-III,3,3.78247959356285,5.1053219814982,
,,,,,,,,,,
266,61,I,4,4.06648165628245,4.79205003277203,I,4,4.06648165628245,4.79205003277203,
266,62,#IV,5,7.04988607715519,4.69930341512554,#IV,5,7.04988607715519,4.69930341512554,
266,63,VII,2,5.86348521659191,3.19091740638423,VII,2,5.86348521659191,3.19091740638423,
266,64,-iii,2,6.18311163009071,4.45248520163112,-iii,2,6.18311163009071,4.45248520163112,
266,65,-iii,2,6.98610868287465,4.6330856208257,-iii,2,6.98610868287465,4.6330856208257,
266,66,-vi,1,6.59233448937751,5.40396119496012,-IV,1,6.64042877757855,5.40396119496012,0.0480942882010442
266,67,#IV,1,6.60402569114554,5.18655150239105,#IV,1,6.54463755721858,4.9357532981557,
266,68,v,1,6.40702811257819,5.26832602886992,v,1,6.40702811257819,5.26832602886992,
266,69,i,1,5.04582678585244,5.40780748387603,i,1,5.04582678585244,5.40780748387603,
266,70,iv,2,4.44893493864514,5.28631663594942,iv,2,4.44893493864514,5.28631663594942,
266,71,-III,3,3.78247959356285,5.1053219814982,-III,3,3.78247959356285,5.1053219814982,
,,,,,,,,,,
267,61,I,4,4.06648165628245,4.79205003277203,I,4,4.06648165628245,4.79205003277203,
267,62,#IV,5,7.04988607715519,4.69930341512554,#IV,5,7.04988607715519,4.69930341512554,
267,63,VII,2,5.86348521659191,3.19091740638423,VII,2,5.86348521659191,3.19091740638423,
267,64,-iii,2,6.18311163009071,4.45248520163112,-iii,2,6.18311163009071,4.45248520163112,
267,65,-iii,2,6.98610868287465,4.6330856208257,-iii,2,6.98610868287465,4.6330856208257,
267,66,-vi,1,6.59233448937751,5.40396119496012,-VII+,1,6.64042877757855,5.40396119496012,0.0480942882010442
267,67,#IV,1,6.60402569114554,5.18655150239105,#IV,1,6.54463755721858,4.9357532981557,
267,68,v,1,6.40702811257819,5.26832602886992,v,1,6.40702811257819,5.26832602886992,
267,69,i,1,5.04582678585244,5.40780748387603,i,1,5.04582678585244,5.40780748387603,
267,70,iv,2,4.44893493864514,5.28631663594942,iv,2,4.44893493864514,5.28631663594942,
267,71,-III,3,3.78247959356285,5.1053219814982,-III,3,3.78247959356285,5.1053219814982,
,,,,,,,,,,
268,61,I,4,4.06648165628245,4.79205003277203,I,4,4.06648165628245,4.79205003277203,
268,62,#IV,5,7.04988607715519,4.69930341512554,#IV,5,7.04988607715519,4.69930341512554,
268,63,VII,2,5.86348521659191,3.19091740638423,VII,2,5.86348521659191,3.19091740638423,
268,64,-iii,2,6.18311163009071,4.45248520163112,-iii,2,6.18311163009071,4.45248520163112,
268,65,-iii,2,6.98610868287465,4.6330856208257,-iii,2,6.98610868287465,4.6330856208257,
268,66,-vi,1,6.59233448937751,5.40396119496012,#v,1,6.64042877757855,5.40396119496012,0.0480942882010442
268,67,#IV,1,6.60402569114554,5.18655150239105,#IV,1,6.53939745059925,5.12173562852222,
268,68,v,1,6.40702811257819,5.26832602886992,v,1,6.40702811257819,5.26832602886992,
268,69,i,1,5.04582678585244,5.40780748387603,i,1,5.04582678585244,5.40780748387603,
268,70,iv,2,4.44893493864514,5.28631663594942,iv,2,4.44893493864514,5.28631663594942,
268,71,-III,3,3.78247959356285,5.1053219814982,-III,3,3.78247959356285,5.1053219814982,
,,,,,,,,,,
269,61,I,4,4.06648165628245,4.79205003277203,I,4,4.06648165628245,4.79205003277203,
269,62,#IV,5,7.04988607715519,4.69930341512554,#IV,5,7.04988607715519,4.69930341512554,
269,63,VII,2,5.86348521659191,3.19091740638423,VII,2,5.86348521659191,3.19091740638423,
269,64,-iii,2,6.18311163009071,4.45248520163112,-iii,2,6.18311163009071,4.45248520163112,
269,65,-iii,2,6.98610868287465,4.6330856208257,-iii,2,6.98610868287465,4.6330856208257,
269,66,-vi,1,6.59233448937751,5.40396119496012,IV+,1,6.64042877757855,5.40396119496012,0.0480942882010442
269,67,#IV,1,6.60402569114554,5.18655150239105,#IV,1,6.54273426533186,4.93411827661096,
269,68,v,1,6.40702811257819,5.26832602886992,v,1,6.40702811257819,5.26832602886992,
269,69,i,1,5.04582678585244,5.40780748387603,i,1,5.04582678585244,5.40780748387603,
269,70,iv,2,4.44893493864514,5.28631663594942,iv,2,4.44893493864514,5.28631663594942,
269,71,-III,3,3.78247959356285,5.1053219814982,-III,3,3.78247959356285,5.1053219814982,
,,,,,,,,,,
270,61,I,4,4.06648165628245,4.79205003277203,I,4,4.06648165628245,4.79205003277203,
270,62,#IV,5,7.04988607715519,4.69930341512554,#IV,5,7.04988607715519,4.69930341512554,
270,63,VII,2,5.86348521659191,3.19091740638423,VII,2,5.86348521659191,3.19091740638423,
270,64,-iii,2,6.18311163009071,4.45248520163112,-iii,2,6.18311163009071,4.45248520163112,
270,65,-iii,2,6.98610868287465,4.6330856208257,-iii,2,6.98610868287465,4.6330856208257,
270,66,-vi,1,6.59233448937751,5.40396119496012,-vo,1,6.64042877757855,5.40396119496012,0.0480942882010442
270,67,#IV,1,6.60402569114554,5.18655150239105,#IV,1,6.54867373457264,4.93987915058208,
270,68,v,1,6.40702811257819,5.26832602886992,v,1,6.40702811257819,5.26832602886992,
270,69,i,1,5.04582678585244,5.40780748387603,i,1,5.04582678585244,5.40780748387603,
270,70,iv,2,4.44893493864514,5.28631663594942,iv,2,4.44893493864514,5.28631663594942,
270,71,-III,3,3.78247959356285,5.1053219814982,-III,3,3.78247959356285,5.1053219814982,
,,,,,,,,,,
271,82,-II,1,6.39378880999543,5.40396119496012,-II,1,6.39378880999543,5.40396119496012,
271,83,-II,1,5.00540633624959,5.44048428464702,-II,1,5.00540633624959,5.44048428464702,
271,84,-iii,2,6.7766771965543,5.16831836386541,-iii,2,6.7766771965543,5.16831836386541,
271,85,iv,1,6.18322182405577,5.40396119496012,iv,1,6.18322182405577,5.40396119496012,
271,86,#IV,1,6.4609038285878,5.45298253750334,#IV,1,6.4609038285878,5.45298253750334,
271,87,-vi,1,6.72421828845889,5.26832602886992,-III+,1,6.77231257665993,5.26832602886992,0.0480942882010451
271,88,-vii,1,4.00068466110953,5.18655150239105,-vii,1,6.43486647304076,4.93336611464162,
271,89,i,2,5.08527498042575,4.93666262653595,i,1,4.76449095393286,5.38946768503422,
271,90,iv,2,3.27745556605902,4.97469682440288,iv,2,3.27745556605902,4.97469682440288,
271,91,-vii,3,6.89085088417614,4.81247574766958,-vii,3,6.89085088417614,4.81247574766958,
271,92,-VI,2,5.45704502580042,4.72483603609195,-VI,2,5.45704502580042,4.72483603609195,
,,,,,,,,,,
272,82,-II,1,6.39378880999543,5.40396119496012,-II,1,6.39378880999543,5.40396119496012,
272,83,-II,1,5.00540633624959,5.44048428464702,-II,1,5.00540633624959,5.44048428464702,
272,84,-iii,2,6.7766771965543,5.16831836386541,-iii,2,6.7766771965543,5.16831836386541,
272,85,iv,1,6.18322182405577,5.40396119496012,iv,1,6.18322182405577,5.40396119496012,
272,86,#IV,1,6.4609038285878,5.45298253750334,#IV,1,6.4609038285878,5.45298253750334,
272,87,-vi,1,6.72421828845889,5.26832602886992,VII+,1,6.77231257665993,5.26832602886992,0.0480942882010451
272,88,-vii,1,4.00068466110953,5.18655150239105,-vii,1,6.4386730584705,4.93664030960198,
272,89,i,2,5.08527498042575,4.93666262653595,i,1,4.76449095393286,5.38946768503422,
272,90,iv,2,3.27745556605902,4.97469682440288,iv,2,3.27745556605902,4.97469682440288,
272,91,-vii,3,6.89085088417614,4.81247574766958,-vii,3,6.89085088417614,4.81247574766958,
272,92,-VI,2,5.45704502580042,4.72483603609195,-VI,2,5.45704502580042,4.72483603609195,
,,,,,,,,,,
273,82,-II,1,6.39378880999543,5.40396119496012,-II,1,6.39378880999543,5.40396119496012,
273,83,-II,1,5.00540633624959,5.44048428464702,-II,1,5.00540633624959,5.44048428464702,
273,84,-iii,2,6.7766771965543,5.16831836386541,-iii,2,6.7766771965543,5.16831836386541,
273,85,iv,1,6.18322182405577,5.40396119496012,iv,1,6.18322182405577,5.40396119496012,
273,86,#IV,1,6.4609038285878,5.45298253750334,#IV,1,6.4609038285878,5.45298253750334,
273,87,-vi,1,6.72421828845889,5.26832602886992,#IV+,1,6.77231257665993,5.26832602886992,0.0480942882010451
273,88,-vii,1,4.00068466110953,5.18655150239105,-vii,1,6.43486647304076,4.93336611464162,
273,89,i,2,5.08527498042575,4.93666262653595,i,1,4.76449095393286,5.38946768503422,
273,90,iv,2,3.27745556605902,4.97469682440288,iv,2,3.27745556605902,4.97469682440288,
273,91,-vii,3,6.89085088417614,4.81247574766958,-vii,3,6.89085088417614,4.81247574766958,
273,92,-VI,2,5.45704502580042,4.72483603609195,-VI,2,5.45704502580042,4.72483603609195,
,,,,,,,,,,
274,82,-II,1,6.39378880999543,5.40396119496012,-II,1,6.39378880999543,5.40396119496012,
274,83,-II,1,5.00540633624959,5.44048428464702,-II,1,5.00540633624959,5.44048428464702,
274,84,-iii,2,6.7766771965543,5.16831836386541,-iii,2,6.7766771965543,5.16831836386541,
274,85,iv,1,6.18322182405577,5.40396119496012,iv,1,6.18322182405577,5.40396119496012,
274,86,#IV,1,6.4609038285878,5.45298253750334,#IV,1,6.4609038285878,5.45298253750334,
274,87,-vi,1,6.72421828845889,5.26832602886992,-IV,1,6.77231257665993,5.26832602886992,0.0480942882010451
274,88,-vii,1,4.00068466110953,5.18655150239105,-vii,1,6.43772235330207,4.9357532981557,
274,89,i,2,5.08527498042575,4.93666262653595,i,1,4.76449095393286,5.38946768503422,
274,90,iv,2,3.27745556605902,4.97469682440288,iv,2,3.27745556605902,4.97469682440288,
274,91,-vii,3,6.89085088417614,4.81247574766958,-vii,3,6.89085088417614,4.81247574766958,
274,92,-VI,2,5.45704502580042,4.72483603609195,-VI,2,5.45704502580042,4.72483603609195,
,,,,,,,,,,
275,82,-II,1,6.39378880999543,5.40396119496012,-II,1,6.39378880999543,5.40396119496012,
275,83,-II,1,5.00540633624959,5.44048428464702,-II,1,5.00540633624959,5.44048428464702,
275,84,-iii,2,6.7766771965543,5.16831836386541,-iii,2,6.7766771965543,5.16831836386541,
275,85,iv,1,6.18322182405577,5.40396119496012,iv,1,6.18322182405577,5.40396119496012,
275,86,#IV,1,6.4609038285878,5.45298253750334,#IV,1,6.4609038285878,5.45298253750334,
275,87,-vi,1,6.72421828845889,5.26832602886992,-VII+,1,6.77231257665993,5.26832602886992,0.0480942882010451
275,88,-vii,1,4.00068466110953,5.18655150239105,-vii,1,6.43772235330207,4.9357532981557,
275,89,i,2,5.08527498042575,4.93666262653595,i,1,4.76449095393286,5.38946768503422,
275,90,iv,2,3.27745556605902,4.97469682440288,iv,2,3.27745556605902,4.97469682440288,
275,91,-vii,3,6.89085088417614,4.81247574766958,-vii,3,6.89085088417614,4.81247574766958,
275,92,-VI,2,5.45704502580042,4.72483603609195,-VI,2,5.45704502580042,4.72483603609195,
,,,,,,,,,,
276,82,-II,1,6.39378880999543,5.40396119496012,-II,1,6.39378880999543,5.40396119496012,
276,83,-II,1,5.00540633624959,5.44048428464702,-II,1,5.00540633624959,5.44048428464702,
276,84,-iii,2,6.7766771965543,5.16831836386541,-iii,2,6.7766771965543,5.16831836386541,
276,85,iv,1,6.18322182405577,5.40396119496012,iv,1,6.18322182405577,5.40396119496012,
276,86,#IV,1,6.4609038285878,5.45298253750334,#IV,1,6.4609038285878,5.45298253750334,
276,87,-vi,1,6.72421828845889,5.26832602886992,#v,1,6.77231257665993,5.26832602886992,0.0480942882010451
276,88,-vii,1,4.00068466110953,5.18655150239105,-vii,1,6.43248224668274,5.12173562852222,
276,89,i,2,5.08527498042575,4.93666262653595,i,1,4.76449095393286,5.38946768503422,
276,90,iv,2,3.27745556605902,4.97469682440288,iv,2,3.27745556605902,4.97469682440288,
276,91,-vii,3,6.89085088417614,4.81247574766958,-vii,3,6.89085088417614,4.81247574766958,
276,92,-VI,2,5.45704502580042,4.72483603609195,-VI,2,5.45704502580042,4.72483603609195,
,,,,,,,,,,
277,82,-II,1,6.39378880999543,5.40396119496012,-II,1,6.39378880999543,5.40396119496012,
277,83,-II,1,5.00540633624959,5.44048428464702,-II,1,5.00540633624959,5.44048428464702,
277,84,-iii,2,6.7766771965543,5.16831836386541,-iii,2,6.7766771965543,5.16831836386541,
277,85,iv,1,6.18322182405577,5.40396119496012,iv,1,6.18322182405577,5.40396119496012,
277,86,#IV,1,6.4609038285878,5.45298253750334,#IV,1,6.4609038285878,5.45298253750334,
277,87,-vi,1,6.72421828845889,5.26832602886992,IV+,1,6.77231257665993,5.26832602886992,0.0480942882010451
277,88,-vii,1,4.00068466110953,5.18655150239105,-vii,1,6.43581906141535,4.93411827661096,
277,89,i,2,5.08527498042575,4.93666262653595,i,1,4.76449095393286,5.38946768503422,
277,90,iv,2,3.27745556605902,4.97469682440288,iv,2,3.27745556605902,4.97469682440288,
277,91,-vii,3,6.89085088417614,4.81247574766958,-vii,3,6.89085088417614,4.81247574766958,
277,92,-VI,2,5.45704502580042,4.72483603609195,-VI,2,5.45704502580042,4.72483603609195,
,,,,,,,,,,
278,82,-II,1,6.39378880999543,5.40396119496012,-II,1,6.39378880999543,5.40396119496012,
278,83,-II,1,5.00540633624959,5.44048428464702,-II,1,5.00540633624959,5.44048428464702,
278,84,-iii,2,6.7766771965543,5.16831836386541,-iii,2,6.7766771965543,5.16831836386541,
278,85,iv,1,6.18322182405577,5.40396119496012,iv,1,6.18322182405577,5.40396119496012,
278,86,#IV,1,6.4609038285878,5.45298253750334,#IV,1,6.4609038285878,5.45298253750334,
278,87,-vi,1,6.72421828845889,5.26832602886992,-vo,1,6.77231257665993,5.26832602886992,0.0480942882010451
278,88,-vii,1,4.00068466110953,5.18655150239105,-vii,1,6.44175853065612,4.93987915058208,
278,89,i,2,5.08527498042575,4.93666262653595,i,1,4.76449095393286,5.38946768503422,
278,90,iv,2,3.27745556605902,4.97469682440288,iv,2,3.27745556605902,4.97469682440288,
278,91,-vii,3,6.89085088417614,4.81247574766958,-vii,3,6.89085088417614,4.81247574766958,
278,92,-VI,2,5.45704502580042,4.72483603609195,-VI,2,5.45704502580042,4.72483603609195,
,,,,,,,,,,
279,91,-vii,3,6.89085088417614,4.81247574766958,-vii,3,6.89085088417614,4.81247574766958,
279,92,-VI,2,5.45704502580042,4.72483603609195,-VI,2,5.45704502580042,4.72483603609195,
279,93,-vi,2,6.3383993290159,5.16499410827579,-vi,2,6.3383993290159,5.16499410827579,
279,94,#IV,2,7.15255786947222,4.36051564243597,#IV,2,7.15255786947222,4.36051564243597,
279,95,#IV,1,4.74720653884321,5.26832602886992,#IV,1,4.74720653884321,5.26832602886992,
279,96,-vi,2,7.18908383683268,4.41656597700969,-III+,2,7.23717812503372,4.41656597700969,0.0480942882010451
279,97,-vii,1,4.00068466110953,5.18655150239105,-vii,1,6.43486647304076,4.93336611464162,
279,98,i,2,5.08527498042575,4.93666262653595,i,1,4.76449095393286,5.38946768503422,
279,99,iv,2,3.27745556605902,4.97469682440288,iv,2,3.27745556605902,4.97469682440288,
279,100,-vii,3,6.89085088417614,4.81247574766958,-vii,3,6.89085088417614,4.81247574766958,
279,101,-VI,2,5.45704502580042,4.72483603609195,-VI,2,5.45704502580042,4.72483603609195,
,,,,,,,,,,
280,91,-vii,3,6.89085088417614,4.81247574766958,-vii,3,6.89085088417614,4.81247574766958,
280,92,-VI,2,5.45704502580042,4.72483603609195,-VI,2,5.45704502580042,4.72483603609195,
280,93,-vi,2,6.3383993290159,5.16499410827579,-vi,2,6.3383993290159,5.16499410827579,
280,94,#IV,2,7.15255786947222,4.36051564243597,#IV,2,7.15255786947222,4.36051564243597,
280,95,#IV,1,4.74720653884321,5.26832602886992,#IV,1,4.74720653884321,5.26832602886992,
280,96,-vi,2,7.18908383683268,4.41656597700969,VII+,2,7.23717812503372,4.41656597700969,0.0480942882010451
280,97,-vii,1,4.00068466110953,5.18655150239105,-vii,1,6.4386730584705,4.93664030960198,
280,98,i,2,5.08527498042575,4.93666262653595,i,1,4.76449095393286,5.38946768503422,
280,99,iv,2,3.27745556605902,4.97469682440288,iv,2,3.27745556605902,4.97469682440288,
280,100,-vii,3,6.89085088417614,4.81247574766958,-vii,3,6.89085088417614,4.81247574766958,
280,101,-VI,2,5.45704502580042,4.72483603609195,-VI,2,5.45704502580042,4.72483603609195,
,,,,,,,,,,
281,91,-vii,3,6.89085088417614,4.81247574766958,-vii,3,6.89085088417614,4.81247574766958,
281,92,-VI,2,5.45704502580042,4.72483603609195,-VI,2,5.45704502580042,4.72483603609195,
281,93,-vi,2,6.3383993290159,5.16499410827579,-vi,2,6.3383993290159,5.16499410827579,
281,94,#IV,2,7.15255786947222,4.36051564243597,#IV,2,7.15255786947222,4.36051564243597,
281,95,#IV,1,4.74720653884321,5.26832602886992,#IV,1,4.74720653884321,5.26832602886992,
281,96,-vi,2,7.18908383683268,4.41656597700969,#IV+,2,7.23717812503372,4.41656597700969,0.0480942882010451
281,97,-vii,1,4.00068466110953,5.18655150239105,-vii,1,6.43486647304076,4.93336611464162,
281,98,i,2,5.08527498042575,4.93666262653595,i,1,4.76449095393286,5.38946768503422,
281,99,iv,2,3.27745556605902,4.97469682440288,iv,2,3.27745556605902,4.97469682440288,
281,100,-vii,3,6.89085088417614,4.81247574766958,-vii,3,6.89085088417614,4.81247574766958,
281,101,-VI,2,5.45704502580042,4.72483603609195,-VI,2,5.45704502580042,4.72483603609195,
,,,,,,,,,,
282,91,-vii,3,6.89085088417614,4.81247574766958,-vii,3,6.89085088417614,4.81247574766958,
282,92,-VI,2,5.45704502580042,4.72483603609195,-VI,2,5.45704502580042,4.72483603609195,
282,93,-vi,2,6.3383993290159,5.16499410827579,-vi,2,6.3383993290159,5.16499410827579,
282,94,#IV,2,7.15255786947222,4.36051564243597,#IV,2,7.15255786947222,4.36051564243597,
282,95,#IV,1,4.74720653884321,5.26832602886992,#IV,1,4.74720653884321,5.26832602886992,
282,96,-vi,2,7.18908383683268,4.41656597700969,-IV,2,7.23717812503372,4.41656597700969,0.0480942882010451
282,97,-vii,1,4.00068466110953,5.18655150239105,-vii,1,6.43772235330207,4.9357532981557,
282,98,i,2,5.08527498042575,4.93666262653595,i,1,4.76449095393286,5.38946768503422,
282,99,iv,2,3.27745556605902,4.97469682440288,iv,2,3.27745556605902,4.97469682440288,
282,100,-vii,3,6.89085088417614,4.81247574766958,-vii,3,6.89085088417614,4.81247574766958,
282,101,-VI,2,5.45704502580042,4.72483603609195,-VI,2,5.45704502580042,4.72483603609195,
,,,,,,,,,,
283,91,-vii,3,6.89085088417614,4.81247574766958,-vii,3,6.89085088417614,4.81247574766958,
283,92,-VI,2,5.45704502580042,4.72483603609195,-VI,2,5.45704502580042,4.72483603609195,
283,93,-vi,2,6.3383993290159,5.16499410827579,-vi,2,6.3383993290159,5.16499410827579,
283,94,#IV,2,7.15255786947222,4.36051564243597,#IV,2,7.15255786947222,4.36051564243597,
283,95,#IV,1,4.74720653884321,5.26832602886992,#IV,1,4.74720653884321,5.26832602886992,
283,96,-vi,2,7.18908383683268,4.41656597700969,-VII+,2,7.23717812503372,4.41656597700969,0.0480942882010451
283,97,-vii,1,4.00068466110953,5.18655150239105,-vii,1,6.43772235330207,4.9357532981557,
283,98,i,2,5.08527498042575,4.93666262653595,i,1,4.76449095393286,5.38946768503422,
283,99,iv,2,3.27745556605902,4.97469682440288,iv,2,3.27745556605902,4.97469682440288,
283,100,-vii,3,6.89085088417614,4.81247574766958,-vii,3,6.89085088417614,4.81247574766958,
283,101,-VI,2,5.45704502580042,4.72483603609195,-VI,2,5.45704502580042,4.72483603609195,
,,,,,,,,,,
284,91,-vii,3,6.89085088417614,4.81247574766958,-vii,3,6.89085088417614,4.81247574766958,
284,92,-VI,2,5.45704502580042,4.72483603609195,-VI,2,5.45704502580042,4.72483603609195,
284,93,-vi,2,6.3383993290159,5.16499410827579,-vi,2,6.3383993290159,5.16499410827579,
284,94,#IV,2,7.15255786947222,4.36051564243597,#IV,2,7.15255786947222,4.36051564243597,
284,95,#IV,1,4.74720653884321,5.26832602886992,#IV,1,4.74720653884321,5.26832602886992,
284,96,-vi,2,7.18908383683268,4.41656597700969,#v,2,7.23717812503372,4.41656597700969,0.0480942882010451
284,97,-vii,1,4.00068466110953,5.18655150239105,-vii,1,6.43248224668274,5.12173562852222,
284,98,i,2,5.08527498042575,4.93666262653595,i,1,4.76449095393286,5.38946768503422,
284,99,iv,2,3.27745556605902,4.97469682440288,iv,2,3.27745556605902,4.97469682440288,
284,100,-vii,3,6.89085088417614,4.81247574766958,-vii,3,6.89085088417614,4.81247574766958,
284,101,-VI,2,5.45704502580042,4.72483603609195,-VI,2,5.45704502580042,4.72483603609195,
,,,,,,,,,,
285,91,-vii,3,6.89085088417614,4.81247574766958,-vii,3,6.89085088417614,4.81247574766958,
285,92,-VI,2,5.45704502580042,4.72483603609195,-VI,2,5.45704502580042,4.72483603609195,
285,93,-vi,2,6.3383993290159,5.16499410827579,-vi,2,6.3383993290159,5.16499410827579,
285,94,#IV,2,7.15255786947222,4.36051564243597,#IV,2,7.15255786947222,4.36051564243597,
285,95,#IV,1,4.74720653884321,5.26832602886992,#IV,1,4.74720653884321,5.26832602886992,
285,96,-vi,2,7.18908383683268,4.41656597700969,IV+,2,7.23717812503372,4.41656597700969,0.0480942882010451
285,97,-vii,1,4.00068466110953,5.18655150239105,-vii,1,6.43581906141535,4.93411827661096,
285,98,i,2,5.08527498042575,4.93666262653595,i,1,4.76449095393286,5.38946768503422,
285,99,iv,2,3.27745556605902,4.97469682440288,iv,2,3.27745556605902,4.97469682440288,
285,100,-vii,3,6.89085088417614,4.81247574766958,-vii,3,6.89085088417614,4.81247574766958,
285,101,-VI,2,5.45704502580042,4.72483603609195,-VI,2,5.45704502580042,4.72483603609195,
,,,,,,,,,,
286,91,-vii,3,6.89085088417614,4.81247574766958,-vii,3,6.89085088417614,4.81247574766958,
286,92,-VI,2,5.45704502580042,4.72483603609195,-VI,2,5.45704502580042,4.72483603609195,
286,93,-vi,2,6.3383993290159,5.16499410827579,-vi,2,6.3383993290159,5.16499410827579,
286,94,#IV,2,7.15255786947222,4.36051564243597,#IV,2,7.15255786947222,4.36051564243597,
286,95,#IV,1,4.74720653884321,5.26832602886992,#IV,1,4.74720653884321,5.26832602886992,
286,96,-vi,2,7.18908383683268,4.41656597700969,-vo,2,7.23717812503372,4.41656597700969,0.0480942882010451
286,97,-vii,1,4.00068466110953,5.18655150239105,-vii,1,6.44175853065612,4.93987915058208,
286,98,i,2,5.08527498042575,4.93666262653595,i,1,4.76449095393286,5.38946768503422,
286,99,iv,2,3.27745556605902,4.97469682440288,iv,2,3.27745556605902,4.97469682440288,
286,100,-vii,3,6.89085088417614,4.81247574766958,-vii,3,6.89085088417614,4.81247574766958,
286,101,-VI,2,5.45704502580042,4.72483603609195,-VI,2,5.45704502580042,4.72483603609195,
,,,,,,,,,,
287,154,-vii,3,6.89085088417614,4.81247574766958,-vii,3,6.89085088417614,4.81247574766958,
287,155,-VI,2,5.45704502580042,4.72483603609195,-VI,2,5.45704502580042,4.72483603609195,
287,156,-vi,2,6.3383993290159,5.16499410827579,-vi,2,6.3383993290159,5.16499410827579,
287,157,#IV,2,7.15255786947222,4.36051564243597,#IV,2,7.15255786947222,4.36051564243597,
287,158,#IV,1,4.74720653884321,5.26832602886992,#IV,1,4.74720653884321,5.26832602886992,
287,159,-vi,2,7.18908383683268,4.41656597700969,-III+,2,7.23717812503372,4.41656597700969,0.0480942882010451
287,160,-vii,1,4.00068466110953,5.18655150239105,-vii,1,6.43486647304076,4.93336611464162,
287,161,i,2,5.08527498042575,4.93666262653595,i,1,4.76449095393286,5.38946768503422,
287,162,r,2,3.1525055960188,4.97469682440288,r,2,3.1525055960188,4.97469682440288,
287,163,r,2,1.71736353267208,3.74300594358816,r,2,1.71736353267208,3.74300594358816,
,,,,,,,,,,
288,154,-vii,3,6.89085088417614,4.81247574766958,-vii,3,6.89085088417614,4.81247574766958,
288,155,-VI,2,5.45704502580042,4.72483603609195,-VI,2,5.45704502580042,4.72483603609195,
288,156,-vi,2,6.3383993290159,5.16499410827579,-vi,2,6.3383993290159,5.16499410827579,
288,157,#IV,2,7.15255786947222,4.36051564243597,#IV,2,7.15255786947222,4.36051564243597,
288,158,#IV,1,4.74720653884321,5.26832602886992,#IV,1,4.74720653884321,5.26832602886992,
288,159,-vi,2,7.18908383683268,4.41656597700969,VII+,2,7.23717812503372,4.41656597700969,0.0480942882010451
288,160,-vii,1,4.00068466110953,5.18655150239105,-vii,1,6.4386730584705,4.93664030960198,
288,161,i,2,5.08527498042575,4.93666262653595,i,1,4.76449095393286,5.38946768503422,
288,162,r,2,3.1525055960188,4.97469682440288,r,2,3.1525055960188,4.97469682440288,
288,163,r,2,1.71736353267208,3.74300594358816,r,2,1.71736353267208,3.74300594358816,
,,,,,,,,,,
289,154,-vii,3,6.89085088417614,4.81247574766958,-vii,3,6.89085088417614,4.81247574766958,
289,155,-VI,2,5.45704502580042,4.72483603609195,-VI,2,5.45704502580042,4.72483603609195,
289,156,-vi,2,6.3383993290159,5.16499410827579,-vi,2,6.3383993290159,5.16499410827579,
289,157,#IV,2,7.15255786947222,4.36051564243597,#IV,2,7.15255786947222,4.36051564243597,
289,158,#IV,1,4.74720653884321,5.26832602886992,#IV,1,4.74720653884321,5.26832602886992,
289,159,-vi,2,7.18908383683268,4.41656597700969,#IV+,2,7.23717812503372,4.41656597700969,0.0480942882010451
289,160,-vii,1,4.00068466110953,5.18655150239105,-vii,1,6.43486647304076,4.93336611464162,
289,161,i,2,5.08527498042575,4.93666262653595,i,1,4.76449095393286,5.38946768503422,
289,162,r,2,3.1525055960188,4.97469682440288,r,2,3.1525055960188,4.97469682440288,
289,163,r,2,1.71736353267208,3.74300594358816,r,2,1.71736353267208,3.74300594358816,
,,,,,,,,,,
290,154,-vii,3,6.89085088417614,4.81247574766958,-vii,3,6.89085088417614,4.81247574766958,
290,155,-VI,2,5.45704502580042,4.72483603609195,-VI,2,5.45704502580042,4.72483603609195,
290,156,-vi,2,6.3383993290159,5.16499410827579,-vi,2,6.3383993290159,5.16499410827579,
290,157,#IV,2,7.15255786947222,4.36051564243597,#IV,2,7.15255786947222,4.36051564243597,
290,158,#IV,1,4.74720653884321,5.26832602886992,#IV,1,4.74720653884321,5.26832602886992,
290,159,-vi,2,7.18908383683268,4.41656597700969,-IV,2,7.23717812503372,4.41656597700969,0.0480942882010451
290,160,-vii,1,4.00068466110953,5.18655150239105,-vii,1,6.43772235330207,4.9357532981557,
290,161,i,2,5.08527498042575,4.93666262653595,i,1,4.76449095393286,5.38946768503422,
290,162,r,2,3.1525055960188,4.97469682440288,r,2,3.1525055960188,4.97469682440288,
290,163,r,2,1.71736353267208,3.74300594358816,r,2,1.71736353267208,3.74300594358816,
,,,,,,,,,,
291,154,-vii,3,6.89085088417614,4.81247574766958,-vii,3,6.89085088417614,4.81247574766958,
291,155,-VI,2,5.45704502580042,4.72483603609195,-VI,2,5.45704502580042,4.72483603609195,
291,156,-vi,2,6.3383993290159,5.16499410827579,-vi,2,6.3383993290159,5.16499410827579,
291,157,#IV,2,7.15255786947222,4.36051564243597,#IV,2,7.15255786947222,4.36051564243597,
291,158,#IV,1,4.74720653884321,5.26832602886992,#IV,1,4.74720653884321,5.26832602886992,
291,159,-vi,2,7.18908383683268,4.41656597700969,-VII+,2,7.23717812503372,4.41656597700969,0.0480942882010451
291,160,-vii,1,4.00068466110953,5.18655150239105,-vii,1,6.43772235330207,4.9357532981557,
291,161,i,2,5.08527498042575,4.93666262653595,i,1,4.76449095393286,5.38946768503422,
291,162,r,2,3.1525055960188,4.97469682440288,r,2,3.1525055960188,4.97469682440288,
291,163,r,2,1.71736353267208,3.74300594358816,r,2,1.71736353267208,3.74300594358816,
,,,,,,,,,,
292,154,-vii,3,6.89085088417614,4.81247574766958,-vii,3,6.89085088417614,4.81247574766958,
292,155,-VI,2,5.45704502580042,4.72483603609195,-VI,2,5.45704502580042,4.72483603609195,
292,156,-vi,2,6.3383993290159,5.16499410827579,-vi,2,6.3383993290159,5.16499410827579,
292,157,#IV,2,7.15255786947222,4.36051564243597,#IV,2,7.15255786947222,4.36051564243597,
292,158,#IV,1,4.74720653884321,5.26832602886992,#IV,1,4.74720653884321,5.26832602886992,
292,159,-vi,2,7.18908383683268,4.41656597700969,#v,2,7.23717812503372,4.41656597700969,0.0480942882010451
292,160,-vii,1,4.00068466110953,5.18655150239105,-vii,1,6.43248224668274,5.12173562852222,
292,161,i,2,5.08527498042575,4.93666262653595,i,1,4.76449095393286,5.38946768503422,
292,162,r,2,3.1525055960188,4.97469682440288,r,2,3.1525055960188,4.97469682440288,
292,163,r,2,1.71736353267208,3.74300594358816,r,2,1.71736353267208,3.74300594358816,
,,,,,,,,,,
293,154,-vii,3,6.89085088417614,4.81247574766958,-vii,3,6.89085088417614,4.81247574766958,
293,155,-VI,2,5.45704502580042,4.72483603609195,-VI,2,5.45704502580042,4.72483603609195,
293,156,-vi,2,6.3383993290159,5.16499410827579,-vi,2,6.3383993290159,5.16499410827579,
293,157,#IV,2,7.15255786947222,4.36051564243597,#IV,2,7.15255786947222,4.36051564243597,
293,158,#IV,1,4.74720653884321,5.26832602886992,#IV,1,4.74720653884321,5.26832602886992,
293,159,-vi,2,7.18908383683268,4.41656597700969,IV+,2,7.23717812503372,4.41656597700969,0.0480942882010451
293,160,-vii,1,4.00068466110953,5.18655150239105,-vii,1,6.43581906141535,4.93411827661096,
293,161,i,2,5.08527498042575,4.93666262653595,i,1,4.76449095393286,5.38946768503422,
293,162,r,2,3.1525055960188,4.97469682440288,r,2,3.1525055960188,4.97469682440288,
293,163,r,2,1.71736353267208,3.74300594358816,r,2,1.71736353267208,3.74300594358816,
,,,,,,,,,,
294,154,-vii,3,6.89085088417614,4.81247574766958,-vii,3,6.89085088417614,4.81247574766958,
294,155,-VI,2,5.45704502580042,4.72483603609195,-VI,2,5.45704502580042,4.72483603609195,
294,156,-vi,2,6.3383993290159,5.16499410827579,-vi,2,6.3383993290159,5.16499410827579,
294,157,#IV,2,7.15255786947222,4.36051564243597,#IV,2,7.15255786947222,4.36051564243597,
294,158,#IV,1,4.74720653884321,5.26832602886992,#IV,1,4.74720653884321,5.26832602886992,
294,159,-vi,2,7.18908383683268,4.41656597700969,-vo,2,7.23717812503372,4.41656597700969,0.0480942882010451
294,160,-vii,1,4.00068466110953,5.18655150239105,-vii,1,6.44175853065612,4.93987915058208,
294,161,i,2,5.08527498042575,4.93666262653595,i,1,4.76449095393286,5.38946768503422,
294,162,r,2,3.1525055960188,4.97469682440288,r,2,3.1525055960188,4.97469682440288,
294,163,r,2,1.71736353267208,3.74300594358816,r,2,1.71736353267208,3.74300594358816,
,,,,,,,,,,
295,56,#IV+,3,7.21084462409523,4.77959808403203,#IV+,3,7.21084462409523,4.77959808403203,
295,57,IV,1,6.39660478118186,4.33824316572275,IV,1,6.39660478118186,4.33824316572275,
295,58,iii,1,5.25830986038592,5.46015231333603,iii,1,5.25830986038592,5.46015231333603,
295,59,vi,2,3.88056434428391,5.20474876077054,vi,2,3.88056434428391,5.20474876077054,
295,60,ii,3,3.12332133618508,4.96125786289468,ii,3,3.12332133618508,4.96125786289468,
295,61,I,4,4.06648165628245,4.79205003277203,II,4,4.01751390633227,4.79205003277203,0.0489677499501733
295,62,#IV,5,7.04988607715519,4.69930341512554,#IV,5,7.67265535904243,4.03865998261382,
295,63,VII,2,5.86348521659191,3.19091740638423,VII,1,4.71160356185443,5.26832602886992,
295,64,-iii,2,6.18311163009071,4.45248520163112,-iii,2,6.18311163009071,4.45248520163112,
295,65,-iii,2,6.98610868287465,4.6330856208257,-iii,2,6.98610868287465,4.6330856208257,
295,66,-vi,1,6.59233448937751,5.40396119496012,-vi,1,6.59233448937751,5.40396119496012,
,,,,,,,,,,
296,58,iii,1,5.25830986038592,5.46015231333603,iii,1,5.25830986038592,5.46015231333603,
296,59,vi,2,3.88056434428391,5.20474876077054,vi,2,3.88056434428391,5.20474876077054,
296,60,ii,3,3.12332133618508,4.96125786289468,ii,3,3.12332133618508,4.96125786289468,
296,61,I,4,4.06648165628245,4.79205003277203,I,4,4.06648165628245,4.79205003277203,
296,62,#IV,5,7.04988607715519,4.69930341512554,#IV,5,7.04988607715519,4.69930341512554,
296,63,VII,2,5.86348521659191,3.19091740638423,-VI,2,5.81167583769563,3.19091740638423,0.0518093788962748
296,64,-iii,2,6.18311163009071,4.45248520163112,-iii,2,6.82586222062524,5.15945427074417,
296,65,-iii,2,6.98610868287465,4.6330856208257,-iii,1,6.52307182694039,5.40396119496012,
296,66,-vi,1,6.59233448937751,5.40396119496012,-vi,1,6.59233448937751,5.40396119496012,
296,67,#IV,1,6.60402569114554,5.18655150239105,#IV,1,6.60402569114554,5.18655150239105,
296,68,v,1,6.40702811257819,5.26832602886992,v,1,6.40702811257819,5.26832602886992,
,,,,,,,,,,
297,59,vi,2,3.88056434428391,5.20474876077054,vi,2,3.88056434428391,5.20474876077054,
297,60,ii,3,3.12332133618508,4.96125786289468,ii,3,3.12332133618508,4.96125786289468,
297,61,I,4,4.06648165628245,4.79205003277203,I,4,4.06648165628245,4.79205003277203,
297,62,#IV,5,7.04988607715519,4.69930341512554,#IV,5,7.04988607715519,4.69930341512554,
297,63,VII,2,5.86348521659191,3.19091740638423,VII,2,5.86348521659191,3.19091740638423,
297,64,-iii,2,6.18311163009071,4.45248520163112,VII+,2,6.23709753868998,4.45248520163112,0.0539859085992713
297,65,-iii,2,6.98610868287465,4.6330856208257,-iii,1,7.49785183695112,3.14564695468667,
297,66,-vi,1,6.59233448937751,5.40396119496012,-vi,1,6.59233448937751,5.40396119496012,
297,67,#IV,1,6.60402569114554,5.18655150239105,#IV,1,6.60402569114554,5.18655150239105,
297,68,v,1,6.40702811257819,5.26832602886992,v,1,6.40702811257819,5.26832602886992,
297,69,i,1,5.04582678585244,5.40780748387603,i,1,5.04582678585244,5.40780748387603,
,,,,,,,,,,
298,14,iv,5,5.6784154043939,5.19974290858501,iv,5,5.6784154043939,5.19974290858501,
298,15,I,4,2.49873251161012,4.89695766762155,I,4,2.49873251161012,4.89695766762155,
298,16,iv,5,3.20664600669161,4.66342858519195,iv,5,3.20664600669161,4.66342858519195,
298,17,I,5,1.63555725111559,4.43169744819651,I,5,1.63555725111559,4.43169744819651,
298,18,#IV,6,7.55812278639041,4.28599880291646,#IV,6,7.55812278639041,4.28599880291646,
298,19,iv,2,7.46698727787462,3.19091740638423,III,2,7.521435061897,3.19091740638423,0.0544477840223765
298,20,-III,1,5.25061088482598,5.45298253750334,-III,1,5.64397767476834,5.39528123260997,
298,21,I,2,5.11533565876399,5.33789410002533,I,2,5.4204106713777,5.27396168299119,
298,22,iv,3,5.49584581795407,4.80247879652896,iv,2,5.22614728495463,5.26832080386372,
298,23,I,3,4.28442698113964,5.01642805793056,I,3,4.28442698113964,5.01642805793056,
298,24,iv,3,3.28501200841588,5.12756237700192,iv,3,3.28501200841588,5.12756237700192,
,,,,,,,,,,
299,22,iv,3,5.49584581795407,4.80247879652896,iv,3,5.49584581795407,4.80247879652896,
299,23,I,3,4.28442698113964,5.01642805793056,I,3,4.28442698113964,5.01642805793056,
299,24,iv,3,3.28501200841588,5.12756237700192,iv,3,3.28501200841588,5.12756237700192,
299,25,I,4,2.62782675606846,4.99593757888795,I,4,2.62782675606846,4.99593757888795,
299,26,#IV,5,7.27233505431236,4.64934421436809,#IV,5,7.27233505431236,4.64934421436809,
299,27,iv,2,7.46698727787462,3.19091740638423,III,2,7.521435061897,3.19091740638423,0.0544477840223765
299,28,-VI,1,5.31977290933337,5.45298253750334,-VI,1,6.21383328309929,5.39528123260997,
299,29,I,2,5.43780755337442,5.19040854958852,I,1,5.08649565170596,5.44486045691617,
299,30,I,2,4.33519713273102,5.41934604014041,I,2,4.33519713273102,5.41934604014041,
299,31,iv,3,4.83128580160429,5.36798749318986,iv,3,4.83128580160429,5.36798749318986,
299,32,I,4,3.93997197716702,4.65115140116723,I,4,3.93997197716702,4.65115140116723,
,,,,,,,,,,
300,31,iv,3,4.83128580160429,5.36798749318986,iv,3,4.83128580160429,5.36798749318986,
300,32,I,4,3.93997197716702,4.65115140116723,I,4,3.93997197716702,4.65115140116723,
300,33,iv,4,2.35425588667656,4.70879800011142,iv,4,2.35425588667656,4.70879800011142,
300,34,I,5,1.39232462394126,4.1767815461776,I,5,1.39232462394126,4.1767815461776,
300,35,#IV,6,7.41912539439768,4.48885900638762,#IV,6,7.41912539439768,4.48885900638762,
300,36,iv,2,7.46698727787462,3.19091740638423,III,2,7.521435061897,3.19091740638423,0.0544477840223765
300,37,-VI,1,5.31977290933337,5.45298253750334,-VI,1,6.21383328309929,5.39528123260997,
300,38,I,2,5.43780755337442,5.19040854958852,I,1,5.08649565170596,5.44486045691617,
300,39,I,2,4.33519713273102,5.41934604014041,I,2,4.33519713273102,5.41934604014041,
300,40,I+,3,6.43398439287137,5.36798749318986,I+,3,6.43398439287137,5.36798749318986,
300,41,I,3,1.23060987917747,3.58387461067546,I,3,1.23060987917747,3.58387461067546,
,,,,,,,,,,
301,71,-III,3,3.78247959356285,5.1053219814982,-III,3,3.78247959356285,5.1053219814982,
301,72,-iii,4,7.2706672863486,4.79876121807827,-iii,4,7.2706672863486,4.79876121807827,
301,73,-II,1,6.39378880999543,5.40396119496012,-II,1,6.39378880999543,5.40396119496012,
301,74,-II,1,5.00540633624959,5.44048428464702,-II,1,5.00540633624959,5.44048428464702,
301,75,-iii,2,6.7766771965543,5.16831836386541,-iii,2,6.7766771965543,5.16831836386541,
301,76,iv,1,6.18322182405577,5.40396119496012,III,1,6.23766960807814,5.40396119496012,0.0544477840223765
301,77,v,1,5.03569244506737,5.45298253750334,v,1,5.96022213115212,5.39528123260997,
301,78,i,2,4.12906689482177,5.18762847529485,i,2,5.39161821676787,4.93016178246341,
301,79,iv,3,3.69985452108245,4.82022148031579,iv,2,4.44893493864514,5.28631663594942,
301,80,-III,4,4.33470413158456,4.148277617094,-III,3,3.78247959356285,5.1053219814982,
301,81,-iii,4,7.2706672863486,4.79876121807827,-iii,4,7.2706672863486,4.79876121807827,
,,,,,,,,,,
302,80,-III,4,4.33470413158456,4.148277617094,-III,4,4.33470413158456,4.148277617094,
302,81,-iii,4,7.2706672863486,4.79876121807827,-iii,4,7.2706672863486,4.79876121807827,
302,82,-II,1,6.39378880999543,5.40396119496012,-II,1,6.39378880999543,5.40396119496012,
302,83,-II,1,5.00540633624959,5.44048428464702,-II,1,5.00540633624959,5.44048428464702,
302,84,-iii,2,6.7766771965543,5.16831836386541,-iii,2,6.7766771965543,5.16831836386541,
302,85,iv,1,6.18322182405577,5.40396119496012,III,1,6.23766960807814,5.40396119496012,0.0544477840223765
302,86,#IV,1,6.4609038285878,5.45298253750334,#IV,1,6.13701768604846,5.39528123260997,
302,87,-vi,1,6.72421828845889,5.26832602886992,-vi,2,7.24476766000933,4.42049459710197,
302,88,-vii,1,4.00068466110953,5.18655150239105,-vii,1,4.00068466110953,5.18655150239105,
302,89,i,2,5.08527498042575,4.93666262653595,i,2,5.08527498042575,4.93666262653595,
302,90,iv,2,3.27745556605902,4.97469682440288,iv,2,3.27745556605902,4.97469682440288,
,,,,,,,,,,
303,35,#IV,6,7.41912539439768,4.48885900638762,#IV,6,7.41912539439768,4.48885900638762,
303,36,iv,2,7.46698727787462,3.19091740638423,iv,2,7.46698727787462,3.19091740638423,
303,37,-VI,1,5.31977290933337,5.45298253750334,-VI,1,5.31977290933337,5.45298253750334,
303,38,I,2,5.43780755337442,5.19040854958852,I,2,5.43780755337442,5.19040854958852,
303,39,I,2,4.33519713273102,5.41934604014041,I,2,4.33519713273102,5.41934604014041,
303,40,I+,3,6.43398439287137,5.36798749318986,viio,3,6.37700470664868,5.36798749318986,0.056979686222685
303,41,I,3,1.23060987917747,3.58387461067546,I,3,5.00300983789239,3.82921276892413,
303,42,iii,4,5.98492812162663,4.94787677837653,iii,2,5.73771383379125,5.39646301994322,
303,43,vi,2,3.67010962802191,5.21915222061716,vi,2,3.67010962802191,5.21915222061716,
303,44,IV,3,3.69572439801877,5.11045100096823,IV,3,3.69572439801877,5.11045100096823,
303,45,-VII,4,5.92621902476389,4.60250761294049,-VII,4,5.92621902476389,4.60250761294049,
,,,,,,,,,,
304,88,-vii,1,4.00068466110953,5.18655150239105,-vii,1,4.00068466110953,5.18655150239105,
304,89,i,2,5.08527498042575,4.93666262653595,i,2,5.08527498042575,4.93666262653595,
304,90,iv,2,3.27745556605902,4.97469682440288,iv,2,3.27745556605902,4.97469682440288,
304,91,-vii,3,6.89085088417614,4.81247574766958,-vii,3,6.89085088417614,4.81247574766958,
304,92,-VI,2,5.45704502580042,4.72483603609195,-VI,2,5.45704502580042,4.72483603609195,
304,93,-vi,2,6.3383993290159,5.16499410827579,viio,2,6.40061964053697,5.16499410827579,0.0622203115210693
304,94,#IV,2,7.15255786947222,4.36051564243597,#IV,2,7.11943599110172,4.70014309822349,
304,95,#IV,1,4.74720653884321,5.26832602886992,#IV,1,4.74720653884321,5.26832602886992,
304,96,-vi,2,7.18908383683268,4.41656597700969,-vi,2,7.18908383683268,4.41656597700969,
304,97,-vii,1,4.00068466110953,5.18655150239105,-vii,1,4.00068466110953,5.18655150239105,
304,98,i,2,5.08527498042575,4.93666262653595,i,2,5.08527498042575,4.93666262653595,
,,,,,,,,,,
305,88,-vii,1,4.00068466110953,5.18655150239105,-vii,1,4.00068466110953,5.18655150239105,
305,89,i,2,5.08527498042575,4.93666262653595,i,2,5.08527498042575,4.93666262653595,
305,90,iv,2,3.27745556605902,4.97469682440288,iv,2,3.27745556605902,4.97469682440288,
305,91,-vii,3,6.89085088417614,4.81247574766958,-vii,3,6.89085088417614,4.81247574766958,
305,92,-VI,2,5.45704502580042,4.72483603609195,-VI,2,5.45704502580042,4.72483603609195,
305,93,-vi,2,6.3383993290159,5.16499410827579,vio,2,6.40061964053697,5.16499410827579,0.0622203115210693
305,94,#IV,2,7.15255786947222,4.36051564243597,#IV,2,7.07386816017497,4.7958097750272,
305,95,#IV,1,4.74720653884321,5.26832602886992,#IV,1,4.74720653884321,5.26832602886992,
305,96,-vi,2,7.18908383683268,4.41656597700969,-vi,2,7.18908383683268,4.41656597700969,
305,97,-vii,1,4.00068466110953,5.18655150239105,-vii,1,4.00068466110953,5.18655150239105,
305,98,i,2,5.08527498042575,4.93666262653595,i,2,5.08527498042575,4.93666262653595,
,,,,,,,,,,
306,68,v,1,6.40702811257819,5.26832602886992,v,1,6.40702811257819,5.26832602886992,
306,69,i,1,5.04582678585244,5.40780748387603,i,1,5.04582678585244,5.40780748387603,
306,70,iv,2,4.44893493864514,5.28631663594942,iv,2,4.44893493864514,5.28631663594942,
306,71,-III,3,3.78247959356285,5.1053219814982,-III,3,3.78247959356285,5.1053219814982,
306,72,-iii,4,7.2706672863486,4.79876121807827,-iii,4,7.2706672863486,4.79876121807827,
306,73,-II,1,6.39378880999543,5.40396119496012,viio,1,6.45698263648262,5.40396119496012,0.0631938264871943
306,74,-II,1,5.00540633624959,5.44048428464702,-II,1,6.55344827719481,5.31221398171086,
306,75,-iii,2,6.7766771965543,5.16831836386541,-iii,1,6.47199267396883,5.44048428464702,
306,76,iv,1,6.18322182405577,5.40396119496012,iv,1,6.18322182405577,5.40396119496012,
306,77,v,1,5.03569244506737,5.45298253750334,v,1,5.03569244506737,5.45298253750334,
306,78,i,2,4.12906689482177,5.18762847529485,i,2,4.12906689482177,5.18762847529485,
,,,,,,,,,,
307,68,v,1,6.40702811257819,5.26832602886992,v,1,6.40702811257819,5.26832602886992,
307,69,i,1,5.04582678585244,5.40780748387603,i,1,5.04582678585244,5.40780748387603,
307,70,iv,2,4.44893493864514,5.28631663594942,iv,2,4.44893493864514,5.28631663594942,
307,71,-III,3,3.78247959356285,5.1053219814982,-III,3,3.78247959356285,5.1053219814982,
307,72,-iii,4,7.2706672863486,4.79876121807827,-iii,4,7.2706672863486,4.79876121807827,
307,73,-II,1,6.39378880999543,5.40396119496012,vio,1,6.45698263648262,5.40396119496012,0.0631938264871943
307,74,-II,1,5.00540633624959,5.44048428464702,-II,1,6.49191554930866,5.39145218375802,
307,75,-iii,2,6.7766771965543,5.16831836386541,-iii,1,6.47199267396883,5.44048428464702,
307,76,iv,1,6.18322182405577,5.40396119496012,iv,1,6.18322182405577,5.40396119496012,
307,77,v,1,5.03569244506737,5.45298253750334,v,1,5.03569244506737,5.45298253750334,
307,78,i,2,4.12906689482177,5.18762847529485,i,2,4.12906689482177,5.18762847529485,
,,,,,,,,,,
308,77,v,1,5.03569244506737,5.45298253750334,v,1,5.03569244506737,5.45298253750334,
308,78,i,2,4.12906689482177,5.18762847529485,i,2,4.12906689482177,5.18762847529485,
308,79,iv,3,3.69985452108245,4.82022148031579,iv,3,3.69985452108245,4.82022148031579,
308,80,-III,4,4.33470413158456,4.148277617094,-III,4,4.33470413158456,4.148277617094,
308,81,-iii,4,7.2706672863486,4.79876121807827,-iii,4,7.2706672863486,4.79876121807827,
308,82,-II,1,6.39378880999543,5.40396119496012,viio,1,6.45698263648262,5.40396119496012,0.0631938264871943
308,83,-II,1,5.00540633624959,5.44048428464702,-II,1,6.55344827719481,5.31221398171086,
308,84,-iii,2,6.7766771965543,5.16831836386541,-iii,1,6.47199267396883,5.44048428464702,
308,85,iv,1,6.18322182405577,5.40396119496012,iv,1,6.18322182405577,5.40396119496012,
308,86,#IV,1,6.4609038285878,5.45298253750334,#IV,1,6.4609038285878,5.45298253750334,
308,87,-vi,1,6.72421828845889,5.26832602886992,-vi,1,6.72421828845889,5.26832602886992,
,,,,,,,,,,
309,77,v,1,5.03569244506737,5.45298253750334,v,1,5.03569244506737,5.45298253750334,
309,78,i,2,4.12906689482177,5.18762847529485,i,2,4.12906689482177,5.18762847529485,
309,79,iv,3,3.69985452108245,4.82022148031579,iv,3,3.69985452108245,4.82022148031579,
309,80,-III,4,4.33470413158456,4.148277617094,-III,4,4.33470413158456,4.148277617094,
309,81,-iii,4,7.2706672863486,4.79876121807827,-iii,4,7.2706672863486,4.79876121807827,
309,82,-II,1,6.39378880999543,5.40396119496012,vio,1,6.45698263648262,5.40396119496012,0.0631938264871943
309,83,-II,1,5.00540633624959,5.44048428464702,-II,1,6.49191554930866,5.39145218375802,
309,84,-iii,2,6.7766771965543,5.16831836386541,-iii,1,6.47199267396883,5.44048428464702,
309,85,iv,1,6.18322182405577,5.40396119496012,iv,1,6.18322182405577,5.40396119496012,
309,86,#IV,1,6.4609038285878,5.45298253750334,#IV,1,6.4609038285878,5.45298253750334,
309,87,-vi,1,6.72421828845889,5.26832602886992,-vi,1,6.72421828845889,5.26832602886992,
,,,,,,,,,,
310,83,-II,1,5.00540633624959,5.44048428464702,-II,1,5.00540633624959,5.44048428464702,
310,84,-iii,2,6.7766771965543,5.16831836386541,-iii,2,6.7766771965543,5.16831836386541,
310,85,iv,1,6.18322182405577,5.40396119496012,iv,1,6.18322182405577,5.40396119496012,
310,86,#IV,1,6.4609038285878,5.45298253750334,#IV,1,6.4609038285878,5.45298253750334,
310,87,-vi,1,6.72421828845889,5.26832602886992,-vi,1,6.72421828845889,5.26832602886992,
310,88,-vii,1,4.00068466110953,5.18655150239105,IV,1,3.93639553275455,5.18655150239105,0.0642891283549796
310,89,i,2,5.08527498042575,4.93666262653595,i,2,5.56039304229741,5.02978532318032,
310,90,iv,2,3.27745556605902,4.97469682440288,iv,2,4.94328051879846,5.36040596291814,
310,91,-vii,3,6.89085088417614,4.81247574766958,-vii,3,6.84189006145097,4.96815324397331,
310,92,-VI,2,5.45704502580042,4.72483603609195,-VI,2,5.45704502580042,4.72483603609195,
310,93,-vi,2,6.3383993290159,5.16499410827579,-vi,2,6.3383993290159,5.16499410827579,
,,,,,,,,,,
311,92,-VI,2,5.45704502580042,4.72483603609195,-VI,2,5.45704502580042,4.72483603609195,
311,93,-vi,2,6.3383993290159,5.16499410827579,-vi,2,6.3383993290159,5.16499410827579,
311,94,#IV,2,7.15255786947222,4.36051564243597,#IV,2,7.15255786947222,4.36051564243597,
311,95,#IV,1,4.74720653884321,5.26832602886992,#IV,1,4.74720653884321,5.26832602886992,
311,96,-vi,2,7.18908383683268,4.41656597700969,-vi,2,7.18908383683268,4.41656597700969,
311,97,-vii,1,4.00068466110953,5.18655150239105,IV,1,3.93639553275455,5.18655150239105,0.0642891283549796
311,98,i,2,5.08527498042575,4.93666262653595,i,2,5.56039304229741,5.02978532318032,
311,99,iv,2,3.27745556605902,4.97469682440288,iv,2,4.94328051879846,5.36040596291814,
311,100,-vii,3,6.89085088417614,4.81247574766958,-vii,3,6.84189006145097,4.96815324397331,
311,101,-VI,2,5.45704502580042,4.72483603609195,-VI,2,5.45704502580042,4.72483603609195,
311,102,-vi,2,6.3383993290159,5.16499410827579,-vi,2,6.3383993290159,5.16499410827579,
,,,,,,,,,,
312,155,-VI,2,5.45704502580042,4.72483603609195,-VI,2,5.45704502580042,4.72483603609195,
312,156,-vi,2,6.3383993290159,5.16499410827579,-vi,2,6.3383993290159,5.16499410827579,
312,157,#IV,2,7.15255786947222,4.36051564243597,#IV,2,7.15255786947222,4.36051564243597,
312,158,#IV,1,4.74720653884321,5.26832602886992,#IV,1,4.74720653884321,5.26832602886992,
312,159,-vi,2,7.18908383683268,4.41656597700969,-vi,2,7.18908383683268,4.41656597700969,
312,160,-vii,1,4.00068466110953,5.18655150239105,IV,1,3.93639553275455,5.18655150239105,0.0642891283549796
312,161,i,2,5.08527498042575,4.93666262653595,i,2,5.56039304229741,5.02978532318032,
312,162,r,2,3.1525055960188,4.97469682440288,r,2,2.87795695166878,5.36040596291814,
312,163,r,2,1.71736353267208,3.74300594358816,r,3,0.942605005217384,2.96808141167642,
,,,,,,,,,,
313,60,ii,3,3.12332133618508,4.96125786289468,ii,3,3.12332133618508,4.96125786289468,
313,61,I,4,4.06648165628245,4.79205003277203,I,4,4.06648165628245,4.79205003277203,
313,62,#IV,5,7.04988607715519,4.69930341512554,#IV,5,7.04988607715519,4.69930341512554,
313,63,VII,2,5.86348521659191,3.19091740638423,VII,2,5.86348521659191,3.19091740638423,
313,64,-iii,2,6.18311163009071,4.45248520163112,-iii,2,6.18311163009071,4.45248520163112,
313,65,-iii,2,6.98610868287465,4.6330856208257,viio,2,6.92001949241688,4.6330856208257,0.0660891904577721
313,66,-vi,1,6.59233448937751,5.40396119496012,-vi,1,6.75199395657689,5.31221398171086,
313,67,#IV,1,6.60402569114554,5.18655150239105,#IV,1,6.60402569114554,5.18655150239105,
313,68,v,1,6.40702811257819,5.26832602886992,v,1,6.40702811257819,5.26832602886992,
313,69,i,1,5.04582678585244,5.40780748387603,i,1,5.04582678585244,5.40780748387603,
313,70,iv,2,4.44893493864514,5.28631663594942,iv,2,4.44893493864514,5.28631663594942,
,,,,,,,,,,
314,60,ii,3,3.12332133618508,4.96125786289468,ii,3,3.12332133618508,4.96125786289468,
314,61,I,4,4.06648165628245,4.79205003277203,I,4,4.06648165628245,4.79205003277203,
314,62,#IV,5,7.04988607715519,4.69930341512554,#IV,5,7.04988607715519,4.69930341512554,
314,63,VII,2,5.86348521659191,3.19091740638423,VII,2,5.86348521659191,3.19091740638423,
314,64,-iii,2,6.18311163009071,4.45248520163112,-iii,2,6.18311163009071,4.45248520163112,
314,65,-iii,2,6.98610868287465,4.6330856208257,vio,2,6.92001949241688,4.6330856208257,0.0660891904577721
314,66,-vi,1,6.59233448937751,5.40396119496012,-vi,1,6.69046122869074,5.39145218375802,
314,67,#IV,1,6.60402569114554,5.18655150239105,#IV,1,6.60402569114554,5.18655150239105,
314,68,v,1,6.40702811257819,5.26832602886992,v,1,6.40702811257819,5.26832602886992,
314,69,i,1,5.04582678585244,5.40780748387603,i,1,5.04582678585244,5.40780748387603,
314,70,iv,2,4.44893493864514,5.28631663594942,iv,2,4.44893493864514,5.28631663594942,
,,,,,,,,,,
315,67,#IV,1,6.60402569114554,5.18655150239105,#IV,1,6.60402569114554,5.18655150239105,
315,68,v,1,6.40702811257819,5.26832602886992,v,1,6.40702811257819,5.26832602886992,
315,69,i,1,5.04582678585244,5.40780748387603,i,1,5.04582678585244,5.40780748387603,
315,70,iv,2,4.44893493864514,5.28631663594942,iv,2,4.44893493864514,5.28631663594942,
315,71,-III,3,3.78247959356285,5.1053219814982,-III,3,3.78247959356285,5.1053219814982,
315,72,-iii,4,7.2706672863486,4.79876121807827,viio,4,7.20457809589083,4.79876121807827,0.0660891904577721
315,73,-II,1,6.39378880999543,5.40396119496012,-II,1,6.55344827719481,5.31221398171086,
315,74,-II,1,5.00540633624959,5.44048428464702,-II,1,5.00540633624959,5.44048428464702,
315,75,-iii,2,6.7766771965543,5.16831836386541,-iii,2,6.7766771965543,5.16831836386541,
315,76,iv,1,6.18322182405577,5.40396119496012,iv,1,6.18322182405577,5.40396119496012,
315,77,v,1,5.03569244506737,5.45298253750334,v,1,5.03569244506737,5.45298253750334,
,,,,,,,,,,
316,70,iv,2,4.44893493864514,5.28631663594942,iv,2,4.44893493864514,5.28631663594942,
316,71,-III,3,3.78247959356285,5.1053219814982,-III,3,3.78247959356285,5.1053219814982,
316,72,-iii,4,7.2706672863486,4.79876121807827,-iii,4,7.2706672863486,4.79876121807827,
316,73,-II,1,6.39378880999543,5.40396119496012,-II,1,6.39378880999543,5.40396119496012,
316,74,-II,1,5.00540633624959,5.44048428464702,-II,1,5.00540633624959,5.44048428464702,
316,75,-iii,2,6.7766771965543,5.16831836386541,viio,2,6.71058800609653,5.16831836386541,0.0660891904577721
316,76,iv,1,6.18322182405577,5.40396119496012,iv,1,5.05119042679829,5.31221398171086,
316,77,v,1,5.03569244506737,5.45298253750334,v,2,2.41615867368632,5.10161152653506,
316,78,i,2,4.12906689482177,5.18762847529485,i,3,4.47066853038421,4.65523729188386,
316,79,iv,3,3.69985452108245,4.82022148031579,iv,3,3.69985452108245,4.82022148031579,
316,80,-III,4,4.33470413158456,4.148277617094,-III,4,4.33470413158456,4.148277617094,
,,,,,,,,,,
317,70,iv,2,4.44893493864514,5.28631663594942,iv,2,4.44893493864514,5.28631663594942,
317,71,-III,3,3.78247959356285,5.1053219814982,-III,3,3.78247959356285,5.1053219814982,
317,72,-iii,4,7.2706672863486,4.79876121807827,-iii,4,7.2706672863486,4.79876121807827,
317,73,-II,1,6.39378880999543,5.40396119496012,-II,1,6.39378880999543,5.40396119496012,
317,74,-II,1,5.00540633624959,5.44048428464702,-II,1,5.00540633624959,5.44048428464702,
317,75,-iii,2,6.7766771965543,5.16831836386541,vio,2,6.71058800609653,5.16831836386541,0.0660891904577721
317,76,iv,1,6.18322182405577,5.40396119496012,iv,1,5.06800564602587,5.39145218375802,
317,77,v,1,5.03569244506737,5.45298253750334,v,2,5.27086805709586,5.22439423369096,
317,78,i,2,4.12906689482177,5.18762847529485,i,2,4.12906689482177,5.18762847529485,
317,79,iv,3,3.69985452108245,4.82022148031579,iv,3,3.69985452108245,4.82022148031579,
317,80,-III,4,4.33470413158456,4.148277617094,-III,4,4.33470413158456,4.148277617094,
,,,,,,,,,,
318,76,iv,1,6.18322182405577,5.40396119496012,iv,1,6.18322182405577,5.40396119496012,
318,77,v,1,5.03569244506737,5.45298253750334,v,1,5.03569244506737,5.45298253750334,
318,78,i,2,4.12906689482177,5.18762847529485,i,2,4.12906689482177,5.18762847529485,
318,79,iv,3,3.69985452108245,4.82022148031579,iv,3,3.69985452108245,4.82022148031579,
318,80,-III,4,4.33470413158456,4.148277617094,-III,4,4.33470413158456,4.148277617094,
318,81,-iii,4,7.2706672863486,4.79876121807827,viio,4,7.20457809589083,4.79876121807827,0.0660891904577721
318,82,-II,1,6.39378880999543,5.40396119496012,-II,1,6.55344827719481,5.31221398171086,
318,83,-II,1,5.00540633624959,5.44048428464702,-II,1,5.00540633624959,5.44048428464702,
318,84,-iii,2,6.7766771965543,5.16831836386541,-iii,2,6.7766771965543,5.16831836386541,
318,85,iv,1,6.18322182405577,5.40396119496012,iv,1,6.18322182405577,5.40396119496012,
318,86,#IV,1,6.4609038285878,5.45298253750334,#IV,1,6.4609038285878,5.45298253750334,
,,,,,,,,,,
319,79,iv,3,3.69985452108245,4.82022148031579,iv,3,3.69985452108245,4.82022148031579,
319,80,-III,4,4.33470413158456,4.148277617094,-III,4,4.33470413158456,4.148277617094,
319,81,-iii,4,7.2706672863486,4.79876121807827,-iii,4,7.2706672863486,4.79876121807827,
319,82,-II,1,6.39378880999543,5.40396119496012,-II,1,6.39378880999543,5.40396119496012,
319,83,-II,1,5.00540633624959,5.44048428464702,-II,1,5.00540633624959,5.44048428464702,
319,84,-iii,2,6.7766771965543,5.16831836386541,viio,2,6.71058800609653,5.16831836386541,0.0660891904577721
319,85,iv,1,6.18322182405577,5.40396119496012,iv,1,5.05119042679829,5.31221398171086,
319,86,#IV,1,6.4609038285878,5.45298253750334,#IV,2,6.71553860739312,5.10161152653506,
319,87,-vi,1,6.72421828845889,5.26832602886992,-vi,1,6.72421828845889,5.26832602886992,
319,88,-vii,1,4.00068466110953,5.18655150239105,-vii,1,4.00068466110953,5.18655150239105,
319,89,i,2,5.08527498042575,4.93666262653595,i,2,5.08527498042575,4.93666262653595,
,,,,,,,,,,
320,79,iv,3,3.69985452108245,4.82022148031579,iv,3,3.69985452108245,4.82022148031579,
320,80,-III,4,4.33470413158456,4.148277617094,-III,4,4.33470413158456,4.148277617094,
320,81,-iii,4,7.2706672863486,4.79876121807827,-iii,4,7.2706672863486,4.79876121807827,
320,82,-II,1,6.39378880999543,5.40396119496012,-II,1,6.39378880999543,5.40396119496012,
320,83,-II,1,5.00540633624959,5.44048428464702,-II,1,5.00540633624959,5.44048428464702,
320,84,-iii,2,6.7766771965543,5.16831836386541,vio,2,6.71058800609653,5.16831836386541,0.0660891904577721
320,85,iv,1,6.18322182405577,5.40396119496012,iv,1,5.06800564602587,5.39145218375802,
320,86,#IV,1,6.4609038285878,5.45298253750334,#IV,2,6.69607944061628,5.22439423369096,
320,87,-vi,1,6.72421828845889,5.26832602886992,-vi,1,6.72421828845889,5.26832602886992,
320,88,-vii,1,4.00068466110953,5.18655150239105,-vii,1,4.00068466110953,5.18655150239105,
320,89,i,2,5.08527498042575,4.93666262653595,i,2,5.08527498042575,4.93666262653595,
,,,,,,,,,,
321,51,iii,4,5.95140374905293,5.00486099057086,iii,4,5.95140374905293,5.00486099057086,
321,52,vi,2,3.67010962802191,5.21915222061716,vi,2,3.67010962802191,5.21915222061716,
321,53,IV,3,3.69572439801877,5.11045100096823,IV,3,3.69572439801877,5.11045100096823,
321,54,-VII,4,5.92621902476389,4.60250761294049,-VII,4,5.92621902476389,4.60250761294049,
321,55,V,3,5.23038282043269,4.70296834590197,V,3,5.23038282043269,4.70296834590197,
321,56,#IV+,3,7.21084462409523,4.77959808403203,#iio,3,7.27730290039671,4.77959808403203,0.0664582763014829
321,57,IV,1,6.39660478118186,4.33824316572275,IV,1,6.10185632652753,5.12065708585267,
321,58,iii,1,5.25830986038592,5.46015231333603,iii,1,5.25830986038592,5.46015231333603,
321,59,vi,2,3.88056434428391,5.20474876077054,vi,2,3.88056434428391,5.20474876077054,
321,60,ii,3,3.12332133618508,4.96125786289468,ii,3,3.12332133618508,4.96125786289468,
321,61,I,4,4.06648165628245,4.79205003277203,I,4,4.06648165628245,4.79205003277203,
,,,,,,,,,,
322,51,iii,4,5.95140374905293,5.00486099057086,iii,4,5.95140374905293,5.00486099057086,
322,52,vi,2,3.67010962802191,5.21915222061716,vi,2,3.67010962802191,5.21915222061716,
322,53,IV,3,3.69572439801877,5.11045100096823,IV,3,3.69572439801877,5.11045100096823,
322,54,-VII,4,5.92621902476389,4.60250761294049,-VII,4,5.92621902476389,4.60250761294049,
322,55,V,3,5.23038282043269,4.70296834590197,V,3,5.23038282043269,4.70296834590197,
322,56,#IV+,3,7.21084462409523,4.77959808403203,-II+,3,7.27730290039671,4.77959808403203,0.0664582763014829
322,57,IV,1,6.39660478118186,4.33824316572275,IV,1,6.10304932671202,5.12246172232093,
322,58,iii,1,5.25830986038592,5.46015231333603,iii,1,5.25830986038592,5.46015231333603,
322,59,vi,2,3.88056434428391,5.20474876077054,vi,2,3.88056434428391,5.20474876077054,
322,60,ii,3,3.12332133618508,4.96125786289468,ii,3,3.12332133618508,4.96125786289468,
322,61,I,4,4.06648165628245,4.79205003277203,I,4,4.06648165628245,4.79205003277203,
,,,,,,,,,,
323,51,iii,4,5.95140374905293,5.00486099057086,iii,4,5.95140374905293,5.00486099057086,
323,52,vi,2,3.67010962802191,5.21915222061716,vi,2,3.67010962802191,5.21915222061716,
323,53,IV,3,3.69572439801877,5.11045100096823,IV,3,3.69572439801877,5.11045100096823,
323,54,-VII,4,5.92621902476389,4.60250761294049,-VII,4,5.92621902476389,4.60250761294049,
323,55,V,3,5.23038282043269,4.70296834590197,V,3,5.23038282043269,4.70296834590197,
323,56,#IV+,3,7.21084462409523,4.77959808403203,#II,3,7.27730290039671,4.77959808403203,0.0664582763014829
323,57,IV,1,6.39660478118186,4.33824316572275,IV,1,6.10757375160974,5.12565624073233,
323,58,iii,1,5.25830986038592,5.46015231333603,iii,1,5.25830986038592,5.46015231333603,
323,59,vi,2,3.88056434428391,5.20474876077054,vi,2,3.88056434428391,5.20474876077054,
323,60,ii,3,3.12332133618508,4.96125786289468,ii,3,3.12332133618508,4.96125786289468,
323,61,I,4,4.06648165628245,4.79205003277203,I,4,4.06648165628245,4.79205003277203,
,,,,,,,,,,
324,51,iii,4,5.95140374905293,5.00486099057086,iii,4,5.95140374905293,5.00486099057086,
324,52,vi,2,3.67010962802191,5.21915222061716,vi,2,3.67010962802191,5.21915222061716,
324,53,IV,3,3.69572439801877,5.11045100096823,IV,3,3.69572439801877,5.11045100096823,
324,54,-VII,4,5.92621902476389,4.60250761294049,-VII,4,5.92621902476389,4.60250761294049,
324,55,V,3,5.23038282043269,4.70296834590197,V,3,5.23038282043269,4.70296834590197,
324,56,#IV+,3,7.21084462409523,4.77959808403203,-iio,3,7.27730290039671,4.77959808403203,0.0664582763014829
324,57,IV,1,6.39660478118186,4.33824316572275,IV,1,6.09155559588422,5.21490501718691,
324,58,iii,1,5.25830986038592,5.46015231333603,iii,1,5.25830986038592,5.46015231333603,
324,59,vi,2,3.88056434428391,5.20474876077054,vi,2,3.88056434428391,5.20474876077054,
324,60,ii,3,3.12332133618508,4.96125786289468,ii,3,3.12332133618508,4.96125786289468,
324,61,I,4,4.06648165628245,4.79205003277203,I,4,4.06648165628245,4.79205003277203,
,,,,,,,,,,
325,51,iii,4,5.95140374905293,5.00486099057086,iii,4,5.95140374905293,5.00486099057086,
325,52,vi,2,3.67010962802191,5.21915222061716,vi,2,3.67010962802191,5.21915222061716,
325,53,IV,3,3.69572439801877,5.11045100096823,IV,3,3.69572439801877,5.11045100096823,
325,54,-VII,4,5.92621902476389,4.60250761294049,-VII,4,5.92621902476389,4.60250761294049,
325,55,V,3,5.23038282043269,4.70296834590197,V,3,5.23038282043269,4.70296834590197,
325,56,#IV+,3,7.21084462409523,4.77959808403203,io,3,7.27730290039671,4.77959808403203,0.0664582763014829
325,57,IV,1,6.39660478118186,4.33824316572275,IV,1,6.19773793832392,5.07251785127509,
325,58,iii,1,5.25830986038592,5.46015231333603,iii,1,5.25830986038592,5.46015231333603,
325,59,vi,2,3.88056434428391,5.20474876077054,vi,2,3.88056434428391,5.20474876077054,
325,60,ii,3,3.12332133618508,4.96125786289468,ii,3,3.12332133618508,4.96125786289468,
325,61,I,4,4.06648165628245,4.79205003277203,I,4,4.06648165628245,4.79205003277203,
,,,,,,,,,,
326,51,iii,4,5.95140374905293,5.00486099057086,iii,4,5.95140374905293,5.00486099057086,
326,52,vi,2,3.67010962802191,5.21915222061716,vi,2,3.67010962802191,5.21915222061716,
326,53,IV,3,3.69572439801877,5.11045100096823,IV,3,3.69572439801877,5.11045100096823,
326,54,-VII,4,5.92621902476389,4.60250761294049,-VII,4,5.92621902476389,4.60250761294049,
326,55,V,3,5.23038282043269,4.70296834590197,V,3,5.23038282043269,4.70296834590197,
326,56,#IV+,3,7.21084462409523,4.77959808403203,III+,3,7.27730290039671,4.77959808403203,0.0664582763014829
326,57,IV,1,6.39660478118186,4.33824316572275,IV,1,6.40010316774536,4.3371906729538,
326,58,iii,1,5.25830986038592,5.46015231333603,iii,1,5.25830986038592,5.46015231333603,
326,59,vi,2,3.88056434428391,5.20474876077054,vi,2,3.88056434428391,5.20474876077054,
326,60,ii,3,3.12332133618508,4.96125786289468,ii,3,3.12332133618508,4.96125786289468,
326,61,I,4,4.06648165628245,4.79205003277203,I,4,4.06648165628245,4.79205003277203,
,,,,,,,,,,
327,51,iii,4,5.95140374905293,5.00486099057086,iii,4,5.95140374905293,5.00486099057086,
327,52,vi,2,3.67010962802191,5.21915222061716,vi,2,3.67010962802191,5.21915222061716,
327,53,IV,3,3.69572439801877,5.11045100096823,IV,3,3.69572439801877,5.11045100096823,
327,54,-VII,4,5.92621902476389,4.60250761294049,-VII,4,5.92621902476389,4.60250761294049,
327,55,V,3,5.23038282043269,4.70296834590197,V,3,5.23038282043269,4.70296834590197,
327,56,#IV+,3,7.21084462409523,4.77959808403203,-i,3,7.27730290039671,4.77959808403203,0.0664582763014829
327,57,IV,1,6.39660478118186,4.33824316572275,IV,1,2.97966336207422,5.12386026918491,
327,58,iii,1,5.25830986038592,5.46015231333603,iii,2,5.55907915404849,5.03673828066435,
327,59,vi,2,3.88056434428391,5.20474876077054,vi,2,3.88056434428391,5.20474876077054,
327,60,ii,3,3.12332133618508,4.96125786289468,ii,3,3.12332133618508,4.96125786289468,
327,61,I,4,4.06648165628245,4.79205003277203,I,4,4.06648165628245,4.79205003277203,
,,,,,,,,,,
328,35,#IV,6,7.41912539439768,4.48885900638762,#IV,6,7.41912539439768,4.48885900638762,
328,36,iv,2,7.46698727787462,3.19091740638423,iv,2,7.46698727787462,3.19091740638423,
328,37,-VI,1,5.31977290933337,5.45298253750334,-VI,1,5.31977290933337,5.45298253750334,
328,38,I,2,5.43780755337442,5.19040854958852,I,2,5.43780755337442,5.19040854958852,
328,39,I,2,4.33519713273102,5.41934604014041,I,2,4.33519713273102,5.41934604014041,
328,40,I+,3,6.43398439287137,5.36798749318986,io,3,6.50137294359255,5.36798749318986,0.0673885507211853
328,41,I,3,1.23060987917747,3.58387461067546,I,3,6.62011272985075,4.11312941452858,
328,42,iii,4,5.98492812162663,4.94787677837653,iii,1,5.56475784692977,5.48431723964687,
328,43,vi,2,3.67010962802191,5.21915222061716,vi,2,3.67010962802191,5.21915222061716,
328,44,IV,3,3.69572439801877,5.11045100096823,IV,3,3.69572439801877,5.11045100096823,
328,45,-VII,4,5.92621902476389,4.60250761294049,-VII,4,5.92621902476389,4.60250761294049,
,,,,,,,,,,
329,89,i,2,5.08527498042575,4.93666262653595,i,2,5.08527498042575,4.93666262653595,
329,90,iv,2,3.27745556605902,4.97469682440288,iv,2,3.27745556605902,4.97469682440288,
329,91,-vii,3,6.89085088417614,4.81247574766958,-vii,3,6.89085088417614,4.81247574766958,
329,92,-VI,2,5.45704502580042,4.72483603609195,-VI,2,5.45704502580042,4.72483603609195,
329,93,-vi,2,6.3383993290159,5.16499410827579,-vi,2,6.3383993290159,5.16499410827579,
329,94,#IV,2,7.15255786947222,4.36051564243597,-iiio,2,7.2207293721138,4.36051564243597,0.0681715026415786
329,95,#IV,1,4.74720653884321,5.26832602886992,#IV,1,6.8073549220576,4.81519056837249,
329,96,-vi,2,7.18908383683268,4.41656597700969,-vi,1,6.72421828845889,5.26832602886992,
329,97,-vii,1,4.00068466110953,5.18655150239105,-vii,1,4.00068466110953,5.18655150239105,
329,98,i,2,5.08527498042575,4.93666262653595,i,2,5.08527498042575,4.93666262653595,
329,99,iv,2,3.27745556605902,4.97469682440288,iv,2,3.27745556605902,4.97469682440288,
,,,,,,,,,,
330,89,i,2,5.08527498042575,4.93666262653595,i,2,5.08527498042575,4.93666262653595,
330,90,iv,2,3.27745556605902,4.97469682440288,iv,2,3.27745556605902,4.97469682440288,
330,91,-vii,3,6.89085088417614,4.81247574766958,-vii,3,6.89085088417614,4.81247574766958,
330,92,-VI,2,5.45704502580042,4.72483603609195,-VI,2,5.45704502580042,4.72483603609195,
330,93,-vi,2,6.3383993290159,5.16499410827579,-vi,2,6.3383993290159,5.16499410827579,
330,94,#IV,2,7.15255786947222,4.36051564243597,-viio,2,7.2207293721138,4.36051564243597,0.0681715026415786
330,95,#IV,1,4.74720653884321,5.26832602886992,#IV,1,6.52885979056983,5.33052930106392,
330,96,-vi,2,7.18908383683268,4.41656597700969,-vi,1,6.72421828845889,5.26832602886992,
330,97,-vii,1,4.00068466110953,5.18655150239105,-vii,1,4.00068466110953,5.18655150239105,
330,98,i,2,5.08527498042575,4.93666262653595,i,2,5.08527498042575,4.93666262653595,
330,99,iv,2,3.27745556605902,4.97469682440288,iv,2,3.27745556605902,4.97469682440288,
,,,,,,,,,,
331,89,i,2,5.08527498042575,4.93666262653595,i,2,5.08527498042575,4.93666262653595,
331,90,iv,2,3.27745556605902,4.97469682440288,iv,2,3.27745556605902,4.97469682440288,
331,91,-vii,3,6.89085088417614,4.81247574766958,-vii,3,6.89085088417614,4.81247574766958,
331,92,-VI,2,5.45704502580042,4.72483603609195,-VI,2,5.45704502580042,4.72483603609195,
331,93,-vi,2,6.3383993290159,5.16499410827579,-vi,2,6.3383993290159,5.16499410827579,
331,94,#IV,2,7.15255786947222,4.36051564243597,-vio,2,7.2207293721138,4.36051564243597,0.0681715026415786
331,95,#IV,1,4.74720653884321,5.26832602886992,#IV,1,6.60231342876048,5.18671151421705,
331,96,-vi,2,7.18908383683268,4.41656597700969,-vi,1,6.72421828845889,5.26832602886992,
331,97,-vii,1,4.00068466110953,5.18655150239105,-vii,1,4.00068466110953,5.18655150239105,
331,98,i,2,5.08527498042575,4.93666262653595,i,2,5.08527498042575,4.93666262653595,
331,99,iv,2,3.27745556605902,4.97469682440288,iv,2,3.27745556605902,4.97469682440288,
,,,,,,,,,,
332,152,i,2,5.08527498042575,4.93666262653595,i,2,5.08527498042575,4.93666262653595,
332,153,iv,2,3.27745556605902,4.97469682440288,iv,2,3.27745556605902,4.97469682440288,
332,154,-vii,3,6.89085088417614,4.81247574766958,-vii,3,6.89085088417614,4.81247574766958,
332,155,-VI,2,5.45704502580042,4.72483603609195,-VI,2,5.45704502580042,4.72483603609195,
332,156,-vi,2,6.3383993290159,5.16499410827579,-vi,2,6.3383993290159,5.16499410827579,
332,157,#IV,2,7.15255786947222,4.36051564243597,-iiio,2,7.2207293721138,4.36051564243597,0.0681715026415786
332,158,#IV,1,4.74720653884321,5.26832602886992,#IV,1,6.8073549220576,4.81519056837249,
332,159,-vi,2,7.18908383683268,4.41656597700969,-vi,1,6.72421828845889,5.26832602886992,
332,160,-vii,1,4.00068466110953,5.18655150239105,-vii,1,4.00068466110953,5.18655150239105,
332,161,i,2,5.08527498042575,4.93666262653595,i,2,5.08527498042575,4.93666262653595,
332,162,r,2,3.1525055960188,4.97469682440288,r,2,3.1525055960188,4.97469682440288,
,,,,,,,,,,
333,152,i,2,5.08527498042575,4.93666262653595,i,2,5.08527498042575,4.93666262653595,
333,153,iv,2,3.27745556605902,4.97469682440288,iv,2,3.27745556605902,4.97469682440288,
333,154,-vii,3,6.89085088417614,4.81247574766958,-vii,3,6.89085088417614,4.81247574766958,
333,155,-VI,2,5.45704502580042,4.72483603609195,-VI,2,5.45704502580042,4.72483603609195,
333,156,-vi,2,6.3383993290159,5.16499410827579,-vi,2,6.3383993290159,5.16499410827579,
333,157,#IV,2,7.15255786947222,4.36051564243597,-viio,2,7.2207293721138,4.36051564243597,0.0681715026415786
333,158,#IV,1,4.74720653884321,5.26832602886992,#IV,1,6.52885979056983,5.33052930106392,
333,159,-vi,2,7.18908383683268,4.41656597700969,-vi,1,6.72421828845889,5.26832602886992,
333,160,-vii,1,4.00068466110953,5.18655150239105,-vii,1,4.00068466110953,5.18655150239105,
333,161,i,2,5.08527498042575,4.93666262653595,i,2,5.08527498042575,4.93666262653595,
333,162,r,2,3.1525055960188,4.97469682440288,r,2,3.1525055960188,4.97469682440288,
,,,,,,,,,,
334,152,i,2,5.08527498042575,4.93666262653595,i,2,5.08527498042575,4.93666262653595,
334,153,iv,2,3.27745556605902,4.97469682440288,iv,2,3.27745556605902,4.97469682440288,
334,154,-vii,3,6.89085088417614,4.81247574766958,-vii,3,6.89085088417614,4.81247574766958,
334,155,-VI,2,5.45704502580042,4.72483603609195,-VI,2,5.45704502580042,4.72483603609195,
334,156,-vi,2,6.3383993290159,5.16499410827579,-vi,2,6.3383993290159,5.16499410827579,
334,157,#IV,2,7.15255786947222,4.36051564243597,-vio,2,7.2207293721138,4.36051564243597,0.0681715026415786
334,158,#IV,1,4.74720653884321,5.26832602886992,#IV,1,6.60231342876048,5.18671151421705,
334,159,-vi,2,7.18908383683268,4.41656597700969,-vi,1,6.72421828845889,5.26832602886992,
334,160,-vii,1,4.00068466110953,5.18655150239105,-vii,1,4.00068466110953,5.18655150239105,
334,161,i,2,5.08527498042575,4.93666262653595,i,2,5.08527498042575,4.93666262653595,
334,162,r,2,3.1525055960188,4.97469682440288,r,2,3.1525055960188,4.97469682440288,
,,,,,,,,,,
335,62,#IV,5,7.04988607715519,4.69930341512554,#IV,5,7.04988607715519,4.69930341512554,
335,63,VII,2,5.86348521659191,3.19091740638423,VII,2,5.86348521659191,3.19091740638423,
335,64,-iii,2,6.18311163009071,4.45248520163112,-iii,2,6.18311163009071,4.45248520163112,
335,65,-iii,2,6.98610868287465,4.6330856208257,-iii,2,6.98610868287465,4.6330856208257,
335,66,-vi,1,6.59233448937751,5.40396119496012,-vi,1,6.59233448937751,5.40396119496012,
335,67,#IV,1,6.60402569114554,5.18655150239105,-iiio,1,6.67219719378712,5.18655150239105,0.0681715026415795
335,68,v,1,6.40702811257819,5.26832602886992,v,1,6.58179522164247,4.81519056837249,
335,69,i,1,5.04582678585244,5.40780748387603,i,1,5.04582678585244,5.40780748387603,
335,70,iv,2,4.44893493864514,5.28631663594942,iv,2,4.44893493864514,5.28631663594942,
335,71,-III,3,3.78247959356285,5.1053219814982,-III,3,3.78247959356285,5.1053219814982,
335,72,-iii,4,7.2706672863486,4.79876121807827,-iii,4,7.2706672863486,4.79876121807827,
,,,,,,,,,,
336,62,#IV,5,7.04988607715519,4.69930341512554,#IV,5,7.04988607715519,4.69930341512554,
336,63,VII,2,5.86348521659191,3.19091740638423,VII,2,5.86348521659191,3.19091740638423,
336,64,-iii,2,6.18311163009071,4.45248520163112,-iii,2,6.18311163009071,4.45248520163112,
336,65,-iii,2,6.98610868287465,4.6330856208257,-iii,2,6.98610868287465,4.6330856208257,
336,66,-vi,1,6.59233448937751,5.40396119496012,-vi,1,6.59233448937751,5.40396119496012,
336,67,#IV,1,6.60402569114554,5.18655150239105,-viio,1,6.67219719378712,5.18655150239105,0.0681715026415795
336,68,v,1,6.40702811257819,5.26832602886992,v,1,6.3033000901547,5.33052930106392,
336,69,i,1,5.04582678585244,5.40780748387603,i,1,5.04582678585244,5.40780748387603,
336,70,iv,2,4.44893493864514,5.28631663594942,iv,2,4.44893493864514,5.28631663594942,
336,71,-III,3,3.78247959356285,5.1053219814982,-III,3,3.78247959356285,5.1053219814982,
336,72,-iii,4,7.2706672863486,4.79876121807827,-iii,4,7.2706672863486,4.79876121807827,
,,,,,,,,,,
337,62,#IV,5,7.04988607715519,4.69930341512554,#IV,5,7.04988607715519,4.69930341512554,
337,63,VII,2,5.86348521659191,3.19091740638423,VII,2,5.86348521659191,3.19091740638423,
337,64,-iii,2,6.18311163009071,4.45248520163112,-iii,2,6.18311163009071,4.45248520163112,
337,65,-iii,2,6.98610868287465,4.6330856208257,-iii,2,6.98610868287465,4.6330856208257,
337,66,-vi,1,6.59233448937751,5.40396119496012,-vi,1,6.59233448937751,5.40396119496012,
337,67,#IV,1,6.60402569114554,5.18655150239105,-vio,1,6.67219719378712,5.18655150239105,0.0681715026415795
337,68,v,1,6.40702811257819,5.26832602886992,v,1,6.37675372834535,5.18671151421705,
337,69,i,1,5.04582678585244,5.40780748387603,i,1,5.04582678585244,5.40780748387603,
337,70,iv,2,4.44893493864514,5.28631663594942,iv,2,4.44893493864514,5.28631663594942,
337,71,-III,3,3.78247959356285,5.1053219814982,-III,3,3.78247959356285,5.1053219814982,
337,72,-iii,4,7.2706672863486,4.79876121807827,-iii,4,7.2706672863486,4.79876121807827,
,,,,,,,,,,
338,81,-iii,4,7.2706672863486,4.79876121807827,-iii,4,7.2706672863486,4.79876121807827,
338,82,-II,1,6.39378880999543,5.40396119496012,-II,1,6.39378880999543,5.40396119496012,
338,83,-II,1,5.00540633624959,5.44048428464702,-II,1,5.00540633624959,5.44048428464702,
338,84,-iii,2,6.7766771965543,5.16831836386541,-iii,2,6.7766771965543,5.16831836386541,
338,85,iv,1,6.18322182405577,5.40396119496012,iv,1,6.18322182405577,5.40396119496012,
338,86,#IV,1,6.4609038285878,5.45298253750334,-iiio,1,6.52907533122938,5.45298253750334,0.0681715026415795
338,87,-vi,1,6.72421828845889,5.26832602886992,-vi,1,6.89898539752317,4.81519056837249,
338,88,-vii,1,4.00068466110953,5.18655150239105,-vii,1,4.00068466110953,5.18655150239105,
338,89,i,2,5.08527498042575,4.93666262653595,i,2,5.08527498042575,4.93666262653595,
338,90,iv,2,3.27745556605902,4.97469682440288,iv,2,3.27745556605902,4.97469682440288,
338,91,-vii,3,6.89085088417614,4.81247574766958,-vii,3,6.89085088417614,4.81247574766958,
,,,,,,,,,,
339,81,-iii,4,7.2706672863486,4.79876121807827,-iii,4,7.2706672863486,4.79876121807827,
339,82,-II,1,6.39378880999543,5.40396119496012,-II,1,6.39378880999543,5.40396119496012,
339,83,-II,1,5.00540633624959,5.44048428464702,-II,1,5.00540633624959,5.44048428464702,
339,84,-iii,2,6.7766771965543,5.16831836386541,-iii,2,6.7766771965543,5.16831836386541,
339,85,iv,1,6.18322182405577,5.40396119496012,iv,1,6.18322182405577,5.40396119496012,
339,86,#IV,1,6.4609038285878,5.45298253750334,-viio,1,6.52907533122938,5.45298253750334,0.0681715026415795
339,87,-vi,1,6.72421828845889,5.26832602886992,-vi,1,6.6204902660354,5.33052930106392,
339,88,-vii,1,4.00068466110953,5.18655150239105,-vii,1,4.00068466110953,5.18655150239105,
339,89,i,2,5.08527498042575,4.93666262653595,i,2,5.08527498042575,4.93666262653595,
339,90,iv,2,3.27745556605902,4.97469682440288,iv,2,3.27745556605902,4.97469682440288,
339,91,-vii,3,6.89085088417614,4.81247574766958,-vii,3,6.89085088417614,4.81247574766958,
,,,,,,,,,,
340,81,-iii,4,7.2706672863486,4.79876121807827,-iii,4,7.2706672863486,4.79876121807827,
340,82,-II,1,6.39378880999543,5.40396119496012,-II,1,6.39378880999543,5.40396119496012,
340,83,-II,1,5.00540633624959,5.44048428464702,-II,1,5.00540633624959,5.44048428464702,
340,84,-iii,2,6.7766771965543,5.16831836386541,-iii,2,6.7766771965543,5.16831836386541,
340,85,iv,1,6.18322182405577,5.40396119496012,iv,1,6.18322182405577,5.40396119496012,
340,86,#IV,1,6.4609038285878,5.45298253750334,-vio,1,6.52907533122938,5.45298253750334,0.0681715026415795
340,87,-vi,1,6.72421828845889,5.26832602886992,-vi,1,6.69394390422605,5.18671151421705,
340,88,-vii,1,4.00068466110953,5.18655150239105,-vii,1,4.00068466110953,5.18655150239105,
340,89,i,2,5.08527498042575,4.93666262653595,i,2,5.08527498042575,4.93666262653595,
340,90,iv,2,3.27745556605902,4.97469682440288,iv,2,3.27745556605902,4.97469682440288,
340,91,-vii,3,6.89085088417614,4.81247574766958,-vii,3,6.89085088417614,4.81247574766958,
,,,,,,,,,,
341,15,I,4,2.49873251161012,4.89695766762155,I,4,2.49873251161012,4.89695766762155,
341,16,iv,5,3.20664600669161,4.66342858519195,iv,5,3.20664600669161,4.66342858519195,
341,17,I,5,1.63555725111559,4.43169744819651,I,5,1.63555725111559,4.43169744819651,
341,18,#IV,6,7.55812278639041,4.28599880291646,#IV,6,7.55812278639041,4.28599880291646,
341,19,iv,2,7.46698727787462,3.19091740638423,iv,2,7.46698727787462,3.19091740638423,
341,20,-III,1,5.25061088482598,5.45298253750334,-VI,1,5.31977290933337,5.45298253750334,0.0691620245073956
341,21,I,2,5.11533565876399,5.33789410002533,I,2,5.43780755337442,5.19040854958852,
341,22,iv,3,5.49584581795407,4.80247879652896,iv,2,5.41990009141613,5.41934604014041,
341,23,I,3,4.28442698113964,5.01642805793056,I,3,2.35900966498426,5.00888933783981,
341,24,iv,3,3.28501200841588,5.12756237700192,iv,4,1.96331707252855,4.67449038833421,
341,25,I,4,2.62782675606846,4.99593757888795,I,5,1.99847587725639,4.7091278103885,
,,,,,,,,,,
342,23,I,3,4.28442698113964,5.01642805793056,I,3,4.28442698113964,5.01642805793056,
342,24,iv,3,3.28501200841588,5.12756237700192,iv,3,3.28501200841588,5.12756237700192,
342,25,I,4,2.62782675606846,4.99593757888795,I,4,2.62782675606846,4.99593757888795,
342,26,#IV,5,7.27233505431236,4.64934421436809,#IV,5,7.27233505431236,4.64934421436809,
342,27,iv,2,7.46698727787462,3.19091740638423,iv,2,7.46698727787462,3.19091740638423,
342,28,-VI,1,5.31977290933337,5.45298253750334,-III,1,5.25061088482598,5.45298253750334,0.0691620245073956
342,29,I,2,5.43780755337442,5.19040854958852,I,2,5.11533565876399,5.33789410002533,
342,30,I,2,4.33519713273102,5.41934604014041,I,3,1.99692915143018,4.80247879652896,
342,31,iv,3,4.83128580160429,5.36798749318986,iv,4,5.13460827904871,4.90621309634054,
342,32,I,4,3.93997197716702,4.65115140116723,I,4,4.00844886760007,4.63305236297188,
342,33,iv,4,2.35425588667656,4.70879800011142,iv,4,2.35425588667656,4.70879800011142,
,,,,,,,,,,
343,32,I,4,3.93997197716702,4.65115140116723,I,4,3.93997197716702,4.65115140116723,
343,33,iv,4,2.35425588667656,4.70879800011142,iv,4,2.35425588667656,4.70879800011142,
343,34,I,5,1.39232462394126,4.1767815461776,I,5,1.39232462394126,4.1767815461776,
343,35,#IV,6,7.41912539439768,4.48885900638762,#IV,6,7.41912539439768,4.48885900638762,
343,36,iv,2,7.46698727787462,3.19091740638423,iv,2,7.46698727787462,3.19091740638423,
343,37,-VI,1,5.31977290933337,5.45298253750334,-III,1,5.25061088482598,5.45298253750334,0.0691620245073956
343,38,I,2,5.43780755337442,5.19040854958852,I,2,5.11533565876399,5.33789410002533,
343,39,I,2,4.33519713273102,5.41934604014041,I,3,1.99692915143018,4.80247879652896,
343,40,I+,3,6.43398439287137,5.36798749318986,I+,4,6.78671722394872,4.90621309634054,
343,41,I,3,1.23060987917747,3.58387461067546,I,3,1.23060987917747,3.58387461067546,
343,42,iii,4,5.98492812162663,4.94787677837653,iii,4,5.98492812162663,4.94787677837653,
,,,,,,,,,,
344,61,I,4,4.06648165628245,4.79205003277203,I,4,4.06648165628245,4.79205003277203,
344,62,#IV,5,7.04988607715519,4.69930341512554,#IV,5,7.04988607715519,4.69930341512554,
344,63,VII,2,5.86348521659191,3.19091740638423,VII,2,5.86348521659191,3.19091740638423,
344,64,-iii,2,6.18311163009071,4.45248520163112,-iii,2,6.18311163009071,4.45248520163112,
344,65,-iii,2,6.98610868287465,4.6330856208257,-iii,2,6.98610868287465,4.6330856208257,
344,66,-vi,1,6.59233448937751,5.40396119496012,-iii,1,6.52307182694039,5.40396119496012,0.0692626624371133
344,67,#IV,1,6.60402569114554,5.18655150239105,#IV,1,6.50070401391194,5.40396119496012,
344,68,v,1,6.40702811257819,5.26832602886992,v,1,6.40702811257819,5.26832602886992,
344,69,i,1,5.04582678585244,5.40780748387603,i,1,5.04582678585244,5.40780748387603,
344,70,iv,2,4.44893493864514,5.28631663594942,iv,2,4.44893493864514,5.28631663594942,
344,71,-III,3,3.78247959356285,5.1053219814982,-III,3,3.78247959356285,5.1053219814982,
,,,,,,,,,,
345,82,-II,1,6.39378880999543,5.40396119496012,-II,1,6.39378880999543,5.40396119496012,
345,83,-II,1,5.00540633624959,5.44048428464702,-II,1,5.00540633624959,5.44048428464702,
345,84,-iii,2,6.7766771965543,5.16831836386541,-iii,2,6.7766771965543,5.16831836386541,
345,85,iv,1,6.18322182405577,5.40396119496012,iv,1,6.18322182405577,5.40396119496012,
345,86,#IV,1,6.4609038285878,5.45298253750334,#IV,1,6.4609038285878,5.45298253750334,
345,87,-vi,1,6.72421828845889,5.26832602886992,-iii,1,6.65495562602177,5.26832602886992,0.0692626624371133
345,88,-vii,1,4.00068466110953,5.18655150239105,-vii,1,6.39378880999543,5.40396119496012,
345,89,i,2,5.08527498042575,4.93666262653595,i,1,4.76449095393286,5.38946768503422,
345,90,iv,2,3.27745556605902,4.97469682440288,iv,2,3.27745556605902,4.97469682440288,
345,91,-vii,3,6.89085088417614,4.81247574766958,-vii,3,6.89085088417614,4.81247574766958,
345,92,-VI,2,5.45704502580042,4.72483603609195,-VI,2,5.45704502580042,4.72483603609195,
,,,,,,,,,,
346,91,-vii,3,6.89085088417614,4.81247574766958,-vii,3,6.89085088417614,4.81247574766958,
346,92,-VI,2,5.45704502580042,4.72483603609195,-VI,2,5.45704502580042,4.72483603609195,
346,93,-vi,2,6.3383993290159,5.16499410827579,-vi,2,6.3383993290159,5.16499410827579,
346,94,#IV,2,7.15255786947222,4.36051564243597,#IV,2,7.15255786947222,4.36051564243597,
346,95,#IV,1,4.74720653884321,5.26832602886992,#IV,1,4.74720653884321,5.26832602886992,
346,96,-vi,2,7.18908383683268,4.41656597700969,-iii,2,7.11982117439556,4.41656597700969,0.0692626624371133
346,97,-vii,1,4.00068466110953,5.18655150239105,-vii,1,6.39378880999543,5.40396119496012,
346,98,i,2,5.08527498042575,4.93666262653595,i,1,4.76449095393286,5.38946768503422,
346,99,iv,2,3.27745556605902,4.97469682440288,iv,2,3.27745556605902,4.97469682440288,
346,100,-vii,3,6.89085088417614,4.81247574766958,-vii,3,6.89085088417614,4.81247574766958,
346,101,-VI,2,5.45704502580042,4.72483603609195,-VI,2,5.45704502580042,4.72483603609195,
,,,,,,,,,,
347,154,-vii,3,6.89085088417614,4.81247574766958,-vii,3,6.89085088417614,4.81247574766958,
347,155,-VI,2,5.45704502580042,4.72483603609195,-VI,2,5.45704502580042,4.72483603609195,
347,156,-vi,2,6.3383993290159,5.16499410827579,-vi,2,6.3383993290159,5.16499410827579,
347,157,#IV,2,7.15255786947222,4.36051564243597,#IV,2,7.15255786947222,4.36051564243597,
347,158,#IV,1,4.74720653884321,5.26832602886992,#IV,1,4.74720653884321,5.26832602886992,
347,159,-vi,2,7.18908383683268,4.41656597700969,-iii,2,7.11982117439556,4.41656597700969,0.0692626624371133
347,160,-vii,1,4.00068466110953,5.18655150239105,-vii,1,6.39378880999543,5.40396119496012,
347,161,i,2,5.08527498042575,4.93666262653595,i,1,4.76449095393286,5.38946768503422,
347,162,r,2,3.1525055960188,4.97469682440288,r,2,3.1525055960188,4.97469682440288,
347,163,r,2,1.71736353267208,3.74300594358816,r,2,1.71736353267208,3.74300594358816,
,,,,,,,,,,
348,60,ii,3,3.12332133618508,4.96125786289468,ii,3,3.12332133618508,4.96125786289468,
348,61,I,4,4.06648165628245,4.79205003277203,I,4,4.06648165628245,4.79205003277203,
348,62,#IV,5,7.04988607715519,4.69930341512554,#IV,5,7.04988607715519,4.69930341512554,
348,63,VII,2,5.86348521659191,3.19091740638423,VII,2,5.86348521659191,3.19091740638423,
348,64,-iii,2,6.18311163009071,4.45248520163112,-iii,2,6.18311163009071,4.45248520163112,
348,65,-iii,2,6.98610868287465,4.6330856208257,#vo,2,7.05537134531177,4.6330856208257,0.0692626624371142
348,66,-vi,1,6.59233448937751,5.40396119496012,-vi,1,7.17238651891522,3.85301464768299,
348,67,#IV,1,6.60402569114554,5.18655150239105,#IV,1,6.60402569114554,5.18655150239105,
348,68,v,1,6.40702811257819,5.26832602886992,v,1,6.40702811257819,5.26832602886992,
348,69,i,1,5.04582678585244,5.40780748387603,i,1,5.04582678585244,5.40780748387603,
348,70,iv,2,4.44893493864514,5.28631663594942,iv,2,4.44893493864514,5.28631663594942,
,,,,,,,,,,
349,60,ii,3,3.12332133618508,4.96125786289468,ii,3,3.12332133618508,4.96125786289468,
349,61,I,4,4.06648165628245,4.79205003277203,I,4,4.06648165628245,4.79205003277203,
349,62,#IV,5,7.04988607715519,4.69930341512554,#IV,5,7.04988607715519,4.69930341512554,
349,63,VII,2,5.86348521659191,3.19091740638423,VII,2,5.86348521659191,3.19091740638423,
349,64,-iii,2,6.18311163009071,4.45248520163112,-iii,2,6.18311163009071,4.45248520163112,
349,65,-iii,2,6.98610868287465,4.6330856208257,#V,2,7.05537134531177,4.6330856208257,0.0692626624371142
349,66,-vi,1,6.59233448937751,5.40396119496012,-vi,1,6.76926881331998,5.10960237410195,
349,67,#IV,1,6.60402569114554,5.18655150239105,#IV,1,6.60402569114554,5.18655150239105,
349,68,v,1,6.40702811257819,5.26832602886992,v,1,6.40702811257819,5.26832602886992,
349,69,i,1,5.04582678585244,5.40780748387603,i,1,5.04582678585244,5.40780748387603,
349,70,iv,2,4.44893493864514,5.28631663594942,iv,2,4.44893493864514,5.28631663594942,
,,,,,,,,,,
350,60,ii,3,3.12332133618508,4.96125786289468,ii,3,3.12332133618508,4.96125786289468,
350,61,I,4,4.06648165628245,4.79205003277203,I,4,4.06648165628245,4.79205003277203,
350,62,#IV,5,7.04988607715519,4.69930341512554,#IV,5,7.04988607715519,4.69930341512554,
350,63,VII,2,5.86348521659191,3.19091740638423,VII,2,5.86348521659191,3.19091740638423,
350,64,-iii,2,6.18311163009071,4.45248520163112,-iii,2,6.18311163009071,4.45248520163112,
350,65,-iii,2,6.98610868287465,4.6330856208257,I+,2,7.05537134531177,4.6330856208257,0.0692626624371142
350,66,-vi,1,6.59233448937751,5.40396119496012,-vi,1,6.82122507589797,4.95076396652624,
350,67,#IV,1,6.60402569114554,5.18655150239105,#IV,1,6.60402569114554,5.18655150239105,
350,68,v,1,6.40702811257819,5.26832602886992,v,1,6.40702811257819,5.26832602886992,
350,69,i,1,5.04582678585244,5.40780748387603,i,1,5.04582678585244,5.40780748387603,
350,70,iv,2,4.44893493864514,5.28631663594942,iv,2,4.44893493864514,5.28631663594942,
,,,,,,,,,,
351,60,ii,3,3.12332133618508,4.96125786289468,ii,3,3.12332133618508,4.96125786289468,
351,61,I,4,4.06648165628245,4.79205003277203,I,4,4.06648165628245,4.79205003277203,
351,62,#IV,5,7.04988607715519,4.69930341512554,#IV,5,7.04988607715519,4.69930341512554,
351,63,VII,2,5.86348521659191,3.19091740638423,VII,2,5.86348521659191,3.19091740638423,
351,64,-iii,2,6.18311163009071,4.45248520163112,-iii,2,6.18311163009071,4.45248520163112,
351,65,-iii,2,6.98610868287465,4.6330856208257,-ii,2,7.05537134531177,4.6330856208257,0.0692626624371142
351,66,-vi,1,6.59233448937751,5.40396119496012,-vi,1,6.77446304050023,5.10820539629235,
351,67,#IV,1,6.60402569114554,5.18655150239105,#IV,1,6.60402569114554,5.18655150239105,
351,68,v,1,6.40702811257819,5.26832602886992,v,1,6.40702811257819,5.26832602886992,
351,69,i,1,5.04582678585244,5.40780748387603,i,1,5.04582678585244,5.40780748387603,
351,70,iv,2,4.44893493864514,5.28631663594942,iv,2,4.44893493864514,5.28631663594942,
,,,,,,,,,,
352,60,ii,3,3.12332133618508,4.96125786289468,ii,3,3.12332133618508,4.96125786289468,
352,61,I,4,4.06648165628245,4.79205003277203,I,4,4.06648165628245,4.79205003277203,
352,62,#IV,5,7.04988607715519,4.69930341512554,#IV,5,7.04988607715519,4.69930341512554,
352,63,VII,2,5.86348521659191,3.19091740638423,VII,2,5.86348521659191,3.19091740638423,
352,64,-iii,2,6.18311163009071,4.45248520163112,-iii,2,6.18311163009071,4.45248520163112,
352,65,-iii,2,6.98610868287465,4.6330856208257,-vi,2,7.05537134531177,4.6330856208257,0.0692626624371142
352,66,-vi,1,6.59233448937751,5.40396119496012,-vi,1,6.69565616661111,5.18655150239105,
352,67,#IV,1,6.60402569114554,5.18655150239105,#IV,1,6.60402569114554,5.18655150239105,
352,68,v,1,6.40702811257819,5.26832602886992,v,1,6.40702811257819,5.26832602886992,
352,69,i,1,5.04582678585244,5.40780748387603,i,1,5.04582678585244,5.40780748387603,
352,70,iv,2,4.44893493864514,5.28631663594942,iv,2,4.44893493864514,5.28631663594942,
,,,,,,,,,,
353,60,ii,3,3.12332133618508,4.96125786289468,ii,3,3.12332133618508,4.96125786289468,
353,61,I,4,4.06648165628245,4.79205003277203,I,4,4.06648165628245,4.79205003277203,
353,62,#IV,5,7.04988607715519,4.69930341512554,#IV,5,7.04988607715519,4.69930341512554,
353,63,VII,2,5.86348521659191,3.19091740638423,VII,2,5.86348521659191,3.19091740638423,
353,64,-iii,2,6.18311163009071,4.45248520163112,-iii,2,6.18311163009071,4.45248520163112,
353,65,-iii,2,6.98610868287465,4.6330856208257,-I,2,7.05537134531177,4.6330856208257,0.0692626624371142
353,66,-vi,1,6.59233448937751,5.40396119496012,-vi,1,6.62744418229714,5.22022618407369,
353,67,#IV,1,6.60402569114554,5.18655150239105,#IV,1,6.60402569114554,5.18655150239105,
353,68,v,1,6.40702811257819,5.26832602886992,v,1,6.40702811257819,5.26832602886992,
353,69,i,1,5.04582678585244,5.40780748387603,i,1,5.04582678585244,5.40780748387603,
353,70,iv,2,4.44893493864514,5.28631663594942,iv,2,4.44893493864514,5.28631663594942,
,,,,,,,,,,
354,67,#IV,1,6.60402569114554,5.18655150239105,#IV,1,6.60402569114554,5.18655150239105,
354,68,v,1,6.40702811257819,5.26832602886992,v,1,6.40702811257819,5.26832602886992,
354,69,i,1,5.04582678585244,5.40780748387603,i,1,5.04582678585244,5.40780748387603,
354,70,iv,2,4.44893493864514,5.28631663594942,iv,2,4.44893493864514,5.28631663594942,
354,71,-III,3,3.78247959356285,5.1053219814982,-III,3,3.78247959356285,5.1053219814982,
354,72,-iii,4,7.2706672863486,4.79876121807827,#vo,4,7.33992994878571,4.79876121807827,0.0692626624371142
354,73,-II,1,6.39378880999543,5.40396119496012,-II,1,6.97384083953315,3.85301464768299,
354,74,-II,1,5.00540633624959,5.44048428464702,-II,1,5.00540633624959,5.44048428464702,
354,75,-iii,2,6.7766771965543,5.16831836386541,-iii,2,6.7766771965543,5.16831836386541,
354,76,iv,1,6.18322182405577,5.40396119496012,iv,1,6.18322182405577,5.40396119496012,
354,77,v,1,5.03569244506737,5.45298253750334,v,1,5.03569244506737,5.45298253750334,
,,,,,,,,,,
355,67,#IV,1,6.60402569114554,5.18655150239105,#IV,1,6.60402569114554,5.18655150239105,
355,68,v,1,6.40702811257819,5.26832602886992,v,1,6.40702811257819,5.26832602886992,
355,69,i,1,5.04582678585244,5.40780748387603,i,1,5.04582678585244,5.40780748387603,
355,70,iv,2,4.44893493864514,5.28631663594942,iv,2,4.44893493864514,5.28631663594942,
355,71,-III,3,3.78247959356285,5.1053219814982,-III,3,3.78247959356285,5.1053219814982,
355,72,-iii,4,7.2706672863486,4.79876121807827,#V,4,7.33992994878571,4.79876121807827,0.0692626624371142
355,73,-II,1,6.39378880999543,5.40396119496012,-II,1,6.5707231339379,5.10960237410195,
355,74,-II,1,5.00540633624959,5.44048428464702,-II,1,5.00540633624959,5.44048428464702,
355,75,-iii,2,6.7766771965543,5.16831836386541,-iii,2,6.7766771965543,5.16831836386541,
355,76,iv,1,6.18322182405577,5.40396119496012,iv,1,6.18322182405577,5.40396119496012,
355,77,v,1,5.03569244506737,5.45298253750334,v,1,5.03569244506737,5.45298253750334,
,,,,,,,,,,
356,67,#IV,1,6.60402569114554,5.18655150239105,#IV,1,6.60402569114554,5.18655150239105,
356,68,v,1,6.40702811257819,5.26832602886992,v,1,6.40702811257819,5.26832602886992,
356,69,i,1,5.04582678585244,5.40780748387603,i,1,5.04582678585244,5.40780748387603,
356,70,iv,2,4.44893493864514,5.28631663594942,iv,2,4.44893493864514,5.28631663594942,
356,71,-III,3,3.78247959356285,5.1053219814982,-III,3,3.78247959356285,5.1053219814982,
356,72,-iii,4,7.2706672863486,4.79876121807827,I+,4,7.33992994878571,4.79876121807827,0.0692626624371142
356,73,-II,1,6.39378880999543,5.40396119496012,-II,1,6.62267939651589,4.95076396652624,
356,74,-II,1,5.00540633624959,5.44048428464702,-II,1,5.00540633624959,5.44048428464702,
356,75,-iii,2,6.7766771965543,5.16831836386541,-iii,2,6.7766771965543,5.16831836386541,
356,76,iv,1,6.18322182405577,5.40396119496012,iv,1,6.18322182405577,5.40396119496012,
356,77,v,1,5.03569244506737,5.45298253750334,v,1,5.03569244506737,5.45298253750334,
,,,,,,,,,,
357,67,#IV,1,6.60402569114554,5.18655150239105,#IV,1,6.60402569114554,5.18655150239105,
357,68,v,1,6.40702811257819,5.26832602886992,v,1,6.40702811257819,5.26832602886992,
357,69,i,1,5.04582678585244,5.40780748387603,i,1,5.04582678585244,5.40780748387603,
357,70,iv,2,4.44893493864514,5.28631663594942,iv,2,4.44893493864514,5.28631663594942,
357,71,-III,3,3.78247959356285,5.1053219814982,-III,3,3.78247959356285,5.1053219814982,
357,72,-iii,4,7.2706672863486,4.79876121807827,-ii,4,7.33992994878571,4.79876121807827,0.0692626624371142
357,73,-II,1,6.39378880999543,5.40396119496012,-II,1,6.57591736111815,5.10820539629235,
357,74,-II,1,5.00540633624959,5.44048428464702,-II,1,5.00540633624959,5.44048428464702,
357,75,-iii,2,6.7766771965543,5.16831836386541,-iii,2,6.7766771965543,5.16831836386541,
357,76,iv,1,6.18322182405577,5.40396119496012,iv,1,6.18322182405577,5.40396119496012,
357,77,v,1,5.03569244506737,5.45298253750334,v,1,5.03569244506737,5.45298253750334,
,,,,,,,,,,
358,67,#IV,1,6.60402569114554,5.18655150239105,#IV,1,6.60402569114554,5.18655150239105,
358,68,v,1,6.40702811257819,5.26832602886992,v,1,6.40702811257819,5.26832602886992,
358,69,i,1,5.04582678585244,5.40780748387603,i,1,5.04582678585244,5.40780748387603,
358,70,iv,2,4.44893493864514,5.28631663594942,iv,2,4.44893493864514,5.28631663594942,
358,71,-III,3,3.78247959356285,5.1053219814982,-III,3,3.78247959356285,5.1053219814982,
358,72,-iii,4,7.2706672863486,4.79876121807827,-vi,4,7.33992994878571,4.79876121807827,0.0692626624371142
358,73,-II,1,6.39378880999543,5.40396119496012,-II,1,6.49711048722903,5.18655150239105,
358,74,-II,1,5.00540633624959,5.44048428464702,-II,1,5.00540633624959,5.44048428464702,
358,75,-iii,2,6.7766771965543,5.16831836386541,-iii,2,6.7766771965543,5.16831836386541,
358,76,iv,1,6.18322182405577,5.40396119496012,iv,1,6.18322182405577,5.40396119496012,
358,77,v,1,5.03569244506737,5.45298253750334,v,1,5.03569244506737,5.45298253750334,
,,,,,,,,,,
359,67,#IV,1,6.60402569114554,5.18655150239105,#IV,1,6.60402569114554,5.18655150239105,
359,68,v,1,6.40702811257819,5.26832602886992,v,1,6.40702811257819,5.26832602886992,
359,69,i,1,5.04582678585244,5.40780748387603,i,1,5.04582678585244,5.40780748387603,
359,70,iv,2,4.44893493864514,5.28631663594942,iv,2,4.44893493864514,5.28631663594942,
359,71,-III,3,3.78247959356285,5.1053219814982,-III,3,3.78247959356285,5.1053219814982,
359,72,-iii,4,7.2706672863486,4.79876121807827,-I,4,7.33992994878571,4.79876121807827,0.0692626624371142
359,73,-II,1,6.39378880999543,5.40396119496012,-II,1,6.42889850291506,5.22022618407369,
359,74,-II,1,5.00540633624959,5.44048428464702,-II,1,5.00540633624959,5.44048428464702,
359,75,-iii,2,6.7766771965543,5.16831836386541,-iii,2,6.7766771965543,5.16831836386541,
359,76,iv,1,6.18322182405577,5.40396119496012,iv,1,6.18322182405577,5.40396119496012,
359,77,v,1,5.03569244506737,5.45298253750334,v,1,5.03569244506737,5.45298253750334,
,,,,,,,,,,
360,70,iv,2,4.44893493864514,5.28631663594942,iv,2,4.44893493864514,5.28631663594942,
360,71,-III,3,3.78247959356285,5.1053219814982,-III,3,3.78247959356285,5.1053219814982,
360,72,-iii,4,7.2706672863486,4.79876121807827,-iii,4,7.2706672863486,4.79876121807827,
360,73,-II,1,6.39378880999543,5.40396119496012,-II,1,6.39378880999543,5.40396119496012,
360,74,-II,1,5.00540633624959,5.44048428464702,-II,1,5.00540633624959,5.44048428464702,
360,75,-iii,2,6.7766771965543,5.16831836386541,#vo,2,6.84593985899141,5.16831836386541,0.0692626624371142
360,76,iv,1,6.18322182405577,5.40396119496012,iv,1,6.76327385359349,3.85301464768299,
360,77,v,1,5.03569244506737,5.45298253750334,v,1,5.03569244506737,5.45298253750334,
360,78,i,2,4.12906689482177,5.18762847529485,i,2,4.12906689482177,5.18762847529485,
360,79,iv,3,3.69985452108245,4.82022148031579,iv,3,3.69985452108245,4.82022148031579,
360,80,-III,4,4.33470413158456,4.148277617094,-III,4,4.33470413158456,4.148277617094,
,,,,,,,,,,
361,70,iv,2,4.44893493864514,5.28631663594942,iv,2,4.44893493864514,5.28631663594942,
361,71,-III,3,3.78247959356285,5.1053219814982,-III,3,3.78247959356285,5.1053219814982,
361,72,-iii,4,7.2706672863486,4.79876121807827,-iii,4,7.2706672863486,4.79876121807827,
361,73,-II,1,6.39378880999543,5.40396119496012,-II,1,6.39378880999543,5.40396119496012,
361,74,-II,1,5.00540633624959,5.44048428464702,-II,1,5.00540633624959,5.44048428464702,
361,75,-iii,2,6.7766771965543,5.16831836386541,#V,2,6.84593985899141,5.16831836386541,0.0692626624371142
361,76,iv,1,6.18322182405577,5.40396119496012,iv,1,6.36015614799824,5.10960237410195,
361,77,v,1,5.03569244506737,5.45298253750334,v,1,5.03569244506737,5.45298253750334,
361,78,i,2,4.12906689482177,5.18762847529485,i,2,4.12906689482177,5.18762847529485,
361,79,iv,3,3.69985452108245,4.82022148031579,iv,3,3.69985452108245,4.82022148031579,
361,80,-III,4,4.33470413158456,4.148277617094,-III,4,4.33470413158456,4.148277617094,
,,,,,,,,,,
362,70,iv,2,4.44893493864514,5.28631663594942,iv,2,4.44893493864514,5.28631663594942,
362,71,-III,3,3.78247959356285,5.1053219814982,-III,3,3.78247959356285,5.1053219814982,
362,72,-iii,4,7.2706672863486,4.79876121807827,-iii,4,7.2706672863486,4.79876121807827,
362,73,-II,1,6.39378880999543,5.40396119496012,-II,1,6.39378880999543,5.40396119496012,
362,74,-II,1,5.00540633624959,5.44048428464702,-II,1,5.00540633624959,5.44048428464702,
362,75,-iii,2,6.7766771965543,5.16831836386541,I+,2,6.84593985899141,5.16831836386541,0.0692626624371142
362,76,iv,1,6.18322182405577,5.40396119496012,iv,1,6.41211241057623,4.95076396652624,
362,77,v,1,5.03569244506737,5.45298253750334,v,1,5.03569244506737,5.45298253750334,
362,78,i,2,4.12906689482177,5.18762847529485,i,2,4.12906689482177,5.18762847529485,
362,79,iv,3,3.69985452108245,4.82022148031579,iv,3,3.69985452108245,4.82022148031579,
362,80,-III,4,4.33470413158456,4.148277617094,-III,4,4.33470413158456,4.148277617094,
,,,,,,,,,,
363,70,iv,2,4.44893493864514,5.28631663594942,iv,2,4.44893493864514,5.28631663594942,
363,71,-III,3,3.78247959356285,5.1053219814982,-III,3,3.78247959356285,5.1053219814982,
363,72,-iii,4,7.2706672863486,4.79876121807827,-iii,4,7.2706672863486,4.79876121807827,
363,73,-II,1,6.39378880999543,5.40396119496012,-II,1,6.39378880999543,5.40396119496012,
363,74,-II,1,5.00540633624959,5.44048428464702,-II,1,5.00540633624959,5.44048428464702,
363,75,-iii,2,6.7766771965543,5.16831836386541,-ii,2,6.84593985899141,5.16831836386541,0.0692626624371142
363,76,iv,1,6.18322182405577,5.40396119496012,iv,1,4.02220579438143,5.10820539629235,
363,77,v,1,5.03569244506737,5.45298253750334,v,2,5.30659011893573,5.11136583973127,
363,78,i,2,4.12906689482177,5.18762847529485,i,2,4.12906689482177,5.18762847529485,
363,79,iv,3,3.69985452108245,4.82022148031579,iv,3,3.69985452108245,4.82022148031579,
363,80,-III,4,4.33470413158456,4.148277617094,-III,4,4.33470413158456,4.148277617094,
,,,,,,,,,,
364,70,iv,2,4.44893493864514,5.28631663594942,iv,2,4.44893493864514,5.28631663594942,
364,71,-III,3,3.78247959356285,5.1053219814982,-III,3,3.78247959356285,5.1053219814982,
364,72,-iii,4,7.2706672863486,4.79876121807827,-iii,4,7.2706672863486,4.79876121807827,
364,73,-II,1,6.39378880999543,5.40396119496012,-II,1,6.39378880999543,5.40396119496012,
364,74,-II,1,5.00540633624959,5.44048428464702,-II,1,5.00540633624959,5.44048428464702,
364,75,-iii,2,6.7766771965543,5.16831836386541,-vi,2,6.84593985899141,5.16831836386541,0.0692626624371142
364,76,iv,1,6.18322182405577,5.40396119496012,iv,1,6.28654350128937,5.18655150239105,
364,77,v,1,5.03569244506737,5.45298253750334,v,1,5.03569244506737,5.45298253750334,
364,78,i,2,4.12906689482177,5.18762847529485,i,2,4.12906689482177,5.18762847529485,
364,79,iv,3,3.69985452108245,4.82022148031579,iv,3,3.69985452108245,4.82022148031579,
364,80,-III,4,4.33470413158456,4.148277617094,-III,4,4.33470413158456,4.148277617094,
,,,,,,,,,,
365,76,iv,1,6.18322182405577,5.40396119496012,iv,1,6.18322182405577,5.40396119496012,
365,77,v,1,5.03569244506737,5.45298253750334,v,1,5.03569244506737,5.45298253750334,
365,78,i,2,4.12906689482177,5.18762847529485,i,2,4.12906689482177,5.18762847529485,
365,79,iv,3,3.69985452108245,4.82022148031579,iv,3,3.69985452108245,4.82022148031579,
365,80,-III,4,4.33470413158456,4.148277617094,-III,4,4.33470413158456,4.148277617094,
365,81,-iii,4,7.2706672863486,4.79876121807827,#vo,4,7.33992994878571,4.79876121807827,0.0692626624371142
365,82,-II,1,6.39378880999543,5.40396119496012,-II,1,6.97384083953315,3.85301464768299,
365,83,-II,1,5.00540633624959,5.44048428464702,-II,1,5.00540633624959,5.44048428464702,
365,84,-iii,2,6.7766771965543,5.16831836386541,-iii,2,6.7766771965543,5.16831836386541,
365,85,iv,1,6.18322182405577,5.40396119496012,iv,1,6.18322182405577,5.40396119496012,
365,86,#IV,1,6.4609038285878,5.45298253750334,#IV,1,6.4609038285878,5.45298253750334,
,,,,,,,,,,
366,76,iv,1,6.18322182405577,5.40396119496012,iv,1,6.18322182405577,5.40396119496012,
366,77,v,1,5.03569244506737,5.45298253750334,v,1,5.03569244506737,5.45298253750334,
366,78,i,2,4.12906689482177,5.18762847529485,i,2,4.12906689482177,5.18762847529485,
366,79,iv,3,3.69985452108245,4.82022148031579,iv,3,3.69985452108245,4.82022148031579,
366,80,-III,4,4.33470413158456,4.148277617094,-III,4,4.33470413158456,4.148277617094,
366,81,-iii,4,7.2706672863486,4.79876121807827,#V,4,7.33992994878571,4.79876121807827,0.0692626624371142
366,82,-II,1,6.39378880999543,5.40396119496012,-II,1,6.5707231339379,5.10960237410195,
366,83,-II,1,5.00540633624959,5.44048428464702,-II,1,5.00540633624959,5.44048428464702,
366,84,-iii,2,6.7766771965543,5.16831836386541,-iii,2,6.7766771965543,5.16831836386541,
366,85,iv,1,6.18322182405577,5.40396119496012,iv,1,6.18322182405577,5.40396119496012,
366,86,#IV,1,6.4609038285878,5.45298253750334,#IV,1,6.4609038285878,5.45298253750334,
,,,,,,,,,,
367,76,iv,1,6.18322182405577,5.40396119496012,iv,1,6.18322182405577,5.40396119496012,
367,77,v,1,5.03569244506737,5.45298253750334,v,1,5.03569244506737,5.45298253750334,
367,78,i,2,4.12906689482177,5.18762847529485,i,2,4.12906689482177,5.18762847529485,
367,79,iv,3,3.69985452108245,4.82022148031579,iv,3,3.69985452108245,4.82022148031579,
367,80,-III,4,4.33470413158456,4.148277617094,-III,4,4.33470413158456,4.148277617094,
367,81,-iii,4,7.2706672863486,4.79876121807827,I+,4,7.33992994878571,4.79876121807827,0.0692626624371142
367,82,-II,1,6.39378880999543,5.40396119496012,-II,1,6.62267939651589,4.95076396652624,
367,83,-II,1,5.00540633624959,5.44048428464702,-II,1,5.00540633624959,5.44048428464702,
367,84,-iii,2,6.7766771965543,5.16831836386541,-iii,2,6.7766771965543,5.16831836386541,
367,85,iv,1,6.18322182405577,5.40396119496012,iv,1,6.18322182405577,5.40396119496012,
367,86,#IV,1,6.4609038285878,5.45298253750334,#IV,1,6.4609038285878,5.45298253750334,
,,,,,,,,,,
368,76,iv,1,6.18322182405577,5.40396119496012,iv,1,6.18322182405577,5.40396119496012,
368,77,v,1,5.03569244506737,5.45298253750334,v,1,5.03569244506737,5.45298253750334,
368,78,i,2,4.12906689482177,5.18762847529485,i,2,4.12906689482177,5.18762847529485,
368,79,iv,3,3.69985452108245,4.82022148031579,iv,3,3.69985452108245,4.82022148031579,
368,80,-III,4,4.33470413158456,4.148277617094,-III,4,4.33470413158456,4.148277617094,
368,81,-iii,4,7.2706672863486,4.79876121807827,-ii,4,7.33992994878571,4.79876121807827,0.0692626624371142
368,82,-II,1,6.39378880999543,5.40396119496012,-II,1,6.57591736111815,5.10820539629235,
368,83,-II,1,5.00540633624959,5.44048428464702,-II,1,5.00540633624959,5.44048428464702,
368,84,-iii,2,6.7766771965543,5.16831836386541,-iii,2,6.7766771965543,5.16831836386541,
368,85,iv,1,6.18322182405577,5.40396119496012,iv,1,6.18322182405577,5.40396119496012,
368,86,#IV,1,6.4609038285878,5.45298253750334,#IV,1,6.4609038285878,5.45298253750334,
,,,,,,,,,,
369,76,iv,1,6.18322182405577,5.40396119496012,iv,1,6.18322182405577,5.40396119496012,
369,77,v,1,5.03569244506737,5.45298253750334,v,1,5.03569244506737,5.45298253750334,
369,78,i,2,4.12906689482177,5.18762847529485,i,2,4.12906689482177,5.18762847529485,
369,79,iv,3,3.69985452108245,4.82022148031579,iv,3,3.69985452108245,4.82022148031579,
369,80,-III,4,4.33470413158456,4.148277617094,-III,4,4.33470413158456,4.148277617094,
369,81,-iii,4,7.2706672863486,4.79876121807827,-vi,4,7.33992994878571,4.79876121807827,0.0692626624371142
369,82,-II,1,6.39378880999543,5.40396119496012,-II,1,6.49711048722903,5.18655150239105,
369,83,-II,1,5.00540633624959,5.44048428464702,-II,1,5.00540633624959,5.44048428464702,
369,84,-iii,2,6.7766771965543,5.16831836386541,-iii,2,6.7766771965543,5.16831836386541,
369,85,iv,1,6.18322182405577,5.40396119496012,iv,1,6.18322182405577,5.40396119496012,
369,86,#IV,1,6.4609038285878,5.45298253750334,#IV,1,6.4609038285878,5.45298253750334,
,,,,,,,,,,
370,76,iv,1,6.18322182405577,5.40396119496012,iv,1,6.18322182405577,5.40396119496012,
370,77,v,1,5.03569244506737,5.45298253750334,v,1,5.03569244506737,5.45298253750334,
370,78,i,2,4.12906689482177,5.18762847529485,i,2,4.12906689482177,5.18762847529485,
370,79,iv,3,3.69985452108245,4.82022148031579,iv,3,3.69985452108245,4.82022148031579,
370,80,-III,4,4.33470413158456,4.148277617094,-III,4,4.33470413158456,4.148277617094,
370,81,-iii,4,7.2706672863486,4.79876121807827,-I,4,7.33992994878571,4.79876121807827,0.0692626624371142
370,82,-II,1,6.39378880999543,5.40396119496012,-II,1,6.42889850291506,5.22022618407369,
370,83,-II,1,5.00540633624959,5.44048428464702,-II,1,5.00540633624959,5.44048428464702,
370,84,-iii,2,6.7766771965543,5.16831836386541,-iii,2,6.7766771965543,5.16831836386541,
370,85,iv,1,6.18322182405577,5.40396119496012,iv,1,6.18322182405577,5.40396119496012,
370,86,#IV,1,6.4609038285878,5.45298253750334,#IV,1,6.4609038285878,5.45298253750334,
,,,,,,,,,,
371,79,iv,3,3.69985452108245,4.82022148031579,iv,3,3.69985452108245,4.82022148031579,
371,80,-III,4,4.33470413158456,4.148277617094,-III,4,4.33470413158456,4.148277617094,
371,81,-iii,4,7.2706672863486,4.79876121807827,-iii,4,7.2706672863486,4.79876121807827,
371,82,-II,1,6.39378880999543,5.40396119496012,-II,1,6.39378880999543,5.40396119496012,
371,83,-II,1,5.00540633624959,5.44048428464702,-II,1,5.00540633624959,5.44048428464702,
371,84,-iii,2,6.7766771965543,5.16831836386541,#vo,2,6.84593985899141,5.16831836386541,0.0692626624371142
371,85,iv,1,6.18322182405577,5.40396119496012,iv,1,6.76327385359349,3.85301464768299,
371,86,#IV,1,6.4609038285878,5.45298253750334,#IV,1,6.4609038285878,5.45298253750334,
371,87,-vi,1,6.72421828845889,5.26832602886992,-vi,1,6.72421828845889,5.26832602886992,
371,88,-vii,1,4.00068466110953,5.18655150239105,-vii,1,4.00068466110953,5.18655150239105,
371,89,i,2,5.08527498042575,4.93666262653595,i,2,5.08527498042575,4.93666262653595,
,,,,,,,,,,
372,79,iv,3,3.69985452108245,4.82022148031579,iv,3,3.69985452108245,4.82022148031579,
372,80,-III,4,4.33470413158456,4.148277617094,-III,4,4.33470413158456,4.148277617094,
372,81,-iii,4,7.2706672863486,4.79876121807827,-iii,4,7.2706672863486,4.79876121807827,
372,82,-II,1,6.39378880999543,5.40396119496012,-II,1,6.39378880999543,5.40396119496012,
372,83,-II,1,5.00540633624959,5.44048428464702,-II,1,5.00540633624959,5.44048428464702,
372,84,-iii,2,6.7766771965543,5.16831836386541,#V,2,6.84593985899141,5.16831836386541,0.0692626624371142
372,85,iv,1,6.18322182405577,5.40396119496012,iv,1,6.36015614799824,5.10960237410195,
372,86,#IV,1,6.4609038285878,5.45298253750334,#IV,1,6.4609038285878,5.45298253750334,
372,87,-vi,1,6.72421828845889,5.26832602886992,-vi,1,6.72421828845889,5.26832602886992,
372,88,-vii,1,4.00068466110953,5.18655150239105,-vii,1,4.00068466110953,5.18655150239105,
372,89,i,2,5.08527498042575,4.93666262653595,i,2,5.08527498042575,4.93666262653595,
,,,,,,,,,,
373,79,iv,3,3.69985452108245,4.82022148031579,iv,3,3.69985452108245,4.82022148031579,
373,80,-III,4,4.33470413158456,4.148277617094,-III,4,4.33470413158456,4.148277617094,
373,81,-iii,4,7.2706672863486,4.79876121807827,-iii,4,7.2706672863486,4.79876121807827,
373,82,-II,1,6.39378880999543,5.40396119496012,-II,1,6.39378880999543,5.40396119496012,
373,83,-II,1,5.00540633624959,5.44048428464702,-II,1,5.00540633624959,5.44048428464702,
373,84,-iii,2,6.7766771965543,5.16831836386541,I+,2,6.84593985899141,5.16831836386541,0.0692626624371142
373,85,iv,1,6.18322182405577,5.40396119496012,iv,1,6.41211241057623,4.95076396652624,
373,86,#IV,1,6.4609038285878,5.45298253750334,#IV,1,6.4609038285878,5.45298253750334,
373,87,-vi,1,6.72421828845889,5.26832602886992,-vi,1,6.72421828845889,5.26832602886992,
373,88,-vii,1,4.00068466110953,5.18655150239105,-vii,1,4.00068466110953,5.18655150239105,
373,89,i,2,5.08527498042575,4.93666262653595,i,2,5.08527498042575,4.93666262653595,
,,,,,,,,,,
374,79,iv,3,3.69985452108245,4.82022148031579,iv,3,3.69985452108245,4.82022148031579,
374,80,-III,4,4.33470413158456,4.148277617094,-III,4,4.33470413158456,4.148277617094,
374,81,-iii,4,7.2706672863486,4.79876121807827,-iii,4,7.2706672863486,4.79876121807827,
374,82,-II,1,6.39378880999543,5.40396119496012,-II,1,6.39378880999543,5.40396119496012,
374,83,-II,1,5.00540633624959,5.44048428464702,-II,1,5.00540633624959,5.44048428464702,
374,84,-iii,2,6.7766771965543,5.16831836386541,-ii,2,6.84593985899141,5.16831836386541,0.0692626624371142
374,85,iv,1,6.18322182405577,5.40396119496012,iv,1,4.02220579438143,5.10820539629235,
374,86,#IV,1,6.4609038285878,5.45298253750334,#IV,2,6.73180150245616,5.11136583973127,
374,87,-vi,1,6.72421828845889,5.26832602886992,-vi,1,6.72421828845889,5.26832602886992,
374,88,-vii,1,4.00068466110953,5.18655150239105,-vii,1,4.00068466110953,5.18655150239105,
374,89,i,2,5.08527498042575,4.93666262653595,i,2,5.08527498042575,4.93666262653595,
,,,,,,,,,,
375,79,iv,3,3.69985452108245,4.82022148031579,iv,3,3.69985452108245,4.82022148031579,
375,80,-III,4,4.33470413158456,4.148277617094,-III,4,4.33470413158456,4.148277617094,
375,81,-iii,4,7.2706672863486,4.79876121807827,-iii,4,7.2706672863486,4.79876121807827,
375,82,-II,1,6.39378880999543,5.40396119496012,-II,1,6.39378880999543,5.40396119496012,
375,83,-II,1,5.00540633624959,5.44048428464702,-II,1,5.00540633624959,5.44048428464702,
375,84,-iii,2,6.7766771965543,5.16831836386541,-vi,2,6.84593985899141,5.16831836386541,0.0692626624371142
375,85,iv,1,6.18322182405577,5.40396119496012,iv,1,6.28654350128937,5.18655150239105,
375,86,#IV,1,6.4609038285878,5.45298253750334,#IV,1,6.4609038285878,5.45298253750334,
375,87,-vi,1,6.72421828845889,5.26832602886992,-vi,1,6.72421828845889,5.26832602886992,
375,88,-vii,1,4.00068466110953,5.18655150239105,-vii,1,4.00068466110953,5.18655150239105,
375,89,i,2,5.08527498042575,4.93666262653595,i,2,5.08527498042575,4.93666262653595,
,,,,,,,,,,
376,21,I,2,5.11533565876399,5.33789410002533,I,2,5.11533565876399,5.33789410002533,
376,22,iv,3,5.49584581795407,4.80247879652896,iv,3,5.49584581795407,4.80247879652896,
376,23,I,3,4.28442698113964,5.01642805793056,I,3,4.28442698113964,5.01642805793056,
376,24,iv,3,3.28501200841588,5.12756237700192,iv,3,3.28501200841588,5.12756237700192,
376,25,I,4,2.62782675606846,4.99593757888795,I,4,2.62782675606846,4.99593757888795,
376,26,#IV,5,7.27233505431236,4.64934421436809,vio,5,7.34173864986932,4.64934421436809,0.0694035955569596
376,27,iv,2,7.46698727787462,3.19091740638423,iv,2,5.57781631615905,4.56289249946196,
376,28,-VI,1,5.31977290933337,5.45298253750334,-VI,2,5.55494852136186,5.22439423369096,
376,29,I,2,5.43780755337442,5.19040854958852,I,2,5.43780755337442,5.19040854958852,
376,30,I,2,4.33519713273102,5.41934604014041,I,2,4.33519713273102,5.41934604014041,
376,31,iv,3,4.83128580160429,5.36798749318986,iv,3,4.83128580160429,5.36798749318986,
,,,,,,,,,,
377,30,I,2,4.33519713273102,5.41934604014041,I,2,4.33519713273102,5.41934604014041,
377,31,iv,3,4.83128580160429,5.36798749318986,iv,3,4.83128580160429,5.36798749318986,
377,32,I,4,3.93997197716702,4.65115140116723,I,4,3.93997197716702,4.65115140116723,
377,33,iv,4,2.35425588667656,4.70879800011142,iv,4,2.35425588667656,4.70879800011142,
377,34,I,5,1.39232462394126,4.1767815461776,I,5,1.39232462394126,4.1767815461776,
377,35,#IV,6,7.41912539439768,4.48885900638762,vio,6,7.48852898995464,4.48885900638762,0.0694035955569596
377,36,iv,2,7.46698727787462,3.19091740638423,iv,2,5.57781631615905,4.56289249946196,
377,37,-VI,1,5.31977290933337,5.45298253750334,-VI,2,5.55494852136186,5.22439423369096,
377,38,I,2,5.43780755337442,5.19040854958852,I,2,5.43780755337442,5.19040854958852,
377,39,I,2,4.33519713273102,5.41934604014041,I,2,4.33519713273102,5.41934604014041,
377,40,I+,3,6.43398439287137,5.36798749318986,I+,3,6.43398439287137,5.36798749318986,
,,,,,,,,,,
378,57,IV,1,6.39660478118186,4.33824316572275,IV,1,6.39660478118186,4.33824316572275,
378,58,iii,1,5.25830986038592,5.46015231333603,iii,1,5.25830986038592,5.46015231333603,
378,59,vi,2,3.88056434428391,5.20474876077054,vi,2,3.88056434428391,5.20474876077054,
378,60,ii,3,3.12332133618508,4.96125786289468,ii,3,3.12332133618508,4.96125786289468,
378,61,I,4,4.06648165628245,4.79205003277203,I,4,4.06648165628245,4.79205003277203,
378,62,#IV,5,7.04988607715519,4.69930341512554,vio,5,7.11928967271215,4.69930341512554,0.0694035955569596
378,63,VII,2,5.86348521659191,3.19091740638423,VII,2,6.98126211688213,4.56289249946196,
378,64,-iii,2,6.18311163009071,4.45248520163112,-iii,1,5.65553685528837,5.34612393077972,
378,65,-iii,2,6.98610868287465,4.6330856208257,-iii,2,6.98610868287465,4.6330856208257,
378,66,-vi,1,6.59233448937751,5.40396119496012,-vi,1,6.59233448937751,5.40396119496012,
378,67,#IV,1,6.60402569114554,5.18655150239105,#IV,1,6.60402569114554,5.18655150239105,
,,,,,,,,,,
379,13,I,5,2.56398489539881,4.11750782709229,I,5,2.56398489539881,4.11750782709229,
379,14,iv,5,5.6784154043939,5.19974290858501,iv,5,5.6784154043939,5.19974290858501,
379,15,I,4,2.49873251161012,4.89695766762155,I,4,2.49873251161012,4.89695766762155,
379,16,iv,5,3.20664600669161,4.66342858519195,iv,5,3.20664600669161,4.66342858519195,
379,17,I,5,1.63555725111559,4.43169744819651,I,5,1.63555725111559,4.43169744819651,
379,18,#IV,6,7.55812278639041,4.28599880291646,vio,6,7.62752638194737,4.28599880291646,0.0694035955569605
379,19,iv,2,7.46698727787462,3.19091740638423,iv,2,5.57781631615905,4.56289249946196,
379,20,-III,1,5.25061088482598,5.45298253750334,-III,2,5.48578649685446,5.22439423369096,
379,21,I,2,5.11533565876399,5.33789410002533,I,2,5.11533565876399,5.33789410002533,
379,22,iv,3,5.49584581795407,4.80247879652896,iv,3,5.49584581795407,4.80247879652896,
379,23,I,3,4.28442698113964,5.01642805793056,I,3,4.28442698113964,5.01642805793056,
,,,,,,,,,,
380,51,iii,4,5.95140374905293,5.00486099057086,iii,4,5.95140374905293,5.00486099057086,
380,52,vi,2,3.67010962802191,5.21915222061716,vi,2,3.67010962802191,5.21915222061716,
380,53,IV,3,3.69572439801877,5.11045100096823,IV,3,3.69572439801877,5.11045100096823,
380,54,-VII,4,5.92621902476389,4.60250761294049,-VII,4,5.92621902476389,4.60250761294049,
380,55,V,3,5.23038282043269,4.70296834590197,V,3,5.23038282043269,4.70296834590197,
380,56,#IV+,3,7.21084462409523,4.77959808403203,#io,3,7.13979937664678,4.77959808403203,0.0710452474484518
380,57,IV,1,6.39660478118186,4.33824316572275,IV,1,6.42351705407933,4.94357410376213,
380,58,iii,1,5.25830986038592,5.46015231333603,iii,1,5.25830986038592,5.46015231333603,
380,59,vi,2,3.88056434428391,5.20474876077054,vi,2,3.88056434428391,5.20474876077054,
380,60,ii,3,3.12332133618508,4.96125786289468,ii,3,3.12332133618508,4.96125786289468,
380,61,I,4,4.06648165628245,4.79205003277203,I,4,4.06648165628245,4.79205003277203,
,,,,,,,,,,
381,13,I,5,2.56398489539881,4.11750782709229,I,5,2.56398489539881,4.11750782709229,
381,14,iv,5,5.6784154043939,5.19974290858501,iv,5,5.6784154043939,5.19974290858501,
381,15,I,4,2.49873251161012,4.89695766762155,I,4,2.49873251161012,4.89695766762155,
381,16,iv,5,3.20664600669161,4.66342858519195,iv,5,3.20664600669161,4.66342858519195,
381,17,I,5,1.63555725111559,4.43169744819651,I,5,1.63555725111559,4.43169744819651,
381,18,#IV,6,7.55812278639041,4.28599880291646,#io,6,7.48660215002427,4.28599880291646,0.0715206363661398
381,19,iv,2,7.46698727787462,3.19091740638423,iv,2,7.02951105501602,4.30178412728046,
381,20,-III,1,5.25061088482598,5.45298253750334,-III,1,5.25061088482598,5.45298253750334,
381,21,I,2,5.11533565876399,5.33789410002533,I,2,5.11533565876399,5.33789410002533,
381,22,iv,3,5.49584581795407,4.80247879652896,iv,3,5.49584581795407,4.80247879652896,
381,23,I,3,4.28442698113964,5.01642805793056,I,3,4.28442698113964,5.01642805793056,
,,,,,,,,,,
382,21,I,2,5.11533565876399,5.33789410002533,I,2,5.11533565876399,5.33789410002533,
382,22,iv,3,5.49584581795407,4.80247879652896,iv,3,5.49584581795407,4.80247879652896,
382,23,I,3,4.28442698113964,5.01642805793056,I,3,4.28442698113964,5.01642805793056,
382,24,iv,3,3.28501200841588,5.12756237700192,iv,3,3.28501200841588,5.12756237700192,
382,25,I,4,2.62782675606846,4.99593757888795,I,4,2.62782675606846,4.99593757888795,
382,26,#IV,5,7.27233505431236,4.64934421436809,#io,5,7.20081441794622,4.64934421436809,0.0715206363661398
382,27,iv,2,7.46698727787462,3.19091740638423,iv,2,7.02951105501602,4.30178412728046,
382,28,-VI,1,5.31977290933337,5.45298253750334,-VI,1,5.31977290933337,5.45298253750334,
382,29,I,2,5.43780755337442,5.19040854958852,I,2,5.43780755337442,5.19040854958852,
382,30,I,2,4.33519713273102,5.41934604014041,I,2,4.33519713273102,5.41934604014041,
382,31,iv,3,4.83128580160429,5.36798749318986,iv,3,4.83128580160429,5.36798749318986,
,,,,,,,,,,
383,30,I,2,4.33519713273102,5.41934604014041,I,2,4.33519713273102,5.41934604014041,
383,31,iv,3,4.83128580160429,5.36798749318986,iv,3,4.83128580160429,5.36798749318986,
383,32,I,4,3.93997197716702,4.65115140116723,I,4,3.93997197716702,4.65115140116723,
383,33,iv,4,2.35425588667656,4.70879800011142,iv,4,2.35425588667656,4.70879800011142,
383,34,I,5,1.39232462394126,4.1767815461776,I,5,1.39232462394126,4.1767815461776,
383,35,#IV,6,7.41912539439768,4.48885900638762,#io,6,7.34760475803154,4.48885900638762,0.0715206363661398
383,36,iv,2,7.46698727787462,3.19091740638423,iv,2,7.02951105501602,4.30178412728046,
383,37,-VI,1,5.31977290933337,5.45298253750334,-VI,1,5.31977290933337,5.45298253750334,
383,38,I,2,5.43780755337442,5.19040854958852,I,2,5.43780755337442,5.19040854958852,
383,39,I,2,4.33519713273102,5.41934604014041,I,2,4.33519713273102,5.41934604014041,
383,40,I+,3,6.43398439287137,5.36798749318986,I+,3,6.43398439287137,5.36798749318986,
,,,,,,,,,,
384,84,-iii,2,6.7766771965543,5.16831836386541,-iii,2,6.7766771965543,5.16831836386541,
384,85,iv,1,6.18322182405577,5.40396119496012,iv,1,6.18322182405577,5.40396119496012,
384,86,#IV,1,6.4609038285878,5.45298253750334,#IV,1,6.4609038285878,5.45298253750334,
384,87,-vi,1,6.72421828845889,5.26832602886992,-vi,1,6.72421828845889,5.26832602886992,
384,88,-vii,1,4.00068466110953,5.18655150239105,-vii,1,4.00068466110953,5.18655150239105,
384,89,i,2,5.08527498042575,4.93666262653595,I,2,5.01279560530509,4.93666262653595,0.0724793751206567
384,90,iv,2,3.27745556605902,4.97469682440288,iv,2,4.08988382193979,5.36710859968808,
384,91,-vii,3,6.89085088417614,4.81247574766958,-vii,3,6.6742759102493,5.00888933783981,
384,92,-VI,2,5.45704502580042,4.72483603609195,-VI,2,5.45704502580042,4.72483603609195,
384,93,-vi,2,6.3383993290159,5.16499410827579,-vi,2,6.3383993290159,5.16499410827579,
384,94,#IV,2,7.15255786947222,4.36051564243597,#IV,2,7.15255786947222,4.36051564243597,
,,,,,,,,,,
385,93,-vi,2,6.3383993290159,5.16499410827579,-vi,2,6.3383993290159,5.16499410827579,
385,94,#IV,2,7.15255786947222,4.36051564243597,#IV,2,7.15255786947222,4.36051564243597,
385,95,#IV,1,4.74720653884321,5.26832602886992,#IV,1,4.74720653884321,5.26832602886992,
385,96,-vi,2,7.18908383683268,4.41656597700969,-vi,2,7.18908383683268,4.41656597700969,
385,97,-vii,1,4.00068466110953,5.18655150239105,-vii,1,4.00068466110953,5.18655150239105,
385,98,i,2,5.08527498042575,4.93666262653595,I,2,5.01279560530509,4.93666262653595,0.0724793751206567
385,99,iv,2,3.27745556605902,4.97469682440288,iv,2,4.08988382193979,5.36710859968808,
385,100,-vii,3,6.89085088417614,4.81247574766958,-vii,3,6.6742759102493,5.00888933783981,
385,101,-VI,2,5.45704502580042,4.72483603609195,-VI,2,5.45704502580042,4.72483603609195,
385,102,-vi,2,6.3383993290159,5.16499410827579,-vi,2,6.3383993290159,5.16499410827579,
385,103,#IV,2,7.15255786947222,4.36051564243597,#IV,2,7.15255786947222,4.36051564243597,
,,,,,,,,,,
386,156,-vi,2,6.3383993290159,5.16499410827579,-vi,2,6.3383993290159,5.16499410827579,
386,157,#IV,2,7.15255786947222,4.36051564243597,#IV,2,7.15255786947222,4.36051564243597,
386,158,#IV,1,4.74720653884321,5.26832602886992,#IV,1,4.74720653884321,5.26832602886992,
386,159,-vi,2,7.18908383683268,4.41656597700969,-vi,2,7.18908383683268,4.41656597700969,
386,160,-vii,1,4.00068466110953,5.18655150239105,-vii,1,4.00068466110953,5.18655150239105,
386,161,i,2,5.08527498042575,4.93666262653595,I,2,5.01279560530509,4.93666262653595,0.0724793751206567
386,162,r,2,3.1525055960188,4.97469682440288,r,2,2.87210899234668,5.36710859968808,
386,163,r,2,1.71736353267208,3.74300594358816,r,2,2.14716233860532,3.93264368432842,
,,,,,,,,,,
387,63,VII,2,5.86348521659191,3.19091740638423,VII,2,5.86348521659191,3.19091740638423,
387,64,-iii,2,6.18311163009071,4.45248520163112,-iii,2,6.18311163009071,4.45248520163112,
387,65,-iii,2,6.98610868287465,4.6330856208257,-iii,2,6.98610868287465,4.6330856208257,
387,66,-vi,1,6.59233448937751,5.40396119496012,-vi,1,6.59233448937751,5.40396119496012,
387,67,#IV,1,6.60402569114554,5.18655150239105,#IV,1,6.60402569114554,5.18655150239105,
387,68,v,1,6.40702811257819,5.26832602886992,II,1,6.33302753113441,5.26832602886992,0.0740005814437765
387,69,i,1,5.04582678585244,5.40780748387603,i,1,5.94268749243053,5.43779534023349,
387,70,iv,2,4.44893493864514,5.28631663594942,iv,2,5.40714630839379,5.03159854779716,
387,71,-III,3,3.78247959356285,5.1053219814982,-III,2,4.46081025941176,5.28280167963705,
387,72,-iii,4,7.2706672863486,4.79876121807827,-iii,3,6.98335699728166,5.22548468434035,
387,73,-II,1,6.39378880999543,5.40396119496012,-II,1,6.39378880999543,5.40396119496012,
,,,,,,,,,,
388,63,VII,2,5.86348521659191,3.19091740638423,VII,2,5.86348521659191,3.19091740638423,
388,64,-iii,2,6.18311163009071,4.45248520163112,-iii,2,6.18311163009071,4.45248520163112,
388,65,-iii,2,6.98610868287465,4.6330856208257,-iii,2,6.98610868287465,4.6330856208257,
388,66,-vi,1,6.59233448937751,5.40396119496012,-vi,1,6.59233448937751,5.40396119496012,
388,67,#IV,1,6.60402569114554,5.18655150239105,#IV,1,6.60402569114554,5.18655150239105,
388,68,v,1,6.40702811257819,5.26832602886992,-VII,1,6.33302753113441,5.26832602886992,0.0740005814437765
388,69,i,1,5.04582678585244,5.40780748387603,i,1,5.04137796924739,5.43223209807231,
388,70,iv,2,4.44893493864514,5.28631663594942,iv,2,4.21663593800602,5.17060152673126,
388,71,-III,3,3.78247959356285,5.1053219814982,-III,3,4.79147330975916,4.98496908715482,
388,72,-iii,4,7.2706672863486,4.79876121807827,-iii,3,6.98335699728166,5.22548468434035,
388,73,-II,1,6.39378880999543,5.40396119496012,-II,1,6.39378880999543,5.40396119496012,
,,,,,,,,,,
389,63,VII,2,5.86348521659191,3.19091740638423,VII,2,5.86348521659191,3.19091740638423,
389,64,-iii,2,6.18311163009071,4.45248520163112,-iii,2,6.18311163009071,4.45248520163112,
389,65,-iii,2,6.98610868287465,4.6330856208257,-iii,2,6.98610868287465,4.6330856208257,
389,66,-vi,1,6.59233448937751,5.40396119496012,-vi,1,6.59233448937751,5.40396119496012,
389,67,#IV,1,6.60402569114554,5.18655150239105,#IV,1,6.60402569114554,5.18655150239105,
389,68,v,1,6.40702811257819,5.26832602886992,-III,1,6.33302753113441,5.26832602886992,0.0740005814437765
389,69,i,1,5.04582678585244,5.40780748387603,i,1,5.09798111100135,5.44870267319526,
389,70,iv,2,4.44893493864514,5.28631663594942,iv,2,4.67012716154189,5.3583999814343,
389,71,-III,3,3.78247959356285,5.1053219814982,-III,3,3.96464662327786,5.14239060484454,
389,72,-iii,4,7.2706672863486,4.79876121807827,-iii,4,7.25429284877714,4.82637028260394,
389,73,-II,1,6.39378880999543,5.40396119496012,-II,1,6.39378880999543,5.40396119496012,
,,,,,,,,,,
390,35,#IV,6,7.41912539439768,4.48885900638762,#IV,6,7.41912539439768,4.48885900638762,
390,36,iv,2,7.46698727787462,3.19091740638423,iv,2,7.46698727787462,3.19091740638423,
390,37,-VI,1,5.31977290933337,5.45298253750334,-VI,1,5.31977290933337,5.45298253750334,
390,38,I,2,5.43780755337442,5.19040854958852,I,2,5.43780755337442,5.19040854958852,
390,39,I,2,4.33519713273102,5.41934604014041,I,2,4.33519713273102,5.41934604014041,
390,40,I+,3,6.43398439287137,5.36798749318986,#IV,3,6.50948385665184,5.36798749318986,0.075499463780476
390,41,I,3,1.23060987917747,3.58387461067546,I,2,6.35084987762198,2.26801599108212,
390,42,iii,4,5.98492812162663,4.94787677837653,iii,2,5.76884102113456,5.21114372914055,
390,43,vi,2,3.67010962802191,5.21915222061716,vi,2,3.67010962802191,5.21915222061716,
390,44,IV,3,3.69572439801877,5.11045100096823,IV,3,3.69572439801877,5.11045100096823,
390,45,-VII,4,5.92621902476389,4.60250761294049,-VII,4,5.92621902476389,4.60250761294049,
,,,,,,,,,,
391,17,I,5,1.63555725111559,4.43169744819651,I,5,1.63555725111559,4.43169744819651,
391,18,#IV,6,7.55812278639041,4.28599880291646,#IV,6,7.55812278639041,4.28599880291646,
391,19,iv,2,7.46698727787462,3.19091740638423,iv,2,7.46698727787462,3.19091740638423,
391,20,-III,1,5.25061088482598,5.45298253750334,-III,1,5.25061088482598,5.45298253750334,
391,21,I,2,5.11533565876399,5.33789410002533,I,2,5.11533565876399,5.33789410002533,
391,22,iv,3,5.49584581795407,4.80247879652896,-VII,3,5.42028964516903,4.80247879652896,0.0755561727850367
391,23,I,3,4.28442698113964,5.01642805793056,I,3,1.75495595811294,4.49893021499737,
391,24,iv,3,3.28501200841588,5.12756237700192,iv,4,5.45349472884114,4.85480582191538,
391,25,I,4,2.62782675606846,4.99593757888795,I,4,4.54905875865727,4.81188071399742,
391,26,#IV,5,7.27233505431236,4.64934421436809,#IV,3,6.79583197643061,5.12756237700192,
391,27,iv,2,7.46698727787462,3.19091740638423,iv,2,7.46698727787462,3.19091740638423,
,,,,,,,,,,
392,44,IV,3,3.69572439801877,5.11045100096823,IV,3,3.69572439801877,5.11045100096823,
392,45,-VII,4,5.92621902476389,4.60250761294049,-VII,4,5.92621902476389,4.60250761294049,
392,46,IV,3,4.80620692836147,4.70296834590197,IV,3,4.80620692836147,4.70296834590197,
392,47,V,3,4.04677291528327,5.13068795614639,V,3,4.04677291528327,5.13068795614639,
392,48,I,4,2.50773853601309,4.7026225891055,I,4,2.50773853601309,4.7026225891055,
392,49,I+,5,6.68093454004438,5.02043641115032,#io,5,6.75743110103728,5.02043641115032,0.0764965609929016
392,50,I,3,2.81974766149247,4.95076396652624,I,3,7.13256553654836,3.86134038604753,
392,51,iii,4,5.95140374905293,5.00486099057086,iii,1,5.56475784692977,5.48431723964687,
392,52,vi,2,3.67010962802191,5.21915222061716,vi,2,3.67010962802191,5.21915222061716,
392,53,IV,3,3.69572439801877,5.11045100096823,IV,3,3.69572439801877,5.11045100096823,
392,54,-VII,4,5.92621902476389,4.60250761294049,-VII,4,5.92621902476389,4.60250761294049,
,,,,,,,,,,
393,66,-vi,1,6.59233448937751,5.40396119496012,-vi,1,6.59233448937751,5.40396119496012,
393,67,#IV,1,6.60402569114554,5.18655150239105,#IV,1,6.60402569114554,5.18655150239105,
393,68,v,1,6.40702811257819,5.26832602886992,v,1,6.40702811257819,5.26832602886992,
393,69,i,1,5.04582678585244,5.40780748387603,i,1,5.04582678585244,5.40780748387603,
393,70,iv,2,4.44893493864514,5.28631663594942,iv,2,4.44893493864514,5.28631663594942,
393,71,-III,3,3.78247959356285,5.1053219814982,iv,3,3.85912700850629,5.1053219814982,0.0766474149434453
393,72,-iii,4,7.2706672863486,4.79876121807827,-iii,4,6.9504376756565,4.98501177601607,
393,73,-II,1,6.39378880999543,5.40396119496012,-II,2,6.85682566592969,4.6330856208257,
393,74,-II,1,5.00540633624959,5.44048428464702,-II,1,5.00540633624959,5.44048428464702,
393,75,-iii,2,6.7766771965543,5.16831836386541,-iii,2,6.7766771965543,5.16831836386541,
393,76,iv,1,6.18322182405577,5.40396119496012,iv,1,6.18322182405577,5.40396119496012,
,,,,,,,,,,
394,75,-iii,2,6.7766771965543,5.16831836386541,-iii,2,6.7766771965543,5.16831836386541,
394,76,iv,1,6.18322182405577,5.40396119496012,iv,1,6.18322182405577,5.40396119496012,
394,77,v,1,5.03569244506737,5.45298253750334,v,1,5.03569244506737,5.45298253750334,
394,78,i,2,4.12906689482177,5.18762847529485,i,2,4.12906689482177,5.18762847529485,
394,79,iv,3,3.69985452108245,4.82022148031579,iv,3,3.69985452108245,4.82022148031579,
394,80,-III,4,4.33470413158456,4.148277617094,iv,4,4.411351546528,4.148277617094,0.0766474149434453
394,81,-iii,4,7.2706672863486,4.79876121807827,-iii,4,6.9504376756565,4.98501177601607,
394,82,-II,1,6.39378880999543,5.40396119496012,-II,2,6.85682566592969,4.6330856208257,
394,83,-II,1,5.00540633624959,5.44048428464702,-II,1,5.00540633624959,5.44048428464702,
394,84,-iii,2,6.7766771965543,5.16831836386541,-iii,2,6.7766771965543,5.16831836386541,
394,85,iv,1,6.18322182405577,5.40396119496012,iv,1,6.18322182405577,5.40396119496012,
,,,,,,,,,,
395,38,I,2,5.43780755337442,5.19040854958852,I,2,5.43780755337442,5.19040854958852,
395,39,I,2,4.33519713273102,5.41934604014041,I,2,4.33519713273102,5.41934604014041,
395,40,I+,3,6.43398439287137,5.36798749318986,I+,3,6.43398439287137,5.36798749318986,
395,41,I,3,1.23060987917747,3.58387461067546,I,3,1.23060987917747,3.58387461067546,
395,42,iii,4,5.98492812162663,4.94787677837653,iii,4,5.98492812162663,4.94787677837653,
395,43,vi,2,3.67010962802191,5.21915222061716,IV,2,3.5933647030064,5.21915222061716,0.0767449250155039
395,44,IV,3,3.69572439801877,5.11045100096823,IV,3,3.64339330465943,5.19625798825828,
395,45,-VII,4,5.92621902476389,4.60250761294049,-VII,4,5.35244307750823,4.89297006817559,
395,46,IV,3,4.80620692836147,4.70296834590197,IV,3,3.48721627936951,5.07355944191587,
395,47,V,3,4.04677291528327,5.13068795614639,V,4,3.41813186935122,4.71525418472766,
395,48,I,4,2.50773853601309,4.7026225891055,I,5,2.78904726329851,4.40671635020947,
,,,,,,,,,,
396,47,V,3,4.04677291528327,5.13068795614639,V,3,4.04677291528327,5.13068795614639,
396,48,I,4,2.50773853601309,4.7026225891055,I,4,2.50773853601309,4.7026225891055,
396,49,I+,5,6.68093454004438,5.02043641115032,I+,5,6.68093454004438,5.02043641115032,
396,50,I,3,2.81974766149247,4.95076396652624,I,3,2.81974766149247,4.95076396652624,
396,51,iii,4,5.95140374905293,5.00486099057086,iii,4,5.95140374905293,5.00486099057086,
396,52,vi,2,3.67010962802191,5.21915222061716,IV,2,3.5933647030064,5.21915222061716,0.0767449250155039
396,53,IV,3,3.69572439801877,5.11045100096823,IV,3,3.64339330465943,5.19625798825828,
396,54,-VII,4,5.92621902476389,4.60250761294049,-VII,4,5.35244307750823,4.89297006817559,
396,55,V,3,5.23038282043269,4.70296834590197,V,3,4.49037377293068,5.07355944191587,
396,56,#IV+,3,7.21084462409523,4.77959808403203,#IV+,4,7.71629349698255,3.89032312993227,
396,57,IV,1,6.39660478118186,4.33824316572275,IV,1,6.39660478118186,4.33824316572275,
,,,,,,,,,,
397,86,#IV,1,6.4609038285878,5.45298253750334,#IV,1,6.4609038285878,5.45298253750334,
397,87,-vi,1,6.72421828845889,5.26832602886992,-vi,1,6.72421828845889,5.26832602886992,
397,88,-vii,1,4.00068466110953,5.18655150239105,-vii,1,4.00068466110953,5.18655150239105,
397,89,i,2,5.08527498042575,4.93666262653595,i,2,5.08527498042575,4.93666262653595,
397,90,iv,2,3.27745556605902,4.97469682440288,iv,2,3.27745556605902,4.97469682440288,
397,91,-vii,3,6.89085088417614,4.81247574766958,V+,3,6.96777182203538,4.81247574766958,0.0769209378592368
397,92,-VI,2,5.45704502580042,4.72483603609195,-VI,2,5.2782859842387,4.76687937021781,
397,93,-vi,2,6.3383993290159,5.16499410827579,-vi,2,6.3383993290159,5.00741137823715,
397,94,#IV,2,7.15255786947222,4.36051564243597,#IV,2,7.15255786947222,4.36051564243597,
397,95,#IV,1,4.74720653884321,5.26832602886992,#IV,1,4.74720653884321,5.26832602886992,
397,96,-vi,2,7.18908383683268,4.41656597700969,-vi,2,7.18908383683268,4.41656597700969,
,,,,,,,,,,
398,23,I,3,4.28442698113964,5.01642805793056,I,3,4.28442698113964,5.01642805793056,
398,24,iv,3,3.28501200841588,5.12756237700192,iv,3,3.28501200841588,5.12756237700192,
398,25,I,4,2.62782675606846,4.99593757888795,I,4,2.62782675606846,4.99593757888795,
398,26,#IV,5,7.27233505431236,4.64934421436809,#IV,5,7.27233505431236,4.64934421436809,
398,27,iv,2,7.46698727787462,3.19091740638423,iv,2,7.46698727787462,3.19091740638423,
398,28,-VI,1,5.31977290933337,5.45298253750334,IV,1,5.24143145805158,5.45298253750334,0.0783414512817906
398,29,I,2,5.43780755337442,5.19040854958852,I,2,4.77996028193041,5.29427956447175,
398,30,I,2,4.33519713273102,5.41934604014041,I,3,4.58923719595069,5.11387074198496,
398,31,iv,3,4.83128580160429,5.36798749318986,iv,3,5.28598453719753,5.36782253160534,
398,32,I,4,3.93997197716702,4.65115140116723,I,4,3.93997197716702,4.65115140116723,
398,33,iv,4,2.35425588667656,4.70879800011142,iv,4,2.35425588667656,4.70879800011142,
,,,,,,,,,,
399,32,I,4,3.93997197716702,4.65115140116723,I,4,3.93997197716702,4.65115140116723,
399,33,iv,4,2.35425588667656,4.70879800011142,iv,4,2.35425588667656,4.70879800011142,
399,34,I,5,1.39232462394126,4.1767815461776,I,5,1.39232462394126,4.1767815461776,
399,35,#IV,6,7.41912539439768,4.48885900638762,#IV,6,7.41912539439768,4.48885900638762,
399,36,iv,2,7.46698727787462,3.19091740638423,iv,2,7.46698727787462,3.19091740638423,
399,37,-VI,1,5.31977290933337,5.45298253750334,IV,1,5.24143145805158,5.45298253750334,0.0783414512817906
399,38,I,2,5.43780755337442,5.19040854958852,I,2,4.77996028193041,5.29427956447175,
399,39,I,2,4.33519713273102,5.41934604014041,I,3,4.58923719595069,5.11387074198496,
399,40,I+,3,6.43398439287137,5.36798749318986,I+,3,6.47280978847342,5.36782253160534,
399,41,I,3,1.23060987917747,3.58387461067546,I,3,1.23060987917747,3.58387461067546,
399,42,iii,4,5.98492812162663,4.94787677837653,iii,4,5.98492812162663,4.94787677837653,
,,,,,,,,,,
400,35,#IV,6,7.41912539439768,4.48885900638762,#IV,6,7.41912539439768,4.48885900638762,
400,36,iv,2,7.46698727787462,3.19091740638423,iv,2,7.46698727787462,3.19091740638423,
400,37,-VI,1,5.31977290933337,5.45298253750334,-VI,1,5.31977290933337,5.45298253750334,
400,38,I,2,5.43780755337442,5.19040854958852,I,2,5.43780755337442,5.19040854958852,
400,39,I,2,4.33519713273102,5.41934604014041,I,2,4.33519713273102,5.41934604014041,
400,40,I+,3,6.43398439287137,5.36798749318986,VII,3,6.35534424473357,5.36798749318986,0.0786401481377927
400,41,I,3,1.23060987917747,3.58387461067546,I,3,3.22898109776935,4.13990949235449,
400,42,iii,4,5.98492812162663,4.94787677837653,iii,3,6.13796424629296,4.85013153433518,
400,43,vi,2,3.67010962802191,5.21915222061716,vi,2,3.67010962802191,5.21915222061716,
400,44,IV,3,3.69572439801877,5.11045100096823,IV,3,3.69572439801877,5.11045100096823,
400,45,-VII,4,5.92621902476389,4.60250761294049,-VII,4,5.92621902476389,4.60250761294049,
,,,,,,,,,,
401,13,I,5,2.56398489539881,4.11750782709229,I,5,2.56398489539881,4.11750782709229,
401,14,iv,5,5.6784154043939,5.19974290858501,iv,5,5.6784154043939,5.19974290858501,
401,15,I,4,2.49873251161012,4.89695766762155,I,4,2.49873251161012,4.89695766762155,
401,16,iv,5,3.20664600669161,4.66342858519195,iv,5,3.20664600669161,4.66342858519195,
401,17,I,5,1.63555725111559,4.43169744819651,I,5,1.63555725111559,4.43169744819651,
401,18,#IV,6,7.55812278639041,4.28599880291646,I+,6,7.47844453118469,4.28599880291646,0.0796782552057271
401,19,iv,2,7.46698727787462,3.19091740638423,iv,2,6.73996808232773,4.43171698242142,
401,20,-III,1,5.25061088482598,5.45298253750334,-III,1,5.25061088482598,5.45298253750334,
401,21,I,2,5.11533565876399,5.33789410002533,I,2,5.11533565876399,5.33789410002533,
401,22,iv,3,5.49584581795407,4.80247879652896,iv,3,5.49584581795407,4.80247879652896,
401,23,I,3,4.28442698113964,5.01642805793056,I,3,4.28442698113964,5.01642805793056,
,,,,,,,,,,
402,21,I,2,5.11533565876399,5.33789410002533,I,2,5.11533565876399,5.33789410002533,
402,22,iv,3,5.49584581795407,4.80247879652896,iv,3,5.49584581795407,4.80247879652896,
402,23,I,3,4.28442698113964,5.01642805793056,I,3,4.28442698113964,5.01642805793056,
402,24,iv,3,3.28501200841588,5.12756237700192,iv,3,3.28501200841588,5.12756237700192,
402,25,I,4,2.62782675606846,4.99593757888795,I,4,2.62782675606846,4.99593757888795,
402,26,#IV,5,7.27233505431236,4.64934421436809,I+,5,7.19265679910663,4.64934421436809,0.0796782552057271
402,27,iv,2,7.46698727787462,3.19091740638423,iv,2,6.73996808232773,4.43171698242142,
402,28,-VI,1,5.31977290933337,5.45298253750334,-VI,1,5.31977290933337,5.45298253750334,
402,29,I,2,5.43780755337442,5.19040854958852,I,2,5.43780755337442,5.19040854958852,
402,30,I,2,4.33519713273102,5.41934604014041,I,2,4.33519713273102,5.41934604014041,
402,31,iv,3,4.83128580160429,5.36798749318986,iv,3,4.83128580160429,5.36798749318986,
,,,,,,,,,,
403,30,I,2,4.33519713273102,5.41934604014041,I,2,4.33519713273102,5.41934604014041,
403,31,iv,3,4.83128580160429,5.36798749318986,iv,3,4.83128580160429,5.36798749318986,
403,32,I,4,3.93997197716702,4.65115140116723,I,4,3.93997197716702,4.65115140116723,
403,33,iv,4,2.35425588667656,4.70879800011142,iv,4,2.35425588667656,4.70879800011142,
403,34,I,5,1.39232462394126,4.1767815461776,I,5,1.39232462394126,4.1767815461776,
403,35,#IV,6,7.41912539439768,4.48885900638762,I+,6,7.33944713919195,4.48885900638762,0.0796782552057271
403,36,iv,2,7.46698727787462,3.19091740638423,iv,2,6.73996808232773,4.43171698242142,
403,37,-VI,1,5.31977290933337,5.45298253750334,-VI,1,5.31977290933337,5.45298253750334,
403,38,I,2,5.43780755337442,5.19040854958852,I,2,5.43780755337442,5.19040854958852,
403,39,I,2,4.33519713273102,5.41934604014041,I,2,4.33519713273102,5.41934604014041,
403,40,I+,3,6.43398439287137,5.36798749318986,I+,3,6.43398439287137,5.36798749318986,
,,,,,,,,,,
404,90,iv,2,3.27745556605902,4.97469682440288,iv,2,3.27745556605902,4.97469682440288,
404,91,-vii,3,6.89085088417614,4.81247574766958,-vii,3,6.89085088417614,4.81247574766958,
404,92,-VI,2,5.45704502580042,4.72483603609195,-VI,2,5.45704502580042,4.72483603609195,
404,93,-vi,2,6.3383993290159,5.16499410827579,-vi,2,6.3383993290159,5.16499410827579,
404,94,#IV,2,7.15255786947222,4.36051564243597,#IV,2,7.15255786947222,4.36051564243597,
404,95,#IV,1,4.74720653884321,5.26832602886992,VI,1,4.66545975281222,5.26832602886992,0.0817467860309922
404,96,-vi,2,7.18908383683268,4.41656597700969,-vi,2,6.8944097539174,4.97314768448839,
404,97,-vii,1,4.00068466110953,5.18655150239105,-vii,1,4.00068466110953,5.18655150239105,
404,98,i,2,5.08527498042575,4.93666262653595,i,2,5.08527498042575,4.93666262653595,
404,99,iv,2,3.27745556605902,4.97469682440288,iv,2,3.27745556605902,4.97469682440288,
404,100,-vii,3,6.89085088417614,4.81247574766958,-vii,3,6.89085088417614,4.81247574766958,
,,,,,,,,,,
405,153,iv,2,3.27745556605902,4.97469682440288,iv,2,3.27745556605902,4.97469682440288,
405,154,-vii,3,6.89085088417614,4.81247574766958,-vii,3,6.89085088417614,4.81247574766958,
405,155,-VI,2,5.45704502580042,4.72483603609195,-VI,2,5.45704502580042,4.72483603609195,
405,156,-vi,2,6.3383993290159,5.16499410827579,-vi,2,6.3383993290159,5.16499410827579,
405,157,#IV,2,7.15255786947222,4.36051564243597,#IV,2,7.15255786947222,4.36051564243597,
405,158,#IV,1,4.74720653884321,5.26832602886992,VI,1,4.66545975281222,5.26832602886992,0.0817467860309922
405,159,-vi,2,7.18908383683268,4.41656597700969,-vi,2,6.8944097539174,4.97314768448839,
405,160,-vii,1,4.00068466110953,5.18655150239105,-vii,1,4.00068466110953,5.18655150239105,
405,161,i,2,5.08527498042575,4.93666262653595,i,2,5.08527498042575,4.93666262653595,
405,162,r,2,3.1525055960188,4.97469682440288,r,2,3.1525055960188,4.97469682440288,
405,163,r,2,1.71736353267208,3.74300594358816,r,2,1.71736353267208,3.74300594358816,
,,,,,,,,,,
406,73,-II,1,6.39378880999543,5.40396119496012,-II,1,6.39378880999543,5.40396119496012,
406,74,-II,1,5.00540633624959,5.44048428464702,-II,1,5.00540633624959,5.44048428464702,
406,75,-iii,2,6.7766771965543,5.16831836386541,-iii,2,6.7766771965543,5.16831836386541,
406,76,iv,1,6.18322182405577,5.40396119496012,iv,1,6.18322182405577,5.40396119496012,
406,77,v,1,5.03569244506737,5.45298253750334,v,1,5.03569244506737,5.45298253750334,
406,78,i,2,4.12906689482177,5.18762847529485,-VI,2,4.0458984742773,5.18762847529485,0.0831684205444665
406,79,iv,3,3.69985452108245,4.82022148031579,iv,3,5.38748980189909,4.94808203387088,
406,80,-III,4,4.33470413158456,4.148277617094,-III,3,4.88050756918648,5.1003559606981,
406,81,-iii,4,7.2706672863486,4.79876121807827,-iii,3,6.95861111480203,5.18989747189124,
406,82,-II,1,6.39378880999543,5.40396119496012,-II,1,6.39378880999543,5.40396119496012,
406,83,-II,1,5.00540633624959,5.44048428464702,-II,1,5.00540633624959,5.44048428464702,
,,,,,,,,,,
407,35,#IV,6,7.41912539439768,4.48885900638762,#IV,6,7.41912539439768,4.48885900638762,
407,36,iv,2,7.46698727787462,3.19091740638423,iv,2,7.46698727787462,3.19091740638423,
407,37,-VI,1,5.31977290933337,5.45298253750334,-VI,1,5.31977290933337,5.45298253750334,
407,38,I,2,5.43780755337442,5.19040854958852,I,2,5.43780755337442,5.19040854958852,
407,39,I,2,4.33519713273102,5.41934604014041,I,2,4.33519713273102,5.41934604014041,
407,40,I+,3,6.43398439287137,5.36798749318986,-vii,3,6.51764062766022,5.36798749318986,0.0836562347888572
407,41,I,3,1.23060987917747,3.58387461067546,I,2,5.49691381384833,3.96908950914226,
407,42,iii,4,5.98492812162663,4.94787677837653,iii,2,5.75024541425396,5.36710859968808,
407,43,vi,2,3.67010962802191,5.21915222061716,vi,2,3.67010962802191,5.21915222061716,
407,44,IV,3,3.69572439801877,5.11045100096823,IV,3,3.69572439801877,5.11045100096823,
407,45,-VII,4,5.92621902476389,4.60250761294049,-VII,4,5.92621902476389,4.60250761294049,
,,,,,,,,,,
408,52,vi,2,3.67010962802191,5.21915222061716,vi,2,3.67010962802191,5.21915222061716,
408,53,IV,3,3.69572439801877,5.11045100096823,IV,3,3.69572439801877,5.11045100096823,
408,54,-VII,4,5.92621902476389,4.60250761294049,-VII,4,5.92621902476389,4.60250761294049,
408,55,V,3,5.23038282043269,4.70296834590197,V,3,5.23038282043269,4.70296834590197,
408,56,#IV+,3,7.21084462409523,4.77959808403203,#IV+,3,7.21084462409523,4.77959808403203,
408,57,IV,1,6.39660478118186,4.33824316572275,vi,1,6.48099696847223,4.33824316572275,0.0843921872903728
408,58,iii,1,5.25830986038592,5.46015231333603,iii,1,5.32896844101121,5.45949806372931,
408,59,vi,2,3.88056434428391,5.20474876077054,vi,2,3.79015528345452,5.27008795563573,
408,60,ii,3,3.12332133618508,4.96125786289468,ii,3,3.79903084455397,4.822079238811,
408,61,I,4,4.06648165628245,4.79205003277203,I,4,4.55462766837935,4.90783248835696,
408,62,#IV,5,7.04988607715519,4.69930341512554,#IV,4,6.80704486088988,5.09264181687644,
,,,,,,,,,,
409,17,I,5,1.63555725111559,4.43169744819651,I,5,1.63555725111559,4.43169744819651,
409,18,#IV,6,7.55812278639041,4.28599880291646,#IV,6,7.55812278639041,4.28599880291646,
409,19,iv,2,7.46698727787462,3.19091740638423,iv,2,7.46698727787462,3.19091740638423,
409,20,-III,1,5.25061088482598,5.45298253750334,-III,1,5.25061088482598,5.45298253750334,
409,21,I,2,5.11533565876399,5.33789410002533,I,2,5.11533565876399,5.33789410002533,
409,22,iv,3,5.49584581795407,4.80247879652896,v,3,5.58027077640324,4.80247879652896,0.0844249584491781
409,23,I,3,4.28442698113964,5.01642805793056,I,3,1.67852746517519,4.50035550419085,
409,24,iv,3,3.28501200841588,5.12756237700192,iv,4,6.07757581893803,4.92590754311094,
409,25,I,4,2.62782675606846,4.99593757888795,I,3,4.25280292260546,5.1126028250159,
409,26,#IV,5,7.27233505431236,4.64934421436809,#IV,3,6.79583197643061,5.12756237700192,
409,27,iv,2,7.46698727787462,3.19091740638423,iv,2,7.46698727787462,3.19091740638423,
,,,,,,,,,,
410,44,IV,3,3.69572439801877,5.11045100096823,IV,3,3.69572439801877,5.11045100096823,
410,45,-VII,4,5.92621902476389,4.60250761294049,-VII,4,5.92621902476389,4.60250761294049,
410,46,IV,3,4.80620692836147,4.70296834590197,IV,3,4.80620692836147,4.70296834590197,
410,47,V,3,4.04677291528327,5.13068795614639,V,3,4.04677291528327,5.13068795614639,
410,48,I,4,2.50773853601309,4.7026225891055,I,4,2.50773853601309,4.7026225891055,
410,49,I+,5,6.68093454004438,5.02043641115032,viio,5,6.76575186871554,5.02043641115032,0.0848173286711651
410,50,I,3,2.81974766149247,4.95076396652624,I,3,5.07932972677794,3.49758700744838,
410,51,iii,4,5.95140374905293,5.00486099057086,iii,2,5.73771383379125,5.39646301994322,
410,52,vi,2,3.67010962802191,5.21915222061716,vi,2,3.67010962802191,5.21915222061716,
410,53,IV,3,3.69572439801877,5.11045100096823,IV,3,3.69572439801877,5.11045100096823,
410,54,-VII,4,5.92621902476389,4.60250761294049,-VII,4,5.92621902476389,4.60250761294049,
,,,,,,,,,,
411,68,v,1,6.40702811257819,5.26832602886992,v,1,6.40702811257819,5.26832602886992,
411,69,i,1,5.04582678585244,5.40780748387603,i,1,5.04582678585244,5.40780748387603,
411,70,iv,2,4.44893493864514,5.28631663594942,iv,2,4.44893493864514,5.28631663594942,
411,71,-III,3,3.78247959356285,5.1053219814982,-III,3,3.78247959356285,5.1053219814982,
411,72,-iii,4,7.2706672863486,4.79876121807827,-iii,4,7.2706672863486,4.79876121807827,
411,73,-II,1,6.39378880999543,5.40396119496012,V+,1,6.47867770758194,5.40396119496012,0.084888897586513
411,74,-II,1,5.00540633624959,5.44048428464702,-II,1,6.41886457739032,5.18319958648663,
411,75,-iii,2,6.7766771965543,5.16831836386541,-iii,1,6.47199267396883,5.44048428464702,
411,76,iv,1,6.18322182405577,5.40396119496012,iv,1,6.18322182405577,5.40396119496012,
411,77,v,1,5.03569244506737,5.45298253750334,v,1,5.03569244506737,5.45298253750334,
411,78,i,2,4.12906689482177,5.18762847529485,i,2,4.12906689482177,5.18762847529485,
,,,,,,,,,,
412,68,v,1,6.40702811257819,5.26832602886992,v,1,6.40702811257819,5.26832602886992,
412,69,i,1,5.04582678585244,5.40780748387603,i,1,5.04582678585244,5.40780748387603,
412,70,iv,2,4.44893493864514,5.28631663594942,iv,2,4.44893493864514,5.28631663594942,
412,71,-III,3,3.78247959356285,5.1053219814982,-III,3,3.78247959356285,5.1053219814982,
412,72,-iii,4,7.2706672863486,4.79876121807827,-iii,4,7.2706672863486,4.79876121807827,
412,73,-II,1,6.39378880999543,5.40396119496012,#io,1,6.47867770758194,5.40396119496012,0.084888897586513
412,74,-II,1,5.00540633624959,5.44048428464702,-II,1,6.75366565577166,4.94357410376213,
412,75,-iii,2,6.7766771965543,5.16831836386541,-iii,1,6.47199267396883,5.44048428464702,
412,76,iv,1,6.18322182405577,5.40396119496012,iv,1,6.18322182405577,5.40396119496012,
412,77,v,1,5.03569244506737,5.45298253750334,v,1,5.03569244506737,5.45298253750334,
412,78,i,2,4.12906689482177,5.18762847529485,i,2,4.12906689482177,5.18762847529485,
,,,,,,,,,,
413,68,v,1,6.40702811257819,5.26832602886992,v,1,6.40702811257819,5.26832602886992,
413,69,i,1,5.04582678585244,5.40780748387603,i,1,5.04582678585244,5.40780748387603,
413,70,iv,2,4.44893493864514,5.28631663594942,iv,2,4.44893493864514,5.28631663594942,
413,71,-III,3,3.78247959356285,5.1053219814982,-III,3,3.78247959356285,5.1053219814982,
413,72,-iii,4,7.2706672863486,4.79876121807827,-iii,4,7.2706672863486,4.79876121807827,
413,73,-II,1,6.39378880999543,5.40396119496012,#ivo,1,6.47867770758194,5.40396119496012,0.084888897586513
413,74,-II,1,5.00540633624959,5.44048428464702,-II,1,6.7608545689638,4.95517854450859,
413,75,-iii,2,6.7766771965543,5.16831836386541,-iii,1,6.47199267396883,5.44048428464702,
413,76,iv,1,6.18322182405577,5.40396119496012,iv,1,6.18322182405577,5.40396119496012,
413,77,v,1,5.03569244506737,5.45298253750334,v,1,5.03569244506737,5.45298253750334,
413,78,i,2,4.12906689482177,5.18762847529485,i,2,4.12906689482177,5.18762847529485,
,,,,,,,,,,
414,77,v,1,5.03569244506737,5.45298253750334,v,1,5.03569244506737,5.45298253750334,
414,78,i,2,4.12906689482177,5.18762847529485,i,2,4.12906689482177,5.18762847529485,
414,79,iv,3,3.69985452108245,4.82022148031579,iv,3,3.69985452108245,4.82022148031579,
414,80,-III,4,4.33470413158456,4.148277617094,-III,4,4.33470413158456,4.148277617094,
414,81,-iii,4,7.2706672863486,4.79876121807827,-iii,4,7.2706672863486,4.79876121807827,
414,82,-II,1,6.39378880999543,5.40396119496012,V+,1,6.47867770758194,5.40396119496012,0.084888897586513
414,83,-II,1,5.00540633624959,5.44048428464702,-II,1,6.41886457739032,5.18319958648663,
414,84,-iii,2,6.7766771965543,5.16831836386541,-iii,1,6.47199267396883,5.44048428464702,
414,85,iv,1,6.18322182405577,5.40396119496012,iv,1,6.18322182405577,5.40396119496012,
414,86,#IV,1,6.4609038285878,5.45298253750334,#IV,1,6.4609038285878,5.45298253750334,
414,87,-vi,1,6.72421828845889,5.26832602886992,-vi,1,6.72421828845889,5.26832602886992,
,,,,,,,,,,
415,77,v,1,5.03569244506737,5.45298253750334,v,1,5.03569244506737,5.45298253750334,
415,78,i,2,4.12906689482177,5.18762847529485,i,2,4.12906689482177,5.18762847529485,
415,79,iv,3,3.69985452108245,4.82022148031579,iv,3,3.69985452108245,4.82022148031579,
415,80,-III,4,4.33470413158456,4.148277617094,-III,4,4.33470413158456,4.148277617094,
415,81,-iii,4,7.2706672863486,4.79876121807827,-iii,4,7.2706672863486,4.79876121807827,
415,82,-II,1,6.39378880999543,5.40396119496012,#io,1,6.47867770758194,5.40396119496012,0.084888897586513
415,83,-II,1,5.00540633624959,5.44048428464702,-II,1,6.75366565577166,4.94357410376213,
415,84,-iii,2,6.7766771965543,5.16831836386541,-iii,1,6.47199267396883,5.44048428464702,
415,85,iv,1,6.18322182405577,5.40396119496012,iv,1,6.18322182405577,5.40396119496012,
415,86,#IV,1,6.4609038285878,5.45298253750334,#IV,1,6.4609038285878,5.45298253750334,
415,87,-vi,1,6.72421828845889,5.26832602886992,-vi,1,6.72421828845889,5.26832602886992,
,,,,,,,,,,
416,77,v,1,5.03569244506737,5.45298253750334,v,1,5.03569244506737,5.45298253750334,
416,78,i,2,4.12906689482177,5.18762847529485,i,2,4.12906689482177,5.18762847529485,
416,79,iv,3,3.69985452108245,4.82022148031579,iv,3,3.69985452108245,4.82022148031579,
416,80,-III,4,4.33470413158456,4.148277617094,-III,4,4.33470413158456,4.148277617094,
416,81,-iii,4,7.2706672863486,4.79876121807827,-iii,4,7.2706672863486,4.79876121807827,
416,82,-II,1,6.39378880999543,5.40396119496012,#ivo,1,6.47867770758194,5.40396119496012,0.084888897586513
416,83,-II,1,5.00540633624959,5.44048428464702,-II,1,6.7608545689638,4.95517854450859,
416,84,-iii,2,6.7766771965543,5.16831836386541,-iii,1,6.47199267396883,5.44048428464702,
416,85,iv,1,6.18322182405577,5.40396119496012,iv,1,6.18322182405577,5.40396119496012,
416,86,#IV,1,6.4609038285878,5.45298253750334,#IV,1,6.4609038285878,5.45298253750334,
416,87,-vi,1,6.72421828845889,5.26832602886992,-vi,1,6.72421828845889,5.26832602886992,
,,,,,,,,,,
417,62,#IV,5,7.04988607715519,4.69930341512554,#IV,5,7.04988607715519,4.69930341512554,
417,63,VII,2,5.86348521659191,3.19091740638423,VII,2,5.86348521659191,3.19091740638423,
417,64,-iii,2,6.18311163009071,4.45248520163112,-iii,2,6.18311163009071,4.45248520163112,
417,65,-iii,2,6.98610868287465,4.6330856208257,-iii,2,6.98610868287465,4.6330856208257,
417,66,-vi,1,6.59233448937751,5.40396119496012,-vi,1,6.59233448937751,5.40396119496012,
417,67,#IV,1,6.60402569114554,5.18655150239105,vii,1,6.51786904739583,5.18655150239105,0.0861566437497148
417,68,v,1,6.40702811257819,5.26832602886992,v,1,6.44438285431466,5.39530134168783,
417,69,i,1,5.04582678585244,5.40780748387603,i,1,5.04582678585244,5.40780748387603,
417,70,iv,2,4.44893493864514,5.28631663594942,iv,2,4.44893493864514,5.28631663594942,
417,71,-III,3,3.78247959356285,5.1053219814982,-III,3,3.78247959356285,5.1053219814982,
417,72,-iii,4,7.2706672863486,4.79876121807827,-iii,4,7.2706672863486,4.79876121807827,
,,,,,,,,,,
418,62,#IV,5,7.04988607715519,4.69930341512554,#IV,5,7.04988607715519,4.69930341512554,
418,63,VII,2,5.86348521659191,3.19091740638423,VII,2,5.86348521659191,3.19091740638423,
418,64,-iii,2,6.18311163009071,4.45248520163112,-iii,2,6.18311163009071,4.45248520163112,
418,65,-iii,2,6.98610868287465,4.6330856208257,-iii,2,6.98610868287465,4.6330856208257,
418,66,-vi,1,6.59233448937751,5.40396119496012,-vi,1,6.59233448937751,5.40396119496012,
418,67,#IV,1,6.60402569114554,5.18655150239105,vo,1,6.51786904739583,5.18655150239105,0.0861566437497148
418,68,v,1,6.40702811257819,5.26832602886992,v,1,6.60830346389841,4.973253351909,
418,69,i,1,5.04582678585244,5.40780748387603,i,1,5.04582678585244,5.40780748387603,
418,70,iv,2,4.44893493864514,5.28631663594942,iv,2,4.44893493864514,5.28631663594942,
418,71,-III,3,3.78247959356285,5.1053219814982,-III,3,3.78247959356285,5.1053219814982,
418,72,-iii,4,7.2706672863486,4.79876121807827,-iii,4,7.2706672863486,4.79876121807827,
,,,,,,,,,,
419,89,i,2,5.08527498042575,4.93666262653595,i,2,5.08527498042575,4.93666262653595,
419,90,iv,2,3.27745556605902,4.97469682440288,iv,2,3.27745556605902,4.97469682440288,
419,91,-vii,3,6.89085088417614,4.81247574766958,-vii,3,6.89085088417614,4.81247574766958,
419,92,-VI,2,5.45704502580042,4.72483603609195,-VI,2,5.45704502580042,4.72483603609195,
419,93,-vi,2,6.3383993290159,5.16499410827579,-vi,2,6.3383993290159,5.16499410827579,
419,94,#IV,2,7.15255786947222,4.36051564243597,vii,2,7.06640122572251,4.36051564243597,0.0861566437497148
419,95,#IV,1,4.74720653884321,5.26832602886992,#IV,1,6.66994255472979,5.39530134168783,
419,96,-vi,2,7.18908383683268,4.41656597700969,-vi,1,6.72421828845889,5.26832602886992,
419,97,-vii,1,4.00068466110953,5.18655150239105,-vii,1,4.00068466110953,5.18655150239105,
419,98,i,2,5.08527498042575,4.93666262653595,i,2,5.08527498042575,4.93666262653595,
419,99,iv,2,3.27745556605902,4.97469682440288,iv,2,3.27745556605902,4.97469682440288,
,,,,,,,,,,
420,89,i,2,5.08527498042575,4.93666262653595,i,2,5.08527498042575,4.93666262653595,
420,90,iv,2,3.27745556605902,4.97469682440288,iv,2,3.27745556605902,4.97469682440288,
420,91,-vii,3,6.89085088417614,4.81247574766958,-vii,3,6.89085088417614,4.81247574766958,
420,92,-VI,2,5.45704502580042,4.72483603609195,-VI,2,5.45704502580042,4.72483603609195,
420,93,-vi,2,6.3383993290159,5.16499410827579,-vi,2,6.3383993290159,5.16499410827579,
420,94,#IV,2,7.15255786947222,4.36051564243597,vo,2,7.06640122572251,4.36051564243597,0.0861566437497148
420,95,#IV,1,4.74720653884321,5.26832602886992,#IV,1,6.83386316431354,4.973253351909,
420,96,-vi,2,7.18908383683268,4.41656597700969,-vi,1,6.72421828845889,5.26832602886992,
420,97,-vii,1,4.00068466110953,5.18655150239105,-vii,1,4.00068466110953,5.18655150239105,
420,98,i,2,5.08527498042575,4.93666262653595,i,2,5.08527498042575,4.93666262653595,
420,99,iv,2,3.27745556605902,4.97469682440288,iv,2,3.27745556605902,4.97469682440288,
,,,,,,,,,,
421,152,i,2,5.08527498042575,4.93666262653595,i,2,5.08527498042575,4.93666262653595,
421,153,iv,2,3.27745556605902,4.97469682440288,iv,2,3.27745556605902,4.97469682440288,
421,154,-vii,3,6.89085088417614,4.81247574766958,-vii,3,6.89085088417614,4.81247574766958,
421,155,-VI,2,5.45704502580042,4.72483603609195,-VI,2,5.45704502580042,4.72483603609195,
421,156,-vi,2,6.3383993290159,5.16499410827579,-vi,2,6.3383993290159,5.16499410827579,
421,157,#IV,2,7.15255786947222,4.36051564243597,vii,2,7.06640122572251,4.36051564243597,0.0861566437497148
421,158,#IV,1,4.74720653884321,5.26832602886992,#IV,1,6.66994255472979,5.39530134168783,
421,159,-vi,2,7.18908383683268,4.41656597700969,-vi,1,6.72421828845889,5.26832602886992,
421,160,-vii,1,4.00068466110953,5.18655150239105,-vii,1,4.00068466110953,5.18655150239105,
421,161,i,2,5.08527498042575,4.93666262653595,i,2,5.08527498042575,4.93666262653595,
421,162,r,2,3.1525055960188,4.97469682440288,r,2,3.1525055960188,4.97469682440288,
,,,,,,,,,,
422,152,i,2,5.08527498042575,4.93666262653595,i,2,5.08527498042575,4.93666262653595,
422,153,iv,2,3.27745556605902,4.97469682440288,iv,2,3.27745556605902,4.97469682440288,
422,154,-vii,3,6.89085088417614,4.81247574766958,-vii,3,6.89085088417614,4.81247574766958,
422,155,-VI,2,5.45704502580042,4.72483603609195,-VI,2,5.45704502580042,4.72483603609195,
422,156,-vi,2,6.3383993290159,5.16499410827579,-vi,2,6.3383993290159,5.16499410827579,
422,157,#IV,2,7.15255786947222,4.36051564243597,vo,2,7.06640122572251,4.36051564243597,0.0861566437497148
422,158,#IV,1,4.74720653884321,5.26832602886992,#IV,1,6.83386316431354,4.973253351909,
422,159,-vi,2,7.18908383683268,4.41656597700969,-vi,1,6.72421828845889,5.26832602886992,
422,160,-vii,1,4.00068466110953,5.18655150239105,-vii,1,4.00068466110953,5.18655150239105,
422,161,i,2,5.08527498042575,4.93666262653595,i,2,5.08527498042575,4.93666262653595,
422,162,r,2,3.1525055960188,4.97469682440288,r,2,3.1525055960188,4.97469682440288,
,,,,,,,,,,
423,14,iv,5,5.6784154043939,5.19974290858501,iv,5,5.6784154043939,5.19974290858501,
423,15,I,4,2.49873251161012,4.89695766762155,I,4,2.49873251161012,4.89695766762155,
423,16,iv,5,3.20664600669161,4.66342858519195,iv,5,3.20664600669161,4.66342858519195,
423,17,I,5,1.63555725111559,4.43169744819651,I,5,1.63555725111559,4.43169744819651,
423,18,#IV,6,7.55812278639041,4.28599880291646,#IV,6,7.55812278639041,4.28599880291646,
423,19,iv,2,7.46698727787462,3.19091740638423,ii,2,7.38057252605715,3.19091740638423,0.0864147518174727
423,20,-III,1,5.25061088482598,5.45298253750334,-III,1,5.56191258176574,5.44794646687612,
423,21,I,2,5.11533565876399,5.33789410002533,I,2,5.36746147815892,5.37044516762582,
423,22,iv,3,5.49584581795407,4.80247879652896,iv,2,5.22614728495463,5.26832080386372,
423,23,I,3,4.28442698113964,5.01642805793056,I,3,4.28442698113964,5.01642805793056,
423,24,iv,3,3.28501200841588,5.12756237700192,iv,3,3.28501200841588,5.12756237700192,
,,,,,,,,,,
424,14,iv,5,5.6784154043939,5.19974290858501,iv,5,5.6784154043939,5.19974290858501,
424,15,I,4,2.49873251161012,4.89695766762155,I,4,2.49873251161012,4.89695766762155,
424,16,iv,5,3.20664600669161,4.66342858519195,iv,5,3.20664600669161,4.66342858519195,
424,17,I,5,1.63555725111559,4.43169744819651,I,5,1.63555725111559,4.43169744819651,
424,18,#IV,6,7.55812278639041,4.28599880291646,#IV,6,7.55812278639041,4.28599880291646,
424,19,iv,2,7.46698727787462,3.19091740638423,i,2,7.38057252605715,3.19091740638423,0.0864147518174727
424,20,-III,1,5.25061088482598,5.45298253750334,-III,1,5.29728637870555,5.45235558648835,
424,21,I,2,5.11533565876399,5.33789410002533,I,2,5.14938632034719,5.31333685319722,
424,22,iv,3,5.49584581795407,4.80247879652896,iv,3,5.49584581795407,4.80247879652896,
424,23,I,3,4.28442698113964,5.01642805793056,I,3,4.28442698113964,5.01642805793056,
424,24,iv,3,3.28501200841588,5.12756237700192,iv,3,3.28501200841588,5.12756237700192,
,,,,,,,,,,
425,22,iv,3,5.49584581795407,4.80247879652896,iv,3,5.49584581795407,4.80247879652896,
425,23,I,3,4.28442698113964,5.01642805793056,I,3,4.28442698113964,5.01642805793056,
425,24,iv,3,3.28501200841588,5.12756237700192,iv,3,3.28501200841588,5.12756237700192,
425,25,I,4,2.62782675606846,4.99593757888795,I,4,2.62782675606846,4.99593757888795,
425,26,#IV,5,7.27233505431236,4.64934421436809,#IV,5,7.27233505431236,4.64934421436809,
425,27,iv,2,7.46698727787462,3.19091740638423,ii,2,7.38057252605715,3.19091740638423,0.0864147518174727
425,28,-VI,1,5.31977290933337,5.45298253750334,-VI,1,5.474715464466,5.44794646687612,
425,29,I,2,5.43780755337442,5.19040854958852,I,2,4.27013798216726,4.95556398083813,
425,30,I,2,4.33519713273102,5.41934604014041,I,3,2.50281767204512,5.12157812881972,
425,31,iv,3,4.83128580160429,5.36798749318986,iv,4,5.05215452256713,4.93522722551454,
425,32,I,4,3.93997197716702,4.65115140116723,I,4,3.93997197716702,4.65115140116723,
,,,,,,,,,,
426,22,iv,3,5.49584581795407,4.80247879652896,iv,3,5.49584581795407,4.80247879652896,
426,23,I,3,4.28442698113964,5.01642805793056,I,3,4.28442698113964,5.01642805793056,
426,24,iv,3,3.28501200841588,5.12756237700192,iv,3,3.28501200841588,5.12756237700192,
426,25,I,4,2.62782675606846,4.99593757888795,I,4,2.62782675606846,4.99593757888795,
426,26,#IV,5,7.27233505431236,4.64934421436809,#IV,5,7.27233505431236,4.64934421436809,
426,27,iv,2,7.46698727787462,3.19091740638423,i,2,7.38057252605715,3.19091740638423,0.0864147518174727
426,28,-VI,1,5.31977290933337,5.45298253750334,-VI,1,5.2306197191657,5.45235558648835,
426,29,I,2,5.43780755337442,5.19040854958852,I,2,5.45661016915958,5.24615730229889,
426,30,I,2,4.33519713273102,5.41934604014041,I,2,4.33519713273102,5.41934604014041,
426,31,iv,3,4.83128580160429,5.36798749318986,iv,3,4.83128580160429,5.36798749318986,
426,32,I,4,3.93997197716702,4.65115140116723,I,4,3.93997197716702,4.65115140116723,
,,,,,,,,,,
427,31,iv,3,4.83128580160429,5.36798749318986,iv,3,4.83128580160429,5.36798749318986,
427,32,I,4,3.93997197716702,4.65115140116723,I,4,3.93997197716702,4.65115140116723,
427,33,iv,4,2.35425588667656,4.70879800011142,iv,4,2.35425588667656,4.70879800011142,
427,34,I,5,1.39232462394126,4.1767815461776,I,5,1.39232462394126,4.1767815461776,
427,35,#IV,6,7.41912539439768,4.48885900638762,#IV,6,7.41912539439768,4.48885900638762,
427,36,iv,2,7.46698727787462,3.19091740638423,ii,2,7.38057252605715,3.19091740638423,0.0864147518174727
427,37,-VI,1,5.31977290933337,5.45298253750334,-VI,1,5.474715464466,5.44794646687612,
427,38,I,2,5.43780755337442,5.19040854958852,I,2,4.27013798216726,4.95556398083813,
427,39,I,2,4.33519713273102,5.41934604014041,I,3,2.50281767204512,5.12157812881972,
427,40,I+,3,6.43398439287137,5.36798749318986,I+,4,6.65485311383421,4.93522722551454,
427,41,I,3,1.23060987917747,3.58387461067546,I,3,1.23060987917747,3.58387461067546,
,,,,,,,,,,
428,31,iv,3,4.83128580160429,5.36798749318986,iv,3,4.83128580160429,5.36798749318986,
428,32,I,4,3.93997197716702,4.65115140116723,I,4,3.93997197716702,4.65115140116723,
428,33,iv,4,2.35425588667656,4.70879800011142,iv,4,2.35425588667656,4.70879800011142,
428,34,I,5,1.39232462394126,4.1767815461776,I,5,1.39232462394126,4.1767815461776,
428,35,#IV,6,7.41912539439768,4.48885900638762,#IV,6,7.41912539439768,4.48885900638762,
428,36,iv,2,7.46698727787462,3.19091740638423,i,2,7.38057252605715,3.19091740638423,0.0864147518174727
428,37,-VI,1,5.31977290933337,5.45298253750334,-VI,1,5.2306197191657,5.45235558648835,
428,38,I,2,5.43780755337442,5.19040854958852,I,2,5.45661016915958,5.24615730229889,
428,39,I,2,4.33519713273102,5.41934604014041,I,2,4.33519713273102,5.41934604014041,
428,40,I+,3,6.43398439287137,5.36798749318986,I+,3,6.43398439287137,5.36798749318986,
428,41,I,3,1.23060987917747,3.58387461067546,I,3,1.23060987917747,3.58387461067546,
,,,,,,,,,,
429,25,I,4,2.62782675606846,4.99593757888795,I,4,2.62782675606846,4.99593757888795,
429,26,#IV,5,7.27233505431236,4.64934421436809,#IV,5,7.27233505431236,4.64934421436809,
429,27,iv,2,7.46698727787462,3.19091740638423,iv,2,7.46698727787462,3.19091740638423,
429,28,-VI,1,5.31977290933337,5.45298253750334,-VI,1,5.31977290933337,5.45298253750334,
429,29,I,2,5.43780755337442,5.19040854958852,I,2,5.43780755337442,5.19040854958852,
429,30,I,2,4.33519713273102,5.41934604014041,IV,2,4.4219173403036,5.41934604014041,0.0867202075725721
429,31,iv,3,4.83128580160429,5.36798749318986,iv,3,5.85434811374323,3.71413043164198,
429,32,I,4,3.93997197716702,4.65115140116723,I,3,2.60467710697137,5.06237484416152,
429,33,iv,4,2.35425588667656,4.70879800011142,iv,4,4.28976456878872,5.16110834563395,
429,34,I,5,1.39232462394126,4.1767815461776,I,5,2.9707992279886,4.65207090462069,
429,35,#IV,6,7.41912539439768,4.48885900638762,#IV,5,7.2487312015062,4.62792808228486,
,,,,,,,,,,
430,34,I,5,1.39232462394126,4.1767815461776,I,5,1.39232462394126,4.1767815461776,
430,35,#IV,6,7.41912539439768,4.48885900638762,#IV,6,7.41912539439768,4.48885900638762,
430,36,iv,2,7.46698727787462,3.19091740638423,iv,2,7.46698727787462,3.19091740638423,
430,37,-VI,1,5.31977290933337,5.45298253750334,-VI,1,5.31977290933337,5.45298253750334,
430,38,I,2,5.43780755337442,5.19040854958852,I,2,5.43780755337442,5.19040854958852,
430,39,I,2,4.33519713273102,5.41934604014041,IV,2,4.4219173403036,5.41934604014041,0.0867202075725721
430,40,I+,3,6.43398439287137,5.36798749318986,I+,3,7.45947394321864,3.71413043164198,
430,41,I,3,1.23060987917747,3.58387461067546,I,2,3.63977484563619,3.47235451555627,
430,42,iii,4,5.98492812162663,4.94787677837653,iii,2,5.77099497794835,5.2934524384411,
430,43,vi,2,3.67010962802191,5.21915222061716,vi,2,3.67010962802191,5.21915222061716,
430,44,IV,3,3.69572439801877,5.11045100096823,IV,3,3.69572439801877,5.11045100096823,
,,,,,,,,,,
431,90,iv,2,3.27745556605902,4.97469682440288,iv,2,3.27745556605902,4.97469682440288,
431,91,-vii,3,6.89085088417614,4.81247574766958,-vii,3,6.89085088417614,4.81247574766958,
431,92,-VI,2,5.45704502580042,4.72483603609195,-VI,2,5.45704502580042,4.72483603609195,
431,93,-vi,2,6.3383993290159,5.16499410827579,-vi,2,6.3383993290159,5.16499410827579,
431,94,#IV,2,7.15255786947222,4.36051564243597,#IV,2,7.15255786947222,4.36051564243597,
431,95,#IV,1,4.74720653884321,5.26832602886992,-VI,1,4.65979418295816,5.26832602886992,0.0874123558850552
431,96,-vi,2,7.18908383683268,4.41656597700969,-vi,2,6.32674112383152,5.15945427074417,
431,97,-vii,1,4.00068466110953,5.18655150239105,-vii,2,4.54921683943621,4.36051564243597,
431,98,i,2,5.08527498042575,4.93666262653595,i,2,5.08527498042575,4.93666262653595,
431,99,iv,2,3.27745556605902,4.97469682440288,iv,2,3.27745556605902,4.97469682440288,
431,100,-vii,3,6.89085088417614,4.81247574766958,-vii,3,6.89085088417614,4.81247574766958,
,,,,,,,,,,
432,153,iv,2,3.27745556605902,4.97469682440288,iv,2,3.27745556605902,4.97469682440288,
432,154,-vii,3,6.89085088417614,4.81247574766958,-vii,3,6.89085088417614,4.81247574766958,
432,155,-VI,2,5.45704502580042,4.72483603609195,-VI,2,5.45704502580042,4.72483603609195,
432,156,-vi,2,6.3383993290159,5.16499410827579,-vi,2,6.3383993290159,5.16499410827579,
432,157,#IV,2,7.15255786947222,4.36051564243597,#IV,2,7.15255786947222,4.36051564243597,
432,158,#IV,1,4.74720653884321,5.26832602886992,-VI,1,4.65979418295816,5.26832602886992,0.0874123558850552
432,159,-vi,2,7.18908383683268,4.41656597700969,-vi,2,6.32674112383152,5.15945427074417,
432,160,-vii,1,4.00068466110953,5.18655150239105,-vii,2,4.54921683943621,4.36051564243597,
432,161,i,2,5.08527498042575,4.93666262653595,i,2,5.08527498042575,4.93666262653595,
432,162,r,2,3.1525055960188,4.97469682440288,r,2,3.1525055960188,4.97469682440288,
432,163,r,2,1.71736353267208,3.74300594358816,r,2,1.71736353267208,3.74300594358816,
,,,,,,,,,,
433,46,IV,3,4.80620692836147,4.70296834590197,IV,3,4.80620692836147,4.70296834590197,
433,47,V,3,4.04677291528327,5.13068795614639,V,3,4.04677291528327,5.13068795614639,
433,48,I,4,2.50773853601309,4.7026225891055,I,4,2.50773853601309,4.7026225891055,
433,49,I+,5,6.68093454004438,5.02043641115032,I+,5,6.68093454004438,5.02043641115032,
433,50,I,3,2.81974766149247,4.95076396652624,I,3,2.81974766149247,4.95076396652624,
433,51,iii,4,5.95140374905293,5.00486099057086,-III,4,6.038906190513,5.00486099057086,0.0875024414600745
433,52,vi,2,3.67010962802191,5.21915222061716,vi,2,6.25294140366094,5.37328607425198,
433,53,IV,3,3.69572439801877,5.11045100096823,IV,2,5.35620447850411,5.05058760530838,
433,54,-VII,4,5.92621902476389,4.60250761294049,-VII,2,5.16528745594377,5.34582523361725,
433,55,V,3,5.23038282043269,4.70296834590197,V,3,5.23038282043269,4.70296834590197,
433,56,#IV+,3,7.21084462409523,4.77959808403203,#IV+,3,7.21084462409523,4.77959808403203,
,,,,,,,,,,
434,46,IV,3,4.80620692836147,4.70296834590197,IV,3,4.80620692836147,4.70296834590197,
434,47,V,3,4.04677291528327,5.13068795614639,V,3,4.04677291528327,5.13068795614639,
434,48,I,4,2.50773853601309,4.7026225891055,I,4,2.50773853601309,4.7026225891055,
434,49,I+,5,6.68093454004438,5.02043641115032,I+,5,6.68093454004438,5.02043641115032,
434,50,I,3,2.81974766149247,4.95076396652624,I,3,2.81974766149247,4.95076396652624,
434,51,iii,4,5.95140374905293,5.00486099057086,-VI,4,6.038906190513,5.00486099057086,0.0875024414600745
434,52,vi,2,3.67010962802191,5.21915222061716,vi,2,5.56595224468824,5.31506648406537,
434,53,IV,3,3.69572439801877,5.11045100096823,IV,3,5.83959559956917,4.28016591363499,
434,54,-VII,4,5.92621902476389,4.60250761294049,-VII,2,5.16528745594377,5.34582523361725,
434,55,V,3,5.23038282043269,4.70296834590197,V,3,5.23038282043269,4.70296834590197,
434,56,#IV+,3,7.21084462409523,4.77959808403203,#IV+,3,7.21084462409523,4.77959808403203,
,,,,,,,,,,
435,37,-VI,1,5.31977290933337,5.45298253750334,-VI,1,5.31977290933337,5.45298253750334,
435,38,I,2,5.43780755337442,5.19040854958852,I,2,5.43780755337442,5.19040854958852,
435,39,I,2,4.33519713273102,5.41934604014041,I,2,4.33519713273102,5.41934604014041,
435,40,I+,3,6.43398439287137,5.36798749318986,I+,3,6.43398439287137,5.36798749318986,
435,41,I,3,1.23060987917747,3.58387461067546,I,3,1.23060987917747,3.58387461067546,
435,42,iii,4,5.98492812162663,4.94787677837653,-III,4,6.07243056308671,4.94787677837653,0.0875024414600754
435,43,vi,2,3.67010962802191,5.21915222061716,vi,2,6.25294140366094,5.37328607425198,
435,44,IV,3,3.69572439801877,5.11045100096823,IV,2,5.35620447850411,5.05058760530838,
435,45,-VII,4,5.92621902476389,4.60250761294049,-VII,2,5.16528745594377,5.34582523361725,
435,46,IV,3,4.80620692836147,4.70296834590197,IV,3,4.80620692836147,4.70296834590197,
435,47,V,3,4.04677291528327,5.13068795614639,V,3,4.04677291528327,5.13068795614639,
,,,,,,,,,,
436,37,-VI,1,5.31977290933337,5.45298253750334,-VI,1,5.31977290933337,5.45298253750334,
436,38,I,2,5.43780755337442,5.19040854958852,I,2,5.43780755337442,5.19040854958852,
436,39,I,2,4.33519713273102,5.41934604014041,I,2,4.33519713273102,5.41934604014041,
436,40,I+,3,6.43398439287137,5.36798749318986,I+,3,6.43398439287137,5.36798749318986,
436,41,I,3,1.23060987917747,3.58387461067546,I,3,1.23060987917747,3.58387461067546,
436,42,iii,4,5.98492812162663,4.94787677837653,-VI,4,6.07243056308671,4.94787677837653,0.0875024414600754
436,43,vi,2,3.67010962802191,5.21915222061716,vi,2,5.56595224468824,5.31506648406537,
436,44,IV,3,3.69572439801877,5.11045100096823,IV,3,5.83959559956917,4.28016591363499,
436,45,-VII,4,5.92621902476389,4.60250761294049,-VII,2,5.16528745594377,5.34582523361725,
436,46,IV,3,4.80620692836147,4.70296834590197,IV,3,4.80620692836147,4.70296834590197,
436,47,V,3,4.04677291528327,5.13068795614639,V,3,4.04677291528327,5.13068795614639,
,,,,,,,,,,
437,51,iii,4,5.95140374905293,5.00486099057086,iii,4,5.95140374905293,5.00486099057086,
437,52,vi,2,3.67010962802191,5.21915222061716,vi,2,3.67010962802191,5.21915222061716,
437,53,IV,3,3.69572439801877,5.11045100096823,IV,3,3.69572439801877,5.11045100096823,
437,54,-VII,4,5.92621902476389,4.60250761294049,-VII,4,5.92621902476389,4.60250761294049,
437,55,V,3,5.23038282043269,4.70296834590197,V,3,5.23038282043269,4.70296834590197,
437,56,#IV+,3,7.21084462409523,4.77959808403203,#I,3,7.12180036659777,4.77959808403203,0.0890442574974593
437,57,IV,1,6.39660478118186,4.33824316572275,IV,2,6.76251794328785,4.27849579080574,
437,58,iii,1,5.25830986038592,5.46015231333603,iii,1,5.25830986038592,5.46015231333603,
437,59,vi,2,3.88056434428391,5.20474876077054,vi,2,3.88056434428391,5.20474876077054,
437,60,ii,3,3.12332133618508,4.96125786289468,ii,3,3.12332133618508,4.96125786289468,
437,61,I,4,4.06648165628245,4.79205003277203,I,4,4.06648165628245,4.79205003277203,
,,,,,,,,,,
438,51,iii,4,5.95140374905293,5.00486099057086,iii,4,5.95140374905293,5.00486099057086,
438,52,vi,2,3.67010962802191,5.21915222061716,vi,2,3.67010962802191,5.21915222061716,
438,53,IV,3,3.69572439801877,5.11045100096823,IV,3,3.69572439801877,5.11045100096823,
438,54,-VII,4,5.92621902476389,4.60250761294049,-VII,4,5.92621902476389,4.60250761294049,
438,55,V,3,5.23038282043269,4.70296834590197,V,3,5.23038282043269,4.70296834590197,
438,56,#IV+,3,7.21084462409523,4.77959808403203,iiio,3,7.12180036659777,4.77959808403203,0.0890442574974593
438,57,IV,1,6.39660478118186,4.33824316572275,IV,2,3.35908525754581,4.09692015295496,
438,58,iii,1,5.25830986038592,5.46015231333603,iii,2,5.7865035946881,4.54712159470791,
438,59,vi,2,3.88056434428391,5.20474876077054,vi,2,3.88056434428391,5.20474876077054,
438,60,ii,3,3.12332133618508,4.96125786289468,ii,3,3.12332133618508,4.96125786289468,
438,61,I,4,4.06648165628245,4.79205003277203,I,4,4.06648165628245,4.79205003277203,
,,,,,,,,,,
439,51,iii,4,5.95140374905293,5.00486099057086,iii,4,5.95140374905293,5.00486099057086,
439,52,vi,2,3.67010962802191,5.21915222061716,vi,2,3.67010962802191,5.21915222061716,
439,53,IV,3,3.69572439801877,5.11045100096823,IV,3,3.69572439801877,5.11045100096823,
439,54,-VII,4,5.92621902476389,4.60250761294049,-VII,4,5.92621902476389,4.60250761294049,
439,55,V,3,5.23038282043269,4.70296834590197,V,3,5.23038282043269,4.70296834590197,
439,56,#IV+,3,7.21084462409523,4.77959808403203,ivo,3,7.12180036659777,4.77959808403203,0.0890442574974593
439,57,IV,1,6.39660478118186,4.33824316572275,IV,2,6.24648870307112,4.79727151389978,
439,58,iii,1,5.25830986038592,5.46015231333603,iii,1,5.25830986038592,5.46015231333603,
439,59,vi,2,3.88056434428391,5.20474876077054,vi,2,3.88056434428391,5.20474876077054,
439,60,ii,3,3.12332133618508,4.96125786289468,ii,3,3.12332133618508,4.96125786289468,
439,61,I,4,4.06648165628245,4.79205003277203,I,4,4.06648165628245,4.79205003277203,
,,,,,,,,,,
440,13,I,5,2.56398489539881,4.11750782709229,I,5,2.56398489539881,4.11750782709229,
440,14,iv,5,5.6784154043939,5.19974290858501,iv,5,5.6784154043939,5.19974290858501,
440,15,I,4,2.49873251161012,4.89695766762155,I,4,2.49873251161012,4.89695766762155,
440,16,iv,5,3.20664600669161,4.66342858519195,iv,5,3.20664600669161,4.66342858519195,
440,17,I,5,1.63555725111559,4.43169744819651,I,5,1.63555725111559,4.43169744819651,
440,18,#IV,6,7.55812278639041,4.28599880291646,V+,6,7.648369532627,4.28599880291646,0.090246746236585
440,19,iv,2,7.46698727787462,3.19091740638423,iv,2,6.51111814809781,4.68112379851347,
440,20,-III,1,5.25061088482598,5.45298253750334,-III,1,5.25061088482598,5.45298253750334,
440,21,I,2,5.11533565876399,5.33789410002533,I,2,5.11533565876399,5.33789410002533,
440,22,iv,3,5.49584581795407,4.80247879652896,iv,3,5.49584581795407,4.80247879652896,
440,23,I,3,4.28442698113964,5.01642805793056,I,3,4.28442698113964,5.01642805793056,
,,,,,,,,,,
441,21,I,2,5.11533565876399,5.33789410002533,I,2,5.11533565876399,5.33789410002533,
441,22,iv,3,5.49584581795407,4.80247879652896,iv,3,5.49584581795407,4.80247879652896,
441,23,I,3,4.28442698113964,5.01642805793056,I,3,4.28442698113964,5.01642805793056,
441,24,iv,3,3.28501200841588,5.12756237700192,iv,3,3.28501200841588,5.12756237700192,
441,25,I,4,2.62782675606846,4.99593757888795,I,4,2.62782675606846,4.99593757888795,
441,26,#IV,5,7.27233505431236,4.64934421436809,V+,5,7.36258180054894,4.64934421436809,0.090246746236585
441,27,iv,2,7.46698727787462,3.19091740638423,iv,2,6.51111814809781,4.68112379851347,
441,28,-VI,1,5.31977290933337,5.45298253750334,-VI,1,5.31977290933337,5.45298253750334,
441,29,I,2,5.43780755337442,5.19040854958852,I,2,5.43780755337442,5.19040854958852,
441,30,I,2,4.33519713273102,5.41934604014041,I,2,4.33519713273102,5.41934604014041,
441,31,iv,3,4.83128580160429,5.36798749318986,iv,3,4.83128580160429,5.36798749318986,
,,,,,,,,,,
442,30,I,2,4.33519713273102,5.41934604014041,I,2,4.33519713273102,5.41934604014041,
442,31,iv,3,4.83128580160429,5.36798749318986,iv,3,4.83128580160429,5.36798749318986,
442,32,I,4,3.93997197716702,4.65115140116723,I,4,3.93997197716702,4.65115140116723,
442,33,iv,4,2.35425588667656,4.70879800011142,iv,4,2.35425588667656,4.70879800011142,
442,34,I,5,1.39232462394126,4.1767815461776,I,5,1.39232462394126,4.1767815461776,
442,35,#IV,6,7.41912539439768,4.48885900638762,V+,6,7.50937214063426,4.48885900638762,0.090246746236585
442,36,iv,2,7.46698727787462,3.19091740638423,iv,2,6.51111814809781,4.68112379851347,
442,37,-VI,1,5.31977290933337,5.45298253750334,-VI,1,5.31977290933337,5.45298253750334,
442,38,I,2,5.43780755337442,5.19040854958852,I,2,5.43780755337442,5.19040854958852,
442,39,I,2,4.33519713273102,5.41934604014041,I,2,4.33519713273102,5.41934604014041,
442,40,I+,3,6.43398439287137,5.36798749318986,I+,3,6.43398439287137,5.36798749318986,
,,,,,,,,,,
443,57,IV,1,6.39660478118186,4.33824316572275,IV,1,6.39660478118186,4.33824316572275,
443,58,iii,1,5.25830986038592,5.46015231333603,iii,1,5.25830986038592,5.46015231333603,
443,59,vi,2,3.88056434428391,5.20474876077054,vi,2,3.88056434428391,5.20474876077054,
443,60,ii,3,3.12332133618508,4.96125786289468,ii,3,3.12332133618508,4.96125786289468,
443,61,I,4,4.06648165628245,4.79205003277203,I,4,4.06648165628245,4.79205003277203,
443,62,#IV,5,7.04988607715519,4.69930341512554,V+,5,7.14013282339178,4.69930341512554,0.090246746236585
443,63,VII,2,5.86348521659191,3.19091740638423,VII,2,6.70122103147775,4.68112379851347,
443,64,-iii,2,6.18311163009071,4.45248520163112,-iii,1,5.65553685528837,5.34612393077972,
443,65,-iii,2,6.98610868287465,4.6330856208257,-iii,2,6.98610868287465,4.6330856208257,
443,66,-vi,1,6.59233448937751,5.40396119496012,-vi,1,6.59233448937751,5.40396119496012,
443,67,#IV,1,6.60402569114554,5.18655150239105,#IV,1,6.60402569114554,5.18655150239105,
,,,,,,,,,,
444,51,iii,4,5.95140374905293,5.00486099057086,iii,4,5.95140374905293,5.00486099057086,
444,52,vi,2,3.67010962802191,5.21915222061716,vi,2,3.67010962802191,5.21915222061716,
444,53,IV,3,3.69572439801877,5.11045100096823,IV,3,3.69572439801877,5.11045100096823,
444,54,-VII,4,5.92621902476389,4.60250761294049,-VII,4,5.92621902476389,4.60250761294049,
444,55,V,3,5.23038282043269,4.70296834590197,V,3,5.23038282043269,4.70296834590197,
444,56,#IV+,3,7.21084462409523,4.77959808403203,-III+,3,7.30155044664339,4.77959808403203,0.0907058225481601
444,57,IV,1,6.39660478118186,4.33824316572275,IV,1,6.10471787134843,4.93336611464162,
444,58,iii,1,5.25830986038592,5.46015231333603,iii,1,5.25830986038592,5.46015231333603,
444,59,vi,2,3.88056434428391,5.20474876077054,vi,2,3.88056434428391,5.20474876077054,
444,60,ii,3,3.12332133618508,4.96125786289468,ii,3,3.12332133618508,4.96125786289468,
444,61,I,4,4.06648165628245,4.79205003277203,I,4,4.06648165628245,4.79205003277203,
,,,,,,,,,,
445,51,iii,4,5.95140374905293,5.00486099057086,iii,4,5.95140374905293,5.00486099057086,
445,52,vi,2,3.67010962802191,5.21915222061716,vi,2,3.67010962802191,5.21915222061716,
445,53,IV,3,3.69572439801877,5.11045100096823,IV,3,3.69572439801877,5.11045100096823,
445,54,-VII,4,5.92621902476389,4.60250761294049,-VII,4,5.92621902476389,4.60250761294049,
445,55,V,3,5.23038282043269,4.70296834590197,V,3,5.23038282043269,4.70296834590197,
445,56,#IV+,3,7.21084462409523,4.77959808403203,VII+,3,7.30155044664339,4.77959808403203,0.0907058225481601
445,57,IV,1,6.39660478118186,4.33824316572275,IV,1,6.10852445677817,4.93664030960198,
445,58,iii,1,5.25830986038592,5.46015231333603,iii,1,5.25830986038592,5.46015231333603,
445,59,vi,2,3.88056434428391,5.20474876077054,vi,2,3.88056434428391,5.20474876077054,
445,60,ii,3,3.12332133618508,4.96125786289468,ii,3,3.12332133618508,4.96125786289468,
445,61,I,4,4.06648165628245,4.79205003277203,I,4,4.06648165628245,4.79205003277203,
,,,,,,,,,,
446,51,iii,4,5.95140374905293,5.00486099057086,iii,4,5.95140374905293,5.00486099057086,
446,52,vi,2,3.67010962802191,5.21915222061716,vi,2,3.67010962802191,5.21915222061716,
446,53,IV,3,3.69572439801877,5.11045100096823,IV,3,3.69572439801877,5.11045100096823,
446,54,-VII,4,5.92621902476389,4.60250761294049,-VII,4,5.92621902476389,4.60250761294049,
446,55,V,3,5.23038282043269,4.70296834590197,V,3,5.23038282043269,4.70296834590197,
446,56,#IV+,3,7.21084462409523,4.77959808403203,-IV,3,7.30155044664339,4.77959808403203,0.0907058225481601
446,57,IV,1,6.39660478118186,4.33824316572275,IV,1,6.10757375160974,4.9357532981557,
446,58,iii,1,5.25830986038592,5.46015231333603,iii,1,5.25830986038592,5.46015231333603,
446,59,vi,2,3.88056434428391,5.20474876077054,vi,2,3.88056434428391,5.20474876077054,
446,60,ii,3,3.12332133618508,4.96125786289468,ii,3,3.12332133618508,4.96125786289468,
446,61,I,4,4.06648165628245,4.79205003277203,I,4,4.06648165628245,4.79205003277203,
,,,,,,,,,,
447,51,iii,4,5.95140374905293,5.00486099057086,iii,4,5.95140374905293,5.00486099057086,
447,52,vi,2,3.67010962802191,5.21915222061716,vi,2,3.67010962802191,5.21915222061716,
447,53,IV,3,3.69572439801877,5.11045100096823,IV,3,3.69572439801877,5.11045100096823,
447,54,-VII,4,5.92621902476389,4.60250761294049,-VII,4,5.92621902476389,4.60250761294049,
447,55,V,3,5.23038282043269,4.70296834590197,V,3,5.23038282043269,4.70296834590197,
447,56,#IV+,3,7.21084462409523,4.77959808403203,-VII+,3,7.30155044664339,4.77959808403203,0.0907058225481601
447,57,IV,1,6.39660478118186,4.33824316572275,IV,1,6.10757375160974,4.9357532981557,
447,58,iii,1,5.25830986038592,5.46015231333603,iii,1,5.25830986038592,5.46015231333603,
447,59,vi,2,3.88056434428391,5.20474876077054,vi,2,3.88056434428391,5.20474876077054,
447,60,ii,3,3.12332133618508,4.96125786289468,ii,3,3.12332133618508,4.96125786289468,
447,61,I,4,4.06648165628245,4.79205003277203,I,4,4.06648165628245,4.79205003277203,
,,,,,,,,,,
448,51,iii,4,5.95140374905293,5.00486099057086,iii,4,5.95140374905293,5.00486099057086,
448,52,vi,2,3.67010962802191,5.21915222061716,vi,2,3.67010962802191,5.21915222061716,
448,53,IV,3,3.69572439801877,5.11045100096823,IV,3,3.69572439801877,5.11045100096823,
448,54,-VII,4,5.92621902476389,4.60250761294049,-VII,4,5.92621902476389,4.60250761294049,
448,55,V,3,5.23038282043269,4.70296834590197,V,3,5.23038282043269,4.70296834590197,
448,56,#IV+,3,7.21084462409523,4.77959808403203,#v,3,7.30155044664339,4.77959808403203,0.0907058225481601
448,57,IV,1,6.39660478118186,4.33824316572275,IV,1,6.10233364499041,5.12173562852222,
448,58,iii,1,5.25830986038592,5.46015231333603,iii,1,5.25830986038592,5.46015231333603,
448,59,vi,2,3.88056434428391,5.20474876077054,vi,2,3.88056434428391,5.20474876077054,
448,60,ii,3,3.12332133618508,4.96125786289468,ii,3,3.12332133618508,4.96125786289468,
448,61,I,4,4.06648165628245,4.79205003277203,I,4,4.06648165628245,4.79205003277203,
,,,,,,,,,,
449,51,iii,4,5.95140374905293,5.00486099057086,iii,4,5.95140374905293,5.00486099057086,
449,52,vi,2,3.67010962802191,5.21915222061716,vi,2,3.67010962802191,5.21915222061716,
449,53,IV,3,3.69572439801877,5.11045100096823,IV,3,3.69572439801877,5.11045100096823,
449,54,-VII,4,5.92621902476389,4.60250761294049,-VII,4,5.92621902476389,4.60250761294049,
449,55,V,3,5.23038282043269,4.70296834590197,V,3,5.23038282043269,4.70296834590197,
449,56,#IV+,3,7.21084462409523,4.77959808403203,IV+,3,7.30155044664339,4.77959808403203,0.0907058225481601
449,57,IV,1,6.39660478118186,4.33824316572275,IV,1,2.06326489345802,4.93411827661096,
449,58,iii,1,5.25830986038592,5.46015231333603,iii,2,5.54644543934177,5.03053707709806,
449,59,vi,2,3.88056434428391,5.20474876077054,vi,2,3.88056434428391,5.20474876077054,
449,60,ii,3,3.12332133618508,4.96125786289468,ii,3,3.12332133618508,4.96125786289468,
449,61,I,4,4.06648165628245,4.79205003277203,I,4,4.06648165628245,4.79205003277203,
,,,,,,,,,,
450,51,iii,4,5.95140374905293,5.00486099057086,iii,4,5.95140374905293,5.00486099057086,
450,52,vi,2,3.67010962802191,5.21915222061716,vi,2,3.67010962802191,5.21915222061716,
450,53,IV,3,3.69572439801877,5.11045100096823,IV,3,3.69572439801877,5.11045100096823,
450,54,-VII,4,5.92621902476389,4.60250761294049,-VII,4,5.92621902476389,4.60250761294049,
450,55,V,3,5.23038282043269,4.70296834590197,V,3,5.23038282043269,4.70296834590197,
450,56,#IV+,3,7.21084462409523,4.77959808403203,-vo,3,7.30155044664339,4.77959808403203,0.0907058225481601
450,57,IV,1,6.39660478118186,4.33824316572275,IV,1,6.11160992896379,4.93987915058208,
450,58,iii,1,5.25830986038592,5.46015231333603,iii,1,5.25830986038592,5.46015231333603,
450,59,vi,2,3.88056434428391,5.20474876077054,vi,2,3.88056434428391,5.20474876077054,
450,60,ii,3,3.12332133618508,4.96125786289468,ii,3,3.12332133618508,4.96125786289468,
450,61,I,4,4.06648165628245,4.79205003277203,I,4,4.06648165628245,4.79205003277203,
,,,,,,,,,,
451,82,-II,1,6.39378880999543,5.40396119496012,-II,1,6.39378880999543,5.40396119496012,
451,83,-II,1,5.00540633624959,5.44048428464702,-II,1,5.00540633624959,5.44048428464702,
451,84,-iii,2,6.7766771965543,5.16831836386541,-iii,2,6.7766771965543,5.16831836386541,
451,85,iv,1,6.18322182405577,5.40396119496012,iv,1,6.18322182405577,5.40396119496012,
451,86,#IV,1,6.4609038285878,5.45298253750334,#IV,1,6.4609038285878,5.45298253750334,
451,87,-vi,1,6.72421828845889,5.26832602886992,-V,1,6.63258781299332,5.26832602886992,0.0916304754655677
451,88,-vii,1,4.00068466110953,5.18655150239105,-vii,1,6.28336243290184,5.4034490977435,
451,89,i,2,5.08527498042575,4.93666262653595,i,1,4.76449095393286,5.38946768503422,
451,90,iv,2,3.27745556605902,4.97469682440288,iv,2,3.27745556605902,4.97469682440288,
451,91,-vii,3,6.89085088417614,4.81247574766958,-vii,3,6.89085088417614,4.81247574766958,
451,92,-VI,2,5.45704502580042,4.72483603609195,-VI,2,5.45704502580042,4.72483603609195,
,,,,,,,,,,
452,89,i,2,5.08527498042575,4.93666262653595,i,2,5.08527498042575,4.93666262653595,
452,90,iv,2,3.27745556605902,4.97469682440288,iv,2,3.27745556605902,4.97469682440288,
452,91,-vii,3,6.89085088417614,4.81247574766958,-vii,3,6.89085088417614,4.81247574766958,
452,92,-VI,2,5.45704502580042,4.72483603609195,-VI,2,5.45704502580042,4.72483603609195,
452,93,-vi,2,6.3383993290159,5.16499410827579,-vi,2,6.3383993290159,5.16499410827579,
452,94,#IV,2,7.15255786947222,4.36051564243597,#vo,2,7.24418834493779,4.36051564243597,0.0916304754655677
452,95,#IV,1,4.74720653884321,5.26832602886992,#IV,1,7.08075604344966,3.85301464768299,
452,96,-vi,2,7.18908383683268,4.41656597700969,-vi,1,6.72421828845889,5.26832602886992,
452,97,-vii,1,4.00068466110953,5.18655150239105,-vii,1,4.00068466110953,5.18655150239105,
452,98,i,2,5.08527498042575,4.93666262653595,i,2,5.08527498042575,4.93666262653595,
452,99,iv,2,3.27745556605902,4.97469682440288,iv,2,3.27745556605902,4.97469682440288,
,,,,,,,,,,
453,89,i,2,5.08527498042575,4.93666262653595,i,2,5.08527498042575,4.93666262653595,
453,90,iv,2,3.27745556605902,4.97469682440288,iv,2,3.27745556605902,4.97469682440288,
453,91,-vii,3,6.89085088417614,4.81247574766958,-vii,3,6.89085088417614,4.81247574766958,
453,92,-VI,2,5.45704502580042,4.72483603609195,-VI,2,5.45704502580042,4.72483603609195,
453,93,-vi,2,6.3383993290159,5.16499410827579,-vi,2,6.3383993290159,5.16499410827579,
453,94,#IV,2,7.15255786947222,4.36051564243597,#V,2,7.24418834493779,4.36051564243597,0.0916304754655677
453,95,#IV,1,4.74720653884321,5.26832602886992,#IV,1,6.67763833785441,5.10960237410195,
453,96,-vi,2,7.18908383683268,4.41656597700969,-vi,1,6.72421828845889,5.26832602886992,
453,97,-vii,1,4.00068466110953,5.18655150239105,-vii,1,4.00068466110953,5.18655150239105,
453,98,i,2,5.08527498042575,4.93666262653595,i,2,5.08527498042575,4.93666262653595,
453,99,iv,2,3.27745556605902,4.97469682440288,iv,2,3.27745556605902,4.97469682440288,
,,,,,,,,,,
454,89,i,2,5.08527498042575,4.93666262653595,i,2,5.08527498042575,4.93666262653595,
454,90,iv,2,3.27745556605902,4.97469682440288,iv,2,3.27745556605902,4.97469682440288,
454,91,-vii,3,6.89085088417614,4.81247574766958,-vii,3,6.89085088417614,4.81247574766958,
454,92,-VI,2,5.45704502580042,4.72483603609195,-VI,2,5.45704502580042,4.72483603609195,
454,93,-vi,2,6.3383993290159,5.16499410827579,-vi,2,6.3383993290159,5.16499410827579,
454,94,#IV,2,7.15255786947222,4.36051564243597,I+,2,7.24418834493779,4.36051564243597,0.0916304754655677
454,95,#IV,1,4.74720653884321,5.26832602886992,#IV,1,6.7295946004324,4.95076396652624,
454,96,-vi,2,7.18908383683268,4.41656597700969,-vi,1,6.72421828845889,5.26832602886992,
454,97,-vii,1,4.00068466110953,5.18655150239105,-vii,1,4.00068466110953,5.18655150239105,
454,98,i,2,5.08527498042575,4.93666262653595,i,2,5.08527498042575,4.93666262653595,
454,99,iv,2,3.27745556605902,4.97469682440288,iv,2,3.27745556605902,4.97469682440288,
,,,,,,,,,,
455,89,i,2,5.08527498042575,4.93666262653595,i,2,5.08527498042575,4.93666262653595,
455,90,iv,2,3.27745556605902,4.97469682440288,iv,2,3.27745556605902,4.97469682440288,
455,91,-vii,3,6.89085088417614,4.81247574766958,-vii,3,6.89085088417614,4.81247574766958,
455,92,-VI,2,5.45704502580042,4.72483603609195,-VI,2,5.45704502580042,4.72483603609195,
455,93,-vi,2,6.3383993290159,5.16499410827579,-vi,2,6.3383993290159,5.16499410827579,
455,94,#IV,2,7.15255786947222,4.36051564243597,-ii,2,7.24418834493779,4.36051564243597,0.0916304754655677
455,95,#IV,1,4.74720653884321,5.26832602886992,#IV,1,6.68283256503466,5.10820539629235,
455,96,-vi,2,7.18908383683268,4.41656597700969,-vi,1,6.72421828845889,5.26832602886992,
455,97,-vii,1,4.00068466110953,5.18655150239105,-vii,1,4.00068466110953,5.18655150239105,
455,98,i,2,5.08527498042575,4.93666262653595,i,2,5.08527498042575,4.93666262653595,
455,99,iv,2,3.27745556605902,4.97469682440288,iv,2,3.27745556605902,4.97469682440288,
,,,,,,,,,,
456,89,i,2,5.08527498042575,4.93666262653595,i,2,5.08527498042575,4.93666262653595,
456,90,iv,2,3.27745556605902,4.97469682440288,iv,2,3.27745556605902,4.97469682440288,
456,91,-vii,3,6.89085088417614,4.81247574766958,-vii,3,6.89085088417614,4.81247574766958,
456,92,-VI,2,5.45704502580042,4.72483603609195,-VI,2,5.45704502580042,4.72483603609195,
456,93,-vi,2,6.3383993290159,5.16499410827579,-vi,2,6.3383993290159,5.16499410827579,
456,94,#IV,2,7.15255786947222,4.36051564243597,-vi,2,7.24418834493779,4.36051564243597,0.0916304754655677
456,95,#IV,1,4.74720653884321,5.26832602886992,#IV,1,6.60402569114554,5.18655150239105,
456,96,-vi,2,7.18908383683268,4.41656597700969,-vi,1,6.72421828845889,5.26832602886992,
456,97,-vii,1,4.00068466110953,5.18655150239105,-vii,1,4.00068466110953,5.18655150239105,
456,98,i,2,5.08527498042575,4.93666262653595,i,2,5.08527498042575,4.93666262653595,
456,99,iv,2,3.27745556605902,4.97469682440288,iv,2,3.27745556605902,4.97469682440288,
,,,,,,,,,,
457,89,i,2,5.08527498042575,4.93666262653595,i,2,5.08527498042575,4.93666262653595,
457,90,iv,2,3.27745556605902,4.97469682440288,iv,2,3.27745556605902,4.97469682440288,
457,91,-vii,3,6.89085088417614,4.81247574766958,-vii,3,6.89085088417614,4.81247574766958,
457,92,-VI,2,5.45704502580042,4.72483603609195,-VI,2,5.45704502580042,4.72483603609195,
457,93,-vi,2,6.3383993290159,5.16499410827579,-vi,2,6.3383993290159,5.16499410827579,
457,94,#IV,2,7.15255786947222,4.36051564243597,-I,2,7.24418834493779,4.36051564243597,0.0916304754655677
457,95,#IV,1,4.74720653884321,5.26832602886992,#IV,1,6.53581370683157,5.22022618407369,
457,96,-vi,2,7.18908383683268,4.41656597700969,-vi,1,6.72421828845889,5.26832602886992,
457,97,-vii,1,4.00068466110953,5.18655150239105,-vii,1,4.00068466110953,5.18655150239105,
457,98,i,2,5.08527498042575,4.93666262653595,i,2,5.08527498042575,4.93666262653595,
457,99,iv,2,3.27745556605902,4.97469682440288,iv,2,3.27745556605902,4.97469682440288,
,,,,,,,,,,
458,91,-vii,3,6.89085088417614,4.81247574766958,-vii,3,6.89085088417614,4.81247574766958,
458,92,-VI,2,5.45704502580042,4.72483603609195,-VI,2,5.45704502580042,4.72483603609195,
458,93,-vi,2,6.3383993290159,5.16499410827579,-vi,2,6.3383993290159,5.16499410827579,
458,94,#IV,2,7.15255786947222,4.36051564243597,#IV,2,7.15255786947222,4.36051564243597,
458,95,#IV,1,4.74720653884321,5.26832602886992,#IV,1,4.74720653884321,5.26832602886992,
458,96,-vi,2,7.18908383683268,4.41656597700969,-V,2,7.09745336136711,4.41656597700969,0.0916304754655677
458,97,-vii,1,4.00068466110953,5.18655150239105,-vii,1,6.28336243290184,5.4034490977435,
458,98,i,2,5.08527498042575,4.93666262653595,i,1,4.76449095393286,5.38946768503422,
458,99,iv,2,3.27745556605902,4.97469682440288,iv,2,3.27745556605902,4.97469682440288,
458,100,-vii,3,6.89085088417614,4.81247574766958,-vii,3,6.89085088417614,4.81247574766958,
458,101,-VI,2,5.45704502580042,4.72483603609195,-VI,2,5.45704502580042,4.72483603609195,
,,,,,,,,,,
459,152,i,2,5.08527498042575,4.93666262653595,i,2,5.08527498042575,4.93666262653595,
459,153,iv,2,3.27745556605902,4.97469682440288,iv,2,3.27745556605902,4.97469682440288,
459,154,-vii,3,6.89085088417614,4.81247574766958,-vii,3,6.89085088417614,4.81247574766958,
459,155,-VI,2,5.45704502580042,4.72483603609195,-VI,2,5.45704502580042,4.72483603609195,
459,156,-vi,2,6.3383993290159,5.16499410827579,-vi,2,6.3383993290159,5.16499410827579,
459,157,#IV,2,7.15255786947222,4.36051564243597,#vo,2,7.24418834493779,4.36051564243597,0.0916304754655677
459,158,#IV,1,4.74720653884321,5.26832602886992,#IV,1,7.08075604344966,3.85301464768299,
459,159,-vi,2,7.18908383683268,4.41656597700969,-vi,1,6.72421828845889,5.26832602886992,
459,160,-vii,1,4.00068466110953,5.18655150239105,-vii,1,4.00068466110953,5.18655150239105,
459,161,i,2,5.08527498042575,4.93666262653595,i,2,5.08527498042575,4.93666262653595,
459,162,r,2,3.1525055960188,4.97469682440288,r,2,3.1525055960188,4.97469682440288,
,,,,,,,,,,
460,152,i,2,5.08527498042575,4.93666262653595,i,2,5.08527498042575,4.93666262653595,
460,153,iv,2,3.27745556605902,4.97469682440288,iv,2,3.27745556605902,4.97469682440288,
460,154,-vii,3,6.89085088417614,4.81247574766958,-vii,3,6.89085088417614,4.81247574766958,
460,155,-VI,2,5.45704502580042,4.72483603609195,-VI,2,5.45704502580042,4.72483603609195,
460,156,-vi,2,6.3383993290159,5.16499410827579,-vi,2,6.3383993290159,5.16499410827579,
460,157,#IV,2,7.15255786947222,4.36051564243597,#V,2,7.24418834493779,4.36051564243597,0.0916304754655677
460,158,#IV,1,4.74720653884321,5.26832602886992,#IV,1,6.67763833785441,5.10960237410195,
460,159,-vi,2,7.18908383683268,4.41656597700969,-vi,1,6.72421828845889,5.26832602886992,
460,160,-vii,1,4.00068466110953,5.18655150239105,-vii,1,4.00068466110953,5.18655150239105,
460,161,i,2,5.08527498042575,4.93666262653595,i,2,5.08527498042575,4.93666262653595,
460,162,r,2,3.1525055960188,4.97469682440288,r,2,3.1525055960188,4.97469682440288,
,,,,,,,,,,
461,152,i,2,5.08527498042575,4.93666262653595,i,2,5.08527498042575,4.93666262653595,
461,153,iv,2,3.27745556605902,4.97469682440288,iv,2,3.27745556605902,4.97469682440288,
461,154,-vii,3,6.89085088417614,4.81247574766958,-vii,3,6.89085088417614,4.81247574766958,
461,155,-VI,2,5.45704502580042,4.72483603609195,-VI,2,5.45704502580042,4.72483603609195,
461,156,-vi,2,6.3383993290159,5.16499410827579,-vi,2,6.3383993290159,5.16499410827579,
461,157,#IV,2,7.15255786947222,4.36051564243597,I+,2,7.24418834493779,4.36051564243597,0.0916304754655677
461,158,#IV,1,4.74720653884321,5.26832602886992,#IV,1,6.7295946004324,4.95076396652624,
461,159,-vi,2,7.18908383683268,4.41656597700969,-vi,1,6.72421828845889,5.26832602886992,
461,160,-vii,1,4.00068466110953,5.18655150239105,-vii,1,4.00068466110953,5.18655150239105,
461,161,i,2,5.08527498042575,4.93666262653595,i,2,5.08527498042575,4.93666262653595,
461,162,r,2,3.1525055960188,4.97469682440288,r,2,3.1525055960188,4.97469682440288,
,,,,,,,,,,
462,152,i,2,5.08527498042575,4.93666262653595,i,2,5.08527498042575,4.93666262653595,
462,153,iv,2,3.27745556605902,4.97469682440288,iv,2,3.27745556605902,4.97469682440288,
462,154,-vii,3,6.89085088417614,4.81247574766958,-vii,3,6.89085088417614,4.81247574766958,
462,155,-VI,2,5.45704502580042,4.72483603609195,-VI,2,5.45704502580042,4.72483603609195,
462,156,-vi,2,6.3383993290159,5.16499410827579,-vi,2,6.3383993290159,5.16499410827579,
462,157,#IV,2,7.15255786947222,4.36051564243597,-ii,2,7.24418834493779,4.36051564243597,0.0916304754655677
462,158,#IV,1,4.74720653884321,5.26832602886992,#IV,1,6.68283256503466,5.10820539629235,
462,159,-vi,2,7.18908383683268,4.41656597700969,-vi,1,6.72421828845889,5.26832602886992,
462,160,-vii,1,4.00068466110953,5.18655150239105,-vii,1,4.00068466110953,5.18655150239105,
462,161,i,2,5.08527498042575,4.93666262653595,i,2,5.08527498042575,4.93666262653595,
462,162,r,2,3.1525055960188,4.97469682440288,r,2,3.1525055960188,4.97469682440288,
,,,,,,,,,,
463,152,i,2,5.08527498042575,4.93666262653595,i,2,5.08527498042575,4.93666262653595,
463,153,iv,2,3.27745556605902,4.97469682440288,iv,2,3.27745556605902,4.97469682440288,
463,154,-vii,3,6.89085088417614,4.81247574766958,-vii,3,6.89085088417614,4.81247574766958,
463,155,-VI,2,5.45704502580042,4.72483603609195,-VI,2,5.45704502580042,4.72483603609195,
463,156,-vi,2,6.3383993290159,5.16499410827579,-vi,2,6.3383993290159,5.16499410827579,
463,157,#IV,2,7.15255786947222,4.36051564243597,-vi,2,7.24418834493779,4.36051564243597,0.0916304754655677
463,158,#IV,1,4.74720653884321,5.26832602886992,#IV,1,6.60402569114554,5.18655150239105,
463,159,-vi,2,7.18908383683268,4.41656597700969,-vi,1,6.72421828845889,5.26832602886992,
463,160,-vii,1,4.00068466110953,5.18655150239105,-vii,1,4.00068466110953,5.18655150239105,
463,161,i,2,5.08527498042575,4.93666262653595,i,2,5.08527498042575,4.93666262653595,
463,162,r,2,3.1525055960188,4.97469682440288,r,2,3.1525055960188,4.97469682440288,
,,,,,,,,,,
464,152,i,2,5.08527498042575,4.93666262653595,i,2,5.08527498042575,4.93666262653595,
464,153,iv,2,3.27745556605902,4.97469682440288,iv,2,3.27745556605902,4.97469682440288,
464,154,-vii,3,6.89085088417614,4.81247574766958,-vii,3,6.89085088417614,4.81247574766958,
464,155,-VI,2,5.45704502580042,4.72483603609195,-VI,2,5.45704502580042,4.72483603609195,
464,156,-vi,2,6.3383993290159,5.16499410827579,-vi,2,6.3383993290159,5.16499410827579,
464,157,#IV,2,7.15255786947222,4.36051564243597,-I,2,7.24418834493779,4.36051564243597,0.0916304754655677
464,158,#IV,1,4.74720653884321,5.26832602886992,#IV,1,6.53581370683157,5.22022618407369,
464,159,-vi,2,7.18908383683268,4.41656597700969,-vi,1,6.72421828845889,5.26832602886992,
464,160,-vii,1,4.00068466110953,5.18655150239105,-vii,1,4.00068466110953,5.18655150239105,
464,161,i,2,5.08527498042575,4.93666262653595,i,2,5.08527498042575,4.93666262653595,
464,162,r,2,3.1525055960188,4.97469682440288,r,2,3.1525055960188,4.97469682440288,
,,,,,,,,,,
465,154,-vii,3,6.89085088417614,4.81247574766958,-vii,3,6.89085088417614,4.81247574766958,
465,155,-VI,2,5.45704502580042,4.72483603609195,-VI,2,5.45704502580042,4.72483603609195,
465,156,-vi,2,6.3383993290159,5.16499410827579,-vi,2,6.3383993290159,5.16499410827579,
465,157,#IV,2,7.15255786947222,4.36051564243597,#IV,2,7.15255786947222,4.36051564243597,
465,158,#IV,1,4.74720653884321,5.26832602886992,#IV,1,4.74720653884321,5.26832602886992,
465,159,-vi,2,7.18908383683268,4.41656597700969,-V,2,7.09745336136711,4.41656597700969,0.0916304754655677
465,160,-vii,1,4.00068466110953,5.18655150239105,-vii,1,6.28336243290184,5.4034490977435,
465,161,i,2,5.08527498042575,4.93666262653595,i,1,4.76449095393286,5.38946768503422,
465,162,r,2,3.1525055960188,4.97469682440288,r,2,3.1525055960188,4.97469682440288,
465,163,r,2,1.71736353267208,3.74300594358816,r,2,1.71736353267208,3.74300594358816,
,,,,,,,,,,
466,61,I,4,4.06648165628245,4.79205003277203,I,4,4.06648165628245,4.79205003277203,
466,62,#IV,5,7.04988607715519,4.69930341512554,#IV,5,7.04988607715519,4.69930341512554,
466,63,VII,2,5.86348521659191,3.19091740638423,VII,2,5.86348521659191,3.19091740638423,
466,64,-iii,2,6.18311163009071,4.45248520163112,-iii,2,6.18311163009071,4.45248520163112,
466,65,-iii,2,6.98610868287465,4.6330856208257,-iii,2,6.98610868287465,4.6330856208257,
466,66,-vi,1,6.59233448937751,5.40396119496012,-V,1,6.50070401391194,5.40396119496012,0.0916304754655686
466,67,#IV,1,6.60402569114554,5.18655150239105,#IV,1,6.39027763681835,5.4034490977435,
466,68,v,1,6.40702811257819,5.26832602886992,v,1,6.40702811257819,5.26832602886992,
466,69,i,1,5.04582678585244,5.40780748387603,i,1,5.04582678585244,5.40780748387603,
466,70,iv,2,4.44893493864514,5.28631663594942,iv,2,4.44893493864514,5.28631663594942,
466,71,-III,3,3.78247959356285,5.1053219814982,-III,3,3.78247959356285,5.1053219814982,
,,,,,,,,,,
467,61,I,4,4.06648165628245,4.79205003277203,I,4,4.06648165628245,4.79205003277203,
467,62,#IV,5,7.04988607715519,4.69930341512554,#IV,5,7.04988607715519,4.69930341512554,
467,63,VII,2,5.86348521659191,3.19091740638423,VII,2,5.86348521659191,3.19091740638423,
467,64,-iii,2,6.18311163009071,4.45248520163112,-iii,2,6.18311163009071,4.45248520163112,
467,65,-iii,2,6.98610868287465,4.6330856208257,-iii,2,6.98610868287465,4.6330856208257,
467,66,-vi,1,6.59233448937751,5.40396119496012,#IV,1,6.50070401391194,5.40396119496012,0.0916304754655686
467,67,#IV,1,6.60402569114554,5.18655150239105,#IV,1,4.74720653884321,5.26832602886992,
467,68,v,1,6.40702811257819,5.26832602886992,v,2,6.87189366095198,4.41656597700969,
467,69,i,1,5.04582678585244,5.40780748387603,i,1,5.04582678585244,5.40780748387603,
467,70,iv,2,4.44893493864514,5.28631663594942,iv,2,4.44893493864514,5.28631663594942,
467,71,-III,3,3.78247959356285,5.1053219814982,-III,3,3.78247959356285,5.1053219814982,
,,,,,,,,,,
468,62,#IV,5,7.04988607715519,4.69930341512554,#IV,5,7.04988607715519,4.69930341512554,
468,63,VII,2,5.86348521659191,3.19091740638423,VII,2,5.86348521659191,3.19091740638423,
468,64,-iii,2,6.18311163009071,4.45248520163112,-iii,2,6.18311163009071,4.45248520163112,
468,65,-iii,2,6.98610868287465,4.6330856208257,-iii,2,6.98610868287465,4.6330856208257,
468,66,-vi,1,6.59233448937751,5.40396119496012,-vi,1,6.59233448937751,5.40396119496012,
468,67,#IV,1,6.60402569114554,5.18655150239105,#vo,1,6.69565616661111,5.18655150239105,0.0916304754655686
468,68,v,1,6.40702811257819,5.26832602886992,v,1,6.85519634303453,3.85301464768299,
468,69,i,1,5.04582678585244,5.40780748387603,i,1,5.04582678585244,5.40780748387603,
468,70,iv,2,4.44893493864514,5.28631663594942,iv,2,4.44893493864514,5.28631663594942,
468,71,-III,3,3.78247959356285,5.1053219814982,-III,3,3.78247959356285,5.1053219814982,
468,72,-iii,4,7.2706672863486,4.79876121807827,-iii,4,7.2706672863486,4.79876121807827,
,,,,,,,,,,
469,62,#IV,5,7.04988607715519,4.69930341512554,#IV,5,7.04988607715519,4.69930341512554,
469,63,VII,2,5.86348521659191,3.19091740638423,VII,2,5.86348521659191,3.19091740638423,
469,64,-iii,2,6.18311163009071,4.45248520163112,-iii,2,6.18311163009071,4.45248520163112,
469,65,-iii,2,6.98610868287465,4.6330856208257,-iii,2,6.98610868287465,4.6330856208257,
469,66,-vi,1,6.59233448937751,5.40396119496012,-vi,1,6.59233448937751,5.40396119496012,
469,67,#IV,1,6.60402569114554,5.18655150239105,#V,1,6.69565616661111,5.18655150239105,0.0916304754655686
469,68,v,1,6.40702811257819,5.26832602886992,v,1,6.45207863743928,5.10960237410195,
469,69,i,1,5.04582678585244,5.40780748387603,i,1,5.04582678585244,5.40780748387603,
469,70,iv,2,4.44893493864514,5.28631663594942,iv,2,4.44893493864514,5.28631663594942,
469,71,-III,3,3.78247959356285,5.1053219814982,-III,3,3.78247959356285,5.1053219814982,
469,72,-iii,4,7.2706672863486,4.79876121807827,-iii,4,7.2706672863486,4.79876121807827,
,,,,,,,,,,
470,62,#IV,5,7.04988607715519,4.69930341512554,#IV,5,7.04988607715519,4.69930341512554,
470,63,VII,2,5.86348521659191,3.19091740638423,VII,2,5.86348521659191,3.19091740638423,
470,64,-iii,2,6.18311163009071,4.45248520163112,-iii,2,6.18311163009071,4.45248520163112,
470,65,-iii,2,6.98610868287465,4.6330856208257,-iii,2,6.98610868287465,4.6330856208257,
470,66,-vi,1,6.59233448937751,5.40396119496012,-vi,1,6.59233448937751,5.40396119496012,
470,67,#IV,1,6.60402569114554,5.18655150239105,I+,1,6.69565616661111,5.18655150239105,0.0916304754655686
470,68,v,1,6.40702811257819,5.26832602886992,v,1,6.50403490001727,4.95076396652624,
470,69,i,1,5.04582678585244,5.40780748387603,i,1,5.04582678585244,5.40780748387603,
470,70,iv,2,4.44893493864514,5.28631663594942,iv,2,4.44893493864514,5.28631663594942,
470,71,-III,3,3.78247959356285,5.1053219814982,-III,3,3.78247959356285,5.1053219814982,
470,72,-iii,4,7.2706672863486,4.79876121807827,-iii,4,7.2706672863486,4.79876121807827,
,,,,,,,,,,
471,62,#IV,5,7.04988607715519,4.69930341512554,#IV,5,7.04988607715519,4.69930341512554,
471,63,VII,2,5.86348521659191,3.19091740638423,VII,2,5.86348521659191,3.19091740638423,
471,64,-iii,2,6.18311163009071,4.45248520163112,-iii,2,6.18311163009071,4.45248520163112,
471,65,-iii,2,6.98610868287465,4.6330856208257,-iii,2,6.98610868287465,4.6330856208257,
471,66,-vi,1,6.59233448937751,5.40396119496012,-vi,1,6.59233448937751,5.40396119496012,
471,67,#IV,1,6.60402569114554,5.18655150239105,-ii,1,6.69565616661111,5.18655150239105,0.0916304754655686
471,68,v,1,6.40702811257819,5.26832602886992,v,1,4.03986446087794,5.10820539629235,
471,69,i,1,5.04582678585244,5.40780748387603,i,2,5.37066030392506,4.91592344553328,
471,70,iv,2,4.44893493864514,5.28631663594942,iv,2,4.44893493864514,5.28631663594942,
471,71,-III,3,3.78247959356285,5.1053219814982,-III,3,3.78247959356285,5.1053219814982,
471,72,-iii,4,7.2706672863486,4.79876121807827,-iii,4,7.2706672863486,4.79876121807827,
,,,,,,,,,,
472,62,#IV,5,7.04988607715519,4.69930341512554,#IV,5,7.04988607715519,4.69930341512554,
472,63,VII,2,5.86348521659191,3.19091740638423,VII,2,5.86348521659191,3.19091740638423,
472,64,-iii,2,6.18311163009071,4.45248520163112,-iii,2,6.18311163009071,4.45248520163112,
472,65,-iii,2,6.98610868287465,4.6330856208257,-iii,2,6.98610868287465,4.6330856208257,
472,66,-vi,1,6.59233448937751,5.40396119496012,-vi,1,6.59233448937751,5.40396119496012,
472,67,#IV,1,6.60402569114554,5.18655150239105,-vi,1,6.69565616661111,5.18655150239105,0.0916304754655686
472,68,v,1,6.40702811257819,5.26832602886992,v,1,6.37846599073041,5.18655150239105,
472,69,i,1,5.04582678585244,5.40780748387603,i,1,5.04582678585244,5.40780748387603,
472,70,iv,2,4.44893493864514,5.28631663594942,iv,2,4.44893493864514,5.28631663594942,
472,71,-III,3,3.78247959356285,5.1053219814982,-III,3,3.78247959356285,5.1053219814982,
472,72,-iii,4,7.2706672863486,4.79876121807827,-iii,4,7.2706672863486,4.79876121807827,
,,,,,,,,,,
473,62,#IV,5,7.04988607715519,4.69930341512554,#IV,5,7.04988607715519,4.69930341512554,
473,63,VII,2,5.86348521659191,3.19091740638423,VII,2,5.86348521659191,3.19091740638423,
473,64,-iii,2,6.18311163009071,4.45248520163112,-iii,2,6.18311163009071,4.45248520163112,
473,65,-iii,2,6.98610868287465,4.6330856208257,-iii,2,6.98610868287465,4.6330856208257,
473,66,-vi,1,6.59233448937751,5.40396119496012,-vi,1,6.59233448937751,5.40396119496012,
473,67,#IV,1,6.60402569114554,5.18655150239105,-I,1,6.69565616661111,5.18655150239105,0.0916304754655686
473,68,v,1,6.40702811257819,5.26832602886992,v,1,6.31025400641644,5.22022618407369,
473,69,i,1,5.04582678585244,5.40780748387603,i,1,5.04582678585244,5.40780748387603,
473,70,iv,2,4.44893493864514,5.28631663594942,iv,2,4.44893493864514,5.28631663594942,
473,71,-III,3,3.78247959356285,5.1053219814982,-III,3,3.78247959356285,5.1053219814982,
473,72,-iii,4,7.2706672863486,4.79876121807827,-iii,4,7.2706672863486,4.79876121807827,
,,,,,,,,,,
474,81,-iii,4,7.2706672863486,4.79876121807827,-iii,4,7.2706672863486,4.79876121807827,
474,82,-II,1,6.39378880999543,5.40396119496012,-II,1,6.39378880999543,5.40396119496012,
474,83,-II,1,5.00540633624959,5.44048428464702,-II,1,5.00540633624959,5.44048428464702,
474,84,-iii,2,6.7766771965543,5.16831836386541,-iii,2,6.7766771965543,5.16831836386541,
474,85,iv,1,6.18322182405577,5.40396119496012,iv,1,6.18322182405577,5.40396119496012,
474,86,#IV,1,6.4609038285878,5.45298253750334,#vo,1,6.55253430405337,5.45298253750334,0.0916304754655686
474,87,-vi,1,6.72421828845889,5.26832602886992,-vi,1,7.17238651891522,3.85301464768299,
474,88,-vii,1,4.00068466110953,5.18655150239105,-vii,1,4.00068466110953,5.18655150239105,
474,89,i,2,5.08527498042575,4.93666262653595,i,2,5.08527498042575,4.93666262653595,
474,90,iv,2,3.27745556605902,4.97469682440288,iv,2,3.27745556605902,4.97469682440288,
474,91,-vii,3,6.89085088417614,4.81247574766958,-vii,3,6.89085088417614,4.81247574766958,
,,,,,,,,,,
475,81,-iii,4,7.2706672863486,4.79876121807827,-iii,4,7.2706672863486,4.79876121807827,
475,82,-II,1,6.39378880999543,5.40396119496012,-II,1,6.39378880999543,5.40396119496012,
475,83,-II,1,5.00540633624959,5.44048428464702,-II,1,5.00540633624959,5.44048428464702,
475,84,-iii,2,6.7766771965543,5.16831836386541,-iii,2,6.7766771965543,5.16831836386541,
475,85,iv,1,6.18322182405577,5.40396119496012,iv,1,6.18322182405577,5.40396119496012,
475,86,#IV,1,6.4609038285878,5.45298253750334,#V,1,6.55253430405337,5.45298253750334,0.0916304754655686
475,87,-vi,1,6.72421828845889,5.26832602886992,-vi,1,6.76926881331998,5.10960237410195,
475,88,-vii,1,4.00068466110953,5.18655150239105,-vii,1,4.00068466110953,5.18655150239105,
475,89,i,2,5.08527498042575,4.93666262653595,i,2,5.08527498042575,4.93666262653595,
475,90,iv,2,3.27745556605902,4.97469682440288,iv,2,3.27745556605902,4.97469682440288,
475,91,-vii,3,6.89085088417614,4.81247574766958,-vii,3,6.89085088417614,4.81247574766958,
,,,,,,,,,,
476,81,-iii,4,7.2706672863486,4.79876121807827,-iii,4,7.2706672863486,4.79876121807827,
476,82,-II,1,6.39378880999543,5.40396119496012,-II,1,6.39378880999543,5.40396119496012,
476,83,-II,1,5.00540633624959,5.44048428464702,-II,1,5.00540633624959,5.44048428464702,
476,84,-iii,2,6.7766771965543,5.16831836386541,-iii,2,6.7766771965543,5.16831836386541,
476,85,iv,1,6.18322182405577,5.40396119496012,iv,1,6.18322182405577,5.40396119496012,
476,86,#IV,1,6.4609038285878,5.45298253750334,I+,1,6.55253430405337,5.45298253750334,0.0916304754655686
476,87,-vi,1,6.72421828845889,5.26832602886992,-vi,1,6.82122507589797,4.95076396652624,
476,88,-vii,1,4.00068466110953,5.18655150239105,-vii,1,4.00068466110953,5.18655150239105,
476,89,i,2,5.08527498042575,4.93666262653595,i,2,5.08527498042575,4.93666262653595,
476,90,iv,2,3.27745556605902,4.97469682440288,iv,2,3.27745556605902,4.97469682440288,
476,91,-vii,3,6.89085088417614,4.81247574766958,-vii,3,6.89085088417614,4.81247574766958,
,,,,,,,,,,
477,81,-iii,4,7.2706672863486,4.79876121807827,-iii,4,7.2706672863486,4.79876121807827,
477,82,-II,1,6.39378880999543,5.40396119496012,-II,1,6.39378880999543,5.40396119496012,
477,83,-II,1,5.00540633624959,5.44048428464702,-II,1,5.00540633624959,5.44048428464702,
477,84,-iii,2,6.7766771965543,5.16831836386541,-iii,2,6.7766771965543,5.16831836386541,
477,85,iv,1,6.18322182405577,5.40396119496012,iv,1,6.18322182405577,5.40396119496012,
477,86,#IV,1,6.4609038285878,5.45298253750334,-ii,1,6.55253430405337,5.45298253750334,0.0916304754655686
477,87,-vi,1,6.72421828845889,5.26832602886992,-vi,1,6.77446304050023,5.10820539629235,
477,88,-vii,1,4.00068466110953,5.18655150239105,-vii,1,4.00068466110953,5.18655150239105,
477,89,i,2,5.08527498042575,4.93666262653595,i,2,5.08527498042575,4.93666262653595,
477,90,iv,2,3.27745556605902,4.97469682440288,iv,2,3.27745556605902,4.97469682440288,
477,91,-vii,3,6.89085088417614,4.81247574766958,-vii,3,6.89085088417614,4.81247574766958,
,,,,,,,,,,
478,81,-iii,4,7.2706672863486,4.79876121807827,-iii,4,7.2706672863486,4.79876121807827,
478,82,-II,1,6.39378880999543,5.40396119496012,-II,1,6.39378880999543,5.40396119496012,
478,83,-II,1,5.00540633624959,5.44048428464702,-II,1,5.00540633624959,5.44048428464702,
478,84,-iii,2,6.7766771965543,5.16831836386541,-iii,2,6.7766771965543,5.16831836386541,
478,85,iv,1,6.18322182405577,5.40396119496012,iv,1,6.18322182405577,5.40396119496012,
478,86,#IV,1,6.4609038285878,5.45298253750334,-vi,1,6.55253430405337,5.45298253750334,0.0916304754655686
478,87,-vi,1,6.72421828845889,5.26832602886992,-vi,1,6.69565616661111,5.18655150239105,
478,88,-vii,1,4.00068466110953,5.18655150239105,-vii,1,4.00068466110953,5.18655150239105,
478,89,i,2,5.08527498042575,4.93666262653595,i,2,5.08527498042575,4.93666262653595,
478,90,iv,2,3.27745556605902,4.97469682440288,iv,2,3.27745556605902,4.97469682440288,
478,91,-vii,3,6.89085088417614,4.81247574766958,-vii,3,6.89085088417614,4.81247574766958,
,,,,,,,,,,
479,81,-iii,4,7.2706672863486,4.79876121807827,-iii,4,7.2706672863486,4.79876121807827,
479,82,-II,1,6.39378880999543,5.40396119496012,-II,1,6.39378880999543,5.40396119496012,
479,83,-II,1,5.00540633624959,5.44048428464702,-II,1,5.00540633624959,5.44048428464702,
479,84,-iii,2,6.7766771965543,5.16831836386541,-iii,2,6.7766771965543,5.16831836386541,
479,85,iv,1,6.18322182405577,5.40396119496012,iv,1,6.18322182405577,5.40396119496012,
479,86,#IV,1,6.4609038285878,5.45298253750334,-I,1,6.55253430405337,5.45298253750334,0.0916304754655686
479,87,-vi,1,6.72421828845889,5.26832602886992,-vi,1,6.62744418229714,5.22022618407369,
479,88,-vii,1,4.00068466110953,5.18655150239105,-vii,1,4.00068466110953,5.18655150239105,
479,89,i,2,5.08527498042575,4.93666262653595,i,2,5.08527498042575,4.93666262653595,
479,90,iv,2,3.27745556605902,4.97469682440288,iv,2,3.27745556605902,4.97469682440288,
479,91,-vii,3,6.89085088417614,4.81247574766958,-vii,3,6.89085088417614,4.81247574766958,
,,,,,,,,,,
480,14,iv,5,5.6784154043939,5.19974290858501,iv,5,5.6784154043939,5.19974290858501,
480,15,I,4,2.49873251161012,4.89695766762155,I,4,2.49873251161012,4.89695766762155,
480,16,iv,5,3.20664600669161,4.66342858519195,iv,5,3.20664600669161,4.66342858519195,
480,17,I,5,1.63555725111559,4.43169744819651,I,5,1.63555725111559,4.43169744819651,
480,18,#IV,6,7.55812278639041,4.28599880291646,#IV,6,7.55812278639041,4.28599880291646,
480,19,iv,2,7.46698727787462,3.19091740638423,iii,2,7.55890976731566,3.19091740638423,0.0919224894410391
480,20,-III,1,5.25061088482598,5.45298253750334,-III,1,5.7969003569769,5.43891454293063,
480,21,I,2,5.11533565876399,5.33789410002533,I,2,5.39498092357528,5.18438369033463,
480,22,iv,3,5.49584581795407,4.80247879652896,iv,2,5.22614728495463,5.26832080386372,
480,23,I,3,4.28442698113964,5.01642805793056,I,3,4.28442698113964,5.01642805793056,
480,24,iv,3,3.28501200841588,5.12756237700192,iv,3,3.28501200841588,5.12756237700192,
,,,,,,,,,,
481,14,iv,5,5.6784154043939,5.19974290858501,iv,5,5.6784154043939,5.19974290858501,
481,15,I,4,2.49873251161012,4.89695766762155,I,4,2.49873251161012,4.89695766762155,
481,16,iv,5,3.20664600669161,4.66342858519195,iv,5,3.20664600669161,4.66342858519195,
481,17,I,5,1.63555725111559,4.43169744819651,I,5,1.63555725111559,4.43169744819651,
481,18,#IV,6,7.55812278639041,4.28599880291646,#IV,6,7.55812278639041,4.28599880291646,
481,19,iv,2,7.46698727787462,3.19091740638423,v,2,7.55890976731566,3.19091740638423,0.0919224894410391
481,20,-III,1,5.25061088482598,5.45298253750334,-III,1,5.09307813214175,5.40780748387603,
481,21,I,2,5.11533565876399,5.33789410002533,I,2,5.50221984451704,5.23059040662406,
481,22,iv,3,5.49584581795407,4.80247879652896,iv,2,5.22614728495463,5.26832080386372,
481,23,I,3,4.28442698113964,5.01642805793056,I,3,4.28442698113964,5.01642805793056,
481,24,iv,3,3.28501200841588,5.12756237700192,iv,3,3.28501200841588,5.12756237700192,
,,,,,,,,,,
482,22,iv,3,5.49584581795407,4.80247879652896,iv,3,5.49584581795407,4.80247879652896,
482,23,I,3,4.28442698113964,5.01642805793056,I,3,4.28442698113964,5.01642805793056,
482,24,iv,3,3.28501200841588,5.12756237700192,iv,3,3.28501200841588,5.12756237700192,
482,25,I,4,2.62782675606846,4.99593757888795,I,4,2.62782675606846,4.99593757888795,
482,26,#IV,5,7.27233505431236,4.64934421436809,#IV,5,7.27233505431236,4.64934421436809,
482,27,iv,2,7.46698727787462,3.19091740638423,iii,2,7.55890976731566,3.19091740638423,0.0919224894410391
482,28,-VI,1,5.31977290933337,5.45298253750334,-VI,1,6.22348461008377,5.43891454293063,
482,29,I,2,5.43780755337442,5.19040854958852,I,1,5.08649565170596,5.44486045691617,
482,30,I,2,4.33519713273102,5.41934604014041,I,2,4.33519713273102,5.41934604014041,
482,31,iv,3,4.83128580160429,5.36798749318986,iv,3,4.83128580160429,5.36798749318986,
482,32,I,4,3.93997197716702,4.65115140116723,I,4,3.93997197716702,4.65115140116723,
,,,,,,,,,,
483,22,iv,3,5.49584581795407,4.80247879652896,iv,3,5.49584581795407,4.80247879652896,
483,23,I,3,4.28442698113964,5.01642805793056,I,3,4.28442698113964,5.01642805793056,
483,24,iv,3,3.28501200841588,5.12756237700192,iv,3,3.28501200841588,5.12756237700192,
483,25,I,4,2.62782675606846,4.99593757888795,I,4,2.62782675606846,4.99593757888795,
483,26,#IV,5,7.27233505431236,4.64934421436809,#IV,5,7.27233505431236,4.64934421436809,
483,27,iv,2,7.46698727787462,3.19091740638423,v,2,7.55890976731566,3.19091740638423,0.0919224894410391
483,28,-VI,1,5.31977290933337,5.45298253750334,-VI,1,5.19701456701759,5.40780748387603,
483,29,I,2,5.43780755337442,5.19040854958852,I,2,4.97255993435148,5.3295877009223,
483,30,I,2,4.33519713273102,5.41934604014041,I,3,4.54193148115999,5.14453212499407,
483,31,iv,3,4.83128580160429,5.36798749318986,iv,3,4.83128580160429,5.36798749318986,
483,32,I,4,3.93997197716702,4.65115140116723,I,4,3.93997197716702,4.65115140116723,
,,,,,,,,,,
484,31,iv,3,4.83128580160429,5.36798749318986,iv,3,4.83128580160429,5.36798749318986,
484,32,I,4,3.93997197716702,4.65115140116723,I,4,3.93997197716702,4.65115140116723,
484,33,iv,4,2.35425588667656,4.70879800011142,iv,4,2.35425588667656,4.70879800011142,
484,34,I,5,1.39232462394126,4.1767815461776,I,5,1.39232462394126,4.1767815461776,
484,35,#IV,6,7.41912539439768,4.48885900638762,#IV,6,7.41912539439768,4.48885900638762,
484,36,iv,2,7.46698727787462,3.19091740638423,iii,2,7.55890976731566,3.19091740638423,0.0919224894410391
484,37,-VI,1,5.31977290933337,5.45298253750334,-VI,1,6.22348461008377,5.43891454293063,
484,38,I,2,5.43780755337442,5.19040854958852,I,1,5.08649565170596,5.44486045691617,
484,39,I,2,4.33519713273102,5.41934604014041,I,2,4.33519713273102,5.41934604014041,
484,40,I+,3,6.43398439287137,5.36798749318986,I+,3,6.43398439287137,5.36798749318986,
484,41,I,3,1.23060987917747,3.58387461067546,I,3,1.23060987917747,3.58387461067546,
,,,,,,,,,,
485,31,iv,3,4.83128580160429,5.36798749318986,iv,3,4.83128580160429,5.36798749318986,
485,32,I,4,3.93997197716702,4.65115140116723,I,4,3.93997197716702,4.65115140116723,
485,33,iv,4,2.35425588667656,4.70879800011142,iv,4,2.35425588667656,4.70879800011142,
485,34,I,5,1.39232462394126,4.1767815461776,I,5,1.39232462394126,4.1767815461776,
485,35,#IV,6,7.41912539439768,4.48885900638762,#IV,6,7.41912539439768,4.48885900638762,
485,36,iv,2,7.46698727787462,3.19091740638423,v,2,7.55890976731566,3.19091740638423,0.0919224894410391
485,37,-VI,1,5.31977290933337,5.45298253750334,-VI,1,5.19701456701759,5.40780748387603,
485,38,I,2,5.43780755337442,5.19040854958852,I,2,4.97255993435148,5.3295877009223,
485,39,I,2,4.33519713273102,5.41934604014041,I,3,4.54193148115999,5.14453212499407,
485,40,I+,3,6.43398439287137,5.36798749318986,I+,3,6.43398439287137,5.36798749318986,
485,41,I,3,1.23060987917747,3.58387461067546,I,3,1.23060987917747,3.58387461067546,
,,,,,,,,,,
486,63,VII,2,5.86348521659191,3.19091740638423,VII,2,5.86348521659191,3.19091740638423,
486,64,-iii,2,6.18311163009071,4.45248520163112,-iii,2,6.18311163009071,4.45248520163112,
486,65,-iii,2,6.98610868287465,4.6330856208257,-iii,2,6.98610868287465,4.6330856208257,
486,66,-vi,1,6.59233448937751,5.40396119496012,-vi,1,6.59233448937751,5.40396119496012,
486,67,#IV,1,6.60402569114554,5.18655150239105,#IV,1,6.60402569114554,5.18655150239105,
486,68,v,1,6.40702811257819,5.26832602886992,iv,1,6.31510562313715,5.26832602886992,0.0919224894410391
486,69,i,1,5.04582678585244,5.40780748387603,i,1,5.13065434265775,5.45298253750334,
486,70,iv,2,4.44893493864514,5.28631663594942,iv,2,4.06332830247756,5.30362208288601,
486,71,-III,3,3.78247959356285,5.1053219814982,-III,3,4.65958420388577,5.15868465842623,
486,72,-iii,4,7.2706672863486,4.79876121807827,-iii,3,6.98335699728166,5.22548468434035,
486,73,-II,1,6.39378880999543,5.40396119496012,-II,1,6.39378880999543,5.40396119496012,
,,,,,,,,,,
487,71,-III,3,3.78247959356285,5.1053219814982,-III,3,3.78247959356285,5.1053219814982,
487,72,-iii,4,7.2706672863486,4.79876121807827,-iii,4,7.2706672863486,4.79876121807827,
487,73,-II,1,6.39378880999543,5.40396119496012,-II,1,6.39378880999543,5.40396119496012,
487,74,-II,1,5.00540633624959,5.44048428464702,-II,1,5.00540633624959,5.44048428464702,
487,75,-iii,2,6.7766771965543,5.16831836386541,-iii,2,6.7766771965543,5.16831836386541,
487,76,iv,1,6.18322182405577,5.40396119496012,v,1,6.27514431349681,5.40396119496012,0.0919224894410391
487,77,v,1,5.03569244506737,5.45298253750334,v,1,4.76442417406608,5.40780748387603,
487,78,i,2,4.12906689482177,5.18762847529485,i,2,4.03372672284703,5.23833986010105,
487,79,iv,3,3.69985452108245,4.82022148031579,iv,3,4.31996483217885,5.04113153679352,
487,80,-III,4,4.33470413158456,4.148277617094,-III,4,4.08485419167674,4.62347465824283,
487,81,-iii,4,7.2706672863486,4.79876121807827,-iii,4,7.2706672863486,4.79876121807827,
,,,,,,,,,,
488,80,-III,4,4.33470413158456,4.148277617094,-III,4,4.33470413158456,4.148277617094,
488,81,-iii,4,7.2706672863486,4.79876121807827,-iii,4,7.2706672863486,4.79876121807827,
488,82,-II,1,6.39378880999543,5.40396119496012,-II,1,6.39378880999543,5.40396119496012,
488,83,-II,1,5.00540633624959,5.44048428464702,-II,1,5.00540633624959,5.44048428464702,
488,84,-iii,2,6.7766771965543,5.16831836386541,-iii,2,6.7766771965543,5.16831836386541,
488,85,iv,1,6.18322182405577,5.40396119496012,v,1,6.27514431349681,5.40396119496012,0.0919224894410391
488,86,#IV,1,6.4609038285878,5.45298253750334,#IV,1,6.56424979207086,5.40780748387603,
488,87,-vi,1,6.72421828845889,5.26832602886992,-vi,1,6.72421828845889,5.26832602886992,
488,88,-vii,1,4.00068466110953,5.18655150239105,-vii,1,4.00068466110953,5.18655150239105,
488,89,i,2,5.08527498042575,4.93666262653595,i,2,5.08527498042575,4.93666262653595,
488,90,iv,2,3.27745556605902,4.97469682440288,iv,2,3.27745556605902,4.97469682440288,
,,,,,,,,,,
489,60,ii,3,3.12332133618508,4.96125786289468,ii,3,3.12332133618508,4.96125786289468,
489,61,I,4,4.06648165628245,4.79205003277203,I,4,4.06648165628245,4.79205003277203,
489,62,#IV,5,7.04988607715519,4.69930341512554,#IV,5,7.04988607715519,4.69930341512554,
489,63,VII,2,5.86348521659191,3.19091740638423,VII,2,5.86348521659191,3.19091740638423,
489,64,-iii,2,6.18311163009071,4.45248520163112,-iii,2,6.18311163009071,4.45248520163112,
489,65,-iii,2,6.98610868287465,4.6330856208257,#iio,2,7.07921808726613,4.6330856208257,0.0931094043914813
489,66,-vi,1,6.59233448937751,5.40396119496012,-vi,1,6.63055060760194,5.12065708585267,
489,67,#IV,1,6.60402569114554,5.18655150239105,#IV,1,6.60402569114554,5.18655150239105,
489,68,v,1,6.40702811257819,5.26832602886992,v,1,6.40702811257819,5.26832602886992,
489,69,i,1,5.04582678585244,5.40780748387603,i,1,5.04582678585244,5.40780748387603,
489,70,iv,2,4.44893493864514,5.28631663594942,iv,2,4.44893493864514,5.28631663594942,
,,,,,,,,,,
490,60,ii,3,3.12332133618508,4.96125786289468,ii,3,3.12332133618508,4.96125786289468,
490,61,I,4,4.06648165628245,4.79205003277203,I,4,4.06648165628245,4.79205003277203,
490,62,#IV,5,7.04988607715519,4.69930341512554,#IV,5,7.04988607715519,4.69930341512554,
490,63,VII,2,5.86348521659191,3.19091740638423,VII,2,5.86348521659191,3.19091740638423,
490,64,-iii,2,6.18311163009071,4.45248520163112,-iii,2,6.18311163009071,4.45248520163112,
490,65,-iii,2,6.98610868287465,4.6330856208257,-II+,2,7.07921808726613,4.6330856208257,0.0931094043914813
490,66,-vi,1,6.59233448937751,5.40396119496012,-vi,1,6.63174360778643,5.12246172232093,
490,67,#IV,1,6.60402569114554,5.18655150239105,#IV,1,6.60402569114554,5.18655150239105,
490,68,v,1,6.40702811257819,5.26832602886992,v,1,6.40702811257819,5.26832602886992,
490,69,i,1,5.04582678585244,5.40780748387603,i,1,5.04582678585244,5.40780748387603,
490,70,iv,2,4.44893493864514,5.28631663594942,iv,2,4.44893493864514,5.28631663594942,
,,,,,,,,,,
491,60,ii,3,3.12332133618508,4.96125786289468,ii,3,3.12332133618508,4.96125786289468,
491,61,I,4,4.06648165628245,4.79205003277203,I,4,4.06648165628245,4.79205003277203,
491,62,#IV,5,7.04988607715519,4.69930341512554,#IV,5,7.04988607715519,4.69930341512554,
491,63,VII,2,5.86348521659191,3.19091740638423,VII,2,5.86348521659191,3.19091740638423,
491,64,-iii,2,6.18311163009071,4.45248520163112,-iii,2,6.18311163009071,4.45248520163112,
491,65,-iii,2,6.98610868287465,4.6330856208257,#II,2,7.07921808726613,4.6330856208257,0.0931094043914813
491,66,-vi,1,6.59233448937751,5.40396119496012,-vi,1,6.63626803268415,5.12565624073233,
491,67,#IV,1,6.60402569114554,5.18655150239105,#IV,1,6.60402569114554,5.18655150239105,
491,68,v,1,6.40702811257819,5.26832602886992,v,1,6.40702811257819,5.26832602886992,
491,69,i,1,5.04582678585244,5.40780748387603,i,1,5.04582678585244,5.40780748387603,
491,70,iv,2,4.44893493864514,5.28631663594942,iv,2,4.44893493864514,5.28631663594942,
,,,,,,,,,,
492,60,ii,3,3.12332133618508,4.96125786289468,ii,3,3.12332133618508,4.96125786289468,
492,61,I,4,4.06648165628245,4.79205003277203,I,4,4.06648165628245,4.79205003277203,
492,62,#IV,5,7.04988607715519,4.69930341512554,#IV,5,7.04988607715519,4.69930341512554,
492,63,VII,2,5.86348521659191,3.19091740638423,VII,2,5.86348521659191,3.19091740638423,
492,64,-iii,2,6.18311163009071,4.45248520163112,-iii,2,6.18311163009071,4.45248520163112,
492,65,-iii,2,6.98610868287465,4.6330856208257,-iio,2,7.07921808726613,4.6330856208257,0.0931094043914813
492,66,-vi,1,6.59233448937751,5.40396119496012,-vi,1,6.62024987695863,5.21490501718691,
492,67,#IV,1,6.60402569114554,5.18655150239105,#IV,1,6.60402569114554,5.18655150239105,
492,68,v,1,6.40702811257819,5.26832602886992,v,1,6.40702811257819,5.26832602886992,
492,69,i,1,5.04582678585244,5.40780748387603,i,1,5.04582678585244,5.40780748387603,
492,70,iv,2,4.44893493864514,5.28631663594942,iv,2,4.44893493864514,5.28631663594942,
,,,,,,,,,,
493,60,ii,3,3.12332133618508,4.96125786289468,ii,3,3.12332133618508,4.96125786289468,
493,61,I,4,4.06648165628245,4.79205003277203,I,4,4.06648165628245,4.79205003277203,
493,62,#IV,5,7.04988607715519,4.69930341512554,#IV,5,7.04988607715519,4.69930341512554,
493,63,VII,2,5.86348521659191,3.19091740638423,VII,2,5.86348521659191,3.19091740638423,
493,64,-iii,2,6.18311163009071,4.45248520163112,-iii,2,6.18311163009071,4.45248520163112,
493,65,-iii,2,6.98610868287465,4.6330856208257,io,2,7.07921808726613,4.6330856208257,0.0931094043914813
493,66,-vi,1,6.59233448937751,5.40396119496012,-vi,1,6.72643221939833,5.07251785127509,
493,67,#IV,1,6.60402569114554,5.18655150239105,#IV,1,6.60402569114554,5.18655150239105,
493,68,v,1,6.40702811257819,5.26832602886992,v,1,6.40702811257819,5.26832602886992,
493,69,i,1,5.04582678585244,5.40780748387603,i,1,5.04582678585244,5.40780748387603,
493,70,iv,2,4.44893493864514,5.28631663594942,iv,2,4.44893493864514,5.28631663594942,
,,,,,,,,,,
494,60,ii,3,3.12332133618508,4.96125786289468,ii,3,3.12332133618508,4.96125786289468,
494,61,I,4,4.06648165628245,4.79205003277203,I,4,4.06648165628245,4.79205003277203,
494,62,#IV,5,7.04988607715519,4.69930341512554,#IV,5,7.04988607715519,4.69930341512554,
494,63,VII,2,5.86348521659191,3.19091740638423,VII,2,5.86348521659191,3.19091740638423,
494,64,-iii,2,6.18311163009071,4.45248520163112,-iii,2,6.18311163009071,4.45248520163112,
494,65,-iii,2,6.98610868287465,4.6330856208257,III+,2,7.07921808726613,4.6330856208257,0.0931094043914813
494,66,-vi,1,6.59233448937751,5.40396119496012,-vi,1,6.92879744881977,4.3371906729538,
494,67,#IV,1,6.60402569114554,5.18655150239105,#IV,1,6.60402569114554,5.18655150239105,
494,68,v,1,6.40702811257819,5.26832602886992,v,1,6.40702811257819,5.26832602886992,
494,69,i,1,5.04582678585244,5.40780748387603,i,1,5.04582678585244,5.40780748387603,
494,70,iv,2,4.44893493864514,5.28631663594942,iv,2,4.44893493864514,5.28631663594942,
,,,,,,,,,,
495,60,ii,3,3.12332133618508,4.96125786289468,ii,3,3.12332133618508,4.96125786289468,
495,61,I,4,4.06648165628245,4.79205003277203,I,4,4.06648165628245,4.79205003277203,
495,62,#IV,5,7.04988607715519,4.69930341512554,#IV,5,7.04988607715519,4.69930341512554,
495,63,VII,2,5.86348521659191,3.19091740638423,VII,2,5.86348521659191,3.19091740638423,
495,64,-iii,2,6.18311163009071,4.45248520163112,-iii,2,6.18311163009071,4.45248520163112,
495,65,-iii,2,6.98610868287465,4.6330856208257,-i,2,7.07921808726613,4.6330856208257,0.0931094043914813
495,66,-vi,1,6.59233448937751,5.40396119496012,-vi,1,6.63388852523249,5.12386026918491,
495,67,#IV,1,6.60402569114554,5.18655150239105,#IV,1,6.60402569114554,5.18655150239105,
495,68,v,1,6.40702811257819,5.26832602886992,v,1,6.40702811257819,5.26832602886992,
495,69,i,1,5.04582678585244,5.40780748387603,i,1,5.04582678585244,5.40780748387603,
495,70,iv,2,4.44893493864514,5.28631663594942,iv,2,4.44893493864514,5.28631663594942,
,,,,,,,,,,
496,67,#IV,1,6.60402569114554,5.18655150239105,#IV,1,6.60402569114554,5.18655150239105,
496,68,v,1,6.40702811257819,5.26832602886992,v,1,6.40702811257819,5.26832602886992,
496,69,i,1,5.04582678585244,5.40780748387603,i,1,5.04582678585244,5.40780748387603,
496,70,iv,2,4.44893493864514,5.28631663594942,iv,2,4.44893493864514,5.28631663594942,
496,71,-III,3,3.78247959356285,5.1053219814982,-III,3,3.78247959356285,5.1053219814982,
496,72,-iii,4,7.2706672863486,4.79876121807827,#iio,4,7.36377669074008,4.79876121807827,0.0931094043914822
496,73,-II,1,6.39378880999543,5.40396119496012,-II,1,6.43200492821986,5.12065708585267,
496,74,-II,1,5.00540633624959,5.44048428464702,-II,1,5.00540633624959,5.44048428464702,
496,75,-iii,2,6.7766771965543,5.16831836386541,-iii,2,6.7766771965543,5.16831836386541,
496,76,iv,1,6.18322182405577,5.40396119496012,iv,1,6.18322182405577,5.40396119496012,
496,77,v,1,5.03569244506737,5.45298253750334,v,1,5.03569244506737,5.45298253750334,
,,,,,,,,,,
497,67,#IV,1,6.60402569114554,5.18655150239105,#IV,1,6.60402569114554,5.18655150239105,
497,68,v,1,6.40702811257819,5.26832602886992,v,1,6.40702811257819,5.26832602886992,
497,69,i,1,5.04582678585244,5.40780748387603,i,1,5.04582678585244,5.40780748387603,
497,70,iv,2,4.44893493864514,5.28631663594942,iv,2,4.44893493864514,5.28631663594942,
497,71,-III,3,3.78247959356285,5.1053219814982,-III,3,3.78247959356285,5.1053219814982,
497,72,-iii,4,7.2706672863486,4.79876121807827,-II+,4,7.36377669074008,4.79876121807827,0.0931094043914822
497,73,-II,1,6.39378880999543,5.40396119496012,-II,1,6.43319792840435,5.12246172232093,
497,74,-II,1,5.00540633624959,5.44048428464702,-II,1,5.00540633624959,5.44048428464702,
497,75,-iii,2,6.7766771965543,5.16831836386541,-iii,2,6.7766771965543,5.16831836386541,
497,76,iv,1,6.18322182405577,5.40396119496012,iv,1,6.18322182405577,5.40396119496012,
497,77,v,1,5.03569244506737,5.45298253750334,v,1,5.03569244506737,5.45298253750334,
,,,,,,,,,,
498,67,#IV,1,6.60402569114554,5.18655150239105,#IV,1,6.60402569114554,5.18655150239105,
498,68,v,1,6.40702811257819,5.26832602886992,v,1,6.40702811257819,5.26832602886992,
498,69,i,1,5.04582678585244,5.40780748387603,i,1,5.04582678585244,5.40780748387603,
498,70,iv,2,4.44893493864514,5.28631663594942,iv,2,4.44893493864514,5.28631663594942,
498,71,-III,3,3.78247959356285,5.1053219814982,-III,3,3.78247959356285,5.1053219814982,
498,72,-iii,4,7.2706672863486,4.79876121807827,#II,4,7.36377669074008,4.79876121807827,0.0931094043914822
498,73,-II,1,6.39378880999543,5.40396119496012,-II,1,6.43772235330207,5.12565624073233,
498,74,-II,1,5.00540633624959,5.44048428464702,-II,1,5.00540633624959,5.44048428464702,
498,75,-iii,2,6.7766771965543,5.16831836386541,-iii,2,6.7766771965543,5.16831836386541,
498,76,iv,1,6.18322182405577,5.40396119496012,iv,1,6.18322182405577,5.40396119496012,
498,77,v,1,5.03569244506737,5.45298253750334,v,1,5.03569244506737,5.45298253750334,
,,,,,,,,,,
499,67,#IV,1,6.60402569114554,5.18655150239105,#IV,1,6.60402569114554,5.18655150239105,
499,68,v,1,6.40702811257819,5.26832602886992,v,1,6.40702811257819,5.26832602886992,
499,69,i,1,5.04582678585244,5.40780748387603,i,1,5.04582678585244,5.40780748387603,
499,70,iv,2,4.44893493864514,5.28631663594942,iv,2,4.44893493864514,5.28631663594942,
499,71,-III,3,3.78247959356285,5.1053219814982,-III,3,3.78247959356285,5.1053219814982,
499,72,-iii,4,7.2706672863486,4.79876121807827,-iio,4,7.36377669074008,4.79876121807827,0.0931094043914822
499,73,-II,1,6.39378880999543,5.40396119496012,-II,1,6.42170419757655,5.21490501718691,
499,74,-II,1,5.00540633624959,5.44048428464702,-II,1,5.00540633624959,5.44048428464702,
499,75,-iii,2,6.7766771965543,5.16831836386541,-iii,2,6.7766771965543,5.16831836386541,
499,76,iv,1,6.18322182405577,5.40396119496012,iv,1,6.18322182405577,5.40396119496012,
499,77,v,1,5.03569244506737,5.45298253750334,v,1,5.03569244506737,5.45298253750334,
,,,,,,,,,,
500,67,#IV,1,6.60402569114554,5.18655150239105,#IV,1,6.60402569114554,5.18655150239105,
500,68,v,1,6.40702811257819,5.26832602886992,v,1,6.40702811257819,5.26832602886992,
500,69,i,1,5.04582678585244,5.40780748387603,i,1,5.04582678585244,5.40780748387603,
500,70,iv,2,4.44893493864514,5.28631663594942,iv,2,4.44893493864514,5.28631663594942,
500,71,-III,3,3.78247959356285,5.1053219814982,-III,3,3.78247959356285,5.1053219814982,
500,72,-iii,4,7.2706672863486,4.79876121807827,io,4,7.36377669074008,4.79876121807827,0.0931094043914822
500,73,-II,1,6.39378880999543,5.40396119496012,-II,1,6.52788654001625,5.07251785127509,
500,74,-II,1,5.00540633624959,5.44048428464702,-II,1,5.00540633624959,5.44048428464702,
500,75,-iii,2,6.7766771965543,5.16831836386541,-iii,2,6.7766771965543,5.16831836386541,
500,76,iv,1,6.18322182405577,5.40396119496012,iv,1,6.18322182405577,5.40396119496012,
500,77,v,1,5.03569244506737,5.45298253750334,v,1,5.03569244506737,5.45298253750334,
,,,,,,,,,,
501,67,#IV,1,6.60402569114554,5.18655150239105,#IV,1,6.60402569114554,5.18655150239105,
501,68,v,1,6.40702811257819,5.26832602886992,v,1,6.40702811257819,5.26832602886992,
501,69,i,1,5.04582678585244,5.40780748387603,i,1,5.04582678585244,5.40780748387603,
501,70,iv,2,4.44893493864514,5.28631663594942,iv,2,4.44893493864514,5.28631663594942,
501,71,-III,3,3.78247959356285,5.1053219814982,-III,3,3.78247959356285,5.1053219814982,
501,72,-iii,4,7.2706672863486,4.79876121807827,III+,4,7.36377669074008,4.79876121807827,0.0931094043914822
501,73,-II,1,6.39378880999543,5.40396119496012,-II,1,6.73025176943769,4.3371906729538,
501,74,-II,1,5.00540633624959,5.44048428464702,-II,1,5.00540633624959,5.44048428464702,
501,75,-iii,2,6.7766771965543,5.16831836386541,-iii,2,6.7766771965543,5.16831836386541,
501,76,iv,1,6.18322182405577,5.40396119496012,iv,1,6.18322182405577,5.40396119496012,
501,77,v,1,5.03569244506737,5.45298253750334,v,1,5.03569244506737,5.45298253750334,
,,,,,,,,,,
502,67,#IV,1,6.60402569114554,5.18655150239105,#IV,1,6.60402569114554,5.18655150239105,
502,68,v,1,6.40702811257819,5.26832602886992,v,1,6.40702811257819,5.26832602886992,
502,69,i,1,5.04582678585244,5.40780748387603,i,1,5.04582678585244,5.40780748387603,
502,70,iv,2,4.44893493864514,5.28631663594942,iv,2,4.44893493864514,5.28631663594942,
502,71,-III,3,3.78247959356285,5.1053219814982,-III,3,3.78247959356285,5.1053219814982,
502,72,-iii,4,7.2706672863486,4.79876121807827,-i,4,7.36377669074008,4.79876121807827,0.0931094043914822
502,73,-II,1,6.39378880999543,5.40396119496012,-II,1,6.43534284585041,5.12386026918491,
502,74,-II,1,5.00540633624959,5.44048428464702,-II,1,5.00540633624959,5.44048428464702,
502,75,-iii,2,6.7766771965543,5.16831836386541,-iii,2,6.7766771965543,5.16831836386541,
502,76,iv,1,6.18322182405577,5.40396119496012,iv,1,6.18322182405577,5.40396119496012,
502,77,v,1,5.03569244506737,5.45298253750334,v,1,5.03569244506737,5.45298253750334,
,,,,,,,,,,
503,70,iv,2,4.44893493864514,5.28631663594942,iv,2,4.44893493864514,5.28631663594942,
503,71,-III,3,3.78247959356285,5.1053219814982,-III,3,3.78247959356285,5.1053219814982,
503,72,-iii,4,7.2706672863486,4.79876121807827,-iii,4,7.2706672863486,4.79876121807827,
503,73,-II,1,6.39378880999543,5.40396119496012,-II,1,6.39378880999543,5.40396119496012,
503,74,-II,1,5.00540633624959,5.44048428464702,-II,1,5.00540633624959,5.44048428464702,
503,75,-iii,2,6.7766771965543,5.16831836386541,#iio,2,6.86978660094578,5.16831836386541,0.0931094043914822
503,76,iv,1,6.18322182405577,5.40396119496012,iv,1,6.2214379422802,5.12065708585267,
503,77,v,1,5.03569244506737,5.45298253750334,v,1,5.03569244506737,5.45298253750334,
503,78,i,2,4.12906689482177,5.18762847529485,i,2,4.12906689482177,5.18762847529485,
503,79,iv,3,3.69985452108245,4.82022148031579,iv,3,3.69985452108245,4.82022148031579,
503,80,-III,4,4.33470413158456,4.148277617094,-III,4,4.33470413158456,4.148277617094,
,,,,,,,,,,
504,70,iv,2,4.44893493864514,5.28631663594942,iv,2,4.44893493864514,5.28631663594942,
504,71,-III,3,3.78247959356285,5.1053219814982,-III,3,3.78247959356285,5.1053219814982,
504,72,-iii,4,7.2706672863486,4.79876121807827,-iii,4,7.2706672863486,4.79876121807827,
504,73,-II,1,6.39378880999543,5.40396119496012,-II,1,6.39378880999543,5.40396119496012,
504,74,-II,1,5.00540633624959,5.44048428464702,-II,1,5.00540633624959,5.44048428464702,
504,75,-iii,2,6.7766771965543,5.16831836386541,-II+,2,6.86978660094578,5.16831836386541,0.0931094043914822
504,76,iv,1,6.18322182405577,5.40396119496012,iv,1,6.22263094246469,5.12246172232093,
504,77,v,1,5.03569244506737,5.45298253750334,v,1,5.03569244506737,5.45298253750334,
504,78,i,2,4.12906689482177,5.18762847529485,i,2,4.12906689482177,5.18762847529485,
504,79,iv,3,3.69985452108245,4.82022148031579,iv,3,3.69985452108245,4.82022148031579,
504,80,-III,4,4.33470413158456,4.148277617094,-III,4,4.33470413158456,4.148277617094,
,,,,,,,,,,
505,70,iv,2,4.44893493864514,5.28631663594942,iv,2,4.44893493864514,5.28631663594942,
505,71,-III,3,3.78247959356285,5.1053219814982,-III,3,3.78247959356285,5.1053219814982,
505,72,-iii,4,7.2706672863486,4.79876121807827,-iii,4,7.2706672863486,4.79876121807827,
505,73,-II,1,6.39378880999543,5.40396119496012,-II,1,6.39378880999543,5.40396119496012,
505,74,-II,1,5.00540633624959,5.44048428464702,-II,1,5.00540633624959,5.44048428464702,
505,75,-iii,2,6.7766771965543,5.16831836386541,#II,2,6.86978660094578,5.16831836386541,0.0931094043914822
505,76,iv,1,6.18322182405577,5.40396119496012,iv,1,6.22715536736241,5.12565624073233,
505,77,v,1,5.03569244506737,5.45298253750334,v,1,5.03569244506737,5.45298253750334,
505,78,i,2,4.12906689482177,5.18762847529485,i,2,4.12906689482177,5.18762847529485,
505,79,iv,3,3.69985452108245,4.82022148031579,iv,3,3.69985452108245,4.82022148031579,
505,80,-III,4,4.33470413158456,4.148277617094,-III,4,4.33470413158456,4.148277617094,
,,,,,,,,,,
506,70,iv,2,4.44893493864514,5.28631663594942,iv,2,4.44893493864514,5.28631663594942,
506,71,-III,3,3.78247959356285,5.1053219814982,-III,3,3.78247959356285,5.1053219814982,
506,72,-iii,4,7.2706672863486,4.79876121807827,-iii,4,7.2706672863486,4.79876121807827,
506,73,-II,1,6.39378880999543,5.40396119496012,-II,1,6.39378880999543,5.40396119496012,
506,74,-II,1,5.00540633624959,5.44048428464702,-II,1,5.00540633624959,5.44048428464702,
506,75,-iii,2,6.7766771965543,5.16831836386541,-iio,2,6.86978660094578,5.16831836386541,0.0931094043914822
506,76,iv,1,6.18322182405577,5.40396119496012,iv,1,6.21113721163689,5.21490501718691,
506,77,v,1,5.03569244506737,5.45298253750334,v,1,5.03569244506737,5.45298253750334,
506,78,i,2,4.12906689482177,5.18762847529485,i,2,4.12906689482177,5.18762847529485,
506,79,iv,3,3.69985452108245,4.82022148031579,iv,3,3.69985452108245,4.82022148031579,
506,80,-III,4,4.33470413158456,4.148277617094,-III,4,4.33470413158456,4.148277617094,
,,,,,,,,,,
507,70,iv,2,4.44893493864514,5.28631663594942,iv,2,4.44893493864514,5.28631663594942,
507,71,-III,3,3.78247959356285,5.1053219814982,-III,3,3.78247959356285,5.1053219814982,
507,72,-iii,4,7.2706672863486,4.79876121807827,-iii,4,7.2706672863486,4.79876121807827,
507,73,-II,1,6.39378880999543,5.40396119496012,-II,1,6.39378880999543,5.40396119496012,
507,74,-II,1,5.00540633624959,5.44048428464702,-II,1,5.00540633624959,5.44048428464702,
507,75,-iii,2,6.7766771965543,5.16831836386541,io,2,6.86978660094578,5.16831836386541,0.0931094043914822
507,76,iv,1,6.18322182405577,5.40396119496012,iv,1,6.31731955407659,5.07251785127509,
507,77,v,1,5.03569244506737,5.45298253750334,v,1,5.03569244506737,5.45298253750334,
507,78,i,2,4.12906689482177,5.18762847529485,i,2,4.12906689482177,5.18762847529485,
507,79,iv,3,3.69985452108245,4.82022148031579,iv,3,3.69985452108245,4.82022148031579,
507,80,-III,4,4.33470413158456,4.148277617094,-III,4,4.33470413158456,4.148277617094,
,,,,,,,,,,
508,70,iv,2,4.44893493864514,5.28631663594942,iv,2,4.44893493864514,5.28631663594942,
508,71,-III,3,3.78247959356285,5.1053219814982,-III,3,3.78247959356285,5.1053219814982,
508,72,-iii,4,7.2706672863486,4.79876121807827,-iii,4,7.2706672863486,4.79876121807827,
508,73,-II,1,6.39378880999543,5.40396119496012,-II,1,6.39378880999543,5.40396119496012,
508,74,-II,1,5.00540633624959,5.44048428464702,-II,1,5.00540633624959,5.44048428464702,
508,75,-iii,2,6.7766771965543,5.16831836386541,III+,2,6.86978660094578,5.16831836386541,0.0931094043914822
508,76,iv,1,6.18322182405577,5.40396119496012,iv,1,6.51968478349803,4.3371906729538,
508,77,v,1,5.03569244506737,5.45298253750334,v,1,5.03569244506737,5.45298253750334,
508,78,i,2,4.12906689482177,5.18762847529485,i,2,4.12906689482177,5.18762847529485,
508,79,iv,3,3.69985452108245,4.82022148031579,iv,3,3.69985452108245,4.82022148031579,
508,80,-III,4,4.33470413158456,4.148277617094,-III,4,4.33470413158456,4.148277617094,
,,,,,,,,,,
509,70,iv,2,4.44893493864514,5.28631663594942,iv,2,4.44893493864514,5.28631663594942,
509,71,-III,3,3.78247959356285,5.1053219814982,-III,3,3.78247959356285,5.1053219814982,
509,72,-iii,4,7.2706672863486,4.79876121807827,-iii,4,7.2706672863486,4.79876121807827,
509,73,-II,1,6.39378880999543,5.40396119496012,-II,1,6.39378880999543,5.40396119496012,
509,74,-II,1,5.00540633624959,5.44048428464702,-II,1,5.00540633624959,5.44048428464702,
509,75,-iii,2,6.7766771965543,5.16831836386541,-i,2,6.86978660094578,5.16831836386541,0.0931094043914822
509,76,iv,1,6.18322182405577,5.40396119496012,iv,1,6.22477585991075,5.12386026918491,
509,77,v,1,5.03569244506737,5.45298253750334,v,1,5.03569244506737,5.45298253750334,
509,78,i,2,4.12906689482177,5.18762847529485,i,2,4.12906689482177,5.18762847529485,
509,79,iv,3,3.69985452108245,4.82022148031579,iv,3,3.69985452108245,4.82022148031579,
509,80,-III,4,4.33470413158456,4.148277617094,-III,4,4.33470413158456,4.148277617094,
,,,,,,,,,,
510,76,iv,1,6.18322182405577,5.40396119496012,iv,1,6.18322182405577,5.40396119496012,
510,77,v,1,5.03569244506737,5.45298253750334,v,1,5.03569244506737,5.45298253750334,
510,78,i,2,4.12906689482177,5.18762847529485,i,2,4.12906689482177,5.18762847529485,
510,79,iv,3,3.69985452108245,4.82022148031579,iv,3,3.69985452108245,4.82022148031579,
510,80,-III,4,4.33470413158456,4.148277617094,-III,4,4.33470413158456,4.148277617094,
510,81,-iii,4,7.2706672863486,4.79876121807827,#iio,4,7.36377669074008,4.79876121807827,0.0931094043914822
510,82,-II,1,6.39378880999543,5.40396119496012,-II,1,6.43200492821986,5.12065708585267,
510,83,-II,1,5.00540633624959,5.44048428464702,-II,1,5.00540633624959,5.44048428464702,
510,84,-iii,2,6.7766771965543,5.16831836386541,-iii,2,6.7766771965543,5.16831836386541,
510,85,iv,1,6.18322182405577,5.40396119496012,iv,1,6.18322182405577,5.40396119496012,
510,86,#IV,1,6.4609038285878,5.45298253750334,#IV,1,6.4609038285878,5.45298253750334,
,,,,,,,,,,
511,76,iv,1,6.18322182405577,5.40396119496012,iv,1,6.18322182405577,5.40396119496012,
511,77,v,1,5.03569244506737,5.45298253750334,v,1,5.03569244506737,5.45298253750334,
511,78,i,2,4.12906689482177,5.18762847529485,i,2,4.12906689482177,5.18762847529485,
511,79,iv,3,3.69985452108245,4.82022148031579,iv,3,3.69985452108245,4.82022148031579,
511,80,-III,4,4.33470413158456,4.148277617094,-III,4,4.33470413158456,4.148277617094,
511,81,-iii,4,7.2706672863486,4.79876121807827,-II+,4,7.36377669074008,4.79876121807827,0.0931094043914822
511,82,-II,1,6.39378880999543,5.40396119496012,-II,1,6.43319792840435,5.12246172232093,
511,83,-II,1,5.00540633624959,5.44048428464702,-II,1,5.00540633624959,5.44048428464702,
511,84,-iii,2,6.7766771965543,5.16831836386541,-iii,2,6.7766771965543,5.16831836386541,
511,85,iv,1,6.18322182405577,5.40396119496012,iv,1,6.18322182405577,5.40396119496012,
511,86,#IV,1,6.4609038285878,5.45298253750334,#IV,1,6.4609038285878,5.45298253750334,
,,,,,,,,,,
512,76,iv,1,6.18322182405577,5.40396119496012,iv,1,6.18322182405577,5.40396119496012,
512,77,v,1,5.03569244506737,5.45298253750334,v,1,5.03569244506737,5.45298253750334,
512,78,i,2,4.12906689482177,5.18762847529485,i,2,4.12906689482177,5.18762847529485,
512,79,iv,3,3.69985452108245,4.82022148031579,iv,3,3.69985452108245,4.82022148031579,
512,80,-III,4,4.33470413158456,4.148277617094,-III,4,4.33470413158456,4.148277617094,
512,81,-iii,4,7.2706672863486,4.79876121807827,#II,4,7.36377669074008,4.79876121807827,0.0931094043914822
512,82,-II,1,6.39378880999543,5.40396119496012,-II,1,6.43772235330207,5.12565624073233,
512,83,-II,1,5.00540633624959,5.44048428464702,-II,1,5.00540633624959,5.44048428464702,
512,84,-iii,2,6.7766771965543,5.16831836386541,-iii,2,6.7766771965543,5.16831836386541,
512,85,iv,1,6.18322182405577,5.40396119496012,iv,1,6.18322182405577,5.40396119496012,
512,86,#IV,1,6.4609038285878,5.45298253750334,#IV,1,6.4609038285878,5.45298253750334,
,,,,,,,,,,
513,76,iv,1,6.18322182405577,5.40396119496012,iv,1,6.18322182405577,5.40396119496012,
513,77,v,1,5.03569244506737,5.45298253750334,v,1,5.03569244506737,5.45298253750334,
513,78,i,2,4.12906689482177,5.18762847529485,i,2,4.12906689482177,5.18762847529485,
513,79,iv,3,3.69985452108245,4.82022148031579,iv,3,3.69985452108245,4.82022148031579,
513,80,-III,4,4.33470413158456,4.148277617094,-III,4,4.33470413158456,4.148277617094,
513,81,-iii,4,7.2706672863486,4.79876121807827,-iio,4,7.36377669074008,4.79876121807827,0.0931094043914822
513,82,-II,1,6.39378880999543,5.40396119496012,-II,1,6.42170419757655,5.21490501718691,
513,83,-II,1,5.00540633624959,5.44048428464702,-II,1,5.00540633624959,5.44048428464702,
513,84,-iii,2,6.7766771965543,5.16831836386541,-iii,2,6.7766771965543,5.16831836386541,
513,85,iv,1,6.18322182405577,5.40396119496012,iv,1,6.18322182405577,5.40396119496012,
513,86,#IV,1,6.4609038285878,5.45298253750334,#IV,1,6.4609038285878,5.45298253750334,
,,,,,,,,,,
514,76,iv,1,6.18322182405577,5.40396119496012,iv,1,6.18322182405577,5.40396119496012,
514,77,v,1,5.03569244506737,5.45298253750334,v,1,5.03569244506737,5.45298253750334,
514,78,i,2,4.12906689482177,5.18762847529485,i,2,4.12906689482177,5.18762847529485,
514,79,iv,3,3.69985452108245,4.82022148031579,iv,3,3.69985452108245,4.82022148031579,
514,80,-III,4,4.33470413158456,4.148277617094,-III,4,4.33470413158456,4.148277617094,
514,81,-iii,4,7.2706672863486,4.79876121807827,io,4,7.36377669074008,4.79876121807827,0.0931094043914822
514,82,-II,1,6.39378880999543,5.40396119496012,-II,1,6.52788654001625,5.07251785127509,
514,83,-II,1,5.00540633624959,5.44048428464702,-II,1,5.00540633624959,5.44048428464702,
514,84,-iii,2,6.7766771965543,5.16831836386541,-iii,2,6.7766771965543,5.16831836386541,
514,85,iv,1,6.18322182405577,5.40396119496012,iv,1,6.18322182405577,5.40396119496012,
514,86,#IV,1,6.4609038285878,5.45298253750334,#IV,1,6.4609038285878,5.45298253750334,
,,,,,,,,,,
515,76,iv,1,6.18322182405577,5.40396119496012,iv,1,6.18322182405577,5.40396119496012,
515,77,v,1,5.03569244506737,5.45298253750334,v,1,5.03569244506737,5.45298253750334,
515,78,i,2,4.12906689482177,5.18762847529485,i,2,4.12906689482177,5.18762847529485,
515,79,iv,3,3.69985452108245,4.82022148031579,iv,3,3.69985452108245,4.82022148031579,
515,80,-III,4,4.33470413158456,4.148277617094,-III,4,4.33470413158456,4.148277617094,
515,81,-iii,4,7.2706672863486,4.79876121807827,III+,4,7.36377669074008,4.79876121807827,0.0931094043914822
515,82,-II,1,6.39378880999543,5.40396119496012,-II,1,6.73025176943769,4.3371906729538,
515,83,-II,1,5.00540633624959,5.44048428464702,-II,1,5.00540633624959,5.44048428464702,
515,84,-iii,2,6.7766771965543,5.16831836386541,-iii,2,6.7766771965543,5.16831836386541,
515,85,iv,1,6.18322182405577,5.40396119496012,iv,1,6.18322182405577,5.40396119496012,
515,86,#IV,1,6.4609038285878,5.45298253750334,#IV,1,6.4609038285878,5.45298253750334,
,,,,,,,,,,
516,76,iv,1,6.18322182405577,5.40396119496012,iv,1,6.18322182405577,5.40396119496012,
516,77,v,1,5.03569244506737,5.45298253750334,v,1,5.03569244506737,5.45298253750334,
516,78,i,2,4.12906689482177,5.18762847529485,i,2,4.12906689482177,5.18762847529485,
516,79,iv,3,3.69985452108245,4.82022148031579,iv,3,3.69985452108245,4.82022148031579,
516,80,-III,4,4.33470413158456,4.148277617094,-III,4,4.33470413158456,4.148277617094,
516,81,-iii,4,7.2706672863486,4.79876121807827,-i,4,7.36377669074008,4.79876121807827,0.0931094043914822
516,82,-II,1,6.39378880999543,5.40396119496012,-II,1,6.43534284585041,5.12386026918491,
516,83,-II,1,5.00540633624959,5.44048428464702,-II,1,5.00540633624959,5.44048428464702,
516,84,-iii,2,6.7766771965543,5.16831836386541,-iii,2,6.7766771965543,5.16831836386541,
516,85,iv,1,6.18322182405577,5.40396119496012,iv,1,6.18322182405577,5.40396119496012,
516,86,#IV,1,6.4609038285878,5.45298253750334,#IV,1,6.4609038285878,5.45298253750334,
,,,,,,,,,,
517,79,iv,3,3.69985452108245,4.82022148031579,iv,3,3.69985452108245,4.82022148031579,
517,80,-III,4,4.33470413158456,4.148277617094,-III,4,4.33470413158456,4.148277617094,
517,81,-iii,4,7.2706672863486,4.79876121807827,-iii,4,7.2706672863486,4.79876121807827,
517,82,-II,1,6.39378880999543,5.40396119496012,-II,1,6.39378880999543,5.40396119496012,
517,83,-II,1,5.00540633624959,5.44048428464702,-II,1,5.00540633624959,5.44048428464702,
517,84,-iii,2,6.7766771965543,5.16831836386541,#iio,2,6.86978660094578,5.16831836386541,0.0931094043914822
517,85,iv,1,6.18322182405577,5.40396119496012,iv,1,6.2214379422802,5.12065708585267,
517,86,#IV,1,6.4609038285878,5.45298253750334,#IV,1,6.4609038285878,5.45298253750334,
517,87,-vi,1,6.72421828845889,5.26832602886992,-vi,1,6.72421828845889,5.26832602886992,
517,88,-vii,1,4.00068466110953,5.18655150239105,-vii,1,4.00068466110953,5.18655150239105,
517,89,i,2,5.08527498042575,4.93666262653595,i,2,5.08527498042575,4.93666262653595,
,,,,,,,,,,
518,79,iv,3,3.69985452108245,4.82022148031579,iv,3,3.69985452108245,4.82022148031579,
518,80,-III,4,4.33470413158456,4.148277617094,-III,4,4.33470413158456,4.148277617094,
518,81,-iii,4,7.2706672863486,4.79876121807827,-iii,4,7.2706672863486,4.79876121807827,
518,82,-II,1,6.39378880999543,5.40396119496012,-II,1,6.39378880999543,5.40396119496012,
518,83,-II,1,5.00540633624959,5.44048428464702,-II,1,5.00540633624959,5.44048428464702,
518,84,-iii,2,6.7766771965543,5.16831836386541,-II+,2,6.86978660094578,5.16831836386541,0.0931094043914822
518,85,iv,1,6.18322182405577,5.40396119496012,iv,1,6.22263094246469,5.12246172232093,
518,86,#IV,1,6.4609038285878,5.45298253750334,#IV,1,6.4609038285878,5.45298253750334,
518,87,-vi,1,6.72421828845889,5.26832602886992,-vi,1,6.72421828845889,5.26832602886992,
518,88,-vii,1,4.00068466110953,5.18655150239105,-vii,1,4.00068466110953,5.18655150239105,
518,89,i,2,5.08527498042575,4.93666262653595,i,2,5.08527498042575,4.93666262653595,
,,,,,,,,,,
519,79,iv,3,3.69985452108245,4.82022148031579,iv,3,3.69985452108245,4.82022148031579,
519,80,-III,4,4.33470413158456,4.148277617094,-III,4,4.33470413158456,4.148277617094,
519,81,-iii,4,7.2706672863486,4.79876121807827,-iii,4,7.2706672863486,4.79876121807827,
519,82,-II,1,6.39378880999543,5.40396119496012,-II,1,6.39378880999543,5.40396119496012,
519,83,-II,1,5.00540633624959,5.44048428464702,-II,1,5.00540633624959,5.44048428464702,
519,84,-iii,2,6.7766771965543,5.16831836386541,#II,2,6.86978660094578,5.16831836386541,0.0931094043914822
519,85,iv,1,6.18322182405577,5.40396119496012,iv,1,6.22715536736241,5.12565624073233,
519,86,#IV,1,6.4609038285878,5.45298253750334,#IV,1,6.4609038285878,5.45298253750334,
519,87,-vi,1,6.72421828845889,5.26832602886992,-vi,1,6.72421828845889,5.26832602886992,
519,88,-vii,1,4.00068466110953,5.18655150239105,-vii,1,4.00068466110953,5.18655150239105,
519,89,i,2,5.08527498042575,4.93666262653595,i,2,5.08527498042575,4.93666262653595,
,,,,,,,,,,
520,79,iv,3,3.69985452108245,4.82022148031579,iv,3,3.69985452108245,4.82022148031579,
520,80,-III,4,4.33470413158456,4.148277617094,-III,4,4.33470413158456,4.148277617094,
520,81,-iii,4,7.2706672863486,4.79876121807827,-iii,4,7.2706672863486,4.79876121807827,
520,82,-II,1,6.39378880999543,5.40396119496012,-II,1,6.39378880999543,5.40396119496012,
520,83,-II,1,5.00540633624959,5.44048428464702,-II,1,5.00540633624959,5.44048428464702,
520,84,-iii,2,6.7766771965543,5.16831836386541,-iio,2,6.86978660094578,5.16831836386541,0.0931094043914822
520,85,iv,1,6.18322182405577,5.40396119496012,iv,1,6.21113721163689,5.21490501718691,
520,86,#IV,1,6.4609038285878,5.45298253750334,#IV,1,6.4609038285878,5.45298253750334,
520,87,-vi,1,6.72421828845889,5.26832602886992,-vi,1,6.72421828845889,5.26832602886992,
520,88,-vii,1,4.00068466110953,5.18655150239105,-vii,1,4.00068466110953,5.18655150239105,
520,89,i,2,5.08527498042575,4.93666262653595,i,2,5.08527498042575,4.93666262653595,
,,,,,,,,,,
521,79,iv,3,3.69985452108245,4.82022148031579,iv,3,3.69985452108245,4.82022148031579,
521,80,-III,4,4.33470413158456,4.148277617094,-III,4,4.33470413158456,4.148277617094,
521,81,-iii,4,7.2706672863486,4.79876121807827,-iii,4,7.2706672863486,4.79876121807827,
521,82,-II,1,6.39378880999543,5.40396119496012,-II,1,6.39378880999543,5.40396119496012,
521,83,-II,1,5.00540633624959,5.44048428464702,-II,1,5.00540633624959,5.44048428464702,
521,84,-iii,2,6.7766771965543,5.16831836386541,io,2,6.86978660094578,5.16831836386541,0.0931094043914822
521,85,iv,1,6.18322182405577,5.40396119496012,iv,1,6.31731955407659,5.07251785127509,
521,86,#IV,1,6.4609038285878,5.45298253750334,#IV,1,6.4609038285878,5.45298253750334,
521,87,-vi,1,6.72421828845889,5.26832602886992,-vi,1,6.72421828845889,5.26832602886992,
521,88,-vii,1,4.00068466110953,5.18655150239105,-vii,1,4.00068466110953,5.18655150239105,
521,89,i,2,5.08527498042575,4.93666262653595,i,2,5.08527498042575,4.93666262653595,
,,,,,,,,,,
522,79,iv,3,3.69985452108245,4.82022148031579,iv,3,3.69985452108245,4.82022148031579,
522,80,-III,4,4.33470413158456,4.148277617094,-III,4,4.33470413158456,4.148277617094,
522,81,-iii,4,7.2706672863486,4.79876121807827,-iii,4,7.2706672863486,4.79876121807827,
522,82,-II,1,6.39378880999543,5.40396119496012,-II,1,6.39378880999543,5.40396119496012,
522,83,-II,1,5.00540633624959,5.44048428464702,-II,1,5.00540633624959,5.44048428464702,
522,84,-iii,2,6.7766771965543,5.16831836386541,III+,2,6.86978660094578,5.16831836386541,0.0931094043914822
522,85,iv,1,6.18322182405577,5.40396119496012,iv,1,6.51968478349803,4.3371906729538,
522,86,#IV,1,6.4609038285878,5.45298253750334,#IV,1,6.4609038285878,5.45298253750334,
522,87,-vi,1,6.72421828845889,5.26832602886992,-vi,1,6.72421828845889,5.26832602886992,
522,88,-vii,1,4.00068466110953,5.18655150239105,-vii,1,4.00068466110953,5.18655150239105,
522,89,i,2,5.08527498042575,4.93666262653595,i,2,5.08527498042575,4.93666262653595,
,,,,,,,,,,
523,79,iv,3,3.69985452108245,4.82022148031579,iv,3,3.69985452108245,4.82022148031579,
523,80,-III,4,4.33470413158456,4.148277617094,-III,4,4.33470413158456,4.148277617094,
523,81,-iii,4,7.2706672863486,4.79876121807827,-iii,4,7.2706672863486,4.79876121807827,
523,82,-II,1,6.39378880999543,5.40396119496012,-II,1,6.39378880999543,5.40396119496012,
523,83,-II,1,5.00540633624959,5.44048428464702,-II,1,5.00540633624959,5.44048428464702,
523,84,-iii,2,6.7766771965543,5.16831836386541,-i,2,6.86978660094578,5.16831836386541,0.0931094043914822
523,85,iv,1,6.18322182405577,5.40396119496012,iv,1,6.22477585991075,5.12386026918491,
523,86,#IV,1,6.4609038285878,5.45298253750334,#IV,1,6.4609038285878,5.45298253750334,
523,87,-vi,1,6.72421828845889,5.26832602886992,-vi,1,6.72421828845889,5.26832602886992,
523,88,-vii,1,4.00068466110953,5.18655150239105,-vii,1,4.00068466110953,5.18655150239105,
523,89,i,2,5.08527498042575,4.93666262653595,i,2,5.08527498042575,4.93666262653595,
,,,,,,,,,,
524,72,-iii,4,7.2706672863486,4.79876121807827,-iii,4,7.2706672863486,4.79876121807827,
524,73,-II,1,6.39378880999543,5.40396119496012,-II,1,6.39378880999543,5.40396119496012,
524,74,-II,1,5.00540633624959,5.44048428464702,-II,1,5.00540633624959,5.44048428464702,
524,75,-iii,2,6.7766771965543,5.16831836386541,-iii,2,6.7766771965543,5.16831836386541,
524,76,iv,1,6.18322182405577,5.40396119496012,iv,1,6.18322182405577,5.40396119496012,
524,77,v,1,5.03569244506737,5.45298253750334,i,1,5.13065434265775,5.45298253750334,0.0949618975903803
524,78,i,2,4.12906689482177,5.18762847529485,i,2,3.85613071012109,5.30362208288601,
524,79,iv,3,3.69985452108245,4.82022148031579,iv,3,4.16829897954905,5.08980672823457,
524,80,-III,4,4.33470413158456,4.148277617094,-III,4,3.59265979297558,4.90900802864383,
524,81,-iii,4,7.2706672863486,4.79876121807827,-iii,5,7.85956380128537,4.09633757227384,
524,82,-II,1,6.39378880999543,5.40396119496012,-II,1,6.39378880999543,5.40396119496012,
,,,,,,,,,,
525,13,I,5,2.56398489539881,4.11750782709229,I,5,2.56398489539881,4.11750782709229,
525,14,iv,5,5.6784154043939,5.19974290858501,iv,5,5.6784154043939,5.19974290858501,
525,15,I,4,2.49873251161012,4.89695766762155,I,4,2.49873251161012,4.89695766762155,
525,16,iv,5,3.20664600669161,4.66342858519195,iv,5,3.20664600669161,4.66342858519195,
525,17,I,5,1.63555725111559,4.43169744819651,I,5,1.63555725111559,4.43169744819651,
525,18,#IV,6,7.55812278639041,4.28599880291646,iio,6,7.46273963047881,4.28599880291646,0.0953831559116018
525,19,iv,2,7.46698727787462,3.19091740638423,iv,2,6.01162538113071,4.80457063580121,
525,20,-III,1,5.25061088482598,5.45298253750334,-III,2,5.5052456636313,5.09500888805597,
525,21,I,2,5.11533565876399,5.33789410002533,I,2,5.11533565876399,5.33789410002533,
525,22,iv,3,5.49584581795407,4.80247879652896,iv,3,5.49584581795407,4.80247879652896,
525,23,I,3,4.28442698113964,5.01642805793056,I,3,4.28442698113964,5.01642805793056,
,,,,,,,,,,
526,21,I,2,5.11533565876399,5.33789410002533,I,2,5.11533565876399,5.33789410002533,
526,22,iv,3,5.49584581795407,4.80247879652896,iv,3,5.49584581795407,4.80247879652896,
526,23,I,3,4.28442698113964,5.01642805793056,I,3,4.28442698113964,5.01642805793056,
526,24,iv,3,3.28501200841588,5.12756237700192,iv,3,3.28501200841588,5.12756237700192,
526,25,I,4,2.62782675606846,4.99593757888795,I,4,2.62782675606846,4.99593757888795,
526,26,#IV,5,7.27233505431236,4.64934421436809,iio,5,7.17695189840075,4.64934421436809,0.0953831559116018
526,27,iv,2,7.46698727787462,3.19091740638423,iv,2,6.01162538113071,4.80457063580121,
526,28,-VI,1,5.31977290933337,5.45298253750334,-VI,2,5.5744076881387,5.09500888805597,
526,29,I,2,5.43780755337442,5.19040854958852,I,2,5.43780755337442,5.19040854958852,
526,30,I,2,4.33519713273102,5.41934604014041,I,2,4.33519713273102,5.41934604014041,
526,31,iv,3,4.83128580160429,5.36798749318986,iv,3,4.83128580160429,5.36798749318986,
,,,,,,,,,,
527,30,I,2,4.33519713273102,5.41934604014041,I,2,4.33519713273102,5.41934604014041,
527,31,iv,3,4.83128580160429,5.36798749318986,iv,3,4.83128580160429,5.36798749318986,
527,32,I,4,3.93997197716702,4.65115140116723,I,4,3.93997197716702,4.65115140116723,
527,33,iv,4,2.35425588667656,4.70879800011142,iv,4,2.35425588667656,4.70879800011142,
527,34,I,5,1.39232462394126,4.1767815461776,I,5,1.39232462394126,4.1767815461776,
527,35,#IV,6,7.41912539439768,4.48885900638762,iio,6,7.32374223848608,4.48885900638762,0.0953831559116018
527,36,iv,2,7.46698727787462,3.19091740638423,iv,2,6.01162538113071,4.80457063580121,
527,37,-VI,1,5.31977290933337,5.45298253750334,-VI,2,5.5744076881387,5.09500888805597,
527,38,I,2,5.43780755337442,5.19040854958852,I,2,5.43780755337442,5.19040854958852,
527,39,I,2,4.33519713273102,5.41934604014041,I,2,4.33519713273102,5.41934604014041,
527,40,I+,3,6.43398439287137,5.36798749318986,I+,3,6.43398439287137,5.36798749318986,
,,,,,,,,,,
528,57,IV,1,6.39660478118186,4.33824316572275,IV,1,6.39660478118186,4.33824316572275,
528,58,iii,1,5.25830986038592,5.46015231333603,iii,1,5.25830986038592,5.46015231333603,
528,59,vi,2,3.88056434428391,5.20474876077054,vi,2,3.88056434428391,5.20474876077054,
528,60,ii,3,3.12332133618508,4.96125786289468,ii,3,3.12332133618508,4.96125786289468,
528,61,I,4,4.06648165628245,4.79205003277203,I,4,4.06648165628245,4.79205003277203,
528,62,#IV,5,7.04988607715519,4.69930341512554,iio,5,6.95450292124359,4.69930341512554,0.0953831559116027
528,63,VII,2,5.86348521659191,3.19091740638423,VII,2,6.73783699768266,4.80457063580121,
528,64,-iii,2,6.18311163009071,4.45248520163112,-iii,1,5.65553685528837,5.34612393077972,
528,65,-iii,2,6.98610868287465,4.6330856208257,-iii,2,6.98610868287465,4.6330856208257,
528,66,-vi,1,6.59233448937751,5.40396119496012,-vi,1,6.59233448937751,5.40396119496012,
528,67,#IV,1,6.60402569114554,5.18655150239105,#IV,1,6.60402569114554,5.18655150239105,
,,,,,,,,,,
529,69,i,1,5.04582678585244,5.40780748387603,i,1,5.04582678585244,5.40780748387603,
529,70,iv,2,4.44893493864514,5.28631663594942,iv,2,4.44893493864514,5.28631663594942,
529,71,-III,3,3.78247959356285,5.1053219814982,-III,3,3.78247959356285,5.1053219814982,
529,72,-iii,4,7.2706672863486,4.79876121807827,-iii,4,7.2706672863486,4.79876121807827,
529,73,-II,1,6.39378880999543,5.40396119496012,-II,1,6.39378880999543,5.40396119496012,
529,74,-II,1,5.00540633624959,5.44048428464702,-VII,1,5.10130526716161,5.44048428464702,0.0958989309120275
529,75,-iii,2,6.7766771965543,5.16831836386541,-iii,2,6.88549381373405,5.18910310273523,
529,76,iv,1,6.18322182405577,5.40396119496012,iv,1,6.18322182405577,5.40396119496012,
529,77,v,1,5.03569244506737,5.45298253750334,v,1,5.03569244506737,5.45298253750334,
529,78,i,2,4.12906689482177,5.18762847529485,i,2,4.12906689482177,5.18762847529485,
529,79,iv,3,3.69985452108245,4.82022148031579,iv,3,3.69985452108245,4.82022148031579,
,,,,,,,,,,
530,69,i,1,5.04582678585244,5.40780748387603,i,1,5.04582678585244,5.40780748387603,
530,70,iv,2,4.44893493864514,5.28631663594942,iv,2,4.44893493864514,5.28631663594942,
530,71,-III,3,3.78247959356285,5.1053219814982,-III,3,3.78247959356285,5.1053219814982,
530,72,-iii,4,7.2706672863486,4.79876121807827,-iii,4,7.2706672863486,4.79876121807827,
530,73,-II,1,6.39378880999543,5.40396119496012,-II,1,6.39378880999543,5.40396119496012,
530,74,-II,1,5.00540633624959,5.44048428464702,-III,1,5.10130526716161,5.44048428464702,0.0958989309120275
530,75,-iii,2,6.7766771965543,5.16831836386541,-iii,2,6.75314211685621,5.29945698513434,
530,76,iv,1,6.18322182405577,5.40396119496012,iv,1,6.18322182405577,5.40396119496012,
530,77,v,1,5.03569244506737,5.45298253750334,v,1,5.03569244506737,5.45298253750334,
530,78,i,2,4.12906689482177,5.18762847529485,i,2,4.12906689482177,5.18762847529485,
530,79,iv,3,3.69985452108245,4.82022148031579,iv,3,3.69985452108245,4.82022148031579,
,,,,,,,,,,
531,78,i,2,4.12906689482177,5.18762847529485,i,2,4.12906689482177,5.18762847529485,
531,79,iv,3,3.69985452108245,4.82022148031579,iv,3,3.69985452108245,4.82022148031579,
531,80,-III,4,4.33470413158456,4.148277617094,-III,4,4.33470413158456,4.148277617094,
531,81,-iii,4,7.2706672863486,4.79876121807827,-iii,4,7.2706672863486,4.79876121807827,
531,82,-II,1,6.39378880999543,5.40396119496012,-II,1,6.39378880999543,5.40396119496012,
531,83,-II,1,5.00540633624959,5.44048428464702,-VII,1,5.10130526716161,5.44048428464702,0.0958989309120275
531,84,-iii,2,6.7766771965543,5.16831836386541,-iii,2,6.88549381373405,5.18910310273523,
531,85,iv,1,6.18322182405577,5.40396119496012,iv,1,6.18322182405577,5.40396119496012,
531,86,#IV,1,6.4609038285878,5.45298253750334,#IV,1,6.4609038285878,5.45298253750334,
531,87,-vi,1,6.72421828845889,5.26832602886992,-vi,1,6.72421828845889,5.26832602886992,
531,88,-vii,1,4.00068466110953,5.18655150239105,-vii,1,4.00068466110953,5.18655150239105,
,,,,,,,,,,
532,78,i,2,4.12906689482177,5.18762847529485,i,2,4.12906689482177,5.18762847529485,
532,79,iv,3,3.69985452108245,4.82022148031579,iv,3,3.69985452108245,4.82022148031579,
532,80,-III,4,4.33470413158456,4.148277617094,-III,4,4.33470413158456,4.148277617094,
532,81,-iii,4,7.2706672863486,4.79876121807827,-iii,4,7.2706672863486,4.79876121807827,
532,82,-II,1,6.39378880999543,5.40396119496012,-II,1,6.39378880999543,5.40396119496012,
532,83,-II,1,5.00540633624959,5.44048428464702,-III,1,5.10130526716161,5.44048428464702,0.0958989309120275
532,84,-iii,2,6.7766771965543,5.16831836386541,-iii,2,6.75314211685621,5.29945698513434,
532,85,iv,1,6.18322182405577,5.40396119496012,iv,1,6.18322182405577,5.40396119496012,
532,86,#IV,1,6.4609038285878,5.45298253750334,#IV,1,6.4609038285878,5.45298253750334,
532,87,-vi,1,6.72421828845889,5.26832602886992,-vi,1,6.72421828845889,5.26832602886992,
532,88,-vii,1,4.00068466110953,5.18655150239105,-vii,1,4.00068466110953,5.18655150239105,
,,,,,,,,,,
533,44,IV,3,3.69572439801877,5.11045100096823,IV,3,3.69572439801877,5.11045100096823,
533,45,-VII,4,5.92621902476389,4.60250761294049,-VII,4,5.92621902476389,4.60250761294049,
533,46,IV,3,4.80620692836147,4.70296834590197,IV,3,4.80620692836147,4.70296834590197,
533,47,V,3,4.04677291528327,5.13068795614639,V,3,4.04677291528327,5.13068795614639,
533,48,I,4,2.50773853601309,4.7026225891055,I,4,2.50773853601309,4.7026225891055,
533,49,I+,5,6.68093454004438,5.02043641115032,-iiio,5,6.77928220434969,5.02043641115032,0.0983476643053143
533,50,I,3,2.81974766149247,4.95076396652624,I,3,4.22509315374949,4.12950950687346,
533,51,iii,4,5.95140374905293,5.00486099057086,iii,2,5.76884102113456,5.21114372914055,
533,52,vi,2,3.67010962802191,5.21915222061716,vi,2,3.67010962802191,5.21915222061716,
533,53,IV,3,3.69572439801877,5.11045100096823,IV,3,3.69572439801877,5.11045100096823,
533,54,-VII,4,5.92621902476389,4.60250761294049,-VII,4,5.92621902476389,4.60250761294049,
,,,,,,,,,,
