Comparison,Row,Orig_Symbol,Orig_Order,Orig_IC,Orig_Entropy,Swap_Symbol,Swap_Order,Swap_IC,Swap_Entropy,Distance
1,40,V,3,3.34891899744004,4.56957897531782,V,3,3.34891899744004,4.56957897531782,
1,41,I,3,4.17552320717053,4.87555392880673,I,3,4.17552320717053,4.87555392880673,
1,42,I,3,4.13190650490478,5.40112686756345,I,3,4.13190650490478,5.40112686756345,
1,43,vi,4,4.2950134712079,5.22475882139959,vi,4,4.2950134712079,5.22475882139959,
1,44,vi,5,2.60886315194141,4.7839630126665,vi,5,2.60886315194141,4.7839630126665,
1,45,VII,6,7.37296275524069,4.6938311359179,-vii,6,7.37296275524069,4.6938311359179,0
1,46,VII,1,4.25861632513268,5.35939902495797,VII,1,6.40146468832667,5.37986897053541,
1,47,III,2,3.88333701672916,5.03192017417812,III,1,4.54313152981812,5.35939902495797,
1,48,III,3,1.55805926843592,4.37890437332967,III,2,2.35968677723969,4.92323805792392,
1,49,VI,4,5.16524734787908,4.22288012824419,VI,3,4.81835683127684,4.87462479662082,
1,50,VI,3,1.24409566218337,3.99309370604159,VI,3,1.24409566218337,3.99309370604159,
,,,,,,,,,,
2,51,ii,4,4.95316286117299,3.88512590342859,ii,4,4.95316286117299,3.88512590342859,
2,52,ii,3,3.4145988319353,4.93429568582484,ii,3,3.4145988319353,4.93429568582484,
2,53,iv,4,5.03550034249799,4.45666491132189,iv,4,5.03550034249799,4.45666491132189,
2,54,iv,3,5.22195527872971,4.24478858687723,iv,3,5.22195527872971,4.24478858687723,
2,55,r,3,3.10988469008671,5.03353480566252,r,3,3.10988469008671,5.03353480566252,
2,56,iio,3,8.81055533616729,2.65120998784587,vii,3,8.81055533616729,2.65120998784587,0
2,57,r,1,3.12207434943258,5.13656897284064,r,1,3.02730014579521,5.39598526308916,
2,58,r,1,2.30762052133861,3.97526569652595,r,1,2.30762052133861,3.97526569652595,
2,59,r,2,1.86106956925883,3.64601662669941,r,2,1.86106956925883,3.64601662669941,
2,60,r,3,1.60950150739252,3.46316021898319,r,3,1.60950150739252,3.46316021898319,
2,61,I,4,1.95781871134021,3.48974951660457,I,4,1.95781871134021,3.48974951660457,
,,,,,,,,,,
3,79,ii,9,4.51768769015367,3.64432850973758,ii,9,4.51768769015367,3.64432850973758,
3,80,ii,5,2.63688710233263,4.70883279483817,ii,5,2.63688710233263,4.70883279483817,
3,81,iv,6,6.70726982400881,4.27648332399766,iv,6,6.70726982400881,4.27648332399766,
3,82,iii,3,6.52543558353392,5.05757635572413,iii,3,6.52543558353392,5.05757635572413,
3,83,iii,2,5.06603227454618,4.93163048383805,iii,2,5.06603227454618,4.93163048383805,
3,84,#ivo,2,6.87878192256377,5.24698189499688,-V,2,6.87878192256377,5.24698189499688,0
3,85,ii,1,3.38482608022132,5.00280443374801,ii,1,6.00718042236055,5.40325824165234,
3,86,ii,2,5.16713963819818,4.95104194077879,ii,1,4.76314935093105,5.4514812614937,
3,87,iio,2,6.01375065936197,5.31880210447212,iio,2,6.01375065936197,5.31880210447212,
3,88,iio,3,6.30413344716312,3.46946608206286,iio,3,6.30413344716312,3.46946608206286,
3,89,iio,2,5.63402967173239,4.2412845030594,iio,2,5.63402967173239,4.2412845030594,
,,,,,,,,,,
4,106,ii,1,4.76314935093105,5.4514812614937,ii,1,4.76314935093105,5.4514812614937,
4,107,I,2,4.18289480761984,5.31880210447212,I,2,4.18289480761984,5.31880210447212,
4,108,I,3,3.42590871013884,5.25388889221325,I,3,3.42590871013884,5.25388889221325,
4,109,vi,4,4.3268247454022,5.12467957113559,vi,4,4.3268247454022,5.12467957113559,
4,110,vi,5,3.12702258713118,4.84490832433922,vi,5,3.12702258713118,4.84490832433922,
4,111,VII,5,7.45227066187122,4.22416088940498,-vii,5,7.45227066187122,4.22416088940498,0
4,112,VII,1,4.25861632513268,5.35939902495797,VII,1,6.40146468832667,5.37986897053541,
4,113,III,2,3.88333701672916,5.03192017417812,III,1,4.54313152981812,5.35939902495797,
4,114,III,3,1.55805926843592,4.37890437332967,III,2,2.35968677723969,4.92323805792392,
4,115,VI,4,5.16524734787908,4.22288012824419,VI,3,4.81835683127684,4.87462479662082,
4,116,VI,3,1.24409566218337,3.99309370604159,VI,3,1.24409566218337,3.99309370604159,
,,,,,,,,,,
5,145,IV,9,3.34366141243149,3.64432850973758,IV,9,3.34366141243149,3.64432850973758,
5,146,IV,4,1.7956143545287,4.36895493663094,IV,4,1.7956143545287,4.36895493663094,
5,147,iv,5,5.64556756063906,4.47865125331656,iv,5,5.64556756063906,4.47865125331656,
5,148,iii,3,6.4964482459115,5.22845895593233,iii,3,6.4964482459115,5.22845895593233,
5,149,iii,2,5.06603227454618,4.93163048383805,iii,2,5.06603227454618,4.93163048383805,
5,150,#ivo,2,6.87878192256377,5.24698189499688,-V,2,6.87878192256377,5.24698189499688,0
5,151,ii,1,3.38482608022132,5.00280443374801,ii,1,6.00718042236055,5.40325824165234,
5,152,ii,2,5.16713963819818,4.95104194077879,ii,1,4.76314935093105,5.4514812614937,
5,153,iio,2,6.01375065936197,5.31880210447212,iio,2,6.01375065936197,5.31880210447212,
5,154,iio,3,6.30413344716312,3.46946608206286,iio,3,6.30413344716312,3.46946608206286,
5,155,iio,2,5.63402967173239,4.2412845030594,iio,2,5.63402967173239,4.2412845030594,
,,,,,,,,,,
6,49,VI,4,5.16524734787908,4.22288012824419,VI,4,5.16524734787908,4.22288012824419,
6,50,VI,3,1.24409566218337,3.99309370604159,VI,3,1.24409566218337,3.99309370604159,
6,51,ii,4,4.95316286117299,3.88512590342859,ii,4,4.95316286117299,3.88512590342859,
6,52,ii,3,3.4145988319353,4.93429568582484,ii,3,3.4145988319353,4.93429568582484,
6,53,iv,4,5.03550034249799,4.45666491132189,iv,4,5.03550034249799,4.45666491132189,
6,54,iv,3,5.22195527872971,4.24478858687723,v,3,5.21908889939841,4.24478858687723,0.00286637933129619
6,55,r,3,3.10988469008671,5.03353480566252,r,3,3.32561011802193,4.63273905245964,
6,56,iio,3,8.81055533616729,2.65120998784587,iio,3,10.0391230260714,1.66304438501699,
6,57,r,1,3.12207434943258,5.13656897284064,r,1,3.12207434943258,5.13656897284064,
6,58,r,1,2.30762052133861,3.97526569652595,r,1,2.30762052133861,3.97526569652595,
6,59,r,2,1.86106956925883,3.64601662669941,r,2,1.86106956925883,3.64601662669941,
,,,,,,,,,,
7,105,ii,2,6.87808097419861,4.2412845030594,ii,2,6.87808097419861,4.2412845030594,
7,106,ii,1,4.76314935093105,5.4514812614937,ii,1,4.76314935093105,5.4514812614937,
7,107,I,2,4.18289480761984,5.31880210447212,I,2,4.18289480761984,5.31880210447212,
7,108,I,3,3.42590871013884,5.25388889221325,I,3,3.42590871013884,5.25388889221325,
7,109,vi,4,4.3268247454022,5.12467957113559,vi,4,4.3268247454022,5.12467957113559,
7,110,vi,5,3.12702258713118,4.84490832433922,IV,5,3.12241184469616,4.84490832433922,0.00461074243501569
7,111,VII,5,7.45227066187122,4.22416088940498,VII,5,7.86875175227558,4.06331966923475,
7,112,VII,1,4.25861632513268,5.35939902495797,VII,1,4.25861632513268,5.35939902495797,
7,113,III,2,3.88333701672916,5.03192017417812,III,2,3.88333701672916,5.03192017417812,
7,114,III,3,1.55805926843592,4.37890437332967,III,3,1.55805926843592,4.37890437332967,
7,115,VI,4,5.16524734787908,4.22288012824419,VI,4,5.16524734787908,4.22288012824419,
,,,,,,,,,,
8,19,ii,10,1.92034511496473,4.07157109754438,ii,10,1.92034511496473,4.07157109754438,
8,20,ii,9,1.02035722301646,3.41185631099114,ii,9,1.02035722301646,3.41185631099114,
8,21,ii,7,0.808378327540961,3.01412522430921,ii,7,0.808378327540961,3.01412522430921,
8,22,ii,7,2.93938252498739,3.09963667282344,ii,7,2.93938252498739,3.09963667282344,
8,23,ii,7,1.70443780177543,4.01009717496488,ii,7,1.70443780177543,4.01009717496488,
8,24,I,8,3.42054561052291,4.09762375075601,II,8,3.42796267011943,4.09762375075601,0.00741705959652039
8,25,I,6,0.785774993899771,3.15197228529058,I,4,5.89309100459251,4.28359814138593,
8,26,I,8,3.1029557470253,4.76805208907173,I,2,3.96102660605386,5.37111288311295,
8,27,I,6,0.699023807181025,2.9266572778572,I,3,3.74309400284588,5.27918232618893,
8,28,I,9,1.30004616171904,3.95256916532923,I,4,2.61386374927559,5.06447490019544,
8,29,I,8,1.27453290671435,3.98365122899055,I,5,1.75507291753117,4.58408754350432,
,,,,,,,,,,
9,143,ii,10,5.3318508384463,3.56914429349208,ii,10,5.3318508384463,3.56914429349208,
9,144,ii,8,1.4439031146592,3.53109868570543,ii,8,1.4439031146592,3.53109868570543,
9,145,IV,9,3.34366141243149,3.64432850973758,IV,9,3.34366141243149,3.64432850973758,
9,146,IV,4,1.7956143545287,4.36895493663094,IV,4,1.7956143545287,4.36895493663094,
9,147,iv,5,5.64556756063906,4.47865125331656,iv,5,5.64556756063906,4.47865125331656,
9,148,iii,3,6.4964482459115,5.22845895593233,vii,3,6.50453814584359,5.22845895593233,0.00808989993209686
9,149,iii,2,5.06603227454618,4.93163048383805,iii,2,2.6822669866156,4.79485183987003,
9,150,#ivo,2,6.87878192256377,5.24698189499688,#ivo,2,6.86734527657284,4.93383209968346,
9,151,ii,1,3.38482608022132,5.00280443374801,ii,1,3.38482608022132,5.00280443374801,
9,152,ii,2,5.16713963819818,4.95104194077879,ii,2,5.16713963819818,4.95104194077879,
9,153,iio,2,6.01375065936197,5.31880210447212,iio,2,6.01375065936197,5.31880210447212,
,,,,,,,,,,
10,77,ii,10,5.3318508384463,3.56914429349208,ii,10,5.3318508384463,3.56914429349208,
10,78,ii,8,1.4439031146592,3.53109868570543,ii,8,1.4439031146592,3.53109868570543,
10,79,ii,9,4.51768769015367,3.64432850973758,ii,9,4.51768769015367,3.64432850973758,
10,80,ii,5,2.63688710233263,4.70883279483817,ii,5,2.63688710233263,4.70883279483817,
10,81,iv,6,6.70726982400881,4.27648332399766,iv,6,6.70726982400881,4.27648332399766,
10,82,iii,3,6.52543558353392,5.05757635572413,vii,3,6.53352548346602,5.05757635572413,0.00808989993209774
10,83,iii,2,5.06603227454618,4.93163048383805,iii,2,2.6822669866156,4.79485183987003,
10,84,#ivo,2,6.87878192256377,5.24698189499688,#ivo,2,6.86734527657284,4.93383209968346,
10,85,ii,1,3.38482608022132,5.00280443374801,ii,1,3.38482608022132,5.00280443374801,
10,86,ii,2,5.16713963819818,4.95104194077879,ii,2,5.16713963819818,4.95104194077879,
10,87,iio,2,6.01375065936197,5.31880210447212,iio,2,6.01375065936197,5.31880210447212,
,,,,,,,,,,
11,155,iio,2,5.63402967173239,4.2412845030594,iio,2,5.63402967173239,4.2412845030594,
11,156,V,2,3.49630902178129,4.2412845030594,V,2,3.49630902178129,4.2412845030594,
11,157,I,2,3.5499808322293,5.33715688987669,I,2,3.5499808322293,5.33715688987669,
11,158,I,3,2.93777615845489,5.22119492673301,I,3,2.93777615845489,5.22119492673301,
11,159,ii,4,3.78398748530637,5.21823057143639,ii,4,3.78398748530637,5.21823057143639,
11,160,ii,5,3.65986320719145,4.46174213687789,I,5,3.65080030406871,4.46174213687789,0.00906290312273983
11,161,iio,5,6.84055696269145,4.59295566994238,iio,5,6.99874812177415,4.90574784770698,
11,162,iio,3,6.30413344716312,3.46946608206286,iio,2,5.97283717794668,3.91257940667704,
11,163,ii,2,6.87808097419861,4.2412845030594,ii,2,6.87808097419861,4.2412845030594,
11,164,ii,1,4.76314935093105,5.4514812614937,ii,1,4.76314935093105,5.4514812614937,
11,165,I,2,4.18289480761984,5.31880210447212,I,2,4.18289480761984,5.31880210447212,
,,,,,,,,,,
12,77,ii,10,5.3318508384463,3.56914429349208,ii,10,5.3318508384463,3.56914429349208,
12,78,ii,8,1.4439031146592,3.53109868570543,ii,8,1.4439031146592,3.53109868570543,
12,79,ii,9,4.51768769015367,3.64432850973758,ii,9,4.51768769015367,3.64432850973758,
12,80,ii,5,2.63688710233263,4.70883279483817,ii,5,2.63688710233263,4.70883279483817,
12,81,iv,6,6.70726982400881,4.27648332399766,iv,6,6.70726982400881,4.27648332399766,
12,82,iii,3,6.52543558353392,5.05757635572413,-vii,3,6.51605434723961,5.05757635572413,0.00938123629430887
12,83,iii,2,5.06603227454618,4.93163048383805,iii,2,6.59487458366091,4.9237788823171,
12,84,#ivo,2,6.87878192256377,5.24698189499688,#ivo,1,6.54727422266321,5.43095943106783,
12,85,ii,1,3.38482608022132,5.00280443374801,ii,1,3.38482608022132,5.00280443374801,
12,86,ii,2,5.16713963819818,4.95104194077879,ii,2,5.16713963819818,4.95104194077879,
12,87,iio,2,6.01375065936197,5.31880210447212,iio,2,6.01375065936197,5.31880210447212,
,,,,,,,,,,
13,143,ii,10,5.3318508384463,3.56914429349208,ii,10,5.3318508384463,3.56914429349208,
13,144,ii,8,1.4439031146592,3.53109868570543,ii,8,1.4439031146592,3.53109868570543,
13,145,IV,9,3.34366141243149,3.64432850973758,IV,9,3.34366141243149,3.64432850973758,
13,146,IV,4,1.7956143545287,4.36895493663094,IV,4,1.7956143545287,4.36895493663094,
13,147,iv,5,5.64556756063906,4.47865125331656,iv,5,5.64556756063906,4.47865125331656,
13,148,iii,3,6.4964482459115,5.22845895593233,-vii,3,6.48706700961719,5.22845895593233,0.00938123629430887
13,149,iii,2,5.06603227454618,4.93163048383805,iii,2,6.59487458366091,4.9237788823171,
13,150,#ivo,2,6.87878192256377,5.24698189499688,#ivo,1,6.54727422266321,5.43095943106783,
13,151,ii,1,3.38482608022132,5.00280443374801,ii,1,3.38482608022132,5.00280443374801,
13,152,ii,2,5.16713963819818,4.95104194077879,ii,2,5.16713963819818,4.95104194077879,
13,153,iio,2,6.01375065936197,5.31880210447212,iio,2,6.01375065936197,5.31880210447212,
,,,,,,,,,,
14,72,I,10,0.464820689061083,2.12016058909174,I,10,0.464820689061083,2.12016058909174,
14,73,I,10,0.464820689061083,2.12016058909174,I,10,0.464820689061083,2.12016058909174,
14,74,I,10,0.464820689061083,2.12016058909174,I,10,0.464820689061083,2.12016058909174,
14,75,IV,10,4.27383210806845,2.12016058909174,IV,10,4.27383210806845,2.12016058909174,
14,76,IV,10,1.25316939999977,3.51683262673969,IV,10,1.25316939999977,3.51683262673969,
14,77,ii,10,5.3318508384463,3.56914429349208,vi,10,5.31944790488768,3.56914429349208,0.0124029335586293
14,78,ii,8,1.4439031146592,3.53109868570543,ii,6,6.5301053680689,2.29539027645397,
14,79,ii,9,4.51768769015367,3.64432850973758,ii,3,4.47243839587029,5.12772635905308,
14,80,ii,5,2.63688710233263,4.70883279483817,ii,3,3.88568467132137,5.08157748060351,
14,81,iv,6,6.70726982400881,4.27648332399766,iv,4,6.31002857348278,4.70690784742531,
14,82,iii,3,6.52543558353392,5.05757635572413,iii,3,6.52543558353392,5.05757635572413,
,,,,,,,,,,
15,138,I,10,0.464820689061083,2.12016058909174,I,10,0.464820689061083,2.12016058909174,
15,139,I,10,0.464820689061083,2.12016058909174,I,10,0.464820689061083,2.12016058909174,
15,140,I,10,0.464820689061083,2.12016058909174,I,10,0.464820689061083,2.12016058909174,
15,141,IV,10,4.27383210806845,2.12016058909174,IV,10,4.27383210806845,2.12016058909174,
15,142,IV,10,1.25316939999977,3.51683262673969,IV,10,1.25316939999977,3.51683262673969,
15,143,ii,10,5.3318508384463,3.56914429349208,vi,10,5.31944790488768,3.56914429349208,0.0124029335586293
15,144,ii,8,1.4439031146592,3.53109868570543,ii,6,6.5301053680689,2.29539027645397,
15,145,IV,9,3.34366141243149,3.64432850973758,IV,3,3.62639788197435,5.12772635905308,
15,146,IV,4,1.7956143545287,4.36895493663094,IV,4,4.24362029627195,4.47148070053429,
15,147,iv,5,5.64556756063906,4.47865125331656,iv,4,5.82527716787157,4.17972020116999,
15,148,iii,3,6.4964482459115,5.22845895593233,iii,3,6.4964482459115,5.22845895593233,
,,,,,,,,,,
16,33,IV,9,2.77829776329859,4.70150995411031,IV,9,2.77829776329859,4.70150995411031,
16,34,IV,10,1.85035301246321,3.56914429349208,IV,10,1.85035301246321,3.56914429349208,
16,35,IV,10,0.368956624053195,1.80275035727911,IV,10,0.368956624053195,1.80275035727911,
16,36,iv,10,7.80895305633684,2.12694644846139,iv,10,7.80895305633684,2.12694644846139,
16,37,I,4,2.11739783694104,4.81431584122313,I,4,2.11739783694104,4.81431584122313,
16,38,io,4,7.60167681076924,3.79737567386236,vo,4,7.58925755151518,3.79737567386236,0.0124192592540675
16,39,ii,2,3.61671590938521,5.07113943085968,ii,2,6.90070109388941,4.10895577324689,
16,40,V,3,3.34891899744004,4.56957897531782,V,1,4.44179232229737,5.4514812614937,
16,41,I,3,4.17552320717053,4.87555392880673,I,2,3.88391692192418,5.32637995012517,
16,42,I,3,4.13190650490478,5.40112686756345,I,3,4.13190650490478,5.40112686756345,
16,43,vi,4,4.2950134712079,5.22475882139959,vi,4,4.2950134712079,5.22475882139959,
,,,,,,,,,,
17,89,iio,2,5.63402967173239,4.2412845030594,iio,2,5.63402967173239,4.2412845030594,
17,90,iio,2,5.63402967173239,4.2412845030594,iio,2,5.63402967173239,4.2412845030594,
17,91,I,2,1.44590756260574,4.2412845030594,I,2,1.44590756260574,4.2412845030594,
17,92,I,3,3.50653347100225,4.82718016834977,I,3,3.50653347100225,4.82718016834977,
17,93,ii,3,3.98002149785095,5.30785230502309,ii,3,3.98002149785095,5.30785230502309,
17,94,ii,4,4.2002145969608,4.95963904862603,I,4,4.18414789989517,4.95963904862603,0.0160666970656296
17,95,iio,4,6.6087944170532,4.82613516645091,iio,4,6.75537373383782,5.18455551805036,
17,96,iio,3,6.30413344716312,3.46946608206286,iio,2,5.97283717794668,3.91257940667704,
17,97,ii,2,6.87808097419861,4.2412845030594,ii,2,6.87808097419861,4.2412845030594,
17,98,V,1,4.44179232229737,5.4514812614937,V,1,4.44179232229737,5.4514812614937,
17,99,I,2,3.88391692192418,5.32637995012517,I,2,3.88391692192418,5.32637995012517,
,,,,,,,,,,
18,40,V,3,3.34891899744004,4.56957897531782,V,3,3.34891899744004,4.56957897531782,
18,41,I,3,4.17552320717053,4.87555392880673,I,3,4.17552320717053,4.87555392880673,
18,42,I,3,4.13190650490478,5.40112686756345,I,3,4.13190650490478,5.40112686756345,
18,43,vi,4,4.2950134712079,5.22475882139959,vi,4,4.2950134712079,5.22475882139959,
18,44,vi,5,2.60886315194141,4.7839630126665,vi,5,2.60886315194141,4.7839630126665,
18,45,VII,6,7.37296275524069,4.6938311359179,vo,6,7.39372131540748,4.6938311359179,0.0207585601667963
18,46,VII,1,4.25861632513268,5.35939902495797,VII,1,6.72999292041198,4.97284879906394,
18,47,III,2,3.88333701672916,5.03192017417812,III,1,4.54313152981812,5.35939902495797,
18,48,III,3,1.55805926843592,4.37890437332967,III,2,2.35968677723969,4.92323805792392,
18,49,VI,4,5.16524734787908,4.22288012824419,VI,3,4.81835683127684,4.87462479662082,
18,50,VI,3,1.24409566218337,3.99309370604159,VI,3,1.24409566218337,3.99309370604159,
,,,,,,,,,,
19,106,ii,1,4.76314935093105,5.4514812614937,ii,1,4.76314935093105,5.4514812614937,
19,107,I,2,4.18289480761984,5.31880210447212,I,2,4.18289480761984,5.31880210447212,
19,108,I,3,3.42590871013884,5.25388889221325,I,3,3.42590871013884,5.25388889221325,
19,109,vi,4,4.3268247454022,5.12467957113559,vi,4,4.3268247454022,5.12467957113559,
19,110,vi,5,3.12702258713118,4.84490832433922,vi,5,3.12702258713118,4.84490832433922,
19,111,VII,5,7.45227066187122,4.22416088940498,vo,5,7.47302922203802,4.22416088940498,0.0207585601667972
19,112,VII,1,4.25861632513268,5.35939902495797,VII,1,6.72999292041198,4.97284879906394,
19,113,III,2,3.88333701672916,5.03192017417812,III,1,4.54313152981812,5.35939902495797,
19,114,III,3,1.55805926843592,4.37890437332967,III,2,2.35968677723969,4.92323805792392,
19,115,VI,4,5.16524734787908,4.22288012824419,VI,3,4.81835683127684,4.87462479662082,
19,116,VI,3,1.24409566218337,3.99309370604159,VI,3,1.24409566218337,3.99309370604159,
,,,,,,,,,,
20,79,ii,9,4.51768769015367,3.64432850973758,ii,9,4.51768769015367,3.64432850973758,
20,80,ii,5,2.63688710233263,4.70883279483817,ii,5,2.63688710233263,4.70883279483817,
20,81,iv,6,6.70726982400881,4.27648332399766,iv,6,6.70726982400881,4.27648332399766,
20,82,iii,3,6.52543558353392,5.05757635572413,iii,3,6.52543558353392,5.05757635572413,
20,83,iii,2,5.06603227454618,4.93163048383805,iii,2,5.06603227454618,4.93163048383805,
20,84,#ivo,2,6.87878192256377,5.24698189499688,V+,2,6.85675561623377,5.24698189499688,0.0220263063299981
20,85,ii,1,3.38482608022132,5.00280443374801,ii,1,6.1450540225557,5.18037920880338,
20,86,ii,2,5.16713963819818,4.95104194077879,ii,1,4.76314935093105,5.4514812614937,
20,87,iio,2,6.01375065936197,5.31880210447212,iio,2,6.01375065936197,5.31880210447212,
20,88,iio,3,6.30413344716312,3.46946608206286,iio,3,6.30413344716312,3.46946608206286,
20,89,iio,2,5.63402967173239,4.2412845030594,iio,2,5.63402967173239,4.2412845030594,
,,,,,,,,,,
21,145,IV,9,3.34366141243149,3.64432850973758,IV,9,3.34366141243149,3.64432850973758,
21,146,IV,4,1.7956143545287,4.36895493663094,IV,4,1.7956143545287,4.36895493663094,
21,147,iv,5,5.64556756063906,4.47865125331656,iv,5,5.64556756063906,4.47865125331656,
21,148,iii,3,6.4964482459115,5.22845895593233,iii,3,6.4964482459115,5.22845895593233,
21,149,iii,2,5.06603227454618,4.93163048383805,iii,2,5.06603227454618,4.93163048383805,
21,150,#ivo,2,6.87878192256377,5.24698189499688,V+,2,6.85675561623377,5.24698189499688,0.0220263063299981
21,151,ii,1,3.38482608022132,5.00280443374801,ii,1,6.1450540225557,5.18037920880338,
21,152,ii,2,5.16713963819818,4.95104194077879,ii,1,4.76314935093105,5.4514812614937,
21,153,iio,2,6.01375065936197,5.31880210447212,iio,2,6.01375065936197,5.31880210447212,
21,154,iio,3,6.30413344716312,3.46946608206286,iio,3,6.30413344716312,3.46946608206286,
21,155,iio,2,5.63402967173239,4.2412845030594,iio,2,5.63402967173239,4.2412845030594,
,,,,,,,,,,
22,41,I,3,4.17552320717053,4.87555392880673,I,3,4.17552320717053,4.87555392880673,
22,42,I,3,4.13190650490478,5.40112686756345,I,3,4.13190650490478,5.40112686756345,
22,43,vi,4,4.2950134712079,5.22475882139959,vi,4,4.2950134712079,5.22475882139959,
22,44,vi,5,2.60886315194141,4.7839630126665,vi,5,2.60886315194141,4.7839630126665,
22,45,VII,6,7.37296275524069,4.6938311359179,VII,6,7.37296275524069,4.6938311359179,
22,46,VII,1,4.25861632513268,5.35939902495797,iii,1,4.23470810837645,5.35939902495797,0.0239082167562277
22,47,III,2,3.88333701672916,5.03192017417812,III,2,3.53642335066578,5.08452842990732,
22,48,III,3,1.55805926843592,4.37890437332967,III,3,3.82692624995385,4.58510028481071,
22,49,VI,4,5.16524734787908,4.22288012824419,VI,3,4.72620594438059,5.01645417780834,
22,50,VI,3,1.24409566218337,3.99309370604159,VI,3,1.24409566218337,3.99309370604159,
22,51,ii,4,4.95316286117299,3.88512590342859,ii,4,4.95316286117299,3.88512590342859,
,,,,,,,,,,
23,82,iii,3,6.52543558353392,5.05757635572413,iii,3,6.52543558353392,5.05757635572413,
23,83,iii,2,5.06603227454618,4.93163048383805,iii,2,5.06603227454618,4.93163048383805,
23,84,#ivo,2,6.87878192256377,5.24698189499688,#ivo,2,6.87878192256377,5.24698189499688,
23,85,ii,1,3.38482608022132,5.00280443374801,ii,1,3.38482608022132,5.00280443374801,
23,86,ii,2,5.16713963819818,4.95104194077879,ii,2,5.16713963819818,4.95104194077879,
23,87,iio,2,6.01375065936197,5.31880210447212,-iii,2,6.03893387609901,5.31880210447212,0.0251832167370427
23,88,iio,3,6.30413344716312,3.46946608206286,iio,3,7.45907517761241,3.81446575660979,
23,89,iio,2,5.63402967173239,4.2412845030594,iio,1,5.1375170950949,5.13656897284064,
23,90,iio,2,5.63402967173239,4.2412845030594,iio,2,5.63402967173239,4.2412845030594,
23,91,I,2,1.44590756260574,4.2412845030594,I,2,1.44590756260574,4.2412845030594,
23,92,I,3,3.50653347100225,4.82718016834977,I,3,3.50653347100225,4.82718016834977,
,,,,,,,,,,
24,98,V,1,4.44179232229737,5.4514812614937,V,1,4.44179232229737,5.4514812614937,
24,99,I,2,3.88391692192418,5.32637995012517,I,2,3.88391692192418,5.32637995012517,
24,100,I,3,4.13190650490478,5.40112686756345,I,3,4.13190650490478,5.40112686756345,
24,101,ii,4,4.23683400361267,5.22475882139959,ii,4,4.23683400361267,5.22475882139959,
24,102,ii,5,3.06588953589311,4.52442555888543,ii,5,3.06588953589311,4.52442555888543,
24,103,iio,6,7.15941585517291,4.26772416179408,-iii,6,7.18459907190995,4.26772416179408,0.0251832167370427
24,104,iio,3,6.30413344716312,3.46946608206286,iio,3,7.45907517761241,3.81446575660979,
24,105,ii,2,6.87808097419861,4.2412845030594,ii,1,6.38156839756112,5.13656897284064,
24,106,ii,1,4.76314935093105,5.4514812614937,ii,1,4.76314935093105,5.4514812614937,
24,107,I,2,4.18289480761984,5.31880210447212,I,2,4.18289480761984,5.31880210447212,
24,108,I,3,3.42590871013884,5.25388889221325,I,3,3.42590871013884,5.25388889221325,
,,,,,,,,,,
25,148,iii,3,6.4964482459115,5.22845895593233,iii,3,6.4964482459115,5.22845895593233,
25,149,iii,2,5.06603227454618,4.93163048383805,iii,2,5.06603227454618,4.93163048383805,
25,150,#ivo,2,6.87878192256377,5.24698189499688,#ivo,2,6.87878192256377,5.24698189499688,
25,151,ii,1,3.38482608022132,5.00280443374801,ii,1,3.38482608022132,5.00280443374801,
25,152,ii,2,5.16713963819818,4.95104194077879,ii,2,5.16713963819818,4.95104194077879,
25,153,iio,2,6.01375065936197,5.31880210447212,-iii,2,6.03893387609901,5.31880210447212,0.0251832167370427
25,154,iio,3,6.30413344716312,3.46946608206286,iio,3,7.45907517761241,3.81446575660979,
25,155,iio,2,5.63402967173239,4.2412845030594,iio,1,5.1375170950949,5.13656897284064,
25,156,V,2,3.49630902178129,4.2412845030594,V,2,3.49630902178129,4.2412845030594,
25,157,I,2,3.5499808322293,5.33715688987669,I,2,3.5499808322293,5.33715688987669,
25,158,I,3,2.93777615845489,5.22119492673301,I,3,2.93777615845489,5.22119492673301,
,,,,,,,,,,
26,164,ii,1,4.76314935093105,5.4514812614937,ii,1,4.76314935093105,5.4514812614937,
26,165,I,2,4.18289480761984,5.31880210447212,I,2,4.18289480761984,5.31880210447212,
26,166,I,3,3.42590871013884,5.25388889221325,I,3,3.42590871013884,5.25388889221325,
26,167,ii,4,3.72682568680353,5.12467957113559,ii,4,3.72682568680353,5.12467957113559,
26,168,ii,5,1.48197115727432,4.02697995917804,ii,5,1.48197115727432,4.02697995917804,
26,169,iio,6,7.3169412934477,3.84827345740927,-iii,6,7.34212451018475,3.84827345740927,0.0251832167370427
26,170,iio,3,6.30413344716312,3.46946608206286,iio,3,7.45907517761241,3.81446575660979,
26,171,ii,2,6.87808097419861,4.2412845030594,ii,1,6.38156839756112,5.13656897284064,
26,172,ii,1,4.76314935093105,5.4514812614937,ii,1,4.76314935093105,5.4514812614937,
26,173,I,2,4.18289480761984,5.31880210447212,I,2,4.18289480761984,5.31880210447212,
26,174,I,3,3.42590871013884,5.25388889221325,I,3,3.42590871013884,5.25388889221325,
,,,,,,,,,,
27,172,ii,1,4.76314935093105,5.4514812614937,ii,1,4.76314935093105,5.4514812614937,
27,173,I,2,4.18289480761984,5.31880210447212,I,2,4.18289480761984,5.31880210447212,
27,174,I,3,3.42590871013884,5.25388889221325,I,3,3.42590871013884,5.25388889221325,
27,175,ii,4,3.72682568680353,5.12467957113559,ii,4,3.72682568680353,5.12467957113559,
27,176,ii,5,1.48197115727432,4.02697995917804,ii,5,1.48197115727432,4.02697995917804,
27,177,iio,6,7.3169412934477,3.84827345740927,-iii,6,7.34212451018475,3.84827345740927,0.0251832167370427
27,178,iio,3,6.30413344716312,3.46946608206286,iio,3,7.45907517761241,3.81446575660979,
27,179,I,2,1.44590756260574,4.2412845030594,I,1,3.2236369921134,5.13656897284064,
27,180,I,3,3.50653347100225,4.82718016834977,I,2,3.1978240900452,5.29452525707598,
27,181,I,3,4.02719472359701,5.30785230502309,I,3,4.02719472359701,5.30785230502309,
27,182,I,4,2.48746044018625,5.08886441969574,I,4,2.48746044018625,5.08886441969574,
,,,,,,,,,,
28,90,iio,2,5.63402967173239,4.2412845030594,iio,2,5.63402967173239,4.2412845030594,
28,91,I,2,1.44590756260574,4.2412845030594,I,2,1.44590756260574,4.2412845030594,
28,92,I,3,3.50653347100225,4.82718016834977,I,3,3.50653347100225,4.82718016834977,
28,93,ii,3,3.98002149785095,5.30785230502309,ii,3,3.98002149785095,5.30785230502309,
28,94,ii,4,4.2002145969608,4.95963904862603,ii,4,4.2002145969608,4.95963904862603,
28,95,iio,4,6.6087944170532,4.82613516645091,-iii,4,6.63397763379024,4.82613516645091,0.0251832167370436
28,96,iio,3,6.30413344716312,3.46946608206286,iio,3,7.45907517761241,3.81446575660979,
28,97,ii,2,6.87808097419861,4.2412845030594,ii,1,6.38156839756112,5.13656897284064,
28,98,V,1,4.44179232229737,5.4514812614937,V,1,4.44179232229737,5.4514812614937,
28,99,I,2,3.88391692192418,5.32637995012517,I,2,3.88391692192418,5.32637995012517,
28,100,I,3,4.13190650490478,5.40112686756345,I,3,4.13190650490478,5.40112686756345,
,,,,,,,,,,
29,33,IV,9,2.77829776329859,4.70150995411031,IV,9,2.77829776329859,4.70150995411031,
29,34,IV,10,1.85035301246321,3.56914429349208,IV,10,1.85035301246321,3.56914429349208,
29,35,IV,10,0.368956624053195,1.80275035727911,IV,10,0.368956624053195,1.80275035727911,
29,36,iv,10,7.80895305633684,2.12694644846139,iv,10,7.80895305633684,2.12694644846139,
29,37,I,4,2.11739783694104,4.81431584122313,I,4,2.11739783694104,4.81431584122313,
29,38,io,4,7.60167681076924,3.79737567386236,vio,4,7.63001731184351,3.79737567386236,0.0283405010742674
29,39,ii,2,3.61671590938521,5.07113943085968,ii,2,4.90842223528923,4.56161023062017,
29,40,V,3,3.34891899744004,4.56957897531782,V,2,1.55347880464785,4.5070067316081,
29,41,I,3,4.17552320717053,4.87555392880673,I,3,1.53953621253999,4.42509016457614,
29,42,I,3,4.13190650490478,5.40112686756345,I,4,3.32376549163091,5.24752431146355,
29,43,vi,4,4.2950134712079,5.22475882139959,vi,5,4.53810442641564,4.96305953241647,
,,,,,,,,,,
30,44,vi,5,2.60886315194141,4.7839630126665,vi,5,2.60886315194141,4.7839630126665,
30,45,VII,6,7.37296275524069,4.6938311359179,VII,6,7.37296275524069,4.6938311359179,
30,46,VII,1,4.25861632513268,5.35939902495797,VII,1,4.25861632513268,5.35939902495797,
30,47,III,2,3.88333701672916,5.03192017417812,III,2,3.88333701672916,5.03192017417812,
30,48,III,3,1.55805926843592,4.37890437332967,III,3,1.55805926843592,4.37890437332967,
30,49,VI,4,5.16524734787908,4.22288012824419,V,4,5.19574329548927,4.22288012824419,0.0304959476101914
30,50,VI,3,1.24409566218337,3.99309370604159,VI,3,6.31211681168741,4.83135585932366,
30,51,ii,4,4.95316286117299,3.88512590342859,ii,2,4.12306772314482,5.17020582659129,
30,52,ii,3,3.4145988319353,4.93429568582484,ii,3,2.53905354532157,4.73733859499694,
30,53,iv,4,5.03550034249799,4.45666491132189,iv,4,5.03550034249799,4.43951999218327,
30,54,iv,3,5.22195527872971,4.24478858687723,iv,3,5.22195527872971,4.24478858687723,
,,,,,,,,,,
31,42,I,3,4.13190650490478,5.40112686756345,I,3,4.13190650490478,5.40112686756345,
31,43,vi,4,4.2950134712079,5.22475882139959,vi,4,4.2950134712079,5.22475882139959,
31,44,vi,5,2.60886315194141,4.7839630126665,vi,5,2.60886315194141,4.7839630126665,
31,45,VII,6,7.37296275524069,4.6938311359179,VII,6,7.37296275524069,4.6938311359179,
31,46,VII,1,4.25861632513268,5.35939902495797,VII,1,4.25861632513268,5.35939902495797,
31,47,III,2,3.88333701672916,5.03192017417812,V,2,3.85112239186399,5.03192017417812,0.0322146248651691
31,48,III,3,1.55805926843592,4.37890437332967,III,3,6.27062295587079,4.86123013687586,
31,49,VI,4,5.16524734787908,4.22288012824419,VI,2,5.23860757584664,4.69290165541268,
31,50,VI,3,1.24409566218337,3.99309370604159,VI,2,2.9798140522651,5.09830507648106,
31,51,ii,4,4.95316286117299,3.88512590342859,ii,3,4.34134782756388,4.97776767037549,
31,52,ii,3,3.4145988319353,4.93429568582484,ii,3,3.4145988319353,4.93429568582484,
,,,,,,,,,,
32,33,IV,9,2.77829776329859,4.70150995411031,IV,9,2.77829776329859,4.70150995411031,
32,34,IV,10,1.85035301246321,3.56914429349208,IV,10,1.85035301246321,3.56914429349208,
32,35,IV,10,0.368956624053195,1.80275035727911,IV,10,0.368956624053195,1.80275035727911,
32,36,iv,10,7.80895305633684,2.12694644846139,iv,10,7.80895305633684,2.12694644846139,
32,37,I,4,2.11739783694104,4.81431584122313,I,4,2.11739783694104,4.81431584122313,
32,38,io,4,7.60167681076924,3.79737567386236,-vii,4,7.56930152962311,3.79737567386236,0.0323752811461304
32,39,ii,2,3.61671590938521,5.07113943085968,ii,2,5.86471208839954,4.89106960046568,
32,40,V,3,3.34891899744004,4.56957897531782,V,2,4.74690355793077,4.99388833352194,
32,41,I,3,4.17552320717053,4.87555392880673,I,2,3.88391692192418,5.32637995012517,
32,42,I,3,4.13190650490478,5.40112686756345,I,3,4.13190650490478,5.40112686756345,
32,43,vi,4,4.2950134712079,5.22475882139959,vi,4,4.2950134712079,5.22475882139959,
,,,,,,,,,,
33,143,ii,10,5.3318508384463,3.56914429349208,ii,10,5.3318508384463,3.56914429349208,
33,144,ii,8,1.4439031146592,3.53109868570543,ii,8,1.4439031146592,3.53109868570543,
33,145,IV,9,3.34366141243149,3.64432850973758,IV,9,3.34366141243149,3.64432850973758,
33,146,IV,4,1.7956143545287,4.36895493663094,IV,4,1.7956143545287,4.36895493663094,
33,147,iv,5,5.64556756063906,4.47865125331656,iv,5,5.64556756063906,4.47865125331656,
33,148,iii,3,6.4964482459115,5.22845895593233,III,3,6.46190693571879,5.22845895593233,0.0345413101927088
33,149,iii,2,5.06603227454618,4.93163048383805,iii,2,6.57156554698176,4.94189119425314,
33,150,#ivo,2,6.87878192256377,5.24698189499688,#ivo,1,6.54727422266321,5.43095943106783,
33,151,ii,1,3.38482608022132,5.00280443374801,ii,1,3.38482608022132,5.00280443374801,
33,152,ii,2,5.16713963819818,4.95104194077879,ii,2,5.16713963819818,4.95104194077879,
33,153,iio,2,6.01375065936197,5.31880210447212,iio,2,6.01375065936197,5.31880210447212,
,,,,,,,,,,
34,49,VI,4,5.16524734787908,4.22288012824419,VI,4,5.16524734787908,4.22288012824419,
34,50,VI,3,1.24409566218337,3.99309370604159,VI,3,1.24409566218337,3.99309370604159,
34,51,ii,4,4.95316286117299,3.88512590342859,ii,4,4.95316286117299,3.88512590342859,
34,52,ii,3,3.4145988319353,4.93429568582484,ii,3,3.4145988319353,4.93429568582484,
34,53,iv,4,5.03550034249799,4.45666491132189,iv,4,5.03550034249799,4.45666491132189,
34,54,iv,3,5.22195527872971,4.24478858687723,I,3,5.18273396893199,4.24478858687723,0.0392213097977185
34,55,r,3,3.10988469008671,5.03353480566252,r,3,3.03578353701375,5.0660690909874,
34,56,iio,3,8.81055533616729,2.65120998784587,iio,3,8.30762650993791,3.42266964896518,
34,57,r,1,3.12207434943258,5.13656897284064,r,1,3.12207434943258,5.13656897284064,
34,58,r,1,2.30762052133861,3.97526569652595,r,1,2.30762052133861,3.97526569652595,
34,59,r,2,1.86106956925883,3.64601662669941,r,2,1.86106956925883,3.64601662669941,
,,,,,,,,,,
35,74,I,10,0.464820689061083,2.12016058909174,I,10,0.464820689061083,2.12016058909174,
35,75,IV,10,4.27383210806845,2.12016058909174,IV,10,4.27383210806845,2.12016058909174,
35,76,IV,10,1.25316939999977,3.51683262673969,IV,10,1.25316939999977,3.51683262673969,
35,77,ii,10,5.3318508384463,3.56914429349208,ii,10,5.3318508384463,3.56914429349208,
35,78,ii,8,1.4439031146592,3.53109868570543,ii,8,1.4439031146592,3.53109868570543,
35,79,ii,9,4.51768769015367,3.64432850973758,iii,9,4.4784381599231,3.64432850973758,0.0392495302305722
35,80,ii,5,2.63688710233263,4.70883279483817,ii,4,4.04520946307235,2.77922717525807,
35,81,iv,6,6.70726982400881,4.27648332399766,iv,4,6.49401168470184,3.8260535989156,
35,82,iii,3,6.52543558353392,5.05757635572413,iii,3,6.52543558353392,5.02296623509841,
35,83,iii,2,5.06603227454618,4.93163048383805,iii,2,5.06603227454618,4.93163048383805,
35,84,#ivo,2,6.87878192256377,5.24698189499688,#ivo,2,6.87878192256377,5.24698189499688,
,,,,,,,,,,
36,76,IV,10,1.25316939999977,3.51683262673969,IV,10,1.25316939999977,3.51683262673969,
36,77,ii,10,5.3318508384463,3.56914429349208,ii,10,5.3318508384463,3.56914429349208,
36,78,ii,8,1.4439031146592,3.53109868570543,ii,8,1.4439031146592,3.53109868570543,
36,79,ii,9,4.51768769015367,3.64432850973758,ii,9,4.51768769015367,3.64432850973758,
36,80,ii,5,2.63688710233263,4.70883279483817,ii,5,2.63688710233263,4.70883279483817,
36,81,iv,6,6.70726982400881,4.27648332399766,VI,6,6.66743617556211,4.27648332399766,0.0398336484467006
36,82,iii,3,6.52543558353392,5.05757635572413,iii,3,6.88100218696332,4.37818749321259,
36,83,iii,2,5.06603227454618,4.93163048383805,iii,2,5.06603227454618,4.93163048383805,
36,84,#ivo,2,6.87878192256377,5.24698189499688,#ivo,2,6.87878192256377,5.24698189499688,
36,85,ii,1,3.38482608022132,5.00280443374801,ii,1,3.38482608022132,5.00280443374801,
36,86,ii,2,5.16713963819818,4.95104194077879,ii,2,5.16713963819818,4.95104194077879,
,,,,,,,,,,
37,51,ii,4,4.95316286117299,3.88512590342859,ii,4,4.95316286117299,3.88512590342859,
37,52,ii,3,3.4145988319353,4.93429568582484,ii,3,3.4145988319353,4.93429568582484,
37,53,iv,4,5.03550034249799,4.45666491132189,iv,4,5.03550034249799,4.45666491132189,
37,54,iv,3,5.22195527872971,4.24478858687723,iv,3,5.22195527872971,4.24478858687723,
37,55,r,3,3.10988469008671,5.03353480566252,r,3,3.10988469008671,5.03353480566252,
37,56,iio,3,8.81055533616729,2.65120998784587,-II,3,8.76933267344078,2.65120998784587,0.0412226627265131
37,57,r,1,3.12207434943258,5.13656897284064,r,1,2.72924749822551,5.44813719717046,
37,58,r,1,2.30762052133861,3.97526569652595,r,2,1.75602727859037,3.45343270835381,
37,59,r,2,1.86106956925883,3.64601662669941,r,3,1.36069512863837,3.32103997595309,
37,60,r,3,1.60950150739252,3.46316021898319,r,4,1.38888150313466,3.3044985862101,
37,61,I,4,1.95781871134021,3.48974951660457,I,5,2.05204600330792,3.36579320508215,
,,,,,,,,,,
38,51,ii,4,4.95316286117299,3.88512590342859,ii,4,4.95316286117299,3.88512590342859,
38,52,ii,3,3.4145988319353,4.93429568582484,ii,3,3.4145988319353,4.93429568582484,
38,53,iv,4,5.03550034249799,4.45666491132189,iv,4,5.03550034249799,4.45666491132189,
38,54,iv,3,5.22195527872971,4.24478858687723,iv,3,5.22195527872971,4.24478858687723,
38,55,r,3,3.10988469008671,5.03353480566252,r,3,3.10988469008671,5.03353480566252,
38,56,iio,3,8.81055533616729,2.65120998784587,viio,3,8.85299060248769,2.65120998784587,0.0424352663203962
38,57,r,1,3.12207434943258,5.13656897284064,r,1,3.01713398059325,5.31257334167248,
38,58,r,1,2.30762052133861,3.97526569652595,r,1,2.30762052133861,3.97526569652595,
38,59,r,2,1.86106956925883,3.64601662669941,r,2,1.86106956925883,3.64601662669941,
38,60,r,3,1.60950150739252,3.46316021898319,r,3,1.60950150739252,3.46316021898319,
38,61,I,4,1.95781871134021,3.48974951660457,I,4,1.95781871134021,3.48974951660457,
,,,,,,,,,,
39,51,ii,4,4.95316286117299,3.88512590342859,ii,4,4.95316286117299,3.88512590342859,
39,52,ii,3,3.4145988319353,4.93429568582484,ii,3,3.4145988319353,4.93429568582484,
39,53,iv,4,5.03550034249799,4.45666491132189,iv,4,5.03550034249799,4.45666491132189,
39,54,iv,3,5.22195527872971,4.24478858687723,iv,3,5.22195527872971,4.24478858687723,
39,55,r,3,3.10988469008671,5.03353480566252,r,3,3.10988469008671,5.03353480566252,
39,56,iio,3,8.81055533616729,2.65120998784587,vio,3,8.85299060248769,2.65120998784587,0.0424352663203962
39,57,r,1,3.12207434943258,5.13656897284064,r,1,2.95547433284757,5.39221459536778,
39,58,r,1,2.30762052133861,3.97526569652595,r,1,2.30762052133861,3.97526569652595,
39,59,r,2,1.86106956925883,3.64601662669941,r,2,1.86106956925883,3.64601662669941,
39,60,r,3,1.60950150739252,3.46316021898319,r,3,1.60950150739252,3.46316021898319,
39,61,I,4,1.95781871134021,3.48974951660457,I,4,1.95781871134021,3.48974951660457,
,,,,,,,,,,
40,51,ii,4,4.95316286117299,3.88512590342859,ii,4,4.95316286117299,3.88512590342859,
40,52,ii,3,3.4145988319353,4.93429568582484,ii,3,3.4145988319353,4.93429568582484,
40,53,iv,4,5.03550034249799,4.45666491132189,iv,4,5.03550034249799,4.45666491132189,
40,54,iv,3,5.22195527872971,4.24478858687723,iv,3,5.22195527872971,4.24478858687723,
40,55,r,3,3.10988469008671,5.03353480566252,r,3,3.10988469008671,5.03353480566252,
40,56,iio,3,8.81055533616729,2.65120998784587,#IV,3,8.85299060248769,2.65120998784587,0.0424352663203962
40,57,r,1,3.12207434943258,5.13656897284064,r,1,3.01853444305142,5.34374298303996,
40,58,r,1,2.30762052133861,3.97526569652595,r,1,2.30762052133861,3.97526569652595,
40,59,r,2,1.86106956925883,3.64601662669941,r,2,1.86106956925883,3.64601662669941,
40,60,r,3,1.60950150739252,3.46316021898319,r,3,1.60950150739252,3.46316021898319,
40,61,I,4,1.95781871134021,3.48974951660457,I,4,1.95781871134021,3.48974951660457,
,,,,,,,,,,
41,84,#ivo,2,6.87878192256377,5.24698189499688,#ivo,2,6.87878192256377,5.24698189499688,
41,85,ii,1,3.38482608022132,5.00280443374801,ii,1,3.38482608022132,5.00280443374801,
41,86,ii,2,5.16713963819818,4.95104194077879,ii,2,5.16713963819818,4.95104194077879,
41,87,iio,2,6.01375065936197,5.31880210447212,iio,2,6.01375065936197,5.31880210447212,
41,88,iio,3,6.30413344716312,3.46946608206286,iio,3,6.30413344716312,3.46946608206286,
41,89,iio,2,5.63402967173239,4.2412845030594,ivo,2,5.67767755663522,4.2412845030594,0.0436478849028319
41,90,iio,2,5.63402967173239,4.2412845030594,iio,2,6.68852906385164,4.72893846471389,
41,91,I,2,1.44590756260574,4.2412845030594,I,1,3.2236369921134,5.13656897284064,
41,92,I,3,3.50653347100225,4.82718016834977,I,2,3.1978240900452,5.29452525707598,
41,93,ii,3,3.98002149785095,5.30785230502309,ii,3,3.98002149785095,5.30785230502309,
41,94,ii,4,4.2002145969608,4.95963904862603,ii,4,4.2002145969608,4.95963904862603,
,,,,,,,,,,
42,85,ii,1,3.38482608022132,5.00280443374801,ii,1,3.38482608022132,5.00280443374801,
42,86,ii,2,5.16713963819818,4.95104194077879,ii,2,5.16713963819818,4.95104194077879,
42,87,iio,2,6.01375065936197,5.31880210447212,iio,2,6.01375065936197,5.31880210447212,
42,88,iio,3,6.30413344716312,3.46946608206286,iio,3,6.30413344716312,3.46946608206286,
42,89,iio,2,5.63402967173239,4.2412845030594,iio,2,5.63402967173239,4.2412845030594,
42,90,iio,2,5.63402967173239,4.2412845030594,ivo,2,5.67767755663522,4.2412845030594,0.0436478849028319
42,91,I,2,1.44590756260574,4.2412845030594,I,2,2.06149749671827,4.72893846471389,
42,92,I,3,3.50653347100225,4.82718016834977,I,2,6.24595242751506,2.95630665332895,
42,93,ii,3,3.98002149785095,5.30785230502309,ii,2,5.0048376357752,5.44148809750708,
42,94,ii,4,4.2002145969608,4.95963904862603,ii,3,3.93295472300498,5.17141573490288,
42,95,iio,4,6.6087944170532,4.82613516645091,iio,4,6.6087944170532,4.82613516645091,
,,,,,,,,,,
43,150,#ivo,2,6.87878192256377,5.24698189499688,#ivo,2,6.87878192256377,5.24698189499688,
43,151,ii,1,3.38482608022132,5.00280443374801,ii,1,3.38482608022132,5.00280443374801,
43,152,ii,2,5.16713963819818,4.95104194077879,ii,2,5.16713963819818,4.95104194077879,
43,153,iio,2,6.01375065936197,5.31880210447212,iio,2,6.01375065936197,5.31880210447212,
43,154,iio,3,6.30413344716312,3.46946608206286,iio,3,6.30413344716312,3.46946608206286,
43,155,iio,2,5.63402967173239,4.2412845030594,ivo,2,5.67767755663522,4.2412845030594,0.0436478849028319
43,156,V,2,3.49630902178129,4.2412845030594,V,2,6.27349156457279,4.72893846471389,
43,157,I,2,3.5499808322293,5.33715688987669,I,1,4.85180469723334,5.46961272151212,
43,158,I,3,2.93777615845489,5.22119492673301,I,2,4.48648948790123,5.45506472622744,
43,159,ii,4,3.78398748530637,5.21823057143639,ii,3,4.80334730130322,5.35578873179006,
43,160,ii,5,3.65986320719145,4.46174213687789,ii,4,3.40085722843034,4.89906551784532,
,,,,,,,,,,
44,79,ii,9,4.51768769015367,3.64432850973758,ii,9,4.51768769015367,3.64432850973758,
44,80,ii,5,2.63688710233263,4.70883279483817,ii,5,2.63688710233263,4.70883279483817,
44,81,iv,6,6.70726982400881,4.27648332399766,iv,6,6.70726982400881,4.27648332399766,
44,82,iii,3,6.52543558353392,5.05757635572413,iii,3,6.52543558353392,5.05757635572413,
44,83,iii,2,5.06603227454618,4.93163048383805,iii,2,5.06603227454618,4.93163048383805,
44,84,#ivo,2,6.87878192256377,5.24698189499688,viio,2,6.83506054513445,5.24698189499688,0.0437213774293168
44,85,ii,1,3.38482608022132,5.00280443374801,ii,1,6.27662802872179,5.31257334167248,
44,86,ii,2,5.16713963819818,4.95104194077879,ii,1,4.76314935093105,5.4514812614937,
44,87,iio,2,6.01375065936197,5.31880210447212,iio,2,6.01375065936197,5.31880210447212,
44,88,iio,3,6.30413344716312,3.46946608206286,iio,3,6.30413344716312,3.46946608206286,
44,89,iio,2,5.63402967173239,4.2412845030594,iio,2,5.63402967173239,4.2412845030594,
,,,,,,,,,,
45,79,ii,9,4.51768769015367,3.64432850973758,ii,9,4.51768769015367,3.64432850973758,
45,80,ii,5,2.63688710233263,4.70883279483817,ii,5,2.63688710233263,4.70883279483817,
45,81,iv,6,6.70726982400881,4.27648332399766,iv,6,6.70726982400881,4.27648332399766,
45,82,iii,3,6.52543558353392,5.05757635572413,iii,3,6.52543558353392,5.05757635572413,
45,83,iii,2,5.06603227454618,4.93163048383805,iii,2,5.06603227454618,4.93163048383805,
45,84,#ivo,2,6.87878192256377,5.24698189499688,vio,2,6.83506054513445,5.24698189499688,0.0437213774293168
45,85,ii,1,3.38482608022132,5.00280443374801,ii,1,4.3977281858557,5.39221459536778,
45,86,ii,2,5.16713963819818,4.95104194077879,ii,2,5.29615558811668,4.5070067316081,
45,87,iio,2,6.01375065936197,5.31880210447212,iio,2,6.01375065936197,5.31880210447212,
45,88,iio,3,6.30413344716312,3.46946608206286,iio,3,6.30413344716312,3.46946608206286,
45,89,iio,2,5.63402967173239,4.2412845030594,iio,2,5.63402967173239,4.2412845030594,
,,,,,,,,,,
46,79,ii,9,4.51768769015367,3.64432850973758,ii,9,4.51768769015367,3.64432850973758,
46,80,ii,5,2.63688710233263,4.70883279483817,ii,5,2.63688710233263,4.70883279483817,
46,81,iv,6,6.70726982400881,4.27648332399766,iv,6,6.70726982400881,4.27648332399766,
46,82,iii,3,6.52543558353392,5.05757635572413,iii,3,6.52543558353392,5.05757635572413,
46,83,iii,2,5.06603227454618,4.93163048383805,iii,2,5.06603227454618,4.93163048383805,
46,84,#ivo,2,6.87878192256377,5.24698189499688,#IV,2,6.83506054513445,5.24698189499688,0.0437213774293168
46,85,ii,1,3.38482608022132,5.00280443374801,ii,1,6.27802849117997,5.34374298303996,
46,86,ii,2,5.16713963819818,4.95104194077879,ii,1,4.76314935093105,5.4514812614937,
46,87,iio,2,6.01375065936197,5.31880210447212,iio,2,6.01375065936197,5.31880210447212,
46,88,iio,3,6.30413344716312,3.46946608206286,iio,3,6.30413344716312,3.46946608206286,
46,89,iio,2,5.63402967173239,4.2412845030594,iio,2,5.63402967173239,4.2412845030594,
,,,,,,,,,,
47,145,IV,9,3.34366141243149,3.64432850973758,IV,9,3.34366141243149,3.64432850973758,
47,146,IV,4,1.7956143545287,4.36895493663094,IV,4,1.7956143545287,4.36895493663094,
47,147,iv,5,5.64556756063906,4.47865125331656,iv,5,5.64556756063906,4.47865125331656,
47,148,iii,3,6.4964482459115,5.22845895593233,iii,3,6.4964482459115,5.22845895593233,
47,149,iii,2,5.06603227454618,4.93163048383805,iii,2,5.06603227454618,4.93163048383805,
47,150,#ivo,2,6.87878192256377,5.24698189499688,viio,2,6.83506054513445,5.24698189499688,0.0437213774293168
47,151,ii,1,3.38482608022132,5.00280443374801,ii,1,6.27662802872179,5.31257334167248,
47,152,ii,2,5.16713963819818,4.95104194077879,ii,1,4.76314935093105,5.4514812614937,
47,153,iio,2,6.01375065936197,5.31880210447212,iio,2,6.01375065936197,5.31880210447212,
47,154,iio,3,6.30413344716312,3.46946608206286,iio,3,6.30413344716312,3.46946608206286,
47,155,iio,2,5.63402967173239,4.2412845030594,iio,2,5.63402967173239,4.2412845030594,
,,,,,,,,,,
48,145,IV,9,3.34366141243149,3.64432850973758,IV,9,3.34366141243149,3.64432850973758,
48,146,IV,4,1.7956143545287,4.36895493663094,IV,4,1.7956143545287,4.36895493663094,
48,147,iv,5,5.64556756063906,4.47865125331656,iv,5,5.64556756063906,4.47865125331656,
48,148,iii,3,6.4964482459115,5.22845895593233,iii,3,6.4964482459115,5.22845895593233,
48,149,iii,2,5.06603227454618,4.93163048383805,iii,2,5.06603227454618,4.93163048383805,
48,150,#ivo,2,6.87878192256377,5.24698189499688,vio,2,6.83506054513445,5.24698189499688,0.0437213774293168
48,151,ii,1,3.38482608022132,5.00280443374801,ii,1,4.3977281858557,5.39221459536778,
48,152,ii,2,5.16713963819818,4.95104194077879,ii,2,5.29615558811668,4.5070067316081,
48,153,iio,2,6.01375065936197,5.31880210447212,iio,2,6.01375065936197,5.31880210447212,
48,154,iio,3,6.30413344716312,3.46946608206286,iio,3,6.30413344716312,3.46946608206286,
48,155,iio,2,5.63402967173239,4.2412845030594,iio,2,5.63402967173239,4.2412845030594,
,,,,,,,,,,
49,145,IV,9,3.34366141243149,3.64432850973758,IV,9,3.34366141243149,3.64432850973758,
49,146,IV,4,1.7956143545287,4.36895493663094,IV,4,1.7956143545287,4.36895493663094,
49,147,iv,5,5.64556756063906,4.47865125331656,iv,5,5.64556756063906,4.47865125331656,
49,148,iii,3,6.4964482459115,5.22845895593233,iii,3,6.4964482459115,5.22845895593233,
49,149,iii,2,5.06603227454618,4.93163048383805,iii,2,5.06603227454618,4.93163048383805,
49,150,#ivo,2,6.87878192256377,5.24698189499688,#IV,2,6.83506054513445,5.24698189499688,0.0437213774293168
49,151,ii,1,3.38482608022132,5.00280443374801,ii,1,6.27802849117997,5.34374298303996,
49,152,ii,2,5.16713963819818,4.95104194077879,ii,1,4.76314935093105,5.4514812614937,
49,153,iio,2,6.01375065936197,5.31880210447212,iio,2,6.01375065936197,5.31880210447212,
49,154,iio,3,6.30413344716312,3.46946608206286,iio,3,6.30413344716312,3.46946608206286,
49,155,iio,2,5.63402967173239,4.2412845030594,iio,2,5.63402967173239,4.2412845030594,
,,,,,,,,,,
50,142,IV,10,1.25316939999977,3.51683262673969,IV,10,1.25316939999977,3.51683262673969,
50,143,ii,10,5.3318508384463,3.56914429349208,ii,10,5.3318508384463,3.56914429349208,
50,144,ii,8,1.4439031146592,3.53109868570543,ii,8,1.4439031146592,3.53109868570543,
50,145,IV,9,3.34366141243149,3.64432850973758,IV,9,3.34366141243149,3.64432850973758,
50,146,IV,4,1.7956143545287,4.36895493663094,IV,4,1.7956143545287,4.36895493663094,
50,147,iv,5,5.64556756063906,4.47865125331656,ii,5,5.60161463597863,4.47865125331656,0.0439529246604353
50,148,iii,3,6.4964482459115,5.22845895593233,iii,3,4.34388618854312,4.88744725430848,
50,149,iii,2,5.06603227454618,4.93163048383805,iii,4,5.5791493498944,3.50695517797686,
50,150,#ivo,2,6.87878192256377,5.24698189499688,#ivo,3,7.10985877475736,5.05711326456241,
50,151,ii,1,3.38482608022132,5.00280443374801,ii,1,3.38482608022132,5.00280443374801,
50,152,ii,2,5.16713963819818,4.95104194077879,ii,2,5.16713963819818,4.95104194077879,
,,,,,,,,,,
51,79,ii,9,4.51768769015367,3.64432850973758,ii,9,4.51768769015367,3.64432850973758,
51,80,ii,5,2.63688710233263,4.70883279483817,ii,5,2.63688710233263,4.70883279483817,
51,81,iv,6,6.70726982400881,4.27648332399766,iv,6,6.70726982400881,4.27648332399766,
51,82,iii,3,6.52543558353392,5.05757635572413,iii,3,6.52543558353392,5.05757635572413,
51,83,iii,2,5.06603227454618,4.93163048383805,iii,2,5.06603227454618,4.93163048383805,
51,84,#ivo,2,6.87878192256377,5.24698189499688,#I,2,6.92386981209231,5.24698189499688,0.0450878895285385
51,85,ii,1,3.38482608022132,5.00280443374801,ii,1,6.31362999567433,5.15326872225073,
51,86,ii,2,5.16713963819818,4.95104194077879,ii,1,4.76314935093105,5.4514812614937,
51,87,iio,2,6.01375065936197,5.31880210447212,iio,2,6.01375065936197,5.31880210447212,
51,88,iio,3,6.30413344716312,3.46946608206286,iio,3,6.30413344716312,3.46946608206286,
51,89,iio,2,5.63402967173239,4.2412845030594,iio,2,5.63402967173239,4.2412845030594,
,,,,,,,,,,
52,79,ii,9,4.51768769015367,3.64432850973758,ii,9,4.51768769015367,3.64432850973758,
52,80,ii,5,2.63688710233263,4.70883279483817,ii,5,2.63688710233263,4.70883279483817,
52,81,iv,6,6.70726982400881,4.27648332399766,iv,6,6.70726982400881,4.27648332399766,
52,82,iii,3,6.52543558353392,5.05757635572413,iii,3,6.52543558353392,5.05757635572413,
52,83,iii,2,5.06603227454618,4.93163048383805,iii,2,5.06603227454618,4.93163048383805,
52,84,#ivo,2,6.87878192256377,5.24698189499688,iiio,2,6.92386981209231,5.24698189499688,0.0450878895285385
52,85,ii,1,3.38482608022132,5.00280443374801,ii,1,6.35167543828141,4.95038875995215,
52,86,ii,2,5.16713963819818,4.95104194077879,ii,1,4.76314935093105,5.4514812614937,
52,87,iio,2,6.01375065936197,5.31880210447212,iio,2,6.01375065936197,5.31880210447212,
52,88,iio,3,6.30413344716312,3.46946608206286,iio,3,6.30413344716312,3.46946608206286,
52,89,iio,2,5.63402967173239,4.2412845030594,iio,2,5.63402967173239,4.2412845030594,
,,,,,,,,,,
53,79,ii,9,4.51768769015367,3.64432850973758,ii,9,4.51768769015367,3.64432850973758,
53,80,ii,5,2.63688710233263,4.70883279483817,ii,5,2.63688710233263,4.70883279483817,
53,81,iv,6,6.70726982400881,4.27648332399766,iv,6,6.70726982400881,4.27648332399766,
53,82,iii,3,6.52543558353392,5.05757635572413,iii,3,6.52543558353392,5.05757635572413,
53,83,iii,2,5.06603227454618,4.93163048383805,iii,2,5.06603227454618,4.93163048383805,
53,84,#ivo,2,6.87878192256377,5.24698189499688,-vi,2,6.92386981209231,5.24698189499688,0.0450878895285385
53,85,ii,1,3.38482608022132,5.00280443374801,ii,1,6.31772117863416,5.1533623530473,
53,86,ii,2,5.16713963819818,4.95104194077879,ii,1,4.76314935093105,5.4514812614937,
53,87,iio,2,6.01375065936197,5.31880210447212,iio,2,6.01375065936197,5.31880210447212,
53,88,iio,3,6.30413344716312,3.46946608206286,iio,3,6.30413344716312,3.46946608206286,
53,89,iio,2,5.63402967173239,4.2412845030594,iio,2,5.63402967173239,4.2412845030594,
,,,,,,,,,,
54,79,ii,9,4.51768769015367,3.64432850973758,ii,9,4.51768769015367,3.64432850973758,
54,80,ii,5,2.63688710233263,4.70883279483817,ii,5,2.63688710233263,4.70883279483817,
54,81,iv,6,6.70726982400881,4.27648332399766,iv,6,6.70726982400881,4.27648332399766,
54,82,iii,3,6.52543558353392,5.05757635572413,iii,3,6.52543558353392,5.05757635572413,
54,83,iii,2,5.06603227454618,4.93163048383805,iii,2,5.06603227454618,4.93163048383805,
54,84,#ivo,2,6.87878192256377,5.24698189499688,ivo,2,6.92386981209231,5.24698189499688,0.0450878895285385
54,85,ii,1,3.38482608022132,5.00280443374801,ii,1,6.0698840941125,5.19977169377347,
54,86,ii,2,5.16713963819818,4.95104194077879,ii,1,4.76314935093105,5.4514812614937,
54,87,iio,2,6.01375065936197,5.31880210447212,iio,2,6.01375065936197,5.31880210447212,
54,88,iio,3,6.30413344716312,3.46946608206286,iio,3,6.30413344716312,3.46946608206286,
54,89,iio,2,5.63402967173239,4.2412845030594,iio,2,5.63402967173239,4.2412845030594,
,,,,,,,,,,
55,145,IV,9,3.34366141243149,3.64432850973758,IV,9,3.34366141243149,3.64432850973758,
55,146,IV,4,1.7956143545287,4.36895493663094,IV,4,1.7956143545287,4.36895493663094,
55,147,iv,5,5.64556756063906,4.47865125331656,iv,5,5.64556756063906,4.47865125331656,
55,148,iii,3,6.4964482459115,5.22845895593233,iii,3,6.4964482459115,5.22845895593233,
55,149,iii,2,5.06603227454618,4.93163048383805,iii,2,5.06603227454618,4.93163048383805,
55,150,#ivo,2,6.87878192256377,5.24698189499688,#I,2,6.92386981209231,5.24698189499688,0.0450878895285385
55,151,ii,1,3.38482608022132,5.00280443374801,ii,1,6.31362999567433,5.15326872225073,
55,152,ii,2,5.16713963819818,4.95104194077879,ii,1,4.76314935093105,5.4514812614937,
55,153,iio,2,6.01375065936197,5.31880210447212,iio,2,6.01375065936197,5.31880210447212,
55,154,iio,3,6.30413344716312,3.46946608206286,iio,3,6.30413344716312,3.46946608206286,
55,155,iio,2,5.63402967173239,4.2412845030594,iio,2,5.63402967173239,4.2412845030594,
,,,,,,,,,,
56,145,IV,9,3.34366141243149,3.64432850973758,IV,9,3.34366141243149,3.64432850973758,
56,146,IV,4,1.7956143545287,4.36895493663094,IV,4,1.7956143545287,4.36895493663094,
56,147,iv,5,5.64556756063906,4.47865125331656,iv,5,5.64556756063906,4.47865125331656,
56,148,iii,3,6.4964482459115,5.22845895593233,iii,3,6.4964482459115,5.22845895593233,
56,149,iii,2,5.06603227454618,4.93163048383805,iii,2,5.06603227454618,4.93163048383805,
56,150,#ivo,2,6.87878192256377,5.24698189499688,iiio,2,6.92386981209231,5.24698189499688,0.0450878895285385
56,151,ii,1,3.38482608022132,5.00280443374801,ii,1,6.35167543828141,4.95038875995215,
56,152,ii,2,5.16713963819818,4.95104194077879,ii,1,4.76314935093105,5.4514812614937,
56,153,iio,2,6.01375065936197,5.31880210447212,iio,2,6.01375065936197,5.31880210447212,
56,154,iio,3,6.30413344716312,3.46946608206286,iio,3,6.30413344716312,3.46946608206286,
56,155,iio,2,5.63402967173239,4.2412845030594,iio,2,5.63402967173239,4.2412845030594,
,,,,,,,,,,
57,145,IV,9,3.34366141243149,3.64432850973758,IV,9,3.34366141243149,3.64432850973758,
57,146,IV,4,1.7956143545287,4.36895493663094,IV,4,1.7956143545287,4.36895493663094,
57,147,iv,5,5.64556756063906,4.47865125331656,iv,5,5.64556756063906,4.47865125331656,
57,148,iii,3,6.4964482459115,5.22845895593233,iii,3,6.4964482459115,5.22845895593233,
57,149,iii,2,5.06603227454618,4.93163048383805,iii,2,5.06603227454618,4.93163048383805,
57,150,#ivo,2,6.87878192256377,5.24698189499688,-vi,2,6.92386981209231,5.24698189499688,0.0450878895285385
57,151,ii,1,3.38482608022132,5.00280443374801,ii,1,6.31772117863416,5.1533623530473,
57,152,ii,2,5.16713963819818,4.95104194077879,ii,1,4.76314935093105,5.4514812614937,
57,153,iio,2,6.01375065936197,5.31880210447212,iio,2,6.01375065936197,5.31880210447212,
57,154,iio,3,6.30413344716312,3.46946608206286,iio,3,6.30413344716312,3.46946608206286,
57,155,iio,2,5.63402967173239,4.2412845030594,iio,2,5.63402967173239,4.2412845030594,
,,,,,,,,,,
58,145,IV,9,3.34366141243149,3.64432850973758,IV,9,3.34366141243149,3.64432850973758,
58,146,IV,4,1.7956143545287,4.36895493663094,IV,4,1.7956143545287,4.36895493663094,
58,147,iv,5,5.64556756063906,4.47865125331656,iv,5,5.64556756063906,4.47865125331656,
58,148,iii,3,6.4964482459115,5.22845895593233,iii,3,6.4964482459115,5.22845895593233,
58,149,iii,2,5.06603227454618,4.93163048383805,iii,2,5.06603227454618,4.93163048383805,
58,150,#ivo,2,6.87878192256377,5.24698189499688,ivo,2,6.92386981209231,5.24698189499688,0.0450878895285385
58,151,ii,1,3.38482608022132,5.00280443374801,ii,1,6.0698840941125,5.19977169377347,
58,152,ii,2,5.16713963819818,4.95104194077879,ii,1,4.76314935093105,5.4514812614937,
58,153,iio,2,6.01375065936197,5.31880210447212,iio,2,6.01375065936197,5.31880210447212,
58,154,iio,3,6.30413344716312,3.46946608206286,iio,3,6.30413344716312,3.46946608206286,
58,155,iio,2,5.63402967173239,4.2412845030594,iio,2,5.63402967173239,4.2412845030594,
,,,,,,,,,,
59,88,iio,3,6.30413344716312,3.46946608206286,iio,3,6.30413344716312,3.46946608206286,
59,89,iio,2,5.63402967173239,4.2412845030594,iio,2,5.63402967173239,4.2412845030594,
59,90,iio,2,5.63402967173239,4.2412845030594,iio,2,5.63402967173239,4.2412845030594,
59,91,I,2,1.44590756260574,4.2412845030594,I,2,1.44590756260574,4.2412845030594,
59,92,I,3,3.50653347100225,4.82718016834977,I,3,3.50653347100225,4.82718016834977,
59,93,ii,3,3.98002149785095,5.30785230502309,I,3,4.02719472359701,5.30785230502309,0.047173225746064
59,94,ii,4,4.2002145969608,4.95963904862603,ii,4,4.96993891951627,5.08886441969574,
59,95,iio,4,6.6087944170532,4.82613516645091,iio,4,4.39505253366922,4.96583249862015,
59,96,iio,3,6.30413344716312,3.46946608206286,iio,5,6.3819964810003,3.62339806416606,
59,97,ii,2,6.87808097419861,4.2412845030594,ii,2,6.87808097419861,4.2412845030594,
59,98,V,1,4.44179232229737,5.4514812614937,V,1,4.44179232229737,5.4514812614937,
,,,,,,,,,,
60,176,ii,5,1.48197115727432,4.02697995917804,ii,5,1.48197115727432,4.02697995917804,
60,177,iio,6,7.3169412934477,3.84827345740927,iio,6,7.3169412934477,3.84827345740927,
60,178,iio,3,6.30413344716312,3.46946608206286,iio,3,6.30413344716312,3.46946608206286,
60,179,I,2,1.44590756260574,4.2412845030594,I,2,1.44590756260574,4.2412845030594,
60,180,I,3,3.50653347100225,4.82718016834977,I,3,3.50653347100225,4.82718016834977,
60,181,I,3,4.02719472359701,5.30785230502309,ii,3,3.98002149785095,5.30785230502309,0.047173225746064
60,182,I,4,2.48746044018625,5.08886441969574,I,4,4.18414789989517,4.95963904862603,
60,183,I,5,3.06233637892673,5.08468061921287,I,4,3.82273669478909,5.18455551805036,
60,184,I,6,2.4616030891715,5.03110769081706,I,5,1.16655421819555,3.86648007034523,
60,185,r,7,3.24892249573611,4.96753990090225,r,6,3.80423561419483,4.37985497375449,
60,186,r,7,1.59903627546103,3.47413611824969,r,4,1.68662746363621,3.5620585206266,
,,,,,,,,,,
61,33,IV,9,2.77829776329859,4.70150995411031,IV,9,2.77829776329859,4.70150995411031,
61,34,IV,10,1.85035301246321,3.56914429349208,IV,10,1.85035301246321,3.56914429349208,
61,35,IV,10,0.368956624053195,1.80275035727911,IV,10,0.368956624053195,1.80275035727911,
61,36,iv,10,7.80895305633684,2.12694644846139,iv,10,7.80895305633684,2.12694644846139,
61,37,I,4,2.11739783694104,4.81431584122313,I,4,2.11739783694104,4.81431584122313,
61,38,io,4,7.60167681076924,3.79737567386236,V+,4,7.65083732408698,3.79737567386236,0.0491605133177409
61,39,ii,2,3.61671590938521,5.07113943085968,ii,2,6.45072609080208,4.6723877840474,
61,40,V,3,3.34891899744004,4.56957897531782,V,1,4.44179232229737,5.4514812614937,
61,41,I,3,4.17552320717053,4.87555392880673,I,2,3.88391692192418,5.32637995012517,
61,42,I,3,4.13190650490478,5.40112686756345,I,3,4.13190650490478,5.40112686756345,
61,43,vi,4,4.2950134712079,5.22475882139959,vi,4,4.2950134712079,5.22475882139959,
,,,,,,,,,,
62,34,IV,10,1.85035301246321,3.56914429349208,IV,10,1.85035301246321,3.56914429349208,
62,35,IV,10,0.368956624053195,1.80275035727911,IV,10,0.368956624053195,1.80275035727911,
62,36,iv,10,7.80895305633684,2.12694644846139,iv,10,7.80895305633684,2.12694644846139,
62,37,I,4,2.11739783694104,4.81431584122313,I,4,2.11739783694104,4.81431584122313,
62,38,io,4,7.60167681076924,3.79737567386236,io,4,7.60167681076924,3.79737567386236,
62,39,ii,2,3.61671590938521,5.07113943085968,viio,2,3.6667565918848,5.07113943085968,0.0500406824995956
62,40,V,3,3.34891899744004,4.56957897531782,V,2,5.5061160941537,4.459463827184,
62,41,I,3,4.17552320717053,4.87555392880673,I,2,2.49328161247422,5.14941192587379,
62,42,I,3,4.13190650490478,5.40112686756345,I,3,4.6623969416557,5.23639776524066,
62,43,vi,4,4.2950134712079,5.22475882139959,vi,3,4.67056701444504,5.35578873179006,
62,44,vi,5,2.60886315194141,4.7839630126665,vi,4,3.24073621080098,5.00046317083819,
,,,,,,,,,,
63,77,ii,10,5.3318508384463,3.56914429349208,ii,10,5.3318508384463,3.56914429349208,
63,78,ii,8,1.4439031146592,3.53109868570543,ii,8,1.4439031146592,3.53109868570543,
63,79,ii,9,4.51768769015367,3.64432850973758,ii,9,4.51768769015367,3.64432850973758,
63,80,ii,5,2.63688710233263,4.70883279483817,ii,5,2.63688710233263,4.70883279483817,
63,81,iv,6,6.70726982400881,4.27648332399766,iv,6,6.70726982400881,4.27648332399766,
63,82,iii,3,6.52543558353392,5.05757635572413,VI,3,6.47392887156693,5.05757635572413,0.0515067119669856
63,83,iii,2,5.06603227454618,4.93163048383805,iii,2,6.33356969493657,4.96796667981779,
63,84,#ivo,2,6.87878192256377,5.24698189499688,#ivo,2,6.87021294880864,4.93163048383805,
63,85,ii,1,3.38482608022132,5.00280443374801,ii,1,3.38482608022132,5.00280443374801,
63,86,ii,2,5.16713963819818,4.95104194077879,ii,2,5.16713963819818,4.95104194077879,
63,87,iio,2,6.01375065936197,5.31880210447212,iio,2,6.01375065936197,5.31880210447212,
,,,,,,,,,,
64,49,VI,4,5.16524734787908,4.22288012824419,VI,4,5.16524734787908,4.22288012824419,
64,50,VI,3,1.24409566218337,3.99309370604159,VI,3,1.24409566218337,3.99309370604159,
64,51,ii,4,4.95316286117299,3.88512590342859,ii,4,4.95316286117299,3.88512590342859,
64,52,ii,3,3.4145988319353,4.93429568582484,ii,3,3.4145988319353,4.93429568582484,
64,53,iv,4,5.03550034249799,4.45666491132189,iv,4,5.03550034249799,4.45666491132189,
64,54,iv,3,5.22195527872971,4.24478858687723,-VII,3,5.27369852485921,4.24478858687723,0.0517432461294964
64,55,r,3,3.10988469008671,5.03353480566252,r,3,3.45266329957312,4.49126573433416,
64,56,iio,3,8.81055533616729,2.65120998784587,iio,3,8.25610268833946,3.57391229753242,
64,57,r,1,3.12207434943258,5.13656897284064,r,1,3.12207434943258,5.13656897284064,
64,58,r,1,2.30762052133861,3.97526569652595,r,1,2.30762052133861,3.97526569652595,
64,59,r,2,1.86106956925883,3.64601662669941,r,2,1.86106956925883,3.64601662669941,
,,,,,,,,,,
65,83,iii,2,5.06603227454618,4.93163048383805,iii,2,5.06603227454618,4.93163048383805,
65,84,#ivo,2,6.87878192256377,5.24698189499688,#ivo,2,6.87878192256377,5.24698189499688,
65,85,ii,1,3.38482608022132,5.00280443374801,ii,1,3.38482608022132,5.00280443374801,
65,86,ii,2,5.16713963819818,4.95104194077879,ii,2,5.16713963819818,4.95104194077879,
65,87,iio,2,6.01375065936197,5.31880210447212,iio,2,6.01375065936197,5.31880210447212,
65,88,iio,3,6.30413344716312,3.46946608206286,v,3,6.24791743759657,3.46946608206286,0.0562160095665476
65,89,iio,2,5.63402967173239,4.2412845030594,iio,2,6.35870684187067,4.89841848836723,
65,90,iio,2,5.63402967173239,4.2412845030594,iio,2,5.69020616086732,4.53810895105938,
65,91,I,2,1.44590756260574,4.2412845030594,I,2,1.44590756260574,4.2412845030594,
65,92,I,3,3.50653347100225,4.82718016834977,I,3,3.50653347100225,4.82718016834977,
65,93,ii,3,3.98002149785095,5.30785230502309,ii,3,3.98002149785095,5.30785230502309,
,,,,,,,,,,
66,84,#ivo,2,6.87878192256377,5.24698189499688,#ivo,2,6.87878192256377,5.24698189499688,
66,85,ii,1,3.38482608022132,5.00280443374801,ii,1,3.38482608022132,5.00280443374801,
66,86,ii,2,5.16713963819818,4.95104194077879,ii,2,5.16713963819818,4.95104194077879,
66,87,iio,2,6.01375065936197,5.31880210447212,iio,2,6.01375065936197,5.31880210447212,
66,88,iio,3,6.30413344716312,3.46946608206286,iio,3,6.30413344716312,3.46946608206286,
66,89,iio,2,5.63402967173239,4.2412845030594,v,2,5.57781366216584,4.2412845030594,0.0562160095665476
66,90,iio,2,5.63402967173239,4.2412845030594,iio,2,6.35870684187067,4.89841848836723,
66,91,I,2,1.44590756260574,4.2412845030594,I,2,3.77632605788582,4.53810895105938,
66,92,I,3,3.50653347100225,4.82718016834977,I,2,3.1978240900452,5.29452525707598,
66,93,ii,3,3.98002149785095,5.30785230502309,ii,3,3.98002149785095,5.30785230502309,
66,94,ii,4,4.2002145969608,4.95963904862603,ii,4,4.2002145969608,4.95963904862603,
,,,,,,,,,,
67,85,ii,1,3.38482608022132,5.00280443374801,ii,1,3.38482608022132,5.00280443374801,
67,86,ii,2,5.16713963819818,4.95104194077879,ii,2,5.16713963819818,4.95104194077879,
67,87,iio,2,6.01375065936197,5.31880210447212,iio,2,6.01375065936197,5.31880210447212,
67,88,iio,3,6.30413344716312,3.46946608206286,iio,3,6.30413344716312,3.46946608206286,
67,89,iio,2,5.63402967173239,4.2412845030594,iio,2,5.63402967173239,4.2412845030594,
67,90,iio,2,5.63402967173239,4.2412845030594,v,2,5.57781366216584,4.2412845030594,0.0562160095665476
67,91,I,2,1.44590756260574,4.2412845030594,I,2,2.07951420907656,4.89841848836723,
67,92,I,3,3.50653347100225,4.82718016834977,I,3,2.93260669035851,5.08915053377793,
67,93,ii,3,3.98002149785095,5.30785230502309,ii,4,5.15069777830347,5.14698355319305,
67,94,ii,4,4.2002145969608,4.95963904862603,ii,4,4.2002145969608,4.77237249971437,
67,95,iio,4,6.6087944170532,4.82613516645091,iio,4,6.6087944170532,4.82613516645091,
,,,,,,,,,,
68,91,I,2,1.44590756260574,4.2412845030594,I,2,1.44590756260574,4.2412845030594,
68,92,I,3,3.50653347100225,4.82718016834977,I,3,3.50653347100225,4.82718016834977,
68,93,ii,3,3.98002149785095,5.30785230502309,ii,3,3.98002149785095,5.30785230502309,
68,94,ii,4,4.2002145969608,4.95963904862603,ii,4,4.2002145969608,4.95963904862603,
68,95,iio,4,6.6087944170532,4.82613516645091,iio,4,6.6087944170532,4.82613516645091,
68,96,iio,3,6.30413344716312,3.46946608206286,v,3,6.24791743759657,3.46946608206286,0.0562160095665476
68,97,ii,2,6.87808097419861,4.2412845030594,ii,2,5.58464948378765,4.89841848836723,
68,98,V,1,4.44179232229737,5.4514812614937,V,2,3.31248587524311,5.2475307376662,
68,99,I,2,3.88391692192418,5.32637995012517,I,3,2.29892469208035,4.85026575988994,
68,100,I,3,4.13190650490478,5.40112686756345,I,4,3.29594463040397,5.25611927150654,
68,101,ii,4,4.23683400361267,5.22475882139959,ii,5,4.45519762733802,4.88749725251511,
,,,,,,,,,,
69,99,I,2,3.88391692192418,5.32637995012517,I,2,3.88391692192418,5.32637995012517,
69,100,I,3,4.13190650490478,5.40112686756345,I,3,4.13190650490478,5.40112686756345,
69,101,ii,4,4.23683400361267,5.22475882139959,ii,4,4.23683400361267,5.22475882139959,
69,102,ii,5,3.06588953589311,4.52442555888543,ii,5,3.06588953589311,4.52442555888543,
69,103,iio,6,7.15941585517291,4.26772416179408,iio,6,7.15941585517291,4.26772416179408,
69,104,iio,3,6.30413344716312,3.46946608206286,v,3,6.24791743759657,3.46946608206286,0.0562160095665476
69,105,ii,2,6.87808097419861,4.2412845030594,ii,2,5.58464948378765,4.89841848836723,
69,106,ii,1,4.76314935093105,5.4514812614937,ii,2,3.79416532078634,5.2475307376662,
69,107,I,2,4.18289480761984,5.31880210447212,I,3,4.73541523082117,4.42905719611065,
69,108,I,3,3.42590871013884,5.25388889221325,I,3,3.42590871013884,5.25388889221325,
69,109,vi,4,4.3268247454022,5.12467957113559,vi,4,4.3268247454022,5.12467957113559,
,,,,,,,,,,
70,149,iii,2,5.06603227454618,4.93163048383805,iii,2,5.06603227454618,4.93163048383805,
70,150,#ivo,2,6.87878192256377,5.24698189499688,#ivo,2,6.87878192256377,5.24698189499688,
70,151,ii,1,3.38482608022132,5.00280443374801,ii,1,3.38482608022132,5.00280443374801,
70,152,ii,2,5.16713963819818,4.95104194077879,ii,2,5.16713963819818,4.95104194077879,
70,153,iio,2,6.01375065936197,5.31880210447212,iio,2,6.01375065936197,5.31880210447212,
70,154,iio,3,6.30413344716312,3.46946608206286,v,3,6.24791743759657,3.46946608206286,0.0562160095665476
70,155,iio,2,5.63402967173239,4.2412845030594,iio,2,6.35870684187067,4.89841848836723,
70,156,V,2,3.49630902178129,4.2412845030594,V,2,3.55248551091623,4.53810895105938,
70,157,I,2,3.5499808322293,5.33715688987669,I,2,3.5499808322293,5.33715688987669,
70,158,I,3,2.93777615845489,5.22119492673301,I,3,2.93777615845489,5.22119492673301,
70,159,ii,4,3.78398748530637,5.21823057143639,ii,4,3.78398748530637,5.21823057143639,
,,,,,,,,,,
71,150,#ivo,2,6.87878192256377,5.24698189499688,#ivo,2,6.87878192256377,5.24698189499688,
71,151,ii,1,3.38482608022132,5.00280443374801,ii,1,3.38482608022132,5.00280443374801,
71,152,ii,2,5.16713963819818,4.95104194077879,ii,2,5.16713963819818,4.95104194077879,
71,153,iio,2,6.01375065936197,5.31880210447212,iio,2,6.01375065936197,5.31880210447212,
71,154,iio,3,6.30413344716312,3.46946608206286,iio,3,6.30413344716312,3.46946608206286,
71,155,iio,2,5.63402967173239,4.2412845030594,v,2,5.57781366216584,4.2412845030594,0.0562160095665476
71,156,V,2,3.49630902178129,4.2412845030594,V,2,5.1414847583135,4.89841848836723,
71,157,I,2,3.5499808322293,5.33715688987669,I,2,4.4909942756083,5.28994488005498,
71,158,I,3,2.93777615845489,5.22119492673301,I,3,2.86525022072167,5.12019957014729,
71,159,ii,4,3.78398748530637,5.21823057143639,ii,4,4.95014010489775,5.23946041579817,
71,160,ii,5,3.65986320719145,4.46174213687789,ii,4,3.40085722843034,4.89906551784532,
,,,,,,,,,,
72,157,I,2,3.5499808322293,5.33715688987669,I,2,3.5499808322293,5.33715688987669,
72,158,I,3,2.93777615845489,5.22119492673301,I,3,2.93777615845489,5.22119492673301,
72,159,ii,4,3.78398748530637,5.21823057143639,ii,4,3.78398748530637,5.21823057143639,
72,160,ii,5,3.65986320719145,4.46174213687789,ii,5,3.65986320719145,4.46174213687789,
72,161,iio,5,6.84055696269145,4.59295566994238,iio,5,6.84055696269145,4.59295566994238,
72,162,iio,3,6.30413344716312,3.46946608206286,v,3,6.24791743759657,3.46946608206286,0.0562160095665476
72,163,ii,2,6.87808097419861,4.2412845030594,ii,2,5.58464948378765,4.89841848836723,
72,164,ii,1,4.76314935093105,5.4514812614937,ii,2,3.79416532078634,5.2475307376662,
72,165,I,2,4.18289480761984,5.31880210447212,I,3,4.73541523082117,4.42905719611065,
72,166,I,3,3.42590871013884,5.25388889221325,I,3,3.42590871013884,5.25388889221325,
72,167,ii,4,3.72682568680353,5.12467957113559,ii,4,3.72682568680353,5.12467957113559,
,,,,,,,,,,
73,173,I,2,4.18289480761984,5.31880210447212,I,2,4.18289480761984,5.31880210447212,
73,174,I,3,3.42590871013884,5.25388889221325,I,3,3.42590871013884,5.25388889221325,
73,175,ii,4,3.72682568680353,5.12467957113559,ii,4,3.72682568680353,5.12467957113559,
73,176,ii,5,1.48197115727432,4.02697995917804,ii,5,1.48197115727432,4.02697995917804,
73,177,iio,6,7.3169412934477,3.84827345740927,iio,6,7.3169412934477,3.84827345740927,
73,178,iio,3,6.30413344716312,3.46946608206286,v,3,6.24791743759657,3.46946608206286,0.0562160095665476
73,179,I,2,1.44590756260574,4.2412845030594,I,2,2.07951420907656,4.89841848836723,
73,180,I,3,3.50653347100225,4.82718016834977,I,3,2.93260669035851,5.08915053377793,
73,181,I,3,4.02719472359701,5.30785230502309,I,4,4.34521178068287,5.14698355319305,
73,182,I,4,2.48746044018625,5.08886441969574,I,4,2.27246368225157,4.94210544970733,
73,183,I,5,3.06233637892673,5.08468061921287,I,5,2.38970956369227,4.89435112023918,
,,,,,,,,,,
74,38,io,4,7.60167681076924,3.79737567386236,io,4,7.60167681076924,3.79737567386236,
74,39,ii,2,3.61671590938521,5.07113943085968,ii,2,3.61671590938521,5.07113943085968,
74,40,V,3,3.34891899744004,4.56957897531782,V,3,3.34891899744004,4.56957897531782,
74,41,I,3,4.17552320717053,4.87555392880673,I,3,4.17552320717053,4.87555392880673,
74,42,I,3,4.13190650490478,5.40112686756345,I,3,4.13190650490478,5.40112686756345,
74,43,vi,4,4.2950134712079,5.22475882139959,ii,4,4.23683400361267,5.22475882139959,0.0581794675952256
74,44,vi,5,2.60886315194141,4.7839630126665,vi,5,4.96990041137677,4.52442555888543,
74,45,VII,6,7.37296275524069,4.6938311359179,VII,4,8.09570595026129,3.31380379393157,
74,46,VII,1,4.25861632513268,5.35939902495797,VII,1,4.25861632513268,5.35939902495797,
74,47,III,2,3.88333701672916,5.03192017417812,III,2,3.88333701672916,5.03192017417812,
74,48,III,3,1.55805926843592,4.37890437332967,III,3,1.55805926843592,4.37890437332967,
,,,,,,,,,,
75,96,iio,3,6.30413344716312,3.46946608206286,iio,3,6.30413344716312,3.46946608206286,
75,97,ii,2,6.87808097419861,4.2412845030594,ii,2,6.87808097419861,4.2412845030594,
75,98,V,1,4.44179232229737,5.4514812614937,V,1,4.44179232229737,5.4514812614937,
75,99,I,2,3.88391692192418,5.32637995012517,I,2,3.88391692192418,5.32637995012517,
75,100,I,3,4.13190650490478,5.40112686756345,I,3,4.13190650490478,5.40112686756345,
75,101,ii,4,4.23683400361267,5.22475882139959,vi,4,4.2950134712079,5.22475882139959,0.0581794675952256
75,102,ii,5,3.06588953589311,4.52442555888543,ii,5,4.2047701893602,4.7839630126665,
75,103,iio,6,7.15941585517291,4.26772416179408,iio,5,7.98222686008234,3.34319917733665,
75,104,iio,3,6.30413344716312,3.46946608206286,iio,2,5.83566701824935,4.29369984292888,
75,105,ii,2,6.87808097419861,4.2412845030594,ii,2,6.87808097419861,4.2412845030594,
75,106,ii,1,4.76314935093105,5.4514812614937,ii,1,4.76314935093105,5.4514812614937,
,,,,,,,,,,
76,40,V,3,3.34891899744004,4.56957897531782,V,3,3.34891899744004,4.56957897531782,
76,41,I,3,4.17552320717053,4.87555392880673,I,3,4.17552320717053,4.87555392880673,
76,42,I,3,4.13190650490478,5.40112686756345,I,3,4.13190650490478,5.40112686756345,
76,43,vi,4,4.2950134712079,5.22475882139959,vi,4,4.2950134712079,5.22475882139959,
76,44,vi,5,2.60886315194141,4.7839630126665,vi,5,2.60886315194141,4.7839630126665,
76,45,VII,6,7.37296275524069,4.6938311359179,-iii,6,7.43615658172788,4.6938311359179,0.0631938264871934
76,46,VII,1,4.25861632513268,5.35939902495797,VII,1,6.38469125679569,5.46436553144696,
76,47,III,2,3.88333701672916,5.03192017417812,III,1,4.54313152981812,5.35939902495797,
76,48,III,3,1.55805926843592,4.37890437332967,III,2,2.35968677723969,4.92323805792392,
76,49,VI,4,5.16524734787908,4.22288012824419,VI,3,4.81835683127684,4.87462479662082,
76,50,VI,3,1.24409566218337,3.99309370604159,VI,3,1.24409566218337,3.99309370604159,
,,,,,,,,,,
77,40,V,3,3.34891899744004,4.56957897531782,V,3,3.34891899744004,4.56957897531782,
77,41,I,3,4.17552320717053,4.87555392880673,I,3,4.17552320717053,4.87555392880673,
77,42,I,3,4.13190650490478,5.40112686756345,I,3,4.13190650490478,5.40112686756345,
77,43,vi,4,4.2950134712079,5.22475882139959,vi,4,4.2950134712079,5.22475882139959,
77,44,vi,5,2.60886315194141,4.7839630126665,vi,5,2.60886315194141,4.7839630126665,
77,45,VII,6,7.37296275524069,4.6938311359179,viio,6,7.43615658172788,4.6938311359179,0.0631938264871934
77,46,VII,1,4.25861632513268,5.35939902495797,VII,1,6.55673594791453,5.31257334167248,
77,47,III,2,3.88333701672916,5.03192017417812,III,1,4.54313152981812,5.35939902495797,
77,48,III,3,1.55805926843592,4.37890437332967,III,2,2.35968677723969,4.92323805792392,
77,49,VI,4,5.16524734787908,4.22288012824419,VI,3,4.81835683127684,4.87462479662082,
77,50,VI,3,1.24409566218337,3.99309370604159,VI,3,1.24409566218337,3.99309370604159,
,,,,,,,,,,
78,40,V,3,3.34891899744004,4.56957897531782,V,3,3.34891899744004,4.56957897531782,
78,41,I,3,4.17552320717053,4.87555392880673,I,3,4.17552320717053,4.87555392880673,
78,42,I,3,4.13190650490478,5.40112686756345,I,3,4.13190650490478,5.40112686756345,
78,43,vi,4,4.2950134712079,5.22475882139959,vi,4,4.2950134712079,5.22475882139959,
78,44,vi,5,2.60886315194141,4.7839630126665,vi,5,2.60886315194141,4.7839630126665,
78,45,VII,6,7.37296275524069,4.6938311359179,#IV,6,7.43615658172788,4.6938311359179,0.0631938264871934
78,46,VII,1,4.25861632513268,5.35939902495797,VII,1,4.42814694028007,5.34374298303996,
78,47,III,2,3.88333701672916,5.03192017417812,III,2,2.48822518890938,4.73467974028448,
78,48,III,3,1.55805926843592,4.37890437332967,III,3,1.55805926843592,4.37890437332967,
78,49,VI,4,5.16524734787908,4.22288012824419,VI,4,5.16524734787908,4.32872085571926,
78,50,VI,3,1.24409566218337,3.99309370604159,VI,3,1.24409566218337,3.99309370604159,
,,,,,,,,,,
79,106,ii,1,4.76314935093105,5.4514812614937,ii,1,4.76314935093105,5.4514812614937,
79,107,I,2,4.18289480761984,5.31880210447212,I,2,4.18289480761984,5.31880210447212,
79,108,I,3,3.42590871013884,5.25388889221325,I,3,3.42590871013884,5.25388889221325,
79,109,vi,4,4.3268247454022,5.12467957113559,vi,4,4.3268247454022,5.12467957113559,
79,110,vi,5,3.12702258713118,4.84490832433922,vi,5,3.12702258713118,4.84490832433922,
79,111,VII,5,7.45227066187122,4.22416088940498,-iii,5,7.51546448835841,4.22416088940498,0.0631938264871934
79,112,VII,1,4.25861632513268,5.35939902495797,VII,1,6.38469125679569,5.46436553144696,
79,113,III,2,3.88333701672916,5.03192017417812,III,1,4.54313152981812,5.35939902495797,
79,114,III,3,1.55805926843592,4.37890437332967,III,2,2.35968677723969,4.92323805792392,
79,115,VI,4,5.16524734787908,4.22288012824419,VI,3,4.81835683127684,4.87462479662082,
79,116,VI,3,1.24409566218337,3.99309370604159,VI,3,1.24409566218337,3.99309370604159,
,,,,,,,,,,
80,106,ii,1,4.76314935093105,5.4514812614937,ii,1,4.76314935093105,5.4514812614937,
80,107,I,2,4.18289480761984,5.31880210447212,I,2,4.18289480761984,5.31880210447212,
80,108,I,3,3.42590871013884,5.25388889221325,I,3,3.42590871013884,5.25388889221325,
80,109,vi,4,4.3268247454022,5.12467957113559,vi,4,4.3268247454022,5.12467957113559,
80,110,vi,5,3.12702258713118,4.84490832433922,vi,5,3.12702258713118,4.84490832433922,
80,111,VII,5,7.45227066187122,4.22416088940498,viio,5,7.51546448835841,4.22416088940498,0.0631938264871934
80,112,VII,1,4.25861632513268,5.35939902495797,VII,1,6.55673594791453,5.31257334167248,
80,113,III,2,3.88333701672916,5.03192017417812,III,1,4.54313152981812,5.35939902495797,
80,114,III,3,1.55805926843592,4.37890437332967,III,2,2.35968677723969,4.92323805792392,
80,115,VI,4,5.16524734787908,4.22288012824419,VI,3,4.81835683127684,4.87462479662082,
80,116,VI,3,1.24409566218337,3.99309370604159,VI,3,1.24409566218337,3.99309370604159,
,,,,,,,,,,
81,106,ii,1,4.76314935093105,5.4514812614937,ii,1,4.76314935093105,5.4514812614937,
81,107,I,2,4.18289480761984,5.31880210447212,I,2,4.18289480761984,5.31880210447212,
81,108,I,3,3.42590871013884,5.25388889221325,I,3,3.42590871013884,5.25388889221325,
81,109,vi,4,4.3268247454022,5.12467957113559,vi,4,4.3268247454022,5.12467957113559,
81,110,vi,5,3.12702258713118,4.84490832433922,vi,5,3.12702258713118,4.84490832433922,
81,111,VII,5,7.45227066187122,4.22416088940498,#IV,5,7.51546448835841,4.22416088940498,0.0631938264871934
81,112,VII,1,4.25861632513268,5.35939902495797,VII,1,4.42814694028007,5.34374298303996,
81,113,III,2,3.88333701672916,5.03192017417812,III,2,2.48822518890938,4.73467974028448,
81,114,III,3,1.55805926843592,4.37890437332967,III,3,1.55805926843592,4.37890437332967,
81,115,VI,4,5.16524734787908,4.22288012824419,VI,4,5.16524734787908,4.32872085571926,
81,116,VI,3,1.24409566218337,3.99309370604159,VI,3,1.24409566218337,3.99309370604159,
,,,,,,,,,,
82,142,IV,10,1.25316939999977,3.51683262673969,IV,10,1.25316939999977,3.51683262673969,
82,143,ii,10,5.3318508384463,3.56914429349208,ii,10,5.3318508384463,3.56914429349208,
82,144,ii,8,1.4439031146592,3.53109868570543,ii,8,1.4439031146592,3.53109868570543,
82,145,IV,9,3.34366141243149,3.64432850973758,IV,9,3.34366141243149,3.64432850973758,
82,146,IV,4,1.7956143545287,4.36895493663094,IV,4,1.7956143545287,4.36895493663094,
82,147,iv,5,5.64556756063906,4.47865125331656,vi,5,5.58150384809425,4.47865125331656,0.0640637125448125
82,148,iii,3,6.4964482459115,5.22845895593233,iii,3,4.2648344513116,4.35693616198251,
82,149,iii,2,5.06603227454618,4.93163048383805,iii,4,5.27370674712493,3.70920497128395,
82,150,#ivo,2,6.87878192256377,5.24698189499688,#ivo,3,7.18548539420587,4.95065448568749,
82,151,ii,1,3.38482608022132,5.00280443374801,ii,1,3.38482608022132,5.00280443374801,
82,152,ii,2,5.16713963819818,4.95104194077879,ii,2,5.16713963819818,4.95104194077879,
,,,,,,,,,,
83,51,ii,4,4.95316286117299,3.88512590342859,ii,4,4.95316286117299,3.88512590342859,
83,52,ii,3,3.4145988319353,4.93429568582484,ii,3,3.4145988319353,4.93429568582484,
83,53,iv,4,5.03550034249799,4.45666491132189,iv,4,5.03550034249799,4.45666491132189,
83,54,iv,3,5.22195527872971,4.24478858687723,iv,3,5.22195527872971,4.24478858687723,
83,55,r,3,3.10988469008671,5.03353480566252,r,3,3.10988469008671,5.03353480566252,
83,56,iio,3,8.81055533616729,2.65120998784587,#io,3,8.87468567358701,2.65120998784587,0.0641303374197157
83,57,r,1,3.12207434943258,5.13656897284064,r,1,3.21917327844795,4.94232113210805,
83,58,r,1,2.30762052133861,3.97526569652595,r,1,2.30762052133861,3.97526569652595,
83,59,r,2,1.86106956925883,3.64601662669941,r,2,1.86106956925883,3.64601662669941,
83,60,r,3,1.60950150739252,3.46316021898319,r,3,1.60950150739252,3.46316021898319,
83,61,I,4,1.95781871134021,3.48974951660457,I,4,1.95781871134021,3.48974951660457,
,,,,,,,,,,
84,92,I,3,3.50653347100225,4.82718016834977,I,3,3.50653347100225,4.82718016834977,
84,93,ii,3,3.98002149785095,5.30785230502309,ii,3,3.98002149785095,5.30785230502309,
84,94,ii,4,4.2002145969608,4.95963904862603,ii,4,4.2002145969608,4.95963904862603,
84,95,iio,4,6.6087944170532,4.82613516645091,iio,4,6.6087944170532,4.82613516645091,
84,96,iio,3,6.30413344716312,3.46946608206286,iio,3,6.30413344716312,3.46946608206286,
84,97,ii,2,6.87808097419861,4.2412845030594,IV,2,6.81173847936991,4.2412845030594,0.0663424948286959
84,98,V,1,4.44179232229737,5.4514812614937,V,1,5.02158523450333,5.459538592037,
84,99,I,2,3.88391692192418,5.32637995012517,I,2,4.17408328962477,5.36943448572893,
84,100,I,3,4.13190650490478,5.40112686756345,I,3,4.18311600700661,5.37495630900427,
84,101,ii,4,4.23683400361267,5.22475882139959,ii,4,4.48680144003923,5.21490971750998,
84,102,ii,5,3.06588953589311,4.52442555888543,ii,5,3.29244420534083,4.62754462021431,
,,,,,,,,,,
85,100,I,3,4.13190650490478,5.40112686756345,I,3,4.13190650490478,5.40112686756345,
85,101,ii,4,4.23683400361267,5.22475882139959,ii,4,4.23683400361267,5.22475882139959,
85,102,ii,5,3.06588953589311,4.52442555888543,ii,5,3.06588953589311,4.52442555888543,
85,103,iio,6,7.15941585517291,4.26772416179408,iio,6,7.15941585517291,4.26772416179408,
85,104,iio,3,6.30413344716312,3.46946608206286,iio,3,6.30413344716312,3.46946608206286,
85,105,ii,2,6.87808097419861,4.2412845030594,IV,2,6.81173847936991,4.2412845030594,0.0663424948286959
85,106,ii,1,4.76314935093105,5.4514812614937,ii,1,5.21713200312066,5.459538592037,
85,107,I,2,4.18289480761984,5.31880210447212,I,2,3.91362775468241,5.13973178056075,
85,108,I,3,3.42590871013884,5.25388889221325,I,3,3.7344951739694,5.17411361088438,
85,109,vi,4,4.3268247454022,5.12467957113559,vi,4,3.82899881359089,5.08701058109378,
85,110,vi,5,3.12702258713118,4.84490832433922,vi,5,3.8246140515939,4.70147951982093,
,,,,,,,,,,
86,158,I,3,2.93777615845489,5.22119492673301,I,3,2.93777615845489,5.22119492673301,
86,159,ii,4,3.78398748530637,5.21823057143639,ii,4,3.78398748530637,5.21823057143639,
86,160,ii,5,3.65986320719145,4.46174213687789,ii,5,3.65986320719145,4.46174213687789,
86,161,iio,5,6.84055696269145,4.59295566994238,iio,5,6.84055696269145,4.59295566994238,
86,162,iio,3,6.30413344716312,3.46946608206286,iio,3,6.30413344716312,3.46946608206286,
86,163,ii,2,6.87808097419861,4.2412845030594,IV,2,6.81173847936991,4.2412845030594,0.0663424948286959
86,164,ii,1,4.76314935093105,5.4514812614937,ii,1,5.21713200312066,5.459538592037,
86,165,I,2,4.18289480761984,5.31880210447212,I,2,3.91362775468241,5.13973178056075,
86,166,I,3,3.42590871013884,5.25388889221325,I,3,3.7344951739694,5.17411361088438,
86,167,ii,4,3.72682568680353,5.12467957113559,ii,4,4.78329973303911,5.08701058109378,
86,168,ii,5,1.48197115727432,4.02697995917804,ii,4,2.90192934169722,4.91198636832157,
,,,,,,,,,,
87,79,ii,9,4.51768769015367,3.64432850973758,ii,9,4.51768769015367,3.64432850973758,
87,80,ii,5,2.63688710233263,4.70883279483817,ii,5,2.63688710233263,4.70883279483817,
87,81,iv,6,6.70726982400881,4.27648332399766,iv,6,6.70726982400881,4.27648332399766,
87,82,iii,3,6.52543558353392,5.05757635572413,iii,3,6.52543558353392,5.05757635572413,
87,83,iii,2,5.06603227454618,4.93163048383805,iii,2,5.06603227454618,4.93163048383805,
87,84,#ivo,2,6.87878192256377,5.24698189499688,-viio,2,6.94695342520535,5.24698189499688,0.0681715026415795
87,85,ii,1,3.38482608022132,5.00280443374801,ii,1,6.14519791553994,5.33103534092871,
87,86,ii,2,5.16713963819818,4.95104194077879,ii,1,4.76314935093105,5.4514812614937,
87,87,iio,2,6.01375065936197,5.31880210447212,iio,2,6.01375065936197,5.31880210447212,
87,88,iio,3,6.30413344716312,3.46946608206286,iio,3,6.30413344716312,3.46946608206286,
87,89,iio,2,5.63402967173239,4.2412845030594,iio,2,5.63402967173239,4.2412845030594,
,,,,,,,,,,
88,79,ii,9,4.51768769015367,3.64432850973758,ii,9,4.51768769015367,3.64432850973758,
88,80,ii,5,2.63688710233263,4.70883279483817,ii,5,2.63688710233263,4.70883279483817,
88,81,iv,6,6.70726982400881,4.27648332399766,iv,6,6.70726982400881,4.27648332399766,
88,82,iii,3,6.52543558353392,5.05757635572413,iii,3,6.52543558353392,5.05757635572413,
88,83,iii,2,5.06603227454618,4.93163048383805,iii,2,5.06603227454618,4.93163048383805,
88,84,#ivo,2,6.87878192256377,5.24698189499688,-vio,2,6.94695342520535,5.24698189499688,0.0681715026415795
88,85,ii,1,3.38482608022132,5.00280443374801,ii,1,6.21888371243816,5.18656497169441,
88,86,ii,2,5.16713963819818,4.95104194077879,ii,1,4.76314935093105,5.4514812614937,
88,87,iio,2,6.01375065936197,5.31880210447212,iio,2,6.01375065936197,5.31880210447212,
88,88,iio,3,6.30413344716312,3.46946608206286,iio,3,6.30413344716312,3.46946608206286,
88,89,iio,2,5.63402967173239,4.2412845030594,iio,2,5.63402967173239,4.2412845030594,
,,,,,,,,,,
89,145,IV,9,3.34366141243149,3.64432850973758,IV,9,3.34366141243149,3.64432850973758,
89,146,IV,4,1.7956143545287,4.36895493663094,IV,4,1.7956143545287,4.36895493663094,
89,147,iv,5,5.64556756063906,4.47865125331656,iv,5,5.64556756063906,4.47865125331656,
89,148,iii,3,6.4964482459115,5.22845895593233,iii,3,6.4964482459115,5.22845895593233,
89,149,iii,2,5.06603227454618,4.93163048383805,iii,2,5.06603227454618,4.93163048383805,
89,150,#ivo,2,6.87878192256377,5.24698189499688,-viio,2,6.94695342520535,5.24698189499688,0.0681715026415795
89,151,ii,1,3.38482608022132,5.00280443374801,ii,1,6.14519791553994,5.33103534092871,
89,152,ii,2,5.16713963819818,4.95104194077879,ii,1,4.76314935093105,5.4514812614937,
89,153,iio,2,6.01375065936197,5.31880210447212,iio,2,6.01375065936197,5.31880210447212,
89,154,iio,3,6.30413344716312,3.46946608206286,iio,3,6.30413344716312,3.46946608206286,
89,155,iio,2,5.63402967173239,4.2412845030594,iio,2,5.63402967173239,4.2412845030594,
,,,,,,,,,,
90,145,IV,9,3.34366141243149,3.64432850973758,IV,9,3.34366141243149,3.64432850973758,
90,146,IV,4,1.7956143545287,4.36895493663094,IV,4,1.7956143545287,4.36895493663094,
90,147,iv,5,5.64556756063906,4.47865125331656,iv,5,5.64556756063906,4.47865125331656,
90,148,iii,3,6.4964482459115,5.22845895593233,iii,3,6.4964482459115,5.22845895593233,
90,149,iii,2,5.06603227454618,4.93163048383805,iii,2,5.06603227454618,4.93163048383805,
90,150,#ivo,2,6.87878192256377,5.24698189499688,-vio,2,6.94695342520535,5.24698189499688,0.0681715026415795
90,151,ii,1,3.38482608022132,5.00280443374801,ii,1,6.21888371243816,5.18656497169441,
90,152,ii,2,5.16713963819818,4.95104194077879,ii,1,4.76314935093105,5.4514812614937,
90,153,iio,2,6.01375065936197,5.31880210447212,iio,2,6.01375065936197,5.31880210447212,
90,154,iio,3,6.30413344716312,3.46946608206286,iio,3,6.30413344716312,3.46946608206286,
90,155,iio,2,5.63402967173239,4.2412845030594,iio,2,5.63402967173239,4.2412845030594,
,,,,,,,,,,
91,83,iii,2,5.06603227454618,4.93163048383805,iii,2,5.06603227454618,4.93163048383805,
91,84,#ivo,2,6.87878192256377,5.24698189499688,#ivo,2,6.87878192256377,5.24698189499688,
91,85,ii,1,3.38482608022132,5.00280443374801,ii,1,3.38482608022132,5.00280443374801,
91,86,ii,2,5.16713963819818,4.95104194077879,ii,2,5.16713963819818,4.95104194077879,
91,87,iio,2,6.01375065936197,5.31880210447212,iio,2,6.01375065936197,5.31880210447212,
91,88,iio,3,6.30413344716312,3.46946608206286,-VI,3,6.2273886242319,3.46946608206286,0.0767448229312206
91,89,iio,2,5.63402967173239,4.2412845030594,iio,2,6.55669024570836,4.99869199041563,
91,90,iio,2,5.63402967173239,4.2412845030594,iio,2,5.61480733339057,4.25103702958473,
91,91,I,2,1.44590756260574,4.2412845030594,I,2,1.44590756260574,4.2412845030594,
91,92,I,3,3.50653347100225,4.82718016834977,I,3,3.50653347100225,4.82718016834977,
91,93,ii,3,3.98002149785095,5.30785230502309,ii,3,3.98002149785095,5.30785230502309,
,,,,,,,,,,
92,84,#ivo,2,6.87878192256377,5.24698189499688,#ivo,2,6.87878192256377,5.24698189499688,
92,85,ii,1,3.38482608022132,5.00280443374801,ii,1,3.38482608022132,5.00280443374801,
92,86,ii,2,5.16713963819818,4.95104194077879,ii,2,5.16713963819818,4.95104194077879,
92,87,iio,2,6.01375065936197,5.31880210447212,iio,2,6.01375065936197,5.31880210447212,
92,88,iio,3,6.30413344716312,3.46946608206286,iio,3,6.30413344716312,3.46946608206286,
92,89,iio,2,5.63402967173239,4.2412845030594,-VI,2,5.55728484880117,4.2412845030594,0.0767448229312206
92,90,iio,2,5.63402967173239,4.2412845030594,iio,2,6.55669024570836,4.99869199041563,
92,91,I,2,1.44590756260574,4.2412845030594,I,2,3.70092723040907,4.25103702958473,
92,92,I,3,3.50653347100225,4.82718016834977,I,2,3.1978240900452,5.29452525707598,
92,93,ii,3,3.98002149785095,5.30785230502309,ii,3,3.98002149785095,5.30785230502309,
92,94,ii,4,4.2002145969608,4.95963904862603,ii,4,4.2002145969608,4.95963904862603,
,,,,,,,,,,
93,85,ii,1,3.38482608022132,5.00280443374801,ii,1,3.38482608022132,5.00280443374801,
93,86,ii,2,5.16713963819818,4.95104194077879,ii,2,5.16713963819818,4.95104194077879,
93,87,iio,2,6.01375065936197,5.31880210447212,iio,2,6.01375065936197,5.31880210447212,
93,88,iio,3,6.30413344716312,3.46946608206286,iio,3,6.30413344716312,3.46946608206286,
93,89,iio,2,5.63402967173239,4.2412845030594,iio,2,5.63402967173239,4.2412845030594,
93,90,iio,2,5.63402967173239,4.2412845030594,-VI,2,5.55728484880117,4.2412845030594,0.0767448229312206
93,91,I,2,1.44590756260574,4.2412845030594,I,2,5.31590577775359,4.99869199041563,
93,92,I,3,3.50653347100225,4.82718016834977,I,2,4.19291582979093,5.411597400698,
93,93,ii,3,3.98002149785095,5.30785230502309,ii,3,5.158860070482,5.37410759619292,
93,94,ii,4,4.2002145969608,4.95963904862603,ii,3,3.93295472300498,5.17141573490288,
93,95,iio,4,6.6087944170532,4.82613516645091,iio,4,6.6087944170532,4.82613516645091,
,,,,,,,,,,
94,91,I,2,1.44590756260574,4.2412845030594,I,2,1.44590756260574,4.2412845030594,
94,92,I,3,3.50653347100225,4.82718016834977,I,3,3.50653347100225,4.82718016834977,
94,93,ii,3,3.98002149785095,5.30785230502309,ii,3,3.98002149785095,5.30785230502309,
94,94,ii,4,4.2002145969608,4.95963904862603,ii,4,4.2002145969608,4.95963904862603,
94,95,iio,4,6.6087944170532,4.82613516645091,iio,4,6.6087944170532,4.82613516645091,
94,96,iio,3,6.30413344716312,3.46946608206286,-VI,3,6.2273886242319,3.46946608206286,0.0767448229312206
94,97,ii,2,6.87808097419861,4.2412845030594,ii,2,6.14664477577327,4.99869199041563,
94,98,V,1,4.44179232229737,5.4514812614937,V,2,2.98296728274717,5.15725715051474,
94,99,I,2,3.88391692192418,5.32637995012517,I,3,2.12096981614148,4.88249462702459,
94,100,I,3,4.13190650490478,5.40112686756345,I,4,2.66118147909302,5.17028506365659,
94,101,ii,4,4.23683400361267,5.22475882139959,ii,5,4.45519762733802,4.90758204146641,
,,,,,,,,,,
95,99,I,2,3.88391692192418,5.32637995012517,I,2,3.88391692192418,5.32637995012517,
95,100,I,3,4.13190650490478,5.40112686756345,I,3,4.13190650490478,5.40112686756345,
95,101,ii,4,4.23683400361267,5.22475882139959,ii,4,4.23683400361267,5.22475882139959,
95,102,ii,5,3.06588953589311,4.52442555888543,ii,5,3.06588953589311,4.52442555888543,
95,103,iio,6,7.15941585517291,4.26772416179408,iio,6,7.15941585517291,4.26772416179408,
95,104,iio,3,6.30413344716312,3.46946608206286,-VI,3,6.2273886242319,3.46946608206286,0.0767448229312206
95,105,ii,2,6.87808097419861,4.2412845030594,ii,2,6.14664477577327,4.99869199041563,
95,106,ii,1,4.76314935093105,5.4514812614937,ii,2,5.04463003116211,5.15725715051474,
95,107,I,2,4.18289480761984,5.31880210447212,I,2,4.18289480761984,5.31880210447212,
95,108,I,3,3.42590871013884,5.25388889221325,I,3,3.42590871013884,5.25388889221325,
95,109,vi,4,4.3268247454022,5.12467957113559,vi,4,4.3268247454022,5.12467957113559,
,,,,,,,,,,
96,149,iii,2,5.06603227454618,4.93163048383805,iii,2,5.06603227454618,4.93163048383805,
96,150,#ivo,2,6.87878192256377,5.24698189499688,#ivo,2,6.87878192256377,5.24698189499688,
96,151,ii,1,3.38482608022132,5.00280443374801,ii,1,3.38482608022132,5.00280443374801,
96,152,ii,2,5.16713963819818,4.95104194077879,ii,2,5.16713963819818,4.95104194077879,
96,153,iio,2,6.01375065936197,5.31880210447212,iio,2,6.01375065936197,5.31880210447212,
96,154,iio,3,6.30413344716312,3.46946608206286,-VI,3,6.2273886242319,3.46946608206286,0.0767448229312206
96,155,iio,2,5.63402967173239,4.2412845030594,iio,2,6.55669024570836,4.99869199041563,
96,156,V,2,3.49630902178129,4.2412845030594,V,2,1.42865208897332,4.25103702958473,
96,157,I,2,3.5499808322293,5.33715688987669,I,3,3.82780874388691,5.02380151770602,
96,158,I,3,2.93777615845489,5.22119492673301,I,3,2.93777615845489,5.22119492673301,
96,159,ii,4,3.78398748530637,5.21823057143639,ii,4,3.78398748530637,5.21823057143639,
,,,,,,,,,,
97,150,#ivo,2,6.87878192256377,5.24698189499688,#ivo,2,6.87878192256377,5.24698189499688,
97,151,ii,1,3.38482608022132,5.00280443374801,ii,1,3.38482608022132,5.00280443374801,
97,152,ii,2,5.16713963819818,4.95104194077879,ii,2,5.16713963819818,4.95104194077879,
97,153,iio,2,6.01375065936197,5.31880210447212,iio,2,6.01375065936197,5.31880210447212,
97,154,iio,3,6.30413344716312,3.46946608206286,iio,3,6.30413344716312,3.46946608206286,
97,155,iio,2,5.63402967173239,4.2412845030594,-VI,2,5.55728484880117,4.2412845030594,0.0767448229312206
97,156,V,2,3.49630902178129,4.2412845030594,V,2,4.8865303840305,4.99869199041563,
97,157,I,2,3.5499808322293,5.33715688987669,I,2,4.20422868835659,5.15042220870833,
97,158,I,3,2.93777615845489,5.22119492673301,I,3,3.82483101075475,5.32103280926833,
97,159,ii,4,3.78398748530637,5.21823057143639,ii,4,4.96166816760964,5.20504773712755,
97,160,ii,5,3.65986320719145,4.46174213687789,ii,4,3.40085722843034,4.89906551784532,
,,,,,,,,,,
98,157,I,2,3.5499808322293,5.33715688987669,I,2,3.5499808322293,5.33715688987669,
98,158,I,3,2.93777615845489,5.22119492673301,I,3,2.93777615845489,5.22119492673301,
98,159,ii,4,3.78398748530637,5.21823057143639,ii,4,3.78398748530637,5.21823057143639,
98,160,ii,5,3.65986320719145,4.46174213687789,ii,5,3.65986320719145,4.46174213687789,
98,161,iio,5,6.84055696269145,4.59295566994238,iio,5,6.84055696269145,4.59295566994238,
98,162,iio,3,6.30413344716312,3.46946608206286,-VI,3,6.2273886242319,3.46946608206286,0.0767448229312206
98,163,ii,2,6.87808097419861,4.2412845030594,ii,2,6.14664477577327,4.99869199041563,
98,164,ii,1,4.76314935093105,5.4514812614937,ii,2,5.04463003116211,5.15725715051474,
98,165,I,2,4.18289480761984,5.31880210447212,I,2,4.18289480761984,5.31880210447212,
98,166,I,3,3.42590871013884,5.25388889221325,I,3,3.42590871013884,5.25388889221325,
98,167,ii,4,3.72682568680353,5.12467957113559,ii,4,3.72682568680353,5.12467957113559,
,,,,,,,,,,
99,173,I,2,4.18289480761984,5.31880210447212,I,2,4.18289480761984,5.31880210447212,
99,174,I,3,3.42590871013884,5.25388889221325,I,3,3.42590871013884,5.25388889221325,
99,175,ii,4,3.72682568680353,5.12467957113559,ii,4,3.72682568680353,5.12467957113559,
99,176,ii,5,1.48197115727432,4.02697995917804,ii,5,1.48197115727432,4.02697995917804,
99,177,iio,6,7.3169412934477,3.84827345740927,iio,6,7.3169412934477,3.84827345740927,
99,178,iio,3,6.30413344716312,3.46946608206286,-VI,3,6.2273886242319,3.46946608206286,0.0767448229312206
99,179,I,2,1.44590756260574,4.2412845030594,I,2,5.31590577775359,4.99869199041563,
99,180,I,3,3.50653347100225,4.82718016834977,I,2,4.19291582979093,5.411597400698,
99,181,I,3,4.02719472359701,5.30785230502309,I,3,4.00619166586877,5.37410759619292,
99,182,I,4,2.48746044018625,5.08886441969574,I,4,3.11176852643851,5.09545504218968,
99,183,I,5,3.06233637892673,5.08468061921287,I,5,3.64110911062897,4.95315141081076,
,,,,,,,,,,
100,162,iio,3,6.30413344716312,3.46946608206286,iio,3,6.30413344716312,3.46946608206286,
100,163,ii,2,6.87808097419861,4.2412845030594,ii,2,6.87808097419861,4.2412845030594,
100,164,ii,1,4.76314935093105,5.4514812614937,ii,1,4.76314935093105,5.4514812614937,
100,165,I,2,4.18289480761984,5.31880210447212,I,2,4.18289480761984,5.31880210447212,
100,166,I,3,3.42590871013884,5.25388889221325,I,3,3.42590871013884,5.25388889221325,
100,167,ii,4,3.72682568680353,5.12467957113559,IV,4,3.80453575924003,5.12467957113559,0.0777100724365027
100,168,ii,5,1.48197115727432,4.02697995917804,ii,5,4.69936456621573,4.91885633520744,
100,169,iio,6,7.3169412934477,3.84827345740927,iio,5,7.33833011262364,4.28995907134353,
100,170,iio,3,6.30413344716312,3.46946608206286,iio,2,5.83566701824935,4.29369984292888,
100,171,ii,2,6.87808097419861,4.2412845030594,ii,2,6.87808097419861,4.2412845030594,
100,172,ii,1,4.76314935093105,5.4514812614937,ii,1,4.76314935093105,5.4514812614937,
,,,,,,,,,,
101,170,iio,3,6.30413344716312,3.46946608206286,iio,3,6.30413344716312,3.46946608206286,
101,171,ii,2,6.87808097419861,4.2412845030594,ii,2,6.87808097419861,4.2412845030594,
101,172,ii,1,4.76314935093105,5.4514812614937,ii,1,4.76314935093105,5.4514812614937,
101,173,I,2,4.18289480761984,5.31880210447212,I,2,4.18289480761984,5.31880210447212,
101,174,I,3,3.42590871013884,5.25388889221325,I,3,3.42590871013884,5.25388889221325,
101,175,ii,4,3.72682568680353,5.12467957113559,IV,4,3.80453575924003,5.12467957113559,0.0777100724365027
101,176,ii,5,1.48197115727432,4.02697995917804,ii,5,4.69936456621573,4.91885633520744,
101,177,iio,6,7.3169412934477,3.84827345740927,iio,5,7.33833011262364,4.28995907134353,
101,178,iio,3,6.30413344716312,3.46946608206286,iio,2,5.83566701824935,4.29369984292888,
101,179,I,2,1.44590756260574,4.2412845030594,I,2,1.44590756260574,4.2412845030594,
101,180,I,3,3.50653347100225,4.82718016834977,I,3,3.50653347100225,4.82718016834977,
,,,,,,,,,,
102,31,I,9,2.60266052449991,4.99592412159331,I,9,2.60266052449991,4.99592412159331,
102,32,IV,10,4.65621682057116,4.17360959477901,IV,10,4.65621682057116,4.17360959477901,
102,33,IV,9,2.77829776329859,4.70150995411031,IV,9,2.77829776329859,4.70150995411031,
102,34,IV,10,1.85035301246321,3.56914429349208,IV,10,1.85035301246321,3.56914429349208,
102,35,IV,10,0.368956624053195,1.80275035727911,IV,10,0.368956624053195,1.80275035727911,
102,36,iv,10,7.80895305633684,2.12694644846139,-VI,10,7.88680916921056,2.12694644846139,0.077856112873719
102,37,I,4,2.11739783694104,4.81431584122313,I,4,4.58106958894663,4.15495239628761,
102,38,io,4,7.60167681076924,3.79737567386236,io,3,6.76101294515749,5.12835777354055,
102,39,ii,2,3.61671590938521,5.07113943085968,ii,2,3.61671590938521,5.07113943085968,
102,40,V,3,3.34891899744004,4.56957897531782,V,3,3.34891899744004,4.56957897531782,
102,41,I,3,4.17552320717053,4.87555392880673,I,3,4.17552320717053,4.87555392880673,
,,,,,,,,,,
103,77,ii,10,5.3318508384463,3.56914429349208,ii,10,5.3318508384463,3.56914429349208,
103,78,ii,8,1.4439031146592,3.53109868570543,ii,8,1.4439031146592,3.53109868570543,
103,79,ii,9,4.51768769015367,3.64432850973758,ii,9,4.51768769015367,3.64432850973758,
103,80,ii,5,2.63688710233263,4.70883279483817,ii,5,2.63688710233263,4.70883279483817,
103,81,iv,6,6.70726982400881,4.27648332399766,iv,6,6.70726982400881,4.27648332399766,
103,82,iii,3,6.52543558353392,5.05757635572413,-V,3,6.6056059322179,5.05757635572413,0.0801703486839838
103,83,iii,2,5.06603227454618,4.93163048383805,iii,2,6.6597679329757,4.57164880873144,
103,84,#ivo,2,6.87878192256377,5.24698189499688,#ivo,1,6.54727422266321,5.43095943106783,
103,85,ii,1,3.38482608022132,5.00280443374801,ii,1,3.38482608022132,5.00280443374801,
103,86,ii,2,5.16713963819818,4.95104194077879,ii,2,5.16713963819818,4.95104194077879,
103,87,iio,2,6.01375065936197,5.31880210447212,iio,2,6.01375065936197,5.31880210447212,
,,,,,,,,,,
104,143,ii,10,5.3318508384463,3.56914429349208,ii,10,5.3318508384463,3.56914429349208,
104,144,ii,8,1.4439031146592,3.53109868570543,ii,8,1.4439031146592,3.53109868570543,
104,145,IV,9,3.34366141243149,3.64432850973758,IV,9,3.34366141243149,3.64432850973758,
104,146,IV,4,1.7956143545287,4.36895493663094,IV,4,1.7956143545287,4.36895493663094,
104,147,iv,5,5.64556756063906,4.47865125331656,iv,5,5.64556756063906,4.47865125331656,
104,148,iii,3,6.4964482459115,5.22845895593233,-V,3,6.57661859459548,5.22845895593233,0.0801703486839838
104,149,iii,2,5.06603227454618,4.93163048383805,iii,2,6.6597679329757,4.57164880873144,
104,150,#ivo,2,6.87878192256377,5.24698189499688,#ivo,1,6.54727422266321,5.43095943106783,
104,151,ii,1,3.38482608022132,5.00280443374801,ii,1,3.38482608022132,5.00280443374801,
104,152,ii,2,5.16713963819818,4.95104194077879,ii,2,5.16713963819818,4.95104194077879,
104,153,iio,2,6.01375065936197,5.31880210447212,iio,2,6.01375065936197,5.31880210447212,
,,,,,,,,,,
105,142,IV,10,1.25316939999977,3.51683262673969,IV,10,1.25316939999977,3.51683262673969,
105,143,ii,10,5.3318508384463,3.56914429349208,ii,10,5.3318508384463,3.56914429349208,
105,144,ii,8,1.4439031146592,3.53109868570543,ii,8,1.4439031146592,3.53109868570543,
105,145,IV,9,3.34366141243149,3.64432850973758,IV,9,3.34366141243149,3.64432850973758,
105,146,IV,4,1.7956143545287,4.36895493663094,IV,4,1.7956143545287,4.36895493663094,
105,147,iv,5,5.64556756063906,4.47865125331656,i,5,5.56456398567254,4.47865125331656,0.081003574966525
105,148,iii,3,6.4964482459115,5.22845895593233,iii,3,6.79935327076791,5.13370049617936,
105,149,iii,2,5.06603227454618,4.93163048383805,iii,1,4.74309354840075,5.43095943106783,
105,150,#ivo,2,6.87878192256377,5.24698189499688,#ivo,2,6.87878192256377,5.24698189499688,
105,151,ii,1,3.38482608022132,5.00280443374801,ii,1,3.38482608022132,5.00280443374801,
105,152,ii,2,5.16713963819818,4.95104194077879,ii,2,5.16713963819818,4.95104194077879,
,,,,,,,,,,
106,101,ii,4,4.23683400361267,5.22475882139959,ii,4,4.23683400361267,5.22475882139959,
106,102,ii,5,3.06588953589311,4.52442555888543,ii,5,3.06588953589311,4.52442555888543,
106,103,iio,6,7.15941585517291,4.26772416179408,iio,6,7.15941585517291,4.26772416179408,
106,104,iio,3,6.30413344716312,3.46946608206286,iio,3,6.30413344716312,3.46946608206286,
106,105,ii,2,6.87808097419861,4.2412845030594,ii,2,6.87808097419861,4.2412845030594,
106,106,ii,1,4.76314935093105,5.4514812614937,I,1,4.84483314852475,5.4514812614937,0.0816837975937075
106,107,I,2,4.18289480761984,5.31880210447212,I,2,4.38622791632536,5.41626301419417,
106,108,I,3,3.42590871013884,5.25388889221325,I,3,3.77511869939258,5.3206601894854,
106,109,vi,4,4.3268247454022,5.12467957113559,vi,4,4.51461967824681,5.15234873480059,
106,110,vi,5,3.12702258713118,4.84490832433922,vi,5,3.8955570579931,4.69287874258395,
106,111,VII,5,7.45227066187122,4.22416088940498,VII,5,7.03090355965569,5.1097200967288,
,,,,,,,,,,
107,159,ii,4,3.78398748530637,5.21823057143639,ii,4,3.78398748530637,5.21823057143639,
107,160,ii,5,3.65986320719145,4.46174213687789,ii,5,3.65986320719145,4.46174213687789,
107,161,iio,5,6.84055696269145,4.59295566994238,iio,5,6.84055696269145,4.59295566994238,
107,162,iio,3,6.30413344716312,3.46946608206286,iio,3,6.30413344716312,3.46946608206286,
107,163,ii,2,6.87808097419861,4.2412845030594,ii,2,6.87808097419861,4.2412845030594,
107,164,ii,1,4.76314935093105,5.4514812614937,I,1,4.84483314852475,5.4514812614937,0.0816837975937075
107,165,I,2,4.18289480761984,5.31880210447212,I,2,4.38622791632536,5.41626301419417,
107,166,I,3,3.42590871013884,5.25388889221325,I,3,3.77511869939258,5.3206601894854,
107,167,ii,4,3.72682568680353,5.12467957113559,ii,4,4.46499389876704,5.15234873480059,
107,168,ii,5,1.48197115727432,4.02697995917804,ii,5,3.58792136123859,4.60515251164884,
107,169,iio,6,7.3169412934477,3.84827345740927,iio,5,6.83665888668057,4.61799199887123,
,,,,,,,,,,
108,81,iv,6,6.70726982400881,4.27648332399766,iv,6,6.70726982400881,4.27648332399766,
108,82,iii,3,6.52543558353392,5.05757635572413,iii,3,6.52543558353392,5.05757635572413,
108,83,iii,2,5.06603227454618,4.93163048383805,iii,2,5.06603227454618,4.93163048383805,
108,84,#ivo,2,6.87878192256377,5.24698189499688,#ivo,2,6.87878192256377,5.24698189499688,
108,85,ii,1,3.38482608022132,5.00280443374801,ii,1,3.38482608022132,5.00280443374801,
108,86,ii,2,5.16713963819818,4.95104194077879,I,2,5.24882343579189,4.95104194077879,0.0816837975937084
108,87,iio,2,6.01375065936197,5.31880210447212,iio,2,6.38905558518388,5.41626301419417,
108,88,iio,3,6.30413344716312,3.46946608206286,iio,2,5.97283717794668,3.91257940667704,
108,89,iio,2,5.63402967173239,4.2412845030594,iio,2,5.63402967173239,4.2412845030594,
108,90,iio,2,5.63402967173239,4.2412845030594,iio,2,5.63402967173239,4.2412845030594,
108,91,I,2,1.44590756260574,4.2412845030594,I,2,1.44590756260574,4.2412845030594,
,,,,,,,,,,
109,147,iv,5,5.64556756063906,4.47865125331656,iv,5,5.64556756063906,4.47865125331656,
109,148,iii,3,6.4964482459115,5.22845895593233,iii,3,6.4964482459115,5.22845895593233,
109,149,iii,2,5.06603227454618,4.93163048383805,iii,2,5.06603227454618,4.93163048383805,
109,150,#ivo,2,6.87878192256377,5.24698189499688,#ivo,2,6.87878192256377,5.24698189499688,
109,151,ii,1,3.38482608022132,5.00280443374801,ii,1,3.38482608022132,5.00280443374801,
109,152,ii,2,5.16713963819818,4.95104194077879,I,2,5.24882343579189,4.95104194077879,0.0816837975937084
109,153,iio,2,6.01375065936197,5.31880210447212,iio,2,6.38905558518388,5.41626301419417,
109,154,iio,3,6.30413344716312,3.46946608206286,iio,2,5.97283717794668,3.91257940667704,
109,155,iio,2,5.63402967173239,4.2412845030594,iio,2,5.63402967173239,4.2412845030594,
109,156,V,2,3.49630902178129,4.2412845030594,V,2,3.49630902178129,4.2412845030594,
109,157,I,2,3.5499808322293,5.33715688987669,I,2,3.5499808322293,5.33715688987669,
,,,,,,,,,,
110,47,III,2,3.88333701672916,5.03192017417812,III,2,3.88333701672916,5.03192017417812,
110,48,III,3,1.55805926843592,4.37890437332967,III,3,1.55805926843592,4.37890437332967,
110,49,VI,4,5.16524734787908,4.22288012824419,VI,4,5.16524734787908,4.22288012824419,
110,50,VI,3,1.24409566218337,3.99309370604159,VI,3,1.24409566218337,3.99309370604159,
110,51,ii,4,4.95316286117299,3.88512590342859,ii,4,4.95316286117299,3.88512590342859,
110,52,ii,3,3.4145988319353,4.93429568582484,V,3,3.33157816409894,4.93429568582484,0.0830206678363594
110,53,iv,4,5.03550034249799,4.45666491132189,iv,4,6.20877099350502,4.73129370809654,
110,54,iv,3,5.22195527872971,4.24478858687723,iv,3,4.7749269862009,5.01488517832443,
110,55,r,3,3.10988469008671,5.03353480566252,r,3,3.06441166579157,5.19976461631986,
110,56,iio,3,8.81055533616729,2.65120998784587,iio,3,8.81055533616729,2.65120998784587,
110,57,r,1,3.12207434943258,5.13656897284064,r,1,3.12207434943258,5.13656897284064,
,,,,,,,,,,
111,40,V,3,3.34891899744004,4.56957897531782,V,3,3.34891899744004,4.56957897531782,
111,41,I,3,4.17552320717053,4.87555392880673,I,3,4.17552320717053,4.87555392880673,
111,42,I,3,4.13190650490478,5.40112686756345,I,3,4.13190650490478,5.40112686756345,
111,43,vi,4,4.2950134712079,5.22475882139959,vi,4,4.2950134712079,5.22475882139959,
111,44,vi,5,2.60886315194141,4.7839630126665,vi,5,2.60886315194141,4.7839630126665,
111,45,VII,6,7.37296275524069,4.6938311359179,V+,6,7.4578516528272,4.6938311359179,0.0848888975865121
111,46,VII,1,4.25861632513268,5.35939902495797,VII,1,6.42516194174844,5.18037920880338,
111,47,III,2,3.88333701672916,5.03192017417812,III,1,4.54313152981812,5.35939902495797,
111,48,III,3,1.55805926843592,4.37890437332967,III,2,2.35968677723969,4.92323805792392,
111,49,VI,4,5.16524734787908,4.22288012824419,VI,3,4.81835683127684,4.87462479662082,
111,50,VI,3,1.24409566218337,3.99309370604159,VI,3,1.24409566218337,3.99309370604159,
,,,,,,,,,,
112,106,ii,1,4.76314935093105,5.4514812614937,ii,1,4.76314935093105,5.4514812614937,
112,107,I,2,4.18289480761984,5.31880210447212,I,2,4.18289480761984,5.31880210447212,
112,108,I,3,3.42590871013884,5.25388889221325,I,3,3.42590871013884,5.25388889221325,
112,109,vi,4,4.3268247454022,5.12467957113559,vi,4,4.3268247454022,5.12467957113559,
112,110,vi,5,3.12702258713118,4.84490832433922,vi,5,3.12702258713118,4.84490832433922,
112,111,VII,5,7.45227066187122,4.22416088940498,V+,5,7.53715955945773,4.22416088940498,0.084888897586513
112,112,VII,1,4.25861632513268,5.35939902495797,VII,1,6.42516194174844,5.18037920880338,
112,113,III,2,3.88333701672916,5.03192017417812,III,1,4.54313152981812,5.35939902495797,
112,114,III,3,1.55805926843592,4.37890437332967,III,2,2.35968677723969,4.92323805792392,
112,115,VI,4,5.16524734787908,4.22288012824419,VI,3,4.81835683127684,4.87462479662082,
112,116,VI,3,1.24409566218337,3.99309370604159,VI,3,1.24409566218337,3.99309370604159,
,,,,,,,,,,
113,78,ii,8,1.4439031146592,3.53109868570543,ii,8,1.4439031146592,3.53109868570543,
113,79,ii,9,4.51768769015367,3.64432850973758,ii,9,4.51768769015367,3.64432850973758,
113,80,ii,5,2.63688710233263,4.70883279483817,ii,5,2.63688710233263,4.70883279483817,
113,81,iv,6,6.70726982400881,4.27648332399766,iv,6,6.70726982400881,4.27648332399766,
113,82,iii,3,6.52543558353392,5.05757635572413,iii,3,6.52543558353392,5.05757635572413,
113,83,iii,2,5.06603227454618,4.93163048383805,III,2,5.15178808955941,4.93163048383805,0.0857558150132336
113,84,#ivo,2,6.87878192256377,5.24698189499688,#ivo,2,6.99730978019027,4.90128078492856,
113,85,ii,1,3.38482608022132,5.00280443374801,ii,1,3.38482608022132,5.00280443374801,
113,86,ii,2,5.16713963819818,4.95104194077879,ii,2,5.16713963819818,4.95104194077879,
113,87,iio,2,6.01375065936197,5.31880210447212,iio,2,6.01375065936197,5.31880210447212,
113,88,iio,3,6.30413344716312,3.46946608206286,iio,3,6.30413344716312,3.46946608206286,
,,,,,,,,,,
114,144,ii,8,1.4439031146592,3.53109868570543,ii,8,1.4439031146592,3.53109868570543,
114,145,IV,9,3.34366141243149,3.64432850973758,IV,9,3.34366141243149,3.64432850973758,
114,146,IV,4,1.7956143545287,4.36895493663094,IV,4,1.7956143545287,4.36895493663094,
114,147,iv,5,5.64556756063906,4.47865125331656,iv,5,5.64556756063906,4.47865125331656,
114,148,iii,3,6.4964482459115,5.22845895593233,iii,3,6.4964482459115,5.22845895593233,
114,149,iii,2,5.06603227454618,4.93163048383805,III,2,5.15178808955941,4.93163048383805,0.0857558150132336
114,150,#ivo,2,6.87878192256377,5.24698189499688,#ivo,2,6.99730978019027,4.90128078492856,
114,151,ii,1,3.38482608022132,5.00280443374801,ii,1,3.38482608022132,5.00280443374801,
114,152,ii,2,5.16713963819818,4.95104194077879,ii,2,5.16713963819818,4.95104194077879,
114,153,iio,2,6.01375065936197,5.31880210447212,iio,2,6.01375065936197,5.31880210447212,
114,154,iio,3,6.30413344716312,3.46946608206286,iio,3,6.30413344716312,3.46946608206286,
,,,,,,,,,,
115,142,IV,10,1.25316939999977,3.51683262673969,IV,10,1.25316939999977,3.51683262673969,
115,143,ii,10,5.3318508384463,3.56914429349208,ii,10,5.3318508384463,3.56914429349208,
115,144,ii,8,1.4439031146592,3.53109868570543,ii,8,1.4439031146592,3.53109868570543,
115,145,IV,9,3.34366141243149,3.64432850973758,IV,9,3.34366141243149,3.64432850973758,
115,146,IV,4,1.7956143545287,4.36895493663094,IV,4,1.7956143545287,4.36895493663094,
115,147,iv,5,5.64556756063906,4.47865125331656,-VI,5,5.73139125425058,4.47865125331656,0.0858236936115118
115,148,iii,3,6.4964482459115,5.22845895593233,iii,3,7.13085456145349,4.80570209240051,
115,149,iii,2,5.06603227454618,4.93163048383805,iii,1,4.74309354840075,5.43095943106783,
115,150,#ivo,2,6.87878192256377,5.24698189499688,#ivo,2,6.87878192256377,5.24698189499688,
115,151,ii,1,3.38482608022132,5.00280443374801,ii,1,3.38482608022132,5.00280443374801,
115,152,ii,2,5.16713963819818,4.95104194077879,ii,2,5.16713963819818,4.95104194077879,
,,,,,,,,,,
116,51,ii,4,4.95316286117299,3.88512590342859,ii,4,4.95316286117299,3.88512590342859,
116,52,ii,3,3.4145988319353,4.93429568582484,ii,3,3.4145988319353,4.93429568582484,
116,53,iv,4,5.03550034249799,4.45666491132189,iv,4,5.03550034249799,4.45666491132189,
116,54,iv,3,5.22195527872971,4.24478858687723,iv,3,5.22195527872971,4.24478858687723,
116,55,r,3,3.10988469008671,5.03353480566252,r,3,3.10988469008671,5.03353480566252,
116,56,iio,3,8.81055533616729,2.65120998784587,#ivo,3,8.89671197991701,2.65120998784587,0.0861566437497139
116,57,r,1,3.12207434943258,5.13656897284064,r,1,3.18659997001562,5.00280443374801,
116,58,r,1,2.30762052133861,3.97526569652595,r,1,2.30762052133861,3.97526569652595,
116,59,r,2,1.86106956925883,3.64601662669941,r,2,1.86106956925883,3.64601662669941,
116,60,r,3,1.60950150739252,3.46316021898319,r,3,1.60950150739252,3.46316021898319,
116,61,I,4,1.95781871134021,3.48974951660457,I,4,1.95781871134021,3.48974951660457,
,,,,,,,,,,
117,51,ii,4,4.95316286117299,3.88512590342859,ii,4,4.95316286117299,3.88512590342859,
117,52,ii,3,3.4145988319353,4.93429568582484,ii,3,3.4145988319353,4.93429568582484,
117,53,iv,4,5.03550034249799,4.45666491132189,iv,4,5.03550034249799,4.45666491132189,
117,54,iv,3,5.22195527872971,4.24478858687723,iv,3,5.22195527872971,4.24478858687723,
117,55,r,3,3.10988469008671,5.03353480566252,r,3,3.10988469008671,5.03353480566252,
117,56,iio,3,8.81055533616729,2.65120998784587,-V,3,8.89671197991701,2.65120998784587,0.0861566437497139
117,57,r,1,3.12207434943258,5.13656897284064,r,1,2.62983499029544,5.40325824165234,
117,58,r,1,2.30762052133861,3.97526569652595,r,2,1.04875558980123,3.10278582129599,
117,59,r,2,1.86106956925883,3.64601662669941,r,2,1.86106956925883,3.64601662669941,
117,60,r,3,1.60950150739252,3.46316021898319,r,3,1.60950150739252,3.46316021898319,
117,61,I,4,1.95781871134021,3.48974951660457,I,4,1.95781871134021,3.48974951660457,
,,,,,,,,,,
118,79,ii,9,4.51768769015367,3.64432850973758,ii,9,4.51768769015367,3.64432850973758,
118,80,ii,5,2.63688710233263,4.70883279483817,ii,5,2.63688710233263,4.70883279483817,
118,81,iv,6,6.70726982400881,4.27648332399766,iv,6,6.70726982400881,4.27648332399766,
118,82,iii,3,6.52543558353392,5.05757635572413,iii,3,6.52543558353392,5.05757635572413,
118,83,iii,2,5.06603227454618,4.93163048383805,iii,2,5.06603227454618,4.93163048383805,
118,84,#ivo,2,6.87878192256377,5.24698189499688,vii,2,6.79262527881405,5.24698189499688,0.0861566437497139
118,85,ii,1,3.38482608022132,5.00280443374801,ii,1,5.40585903255992,5.39598526308916,
118,86,ii,2,5.16713963819818,4.95104194077879,ii,2,5.07605220171784,5.00174788518167,
118,87,iio,2,6.01375065936197,5.31880210447212,iio,2,6.01375065936197,5.31880210447212,
118,88,iio,3,6.30413344716312,3.46946608206286,iio,3,6.30413344716312,3.46946608206286,
118,89,iio,2,5.63402967173239,4.2412845030594,iio,2,5.63402967173239,4.2412845030594,
,,,,,,,,,,
119,79,ii,9,4.51768769015367,3.64432850973758,ii,9,4.51768769015367,3.64432850973758,
119,80,ii,5,2.63688710233263,4.70883279483817,ii,5,2.63688710233263,4.70883279483817,
119,81,iv,6,6.70726982400881,4.27648332399766,iv,6,6.70726982400881,4.27648332399766,
119,82,iii,3,6.52543558353392,5.05757635572413,iii,3,6.52543558353392,5.05757635572413,
119,83,iii,2,5.06603227454618,4.93163048383805,iii,2,5.06603227454618,4.93163048383805,
119,84,#ivo,2,6.87878192256377,5.24698189499688,vo,2,6.79262527881405,5.24698189499688,0.0861566437497139
119,85,ii,1,3.38482608022132,5.00280443374801,ii,1,6.44988500121925,4.97284879906394,
119,86,ii,2,5.16713963819818,4.95104194077879,ii,1,4.76314935093105,5.4514812614937,
119,87,iio,2,6.01375065936197,5.31880210447212,iio,2,6.01375065936197,5.31880210447212,
119,88,iio,3,6.30413344716312,3.46946608206286,iio,3,6.30413344716312,3.46946608206286,
119,89,iio,2,5.63402967173239,4.2412845030594,iio,2,5.63402967173239,4.2412845030594,
,,,,,,,,,,
120,79,ii,9,4.51768769015367,3.64432850973758,ii,9,4.51768769015367,3.64432850973758,
120,80,ii,5,2.63688710233263,4.70883279483817,ii,5,2.63688710233263,4.70883279483817,
120,81,iv,6,6.70726982400881,4.27648332399766,iv,6,6.70726982400881,4.27648332399766,
120,82,iii,3,6.52543558353392,5.05757635572413,iii,3,6.52543558353392,5.05757635572413,
120,83,iii,2,5.06603227454618,4.93163048383805,iii,2,5.06603227454618,4.93163048383805,
120,84,#ivo,2,6.87878192256377,5.24698189499688,iio,2,6.79262527881405,5.24698189499688,0.0861566437497139
120,85,ii,1,3.38482608022132,5.00280443374801,ii,1,6.38156839756112,5.13656897284064,
120,86,ii,2,5.16713963819818,4.95104194077879,ii,1,4.76314935093105,5.4514812614937,
120,87,iio,2,6.01375065936197,5.31880210447212,iio,2,6.01375065936197,5.31880210447212,
120,88,iio,3,6.30413344716312,3.46946608206286,iio,3,6.30413344716312,3.46946608206286,
120,89,iio,2,5.63402967173239,4.2412845030594,iio,2,5.63402967173239,4.2412845030594,
,,,,,,,,,,
121,145,IV,9,3.34366141243149,3.64432850973758,IV,9,3.34366141243149,3.64432850973758,
121,146,IV,4,1.7956143545287,4.36895493663094,IV,4,1.7956143545287,4.36895493663094,
121,147,iv,5,5.64556756063906,4.47865125331656,iv,5,5.64556756063906,4.47865125331656,
121,148,iii,3,6.4964482459115,5.22845895593233,iii,3,6.4964482459115,5.22845895593233,
121,149,iii,2,5.06603227454618,4.93163048383805,iii,2,5.06603227454618,4.93163048383805,
121,150,#ivo,2,6.87878192256377,5.24698189499688,vii,2,6.79262527881405,5.24698189499688,0.0861566437497139
121,151,ii,1,3.38482608022132,5.00280443374801,ii,1,5.40585903255992,5.39598526308916,
121,152,ii,2,5.16713963819818,4.95104194077879,ii,2,5.07605220171784,5.00174788518167,
121,153,iio,2,6.01375065936197,5.31880210447212,iio,2,6.01375065936197,5.31880210447212,
121,154,iio,3,6.30413344716312,3.46946608206286,iio,3,6.30413344716312,3.46946608206286,
121,155,iio,2,5.63402967173239,4.2412845030594,iio,2,5.63402967173239,4.2412845030594,
,,,,,,,,,,
122,145,IV,9,3.34366141243149,3.64432850973758,IV,9,3.34366141243149,3.64432850973758,
122,146,IV,4,1.7956143545287,4.36895493663094,IV,4,1.7956143545287,4.36895493663094,
122,147,iv,5,5.64556756063906,4.47865125331656,iv,5,5.64556756063906,4.47865125331656,
122,148,iii,3,6.4964482459115,5.22845895593233,iii,3,6.4964482459115,5.22845895593233,
122,149,iii,2,5.06603227454618,4.93163048383805,iii,2,5.06603227454618,4.93163048383805,
122,150,#ivo,2,6.87878192256377,5.24698189499688,vo,2,6.79262527881405,5.24698189499688,0.0861566437497139
122,151,ii,1,3.38482608022132,5.00280443374801,ii,1,6.44988500121925,4.97284879906394,
122,152,ii,2,5.16713963819818,4.95104194077879,ii,1,4.76314935093105,5.4514812614937,
122,153,iio,2,6.01375065936197,5.31880210447212,iio,2,6.01375065936197,5.31880210447212,
122,154,iio,3,6.30413344716312,3.46946608206286,iio,3,6.30413344716312,3.46946608206286,
122,155,iio,2,5.63402967173239,4.2412845030594,iio,2,5.63402967173239,4.2412845030594,
,,,,,,,,,,
123,145,IV,9,3.34366141243149,3.64432850973758,IV,9,3.34366141243149,3.64432850973758,
123,146,IV,4,1.7956143545287,4.36895493663094,IV,4,1.7956143545287,4.36895493663094,
123,147,iv,5,5.64556756063906,4.47865125331656,iv,5,5.64556756063906,4.47865125331656,
123,148,iii,3,6.4964482459115,5.22845895593233,iii,3,6.4964482459115,5.22845895593233,
123,149,iii,2,5.06603227454618,4.93163048383805,iii,2,5.06603227454618,4.93163048383805,
123,150,#ivo,2,6.87878192256377,5.24698189499688,iio,2,6.79262527881405,5.24698189499688,0.0861566437497139
123,151,ii,1,3.38482608022132,5.00280443374801,ii,1,6.38156839756112,5.13656897284064,
123,152,ii,2,5.16713963819818,4.95104194077879,ii,1,4.76314935093105,5.4514812614937,
123,153,iio,2,6.01375065936197,5.31880210447212,iio,2,6.01375065936197,5.31880210447212,
123,154,iio,3,6.30413344716312,3.46946608206286,iio,3,6.30413344716312,3.46946608206286,
123,155,iio,2,5.63402967173239,4.2412845030594,iio,2,5.63402967173239,4.2412845030594,
,,,,,,,,,,
124,33,IV,9,2.77829776329859,4.70150995411031,IV,9,2.77829776329859,4.70150995411031,
124,34,IV,10,1.85035301246321,3.56914429349208,IV,10,1.85035301246321,3.56914429349208,
124,35,IV,10,0.368956624053195,1.80275035727911,IV,10,0.368956624053195,1.80275035727911,
124,36,iv,10,7.80895305633684,2.12694644846139,iv,10,7.80895305633684,2.12694644846139,
124,37,I,4,2.11739783694104,4.81431584122313,I,4,2.11739783694104,4.81431584122313,
124,38,io,4,7.60167681076924,3.79737567386236,-iii,4,7.68897725402748,3.79737567386236,0.0873004432582407
124,39,ii,2,3.61671590938521,5.07113943085968,ii,1,5.019451990635,5.46436553144696,
124,40,V,3,3.34891899744004,4.56957897531782,V,2,3.46115099163921,5.23288522282611,
124,41,I,3,4.17552320717053,4.87555392880673,I,3,2.86905595822863,5.03364077024254,
124,42,I,3,4.13190650490478,5.40112686756345,I,4,4.30515564710504,5.28857264364032,
124,43,vi,4,4.2950134712079,5.22475882139959,vi,4,4.2950134712079,5.22475882139959,
,,,,,,,,,,
125,92,I,3,3.50653347100225,4.82718016834977,I,3,3.50653347100225,4.82718016834977,
125,93,ii,3,3.98002149785095,5.30785230502309,ii,3,3.98002149785095,5.30785230502309,
125,94,ii,4,4.2002145969608,4.95963904862603,ii,4,4.2002145969608,4.95963904862603,
125,95,iio,4,6.6087944170532,4.82613516645091,iio,4,6.6087944170532,4.82613516645091,
125,96,iio,3,6.30413344716312,3.46946608206286,iio,3,6.30413344716312,3.46946608206286,
125,97,ii,2,6.87808097419861,4.2412845030594,II,2,6.96554381544895,4.2412845030594,0.0874628412503391
125,98,V,1,4.44179232229737,5.4514812614937,V,1,4.41920154433407,5.43758232512161,
125,99,I,2,3.88391692192418,5.32637995012517,I,2,3.93322785626074,5.32777555532581,
125,100,I,3,4.13190650490478,5.40112686756345,I,3,4.00462783436403,5.40219378827208,
125,101,ii,4,4.23683400361267,5.22475882139959,ii,4,5.06462194109723,5.16537929485653,
125,102,ii,5,3.06588953589311,4.52442555888543,ii,4,3.40085722843034,4.89906551784532,
,,,,,,,,,,
126,92,I,3,3.50653347100225,4.82718016834977,I,3,3.50653347100225,4.82718016834977,
126,93,ii,3,3.98002149785095,5.30785230502309,ii,3,3.98002149785095,5.30785230502309,
126,94,ii,4,4.2002145969608,4.95963904862603,ii,4,4.2002145969608,4.95963904862603,
126,95,iio,4,6.6087944170532,4.82613516645091,iio,4,6.6087944170532,4.82613516645091,
126,96,iio,3,6.30413344716312,3.46946608206286,iio,3,6.30413344716312,3.46946608206286,
126,97,ii,2,6.87808097419861,4.2412845030594,-VII,2,6.96554381544895,4.2412845030594,0.0874628412503391
126,98,V,1,4.44179232229737,5.4514812614937,V,1,4.92480637916878,5.43129221071029,
126,99,I,2,3.88391692192418,5.32637995012517,I,2,3.45713151040036,5.15575443993119,
126,100,I,3,4.13190650490478,5.40112686756345,I,3,3.74530534733966,5.33207962257734,
126,101,ii,4,4.23683400361267,5.22475882139959,ii,4,4.48969507260653,5.19627590285812,
126,102,ii,5,3.06588953589311,4.52442555888543,ii,5,3.68460638273439,4.47344767673097,
,,,,,,,,,,
127,92,I,3,3.50653347100225,4.82718016834977,I,3,3.50653347100225,4.82718016834977,
127,93,ii,3,3.98002149785095,5.30785230502309,ii,3,3.98002149785095,5.30785230502309,
127,94,ii,4,4.2002145969608,4.95963904862603,ii,4,4.2002145969608,4.95963904862603,
127,95,iio,4,6.6087944170532,4.82613516645091,iio,4,6.6087944170532,4.82613516645091,
127,96,iio,3,6.30413344716312,3.46946608206286,iio,3,6.30413344716312,3.46946608206286,
127,97,ii,2,6.87808097419861,4.2412845030594,-III,2,6.96554381544895,4.2412845030594,0.0874628412503391
127,98,V,1,4.44179232229737,5.4514812614937,V,1,5.14374726919327,5.45567922163521,
127,99,I,2,3.88391692192418,5.32637995012517,I,2,3.57475915108854,5.10676503169773,
127,100,I,3,4.13190650490478,5.40112686756345,I,3,3.59078276407308,5.30545468333506,
127,101,ii,4,4.23683400361267,5.22475882139959,ii,4,4.9970284853535,5.17055828423054,
127,102,ii,5,3.06588953589311,4.52442555888543,ii,4,3.40085722843034,4.89906551784532,
,,,,,,,,,,
128,100,I,3,4.13190650490478,5.40112686756345,I,3,4.13190650490478,5.40112686756345,
128,101,ii,4,4.23683400361267,5.22475882139959,ii,4,4.23683400361267,5.22475882139959,
128,102,ii,5,3.06588953589311,4.52442555888543,ii,5,3.06588953589311,4.52442555888543,
128,103,iio,6,7.15941585517291,4.26772416179408,iio,6,7.15941585517291,4.26772416179408,
128,104,iio,3,6.30413344716312,3.46946608206286,iio,3,6.30413344716312,3.46946608206286,
128,105,ii,2,6.87808097419861,4.2412845030594,II,2,6.96554381544895,4.2412845030594,0.0874628412503391
128,106,ii,1,4.76314935093105,5.4514812614937,ii,1,5.53414689260849,5.43758232512161,
128,107,I,2,4.18289480761984,5.31880210447212,I,2,5.17473085400343,5.24102218545892,
128,108,I,3,3.42590871013884,5.25388889221325,I,2,4.38622791632536,5.41626301419417,
128,109,vi,4,4.3268247454022,5.12467957113559,vi,3,4.62378632402787,5.3206601894854,
128,110,vi,5,3.12702258713118,4.84490832433922,vi,4,3.58308845662182,5.04237261132976,
,,,,,,,,,,
129,100,I,3,4.13190650490478,5.40112686756345,I,3,4.13190650490478,5.40112686756345,
129,101,ii,4,4.23683400361267,5.22475882139959,ii,4,4.23683400361267,5.22475882139959,
129,102,ii,5,3.06588953589311,4.52442555888543,ii,5,3.06588953589311,4.52442555888543,
129,103,iio,6,7.15941585517291,4.26772416179408,iio,6,7.15941585517291,4.26772416179408,
129,104,iio,3,6.30413344716312,3.46946608206286,iio,3,6.30413344716312,3.46946608206286,
129,105,ii,2,6.87808097419861,4.2412845030594,-VII,2,6.96554381544895,4.2412845030594,0.0874628412503391
129,106,ii,1,4.76314935093105,5.4514812614937,ii,1,5.68992447989129,5.43129221071029,
129,107,I,2,4.18289480761984,5.31880210447212,I,2,5.05091666724875,5.37479120016283,
129,108,I,3,3.42590871013884,5.25388889221325,I,2,4.38622791632536,5.41626301419417,
129,109,vi,4,4.3268247454022,5.12467957113559,vi,3,4.62378632402787,5.3206601894854,
129,110,vi,5,3.12702258713118,4.84490832433922,vi,4,3.58308845662182,5.04237261132976,
,,,,,,,,,,
130,100,I,3,4.13190650490478,5.40112686756345,I,3,4.13190650490478,5.40112686756345,
130,101,ii,4,4.23683400361267,5.22475882139959,ii,4,4.23683400361267,5.22475882139959,
130,102,ii,5,3.06588953589311,4.52442555888543,ii,5,3.06588953589311,4.52442555888543,
130,103,iio,6,7.15941585517291,4.26772416179408,iio,6,7.15941585517291,4.26772416179408,
130,104,iio,3,6.30413344716312,3.46946608206286,iio,3,6.30413344716312,3.46946608206286,
130,105,ii,2,6.87808097419861,4.2412845030594,-III,2,6.96554381544895,4.2412845030594,0.0874628412503391
130,106,ii,1,4.76314935093105,5.4514812614937,ii,1,5.34602908794333,5.45567922163521,
130,107,I,2,4.18289480761984,5.31880210447212,I,2,4.13902757159598,5.30069468352534,
130,108,I,3,3.42590871013884,5.25388889221325,I,3,4.68102942518387,5.07598961093401,
130,109,vi,4,4.3268247454022,5.12467957113559,vi,3,4.62378632402787,5.3206601894854,
130,110,vi,5,3.12702258713118,4.84490832433922,vi,4,3.58308845662182,5.04237261132976,
,,,,,,,,,,
131,158,I,3,2.93777615845489,5.22119492673301,I,3,2.93777615845489,5.22119492673301,
131,159,ii,4,3.78398748530637,5.21823057143639,ii,4,3.78398748530637,5.21823057143639,
131,160,ii,5,3.65986320719145,4.46174213687789,ii,5,3.65986320719145,4.46174213687789,
131,161,iio,5,6.84055696269145,4.59295566994238,iio,5,6.84055696269145,4.59295566994238,
131,162,iio,3,6.30413344716312,3.46946608206286,iio,3,6.30413344716312,3.46946608206286,
131,163,ii,2,6.87808097419861,4.2412845030594,II,2,6.96554381544895,4.2412845030594,0.0874628412503391
131,164,ii,1,4.76314935093105,5.4514812614937,ii,1,5.53414689260849,5.43758232512161,
131,165,I,2,4.18289480761984,5.31880210447212,I,2,5.17473085400343,5.24102218545892,
131,166,I,3,3.42590871013884,5.25388889221325,I,2,4.38622791632536,5.41626301419417,
131,167,ii,4,3.72682568680353,5.12467957113559,ii,3,4.56183381235801,5.3206601894854,
131,168,ii,5,1.48197115727432,4.02697995917804,ii,4,2.90192934169722,4.91198636832157,
,,,,,,,,,,
132,158,I,3,2.93777615845489,5.22119492673301,I,3,2.93777615845489,5.22119492673301,
132,159,ii,4,3.78398748530637,5.21823057143639,ii,4,3.78398748530637,5.21823057143639,
132,160,ii,5,3.65986320719145,4.46174213687789,ii,5,3.65986320719145,4.46174213687789,
132,161,iio,5,6.84055696269145,4.59295566994238,iio,5,6.84055696269145,4.59295566994238,
132,162,iio,3,6.30413344716312,3.46946608206286,iio,3,6.30413344716312,3.46946608206286,
132,163,ii,2,6.87808097419861,4.2412845030594,-VII,2,6.96554381544895,4.2412845030594,0.0874628412503391
132,164,ii,1,4.76314935093105,5.4514812614937,ii,1,5.68992447989129,5.43129221071029,
132,165,I,2,4.18289480761984,5.31880210447212,I,2,5.05091666724875,5.37479120016283,
132,166,I,3,3.42590871013884,5.25388889221325,I,2,4.38622791632536,5.41626301419417,
132,167,ii,4,3.72682568680353,5.12467957113559,ii,3,4.56183381235801,5.3206601894854,
132,168,ii,5,1.48197115727432,4.02697995917804,ii,4,2.90192934169722,4.91198636832157,
,,,,,,,,,,
133,158,I,3,2.93777615845489,5.22119492673301,I,3,2.93777615845489,5.22119492673301,
133,159,ii,4,3.78398748530637,5.21823057143639,ii,4,3.78398748530637,5.21823057143639,
133,160,ii,5,3.65986320719145,4.46174213687789,ii,5,3.65986320719145,4.46174213687789,
133,161,iio,5,6.84055696269145,4.59295566994238,iio,5,6.84055696269145,4.59295566994238,
133,162,iio,3,6.30413344716312,3.46946608206286,iio,3,6.30413344716312,3.46946608206286,
133,163,ii,2,6.87808097419861,4.2412845030594,-III,2,6.96554381544895,4.2412845030594,0.0874628412503391
133,164,ii,1,4.76314935093105,5.4514812614937,ii,1,5.34602908794333,5.45567922163521,
133,165,I,2,4.18289480761984,5.31880210447212,I,2,4.13902757159598,5.30069468352534,
133,166,I,3,3.42590871013884,5.25388889221325,I,3,4.68102942518387,5.07598961093401,
133,167,ii,4,3.72682568680353,5.12467957113559,ii,3,4.56183381235801,5.3206601894854,
133,168,ii,5,1.48197115727432,4.02697995917804,ii,4,2.90192934169722,4.91198636832157,
,,,,,,,,,,
134,49,VI,4,5.16524734787908,4.22288012824419,VI,4,5.16524734787908,4.22288012824419,
134,50,VI,3,1.24409566218337,3.99309370604159,VI,3,1.24409566218337,3.99309370604159,
134,51,ii,4,4.95316286117299,3.88512590342859,ii,4,4.95316286117299,3.88512590342859,
134,52,ii,3,3.4145988319353,4.93429568582484,ii,3,3.4145988319353,4.93429568582484,
134,53,iv,4,5.03550034249799,4.45666491132189,iv,4,5.03550034249799,4.45666491132189,
134,54,iv,3,5.22195527872971,4.24478858687723,i,3,5.31332467704689,4.24478858687723,0.0913693983171804
134,55,r,3,3.10988469008671,5.03353480566252,r,3,3.41154571146553,4.79097310227496,
134,56,iio,3,8.81055533616729,2.65120998784587,iio,2,8.23701246727851,3.63960457616759,
134,57,r,1,3.12207434943258,5.13656897284064,r,1,3.12207434943258,5.13656897284064,
134,58,r,1,2.30762052133861,3.97526569652595,r,1,2.30762052133861,3.97526569652595,
134,59,r,2,1.86106956925883,3.64601662669941,r,2,1.86106956925883,3.64601662669941,
,,,,,,,,,,
135,79,ii,9,4.51768769015367,3.64432850973758,ii,9,4.51768769015367,3.64432850973758,
135,80,ii,5,2.63688710233263,4.70883279483817,ii,5,2.63688710233263,4.70883279483817,
135,81,iv,6,6.70726982400881,4.27648332399766,iv,6,6.70726982400881,4.27648332399766,
135,82,iii,3,6.52543558353392,5.05757635572413,iii,3,6.52543558353392,5.05757635572413,
135,83,iii,2,5.06603227454618,4.93163048383805,iii,2,5.06603227454618,4.93163048383805,
135,84,#ivo,2,6.87878192256377,5.24698189499688,#vo,2,6.97041239802934,5.24698189499688,0.0916304754655686
135,85,ii,1,3.38482608022132,5.00280443374801,ii,1,6.69831654624812,3.84928183441436,
135,86,ii,2,5.16713963819818,4.95104194077879,ii,1,4.76314935093105,5.4514812614937,
135,87,iio,2,6.01375065936197,5.31880210447212,iio,2,6.01375065936197,5.31880210447212,
135,88,iio,3,6.30413344716312,3.46946608206286,iio,3,6.30413344716312,3.46946608206286,
135,89,iio,2,5.63402967173239,4.2412845030594,iio,2,5.63402967173239,4.2412845030594,
,,,,,,,,,,
136,79,ii,9,4.51768769015367,3.64432850973758,ii,9,4.51768769015367,3.64432850973758,
136,80,ii,5,2.63688710233263,4.70883279483817,ii,5,2.63688710233263,4.70883279483817,
136,81,iv,6,6.70726982400881,4.27648332399766,iv,6,6.70726982400881,4.27648332399766,
136,82,iii,3,6.52543558353392,5.05757635572413,iii,3,6.52543558353392,5.05757635572413,
136,83,iii,2,5.06603227454618,4.93163048383805,iii,2,5.06603227454618,4.93163048383805,
136,84,#ivo,2,6.87878192256377,5.24698189499688,#V,2,6.97041239802934,5.24698189499688,0.0916304754655686
136,85,ii,1,3.38482608022132,5.00280443374801,ii,1,6.29440451762011,5.10909458276778,
136,86,ii,2,5.16713963819818,4.95104194077879,ii,1,4.76314935093105,5.4514812614937,
136,87,iio,2,6.01375065936197,5.31880210447212,iio,2,6.01375065936197,5.31880210447212,
136,88,iio,3,6.30413344716312,3.46946608206286,iio,3,6.30413344716312,3.46946608206286,
136,89,iio,2,5.63402967173239,4.2412845030594,iio,2,5.63402967173239,4.2412845030594,
,,,,,,,,,,
137,79,ii,9,4.51768769015367,3.64432850973758,ii,9,4.51768769015367,3.64432850973758,
137,80,ii,5,2.63688710233263,4.70883279483817,ii,5,2.63688710233263,4.70883279483817,
137,81,iv,6,6.70726982400881,4.27648332399766,iv,6,6.70726982400881,4.27648332399766,
137,82,iii,3,6.52543558353392,5.05757635572413,iii,3,6.52543558353392,5.05757635572413,
137,83,iii,2,5.06603227454618,4.93163048383805,iii,2,5.06603227454618,4.93163048383805,
137,84,#ivo,2,6.87878192256377,5.24698189499688,I+,2,6.97041239802934,5.24698189499688,0.0916304754655686
137,85,ii,1,3.38482608022132,5.00280443374801,ii,1,6.34612259990015,4.94968292846051,
137,86,ii,2,5.16713963819818,4.95104194077879,ii,1,4.76314935093105,5.4514812614937,
137,87,iio,2,6.01375065936197,5.31880210447212,iio,2,6.01375065936197,5.31880210447212,
137,88,iio,3,6.30413344716312,3.46946608206286,iio,3,6.30413344716312,3.46946608206286,
137,89,iio,2,5.63402967173239,4.2412845030594,iio,2,5.63402967173239,4.2412845030594,
,,,,,,,,,,
138,79,ii,9,4.51768769015367,3.64432850973758,ii,9,4.51768769015367,3.64432850973758,
138,80,ii,5,2.63688710233263,4.70883279483817,ii,5,2.63688710233263,4.70883279483817,
138,81,iv,6,6.70726982400881,4.27648332399766,iv,6,6.70726982400881,4.27648332399766,
138,82,iii,3,6.52543558353392,5.05757635572413,iii,3,6.52543558353392,5.05757635572413,
138,83,iii,2,5.06603227454618,4.93163048383805,iii,2,5.06603227454618,4.93163048383805,
138,84,#ivo,2,6.87878192256377,5.24698189499688,-ii,2,6.97041239802934,5.24698189499688,0.0916304754655686
138,85,ii,1,3.38482608022132,5.00280443374801,ii,1,6.29861519275837,5.10775263158158,
138,86,ii,2,5.16713963819818,4.95104194077879,ii,1,4.76314935093105,5.4514812614937,
138,87,iio,2,6.01375065936197,5.31880210447212,iio,2,6.01375065936197,5.31880210447212,
138,88,iio,3,6.30413344716312,3.46946608206286,iio,3,6.30413344716312,3.46946608206286,
138,89,iio,2,5.63402967173239,4.2412845030594,iio,2,5.63402967173239,4.2412845030594,
,,,,,,,,,,
139,79,ii,9,4.51768769015367,3.64432850973758,ii,9,4.51768769015367,3.64432850973758,
139,80,ii,5,2.63688710233263,4.70883279483817,ii,5,2.63688710233263,4.70883279483817,
139,81,iv,6,6.70726982400881,4.27648332399766,iv,6,6.70726982400881,4.27648332399766,
139,82,iii,3,6.52543558353392,5.05757635572413,iii,3,6.52543558353392,5.05757635572413,
139,83,iii,2,5.06603227454618,4.93163048383805,iii,2,5.06603227454618,4.93163048383805,
139,84,#ivo,2,6.87878192256377,5.24698189499688,-I,2,6.97041239802934,5.24698189499688,0.0916304754655686
139,85,ii,1,3.38482608022132,5.00280443374801,ii,1,6.15213568799878,5.2202663906073,
139,86,ii,2,5.16713963819818,4.95104194077879,ii,1,4.76314935093105,5.4514812614937,
139,87,iio,2,6.01375065936197,5.31880210447212,iio,2,6.01375065936197,5.31880210447212,
139,88,iio,3,6.30413344716312,3.46946608206286,iio,3,6.30413344716312,3.46946608206286,
139,89,iio,2,5.63402967173239,4.2412845030594,iio,2,5.63402967173239,4.2412845030594,
,,,,,,,,,,
140,145,IV,9,3.34366141243149,3.64432850973758,IV,9,3.34366141243149,3.64432850973758,
140,146,IV,4,1.7956143545287,4.36895493663094,IV,4,1.7956143545287,4.36895493663094,
140,147,iv,5,5.64556756063906,4.47865125331656,iv,5,5.64556756063906,4.47865125331656,
140,148,iii,3,6.4964482459115,5.22845895593233,iii,3,6.4964482459115,5.22845895593233,
140,149,iii,2,5.06603227454618,4.93163048383805,iii,2,5.06603227454618,4.93163048383805,
140,150,#ivo,2,6.87878192256377,5.24698189499688,#vo,2,6.97041239802934,5.24698189499688,0.0916304754655686
140,151,ii,1,3.38482608022132,5.00280443374801,ii,1,6.69831654624812,3.84928183441436,
140,152,ii,2,5.16713963819818,4.95104194077879,ii,1,4.76314935093105,5.4514812614937,
140,153,iio,2,6.01375065936197,5.31880210447212,iio,2,6.01375065936197,5.31880210447212,
140,154,iio,3,6.30413344716312,3.46946608206286,iio,3,6.30413344716312,3.46946608206286,
140,155,iio,2,5.63402967173239,4.2412845030594,iio,2,5.63402967173239,4.2412845030594,
,,,,,,,,,,
141,145,IV,9,3.34366141243149,3.64432850973758,IV,9,3.34366141243149,3.64432850973758,
141,146,IV,4,1.7956143545287,4.36895493663094,IV,4,1.7956143545287,4.36895493663094,
141,147,iv,5,5.64556756063906,4.47865125331656,iv,5,5.64556756063906,4.47865125331656,
141,148,iii,3,6.4964482459115,5.22845895593233,iii,3,6.4964482459115,5.22845895593233,
141,149,iii,2,5.06603227454618,4.93163048383805,iii,2,5.06603227454618,4.93163048383805,
141,150,#ivo,2,6.87878192256377,5.24698189499688,#V,2,6.97041239802934,5.24698189499688,0.0916304754655686
141,151,ii,1,3.38482608022132,5.00280443374801,ii,1,6.29440451762011,5.10909458276778,
141,152,ii,2,5.16713963819818,4.95104194077879,ii,1,4.76314935093105,5.4514812614937,
141,153,iio,2,6.01375065936197,5.31880210447212,iio,2,6.01375065936197,5.31880210447212,
141,154,iio,3,6.30413344716312,3.46946608206286,iio,3,6.30413344716312,3.46946608206286,
141,155,iio,2,5.63402967173239,4.2412845030594,iio,2,5.63402967173239,4.2412845030594,
,,,,,,,,,,
142,145,IV,9,3.34366141243149,3.64432850973758,IV,9,3.34366141243149,3.64432850973758,
142,146,IV,4,1.7956143545287,4.36895493663094,IV,4,1.7956143545287,4.36895493663094,
142,147,iv,5,5.64556756063906,4.47865125331656,iv,5,5.64556756063906,4.47865125331656,
142,148,iii,3,6.4964482459115,5.22845895593233,iii,3,6.4964482459115,5.22845895593233,
142,149,iii,2,5.06603227454618,4.93163048383805,iii,2,5.06603227454618,4.93163048383805,
142,150,#ivo,2,6.87878192256377,5.24698189499688,I+,2,6.97041239802934,5.24698189499688,0.0916304754655686
142,151,ii,1,3.38482608022132,5.00280443374801,ii,1,6.34612259990015,4.94968292846051,
142,152,ii,2,5.16713963819818,4.95104194077879,ii,1,4.76314935093105,5.4514812614937,
142,153,iio,2,6.01375065936197,5.31880210447212,iio,2,6.01375065936197,5.31880210447212,
142,154,iio,3,6.30413344716312,3.46946608206286,iio,3,6.30413344716312,3.46946608206286,
142,155,iio,2,5.63402967173239,4.2412845030594,iio,2,5.63402967173239,4.2412845030594,
,,,,,,,,,,
143,145,IV,9,3.34366141243149,3.64432850973758,IV,9,3.34366141243149,3.64432850973758,
143,146,IV,4,1.7956143545287,4.36895493663094,IV,4,1.7956143545287,4.36895493663094,
143,147,iv,5,5.64556756063906,4.47865125331656,iv,5,5.64556756063906,4.47865125331656,
143,148,iii,3,6.4964482459115,5.22845895593233,iii,3,6.4964482459115,5.22845895593233,
143,149,iii,2,5.06603227454618,4.93163048383805,iii,2,5.06603227454618,4.93163048383805,
143,150,#ivo,2,6.87878192256377,5.24698189499688,-ii,2,6.97041239802934,5.24698189499688,0.0916304754655686
143,151,ii,1,3.38482608022132,5.00280443374801,ii,1,6.29861519275837,5.10775263158158,
143,152,ii,2,5.16713963819818,4.95104194077879,ii,1,4.76314935093105,5.4514812614937,
143,153,iio,2,6.01375065936197,5.31880210447212,iio,2,6.01375065936197,5.31880210447212,
143,154,iio,3,6.30413344716312,3.46946608206286,iio,3,6.30413344716312,3.46946608206286,
143,155,iio,2,5.63402967173239,4.2412845030594,iio,2,5.63402967173239,4.2412845030594,
,,,,,,,,,,
144,145,IV,9,3.34366141243149,3.64432850973758,IV,9,3.34366141243149,3.64432850973758,
144,146,IV,4,1.7956143545287,4.36895493663094,IV,4,1.7956143545287,4.36895493663094,
144,147,iv,5,5.64556756063906,4.47865125331656,iv,5,5.64556756063906,4.47865125331656,
144,148,iii,3,6.4964482459115,5.22845895593233,iii,3,6.4964482459115,5.22845895593233,
144,149,iii,2,5.06603227454618,4.93163048383805,iii,2,5.06603227454618,4.93163048383805,
144,150,#ivo,2,6.87878192256377,5.24698189499688,-I,2,6.97041239802934,5.24698189499688,0.0916304754655686
144,151,ii,1,3.38482608022132,5.00280443374801,ii,1,6.15213568799878,5.2202663906073,
144,152,ii,2,5.16713963819818,4.95104194077879,ii,1,4.76314935093105,5.4514812614937,
144,153,iio,2,6.01375065936197,5.31880210447212,iio,2,6.01375065936197,5.31880210447212,
144,154,iio,3,6.30413344716312,3.46946608206286,iio,3,6.30413344716312,3.46946608206286,
144,155,iio,2,5.63402967173239,4.2412845030594,iio,2,5.63402967173239,4.2412845030594,
,,,,,,,,,,
145,21,ii,7,0.808378327540961,3.01412522430921,ii,7,0.808378327540961,3.01412522430921,
145,22,ii,7,2.93938252498739,3.09963667282344,ii,7,2.93938252498739,3.09963667282344,
145,23,ii,7,1.70443780177543,4.01009717496488,ii,7,1.70443780177543,4.01009717496488,
145,24,I,8,3.42054561052291,4.09762375075601,I,8,3.42054561052291,4.09762375075601,
145,25,I,6,0.785774993899771,3.15197228529058,I,6,0.785774993899771,3.15197228529058,
145,26,I,8,3.1029557470253,4.76805208907173,ii,8,3.19615238786058,4.76805208907173,0.0931966408352873
145,27,I,6,0.699023807181025,2.9266572778572,I,6,4.93557843949493,3.65151794537807,
145,28,I,9,1.30004616171904,3.95256916532923,I,4,3.82273669478909,5.18455551805036,
145,29,I,8,1.27453290671435,3.98365122899055,I,5,1.16655421819555,3.86648007034523,
145,30,I,9,3.1392711111925,4.51405788800984,I,6,2.93635038057129,4.37985497375449,
145,31,I,9,2.60266052449991,4.99592412159331,I,6,1.43856726316367,4.20374790489405,
,,,,,,,,,,
146,33,IV,9,2.77829776329859,4.70150995411031,IV,9,2.77829776329859,4.70150995411031,
146,34,IV,10,1.85035301246321,3.56914429349208,IV,10,1.85035301246321,3.56914429349208,
146,35,IV,10,0.368956624053195,1.80275035727911,IV,10,0.368956624053195,1.80275035727911,
146,36,iv,10,7.80895305633684,2.12694644846139,iv,10,7.80895305633684,2.12694644846139,
146,37,I,4,2.11739783694104,4.81431584122313,I,4,2.11739783694104,4.81431584122313,
146,38,io,4,7.60167681076924,3.79737567386236,-iiio,4,7.50762575238622,3.79737567386236,0.0940510583830214
146,39,ii,2,3.61671590938521,5.07113943085968,ii,2,1.46299823365749,3.53431959937624,
146,40,V,3,3.34891899744004,4.56957897531782,V,3,1.52574093351483,4.12153522500003,
146,41,I,3,4.17552320717053,4.87555392880673,I,4,1.74576151857121,4.49415333341315,
146,42,I,3,4.13190650490478,5.40112686756345,I,5,3.37272125917143,5.03395913877102,
146,43,vi,4,4.2950134712079,5.22475882139959,vi,5,1.03411109517437,3.65996679522843,
,,,,,,,,,,
147,83,iii,2,5.06603227454618,4.93163048383805,iii,2,5.06603227454618,4.93163048383805,
147,84,#ivo,2,6.87878192256377,5.24698189499688,#ivo,2,6.87878192256377,5.24698189499688,
147,85,ii,1,3.38482608022132,5.00280443374801,ii,1,3.38482608022132,5.00280443374801,
147,86,ii,2,5.16713963819818,4.95104194077879,ii,2,5.16713963819818,4.95104194077879,
147,87,iio,2,6.01375065936197,5.31880210447212,iio,2,6.01375065936197,5.31880210447212,
147,88,iio,3,6.30413344716312,3.46946608206286,iv,3,6.20714783179427,3.46946608206286,0.0969856153688458
147,89,iio,2,5.63402967173239,4.2412845030594,iio,2,6.24731769300561,5.11862189977135,
147,90,iio,2,5.63402967173239,4.2412845030594,iio,2,6.25944709762604,3.08249416273089,
147,91,I,2,1.44590756260574,4.2412845030594,I,2,1.44590756260574,4.2412845030594,
147,92,I,3,3.50653347100225,4.82718016834977,I,3,3.50653347100225,4.82718016834977,
147,93,ii,3,3.98002149785095,5.30785230502309,ii,3,3.98002149785095,5.30785230502309,
,,,,,,,,,,
148,84,#ivo,2,6.87878192256377,5.24698189499688,#ivo,2,6.87878192256377,5.24698189499688,
148,85,ii,1,3.38482608022132,5.00280443374801,ii,1,3.38482608022132,5.00280443374801,
148,86,ii,2,5.16713963819818,4.95104194077879,ii,2,5.16713963819818,4.95104194077879,
148,87,iio,2,6.01375065936197,5.31880210447212,iio,2,6.01375065936197,5.31880210447212,
148,88,iio,3,6.30413344716312,3.46946608206286,iio,3,6.30413344716312,3.46946608206286,
148,89,iio,2,5.63402967173239,4.2412845030594,vi,2,5.53704405636354,4.2412845030594,0.0969856153688458
148,90,iio,2,5.63402967173239,4.2412845030594,iio,2,6.58284159884239,4.98909585150208,
148,91,I,2,1.44590756260574,4.2412845030594,I,2,2.19935935739569,4.53678815202808,
148,92,I,3,3.50653347100225,4.82718016834977,I,3,2.00895511874297,4.85552485189115,
148,93,ii,3,3.98002149785095,5.30785230502309,ii,4,4.21603990316069,4.98411397547788,
148,94,ii,4,4.2002145969608,4.95963904862603,ii,4,4.2002145969608,4.95963904862603,
,,,,,,,,,,
149,84,#ivo,2,6.87878192256377,5.24698189499688,#ivo,2,6.87878192256377,5.24698189499688,
149,85,ii,1,3.38482608022132,5.00280443374801,ii,1,3.38482608022132,5.00280443374801,
149,86,ii,2,5.16713963819818,4.95104194077879,ii,2,5.16713963819818,4.95104194077879,
149,87,iio,2,6.01375065936197,5.31880210447212,iio,2,6.01375065936197,5.31880210447212,
149,88,iio,3,6.30413344716312,3.46946608206286,iio,3,6.30413344716312,3.46946608206286,
149,89,iio,2,5.63402967173239,4.2412845030594,iv,2,5.53704405636354,4.2412845030594,0.0969856153688458
149,90,iio,2,5.63402967173239,4.2412845030594,iio,2,6.24731769300561,5.11862189977135,
149,91,I,2,1.44590756260574,4.2412845030594,I,2,4.34556699464454,3.08249416273089,
149,92,I,3,3.50653347100225,4.82718016834977,I,2,3.1978240900452,5.29452525707598,
149,93,ii,3,3.98002149785095,5.30785230502309,ii,3,3.98002149785095,5.30785230502309,
149,94,ii,4,4.2002145969608,4.95963904862603,ii,4,4.2002145969608,4.95963904862603,
,,,,,,,,,,
150,85,ii,1,3.38482608022132,5.00280443374801,ii,1,3.38482608022132,5.00280443374801,
150,86,ii,2,5.16713963819818,4.95104194077879,ii,2,5.16713963819818,4.95104194077879,
150,87,iio,2,6.01375065936197,5.31880210447212,iio,2,6.01375065936197,5.31880210447212,
150,88,iio,3,6.30413344716312,3.46946608206286,iio,3,6.30413344716312,3.46946608206286,
150,89,iio,2,5.63402967173239,4.2412845030594,iio,2,5.63402967173239,4.2412845030594,
150,90,iio,2,5.63402967173239,4.2412845030594,vi,2,5.53704405636354,4.2412845030594,0.0969856153688458
150,91,I,2,1.44590756260574,4.2412845030594,I,2,5.321349357817,4.98909585150208,
150,92,I,3,3.50653347100225,4.82718016834977,I,2,3.96897503220313,5.22478496889315,
150,93,ii,3,3.98002149785095,5.30785230502309,ii,3,4.50112821055644,5.19356173546612,
150,94,ii,4,4.2002145969608,4.95963904862603,ii,4,4.39041204440831,4.35834614127877,
150,95,iio,4,6.6087944170532,4.82613516645091,iio,4,6.6087944170532,4.82613516645091,
,,,,,,,,,,
151,85,ii,1,3.38482608022132,5.00280443374801,ii,1,3.38482608022132,5.00280443374801,
151,86,ii,2,5.16713963819818,4.95104194077879,ii,2,5.16713963819818,4.95104194077879,
151,87,iio,2,6.01375065936197,5.31880210447212,iio,2,6.01375065936197,5.31880210447212,
151,88,iio,3,6.30413344716312,3.46946608206286,iio,3,6.30413344716312,3.46946608206286,
151,89,iio,2,5.63402967173239,4.2412845030594,iio,2,5.63402967173239,4.2412845030594,
151,90,iio,2,5.63402967173239,4.2412845030594,iv,2,5.53704405636354,4.2412845030594,0.0969856153688458
151,91,I,2,1.44590756260574,4.2412845030594,I,2,5.20900833610813,5.11862189977135,
151,92,I,3,3.50653347100225,4.82718016834977,I,2,4.38652168317636,5.40236206183806,
151,93,ii,3,3.98002149785095,5.30785230502309,ii,3,4.95826185832585,5.38269916270146,
151,94,ii,4,4.2002145969608,4.95963904862603,ii,4,4.17973955158742,4.76422113124451,
151,95,iio,4,6.6087944170532,4.82613516645091,iio,4,6.6087944170532,4.82613516645091,
,,,,,,,,,,
152,91,I,2,1.44590756260574,4.2412845030594,I,2,1.44590756260574,4.2412845030594,
152,92,I,3,3.50653347100225,4.82718016834977,I,3,3.50653347100225,4.82718016834977,
152,93,ii,3,3.98002149785095,5.30785230502309,ii,3,3.98002149785095,5.30785230502309,
152,94,ii,4,4.2002145969608,4.95963904862603,ii,4,4.2002145969608,4.95963904862603,
152,95,iio,4,6.6087944170532,4.82613516645091,iio,4,6.6087944170532,4.82613516645091,
152,96,iio,3,6.30413344716312,3.46946608206286,iv,3,6.20714783179427,3.46946608206286,0.0969856153688458
152,97,ii,2,6.87808097419861,4.2412845030594,ii,2,5.83792675686791,5.11862189977135,
152,98,V,1,4.44179232229737,5.4514812614937,V,2,2.85737608305918,5.01745495386459,
152,99,I,2,3.88391692192418,5.32637995012517,I,3,2.69494315907427,5.0051446366909,
152,100,I,3,4.13190650490478,5.40112686756345,I,4,3.32376549163091,5.24752431146355,
152,101,ii,4,4.23683400361267,5.22475882139959,ii,5,4.45519762733802,4.88749725251511,
,,,,,,,,,,
153,99,I,2,3.88391692192418,5.32637995012517,I,2,3.88391692192418,5.32637995012517,
153,100,I,3,4.13190650490478,5.40112686756345,I,3,4.13190650490478,5.40112686756345,
153,101,ii,4,4.23683400361267,5.22475882139959,ii,4,4.23683400361267,5.22475882139959,
153,102,ii,5,3.06588953589311,4.52442555888543,ii,5,3.06588953589311,4.52442555888543,
153,103,iio,6,7.15941585517291,4.26772416179408,iio,6,7.15941585517291,4.26772416179408,
153,104,iio,3,6.30413344716312,3.46946608206286,iv,3,6.20714783179427,3.46946608206286,0.0969856153688458
153,105,ii,2,6.87808097419861,4.2412845030594,ii,2,5.83792675686791,5.11862189977135,
153,106,ii,1,4.76314935093105,5.4514812614937,ii,2,5.23622205451993,5.01745495386459,
153,107,I,2,4.18289480761984,5.31880210447212,I,2,4.18289480761984,5.31880210447212,
153,108,I,3,3.42590871013884,5.25388889221325,I,3,3.42590871013884,5.25388889221325,
153,109,vi,4,4.3268247454022,5.12467957113559,vi,4,4.3268247454022,5.12467957113559,
,,,,,,,,,,
154,149,iii,2,5.06603227454618,4.93163048383805,iii,2,5.06603227454618,4.93163048383805,
154,150,#ivo,2,6.87878192256377,5.24698189499688,#ivo,2,6.87878192256377,5.24698189499688,
154,151,ii,1,3.38482608022132,5.00280443374801,ii,1,3.38482608022132,5.00280443374801,
154,152,ii,2,5.16713963819818,4.95104194077879,ii,2,5.16713963819818,4.95104194077879,
154,153,iio,2,6.01375065936197,5.31880210447212,iio,2,6.01375065936197,5.31880210447212,
154,154,iio,3,6.30413344716312,3.46946608206286,iv,3,6.20714783179427,3.46946608206286,0.0969856153688458
154,155,iio,2,5.63402967173239,4.2412845030594,iio,2,6.24731769300561,5.11862189977135,
154,156,V,2,3.49630902178129,4.2412845030594,V,2,0.741868953718029,3.08249416273089,
154,157,I,2,3.5499808322293,5.33715688987669,I,3,3.32779721836929,5.20485469719303,
154,158,I,3,2.93777615845489,5.22119492673301,I,4,2.01755977002869,4.84429817135247,
154,159,ii,4,3.78398748530637,5.21823057143639,ii,5,4.05427004538206,4.81259336164544,
,,,,,,,,,,
155,150,#ivo,2,6.87878192256377,5.24698189499688,#ivo,2,6.87878192256377,5.24698189499688,
155,151,ii,1,3.38482608022132,5.00280443374801,ii,1,3.38482608022132,5.00280443374801,
155,152,ii,2,5.16713963819818,4.95104194077879,ii,2,5.16713963819818,4.95104194077879,
155,153,iio,2,6.01375065936197,5.31880210447212,iio,2,6.01375065936197,5.31880210447212,
155,154,iio,3,6.30413344716312,3.46946608206286,iio,3,6.30413344716312,3.46946608206286,
155,155,iio,2,5.63402967173239,4.2412845030594,vi,2,5.53704405636354,4.2412845030594,0.0969856153688458
155,156,V,2,3.49630902178129,4.2412845030594,V,2,5.29081498966889,4.98909585150208,
155,157,I,2,3.5499808322293,5.33715688987669,I,2,3.808677182619,5.25195833849605,
155,158,I,3,2.93777615845489,5.22119492673301,I,3,3.50299006198321,5.22533511356428,
155,159,ii,4,3.78398748530637,5.21823057143639,ii,4,5.08150307701163,5.08241526596012,
155,160,ii,5,3.65986320719145,4.46174213687789,ii,4,3.40085722843034,4.89906551784532,
,,,,,,,,,,
156,150,#ivo,2,6.87878192256377,5.24698189499688,#ivo,2,6.87878192256377,5.24698189499688,
156,151,ii,1,3.38482608022132,5.00280443374801,ii,1,3.38482608022132,5.00280443374801,
156,152,ii,2,5.16713963819818,4.95104194077879,ii,2,5.16713963819818,4.95104194077879,
156,153,iio,2,6.01375065936197,5.31880210447212,iio,2,6.01375065936197,5.31880210447212,
156,154,iio,3,6.30413344716312,3.46946608206286,iio,3,6.30413344716312,3.46946608206286,
156,155,iio,2,5.63402967173239,4.2412845030594,iv,2,5.53704405636354,4.2412845030594,0.0969856153688458
156,156,V,2,3.49630902178129,4.2412845030594,V,2,2.44507061300712,5.11862189977135,
156,157,I,2,3.5499808322293,5.33715688987669,I,3,3.92881415619776,4.79098631529292,
156,158,I,3,2.93777615845489,5.22119492673301,I,3,3.83582542683394,5.38503668887654,
156,159,ii,4,3.78398748530637,5.21823057143639,ii,4,4.30740471984825,5.20753910425939,
156,160,ii,5,3.65986320719145,4.46174213687789,ii,5,3.65986320719145,4.46174213687789,
,,,,,,,,,,
157,157,I,2,3.5499808322293,5.33715688987669,I,2,3.5499808322293,5.33715688987669,
157,158,I,3,2.93777615845489,5.22119492673301,I,3,2.93777615845489,5.22119492673301,
157,159,ii,4,3.78398748530637,5.21823057143639,ii,4,3.78398748530637,5.21823057143639,
157,160,ii,5,3.65986320719145,4.46174213687789,ii,5,3.65986320719145,4.46174213687789,
157,161,iio,5,6.84055696269145,4.59295566994238,iio,5,6.84055696269145,4.59295566994238,
157,162,iio,3,6.30413344716312,3.46946608206286,iv,3,6.20714783179427,3.46946608206286,0.0969856153688458
157,163,ii,2,6.87808097419861,4.2412845030594,ii,2,5.83792675686791,5.11862189977135,
157,164,ii,1,4.76314935093105,5.4514812614937,ii,2,5.23622205451993,5.01745495386459,
157,165,I,2,4.18289480761984,5.31880210447212,I,2,4.18289480761984,5.31880210447212,
157,166,I,3,3.42590871013884,5.25388889221325,I,3,3.42590871013884,5.25388889221325,
157,167,ii,4,3.72682568680353,5.12467957113559,ii,4,3.72682568680353,5.12467957113559,
,,,,,,,,,,
158,173,I,2,4.18289480761984,5.31880210447212,I,2,4.18289480761984,5.31880210447212,
158,174,I,3,3.42590871013884,5.25388889221325,I,3,3.42590871013884,5.25388889221325,
158,175,ii,4,3.72682568680353,5.12467957113559,ii,4,3.72682568680353,5.12467957113559,
158,176,ii,5,1.48197115727432,4.02697995917804,ii,5,1.48197115727432,4.02697995917804,
158,177,iio,6,7.3169412934477,3.84827345740927,iio,6,7.3169412934477,3.84827345740927,
158,178,iio,3,6.30413344716312,3.46946608206286,iv,3,6.20714783179427,3.46946608206286,0.0969856153688458
158,179,I,2,1.44590756260574,4.2412845030594,I,2,5.20900833610813,5.11862189977135,
158,180,I,3,3.50653347100225,4.82718016834977,I,2,4.38652168317636,5.40236206183806,
158,181,I,3,4.02719472359701,5.30785230502309,I,3,4.07998619436709,5.38269916270146,
158,182,I,4,2.48746044018625,5.08886441969574,I,4,2.91185044504613,5.16117207586915,
158,183,I,5,3.06233637892673,5.08468061921287,I,5,3.09375730466322,5.07842648842719,
,,,,,,,,,,
159,46,VII,1,4.25861632513268,5.35939902495797,VII,1,4.25861632513268,5.35939902495797,
159,47,III,2,3.88333701672916,5.03192017417812,III,2,3.88333701672916,5.03192017417812,
159,48,III,3,1.55805926843592,4.37890437332967,III,3,1.55805926843592,4.37890437332967,
159,49,VI,4,5.16524734787908,4.22288012824419,VI,4,5.16524734787908,4.22288012824419,
159,50,VI,3,1.24409566218337,3.99309370604159,VI,3,1.24409566218337,3.99309370604159,
159,51,ii,4,4.95316286117299,3.88512590342859,IV,4,5.0505601705704,3.88512590342859,0.0973973093974108
159,52,ii,3,3.4145988319353,4.93429568582484,ii,3,4.91902533160174,5.08644438169982,
159,53,iv,4,5.03550034249799,4.45666491132189,iv,3,6.40176741802564,4.72843716490029,
159,54,iv,3,5.22195527872971,4.24478858687723,iv,2,4.55234953987625,5.40465982448045,
159,55,r,3,3.10988469008671,5.03353480566252,r,3,3.10988469008671,5.03353480566252,
159,56,iio,3,8.81055533616729,2.65120998784587,iio,3,8.81055533616729,2.65120998784587,
,,,,,,,,,,
160,40,V,3,3.34891899744004,4.56957897531782,V,3,3.34891899744004,4.56957897531782,
160,41,I,3,4.17552320717053,4.87555392880673,I,3,4.17552320717053,4.87555392880673,
160,42,I,3,4.13190650490478,5.40112686756345,I,3,4.13190650490478,5.40112686756345,
160,43,vi,4,4.2950134712079,5.22475882139959,vi,4,4.2950134712079,5.22475882139959,
160,44,vi,5,2.60886315194141,4.7839630126665,vi,5,2.60886315194141,4.7839630126665,
160,45,VII,6,7.37296275524069,4.6938311359179,#io,6,7.27342708168977,4.6938311359179,0.099535673550915
160,46,VII,1,4.25861632513268,5.35939902495797,VII,2,5.0152106204589,4.03580274483754,
160,47,III,2,3.88333701672916,5.03192017417812,III,2,1.5731008128154,4.46150305232926,
160,48,III,3,1.55805926843592,4.37890437332967,III,3,2.72962703084573,4.32641421299382,
160,49,VI,4,5.16524734787908,4.22288012824419,VI,3,4.81835683127684,4.87462479662082,
160,50,VI,3,1.24409566218337,3.99309370604159,VI,3,1.24409566218337,3.99309370604159,
,,,,,,,,,,
161,106,ii,1,4.76314935093105,5.4514812614937,ii,1,4.76314935093105,5.4514812614937,
161,107,I,2,4.18289480761984,5.31880210447212,I,2,4.18289480761984,5.31880210447212,
161,108,I,3,3.42590871013884,5.25388889221325,I,3,3.42590871013884,5.25388889221325,
161,109,vi,4,4.3268247454022,5.12467957113559,vi,4,4.3268247454022,5.12467957113559,
161,110,vi,5,3.12702258713118,4.84490832433922,vi,5,3.12702258713118,4.84490832433922,
161,111,VII,5,7.45227066187122,4.22416088940498,#io,5,7.35273498832031,4.22416088940498,0.099535673550915
161,112,VII,1,4.25861632513268,5.35939902495797,VII,2,5.0152106204589,4.03580274483754,
161,113,III,2,3.88333701672916,5.03192017417812,III,2,1.5731008128154,4.46150305232926,
161,114,III,3,1.55805926843592,4.37890437332967,III,3,2.72962703084573,4.32641421299382,
161,115,VI,4,5.16524734787908,4.22288012824419,VI,3,4.81835683127684,4.87462479662082,
161,116,VI,3,1.24409566218337,3.99309370604159,VI,3,1.24409566218337,3.99309370604159,
,,,,,,,,,,
162,46,VII,1,4.25861632513268,5.35939902495797,VII,1,4.25861632513268,5.35939902495797,
162,47,III,2,3.88333701672916,5.03192017417812,III,2,3.88333701672916,5.03192017417812,
162,48,III,3,1.55805926843592,4.37890437332967,III,3,1.55805926843592,4.37890437332967,
162,49,VI,4,5.16524734787908,4.22288012824419,VI,4,5.16524734787908,4.22288012824419,
162,50,VI,3,1.24409566218337,3.99309370604159,VI,3,1.24409566218337,3.99309370604159,
162,51,ii,4,4.95316286117299,3.88512590342859,VI,4,5.05277232797938,3.88512590342859,0.0996094668063909
162,52,ii,3,3.4145988319353,4.93429568582484,ii,3,4.34978978579858,4.93827234182685,
162,53,iv,4,5.03550034249799,4.45666491132189,iv,3,6.3387387659533,4.93429568582484,
162,54,iv,3,5.22195527872971,4.24478858687723,iv,2,4.55234953987625,5.40465982448045,
162,55,r,3,3.10988469008671,5.03353480566252,r,3,3.10988469008671,5.03353480566252,
162,56,iio,3,8.81055533616729,2.65120998784587,iio,3,8.81055533616729,2.65120998784587,
,,,,,,,,,,
