Comparison,Row,Orig_Symbol,Orig_Order,Orig_IC,Orig_Entropy,Swap_Symbol,Swap_Order,Swap_IC,Swap_Entropy,Distance
1,67,II,5,2.42015017592955,4.30585270572598,II,5,2.42015017592955,4.30585270572598,
1,68,V,6,3.67049674352042,4.47942807254795,V,6,3.67049674352042,4.47942807254795,
1,69,V,6,1.79871366923223,4.48942711302349,V,6,1.79871366923223,4.48942711302349,
1,70,I,7,1.28764840065061,3.69147802031321,I,7,1.28764840065061,3.69147802031321,
1,71,V,8,5.38967062010016,3.94516468834762,V,8,5.38967062010016,3.94516468834762,
1,72,-iiio,5,7.51034596057909,4.82620338330319,I+,5,7.51034596057909,4.82620338330319,0
1,73,V,1,6.34063269382523,4.60564492695877,V,1,6.24883117463247,4.94875140654636,
1,74,I,1,4.85111001427325,5.46669167487898,I,1,4.85111001427325,5.46669167487898,
1,75,I,2,4.50831832526797,5.45560639315616,I,2,4.50831832526797,5.45560639315616,
1,76,II,3,5.35166312858255,5.33372806153571,II,3,5.35166312858255,5.33372806153571,
1,77,II,4,2.50109927687876,4.53950964896362,II,4,2.50109927687876,4.53950964896362,
,,,,,,,,,,
2,67,II,5,2.42015017592955,4.30585270572598,II,5,2.42015017592955,4.30585270572598,
2,68,V,6,3.67049674352042,4.47942807254795,V,6,3.67049674352042,4.47942807254795,
2,69,V,6,1.79871366923223,4.48942711302349,V,6,1.79871366923223,4.48942711302349,
2,70,I,7,1.28764840065061,3.69147802031321,I,7,1.28764840065061,3.69147802031321,
2,71,V,8,5.38967062010016,3.94516468834762,V,8,5.38967062010016,3.94516468834762,
2,72,-iiio,5,7.51034596057909,4.82620338330319,-ii,5,7.51034596057909,4.82620338330319,0
2,73,V,1,6.34063269382523,4.60564492695877,V,1,6.20128917235165,5.10695588634522,
2,74,I,1,4.85111001427325,5.46669167487898,I,1,4.85111001427325,5.46669167487898,
2,75,I,2,4.50831832526797,5.45560639315616,I,2,4.50831832526797,5.45560639315616,
2,76,II,3,5.35166312858255,5.33372806153571,II,3,5.35166312858255,5.33372806153571,
2,77,II,4,2.50109927687876,4.53950964896362,II,4,2.50109927687876,4.53950964896362,
,,,,,,,,,,
3,67,II,5,2.42015017592955,4.30585270572598,II,5,2.42015017592955,4.30585270572598,
3,68,V,6,3.67049674352042,4.47942807254795,V,6,3.67049674352042,4.47942807254795,
3,69,V,6,1.79871366923223,4.48942711302349,V,6,1.79871366923223,4.48942711302349,
3,70,I,7,1.28764840065061,3.69147802031321,I,7,1.28764840065061,3.69147802031321,
3,71,V,8,5.38967062010016,3.94516468834762,V,8,5.38967062010016,3.94516468834762,
3,72,-iiio,5,7.51034596057909,4.82620338330319,-I,5,7.51034596057909,4.82620338330319,0
3,73,V,1,6.34063269382523,4.60564492695877,V,1,3.48947044501868,5.21969678578939,
3,74,I,1,4.85111001427325,5.46669167487898,I,2,5.08779183367437,5.13432509313412,
3,75,I,2,4.50831832526797,5.45560639315616,I,2,4.50831832526797,5.45560639315616,
3,76,II,3,5.35166312858255,5.33372806153571,II,3,5.35166312858255,5.33372806153571,
3,77,II,4,2.50109927687876,4.53950964896362,II,4,2.50109927687876,4.53950964896362,
,,,,,,,,,,
4,93,II,2,6.25220519159343,4.20638696283445,II,2,6.25220519159343,4.20638696283445,
4,94,II,2,5.25017578849455,5.15335247963165,II,2,5.25017578849455,5.15335247963165,
4,95,II,2,4.27206649068865,5.36229620203241,II,2,4.27206649068865,5.36229620203241,
4,96,II,3,3.17486076771381,4.96071111023253,II,3,3.17486076771381,4.96071111023253,
4,97,V,4,2.79972999839416,4.6548198985224,V,4,2.79972999839416,4.6548198985224,
4,98,-iiio,5,7.62688975772938,4.55666991419108,I+,5,7.62688975772938,4.55666991419108,0
4,99,V,1,6.34063269382523,4.60564492695877,V,1,6.24883117463247,4.94875140654636,
4,100,I,1,4.85111001427325,5.46669167487898,I,1,4.85111001427325,5.46669167487898,
4,101,I,2,4.50831832526797,5.45560639315616,I,2,4.50831832526797,5.45560639315616,
4,102,II,3,5.35166312858255,5.33372806153571,II,3,5.35166312858255,5.33372806153571,
4,103,II,4,2.50109927687876,4.53950964896362,II,4,2.50109927687876,4.53950964896362,
,,,,,,,,,,
5,93,II,2,6.25220519159343,4.20638696283445,II,2,6.25220519159343,4.20638696283445,
5,94,II,2,5.25017578849455,5.15335247963165,II,2,5.25017578849455,5.15335247963165,
5,95,II,2,4.27206649068865,5.36229620203241,II,2,4.27206649068865,5.36229620203241,
5,96,II,3,3.17486076771381,4.96071111023253,II,3,3.17486076771381,4.96071111023253,
5,97,V,4,2.79972999839416,4.6548198985224,V,4,2.79972999839416,4.6548198985224,
5,98,-iiio,5,7.62688975772938,4.55666991419108,-ii,5,7.62688975772938,4.55666991419108,0
5,99,V,1,6.34063269382523,4.60564492695877,V,1,6.20128917235165,5.10695588634522,
5,100,I,1,4.85111001427325,5.46669167487898,I,1,4.85111001427325,5.46669167487898,
5,101,I,2,4.50831832526797,5.45560639315616,I,2,4.50831832526797,5.45560639315616,
5,102,II,3,5.35166312858255,5.33372806153571,II,3,5.35166312858255,5.33372806153571,
5,103,II,4,2.50109927687876,4.53950964896362,II,4,2.50109927687876,4.53950964896362,
,,,,,,,,,,
6,93,II,2,6.25220519159343,4.20638696283445,II,2,6.25220519159343,4.20638696283445,
6,94,II,2,5.25017578849455,5.15335247963165,II,2,5.25017578849455,5.15335247963165,
6,95,II,2,4.27206649068865,5.36229620203241,II,2,4.27206649068865,5.36229620203241,
6,96,II,3,3.17486076771381,4.96071111023253,II,3,3.17486076771381,4.96071111023253,
6,97,V,4,2.79972999839416,4.6548198985224,V,4,2.79972999839416,4.6548198985224,
6,98,-iiio,5,7.62688975772938,4.55666991419108,-I,5,7.62688975772938,4.55666991419108,0
6,99,V,1,6.34063269382523,4.60564492695877,V,1,3.48947044501868,5.21969678578939,
6,100,I,1,4.85111001427325,5.46669167487898,I,2,5.08779183367437,5.13432509313412,
6,101,I,2,4.50831832526797,5.45560639315616,I,2,4.50831832526797,5.45560639315616,
6,102,II,3,5.35166312858255,5.33372806153571,II,3,5.35166312858255,5.33372806153571,
6,103,II,4,2.50109927687876,4.53950964896362,II,4,2.50109927687876,4.53950964896362,
,,,,,,,,,,
7,36,II,4,3.47401632994702,4.61669569934493,II,4,3.47401632994702,4.61669569934493,
7,37,II,4,2.63842405699175,4.6548198985224,II,4,2.63842405699175,4.6548198985224,
7,38,II,5,1.73031276830698,4.08118604207193,II,5,1.73031276830698,4.08118604207193,
7,39,V,6,3.19349562074937,4.11040772307328,V,6,3.19349562074937,4.11040772307328,
7,40,I,5,3.18337347018043,4.55666991419108,I,5,3.18337347018043,4.55666991419108,
7,41,-iiio,5,6.06403433670259,5.29448771668017,vii,5,6.07224344485981,5.29448771668017,0.00820910815722442
7,42,V,2,8.89738007050441,1.17138347879739,V,4,4.68655142744145,2.84507320904657,
7,43,I,1,4.85111001427325,5.46669167487898,I,3,5.3949069614059,4.72235364990202,
7,44,I,2,4.50831832526797,5.45560639315616,I,2,4.50831832526797,5.45560639315616,
7,45,II,3,5.35166312858255,5.33372806153571,II,3,5.35166312858255,5.33372806153571,
7,46,II,4,2.50109927687876,4.53950964896362,II,4,2.50109927687876,4.53950964896362,
,,,,,,,,,,
8,89,vi,3,2.45857368711708,4.8364567179594,vi,3,2.45857368711708,4.8364567179594,
8,90,II,4,3.04361439473839,4.91800757034399,II,4,3.04361439473839,4.91800757034399,
8,91,ii,5,4.94497813314987,3.85370621382067,ii,5,4.94497813314987,3.85370621382067,
8,92,-II,4,7.27286570050427,3.73112419416509,-II,4,7.27286570050427,3.73112419416509,
8,93,II,2,6.25220519159343,4.20638696283445,II,2,6.25220519159343,4.20638696283445,
8,94,II,2,5.25017578849455,5.15335247963165,IV,2,5.2588602092456,5.15335247963165,0.00868442075104969
8,95,II,2,4.27206649068865,5.36229620203241,II,2,4.90606195237914,5.27763904110343,
8,96,II,3,3.17486076771381,4.96071111023253,II,3,4.71264721904433,4.79588016548553,
8,97,V,4,2.79972999839416,4.6548198985224,V,3,3.25437359300459,5.13404660005967,
8,98,-iiio,5,7.62688975772938,4.55666991419108,-iiio,4,7.40301862688823,4.79201873629611,
8,99,V,1,6.34063269382523,4.60564492695877,V,1,6.34063269382523,4.60564492695877,
,,,,,,,,,,
9,3,I,2,1.89936881368779,3.69412414818343,I,2,1.89936881368779,3.69412414818343,
9,4,-iiio,3,7.18206666169357,4.57623134560183,-iiio,3,7.18206666169357,4.57623134560183,
9,5,V,2,8.89738007050441,1.17138347879739,V,2,8.89738007050441,1.17138347879739,
9,6,I,1,4.85111001427325,5.46669167487898,I,1,4.85111001427325,5.46669167487898,
9,7,I,2,4.50831832526797,5.45560639315616,I,2,4.50831832526797,5.45560639315616,
9,8,II,3,5.35166312858255,5.33372806153571,i,3,5.36324097537108,5.33372806153571,0.0115778467885317
9,9,II,4,2.50109927687876,4.53950964896362,II,4,6.85296183552801,4.64125423387957,
9,10,V,5,3.43999352075838,4.84748406551075,V,2,2.46930287642859,4.99937287189347,
9,11,V,6,1.79871366923223,4.48942711302349,V,3,4.31448016901074,4.61689389704449,
9,12,V,7,3.67276985370792,3.69147802031321,V,3,3.19922209545213,5.00274493746863,
9,13,I,5,3.89019524870925,4.60987050256076,I,4,3.60749035810328,4.98931318138572,
,,,,,,,,,,
10,14,I,5,3.29218874242061,5.11630123681393,I,5,3.29218874242061,5.11630123681393,
10,15,-iiio,6,7.36302579152234,4.81072816038344,-iiio,6,7.36302579152234,4.81072816038344,
10,16,V,2,7.40087943628218,2.72492290919709,V,2,7.40087943628218,2.72492290919709,
10,17,I,1,4.85111001427325,5.46669167487898,I,1,4.85111001427325,5.46669167487898,
10,18,I,2,4.50831832526797,5.45560639315616,I,2,4.50831832526797,5.45560639315616,
10,19,II,3,5.35166312858255,5.33372806153571,i,3,5.36324097537108,5.33372806153571,0.0115778467885317
10,20,II,4,2.50109927687876,4.53950964896362,II,4,6.85296183552801,4.64125423387957,
10,21,V,5,3.43999352075838,4.84748406551075,V,2,2.46930287642859,4.99937287189347,
10,22,V,6,1.79871366923223,4.48942711302349,V,3,4.31448016901074,4.61689389704449,
10,23,I,7,1.28764840065061,3.69147802031321,I,3,3.20818701802479,5.00274493746863,
10,24,I,8,2.55206925035243,3.94516468834762,I,4,3.29200983611436,5.14037702869324,
,,,,,,,,,,
11,51,I,5,3.29218874242061,5.11630123681393,I,5,3.29218874242061,5.11630123681393,
11,52,-iiio,6,7.36302579152234,4.81072816038344,-iiio,6,7.36302579152234,4.81072816038344,
11,53,V,2,7.40087943628218,2.72492290919709,V,2,7.40087943628218,2.72492290919709,
11,54,I,1,4.85111001427325,5.46669167487898,I,1,4.85111001427325,5.46669167487898,
11,55,I,2,4.50831832526797,5.45560639315616,I,2,4.50831832526797,5.45560639315616,
11,56,II,3,5.35166312858255,5.33372806153571,i,3,5.36324097537108,5.33372806153571,0.0115778467885317
11,57,II,4,2.50109927687876,4.53950964896362,II,4,6.85296183552801,4.64125423387957,
11,58,V,5,3.43999352075838,4.84748406551075,V,2,2.46930287642859,4.99937287189347,
11,59,V,6,1.79871366923223,4.48942711302349,V,3,4.31448016901074,4.61689389704449,
11,60,I,7,1.28764840065061,3.69147802031321,I,3,3.20818701802479,5.00274493746863,
11,61,-VI,8,6.49632660755585,3.94516468834762,-VI,4,5.60049989333346,5.14037702869324,
,,,,,,,,,,
12,71,V,8,5.38967062010016,3.94516468834762,V,8,5.38967062010016,3.94516468834762,
12,72,-iiio,5,7.51034596057909,4.82620338330319,-iiio,5,7.51034596057909,4.82620338330319,
12,73,V,1,6.34063269382523,4.60564492695877,V,1,6.34063269382523,4.60564492695877,
12,74,I,1,4.85111001427325,5.46669167487898,I,1,4.85111001427325,5.46669167487898,
12,75,I,2,4.50831832526797,5.45560639315616,I,2,4.50831832526797,5.45560639315616,
12,76,II,3,5.35166312858255,5.33372806153571,i,3,5.36324097537108,5.33372806153571,0.0115778467885317
12,77,II,4,2.50109927687876,4.53950964896362,II,4,6.85296183552801,4.64125423387957,
12,78,V,5,3.43999352075838,4.84748406551075,V,2,2.46930287642859,4.99937287189347,
12,79,V,6,1.79871366923223,4.48942711302349,V,3,4.31448016901074,4.61689389704449,
12,80,I,7,1.28764840065061,3.69147802031321,I,3,3.20818701802479,5.00274493746863,
12,81,I,8,2.55206925035243,3.94516468834762,I,4,3.29200983611436,5.14037702869324,
,,,,,,,,,,
13,97,V,4,2.79972999839416,4.6548198985224,V,4,2.79972999839416,4.6548198985224,
13,98,-iiio,5,7.62688975772938,4.55666991419108,-iiio,5,7.62688975772938,4.55666991419108,
13,99,V,1,6.34063269382523,4.60564492695877,V,1,6.34063269382523,4.60564492695877,
13,100,I,1,4.85111001427325,5.46669167487898,I,1,4.85111001427325,5.46669167487898,
13,101,I,2,4.50831832526797,5.45560639315616,I,2,4.50831832526797,5.45560639315616,
13,102,II,3,5.35166312858255,5.33372806153571,i,3,5.36324097537108,5.33372806153571,0.0115778467885317
13,103,II,4,2.50109927687876,4.53950964896362,II,4,6.85296183552801,4.64125423387957,
13,104,V,5,3.43999352075838,4.84748406551075,V,2,2.46930287642859,4.99937287189347,
13,105,V,6,1.79871366923223,4.48942711302349,V,3,4.31448016901074,4.61689389704449,
13,106,I,7,1.28764840065061,3.69147802031321,I,3,3.20818701802479,5.00274493746863,
13,107,V,8,5.38967062010016,3.94516468834762,V,4,4.49384390587778,5.14037702869324,
,,,,,,,,,,
14,107,V,8,5.38967062010016,3.94516468834762,V,8,5.38967062010016,3.94516468834762,
14,108,-iiio,5,7.51034596057909,4.82620338330319,-iiio,5,7.51034596057909,4.82620338330319,
14,109,V,1,6.34063269382523,4.60564492695877,V,1,6.34063269382523,4.60564492695877,
14,110,I,1,4.85111001427325,5.46669167487898,I,1,4.85111001427325,5.46669167487898,
14,111,I,2,4.50831832526797,5.45560639315616,I,2,4.50831832526797,5.45560639315616,
14,112,II,3,5.35166312858255,5.33372806153571,i,3,5.36324097537108,5.33372806153571,0.0115778467885317
14,113,II,4,2.50109927687876,4.53950964896362,II,4,6.85296183552801,4.64125423387957,
14,114,II,5,4.29344220892282,4.84748406551075,II,2,5.37612131744254,4.99937287189347,
14,115,V,4,3.41314358478485,4.43767315887628,V,2,4.05597779219038,5.36229620203241,
14,116,I,4,2.94669963624473,4.84925713979246,I,3,3.81473511420434,5.17055335320006,
14,117,I,5,3.54096812534499,5.29448771668017,I,4,3.12833655834217,5.23312313221015,
,,,,,,,,,,
15,85,III,3,2.29573139403677,4.74284767392403,III,3,2.29573139403677,4.74284767392403,
15,86,III,4,2.29573139403677,4.74284767392403,III,4,2.29573139403677,4.74284767392403,
15,87,III,5,2.8723844788792,4.92702507456443,III,5,2.8723844788792,4.92702507456443,
15,88,vi,6,4.39114394169607,4.38877938791767,vi,6,4.39114394169607,4.38877938791767,
15,89,vi,3,2.45857368711708,4.8364567179594,vi,3,2.45857368711708,4.8364567179594,
15,90,II,4,3.04361439473839,4.91800757034399,vi,4,3.06083413580631,4.91800757034399,0.0172197410679185
15,91,ii,5,4.94497813314987,3.85370621382067,ii,5,5.36190077937028,4.12058061470963,
15,92,-II,4,7.27286570050427,3.73112419416509,-II,4,7.13708775466549,4.50942701103522,
15,93,II,2,6.25220519159343,4.20638696283445,II,2,6.25220519159343,4.20638696283445,
15,94,II,2,5.25017578849455,5.15335247963165,II,2,5.25017578849455,5.15335247963165,
15,95,II,2,4.27206649068865,5.36229620203241,II,2,4.27206649068865,5.36229620203241,
,,,,,,,,,,
16,56,II,3,5.35166312858255,5.33372806153571,II,3,5.35166312858255,5.33372806153571,
16,57,II,4,2.50109927687876,4.53950964896362,II,4,2.50109927687876,4.53950964896362,
16,58,V,5,3.43999352075838,4.84748406551075,V,5,3.43999352075838,4.84748406551075,
16,59,V,6,1.79871366923223,4.48942711302349,V,6,1.79871366923223,4.48942711302349,
16,60,I,7,1.28764840065061,3.69147802031321,I,7,1.28764840065061,3.69147802031321,
16,61,-VI,8,6.49632660755585,3.94516468834762,III,8,6.47693645086635,3.94516468834762,0.0193901566894992
16,62,II,4,7.33625567392925,4.59191839779997,II,4,7.39600005553433,3.64803554830922,
16,63,V,1,4.47228090380525,5.43976809741605,V,2,4.75471741314643,5.1453644529119,
16,64,I,2,3.94183919622624,5.30602271708722,I,2,3.94183919622624,5.30602271708722,
16,65,I,3,4.07024641567714,5.40564601235263,I,3,4.07024641567714,5.40564601235263,
16,66,II,4,4.54634179394962,5.1485067034944,II,4,4.54634179394962,5.1485067034944,
,,,,,,,,,,
17,3,I,2,1.89936881368779,3.69412414818343,I,2,1.89936881368779,3.69412414818343,
17,4,-iiio,3,7.18206666169357,4.57623134560183,-iiio,3,7.18206666169357,4.57623134560183,
17,5,V,2,8.89738007050441,1.17138347879739,V,2,8.89738007050441,1.17138347879739,
17,6,I,1,4.85111001427325,5.46669167487898,I,1,4.85111001427325,5.46669167487898,
17,7,I,2,4.50831832526797,5.45560639315616,I,2,4.50831832526797,5.45560639315616,
17,8,II,3,5.35166312858255,5.33372806153571,-III,3,5.37260053290066,5.33372806153571,0.0209374043181123
17,9,II,4,2.50109927687876,4.53950964896362,II,4,5.69171182358357,5.05213499981641,
17,10,V,5,3.43999352075838,4.84748406551075,V,3,4.08107315471864,4.09401593989471,
17,11,V,6,1.79871366923223,4.48942711302349,V,3,3.15014106689085,5.06642297760345,
17,12,V,7,3.67276985370792,3.69147802031321,V,4,1.73227220080591,4.41729603116812,
17,13,I,5,3.89019524870925,4.60987050256076,I,5,3.81842187250273,4.62040151710678,
,,,,,,,,,,
18,14,I,5,3.29218874242061,5.11630123681393,I,5,3.29218874242061,5.11630123681393,
18,15,-iiio,6,7.36302579152234,4.81072816038344,-iiio,6,7.36302579152234,4.81072816038344,
18,16,V,2,7.40087943628218,2.72492290919709,V,2,7.40087943628218,2.72492290919709,
18,17,I,1,4.85111001427325,5.46669167487898,I,1,4.85111001427325,5.46669167487898,
18,18,I,2,4.50831832526797,5.45560639315616,I,2,4.50831832526797,5.45560639315616,
18,19,II,3,5.35166312858255,5.33372806153571,-III,3,5.37260053290066,5.33372806153571,0.0209374043181123
18,20,II,4,2.50109927687876,4.53950964896362,II,4,5.69171182358357,5.05213499981641,
18,21,V,5,3.43999352075838,4.84748406551075,V,3,4.08107315471864,4.09401593989471,
18,22,V,6,1.79871366923223,4.48942711302349,V,3,3.15014106689085,5.06642297760345,
18,23,I,7,1.28764840065061,3.69147802031321,I,4,3.55847198342635,4.41729603116812,
18,24,I,8,2.55206925035243,3.94516468834762,I,4,3.29200983611436,5.14037702869324,
,,,,,,,,,,
19,51,I,5,3.29218874242061,5.11630123681393,I,5,3.29218874242061,5.11630123681393,
19,52,-iiio,6,7.36302579152234,4.81072816038344,-iiio,6,7.36302579152234,4.81072816038344,
19,53,V,2,7.40087943628218,2.72492290919709,V,2,7.40087943628218,2.72492290919709,
19,54,I,1,4.85111001427325,5.46669167487898,I,1,4.85111001427325,5.46669167487898,
19,55,I,2,4.50831832526797,5.45560639315616,I,2,4.50831832526797,5.45560639315616,
19,56,II,3,5.35166312858255,5.33372806153571,-III,3,5.37260053290066,5.33372806153571,0.0209374043181123
19,57,II,4,2.50109927687876,4.53950964896362,II,4,5.69171182358357,5.05213499981641,
19,58,V,5,3.43999352075838,4.84748406551075,V,3,4.08107315471864,4.09401593989471,
19,59,V,6,1.79871366923223,4.48942711302349,V,3,3.15014106689085,5.06642297760345,
19,60,I,7,1.28764840065061,3.69147802031321,I,4,3.55847198342635,4.41729603116812,
19,61,-VI,8,6.49632660755585,3.94516468834762,-VI,4,5.60049989333346,5.14037702869324,
,,,,,,,,,,
20,71,V,8,5.38967062010016,3.94516468834762,V,8,5.38967062010016,3.94516468834762,
20,72,-iiio,5,7.51034596057909,4.82620338330319,-iiio,5,7.51034596057909,4.82620338330319,
20,73,V,1,6.34063269382523,4.60564492695877,V,1,6.34063269382523,4.60564492695877,
20,74,I,1,4.85111001427325,5.46669167487898,I,1,4.85111001427325,5.46669167487898,
20,75,I,2,4.50831832526797,5.45560639315616,I,2,4.50831832526797,5.45560639315616,
20,76,II,3,5.35166312858255,5.33372806153571,-III,3,5.37260053290066,5.33372806153571,0.0209374043181123
20,77,II,4,2.50109927687876,4.53950964896362,II,4,5.69171182358357,5.05213499981641,
20,78,V,5,3.43999352075838,4.84748406551075,V,3,4.08107315471864,4.09401593989471,
20,79,V,6,1.79871366923223,4.48942711302349,V,3,3.15014106689085,5.06642297760345,
20,80,I,7,1.28764840065061,3.69147802031321,I,4,3.55847198342635,4.41729603116812,
20,81,I,8,2.55206925035243,3.94516468834762,I,4,3.29200983611436,5.14037702869324,
,,,,,,,,,,
21,97,V,4,2.79972999839416,4.6548198985224,V,4,2.79972999839416,4.6548198985224,
21,98,-iiio,5,7.62688975772938,4.55666991419108,-iiio,5,7.62688975772938,4.55666991419108,
21,99,V,1,6.34063269382523,4.60564492695877,V,1,6.34063269382523,4.60564492695877,
21,100,I,1,4.85111001427325,5.46669167487898,I,1,4.85111001427325,5.46669167487898,
21,101,I,2,4.50831832526797,5.45560639315616,I,2,4.50831832526797,5.45560639315616,
21,102,II,3,5.35166312858255,5.33372806153571,-III,3,5.37260053290066,5.33372806153571,0.0209374043181123
21,103,II,4,2.50109927687876,4.53950964896362,II,4,5.69171182358357,5.05213499981641,
21,104,V,5,3.43999352075838,4.84748406551075,V,3,4.08107315471864,4.09401593989471,
21,105,V,6,1.79871366923223,4.48942711302349,V,3,3.15014106689085,5.06642297760345,
21,106,I,7,1.28764840065061,3.69147802031321,I,4,3.55847198342635,4.41729603116812,
21,107,V,8,5.38967062010016,3.94516468834762,V,4,4.49384390587778,5.14037702869324,
,,,,,,,,,,
22,107,V,8,5.38967062010016,3.94516468834762,V,8,5.38967062010016,3.94516468834762,
22,108,-iiio,5,7.51034596057909,4.82620338330319,-iiio,5,7.51034596057909,4.82620338330319,
22,109,V,1,6.34063269382523,4.60564492695877,V,1,6.34063269382523,4.60564492695877,
22,110,I,1,4.85111001427325,5.46669167487898,I,1,4.85111001427325,5.46669167487898,
22,111,I,2,4.50831832526797,5.45560639315616,I,2,4.50831832526797,5.45560639315616,
22,112,II,3,5.35166312858255,5.33372806153571,-III,3,5.37260053290066,5.33372806153571,0.0209374043181123
22,113,II,4,2.50109927687876,4.53950964896362,II,4,5.69171182358357,5.05213499981641,
22,114,II,5,4.29344220892282,4.84748406551075,II,3,5.9253976242333,4.09401593989471,
22,115,V,4,3.41314358478485,4.43767315887628,V,2,4.05597779219038,5.36229620203241,
22,116,I,4,2.94669963624473,4.84925713979246,I,3,3.81473511420434,5.17055335320006,
22,117,I,5,3.54096812534499,5.29448771668017,I,4,3.12833655834217,5.23312313221015,
,,,,,,,,,,
23,93,II,2,6.25220519159343,4.20638696283445,II,2,6.25220519159343,4.20638696283445,
23,94,II,2,5.25017578849455,5.15335247963165,II,2,5.25017578849455,5.15335247963165,
23,95,II,2,4.27206649068865,5.36229620203241,II,2,4.27206649068865,5.36229620203241,
23,96,II,3,3.17486076771381,4.96071111023253,II,3,3.17486076771381,4.96071111023253,
23,97,V,4,2.79972999839416,4.6548198985224,V,4,2.79972999839416,4.6548198985224,
23,98,-iiio,5,7.62688975772938,4.55666991419108,#iio,5,7.65073649968374,4.55666991419108,0.0238467419543671
23,99,V,1,6.34063269382523,4.60564492695877,V,1,6.05778349658563,5.11950243326049,
23,100,I,1,4.85111001427325,5.46669167487898,I,1,4.85111001427325,5.46669167487898,
23,101,I,2,4.50831832526797,5.45560639315616,I,2,4.50831832526797,5.45560639315616,
23,102,II,3,5.35166312858255,5.33372806153571,II,3,5.35166312858255,5.33372806153571,
23,103,II,4,2.50109927687876,4.53950964896362,II,4,2.50109927687876,4.53950964896362,
,,,,,,,,,,
24,93,II,2,6.25220519159343,4.20638696283445,II,2,6.25220519159343,4.20638696283445,
24,94,II,2,5.25017578849455,5.15335247963165,II,2,5.25017578849455,5.15335247963165,
24,95,II,2,4.27206649068865,5.36229620203241,II,2,4.27206649068865,5.36229620203241,
24,96,II,3,3.17486076771381,4.96071111023253,II,3,3.17486076771381,4.96071111023253,
24,97,V,4,2.79972999839416,4.6548198985224,V,4,2.79972999839416,4.6548198985224,
24,98,-iiio,5,7.62688975772938,4.55666991419108,-II+,5,7.65073649968374,4.55666991419108,0.0238467419543671
24,99,V,1,6.34063269382523,4.60564492695877,V,1,6.05897295583422,5.12130679519223,
24,100,I,1,4.85111001427325,5.46669167487898,I,1,4.85111001427325,5.46669167487898,
24,101,I,2,4.50831832526797,5.45560639315616,I,2,4.50831832526797,5.45560639315616,
24,102,II,3,5.35166312858255,5.33372806153571,II,3,5.35166312858255,5.33372806153571,
24,103,II,4,2.50109927687876,4.53950964896362,II,4,2.50109927687876,4.53950964896362,
,,,,,,,,,,
25,93,II,2,6.25220519159343,4.20638696283445,II,2,6.25220519159343,4.20638696283445,
25,94,II,2,5.25017578849455,5.15335247963165,II,2,5.25017578849455,5.15335247963165,
25,95,II,2,4.27206649068865,5.36229620203241,II,2,4.27206649068865,5.36229620203241,
25,96,II,3,3.17486076771381,4.96071111023253,II,3,3.17486076771381,4.96071111023253,
25,97,V,4,2.79972999839416,4.6548198985224,V,4,2.79972999839416,4.6548198985224,
25,98,-iiio,5,7.62688975772938,4.55666991419108,#II,5,7.65073649968374,4.55666991419108,0.0238467419543671
25,99,V,1,6.34063269382523,4.60564492695877,V,1,6.0634839783159,5.12450834522819,
25,100,I,1,4.85111001427325,5.46669167487898,I,1,4.85111001427325,5.46669167487898,
25,101,I,2,4.50831832526797,5.45560639315616,I,2,4.50831832526797,5.45560639315616,
25,102,II,3,5.35166312858255,5.33372806153571,II,3,5.35166312858255,5.33372806153571,
25,103,II,4,2.50109927687876,4.53950964896362,II,4,2.50109927687876,4.53950964896362,
,,,,,,,,,,
26,93,II,2,6.25220519159343,4.20638696283445,II,2,6.25220519159343,4.20638696283445,
26,94,II,2,5.25017578849455,5.15335247963165,II,2,5.25017578849455,5.15335247963165,
26,95,II,2,4.27206649068865,5.36229620203241,II,2,4.27206649068865,5.36229620203241,
26,96,II,3,3.17486076771381,4.96071111023253,II,3,3.17486076771381,4.96071111023253,
26,97,V,4,2.79972999839416,4.6548198985224,V,4,2.79972999839416,4.6548198985224,
26,98,-iiio,5,7.62688975772938,4.55666991419108,-iio,5,7.65073649968374,4.55666991419108,0.0238467419543671
26,99,V,1,6.34063269382523,4.60564492695877,V,1,6.04751346120263,5.21422315063554,
26,100,I,1,4.85111001427325,5.46669167487898,I,1,4.85111001427325,5.46669167487898,
26,101,I,2,4.50831832526797,5.45560639315616,I,2,4.50831832526797,5.45560639315616,
26,102,II,3,5.35166312858255,5.33372806153571,II,3,5.35166312858255,5.33372806153571,
26,103,II,4,2.50109927687876,4.53950964896362,II,4,2.50109927687876,4.53950964896362,
,,,,,,,,,,
27,93,II,2,6.25220519159343,4.20638696283445,II,2,6.25220519159343,4.20638696283445,
27,94,II,2,5.25017578849455,5.15335247963165,II,2,5.25017578849455,5.15335247963165,
27,95,II,2,4.27206649068865,5.36229620203241,II,2,4.27206649068865,5.36229620203241,
27,96,II,3,3.17486076771381,4.96071111023253,II,3,3.17486076771381,4.96071111023253,
27,97,V,4,2.79972999839416,4.6548198985224,V,4,2.79972999839416,4.6548198985224,
27,98,-iiio,5,7.62688975772938,4.55666991419108,io,5,7.65073649968374,4.55666991419108,0.0238467419543671
27,99,V,1,6.34063269382523,4.60564492695877,V,1,3.59965318786665,5.07109374143948,
27,100,I,1,4.85111001427325,5.46669167487898,I,2,2.45610783468158,5.13186895237447,
27,101,I,2,4.50831832526797,5.45560639315616,I,3,3.45257043746451,5.30569211926705,
27,102,II,3,5.35166312858255,5.33372806153571,II,4,5.57491425786014,5.01945455018335,
27,103,II,4,2.50109927687876,4.53950964896362,II,4,2.50109927687876,4.53950964896362,
,,,,,,,,,,
28,93,II,2,6.25220519159343,4.20638696283445,II,2,6.25220519159343,4.20638696283445,
28,94,II,2,5.25017578849455,5.15335247963165,II,2,5.25017578849455,5.15335247963165,
28,95,II,2,4.27206649068865,5.36229620203241,II,2,4.27206649068865,5.36229620203241,
28,96,II,3,3.17486076771381,4.96071111023253,II,3,3.17486076771381,4.96071111023253,
28,97,V,4,2.79972999839416,4.6548198985224,V,4,2.79972999839416,4.6548198985224,
28,98,-iiio,5,7.62688975772938,4.55666991419108,III+,5,7.65073649968374,4.55666991419108,0.0238467419543671
28,99,V,1,6.34063269382523,4.60564492695877,V,1,6.35697187122475,4.33302213346804,
28,100,I,1,4.85111001427325,5.46669167487898,I,1,4.85111001427325,5.46669167487898,
28,101,I,2,4.50831832526797,5.45560639315616,I,2,4.50831832526797,5.45560639315616,
28,102,II,3,5.35166312858255,5.33372806153571,II,3,5.35166312858255,5.33372806153571,
28,103,II,4,2.50109927687876,4.53950964896362,II,4,2.50109927687876,4.53950964896362,
,,,,,,,,,,
29,93,II,2,6.25220519159343,4.20638696283445,II,2,6.25220519159343,4.20638696283445,
29,94,II,2,5.25017578849455,5.15335247963165,II,2,5.25017578849455,5.15335247963165,
29,95,II,2,4.27206649068865,5.36229620203241,II,2,4.27206649068865,5.36229620203241,
29,96,II,3,3.17486076771381,4.96071111023253,II,3,3.17486076771381,4.96071111023253,
29,97,V,4,2.79972999839416,4.6548198985224,V,4,2.79972999839416,4.6548198985224,
29,98,-iiio,5,7.62688975772938,4.55666991419108,-i,5,7.65073649968374,4.55666991419108,0.0238467419543671
29,99,V,1,6.34063269382523,4.60564492695877,V,1,6.06087405318181,5.12254345223483,
29,100,I,1,4.85111001427325,5.46669167487898,I,1,4.85111001427325,5.46669167487898,
29,101,I,2,4.50831832526797,5.45560639315616,I,2,4.50831832526797,5.45560639315616,
29,102,II,3,5.35166312858255,5.33372806153571,II,3,5.35166312858255,5.33372806153571,
29,103,II,4,2.50109927687876,4.53950964896362,II,4,2.50109927687876,4.53950964896362,
,,,,,,,,,,
30,67,II,5,2.42015017592955,4.30585270572598,II,5,2.42015017592955,4.30585270572598,
30,68,V,6,3.67049674352042,4.47942807254795,V,6,3.67049674352042,4.47942807254795,
30,69,V,6,1.79871366923223,4.48942711302349,V,6,1.79871366923223,4.48942711302349,
30,70,I,7,1.28764840065061,3.69147802031321,I,7,1.28764840065061,3.69147802031321,
30,71,V,8,5.38967062010016,3.94516468834762,V,8,5.38967062010016,3.94516468834762,
30,72,-iiio,5,7.51034596057909,4.82620338330319,#iio,5,7.53419270253346,4.82620338330319,0.023846741954368
30,73,V,1,6.34063269382523,4.60564492695877,V,1,6.05778349658563,5.11950243326049,
30,74,I,1,4.85111001427325,5.46669167487898,I,1,4.85111001427325,5.46669167487898,
30,75,I,2,4.50831832526797,5.45560639315616,I,2,4.50831832526797,5.45560639315616,
30,76,II,3,5.35166312858255,5.33372806153571,II,3,5.35166312858255,5.33372806153571,
30,77,II,4,2.50109927687876,4.53950964896362,II,4,2.50109927687876,4.53950964896362,
,,,,,,,,,,
31,67,II,5,2.42015017592955,4.30585270572598,II,5,2.42015017592955,4.30585270572598,
31,68,V,6,3.67049674352042,4.47942807254795,V,6,3.67049674352042,4.47942807254795,
31,69,V,6,1.79871366923223,4.48942711302349,V,6,1.79871366923223,4.48942711302349,
31,70,I,7,1.28764840065061,3.69147802031321,I,7,1.28764840065061,3.69147802031321,
31,71,V,8,5.38967062010016,3.94516468834762,V,8,5.38967062010016,3.94516468834762,
31,72,-iiio,5,7.51034596057909,4.82620338330319,-II+,5,7.53419270253346,4.82620338330319,0.023846741954368
31,73,V,1,6.34063269382523,4.60564492695877,V,1,6.05897295583422,5.12130679519223,
31,74,I,1,4.85111001427325,5.46669167487898,I,1,4.85111001427325,5.46669167487898,
31,75,I,2,4.50831832526797,5.45560639315616,I,2,4.50831832526797,5.45560639315616,
31,76,II,3,5.35166312858255,5.33372806153571,II,3,5.35166312858255,5.33372806153571,
31,77,II,4,2.50109927687876,4.53950964896362,II,4,2.50109927687876,4.53950964896362,
,,,,,,,,,,
32,67,II,5,2.42015017592955,4.30585270572598,II,5,2.42015017592955,4.30585270572598,
32,68,V,6,3.67049674352042,4.47942807254795,V,6,3.67049674352042,4.47942807254795,
32,69,V,6,1.79871366923223,4.48942711302349,V,6,1.79871366923223,4.48942711302349,
32,70,I,7,1.28764840065061,3.69147802031321,I,7,1.28764840065061,3.69147802031321,
32,71,V,8,5.38967062010016,3.94516468834762,V,8,5.38967062010016,3.94516468834762,
32,72,-iiio,5,7.51034596057909,4.82620338330319,#II,5,7.53419270253346,4.82620338330319,0.023846741954368
32,73,V,1,6.34063269382523,4.60564492695877,V,1,6.0634839783159,5.12450834522819,
32,74,I,1,4.85111001427325,5.46669167487898,I,1,4.85111001427325,5.46669167487898,
32,75,I,2,4.50831832526797,5.45560639315616,I,2,4.50831832526797,5.45560639315616,
32,76,II,3,5.35166312858255,5.33372806153571,II,3,5.35166312858255,5.33372806153571,
32,77,II,4,2.50109927687876,4.53950964896362,II,4,2.50109927687876,4.53950964896362,
,,,,,,,,,,
33,67,II,5,2.42015017592955,4.30585270572598,II,5,2.42015017592955,4.30585270572598,
33,68,V,6,3.67049674352042,4.47942807254795,V,6,3.67049674352042,4.47942807254795,
33,69,V,6,1.79871366923223,4.48942711302349,V,6,1.79871366923223,4.48942711302349,
33,70,I,7,1.28764840065061,3.69147802031321,I,7,1.28764840065061,3.69147802031321,
33,71,V,8,5.38967062010016,3.94516468834762,V,8,5.38967062010016,3.94516468834762,
33,72,-iiio,5,7.51034596057909,4.82620338330319,-iio,5,7.53419270253346,4.82620338330319,0.023846741954368
33,73,V,1,6.34063269382523,4.60564492695877,V,1,6.04751346120263,5.21422315063554,
33,74,I,1,4.85111001427325,5.46669167487898,I,1,4.85111001427325,5.46669167487898,
33,75,I,2,4.50831832526797,5.45560639315616,I,2,4.50831832526797,5.45560639315616,
33,76,II,3,5.35166312858255,5.33372806153571,II,3,5.35166312858255,5.33372806153571,
33,77,II,4,2.50109927687876,4.53950964896362,II,4,2.50109927687876,4.53950964896362,
,,,,,,,,,,
34,67,II,5,2.42015017592955,4.30585270572598,II,5,2.42015017592955,4.30585270572598,
34,68,V,6,3.67049674352042,4.47942807254795,V,6,3.67049674352042,4.47942807254795,
34,69,V,6,1.79871366923223,4.48942711302349,V,6,1.79871366923223,4.48942711302349,
34,70,I,7,1.28764840065061,3.69147802031321,I,7,1.28764840065061,3.69147802031321,
34,71,V,8,5.38967062010016,3.94516468834762,V,8,5.38967062010016,3.94516468834762,
34,72,-iiio,5,7.51034596057909,4.82620338330319,io,5,7.53419270253346,4.82620338330319,0.023846741954368
34,73,V,1,6.34063269382523,4.60564492695877,V,1,3.59965318786665,5.07109374143948,
34,74,I,1,4.85111001427325,5.46669167487898,I,2,2.45610783468158,5.13186895237447,
34,75,I,2,4.50831832526797,5.45560639315616,I,3,3.45257043746451,5.30569211926705,
34,76,II,3,5.35166312858255,5.33372806153571,II,4,5.57491425786014,5.01945455018335,
34,77,II,4,2.50109927687876,4.53950964896362,II,4,2.50109927687876,4.53950964896362,
,,,,,,,,,,
35,67,II,5,2.42015017592955,4.30585270572598,II,5,2.42015017592955,4.30585270572598,
35,68,V,6,3.67049674352042,4.47942807254795,V,6,3.67049674352042,4.47942807254795,
35,69,V,6,1.79871366923223,4.48942711302349,V,6,1.79871366923223,4.48942711302349,
35,70,I,7,1.28764840065061,3.69147802031321,I,7,1.28764840065061,3.69147802031321,
35,71,V,8,5.38967062010016,3.94516468834762,V,8,5.38967062010016,3.94516468834762,
35,72,-iiio,5,7.51034596057909,4.82620338330319,III+,5,7.53419270253346,4.82620338330319,0.023846741954368
35,73,V,1,6.34063269382523,4.60564492695877,V,1,6.35697187122475,4.33302213346804,
35,74,I,1,4.85111001427325,5.46669167487898,I,1,4.85111001427325,5.46669167487898,
35,75,I,2,4.50831832526797,5.45560639315616,I,2,4.50831832526797,5.45560639315616,
35,76,II,3,5.35166312858255,5.33372806153571,II,3,5.35166312858255,5.33372806153571,
35,77,II,4,2.50109927687876,4.53950964896362,II,4,2.50109927687876,4.53950964896362,
,,,,,,,,,,
36,67,II,5,2.42015017592955,4.30585270572598,II,5,2.42015017592955,4.30585270572598,
36,68,V,6,3.67049674352042,4.47942807254795,V,6,3.67049674352042,4.47942807254795,
36,69,V,6,1.79871366923223,4.48942711302349,V,6,1.79871366923223,4.48942711302349,
36,70,I,7,1.28764840065061,3.69147802031321,I,7,1.28764840065061,3.69147802031321,
36,71,V,8,5.38967062010016,3.94516468834762,V,8,5.38967062010016,3.94516468834762,
36,72,-iiio,5,7.51034596057909,4.82620338330319,-i,5,7.53419270253346,4.82620338330319,0.023846741954368
36,73,V,1,6.34063269382523,4.60564492695877,V,1,6.06087405318181,5.12254345223483,
36,74,I,1,4.85111001427325,5.46669167487898,I,1,4.85111001427325,5.46669167487898,
36,75,I,2,4.50831832526797,5.45560639315616,I,2,4.50831832526797,5.45560639315616,
36,76,II,3,5.35166312858255,5.33372806153571,II,3,5.35166312858255,5.33372806153571,
36,77,II,4,2.50109927687876,4.53950964896362,II,4,2.50109927687876,4.53950964896362,
,,,,,,,,,,
37,57,II,4,2.50109927687876,4.53950964896362,II,4,2.50109927687876,4.53950964896362,
37,58,V,5,3.43999352075838,4.84748406551075,V,5,3.43999352075838,4.84748406551075,
37,59,V,6,1.79871366923223,4.48942711302349,V,6,1.79871366923223,4.48942711302349,
37,60,I,7,1.28764840065061,3.69147802031321,I,7,1.28764840065061,3.69147802031321,
37,61,-VI,8,6.49632660755585,3.94516468834762,-VI,8,6.49632660755585,3.94516468834762,
37,62,II,4,7.33625567392925,4.59191839779997,V+,4,7.36435530921258,4.59191839779997,0.0280996352833354
37,63,V,1,4.47228090380525,5.43976809741605,V,2,6.35368003492708,4.6710280710342,
37,64,I,2,3.94183919622624,5.30602271708722,I,1,4.85111001427325,5.46669167487898,
37,65,I,3,4.07024641567714,5.40564601235263,I,2,4.50831832526797,5.45560639315616,
37,66,II,4,4.54634179394962,5.1485067034944,II,3,5.35166312858255,5.33372806153571,
37,67,II,5,2.42015017592955,4.30585270572598,II,4,2.50109927687876,4.53950964896362,
,,,,,,,,,,
38,11,V,6,1.79871366923223,4.48942711302349,V,6,1.79871366923223,4.48942711302349,
38,12,V,7,3.67276985370792,3.69147802031321,V,7,3.67276985370792,3.69147802031321,
38,13,I,5,3.89019524870925,4.60987050256076,I,5,3.89019524870925,4.60987050256076,
38,14,I,5,3.29218874242061,5.11630123681393,I,5,3.29218874242061,5.11630123681393,
38,15,-iiio,6,7.36302579152234,4.81072816038344,-iiio,6,7.36302579152234,4.81072816038344,
38,16,V,2,7.40087943628218,2.72492290919709,IV,2,7.43294064551448,2.72492290919709,0.0320612092322987
38,17,I,1,4.85111001427325,5.46669167487898,I,1,4.98146309838059,5.45898036576934,
38,18,I,2,4.50831832526797,5.45560639315616,I,2,4.34252447189577,5.41449567154811,
38,19,II,3,5.35166312858255,5.33372806153571,II,3,5.27388250867611,5.35052826888187,
38,20,II,4,2.50109927687876,4.53950964896362,II,4,2.72683741403949,4.47708428235988,
38,21,V,5,3.43999352075838,4.84748406551075,V,5,2.71295278071047,4.74751423638611,
,,,,,,,,,,
39,68,V,6,3.67049674352042,4.47942807254795,V,6,3.67049674352042,4.47942807254795,
39,69,V,6,1.79871366923223,4.48942711302349,V,6,1.79871366923223,4.48942711302349,
39,70,I,7,1.28764840065061,3.69147802031321,I,7,1.28764840065061,3.69147802031321,
39,71,V,8,5.38967062010016,3.94516468834762,V,8,5.38967062010016,3.94516468834762,
39,72,-iiio,5,7.51034596057909,4.82620338330319,-iiio,5,7.51034596057909,4.82620338330319,
39,73,V,1,6.34063269382523,4.60564492695877,IV,1,6.37269390305753,4.60564492695877,0.0320612092322987
39,74,I,1,4.85111001427325,5.46669167487898,I,1,4.98146309838059,5.45898036576934,
39,75,I,2,4.50831832526797,5.45560639315616,I,2,4.34252447189577,5.41449567154811,
39,76,II,3,5.35166312858255,5.33372806153571,II,3,5.27388250867611,5.35052826888187,
39,77,II,4,2.50109927687876,4.53950964896362,II,4,2.72683741403949,4.47708428235988,
39,78,V,5,3.43999352075838,4.84748406551075,V,5,2.71295278071047,4.74751423638611,
,,,,,,,,,,
40,94,II,2,5.25017578849455,5.15335247963165,II,2,5.25017578849455,5.15335247963165,
40,95,II,2,4.27206649068865,5.36229620203241,II,2,4.27206649068865,5.36229620203241,
40,96,II,3,3.17486076771381,4.96071111023253,II,3,3.17486076771381,4.96071111023253,
40,97,V,4,2.79972999839416,4.6548198985224,V,4,2.79972999839416,4.6548198985224,
40,98,-iiio,5,7.62688975772938,4.55666991419108,-iiio,5,7.62688975772938,4.55666991419108,
40,99,V,1,6.34063269382523,4.60564492695877,IV,1,6.37269390305753,4.60564492695877,0.0320612092322987
40,100,I,1,4.85111001427325,5.46669167487898,I,1,4.98146309838059,5.45898036576934,
40,101,I,2,4.50831832526797,5.45560639315616,I,2,4.34252447189577,5.41449567154811,
40,102,II,3,5.35166312858255,5.33372806153571,II,3,5.27388250867611,5.35052826888187,
40,103,II,4,2.50109927687876,4.53950964896362,II,4,2.72683741403949,4.47708428235988,
40,104,V,5,3.43999352075838,4.84748406551075,V,5,2.71295278071047,4.74751423638611,
,,,,,,,,,,
41,104,V,5,3.43999352075838,4.84748406551075,V,5,3.43999352075838,4.84748406551075,
41,105,V,6,1.79871366923223,4.48942711302349,V,6,1.79871366923223,4.48942711302349,
41,106,I,7,1.28764840065061,3.69147802031321,I,7,1.28764840065061,3.69147802031321,
41,107,V,8,5.38967062010016,3.94516468834762,V,8,5.38967062010016,3.94516468834762,
41,108,-iiio,5,7.51034596057909,4.82620338330319,-iiio,5,7.51034596057909,4.82620338330319,
41,109,V,1,6.34063269382523,4.60564492695877,IV,1,6.37269390305753,4.60564492695877,0.0320612092322987
41,110,I,1,4.85111001427325,5.46669167487898,I,1,4.98146309838059,5.45898036576934,
41,111,I,2,4.50831832526797,5.45560639315616,I,2,4.34252447189577,5.41449567154811,
41,112,II,3,5.35166312858255,5.33372806153571,II,3,5.27388250867611,5.35052826888187,
41,113,II,4,2.50109927687876,4.53950964896362,II,4,2.72683741403949,4.47708428235988,
41,114,II,5,4.29344220892282,4.84748406551075,II,5,4.38688663126482,4.74751423638611,
,,,,,,,,,,
42,37,II,4,2.63842405699175,4.6548198985224,II,4,2.63842405699175,4.6548198985224,
42,38,II,5,1.73031276830698,4.08118604207193,II,5,1.73031276830698,4.08118604207193,
42,39,V,6,3.19349562074937,4.11040772307328,V,6,3.19349562074937,4.11040772307328,
42,40,I,5,3.18337347018043,4.55666991419108,I,5,3.18337347018043,4.55666991419108,
42,41,-iiio,5,6.06403433670259,5.29448771668017,-iiio,5,6.06403433670259,5.29448771668017,
42,42,V,2,8.89738007050441,1.17138347879739,IV,2,8.92944127973671,1.17138347879739,0.0320612092322996
42,43,I,1,4.85111001427325,5.46669167487898,I,1,4.98146309838059,5.45898036576934,
42,44,I,2,4.50831832526797,5.45560639315616,I,2,4.34252447189577,5.41449567154811,
42,45,II,3,5.35166312858255,5.33372806153571,II,3,5.27388250867611,5.35052826888187,
42,46,II,4,2.50109927687876,4.53950964896362,II,4,2.72683741403949,4.47708428235988,
42,47,V,5,3.43999352075838,4.84748406551075,V,5,2.71295278071047,4.74751423638611,
,,,,,,,,,,
43,10,V,5,3.43999352075838,4.84748406551075,V,5,3.43999352075838,4.84748406551075,
43,11,V,6,1.79871366923223,4.48942711302349,V,6,1.79871366923223,4.48942711302349,
43,12,V,7,3.67276985370792,3.69147802031321,V,7,3.67276985370792,3.69147802031321,
43,13,I,5,3.89019524870925,4.60987050256076,I,5,3.89019524870925,4.60987050256076,
43,14,I,5,3.29218874242061,5.11630123681393,I,5,3.29218874242061,5.11630123681393,
43,15,-iiio,6,7.36302579152234,4.81072816038344,-vi,6,7.39549423686696,4.81072816038344,0.0324684453446196
43,16,V,2,7.40087943628218,2.72492290919709,V,2,9.56938408958635,0.923735014268703,
43,17,I,1,4.85111001427325,5.46669167487898,I,1,4.85111001427325,5.46669167487898,
43,18,I,2,4.50831832526797,5.45560639315616,I,2,4.50831832526797,5.45560639315616,
43,19,II,3,5.35166312858255,5.33372806153571,II,3,5.35166312858255,5.33372806153571,
43,20,II,4,2.50109927687876,4.53950964896362,II,4,2.50109927687876,4.53950964896362,
,,,,,,,,,,
44,10,V,5,3.43999352075838,4.84748406551075,V,5,3.43999352075838,4.84748406551075,
44,11,V,6,1.79871366923223,4.48942711302349,V,6,1.79871366923223,4.48942711302349,
44,12,V,7,3.67276985370792,3.69147802031321,V,7,3.67276985370792,3.69147802031321,
44,13,I,5,3.89019524870925,4.60987050256076,I,5,3.89019524870925,4.60987050256076,
44,14,I,5,3.29218874242061,5.11630123681393,I,5,3.29218874242061,5.11630123681393,
44,15,-iiio,6,7.36302579152234,4.81072816038344,ivo,6,7.39549423686696,4.81072816038344,0.0324684453446196
44,16,V,2,7.40087943628218,2.72492290919709,V,2,6.20652243794664,4.78870290272377,
44,17,I,1,4.85111001427325,5.46669167487898,I,1,4.85111001427325,5.46669167487898,
44,18,I,2,4.50831832526797,5.45560639315616,I,2,4.50831832526797,5.45560639315616,
44,19,II,3,5.35166312858255,5.33372806153571,II,3,5.35166312858255,5.33372806153571,
44,20,II,4,2.50109927687876,4.53950964896362,II,4,2.50109927687876,4.53950964896362,
,,,,,,,,,,
45,10,V,5,3.43999352075838,4.84748406551075,V,5,3.43999352075838,4.84748406551075,
45,11,V,6,1.79871366923223,4.48942711302349,V,6,1.79871366923223,4.48942711302349,
45,12,V,7,3.67276985370792,3.69147802031321,V,7,3.67276985370792,3.69147802031321,
45,13,I,5,3.89019524870925,4.60987050256076,I,5,3.89019524870925,4.60987050256076,
45,14,I,5,3.29218874242061,5.11630123681393,I,5,3.29218874242061,5.11630123681393,
45,15,-iiio,6,7.36302579152234,4.81072816038344,#ivo,6,7.31961041829193,4.81072816038344,0.0434153732304052
45,16,V,2,7.40087943628218,2.72492290919709,V,2,2.5688829325843,4.65265397557499,
45,17,I,1,4.85111001427325,5.46669167487898,I,3,1.93254093267234,4.72458591498792,
45,18,I,2,4.50831832526797,5.45560639315616,I,4,4.92584038171,4.93413285090437,
45,19,II,3,5.35166312858255,5.33372806153571,II,3,5.35166312858255,5.33372806153571,
45,20,II,4,2.50109927687876,4.53950964896362,II,4,2.50109927687876,4.53950964896362,
,,,,,,,,,,
46,57,II,4,2.50109927687876,4.53950964896362,II,4,2.50109927687876,4.53950964896362,
46,58,V,5,3.43999352075838,4.84748406551075,V,5,3.43999352075838,4.84748406551075,
46,59,V,6,1.79871366923223,4.48942711302349,V,6,1.79871366923223,4.48942711302349,
46,60,I,7,1.28764840065061,3.69147802031321,I,7,1.28764840065061,3.69147802031321,
46,61,-VI,8,6.49632660755585,3.94516468834762,-VI,8,6.49632660755585,3.94516468834762,
46,62,II,4,7.33625567392925,4.59191839779997,iio,4,7.2917298003957,4.59191839779997,0.0445258735335496
46,63,V,1,4.47228090380525,5.43976809741605,V,2,2.2788435000264,5.02665585437245,
46,64,I,2,3.94183919622624,5.30602271708722,I,3,3.62209807908539,4.9649426593457,
46,65,I,3,4.07024641567714,5.40564601235263,I,3,2.67961669178587,5.15016489041036,
46,66,II,4,4.54634179394962,5.1485067034944,II,4,5.61919194475779,5.10456500028599,
46,67,II,5,2.42015017592955,4.30585270572598,II,4,2.50109927687876,4.53950964896362,
,,,,,,,,,,
47,61,-VI,8,6.49632660755585,3.94516468834762,-VI,8,6.49632660755585,3.94516468834762,
47,62,II,4,7.33625567392925,4.59191839779997,II,4,7.33625567392925,4.59191839779997,
47,63,V,1,4.47228090380525,5.43976809741605,V,1,4.47228090380525,5.43976809741605,
47,64,I,2,3.94183919622624,5.30602271708722,I,2,3.94183919622624,5.30602271708722,
47,65,I,3,4.07024641567714,5.40564601235263,I,3,4.07024641567714,5.40564601235263,
47,66,II,4,4.54634179394962,5.1485067034944,V,4,4.59165661344915,5.1485067034944,0.045314819499529
47,67,II,5,2.42015017592955,4.30585270572598,II,5,5.16588292687759,4.74829917133537,
47,68,V,6,3.67049674352042,4.47942807254795,V,5,2.54494190720271,3.53039713887725,
47,69,V,6,1.79871366923223,4.48942711302349,V,5,3.91232130507799,3.86179138978833,
47,70,I,7,1.28764840065061,3.69147802031321,I,4,3.92870374044007,3.86992831146588,
47,71,V,8,5.38967062010016,3.94516468834762,V,4,4.49384390587778,5.14037702869324,
,,,,,,,,,,
48,67,II,5,2.42015017592955,4.30585270572598,II,5,2.42015017592955,4.30585270572598,
48,68,V,6,3.67049674352042,4.47942807254795,V,6,3.67049674352042,4.47942807254795,
48,69,V,6,1.79871366923223,4.48942711302349,V,6,1.79871366923223,4.48942711302349,
48,70,I,7,1.28764840065061,3.69147802031321,I,7,1.28764840065061,3.69147802031321,
48,71,V,8,5.38967062010016,3.94516468834762,V,8,5.38967062010016,3.94516468834762,
48,72,-iiio,5,7.51034596057909,4.82620338330319,#iv,5,7.46380337464206,4.82620338330319,0.0465425859370301
48,73,V,1,6.34063269382523,4.60564492695877,V,1,3.15830591817548,5.1040381260614,
48,74,I,1,4.85111001427325,5.46669167487898,I,2,5.1381072421315,5.24184001088109,
48,75,I,2,4.50831832526797,5.45560639315616,I,2,4.50831832526797,5.45560639315616,
48,76,II,3,5.35166312858255,5.33372806153571,II,3,5.35166312858255,5.33372806153571,
48,77,II,4,2.50109927687876,4.53950964896362,II,4,2.50109927687876,4.53950964896362,
,,,,,,,,,,
49,67,II,5,2.42015017592955,4.30585270572598,II,5,2.42015017592955,4.30585270572598,
49,68,V,6,3.67049674352042,4.47942807254795,V,6,3.67049674352042,4.47942807254795,
49,69,V,6,1.79871366923223,4.48942711302349,V,6,1.79871366923223,4.48942711302349,
49,70,I,7,1.28764840065061,3.69147802031321,I,7,1.28764840065061,3.69147802031321,
49,71,V,8,5.38967062010016,3.94516468834762,V,8,5.38967062010016,3.94516468834762,
49,72,-iiio,5,7.51034596057909,4.82620338330319,-vi,5,7.46380337464206,4.82620338330319,0.0465425859370301
49,73,V,1,6.34063269382523,4.60564492695877,V,1,6.2204235096295,5.15261448181915,
49,74,I,1,4.85111001427325,5.46669167487898,I,1,4.85111001427325,5.46669167487898,
49,75,I,2,4.50831832526797,5.45560639315616,I,2,4.50831832526797,5.45560639315616,
49,76,II,3,5.35166312858255,5.33372806153571,II,3,5.35166312858255,5.33372806153571,
49,77,II,4,2.50109927687876,4.53950964896362,II,4,2.50109927687876,4.53950964896362,
,,,,,,,,,,
50,93,II,2,6.25220519159343,4.20638696283445,II,2,6.25220519159343,4.20638696283445,
50,94,II,2,5.25017578849455,5.15335247963165,II,2,5.25017578849455,5.15335247963165,
50,95,II,2,4.27206649068865,5.36229620203241,II,2,4.27206649068865,5.36229620203241,
50,96,II,3,3.17486076771381,4.96071111023253,II,3,3.17486076771381,4.96071111023253,
50,97,V,4,2.79972999839416,4.6548198985224,V,4,2.79972999839416,4.6548198985224,
50,98,-iiio,5,7.62688975772938,4.55666991419108,#iv,5,7.58034717179235,4.55666991419108,0.0465425859370301
50,99,V,1,6.34063269382523,4.60564492695877,V,1,3.15830591817548,5.1040381260614,
50,100,I,1,4.85111001427325,5.46669167487898,I,2,5.1381072421315,5.24184001088109,
50,101,I,2,4.50831832526797,5.45560639315616,I,2,4.50831832526797,5.45560639315616,
50,102,II,3,5.35166312858255,5.33372806153571,II,3,5.35166312858255,5.33372806153571,
50,103,II,4,2.50109927687876,4.53950964896362,II,4,2.50109927687876,4.53950964896362,
,,,,,,,,,,
51,93,II,2,6.25220519159343,4.20638696283445,II,2,6.25220519159343,4.20638696283445,
51,94,II,2,5.25017578849455,5.15335247963165,II,2,5.25017578849455,5.15335247963165,
51,95,II,2,4.27206649068865,5.36229620203241,II,2,4.27206649068865,5.36229620203241,
51,96,II,3,3.17486076771381,4.96071111023253,II,3,3.17486076771381,4.96071111023253,
51,97,V,4,2.79972999839416,4.6548198985224,V,4,2.79972999839416,4.6548198985224,
51,98,-iiio,5,7.62688975772938,4.55666991419108,-vi,5,7.58034717179235,4.55666991419108,0.0465425859370301
51,99,V,1,6.34063269382523,4.60564492695877,V,1,6.2204235096295,5.15261448181915,
51,100,I,1,4.85111001427325,5.46669167487898,I,1,4.85111001427325,5.46669167487898,
51,101,I,2,4.50831832526797,5.45560639315616,I,2,4.50831832526797,5.45560639315616,
51,102,II,3,5.35166312858255,5.33372806153571,II,3,5.35166312858255,5.33372806153571,
51,103,II,4,2.50109927687876,4.53950964896362,II,4,2.50109927687876,4.53950964896362,
,,,,,,,,,,
52,12,V,7,3.67276985370792,3.69147802031321,V,7,3.67276985370792,3.69147802031321,
52,13,I,5,3.89019524870925,4.60987050256076,I,5,3.89019524870925,4.60987050256076,
52,14,I,5,3.29218874242061,5.11630123681393,I,5,3.29218874242061,5.11630123681393,
52,15,-iiio,6,7.36302579152234,4.81072816038344,-iiio,6,7.36302579152234,4.81072816038344,
52,16,V,2,7.40087943628218,2.72492290919709,V,2,7.40087943628218,2.72492290919709,
52,17,I,1,4.85111001427325,5.46669167487898,V,1,4.80412356734031,5.46669167487898,0.0469864469329409
52,18,I,2,4.50831832526797,5.45560639315616,I,2,4.21782638466777,5.35116541881722,
52,19,II,3,5.35166312858255,5.33372806153571,II,3,5.50227856824408,5.32321500494246,
52,20,II,4,2.50109927687876,4.53950964896362,II,4,4.07771765036178,4.5660793435651,
52,21,V,5,3.43999352075838,4.84748406551075,V,4,4.14601123709701,5.09547947840538,
52,22,V,6,1.79871366923223,4.48942711302349,V,4,3.01990021891402,4.99759938874176,
,,,,,,,,,,
53,38,II,5,1.73031276830698,4.08118604207193,II,5,1.73031276830698,4.08118604207193,
53,39,V,6,3.19349562074937,4.11040772307328,V,6,3.19349562074937,4.11040772307328,
53,40,I,5,3.18337347018043,4.55666991419108,I,5,3.18337347018043,4.55666991419108,
53,41,-iiio,5,6.06403433670259,5.29448771668017,-iiio,5,6.06403433670259,5.29448771668017,
53,42,V,2,8.89738007050441,1.17138347879739,V,2,8.89738007050441,1.17138347879739,
53,43,I,1,4.85111001427325,5.46669167487898,V,1,4.80412356734031,5.46669167487898,0.0469864469329409
53,44,I,2,4.50831832526797,5.45560639315616,I,2,4.21782638466777,5.35116541881722,
53,45,II,3,5.35166312858255,5.33372806153571,II,3,5.50227856824408,5.32321500494246,
53,46,II,4,2.50109927687876,4.53950964896362,II,4,4.07771765036178,4.5660793435651,
53,47,V,5,3.43999352075838,4.84748406551075,V,4,4.14601123709701,5.09547947840538,
53,48,V,6,1.79871366923223,4.48942711302349,V,4,3.01990021891402,4.99759938874176,
,,,,,,,,,,
54,69,V,6,1.79871366923223,4.48942711302349,V,6,1.79871366923223,4.48942711302349,
54,70,I,7,1.28764840065061,3.69147802031321,I,7,1.28764840065061,3.69147802031321,
54,71,V,8,5.38967062010016,3.94516468834762,V,8,5.38967062010016,3.94516468834762,
54,72,-iiio,5,7.51034596057909,4.82620338330319,-iiio,5,7.51034596057909,4.82620338330319,
54,73,V,1,6.34063269382523,4.60564492695877,V,1,6.34063269382523,4.60564492695877,
54,74,I,1,4.85111001427325,5.46669167487898,V,1,4.80412356734031,5.46669167487898,0.0469864469329409
54,75,I,2,4.50831832526797,5.45560639315616,I,2,4.21782638466777,5.35116541881722,
54,76,II,3,5.35166312858255,5.33372806153571,II,3,5.50227856824408,5.32321500494246,
54,77,II,4,2.50109927687876,4.53950964896362,II,4,4.07771765036178,4.5660793435651,
54,78,V,5,3.43999352075838,4.84748406551075,V,4,4.14601123709701,5.09547947840538,
54,79,V,6,1.79871366923223,4.48942711302349,V,4,3.01990021891402,4.99759938874176,
,,,,,,,,,,
55,95,II,2,4.27206649068865,5.36229620203241,II,2,4.27206649068865,5.36229620203241,
55,96,II,3,3.17486076771381,4.96071111023253,II,3,3.17486076771381,4.96071111023253,
55,97,V,4,2.79972999839416,4.6548198985224,V,4,2.79972999839416,4.6548198985224,
55,98,-iiio,5,7.62688975772938,4.55666991419108,-iiio,5,7.62688975772938,4.55666991419108,
55,99,V,1,6.34063269382523,4.60564492695877,V,1,6.34063269382523,4.60564492695877,
55,100,I,1,4.85111001427325,5.46669167487898,V,1,4.80412356734031,5.46669167487898,0.0469864469329409
55,101,I,2,4.50831832526797,5.45560639315616,I,2,4.21782638466777,5.35116541881722,
55,102,II,3,5.35166312858255,5.33372806153571,II,3,5.50227856824408,5.32321500494246,
55,103,II,4,2.50109927687876,4.53950964896362,II,4,4.07771765036178,4.5660793435651,
55,104,V,5,3.43999352075838,4.84748406551075,V,4,4.14601123709701,5.09547947840538,
55,105,V,6,1.79871366923223,4.48942711302349,V,4,3.01990021891402,4.99759938874176,
,,,,,,,,,,
56,105,V,6,1.79871366923223,4.48942711302349,V,6,1.79871366923223,4.48942711302349,
56,106,I,7,1.28764840065061,3.69147802031321,I,7,1.28764840065061,3.69147802031321,
56,107,V,8,5.38967062010016,3.94516468834762,V,8,5.38967062010016,3.94516468834762,
56,108,-iiio,5,7.51034596057909,4.82620338330319,-iiio,5,7.51034596057909,4.82620338330319,
56,109,V,1,6.34063269382523,4.60564492695877,V,1,6.34063269382523,4.60564492695877,
56,110,I,1,4.85111001427325,5.46669167487898,V,1,4.80412356734031,5.46669167487898,0.0469864469329409
56,111,I,2,4.50831832526797,5.45560639315616,I,2,4.21782638466777,5.35116541881722,
56,112,II,3,5.35166312858255,5.33372806153571,II,3,5.50227856824408,5.32321500494246,
56,113,II,4,2.50109927687876,4.53950964896362,II,4,4.07771765036178,4.5660793435651,
56,114,II,5,4.29344220892282,4.84748406551075,II,4,4.328600081394,5.09547947840538,
56,115,V,4,3.41314358478485,4.43767315887628,V,4,3.41314358478485,4.43767315887628,
,,,,,,,,,,
57,88,vi,6,4.39114394169607,4.38877938791767,vi,6,4.39114394169607,4.38877938791767,
57,89,vi,3,2.45857368711708,4.8364567179594,vi,3,2.45857368711708,4.8364567179594,
57,90,II,4,3.04361439473839,4.91800757034399,II,4,3.04361439473839,4.91800757034399,
57,91,ii,5,4.94497813314987,3.85370621382067,ii,5,4.94497813314987,3.85370621382067,
57,92,-II,4,7.27286570050427,3.73112419416509,-II,4,7.27286570050427,3.73112419416509,
57,93,II,2,6.25220519159343,4.20638696283445,iv,2,6.20455478799707,4.20638696283445,0.0476504035963599
57,94,II,2,5.25017578849455,5.15335247963165,II,2,5.98538182920938,5.24392439421141,
57,95,II,2,4.27206649068865,5.36229620203241,II,2,5.23007360310176,5.28473214251116,
57,96,II,3,3.17486076771381,4.96071111023253,II,2,4.27206649068865,5.36229620203241,
57,97,V,4,2.79972999839416,4.6548198985224,V,3,3.09335349103138,4.96071111023253,
57,98,-iiio,5,7.62688975772938,4.55666991419108,-iiio,4,7.39021592379367,4.84925713979246,
,,,,,,,,,,
58,67,II,5,2.42015017592955,4.30585270572598,II,5,2.42015017592955,4.30585270572598,
58,68,V,6,3.67049674352042,4.47942807254795,V,6,3.67049674352042,4.47942807254795,
58,69,V,6,1.79871366923223,4.48942711302349,V,6,1.79871366923223,4.48942711302349,
58,70,I,7,1.28764840065061,3.69147802031321,I,7,1.28764840065061,3.69147802031321,
58,71,V,8,5.38967062010016,3.94516468834762,V,8,5.38967062010016,3.94516468834762,
58,72,-iiio,5,7.51034596057909,4.82620338330319,-III+,5,7.55844024878014,4.82620338330319,0.0480942882010451
58,73,V,1,6.34063269382523,4.60564492695877,V,1,2.05790452546262,4.93156365873222,
58,74,I,1,4.85111001427325,5.46669167487898,I,2,5.11007633500524,5.15638405219657,
58,75,I,2,4.50831832526797,5.45560639315616,I,2,4.50831832526797,5.45560639315616,
58,76,II,3,5.35166312858255,5.33372806153571,II,3,5.35166312858255,5.33372806153571,
58,77,II,4,2.50109927687876,4.53950964896362,II,4,2.50109927687876,4.53950964896362,
,,,,,,,,,,
59,67,II,5,2.42015017592955,4.30585270572598,II,5,2.42015017592955,4.30585270572598,
59,68,V,6,3.67049674352042,4.47942807254795,V,6,3.67049674352042,4.47942807254795,
59,69,V,6,1.79871366923223,4.48942711302349,V,6,1.79871366923223,4.48942711302349,
59,70,I,7,1.28764840065061,3.69147802031321,I,7,1.28764840065061,3.69147802031321,
59,71,V,8,5.38967062010016,3.94516468834762,V,8,5.38967062010016,3.94516468834762,
59,72,-iiio,5,7.51034596057909,4.82620338330319,VII+,5,7.55844024878014,4.82620338330319,0.0480942882010451
59,73,V,1,6.34063269382523,4.60564492695877,V,1,6.064431872595,4.93466002564678,
59,74,I,1,4.85111001427325,5.46669167487898,I,1,4.85111001427325,5.46669167487898,
59,75,I,2,4.50831832526797,5.45560639315616,I,2,4.50831832526797,5.45560639315616,
59,76,II,3,5.35166312858255,5.33372806153571,II,3,5.35166312858255,5.33372806153571,
59,77,II,4,2.50109927687876,4.53950964896362,II,4,2.50109927687876,4.53950964896362,
,,,,,,,,,,
60,67,II,5,2.42015017592955,4.30585270572598,II,5,2.42015017592955,4.30585270572598,
60,68,V,6,3.67049674352042,4.47942807254795,V,6,3.67049674352042,4.47942807254795,
60,69,V,6,1.79871366923223,4.48942711302349,V,6,1.79871366923223,4.48942711302349,
60,70,I,7,1.28764840065061,3.69147802031321,I,7,1.28764840065061,3.69147802031321,
60,71,V,8,5.38967062010016,3.94516468834762,V,8,5.38967062010016,3.94516468834762,
60,72,-iiio,5,7.51034596057909,4.82620338330319,-IV,5,7.55844024878014,4.82620338330319,0.0480942882010451
60,73,V,1,6.34063269382523,4.60564492695877,V,1,6.0634839783159,4.93377152844633,
60,74,I,1,4.85111001427325,5.46669167487898,I,1,4.85111001427325,5.46669167487898,
60,75,I,2,4.50831832526797,5.45560639315616,I,2,4.50831832526797,5.45560639315616,
60,76,II,3,5.35166312858255,5.33372806153571,II,3,5.35166312858255,5.33372806153571,
60,77,II,4,2.50109927687876,4.53950964896362,II,4,2.50109927687876,4.53950964896362,
,,,,,,,,,,
61,67,II,5,2.42015017592955,4.30585270572598,II,5,2.42015017592955,4.30585270572598,
61,68,V,6,3.67049674352042,4.47942807254795,V,6,3.67049674352042,4.47942807254795,
61,69,V,6,1.79871366923223,4.48942711302349,V,6,1.79871366923223,4.48942711302349,
61,70,I,7,1.28764840065061,3.69147802031321,I,7,1.28764840065061,3.69147802031321,
61,71,V,8,5.38967062010016,3.94516468834762,V,8,5.38967062010016,3.94516468834762,
61,72,-iiio,5,7.51034596057909,4.82620338330319,-VII+,5,7.55844024878014,4.82620338330319,0.0480942882010451
61,73,V,1,6.34063269382523,4.60564492695877,V,1,6.0634839783159,4.93377152844633,
61,74,I,1,4.85111001427325,5.46669167487898,I,1,4.85111001427325,5.46669167487898,
61,75,I,2,4.50831832526797,5.45560639315616,I,2,4.50831832526797,5.45560639315616,
61,76,II,3,5.35166312858255,5.33372806153571,II,3,5.35166312858255,5.33372806153571,
61,77,II,4,2.50109927687876,4.53950964896362,II,4,2.50109927687876,4.53950964896362,
,,,,,,,,,,
62,67,II,5,2.42015017592955,4.30585270572598,II,5,2.42015017592955,4.30585270572598,
62,68,V,6,3.67049674352042,4.47942807254795,V,6,3.67049674352042,4.47942807254795,
62,69,V,6,1.79871366923223,4.48942711302349,V,6,1.79871366923223,4.48942711302349,
62,70,I,7,1.28764840065061,3.69147802031321,I,7,1.28764840065061,3.69147802031321,
62,71,V,8,5.38967062010016,3.94516468834762,V,8,5.38967062010016,3.94516468834762,
62,72,-iiio,5,7.51034596057909,4.82620338330319,#v,5,7.55844024878014,4.82620338330319,0.0480942882010451
62,73,V,1,6.34063269382523,4.60564492695877,V,1,6.0582593979724,5.1205800643485,
62,74,I,1,4.85111001427325,5.46669167487898,I,1,4.85111001427325,5.46669167487898,
62,75,I,2,4.50831832526797,5.45560639315616,I,2,4.50831832526797,5.45560639315616,
62,76,II,3,5.35166312858255,5.33372806153571,II,3,5.35166312858255,5.33372806153571,
62,77,II,4,2.50109927687876,4.53950964896362,II,4,2.50109927687876,4.53950964896362,
,,,,,,,,,,
63,67,II,5,2.42015017592955,4.30585270572598,II,5,2.42015017592955,4.30585270572598,
63,68,V,6,3.67049674352042,4.47942807254795,V,6,3.67049674352042,4.47942807254795,
63,69,V,6,1.79871366923223,4.48942711302349,V,6,1.79871366923223,4.48942711302349,
63,70,I,7,1.28764840065061,3.69147802031321,I,7,1.28764840065061,3.69147802031321,
63,71,V,8,5.38967062010016,3.94516468834762,V,8,5.38967062010016,3.94516468834762,
63,72,-iiio,5,7.51034596057909,4.82620338330319,IV+,5,7.55844024878014,4.82620338330319,0.0480942882010451
63,73,V,1,6.34063269382523,4.60564492695877,V,1,6.06134893634636,4.93194066023925,
63,74,I,1,4.85111001427325,5.46669167487898,I,1,4.85111001427325,5.46669167487898,
63,75,I,2,4.50831832526797,5.45560639315616,I,2,4.50831832526797,5.45560639315616,
63,76,II,3,5.35166312858255,5.33372806153571,II,3,5.35166312858255,5.33372806153571,
63,77,II,4,2.50109927687876,4.53950964896362,II,4,2.50109927687876,4.53950964896362,
,,,,,,,,,,
64,67,II,5,2.42015017592955,4.30585270572598,II,5,2.42015017592955,4.30585270572598,
64,68,V,6,3.67049674352042,4.47942807254795,V,6,3.67049674352042,4.47942807254795,
64,69,V,6,1.79871366923223,4.48942711302349,V,6,1.79871366923223,4.48942711302349,
64,70,I,7,1.28764840065061,3.69147802031321,I,7,1.28764840065061,3.69147802031321,
64,71,V,8,5.38967062010016,3.94516468834762,V,8,5.38967062010016,3.94516468834762,
64,72,-iiio,5,7.51034596057909,4.82620338330319,-vo,5,7.55844024878014,4.82620338330319,0.0480942882010451
64,73,V,1,6.34063269382523,4.60564492695877,V,1,6.06750823487469,4.93790261904096,
64,74,I,1,4.85111001427325,5.46669167487898,I,1,4.85111001427325,5.46669167487898,
64,75,I,2,4.50831832526797,5.45560639315616,I,2,4.50831832526797,5.45560639315616,
64,76,II,3,5.35166312858255,5.33372806153571,II,3,5.35166312858255,5.33372806153571,
64,77,II,4,2.50109927687876,4.53950964896362,II,4,2.50109927687876,4.53950964896362,
,,,,,,,,,,
65,93,II,2,6.25220519159343,4.20638696283445,II,2,6.25220519159343,4.20638696283445,
65,94,II,2,5.25017578849455,5.15335247963165,II,2,5.25017578849455,5.15335247963165,
65,95,II,2,4.27206649068865,5.36229620203241,II,2,4.27206649068865,5.36229620203241,
65,96,II,3,3.17486076771381,4.96071111023253,II,3,3.17486076771381,4.96071111023253,
65,97,V,4,2.79972999839416,4.6548198985224,V,4,2.79972999839416,4.6548198985224,
65,98,-iiio,5,7.62688975772938,4.55666991419108,-III+,5,7.67498404593042,4.55666991419108,0.0480942882010451
65,99,V,1,6.34063269382523,4.60564492695877,V,1,2.05790452546262,4.93156365873222,
65,100,I,1,4.85111001427325,5.46669167487898,I,2,5.11007633500524,5.15638405219657,
65,101,I,2,4.50831832526797,5.45560639315616,I,2,4.50831832526797,5.45560639315616,
65,102,II,3,5.35166312858255,5.33372806153571,II,3,5.35166312858255,5.33372806153571,
65,103,II,4,2.50109927687876,4.53950964896362,II,4,2.50109927687876,4.53950964896362,
,,,,,,,,,,
66,93,II,2,6.25220519159343,4.20638696283445,II,2,6.25220519159343,4.20638696283445,
66,94,II,2,5.25017578849455,5.15335247963165,II,2,5.25017578849455,5.15335247963165,
66,95,II,2,4.27206649068865,5.36229620203241,II,2,4.27206649068865,5.36229620203241,
66,96,II,3,3.17486076771381,4.96071111023253,II,3,3.17486076771381,4.96071111023253,
66,97,V,4,2.79972999839416,4.6548198985224,V,4,2.79972999839416,4.6548198985224,
66,98,-iiio,5,7.62688975772938,4.55666991419108,VII+,5,7.67498404593042,4.55666991419108,0.0480942882010451
66,99,V,1,6.34063269382523,4.60564492695877,V,1,6.064431872595,4.93466002564678,
66,100,I,1,4.85111001427325,5.46669167487898,I,1,4.85111001427325,5.46669167487898,
66,101,I,2,4.50831832526797,5.45560639315616,I,2,4.50831832526797,5.45560639315616,
66,102,II,3,5.35166312858255,5.33372806153571,II,3,5.35166312858255,5.33372806153571,
66,103,II,4,2.50109927687876,4.53950964896362,II,4,2.50109927687876,4.53950964896362,
,,,,,,,,,,
67,93,II,2,6.25220519159343,4.20638696283445,II,2,6.25220519159343,4.20638696283445,
67,94,II,2,5.25017578849455,5.15335247963165,II,2,5.25017578849455,5.15335247963165,
67,95,II,2,4.27206649068865,5.36229620203241,II,2,4.27206649068865,5.36229620203241,
67,96,II,3,3.17486076771381,4.96071111023253,II,3,3.17486076771381,4.96071111023253,
67,97,V,4,2.79972999839416,4.6548198985224,V,4,2.79972999839416,4.6548198985224,
67,98,-iiio,5,7.62688975772938,4.55666991419108,-IV,5,7.67498404593042,4.55666991419108,0.0480942882010451
67,99,V,1,6.34063269382523,4.60564492695877,V,1,6.0634839783159,4.93377152844633,
67,100,I,1,4.85111001427325,5.46669167487898,I,1,4.85111001427325,5.46669167487898,
67,101,I,2,4.50831832526797,5.45560639315616,I,2,4.50831832526797,5.45560639315616,
67,102,II,3,5.35166312858255,5.33372806153571,II,3,5.35166312858255,5.33372806153571,
67,103,II,4,2.50109927687876,4.53950964896362,II,4,2.50109927687876,4.53950964896362,
,,,,,,,,,,
68,93,II,2,6.25220519159343,4.20638696283445,II,2,6.25220519159343,4.20638696283445,
68,94,II,2,5.25017578849455,5.15335247963165,II,2,5.25017578849455,5.15335247963165,
68,95,II,2,4.27206649068865,5.36229620203241,II,2,4.27206649068865,5.36229620203241,
68,96,II,3,3.17486076771381,4.96071111023253,II,3,3.17486076771381,4.96071111023253,
68,97,V,4,2.79972999839416,4.6548198985224,V,4,2.79972999839416,4.6548198985224,
68,98,-iiio,5,7.62688975772938,4.55666991419108,-VII+,5,7.67498404593042,4.55666991419108,0.0480942882010451
68,99,V,1,6.34063269382523,4.60564492695877,V,1,6.0634839783159,4.93377152844633,
68,100,I,1,4.85111001427325,5.46669167487898,I,1,4.85111001427325,5.46669167487898,
68,101,I,2,4.50831832526797,5.45560639315616,I,2,4.50831832526797,5.45560639315616,
68,102,II,3,5.35166312858255,5.33372806153571,II,3,5.35166312858255,5.33372806153571,
68,103,II,4,2.50109927687876,4.53950964896362,II,4,2.50109927687876,4.53950964896362,
,,,,,,,,,,
69,93,II,2,6.25220519159343,4.20638696283445,II,2,6.25220519159343,4.20638696283445,
69,94,II,2,5.25017578849455,5.15335247963165,II,2,5.25017578849455,5.15335247963165,
69,95,II,2,4.27206649068865,5.36229620203241,II,2,4.27206649068865,5.36229620203241,
69,96,II,3,3.17486076771381,4.96071111023253,II,3,3.17486076771381,4.96071111023253,
69,97,V,4,2.79972999839416,4.6548198985224,V,4,2.79972999839416,4.6548198985224,
69,98,-iiio,5,7.62688975772938,4.55666991419108,#v,5,7.67498404593042,4.55666991419108,0.0480942882010451
69,99,V,1,6.34063269382523,4.60564492695877,V,1,6.0582593979724,5.1205800643485,
69,100,I,1,4.85111001427325,5.46669167487898,I,1,4.85111001427325,5.46669167487898,
69,101,I,2,4.50831832526797,5.45560639315616,I,2,4.50831832526797,5.45560639315616,
69,102,II,3,5.35166312858255,5.33372806153571,II,3,5.35166312858255,5.33372806153571,
69,103,II,4,2.50109927687876,4.53950964896362,II,4,2.50109927687876,4.53950964896362,
,,,,,,,,,,
70,93,II,2,6.25220519159343,4.20638696283445,II,2,6.25220519159343,4.20638696283445,
70,94,II,2,5.25017578849455,5.15335247963165,II,2,5.25017578849455,5.15335247963165,
70,95,II,2,4.27206649068865,5.36229620203241,II,2,4.27206649068865,5.36229620203241,
70,96,II,3,3.17486076771381,4.96071111023253,II,3,3.17486076771381,4.96071111023253,
70,97,V,4,2.79972999839416,4.6548198985224,V,4,2.79972999839416,4.6548198985224,
70,98,-iiio,5,7.62688975772938,4.55666991419108,IV+,5,7.67498404593042,4.55666991419108,0.0480942882010451
70,99,V,1,6.34063269382523,4.60564492695877,V,1,6.06134893634636,4.93194066023925,
70,100,I,1,4.85111001427325,5.46669167487898,I,1,4.85111001427325,5.46669167487898,
70,101,I,2,4.50831832526797,5.45560639315616,I,2,4.50831832526797,5.45560639315616,
70,102,II,3,5.35166312858255,5.33372806153571,II,3,5.35166312858255,5.33372806153571,
70,103,II,4,2.50109927687876,4.53950964896362,II,4,2.50109927687876,4.53950964896362,
,,,,,,,,,,
71,93,II,2,6.25220519159343,4.20638696283445,II,2,6.25220519159343,4.20638696283445,
71,94,II,2,5.25017578849455,5.15335247963165,II,2,5.25017578849455,5.15335247963165,
71,95,II,2,4.27206649068865,5.36229620203241,II,2,4.27206649068865,5.36229620203241,
71,96,II,3,3.17486076771381,4.96071111023253,II,3,3.17486076771381,4.96071111023253,
71,97,V,4,2.79972999839416,4.6548198985224,V,4,2.79972999839416,4.6548198985224,
71,98,-iiio,5,7.62688975772938,4.55666991419108,-vo,5,7.67498404593042,4.55666991419108,0.0480942882010451
71,99,V,1,6.34063269382523,4.60564492695877,V,1,6.06750823487469,4.93790261904096,
71,100,I,1,4.85111001427325,5.46669167487898,I,1,4.85111001427325,5.46669167487898,
71,101,I,2,4.50831832526797,5.45560639315616,I,2,4.50831832526797,5.45560639315616,
71,102,II,3,5.35166312858255,5.33372806153571,II,3,5.35166312858255,5.33372806153571,
71,103,II,4,2.50109927687876,4.53950964896362,II,4,2.50109927687876,4.53950964896362,
,,,,,,,,,,
72,10,V,5,3.43999352075838,4.84748406551075,V,5,3.43999352075838,4.84748406551075,
72,11,V,6,1.79871366923223,4.48942711302349,V,6,1.79871366923223,4.48942711302349,
72,12,V,7,3.67276985370792,3.69147802031321,V,7,3.67276985370792,3.69147802031321,
72,13,I,5,3.89019524870925,4.60987050256076,I,5,3.89019524870925,4.60987050256076,
72,14,I,5,3.29218874242061,5.11630123681393,I,5,3.29218874242061,5.11630123681393,
72,15,-iiio,6,7.36302579152234,4.81072816038344,vio,6,7.41149364698594,4.81072816038344,0.0484678554635982
72,16,V,2,7.40087943628218,2.72492290919709,V,2,4.87930575655602,4.56000273778182,
72,17,I,1,4.85111001427325,5.46669167487898,I,2,5.08419415174735,5.13902230166516,
72,18,I,2,4.50831832526797,5.45560639315616,I,2,4.50831832526797,5.45560639315616,
72,19,II,3,5.35166312858255,5.33372806153571,II,3,5.35166312858255,5.33372806153571,
72,20,II,4,2.50109927687876,4.53950964896362,II,4,2.50109927687876,4.53950964896362,
,,,,,,,,,,
73,5,V,2,8.89738007050441,1.17138347879739,V,2,8.89738007050441,1.17138347879739,
73,6,I,1,4.85111001427325,5.46669167487898,I,1,4.85111001427325,5.46669167487898,
73,7,I,2,4.50831832526797,5.45560639315616,I,2,4.50831832526797,5.45560639315616,
73,8,II,3,5.35166312858255,5.33372806153571,II,3,5.35166312858255,5.33372806153571,
73,9,II,4,2.50109927687876,4.53950964896362,II,4,2.50109927687876,4.53950964896362,
73,10,V,5,3.43999352075838,4.84748406551075,ii,5,3.39073477139273,4.84748406551075,0.0492587493656478
73,11,V,6,1.79871366923223,4.48942711302349,V,6,2.93687364346988,4.12689139669908,
73,12,V,7,3.67276985370792,3.69147802031321,V,5,5.11709335979467,3.96509631825676,
73,13,I,5,3.89019524870925,4.60987050256076,I,3,3.28427289705213,4.99690261177939,
73,14,I,5,3.29218874242061,5.11630123681393,I,4,3.54467828851687,5.21063418247022,
73,15,-iiio,6,7.36302579152234,4.81072816038344,-iiio,5,7.11139276474243,5.10855584754392,
,,,,,,,,,,
74,16,V,2,7.40087943628218,2.72492290919709,V,2,7.40087943628218,2.72492290919709,
74,17,I,1,4.85111001427325,5.46669167487898,I,1,4.85111001427325,5.46669167487898,
74,18,I,2,4.50831832526797,5.45560639315616,I,2,4.50831832526797,5.45560639315616,
74,19,II,3,5.35166312858255,5.33372806153571,II,3,5.35166312858255,5.33372806153571,
74,20,II,4,2.50109927687876,4.53950964896362,II,4,2.50109927687876,4.53950964896362,
74,21,V,5,3.43999352075838,4.84748406551075,ii,5,3.39073477139273,4.84748406551075,0.0492587493656478
74,22,V,6,1.79871366923223,4.48942711302349,V,6,2.93687364346988,4.12689139669908,
74,23,I,7,1.28764840065061,3.69147802031321,I,5,1.32028183421845,3.96509631825676,
74,24,I,8,2.55206925035243,3.94516468834762,I,6,2.02711076038435,4.77791178154965,
74,25,III,8,6.35142791196173,4.58609295940647,III,7,6.68817817633736,4.28084222218151,
74,26,III,5,1.58060946098375,3.93951639728918,III,4,2.35389144873789,4.36270397128131,
,,,,,,,,,,
75,53,V,2,7.40087943628218,2.72492290919709,V,2,7.40087943628218,2.72492290919709,
75,54,I,1,4.85111001427325,5.46669167487898,I,1,4.85111001427325,5.46669167487898,
75,55,I,2,4.50831832526797,5.45560639315616,I,2,4.50831832526797,5.45560639315616,
75,56,II,3,5.35166312858255,5.33372806153571,II,3,5.35166312858255,5.33372806153571,
75,57,II,4,2.50109927687876,4.53950964896362,II,4,2.50109927687876,4.53950964896362,
75,58,V,5,3.43999352075838,4.84748406551075,ii,5,3.39073477139273,4.84748406551075,0.0492587493656478
75,59,V,6,1.79871366923223,4.48942711302349,V,6,2.93687364346988,4.12689139669908,
75,60,I,7,1.28764840065061,3.69147802031321,I,5,1.32028183421845,3.96509631825676,
75,61,-VI,8,6.49632660755585,3.94516468834762,-VI,6,6.12662400794602,4.77791178154965,
75,62,II,4,7.33625567392925,4.59191839779997,II,4,7.28230180736644,4.5932479451938,
75,63,V,1,4.47228090380525,5.43976809741605,V,1,4.47228090380525,5.43976809741605,
,,,,,,,,,,
76,99,V,1,6.34063269382523,4.60564492695877,V,1,6.34063269382523,4.60564492695877,
76,100,I,1,4.85111001427325,5.46669167487898,I,1,4.85111001427325,5.46669167487898,
76,101,I,2,4.50831832526797,5.45560639315616,I,2,4.50831832526797,5.45560639315616,
76,102,II,3,5.35166312858255,5.33372806153571,II,3,5.35166312858255,5.33372806153571,
76,103,II,4,2.50109927687876,4.53950964896362,II,4,2.50109927687876,4.53950964896362,
76,104,V,5,3.43999352075838,4.84748406551075,ii,5,3.39073477139273,4.84748406551075,0.0492587493656478
76,105,V,6,1.79871366923223,4.48942711302349,V,6,2.93687364346988,4.12689139669908,
76,106,I,7,1.28764840065061,3.69147802031321,I,5,1.32028183421845,3.96509631825676,
76,107,V,8,5.38967062010016,3.94516468834762,V,6,4.08664070983404,4.77791178154965,
76,108,-iiio,5,7.51034596057909,4.82620338330319,-iiio,5,8.14318175822306,3.59689659780129,
76,109,V,1,6.34063269382523,4.60564492695877,V,1,6.34063269382523,4.60564492695877,
,,,,,,,,,,
77,36,II,4,3.47401632994702,4.61669569934493,II,4,3.47401632994702,4.61669569934493,
77,37,II,4,2.63842405699175,4.6548198985224,II,4,2.63842405699175,4.6548198985224,
77,38,II,5,1.73031276830698,4.08118604207193,II,5,1.73031276830698,4.08118604207193,
77,39,V,6,3.19349562074937,4.11040772307328,V,6,3.19349562074937,4.11040772307328,
77,40,I,5,3.18337347018043,4.55666991419108,I,5,3.18337347018043,4.55666991419108,
77,41,-iiio,5,6.06403433670259,5.29448771668017,-II,5,6.01321047514813,5.29448771668017,0.0508238615544636
77,42,V,2,8.89738007050441,1.17138347879739,V,4,5.9406504321109,4.41076724680137,
77,43,I,1,4.85111001427325,5.46669167487898,I,2,3.20497828688311,5.16390856352916,
77,44,I,2,4.50831832526797,5.45560639315616,I,3,2.84675568400464,5.20285787072742,
77,45,II,3,5.35166312858255,5.33372806153571,II,4,5.55134135790239,5.11377434247265,
77,46,II,4,2.50109927687876,4.53950964896362,II,4,2.50109927687876,4.53950964896362,
,,,,,,,,,,
78,57,II,4,2.50109927687876,4.53950964896362,II,4,2.50109927687876,4.53950964896362,
78,58,V,5,3.43999352075838,4.84748406551075,V,5,3.43999352075838,4.84748406551075,
78,59,V,6,1.79871366923223,4.48942711302349,V,6,1.79871366923223,4.48942711302349,
78,60,I,7,1.28764840065061,3.69147802031321,I,7,1.28764840065061,3.69147802031321,
78,61,-VI,8,6.49632660755585,3.94516468834762,-VI,8,6.49632660755585,3.94516468834762,
78,62,II,4,7.33625567392925,4.59191839779997,iii,4,7.39210890866277,4.59191839779997,0.0558532347335179
78,63,V,1,4.47228090380525,5.43976809741605,V,1,4.98771180220092,5.43812483332901,
78,64,I,2,3.94183919622624,5.30602271708722,I,2,4.0485478109593,5.32297568648971,
78,65,I,3,4.07024641567714,5.40564601235263,I,3,3.55690640602923,5.2366754920534,
78,66,II,4,4.54634179394962,5.1485067034944,II,4,5.64226255811527,4.98662087033353,
78,67,II,5,2.42015017592955,4.30585270572598,II,4,2.50109927687876,4.53950964896362,
,,,,,,,,,,
79,87,III,5,2.8723844788792,4.92702507456443,III,5,2.8723844788792,4.92702507456443,
79,88,vi,6,4.39114394169607,4.38877938791767,vi,6,4.39114394169607,4.38877938791767,
79,89,vi,3,2.45857368711708,4.8364567179594,vi,3,2.45857368711708,4.8364567179594,
79,90,II,4,3.04361439473839,4.91800757034399,II,4,3.04361439473839,4.91800757034399,
79,91,ii,5,4.94497813314987,3.85370621382067,ii,5,4.94497813314987,3.85370621382067,
79,92,-II,4,7.27286570050427,3.73112419416509,-iii,4,7.33476687446247,3.73112419416509,0.0619011739581969
79,93,II,2,6.25220519159343,4.20638696283445,II,2,5.6893472271384,4.62382634118114,
79,94,II,2,5.25017578849455,5.15335247963165,II,2,5.27655027662461,4.99724298411594,
79,95,II,2,4.27206649068865,5.36229620203241,II,2,4.27206649068865,5.36229620203241,
79,96,II,3,3.17486076771381,4.96071111023253,II,3,3.17486076771381,4.96071111023253,
79,97,V,4,2.79972999839416,4.6548198985224,V,4,2.79972999839416,4.6548198985224,
,,,,,,,,,,
80,10,V,5,3.43999352075838,4.84748406551075,V,5,3.43999352075838,4.84748406551075,
80,11,V,6,1.79871366923223,4.48942711302349,V,6,1.79871366923223,4.48942711302349,
80,12,V,7,3.67276985370792,3.69147802031321,V,7,3.67276985370792,3.69147802031321,
80,13,I,5,3.89019524870925,4.60987050256076,I,5,3.89019524870925,4.60987050256076,
80,14,I,5,3.29218874242061,5.11630123681393,I,5,3.29218874242061,5.11630123681393,
80,15,-iiio,6,7.36302579152234,4.81072816038344,#I,6,7.30097787530003,4.81072816038344,0.0620479162223075
80,16,V,2,7.40087943628218,2.72492290919709,V,2,7.09432424690557,3.57515843833752,
80,17,I,1,4.85111001427325,5.46669167487898,I,1,4.85111001427325,5.46669167487898,
80,18,I,2,4.50831832526797,5.45560639315616,I,2,4.50831832526797,5.45560639315616,
80,19,II,3,5.35166312858255,5.33372806153571,II,3,5.35166312858255,5.33372806153571,
80,20,II,4,2.50109927687876,4.53950964896362,II,4,2.50109927687876,4.53950964896362,
,,,,,,,,,,
81,3,I,2,1.89936881368779,3.69412414818343,I,2,1.89936881368779,3.69412414818343,
81,4,-iiio,3,7.18206666169357,4.57623134560183,-iiio,3,7.18206666169357,4.57623134560183,
81,5,V,2,8.89738007050441,1.17138347879739,V,2,8.89738007050441,1.17138347879739,
81,6,I,1,4.85111001427325,5.46669167487898,I,1,4.85111001427325,5.46669167487898,
81,7,I,2,4.50831832526797,5.45560639315616,I,2,4.50831832526797,5.45560639315616,
81,8,II,3,5.35166312858255,5.33372806153571,-VI,3,5.28813674979997,5.33372806153571,0.0635263787825799
81,9,II,4,2.50109927687876,4.53950964896362,II,4,7.34555622796216,4.49788145005332,
81,10,V,5,3.43999352075838,4.84748406551075,V,1,4.47228090380525,5.43976809741605,
81,11,V,6,1.79871366923223,4.48942711302349,V,2,3.77809552467595,5.30602271708722,
81,12,V,7,3.67276985370792,3.69147802031321,V,3,3.19922209545213,5.00274493746863,
81,13,I,5,3.89019524870925,4.60987050256076,I,4,3.60749035810328,4.98931318138572,
,,,,,,,,,,
82,14,I,5,3.29218874242061,5.11630123681393,I,5,3.29218874242061,5.11630123681393,
82,15,-iiio,6,7.36302579152234,4.81072816038344,-iiio,6,7.36302579152234,4.81072816038344,
82,16,V,2,7.40087943628218,2.72492290919709,V,2,7.40087943628218,2.72492290919709,
82,17,I,1,4.85111001427325,5.46669167487898,I,1,4.85111001427325,5.46669167487898,
82,18,I,2,4.50831832526797,5.45560639315616,I,2,4.50831832526797,5.45560639315616,
82,19,II,3,5.35166312858255,5.33372806153571,-VI,3,5.28813674979997,5.33372806153571,0.0635263787825799
82,20,II,4,2.50109927687876,4.53950964896362,II,4,7.34555622796216,4.49788145005332,
82,21,V,5,3.43999352075838,4.84748406551075,V,1,4.47228090380525,5.43976809741605,
82,22,V,6,1.79871366923223,4.48942711302349,V,2,3.77809552467595,5.30602271708722,
82,23,I,7,1.28764840065061,3.69147802031321,I,3,3.20818701802479,5.00274493746863,
82,24,I,8,2.55206925035243,3.94516468834762,I,4,3.29200983611436,5.14037702869324,
,,,,,,,,,,
83,51,I,5,3.29218874242061,5.11630123681393,I,5,3.29218874242061,5.11630123681393,
83,52,-iiio,6,7.36302579152234,4.81072816038344,-iiio,6,7.36302579152234,4.81072816038344,
83,53,V,2,7.40087943628218,2.72492290919709,V,2,7.40087943628218,2.72492290919709,
83,54,I,1,4.85111001427325,5.46669167487898,I,1,4.85111001427325,5.46669167487898,
83,55,I,2,4.50831832526797,5.45560639315616,I,2,4.50831832526797,5.45560639315616,
83,56,II,3,5.35166312858255,5.33372806153571,-VI,3,5.28813674979997,5.33372806153571,0.0635263787825799
83,57,II,4,2.50109927687876,4.53950964896362,II,4,7.34555622796216,4.49788145005332,
83,58,V,5,3.43999352075838,4.84748406551075,V,1,4.47228090380525,5.43976809741605,
83,59,V,6,1.79871366923223,4.48942711302349,V,2,3.77809552467595,5.30602271708722,
83,60,I,7,1.28764840065061,3.69147802031321,I,3,3.20818701802479,5.00274493746863,
83,61,-VI,8,6.49632660755585,3.94516468834762,-VI,4,5.60049989333346,5.14037702869324,
,,,,,,,,,,
84,71,V,8,5.38967062010016,3.94516468834762,V,8,5.38967062010016,3.94516468834762,
84,72,-iiio,5,7.51034596057909,4.82620338330319,-iiio,5,7.51034596057909,4.82620338330319,
84,73,V,1,6.34063269382523,4.60564492695877,V,1,6.34063269382523,4.60564492695877,
84,74,I,1,4.85111001427325,5.46669167487898,I,1,4.85111001427325,5.46669167487898,
84,75,I,2,4.50831832526797,5.45560639315616,I,2,4.50831832526797,5.45560639315616,
84,76,II,3,5.35166312858255,5.33372806153571,-VI,3,5.28813674979997,5.33372806153571,0.0635263787825799
84,77,II,4,2.50109927687876,4.53950964896362,II,4,7.34555622796216,4.49788145005332,
84,78,V,5,3.43999352075838,4.84748406551075,V,1,4.47228090380525,5.43976809741605,
84,79,V,6,1.79871366923223,4.48942711302349,V,2,3.77809552467595,5.30602271708722,
84,80,I,7,1.28764840065061,3.69147802031321,I,3,3.20818701802479,5.00274493746863,
84,81,I,8,2.55206925035243,3.94516468834762,I,4,3.29200983611436,5.14037702869324,
,,,,,,,,,,
85,97,V,4,2.79972999839416,4.6548198985224,V,4,2.79972999839416,4.6548198985224,
85,98,-iiio,5,7.62688975772938,4.55666991419108,-iiio,5,7.62688975772938,4.55666991419108,
85,99,V,1,6.34063269382523,4.60564492695877,V,1,6.34063269382523,4.60564492695877,
85,100,I,1,4.85111001427325,5.46669167487898,I,1,4.85111001427325,5.46669167487898,
85,101,I,2,4.50831832526797,5.45560639315616,I,2,4.50831832526797,5.45560639315616,
85,102,II,3,5.35166312858255,5.33372806153571,-VI,3,5.28813674979997,5.33372806153571,0.0635263787825799
85,103,II,4,2.50109927687876,4.53950964896362,II,4,7.34555622796216,4.49788145005332,
85,104,V,5,3.43999352075838,4.84748406551075,V,1,4.47228090380525,5.43976809741605,
85,105,V,6,1.79871366923223,4.48942711302349,V,2,3.77809552467595,5.30602271708722,
85,106,I,7,1.28764840065061,3.69147802031321,I,3,3.20818701802479,5.00274493746863,
85,107,V,8,5.38967062010016,3.94516468834762,V,4,4.49384390587778,5.14037702869324,
,,,,,,,,,,
86,107,V,8,5.38967062010016,3.94516468834762,V,8,5.38967062010016,3.94516468834762,
86,108,-iiio,5,7.51034596057909,4.82620338330319,-iiio,5,7.51034596057909,4.82620338330319,
86,109,V,1,6.34063269382523,4.60564492695877,V,1,6.34063269382523,4.60564492695877,
86,110,I,1,4.85111001427325,5.46669167487898,I,1,4.85111001427325,5.46669167487898,
86,111,I,2,4.50831832526797,5.45560639315616,I,2,4.50831832526797,5.45560639315616,
86,112,II,3,5.35166312858255,5.33372806153571,-VI,3,5.28813674979997,5.33372806153571,0.0635263787825799
86,113,II,4,2.50109927687876,4.53950964896362,II,4,7.34555622796216,4.49788145005332,
86,114,II,5,4.29344220892282,4.84748406551075,II,1,4.9721686468723,5.43976809741605,
86,115,V,4,3.41314358478485,4.43767315887628,V,2,4.05597779219038,5.36229620203241,
86,116,I,4,2.94669963624473,4.84925713979246,I,3,3.81473511420434,5.17055335320006,
86,117,I,5,3.54096812534499,5.29448771668017,I,4,3.12833655834217,5.23312313221015,
,,,,,,,,,,
87,36,II,4,3.47401632994702,4.61669569934493,II,4,3.47401632994702,4.61669569934493,
87,37,II,4,2.63842405699175,4.6548198985224,II,4,2.63842405699175,4.6548198985224,
87,38,II,5,1.73031276830698,4.08118604207193,II,5,1.73031276830698,4.08118604207193,
87,39,V,6,3.19349562074937,4.11040772307328,V,6,3.19349562074937,4.11040772307328,
87,40,I,5,3.18337347018043,4.55666991419108,I,5,3.18337347018043,4.55666991419108,
87,41,-iiio,5,6.06403433670259,5.29448771668017,v,5,5.99962496500797,5.29448771668017,0.0644093716946212
87,42,V,2,8.89738007050441,1.17138347879739,V,3,5.64389909971108,4.83841594777698,
87,43,I,1,4.85111001427325,5.46669167487898,I,2,4.48358232578865,5.27941083274563,
87,44,I,2,4.50831832526797,5.45560639315616,I,3,2.87094877671071,5.12150408830355,
87,45,II,3,5.35166312858255,5.33372806153571,II,4,5.50866792688572,5.20551217784766,
87,46,II,4,2.50109927687876,4.53950964896362,II,4,2.50109927687876,4.53950964896362,
,,,,,,,,,,
88,20,II,4,2.50109927687876,4.53950964896362,II,4,2.50109927687876,4.53950964896362,
88,21,V,5,3.43999352075838,4.84748406551075,V,5,3.43999352075838,4.84748406551075,
88,22,V,6,1.79871366923223,4.48942711302349,V,6,1.79871366923223,4.48942711302349,
88,23,I,7,1.28764840065061,3.69147802031321,I,7,1.28764840065061,3.69147802031321,
88,24,I,8,2.55206925035243,3.94516468834762,I,8,2.55206925035243,3.94516468834762,
88,25,III,8,6.35142791196173,4.58609295940647,VII,8,6.41920913364746,4.58609295940647,0.0677812216857285
88,26,III,5,1.58060946098375,3.93951639728918,III,5,5.852052459928,3.82872926051625,
88,27,III,5,4.99666766371085,3.7634047189025,III,2,2.3548848766319,4.91961036626013,
88,28,III,3,2.29573139403677,4.74284767392403,III,3,4.25718836878416,4.96959458240777,
88,29,III,4,2.29573139403677,4.74284767392403,III,3,2.29573139403677,4.74284767392403,
88,30,III,5,2.8723844788792,4.92702507456443,III,4,2.29573139403677,4.74284767392403,
,,,,,,,,,,
89,3,I,2,1.89936881368779,3.69412414818343,I,2,1.89936881368779,3.69412414818343,
89,4,-iiio,3,7.18206666169357,4.57623134560183,-iiio,3,7.18206666169357,4.57623134560183,
89,5,V,2,8.89738007050441,1.17138347879739,V,2,8.89738007050441,1.17138347879739,
89,6,I,1,4.85111001427325,5.46669167487898,I,1,4.85111001427325,5.46669167487898,
89,7,I,2,4.50831832526797,5.45560639315616,I,2,4.50831832526797,5.45560639315616,
89,8,II,3,5.35166312858255,5.33372806153571,v,3,5.41961287467999,5.33372806153571,0.0679497460974412
89,9,II,4,2.50109927687876,4.53950964896362,II,4,7.64314881293246,3.54736305964928,
89,10,V,5,3.43999352075838,4.84748406551075,V,2,3.42097182178473,5.13404403257089,
89,11,V,6,1.79871366923223,4.48942711302349,V,3,4.09132657076162,4.83329145926958,
89,12,V,7,3.67276985370792,3.69147802031321,V,3,3.19922209545213,5.00274493746863,
89,13,I,5,3.89019524870925,4.60987050256076,I,4,3.60749035810328,4.98931318138572,
,,,,,,,,,,
90,14,I,5,3.29218874242061,5.11630123681393,I,5,3.29218874242061,5.11630123681393,
90,15,-iiio,6,7.36302579152234,4.81072816038344,-iiio,6,7.36302579152234,4.81072816038344,
90,16,V,2,7.40087943628218,2.72492290919709,V,2,7.40087943628218,2.72492290919709,
90,17,I,1,4.85111001427325,5.46669167487898,I,1,4.85111001427325,5.46669167487898,
90,18,I,2,4.50831832526797,5.45560639315616,I,2,4.50831832526797,5.45560639315616,
90,19,II,3,5.35166312858255,5.33372806153571,v,3,5.41961287467999,5.33372806153571,0.0679497460974412
90,20,II,4,2.50109927687876,4.53950964896362,II,4,7.64314881293246,3.54736305964928,
90,21,V,5,3.43999352075838,4.84748406551075,V,2,3.42097182178473,5.13404403257089,
90,22,V,6,1.79871366923223,4.48942711302349,V,3,4.09132657076162,4.83329145926958,
90,23,I,7,1.28764840065061,3.69147802031321,I,3,3.20818701802479,5.00274493746863,
90,24,I,8,2.55206925035243,3.94516468834762,I,4,3.29200983611436,5.14037702869324,
,,,,,,,,,,
91,51,I,5,3.29218874242061,5.11630123681393,I,5,3.29218874242061,5.11630123681393,
91,52,-iiio,6,7.36302579152234,4.81072816038344,-iiio,6,7.36302579152234,4.81072816038344,
91,53,V,2,7.40087943628218,2.72492290919709,V,2,7.40087943628218,2.72492290919709,
91,54,I,1,4.85111001427325,5.46669167487898,I,1,4.85111001427325,5.46669167487898,
91,55,I,2,4.50831832526797,5.45560639315616,I,2,4.50831832526797,5.45560639315616,
91,56,II,3,5.35166312858255,5.33372806153571,v,3,5.41961287467999,5.33372806153571,0.0679497460974412
91,57,II,4,2.50109927687876,4.53950964896362,II,4,7.64314881293246,3.54736305964928,
91,58,V,5,3.43999352075838,4.84748406551075,V,2,3.42097182178473,5.13404403257089,
91,59,V,6,1.79871366923223,4.48942711302349,V,3,4.09132657076162,4.83329145926958,
91,60,I,7,1.28764840065061,3.69147802031321,I,3,3.20818701802479,5.00274493746863,
91,61,-VI,8,6.49632660755585,3.94516468834762,-VI,4,5.60049989333346,5.14037702869324,
,,,,,,,,,,
92,71,V,8,5.38967062010016,3.94516468834762,V,8,5.38967062010016,3.94516468834762,
92,72,-iiio,5,7.51034596057909,4.82620338330319,-iiio,5,7.51034596057909,4.82620338330319,
92,73,V,1,6.34063269382523,4.60564492695877,V,1,6.34063269382523,4.60564492695877,
92,74,I,1,4.85111001427325,5.46669167487898,I,1,4.85111001427325,5.46669167487898,
92,75,I,2,4.50831832526797,5.45560639315616,I,2,4.50831832526797,5.45560639315616,
92,76,II,3,5.35166312858255,5.33372806153571,v,3,5.41961287467999,5.33372806153571,0.0679497460974412
92,77,II,4,2.50109927687876,4.53950964896362,II,4,7.64314881293246,3.54736305964928,
92,78,V,5,3.43999352075838,4.84748406551075,V,2,3.42097182178473,5.13404403257089,
92,79,V,6,1.79871366923223,4.48942711302349,V,3,4.09132657076162,4.83329145926958,
92,80,I,7,1.28764840065061,3.69147802031321,I,3,3.20818701802479,5.00274493746863,
92,81,I,8,2.55206925035243,3.94516468834762,I,4,3.29200983611436,5.14037702869324,
,,,,,,,,,,
93,97,V,4,2.79972999839416,4.6548198985224,V,4,2.79972999839416,4.6548198985224,
93,98,-iiio,5,7.62688975772938,4.55666991419108,-iiio,5,7.62688975772938,4.55666991419108,
93,99,V,1,6.34063269382523,4.60564492695877,V,1,6.34063269382523,4.60564492695877,
93,100,I,1,4.85111001427325,5.46669167487898,I,1,4.85111001427325,5.46669167487898,
93,101,I,2,4.50831832526797,5.45560639315616,I,2,4.50831832526797,5.45560639315616,
93,102,II,3,5.35166312858255,5.33372806153571,v,3,5.41961287467999,5.33372806153571,0.0679497460974412
93,103,II,4,2.50109927687876,4.53950964896362,II,4,7.64314881293246,3.54736305964928,
93,104,V,5,3.43999352075838,4.84748406551075,V,2,3.42097182178473,5.13404403257089,
93,105,V,6,1.79871366923223,4.48942711302349,V,3,4.09132657076162,4.83329145926958,
93,106,I,7,1.28764840065061,3.69147802031321,I,3,3.20818701802479,5.00274493746863,
93,107,V,8,5.38967062010016,3.94516468834762,V,4,4.49384390587778,5.14037702869324,
,,,,,,,,,,
94,107,V,8,5.38967062010016,3.94516468834762,V,8,5.38967062010016,3.94516468834762,
94,108,-iiio,5,7.51034596057909,4.82620338330319,-iiio,5,7.51034596057909,4.82620338330319,
94,109,V,1,6.34063269382523,4.60564492695877,V,1,6.34063269382523,4.60564492695877,
94,110,I,1,4.85111001427325,5.46669167487898,I,1,4.85111001427325,5.46669167487898,
94,111,I,2,4.50831832526797,5.45560639315616,I,2,4.50831832526797,5.45560639315616,
94,112,II,3,5.35166312858255,5.33372806153571,v,3,5.41961287467999,5.33372806153571,0.0679497460974412
94,113,II,4,2.50109927687876,4.53950964896362,II,4,7.64314881293246,3.54736305964928,
94,114,II,5,4.29344220892282,4.84748406551075,II,2,5.23680550172402,5.13404403257089,
94,115,V,4,3.41314358478485,4.43767315887628,V,2,4.05597779219038,5.36229620203241,
94,116,I,4,2.94669963624473,4.84925713979246,I,3,3.81473511420434,5.17055335320006,
94,117,I,5,3.54096812534499,5.29448771668017,I,4,3.12833655834217,5.23312313221015,
,,,,,,,,,,
95,10,V,5,3.43999352075838,4.84748406551075,V,5,3.43999352075838,4.84748406551075,
95,11,V,6,1.79871366923223,4.48942711302349,V,6,1.79871366923223,4.48942711302349,
95,12,V,7,3.67276985370792,3.69147802031321,V,7,3.67276985370792,3.69147802031321,
95,13,I,5,3.89019524870925,4.60987050256076,I,5,3.89019524870925,4.60987050256076,
95,14,I,5,3.29218874242061,5.11630123681393,I,5,3.29218874242061,5.11630123681393,
95,15,-iiio,6,7.36302579152234,4.81072816038344,V+,6,7.43231365922941,4.81072816038344,0.0692878677070716
95,16,V,2,7.40087943628218,2.72492290919709,V,2,6.35368003492708,4.6710280710342,
95,17,I,1,4.85111001427325,5.46669167487898,I,1,4.85111001427325,5.46669167487898,
95,18,I,2,4.50831832526797,5.45560639315616,I,2,4.50831832526797,5.45560639315616,
95,19,II,3,5.35166312858255,5.33372806153571,II,3,5.35166312858255,5.33372806153571,
95,20,II,4,2.50109927687876,4.53950964896362,II,4,2.50109927687876,4.53950964896362,
,,,,,,,,,,
96,83,III,5,1.58060946098375,3.93951639728918,III,5,1.58060946098375,3.93951639728918,
96,84,III,5,4.99666766371085,3.7634047189025,III,5,4.99666766371085,3.7634047189025,
96,85,III,3,2.29573139403677,4.74284767392403,III,3,2.29573139403677,4.74284767392403,
96,86,III,4,2.29573139403677,4.74284767392403,III,4,2.29573139403677,4.74284767392403,
96,87,III,5,2.8723844788792,4.92702507456443,III,5,2.8723844788792,4.92702507456443,
96,88,vi,6,4.39114394169607,4.38877938791767,IV,6,4.32107077717225,4.38877938791767,0.0700731645238282
96,89,vi,3,2.45857368711708,4.8364567179594,vi,3,6.22427556030066,4.62450399022426,
96,90,II,4,3.04361439473839,4.91800757034399,II,2,4.25454344955002,5.27707633585266,
96,91,ii,5,4.94497813314987,3.85370621382067,ii,3,4.77866787039927,4.65573740271879,
96,92,-II,4,7.27286570050427,3.73112419416509,-II,3,6.93226126502094,4.30566727627943,
96,93,II,2,6.25220519159343,4.20638696283445,II,2,6.25220519159343,4.20638696283445,
,,,,,,,,,,
97,89,vi,3,2.45857368711708,4.8364567179594,vi,3,2.45857368711708,4.8364567179594,
97,90,II,4,3.04361439473839,4.91800757034399,II,4,3.04361439473839,4.91800757034399,
97,91,ii,5,4.94497813314987,3.85370621382067,ii,5,4.94497813314987,3.85370621382067,
97,92,-II,4,7.27286570050427,3.73112419416509,-II,4,7.27286570050427,3.73112419416509,
97,93,II,2,6.25220519159343,4.20638696283445,II,2,6.25220519159343,4.20638696283445,
97,94,II,2,5.25017578849455,5.15335247963165,-VII,2,5.32914065860098,5.15335247963165,0.0789648701064234
97,95,II,2,4.27206649068865,5.36229620203241,II,2,4.38981536131471,5.25977601940482,
97,96,II,3,3.17486076771381,4.96071111023253,II,3,2.74000097045193,4.88362613059687,
97,97,V,4,2.79972999839416,4.6548198985224,V,3,4.27463359717449,5.04681195202937,
97,98,-iiio,5,7.62688975772938,4.55666991419108,-iiio,3,7.10694701322927,5.17055335320006,
97,99,V,1,6.34063269382523,4.60564492695877,V,1,6.34063269382523,4.60564492695877,
,,,,,,,,,,
98,91,ii,5,4.94497813314987,3.85370621382067,ii,5,4.94497813314987,3.85370621382067,
98,92,-II,4,7.27286570050427,3.73112419416509,-II,4,7.27286570050427,3.73112419416509,
98,93,II,2,6.25220519159343,4.20638696283445,II,2,6.25220519159343,4.20638696283445,
98,94,II,2,5.25017578849455,5.15335247963165,II,2,5.25017578849455,5.15335247963165,
98,95,II,2,4.27206649068865,5.36229620203241,II,2,4.27206649068865,5.36229620203241,
98,96,II,3,3.17486076771381,4.96071111023253,V,3,3.09335349103138,4.96071111023253,0.0815072766824301
98,97,V,4,2.79972999839416,4.6548198985224,V,4,2.65231781811916,4.84925713979246,
98,98,-iiio,5,7.62688975772938,4.55666991419108,-iiio,5,8.11091669791126,4.10328052826385,
98,99,V,1,6.34063269382523,4.60564492695877,V,1,6.34063269382523,4.60564492695877,
98,100,I,1,4.85111001427325,5.46669167487898,I,1,4.85111001427325,5.46669167487898,
98,101,I,2,4.50831832526797,5.45560639315616,I,2,4.50831832526797,5.45560639315616,
,,,,,,,,,,
99,11,V,6,1.79871366923223,4.48942711302349,V,6,1.79871366923223,4.48942711302349,
99,12,V,7,3.67276985370792,3.69147802031321,V,7,3.67276985370792,3.69147802031321,
99,13,I,5,3.89019524870925,4.60987050256076,I,5,3.89019524870925,4.60987050256076,
99,14,I,5,3.29218874242061,5.11630123681393,I,5,3.29218874242061,5.11630123681393,
99,15,-iiio,6,7.36302579152234,4.81072816038344,-iiio,6,7.36302579152234,4.81072816038344,
99,16,V,2,7.40087943628218,2.72492290919709,i,2,7.48240932177878,2.72492290919709,0.0815298854965985
99,17,I,1,4.85111001427325,5.46669167487898,I,1,5.14651707566779,5.44911180750024,
99,18,I,2,4.50831832526797,5.45560639315616,I,2,4.06342622428894,5.39326981407701,
99,19,II,3,5.35166312858255,5.33372806153571,II,3,5.73202761073621,5.24289363200954,
99,20,II,4,2.50109927687876,4.53950964896362,II,3,3.03874253232765,4.79037819771576,
99,21,V,5,3.43999352075838,4.84748406551075,V,4,3.70067707883114,5.04921921252645,
,,,,,,,,,,
100,37,II,4,2.63842405699175,4.6548198985224,II,4,2.63842405699175,4.6548198985224,
100,38,II,5,1.73031276830698,4.08118604207193,II,5,1.73031276830698,4.08118604207193,
100,39,V,6,3.19349562074937,4.11040772307328,V,6,3.19349562074937,4.11040772307328,
100,40,I,5,3.18337347018043,4.55666991419108,I,5,3.18337347018043,4.55666991419108,
100,41,-iiio,5,6.06403433670259,5.29448771668017,-iiio,5,6.06403433670259,5.29448771668017,
100,42,V,2,8.89738007050441,1.17138347879739,i,2,8.97890995600101,1.17138347879739,0.0815298854965985
100,43,I,1,4.85111001427325,5.46669167487898,I,1,5.14651707566779,5.44911180750024,
100,44,I,2,4.50831832526797,5.45560639315616,I,2,4.06342622428894,5.39326981407701,
100,45,II,3,5.35166312858255,5.33372806153571,II,3,5.73202761073621,5.24289363200954,
100,46,II,4,2.50109927687876,4.53950964896362,II,3,3.03874253232765,4.79037819771576,
100,47,V,5,3.43999352075838,4.84748406551075,V,4,3.70067707883114,5.04921921252645,
,,,,,,,,,,
101,68,V,6,3.67049674352042,4.47942807254795,V,6,3.67049674352042,4.47942807254795,
101,69,V,6,1.79871366923223,4.48942711302349,V,6,1.79871366923223,4.48942711302349,
101,70,I,7,1.28764840065061,3.69147802031321,I,7,1.28764840065061,3.69147802031321,
101,71,V,8,5.38967062010016,3.94516468834762,V,8,5.38967062010016,3.94516468834762,
101,72,-iiio,5,7.51034596057909,4.82620338330319,-iiio,5,7.51034596057909,4.82620338330319,
101,73,V,1,6.34063269382523,4.60564492695877,i,1,6.42216257932183,4.60564492695877,0.0815298854965985
101,74,I,1,4.85111001427325,5.46669167487898,I,1,5.14651707566779,5.44911180750024,
101,75,I,2,4.50831832526797,5.45560639315616,I,2,4.06342622428894,5.39326981407701,
101,76,II,3,5.35166312858255,5.33372806153571,II,3,5.73202761073621,5.24289363200954,
101,77,II,4,2.50109927687876,4.53950964896362,II,3,3.03874253232765,4.79037819771576,
101,78,V,5,3.43999352075838,4.84748406551075,V,4,3.70067707883114,5.04921921252645,
,,,,,,,,,,
102,94,II,2,5.25017578849455,5.15335247963165,II,2,5.25017578849455,5.15335247963165,
102,95,II,2,4.27206649068865,5.36229620203241,II,2,4.27206649068865,5.36229620203241,
102,96,II,3,3.17486076771381,4.96071111023253,II,3,3.17486076771381,4.96071111023253,
102,97,V,4,2.79972999839416,4.6548198985224,V,4,2.79972999839416,4.6548198985224,
102,98,-iiio,5,7.62688975772938,4.55666991419108,-iiio,5,7.62688975772938,4.55666991419108,
102,99,V,1,6.34063269382523,4.60564492695877,i,1,6.42216257932183,4.60564492695877,0.0815298854965985
102,100,I,1,4.85111001427325,5.46669167487898,I,1,5.14651707566779,5.44911180750024,
102,101,I,2,4.50831832526797,5.45560639315616,I,2,4.06342622428894,5.39326981407701,
102,102,II,3,5.35166312858255,5.33372806153571,II,3,5.73202761073621,5.24289363200954,
102,103,II,4,2.50109927687876,4.53950964896362,II,3,3.03874253232765,4.79037819771576,
102,104,V,5,3.43999352075838,4.84748406551075,V,4,3.70067707883114,5.04921921252645,
,,,,,,,,,,
103,104,V,5,3.43999352075838,4.84748406551075,V,5,3.43999352075838,4.84748406551075,
103,105,V,6,1.79871366923223,4.48942711302349,V,6,1.79871366923223,4.48942711302349,
103,106,I,7,1.28764840065061,3.69147802031321,I,7,1.28764840065061,3.69147802031321,
103,107,V,8,5.38967062010016,3.94516468834762,V,8,5.38967062010016,3.94516468834762,
103,108,-iiio,5,7.51034596057909,4.82620338330319,-iiio,5,7.51034596057909,4.82620338330319,
103,109,V,1,6.34063269382523,4.60564492695877,i,1,6.42216257932183,4.60564492695877,0.0815298854965985
103,110,I,1,4.85111001427325,5.46669167487898,I,1,5.14651707566779,5.44911180750024,
103,111,I,2,4.50831832526797,5.45560639315616,I,2,4.06342622428894,5.39326981407701,
103,112,II,3,5.35166312858255,5.33372806153571,II,3,5.73202761073621,5.24289363200954,
103,113,II,4,2.50109927687876,4.53950964896362,II,3,3.03874253232765,4.79037819771576,
103,114,II,5,4.29344220892282,4.84748406551075,II,4,4.10286357508852,5.04921921252645,
,,,,,,,,,,
104,88,vi,6,4.39114394169607,4.38877938791767,vi,6,4.39114394169607,4.38877938791767,
104,89,vi,3,2.45857368711708,4.8364567179594,vi,3,2.45857368711708,4.8364567179594,
104,90,II,4,3.04361439473839,4.91800757034399,II,4,3.04361439473839,4.91800757034399,
104,91,ii,5,4.94497813314987,3.85370621382067,ii,5,4.94497813314987,3.85370621382067,
104,92,-II,4,7.27286570050427,3.73112419416509,-II,4,7.27286570050427,3.73112419416509,
104,93,II,2,6.25220519159343,4.20638696283445,ii,2,6.16982219379501,4.20638696283445,0.0823829977984225
104,94,II,2,5.25017578849455,5.15335247963165,II,2,5.83968801642404,5.14353338478997,
104,95,II,2,4.27206649068865,5.36229620203241,II,2,3.84415103812403,5.02950415787607,
104,96,II,3,3.17486076771381,4.96071111023253,II,3,3.50365230742837,5.2224136996794,
104,97,V,4,2.79972999839416,4.6548198985224,V,4,3.45354781790167,4.42830335705266,
104,98,-iiio,5,7.62688975772938,4.55666991419108,-iiio,4,7.39021592379367,4.84925713979246,
,,,,,,,,,,
105,10,V,5,3.43999352075838,4.84748406551075,V,5,3.43999352075838,4.84748406551075,
105,11,V,6,1.79871366923223,4.48942711302349,V,6,1.79871366923223,4.48942711302349,
105,12,V,7,3.67276985370792,3.69147802031321,V,7,3.67276985370792,3.69147802031321,
105,13,I,5,3.89019524870925,4.60987050256076,I,5,3.89019524870925,4.60987050256076,
105,14,I,5,3.29218874242061,5.11630123681393,I,5,3.29218874242061,5.11630123681393,
105,15,-iiio,6,7.36302579152234,4.81072816038344,vo,6,7.2777751171323,4.81072816038344,0.085250674390041
105,16,V,2,7.40087943628218,2.72492290919709,V,2,4.31410092345797,4.10706483918174,
105,17,I,1,4.85111001427325,5.46669167487898,I,2,5.08329332769962,5.26710695268474,
105,18,I,2,4.50831832526797,5.45560639315616,I,2,4.50831832526797,5.45560639315616,
105,19,II,3,5.35166312858255,5.33372806153571,II,3,5.35166312858255,5.33372806153571,
105,20,II,4,2.50109927687876,4.53950964896362,II,4,2.50109927687876,4.53950964896362,
,,,,,,,,,,
106,87,III,5,2.8723844788792,4.92702507456443,III,5,2.8723844788792,4.92702507456443,
106,88,vi,6,4.39114394169607,4.38877938791767,vi,6,4.39114394169607,4.38877938791767,
106,89,vi,3,2.45857368711708,4.8364567179594,vi,3,2.45857368711708,4.8364567179594,
106,90,II,4,3.04361439473839,4.91800757034399,II,4,3.04361439473839,4.91800757034399,
106,91,ii,5,4.94497813314987,3.85370621382067,ii,5,4.94497813314987,3.85370621382067,
106,92,-II,4,7.27286570050427,3.73112419416509,v,4,7.18472581366392,3.73112419416509,0.0881398868403496
106,93,II,2,6.25220519159343,4.20638696283445,II,2,3.72715773926536,5.16193037516143,
106,94,II,2,5.25017578849455,5.15335247963165,II,3,5.59218223233652,4.56439066601241,
106,95,II,2,4.27206649068865,5.36229620203241,II,2,4.27206649068865,5.36229620203241,
106,96,II,3,3.17486076771381,4.96071111023253,II,3,3.17486076771381,4.96071111023253,
106,97,V,4,2.79972999839416,4.6548198985224,V,4,2.79972999839416,4.6548198985224,
,,,,,,,,,,
107,3,I,2,1.89936881368779,3.69412414818343,I,2,1.89936881368779,3.69412414818343,
107,4,-iiio,3,7.18206666169357,4.57623134560183,-iiio,3,7.18206666169357,4.57623134560183,
107,5,V,2,8.89738007050441,1.17138347879739,V,2,8.89738007050441,1.17138347879739,
107,6,I,1,4.85111001427325,5.46669167487898,I,1,4.85111001427325,5.46669167487898,
107,7,I,2,4.50831832526797,5.45560639315616,I,2,4.50831832526797,5.45560639315616,
107,8,II,3,5.35166312858255,5.33372806153571,VI,3,5.26100398732207,5.33372806153571,0.0906591412604847
107,9,II,4,2.50109927687876,4.53950964896362,II,4,2.57486645689587,4.16845819625981,
107,10,V,5,3.43999352075838,4.84748406551075,V,5,2.28152644993549,4.47994880151096,
107,11,V,6,1.79871366923223,4.48942711302349,V,6,4.55027039634158,3.56036492435641,
107,12,V,7,3.67276985370792,3.69147802031321,V,4,3.83114105676629,3.8927603713588,
107,13,I,5,3.89019524870925,4.60987050256076,I,4,3.60749035810328,4.98931318138572,
,,,,,,,,,,
108,14,I,5,3.29218874242061,5.11630123681393,I,5,3.29218874242061,5.11630123681393,
108,15,-iiio,6,7.36302579152234,4.81072816038344,-iiio,6,7.36302579152234,4.81072816038344,
108,16,V,2,7.40087943628218,2.72492290919709,V,2,7.40087943628218,2.72492290919709,
108,17,I,1,4.85111001427325,5.46669167487898,I,1,4.85111001427325,5.46669167487898,
108,18,I,2,4.50831832526797,5.45560639315616,I,2,4.50831832526797,5.45560639315616,
108,19,II,3,5.35166312858255,5.33372806153571,VI,3,5.26100398732207,5.33372806153571,0.0906591412604847
108,20,II,4,2.50109927687876,4.53950964896362,II,4,2.57486645689587,4.16845819625981,
108,21,V,5,3.43999352075838,4.84748406551075,V,5,2.28152644993549,4.47994880151096,
108,22,V,6,1.79871366923223,4.48942711302349,V,6,4.55027039634158,3.56036492435641,
108,23,I,7,1.28764840065061,3.69147802031321,I,4,1.23613695154456,3.8927603713588,
108,24,I,8,2.55206925035243,3.94516468834762,I,5,2.61149079952309,4.87669535816167,
,,,,,,,,,,
109,51,I,5,3.29218874242061,5.11630123681393,I,5,3.29218874242061,5.11630123681393,
109,52,-iiio,6,7.36302579152234,4.81072816038344,-iiio,6,7.36302579152234,4.81072816038344,
109,53,V,2,7.40087943628218,2.72492290919709,V,2,7.40087943628218,2.72492290919709,
109,54,I,1,4.85111001427325,5.46669167487898,I,1,4.85111001427325,5.46669167487898,
109,55,I,2,4.50831832526797,5.45560639315616,I,2,4.50831832526797,5.45560639315616,
109,56,II,3,5.35166312858255,5.33372806153571,VI,3,5.26100398732207,5.33372806153571,0.0906591412604847
109,57,II,4,2.50109927687876,4.53950964896362,II,4,2.57486645689587,4.16845819625981,
109,58,V,5,3.43999352075838,4.84748406551075,V,5,2.28152644993549,4.47994880151096,
109,59,V,6,1.79871366923223,4.48942711302349,V,6,4.55027039634158,3.56036492435641,
109,60,I,7,1.28764840065061,3.69147802031321,I,4,1.23613695154456,3.8927603713588,
109,61,-VI,8,6.49632660755585,3.94516468834762,-VI,5,5.84287333799813,4.87669535816167,
,,,,,,,,,,
110,71,V,8,5.38967062010016,3.94516468834762,V,8,5.38967062010016,3.94516468834762,
110,72,-iiio,5,7.51034596057909,4.82620338330319,-iiio,5,7.51034596057909,4.82620338330319,
110,73,V,1,6.34063269382523,4.60564492695877,V,1,6.34063269382523,4.60564492695877,
110,74,I,1,4.85111001427325,5.46669167487898,I,1,4.85111001427325,5.46669167487898,
110,75,I,2,4.50831832526797,5.45560639315616,I,2,4.50831832526797,5.45560639315616,
110,76,II,3,5.35166312858255,5.33372806153571,VI,3,5.26100398732207,5.33372806153571,0.0906591412604847
110,77,II,4,2.50109927687876,4.53950964896362,II,4,2.57486645689587,4.16845819625981,
110,78,V,5,3.43999352075838,4.84748406551075,V,5,2.28152644993549,4.47994880151096,
110,79,V,6,1.79871366923223,4.48942711302349,V,6,4.55027039634158,3.56036492435641,
110,80,I,7,1.28764840065061,3.69147802031321,I,4,1.23613695154456,3.8927603713588,
110,81,I,8,2.55206925035243,3.94516468834762,I,5,2.61149079952309,4.87669535816167,
,,,,,,,,,,
111,97,V,4,2.79972999839416,4.6548198985224,V,4,2.79972999839416,4.6548198985224,
111,98,-iiio,5,7.62688975772938,4.55666991419108,-iiio,5,7.62688975772938,4.55666991419108,
111,99,V,1,6.34063269382523,4.60564492695877,V,1,6.34063269382523,4.60564492695877,
111,100,I,1,4.85111001427325,5.46669167487898,I,1,4.85111001427325,5.46669167487898,
111,101,I,2,4.50831832526797,5.45560639315616,I,2,4.50831832526797,5.45560639315616,
111,102,II,3,5.35166312858255,5.33372806153571,VI,3,5.26100398732207,5.33372806153571,0.0906591412604847
111,103,II,4,2.50109927687876,4.53950964896362,II,4,2.57486645689587,4.16845819625981,
111,104,V,5,3.43999352075838,4.84748406551075,V,5,2.28152644993549,4.47994880151096,
111,105,V,6,1.79871366923223,4.48942711302349,V,6,4.55027039634158,3.56036492435641,
111,106,I,7,1.28764840065061,3.69147802031321,I,4,1.23613695154456,3.8927603713588,
111,107,V,8,5.38967062010016,3.94516468834762,V,5,4.73621735054245,4.87669535816167,
,,,,,,,,,,
112,107,V,8,5.38967062010016,3.94516468834762,V,8,5.38967062010016,3.94516468834762,
112,108,-iiio,5,7.51034596057909,4.82620338330319,-iiio,5,7.51034596057909,4.82620338330319,
112,109,V,1,6.34063269382523,4.60564492695877,V,1,6.34063269382523,4.60564492695877,
112,110,I,1,4.85111001427325,5.46669167487898,I,1,4.85111001427325,5.46669167487898,
112,111,I,2,4.50831832526797,5.45560639315616,I,2,4.50831832526797,5.45560639315616,
112,112,II,3,5.35166312858255,5.33372806153571,VI,3,5.26100398732207,5.33372806153571,0.0906591412604847
112,113,II,4,2.50109927687876,4.53950964896362,II,4,2.57486645689587,4.16845819625981,
112,114,II,5,4.29344220892282,4.84748406551075,II,5,2.5349406677403,4.47994880151096,
112,115,V,4,3.41314358478485,4.43767315887628,V,6,1.65351974979946,4.38298095059774,
112,116,I,4,2.94669963624473,4.84925713979246,I,5,4.74920369377433,3.65892240959118,
112,117,I,5,3.54096812534499,5.29448771668017,I,4,3.12833655834217,5.23312313221015,
,,,,,,,,,,
