6 1 6 1 6 1 6 1 6 1 2 18 3 1 29 1 29 1 2 18 3 1 6 1 6 1 2 18 3 1 29 1 29 1 2 18 3 1 6 1 6 1 6
12 9 4 12 9 4 12 9 4 12 9 4 12 9 4 12 9 4 12 9 2 11 4 2 9 2 11 4 2 12 9 2 11 4 2 9 2 11 4 2 12 9 4 12 9 4 12 9 4 12 9 2 11 4 2 9 2 11 4 2 9 2 11 4 2 9 2 11 4 2
1 6 1 6 1 7 1 6 1 6 1 7 1 6 1 6 1 7 1 6 1 6 1 7 1 6 1 6 1 7 1 6 1 6 1 7 1 6 1 6 1 7 1 6 1 6 1 7 1 6 1 6 1 7 1 6 1 6 1 7 1 6 1 6 1 7 1 6 1 6 1 7 1 6 1 6 1 7 1
1 6 2 3 1 6 2 3 1 2 1 3 2 1 3 2 1 2 1 3 2 1 3 2 1 2 1 2 3 34 3 1 2 1 3 2 1 3 2 1 2 3 1
1 2 1 2 10 1 19 1 6 2 10 3 2 17 10 1 2 10 3 33 6 6 10 23 1 2 10 3 33 6 6 10 23 1 2 1 2 10 1 19 1 6 2 10 3 2 17 10 1 2 10 3 33 6 6 10 23 1 2 10 3 33 6 6 10 23 1 2 10 3 33 6 6 10 23 1 2 10 3 33 6 6 10 23 1 2 10 3 32 6 6 10 23
1 12 1 1 12 1 1 12 1 2 2 1 10 1 3 1 12 1 2 2 1 3 1 3 1 2 1 7 1 12 1 12 1 1 2 1 10 3 1 12 1 2 2 1 3 1 3 1 2 1 7 1 12 1 12 1 2 2 1 10 3 1 12 1 2 2 1 7 1 12 1 2 2 1 10 3 1 12 1 2 2 1 3 1 3 1 2 1 3 1 3 1 2 1 3 1 12 1 1
1 26 25 26 25 26 4 1 26 25 26 25 26 4 1 3 73 14 3 73 14 8 14 8 14 8 14 8 14 1 8 1 8 1 8 1 2 8 14 8 14 8 14 8 26 4 1 26 25 26 25 26 4 1 8 14 8 14 8 14 8 14 1 8 1 8 1 8 1 2 8 14 8 14 8 14 8 26 4 1 26 4 1 26 4 1 26 4 1 26 4 1 26 4 1 26 4 1
1 2 3 2 1 2 3 2 1 2 1 2 1 2 1 2 1 2 1 2 3 1 1 1 2 24 2 24 2 24 2 1 2 1 3 2 1 2 62 8 3 2 3 1 2 1 20 1 23 3 2 3 1 2 1 20 1 3 2 3 2 3 1 2 1 2 1 2 1 2 1 2 1 2 3 1 1 1 2 24 2 24 2 24 2 1 2 1 3 2 1 2 62 8 3 2 3 1 2 1 20 1 23 3 2 3 1 2 1 20 1 3 2 23 3 2 3 1 2 1 20 1 23 3 2 3 1 2 1 20 1 23 3 2 3
1 3 2 3 1 3 2 3 1 3 2 3 14 17 2 3 1 3 2 3 14 17 2 3 2 3 17 14 3 2 3 17 14 3 2 3 17 14 3 10 3 1 10 2 3 1 10 2 3 1 10 2 3 1 10 3 1 2 10 3 1 2 10 3 1 3 2 3 14 17 2 3 1 3 2 3 14 17 2 3 2 3 17 14 3 2 3 17 14 3 2 3 17 14 3 10 3 1 10 2 3 1 10 2 3 1 10 2 3 1 10 3 1 2 10 3 1 2 10 3 1 3 2 3 14 17 2 3 14 17 2 3 10 3 1 10 2 3 1 10 2 3 1 10 2 3 1 10 2 3 1 10 2 3 1 10 3 1 10 2 3 1 10 2 3 1 10 2 3 1 10 3 1 2 10 3 1 2 10 3 1 2 10 3 1 2 10 3 1 2 10 3 1 2 10 3 1 2 3 2 3 1
1 10 2 1 10 2 1 10 2 1 10 2 1 10 2 1 10 2 1 10 2 1 10 2 6 2 3 1 7 1 7 1 6 2 3 1 7 1 7 1 6 2 3 1 7 1 7 1 10 2 1 10 2 1 10 2 1 10 2 1 10 2 1 10 2 1 10 2 1 10 2 1 10 2 1 10 2 1 10 2 1 10 2 6 2 3 1 7 1 7 1 6 2 3 1 7 1 7 1 10 2 1 10 2 1 10 2 1 10 2 1 10 2 1 10 2 1 10 2 1 10 2 1 10 2 1 10 2 1 10 2 1 10 2 1 10 2 1 10 2 1 10 2 1 10 2 1 10 2 1 10 2 1
5 15 5 15 5 15 5 15 5 15 5 15 5 15 5 15 5 15 5 15 5 15 5 15 5 15 5 15 5 15 5 15 5 15 5 15 5 15 5 15 7 5 15 5 15 5 15 5 15 5 15 5 15 5 15 5 15 5 15 5 15 5 15 5 15 5 15 5 15 5 15 5 15 7 5 15 5 15 5 15 5 15 5 15 5 15 5 15 5 15 5 15 5 15 5 15 5 15 5 15 5 15 5 15 5 15 5 15 5 15 5 15 5 15 5 15 5 15 5 15 5 15 5 15 5 15 5 15 5 15 5 15 5 15 5 15 5 15 5 15 5 15 5 15 5 15 5 15 5 15 5 15 5 15 7 5 15 5 15 5 15 5 15 5 15 5 15 5 15 5 15 5 15 5 15 5 15 5 15 5 15 5 15 5 15 5 15 5 15 5 15 5 15 5 15 5 15 5 15 5 15 5 15 5 15 5 15 5 15 5 15 5 15 5 15 5 15 5 15
1 89 1 7 10 3 10 3 1 10 3 10 3 1 2 112 2 15 4 81 2 11 2 11 2 1 10 3 10 3 1 10 3 10 3 1 2 112 2 15 4 81 2 11 2 11 2 1 10 3 10 3 1 10 3 10 3 1 2 112 2 15 4 81 2 11 2 11 2 11 2 11
1 23 45 1 23 45 36 2 36 2 1 2 3 1 23 15 1 23 15 36 2 36 2 1 15 3 2 3 18 2 3 18 2 3 2 35 1 1 23 15 1 23 15 36 2 36 2 1 15 3 2 3 18 2 3 18 2 3 2 35 10 31 4 10 24 28 11 24 2 3 18 2 3 18 2 3 2 35 2 3 18 2 3 18 2 3 2 35 1 19 8 36 2
1 4 2 1 4 2 1 4 2 1 4 2 1 14 2 1 14 2 52 1 4 2 1 4 2 1 14 2 1 14 2 52 1 4 2 1 4 2 1 4 2 1 14 2 1 14 2 52 1 4 2 1 4 2 1
1 25 1 25 1 8 1 2 1 14 28 3 1 8 1 2 1 14 28 3 1 3 1 10 1 3 14 2 3 17 2 3 6 2 1 2 1 28 7 1 8 1 2 1 14 28 3 1 8 1 2 1 14 28 3 1 3 1 10 1 3 14 2 3 17 2 3 6 2 1 2 1 28 7 1 25 1 25 2 3 17 2 3 6 2 1 2 1 28 7 2 3 17 2 3 6 2 1 2 1 28 7
7 12 1 10 1 10 1 8 16 2 16 8 16 2 3 1 10 1 10 1 10 1 17 10 1 12 2 12 2 12 1 10 1 10 1 8 16 2 16 8 16 2 3 1 10 1 10 1 10 1 17 10 12 2 12 2 12 1 10 1 10 1 8 16 2 16 8 16 2 3 1 10 1 10 1 10 1 10 1 10 1 10 1 10 1 10 1 10 1 10 1 10 1 10 1 10 1
1 6 1 6 2 1 2 3 1 6 1 6 2 1 2 3 1 6 1 6 2 1 2 3 2 1 3 1 2 1 3 2 1 6 1 6 2 1 2 3 2 1 3 1 2 1 3 2 1 6 1 6 2 1 2 3 2 1 3 1 2 1 3 2 1 3 2 1 3 2 1 1 2 46 7 12
2 32 11 18 25 1 13 10 1 13 10 1 13 10 1 13 10 4 2 4 2 4 2 4 2 1 13 10 1 13 10 6 4 25 6 4 25 1 13 10 1 13 10 1 13 10 1 13 10 6 4 25 6 4 25 1 13 10 1 13 10 2 32 11 18 25 1 13 10 1 13 10 6 4 25 6 4 25 1 13 10 1 13 10 1 13 10 1 13 10 1 13 10 1 13 10 1 13 10 1 13 10 4 2 4 2 4 2 4 2 1 13 10 1 13 10 4 2 4 2 4 2 4 2 1 13 10 1 13 10 4 2 4 2 4 2 4 2 1 13 10 1 13 10 4 2 4 2 4 2 4 2 1 13 10 1 13 10 4 2 4 2 4 2 4 2
3 3 17 18 1 29 2 3 2 3 1 29 2 3 2 3 2 3 18 50 3 29 18 50 3 29 3 1 29 2 3 2 3 1 29 2 3 2 3 2 3 18 50 3 29 18 50 3 29 18 4 18 4 11 59 1 29 2 3 2 3 1 29 2 3 2 3 2 3 18 50 3 29 18 50 3 29 18 50 3 29 18 50 3 29 18 50 3 29 18 50 3
1 2 10 33 1 2 17 2 10 33 1 2 17 2 10 33 1 31 2 36 60 68 46 7 1 10 17 2 17 78 10 7 1 31 2 36 60 47 46 7 1 31 2 36 60 1 31 2 36 60 7 1 31 2 36 60 7
1 2 1 2 1 2 1 2 14 2 1 2 1 2 14 2 1 2 1 3 1 2 1 2 14 2 1 2 1 2 14 2 1 2 1 3 1 2 1 3 1 2 1 2 1 2 1 2 1 2 1 2
1 3 6 2 3 1 3 6 2 3 1 3 6 2 3 1 3 6 2 3 1 6 2 3 6 2 3 6 2 3 97 6 3 1 6 2 3 6 2 3 6 2 3 97 6 3 1 3 6 2 3 1 3 6 2 3 1 3 6 2 3 1 3 6 2 3 1 2 3 2 3 2 3 6 1 3 6 2 3 1 3 6 2 3 1 6 2 3 6 2 3 6 2 3 97 6 3 1 6 2 3 6 2 3 6 2 3 97 6 3 1 2 3 2 3 2 3 6 1 3 6 2 3 1 3 6 2 3 1 3 6 2 3 1 3 6 2 3 1
1 2 3 1 2 3 1 2 3 1 2 3 1 2 3 1 2 3 1 2 1 2 1 2 1 2 1 2 1 2 1 2 1 2 1 2 3 1 2 3 1 2 3 1 2 3 1 2 1 2 1 2 1 2 1 2 1 2 1 2 1 2 1 2 3 1 2 1 2 3 1 2 3 10 2 1 3 10 2 25 1 2 1 2 1 2 1 2 1 2 1 2 1 2 1 2 1
1 6 1 6 1 6 1 6 1 6 1 6 1 6 2 3 1 6 1 6 1 6 1 6 1 6 1 6 2 3 1 6 1 6 3 2 3 2 3 2 3 2 3 2 3 2 3 2 1 6 1 6 1 6 1 6 1 6 1 6 2 3 1 6 1 6 3 2 3 2 3 2 3 2 3 2 3 2 3 2 1 6 1 6 1 6 1 6 1 6 1 6 2 3 1 6 2 3 1 6 2 3 1 6 2 3
5 2 7 5 2 7 5 2 7 5 2 7 5 2 7 5 2 7 5 2 7 5 2 7 11 2 5 50 5 50 11 2 5 50 5 2 3 5 2 7 5 2 7 5 2 7 5 2 7 5 2 7 5 2 7 5 2 7 5 2 7 11 2 5 50 5 50 11 2 5 50 5 2 3 5 2 7 5 2 7 5 2 7
28 7 28 7 28 7 1 78 8 7 20 6 20 62 8 31 10 31 10 10 8 7 1 78 8 7 20 6 27 12 19 33 6 16 6 16 28 7 1 78 8 7 20 6 20 62 8 31 10 31 10 10 8 7 1 78 8 7 20 6 27 12 19 33 6 16 6 16 28 7 1 78 8 7 20 6 27 12 19 33 6 16 6 16 28 7 28 7 28 7 1 1 2 62 25 7 1
43 1 43 1 43 1 43 1 45 2 43 1 43 1 45 2 45 2 3 2 8 43 1 43 1 43 1 45 2 43 1 43 1 45 2 45 2 3 2 8 43 1 2 1 3 10 2 6 3 2 1 3 10 6 18 3 43 1 43 1 45 2 10 2 3 1 35 37 6 14 2 8 3 2 8 43 1 3 2 8 43 1 43 1 43 1 43 1 43 1 43 1 43 1 43 1 43 1 43 1
1 1 1 1 14 14 14 14 1 1 1 1 14 14 14 14 1 1 1 1 14 14 14 14 2 2 2 2 8 8 8 8 2 2 2 2 8 8 1 1 1 1 1 14 14 14 14 1 1 1 1 14 14 14 14 1 1 1 1 14 14 14 14 2 2 2 2 8 8 8 8 2 2 2 2 8 8 8 3 2 3 2 3 2 3 2 1 1 1 1 9 45 2 45 2 9 45 2 11 30 21 127 4 9 21 5 21 24 24 37 21 40 11 67 1 1 1 1 14 14 14 14 1 1 1 1 14 14 14 14 2 2 2 2 8 8 8 8 2 2 2 2 8 8 8 3 2 3 2 3 2 3 2 1 1 1 1 1 1 1 1 1 1 1
6 2 6 2 1 3 2 1 10 25 1 1 2 6 10 2 4 2 1 1 2 6 10 2 1 1 2 6 10 2 4 2 1 1 2 6 10 2 1 6 2 6 2 1 3 2 1 10 25 1 1 2 6 10 2 4 2 1 1 2 6 10 2 1 1 2 6 10 2 4 2 1 1 2 6 10 2 1 6 2 6 2 1 3 2 1 10 25 6 6 19 6 6 6 19 6 6 61 14 2 1 3 2 1 10 25 1 1 2 6 10 2 4 2 1 1 2 6 10 2 1 6 2 6 2 1 3 2 1 10 25 6 2 6 2 1 3 2 1 10 25 6
20 11 27 57 22 25 20 11 27 57 22 25 20 16 19 57 20 16 19 57 39 33 14 28 24 12 19 36 39 33 14 28 25 14 19 8 70 14 19 8 25 20 11 27 57 22 25 20 16 19 57 20 16 19 57 39 33 14 28 24 12 19 36 39 33 14 28 25 14 19 8 70 14 19 8 70 14 19 8 25 20 11 27 57 22 25 20 11 27 57 22 25 39 33 14 28 24 12 19 36 39 33 14 28 25 14 19 8 70 14 19 8 70 14 19 8 70 14 19 8 70 14 19 8 70 14 19 8 70 14 19 8 70 14 19 8 70 14 19 8 70 14 19 8 70
1 20 6 10 4 3 1 20 6 10 4 3 1 20 6 10 4 3 1 20 6 10 4 3 1 20 6 10 4 3 1 20 6 10 4 3 1 20 6 10 4 3 1 20 6 10 4 3 1 20 6 10 4 3 1 20 6 10 4 3 1 20 6 10 4 3 1 20 6 10 4 3 1 20 6 2 1
2 16 25 15 1 8 7 1 1 20 1 8 7 1 1 20 1 2 7 1 2 8 7 25 20 3 7 1 8 7 1 20 8 12 19 2 21 21 7 64 7 7 20 25 1 8 7 1 20 1 1 8 25 7 1 20 1 1 2 7 1 20 1 1 2 8 7 25 20 3 7 1 8 7 1 20 8 12 19 2 21 21 7 64 7 7 20 25 1 25 1
1 1 28 7 1 31 1 3 1 2 1 2 3 1 28 7 1 31 1 3 1 28 7 1 31 1 3 1 2 1 2 3 1 28 7 1 31 1 3 1
1 2 1 2 1 2 1 2 1 3 6 17 2 8 1 2 1 2 1 3 6 17 2 8 17 6 2 1 8 1 2 1 8 37 2 1 37 2 1 37 2 1 2 3 1 2 1 2 1 2 1 2 1 3 6 17 2 8 1 2 1 2 1 3 6 17 2 8 17 6 2 1 8 1 2 1 8 37 2 1 37 2 1 37 2 1 2 3 37 2 1 37 2 1 37 2 1 2 3 1 2 1 2 1 2 1 2 1 2 1 2 1 2 1 2 1 2 1 2
1 1 10 3 1 10 3 1 18 3 1 18 3 1 1 10 3 1 10 3 1 10 3 1 10 3 1 10 3 1 10 3 1 10 3 1 10 3 1 10 3 1 10 3 1 10 3 1 10 3 1 10 3 1 10 3 1 10
1 16 6 2 10 1 16 6 2 1 17 2 10 3 1 2 1 2 10 3 1 16 6 2 10 1 2 11 2 11 17 3 17 3 17 11 9 3 6 2 10 1 16 6 2 1 17 2 10 3 1 2 1 2 10 3 1 16 6 2 10 1 2 11 2 11 17 3 17 3 17 11 9 1 17 6 2 10 1 17 6 2 10 1 16 6 2 10 1 16 6 2 10 1 16 6 2 10 1 16 6 2 10
2 3 1 29 2 3 1 29 2 3 1 29 2 3 1 29 2 3 1 29 2 3 1 29 2 3 1 29 2 3 1 29 2 3 1 29 2 3 1 14 2 23 1 14 2 23 1 14 2 23 1 14 2 23 52 1 1 14 52 1 1 14 52 1 1 14 52 1 1 14 52 1 1 14 52 1 1 14 52 1 1 14 52 1 52 1 2 23 1 14 2 23 14 2 23 1 14 2 23 42 1 42 1 42 1 42 1 42 1 42 1 33 2 62 3 2 3 1 29 2 3 1 29 2 3 1 29 2 3 1 29 2 3 1 29 2 3 1 29 52 1 1 14 52 1 1 14 52 1 1 14 52 1 2 23 1 14 2 23 14 2 23 1 14 2 16 1 14 2 23 1 14 2 23 14 2 23 1 14 2 23 1 2 3 1 29 2 3 1 29 2 3 1 29 2 3 1 29 2 3 1 29 2 3 1 29 2 3 1 14 2 3 2 3 1 29 2 3 1 29 2 3 1 29 2 3 1
1 2 3 1 2 3 1 2 3 1 2 3 1 2 3 1 2 3 1 2 1 2 1 2 1 2 1 2 1 2 1 2 1 2 1 2 3 1 2 3 1 2 3 1 2 3 1 2 1 2 1 2 1 2 1 2 1 2 1 2 1 2 1 2 3 1 2 1 2 3 1 2 3 10 2 1 3 10 2 25 1 2 1 2 1 2 1 2 1 2 1 2 1 2 1 2 1
1 2 1 2 1 2 3 1 2 3 1 8 2 3 2 1 2 3 1 17 2 3 2 3 1 2 1 2 3 1 2 3 1 8 2 3 2 1 2 3 1 17 2 3 2 3 1 2 1 75 3 75 3 75 3 2 3 4 2 1 2 3 1 2 3 1 8 2 3 2 1 2 3 1 17 2 3 2 3 1 17 2 3 2 3 4 2 1
7 12 15 12 7 15 12 15 12 7 15 12 15 12 7 15 12 15 12 7 15 12 15 12 7 15 12 15 12 7 15 12 15 12 7 15 12
1 3 2 3 1 3 2 3 1 3 2 3 2 3 2 3 6 18 6 18 2 3 2 3 1 3 2 3 1 3 2 3 1 3 2 3 1 3 2 3 2 3 2 3 6 18 6 18 2 3 2 3 2 3 2 3 2 3 2 3 6 18 6 18 2 3 2 3 2 3 1 3 2 3 1 3 2 3 1 3 2 3 1 3 2 3
7 1 15 1 7 1 15 1 7 1 7 1 15 1 7 1 15 1 7 1 7 1 15 1 7 1 15 1 7 1 15 1 7 1
1 3 1 3 1 3 1 2 1 3 1 3 1 2 1 3 2 3 1 3 6 23 3 6 2 6 2 6 2 1 3 1 3 1 2 1 3 1 3 1 2 1 3 2 3 1 3 6 23 3 6 2 6 2 6 2 1 3 1 3 1 2 1 2 1 2 1 3 12 2 1 3 1
4 2 1 2 1 4 1 4 2 3 17 16 3 17 16 3 17 16 3 17 16 4 2 1 2 1 4 1 4 2 3 17 16 3 17 16 3 17 16 3 17 16 4 2 1 17 16 3 17 16 3 17 16 3 17 16 3 17 16 3 17 16 4 2 4 3 18
7 1 20 1 1 7 1 35 1 12 2 1 7 1 7 1 20 1 1 7 1 35 1 12 2 1 7 1 1 1 20 1 1 7 1 35 1 12 2 1 7 1 7 1 20 1 1 7 1 35 1 12 2 1 7 1 7 1
20 26 22 36 7 20 26 22 36 7 20 22 26 27 36 7 20 22 26 36 7 20 22 26 36 7 20 22 26 36 7 20 22 26 27 36 7 20 22 26 36 7 20 22 26 36 7 20 22 26 36 7 22 42 12 22 42 12 22 42 12 67 13 7 20 22 26 27 36 7 20 22 26 36 7 20 22 26 36 7 20 22 26 36 7 20 22 26 36 7 20 22 26 36 7 20 22 26 36 7 20 22 26 36 7 20 22 26 36 7 20 22 26 36 7 20 22 26 36 7 20 22 26 36 7
21 22 57 27 13 4 52 4 9 22 49 7 13 4 52 4 9 22 49 7 22 11 27 37 49 7 42 22 11 27 37 49 7 42 22 11 27 37 49 7 42 22 11 27 37 26 57 13 4 52 4 9 22 49 7 13 4 52 4 9 22 49 7 22 11 27 37 49 7 42 22 11 27 37 49 7 42 22 11 27 37 49 7 42 22 11 27 37 26 57 13 4 52 4 9 22 49 7 13 4 52 4 9 22 49 7 52 13 52 13 52 13 52 26 7 13 4 52 4 9 22 49 7 13 4 52 4 9 22 49 7 13 4 52 4 9 22 49 7 13 4 52 4 9 22 49 7 13 4 52 4 9 22 49 7 13 4 52 4 9 22 49 7 13 22 26
5 24 2 5 24 2 5 24 2 5 24 2 24 11 2 24 11 2 24 11 2 24 5 24 2 5 24 2 24 11 2 24 11 2 24 11 2 24 5 24 2 5 24 2 24 11 2 24 11 2 24 11 2 24 13 27 15 13 27 15 24 11 2 24 11 2 24 11 2 24 11 2 24 11 2 24 11 2 24 11 2 24 11 2 24 11 2 24 11 2 24 11 2 24 11 2 24 11 2 24 11 2 24 11 2 24 11 2 24 11 2 24 11 2 24 11 2 24 11 2 24 11 2 24 11 2 24 11 2 24 11 2 24 11 2 24 11 2 24 11 2 24 11 2 24 11 2 24 11 2
1 2 1 2 1 1 2 1 3 2 1 2 1 2 1 7 2 1 2 1 2 1 2 1 2 1 2 1 2 1 2 1 7 2 1 2 1 2 1 2 1 2 1 2 1 2 1 2
1 2 3 2 1 2 3 2 1 3 2 1 3 2 1 23 3 2 1 3 2 1 2 1 2 1 3 1 2 3 2 1 2 3 2 1 23 3 2 1 23 3 2 1 3 2 1 3 2 1 2 1 2 1 3 1 2 1 3 2 1 3 2 1 2 3 2 3 1 2 23 3 1 2 1 3 2 1 3 2 1 2 23 3 2 3 2 3 1 2 3 2 1 2 3 2 1 2 3 2 1
1 3 2 3 1 3 2 6 16 2 23 1 3 2 3 1 3 2 3 1 3 2 3 6 16 2 3 1 2 3 1 2 3 1 2 3 1 2 1 8 23 2 1 8 25 1 3 2 3 1 3 2 3 1 3 2 17 6 2 25 1 3 2 3 1 3 2 3 1 3 2 17 6 16 2 25 1 2 3 1 2 3 1 2 3 1 2 1 8 23 2 1 8 25 1 3 2 3 1 3 2 1 3 2 3 1 3 2 1 2 1 8 23 1 2 3 1 2 3 1 2 3 1 2 1 8 23 1 2 23 1 2 23 1
1 2 1 2 1 2 1 2 3 1 4 1 4 1 4 1 4 1 2 11 2 11 2 11 2 11 2 3 1 2 1 2 1 2 1 2 3 1 4 1 4 1 4 1 4 1 2 11 2 11 2 11 2 11 2 3 1 2 3 1 4 1 4 1 4 1 4 1 2 11 2 11 2 11 2 11 2 3
1 11 2 1 11 2 1 11 21 11 21 11 21 1 11 21 11 21 11 21 1 11 2 1 11 2 1 11 2 1 11 2 1 11 21 11 21 11 21 1 11 21 11 21 11 21 1
1 8 7 20 8 16 8 3 20 8 3 20 8 7 20 8 16 8 3 20 8 3 20 8 7 20 8 16 8 3 20 8 20 8 7 20 8 16 8 3 20 8 16 8 3
1 12 2 1 7 1 7 1 7 1 12 2 1 7 1 7 1 7 1 12 2 1 7 1 12 2 1 7 1 7 1 7 1 12 2 1 7 1 7 1 7 1 12 2 1 7 1
3 2 1 3 2 3 2 6 1 2 3 2 3 2 1 17 2 1 6 3 17 2 1 6 3 2 1 3 2 3 2 6 1 2 3 2 3 2 1 17 2 1 6 3 17 2 1 6 3 2 6 2 1 17 2 3 6 2 1 17 2 3 2 3 2 1 17 2 1 6 3 17 2 1 6 3 2 1 6 3 2 3 2 6 2 1 17 2 3 6 2 1 17 2 3
1 12 1 12 1 12 2 12 2 3 1 2 3 1 2 3 1 12 2 12 2 3 1 2 3 1 2 3 1 12 2 12 2 3 1 2 3 1 2 3 1 2 3 1 2 3 1 12
11 5 1 11 5 1 11 5 1 4 9 2 3 4 1 4 9 2 3 4 5 4 9 2 3 5 4 9 2 3 3 5 10 11 2 3 9 3 5 10 11 2 3 9 3 5 11 5 11 1 4 9 2 3 4 1 4 9 2 3 4 5 4 9 2 3 5 4 9 2 3 3 5 10 11 2 3 9 3 5 10 11 2 3 9 3 5 11 5 11 4 1 3 2 11 30 5 4 29 4 1 3 2 11 4 3 18 1 3 3 1 9 2 3 2 11 30 1 9 2 3 3 5 10 11 2 3 9 3 5 11 2 9 3 5 11 2 9 3 5 11 2 9 3 5 11 2 9 3 5 11 2 9 3 5 11 2 9 3 5 11 2 9 3 5 11 2 9 3 5
1 2 11 4 1 1 2 11 4 1 1 2 11 4 1 1 2 11 4 1 4 5 4 5 4 5 4 9 3 5 9 4 5 9 4 1 2 11 4 1 1 2 11 4 1 1 2 11 4 1 4 5 4 5 4 5 4 9 3 5 9 4 5 9 4 9 4 9 4 1 2 11 4 1 1 2 11 4 1 1 2 11 4 1 4 5 4 5 4 5 4 9 3 5 9 4 5 9 4 5 9 4 5 9 4 5 9 4
7 20 14 7 16 14 7 6 21 22 21 1 82 2 17 6 28 7 20 14 7 16 14 7 6 21 22 21 1 82 2 17 6 28 7 12 12 12 12 12 12 12 12 12 12 12 12 20 14 7 16 14 7 6 21 22 21 1 82 2 17 6 28 7 12 12 12 12 12 12 12 12 12 12 12 12 12 12 12 12 12 12 12 12 12 12 12 12 12 12 12
1 16 2 25 1 8 1 19 8 25 1 21 1 21 1 65 22 40 1 21 1 21 1 65 22 26 1 1 21 1 21 1 65 22 26 1 1 89 1 16 6 19 61 2 7 1 89 1 16 14 45 61 25 117 19 16 14 8 20 113 91 47 47 56 71 27 13 22 11 47 30 67 47 22 27 13 22 11 47 30 67 47 22 71 56 44 13 22 44 9 56 34 71 56 44 13 22 44 9 56 34 71 56 44 13 22 44 9 56 34 71 56 44 13 22 44 9 56 34 71 56 44 13 22 44 9 56 34 71 56 44 13 22 44 9 56 34 71 56 44 13 22 44 9 56 34 71 56 44 13 22 44 9 56 34 71 56 44 13
6 32 6 1 6 1 6 2 1 6 2 1 6 1 6 2 1 6 2 1 6 1 6 2 1 6 2 1 6 1 6 2 1 6 2 1 6 1 6 2 1 6 2 1 6 1 6 2 1 6 2 1 6 1 6 2 1 6 2 1 6 1 6 2 1 6 2 1 2 1 6 2 1 6
1 2 1 2 1 2 1 2 1 2 1 2 1 2 1 2 1 2 1 2 1 2 1 2 1 2 1 2 1 2 1 2 1 2 1 2 1 2 4 2 4 2 4 2 4 2 4 2 4 7 1 2 1 2 1 2 1 2 1 2 1 2 1 2 1 2 1 2 1 2 1 2 1 2 1 2 1 2 1 2 1 2 1 2 1 2 1 2 1 2 1 2 1 2 1 2 1 2 4 2 4 2 4 2 4 2 4 2 4 7 1 2 1 2 1 2 1 2 1 2 1 2 1 2 1 2 1 2 1 2 1 2 1 2 1 2 1 2 1 2 1 2 1 2 1 2
1 4 1 4 1 4 1 4 1 4 2 3 1 2 3 1 4 1 4 1 4 2 3 1 2 3 1 2 3 1 2 3 1 4 1 4 1 4 2 3 1 2 3 1 4 1 4 1 4 1 4 1 4 2 3 1 2 3 1 2 3 1 2 3 1 2 3 1 2 3 1
1 2 1 2 1 2 1 2 1 2 1 2 1 2 1 2 1 2 1 2 1 2 1 2 1 2 1 2 1 2 1 2 1 2 1 2 1 2 1 2 1 2 1 2 1 2 1 2 1 2 1 2 1 2 1 2 1 2 1 2 1 2 1 2 1 2 1 2 1 2 1 2 1 2 1 2 1 2 1 2 1 2
1 1 2 1 2 1 3 6 3 2 3 1 2 7 1 2 7 1 2 7 1 2 7 1 2 1 3 6 3 2 3 1 2 7 1 2 7 1 2 7 1 2 7 1 2 1 3 6 3 2 3 1 2 7 1 2 7 1 2 7 1 2 7 1 2 7 1 2 7 1 2 7 1 2 7 1 2 7 1 2 7 1 2 7 1 2 7 1 2 7 1 2 7 1 2 7 1 2 7
13 15 13 15 13 15 13 15 13 15 13 15 13 15 13 15 13 15 13 15 13 15 13 15 13 15 13 15 13 15 13 15 13 15 13 15 13 15 13 15 61 40 61 13 61 40 61 14 28 27 12 5 15 13 15 13 15 13 15 13 15 13 15 13 15 13 15 13 15 13 15 13 15 13 15 13 15 13 15 13 15 13 15 13 15 13 15 13 15 13 15 13 15 13 15 13 15 13 15 13 15 13 15 13 15 13 15 13 15 13 15 13 15 13 15 13 15 13 15 13 15 13 15 13 15 13 15 13 15
1 20 25 12 2 1 20 25 12 2 25 1 8 7 1 20 25 12 2 1 20 25 12 2 25 1 8 7 1 2 7 1 2 7 1 2 3 1 3 14 2 25 3 7 1 20 25 12 2 1 20 25 12 2 1 20 25 12 2 25 1 3 8 7 1 20 25 12 2 25 1 3 8 7 1 20 1
1 2 3 1 7 32 6 2 3 1 2 3 1 7 32 6 2 3 1 2 17 2 1 2 17 6 28 2 3 1 2 3 1 7 32 6 2 3 1 2 3 1 7 32 6 2 3 1 2 3 1 2 3 1
2 6 2 6 2 6 2 3 2 1 3 29 1 3 29 1 3 18 1 3 33 3 18 29 3 2 6 2 3 2 1 3 29 1 3 29 1 3 18 1 3 33 3 18 29 18 29 2 6 2 3 2 1 3 29 1 3 29 1 3 18 1 3 33 3 18 29 1 3 29 1 3 18 1 3 33 3 18 29 18 29 18 29 18 29 18 29 18 29 18 29 18 29 18 29 18 29
5 9 4 11 5 9 4 11 21 4 5 21 4 5 9 4 11 5 9 4 11 21 4 5 21 4 5 9 4 11 5 9 4 11 21 4 5 21 4 5 11 5 11 21 4 5 21 4 5 9 4 11 5 9 4 11 21 4 5 21 4 5 11 5 11 21 4 5 21 4 5 11 5 11 5 11 5 11 5 11 5 11 5 11 5 11 5 11 5
20 8 20 8 1 6 17 2 10 1 2 1 2 1 6 17 2 10 1 2 1 2 1 10 6 17 2 2 2 2 10 6 17 2 2 2 2 3 3 3 3 20 8 20 8 1 12 15 2 7 3 31 118 50 20 8 20 8 1 6 17 2 10 1 2 1 2 1 10 6 17 2 2 2 2 10 6 17 2 2 2 2 3 3 3 3 20 8 20 8 1 12 15 2 7 3 31 118 50 20 8 20 8 1 12 15 2 7 3 31 118 50 20 8 20 8
5 9 4 5 9 4 5 9 4 5 9 4 5 9 4 5 9 4 5 9 4 5 9 4 5 9 4 5 9 4 5 9 4 5 9 4 5 9 4 5 9 4 5 9 4 5 9 4 5 9 4 5 9 4 5 9 4 5 9 4 5 9 4 5 9 4 5 9 4 5 9 4 5 9 4 5 9 4 5 9 4 5 9 4 5 9 4 5 9 4 5 9 4 5 9 4 5 9 4 5 9 4 5 9 4 5 9 4 5 9 4 5 9 4 5 9 4 5 9 4 5 9 4 5 9 4 5 9 4 5 9 4 5 9 4 5 9 4 5 9 4 5 9 4 5 9 4
1 11 2 1 11 2 1 11 21 11 21 11 21 1 11 21 11 21 11 21 1 11 2 1 11 2 1 11 2 1 11 2 1 11 21 11 21 11 21 1 11 21 11 21 11 21 1
5 42 26 25 7 5 42 26 25 7 9 44 11 9 44 11 9 44 11 9 44 11 52 21 1 69 1 5 42 26 25 7 5 42 26 25 7 9 44 11 9 44 11 9 44 11 9 44 11 52 21 1 69 1 9 44 11 9 44 11 9 44 11 9 44 11 52 21 1 69 1 5 42 26 25 7 5 42 26 25 7 5 42 26 25 7
5 2 11 5 11 2 13 5 1 4 2 1 4 2 1 4 1 4 2 5 2 11 5 2 11 5 4 2 5 4 2 5 4 5 4 2 5 2 11 5 2 11 5 2 11 5 11 2 5 5 5 11 2 13 4 2 5 4 2 5 4 2 5 4 5 4 2 5 2 11 5 2 11 5 2 11 5 11 2 5 2 11 5 2 11 5 2 11
1 2 1 2 4 3 1 2 1 2 1 2 1 2 1 2 1 2 1 2 1 2 4 11 18 7 5 21 11 1 2 1 2 1 2 1 2 1 2 1 2 1 2 4 11 18 3 1 2 4 3 1 2 4 3 1 2 4 3 1 2 4 3 1 2 1 2 1 2 1 2 1 2 1 2 1 2 4 11 18 3 1 2 4 11 18 3 1 2 1 2 1 2 4 2 1
1 14 19 16 1 14 19 16 1 14 19 16 10 4 3 1 17 2 9 1 17 2 14 2 1 1 2 1 2 2 1 2 2 1 2 2 2 1 61 1 14 19 16 1 14 19 16 10 4 3 1 17 2 9 1 17 2 14 2 1 1 2 1 2 2 1 2 2 1 2 2 2 1 61 1 14 19 16 1 14 19 16 10 4 9 30 9 30 9 30 9 30 9 30 9 30 9 30 1 2 2 1 2 1 10 1 2 2 1 2 1 61 1 14 19 16 1 14 19 16 8 14 14 8 14 14 8 4 1 14 19 16 1 14 19 16 1 14 19 16 1 14 19 16 1 14 19 16 1 14 19 16 1
13 5 9 7 5 9 7 7 5 9 7 5 9 7 7 5 128 22 23 22 7 26 4 7 5 9 7 5 9 7 7 5 9 7 5 9 7 7 5 128 22 23 22 7 26 4 7 5 9 7 5 9 7 7 5 9 7 5 9 7 5 9 7 5 9 7 7 5 7 7 5
1 3 29 2 3 1 3 29 2 3 1 3 29 2 3 1 3 29 2 3 1 3 29 2 3 1 3 29 2 3 1 3 29 2 3 1 3 29 2 3 1 3 29 2 3 1 3 1 1 6 1 1 6 2 3 1 6 3 1 3 29 2 3 1 3 29 2 3 1 3 29 2 3 1 3 29 2 3 1 3 29 2 3 1 3 29 2 3 1 3 29 2 3 1 3 1 1 6 1 1 6 2 3 1 6 3 1 1 6 1 1 6 3 6 3 2 3 1 2 3 1 2 3 1 6 3 2 3 29 29 72 32 72 32 29 29 72 32 72 32 29 29 72 32 72 32 29 29 72 32 72 32 2 3 1 6 3 1 3 29 2 3 1 3 29 2 3 1 3 29 2 3 1 3 29 2 3 1 3 1 1 6 1 1 6 1 1 6 1 1 6 2 3 1 6 3 1 1 6 3 6 3 1 1 6 3 6 3 1 1 6 3 6 3 1 1 1 1 2 1
1 6 1 6 1 6 1 6 10 3 10 3 1 1 1 1 8 3 8 3 1 1 1 1 8 3 8 3 2 1 6 1 6 2 1 6 1 6 1 6 1 6 10 3 10 3 1 1 1 1 8 3 8 3 1 1 1 1 8 3 8 3 2 1 6 1 6 2 1 6 1 6 1 6 1 6 10 3 10 3 1 6 1 6 1 6 1 6 10 3 10 3 1 6 1 6 1 6 1 6 10 3 10 3
2 32 6 3 7 20 2 32 6 3 2 32 6 3 20 2 32 29 2 32 6 3 7 20 2 32 6 3 2 32 6 3 20 2 32 29 8 3 1 8 3 6 3 8 3 1 8 7 29 2 32 6 3 7 20 2 32 6 3 2 32 6 3 20 2 32 29 8 3 1 8 3 6 3 8 3 1 8 7 29 2 32 6 3 7 20 2 32 6 3 2 32 6 3 20 2 32 29 2 32 6 3 7 20 2 32 6 3 2 32 6 3 20 2 32 29 8 3 1 8 3 6 3 8 3 1 8 7 29 8 3 1 8 3 6 3 10
1 6 2 3 1 6 2 3 1 6 2 3 1 6 2 3 1 6 2 3 1 6 2 3 1 6 2 3 1 6 2 3 1 6 2 3 1 6 2 3 1 6 2 3 1 6 2 3 1 6 2 3 1 6 2 3 1 6 2 3 1 6 2 3 1 6 2 3 1 6 2 3
1 6 2 3 1 6 2 3 1 6 2 3 1 6 2 3 1 6 2 3 1 6 2 3 1 6 2 3 1 6 2 3 1 6 2 3 1 6 2 3 1 6 2 3 1 6 2 3 1 6 2 3 1 6 2 3 1 6 2 3 1 6 2 3 1 6 2 3 1 6 2 3
1 2 1 2 14 2 3 14 3 2 1 2 10 16 6 16 2 6 16 2 6 16 2 1 2 1 2 14 2 3 14 3 2 1 2 10 16 6 16 2 6 16 2 6 16 2 6 16 2 19 3 18 2 3 19 3 6 3 2 3 6 16 2 6 16 2 6 16 2 6 16 2 6 16 2 6 16 2 6 16 2 6 16 2 19 3 6 3 2 3 6 16 2 6 16 2 6 16 2 1 2 1 2 14 2 3 14 3 2 1 2 10 16 6 16 2 6 16 2 6 16 2 6 16 2 6 16 2 6 16 2 6 16 2 6 16 2 6
3 27 1 4 3 1 4 3 6 4 6 1 6 3 2 13 1 2 1 4 2 1 2 1 6 4 6 1 6 3 2 13 1 2 1 4 2 1 2 1 6 4 6 1 6 3 2 6 2 6 2 66 33 6 2 6 2 66 33 13 1 2 1 4 2 1 2 1 6 4 6 1 6 3 2 6 4 6 1 6 3 2 6 4 6 1
1 2 1 2 1 3 4 1 3 4 2 1 2 1 2 1 3 4 1 3 4 2 1 4 2 1 2 3 1 2 3 1 2 3 1 12 2 1 12 2 1 3 4 1 3 4 2 1 4 2 1 2 3 1 2 3 1 2 3 1 12 2 1 12 2 1 3 4 1 3 4 2 1 4 2 1 2 3 1 2 3 1 2 3 1 12 2 1 12 2 1 2 3 1 2 3 1 2 3 1 2 3 1 2 3 1 2 3 1 2 3 1
1 2 4 7 1 2 4 7 1 2 1 3 15 1 2 4 7 1 2 1 3 15 1 2 4 7 15 1 3 15 1 12 15 1 7 15 1 2 4 7 1 2 4 7 1 2 1 7 15 1 2 4 7 15 1 7 15 1 12 15 1 7 15 1 2 4 7 1 2 4 7 1 2 4 7 1 2 4
13 13 13 13 13 13 13 13 13 13 13 13 13 13 13 13 13 22 13 22 34 2 13 13 13 13 13 13 13 13 13 13 13 13 13 22 13 22 34 2 13 13 13 13 13 13 13 13 13 13 13 13 13 22 13 22 34 2 13 13 13 13 13 13 13 13 13 13 13 13 13 22 13 22 34 2 13 13 13 13 13 13 13 13 13 13 13 13 13 22 13 22 34 2 13
1 12 18 10 49 1 10 49 1 10 49 1 10 49 1 10 49 1 10 49 1 10 46 30 11 68 116 30 11 68 116 30 11 68 116 30 11 68 116 30 18 17 93 18 17 93 18 17 93 18
1 2 25 1 4 2 7 8 2 4 8 14 28 25 1 4 16 31 8 1 2 25 1 4 2 7 8 2 4 8 14 28 25 1 4 16 31 8 1 2 25 1 4 2 7 8 2 4 8 14 28 25 1 4 16 31 8 1 2 25 1 4 2 7 8 2 4 8 14 28 25 1 4 16 31 8 1 2 25 1 4 2 7 8 2 4 8 14 28 25 1 4 16 31 8 1
1 6 2 3 1 6 2 3 1 6 2 3 1 6 2 3 1 6 2 3 1 6 2 3 1 6 2 3 1 6 2 3 1 6 2 3 1 6 2 3 1 6 2 3 1 6 2 3 1 6 2 3 1 6 2 3 1 6 2 3 1 6 2 3 1 6 2 3 1 6 2 3
1 6 2 3 1 6 10 7 2 1 6 19 8 3 62 3 1 6 10 7 2 1 6 19 3 1 9 11 21 5 30 10 3 1 1 6 6 19 2 10 3 1 6 10 7 2 1 6 19 3 1 6 10 7 2 1 6 19 3 1 6 2 1
1 6 2 3 1 6 2 3 1 6 2 3 1 6 2 3 1 6 2 3 1 6 2 3 1 6 2 3 1 6 2 3 1 6 2 3 1 6 2 3 1 6 2 3 1 6 2 3 1 6 2 3 1 6 2 3 1 6 2 3 1 6 2 3 1 6 2 3 1 6 2 3
1 7 1 7 1 7 1 7 1 2 1 2 1 2 1 2 1 2 1 2 1 2 3 1 2 7 1 2 7 1 2 7 1 2 7 1 2 1 2 1 2 1 2 1 2 1 2 1 2 3 1 2 7 1 2 7 1 2 7 1 2 7 2 4 2 4 3 1 2 1 2 1 2 1 2 1 2 1 2 1 2 3 1 2 7 1 2 7 1 2 7 1 2 7 1 2 1 2 1 2 1 2 1 2 1 2 1 2 3 1 2 7 1 2 7 1 2 7 1 2 7 2 1 7 1
29 18 29 2 1 10 1 10 1 2 1 2 4 32 6 10 6 2 1 10 3 1 10 1 10 1 2 1 2 4 32 6 10 6 2 1 10 3 1 4 6 10 6 2 1 6 10 3 1 10 1 2 1 2 4 32 6 10 6 2 1 10 3 1 10 1 10 1 2 1 10 1 2 1 10 1 2
21 5 21 24 5 21 5 21 24 5 21 5 21 24 5 21 5 21 24 5 21 5 21 24 5 21 5 21 24 5 21 5 21 24 5 21 5 21 24 5 9 4 24 1 9 4 24 57 21 5 21 24 5 21 5 21 24 5 21 5 21 24 5 21 5 21 24 5 21 5 21 24 5 21 5 21 24 5 21 5 21 24 5 9 4 24 1 9 4 24 57 21 5 21 24 5 21 5 21 24 5 21 5 21 24 5 21 5 21 24 5 21 5 21 24 5 21 5 21 24 5 21 5 21 24 5 21 5 21 24 5 21 5 21 24 5 21 5 21 24 5 21 5 21 24 5 21 5 21 24 5 21 5 21 24 5 21 5 21 24 5 21 5 21 24 5 21 5 21 24 5 21 5 21 24
1 2 7 1 2 7 1 2 7 1 3 1 3 1 2 7 1 2 7 1 3 1 3 1 2 7 1 2 7 1 3 1 3 1 3 1 3 1 2 7 1 2 7 1 3 1 3 1 3 1 3 1
1 2 3 2 1 2 3 2 1 2 3 2 1 2 3 2 1 2 3 2 1 2 3 2 1 2 3 2 1 2 3 2 1 2 1 2 1 2 3 2 1 2 1 2 1 2 3 23 1 2 3 2 1 2 3 2 1 2 3 2 1 2 3 2 1 2 3 2 1 2 3 2 1 2 3 2 1 2 3 2 1 2 1 2 1 2 3 2 1 2 1 2 1 2 3 2 1 2 1 2 1 2 3 2 1 2 1 2 1 2 3 23 1 2 3 2 1 2 3 2 1 2 3 2 1 2 3 2 1 2 3 2 1 2 3 2 1 2 3 2 1 2 3 2
12 7 12 15 28 15 28 15 28 15 28 15 28 12 15 28 12 7 12 7 12 7 12 15 28 15 28 15 28 15 28 15 28 12 15 28 12 7 12 7 12 7 12 15 28 15 28 15 28 15 28 15 28 12 15 28 12 7 12 7 15 28 15 28 15 28 15 28 15 28 15 28
13 9 4 13 9 4 13 26 27 22 27 26 9 4 13 13 26 27 22 27 26 4 13 49 25 7 20 35 1 13 46 49 7 9 4 13 26 27 22 27 26 9 4 13 9 4 13 26 27 22 4 13 49 25 7 20 1 13 46 49 7 22 4 13 9 24 22 27 26 9 4 13 9 4 13 9 4 13 9 4 13 9 4
2 1 2 1 3 2 3 2 1 2 1 2 1 3 2 3 2 1 2 1 2 1 3 2 3 2 1 2 1 2 1 3 2 3 2 1 3 6 3 6 2 2 1 2 1 3 2 3 2 1 2 1 2 1 3 2 3 2 1 2 1 2 1 3 2 3 2 1 2 1 2 1 3 2 3 2 1 3 6 3 6 2 3 2 3 2 3 2 3 2 1 2 1 3 2 3 2 1 2 1 2 1 3 2 3 2 1 2 1 2 1 3 2 3 2 1 2 1 2 1 3 2 3 2 1 3 6 3 6 2 3 2 3 2 3 2 3 2 1 2 1 3 2 3 2 1 2 1 2 1 3 2 3 2 1 2 1 2 1 3 2 3 2 1 2 1 2 1 3 2 3 2 1 2 1 2 1 3 2 3 2 1 2 1 2 1
7 1 7 1 12 2 28 7 1 7 1 2 7 1 3 7 1 2 7 1 7 1 7
3 6 2 6 2 6 2 17 2 3 2 3 1 3 2 3 1 3 2 3 1 6 3 6 2 6 2 6 2 17 2 3 2 3 1 3 2 3 1 3 2 3 1 6 2 3 1 3 2 3 1 3 2 3 1 6 7 2 3 1 3 2 3 1 3 2 3 1 6 2 3 1 3 2 3 1 3 2 3 1 6 2 3 1 3 2 3 1 3 2 3 1
2 1 11 8 13 4 14 67 13 44 26 2 3 1 3 1 16 19 40 8 2 3 1 3 1 16 19 19 40 8 2 19 1 40 8 2 19 1 40 8 1 19 1 40 8 2 3 1 3 1 16 19 40 8 2 19 1 40 8 2 19 1 40 8 1 19 1 40 8 2 78 8 16 19 2 3 1 3 1 16 19 40 8 2 19 1 40 8 2 19 1 40 8 1 19 1 40 8 2 19 1 40 8 2 19 1 40 8 2 19 1 40 8 2 19 1 40 8 2 19 1 40 8 2 19 1 40 8 2 19 1 40 8 2
18 1 12 12 1 12 1 12 12 1 12 1 4 10 11 52 4 10 11 18 58 12 1 12 1 12 1 12 1 12 1 12 1 12 1 12 1 12 1
19 6 28 7 1 2 3 1 2 3 6 3 6 28 3 2 3 2 3 2 3 7 1 2 3 1 2 3 6 3 6 28 3 2 3 2 3 2 3 7 2 1 2 1 2 6 28 7 1 2 3 1 2 3 6 3 6 28 3 2 3 2 3 2 3 7 1 2 3 1 2 3 1 2 3 1
32 30 32 39 5 4 5 4 5 4 5 4 5 4 5 4 9 4 5 4 5 4 5 4 9 4 5 4 5 4 5 4 5 4 5 4 5 4 5 4 5 4 5 4 9 4 5 4 5 4 5 4 9 4 5 4 5 4 5 4 5 4 5 4 5 4 5 4 5 4 5 4 5 4 5 4 9 4 5 4 5 4 5 4 9 4 5 4 5 4 5 4 5 4 5 4 5 4 5 4 5 4 5 4 5 4 5 4 5 4 5 4 5 4 5 4 5 4 5 4 5 4 5 4
1 12 2 3 2 1 12 2 3 1 12 2 1 7 1 12 2 1 7 1 12 2 3 2 1 12 2 3 1 12 2 1 7 1 12 2 1 7 1
12 7 15 12 7 12 7 12 7 15 12 7 12 7 12 7 15 12 7 12 7 12 7 15 12 7 7 15 12 7 7 15 12 7 12
20 11 27 57 22 25 20 11 27 57 22 25 20 16 19 57 20 16 19 57 39 33 14 28 24 12 19 36 39 33 14 28 25 14 19 8 70 14 19 8 25 20 11 27 57 22 25 20 16 19 57 20 16 19 57 39 33 14 28 24 12 19 36 39 33 14 28 25 14 19 8 70 14 19 8 70 14 19 8 25 20 11 27 57 22 25 20 11 27 57 22 25 39 33 14 28 24 12 19 36 39 33 14 28 25 14 19 8 70 14 19 8 70 14 19 8 70 14 19 8 70 14 19 8 70 14 19 8 70 14 19 8 70 14 19 8 70 14 19 8 70 14 19 8 70
1 11 24 5 1 11 24 5 1 2 1 2 1 2 1 2 1 2 1 11 24 1 11 24 1 11 24 1 11 24 1 2 1 2 1 2 1 2 1 2 1 2 1 2 1 2 1 11 24 5 1 11 24 5 1 11 24 5 1 11 24 5 1 2 1 2 1 2 1 2 1 2 1 2 1 2 1 2 1 2 1 2 1 2 1 2 1 2 11 24 1 2 1
51 8 7 8 7 1 7 1 31 8 7 8 7 1 7 20 17 6 17 6 17 2 3 8 7 8 7 1 7 1 31 8 7 8 7 1 7 20 17 6 17 6 17 2 7 3 8 7 8 7 1 7 1 31 8 7 8 7 1 7 1 31 8 7 8 7 1 7 1 31 8 7 8 7 1 7 1 31 8 7 8 7 1 7 1 31 8 7 20
20 27 20 26 66 40 87 61 20 134 4 1 4 1 4 1 9 26 20 19 20 19 20 19 20 19 3 14 4 14 1 4 40 26 40 26 40 26 3 14 4 14 20 19 20 19 20 19 20 19 1 4 40 26 40 26 40 26 3 14 4 14 20 19 20 19 20 19 20 19 1 4 40 26 40 26 40 26 3 14 4 14 20 19 20 19 20 19 20 19 3 14 4 14 20 19 20 19 20 19 20 19 4 40 26 4 20
1 3 1 2 3 1 3 1 2 3 7 1 10 17 2 1 2 1 7 1 2 7 1 2 3 1 2 17 10 1
1 6 1 6 1 6 1 6 1 6 1 6 1 6 2 3 1 6 1 6 1 6 1 6 1 6 1 6 2 3 1 6 1 6 3 2 3 2 3 2 3 2 3 2 3 2 3 2 1 6 1 6 1 6 1 6 1 6 1 6 2 3 1 6 1 6 3 2 3 2 3 2 3 2 3 2 3 2 3 2 1 6 1 6 1 6 1 6 1 6 1 6 2 3 1 6 2 3 1 6 2 3 1 6 2 3
5 12 21 24 12 21 24 12 21 24 26 5 12 22 11 26 7 22 27 14 27 14 53 12 21 24 12 21 24 12 21 24 26 5 12 22 11 26 7 22 27 13 12 22 11 26 7 22 27 14 27 14 53 13 12 21 24 12 21 24 12 21 24 12 21 24 12 21 24 12 21 24 12 21 24 12 21 24 12 21 24 12 21 24 12 21 24 12 21 24 12 21 24 12 21 24 12 21 24 12 21 24 12 21 24 12 21 24 12 21 24
1 7 8 7 1 12 2 23 7 1 2 1 7 1 12 2 23 7 1 2 1 7 8 7 1 12 2 23 7 1 2 1 12 2 23 7 1 2 1 7 1 12 2 23 7 1 2 1 7 8 7 1 12 2 23 7 1 2 1 23 7 2 1
13 22 13 13 13 22 13 13 6 9 21 3 5 21 3 13 15 13 13 6 9 21 3 5 21 3 13 2 21 13 2 21 13 2 21 13 2 21 13 2 21 13 2 21 13 2 21 13 2 21 13 2 21
1 3 2 3 1 2 1 2 1 2 6 2 1 2 1 2 1 7 6 3 2 7 6 3 1 2 1 2 1 2 6 2 1 2 1 2 1 7 6 3 2 7 6 3 1 2 1 2 1 2 1 2 1 2 1 2 1 2 1 2
1 2 3 1 2 3 1 2 1 2 1 2 4 10 17 2 3 1 2 1 2 1 2 4 10 17 2 3 10 17 2 3 10 17 2 3 1 10 6 4 1 10 2 1 10 6 4 1 6 3 2 1 4 1 2 1 10 17 2 3 6 3 1 1 2 6 3 2 1 4 1 2 1 10 17 2 3 6 3 1 1 2 6 3 1 2 1 2 1 2 1 2 1 2 1 2 1 2 1 2 1 2 1 2 1 2 1 2 1 2 1 2 1 2 1 2 1 2 3 2 1 2 1 2 1 2 1 4 1 2 1 4 1 2 1 4 1 2 1 4
1 3 2 3 1 3 2 3 1 3 2 3 1 3 2 3 1 23 2 23 1 23 2 23 1 23 2 23 1 23 2 23 1 23 2 23 1 23 2 23 1 23 2 23 1 23 2 23 1 3 2 3 1 3 2 3 1 3 2 3 1 3 2 3 1 23 2 23 1 23 2 23 1 23 2 23 1 23 2 23 1 23 2 23 1 23 2 23 1 23 2 23 1 23 2 23 1 3 2 3 1 3 2 3 1 3 2 3 1 3 2 3 1 23 2 23 1 23 2 23 1 23 2 23 1 23 2 23 1 23 2 23 1 23 2 23 1 23 2 23 1 23 2 23 1 3 2 3 1 3 2 3 1 3 2 3 1 3 2 3 1 23 2 23 1 23 2 23 1 23 2 23 1 23 2 23 1 23 2 23 1 23 2 23 1 23 2 23 1 23 2 23 1 3 2 3 1 3 2 3 1 3 2 3 1 3 2 3 1 23 2 23 1 23 2 23 1 23 2 23 1 23 2 23 1 23 2 23 1 23 2 23 1 23 2 23 1 23 2 23 1 3 2 3 1 3 2 3 1 3 2 3 1 3 2 3 1 3 2 3 1 3 2 3 1 3 2 3 1 3 2 3 1 3 2 3 1 3 2 3 1 3 2 3 1 3 2 3 1 3 2 3 1 3
25 1 33 31 2 12 2 25 1 7 1 33 31 2 12 2 25 1 7 12 15 12 15 12 33 14 12 2 28 25 25 12 7 12 15 12 15 12 33 14 12 2 28 25 25 12 7 15 14 15 12 15 14 15 28 7 1 33 31 2 12 2 25 1 7 1 33 31 2 12 2 25 1 7 1 33 31 2 12 2 25 1 7 1 33 31 2 12 2 25 1 7
1 10 7 1 2 7 1 10 7 1 2 7 2 7 1 6 2 7 1 10 7 1 2 25 7 2 7 1 6 2 7 1 10 7 1 2 3 1 10 3 1 2 3 7 2 7 1 6 2 7 1 12 2 7 1 6 2 7 1
1 2 1 2 1 14 2 1 8 1 2 3 1 14 2 1 8 1 2 3 8 7 8 7 8 7 8 1 2 28 25 7 1 14 2 1 8 1 2 3 1 14 2 1 8 1 2 3 8 7 8 7 8 7 8 1 2 28 25 7 1 2 1 2 1 2 1 21 1 1 14 64 18 14 53 14 53 14 53 14 53 16 55 29 55 18 3 16 14 3 28 55 18 3 16 55 55 1 103 65 91 4 29 9 3 34 2 32 11 18 30 1 2 1 2 1 2 1 10 1 2 3 1 2 1 10 1 2 3 10 3 10 3 10 3
3 1 3 1 3 1 3 2 1 4 2 4 2 1 4 2 1 3 6 17 2 4 2 1 2 1 2 1 3 2 2 6 3 2 1 3 2 17 10 2 1 6 3 2 1 3 2 17 10 2 1 6 3 2 1 3 2 17 10 2 1 6 3 2 1 3 2 17 10 2 1 6 3 2 1 3 2 17 10 2 1 6 3 2 1 3 2 17 10 2 1 3 1 3 1 3 1 3 2 1 4 2 4 2 1 4 2 1 3 6 17 2 4 2 1 2 1 2 1 3 2 2 6 3 2 1 3 2 17 10 2 1 6 3 2 1 3 2 17 10 2 1 6 3 2 1 3 2 17 10 2 1 6 3 2 1 3 2 17 10 2 1 6 3 2 1 3 2 17 10 2 1 6 3 2 1 3 2 17 10 2 1 6 3 2 1 3 2 17 10 2 1 6 3 2 1 3 2 17 10 2 1 6 3 2 1 3 2 17 10 2 1 6 3 2 1 3 2 17 10 2 1 6 3 2 1 3 2 17 10 2 1 6 3 2 1 3 2 17 10 2 1 6 3 2 1 3 2 17 10 2 1 6 3 2 1 3 2 17 10 2 1
7 1 20 1 1 7 1 35 1 12 2 1 7 1 7 1 20 1 1 7 1 35 1 12 2 1 7 1 1 1 20 1 1 7 1 35 1 12 2 1 7 1 7 1 20 1 1 7 1 35 1 12 2 1 7 1 7 1
13 22 13 22 13 22 13 22 13 22 13 22 13 22 13 22 13 22 13 22 13 22 13 22 13 22 9 27 22 9 27 22 7 13 22 13 22 13 22 13 22 13 22 13 22 13 22 13 22 13 22 13 22 13 22 13 22 13 22 13 22 13 22 13 22 13 22 13 22
1 2 1 2 2 1 2 1 2 2 1 2 1 2 2 1 2 1 2 2 1 2 1 3 1 2 1 3 1 2 1 3 1 2 1 3 1 2 1 2 2 1 2 1 2 2 1 3 1 3 1 2 1 3 1 2 1 3 1 2 1 3 1 12 30 9 30 34 30 9 30 34 30 9 30 34 30 9 30 9 30 9 30 34 30 9 30 34 30 9 30 34 30 9 30 9 30 9 30 34 30 9 30 34 30 9 30 34 30 9 30 9 30 9 30 34 30 9 30 34 30 9 30 34 30 9 30
3 32 2 16 2 16 2 16 6 2 16 2 16 2 16 2 55 31 19 16 6 8 16 6 19 16 6 8 16 6 61 2 16 2 16 2 16 2 16 2 55 31 19 16 6 8 16 6 19 16 6 8 16 6 61 25 7 40 61 40 61 40 8 24 25 19 16 6 8 16 6 19 16 6 8 16 6 8 16 6 19 16 6 8 16 6 19 16 6 8 16 6
12 11 30 3 1 12 11 30 3 1 12
1 3 1 3 6 2 3 6 2 3 6 2 3 6 2 3 6 1 3 1 3 6 2 3 6 2 3 6 2 3 6 2 3 6 3 2 3 2 3 2 3 2 2 1 3 1 3 6 2 3 6 2 3 6 2 3 6 2 3 6 2 3 6 2 3 6 2 3 6
1 21 2 1 3 6 17 27 9 1 21 2 1 3 6 17 27 9 11 27 9 34 44 39 11 98 11 98 11 98 1 21 2 1 3 6 17 2 3 1 21 2 1 3 6 17 2 3 11 27 9 34 44 39 11 98 11 98 11 98 1 21 2 1 3 6 17 2 3 1 21 2 1 3 6 17 2 3 11 27 9 34 44 39 1 21 1 21 1 21 1 21 1 21 1 21 1 21 1 21 1 21 1 21 1 21 1 21 1 21 1 21 1 21 1 21
1 2 1 7 1 2 1 7 1 2 1 7 1 2 1 7 1 2 1 7 1 2 1 7 1 2 1 7 1 2 1 7 1 2 7 1 2 7 1 2 7 1 2 7 1 2 1 7 1 2 1 7 1 2 1 7 1 2 1 7 1 2 7 1 2 7 1 2 7 1 2 7 1 2 7 1
81 9 81 1 4 1 4 1 4 1 4 1 4 1 4 1 4 1 4 1 4 1 4 1 4 1 4 1 4 1 4 1 4 1 4 1 4 1 4 1 4 1 4 1 4 1 4 1 4 1 4 1 4 1 4 1 4 1 4 1 4 1 4 1 4 1 4 1 4 1 4 1 4 1 4 1
3 12
20 8 20 69 8 78 16 33 14 28 19 82 25 7 28 17 69 8 69 10 10 7 3 17 78 8 64 28 28 46 51 20 19 62 20 20 20 40 31 8 15 20 28 96 41 73 6 12 19 28 1 31 10 25 20 61 20
1 1 27 1 1 27 1 3 2 14 119 1 3 2 14 2 1 3 2 14 2 1 3 2 14 19 1 1 27 1 1 27 1 3 2 14 119 1 3 2 14 2 1 3 2 14 7 1 3 2 14 19 1 1 27 1 1 27 1 3 2 14 119 1 3 2 14 2 1 3 2 14 2 1 3 2 14 19 1 1 27 1 1 27 2 27 2 27 2 1
7 39 10 10 10 7 7 7 1 10 7 1 10 7 1 20 1 1 10 7 1 6 10 2 10 7 10 7 1 2 7 1 20 1 1 10 7 1 6 10 2 10 7 10 7 17 31 10 7 1 31 10 7 17 31 10 7 1 10 7 1 10 7 1 20 1 1 10 7 1 6 10 2 10 7 10 7 17 31 10 7 1 31 10 7 17 31 10 7 1 10 7 1 6 10 2 10 7 10 7 17 31 10 7 1 31 10 7 17 31 10 7 1 31 10 7 17 31 10 7 1 31
25 1 2 1 4 1 2 1 4 1 2 3 1 2 1 2 1 4 1 2 1 4 1 2 3 1 2 1 17 6 17 1 6 2 3 1 2 1 4 1 2 1 4 1 2 3 1 2 1 2 1 4 1 2 1 4 1 2 3 1 2 1 17 6 17 1 6 2 3 1 2 1 4 1 2 1 4 1 2 3 1 2 1 2 1 2 27
1 18 18 2 1 3 1 18 18 2 1 3 1 18 18 2 1 3 1 18 18 2 1 3 2 1 10 1 1 18 18 2 1 10 1 18 18 2 1 10 1 1 18 18 2 1 10 1 18 18 2 1 10 2 1 10 1 1 1 2 1 10 1 1 18 18 2 1 10 1 18 18 2 1 10 1 18 18 2 1 10 1 18 18 2 1 10 1 18 18 2 1 10 1 18 18 2 1 10 1
1 17 2 1 3 2 1 17 2 1 2 3 6 3 1 6 2 1 6 3 2 3 1 17 2 1 2 17 10 2 1 17 2 1 3 2 1 17 2 1 2 3 6 3 1 6 2 1 6 3 2 3 1 17 2 1 2 17 10 2 1 17 2 1 3 2 1 17 2 1 2 3 6 3 1 6 2 1 6 3 2 3 1 17 2 1 2 17 10 2 1 2 17 3 2 1 2 1 2 1 2 1 2 1 2 1 2 1 2 1 2 1 2 1
1 3 14 1 19 16 8 7 1 3 14 1 19 16 8 7 1 3 14 1 19 16 8 7 1 3 14 1 19 16 8 47 16 2 3 1 16 2 8 7 1 1 3 14 1 19 16 8 7 1 3 14 1 19 16 8 47 16 2 3 1 16 2 8 7 1 8 47 16 2 3 1 3 14 1 19 16 8 7 1 3 14 1 19 16 8 7 1 3 14 1 19 16 8 7
17 10 1 1 17 10 1 1 10 3 1 17 10 1 1 17 10 1 1 10 3 1 6 10 3 17 10 1 1 17 10 1 1 10 3 1 4 1 11 4 1 4 1
5 5 5 26 7 5 5 5 26 7 5 5 5 26 7 5 5 5 26 7 5 5 5 26 7 5 5 5 26 7 5 5 5 26 7 5 5 5 26 7 9 11 4 9 5 5 5 26 7 5 5 5 26 7 5 5 5 26 7 5 5 5 26 7 5 5 5 26 7 5 5 5 26 7 9 11 4 9 5 5 5 26 7 5 5 5 26 7 5 5 5 26 7 5 5 5 26 7 5 5 5 26 7 5 5 5 26 7 5 5 5 26 7 5 5 5 26 7 5 5 5 26 7 5 5 5 26 7 5 5 5 26 7 5 5 5 26 7 5 5 5 26 7 5 5 5 26 7 5 5 5 26 7 5 5 5 26 7 5 5 5 26 7 5 5 5 26 7 5 5 5 26 7 5 5 5 26 7 9 11 4 9 5 5 5 26 7 5 5 5 26 7 21 68 28 36 18
1 2 1 8 3 1 2 1 3 1 2 1 2 1 2 1 4 6 24 2 3 2 3 1 2 1 2 3 2 3 1 39 4 31 28 7 1 2 1 7 1 2 1 2 1 2 1 4 6 24 2 3 2 3 1 2 1 2 3 2 3 1 39 4 31 28 7 1 2 1 2 3 1 6 2 3 1 2 3 1 6 28 7 1 2 1 2 1 2 1 4 6 24 2 3 2 3 1 2 1 2 3 2 3 1 39 4 31 28 7 1 2 1 2 1 8 3 1
2 1 14 19 7 19 1 1 3 2 1 14 19 7 19 1 1 3 10 29 8 16 8 16 42 12 19 49 12 42 19 49 12 42 64 28 25 7 2 1 14 19 7 19 1 1 3 2 1 14 19 7 19 1 1 3 10 29 8 16 8 16 42 12 19 49 12 42 19 49 12 42 64 28 25 7 2 1 14 19 7 19 1 1 3 2 1 14 19 7 19 1 1 3 10 29 8 16 8 16 42 12 19 49 12 42 19 49 12 42 64 28 25 7 2 1 14 19 7 19 1 1 3 2 1 14 19 7 19 1 1 3 2 1 14 19 7 19 1 1 3 2 1 14 19 7 19 1 1 3 2 1 14 19 7 19 1 1 3 2 1 14 19 7 19 1 1 3
9 4 1 9 11 4 1 7 1 11 2 1 11 2 1 11 2 1 11 2 1 9 4 1 9 11 4 1 9 4 1 9 11 4 1 7 1 11 2 1 11 2 1 11 2 1 11 2 1 9 4 1 9 11 4 1 9 4 1 9 11 4 1 7 1 11 2 1 11 2 1 11 2 1 11 2 1 11 2 1 11 2 1 11 2 1 11 2 1 11 2 1 11 2 1 11 2 1 11 2 1 11 2 1 11 2 1 11 2 1 11 2 1 9 4 1 9 11 4 1 9 4 1 9 11 4 1 9 4 1 9 11 4 1 9 4 1 9 11 4 1 9 4 1 9 11 4 1 9 4 1
1 1 3 2 3 1 3 2 3 1 1 45 2 2 7 1 3 2 3 1 3 2 3 1 3 2 3 1 17 6 29 2 3 1 3 2 3 1 3 2 3 1 3 2 3 1 17 6 2 3 1 3 2 3 1 1
10 17 2 3 10 17 2 3 2 1 2 1 3 2 1 2 1 3 3 3 3 1 17 2 10 32 2 3 1 17 2 10 3 1 2 1 2 1 3 2 1 2 1 3 3 3 3 1 17 2 10 32 2 3 1 17 2 10 3 1 2 10 17 2 3 1 17 2 10 32 2 3 1 17 2 10 3 1 17 2 10 32 2 3 1 17 2 10 3 1
81 11 12 12 15 12 4 2 12 15 12 4 2 12 4 2 12 4 2 12
1 3 6 3 13 2 1 5 21 9 4 1 5 21 9 4 1 45 21 27 22 27 22 27 22 2 3 1 3 6 3 13 2 1 3 6 3 13 2 1 5 21 9 4 1 5 21 9 4 1 45 21 27 22 27 22 27 22 2 3 1 3 6 3 13 2 1 3 2 114 8 7 1 3 6 3 13 2 1 3 6 3 13 2 1 3 6 3 13 2 1 3 6 3 13 2
7 1 7 1 2 1 3 1 2 1 3 4 7 96 25 7 7 13 13 15 13 47 61 4 121 4 31 29 28 13 47 13 11 13 47 4 13 47 13 11 13 47 4 7 96 25 7 7 13 13 15 13 47 61 4 121 4 31 29 28 13 47 13 47 13 47 4 13 47 13 47 13 47 61 7 96 25 7 7 13 47 13 47 13 47 4 13 47 13 47 13 47 61 7 96 25 7 7 13 13 15 13 47 61 4 121 4 31 29 28 24
30 47 107 30 76 60 16 31 8 7 1 19 36 31 19 36 31 19 46 1 2 1 19 36 31 19 36 31 19 46 1 2 1 19 22 31 19 46 1 2 1 19 36 31 19 36 31 19 46 1 2 1 19 22 31 19 46 1 2 1 19 36 31
1 3 83 2 22 1 21 7 1 3 83 2 22 1 21 7 1 3 83 2 22 1 21 7 6 6 6 2 93 31 8 7 1 3 83 2 22 1 21 7 1 3 83 2 22 1 21 7 6 6 6 2 93 31 8 7 1 2 21 1
1 7 1 2 3 2 1 2 1 12 2 3 2 1 2 2 1 32 2 62 1 14 8 7 1 2 1 7 1 14 8 7 1 2 1 7 1 14 8 7 1 2 1 6 7 1 14 8 7 1 2 1 6 7 1
13 4 13 4 13 4 13 4 9 4 9 4 9 4 11 4 9 4 11 4 9 4 11 4 9 4 11 4 9 4 13 4 13 4 9 4 9 4 9 4 11 4 9 4 11 4 9 4 11 4 9 4 11 4 9 4 2 1 4 1 2 1 4 1 2 1 4 1 2 1 4 11 2 11 2 30 11 13 2 1 4 1 2 1 4 1 2 1 4 1 2 1 4 2 1 4 1 2 1 4 1 2 1 4 1 2 1 4 2 1 4 1 2 1 4 1 2 1 4 1 2 1 4 2 1 4 1 2 1 4 1
42 9 4 5 9 4 5 9 4 5 21 9 4 5 9 4 42 9 4 5 9 4 5 9 4 5 21 9 4 5 9 4 42 9 4 5 9 4 5 9 4 5 21 9 4 5 9 4 42 9 4 5 9 4 5 9 4 5 21 9 4 5 9 4 5 9 4 5 9 4 5 21 9 4 5 9 4 5 9 4 5 9 4 5 21 9 4 5 42 13
1 8 1 9 4 1 8 1 9 4 1 14 4 24 1 14 4 24 1 14 4 24 1 14 4 24 1 8 1 9 4 1 8 1 9 4 1 8 1 9 4 1 8 1 9 4 1 14 4 24 1 14 4 24 1 14 4 24 1 14 4 24 1 8 1 9 4 1 8 1 9 4 1 8 1 9 4 1 8 1 9 4 1 8 1 9 4 1 8 1 9 4 1 8 1 9 4 1 8 1 9 4 1 8 1 9 4 1 8 1 9 4 1 8 1 9
5 1 3 18 1 5 21 24 5 21 24 5 38 106 23 9 2 1 9 2 1 5 21 24 5 21 24 5 38 106 23 9 2 1 9 2 1 2 5 38 106 23 5 38 106 23 9 2 1 9 2 1 9 2 1 9 2 1 9 2 1
1 12 7 1 2 1 12 7 1 2 1 12 1 1 2 21 1 12 2 21 28 7 1 12 7 1 2 1 12 1 1 2 21 1 12 2 21 28 7 1 12 7 1 7 1 7 1
2 1 4 1 4 1 2 1 4 1 4 1 5 21 7 5 88 37 7 1 5 21 7 5 88 37 7 1 2 1 4 1 4 1 2 1 4 1 4 1 21 4 90 5 4 9 11 15 7 7 5 4 9 21 23 3 5 21 7 5 88 37 7 1 5 21 7 5 88 37 7 1 2 1 4 1 4 1 2 1 4 1 4 1 21 4 90 5 4 9 11 15 7 7 5 4 9 21 23 3 5 21 7 5 88 37 7 1 5 21 7 5 88 37 7 1 2 20 2 20 11 10 125 1 2 1 4 1 4 1 2 1 4 1 4 1 2 1 4 1 4 1 2 1 4 1 4 1 21 4 90 5 4 9 11 15 7 7 5 4 9 21 23 3 5 21 7 5 88 37 7 1 5 21 7 5 88 37 7 1 2 20 2 20 11 10 125 1 2 1 2 1 21 4 90 5 4 9 11 15 7 7 5 4 9 21 23 3 5 21 7 5 88 37 7 1 5 21 7 5 88 37 7 1 5 21 7 5 88 37 7 1 5
8 25 20 36 31 8 25 20 65 19 16 8 6 19 16 36 6 28 8 25 20 36 31 8 25 20 65 19 16 8 6 19 16 36 6 28 8 25 20 36 31 8 25 20 65 19 16 8 6 19 16 36 6 28 8 25 20 36 31 8 25 20 65 19 16 8 6 19 16 36 6 28
1 49 1 2 1 1 49 1 2 1 14 19 14 12 19 22 1 24 12 19 22 1 14 64 28 25 1 14 19 14 12 19 22 1 24 12 19 22 1 14 10 25 1 49 1 2 1 49 1 2 1 14 19 14 12 19 22 1 24 12 19 22 1 14 64 28 25 1 14 19 14 12 19 22 1 24 12 19 22 1 14 10 25 1 49 1 2 1 1 49 27 12 19 7 16 55 8 7 1 12 26 36 27 12 22 22 2 1 14 19 14 12 19 22 1 24 12 19 22 1 14 10 25 1 49 1 2 1 1 49 27 12 1 14 19 14 12 19 22 1 24 12 19 22 1 14 64 28 25 1 14 19 14 12 19 22 1 24 12 19 22 1 14 10 25 9 4 27 12 22 7 1 14 19 14 12 19 22 1 24 12 19 22 1 14 64 28 25 1 14 19 14 12 19 22 1 24 12
5 11 21 9 7 5 11 21 9 7 5 11 21 9 3 5 11 21 9 3 5 11 21 9 3 5 11 21 9 3 5 11 21 9 7 5 11 21 9 7 5 11 21 9 7 5 11 21 9 3 5 11 21 9 3 5 11 21 9 3 5 11 21 9 3 5 11 21 9 7 5 11 21 9 7 5 11 21 9 7 5 11 21 9 7 5 11 21 9 7 5 11 21 9 7 5 11 21 9 7 5 11 21 9 7 5 11 21 9 7 5 11 21 9 7 5 11 21 9 7 5 11 21 9 7 5 11 21 9 7 5 11 21 9 7 5
1 18 1 18 1 6 2 28 1 6 2 28 1 18 1 18 1 6 2 28 1 6 2 28 2 29 18 29 18 29 18 3 1 18 1 18 1 6 2 28 1 6 2 28 2 29 18 29 18 29 18 3 1 18 1 18 1 6 2 28 1 6 2 28 2 1 39 32
1 8 1 8 1 8 1 8 1 8 1 8 1 8 1 8 1 2 4 7 1 2 4 7 1 8 1 8 1 8 1 8 1 8 1 8 1 8 1 8 1 2 4 7 1 2 4 7 1 8 1 8 1 8 1 8 1 8 1 8 1 8 1 8 1 8 1 8 1 8 1 8 1 2 4 7 1 2 4 7 1 2 4 7 1 2 4 7 1
1 3 2 1 3 2 1 3 2 1 3 2 1 3 2 1 10 6 4 2 6 32 1 3 10 6 4 2 6 32 1 3 1 3 1 4 9 11 2 5 4 9 11 3 1 3 2 1 3 2 1 3 2 1 10 6 4 2 6 32 1 3 10 6 4 2 6 32 1 3 1 3 1 4 9 11 2 5 4 9 11 3 5 3 9 11 2 1 30 9 5 3 9 11 2 1 30 1 10 6 4 2 6 32 1 3 10 6 4 2 6 32 1 3 1 3 1 3 1 4 9 11 2 21 5 4 9 11 3 5 69 7 39 3 73 3 18 40 17 32 9 29 36 39 11 101 21 71 2 71 2 71 2 71 2 1 3 2 1 3 2 1 3 2 1 3 2 1 3 2 1 3 2 1 3 2 1 3 2 1 3 2
1 3 18 2 1 3 18 2 1 3 10 2 1 3 10 2 1 3 10 2 1 3 10 2 1 3 10 2 1 3 10 2 1 3 10 2 1 3 10 2 1 3 10 2 1 3 10 2 1 3 10 2 1 3 10 2 1 3 10 2 1 3 10 2 1 3 10 2 1 3 10 2 1 3 10 2 1 3 10 2 1 3 10 2 1 3 10 2 1 3 10 2 1 3 10 2 1 3 10 2 1 3 10 2 1 3 10 2 1 3 10 2 1 3 10 2 1 3 10 2 1 3 10 2 1 3 10 2 1 3 10 2 1 3 10 2 1 3 10 2 1 3 10 2 1 3 10 2 1 3 10 2 1 3 10 2 1 3 10 2 6 4 6 4 6 4 2 1 3 10 2 1 3 10 2 1 3 10 2 1 3 10 2 1 3 10 2 1 3 10 2 1 3 10 2 1 3 10 2 1 3 10 2 1 3 10 2 1 3 10 2 1 3 10 2 1 3 10 2 1 3 10 2 1 3 10 2 1 3 10 2 6 4 6 4 6 4 2
1 2 1 12 7 12 7 1 12 2 1 28 7 1 7 1 12 2 1 28 7 1 7 1 2 1 7 1
12 2 12 2 12 2 12 2 12 2 12 2 12 2 12 2 12 2 12 2 7 12 2 12 2 12 2 12 2 12 2 12 2 7 12 2 12 2 12 2 7 12 2 12 2 12 2 12 2 12 2 12 2 12 2 12 2 7 12 2 12 2 12 2 12 2 12 2 12 2 7 12 2 12 2 12 2 7 12 2 12 2 12 7 2 11 12 2 12 2 12 2 12 2 12 2 12 2 12 2 12 2 12 2 12 2
1 1 16 8 7 6 1 2 16 8 7 1 16 8 7 6 1 2 16 8 7 2 3 17 6 10 3 2 1 28 4 2 1 28 4 2 1 1 16 8 7 6 1 2 16 8 7 1 16 8 7 6 1 2 16 8 7 2 3 17 6 10 3 10 3 1 28 4 2 1 28 4 2 1 28 4 2 1 3 1 28 4 2 1 3 1 28 4 2 1 3 1 28 4 2 1
1 3 6 2 1 3 6 2 1 3 6 2 1 3 6 2 1 3 6 2 1 3 6 2 1 3 6 2 1 3 6 2 1 3 6 2 1 3 6 2 1 3 6 2 1 3 6 2 1 3 6 2 1 3 6 2 1 3 29 2 1 3 29 2 1 3 29 2 1 3 29 2 1 3 6 2 1 3 6 2 1 3 29 2 1 3 29 2 1 3 6 2 1 3 6 2 1 3 6 2 1 3 6 2 1 3 6 2 1 3 6 2 1 3 6 2
13 22 13 13 13 22 13 13 6 9 21 3 5 21 3 13 15 13 13 6 9 21 3 5 21 3 13 2 21 13 2 21 13 2 21 13 2 21 13 2 21 13 2 21 13 2 21 13 2 21 13 2 21
1 10 23 3 1 1 2 23 7 1 12 2 1 7 1 2 1 7 1 2 7 1 2 7 1 2 7 1 3 6 21 1 7 1 12 2 1 7 1 12 2 1 7 1 2 7 1 2 7 1 2 7 1 3 6 21 1 7 1 7 1 4 2 7 1
1 3 2 3 2 3 1 2 1 4 3 1 2 1 3 4 1 2 1 1 3 6 1 2 1 4 4 7 1 2 15 2 1 3 1 2 4 2 7 1 2 15 2 1 4 1 3 2 3 2 3 1 2 2 3 20 6 32 33 6 11 6 6 19 4 38 7 1 2 1 3 1 12 2 1 3 1 2 1 2 1 3 2 3 2 3 1
4 1 4 1 4 1 4 1 4 1 4 1 4 1 4 1 4 1 4 1 4 1 18 1 4 1 4 1 4 1 4 1 4 1 4 1 4 1 4 1 4 1 4 1 4 1 4 1 4 1 4 1 4 1 4 1 4 1 18 1 4 1 4 1 4 1 4 1 4 1 4 1 4 1 4 1 4 1 4 1 4
14 41 19 41 14 41 19 41 14 41 19 41 14 41 19 41 14 41 19 41 14 41 19 41 14 17 19 14 16 8 25 14 17 19 14 16 8 25 14 17 19 14 16 8 25 14 17 19 14 16 8 25 35 1 1 14 23 3 61 63 28 15 14 17 19 14 16 8 25 14 17 19 14 16 8 25 14 17 19 14 16 8 25 14 17 19 14 16 8 25 35 1 1 14 23 3 61 63 33 14 25 35 1 1 14 23 3 61 63 28 15 14 28 62 15 33 14 41 19 41 14 41 19 41 14 41 19 41 14 41 19 41 14 41 19 41 14 41 19 41 14 41 19 41 14 41 19 41 14 41 19 41 14 41 19 41 14 41 19 41 14 41 19 25 3 35 1 1 14 23 3 61 63 28 15 14 14 17 19 14 16 8 25 14 17 19 14 16 8 25 14 17 19 14 16 8 25 14 17 19 14 16 8 25 35 1 1 14 23 3 61 63 33 14 25 35 1 1 14 23 3 61 63 33 14 25 35 1 1 14 23 3 61 63 33 14 25 35 1 1 14 23 3 61 63 33 14 25 35 1 1 14 23 3 61 63 33 14 25 35 1 1 14
3 27 1 4 3 1 4 3 6 4 6 1 6 3 2 13 1 2 1 4 2 1 2 1 6 4 6 1 6 3 2 13 1 2 1 4 2 1 2 1 6 4 6 1 6 3 2 6 2 6 2 66 33 6 2 6 2 66 33 13 1 2 1 4 2 1 2 1 6 4 6 1 6 3 2 6 4 6 1 6 3 2 6 4 6 1
1 2 1 4 1 4 1 24 2 1 24 2 4 2 19 62 1 1 2 1 4 1 4 1 24 2 1 24 2 4 2 62 1 1 2 1 4 1 4 1 4 1 4 1 24 2 1 24 2 1 24 2 1 4 2 62 1 1 2 1 4 1 4 1 4 1 4 1 4 1
1 4 1 4 1 4 1 4 1 4 1 4 1 4 1 4 1 4 1 4 1 4 1 4 1 4 1 4 1 4 1 4 1 4 1 4 1 4 1 4 1 4 1 4 1 4 1 2 3 1 2 1 2 1 2 18 3 1 4 1 4 1 4 1 4 1 4 1 4 1 4 1 2 3 1 2 1 2 1 2 18 3 1 4 1 4 1 4 1 4 1 4 1 4 1 4 1 4 1 4 1 4 1 4 1 4 1 2 1 2 1 2 18 3 1 2 1 2 1 2 18 3 1 4 1 4 1 4 1 4 1 4 1 4 1 4 1 2 3 1 2 1 2 1 2 18 3 1 2 1 2 1 2 18 3 1 4 1 4 1 4 1 4 1 4 1 4 1 4 1 4 1 4 1 4 1 4 1 4 1 4 1 4 1 4 1 4 1 4 1 4 1 4 1 4 1 4 1 4 1 4 1 4 2 3 1 2 1 2 1 2 18 3 1 2 1 2 1 2 18 3 1 4 1 4 1 4 1 4 1 4 1 4 1 4 1 4 1 4 1 4 1 4 1 4 1 4 1 2 3 1 2 1 2 1 2 18 3 1 4 1 4 1 4 1 4 1 4 1 4 1 4 1 4 1 4 1 4 1 4 1 4 1 4 1 4 1 4 1 2 3 1 2 1 2 1 2 18 3 1 2 1 2 1 2 18 3 1 4 1 4 1 4 1 4 1
1 2 1 2 1 7 1 2 1 2 1 7 1 2 7 1 2 1 2 1 7 1 2 1 2 1 7 1 2 7 1 46 30 34 30 34 30 46 30 34 30 34 30 46 30 34 46 30
1 6 2 3 1 6 2 3 1 6 2 3 1 6 2 3 1 6 2 3 1 6 2 3 1 6 2 3 1 6 2 3 1 2 3 1 2 3 1 6 3 1 6 2 3 1 6 2 3 1
16 14 8 8 16 14 8 8 16 14 8 10 1 4 8 16 14 8 8 16 14 8 8 16 14 8 8 16 14 8 8 19 16 8 20 63 33 118 33 118 33 6 6 62 22 36 20 16 31 28 28 28 3 16 14 8 8 16 14 8 8 16 14 8 8 16 14 8 8 19 16 8 20 63 33 118 33 118 33 6 6 62 22 36 20 16 31 28 28 28 3 9 22 44 47 47 22 44 47 47 22 44 47 47 22 44 47 47 71 22 47 107 22 44 47 47 22 44 47 47 22 44 47 47 22 44 47 47 22 44 47 47 22 44 47 47 22 44 47 47 22 44
1 6 10 1 6 10 1 6 10 1 6 10 1 6 10 1 6 10 1 6 10 1 6 10 1 6 10 1 6 10 1 6 10 1 6 10 1 6 10 1 17 20 10 17 20 10 1 6 10 1 6 10 1 6 10 1 6 10 1 6 10
5 4 9 23 3 5 13 5 5 5 13 5 5 5 23 3 5 22 23 3 23 3 9 4 3 5 9 21 21 7 9 4 3 5 9 21 21 7 9 4 3 5 9 4 3 5 9 4 3 5 21 5 9 114 3 5 3 5 23 3 5 23 3 5 22 23 3 23 3 23 3 9 4 3 5 9 4 3 5 9 4 3 5 9 4 3 5 9 4 3 5 9 4 3 5
5 27 9 4 5 27 9 4 5 9 4 5 9 4 22 27 5 9 4 5 9 4 22 27 9 4 13 27 9 4 13 27 9 4 13 27 9 4 5 9 4 5 9 4 22 27 5 9 4 5 9 4 22 27 9 4 13 27 9 4 13 27 9 4 13 27 9 4 13 27 9 4 13 27 9 4 13 27 9 4 22 11 9 4 22 11 9 4 13 27 9 4 13 27 9 4 13 27 9 4 13 27 9 4 13 27 9 4 13 27 9 4 13 27 9 4 13 27 9 4 13 27 9 4 13 27 9 4
1 25 14 19 1 25 14 19 1 25 14 19 1 25 14 19 1 25 14 19 1 25 14 19 1 25 14 19 1 25 14 19 1 25 14 19 1 25 14 19 1 25 14 19 1 25 14 19 1 19 1 19 1 19 14 19 1 19 1 19 1 19 14 19 1 19 1 19 1 19 14 19 1 25 14 19 1 25 14 19 1 25 14 19 1 25 14 19 1 25 14 19 1 25 14 19 1 25 14 19 1 25 14 19 1 25 14 19 1 25 14 19 1 25 14 19 1 25 14
4 2 4 2 1 4 2 3 1 11 2 1 11 2 1 11 2 3 4 2 4 2 1 4 2 3 1 11 2 1 11 2 1 11 2 3 1 11 2 1 11 2 1 11 2 3 4 2 4 2 1 4 2 3 1 11 2 1 11 2 1 11 2 3 1 11 2 1 11 2 1 11 2 3 1 11 2 1 11 2 1 11 2 3 1 11 2 1 11 2 1 11 2 3 1 11 2 1 11 2 1 11 2 3
1 2 1 2 5 37 5 37 5 37 5 37 2 11 38 13 2 11 38 13 1 2 3 25 3 25 3 25 3 18 3 18 3 18 3 18 1 4 1 4 1 4 1 4 1 4 1 4 1 4 1 2 11 38 2 11 38 2 11 38 2 11 38 1 4 1 4 1 4 1 5 37 5 37 5 37 5 37 2 11 38 13 2 11 38 13 1 2 3 25 3 25 3 25 3 18 3 18 3 18 3 18 1 4 1 4 1 4 1 4 1 4 1 4 1 4 1 2 11 38 2 11 38 2 11 38 2 11 38 1 4 1 4 1 4 1 5 37 5 37 5 37 5 37 2 11 38 13 2 11 38 13 1 12 4 12 4 12 4 12 4 12 4 12 4 12 4 12 4 12 4 12 4 12 4 12 4 2 12 4 2 12 4 2 12 4 2 12 4 2 12 4 2 12 4 2 12 4 2 12 4 2 12 4 2 12 4 2 12 4 2 12 4 2
13 27 22 57 13 27 22 57 13 24 26 25 3 13 24 26 25 3 9 4 7 13 9 4 87 13 22 13 27 22 57 60 13 27 22 57 13 24 26 25 3 13 24 26 25 3 9 4 7 13 9 4 87 13 22 13 27 22 57 60 13 27 22 57 13 27 22 38 60 13 27 22 38 22 4 13 11 9 90 13 27 22 57 60 13 27 22 57 13 27 22 57 60 13 27 22 57 13 27 22 57 60 13 27
13 4 26 27 22 13 4 26 27 22 7 13 4 26 27 22 26 27 22 2 22 13 4 26 27 22 13 4 26 27 22 7 13 4 26 27 22 26 27 22 2 22 13 4 22 27 13 4 22 27 13 4 22 27 13 4 22 27 11 2 13 4 22 27 13 4 22 27 13 4 22 27 26 27 22 2 22 26 27 22 2 22 13 4 26 27 22 13 4 26 27 22 7 13 4 26 27 22 26 27 22 2 22 13 4 22 27 13 4 22 27 13 4 22 27 13 4 22 27 11 2 13 4 22 27 13 4 22 27 13 4 22 27 26 27 22 2 22 13 4 26 27 22 13 4 26 27 22 7 13 4 26 27 22 26 27 22 2 22 26 4 124 13 26 4 124 13 26 4 124 13 22 4 13 4 26 27 22 13 4 26 27 22 7 13 4 26 27 22 13 4 26 27 22 7 13 4 22 27 13 4 22 27 13 4 22 27 13 4 22 27 11 2 13 4 22 27 13 4 22 27 13 4 22 27 13 4 22 27 11 2 13 4 22 27 13 4 22 27 13 4 22 27 13 4 22 27 11 2
1 2 1 2 1 3 2 1 2 1 3 2 1 2 1 3 2 1 2 1 3 34 30 34 30 34 30 9 34 30 34 30 34 30 9 2 1 2 1 3 2 1 2 1 3 34 30 34 30 34 30 9 34 30 34 30 34 30 9 24 10 4 5 24 10 4 5 24 10 4 5 4 5 30 9 30 9 30 9 9 11 30 9 30 9 30 9 9 11 2 1 2 1 3 2 1 2 1 3 34 30 34 30 34 30 9 34 30 34 30 34 30 9 34 30 34 30 34 30 9 34 30 34 30 34 30 9 2 1 2 1 3 2 1 2 1 3 2 1 2 1 3 2 1 2 1 3 2 1 2 1 2 1 2 1
1 2 3 1 2 3 1 2 3 1 2 3 1 1 10 3 1 1 10 3 1 1 10 3 1 1 10 3 10 17 2 17 10 17 2 17 1 1 10 3 1 1 10 3 1 1 10 3 1 1 10 3 10 17 2 17 10 17 2 17 1 2 3 1 2 3 1 2 3 1 2 3 1 1 10 3 1 1 10 3 1 1 10 3 1 1 10 3 10 17 2 17 10 17 2 17 1 2 3 1 2 3 1 2 3 1 2 3 1 2 3 1 2 3 1 2 3 1 2 3 1 2 3 1 2 3 1 2 3 1 2 3
1 9 1 9 2 1 3 2 3 2 1 9 1 9 2 1 3 2 3 2 1 2 1 2 3 2 1 2 10 3 1 9 1 9 2 1 3 2 3 2 1 12 2 1 3 2 3 2 1
1 3 1 3 1 6 17 2 10 1 6 2 10 23 1 6 2 10 23 1 6 17 1 3 1 3 1 6 17 2 10 1 6 2 10 23 1 6 2 10 23 1 6 17 1 3 1 3 1 6 17 2 10 3 1 6 2 10 23 1 6 2 10 23 1 6 2 10 23 1 6 2 10 23 1 6 17 1 6 2 10 23 1 6 2 10 23 1 6 2 10 23 1 6 2 10 23 1 6 2 10 23 1 6
7 1 7 1 2 1 7 1 7 1 2 1 7 1 2 1 2 1 7 1 7 1 2 1 7 1 2 1 7 1 2 1 2 1 7 1 7 1 2 1 7 1 7 1
13 22 27 26 27 13 22 11 40 25 7 13 22 11 7 7 7 13 22 11 7 7 7 13 22 27 26 27 13 22 11 40 25 7 13 22 11 7 7 7 13 22 11 7 7 13 22 27 26 27 13 22 11 40 7 13 22 27 26 27 13 22 11 40 7 13 22 27 26 27 13 22 11 40 7
3 1 20 6 20 12 2 8 7 16 6 28 21 7 1 20 6 20 12 2 21 20 31 28 7 1 20 6 20 12 2 8 7 16 6 28 21 7 1 20 6 20 12 2 21 20 31 28 7 1 20 12 2 21 1 31 28 7 1 20 6 20 12 2 21 1 31 28 7 1
1 3 1 2 1 3 1 2 1 3 1 2 1 3 1 2 1 21 1 21 1 21 1 21 1 21 1 21 8 3 1 3 1 2 1 3 1 2 16 14 8 3 16 14 8 2 3 1 3 1 2 1 3 1 2 1 21 1 21 1 21 1 21 1 21 8 3 1 3 1 2 1 3 1 2 16 14 8 3 16 14 8 2 3 1 21 1 21 1 21 1 21 1 21 1 21 8 3 16 2 16 2 16 2 8 3 1 3 1 2 1 3 1 2 1 3 1 2 1 3 1 2 1 1 2 3 1 1 2 3 1 1 2 3 1 1 2 3 1 1 2 3 1 1 2 3 1 1 2 3 1 1 2 3 1 1 2 3 1 1 2 3 1 1 2 3 1 1 2 3 1 1 2 3 1 1 2 3
1 4 1 4 1 11 4 1 11 4 1 4 1 11 2 1 4 1 4 1 11 4 1 11 4 1 4 1 11 2 1 11 4 1 11 4 1 4 1 9 6 4 1 11 2 1 4 1 4 1 4 1 4 1 4 1 4 1 4 1 4 1 4 1 4 1 4 1 4 1 4 1 4 1 4 1 4 1 4 39 1 4 39 1 4 39 1 4 1 4 1 4 1 4 1 4 1 4 1 4 1 4 1 4 1 4 11 4 1 11 4 1 4 1 11 2 11 4 11 4 11 4
1 3 2 1 3 2 1 3 2 3 1 3 2 3 1 3 2 3 1 3 2 3 6 1 10 2 3 2 3 1 3 2 3 1 3 2 3 1 3 6 2 1 3 2 1 3 2 3 1 3 2 3 1 3 2 3 1 3 2 3 1 3 2 3 6 1 10 2 3 2 3 1 3 2 3 1 3 2 3 1 3 6 2 1 3 2 3 1 3 2 3 1 3 2 3 6 1 10 2 3 2 1 3 2 3 1 3 2 3 1 3 6 2 1 3 2 1 3 2 3 1 3 2 3 1 3 2 3 1
5 24 26 7 5 7 7 7 5 24 26 7 5 22 5 5 24 26 7 5 7 7 7 5 24 26 7 5 22 5 22 5 11 34 9 11 34 9 11 34 9 11 34 9 11 5 24 26 7 5 7 7 7 5 24 26 7 5 22 5 5 24 26 7 5 7 7 7 5 24 26 7 5 22 5 22 5 11 34 9 11 34 9 11 34 9 11 34 9
19 20 14 19 20 14 8 7 20 14 8 7 20 27 12 19 16 19 25 19 20 14 19 20 16 55 31 19 16 19 25 8 7 20 14 8 7 20 27 12 19 16 19 25 19 20 14 19 20 16 55 31 19 20 14 19 20 16 55 31 8 7 20 14 8 7 20 27 12 19 16 19 25 19 20 14 19 20 16 55 31 19 20 14 19 20 16 55 31 19 20 14
1 4 2 1 4 2 1 1 9 2 1 9 2 3 5 11 2 5 11 2 1 1 9 2 1 9 2 3 5 11 2 5 11 2 5 11 2 5 11 2 22 9 11 1 22 9 11 3 5 11 2 5 11 2 5 11 2 5 11 2 1 9 2 1 9 2 3 11 1 1 9 2 1 9 2 3 5 11 2 5 11 2 5 11 2 5 11 2 5 11 2 5 11 2 5 11 2 5 11 2 42 2 1 1 11 2 42 2 1 1 11 2 42 2 1 1 11 2 42 2 1 1 11 2 42 2 1 1 11 2 42 2 1 1 11 2 42 2 1 1 11 2 42 2 1 1 11 2 42 2 1 1 11 2 42 2 1 1 11 2
7 15 1 2 1 7 1 2 7 2 1 7 15 1 2 1 7 2 1 2 1 7 2 1 7 15 1 7 15 1 2 1 7 1 2 7 2 1 7 15 1 2 1 7 2 1 2 1 7 2 1 7 15 1 2 1 7 2 1 2 1 7 2 1
27 85 29 8 92 32 14 18 25 19 16 8 33 14 27 1 19 16 8 7 1 27 1 19 16 8 7 1 27 12 19 16 55 29 7 19 16 8 33 14 27 1 19 16 8 7 1 27 1 19 16 8 7 1 27 1 19 16 8 7 1 27 85 29 8 92 32 14 18 25 19 16 8 33 14 27 1 19 16 8 7 1 19 16 8 33 14 27 1 19 16 8 7 1 27 65 19 16 8 25 1 27 1 19 16 8 7 1 27 1 19 16 8 7 1 27 1 19 16 8 7 1
1 4 3 4 1 11 4 1 4 1 11 4 1 11 2 9 3 4 1 11 4 1 4 1 11 4 1 4 1 4 11 4 1 4 11 4 1 4 11 3 1 4 1 4 9 11 2 9 3 4 1 11 4 1 4 1 11 4 1 4 1 4 11 4 1 4 11 4 1 4 11 3 1 4 1 4 9 11 2 9 3 1 4 1 4 1 4 1 4 1 4 11 4 1 4 11 4 1 4 11 3 1 4 1 4 9 11 2 9 3 1 4 1 4 1 4 1 4 1 4 1 4 1 4 1 4 3 9 3 9 3 9 3 9 3 9 3 9 3
6 1 2 3 2 1 32 1 3 2 1 2 3 2 1 10 6 3 15 10 6 3 2 1 32 1 2 1 12 1 12 1 12 1 12 1
1 25 1 25 1 6 2 1 7 2 1 6 2 7 1 3 1 3 1 3 1 3 1 3 1 3 1 3 1 3 18 3 18 3 18 3 18 3 18 3 18 3 18 3 18 32 29 32 29 32 29 32 29 32 29 32 29 3 1 6 2 1 7 2 1 6 2 7 1 2 1 2 1 2 1 2 1 2 1 2
1 1 2 1 2 1 2 1 2 1 3 1 4 2 1 1 1 2 1 2 1 2 1 2 1 3 1 4 2 1 1 1 2 1 2 1 3 6 2 3 4 3 1 2 1 2 1 2 1 2 1 3 1 4 2 1 1 1 2 1 2 1 3 6 2 3 4 3 1 2 1 2 1 3 1 4 2 1 1 1 2 1 2 1 3 6 2 3 4 3 1 2 1 2 1 4 2 1 4 2 1 4 2 1 4 2 1 4 2 1 4 2 1 4 2 1 4 2 1 4 2 1 4 2 1 4 2 1 4 2 1 4 2 1 4 2
4 3 2 11 1 2 1 2 1 2 1 2 1 2 1 2 1 2 1 2 1 2 1 2 7 15 7 15 1 2 1 2 1 2 4 3 1 2 1 2 1 2 1 2 1 2 1 2 1 2 1 2 7 15 7 15 1 2 1 2 1 2 4 3 1 2 1 2 1 4 3 1 2 1 2 1 2 3 1 2 1 2 1 2 1 2 1 2 1 2 1 2 1 2 1 2 1 2 1 2 1 2 1 2 1 2 1 2 1 2 1 2 1 2 1 2 1 2
1 2 1 2 1 24 2 1 24 2 1 24 2 17 10 3 1 24 2 1 24 2 1 24 2 17 10 3 1 2 1 8 2 3 1 2 1 2 1 8 2 3 1 2 1 24 2 1 24 2 1 24 2 17 10 3 1 2 1 8 2 3 1 2 1 2 1 8 2 3 1 2 1 2 1 2 1 2 1 2 1 8 2 3 1 2 1 2 1 8 2 3 1 2 1 2 1 8 2 3 1 2 1 2 1 8 2 3 1 2 1
12 36 12 36 12 36 12
1 2 1 2 1 2 1 2 1 2 1 2 1 2 1 2 1 11 2 1 11 2 1 11 2 1 11 2 1 11 2 1 11 2 1 11 2 1 11 2 1 2 1 2 1 2 1 2 1 11 2 1 11 2 1 11 2 1 11 2 1 2 1 2 1 2 1 2 1 11 2 1 11 2 1 11 2 1 11 2 1 2 1 2 1 2 1 11 2 1 11 2 1 11 2 1 11 2 1 11 2 1 11 2 1 11 2 1 11 2 1 2 1 2 1 2 1 2 1 11 2 1 11 2 1 11 2 1 11 2 1 11 2 1 11 2 1 11 2 1 11 2 1 11 2 1 11 2 1 11 2 1 11 2 1
1 17 8 2 1 25 3 2 1 16 8 2 1 8 16 7 6 16 48 2 16 10 3 1 7 2 1 16 8 2 1 8 16 7 6 16 48 2 16 10 3 2 1 2 1 16 8 2 1 8 16 7 6 16 48 2 16 10 3 2 1 2 16 48 2 16 2 16 48 2 48 2 1 27 4 2 16 64 23 3 1 16 8 2 1 8 16 7 6 16 48 2 16 10 3 6 2 1
2 1 2 1 2 1 6 2 1 3 2 1 2 1 2 1 2 1 2 1 2 1 2 1 3 2 1 2 1 2 1 6 2 1 2 1 2 1 2 1 2 1 2 1 2 1 3 2 1 2 1 2 1 6 2 1 2 1 2 1 6 2 1 3 6 2 3 1 6 3 2 1 6 2 3 1 2 3 2 1 10 1 6 6 2 1 2 1 2 1 2 1 2 1 2 1 2 1 3 2 1 2 1 2 1 6 2 1 2 1 2 3 2 1 10 1 6 6 2 3 2 1 10 1 6 6 2 3 2 1 10 1 2 1 2 1 2 1 2 1 2 1 2 1 2 1 2 1 2 1 2 1 2 1 2 1 2 1 2 1 2 3 2 1 10 1
7 1 20 1 1 7 1 35 1 12 2 1 7 1 7 1 20 1 1 7 1 35 1 12 2 1 7 1 1 1 20 1 1 7 1 35 1 12 2 1 7 1 7 1 20 1 1 7 1 35 1 12 2 1 7 1 7 1
1 2 18 1 2 18 1 2 18 1 25 7 1 20 1 1 2 3 1 2 3 1 2 3 1 2 3 1 2 1 3 2 1 2 1 23 3 1 2 1 2 1 2 1 2 2 3 1 20 1 1 2 3 1 2 3 1 2 3 1 2 3 1 2 1 3 2 1 2 1 23 3 1 2 1 2 1 2 1 2 2 3 1 2 3 1 2 3 1 2 3 1 2 3 1 2 3 1 2 3 1 2 3 1 2 3 1 2 3 2 3 1 3 2 1
12 15 12 7 7 7 7 12 7 12 15 12 7 7 7 7 12 7 12 15 12 7 7 7 7 12 7 12 15 12 7 7 7 7 12 7 12 15 12
9 11 54 9 5 9 11 9 5 21 11 4 21 5 21 5 46 7 5 21 5 21 5 21 11 4 21 5 21 5 46 7 5 11 4 21 3 11 4 5 9 22 11 9 4 5 21 5 21 9 4 11 9 11 9 11 22 54 9 106 9 4 38 4 21 7 11 4 21 3 11 4 5 9 22 11 9 4 5 21 5 21 9 11 9 5 9 11 9 5 9 11 9 5 9 11 9 5 9 11 9 5 9 11 9 5
5 4 46 7 5 4 46 7 1 27 1 11 1 27 1 11 5 4 46 7 1 27 1 11 1 27 1 11 5 4 46 7 1 27 1 11 1 27 1 27 5 4 46 7 5 7 5 7 5 7 5 7 5 7 5 7 5 7 5 7 1
6 10 2 3 1 2 3 1 1 2 3 2 3 1 2 3 1 6 6 2 3 2 1 3 1 12 2 1 3 2 1 6 10 2 3 1 2 3 1 1 2 3 2 3 1 2 3 1 6 6 2 3 2 1 3 1 12 2 1 3 2 6 3 2 1 3 1 12 2 1 3 2 1
1 2 1 2 1 2 1 2 1 2 1 2 1 34 30 9 30 34 9 30 34 30 9 30 34 11 9 1 2 4 2 1 2 4 2 1 2 4 2 1 2 4 2 1 2 1 2 1 2 1 2 1 2 1 2 1 34 30 9 30 34 9 30 34 30 9 30 34 11 9 1 2 4 2 1 2 4 2 1 2 4 2 1 2 4 2 24 11 24 11 1 2 1 2 1 2 1 2 1 2 1 2 1 34 30 9 30 34 9 30 34 30 9 30 34 11 9 1 2 4 2 1 2 4 2 1 2 4 2 1 2 4 2 1 2 4 2 1 2 4 2 1 2 4 2 1 2 4 2 1 2 4 2 1 2 4 2 1 2 4 2 1 2 4 2 1 2 4 2 1 2 4 2 1 2 4 2 1
1 2 3 2 1 2 3 2 1 2 3 2 1 2 3 2 1 2 3 2 1 2 3 2 1 2 3 2 1 2 3 2 1 2 1 2 1 2 3 2 1 2 1 2 1 2 3 23 1 2 3 2 1 2 3 2 1 2 3 2 1 2 3 2 1 2 3 2 1 2 3 2 1 2 3 2 1 2 3 2 1 2 1 2 1 2 3 2 1 2 1 2 1 2 3 2 1 2 1 2 1 2 3 2 1 2 1 2 1 2 3 23 1 2 3 2 1 2 3 2 1 2 3 2 1 2 3 2 1 2 3 2 1 2 3 2 1 2 3 2 1 2 3 2
1 2 11 1 2 11 1 2 1 2 1 4 2 1 2 1 2 4 2 4 2 1 2 11 1 2 11 1 2 1 2 1 4 2 1 2 1 2 4 2 4 2 1 3 2 3 2 1 2 11 1 2 1 2 1 2 1 2 1 4 2 1 2 1 2 1 2 1 2 1 2 1 2 1 2 1 2 1 2 1 2 1 2 1 2 1 2 1
8 25 20 25 20 25 20 63 66 33 108 14 28 41 16 135 3 109 14 28 8 7 20 25 20 25 20 8 2 16 1 19 1 28 20 14 8 7 20 12 19 49 1 8 25 1 12 19 16 12 19 1 28 20 14 20 12 19 49 1 8 9 1
1 6 2 3 1 6 2 3 1 6 2 3 1 6 2 3 1 6 2 3 1 6 2 3 1 6 2 3 1 6 2 3 1 6 2 3 1 6 2 3 1 6 2 3 1 6 2 3 1 6 2 3 1 6 2 3 1 6 2 3 1 6 2 3 1 6 2 3 1 6 2 3
61 1 27 27 1 27 1 27 27 1 27 18 3 29 18 4 29 3 27 1 27 1 69 1 27 1 27 1 27 1 27 10 30 35 1 10 3 61 1 18 3 29 18 4 29 3 18 3 29 18 4 29 3 27 1 27 1 69 1 27 1 27 1 27 1 27 1 27 1 27 1 27 1 27 1 27 1 27 1 27 1 69 1 27 1 27 1 27 1 27 1 27 1 27 1 27 1 27 1 27 1 27 1 27 1 27 1 27 1 27 1 27 1 27 1 27 1 27 1 27 1 27 1
3 2 1 3 2 1 3 2 1 3 2 1 3 2 1 3 2 1 3 2 1 3 2 1 3 2 1 3 2 1 3 2 1 3 2 1 3 2 1 3 2 1 3 2 1 2 3 2 1 2 3 2 1 2 3 2 1 4 2 3 2 1 3 2 1 3 2 1 4 2 3 2 1 3 2 1 3 2 1 3 2 1 2 3 2 1 2 3 2 1 2 3 2 1 3 2 1 3 2 1 3 2 1 3 2 1 3 2 1 3 2 1 3 2 1 3 2 1 3 2 1 3 2 1 3 2 1 3 2 1 3 2 1 3 2 1 3 2 1 2 3 2 1 2 3 2 1 2 3 2 1 4 2 3 2 1 2 3 2 1 2 3 2 1 2 3 2 1 3 2 1 3 2 1 3 2 1 3 2 1 3 2 1 3 2 1 3 2 1 3 2 1
1 10 3 1 10 3 33 31 28 3 1 6 2 7 1 10 3 1 10 3 33 31 28 3 1 6 2 7 1 10 3 1 10 3 1 6 2 7 1 6 2 7 1 6 2 7
1 3 1 3 1 3 2 1 2 3 3 1 2 1 3 3 1 2 17 3 2 17 3 3 1 2 1 3 3 1 2 1 8 1 2 1 8 1 2 17 3 2 17 3 3 1 2 1 3 3 1 2 1 8 1 2 1 8 1 2 17 3 2 17 3 2 17 3 2 17 3 2 17 3 2 17
2 1 1 1 3 1 3 1 2 3 1 3 1 3 1 2 3 1 1 1 3 1 3 1 2 1 3 1 3 1 2 3 1 3 1 3 1 2 1 2 1 3 1 3 1 2 3 1 3 1 3 1 2 1 2 1 2 1 3 2 1 3 2 1 3 2 1 3 2 1 3 2 1 3 2 1 3 2 1 3 2 1 3 2 1 3 2 1 3 2 1 3 2 1 3 2 1 3 2 1 3 2 1 3 2 1 3 2 1 3
5 5 4 24 5 5 4 24 5 5 4 24 5 5 4 24 5 5 4 24 5 5 4 24 5 5 4 24 5 5 4 24 5 5 4 24 5 5 4 24 5 5 4 24 5 5 4 24 2 4 11 2 4 11 2 4 11 2 4 11 5 5 4 24 5 5 4 24 5 5 4 24 5 5 4 24 5 5 4 24 5 5 4 24 5 5 4 24 5 5 4 24 2 4 11 2 4 11 2 4 11 2 4 11 22 9 13 9 21 5 5 4 24 5 5 4 24 5 5 4 24 5 5 4 24 5 5 4 24 5 5 4 24 5 5 4 24 5 5 4 24 5 5 4 24 5 5 4 24 5 5 4 24 5 5 4 24 2 4 11 2 4 11 2 4 11 2 4 11 2 4 11 2 4 11 2 4 11 2 4 11 2 4 11 2 4 11
1 2 1 3 9 3 1 2 1 3 9 3 1 2 1 3 9 3 1 2 1 3 9 3 1 3 9 3 1 3 9 3 1
1 2 1 2 1 2 1 3 2 1 2 1 2 1 2 1 3 2 1 2 1 2 1 2 1 3 2 1 2 1 2 1 2 1 3 2 1 3 2 1
1 7 1 2 7 1 2 1 7 1 3 1 2 7 1 2 1 7 1 2 7 1 2 1 7 1 7 1 7 1
1 2 1 3 2 1 2 1 3 2 1 2 1 34 2 1
1 2 1 2 1 2 1 3 2 3 7 1 2 1 2 1 2 1 17 17 17 17 3 2 3 1 2 1 2 1 3 2 3 1 2 1 17 17 17 17 3 2 3 1 2 1 2 1 3 2 3 1 2 1 1 20 1 3 2 3 1 3 2 3 1 2 1 2 1 3 2 3 1 2 1 2 1 17 17 17 17 3 2 3 1 2 1 2 1 1 20 1 3 2 3 1 2 1 1 20 1 3 2 3 1 3 2 3 1 2 1 3 2 3 1 2 1 2 1 2 1 2 1
2 1 3 1 2 1 3 1 2 1 3 1 2 1 3 1 3 1 3 1 3 6 17 2 1 3 6 17 2 1 2 1 3 1 2 1 3 1 2 1 3 1 2 1 3 1 3 1 3 1 3 6 17 2 1 3 6 17 2 1 2 1 3 1 2 1 3 1 2 1 3 1 2 1 3 1 3 1 3 1 11 9 3 2 1 3 1 2 1 3 1 2 1 3 1 2 1 3 1 3 1 3 1 3 1 3 1 3 1 3 1 3 1 3 1 3
3 17 14 28 3 33 14 28 41 117 3 109 20 31 55 114 31 2 21 1 24 31 28 87 28 41 117 3 109 20 31 55 114 31 2 21 1 24 31 28 25 7 20 31 28 7 1
1 2 11 1 2 11 1 2 1 7 1 2 11 1 2 1 7 1 2 11 1 2 1 7 1
1 5 36 5 11 18 30 5 5 36 5 11 18 30 5 1 115 36 5 11 18 30 5 36 5 11 18 30 5 36 5 11 18 30 5 5 36 5 11 18 30 5 36 5 11 18 30 5
1 2 37 2 1 18 3 23 3 1 2 37 2 1 3 1 3 1 3 1 2 37 2 1 18 3 23 3 1 2 37 2 1 3 1 3 1 3 1 2 37 2 1 18 3 23 3 1 2 37 2 1 3 1 3 1 3 1 3 1 3 1 1 1 1 1 1
1 16 78 1 1 16 78 8 1 2 1 39 1 10 62 7 8 8 7 1 7 39 1 8 7 1 12 12 19 2 6 14 28 25 7 12 2 1 39 1 10 62 7 8 8 7 1 39 1 8 7 1 12 12 19 21 1 12 2 7 1 16 14 7 30 1 2 1 39 1 8 62 7 8 2 7 1 39 1 12 2 2 1 35 1 28 7 1 2 1 39 1 8 62 7 8 2 7 1 39 1 12 2 21 1 7 1
5 13 52 18 52 18 25 32 25 32 29 5 13 52 18 52 18 25 32 25 32 29 5 13 5 13
1 20 2 10 7 1 20 2 10 7 1 20 2 10 2 1 20 2 10 7 1 20 2 10 2 1 2 7 1 20 2 10 7 1 20 2 10 2 1 2 1 6 17 10 7 1 12 2 18 10 7 1 20 2 10 7 1 20 2 10 7 1 20 2 10 2 1 2 7 1 20 2 10 7 1 20 2 10 2 1 2 1 6 17 10 7 1 12 2 18 10 7 1 20 2 10 7 1 20 2 10 7 1 20 2 10 2 1 2 7 1 20 2 10 7 1 20 2 10 2 1 20 2 10 7 1 20 2 10 2 1 2 1 6 17 10 7 1 12 2 18 10 7 1 20 10 7 1 20 10 7 1 20 10 7 1 2 1
1 25 1 25 1 8 1 2 1 14 28 3 1 8 1 2 1 14 28 3 1 3 1 10 1 3 14 2 3 17 2 3 6 2 1 2 1 28 7 1 8 1 2 1 14 28 3 1 8 1 2 1 14 28 3 1 3 1 10 1 3 14 2 3 17 2 3 6 2 1 2 1 28 7 1 25 1 25 2 3 17 2 3 6 2 1 2 1 28 7 2 3 17 2 3 6 2 1 2 1 28 7
1 1 1 1 19 21 20 8 23 7 20 12 19 25 7 20 6 6 6 28 25 7 20 12 19 8 7 20 12 19 7 20 19 8 7 20 19 8 7 20 10 20 55 31 75 16 85 31 75 28 41 55 31 75 50 50 50 33 55 31 75 28 41 16 31 75 28 41 31 75 41 16 31 75 41 16 31 75 41 16 31 18 18 18 18 41 24 75
1 3 2 3 1 3 2 6 16 2 23 1 3 2 3 1 3 2 3 1 3 2 3 6 16 2 3 1 2 3 1 2 3 1 2 3 1 2 1 8 23 2 1 8 25 1 3 2 3 1 3 2 3 1 3 2 17 6 2 25 1 3 2 3 1 3 2 3 1 3 2 17 6 16 2 25 1 2 3 1 2 3 1 2 3 1 2 1 8 23 2 1 8 25 1 3 2 3 1 3 2 1 3 2 3 1 3 2 1 2 1 8 23 1 2 3 1 2 3 1 2 3 1 2 1 8 23 1 2 23 1 2 23 1
2 1 3 2 1 3 2 1 3 2 1 3 2 1 3 2 1 3 2 1 3 2 1 3 2 2 1 3 2 1 3 2 1 3 2 1 3 2 1 3 17 2 3 17 6 3 17 2 3 17 6 3 2 2 1 3 2 2 1 3 17 2 3 2 17 2 3 61 2 1 3 2 1 3 2 2 1 3 2 2 1 3 17 2 3 17 6 3 17 2 3 17 6 3 2 2 1 3 2 2 1 3 2 2 1 3 2 2 1 3 2 2 1 3 2 2 1 3 2 2 1 3 2 2 1 3 2 2 1 3
12 15 12 7 12 15 12 7 15 12 15 12 7 12 15 12 7 15 12 15 12 7 1 2 1 2 1 2 1 2 1 15 2 15 2 15 1 2 1 2 1 7 15 1 2 1 2 1 12 15 12 7 15 12 15 12 7 12 15
1 20 4 20 1 20 4 20 6 17 2 1 2 1 1 10 2 3 6 17 2 1 2 1 10 2 3 20 19 20 19 17 6 17 6 10 2 3 1 20 4 20 1 20 4 20 6 17 2 1 2 1 10 2 3 20 19 20 19 17 6 17 6 10 84 2 3 20 19 20 19 1
1 6 2 3 2 1 1 20 2 1 6 2 3 1 1 20 2 20 6 2 33 6 10 63 33 6 10 8 7 20 1 20 12 10 31 8 16 19 7 20 6 10 3 2 1
1 2 1 2 1 2 1 2 1 2 1 2 1 2 1 2 4 2 1 2 1 2 1 2 1 2 1 2 1 2 4 2 1 2 1 2 4 2 1 2 1 2 1 2 1 2 1 2 1 2 1 2 4 2 1 2 1 2 1 2 1 2 1 2 4 2 1 2 1 2 4 2 1 2 1 2 1 2 1 2 1 2 1 2 1 2 1 2 1 2 4 2 1 2 1 2 4 2 1 2 1 2 1 2 1 2 10 2 4 29 4 2 10 2 4 29 4 2 10 2 4 29 4 2 1 2 1 2 1 2 1 2 1 2 1 2 1 2 1 2 1 2 1 2 1 2 1 2 1 2 1 2 1 2 1 2 1 2 1 2 1 2 1 2 4 2
1 2 1 2 1 2 3 1 2 7 1 2 7 1 2 7 1 12 2 7 1 2 7 1 2 7 1 2 7 1 2 1 3 1 2 7 1 2 7 1 2 7 1 2 7 1 12 2 7 1 2 7 1 2 7 1 2 7 1 2 7 1 2 1
43 1 43 1 43 1 43 1 45 2 43 1 43 1 45 2 45 2 3 2 8 43 1 43 1 43 1 45 2 43 1 43 1 45 2 45 2 3 2 8 43 1 2 1 3 10 2 6 3 2 1 3 10 6 18 3 43 1 43 1 45 2 10 2 3 1 35 37 6 14 2 8 3 2 8 43 1 3 2 8 43 1 43 1 43 1 43 1 43 1 43 1 43 1 43 1 43 1 43 1
1 16 6 1 2 1 8 7 1 16 6 1 2 1 8 1 19 8 1 8 16 6 19 8 7 1 16 6 1 2 1 8 7 1 16 6 1 2 1 8 1 19 8 1 8 16 6 19 8 7 1 16 6 1 2 1 8 7 1 16 6 1 2 1 8 6 1 19 1 8 1 19 1 8 7 1 16 6 1 2 1 8 7
12 13 12 38 12 38 12 38 12 38 12 38 15 12 38 15 12 38 7 15 12 12 12 38 12 38 12 38 15 12 38 15 12 38 7 15 12 12 12 38 12 38 12 38 15 12 38 15 12 38 7 15 12
1 6 1 6 1 6 1 3 1 6 2 3 1 6 2 3 1 6 2 3 1 6 2 3 1 3 1 6 1 6 1 6 2 3 1 3 1 6 1 6 1 6 1 3 1 6 2 3 1 6 2 3 1 6 2 3 1 6 2 3 1 3 1 6 1 6 1 6 2 3 1 3 1 6 1 6 1 6 1 6 1 6 1 6
1 1 7 1 7 2 7 1 2 1 7 1 7 1 7 2 7 1 2 1 7 1 7 1 7 2 7 1 2 1 7 1 7 1 7 1 7 2 7 1 2 1 7 1 7 1 7 2 7 1 2 1 7 1 7 1 7 1
1 2 1 3 6 1 1 1 2 1 2 1 3 6 1 1 1 2 1 2 1 3 6 1 1 1 2 1 3 6 1 1 1 2 1 2 1 3 6 1 1 1 2 1 2 1 3 1 3 6 1
1 3 10 3 3 1 60 17 60 17 3 73 14 28 7 1 3 10 3 3 1 60 17 60 17 3 73 14 28 7 1 3 10 84 8 3 3 12
1 6 2 3 1 6 2 1 33 2 95 1 6 1 6 1 12 2 1 12 2 1 12 2 1 6 28 7 1 6 2 1 33 2 95 1 6 1 6 1 6 1 6 1 6 1 6 1 6 1 6 1 6 1 6 1 6
24 5 24 5 24 5 24 5 13
7 2 31 31 10 4 7 1 17 68 10 10 30 1 10 30 1 89 2 31 31 10 4 7 1 17 68 10 10 30 1 12 2 89 2 33 6 108 14 18 10 17 7 7 1 89 2 31 31 10 4 3 1 17 68 10 10 30 1 2 89 2 33 6 108 14 18 10 17 7 7 1 89 2 31 31 10 4 3 1 17 68 10 7 1 89 1
1 12 15 12 7 15 7 15 12 15 12 7 15 7 15 12 15 12 7 15 12 15 12 7 15 7 15 12 15 12 7 15 12 15 12 7 15 12 15 12 7 15 12 15 12 7 15 12 15 12 7 15 12
14 20 28 18 3 1 14 20 28 18 3 1 7 3 4 2 4 2 1 4 2 1 3 4 2 4 2 1 4 2 1 16 14 16 14 20 28 3 4 2 4 2 1 4 2 1 3 4 2 4 2 1 4 2 1 16 14 16 14 1 18 3 1 14 1 18 3 1 7 18 3 29 3 18 3 33 60 34 30 9 34 33 60 34 30 9 34 32 39 65 32 39 65 32 39 65 32 39 65 32 39 65 32 39 65 32 39 65 32 39 65 32 39 65 32 39 65 32 39 65 32 39 65 32 39 65 32 39 65 32 39 65 32 39 65
5 7 5 46 7 5 7 5 7 5 46 7 13 5 7 5 46 7 13 5 7 5 46 7 13 5 7 5 46 7 13 5 7 5 46 7 13 5 7 5 46 7 13 5 7 5 46 7 5 7 5 46 7 13 5 7 5 46 7 13 5 7 5 46 7 13
1 6 1 6 1 7 1 6 1 6 1 7 1 6 1 6 1 7 1 6 1 6 1 7 1 6 1 6 1 7 1 6 1 6 1 7 1 6 1 6 1 7 1 6 1 6 1 7 1 6 1 6 1 7 1 6 1 6 1 7 1 6 1 6 1 7 1 6 1 6 1 7 1 6 1 6 1 7 1
3 1 1 4 31 10 84 8 7 10 84 8 7 1 6 17 69 10 22 36 11 8 7 1 1 4 31 10 84 8 7 1 1 4 31 10 84 8 7 10 84 8 7 1 6 17 69 10 22 36 11 8 7 1 1 4 31 10 84 8 7 1 20 8 7 1 1 1
1 3 6 3 2 1 7 1 21 1 28 10 3 17 6 28 1 3 2 17 10 1 7 1 21 1 21 1 28 10 3 17 6 28 1 3 2 17 10 1 7 1 12 1 11 2 4 11 2 4 18 24 11 5 7 1 3 1 21 1 28 10 3 17 6 28 1 3 2 17 10 1 7 1 21 1 28 10 3 17 6 28 1 3 2 17 10 1 7 1 21
1 1 4 2 1 4 2 1 4 2 1 4 2 1 4 2 1 4 2 3 4 3 4 3 4 3 4 1 4 2 1 4 2 1 4 2 3 1 4 2 1 4 2 1 4 2 1 4 2 3 4 3 4 3 4 3 4 1 4 2 1 4 2 1 4 2 3 4 39 2 1 2 1 2 1 2 1 3 1 4 2 1 4 2 1 4 2 3 4 39 1 2 4 1 4 2 1 4 2 1 4 2 1 4 2 1 4 2 1 4 2 1 4 2 1 4 2 1
21 34 32 1 2 20 2 16 14 2 20 2 16 14 16 14 8 3 35 1 35 1 21 1 21 1 21 34 32 1 21 34 32 1 2 20 2 16 14 2 20 2 16 14 16 14 8 3 35 1 35 1 21 1 21 1 21 34 32 1 21 34 32 1 7 21 34 32 1 21 34 32 1
1 2 10 7 1 2 10 7 1 2 10 7 1 2 10 7 1 2 10 7 1 2 10 7 1 2 10 7 1 2 10 7 1 2 10 7 1 2 10 7 1 2 10 7 1 2 10 7 1 2 10 7 1 2 10 7 1 2 10 7 1 2 10 7 1 2 10 7 1 2 10 7 1 2 10 7 1 2 10 7 1 2 10 7 1 2 10 7
3 3 17 18 1 29 2 3 2 3 1 29 2 3 2 3 2 3 18 50 3 29 18 50 3 29 3 1 29 2 3 2 3 1 29 2 3 2 3 2 3 18 50 3 29 18 50 3 29 18 4 18 4 11 59 1 29 2 3 2 3 1 29 2 3 2 3 2 3 18 50 3 29 18 50 3 29 18 50 3 29 18 50 3 29 18 50 3 29 18 50 3
1 17 1 17 1 17 1 17 1 17 1 17 39 34 39 34 56 56 39 34 39 34 39 34 56 56 39 34 39 34 1 17 1 17 1 17 1 17 39 34 39 34 56 56 39 34 39 34 39 34 56 56 39 34 39 34 1 17 1 17 1 17 1 17 39 34 39 34 56 56 39 34 39 34 39 34 56 56 39 34 39 34 39 34 39 34 1 17 1 17 1 17 1 17 39 34 39 34 56 56 39 34 39 34 39 34 56 56 39 34 39 34 39 34 56 56 39 34 39 34 39 34 56 56 39 34 39 34 39 34 56 56 39 34 39 34 39 34 56 56 39 34 39 34
13 13 51 13 13 13 51 13 13 51 13 13 13 51 13 13 13 51 13 13 13 51 13 13 51 13 13 13 51 13 13 13 51 13 13 13 51 13 13 51 13 13 13 51 13 13 13 51 13 13 13 51 13 13 51 13 13 13 51 13 13 13 51 13 13 13 51 13 13 51 13 13 13 51 13 13 13 51 13 13 13 51 13 13 51 13 13 13 51 13 13 13 51 13 13 13 51 13 13 51 13 13 13 51 13 13 13 51 13 13 13 51 13 13 51 13 13 13 51 13 13 13 51 13 13 13 51 13 13 13 51 13 13 13 51 13 13 51 13 13 13 51 13 13 13 51 13 13 13 51 13 13 51 13 13 13 51 13 13 13 51 13 13 13 51 13 13 51 13 13 13 51 13 13 13 51 13 13 13 51
1 10 3 1 10 3 33 31 28 3 1 6 2 7 1 10 3 1 10 3 33 31 28 3 1 6 2 7 1 10 3 1 10 3 1 6 2 7 1 6 2 7 1 6 2 7
7 1 7 1 12 2 28 7 1 7 1 2 7 1 3 7 1 2 7 1 7 1 7
1 33 6 12 2 1 6 28 7 25 7 1 33 6 12 2 1 6 28 7 1 2 3 2 16 2 1 3 6 3 2 2 64 3 1 33 6 12 2 1 6 28 7 25 7 1 33 6 12 2 1 6 28 7 1 33 6 12 2 1 6 28 7 25 7
1 3 1 8 3 8 3 8 1 8 1 6 2 6 2 3 6 2 8 3 8 3 1 3 1 3 1 8 3 8 3 8 1 8 1 6 2 6 2 3 6 2 8 3 8 3 1 3 1 3 1 3 1 3 1
1 3 1 3 1 3 2 1 11 2 1 3 1 3 1 3 2 1 3 1 3 1 3 1 3 1 3 1 3 2 1 3 1 3 1 3 18 1 18 1 18 1 18 1 3 18 1 18 1 3 18 1 18 1 18 1 18 1 18 1 18 1 3 18 1 18 1 3 18 1 18 1 18 1 18 1 18 1 18 1 3 18 1 18 1 3 18 1 18 1 18 1 3 18 29 1 3 18 29 1 3 18 29 39 60 39 18 3 18 3 18 3 18 3 3 18 1 18 1 3 18 1 18 1 3 18 1 18 1 18 1 18 1 3 18 1 18 1 3 18 1 18 1 3 1 3 1 3 1 3 1 3 1 3 1 3 2 1 11 2 1
13 15 13 15 8 2 1 3 13 15 13 15 8 2 1 3 2 1 3 10 2 1 3 10 2 1 3 10 12 27 13 15 13 15 13 15 13 15 13 15 13 15 13 15 13 15 8 2 1 3 2 1 3 10 2 1 3 10 2 1 3 10 12 27 18 13 15 13 15 13 15 13 15 13 15 13 15 13 15 13 15 13 15 13 15 13 15 13 15 13 15 13 15 13 15 13 15 13 15 13 15 13 15 13 15 13 15 13 15 13 15 13 15 13 15 13 15 13 15 13 15 13 15 13 15 13 15 13 15 13 15 13 15 13 15 13 15 13 15 13 15 13 15 13 15
5 21 5 7 5 21 5 21 5 21 5 21 5 21 7 5 21 5 21 5 21 5 21 5 21 7 5 21 5 21 5
3 2 1 2 1 3 2 1 2 1 3 2 1 2 1 3 2 1 2 1 3 2 1 2 1 3 2 1 2 1 3 2 1 2 1 3 2 1 2 1 3 2 1 1
1 43 2 3 2 1 43 2 3 2 1 2 3 1 2 3 1 2 3 1 2 3 1 2 3 1 2 3 1 2 3 1 2 3 1 2 3 1 2 3 1 2 3 1 2 3 2 3 1 2 3 2 3 1 2 3 1 8 2 3 2 3 1 8 2 3 2 3 1 8 2 3 2 3 1 8 1 2 3 1 2 3 1 2 3 1 2 3 1 2 3 1 2 3 1 2 3 1 2 3 1 2 3 1 2 3 1 2 3 2 3 1 2 3 2 3 1 2 3 1 8 2 3 2 3 1 8 2 3 2 3 1 8 2 3 2 3 1 8 1 2 3 1 8 2 3 2 3 1 8 2 3 2 3 1 8 2 3 2 3 2 3 1 2 3 2 3 1 2 3 1 8 2 3 2 3 1 8 2 3 2 3 1 8 2 3 2 3 1 8 1 2 3 1 8 2 3 2 3 1 8 2 3 2 3 1 8 2 3 2 3 1 8 2 3 2 3 1 8 2 3 2 3 1 8 2 3 2 3 1 8 2 3 2 3 1 8 2 3 2 3
1 12 15 12 7 12 7 12 15 12 7 12 7 12 15 12 7 12 7 12 15 12 7 12 7 12 15 12 7 12 7 12 15 12 7 12 7 12 15 12 7 12 7 12 15 12 7 12 7 12 15 12 7 12 7 12 15 12 7 12 7 12 15 12 7 12 54 28 87 12
1 2 1 2 1 2 1 2 1 2 1 2 1 2 1 2 1 2 1 2 1 2 1 2 1 2 1 2 1 2 1 2 1 2 1 2 1 2 4 2 4 2 4 2 4 2 4 2 4 7 1 2 1 2 1 2 1 2 1 2 1 2 1 2 1 2 1 2 1 2 1 2 1 2 1 2 1 2 1 2 1 2 1 2 1 2 1 2 1 2 1 2 1 2 1 2 1 2 4 2 4 2 4 2 4 2 4 2 4 7 1 2 1 2 1 2 1 2 1 2 1 2 1 2 1 2 1 2 1 2 1 2 1 2 1 2 1 2 1 2 1 2 1 2 1 2
5 3 5 3 5 74 5 3 5 3 5 9 4 5 25 7 5 9 4 5 5 2 25 7 5 74 5 7 5 25 7 5 7 5 7 5
136 18 17 1 3 1 3 1 3 17 3 18 17 18 17 1 3 1 3 1 3 17 3 18 17 18 17 1 3 1 3 1 3 17 3 18 17 18 17 1 3 1 3 1 3 17 3 18 17 18 17 1 3 1 3 1 3 17 3 18 17
32 19 16 31 8 16 19 28 1 8 19 1 19 16 31 8 16 19 28 1 8 19 1 8 7 7 1 33 19 7 1 12 8 7 7 1 33 19 7 1 19 16 31 8 16 19 28 1 8 19 1 19 16 31 8 16 19 28 1 8 19 1 8 7 7 1 33 19 7 1 16 19 7 1
25 26 4 20 1 3 20 1 3 20 12 19 16 19 16 19 28 25 26 4 20 25 26 4 20 1 3 20 1 3 20 12 19 16 19 16 19 28 25 26 4 20 25 26 4 20 25 26 4 20 25 26 4 20 25
1 6 10 3 1 2 3 2 3 1 1 1 2 3 2 3 1 1 1 2 3 2 3 1 1 1 2 3 2 3 1 12 2 3 1 2 3 1 2 3 1 6 28 3 1 2 3 2 3 1 1 1 2 3 2 3 1 1 1 2 3 2 3 1 1 1 2 3 2 3 1 12 2 3 1 2 3 1 2 3 1 6 28 3 1 2 3 2 3 1 1 1 2 3 2 3 1 1 1 2 3 2 3 1 2 21 1
58 1 58 1 11 4 1 4 1 11 1 58 1 58 1 11 4 1 4 1 11 1 58 1 58 1 11 4 1 4 1 4 5 4 5 4 5 4 9 4 30 11 57 42 5 4 5 4 5 4 5 4 5 4 9 4 30 11 57 42 87 58 1 58 1 58 1 58 1 11 4 1 4 1 11 1 4 9 4 9 24 9 4 5 4 5 4 5 4 5 4 9 4 30 11 57 42 5 4 5 4 5 4 5 4 5 4 9 4 30 11 107 57 5 4 5 4 5 4 5 4 5 4 9 4 30 11 57 42 30 11 57 42 87 58 1 58 1 58 1 58 1 58 1 58 1 58 1 58 1 58 1 58 1
1 18 18 2 1 3 1 18 18 2 1 3 1 18 18 2 1 3 1 18 18 2 1 3 2 1 10 1 1 18 18 2 1 10 1 18 18 2 1 10 1 1 18 18 2 1 10 1 18 18 2 1 10 2 1 10 1 1 1 2 1 10 1 1 18 18 2 1 10 1 18 18 2 1 10 1 18 18 2 1 10 1 18 18 2 1 10 1 18 18 2 1 10 1 18 18 2 1 10 1
3 5 24 5 24 5 3 5 24 5 24 5 13 5 3 5 24 5 24 5
58 1 58 1 11 4 1 4 1 11 1 58 1 58 1 11 4 1 4 1 11 1 58 1 58 1 11 4 1 4 1 4 5 4 5 4 5 4 9 4 30 11 57 42 5 4 5 4 5 4 5 4 5 4 9 4 30 11 57 42 87 58 1 58 1 58 1 58 1 11 4 1 4 1 11 1 4 9 4 9 24 9 4 5 4 5 4 5 4 5 4 9 4 30 11 57 42 5 4 5 4 5 4 5 4 5 4 9 4 30 11 107 57 5 4 5 4 5 4 5 4 5 4 9 4 30 11 57 42 30 11 57 42 87 58 1 58 1 58 1 58 1 58 1 58 1 58 1 58 1 58 1 58 1
5 21 5 21 7 5 21 9 5 7 5 21 7 5 21 5 21 7 5 21 9 5 7 5 21 7 9 30 4 11 2 5 21 5 21 7 5 21 9 5 7 5 21 7 9 30 4 11 2 5 21 5 21 7 5 21 9 5 7 5 21 7 9 30 4 11 2 5
26 4 26 4 26 4 26 4 4 5 4 5 4 5 4 1 26 4 26 4 26 7 4 5 4 5 4 5 4 1 26 4 26 4 26 7 5 4 9 38 4 25 27 5 4 9 21 25 26 4 26 4 4 5 4 5 4 5 4 1 26 4 26 4 26 7 26 4 26 4 26 4 26 4 26 4 26 4 26 4 26 4
2 16 25 15 1 8 7 1 1 20 1 8 7 1 1 20 1 2 7 1 2 8 7 25 20 3 7 1 8 7 1 20 8 12 19 2 21 21 7 64 7 7 20 25 1 8 7 1 20 1 1 8 25 7 1 20 1 1 2 7 1 20 1 1 2 8 7 25 20 3 7 1 8 7 1 20 8 12 19 2 21 21 7 64 7 7 20 25 1 25 1
6 2 6 2 1 3 2 1 10 25 1 1 2 6 10 2 4 2 1 1 2 6 10 2 1 1 2 6 10 2 4 2 1 1 2 6 10 2 1 6 2 6 2 1 3 2 1 10 25 1 1 2 6 10 2 4 2 1 1 2 6 10 2 1 1 2 6 10 2 4 2 1 1 2 6 10 2 1 6 2 6 2 1 3 2 1 10 25 6 6 19 6 6 6 19 6 6 61 14 2 1 3 2 1 10 25 1 1 2 6 10 2 4 2 1 1 2 6 10 2 1 6 2 6 2 1 3 2 1 10 25 6 2 6 2 1 3 2 1 10 25 6
59 11 23 3 132 3 3 2 32 18 1 16 2 2 1 16 2 2 1 16 2 2 46 7 46 7 46 7 9 3 2 32 18 1 16 2 2 1 16 2 2 1 16 2 2 46 7 46 7 46 7 9 3 2 32 18 1 16 2 2 1 16 2 2 1 16 2 2 46 7 46 7 46 7 9 3 2 32 18 59 11 37 2 85 29 85 29 18 76 3 3 18 76 3 3 18 76 3 3 18 76 3 3 18 76 3 3 18 76 3 3 18 76 3 3 18 76 3 3 18 76 3 3 18 76 3 3 18 76 3 3 18 76 3 3 18 76 3 3 18 76 3 3 18 76 3 3 18 76 3 3
1 23 1 23 1 23 16 31 8 1 23 16 31 8 26 40 26 40 8 7 1 7 1 23 1 23 1 7 1 23 16 31 8 1 23 16 31 8 26 40 26 40 8 7 1 7 1 23 1 3 1 3 1 3 1 3 1 3 1 3
1 3 2 1 3 2 1 3 2 15 1 3 2 1 3 2 15 1 3 2 1 3 2 1 3 2 1 3 2 1 3 2 1 3 2 15 1 3 2 1 3 2 1 3 2 1 3 2 1 3 2 1 3 2 1 3 2 1 3 2 1 3 2 1 3 2 1 3 2 1 3 2 15 1 3 2 1 3 2 1 3 2 1 3 2 1 3 2 1 3 2 1 3 2 1 3 2 1 3 2 1 3 2 1 3 2 1 3 2 1 3 2 1 3 2 1 3 2
1 2 3 7 1 12 2 3 7 1 12 2 3 7 1 12 2 3 7 1 2 3 1 2 3 1 2 3 7 1 12 2 3 7 1 12 2 3 7 1 2 3 1 2 3 1 2 3 7 1 12 2 3 1 2 10 3 1 12 2 3 1 2 10 2 3 1 12 2 3 7 1 2 3 7 1 12 2 3 1 2 3 1 2 3 7 1 2 7 1 12 2 7 1 2 3 7 1 3 7 2 1
9 3 1 9 3 1 9 3 1 9 3 1 9 4 12 52 24 52 24 9 3 1 9 3 1 9 3 1 9 4 12 52 24 52 24 22 4 22 4 11 22 4 22 4 1 52 24 52 24 1 5 9 4 21 5 9 4 23 21 1 13 9 2 4 13 9 4 13 22 15 4 5 22 4 42 1 42 1 1 9 24 11 5 37 2 9 24 11 5 37 2 9 24 11 5 2 9 24 11 5 52 27 52 27 52 27 52 27 12 9 3 1 9 3 1 9 3 1 9 4 12 52 2 52 2 57 4 57 4 57 4 57 4 13 10 13 10 13 10 13 10 13 10 13 10 13 10 13 10 13 10
5 24 34 21 5 24 34 21 5 21 5 24 34 21 5 21 5 24 1 4 9 3 2 11 18 30 5 21 5 24 1 4 9 3 2 11 18 30 5 21 5 24 1 4 9 3 2 11 18 30 5 24 34 21 5
1 12 2 3 1 2 3 1 12 2 3 1 2 3 1 12 15 3 1 12 2 3 1 2 3 1
5 27 9 4 5 27 9 4 5 9 4 5 9 4 22 27 5 9 4 5 9 4 22 27 9 4 13 27 9 4 13 27 9 4 13 27 9 4 5 9 4 5 9 4 22 27 5 9 4 5 9 4 22 27 9 4 13 27 9 4 13 27 9 4 13 27 9 4 13 27 9 4 13 27 9 4 13 27 9 4 22 11 9 4 22 11 9 4 13 27 9 4 13 27 9 4 13 27 9 4 13 27 9 4 13 27 9 4 13 27 9 4 13 27 9 4 13 27 9 4 13 27 9 4 13 27 9 4
5 5 5 26 7 5 5 5 26 7 5 5 5 26 7 5 5 5 26 7 5 5 5 26 7 5 5 5 26 7 5 5 5 26 7 5 5 5 26 7 9 11 4 9 5 5 5 26 7 5 5 5 26 7 5 5 5 26 7 5 5 5 26 7 5 5 5 26 7 5 5 5 26 7 9 11 4 9 5 5 5 26 7 5 5 5 26 7 5 5 5 26 7 5 5 5 26 7 5 5 5 26 7 5 5 5 26 7 5 5 5 26 7 5 5 5 26 7 5 5 5 26 7 5 5 5 26 7 5 5 5 26 7 5 5 5 26 7 5 5 5 26 7 5 5 5 26 7 5 5 5 26 7 5 5 5 26 7 5 5 5 26 7 5 5 5 26 7 5 5 5 26 7 5 5 5 26 7 9 11 4 9 5 5 5 26 7 5 5 5 26 7 21 68 28 36 18
5 49 5 2 3 7 1 17 68 10 7 1 17 68 10 7 1 17 68 10 7 1 17 68 10 7 1 17 68 10 7 2 3 6 2 3 1 17 68 10 7 1 17 68 10 7 1 17 68 10 7 1 17 68 10 7 1 17 68 10 7 2 3 6 2 3 2 10 6 24 2 10 6 24 10 7 1 17 68 10 7 1 17 68 10 7 1 17 68 10 7 1 17 68 10 7 1 17 68 10 7 2 3 6 2 3 6 2 3 6 2 3
1 1 10 1 1 29 2 8 8 1 1 29 2 8 8 1 10 1 1 29 2 8 8 1 1 29 2 8 8 1 10 1 10 1 10 2 17 11 4 1 2 17 8 3 1 10 1 1 29 2 8 8 1 1 29 2 8 8 1 10 1 10 1 10 1 10 1
7 1 2 3 2 1 2 3 2 1 2 3 2 1 2 3 2 7 1 2 3 2 1 2 3 2 1 2 3 2 1 2 3 2 1 11 2 3 4 3 2 11 1 11 2 3 4 3 2 11 7 1 2 3 2 1 2 3 2 1 2 3 2 1 2 3 2 1 2 3 2 1 2 3 2 1 2 3 2 1 2 3 2 1 2 7 2 1 2 7 2 1 2 7 2 1 2 7 2 1 2 7 2 1 2 7 2 1 2 7 2 1 2 7 2 1 2 7 2 1 2 7 1 2 7
1 2 1 7 1 12 2 1 28 8 7 1 12 2 95 1 7 2 1 7 1 12 2 1 28 8 7 1 12 2 95 1 7 2 1 12 2 1 28 8 7 1 12 2 95 1 7 2 1
1 2 1 2 1 2 1 2 1 2 1 2 1 3 1 2 1 2 3 1 2 1 2 1 3 1 2 1 2 1 3 1 2 1 2 3 1 2 1 2 1 3 1 2 1 2 1 3 1 2 1 2 3 1 2 1 2 1 3 1 2 1 2 3 1 3 1 2 1 2 1 3 1 2 1 2 3
1 3 2 3 1 3 2 3 1 3 2 3 14 17 2 3 1 3 2 3 14 17 2 3 2 3 17 14 3 2 3 17 14 3 2 3 17 14 3 10 3 1 10 2 3 1 10 2 3 1 10 2 3 1 10 3 1 2 10 3 1 2 10 3 1 3 2 3 14 17 2 3 1 3 2 3 14 17 2 3 2 3 17 14 3 2 3 17 14 3 2 3 17 14 3 10 3 1 10 2 3 1 10 2 3 1 10 2 3 1 10 3 1 2 10 3 1 2 10 3 1 3 2 3 14 17 2 3 14 17 2 3 10 3 1 10 2 3 1 10 2 3 1 10 2 3 1 10 2 3 1 10 2 3 1 10 3 1 10 2 3 1 10 2 3 1 10 2 3 1 10 3 1 2 10 3 1 2 10 3 1 2 10 3 1 2 10 3 1 2 10 3 1 2 10 3 1 2 3 2 3 1
1 9 4 1 9 4 1 9 4 1 4 9 23 3 1 4 9 23 3 1 2 1 2 1 2 1 9 4 1 4 9 23 3 1 4 9 23 3 1 2 1 2 1 2 1 9 4 1 9 4 1 9 4 1 9 4 1 4 9 23 3 1 4 9 23 3 1 4 9 23 3 1 4 9 23 3 1 4 9 23 3 1 2 1 2 1 2 1 9 4 1 2 1 2 1 2 1 9 4 1 2 1 2 1 2 1 9 4 1
5 5 5 5 5 5 5 5 5 21 5 5 5 5 9 4 9 4 5 7 5 5 5 5 5 21 5 5 5 5 9 4 9 4 5 7 1 10 2 1 10 2 5 5 5 5 5 21 5 5 5 5 9 4 9 4 5 1 10 2 1 10 2 1 10 2 1 10 2 1 10 2 1 10 2 1 10 2 1 10 2 1 10 2 1 10 2 1 10 2 1 10 2 1 10 2 1
1 15 1 7 15 1 15 1 7 15 1 15 1 7 15 1 15 1 7 15 1 15 1 7 15 1
2 14 3 2 14 3 2 14 3 2 14 3 1 2 1 3 1 3 2 4 2 3 1 3 1 2 1 3 1 3 2 3 2 14 3 1 2 14 3 1 2 14 3 1 4 2 1 3 4 2 1 3 4 2 3 2 14 3 2 14 3 2 14 3 2 14 3 2 14 3 2 14 3 1 2 1 3 1 3 2 4 2 3 1 2 1 3 1 3 2 3 2 14 3 1 2 14 3 1 2 14 3 1 4 2 1 3 4 2 1 3 4 2 3 2 14 3 2 14 3 2 14 3 2 14 3 2 14 3 2 14 3 2 14 3 2 14 3 2 14 3 2 14 3 2 14 3 2 14 3 2 14 3 2 14 3 2 14 3 2 14 3 2 14 3 2 14 3 1 2 1 3 1 3 2 4 2 3 1 2 1 3 1 3 2 3 2 14 3 1 2 14 3 1 2 14 3 1 4 2 1 3 4 2 1 3 4 2 3 2 14 3 2 14 3 2 14 3 2 14 3 2 14 3 2 14 3 2 14 3 2 14 3 2 14 3 2 14 3 2 14 1
1 4 1 4 1 4 1 4 52 1 4 1 4 52 1 4 1 4 52 8 52 1 4 1 4 52 8 52 1 4 1 4 5 4 11 4 5 4 11 4 26 4 13 26 4 52 1 4 1 4 52 1 4 1 4 52 1 4 1 4 52 8 52 8 1 4 1 4 5 4 11 4 5 4 11 4 26 4 13 26 4 52 1 22 11 21 4 22 11 21 4 22 27 13 26 4 13 26 4 13 26 4 52 15 52 15 1 4 1 4 52 1 4 1 4 52 1 4 1 4 52 8 52 8 1 4 1 4 52 8 52 8 1 4 1 4 52 1 4 1 4
3 2 1 6 10 3 2 1 6 10 3 1 6 10 3 1 6 10 3 1 2 1 3 2 1 6 10 3 1 6 10 3 1 6 2 3 1 2 21 1 32 6 2 3 18 3 2 1 6 10 3 1 6 10 3 1 6 2 3 1 2 1 3 2 1 6 10 3 1 6 10 3 1 6 2 3 2 1
1 7 1 1 3 3 2 1 2 3 2 3 7 1 3 1 3 2 1 8 3 2 3 2 35 1 3 1 3 1 2 1 2 3 25 3 1 7 1 1 3 3 2 1 2 3 2 3 7 1 3 1 3 2 1 8 3 2 3 2 35 1 3 1 3 1 2 1 2 3 25 3 1 7 1 2 1 2 3 7 3 3 3 1
1 18 4 1 18 4 1 18 4 1 18 4 1 1 8 4 1 8 4 1 8 4 1 8 4 1 8 4 1 8 4 1 8 4 1 8 4 1 1 18 4 1 18 4 1 18 4 1 18 4 1 1 10 4 1 10 4 1 8 4 1 8 4 1 8 4 1 8 4 1 1 18 4 1 18 4 1 18 4 1 18 4 1 1 10 4 1 10 4 1 8 4 1 8 4 1 8 4 1 8 4 1 1 18 4 1 18 4 1 18 4 1 18 4 1 1 10 4 1 10 4 1 8 4 1 8 4 1 8 4 1 8 4 1 10 4 1 10 4 1 8 4 1 8 4 1 8 4 1 8 4 1 8 4 1 8 4 1 10 4 1 10 4 1 10 4 1 10 4 1 8 4 1 8 4 1 8 4 1 8 4 1 8 4 1 8 4 1 8 4 1 8 4 1
1 10 1 10 35 1 35 1 19 2 23 3 23 3 35 1 35 1 35 1 19 2 23 3 23 3 35 1 1 10 3 19 8 3 20 12 1 10 3 19 8 3 20 4 12 2 3 19 8 3 20 4 12 2 3 19 1 8 3 23 3 35 1 35 1 19 2 23 3 23 3 35 1 1 10 3 19 8 3 20 4 12 2 3 19 8 3 20 4 12 2 3 19 8 3 20 4 12 2 3 19 1 8 3 23 3 35 1
1 5 11 5 9 1 9 1 9 21 3 1 12 1 9 1 12 1 9 1 9 1 9 21 3 1 12 1 9 1 12 1 9 2 4 2 4 3 4 3 5 11 5 9 1 12 1 9 1 12 1 9 1 12 1 9 1 12 1 9 1 12 1 9 1 12 1 9 1 12 1 9 1 12 1 9 1 12 1 9 1 12 1 9 1
1 3 6 2 3 1 3 6 2 3 1 3 6 2 3 1 3 6 2 3 1 6 2 3 6 2 3 6 2 3 97 6 3 1 6 2 3 6 2 3 6 2 3 97 6 3 1 3 6 2 3 1 3 6 2 3 1 3 6 2 3 1 3 6 2 3 1 2 3 2 3 2 3 6 1 3 6 2 3 1 3 6 2 3 1 6 2 3 6 2 3 6 2 3 97 6 3 1 6 2 3 6 2 3 6 2 3 97 6 3 1 2 3 2 3 2 3 6 1 3 6 2 3 1 3 6 2 3 1 3 6 2 3 1 3 6 2 3 1
6 1 6 1 6 2 7 1 6 2 7 1 6 1 6 3 1 6 1 6 1 6 1 6 2 3 1 6 1 6
6 70 6 28 8 16 2 14 75 7 1 20 1 20 10 84 8 3 8 4 3 3 1 7 3 1 20 1 20 10 84 8 3 8 4 3 3 1 12 12 19 20 7 1 20 6 70 6 82 8 7 8 7 1 20 1 20 10 84 8 3 8 4 3 3 31 2 33 33 6 108 28 28 8 16 8 7 1 46 30 67 30 67 68 130 47 9 47 39 9 36 97 71 15 81 126 54 47 22 47 46 30 57 36 47 22 47 46 30 44 36 47 22 47 46 30 112 44 54 47 22 30 9 47 46 67
8 7 1 2 1 7 7 1 31 28 10 7 1 7 1 31 28 8 7 1 2 1 31 28 8 7 1 7 1 31 28 8 7 1 2 1 7 7 1 31 28 28 8 7 1 7 1 31 28 28 8 7 1 2 1 31 28 8 7 1 7 1 31 28 8 7 1 2 1
1 8 2 25 1 8 2 25 1 8 2 25 1 8 2 25 1 8 2 25 1 8 2 25 1 8 2 25 1 8 2 25 1 8 2 25 1 8 2 25 2 3 1 2 3 1 2 3 1 2 25 1 8 2 25 1 8 2 25 1 8 2 25 1 8 2 25 1 8 2 25 1 8 2 25 1 8 2 25 1 8 2 25 1 8 2 25 1 8 2 25 2 3 1 2 3 1 2 3 1 2 25 1 8 2 25 1 8 2 25 1 8 2 25 1 8 2 25 1 8 2 25 1 8 2 25 2 3 1 2 3 1 2 3 1 2 25 1 2 3 1 2 3 1 2 3 1 2 25 1 8 2 25 1 8 2 25 1 8 2 25 1 8 2 25 1 8 2 25 1 8 2 25
7 1 2 1 7 2 1 2 1 7 2 1 2 1 7 2 1 2 1 7 2 1
2 32 6 3 7 20 2 32 6 3 2 32 6 3 20 2 32 29 2 32 6 3 7 20 2 32 6 3 2 32 6 3 20 2 32 29 8 3 1 8 3 6 3 8 3 1 8 7 29 2 32 6 3 7 20 2 32 6 3 2 32 6 3 20 2 32 29 8 3 1 8 3 6 3 8 3 1 8 7 29 2 32 6 3 7 20 2 32 6 3 2 32 6 3 20 2 32 29 2 32 6 3 7 20 2 32 6 3 2 32 6 3 20 2 32 29 8 3 1 8 3 6 3 8 3 1 8 7 29 8 3 1 8 3 6 3 10
1 10 10 1 10 10 1 10 10 1 10 10 1 10 10 1 10 10 1 10 10 1 10 10 1 10 10 1 10 10 1 10 10 1 10 10 3 2 3 2 3 33 6 22 10 17 10 17 10 17 10 17 10 17 10 17 25 7 1 10 10 1 10 10 1 10 10 1 10 10 1 10 10 1 10 10 1 10 10 1 10 10 3 2 3 2 3 33 6 22 10 17 10 17 10 17 10 17 10 17 10 17 25 7 1 10 10 1 10 10 1 10 10 1 10 10 1 10 10 1 10 10 1 10 10 1 10 10 1 10 10 1 10 10 1 10 10 1 10 10 1 10 10 1 10 10 1 10 10 1 10 10 1 10 10 1 10 10 1 10 10 1 10 10 1 10 10 1 10 10 1 10 10 1 10 10 1 10 10 1 10 10 1 10 10 1 10 10 1 10 10 1 10 10 1 10 10 1 10 10 1 10 10 1 10 10 1 10 10 1 10 10 1 10 10 1 10 10 1 10 10 1 10 10 1 10 10 1 10 10 1 10 10 1 10 10 1 10 10 1 10 10 1 10 10 1 10 10 1 10 10 1 10 10 1 10 10 1 10 10 1 10 10 1 10 10 1 10 10 1 10 10 1 10 10 1 10 10 1 10 10 1 10 10 1 10 10 1 10 10
1 29 2 9 3 1 14 19 26 25 1 14 19 26 25 1 14 19 26 57 42 22 27 57 42 22 27 1 14 19 26 25 1 14 19 26 25 1 14 19 26 25 1 14 19 26 57 42 22 27 57 42 22 27 1 14 19 26 25 1 14 19 26 25 1 14 19 26 25 1 14 19 26 57 42 22 27 57 42 22 27 1 14 19 26 25 1 14 19 26 25 1 14 19 26 25 1 14 19 26 25 1 14 19 26 25 1 14 19 26 25 1 14 19 26 25
7 1 20 8 7 8 7 1 2 3 2 3 2 3 2 3 2 3 2 3 1 3 2 3 2 3 2 3 2 33 6 1 2 5 28 7 1 8 7 8 7 1 12 2 33 6 10 1 7 1 2 3 2 3 2 3 2 3 2 3 2 3 1 3 2 3 2 3 2 3 2 33 6 1 2 5 28 7 1 8 7 8 7 1 12 2 33 6 10 1 7 1 4 2 3 2 3 2 3 2 3 1 8 7 8 7 1 2 33 6 10 1 6 8 7 20 1 6 8 7 20 1 8 7 20 1 8 7 20 1 8 7 20 1
5 2 11 2 11 2 11 2 3 11 2 11 2 11 2 11 2 3 11 37 59 37 59 37 59 37 59 2 11 2 11 2 11 2 3 11 37 59 37 59 37 59 37 59 2 11 2 11 2 11 2 3 11 2 11 2 11 2 11 2 3 11 37 59 37 59 37 59 37 59 2 11 2 11 2 11 2 11 2 11 2 11 2 11 2 3 11 37 59 37 59 37 59 37 59 37 59 37 59 37 59 37 59
1 3 2 1 3 2 1 3 2 1 3 2 1 3 2 1 2 1 3 2 1 3 2 1 3 2 1 3 2 1 3 2 1 2 1 3 2 1 3 2 1 3 2 1 2 1 3 2 1 3 2 1 3 2 1 3 2 1 3 2 1 2 1 3 2 1 2 1 3 2 1
1 10 3 10 3 10 3 10 3 1 10 3 10 3 10 3 10 3 1 6 18 3 24 1 12 2 21 1 4 29 31 10 3 1 4 29 18 3 1 6 18 3 24 1 12 2 21 1 4 29 31 10 3 1 4 29 31 10 3 1
1 5 26 4 5 9 36 5 26 4 5 9 36 5 9 5 9 4 5 9 5 9 4 5 9 4 5 9 4 5 9 4 5 9 4 5 9 5 9 4 5 9 4 5 9 4 5 9 4 5 9 4 5 9 4 5 9 4 5 9 4 5 9 4 5 9 4 5 9 4 5 9 4 5 9 4 5 9 4 5 9 4 5 9 4 5 5 5 9 5 26 5 9 4 5 9 4 5 9 4 5 9 4 5 9 4 5 9 4 5 9 4 5 9 4 5 9 4 5 9 4 5 9 4 5 9 4 5 9 4 5 9 4 5 9 4 5 9 4 5 9 4 5 9 4 5 9 4 5 9 4 5 9 4
21 34 32 1 2 20 2 16 14 2 20 2 16 14 16 14 8 3 35 1 35 1 21 1 21 1 21 34 32 1 21 34 32 1 2 20 2 16 14 2 20 2 16 14 16 14 8 3 35 1 35 1 21 1 21 1 21 34 32 1 21 34 32 1 7 21 34 32 1 21 34 32 1
1 4 1 9 1 4 1 9 1 4 1 9 1 4 1 9 22 67 22 24 1 11 4 1 11 4 1 11 4 11 4 2 14 4 14 26 14 4 14 9 22 67 22 27 3 1 38 4 1 38 4 1 11 4 11 4 2 10 10 8 8 5 5 13 13 10 10 8 8 13 22 67 22 24 1 11 4 1 11 4 1 11 4 11 4 2 1 11 4 1 11 4 1 11 4 11 4 2 1 11 4 1 11 4 1 11 4 11 4 2 1 11 4 1 11 4 1 11 4 11 4 2 1
7 7 7 7 7 1 12 2 1 3 1 12 2 1 3 1 1 3 2 7 7 7 1 2 19 2 3 1 2 19 2 3 2 17 10 1 12 2 1 3 1 12 2 1 3 1 1 3 2 7 7 7 1 2 19 2 3 1 2 19 2 3 7 7 7 7 7 1 2 19 2 3 1 2 19 2 3
25 1 27 2 1 27 2 1 27 2 1 27 2 6 9 6 9 6 9 6 9 1 27 2 1 27 2 1 27 2 1 27 2 6 9 6 9 6 9 6 9 1 27 2 1 27 2 1 27 2 1 27 2 1 7 2 1 7 2 1 7 2 1 7 2 1 27 2 1 27 2 1 27 2 1 27 2
1 2 1 2 1 2 4 2 1 2 1 2 58 2 1 2 1 2 4 2 1 2 1 2 4 2 1 2 1 6 1 2 10 3 1 2 4 2 1 2 1 2 4 2 1 2 1 2 1 2 1 2 4 2 1 2 1 2 4 2 1 2 1 2 4 2 1 2 1 2 4 2 1 2 1 2 4 2 1 2 1 2 4 2 1 2 1 2 4 2 1 2 1
1 2 17 2 32 29 18 29 28 2 1 10 1 10 1 2 1 10 1 2 17 2 32 29 18 29 28 2 1 10 1 10 1 2 1 10 1 2 17 2 32 29 18 29 28 2 1 10 1 10 1 2 1 10 1 10 1 2 1 10 1 10 1 2 1 10 1 2 17 2 32 29 18 29 28 2 1 10 2 10 1 10 1 2 1 10 1 10 1 2 1 10 1 10 1 2 1 10 1 10 1 2 1 10 1 10 1 2 1 10 1 10 1 2 1 10 1
2 1 2 3 2 32 18 5 4 5 4 5 4 2 2 5 4 5 4 5 4 2 11 5 2 2 5 2 1 2 3 2 32 18 4 5 2 11 4 5 2 11 4 5 2 11 4 5 4 5 4 5 4 2 2 5 4 5 4 5 4 2 11 5 2 2 5 2 1 2 3 2 32 18 4 5 2 11 4 5 2 11 4 5 2 11 4 5 4 5 4 5 4 2 2 5 4 5 4 5 4 2 11 5 2 2 5 2 1 2 3 2 32 18 5 4 5 2 2 4 5 2 11 4 5 2 2 4 5 2 11
1 6 2 3 2 1 3 1 6 2 3 2 3 1 6 2 3 2 3 6 10 3 6 10 19 1 6 2 3 2 1 3 1 6 2 3 2 3 1 6 2 3 1 6 2 3 1 6 2 3 2 3 1 6 2 3 2 3 6 10 3 6 10 19 1 6 2 3 2 1 6 2 3 2 3 6 1 6 2 3 2 1 6 2 3 2 1 3 1
1 3 26 11 30 13 1 3 9 2 18 3 1 3 26 11 30 13 1 3 9 2 18 3 1 3 26 11 30 13 1 3 9 2 18 3 1 3 26 11 30 13 1 3 9 2 18 3 5 11 2 21 9 4 27 13 27 9 11 21 13 18 3 13 27 9 11 21 13 18 3 1 30 11 21 24 9 4 1 1 3 26 11 30 13 1 3 9 2 18 3 1 3 26 11 30 13 1 3 9 2 18 3 5 11 2 21 9 4 27 5 1 3 26 11 30 13 1 3 9 2 18 3 1 3 26 11 30 13 1 3 9 2 18 3 5 11 2 21 9 4 27 13 27 9 11 21 13 18 3 13 27 9 11 21 13 18 3 1 30 11 21 24 9 4 1 1 3 26 11 30 13 1 3 9 2 18 3 1 3 26 11 30 13 1 3 9 2 18 3 5 11 2 21 9 4 27 5
1 6 2 3 1 6 3 1 6 2 3 1 6 3 1 3 6 17 2 3 1 12 2 3 2 11 2 3 1 2 3 2 11 2 3 1 6 2 3 1 6 3 1 6 2 3 1 6 3 1 3 6 17 2 3 1 6 2 21 1
1 3 1 3 1 3 1 3 6 17 10 3 1 3 1 3 6 17 10 3 1 3 6 17 2 3 1 3 6 17 2 1 2 2 10 3 1 3 1 3 1 3 1 3 6 17 10 3 1 3 1 3 6 17 10 3 1 3 6 17 2 3 1 3 6 17 2 1 2 2 10 3 1 1 2 3 1 12 32 6 10 2 21 1 1 6 2 62 3 1 3 6 17 2 3 1 3 6 17 2 1 2 2 10 3 1 2 1 3 1 3 1 3 1 3 1 3 1 3 1 3 1 3 1 3
12 15 12 7 7 7 7 12 7 12 15 12 7 7 7 7 12 7 12 15 12 7 7 7 7 12 7 12 15 12 7 7 7 7 12 7 12 15 12
11 2 1 11 2 1 11 2 1 11 2 1 11 2 1 11 2 1 11 4 1 11 2 1 11 2 1 11 2 1 11 2 1 11 2 1 11 2 1 11 2 1 11 2 1 11 4 1 11 2 1 11 2 1 11 2 1 11 2 1 11
1 2 1 1 2 2 2 1 3 8 1 25 1 25 1 3 8 1 39 6 10 6 10 17 2 25 1 3 6 17 2 19 2 1 2 2 2 1 3 8 1 25 1 25 1 3 8 1 19 2 19 2 1 19 2 19 2 8 32 6 10 6 10 17 2 25 1 3 6 17 2 19 2 1 3 19 1 3 19 1 3 19 1 3 19 1 3 19
14 41 19 41 14 41 19 41 14 41 19 41 14 41 19 41 14 41 19 41 14 41 19 41 14 17 19 14 16 8 25 14 17 19 14 16 8 25 14 17 19 14 16 8 25 14 17 19 14 16 8 25 35 1 1 14 23 3 61 63 28 15 14 17 19 14 16 8 25 14 17 19 14 16 8 25 14 17 19 14 16 8 25 14 17 19 14 16 8 25 35 1 1 14 23 3 61 63 33 14 25 35 1 1 14 23 3 61 63 28 15 14 28 62 15 33 14 41 19 41 14 41 19 41 14 41 19 41 14 41 19 41 14 41 19 41 14 41 19 41 14 41 19 41 14 41 19 41 14 41 19 41 14 41 19 41 14 41 19 41 14 41 19 25 3 35 1 1 14 23 3 61 63 28 15 14 14 17 19 14 16 8 25 14 17 19 14 16 8 25 14 17 19 14 16 8 25 14 17 19 14 16 8 25 35 1 1 14 23 3 61 63 33 14 25 35 1 1 14 23 3 61 63 33 14 25 35 1 1 14 23 3 61 63 33 14 25 35 1 1 14 23 3 61 63 33 14 25 35 1 1 14 23 3 61 63 33 14 25 35 1 1 14
13 26 27 104 26 27 104 11 58 13 5 38 26 22 11 4 5 38 26 22 11 4 5 11 26 22 11 4 5 11 26 22 11 4 13 5 11 26 22 11 4 5 11 26 22 11 4 5 11 26 22 11 4 5 11 26 27 104 26 27 104 26 27 104 26 27 104 11 58 5 13 5 11 26 22 11 4 5 11 26 22 11 4 1 4 9 2 11 4 1 4 9 2 11 4 5 11 26 22 11 4 5 11 26 5 11 26 22 11 4 5 11 26 13 11 26 22 11 4 13 11 26 22 11 4 13
18 4 3 4 2 9 1 46 18 4 3 4 2 9 1 46 1 1 2 3 1 1 1 2 3 1 2 1 2 1 1 2 3 1 1 1 2 3 1 15 13 2 1 1 2 3 1 1 1 2 3 1 2 1 2 1 4 11 2 18 4 3 4 2 9 1 46 18 4 3 4 2 9 1 11 32 2 34 3 9 29 4 39 1 1 2 3 1 1 1 2 3 1 2 1 2 1 18 4 3 4 2 9 1 46 18 4 3 4 2 9 1 46
5 42 26 25 7 5 42 26 25 7 9 44 11 9 44 11 9 44 11 9 44 11 52 21 1 69 1 5 42 26 25 7 5 42 26 25 7 9 44 11 9 44 11 9 44 11 9 44 11 52 21 1 69 1 9 44 11 9 44 11 9 44 11 9 44 11 52 21 1 69 1 5 42 26 25 7 5 42 26 25 7 5 42 26 25 7
7 15 12 15 12 15 12 15 12 15 12 7 15 12 15 12 7 12 15 12 15 12 15 12 15 12 7 15 12 15 12 7 17 6 17 15 7 12 15 12 15 12 15 12 15 12 7 15 12 15 12 7 12 15 12 7 15 12 15 12 7 15 12 15 12 7 15 12 12
1 2 25 1 2 25 1 2 73 14 2 23 1 2 25 1 2 25 1 2 73 14 1 2 25 1 2 25 1 2 25 1 19 25 73 14 1 2 25 1 16 18 61 24 115 20 14 16 36 14 2 25 1 2 25 1 19 25 73 14 1 2 25 1 2 25 1 2 25 1 19 25 73 14 1 2 25 1 16 28 61 61 20 14 16 36 14 2 25 1 2 25 1 2 73 14 2 23 1 2 25 1 2 25 1 19 25 73 14 1 2 25 1 2 25 1 2 25 1 19 25 73 14 1 2 25 1 2 25 1 2 25 1 19 25 73 14 1 2 25 1 2 25 1 2 25 1 19 25 73 14 1 2 25 1
11 5 1 11 5 1 11 5 1 4 9 2 3 4 1 4 9 2 3 4 5 4 9 2 3 5 4 9 2 3 3 5 10 11 2 3 9 3 5 10 11 2 3 9 3 5 11 5 11 1 4 9 2 3 4 1 4 9 2 3 4 5 4 9 2 3 5 4 9 2 3 3 5 10 11 2 3 9 3 5 10 11 2 3 9 3 5 11 5 11 4 1 3 2 11 30 5 4 29 4 1 3 2 11 4 3 18 1 3 3 1 9 2 3 2 11 30 1 9 2 3 3 5 10 11 2 3 9 3 5 11 2 9 3 5 11 2 9 3 5 11 2 9 3 5 11 2 9 3 5 11 2 9 3 5 11 2 9 3 5 11 2 9 3 5 11 2 9 3 5
1 6 2 3 1 6 2 3 6 17 2 3 1 2 1 3 1 2 1 3 2 1 8 1 2 1 8 1 6 2 3 1 6 2 3 6 17 2 3 1 2 1 3 1 2 1 3 2 1 8 1 2 1 8 1 2 1 8 1 2 1 8 1 2 1 8 1
1 6 19 3 17 3 4 6 9 3 2 16 8 8 4 6 9 3 2 16 8 8 1 6 19 3 17 3 1 6 19 3 17 3 1 6 19 3 17 3 1 6 19 3 17 3 4 6 9 3 2 16 8 8 4 6 9 3 2 16 8 8 1 6 19 3 17 3 1 6 19 3 17 3 1 6 19 3 17 3 1 6 19 3 17 3 4 6 9 3 2 16 8 8 4 6 9 3 2 16 8 8 1 6 19 3 17 3 1 6 19 3 17 3
10 10 4 4 3 1 12 1 1 17 6 2 4 1 17 29 2 4 1 10 10 4 4 3 12 1 17 6 2 4 1 17 6 2 4 1 10 10 4 4 3 12 1 17 6 2 4 1 17 6 2 4 1 10 10 4 4 3 12 6 1
15 12 28 7 12 15 12 7 15 12 15 12 7 15 12 15 12 28 7 12 15 12 7 15 12 15 12 28 7 12 15 12 7 15 12
5 21 5 11 5 11 5 9 11 9 11 5 11 5 11 5 9 11 9 11 5
1 2 1 2 1 7 1 2 1 7 2 1 7 1 7 1 2 1 7 2 1 7 1 7 1 2 1 7 2 1 7 1 7 1 2 1 7 2 1 7 1 7 1 7 1 7
11 114 3 21 3 5 9 5 9 4 5 9 5 9 4 5 4 9 5 11 21 3 5 11 21 3 5 2 5 2 21 24 11 9 21 3 5 9 4 5 9 4 5 4 9 5 11 21 3 5 11 21 3 5 2 5 2 21 24 11 9 21 3 5 9 4 5 9 4 5 4 9 5 14 2 17 2 17 2 17 8 8 1 3 7 5 9 4 5 9 4 5 4 9 5 11 21 3 5 11 21 3 5 9 4 5 9 4 5 4 9 5 9 4 5 9 4 5 4 9 5 9 4 5 9 4 5 4 9 5 14 2 17 2 17 2 17 8 8 1 3 7 5 9 4 5 9 4 5 4 9 5
4 5 9 4 5 9 4 5 9 38 5 9 38 5 9 38 5 9 38 5 9 38 5 9 38 5 9 38 5 9 38 5 9 4 5 9 4 5 9 38 5 9 38 5 9 38 5 9 38 5 9 38 5 9 38 5 9 38 5 9 38 5 9 4 5 9 4 5 9 38 5 9 38 5 9 38 5 9 38 5 9 38 5 9 38 5 9 38 5 9 38 5
13 13 13 13 13 13 13 13 13 13 13 13 13 13 13 13 13 22 13 22 34 2 13 13 13 13 13 13 13 13 13 13 13 13 13 22 13 22 34 2 13 13 13 13 13 13 13 13 13 13 13 13 13 22 13 22 34 2 13 13 13 13 13 13 13 13 13 13 13 13 13 22 13 22 34 2 13 13 13 13 13 13 13 13 13 13 13 13 13 22 13 22 34 2 13
11 114 3 21 3 5 9 5 9 4 5 9 5 9 4 5 4 9 5 11 21 3 5 11 21 3 5 2 5 2 21 24 11 9 21 3 5 9 4 5 9 4 5 4 9 5 11 21 3 5 11 21 3 5 2 5 2 21 24 11 9 21 3 5 9 4 5 9 4 5 4 9 5 14 2 17 2 17 2 17 8 8 1 3 7 5 9 4 5 9 4 5 4 9 5 11 21 3 5 11 21 3 5 9 4 5 9 4 5 4 9 5 9 4 5 9 4 5 4 9 5 9 4 5 9 4 5 4 9 5 14 2 17 2 17 2 17 8 8 1 3 7 5 9 4 5 9 4 5 4 9 5
1 9 11 3 1 9 11 3 9 5 26 4 5 26 4 2 9 1 9 11 3 1 9 11 3 9 5 26 4 5 26 4 9 4 25 7 9 9 25 7 9 4 5 26 4 5 26 4 9 4 5 26 4 5 26 4 5 26 4 5 26 4 5 26 4 5 26 4 5 26 4
24 2 24 2 24 2 24 2 24 2 24 2 24 2 24 2 24 10 1 10 6 10 2 3 29 10 1 10 6 10 2 3 29 18 43 18 2 1 35 43 18 2 1 8 3 2 1 3 2 1 2 1 2 3 10 16 10 43 10 3 10 3 10 3 1 3 2 1 3 2 1 2 1 2 3 10 16 10 43 10 3 10 3 10 3 35 1 3 2 1 3 2 1 2 1 2 3 10 16 10 43 10 3 10 3 10 3 35 1 10 3 1 2 10 2 1 3 2 1 3 2 1 2 1 2 3 10 16 10 43 10 3 10 3 10 3 35 1 10 3 1 2 10 2 1 10 3 1 2 10 2 43 18 2 1 35 43 18 2 1 35 43 18 2 1 35 43 18 2 1 35 43 18 2 1 35 43 18 2 1 35 43 18 2 1 35 43 18 2 1 35 43 18 2 1 35 43 18 2 1 35 43 18 2 1 35
5 10 13 4 9 11 4 9 5 10 13 4 9 11 4 9 5 10 11 10 5 10 13 4 9 11 4 9 5 10 13 4 9 11 4 9 5 10 13 4 9 11 4 9 5 10 13 4 9 11 4 9 5
1 7 6 1 7 1 7 1 2 1 7 6 1 7 1 7 1 2 1 7 6 1 7 1 7 1 2 1 7 6 1 7 1 7 1 2 1 7 6 1
1 2 1 2 1 3 2 1 2 1 3 2 1 2 1 3 2 1 2 1 3 34 30 34 30 34 30 9 34 30 34 30 34 30 9 2 1 2 1 3 2 1 2 1 3 34 30 34 30 34 30 9 34 30 34 30 34 30 9 24 10 4 5 24 10 4 5 24 10 4 5 4 5 30 9 30 9 30 9 9 11 30 9 30 9 30 9 9 11 2 1 2 1 3 2 1 2 1 3 34 30 34 30 34 30 9 34 30 34 30 34 30 9 34 30 34 30 34 30 9 34 30 34 30 34 30 9 2 1 2 1 3 2 1 2 1 3 2 1 2 1 3 2 1 2 1 3 2 1 2 1 2 1 2 1
6 18 6 18 6 18 6 18 6 18 6 18 6 18 6 18 6 18 6 18 6 18 6 18 6 18 6 18 6 18 6 18 6 18 6 18 6 18 6 18 6 18 6 18 6 18 6 18 6 2 3 9 5 13 2 5 13 2 5 13 2 5 13 2 5 13 2 5 13 2 18 4 2 3 6 18 6 18 6 18 6 18 6 18 6 18 6 18 6 18 6 18 6 18 6 18 6 18 6 18 6 18 6 18 6 18 6 5 13 2 5 13 2 5 13 2 5 4 2 3 2 3 6 18 6 18 6 18 6 18 6 18 6 18 6 18 6 18 6 50 17 50 17 50 17 50 17 50 17 50 17 50 17 50 17 50 6 18 6 18 6 18 6 18 6 18 6 18 6 18 6 18 6 5 13 2 5 13 2 5 13 2 5 4 2 11 1
3 6 2 6 2 6 2 17 2 3 2 3 1 3 2 3 1 3 2 3 1 6 3 6 2 6 2 6 2 17 2 3 2 3 1 3 2 3 1 3 2 3 1 6 2 3 1 3 2 3 1 3 2 3 1 6 7 2 3 1 3 2 3 1 3 2 3 1 6 2 3 1 3 2 3 1 3 2 3 1 6 2 3 1 3 2 3 1 3 2 3 1
7 15 12 12 15 95 12 7 12 15 12 7 15 12 15 12 7 15 12 15 12 7 15 12 15 12 7 15 12 15 12 7 15 12
1 20 25 12 2 1 20 25 12 2 25 1 8 7 1 20 25 12 2 1 20 25 12 2 25 1 8 7 1 2 7 1 2 7 1 2 3 1 3 14 2 25 3 7 1 20 25 12 2 1 20 25 12 2 1 20 25 12 2 25 1 3 8 7 1 20 25 12 2 25 1 3 8 7 1 20 1
3 27 1 4 3 1 4 3 6 4 6 1 6 3 2 13 1 2 1 4 2 1 2 1 6 4 6 1 6 3 2 13 1 2 1 4 2 1 2 1 6 4 6 1 6 3 2 6 2 6 2 66 33 6 2 6 2 66 33 13 1 2 1 4 2 1 2 1 6 4 6 1 6 3 2 6 4 6 1 6 3 2 6 4 6 1
1 4 2 1 4 2 1 4 2 1 4 2 1 14 2 1 14 2 52 1 4 2 1 4 2 1 14 2 1 14 2 52 1 4 2 1 4 2 1 4 2 1 14 2 1 14 2 52 1 4 2 1 4 2 1
1 1 8 3 1 6 8 3 1 6 8 3 1 6 8 3 1 6 8 3 1 6 8 3 1 6 8 3 1 6 8 3 1 6 8 3 1 6 8 3 1 6 8 3 1 6 8 3 1 6 10 8 3 1 6 8 3 1 6 8 3 1 6 8 3 1 6 8 3 1 6 8 3 1 6 8 3 1 6 8 3 1 6 8 3 1 6 8 3 1 6 8 3 1 6 8 3 1 6 10 8 3 1 6 8 3 1 6 8 3 1 6 8 3 1 6 8 3 1 6 8 3 1 6 8 3 1 6 8 3 1 6 10 8 3 1 6 8 3 1 6 8 3 1 6 8 3 1 6 1 8 3 1 6 8 3 1 6 8 3 1 6 8 3 1 6 8 3 1 6 8 3 1 6
1 3 6 17 6 19 16 8 66 33 6 8 7 20 82 60 66 33 1 3 6 17 6 19 16 8 66 33 6 8 7 20 82 60 66 33 1 3 6 17 6 19 16 8 66 33 6 8 7 20 82 60 66 33 6 8 7 20 82 60 66 33 6 8 7 20 82 60 66 33 6
1 11 9 1 11 9 1 13 21 13 21 13 5 11 9 5 11 9 5 13 21 13 21 13 5 11 9 5 11 9 5 11 9 5 11 9 5 13 21 13 21 13 5 11 9 5 11 9 5 11 9 5 11 9 5 11 9 5 11 9 5 11 9 5 11 9 5 11 9 5 11 9 5
1 6 2 3 1 6 2 3 1 2 3 32 6 2 3 1 3 1 6 2 3 1 6 2 3 1 2 3 32 6 2 3 1 12 2 16 2 1 12 2 16 28 3 2 17 10 1 6 2 3 1 6 2 3 1 2 3 32 6 2 3 1 12 2 3 1 6 1
7 15 1 2 1 7 1 2 7 2 1 7 15 1 2 1 7 2 1 2 1 7 2 1 7 15 1 7 15 1 2 1 7 1 2 7 2 1 7 15 1 2 1 7 2 1 2 1 7 2 1 7 15 1 2 1 7 2 1 2 1 7 2 1
23 1 2 20 2 1 2 20 2 2 2 19 2 1 14 1 14 1 2 20 2 1 2 20 2 2 2 19 2 1 14 1 14 23 2 8 2 8 2 8 2 8 19 1 1 14 19 1 2 8 2 8 2 8 2 8 19 1 1 14 19 1 1 14 1 2 20 2 1 2 20 2 2 2 19 2 1 14 1 14 1 2 20 2 1 2 20 2 2 2 19 2 1 14 1 14 23 2 8 2 8 2 8 2 19 1 1 14 19 1 2 8 2 8 2 8 2 19 1 1 14 19 1 1 14 23 2 8 2 8 2 8 2 19 1 1 14 19 1 2 8 2 8 2 8 2 19 1 1 14 19 1 1 14 2 8 2 8 2 8 2 19 1 1 14 19 1
1 1 14 52 2 1 25 1 25 14 52 2 23 1 1 6 2 23 33 6 23 6 2 10 1 2 23 1 1 6 2 23 1 1 6 2 23 33 6 7 1 1 6 2 23 33 6 25 14 3 2 23 1 1 6 2 23 33 6 23 6 2 10 1 2 23 1 1 6 2 23 1 1 6 2 23 1 1 6 2 23 1 1
1 12 2 3 1 12 2 3 1 1 2 3 1 1 2 3 1 33 2 3 1 33 2 3 6 6 6 28 3 2 1 33 2 3 1 33 2 3 6 6 6 28 3 2 1 2 3 1 2 3 1 2 3 1 2 3 1 1 2 3 1 1 2 3 1 33 2 3 1 33 2 3 6 6 6 28 3 2 1 2 3 1 2 3 1 2 3 1 2 3 1 1 2 3 1 1 2 3 1 1 2 3
8 25 20 36 31 8 25 20 65 19 16 8 6 19 16 36 6 28 8 25 20 36 31 8 25 20 65 19 16 8 6 19 16 36 6 28 8 25 20 36 31 8 25 20 65 19 16 8 6 19 16 36 6 28 8 25 20 36 31 8 25 20 65 19 16 8 6 19 16 36 6 28
1 1 2 4 2 1 2 1 2 4 2 1 2 4 2 1 2 1 2 4 2 1 2 4 2 4 2 1 2 1 2 1 2 4 2 4 2 1 2 1 2 1 2 4 2 1 2 1 2 4 2 1 1 4 1 4 1 4 1 4 1 4 1 4 1 4 1 4 1 4 1 4 1 4 1 4 1 1 2 1 2 1
5 24 2 5 24 2 29 3 2 3 5 24 2 29 3 2 3 13 5 24 13 5 24 2 29 3 2 3 5 13
1 9 90 1 9 4 11 2 1 11 2 1 11 2 1 11 2 1 13 22 24 13 22 24 22 22 13 22 23 3 13 22 24 13 22 24 22 22 13 22 23 3 1 9 7 1 22 7 20 11 15 20 11 15 20 11 15 20 11 15 20 13 22 24 13 22 24 22 22 13 22 23 3 13 21 13 22 24 22 22 13 22 62 23 3 1 9 7 1 22 7 20 11 15 20 11 15 20 11 15 20 11 15 20 13 22 24 13 22 24 13 22 24 13 22 24 22 22 13 22 23 3 7 20 11 15 20 11 15 20 11 15 20 11 15 20 11 15 20 11 15 20 11 15 20 11 15
6 70 6 28 8 16 2 14 75 7 1 20 1 20 10 84 8 3 8 4 3 3 1 7 3 1 20 1 20 10 84 8 3 8 4 3 3 1 12 12 19 20 7 1 20 6 70 6 82 8 7 8 7 1 20 1 20 10 84 8 3 8 4 3 3 31 2 33 33 6 108 28 28 8 16 8 7 1 46 30 67 30 67 68 130 47 9 47 39 9 36 97 71 15 81 126 54 47 22 47 46 30 57 36 47 22 47 46 30 44 36 47 22 47 46 30 112 44 54 47 22 30 9 47 46 67
1 20 25 12 2 1 20 25 12 2 25 1 8 7 1 20 25 12 2 1 20 25 12 2 25 1 8 7 1 2 7 1 2 7 1 2 3 1 3 14 2 25 3 7 1 20 25 12 2 1 20 25 12 2 1 20 25 12 2 25 1 3 8 7 1 20 25 12 2 25 1 3 8 7 1 20 1
5 54 15 5 54 15 5 54 15 46 36 5 54 15 5 54 15 5 54 15 46 36 5 2 5 2 5 2 5 2 5 2 5 2 5 2 5 2 5 54 15 5 54 15 5 54 15 46 36 5
1 2 1 2 1 2 1 2 3 1 2 3 2 1 3 1 6 29 18 1 2 3 4 2 10 3 1 2 3 1 2 3 2 1 3 1 6 29 18 1 2 3 4 2 10 3 1 2 3 1 2 3 1 2 3 1 2 3 2 1 3 1 6 29 18 1 2 3 4 2 10 3 1 2 3 1 2 3 2 1 3 1 2 3 1 2 3 1 2 3 1 2 3
1 2 1 2 2 1 2 1 2 2 1 2 1 2 2 1 2 1 2 2 1 2 1 3 1 2 1 3 1 2 1 3 1 2 1 3 1 2 1 2 2 1 2 1 2 2 1 3 1 3 1 2 1 3 1 2 1 3 1 2 1 3 1 12 30 9 30 34 30 9 30 34 30 9 30 34 30 9 30 9 30 9 30 34 30 9 30 34 30 9 30 34 30 9 30 9 30 9 30 34 30 9 30 34 30 9 30 34 30 9 30 9 30 9 30 34 30 9 30 34 30 9 30 34 30 9 30
1 1 4 2 1 4 2 1 1 11 4 1 11 4 1 9 4 1 1 4 2 1 4 2 1 1 11 4 1 11 4 1 9 4 1 3 1 3 1 3 1 3 1 4 2 1 4 2 1 4 2 1 4 2 1 4 2 1 11 4 1 11 4 1 9 4 1 11 4 1 11 4 1 9 4 1 4 2 1 4 2 1 4 2 1 4 2 1
24 64 24 64 24 64 24 64 4 52 4 52 4 2 24 12 2 52 15 15 7 1 16 29 2 3 1 16 2 31 10 21 33 33 1 61 11 2 27 5 8 5 8 5 25 24 64 24 64 24 64 24 64 4 52 4 52 4 2 24 12 2 52 15 15 7 1 16 6 2 3 1 16 2 31 10 21 33 33 1 61 11 2 27 1 16 6 2 3 1 16 2 31 10 21 33 33 1 61 11 2 27
1 1 10 100 1 10 100 1 10 100 1 10 100 1 10 100 6 18 3 3 16 14 1 18 3 3 16 14 1 18 3 3 16 14 1 18 3 10 11 3 1 10 100 1 10 100 6 18 3 3 16 14 1 18 3 3 16 14 1 18 3 3 16 14 1 18 3 8 11 3 3 16 14 1 18 3 3 16 14 1 18 3 3 16 14 1 18 3 3 16 14 1 18
29 28 3 1 2 2 10 31 7 1 6 1 6 2 3 1 6 1 6 2 10 29 28 3 1 2 2 10 31 7 1 6 1 6 2 3 1 6 1 6 2 10 29 28 3 1 2 2 10 31 7 1 6 1 6 2 3 1 6 1 6 2 10 29 28 3 1 2 2 10 31 7 1 6 1 6 2 3 1 6 1 6 2 10 29 33 29
1 32 2 18 1 32 2 18 1 6 1 6 1 18 1 29 1 32 2 18 1 32 2 18 1 6 1 6 1 18 1 29 1 3 2 1 3 2 1 3 2 1 4 3 1 32 2 18 1 32 2 18 1 6 1 6 1 18 1 29 1 6 1 6
1 7 1 7 1 7 1 7 2 1 28 7 1 7 1 7 1 2 7 1 2 7 1 7 1 7 1 7 1 7 2 1 28 7 1 7 1 7 1 7 1 7 1 7
1 2 1 2 1 2 1 2 1 2 1 2 1 2 1 2 1 2 1 2 1 2 1 2 8 3 8 3 8 3 1 2 1 2 1 2 1 2 1 2 1 2 1 2 1 2 1 2 1 2 1 2 1 2 8 3 8 3 8 3 1 2 1 2 1 2 1 2 1 2 1 2 1 2 1 2 1 2 1 2 1 2 1 2 1 2 1 2 1 2 1 2 8 3 8 3 8 3 1 2 1 2 1 2 1 2 1 2 1 2 1 2 1 2
3 5 24 5 24 5 3 5 24 5 24 5 13 5 3 5 24 5 24 5
1 8 1 2 21 1 86 8 7 1 6 60 33 31 8 21 49 1 12 2 10 8 21 16 62 8 49 1 8 49 8 25 1 8 49 8 1 6 60 33 31 8 21 49 1 12 2 10 2 21 16 62 8 100 7 1 8 49 8 1 8 49 8 1 8 49 1
1 6 2 3 1 6 2 3 1 6 2 3 1 6 2 3 1 6 2 3 6 1 6 2 3 1 6 2 3 1 6 2 3 6 3 6 3 6 3 2 3 1 6 2 3 1 6 2 3 1 6 2 3 6 1 6 2 3 1 6 2 3 1 6 2 3 6 3 6 3 6 3 2 3 1 6 2 3 1 6 2 3 1 6 2 3 6 1 6 2 3 1 6 2 3 1 6 2 3 6 1 6 2 3 1 6 2 3 1 6 2 3 1 6 2 3 1 6 2 3 1 6 2 3 1 6 2 3 1 6 2 3 1 6 2 3 1 6 2 3
5 11 5 11 24 11 24 4 24 11 24 4 9 4 5 9 5 11 5 9 5 11 24 11 24 4 24 11 24 4 5 9 5 11 4 54 9 4 3 5 9 5 11 5 9 5 11 24 11 24 4 24 11 24 4 5 9 5 11 4 54 9 4 11 35 35 23 3 35 37 2 37 2 37 2 37 2 4 11 4 5 9 5 9 4 5 9 5 11 5 9 5 11 24 11 24 4 24 11 24 4 5 9 5 11 4 54 9 4 5 9 5 11 4 54 9 4 5 9 5 9 5 9 5 9 5 4 3
2 1 3 1 12 2 1 12 2 1 12 2 1 7 12 2 1 7 1 7 1 12 2 1 12 2 1 12 2 1 7 12 2 1 7 1 2 3 1 12 2 3 1 12 2 3 1 6 2 8 3 1 12 2 1 12 2 1 12 2 1 7 12 2 1 7 1 2 1 3 1
14 3 20 2 14 3 20 2 14 3 1 1 2 2 6 3 1 10 1 2 6 3 2 1 2 1 23 3 2 1 2 3 2 1 2 6 2 1 2 1 23 14 3 20 2 14 3 20 2 14 3 1 1 2 2 6 3 1 10 1 2 6 3 2 1 2 1 23 3 2 1 2 3 2 1 2 6 2 1 2 1 23 14 3 20 2 14 3 20 2 14 3 1 1 2 2 6 3 1 10 1 2 6 3 2 1 2 1 23 3 2 1 2 3 2 1 2 6 2 1 2 1 2 1 23 3 2 1 2 23 3 2 1 16 6 2 1 2 1 23 14 3 20 2
5 5 4 5 5 5 4 5 5 5 4 5 5 5 4 5 5 5 4 5 5 5 4 5 5 5 4 5 5 5 4 5 5 5 4 5 5 5 4 5 5 5 4 5 5 5 4 5 5 5 4 5 5 5 4 5 5 5 4 5 5 5 4 5 9 4 13 9 4 13 9 4 13 5 5 1 5 5 4 5 5 5 4 5 5 5 4 5 5 5 4 5 5 5 4 5 5 5 4 5 5 5 4 5 5 5 4 5 5 5 4 5 5 5 4 5 5 5 4 5 5 5 4 5 5 5 4 5 5 5 4 5 5 5 4 5 5 5 4 5 9 4 13 9 4 13 9 4 13 5 5 1 5 5 4 5 5 5 4 5 5 5 4 5 5 5 4 5 5 5 4 5 5 5 4 5 5 5 4 5 5 5 4 5 5 5 4 5 5 5 4 5 5 5 4 5 5 5 4 5 5 5 4 5 5 5 4 5 5 5 4 5 5 5 4 5
113 25 20 14 8 25 20 14 8 25 20 14 8 25 20 14 8 25 20 14 8 25 67 44 47 107 103 27
1 2 3 6 3 1 1 2 3 1 1 2 3 1 1 2 3 2 21 3 7 1 1 2 3 1 1 2 3 1 1 2 3 1 3 1 1 2 3 1 1 2 3 1 1 2 3 1 1 2 3 7 1 1 2 3 1 1 2 3 1 1 2 3 2 21 3 7 1 1 2 3 1 1 2 3 1 1 2 3 1 3 1 1 2 3 1 1 2 3 1 1 2 3 1 3 1 1 2 3 1 1 2 3 1 1 2 3 1 1 2 3 7 1 1 2 3 1 1 2 3 1 1 2 3 7 1 1 2 3 1 1 2 3 1 1 2 3 1 3 1 1 2 3 1 1 2 3 1 1 2 3 1 3
15 12 15 12 15
1 3 1 3 1 3 1 3 1 3 1 3 1 3 1 3 1 18 29 18 29 18 29 18 29 18 29 18 29 18 29 18 29 18 29 18 29 18 29 18 29 18
1 15 12 15 12 1 4 1 4 1 37 2 37 2 1 4 35 1 4 2 1 1 4 1 4 1 37 2 37 2 1 4 35 1 4 2 1 37 2 37 2 1 4 35 1 4 2 12 15 12 15 12 1 4 1 4 1 37 2 37 2 1 4 35 1 4 2 1 1 4 1 4 1 37 2 37 2 1 4 35 1 4 2 1 37 2 37 2 1 4 35 1 4 2 12 15 12 15 12 15 12 15 12 15 12
5 9 9 4 4 4 4 5 9 9 4 4 4 4 5 9 9 4 4 4 4 1 9 4 1 9 4 5 9 57 5 9 99 9 99 9 4 4 4 4 4 4 5 9 4 5 9 9 4 4 4 4 5 9 9 4 4 4 4 5 9 9 4 4 4 4 1 9 4 1 9 4 5 9 57 5 9 99 9 99 9 4 4 4 4 4 4 5 9 4 5 9 9 4 4 4 4 5 9 9 4 4 4 4 5 9 9 4 4 4 4 1 5 9 9 4 4 4 4 5 9 9 4 4 4 4 5 9 9 4 4 4 4 5
1 3 3 3 1 6 1 6 1 6 1 6 1 6 1 6 1 6 1 6 3 1 3 3 3 1 6 1 6 1 6 1 6 1 6 1 6 1 6 1 6 3 3 7 3 3 3 7 3 3 7 3 3 3 7 3 3 7 3 3 3 7 3 3 7 3 3 3 7 3 3 7 3 2 1 6 1 6 1 6 1 6 1 6 1 6 1 6 1 6 1 6 1 6 1 6 1 6 1 6 1 6 1 6 1 6 1 6 1 6 1 6 1 6 1 6 1 6 1 6 1 6
8 25 20 36 31 8 25 20 65 19 16 8 6 19 16 36 6 28 8 25 20 36 31 8 25 20 65 19 16 8 6 19 16 36 6 28 8 25 20 36 31 8 25 20 65 19 16 8 6 19 16 36 6 28 8 25 20 36 31 8 25 20 65 19 16 8 6 19 16 36 6 28
4 1 27 1 27 1 27 4 1 27 1 27 1 27 4 2 11 2 11 2 11 3 1 27 1 27 1 27 4 1 27 1 27 1 27 4 2 11 2 11 2 11 3 1 4 1 4 1 4 1 4 1 4 1 4 1 4 11 3 1 27 1 27 1 27 4 1
21 1 21 1 21 20 21 20 21 20 21 53 33 14 28 7 14 28 53 21 20 21 20 21 20 21 53 33 14 28 25 7 14 28 25 7 14 28 41 42 19 57 8 16 19 25 35 1 16 19 2 73 14 16 76 60 110 16 14 8 7 21 20 21 20 21 20 21 20 21 20 21 53 33 14 28 25 7 14 28 25 7 14 28 41 42 19 57 8 16 19 25 35 1 16 19 2 73 14 16 76 60 110 16 14 8 7 35 1 16 19 2 73 14 16 76 60 110 16 14 8 7 21 20 21 20 21 21 1 21 21 1 21 21 1 21 21 53 16 14 28 25 7 14 28 25 7 14 28 41 42 19 57 8 16 19 25 35 1 16 19 2 73 14 16 76 60 110 16 14 8 7 35 1 16 19 2 73 14 16 76 60 110 16 14 8 7 35 1 16 19 2 73 14 16
5 44 54 26 44 54 5 44 54 26 44 54 5 44 54 26 44 54 5 44 54 26 44 54 26 44 54 26 44 54 26 44 54 26 3 7 21 24 22 21 24 22 5 44 54 26 44 54 26 44 54 26 3 7 21 24 22 21 24 22 21 24 22 21 24 22 5 44 54 26 44 54 26 44 54 26 3 7 21 24 22 21 24 22 21 24 22 21 24 22 5 44 54 26 44 54 26 44 54 26 3 7 21 24 22 21 24 22 21 24 22 21 24 22 5 44 54 26 44 54 5 44 54 26 44 54 5 44 54 26 44 54 5 44 54 26 3 7 21 24 22
1 3 1 3 1 3 1 3 2 1 2 1 10 1 2 3 2 3 1 3 10 1 2 6 3 1 3 10 1 2 6 3 1 3 1 3 1 3 1 1 3 7 2 1 2 1 10 1 2 3 2 3 1 3 10 1 2 6 3 1 3 10 1 2 6 3 1 3 10 1 2 6 3
7 1 2 1 3 1 12 2 1 7 1 12 2 7 1 2 1 7 2 7 2 1 12 2 7 1 2 1 3 1 12 2 1 7 1 12 2 7 1 2 1 7 2 7 2 1 12 2 7 1 2 1 8 1
25 20 25 20 25 7 20 8 1 2 7 20 8 12 2 7 1 14 9 25 7 25 7 20 8 1 19 7 20 8 12 19 7 20 16 14 9 25 2 7 1 16 14 2 7 1 16 14 2 7 1 16 14 9 25 7 20 8 1 19 7 20 8 12 19 7 20 16 14 9 25 2 7 1 16 14 2 7 1 16 14 2 7 1 16 14 9 25 9 25 9 25 2 7 1 16 14 2 7 1 16 14
1 16 2 25 1 8 1 19 8 25 1 21 1 21 1 65 22 40 1 21 1 21 1 65 22 26 1 1 21 1 21 1 65 22 26 1 1 89 1 16 6 19 61 2 7 1 89 1 16 14 45 61 25 117 19 16 14 8 20 113 91 47 47 56 71 27 13 22 11 47 30 67 47 22 27 13 22 11 47 30 67 47 22 71 56 44 13 22 44 9 56 34 71 56 44 13 22 44 9 56 34 71 56 44 13 22 44 9 56 34 71 56 44 13 22 44 9 56 34 71 56 44 13 22 44 9 56 34 71 56 44 13 22 44 9 56 34 71 56 44 13 22 44 9 56 34 71 56 44 13 22 44 9 56 34 71 56 44 13
19 8 25 1 19 25 19 25 7 20 13 20 13 20 13 12 19 8 25 1 13 18 67 1 19 25 19 25 7 20 13 20 13 20 13 12 19 8 25 1 13 18 67 1 13 18 67 1 19 8 25 1 13 18 67 1 13
1 4 1 2 1 2 4 2 3 6 2 4 2 3 2 3 2 1 3 2 4 1 3 2 4 1 4 1 2 1 2 4 2 3 6 2 4 2 3 2 3 2 1 3 2 4 1 3 2 4 1 4 1 4 3 2 3 2 1 3 2 4 1 3 4 1 3 4 1 3 4 1 3 4 1 3 4 1 3 4 1 3 4 1 3 4 1 3 4
20 15 20 2 16 64 20 15 20 2 16 64 20 1 20 14 16 14 16 19 66 33 14 28 25 8 16 2 25 20 1 20 14 16 14 16 19 66 33 30 22 34 11 61 8 40 61 40 61 48 18 8 7 8 7 20 3 1 3 14 16 14 16 19 3 14 8 25 27 31 31 8 16 19 25 19 16 8 25 20 1 20 14 16 19 16 8 25 20 1 20 14 16 19 16 8 25 20 1 20 14 16 19 16 8 25 20 1 20 14 16 19 16 8 25 20
1 2 1 2 1 2 1 2 1 2 1 2 1 2 1 2 1 2 1 3 1 2 1 3 2 1 2 1 2 1 3 1 2 1 2 1 2 1
1 16 8 2 1 16 8 1 16 8 2 1 16 8 2 1 16 8 2 1 16 8 2 1 16 8 2 1 16 8 2 1 16 8 2 4 2 2 1 16 8 2 1 16 8 2 1 16 8 2 1 16 8 2 1 16 8 2 1 16 8 2 1 16 8 2 4 2 2 1 61 14 27 4 14 61 14 27 4 14 61 14 27 4 11 4 27 2 1 16 8 2 1 16 8 2 1 16 8 2 1 16 8 2 1 16 8 2 1 16 8 2 1 16 8 2 1 16 8 47 34 30 22 47 34 30 22 47 34 30 22 47 34 30 22 47 34 30
1 14 8 7 1 30 1 8 7 20 14 8 7 20 14 8 7 20 14 8 7 20 14 8 7 20 14 8 7 20 14 8 7 20 14 8 7 1 30 12 2 7 20 2 7 20 2 7 20 1 6 28 28 28 28 7 7 7 7 20 14 8 7 20 14 8 7 20 14 8 7 20 14 8 7 7 20
1 4 2 4 1 4 2 4 1 4 2 4 1 4 2 4 1 4 2 4 1 4 2 4 1 4 2 4 6 3 2 3 6 3 2 3 6 3 2 19 1 4 2 4 1 4 2 4 1 4 2 4 1 4 2 4 1 4 2 4 1 4 2 4 6 3 2 3 6 3 2 3 6 3 2 19 1 4 2 4 1 4 2 4 6 1 12 1 12 2 1 2 4 3 1 19 1 19 6 2 6 2 6 2 19 1 4 2 4 1 4 2 4 1 4 2 4 1 4 2 4 1 4 2 4 1 4 2 4 1 4 2 4 1 4 2 4 1 4 2 4 1 4 2 4 6 17 10 2 1
1 3 1 3 1 3 1 3 1 3 1 3 10 14 3 10 14 3 1 3 1 3 1 3 1 3 10 14 3 10 14 3 1 3 1 3 1 3 1 3 10 14 3 10 14 3 1 3 1 3 1 3 1 3 10 14 3 10 14 3 1 3 1 3 1 3 1 3 10 14 3 10 14 3 10 14 3 10 14 3 10 14 3 10 14 3 10 14 3
1 6 2 3 1 6 2 3 1 6 2 3 1 6 2 3 2 1 18 3 1 6 2 3 1 6 2 3 2 1 18 3 1 6 2 3 1 6 2 3 1 6 2 3
1 2 11 1 2 11 1 2 11 1 2 11 1 2 11 1 2 11 1 2 11 1 2 11 1 2 11 1 2 11 1 2 11 1 2 11 46 21 4 11 46 21 4 1 2 11 1 2 11 1 2 11 1 2 11 1 2 11 1 2 11 1 2 11 1 2 11 9 22 4 11 9 22 4 1 2 11 1 2 11 1 2 11 1 2 11 2 3 2 3 2 3 9 24 2 1 2 11 1 2 11 1 2 11 1 2 11 1 2 11 1 2 11 9 22 4 11 9 22 4 1 2 11 1 2 11 1 2 11 1 2 11
1 12 15 7 1 7 1 12 15 7 1 12 15 7 1 7 1 12 15 7 1 12 15 7 1 7 1 12 15 7 1 12 15 7 1 7 1 12 15 7 1 12 15 7 1 7 1 12 15 7 1 12 15 7 1 7 1 12 15 7 1 2 1 2 1 2 1 7 1
5 5 5 5 5 5 5 5 5 5 5 5 5 5 5 5 5 5 5 5 5 5 13 1 13 5 5 5 5 5 5 5 5 5 5 5 5 5 5 5 5
1 2 1 63 33 6 33 33 6 33 6 33 6 8 7 1 63 33 6 33 6 33 6 8 16 7 3 1 12 2 1 7 1 20 2 4 2 19 16 8 1 4 2 1 2 36 14 8 7 3 1 12 2 1 7 1 20 2 4 2 19 16 8 1 2 1 2 1 2 1 2 1 2 1 2
1 35 1 35 1 35 1 14 16 2 1 8 1 3 1 35 1 14 16 2 1 8 1 3 6 10 3 6 10 3 6 10 3 45 1 35 1 14 16 2 1 8 1 3 1 35 1 14 16 2 1 8 1 3 6 10 3 6 10 3 6 10 3 6 10 3 6 10 3 29 3 29 3 29 3 29 3 2 3 1 3 6 3 2 17 10 1 3 23 17 3 1 35 1 14 16 10 8 3
4 1 2 1 2 1 4 1 2 1 2 1 4 1 2 1 2 1 1 4 2 1 4 2 1 12 4 36 2 15 1 12 1 4 2 1 12 4 36 2 15 1 12 1 2 1 2 1 4 1 2 1 2 1 1 4 2 1 4 2 1 4 2 1 4 2 1
1 2 37 2 1 18 3 23 3 1 2 37 2 1 3 1 3 1 3 1 2 37 2 1 18 3 23 3 1 2 37 2 1 3 1 3 1 3 1 2 37 2 1 18 3 23 3 1 2 37 2 1 3 1 3 1 3 1 3 1 3 1 1 1 1 1 1
5 9 4 5 9 4 5 21 11 9 4 7 5 21 11 9 4 7 5 9 4 5 9 4 5 21 11 9 4 7 5 21 11 9 4 7 5 21 11 9 4 7 5 21 11 9 4 7 5
1 2 1 63 33 6 33 33 6 33 6 33 6 8 7 1 63 33 6 33 6 33 6 8 16 7 3 1 12 2 1 7 1 20 2 4 2 19 16 8 1 4 2 1 2 36 14 8 7 3 1 12 2 1 7 1 20 2 4 2 19 16 8 1 2 1 2 1 2 1 2 1 2 1 2
1 2 1 2 1 2 1 2 1 2 1 2 1 2 1 2 1 2 1 2 1 2 1 2 1 3 2 1 3 2 1 2 1 2 1 2 1 2 1 3 2 1 3 2 1 3 1 2 1 2 1 2 1 2 1 2 1 2 1 2 1
1 2 3 6 3 1 1 2 3 1 1 2 3 1 1 2 3 2 21 3 7 1 1 2 3 1 1 2 3 1 1 2 3 1 3 1 1 2 3 1 1 2 3 1 1 2 3 1 1 2 3 7 1 1 2 3 1 1 2 3 1 1 2 3 2 21 3 7 1 1 2 3 1 1 2 3 1 1 2 3 1 3 1 1 2 3 1 1 2 3 1 1 2 3 1 3 1 1 2 3 1 1 2 3 1 1 2 3 1 1 2 3 7 1 1 2 3 1 1 2 3 1 1 2 3 7 1 1 2 3 1 1 2 3 1 1 2 3 1 3 1 1 2 3 1 1 2 3 1 1 2 3 1 3
13 36 54 36 54 36 54 36 54 36 54 15 15 1 13 36 54 36 54 36 54 36 54 36 54 15 15 13
1 3 2 3 1 3 2 3 1 3 2 3 1 3 2 3 1 23 2 23 1 23 2 23 1 23 2 23 1 23 2 23 1 23 2 23 1 23 2 23 1 23 2 23 1 23 2 23 1 3 2 3 1 3 2 3 1 3 2 3 1 3 2 3 1 23 2 23 1 23 2 23 1 23 2 23 1 23 2 23 1 23 2 23 1 23 2 23 1 23 2 23 1 23 2 23 1 3 2 3 1 3 2 3 1 3 2 3 1 3 2 3 1 23 2 23 1 23 2 23 1 23 2 23 1 23 2 23 1 23 2 23 1 23 2 23 1 23 2 23 1 23 2 23 1 3 2 3 1 3 2 3 1 3 2 3 1 3 2 3 1 23 2 23 1 23 2 23 1 23 2 23 1 23 2 23 1 23 2 23 1 23 2 23 1 23 2 23 1 23 2 23 1 3 2 3 1 3 2 3 1 3 2 3 1 3 2 3 1 23 2 23 1 23 2 23 1 23 2 23 1 23 2 23 1 23 2 23 1 23 2 23 1 23 2 23 1 23 2 23 1 3 2 3 1 3 2 3 1 3 2 3 1 3 2 3 1 3 2 3 1 3 2 3 1 3 2 3 1 3 2 3 1 3 2 3 1 3 2 3 1 3 2 3 1 3 2 3 1 3 2 3 1 3
30 5 30 5 30 5 30 5 9 5 9 5 21 21 4 9 5 9 5 21 21 4 46 9 12 30 74 9 30 74 9 30 9 12 30 74 9 30 74 9 30 67 5 30 5 34 21 11 30 9 30 11 2 9 30 11 2 67 5 2 9 4 12 9 12 30 74 9 30 74 9 30 11 12 21 21 4 9 11 67 5 67 5 34 21 11 30 9 30 11 2 9 30 11 2 67 5 2 9 4 1
1 6 2 3 1 6 2 1 33 2 95 1 6 1 6 1 12 2 1 12 2 1 12 2 1 6 28 7 1 6 2 1 33 2 95 1 6 1 6 1 6 1 6 1 6 1 6 1 6 1 6 1 6 1 6 1 6
3 2 3 2 3 1 24 4 2 1 24 4 2 1 24 1 24 4 2 1 24 1 24 4 2 1 24 4 2 1 24 4 2 1 24 1 24 4 2 1 24 1 24 4 2 3 2 3 2 3 17 17 17 32 119 10 3 10 3 10 3 1 24 4 2 1 24 4 2 1 24 1 24 4 2 1 24 1 24 4 2 1 24 1 24 4 2 1 24 1 24 4 2 3 2 3 2 2 3 2 3 2 3 2 3 2 3 2 3 2 3 2 3 2 3 2 3 2 3 2 3 2 3 2 3 2 3 2 3 2 3
1 3 1 3 1 2 1 3 1 3 1 3 1 3 1 137 12 34 2 1 3 1 3 1 2 1
4 9 3 9 3 22 11 9 4 13 4 26 7 26 4 13 22 36 40 13 22 7 5 22 36 40 13 22 7 13 4 9 3 9 3 22 11 9 4 13 4 26 7 26 4 13 22 36 40 13 22 7 5 22 36 40 13 22 7 13 22 36 40 13 22 7 5 22 36 40 13 22 7 1 13
5 13 5 13 5 13 5 13 5 13 5 13 5 13 5 13 5 13 5 13 5 13 5 13 5 13 5 13 5 13 5 13 5 13 5 13 11 7 5 13 5 13 5 13 5 13 5 13 5 13 5 13 5 13 5 13 5 13 5 13 5 13 5 13 5 13 5 13 5 13 11 7 5 13 5 13 5 13 5 13 5 13 5 13 5 13 5 13 5 13 5 13 5 13 5 13 5 13 5 13 5 13 5 13 5 13 5 13 5 13 5 13 5 13 5 13 5 13 5 13 5 13
1 2 1 6 10 3 1 6 10 3 1 3 1 3 1 1 29 18 3 1 3 2 1 3 1 6 10 3 1 3 1 3 1 1 29 18 3 1 3 1 3 1 1 29 18 3 1
1 3 7 1 3 7 1 3 7 32 1 32 3 2 1 1 3 7 1 3 7 1 3 7 32 1 32 3 2 1 3 7 1 2 1 2 1 2 1 2 1 2 1 2 1 2 1 2 1 3 7 1 3 7 1 3 7 32 1 32 3 2 1 3 7 1 3 7 1 3 7 32 1 32 3 2 1 3 7 3 7 2 3 2 3 1 3
1 3 1 3 1 2 3 1 2 3 1 3 1 2 3 1 3 1 2 3 1 3 1 2 3 1 2 3 1 3 1 2 3 1 3 1 2 3 1 3 1 2 3 1 3 1 2 3 1 3 1 2 3 1 3
1 2 3 2 1 2 3 2 1 3 2 1 3 2 1 23 3 2 1 3 2 1 2 1 2 1 3 1 2 3 2 1 2 3 2 1 23 3 2 1 23 3 2 1 3 2 1 3 2 1 2 1 2 1 3 1 2 1 3 2 1 3 2 1 2 3 2 3 1 2 23 3 1 2 1 3 2 1 3 2 1 2 23 3 2 3 2 3 1 2 3 2 1 2 3 2 1 2 3 2 1
1 1 12 2 31 10 3 2 3 2 3 2 1 5 2 1 5 2 1 17 12 2 31 10 3 2 3 2 3 2 1 5 2 1 5 2 1 17 12 2 31 10 1 1 12 2 18 31 10 3 2 3 2 3 2 1 5 2 1 5 2 1 17 12 2 31 10 1 17 12 2 31 10 1 17 12 2 31 10
5 15 5 7 15 5 15 5 7 15 5 15 5 7 15 5 15 5 7 15 5 15 5 7 15 5 15 5 7 15 5 15 5 7 15 5
1 49 1 2 1 1 49 1 2 1 14 19 14 12 19 22 1 24 12 19 22 1 14 64 28 25 1 14 19 14 12 19 22 1 24 12 19 22 1 14 10 25 1 49 1 2 1 49 1 2 1 14 19 14 12 19 22 1 24 12 19 22 1 14 64 28 25 1 14 19 14 12 19 22 1 24 12 19 22 1 14 10 25 1 49 1 2 1 1 49 27 12 19 7 16 55 8 7 1 12 26 36 27 12 22 22 2 1 14 19 14 12 19 22 1 24 12 19 22 1 14 10 25 1 49 1 2 1 1 49 27 12 1 14 19 14 12 19 22 1 24 12 19 22 1 14 64 28 25 1 14 19 14 12 19 22 1 24 12 19 22 1 14 10 25 9 4 27 12 22 7 1 14 19 14 12 19 22 1 24 12 19 22 1 14 64 28 25 1 14 19 14 12 19 22 1 24 12
1 7 1 7 1 7 1 7 2 1 28 7 1 7 1 7 1 2 7 1 2 7 1 7 1 7 1 7 1 7 2 1 28 7 1 7 1 7 1 7 1 7 1 7
1 2 3 1 2 3 1 2 3 1 2 3 1 2 3 1 2 3 2 1 2 3 14 3 1 2 3 1 2 3 1 2 3 1 2 3 1 2 3 1 2 3 1 2 3 2 1 2 3 14 3 1 2 3 1 2 3 1 2 3 1 2 3 1 2 3 1 2 3 1 2 3 2 1
1 2 3 6 3 1 1 2 3 1 1 2 3 1 1 2 3 2 21 3 7 1 1 2 3 1 1 2 3 1 1 2 3 1 3 1 1 2 3 1 1 2 3 1 1 2 3 1 1 2 3 7 1 1 2 3 1 1 2 3 1 1 2 3 2 21 3 7 1 1 2 3 1 1 2 3 1 1 2 3 1 3 1 1 2 3 1 1 2 3 1 1 2 3 1 3 1 1 2 3 1 1 2 3 1 1 2 3 1 1 2 3 7 1 1 2 3 1 1 2 3 1 1 2 3 7 1 1 2 3 1 1 2 3 1 1 2 3 1 3 1 1 2 3 1 1 2 3 1 1 2 3 1 3
12 15 12 4 1 54 10 7 12 15 12 15 12 4 1 54 10 7 1 4 1 11 12 15 12 15 12 15 12
10 16 8 6 3 10 16 8 6 3 10 16 8 6 3 1 1 1 10 16 8 6 3 10 16 8 6 3 10 16 8 6 3 1 1 1 10 16 8 6 3 10 16 8 6 3 10 16 8 6 3 1 1 1 9 4 9 4 9 4 9 4 27 22 27 22 27 29 10 16 8 6 3 10 16 8 6 3 10 16 8 6 3 1 1 1 9 4 9 4 9 4 9 4 27 22 27 22 27 29 10 16 8 6 3 10 16 8 6 3 10 16 8 6 3 10 16 8 6 3 10 16 8 6 3 10 16 8 6 3 10 16 8 6 3 10 16 8 6 3
29 14 31 14 31 14 1 6 1 6 2 3 1 10 32 2 3 1 6 2 3 1 2 3 14 1 6 1 6 2 3 1 10 32 2 3 1 6 2 3 1 2 3 1 6 2 3 1 2 3 14 31 2 3 1 10 32 2 3 1 6 2 3 1 2 3 1 6 2 3 1 2 3 1 6 2 3 1 2 3 29
1 4 1 4 1 4 1 4 1 4 1 4 1 4 1 4 1 4 1 4 1 4 1 4 1 4 1 4 1 4 1 4 1 4 1 4 9 21 9 21 1 4 1 4 1 4 1 4 1 4 1 4 1 4 1 4 1 4 1 4 1 4 1 4 9 21 9 21 30 34 11 96 21 44 1 4 1 4 1 4 1 4 1 4 1 4 1 4 1 4 1 4 1 4 1 4 1 4 1 4 1 4 1 4 1 4 9 21 9 21 1 4 1 4 1 4 1 4 1 4 1 4 1 4 1 4 1 4 1 4 1 4 1 4 9 21 9 21 30 34 11 96 21 44 1 4 1 4 1 4 1 4 1 4 1 4 1 4 1 4 1 4 1 4 1 4 1 4 1 4 1 4 1 4 1 4 1 4 1 4 1 4 1 4 1 4
1 35 3 1 2 1 2 1 2 1 2 1 2 1 2 1 15 7 1 1 2 1 2 1 2 1 2 1 2 1 15 7 1 15 1 12 15 62 3 1 2 1 2 1 2 1 2 1 2 1 15 7 1 15 1 12 15 62 3 1 2 1 2 1 2 1 2 1 2 1 15 7 3 2 3 2 3 2 3 2
10 3 1 2 2 3 1 10 3 1 6 2 3 3 3 3 1 2 3 1 2 3 1 10 17 3 6 2 3 17 6 10 3 1 2 2 3 1 10 3 1 6 2 3 3 3 3 1 2 3 1 2 3 1 10 17 3 6 2 3 17 6 4 2 1 3 4 2 3 3 3 3 1 10 3 1 2 2 3 1 10 3 1 6 2 3 3 3 3 1 2 3 1 2 3 1 10 17 3 1 2 3 1 2 3 1 2 3 1 2 3 1 2 3 1 2 3 1 2 3 1 2 3 1 2 3 1 2 3 1 2 3 1
13 15 13 15 13 15 13 15 13 15 13 15 13 15 13 15 13 15 13 15 54 28 87 13 15 13 15 13 15 13 15 13 15 13 15 54 28 87 13 28 3 13 15 13 15 13 15 13 15 13 15 13 15 13 15 13 15 13 15 13 15 13 15 13 15 13 15 13 15 54 28 87 13 15 13 15 13 15 13 15 13 15 13 15 13 15 13 15 13 15 13 15 13 15 13 15 13 15 13 15 13 15 13 15 13 15 13 15 54 28 87 13 15 13 15
7 1 15 1 7 20 88 86 8 3 7 20 88 86 8 3 7 20 46 8 33 14 28 8 7 20 88 86 8 3 7 1 89 19 2 36 20 16 31 8 7 20 15 1 7 20
1 10 77 80 1 17 10 21 1 29 10 1 10 77 80 1 17 10 21 1 29 10 3 1 10 7 1 3 1 10 3 51 1 10 77 80 1 17 10 21 1 29 10 1 17 10 21 1 29 10 1 10 77 80 1 17 10 21 1 29 10 1 10 77 80 1 17 10 21 1 29 10 3 1 10 3 1 3 1 10 3 51 1 10 100 123 1 17 10 21 1 29 10 1 17 10 21 1 29 10 1 17 10 21 1 29 10 3 1 10 77 80 1 17 10 21 1 29 10 1 10 77 80 1 17 10 21 1 29 10 1 10 77 80 1 17 10 21 1 29 10 1 10 77 80 1 17 10 21 1 29 10
5 4 9 9 5 4 9 9 5 4 9 9 5 4 9 9 5 4 9 9 5 4 9 9 5 4 9 9 5 4 9 9 5 4 9 9 5 4 9 9 5 4 9 9 5 4 9 9 5 4 9 9 5 4 9 9 5 4 9 9 5 4 9 9 5 4 9 9 5 4 9 9 5 4 9 9 5 4 9 9 5 4 9 9 5 4 9 9 5 4 9 9 5 4 9 9 5 4 9 9 5 4 9 9 5 4 9 9 5 4 9 9 5 4 9 9 5 4 9 9 5 4 9 9 5 4 9 9 9 4 5 5 5 9 4 5 5 5 9 4 5 5 5 9 4 5 5 5 9 4 5 5 5 9 4 5 5 5 4 9 9 5 4 9 9 5 4 9 9 5 4 9 9 5 4 9 9 5 4 9 9 5 4 9 9 5 4 9 9 5 4 9 9 5 4 9 9 5 4 9 9 5 4 9 9 5 4 9 9 5 4 9 9 5 4 9 9 5 4 9 9 5 4 9 9 5 4 9 9 5 4 9 9 5 4 9 9 5 4 9 9 5 4 9 9
5 9 4 5 9 4 5 9 4 5 13 9 4 5 13 9 4 5 13 9 4 22 13 22 13 22 9 4 5 9 4 5 9 4 5 9 4 5 9 4 5 13 9 4 5 13 9 4 5 13 9 4 5 13 9 4 5 13 9 4 22 13 22 13 22 13 22 9 4 5 9 4 5 9 4 5 9 4 5 22 13 22 13 22 13 22 9 4 5 9 4 5 9 4 5 9 4 5 9 4 5 9 4 5 9 4 5 9 4 5 9 4 5 9 4 5 9 4 5
1 15 1 31 28 7 1 31 28 7 1 31 28 7 1 15 1 31 28 7 1 31 28 7 1 31 28 7 1 15 1 31 28 7 1 31 28 7 1 31 28 7 1 15 1 31 28 7 1 31 28 7 1 31 28 7 1 15 1 31 28 7 1 28 7 1
3 2 1 2 1 2 1 3 1 2 1 2 1 3 2 1 2 1 2 1 3 1 3 1 3 1 2 1 2 1 3 2 1 2 1 2 1 3 1 3 1 2 1 2 1 3 2 1 2 1 2 1 3 1 2 1 2 1 3 2 1 2 1 2 1 3 2 1 2 1 2 1 3 2 1 2 1 2 1 3 2 1 2 1 2 1 3 2 1 2 1 2 1 3 2 1 2 1 2 1 3
7 1 15 1 7 20 88 86 8 3 7 20 88 86 8 3 7 20 46 8 33 14 28 8 7 20 88 86 8 3 7 1 89 19 2 36 20 16 31 8 7 20 15 1 7 20
51 1 3 1 2 1 3 4 2 3 1 2 1 3 4 2 3 1 2 3 1 12 2 28 7 51 1 2 1 3 4 2 3 1 3 1 2 3 1 12 2 28 7 51 1 2 1 3 4 2 3 1 3 1 1 2 18 3 1
18 11 32 2 34 3 9 29 5 18 3 18 1 18 3 18 11 32 2 5 18 3 18 1 18 3 18 11 32 2 5 4 5 18 18 3 18 3 18 1 3 1 3 18 3 18 3 18 1 3 1 3 5 18 3 18 1 18 3 18 11 32 2 5 18 3 18 1 18 3 18 11 32 2 5 4 5 18 18 3 18 3 18 1 3 1 3 18 3 18 3 18 1 3 1 3 18 11 32 2 34 3 9 29 18 11 32 2 34 3 9 29 18 11 32 2 34 3 9 29 18 3 18 3 18 3 18 11 32 2 4 2 4 2 4 2 34 3 9 29 18 29 18 29 18 29 4 39 1 2 1 2 1 2 1 2 18 3 18 3 18 1 3 1 3 18 3 18 3 18 1 3 1 3 18 3 18 3 18 1 3 1 3 18 3 18 3 18 1 3 1 3 5 2 15 2
8 3 6 8 7 8 3 6 8 7 1 8 1 2 1 8 1 2 1 8 1 2 1 8 1 33 33 6 8 7 1 8 1 2 1 8 1 2 1 8 1 2 1 8 1 33 33 6 8 7 1 4 2 1 10 8 1 33 33 6 8 7 8 7 8 7 1 8 1 2 1 8 1 2 1 8 1 2 1 8 1 33 33 6 8 7 8 7 8 7 8 7 8 7 1 8 3 6 8 7 8 3 6 8 7 8 3 6 8 7 8 3 6 8 7
1 4 9 4 5 4 9 4 5 4 9 4 5 4 9 4 11 4 30 1 22 4 7 5 27 5 11 4 30 1 22 4 7 5 27 1 5 4 9 3 7 5 4 22 9 4 5 11 4 30 1 22 4 7 5 27 1 5 4 9 3 7 5 4 22 9 4 1 5 4 9 4 5 4 9 4 5 4 9 4 5 4 22 3 5 4 9 3 7 5 4 22 9 4 5 4 9 3 7 5 4 22 9 4 5 4 9 3 7 5 4 22 9 4
2 17 6 2 17 6 2 17 6 2 17 6 2 17 6 2 17 6 18 1 18 1 18 1 18 1 18 1 4 1 4 1 18 1 18 1 18 1 4 1 4 1 2 17 6 2 17 6 2 17 6 2 17 6 1 10 3 1 10 4 1 4 1 43 1 43 1 43 1 4 1 4 1 2 17 6 2 17 6 2 17 6 2 17 6 1 10 3 1 10 4 1 4 1 4 1 4 1 4 1 4 1 2 17 6 2 17 6 2 17 6 2 17 6 2 17 6 2 17 6 2 17 6 2 17 6 2 17 6 2 17 6 2 17 6 2 17 6
22 26 4 11 4 22 26 4 11 4 22 26 4 11 4 5 22 5 22 4 22 4 3 5 22 5 22 4 22 4 3 5 22 26 4 22 26 4 21 26 4 22 26 4 22 26 4 22 26 4 5 22 5 22 4 22 4 3 5 22 5 22 4 22 4 3 5 22 26 4 22 26 4 21 26 4 22 26 4 22 26 4 22 26 4 22 26 4 22 26 4 22 26 4 9 11 9 11 4 22 26 4 22 26 4 21 26 4 22 26 4 22 26 4 21 26 4 22 26 4 22 26 4 22 26 4 22 26 4
1 3 10 3 1 3 10 3 1 3 10 3 1 4 2 1 4 2 1 2 1 3 10 3 1 3 10 3 1 4 2 1 4 2 1 2 1 6 18 1 4 2 6 18 1 4 2 1 3 10 3 1 3 10 3 1 4 2 1 4 2 1 2 1 3 4 2 1 4 2 1 4 2 1 4 2 1 4 2 9 4 1
1 10 77 80 1 17 10 21 1 29 10 1 10 77 80 1 17 10 21 1 29 10 3 1 10 7 1 3 1 10 3 51 1 10 77 80 1 17 10 21 1 29 10 1 17 10 21 1 29 10 1 10 77 80 1 17 10 21 1 29 10 1 10 77 80 1 17 10 21 1 29 10 3 1 10 3 1 3 1 10 3 51 1 10 100 123 1 17 10 21 1 29 10 1 17 10 21 1 29 10 1 17 10 21 1 29 10 3 1 10 77 80 1 17 10 21 1 29 10 1 10 77 80 1 17 10 21 1 29 10 1 10 77 80 1 17 10 21 1 29 10 1 10 77 80 1 17 10 21 1 29 10
29 18 3 18 29 50 29 1 1 1 1 1 1 1 1 2 2 15 2 1 1 1 1 1 81 36 11 9 36 11 9 15 4 18 29 18 3 18 29 50 29 1 1 1 1 1 1 1 1 2 2 15 2 1 1 1 1 1 81 36 11 9 36 11 9 15 4 18 29 18 3 18 29 50 29 1 1 1 1 1 1 1 1 2 2 15 2 1 1 1 1 1 81 36 11 9 36 11 9 15 4 18 29 18 3 18 29 50 29 18 3 29 109 50 72 18 3 55 18 18 18 18 18 18 18 18 18 18 18 18 18 18 18 18 18 18 18 18 18 18 18 18
2 1 2 1 3 2 3 2 1 2 1 2 1 3 2 3 2 1 2 1 2 1 3 2 3 2 1 2 1 2 1 3 2 3 2 1 3 6 3 6 2 2 1 2 1 3 2 3 2 1 2 1 2 1 3 2 3 2 1 2 1 2 1 3 2 3 2 1 2 1 2 1 3 2 3 2 1 3 6 3 6 2 3 2 3 2 3 2 3 2 1 2 1 3 2 3 2 1 2 1 2 1 3 2 3 2 1 2 1 2 1 3 2 3 2 1 2 1 2 1 3 2 3 2 1 3 6 3 6 2 3 2 3 2 3 2 3 2 1 2 1 3 2 3 2 1 2 1 2 1 3 2 3 2 1 2 1 2 1 3 2 3 2 1 2 1 2 1 3 2 3 2 1 2 1 2 1 3 2 3 2 1 2 1 2 1
1 2 4 7 1 2 4 7 1 2 1 3 15 1 2 4 7 1 2 1 3 15 1 2 4 7 15 1 3 15 1 12 15 1 7 15 1 2 4 7 1 2 4 7 1 2 1 7 15 1 2 4 7 15 1 7 15 1 12 15 1 7 15 1 2 4 7 1 2 4 7 1 2 4 7 1 2 4
1 29 1 29 1 29 1 29 2 6 3 17 2 6 3 17 2 3 6 10 32 1 29 1 29 2 6 3 17 2 6 3 17 2 3 6 10 32 3 50 32 3 50 29 18 32 3 29 1 29 1 29 1 29 1 29 1 29 1 29 1 29 1 29 1 29 1 29 1
12 1 31 28 7 1 31 28 7 1 2 28 1 31 28 7 12 1 31 28 7 1 31 28 7 1 2 28 1 31 28 7 1 31 28 7 1 31 28 7 1 12 2 28 1 31 28 7 12 1 31 28 7 1 31 28 7 1 2 28 1 31 28 7 1 31 28 7 1 31 28 7 1 31 28 7
5 7 13 5 5 22 13 13 5 5 22 13 13 5 5 22 13 13 5 5 22 13 4 22 8 7 13 91 71 91 32 34 9 13 5 5 22 13 13 5 5 22 13 4 22 8 7 13 91 71 91 32 34 9 24 2 52 61 74 24 2 52 61 74 22 49 7 94 56 94 56 42 94 56 94 56 42 64 87 13 5 5 22 13 13 5 5 22 13 4 22 8 7 13 91 71 91 32 34 9 13 5 5 22 13 13 5 5 22 13 4 22 8 7 13 91 71 91 32 34 9 24 2 52 61 74 24 2 52 61 74 24 2 52 61 74 24 2 52 61 74 24 2 52 61 74 24 2 52 61 74 24 2 52 61 74 24 2 52 61 74 24 2 52 61 74 24 2 52
1 1 2 1 2 2 25 1 2 4 27 1 2 4 27 1 2 1 2 1 2 25 1 2 4 27 1 2 4 27 1 2 1 2 1 2 25 1 1 2 1 2 2 25 1 2 4 27 1 2 4 27 1 2 1 2 1 2 25 1 2 1 2 1 2 25 1 2 1 2 1 2 3 1 2 1 2 1 2 3
19 6 28 7 1 2 3 1 2 3 6 3 6 28 3 2 3 2 3 2 3 7 1 2 3 1 2 3 6 3 6 28 3 2 3 2 3 2 3 7 2 1 2 1 2 6 28 7 1 2 3 1 2 3 6 3 6 28 3 2 3 2 3 2 3 7 1 2 3 1 2 3 1 2 3 1
1 21 1 17 24 29 31 10 2 7 7 1 12 2 21 1 7 2 1 17 24 29 31 10 2 3 3 1 12 2 21 1 7 2 1 12 2 10 7 17 6 10 7 2 1 17 24 29 31 10 2 3 3 1 12 2 21 1 7 2 1 12 2 10 7 17 6 8 7 2 1 9 25 1
13 22 13 22 13 22 13 22 13 22 13 22 11 21 15 57 36 22 11 21 15 57 7 13 22 13 22 13 22 11 21 15 57 36 22 11 21 15 57 7 13 22 11 4 27 13 22 11 4 27 13 67 13 67 13 67 13 4 26 7 13 22 13 22 13 22 13 22 11 21 15 57 36 22 11 21 15 57 7 13 22 11 4 27 13 22 11 4 27 13 22 11 4 27 13 22 11 4 27 13 22 11 4 27 13 22 11 4 27 13 22 11 4 27 13
12 2 12 2 12 2 12 2 12 2 12 2 12 2 6 2 3 1 2 1 2 6 3 2 6 2 3 1 2 1 2 6 2 3 1 2 1 2 6 3 2 6 2 3 1 2 1 2 1 2 1 2 6 3 2 6 2 3 1 2 1 2 6 3 2 6 2 3 1
1 5 24 2 1 5 24 2 1 5 24 2 1 5 24 2 1 5 24 2 1 5 24 2 1 5 24 2 1 5 24 2 1 9 3 2 1 5 24 2 1 5 24 2 1 5 24 2 1 5 24 2 1 9 3 2 1 5 24 2 1 5 24 2 1 5 24 2 1 5 24 2 1 5 24 2 1 5 24 2 1 5 24 2 1 5 24 2 1 9 3 2 1 5 24 2 1 5 24 2 1 5 24 2 1 5 24 2 1 9 3 2 1 5 24 2 1 5 24 2 1 5 24 2 1 5 24 2 1
2 1 3 2 1 3 2 1 3 2 1 3 2 1 3 2 1 3 2 1 3 2 1 3 2 1 3 2 1 3 2 1 3 2 1 5 3 2 32 6 3 1 2 1 3 2 1 7 2 1 3 2 1 3 2 1 3 2 1 3 2 1 3 2 1 3 2 1 3 2 1 5 3 2 32 6 3 1 2 1 3 2 1 3 2 1 3 2 1 7 2 1 25 2 1 3 2 1 25 2 1 25 2 1 7 2 1 7 2 1 7 2 1 7 2 1 3 2 1 3 2 1 3 2 1 5 3 2 32 6 3 1 2 1 3 2 1 3 2 1 7 2 1 7 2 1 7 2 1 7 2 1 7 2 1 7 2 1 7 2 1 7
2 1 14 19 7 19 1 1 3 2 1 14 19 7 19 1 1 3 10 29 8 16 8 16 42 12 19 49 12 42 19 49 12 42 64 28 25 7 2 1 14 19 7 19 1 1 3 2 1 14 19 7 19 1 1 3 10 29 8 16 8 16 42 12 19 49 12 42 19 49 12 42 64 28 25 7 2 1 14 19 7 19 1 1 3 2 1 14 19 7 19 1 1 3 10 29 8 16 8 16 42 12 19 49 12 42 19 49 12 42 64 28 25 7 2 1 14 19 7 19 1 1 3 2 1 14 19 7 19 1 1 3 2 1 14 19 7 19 1 1 3 2 1 14 19 7 19 1 1 3 2 1 14 19 7 19 1 1 3 2 1 14 19 7 19 1 1 3
1 2 3 1 2 1 2 1 6 1 6 1 6 2 3 1 2 1 2 1 6 1 6 1 6 2 25 7 24 1 2 1 10 24 1 2 5 2 4 2 11 9 8 3 1 2 1 2 1 6 1 6 1 6 2 25 7 24 1 2 1 10 24 1 2 5 2 4 2 11 9 8 3 1 2 1 2 1 6 1 6 1 6 2
1 3 1 3 1 3 2 1 2 3 3 1 2 1 3 3 1 2 17 3 2 17 3 3 1 2 1 3 3 1 2 1 8 1 2 1 8 1 2 17 3 2 17 3 3 1 2 1 3 3 1 2 1 8 1 2 1 8 1 2 17 3 2 17 3 2 17 3 2 17 3 2 17 3 2 17
5 46 5 46 5 13 5 5 5 13 5 5 5 46 5 21 5 46 5 46 5 13 5 5 5 13 5 5 5 46 5 21 5 46 5 46 5 13 5 5 5 13 5 5 5 46 5 21 5 13 5 5 5 13 5 5 5
1 2 1 12 1 12 15 1 12 1 12 6 3 1 12 1 12 15 1 12 1 12 1 12 6 3 1 12 1 15 1 15 1 15 1 15 1 15 1 15 1 15 1 15 1 3 15 1 3 1 3 15 1 3 1 3 15 1 3 1 3 15 1 3
5 9 5 9 4 11 4 11 13 4 11 4 11 13 9 98 13 15 11 26 11 4 11 4 11 13 4 11 4 11 13 9 98 13 15 11 26 11 4 11 4 11 24 4 11 4 11 24 9 98 13 9 13 9 4 11 4 11 13 4 11 4 11 13 9 98 13 15 11 26 11 4 11 4 11 24 4 11 4 11 24 9 98 13 9 13 9 4 11 4 11 24 4 11 4 11 24 9 98 13 9 13 9
1 12 12 54 65 7 12 12 54 65 7 12 54
3 6 3 1 3 2 31 8 3 1 3 2 31 8 3 1 3 2 31 8 3 1 2 3 1 2 3 1 2 3 1 2 3 2 1 3 2 31 8 3 1 3 2 31 8 3 1 2 3 1 2 3 1 2 3 1 2 3 2 32 6 8 3 1 3 2 31 8 3 1 3 2 31 8 3 1 3 2 31 8 3 1 2 3 1 2 3 1 2 3 1 2 3 1 2 3 1 2 3 1 2 3 1 2 3
1 3 1 12 2 1 7 1 2 1 7 1 12 2 1 3 1 12 2 1 7 1 7 1 12 2 1 28 7 1 12 2 1 3 1 2 12
20 1 20 1 7 25 7 25 20 1 20 1 7 25 7 25 20 1 20 1 10 8 10 8 20 1 20 1 10 8 10 8 20 1 20 1 10 8 16 8 16 25 20 1 20 1 10 8 10 8 20 1 20 1 10 8 16 8 16 8 7 20 1 10 8 20 1 3 2 17 64 1 2 1 2 21 1 21 8 7 20 1 20 1 10 8 10 8 20 1 20 1 10 8 10 8 16 8 16 8 7 20 1 10 8 20 1 3 2 17 64 1 2 1 2 1 2 1 2 1 2 1 2 1 2
13 26 13 13 26 13 13 26 7 22 57 36 40 54 26 27 52 15 57 4 26 13 13 26 13 13 26 7 22 57 36 40 54 26 27 52 15 57 4 13 27 22 4 38 4 13 27 22 57 4 26 13 13 26 13 13 26 7 22 57 36 40 54 26 27 52 15 57 4 13 27 22 4 99 4 13 27 22 4 99 4 13 27 22 4 99 4 13 27 22 4 99 4
2 20 7 1 1 1 1 7 1 2 1 7 1 12 2 1 1 2 1 7 1 1 2 1 7 1 1 1 1 7 1 1 2 1 7 1 7 1 2 1 2 1 7 1 1 1 1 7 1 12 2 1 7 1 12 2 1 2 1 12 2 1 7 1 35 1
1 6 2 3 1 6 2 3 1 6 2 3 1 6 2 3 2 22 1 12 2 22 18 7 1 6 2 3 1 6 2 3 2 22 1 12 2 22 18 7 1 6 2 3 1 6 2 3
1 7 1 7 1 2 7 1 2 7 1 2 7 1 2 7 1 2 7 1 2 7 1 2 7 1 2 7 1 2 7 1 2 7 1 7 1 7 1 2 7 1 2 7 1 2 7 1 2 7 1 2 7 1 2 7 1 7 1
1 8 1 8 1 8 1 8 1 8 1 8 1 8 1 8 1 2 4 7 1 2 4 7 1 8 1 8 1 8 1 8 1 8 1 8 1 8 1 8 1 2 4 7 1 2 4 7 1 8 1 8 1 8 1 8 1 8 1 8 1 8 1 8 1 8 1 8 1 8 1 8 1 2 4 7 1 2 4 7 1 2 4 7 1 2 4 7 1
1 12 1 25 27 102 3 3 7 1 7 6 32 10 3 1 4 1 7 6 32 10 3 1 4 1 6 18 2 3 1 6 18 2 3 1 7 6 32 10 3 1 4 1 7 6 32 10 3 1 4 1 6 18 2 3 1 6 18 2 3 1 7 6 32 10 3 1 4 1 12 1 25 27 102 3 3 7 1
1 11 1 11 1 13 54 46 24 12 15 4 15 4 13 27 13 27 13 15 9 5 9 15 1 11 1 11 1 13 2 13 15 13 15 13 15 13 15 13 15 13 15 13 15 13 8 11 111 2 15 42 8 11 15 27 2 4 42 2 13 2 5 2 13 2 5 2 13 2 5 2 13 1 11 1 4 1 11 1 4 13 1 11 1 11 1 13 54 13
3 1 48 18 3 1 48 18 3 1 48 18 3 1 48 18 3 1 48 18 3 1 48 18 1 3 7 1 48 18 3 17 1 48 18 3 17 1 48 18 3 1 48 18 3 1 48 18 3 1 48 18 3 1 48 18 3 1 48 18 3 1 48 18 1 3 7 1 48 18 3 17 1 48 18 3 17 1 48 18 3 17 1 48 18 3 17 1 48 18 11 5 3 1 48 18 3 1 48 18 3 1 48 18 3 1 48 18 3 1 48 18 3 1 48 18 3 1 48 18 3 1 48 18 3 1 48 18 3
2 20 7 1 1 1 1 7 1 2 1 7 1 12 2 1 1 2 1 7 1 1 2 1 7 1 1 1 1 7 1 1 2 1 7 1 7 1 2 1 2 1 7 1 1 1 1 7 1 12 2 1 7 1 12 2 1 2 1 12 2 1 7 1 35 1
1 2 1 2 1 2 1 2 3 1 2 3 2 1 3 1 6 29 18 1 2 3 4 2 10 3 1 2 3 1 2 3 2 1 3 1 6 29 18 1 2 3 4 2 10 3 1 2 3 1 2 3 1 2 3 1 2 3 2 1 3 1 6 29 18 1 2 3 4 2 10 3 1 2 3 1 2 3 2 1 3 1 2 3 1 2 3 1 2 3 1 2 3
1 10 3 1 2 28 3 8 3 1 4 1 17 2 1 33 2 3 1 10 2 3 1 2 1 10 3 1 2 28 3 8 3 1 4 1 2 2 3 2 3 2 3 2 3 1 2 1
1 27 1 27 1 27 49 9 27 22 11 11 8 7 8 7 1 27 49 9 27 22 11 11 8 7 8 7 8 7 8 7 8 7 8 7 8 7 8 7 8 7 8 7 1 27 49 9 27 22 11 11 8 7 8 7 8 3 8 3 8 3 8 3 8 3 8 3 8
1 8 1 8 1 17 1 17 1 10 2 3 1 3 2 17 1 17 1 10 2 3 1 3 10 2 3 1 4 2 17 10 2 3 1 4 2 17 1 17 1 10 2 3 1 3 2 17 1 17 1 10 2 3 1 3 10 2 3 1 4 2 17 10 2 3 1 4 2 4 2 4 2 3 1 10 1 17 1 17 1 10 2 3 1 3 2 17 1 17 1 10 2 3 1 3 10 2 3 1 4 2 17 10 2 3 1 4 2 17 1 17 1 10 2 3 1 3 10 2 3 1 4 2 17 10 2 3 1 4 2 1
1 4 2 1 4 2 1 4 2 1 4 2 1 4 2 1 3 2 3 2 3 2 3 2 1 4 2 1 4 2 1 4 2 1 4 2 1 4 2 1 4 2 1 4 2 1 3 2 3 2 3 2 3 2 1 4 2 1 4 2 1 4 2 1 4 2 1 2 3 1 4 2 1 4 2 1 4 2 1 4 2 3 1 4 2 1 4 2 1 4 2 1 4 2 2 1 1 4 2 1 4 2 1 4 2 1 24 4 2 1 4 1 4 2 1 4 2 1 4 2 1 4 2 1 4 2 1 4 2 1 4 2 1 4 2 1 4 2 1 4 2 1 4 2 1 4 2 1 4 2 1 4 2 1 4 2 1 4 2
1 21 1 21 1 21 1 21 1 1 1 1 1 1 1 1 2 81 2 81 2 81 2 81 1 21 1 21 24 22 1 21 1 21 1 21 1 21 1 21 1 21 2 81 2 81 2 81 2 81 1 21 1 21 24 22 1 21 37 2 1 37 2 1 3 1 21 1 21 1 21 1 9 4 8 1 21 1 21 1 21 1 21 2 81 2 81 2 81 2 81 1 21 1 21 1 21 10 21 1 21 1 21 1 21 1 21 1 21 1 21 1 21 1 21 1 21 1 21 1 21 1 21 1 21 1 21 1 21 1 21 1 21 1 21 1 21 1 21 1 21 1
7 1 6 18 3 1 6 18 3 2 1 10 2 23 3 1 11 9 11 9 11 9 11 24 21 4 11 54 9 98 11 11 9 98 11 9 11 11 9 98 11 7 1 6 18 3 1 6 18 3 2 1 10 2 23 3 1 11 9 11 9 11 9 11 24 21 4 11 54 9 98 11 11 9 98 11 9 11 11 9 98 11 7 1 6 18 3 1 6 18 3 2 1 10 2 23 3 1 2 23 3 1
12 7 12 7 15 12 15 12 7 15 12 15 12 7 15 12 15 12 7 15 12 15 12 15 12 7 15 12 15 12 7 15 12 15 12 7 15 12
35 5 27 22 26 9 4 5 27 22 26 9 4 5 27 22 26 9 4 5 27 22 26 9 4 30 11 26 4 22 57 40 40 44 122 22 11 26 57 5 27 22 26 9 4 5 27 22 26 9 4 5 27 22 26 9 4 5 27 22 26 9 4 30 11 26 4 22 57 40 40 44 122 22 11 26 57 5 27 22 26 9 4 5 27 22 26 9 4 22 27 35 22 27 35 56 44 71 37 57 5 22 27 26 57 5 22 27 26 57 26 4 22 57 40 40 44 122 22 11 26 57 5 27 22 26 9 4 5 27 22 26 9 4 5 27 22 26 9 4 5 27 22 26 9 4 5 27 22 26 9 4 5 27 22 26 9 4 5 27 22 26 9 4
1 30 18 30 1 12 2 1 3 1 3 1 3 1 12 2 1 18 3 1 12 2 1 3 1 30 18 30 3 18 3 18 3 1 3 29 18 3 18 3 18 3 1 3 29 18 3 1 3 18 18 30 1
1 5 4 5 4 21 5 21 5 2 5 50 2 11 30 5 2 5 2 5 2 5 3 5 4 9 4 5 4 9 4 5 4 5 4 21 5 21 5 2 5 50 2 11 30 5 2 5 2 5 2 5 3 5 4 9 4 5 4 9 4 5 2 5 2 5 2 5 3 5 4 9 4 5 4 9 4 5 4 9 4 5 4 9 4 5 4 9 4 5 4 9 4 5 4 9 4 5 4 9 4 5 4 9 4 5 4 9 4
5 4 5 4 5 1 4 5 4 38 5 4 38 9 38 5 1 4 5 38 5 4 9 4 5 11 24 13 11 24 13 5 11 24 5
1 6 2 3 1 6 2 3 1 6 2 3 1 6 2 3 1 6 2 3 1 6 2 3 2 1 2 3 1 6 2 3 1 6 2 3 2 1 2 3 1 6 2 3 1 6 2 3
1 1 20 1 1 1 20 1 1 1 20 1 1 1 20 1 1 1 20 1 7 7 7 7 7 7 7 7 7 7 7 7 7 7 7 7 1 1 20 1 1 1 20 1 1 1 20 1 1 1 20 1 2 1 10 2 1 7 7 7 7 1 1 20 1 1 1 20 1 1 1 20 1 1 1 20 1 1 1 20 1 7 7 7 7 7 7 7 7 7 7 7 7 7 7 7 7 1 1 20 1 1 1 20 1 1 1 20 1 1 1 20 1 2 1 10 2 1 7 7 7 7 1 1 20 1 7 7 7 7 1 1 20 1
1 4 2 1 1 6 14 2 2 1 1 6 14 2 2 1 1 6 28 4 1 1 6 18 4 6 1 3 6 2 1 3 6 2 1 1 6 14 2 2 1 1 6 28 4 1 1 6 18 4 6 1 3 6 2 1 3 6 2 1 3 6 2 1 3 6 2 1 3 6 2 1 1 6 14 2 2 1 1 1 4 2 1
1 10 1 10 1 9 54 9 1 10 1 10 1
1 4 1 4 1 11 4 1 11 4 1 4 1 11 2 1 4 1 4 1 11 4 1 11 4 1 4 1 11 2 1 11 4 1 11 4 1 4 1 9 6 4 1 11 2 1 4 1 4 1 4 1 4 1 4 1 4 1 4 1 4 1 4 1 4 1 4 1 4 1 4 1 4 1 4 1 4 1 4 39 1 4 39 1 4 39 1 4 1 4 1 4 1 4 1 4 1 4 1 4 1 4 1 4 1 4 11 4 1 11 4 1 4 1 11 2 11 4 11 4 11 4
1 1 18 1 18 1 18 1 18 1 1 18 1 18 1 18 1 18 1 1 18 1 18 1 1 18 1 18 1 18 1 18 1 1 18 1 18 1 1 18 1 18 1 18 1 18 1 18 1 18 1 18 1 18 1 18 1 18 1 1 18 1 18 1 1 18 1 18 1 18 1 18 1 18 1 18 1 18 1 18 1 1 18 1 18 1 1 18 1 18 1 1 18 1 18 1 18 1 18 1 18 1 18 1 18 1 18 1 18 1 18 1 18 1 18 1 18 1 18 1 18 1 18 1 18 1 18 1 18 1 18
1 2 1 2 1 2 1 2 1 2 1 2 1 2 1 2 2 15 12 8 1 2 3 1 35 1 43 1 2 1 2 1 2 1 2 1 1 4 4 1 1 4 1 2 1 2 1 2 1 2 1 2 1 2 1 2 1 2 2 15 12 8 1 2 23 1 35 1 43 1 2 1 2 1 2 1 2 1 2 15 12 8 1 2 23 1 35 1 43 1 2 1 2 1 2 1 2 1 2 1 2 1
13 1 11 2 34 105 12 22 22 28 67 7 26 87 26 87 105 12 105 12 22 22 28 67 7 26 87 26 87 105 12 13 15 33 54 49 7 12 42 2 42 2 42 2 42 2 105 12 22 22 28 67 7 26 87 26 87 105 12 13
5 1 11 2 3 5 11 2 9 5 11 2 3 5 24 5 2 5 11 2 9 5 3 5 11 2 9 5 11 2 3 5 24 5 2 5 11 2 9 5 4 11 2 3 5 11 2 9 5 11 2 3 5 24 5 2 5 11 2 9 5 11 2 9 5 11 2 9 5 11 2 9 5
1 86 7 1 7 12 15 12 7 15 1 86 7 1 7 12 15 12 7 15 1 86 7 12 15 12 15 28 7 12 15 12 15 12 7 15 12 1 7 12 15 12 7 15 12 15 12 15 12 7 15 12 15 12 7 15 12 15 12 7 15 12 15 12 7 15 12
1 5 26 4 5 9 36 5 26 4 5 9 36 5 9 5 9 4 5 9 5 9 4 5 9 4 5 9 4 5 9 4 5 9 4 5 9 5 9 4 5 9 4 5 9 4 5 9 4 5 9 4 5 9 4 5 9 4 5 9 4 5 9 4 5 9 4 5 9 4 5 9 4 5 9 4 5 9 4 5 9 4 5 9 4 5 5 5 9 5 26 5 9 4 5 9 4 5 9 4 5 9 4 5 9 4 5 9 4 5 9 4 5 9 4 5 9 4 5 9 4 5 9 4 5 9 4 5 9 4 5 9 4 5 9 4 5 9 4 5 9 4 5 9 4 5 9 4 5 9 4 5 9 4
1 2 11 4 1 2 11 4 1 28 11 4 1 3 1 28 11 4 1 2 37 2 1 2 37 2 1 36 31 8 36 31 46 2 1 2 1 8 1 2 3 66 33 6 8 1 37 2 8 1 2 18 7 2 17 8 1 2 11 4 1 2 11 4 1 28 11 4 1 28 11 4 1 2 37 2 1 2 37 2 1 36 31 8 36 31 46 2 1 2 1 8 1 2 3 66 33 6 8 1 37 2 8 1 2 18 7 2 17 8 1 2 11 4 1 2 11 4 1 2 1 8 1 2 3 66 33 6 8 1 37 2 8 1 2 18 7 2 17 8 2 17 8 2 17 8 1 2 11 4 1 2 11 4 1 2 11 4 1 2 11 4 1 2 11 4 1
12 15 12 15 12 15 12 15 12 15 12 15 12 15 12 15 12 15 12 15 12 15 12 15 12 15 12 15 12 15 12 15 12 15 12 15 12 15 12 15 12 15 12 15 12 15 12 15 12 15 12 15 12 15 12 15 12 15 12 15 12 15 12 15 12 15 12 15 12 15 12 15 12 15 12 15
20 6 20 6 20 6 20 6 20 6 20 6 20 6 20 6 20 6 20 6 20 6 25 20 19 20 6 24 2 20 19 20 25 20 19 20 19 20 19 20 25 20 19 20 6 24 2 20 19 20 25 20 19 20 6 24 2 20 19 20 6 24 2 20 19
3 21 1 3 19 1 52 1 14 4 1 52 1 14 4 64 28 2 1 4 1 1 4 1 1 14 64 28 2 23 3 19 1 3 19 1 52 1 14 4 1 52 1 14 4 64 28 2 1 4 1 1 4 1 1 14 64 28 2 23 3 19 1 3 19 1 14 4 1 14 4 1 14 4 1 52 1 14 4 3 19 1 3 19 14 64 28 19 23 4 4 4 3 19 1 3 19 1 3 19 1 3 19 1 3
20 8 7 20 8 7 20 8 7 20 8 7 20 8 7 20 8 7 20 8 7 20 8 7 20 8 7 1 12 19 7 20 6 8 7 1 12 19 7 20 6 28 7 20 8 7 20 8 7 1 12 19 7 20 6 28 7 20 8 7 20 8 7 20 8 7 20 8 7 20 7 20 1
1 14 16 25 3 1 14 16 25 3 25 1 14 16 25 3 1 14 16 25 3 25 1 6 17 25 7 1 6 4 2 16 6 17 7 11 4 25 3 1 6 17 25 7 1 6 4 2 16 6 17 7 11 4 2 4 11 4 25 1 14 16 25 3 1 14 16 25 3 25 1 6 17 25 7 1 6 4 2 16 6 17 7 11 4 25 3 1 6 17 25 7 1 6 4 2 16 6 17 7 11 4 2 4 11 4 25 1 14 16 25 3 1 14 16 25 3 25 1 6 17 25 7 1 6 4 2 16 6 17 7 11 4 25 3 1 6 17 25 7 1 6 4 2 16 6 17 7 11 4 2 4 11 4 25 1 6 17 25 7 1 6 4 2 16 6 17 7 11 4 25 3 1 6 17 25 7 1 6 4 2 16 6 17 7 11 4 2 4 11 4 25
1 7 1 19 1 2 1 33 2 62 1 6 21 3 7 1 2 1 2 1 33 2 62 1 6 21 3 7 1 12 2 12 2 28 3 28 7 1 2 1 33 2 62 1 6 21 3 7 2 1
17 10 2 17 3 3 17 10 2 17 3 1 16 2 1 8 2 7 1 16 2 1 8 2 7 8 7 8 7 8 7 8 66 33 6 33 3 28 6 33 3 28 2 14 2 14 8 16 2 25 3 17 10 2 17 3 3 17 10 2 17 3 1 16 2 1 8 2 7 1 16 2 1 8 2 7 8 7 8 7 8 7 8 66 33 6 33 3 28 6 33 3 28 2 17 3 2 17 3 2 17 3 2 17 3 2 17 3 2 17 3 2 17 3 2 17 3 2 17 3 2 17 3 2 17 3 2 17 3 2 17 3 2 17 3 2 17 3 2 17 3
1 2 3 7 1 12 2 3 7 1 12 2 3 7 1 12 2 3 7 1 2 3 1 2 3 1 2 3 7 1 12 2 3 7 1 12 2 3 7 1 2 3 1 2 3 1 2 3 7 1 12 2 3 1 2 10 3 1 12 2 3 1 2 10 2 3 1 12 2 3 7 1 2 3 7 1 12 2 3 1 2 3 1 2 3 7 1 2 7 1 12 2 7 1 2 3 7 1 3 7 2 1
1 3 29 2 3 1 3 29 2 3 1 3 29 2 3 1 3 29 2 3 1 3 29 2 3 1 3 29 2 3 1 3 29 2 3 1 3 29 2 3 1 3 29 2 3 1 3 1 1 6 1 1 6 2 3 1 6 3 1 3 29 2 3 1 3 29 2 3 1 3 29 2 3 1 3 29 2 3 1 3 29 2 3 1 3 29 2 3 1 3 29 2 3 1 3 1 1 6 1 1 6 2 3 1 6 3 1 1 6 1 1 6 3 6 3 2 3 1 2 3 1 2 3 1 6 3 2 3 29 29 72 32 72 32 29 29 72 32 72 32 29 29 72 32 72 32 29 29 72 32 72 32 2 3 1 6 3 1 3 29 2 3 1 3 29 2 3 1 3 29 2 3 1 3 29 2 3 1 3 1 1 6 1 1 6 1 1 6 1 1 6 2 3 1 6 3 1 1 6 3 6 3 1 1 6 3 6 3 1 1 6 3 6 3 1 1 1 1 2 1
1 12 7 12 7 12 1 19 2 12 1 19 2 7 12 7 12 15 12 15 12 15 12 15 12 7 12 1 19 2 12 1 19 2 7 12 7 12 15 12 7 15 12 15 12 7 15 12 15 12 7 15 12 15 12 7 15 12 15 12 7 15 12 7 15 12 7 15 12 15 12 7 15 12 15 12 7 15 12 1 19 2 12 1 19 2 7 12 7 12
1 1 1 9 24 5 9 24 5 9 24 5 9 24 5 9 24 5 9 24 5 9 24 5 13 9 24 24 26 24 5 13 26 24 5 13 9 24 5 13 26 24 5 13 9 22 24 5 13 9 24 5 26 24 5 13 26 24 5 13 9 13 22 25 5 13 22 25 5 13 26 22 27 5 13 26 22 27 5 13 9 24 5 13 26 24 5 13 26 27 5 13 26 24 5 13 26 27 5 13 9 22 24 5 13 9 22 24 5 13 9
26 36 13 13 26 36 13 13 5 5 13 20 9 4 9 23 3 5 5 13 20 9 4 9 23 3 15 51 9 23 3 26 36 13 13 26 36 13 13 26 36 13 13 26 36 21 5 5 13 20 9 4 9 23 3 5 5 13 20 9 4 9 23 3 15 51 9 23 3 26 36 13 13 26 36 13 13 26 36 13 13 26 36 21 11 18 3 13 11 18 3 13 11 18 3 13 11 18 3 13 5 5 13 20 9 4 9 23 3 5 5 13 20 9 4 9 23 3 15 51 9 23 3 26 36 13 13 26 36 13 13 26 36 13 13 26 36 21 26 36 13 13 26 36 13 13 26 36 13 13
12 11 2 12 11 2 12 11 2 12 11 2 12 11 2 12 11 2 12 11 2 12 11 2 12 11 2 12 11 2 12 28 15 36 12 11 2 12 11 2 12 11 2 12 11 2 12 11 2 12 11 2 12 28 15 36 12 11 2 12 11 2 12 15 12 15 12 15 12 28 7 12 11 2 12 11 2 12 11 2 12 11 2 12 11 2 12 11 2 12 28 15 36 12 11 2 12 11 2 12 11 2 12 11 2 12 11 2 12 11 2 12 28 15 36 12 11 2 12 11 2 12 15 12 15 12 15 12 28 7 12 11 2 12 11 2 12 11 2 12 11 2 12 11 2 12 11 2 12 11 2 12 11 2 12 11 2 12 11 2 12 11 2 12
1 3 2 3 1 3 2 6 16 2 23 1 3 2 3 1 3 2 3 1 3 2 3 6 16 2 3 1 2 3 1 2 3 1 2 3 1 2 1 8 23 2 1 8 25 1 3 2 3 1 3 2 3 1 3 2 17 6 2 25 1 3 2 3 1 3 2 3 1 3 2 17 6 16 2 25 1 2 3 1 2 3 1 2 3 1 2 1 8 23 2 1 8 25 1 3 2 3 1 3 2 1 3 2 3 1 3 2 1 2 1 8 23 1 2 3 1 2 3 1 2 3 1 2 1 8 23 1 2 23 1 2 23 1
2 3 40 8 2 3 40 8 2 3 2 3 2 3 2 3 2 3 2 3 2 16 8 3 2 3 2 3 2 3 2 3 2 3 2 3 2 16 8 3 2 3 1 1 1 1 2 16 8 6 2 3 1 1 1 1 2 16 10 3 2 3 2 3 2 3 2 3 2 3 2 3 2 16 8 3 2 3 1 1 1 1 2 16 8 6 2 3 1 1 1 1 2 16 8 6 10 6 10 6 8 25 2 3 40 8 2 3 40 8 2 3 2 3 2 3 2 3 2 3 2 3 2 16 8 3 2 3 1 1 1 1 2 16 8 6 2 3 1 1 1 1 2 16 8 20 2 3 1 1 1 1 2 16 8 6 2 3 1 1 1 1 2 16 8 20 2 3 1 1 1 1 2 16 8 6 2 3 1 1 1 1 2 16 8 25 2 3 40 8 2 3 40 8 2 3 40 8 9
1 2 1 2 1 2 1 2 1 2 1 32 6 3 2 1 2 1 2 1 2 1 2 1 2 1 2 1 32 6 3 2 1 2 1 2 1 2 1 2 1 2 1 2 1 32 6 3 2 1 2 1 2 1 2 1 2 1 2 1 2 1 2 1 2 1 2 1 2 1 2 1 2 1 2 1 2 1 2 1 2 1
13 11 5 9 22 11 5 9 22 13 11 5 9 22 11 5 9 22 54 13
1 2 1 3 1 3 1 2 1 3 1 3 1 12 2 1 7 1 3 6 1 6 1 7 1 2 1 3 1 3 1 12 2 1 3 1 3 1 2 1 2 1 2 1 2 1 2
2 1 14 19 7 19 1 1 3 2 1 14 19 7 19 1 1 3 10 29 8 16 8 16 42 12 19 49 12 42 19 49 12 42 64 28 25 7 2 1 14 19 7 19 1 1 3 2 1 14 19 7 19 1 1 3 10 29 8 16 8 16 42 12 19 49 12 42 19 49 12 42 64 28 25 7 2 1 14 19 7 19 1 1 3 2 1 14 19 7 19 1 1 3 10 29 8 16 8 16 42 12 19 49 12 42 19 49 12 42 64 28 25 7 2 1 14 19 7 19 1 1 3 2 1 14 19 7 19 1 1 3 2 1 14 19 7 19 1 1 3 2 1 14 19 7 19 1 1 3 2 1 14 19 7 19 1 1 3 2 1 14 19 7 19 1 1 3
1 7 1 11 2 1 28 15 12 28 2 2 15 28 7 12 1 7 1 11 2 1 28 15 12 28 2 2 15 28 7 12 1 7 1 11 2 1 28 15 12 28 2 2 15 28 7 12 28 15 12 28
1 4 1 4 2 1 4 2 1 4 2 1 4 2 1 4 2 1 4 2 1 4 2 1 4 2 1 4 2 1 4 2 1 4 2 1 4 2 1 4 2 1 4 2 1 4 2 1 4 2 1 4 2 1 4 2 1 4 2 1 4 2 1 4 2 1 4 2 1 4 2 1 4 2 1 4 2 1 4 2 1 4 2 1 30 35 41 2 3 9 4 39 1 4 2 1 4 1 4 2 1 4 2 1 4 2 1 4 2 1 4 2 1 4 2 1 4 2 1 4 2 1 4 2 1 4 2 1 4 2 1 4 2 1 4 2 1 4 2 1 30 35 41 2 3 9 4 39 1 4 2 1 4 2 13 4 2 1 4 2 1 4 2 1 4 2 1
19 2 36 36 20 69 7 1 7 7 7 1 6 32 6 19 2 7 1 2 1 6 32 6 19 2 7 1 2 1 69 7 7 7 7 1 7 7 7 1 6 32 6 19 2 7 1 1 2 1
1 12 7 1 2 1 12 7 1 2 1 12 1 1 2 21 1 12 2 21 28 7 1 12 7 1 2 1 12 1 1 2 21 1 12 2 21 28 7 1 12 7 1 7 1 7 1
1 2 3 1 2 3 1 2 3 1 2 3 1 2 3 1 2 3 2 1 2 3 14 3 1 2 3 1 2 3 1 2 3 1 2 3 1 2 3 1 2 3 1 2 3 2 1 2 3 14 3 1 2 3 1 2 3 1 2 3 1 2 3 1 2 3 1 2 3 1 2 3 2 1
1 3 6 6 2 3 1 8 2 3 1 1 2 4 7 1 8 2 3 1 1 2 4 7 1 21 4 11 9 21 7 1 33 2 1 31 8 3 1 3 14 33 2 9 1 3 6 6 2 3 21 4 11 9 21 7 1 8 2 3 1 1 2 4 7 1 8 2 3 1 1 2 4 7 1 21 4 11 9 21 7 1 33 2 1 31 8 3 1 3 14 33 2 9 1 3 6 6 2 3 21 4 11 9 21 7 1
6 32 6 1 3 1 6 32 6 1 3 1 2 3 1 2 3 1 2 3 1 2 3 1 2 3 1 2 3 1 2 3 1 2 1 2 1 2 1 6 32 6 1 3 1 6 32 6 1 3 1 2 1 2 1 2 1 3 6 32 6 1 3 1 6 32 6 1 3 1 3 1 2 3 1 2 3 1 2 3 1 2 3 1 2 3 1 2 3 1 2 3 1 2 1 2 1 2 1 6 32 6 1 3 1 6 32 6 1 3 1 6 32 6 1 3 1 6 32 6 1 3 1 2 1 2 1 2 1 3 1 2 3 1 2 3 1 2 3 1 2 3 1 2 3 1 2 3 1 2 3 1 2 1 2 1 2 1 6 32 6 1 3 1 6 32 6 1 3 1 6 32 6 1 3 1 6 32 6 1 3 1 6 32 6 1 3 1 6 32 6 1 3 1
12 15 12 7 12 12 15 9 12 7 12 15 12 7 12 12 15 9 12 7 12 15 7 15 12 15 12 7 12 12 15 9 12 7 12 7 12 15 12 7 12 12 15 21 12 7 12 15 7 15 12 15 12 7 12 12 15 9 12 7 12 7 12 7 15 12
1 2 1 2 1 2 1 2 1 2 1 2 1 34 30 9 30 34 9 30 34 30 9 30 34 11 9 1 2 4 2 1 2 4 2 1 2 4 2 1 2 4 2 1 2 1 2 1 2 1 2 1 2 1 2 1 34 30 9 30 34 9 30 34 30 9 30 34 11 9 1 2 4 2 1 2 4 2 1 2 4 2 1 2 4 2 24 11 24 11 1 2 1 2 1 2 1 2 1 2 1 2 1 34 30 9 30 34 9 30 34 30 9 30 34 11 9 1 2 4 2 1 2 4 2 1 2 4 2 1 2 4 2 1 2 4 2 1 2 4 2 1 2 4 2 1 2 4 2 1 2 4 2 1 2 4 2 1 2 4 2 1 2 4 2 1 2 4 2 1 2 4 2 1 2 4 2 1
1 2 1 2 1 2 1 2 1 3 2 3 2 1 2 1 2 1 2 1 2 1 2 1 3 2 3 2 1 2 1 2 1 2 1 2 1 2 1 3 2 3 2 1 2 1 2 1 2 1 2 1 2 1 3 2 3 2 1 2 1 2 1 2 1 2 1 2 1 2 1 2 1
1 2 1 3 1 2 1 3 1 2 1 3 1 2 1 3 1 2 1 3 1 2 1 6 2 3 1 2 1 3 1 2 1 3 1 2 1 3 1 2 1 3 1 2 1 3 1 2 1 6 2 3 1 2 1 3 1
1 10 3 10 3 1 10 3 10 3 1 10 3 10 3 1 1 10 3 10 3 1 10 3 10 3 1 10 3 10 3 2 3 1 10 3 10 3 1 1 10 3 10 3 1 10 3 2 1
5 4 5 4 5 4 5 4 5 4 5 4 5 4 5 21 24 9 4 5 4 5 4 40 4 9 5 10 11 10 5 10 11 10 5 10 11 10 21 24 9 4 5 4 5 4 40 4 9 5 4 5 4 5 21 24 9 4 5 4 5 4 40 4 9 5 10 11 10 5 10 11 10 5 10 11 10 5 10 11 10 21 24 9 4 5 10 11 10 40 4 9 5 10 11 10 5 4 5 4 5 4 5 10 11 10 5 10 11 10 5 10 11 10 5 10 11 10 5 10 11 10 5 10 11 10 21 24 9 4 5 10 11 10 40 4 9 5 10 11 10 5
3 2 1 2 1 3 2 1 2 1 3 2 1 2 1 3 2 1 2 1 3 2 1 2 1 3 2 1 2 1 3 2 1 2 1 3 2 1 2 1 3 2 1 1
1 2 1 2 6 3 2 1 2 1 2 6 3 2 1 2 1 2 6 3 2 1 2 1 2 6 3 2 1 2 1 2 6 3 2 1 2 1 2 6 3 2 1 2 1 2 1 2 1 2 1 2 6 3 2 1 2 1 2 6 3 2 1
18 17 18 1 1 48 18 17 1 3 14 6 33 2 1 3 16 17 1 3 14 6 33 2 1 3 16 17 1 18 17 2 1 18 17 2 1 18 17 2 18 17 18 1 1 48 18 17 1 3 14 6 33 2 1 3 16 17 1 3 14 6 33 2 1 3 16 17 1 18 17 2 1 18 17 2 1 18 17 2 1 18 17 2 1 18 17 2 1 18 17 2 1 18 17 2 1 18 17 2 1 18 17 2 1 18 17 2 1 18 17 2 1 18 17 2
5 24 26 5 24 26 5 24 26 5 24 26 5 24 26 5 24 26 5 24 26 5 4 5 4 5 4 5 4 5 4 5 4 5 4 5 4 5 4 5 4 5 4 5 4 5 4 24 5 5 4 24 5 5 4 24 5 5 4 24 5 23 5 13 5 26 3 5 5 26 11 54 26 24 5 15 5 57 5 57 5 13 5 26 3 5 5 26 11 54 26 24 5 15 5 57 5 57 13 2 13 2 13 2 13 2 13 2 13 2 13 2 13 2 13 2 13 2 13 2 13 2 13 2 13 2 13 2 13 2 13 2 13 2 13 2 13 2 13 2 13 2 13 2 13 2 13 2 13 2 13 2 13 2 13 2 13 2 13 2 13 2 13 2 13 2 13 2 13 2 13 2 13 2 13 2 13 2 13 2 13 2 13 2 13 2 13 2 13 2 13 2 13 2 13 2 13 2 13 2 13 2 13 2 24 5 2 24 5 2 24 5 2 24 5 2 24 5 2 24 5 2 5 57 5 57 5 24 26 5 24 26 5 24 26 5 24 26 5 24 26 5 24 26 5 24 26 5 24 26 5 24 26 5 24 26 5 24 26 5 24 26
3 1 3 1 3 1 3 1 2 3 2 3 2 3 8 6 3 1 41 6 8 23 3 1 16 6 8 23 3 1 3 1 3 1 2 3 2 3 2 3 8 6 3 1 41 6 8 23 3 1 16 6 8 23 3 2 16 10 14 2 16 10 14 3 1 3 1 3 1 2 3 2 3 2 3 8 6 3 1 41 6 8 23 3 1 16 6 8 23 3 1 41 6 8 23 3 1 16 6 8 23 3 1 41 6 8 23 3 1 16 6 8 23 3 1 41 6 8 23 3 1 16 6 8 23 3
13 2 4 24 1 2 4 24 1 24 19 13 2 4 24 1 2 4 24 1 24 19 13 2 4 24 1 2 4 24 1 24 19 61 1 61 1 24 13 2 4 24 1 2 4 24 1 2 4 24 1 2 4 24 1
1 1 14 3 3 2 1 8 25 1 16 2 1 2 1 8 25 7 1 16 2 1 2 1 8 61 14 7 1 3 1 19 8 1 3 1 19 8 61 14 7 3 1 16 2 1 2 1 10 25 7 1 16 2 1 2 1 8 61 14 7 7 1 3 1 19 8 1 3 1 19 8 61 14 7 3 2 14 16 2 61 14 7 3 1 16 2 1 2 1 10 25 7 1 16 2 1 2 1 10 25 7 1 16 2 1 2 1 10 25 7 1 3 1 19 8 1 3 1 19 8 61 14 7 3 1 3 1 19 8 1 3 1 19 8 61 14 7 3 1 3 1 19 8 1 3 1 19 8 61 14 7 3
1 4 1 4 1 6 17 6 1 2 23 1 2 23 1 4 1 4 1 6 17 6 1 2 23 1 2 23 1 37 23 1 37 23 1 6 17 6 1 2 23 1 2 23 37 23 1 37 23 1 6 17 6 1
1 1 1 1 1 1 1 1 1 1 1 1 2 4 1 1 1 1 1 1 1 1 1 1 1 1 2 4 1 1 1 1 1 1 1 1 1 1 1 1 1 1 1 1 1 1 1 1 2 4 1 2 4 11 4 1 11 4 3 37 2 1 11 4 3 37 2 4 1 1 1 1 1 1 1 1 1 1 1 1 1 1 1 1 2 4 1 1 1 1 1 1 1 1 1 1 1 1 1 1 1 1 1 1 1 1 2 4 1 2 4 11 4 1 11 4 3 37 2 1 11 4 3 37 2 4 1 1 1 1 6 4 1 10 6 4 1 10 6 4 1 4 42 2 4 42 2 4 42 2 4 42 2 4 42 2 4 42 2 4 42 2 4 42 2 4 42 2 4 42 2 4 42 2 4 42 2 4
26 4 26 4 26 4 26 4 4 5 4 5 4 5 4 1 26 4 26 4 26 7 4 5 4 5 4 5 4 1 26 4 26 4 26 7 5 4 9 38 4 25 27 5 4 9 21 25 26 4 26 4 4 5 4 5 4 5 4 1 26 4 26 4 26 7 26 4 26 4 26 4 26 4 26 4 26 4 26 4 26 4
51 1 3 1 2 1 3 4 2 3 1 2 1 3 4 2 3 1 2 3 1 12 2 28 7 51 1 2 1 3 4 2 3 1 3 1 2 3 1 12 2 28 7 51 1 2 1 3 4 2 3 1 3 1 1 2 18 3 1
5 36 46 7 5 4 9 11 4 5 36 46 7 5 4 9 40 4 5 36 46 7 13 4 9 40 4 5 36 46 7 5 21 11 4 5 4 9 40 4 5 36 46 7 5 36 46 7 5 36 46 7 5 36 46 7
1 3 4 1 3 4 1 12 7 12 15 12 7 15 12 15 12 15 12 15 12 15 7 15 12 7 15 28 7 12 15 12 7 15 12 15 12 15 12 15 12 15 7 15 12 15 12 15 12 15 12 15 12 15 12 15 12 15 12 15
1 2 1 2 1 2 3 1 2 3 1 8 2 3 2 1 2 3 1 17 2 3 2 3 1 2 1 2 3 1 2 3 1 8 2 3 2 1 2 3 1 17 2 3 2 3 1 2 1 75 3 75 3 75 3 2 3 4 2 1 2 3 1 2 3 1 8 2 3 2 1 2 3 1 17 2 3 2 3 1 17 2 3 2 3 4 2 1
1 1 4 2 4 1 4 2 2 1 3 1 3 3 7 1 16 47 8 2 7 1 14 3 2 3 4 2 1 4 2 1 4 2 25 1 3 3 7 1 16 47 8 2 7 1 14 3 2 3 4 2 1 4 2 1 4 2 25 1 14 3 1 14 3 1 14 3 1 14 3 1 14 3
1 3 7 2 1 3 7 2 1 3 7 2 1 3 7 2 1 3 7 2 1 3 7 2 1 3 7 2 1 3 7 2 1 3 6 3 2 1 3 17 2 3 6 3 2 22 1 3 6 3 2 22 1 3 7 2 1 3 7 2 1 3 7 2 1 3 7 2 1 3 6 3 2 1 3 17 2 3 6 3 2 22 1 3 6 3 2 22 1 3 8 2 1 3 8 2 1 3 8 2 1 3 8 2 1 3 6 3 2 1 3 17 2 3 6 3 2 22 1 3 8 1 3 8 1 3 8 1 3 8 1 3 7 2 1 3 7 2 1 3 7 2 1 3 7 2 1 3 6 3 2 1 3 17 2 3 6 3 2 22 1 3 6 3 2 22 1 3 6 3 2 1 3 17 2 3 6 3 2 22 1 3 6 3 2 1 3 17 2 3 6 3 2 22 2 3 6 3 2 22 1
3 19 3 19 3 19 3 19 3 19 3 19 3 19 3 19 1 2 3 92 32 1 2 10 7 20 6 1 6 3 1 17 6 3 1 19 92 32 1 2 10 1 19 7 1 12 22 36 17 6 25 7 1 6 1 6 3 1 17 6 3 1 19 92 32 1 2 10 20 1 6 1 6 23 1 17 6 3 1 19 92 32 1 2 10 20 1 6 1 6 3 1 17 6 3 1 19 92 32 1 2 10 6 18 10 17 2 23 1 19 1 19 1 19 1 19 1 19 1 19 1 19 1 19 1
1 3 1 3 2 3 1 3 1 3 1 3 2 3 1 3 1 3 1 3 2 3 1 3 1 3 1 3 2 3 1 3 1 3 2 6 1 3 2 6 10 17 6 10 17 2 3 1 3 1 3 2 3 1 3 1 3 1 3 2 3 1 3 1 3 2 6 1 3 2 6 10 17 6 10 17 2 3 1 3 1 3 2 3 1 3 1 3 1 3 2 3 1 73 6 3 6 3 2 6 3 6 3 2 1 3 1 3 2 3 1 3 1 3 1 3 2 3 1 3 1 3 1 3 2 3 1 3 1 3 1 3 2 3 1 3 10 17 6 10 17 2 3 1 3 1 3 2 3 1 3 1 3 1 3 2 3 1 3 1 3 1 3 2 3 1 3 1 3 1 3 2 3 1 3 1 3 1 3 2 3 1 3 1 3 1 3 2 3 1 3 1 2 1 2 1 2 1
5 21 5 21 5 21 5 21 5 21 5 21 5 21 5 21 5 21 5 21 5 21 5 21 4 11 4 11 5 21 5 21 5 21 5 21 5 21 5 21 4 11 4 11 5 21 5 4 9 24 4 9 24 2 4 15 4 5 21 5 21 5 21 5 21 5 21 5 21 5 21 5 21 4 11 4 11 5 21 5 21 5 21 5 21 5 21 5 21 4 11 4 11 5 21 5 4 9 24 4 9 24 2 4 15 4 2 4 15 4 4 4 5 21 5 21 5 21 5 21 5 21 5 21 5 21 5 21 4 11 4 11 5 21 5 21 5 21 5 21 5 21 5 21 4 11 4 11 5 21 5 4 9 24 4 9 24 2 4 15 4 2 4 15 4 4 4 4 9 3 4 9 3 4 9 3 4 9 3 4 9 3 4 9 3 4 9 3 4 9 3 4 9 3 4 9 3 4 9 3
1 2 1 2 1 2 25 1 2 25 1 2 25 1 2 25 1 2 25 1 2 25 1 2 25 1 2 25 1 2 25 1 2 25 1 2 25 1 2 25 1 2 25 1 2 25 1 2 25 1 2 25 1 2 25 1 2 25 1 2 25 1 2 25 1 2 25 1 2 25 1 2 25 1 2 25 1 2 25 1 2 25 1 2 25 1 2 25 1 2 25 1 2 25 1 2 25 1 2 25 1 2 25 1 2 25 1 2 25 1 2 25 1 2 25
1 3 1 3 1 3 2 1 11 2 1 3 1 3 1 3 2 1 3 1 3 1 3 1 3 1 3 1 3 2 1 3 1 3 1 3 18 1 18 1 18 1 18 1 3 18 1 18 1 3 18 1 18 1 18 1 18 1 18 1 18 1 3 18 1 18 1 3 18 1 18 1 18 1 18 1 18 1 18 1 3 18 1 18 1 3 18 1 18 1 18 1 3 18 29 1 3 18 29 1 3 18 29 39 60 39 18 3 18 3 18 3 18 3 3 18 1 18 1 3 18 1 18 1 3 18 1 18 1 18 1 18 1 3 18 1 18 1 3 18 1 18 1 3 1 3 1 3 1 3 1 3 1 3 1 3 2 1 11 2 1
1 1 4 2 1 4 2 1 4 2 1 4 2 1 4 2 1 4 2 1 4 2 1 4 2 1 1 4 2 1 4 2 1 4 2 1 4 2 28 7 1 4 2 1 4 2 1 4 2 1 4 2 1 4 2 1 4 2 1 4 2 1 4 2 1 4 2 1 4 2 28 7 1 4 2 1 4 2 1 4 2 1 4 2 1 4 2 1 4 2 1 4 2 1 4 2 1 4 2 1 4 2 28 7 1 4 2 1 4 2 1 4 2 1 4 2 1 4 2 1 4 2
1 4 2 1 4 2 1 4 2 1 4 2 1 4 2 1 3 2 3 2 3 2 3 2 1 4 2 1 4 2 1 4 2 1 4 2 1 4 2 1 4 2 1 4 2 1 3 2 3 2 3 2 3 2 1 4 2 1 4 2 1 4 2 1 4 2 1 2 3 1 4 2 1 4 2 1 4 2 1 4 2 3 1 4 2 1 4 2 1 4 2 1 4 2 2 1 1 4 2 1 4 2 1 4 2 1 24 4 2 1 4 1 4 2 1 4 2 1 4 2 1 4 2 1 4 2 1 4 2 1 4 2 1 4 2 1 4 2 1 4 2 1 4 2 1 4 2 1 4 2 1 4 2 1 4 2 1 4 2
5 4 5 4 5 1 4 5 4 38 5 4 38 9 38 5 1 4 5 38 5 4 9 4 5 11 24 13 11 24 13 5 11 24 5
1 6 2 3 1 6 2 3 1 6 2 3 1 6 2 3 1 6 2 3 1 6 2 3 1 6 2 3 1 6 2 3 1 6 2 3 1 6 2 3 1 6 2 3 1
1 2 1 2 1 2 1 2 1 3 2 3 2 1 2 1 2 1 2 1 2 1 2 1 3 2 3 2 1 2 1 2 1 2 1 2 1 2 1 3 2 3 2 1 2 1 2 1 2 1 2 1 2 1 3 2 3 2 1 2 1 2 1 2 1 2 1 2 1 2 1 2 1
1 3 1 3 1 3 1 3 1 3 1 3 1 3 1 3 1 18 29 18 29 18 29 18 29 18 29 18 29 18 29 18 29 18 29 18 29 18 29 18 29 18
1 7 6 1 7 1 7 1 2 1 7 6 1 7 1 7 1 2 1 7 6 1 7 1 7 1 2 1 7 6 1 7 1 7 1 2 1 7 6 1
1 35 1 35 1 35 1 35 2 3 6 2 1 17 6 3 2 17 10 2 3 2 3 6 2 1 17 6 3 2 17 10 3 1 35 1 35 2 3 6 2 1 17 6 3 2 17 10 2 3 2 3 6 2 1 17 6 3 2 17 10 3 1 35 1 35 2 3 6 2 1 17 6 3 2 17 10 2 3 2 3 6 2 1 17 6 3 2 17 10 3 1 35 1 35 2 3 6 2 1 17 6 3 2 17 10 2 3 2 3 6 1 17 6 3 2 17 10 3 1 35 1 35 1 35 1 35 1
1 3 6 3 2 3 1 3 6 3 2 3 1 3 6 3 2 3 2 3 2 3 1 3 6 3 2 3 1 3 6 3 18 2 1 2 1 10 1 3 1 2 3 11 2 1 3 6 3 2 3 1 3 6 3 18 2 1 2 1 10 1 3 1 2 3 11 2 1 3 6 3 2 1 10 3 1 3 6 3 2 1 10 3 1 3 6 3 2 3 1 3 6 3 2 3 2 1 2 1 10 1 3 1 2 3 11 2 1 3 6 3 2 1 10 3 1 3 6 3 2 1 10 3 1 2 3 1 3 1 2 3 1 3 1 2 3 11 2 1 3 6 3 2 3 1 3 6 3 2 3 1 3 6 3 2 3 1 3 6 3 2 3 1 3 6 3 2 3 1 3 6 3 2 3 1 3 6 3 2 3
1 18 2 23 1 18 2 23 1 18 2 23 2 23 2 23 6 10 3 3 3 3 1 18 2 23 1 18 2 23 2 23 2 23 6 10 3 3 3 3 1 18 2 23 1 18 2 23 11 40 11 11 1 11 40 11 11 25 7 1 18 2 23 1 18 2 23 1 18 2 23 1 18 2 23 1 18 2 23 1 18 2
1 11 2 1 2 3 1 11 2 1 2 3 1 2 1 11 2 1 2 3 1 2 3 34 2 11 1 2 3 1 2 1 2 1 11 2 1 2 3 1 2 3 34 2 11 1 2 3 1 2 1 2 1 2 3 1 2 1 11 2 1 2 3 1 2 3 34 2 11 1 2 3 1 2 1 2 1 2 1 2 1 2 1 2 1 2
1 2 1 2 14 2 3 14 3 2 1 2 10 16 6 16 2 6 16 2 6 16 2 1 2 1 2 14 2 3 14 3 2 1 2 10 16 6 16 2 6 16 2 6 16 2 6 16 2 19 3 18 2 3 19 3 6 3 2 3 6 16 2 6 16 2 6 16 2 6 16 2 6 16 2 6 16 2 6 16 2 6 16 2 19 3 6 3 2 3 6 16 2 6 16 2 6 16 2 1 2 1 2 14 2 3 14 3 2 1 2 10 16 6 16 2 6 16 2 6 16 2 6 16 2 6 16 2 6 16 2 6 16 2 6 16 2 6
1 6 1 6 1 6 2 3 1 7 1 6 2 3 1 12 2 1 2 3 1 6 2 3 1 7 1 6 2 3 1 12 2 1 2 3 1 6 2 3 1 7 1 6 1 6 1 6 1 6 1 6 1
1 6 2 3 1 6 2 3 1 6 2 3 1 6 2 3 2 22 1 12 2 22 18 7 1 6 2 3 1 6 2 3 2 22 1 12 2 22 18 7 1 6 2 3 1 6 2 3
1 9 1 9 2 1 3 2 3 2 1 9 1 9 2 1 3 2 3 2 1 2 1 2 3 2 1 2 10 3 1 9 1 9 2 1 3 2 3 2 1 12 2 1 3 2 3 2 1
1 14 16 4 20 14 16 6 17 19 3 23 3 20 14 16 6 17 19 3 23 3 6 6 19 25 1 2 20 16 14 2 3 1 16 14 61 25 7 20 14 16 6 17 19 3 6 6 19 8 25 1 16 14 2 3 1 16 14 61 25 7 20 14 16 6 17 19 3 6 6 19 8 25 1 14 16 3 25 1 14 16 3 25 1 14 16 3 25 1 14 16 3 25
1 3 1 3 1 6 17 2 10 1 6 2 10 23 1 6 2 10 23 1 6 17 1 3 1 3 1 6 17 2 10 1 6 2 10 23 1 6 2 10 23 1 6 17 1 3 1 3 1 6 17 2 10 3 1 6 2 10 23 1 6 2 10 23 1 6 2 10 23 1 6 2 10 23 1 6 17 1 6 2 10 23 1 6 2 10 23 1 6 2 10 23 1 6 2 10 23 1 6 2 10 23 1 6
1 6 1 6 1 6 1 6 1 6 1 6 1 6 1 6 2 1 6 1 6 3 2 1 6 1 6 2 1 2 3 1 6 1 6 1 6 1 6 2 1 6 1 6 3 2 1 6 1 6 2 1 2 3 2 1 28 7 2 1 2 3 2 1 2 3 2 1 2 3
12 15 12 7 15 12 15 12 7 15 12 15 12 15 7 12 15 12 7 15 12 15 12 15 7 12 15 12 7 15 12 15 12 7 15 12 7 15 12 7 15 12 12
1 3 2 1 3 2 1 3 2 1 3 2 1 3 2 1 10 6 4 2 6 32 1 3 10 6 4 2 6 32 1 3 1 3 1 4 9 11 2 5 4 9 11 3 1 3 2 1 3 2 1 3 2 1 10 6 4 2 6 32 1 3 10 6 4 2 6 32 1 3 1 3 1 4 9 11 2 5 4 9 11 3 5 3 9 11 2 1 30 9 5 3 9 11 2 1 30 1 10 6 4 2 6 32 1 3 10 6 4 2 6 32 1 3 1 3 1 3 1 4 9 11 2 21 5 4 9 11 3 5 69 7 39 3 73 3 18 40 17 32 9 29 36 39 11 101 21 71 2 71 2 71 2 71 2 1 3 2 1 3 2 1 3 2 1 3 2 1 3 2 1 3 2 1 3 2 1 3 2 1 3 2
1 3 1 3 1 3 1 3 1 3 1 3 1 3 1 3 1 18 29 18 29 18 29 18 29 18 29 18 29 18 29 18 29 18 29 18 29 18 29 18 29 18
5 22 23 3 5 22 23 3 5 22 23 3 5 22 23 3 5 22 23 3 5 9 4 11 9 4 11 54 7 5 5 9 23 3 5 22 23 3 5 22 23 3 5 22 23 3 5 22 23 3 5 9 4 11 9 4 54 7 5 5 9 23 3 9 4 11 9 4 54 7 5 5 9 23 3 5 22 23 3 5 22 23 3 5 9 4 11 9 4 54 7 5 5 9 23 3 9 4 11 9 4 54 23
1 10 2 1 10 2 1 10 2 1 10 2 1 10 2 1 10 2 1 10 2 1 10 2 6 2 3 1 7 1 7 1 6 2 3 1 7 1 7 1 6 2 3 1 7 1 7 1 10 2 1 10 2 1 10 2 1 10 2 1 10 2 1 10 2 1 10 2 1 10 2 1 10 2 1 10 2 1 10 2 1 10 2 6 2 3 1 7 1 7 1 6 2 3 1 7 1 7 1 10 2 1 10 2 1 10 2 1 10 2 1 10 2 1 10 2 1 10 2 1 10 2 1 10 2 1 10 2 1 10 2 1 10 2 1 10 2 1 10 2 1 10 2 1 10 2 1 10 2 1 10 2 1
1 16 8 2 1 16 8 1 16 8 2 1 16 8 2 1 16 8 2 1 16 8 2 1 16 8 2 1 16 8 2 1 16 8 2 4 2 2 1 16 8 2 1 16 8 2 1 16 8 2 1 16 8 2 1 16 8 2 1 16 8 2 1 16 8 2 4 2 2 1 61 14 27 4 14 61 14 27 4 14 61 14 27 4 11 4 27 2 1 16 8 2 1 16 8 2 1 16 8 2 1 16 8 2 1 16 8 2 1 16 8 2 1 16 8 2 1 16 8 47 34 30 22 47 34 30 22 47 34 30 22 47 34 30 22 47 34 30
12 15 12 7 12 15 12 15 12 15 12 7 12 15 12 15 12 2 7 12 15 12 15 12 15 12 7 12 15 12 15 12 2 7 12 15 12 15 12 15 12 7 12 15 12 15 12 15 12 7 12 15 12 15 12 2 7 12 15 12 15 12 15 12 7 12 15 12 15 12 15 12 7
1 12 15 12 7 15 12 15 12 7 15 12 15 12 7 15 12 7 15 12 15 12 7 15 12 15 12 7 15 12 7 15 12
5 13 13 2 2 5 13 2 2 13 13 2 2 5 13 2 2 13 13 2 2 5 13 2 2 13 13 2 2 5 13 2 2 6 15 6 15 13 13 13 2 2 5 13 2 2 13 13 2 2 5 13 2 2 13 13 2 2 5 13 2 2 13 13 2 2 5 13 2 2 13 13 2 2 5 13 2 2 13 13 2 2 5 13 2 2 6 15 6 15 13 13 13 2 2 5 13 2 2 13 13 2 2 5 13 2 2 22 11 4 4 22 11 4 4 22 11 4 4 22 11 4 4 13 13 2 2 5 13 2 2 13 13 2 2 5 13 2 2 13 13 2 2 5 13 2 2 13 13 2 2 5 13 2 2 6 15 6 15 13 13 13 2 2 5 13 2 2 13 13 2 2 5 13 2 2 13 13 2 2 5 13 2 2 13 13 2 2 5 13 2 2 13 13 2 2 5 13 2 2
1 12 1 12
12 4 2 12 4 2 12 4 2 12 4 2 12 4 2 12 4 2 12 4 2 12 4 2 12 4 2 12 4 2 12 4 2 12 4 2 15 11 4 15 11 4 15 11 4 15 11 4 12 4 2 12 4 2 24 11 9 11 2 12 4 2 12 4 2 12 4 2 12 4 2 12 4 2 12 4 2 12 4 2 12 4 2 15 11 4 15 11 4 15 11 4 15 11 4 12 4 2 12 4 2 24 11 9 11 2 12 4 2 12 4 2 12 4 2 12 4 2 12 4 2 12 4 2 12 4 2 12 4 2 12 4 2 12 4 2 12 4 2 12 4 2 12 4 2 12 4 2 12 4 2 12 4 2 12 4 2 12 4 2 12 4 2 12 4 2 12 4 2 12 4 2 12 4 2 12 4 2 12 4 2 12 4 2 12 4 2 12 4 2 12 4 2 12 4 2 12 4 2 12 4 2 12 4 2 12 4 2 12 4 2 12 4 2 12 4 2 12 4 2 12 4 2 12 4 2 12 4 2 12 4 2 12 4 2 12 4 2 15 11 4 15 11 4 15 11 4 15 11 4 12 4 2 12 4 2 24 11 9 11 2 12 4 2 12 4 2 12 4 2 12 4 2 12 4 2 12 4 2 12 4 2 12 4 2 12 4 2 12 4 2 12 4 2 12 4 2 12 4 2 12 4 2 12 4 2 12 4 2 12 4 2 12 4 2 12 4 2 12 4 2 12 4 2 12 4 2 12 4 2 12 4 2 12 4 2 12 4 2 12 4 2 12 4 2 12 4 2 12 4 2 12 4 2 12 4 2
1 2 3 1 2 3 1 1 2 3 1 2 3 1 2 3 1 2 3 1 2 3 1 2 3 1 2 3 1 1 2 3 1 2 3 1 1 2 3 1 2 3 1 2 3 1 2 3 1 2 3 1 2 3 1 2 3 1 2 3 1 3 1 18 3 1 18 3 1 18 3 1 2 3 1 2 3 1 1 2 3 1 2 3 1 2 3 1 2 3 1 2 3 1 2 3 1 2 3 1 2 3 1 2 3 1 2 3 1 2 3 1 2 3 1 2 3 1 2 3 1
5 4 9 4 5 4 9 4 5 9 11 2 5 9 11 2 5 21 5 21 9 4 5 4 5 4 5 9 4 4 5 9 11 2 5 9 11 2 5 21 5 21 9 4 5 4 5 4 5 9 4 4 5 4 9 4 5 4 9 4 5 21 5 21 5 21 5 9 4 5 4 5 4 5 9 4 4 5 4 9 4 5 4 9 4 5 9 5 9 5 9 5 9 5 9 5 9 5 9 5 9 5 9 5
2 11 2 7 5 13 2 5 13 2 5 13 2 5 13 2 13 15 13 15 13 15 13 15 13 15 13 15 13 15 13 15 13 15 13 15 13 15 13 15 13 15 13 15 13 15 13 15 13 15 13 15 13 15 13 15 13 15 13 15 13 15 13 15 13 15 13 15 13 15 13 15 13 15 13 15 13 15 13 15 13 15 13 15 13 15 13 15 13 15 13 15 13 15 13 15 13 15 13 15 13 15 13 15 13 15 13 15 13 15 13 15 13 15 13 15 13 15 13 15 13 15 13 15 13 15 13 15
12 15 12 7 12 15 12 15 12 7 15 12 7 12 15 12 15 12 7 15 12 7 12 7 15 12 7 15 12 7 12
1 42 1 42 1 42 1 42 1 42 1 42 1 42 1 42 1 42 1 42 1 42 1 42 1 4 2 1 4 1 42 1 42 1 42 1 42 1 42 1 42 1 42 1 42 1 4 2 1 4 1 42 1 42 1 42 1 42 1 42 1 42 1 42 1 42 1 4 2 1 4 1 42 1 42 1 42 1 42 1 42 1 42 1 42 1 42 1 4 2 1 4 1 4 2 1 4 1
7 15 1 15 1 7 15 1 15 1 7 15 1 15 1 7 15 1 15 1 7 15 1 15 1 7 15 1 15 1 7 15 1 7 15 1 7 15 1
5 2 9 11 5 2 9 11 5 2 9 11 5 2 9 11 1 11 2 1 9 11 1 3 2 11 5 4 5 2 9 11 5 2 9 11 1 11 2 1 9 11 1 3 2 11 5 4 5 2 9 11 5 2 9 11 5 2 9 11 5 2 9 11 1 11 2 1 9 11 1 3 2 11 5 4 5
1 3 2 3 1 2 1 2 1 2 6 2 1 2 1 2 1 7 6 3 2 7 6 3 1 2 1 2 1 2 6 2 1 2 1 2 1 7 6 3 2 7 6 3 1 2 1 2 1 2 1 2 1 2 1 2 1 2 1 2
1 6 2 3 1 6 3 1 6 2 3 1 6 3 1 3 6 17 2 3 1 12 2 3 2 11 2 3 1 2 3 2 11 2 3 1 6 2 3 1 6 3 1 6 2 3 1 6 3 1 3 6 17 2 3 1 6 2 21 1
5 5 5 5 5 5 5 5 5 5 5 5 5 5 5 5 5 5 5 5 5 5 13 1 13 5 5 5 5 5 5 5 5 5 5 5 5 5 5 5 5
1 11 9 2 1 11 9 2 1 11 9 2 1 11 9 2 1 11 9 2 1 5 1 5 1 5 1 5 1 11 1 11 9 21 1 11 9 2 1 11 9 2 1 11 9 2 1 11 9 2 1 11 9 2 1 5 1 5 1 5 1 5 1 11 1 11 9 21 1 11 9 2 1 11 9 2 1 11 9 2 1 11 9 2 1 11 9 2 1 5 1 11 9 2 1 11 9 2 1 11 9 2 1 11 9 2 1 11 9 2 1 11 9 2 1 11 9 2 1 11 9 2 1 11 9 2 1 11 9 2 1 11 9 2 1 11 9 2
3 1 1 4 31 10 84 8 7 10 84 8 7 1 6 17 69 10 22 36 11 8 7 1 1 4 31 10 84 8 7 1 1 4 31 10 84 8 7 10 84 8 7 1 6 17 69 10 22 36 11 8 7 1 1 4 31 10 84 8 7 1 20 8 7 1 1 1
1 2 1 2 1 2 1 2 1 2 1 32 6 3 2 1 2 1 2 1 2 1 2 1 2 1 2 1 32 6 3 2 1 2 1 2 1 2 1 2 1 2 1 2 1 32 6 3 2 1 2 1 2 1 2 1 2 1 2 1 2 1 2 1 2 1 2 1 2 1 2 1 2 1 2 1 2 1 2 1 2 1
1 1 1 1 14 14 14 14 1 1 1 1 14 14 14 14 1 1 1 1 14 14 14 14 2 2 2 2 8 8 8 8 2 2 2 2 8 8 1 1 1 1 1 14 14 14 14 1 1 1 1 14 14 14 14 1 1 1 1 14 14 14 14 2 2 2 2 8 8 8 8 2 2 2 2 8 8 8 3 2 3 2 3 2 3 2 1 1 1 1 9 45 2 45 2 9 45 2 11 30 21 127 4 9 21 5 21 24 24 37 21 40 11 67 1 1 1 1 14 14 14 14 1 1 1 1 14 14 14 14 2 2 2 2 8 8 8 8 2 2 2 2 8 8 8 3 2 3 2 3 2 3 2 1 1 1 1 1 1 1 1 1 1 1
1 18 2 1 1 18 2 1 18 2 1 6 2 6 18 1 18 2 1 18 2 1 18 2 1 6 2 6 18 1 18 2 1 3 6 18 2 3 1 18 2 1 18 2 1 6 2 6 18 1 18 2 1 3 6 18 2 3 1 18 2 1 18 2 1 6 2 6 18 1 18 2 1 2 1 2 1 1 18 2 1
20 2 25 20 2 25 20 2 25 20 2 25 55 14 66 55 14 66 55 14 40 30 20 2 25 20 2 25 20 2 25 55 14 66 55 14 66 55 14 40 30 20 39 2 25 67 20 39 2 25 67 20 39 2 25 18 31 75 113 60 101 120 87 71 25 1 89 1 2 3 20 2 25 20 2 25 55 14 66 55 14 66 55 14 40 30 20 39 2 25 67 20 39 2 25 67 20 39 2 25 18 31 75 113 60 101 120 87 71 25 1 89 1 2 3 1 2 3 1 2 3 1 2 3 20 2 25 20 2 25 20 2 25 20 2 25 55 14 66 55 14 66 55 14 40 30 20 2 25 20 2 25 20 2 25 55 14 66 55 14 66 55 14 40 30 20 39 2 25 67 20 39 2 25 67 20 39 2 25 18 31 75 113 60 101 120 87 71 25 1 89 1 2 3 20 2 25 20 2 25 55 14 66 55 14 66 55 14 40 30 20 39 2 25 67 20 39 2 25 67 20 39 2 25 67 20 39 2 25 67 20 39 2 25 67 20 39 2 25 67 20 39 2 25 67 20 39 2 25 67 20 39 2 25 67 20 39 2 25 67 20 39 2 25 67 1 2 3 1 2 3 1 2 3 1 2 3 1 2 3 1 2 3 1 2 3 1 2 3 1
5 4 27 9 5 4 27 9 5 4 27 9 5 4 27 9 5 4 27 9 5 4 27 9 5 4 27 9 5 4 27 9 5 4 27 9 26 5 4 9 1 5 4 9 21 5 4 9 21 5 4 9 21 52 5 4 27 9 5 4 27 9 5 4 27 9 5 4 27 9 5 4 27 9 5 4 27 9 5 4 27 9 26 5 4 5 4 9 21 5 4 9 21 5 4 9 21 52 5 4 27 9 5 4 27 9 5 4 27 9 5 4 27 9 5 4 27 9 5 4 27 9 5 4 27 9 26 5 4 9 1 5 4 9 1
1 2 1 2 1 2 3 1 2 3 1 8 2 3 2 1 2 3 1 16 2 3 2 3 1 2 1 2 3 1 2 3 1 8 2 3 2 1 2 3 1 16 2 3 2 3 1 2 1 75 3 75 3 75 3 2 3 4 2 1 2 3 1 2 3 1 8 2 3 2 1 2 3 1 16 2 3 2 3 1 16 2 3 2 3 4 2 1
6 32 6 1 6 1 6 2 1 6 2 1 6 1 6 2 1 6 2 1 6 1 6 2 1 6 2 1 6 1 6 2 1 6 2 1 6 1 6 2 1 6 2 1 6 1 6 2 1 6 2 1 6 1 6 2 1 6 2 1 6 1 6 2 1 6 2 1 2 1 6 2 1 6
1 6 2 3 2 1 1 20 2 1 6 2 3 1 1 20 2 20 6 2 33 6 10 63 33 6 10 8 7 20 1 20 12 10 31 8 16 19 7 20 6 10 3 2 1
1 35 43 1 2 1 35 43 1 25 1 1 45 23 1 1 45 23 1 1 45 23 1 1 45 23 1 1 45 23 1 1 45 23 1 1 45 23 1 1 45 23 3 2 1 2 1 16 6 10 23 3 10 3 1 1 45 23 1 1 45 23 1 1 45 23 1 1 45 23 1 1 45 23 1 1 45 23 1 1 45 23 1 1 45 23 1 45 23 1 45 23 1 45 23 1 45 23 3 2 1 2 1 16 6 10 23 3 25 1 1 45 23 1 1 45 23 1 1 45 23 1 1 45 23 1 1 45 23 1 1 45 23 1 1 45 23 1 1 45 23 1 1 45 23 1 1 45 23 1 1 45 23 1 1 45 23 1 1 45 23 1 1 45 23 1 1 45 23 1 1 45 23 1 1 45 23 1 1 45 23 1 1 45 23 1 1 45 23 1 1 45 23 1 1 45 23 1 1
68 29 55 14 16 25 29 55 14 16 25 29 55 14 16 25 29 55 14 16 25 29 55 14 16 25 29 55 14 16 25 29 55 14 16 25 29 55 14 16 25 29 55 14 16 25 1 3 1 14 14 3 1 3 1 14 14 3 2 3 19 3 19 3 29 55 14 55 14 3 2 3 19 3 19 3 55 29 55 14 16 25 29 55 14 16 25 29 55 14 16 25 16 29 55 14 16 25 29 55 14 16 25 29 55 14 16 25 1 3 1 14 14 3 1 3 1 14 14 3 2 3 19 3 19 3 29 55 14 55 14 3 2 3 19 3 19 3 55 3 3 1 3 3 1 3 3 1 2 3 1 3 1 14 14 3 1 3 1 14 14 3 2 3 19 3 19 3 29 55 14 55 14 3 2 3 19 3 19 3 1 3 1 14 14 3 1 3 1 14 14 3 1 3 1 14 14 3 1 3 1 14 14 3 1 3 1 14 14 3 1 3 1 14 14 3 1 3 1 14 14 3
1 2 7 1 2 7 1 2 7 1 3 1 3 1 2 7 1 2 7 1 3 1 3 1 2 7 1 2 7 1 3 1 3 1 3 1 3 1 2 7 1 2 7 1 3 1 3 1 3 1 3 1
1 6 7 1 2 1 7 1 12 2 1 7 1 2 1 7 1 12 2 1 7 1 12 2 1 28 7 2 1 18 28 7 1 2 1 7 1 12 2 1 7 1 12 1 7 1 12 1 7 1 12 1 7 1 12
5 11 1 2 11 5 11 1 2 11 5 11 1 2 11 5 11 1 2 11 5 11 1 2 11 5 11 1 2 11 5 11 1 2 11 5 11 1 2 11 5 11 1 2 11 5 11 1 2 11 5 11 1 2 11 5 11 1 2 11 5 11 1 2 11 5 11 1 2 11 5 11 1 2 11 5 11 1 2 11 5 11 1 2 11 5 11 1 2 11 5 11 1 2 11 5 11 1 2 11 5 11 1 2 11 5 11 1 2 11 5 11 1 2 11 5 11 1 2 11 5 11 1 2 11 5 11 1 2 11 5 11 1 2 11 5 11 1 2 11 5 11 1 2 11 5 11
8 3 23 3 8 3 23 3 1 3 8 25 1 3 8 25 1 16 2 16 1 3 25 1 3 8 25 1 3 8 25 1 3 8 25 1 3 25 1 3 8 25 1 3 8 25 1 3 8 25 1 16 2 16 1 3 25 1 3 8 25 1 3 8 25 1 3 8 16 25 33 14 3 2 132 14 3 2 28 23 3 1 3 8 25 1 3 8 25 1 3 8 25 1 3 8 25 1 3 8 16 1 3 8 16 2 25 1
3 2 1 2 3 1 2 1 2 1 3 2 1 3 2 1 3 2 1 2 3 1 2 1 2 1 3 2 1 3 2 1 3 2 1 3 2 1 2 1 2 1 3 2 1 3 2 1 3 2 1 3 2 1
20 40 41 40 20 1 14 10 25 1 14 10 25 1 14 10 25 1 14 10 25 1 14 10 25 1 14 10 25 1 14 10 25 1 14 10 25 1 1 3 1 1 3 1 1 3 1 1 3 1 1 3 1 1 3 1 1 3 1 1 3 1 1 3 1 1 3 1 1 3 1 1 3 1 1 3 1 1 3 1 1 3 1 1 3 1 1 3 1 1 3 1 1 3 1 1 3 1 1 3 1 1 3 1 1 3 1 1 3 1 1 3 1 1 3 1 1 3 1 1 3 1 1 3 1 1 3 1 1 3 1 1 3 1 1 3 1 1 3 1 1 3 1 1 3 1 1 3 1 1 3 1 1 3 1 1 3 1 1 3 1 1 3 1 1 3 1 1 3 1 1 3
1 20 27 2 21 1 28 7 1 20 27 2 21 1 28 7 1 2 1 2 21 1 6 10 3 1 20 27 2 21 1 28 7 1 20 27 2 21 1 28 7 1 2 1 2 21 1 6 10 3 1 20 27 2 21 1 28 7 1 20 27 2 21 1 28 7 1 2 1 2 21 1 6 10 3 1 2 1 2 21
3 2 7 1 12 10 12 2 17 10 1 7 1 2 1 7 1 2 1 7 1 7 1 12 2 7 1 12 10 12 2 17 10 1 7 1 2 1 7 1 2 1 7 1 7 1 12 2 7 1 12 10 12 2 17 10 1 7 1 12 10 12 2 17 10 1 7 2 1
5 2 5 11 4 5 11 4 5 2 5 11 4 5 11 4 5 4 5 4 5 15 5 15 5 42 9 42 1
1 6 2 3 1 6 2 3 1 2 1 2 1 2 3 1 2 1 3 1 2 1 2 1 2 1 2 4 2 21 1 7 1 2 1 2 1 2 1 2 1 2 4 2 21 1 7 1 2 2 1 28 3 2 17 10 1 2 1 2 1 2 1 2 4 2 21 1 7 1 2 1 2 1 2 1 2
1 2 1 3 23 3 23 3 1 1 2 1 2 1 3 23 3 23 3 1 1 2 1 2 1 3 23 3 23 3 1 1 2 1 2 1 3 23 3 23 3 1 1 2 1 1 2 1 3 1 2 1 2 1 3 1 2 1 2 1 3 1 2 1 6 1 6 1 2 1 2 1 3 1 2 1 3 1 2 1 2 1 3 1 2 1 2 1 3 1 2 1 2 1 3 1 2 1 2 1 3 1 2 1 2 1 3 1 2 1 2 1 3
1 21 1 21 1 21 1 21 1 6 18 3 1 6 2 10 17 6 18 3 1 21 1 21 1 21 1 6 18 3 1 6 2 10 17 6 18 3 1 21 1 21 1 21 1 6 18 3 1 6 2 10 17 6 18 3 1 21 1 21 1 21 1 6 18 3 1 6 2 10 17 6 18 3 1 21 1
1 2 3 1 2 3 1 6 2 3 1 2 1 3 1 6 2 3 1 2 1 3 1 6 2 3 1 6 2 3 1 6 2 3 1 2 1 3 1 6 2 3 1 6 2 3 1 6 2 3 1 2 1 3 1 6 2 3 1 6 2 3 1 2 1
1 2 1 2 1 2 1 2 3 2 1 2 1 2 3 2 1 2 3 1 2 1 2 1 2 1 2 3 2 1 2 3 2 1 2 1 2 1 2 4 2 1 2 1 3 2 1 2 1 2 1 2 1 2 3 2 1 2 3 2 1 2 1 2 1 2 1 2 3
12 15 12 7 15 12 15 12 7 15 12 15 12 7 15 12 15 12 7 15 12 15 12 7 15 12 15 12 7 15 12 15 12 7 15 12
1 8 1 8 1 8 1 8 1 8 1 8 1 8 1 8 1 2 4 7 1 2 4 7 1 8 1 8 1 8 1 8 1 8 1 8 1 8 1 8 1 2 4 7 1 2 4 7 1 8 1 8 1 8 1 8 1 8 1 8 1 8 1 8 1 8 1 8 1 8 1 8 1 2 4 7 1 2 4 7 1 2 4 7 1 2 4 7 1
13 13 13 13 13 13 13 13 13 13 13 13 13 13 13 13 13 13 13 13 13 13 13 13 9 5 115 13 9 7 11 9 11 9 11 7 13 13 13 13 13 13 13 13 13 13 13 13 13 13 13 13 13 13 13 13 13 13 13 13 9 5 115 13 9 7 11 9 11 9 11 7 1 6 2 3 11 9 11 9 11 7 11 9 11 9 11 7
14 41 19 41 14 41 19 41 14 41 19 41 14 41 19 41 14 41 19 41 14 41 19 41 14 17 19 14 16 8 25 14 17 19 14 16 8 25 14 17 19 14 16 8 25 14 17 19 14 16 8 25 35 1 1 14 23 3 61 63 28 15 14 17 19 14 16 8 25 14 17 19 14 16 8 25 14 17 19 14 16 8 25 14 17 19 14 16 8 25 35 1 1 14 23 3 61 63 33 14 25 35 1 1 14 23 3 61 63 28 15 14 28 62 15 33 14 41 19 41 14 41 19 41 14 41 19 41 14 41 19 41 14 41 19 41 14 41 19 41 14 41 19 41 14 41 19 41 14 41 19 41 14 41 19 41 14 41 19 41 14 41 19 25 3 35 1 1 14 23 3 61 63 28 15 14 14 17 19 14 16 8 25 14 17 19 14 16 8 25 14 17 19 14 16 8 25 14 17 19 14 16 8 25 35 1 1 14 23 3 61 63 33 14 25 35 1 1 14 23 3 61 63 33 14 25 35 1 1 14 23 3 61 63 33 14 25 35 1 1 14 23 3 61 63 33 14 25 35 1 1 14 23 3 61 63 33 14 25 35 1 1 14
1 29 2 3 1 29 2 3 1 29 2 3 1 7 1 29 2 3 1 2 3 1 2 3 1 7 1 29 2 3 1 2 3 1 2 3 1 7 1 29 2 3 1 2 3 1 2 3 1 10 2 1 10 2 1 10 2 1 10 2 3 1 29 2 3 1 2 3 1 2 3 1 7 1 29 2 3 1 2 3 1 2 3 1 2 1 2 2 1 2 1 2 1 10 2 1 10 2 1 10 2 1 10 2 3 1 29 2 3 1 2 3 1 2 3 1 7 1 29 2 3 1 2 3 1 2 3 1 7 1 29 2 3 1 2 3 1 2 3 1 7 1 29 2 3 1 2 3 1 2 3 1 7 1 29 2 3 1 2 3 1 2 3 1 7 1 29 2 3 1 2 3 1 2 3 1 7
1 8 1 9 4 1 8 1 9 4 1 14 4 24 1 14 4 24 1 14 4 24 1 14 4 24 1 8 1 9 4 1 8 1 9 4 1 8 1 9 4 1 8 1 9 4 1 14 4 24 1 14 4 24 1 14 4 24 1 14 4 24 1 8 1 9 4 1 8 1 9 4 1 8 1 9 4 1 8 1 9 4 1 8 1 9 4 1 8 1 9 4 1 8 1 9 4 1 8 1 9 4 1 8 1 9 4 1 8 1 9 4 1 8 1 9
1 13 5 13 5 13 5 13 5 4 1 4 1 1 35 22 25 4 1 35 1 4 1 4 37 4 1 35 1 4 1 4 37 4 1 35 1 4 1 4 37 4 1 35 1 61 4 1 12 4 2 10 4 1 11 5 4 2 4 1 11 5 4 2 2 3 2 3 2 3 2 3 4 1 35 1 4 1 4 37 4 1 35 1 4 1 4 37 4 1 35 1 61 4 1 12 4 2 10 4 1 11 5 4 2 4 1 11 5 4 2 2 3 2 3 2 3 2 3 6 17 6 3 50 3 29 32 4 1 35 1 4 1 4 37 4 1 35 1 4 1 4 37 4 1 35 1 61 4 1 12 4 2 10 4 1 11 5 4 2 4 1 11 5 4 2 4 1 11 5 4 2 4 1 11 5 4 2 2 3 2 3 2 3 2 3 13 5 22 5 22 5 22 5 22 5 22 5 7 22 13 22 13 22 13 22 5 7 22 13 15 13 15 13 15 13 15 35 22 25 4 1
1 2 1 2 4 1 4 21 5 11 30 1 2 4 1 4 21 5 11 30 2 21 5 11 30 9 34 9 34 4 11 4 81 1 2 4 1 4 1 2 4 1 4 2 11 67 21 5 11 67 21 5 9 30 34 9 32 34 9 32 34 9 32 34 9 21 5 11 30 9 34 9 34 9 22 11 22 11 22 11 22 4 9 11 34 9 34 9 30 9 68 9 30 9 68 9 30 9 68 9 30 9 68 9 34 30 34 30 9 34 30 133 30 9 34 30 34 30 9 106 9 47 9 30 9 34 30 107 11 44 22 2 32 34 9 30 34 9 30 9 47 9 30 9 47 9 30 9 47 9 30 9 47 9
1 1 3 2 3 1 3 2 3 1 1 45 2 2 7 1 3 2 3 1 3 2 3 1 3 2 3 1 17 6 29 2 3 1 3 2 3 1 3 2 3 1 3 2 3 1 17 6 2 3 1 3 2 3 1 1
5 9 4 5 9 4 5 21 11 9 4 7 5 21 11 9 4 7 5 9 4 5 9 4 5 21 11 9 4 7 5 21 11 9 4 7 5 21 11 9 4 7 5 21 11 9 4 7 5
24 6 10 6 3 6 4 2 1 21 1 3 2 21 1 21 1 3 2 3 2 10 2 10 23 6 3 17 6 3 17 6 24 6 10 6 3 6 4 2 1 21 1 3 2 21 1 2 10 2 18 2 10 23 6 3 17 6 3 17 6 10 6 3 6 4 2 6 3 17 6 3 17 6 3 17 6 3 17 6
12 11 1 11 1 11 1 11 1 11 1 11 1 11 1 11 1 12 11 1 11 1 11 1 11 1 11 1 11 1 11 1 11 1 11 2 3 4 1 34 15 36 11 18 1 4 9 3 2 11 36 11 18 1 4 9 3 2 11 2 3 9 1 30 4 46 29 4 39 1 12 1 12 1 1 2 4 11 9 30 3 1 11 34 29 12
1 4 1 4 1 4 1 4 1 4 2 3 1 2 3 1 4 1 4 1 4 2 3 1 2 3 1 2 3 1 2 3 1 4 1 4 1 4 2 3 1 2 3 1 4 1 4 1 4 1 4 1 4 2 3 1 2 3 1 2 3 1 2 3 1 2 3 1 2 3 1
1 42 9 21 27 5 9 11 2 5 9 11 2 5 9 11 2 9 24 2 11 9 11 2 9 4 1 27 22 9 4 1 27 22 9 4 5 9 11 2 5 9 11 2 9 24 2 11 9 11 2 9 4 1 27 22 9 4 1 27 22 9 4 1 27 22 9 4 1 27 22 9 4 5 9 11 2 5 27 22 9 4 5 27 22 9 4 5 27 22 9 4 5 27 22 9 4 5 27 22 9 4 5 27 22 9 4
1 2 1 3 4 2 3 4 2 3 4 2 3 1 2 1 3 4 2 3 4 2 3 4 2 3 1 2 1 3 4 2 3 4 2 3 4 2 3 1 2 1 3 4 2 3 4 2 3 4 2 3 4 2 3 4 2 3
1 7 1 1 23 3 1 2 1 2 1 7 1 3 1 20 1 20 7 1 20 12 2 19 2 15 1 20 12 2 19 2 15 1 1 7 1 7 1
1 17 2 2 1 3 2 10 2 6 17 2 2 1 17 2 2 1 17 2 21 1 2 1 3 2 10 2 1 3 2 10 2 6 17 2 7 1 17 2 2 1 17 2 21 1 29 18 29 3 17 3 50 72 3 31 3 18 72 3 3 18 72 3 24 18 3 18 72 3 3 18 72 3 3 18 72 3 3
1 7 1 6 2 7 1 6 2 7 1 7 12 2 1 7 1 2 7 1 6 2 7 1 6 2 7 1 7 12 2 1 7 1 12 2 1 12 2 33 1 6 2 7 1 6 2 7 1 7 12 2 1 7 1 2 7 1 2 7
5 5 5 26 7 5 5 5 26 7 5 5 5 26 7 5 5 5 26 7 5 5 5 26 7 5 5 5 26 7 5 5 5 26 7 5 5 5 26 7 9 11 4 9 5 5 5 26 7 5 5 5 26 7 5 5 5 26 7 5 5 5 26 7 5 5 5 26 7 5 5 5 26 7 9 11 4 9 5 5 5 26 7 5 5 5 26 7 5 5 5 26 7 5 5 5 26 7 5 5 5 26 7 5 5 5 26 7 5 5 5 26 7 5 5 5 26 7 5 5 5 26 7 5 5 5 26 7 5 5 5 26 7 5 5 5 26 7 5 5 5 26 7 5 5 5 26 7 5 5 5 26 7 5 5 5 26 7 5 5 5 26 7 5 5 5 26 7 5 5 5 26 7 5 5 5 26 7 9 11 4 9 5 5 5 26 7 5 5 5 26 7 21 68 28 36 18
20 26 20 26 20 13 19 22 20 13 19 22 20 26 20 13 19 22 20 13 19 22 20 26 20 13 19 22 20 13 19 22 20 13 19 20 2 25 20 26 20 26 20
19 8 25 1 19 25 19 25 7 20 13 20 13 20 13 12 19 8 25 1 13 18 67 1 19 25 19 25 7 20 13 20 13 20 13 12 19 8 25 1 13 18 67 1 13 18 67 1 19 8 25 1 13 18 67 1 13
1 2 1 2 1 2 1 2 1 2 1 2 1 2 1 2 3 1 4 2 1 4 3 1 17 2 1 17 2 3 1 17 2 3 1 2 1 2 1 2 3 1 2 1 2 1 2 1 2 3 1 4 2 1 4 3 1 17 2 1 17 2 3 1 17 2 3 1 2 1 2 1 2 3 1 2 1 2 1 2 1 2 3 1 4 2 1 4 3 1 2 1 2 1 2 1 2 1 2 1 2 1 2 1 2 1 2 1 2 1 2 1 2
1 2 1 11 1 11 1 11 1 2 1 11 1 11 1 11 1 2 1 11 1 11 1 11 1
3 3 3 3 3 3 3 3 3 3 3 3 3 3 3 3 3 3 3 3 1 2 3 1 2 3 1 2 3 1 3 1 3 1 3 1 3 46 4 22 27 3 3 3 3 3 3 3 3 3 3 3 3 3 3 1 2 3 1 2 3 1 2 3 1 3 1 3 1 3 1 3 46 4 22 27 3 3 9 11 22 11 52 11 9 11 9 4 9 4 9 4 9 4 1 3 1 3 1 3 1 3 1 3 1 3 1 3 1 3 46 4 22 27 26 4 4 1 46 4 22 27 26 4 4 1 46 4 22 27 26 4 4 1 46 4 22 27 26 4 4 1 46 4 22 27 26 4 4 1 46 4 22 27 26 4 4 1 46 4 22 27 26 4 4 1
19 1 19 1 8 25 20 8 7 19 1 19 1 8 25 20 8 7 19 1 19 1 8 25 20 8 7 19 1 19 1 8 25 20 8 7 19 1 19 1 8 25 20 8 7 2 20 7 14 8 7 1 7 14 32 14 28 19 14 8 32 14 28 19 2 19 1 19 1 8 25 20 8 7 19 1 19 1 8 25 20 8 7 2 20 7 14 8 2 7 1 7 14 8 2 7 1 7 14 8 2 7 1 7 14 8 2 7 1 7 14
1 3 2 1 3 2 1 3 2 1 3 2 1 3 2 2 2 10 3 10 3 6 10 2 1 6 10 2 3 1 3 2 1 3 2 1 3 2 2 2 10 3 10 3 2 3 1 2 3 2 3 1 2 3 2 3 1 2 3 2 32 10 3 10 3 2 3 1 3 2 3 1 3 2 3 1 3 2 2 2 10 3 10 3 2 3 1 2 3 2 3 1 2 3 2 3 1 2 3 2 32 10 3 10 3 2 3 6 10 6 10 6 10 6 10 2 3 1 3 2 3 1 3 2 3 1 3 2 2 2 10 3 10 3 2 3 1 2 3 2 3 1 2 3 2 3 1 2 3 2 32 10 3 10 3 2 3 1 2 3 2 3 1 2 3 2 3 1 2 3 2 32 10 3 10 3 2 3 1 2 3 2 3 1 2 3 2 3 1 2 3 2 32
13 22 27 26 27 13 22 11 40 25 7 13 22 11 7 7 7 13 22 11 7 7 7 13 22 27 26 27 13 22 11 40 25 7 13 22 11 7 7 7 13 22 11 7 7 13 22 27 26 27 13 22 11 40 7 13 22 27 26 27 13 22 11 40 7 13 22 27 26 27 13 22 11 40 7
1 18 4 1 18 4 1 18 4 1 18 4 1 1 8 4 1 8 4 1 8 4 1 8 4 1 8 4 1 8 4 1 8 4 1 8 4 1 1 18 4 1 18 4 1 18 4 1 18 4 1 1 10 4 1 10 4 1 8 4 1 8 4 1 8 4 1 8 4 1 1 18 4 1 18 4 1 18 4 1 18 4 1 1 10 4 1 10 4 1 8 4 1 8 4 1 8 4 1 8 4 1 1 18 4 1 18 4 1 18 4 1 18 4 1 1 10 4 1 10 4 1 8 4 1 8 4 1 8 4 1 8 4 1 10 4 1 10 4 1 8 4 1 8 4 1 8 4 1 8 4 1 8 4 1 8 4 1 10 4 1 10 4 1 10 4 1 10 4 1 8 4 1 8 4 1 8 4 1 8 4 1 8 4 1 8 4 1 8 4 1 8 4 1
1 2 1 11 2 1 2 1 11 2 1 11 2 11 2 1 11 2 11 2 1 11 2 3 2 1 2 3 1 2 1 11 2 1 2 1 11 2 1 11 2 11 2 1 11 2 11 2 1 11 2 3 2 1 2 3 1 2 1 4 1 4 1 4 1 4 1 11 1 11 1 4 1 11 2 11 2 1 11 2 11 2 1 11 2 3 2 1 2 3 1 2 1 11 2 1 2 1 11 2 1 2 1 11 2 1 2 1 11 2 1 2 1 11 2
14 20 28 18 3 1 14 20 28 18 3 1 7 3 4 2 4 2 1 4 2 1 3 4 2 4 2 1 4 2 1 16 14 16 14 20 28 3 4 2 4 2 1 4 2 1 3 4 2 4 2 1 4 2 1 16 14 16 14 1 18 3 1 14 1 18 3 1 7 18 3 29 3 18 3 33 60 34 30 9 34 33 60 34 30 9 34 32 39 65 32 39 65 32 39 65 32 39 65 32 39 65 32 39 65 32 39 65 32 39 65 32 39 65 32 39 65 32 39 65 32 39 65 32 39 65 32 39 65 32 39 65 32 39 65
1 4 1 9 1 4 1 9 1 4 1 9 1 4 1 9 22 67 22 24 1 11 4 1 11 4 1 11 4 11 4 2 14 4 14 26 14 4 14 9 22 67 22 27 3 1 38 4 1 38 4 1 11 4 11 4 2 10 10 8 8 5 5 13 13 10 10 8 8 13 22 67 22 24 1 11 4 1 11 4 1 11 4 11 4 2 1 11 4 1 11 4 1 11 4 11 4 2 1 11 4 1 11 4 1 11 4 11 4 2 1 11 4 1 11 4 1 11 4 11 4 2 1
1 3 26 11 30 13 1 3 9 2 18 3 1 3 26 11 30 13 1 3 9 2 18 3 1 3 26 11 30 13 1 3 9 2 18 3 1 3 26 11 30 13 1 3 9 2 18 3 5 11 2 21 9 4 27 13 27 9 11 21 13 18 3 13 27 9 11 21 13 18 3 1 30 11 21 24 9 4 1 1 3 26 11 30 13 1 3 9 2 18 3 1 3 26 11 30 13 1 3 9 2 18 3 5 11 2 21 9 4 27 5 1 3 26 11 30 13 1 3 9 2 18 3 1 3 26 11 30 13 1 3 9 2 18 3 5 11 2 21 9 4 27 13 27 9 11 21 13 18 3 13 27 9 11 21 13 18 3 1 30 11 21 24 9 4 1 1 3 26 11 30 13 1 3 9 2 18 3 1 3 26 11 30 13 1 3 9 2 18 3 5 11 2 21 9 4 27 5
1 7 1 19 1 2 1 33 2 62 1 6 21 3 7 1 2 1 2 1 33 2 62 1 6 21 3 7 1 12 2 12 2 28 3 28 7 1 2 1 33 2 62 1 6 21 3 7 2 1
19 6 28 7 1 2 3 1 2 3 6 3 6 28 3 2 3 2 3 2 3 7 1 2 3 1 2 3 6 3 6 28 3 2 3 2 3 2 3 7 2 1 2 1 2 6 28 7 1 2 3 1 2 3 6 3 6 28 3 2 3 2 3 2 3 7 1 2 3 1 2 3 1 2 3 1
14 14 53 33 16 63 10 33 85 29 85 29 85 29 85 29 85 29 23 3 37 2 92 29 3 1 18 29 3 1 18 85 29 23 3 37 2 92 29 3 1 18 29 3 1 18 32 29 18 32 29 18 32 29 2 1 42 12 42 12 85 29 23 3 37 2 92 29 3 1 18 29 3 1 18 32 29 18 32 29 18 32 29 2 1 42 12 42 12 42 12 42 12 42 12 57 36 107 46 25 7 1 4 11 107 46 107 46
2 1 2 1 2 1 2 1 2 1 2 1 2 1 2 1 2 1 2 1 2 1 2 1 3 1 2 1 2 1 2 1 2 1 2 1 2 1 2 1 2 1 3 1 2 1 2 1 2 1 2 1 2 1 2 1 2 3 1 2 1 2 1 2 1 2 1 2 1 2 1 2 3 1 3 1 2 1 2 1 2 1 2 1 2 1 2 1 2 1 2 1 2 1 2 1 2 1 2
1 17 1 17 1 17 1 17 1 17 1 17 39 34 39 34 56 56 39 34 39 34 39 34 56 56 39 34 39 34 1 17 1 17 1 17 1 17 39 34 39 34 56 56 39 34 39 34 39 34 56 56 39 34 39 34 1 17 1 17 1 17 1 17 39 34 39 34 56 56 39 34 39 34 39 34 56 56 39 34 39 34 39 34 39 34 1 17 1 17 1 17 1 17 39 34 39 34 56 56 39 34 39 34 39 34 56 56 39 34 39 34 39 34 56 56 39 34 39 34 39 34 56 56 39 34 39 34 39 34 56 56 39 34 39 34 39 34 56 56 39 34 39 34
23 1 2 20 2 1 2 20 2 2 2 19 2 1 14 1 14 1 2 20 2 1 2 20 2 2 2 19 2 1 14 1 14 23 2 8 2 8 2 8 2 8 19 1 1 14 19 1 2 8 2 8 2 8 2 8 19 1 1 14 19 1 1 14 1 2 20 2 1 2 20 2 2 2 19 2 1 14 1 14 1 2 20 2 1 2 20 2 2 2 19 2 1 14 1 14 23 2 8 2 8 2 8 2 19 1 1 14 19 1 2 8 2 8 2 8 2 19 1 1 14 19 1 1 14 23 2 8 2 8 2 8 2 19 1 1 14 19 1 2 8 2 8 2 8 2 19 1 1 14 19 1 1 14 2 8 2 8 2 8 2 19 1 1 14 19 1
13 2 4 24 1 2 4 24 1 24 19 13 2 4 24 1 2 4 24 1 24 19 13 2 4 24 1 2 4 24 1 24 19 61 1 61 1 24 13 2 4 24 1 2 4 24 1 2 4 24 1 2 4 24 1
1 6 2 3 1 6 2 3 1 6 2 3 2 1 2 7 1 6 2 3 1 6 2 3 1 6 2 3 2 1 2 7 1 6 2 3 1 6 2 3 1 6 2 3
5 21 5 26 25 7 5 21 5 26 23 7 5 21 5 26 7 5 21 5 26 25 7 5 21 5 26 7 5 21 5 26 7 5 21 5 26 25 7 5 21
13 9 4 9 4 13 9 4 9 4 5 4 5 4 9 4 13 4 9 13 4 9 4 5 4 9 4 13 4 9 5 4 5 4 9 4 13 4 9 13 4 9 4 5 4 9 4 13 4 9 13 9 4 9 4 13 9 4 9 4 5 4 5 4 9 4 13 4 9 13 4 9 4 5 4 9 4 13 4 9 5 4 5 4 5 4 5 4 5 4 5 4
1 9 3 34 2 11 39 1 4 2 1 4 2 1 4 2 1 4 2 1 4 2 1 4 2 1 4 2 1 4 2 1 4 2 1 4 2 1 4 2 1 4 2 1 4 2 1 4 2 1 4 2 1 4 2 5 5 5 5 5 5 5 5 1 4 2 1 4 2 1 4 2 1 4 2 1 4 2 1 4 2 1 4 2 1 4 2 1 4 2 1 4 2 1 4 2 1 4 2 5 5 5 5 5 5 5 5 1 4 2 1 4 2 1 4 2 1 4 2 1 4 2 1 4 2 1 4 2 1 4 2 5 4 5 4 5 4 5 4 5 1 4 2 1 4 2 1 4 2 1 4 2 1 4 2 1 4 2 1 4 2 1 4 2 24 5 5 5 5 5 5 5 5 1 4 2 1 4 2 1 4 2 1 4 2 1 4 2 1 4 2 1 4 2 1 4 2 1 4 2 1 4 2 1 4 2 1 4 2 1 4 2 1 4 2 1 4 2 1 4 2 1 4 2 1 4 2 1 4 2 1 4 2 1 4 2 1 4 2 1 4 2 1 4 2 1 4 2 1 4 2 1 4 2 1 4 2
13 9 4 9 4 13 9 4 9 4 5 4 5 4 9 4 13 4 9 13 4 9 4 5 4 9 4 13 4 9 5 4 5 4 9 4 13 4 9 13 4 9 4 5 4 9 4 13 4 9 13 9 4 9 4 13 9 4 9 4 5 4 5 4 9 4 13 4 9 13 4 9 4 5 4 9 4 13 4 9 5 4 5 4 5 4 5 4 5 4 5 4
1 2 1 2 1 2 1 2 1 2 1 19 1 35 1 25 2 1 2 25 3 2 1 2 1 19 1 2 1 2 1 19 1
5 7 13 5 5 22 13 13 5 5 22 13 13 5 5 22 13 13 5 5 22 13 4 22 8 7 13 91 71 91 32 34 9 13 5 5 22 13 13 5 5 22 13 4 22 8 7 13 91 71 91 32 34 9 24 2 52 61 74 24 2 52 61 74 22 49 7 94 56 94 56 42 94 56 94 56 42 64 87 13 5 5 22 13 13 5 5 22 13 4 22 8 7 13 91 71 91 32 34 9 13 5 5 22 13 13 5 5 22 13 4 22 8 7 13 91 71 91 32 34 9 24 2 52 61 74 24 2 52 61 74 24 2 52 61 74 24 2 52 61 74 24 2 52 61 74 24 2 52 61 74 24 2 52 61 74 24 2 52 61 74 24 2 52 61 74 24 2 52
1 1 12 11 2 12 11 2 12 11 2 12 1 11 2 12 1 11 2 12 1 11 2 12 1 11 2 12 1 11 2 12 1 11 2 12 1 11 2 12 1 11 2 12 1 11 2 12 1 11 2 12 1 11 2 12 1 11 2 12 1 11 2 12 1 11 2 12 1 11 2 12 1 11 2 12 1 11 2 12 1 11 2 12 1 11 2 12 1 11 2 12 1 11 2 12 1 11 2 12 1 11 2 12 1 11 2 12 1 11 2 12 1 11 2 12 1 11 2 12 1 11 2 12 1 11 2 12 1 11 2 12 1 11 2 12 1 11 2 12 1 1
5 2 11 5 11 2 13 5 1 4 2 1 4 2 1 4 1 4 2 5 2 11 5 2 11 5 4 2 5 4 2 5 4 5 4 2 5 2 11 5 2 11 5 2 11 5 11 2 5 5 5 11 2 13 4 2 5 4 2 5 4 2 5 4 5 4 2 5 2 11 5 2 11 5 2 11 5 11 2 5 2 11 5 2 11 5 2 11
1 1 20 1 1 1 20 1 1 1 20 1 3 3 3 3 3 3 3 3 1 1 20 1 12 2 21 1 7 1 1 20 1 1 1 20 1 3 3 3 3 3 3 3 3 1 1 20 1 12 2 21 1 7 1 1 7 1 1 20 1 3 3 3 3 3 3 3 3 1 1 20 1 12 2 21 1 7 1 1 20 1 1 7 1
4 9 3 9 3 22 11 9 4 13 4 26 7 26 4 13 22 36 40 13 22 7 5 22 36 40 13 22 7 13 4 9 3 9 3 22 11 9 4 13 4 26 7 26 4 13 22 36 40 13 22 7 5 22 36 40 13 22 7 13 22 36 40 13 22 7 5 22 36 40 13 22 7 1 13
5 11 21 9 7 5 11 21 9 7 5 11 21 9 3 5 11 21 9 3 5 11 21 9 3 5 11 21 9 3 5 11 21 9 7 5 11 21 9 7 5 11 21 9 7 5 11 21 9 3 5 11 21 9 3 5 11 21 9 3 5 11 21 9 3 5 11 21 9 7 5 11 21 9 7 5 11 21 9 7 5 11 21 9 7 5 11 21 9 7 5 11 21 9 7 5 11 21 9 7 5 11 21 9 7 5 11 21 9 7 5 11 21 9 7 5 11 21 9 7 5 11 21 9 7 5 11 21 9 7 5 11 21 9 7 5
3 6 2 6 2 6 2 17 2 3 2 3 1 3 2 3 1 3 2 3 1 6 3 6 2 6 2 6 2 17 2 3 2 3 1 3 2 3 1 3 2 3 1 6 2 3 1 3 2 3 1 3 2 3 1 6 7 2 3 1 3 2 3 1 3 2 3 1 6 2 3 1 3 2 3 1 3 2 3 1 6 2 3 1 3 2 3 1 3 2 3 1
20 53 14 53 16 20 53 14 53 16 20 53 14 60 16 7 20 53 14 53 16 20 53 14 53 16 20 53 14 60 16 7 20 53 14 53 16 20 53 14 53 16 20 53 14 60 16 7 14 28 53 16 14 28 41 16 14 28 53 16 25 20 53 3 53 16 20 53 3 53 16 14 28 53 16 7 20 53 14 53 16 20 53 14 53 16 20 53 14 60 16 7 20 53 14 53 16 20 53 14 53 16 20 53 14 60 16 7 14 28 53 16 14 28 41 16 14 28 53 16 7 14 28 53 16 14 28 41 16 14 28 53 16 7 31
1 10 17 8 1 53 33 6 12 12 2 1 78 10 7 7 16 6 8 1 1 53 33 6 12 12 2 1 78 10 7 7 16 6 8 25 1 10 17 33 6 27 12 2 1 78 10 25 1 10 17 8 1 53 33 6 12 12 2 1 78 10 7 7 16 6 8 25 1 10 17 33 6 27 12 2 1 78 10 7 7 16 6 8 25 1 10 17 33 6 27 12 2 1 78 10 7 7 16 6 8 25 1 10 17 33 6 27 12 2 1 78 10 7 7 16 6 8 25 1 10 17 33 6 27 12
3 2 18 3 1 2 3 1 2 3 1 2 1 3 2 18 3 1 2 3 1 2 3 1 2 1 3 2 18 3 1 2 3 1 2 3 1 2 3 1 2 3 1 2 1 3 2 18 3 1
1 12 1 12 1 12 1 12 11 2 1 11 2 1 11 2 1 11 2 1 12 1 12 1 12 1 12 11 2 1 11 2 1 11 2 1 11 2 1 11 2 11 1 4 1 4 1 4 1 4 1 12 1 12 1 12 1 12 11 2 1 11 2 1 11 2 1 11 2 1 11 2 11 1 4 1 4 1 4 1 4 1
13 4 13 4 26 4 26 4 13 4 13 4 26 4 26 4 11 9 9 11 9 11 9 9 11 4 11 4 11 9 9 11 4 9 11 9 11 4 5 11 5 9 38 5 11 5 9 38 4 11 36 11 4 9 11 4 9 11 4 11 9 9 11 9 11 9 11 4 11 4 11 9 9 11 4 9 11 9 11 4 5 11 5 9 38 5 11 5 9 38 4 11 36 11 4 9 11 4 9 11 4 9 11 4 9 4 13 4 13 4 26 4 26 4 13 4 13 4 26 4 26 4 11 9 11 9 11 4 11 4 11 4 11 9 11 9 11 4 11 4 11 4 5 11 5 9 38 5 11 5 9 38 4 11 36 11 4 9 11 4 9 11 4 9 11 4 9 4 13 4 13 4 26 4 26 4 13 4 13 4 26 4 26 4 11 9 11 9 11 4 11 4 11 4 11 9 11 9 11 4 11 4 11 4 11 9 11 9 11 9 11 9 11 4 11 4 11 4 11 9 11 9 11 4 11 4 11 27 5 4 5 4 5 4 5 4 5
1 3 1 3 1 3 1 3 1 2 3 2 3 1 3 1 3 1 3 1 3 1 3 1 3 1 3 1 3 1 3 1 3 1 2 3 1 2 3 2 3 2 3 1 3 1 3 1
1 3 1 3 1 20 6 69 10 84 8 3 1 2 3 1 20 6 69 10 84 8 3 1 3 2 1 6 8 3 1 33 6 28 7 3 1 20 6 69 10 84 8 3 36 31 8 7 20 61 20
39 1 6 2 3 1 1 7 1 2 1 2 1 2 1 2 3 6 6 18 2 28 1 3 1 3 29 4 60 17 60 6 3 1 2 28 7 1 1 2 1 1 2 1 2 1 2 3 6 6 18 2 28 1 3 1 3 29 4 60 17 60 6 3 1 2 28 7 1 2 1 2 1 2 1 2 3 6 6 18 2 28 1 7 1 39 4 31 28 7 1 86 90 109 88 73 96 62 123 12
25 5 2 5 2 25 5 2 5 2 5 2 5 2 5 2 5 2 5 2 5 2 5 2 5 2 5 2 5 22 4 22 4 5 2 5 2 9 25 7 5 2 5 2 9 25 7 5 2 5 2 5 2 5 2 5 2 5 2 5 2 5 2 5 2 5 22 4 22 4 5 2 5 2 9 25 7 5 2 5 2 9 25 7 5 2 5 2 25 5 2 5 2 5 2 5 2 5 2 5 2 5 2 5 22 4 22 4 5 2 5 2 9 25 7 5 2 5 2 9 25 7 5 2 5 2 5 2 13 2 5 2 13 2 5 2 13 2 5 2 13 2 22 4 22 4 5 2 5 2 9 25 7 5 2 5 2 9 25 7 5 2 5 2 25 5 2 5 2 5 2 5 2 5 2 5 2 5 2 5 2 5 2 5 2 5 2 5 2 5 2 5 2 5 2 5 2
1 11 2 13 13 27 46 114 15 13 1 11 2 13 1 11 2 13 13 15 4 15 12 13 15 4 15 12 13 15 4 15 12 13 15 4 15 12 13 15 4 15 12 13 15 4 15 12 13 15 4 15 12 13 15
1 3 83 2 22 1 21 7 1 3 83 2 22 1 21 7 1 3 83 2 22 1 21 7 6 6 6 2 93 31 8 7 1 3 83 2 22 1 21 7 1 3 83 2 22 1 21 7 6 6 6 2 93 31 8 7 1 2 21 1
7 17 7 17 7 17 7 17 7 17 7 3 20 7 20 7 16 31 7 16 31 7 16 19 7 17 7 17 7 17 7 3 20 7 20 7 16 31 7 16 31 7 16 19 7 17 7 17 7 17 7 17 7 17 7 17
1 2 1 3 1 2 1 3 1 3 1 2 1 4 3 1 17 6 3 2 1 3 1 2 1 4 3 1 17 6 3 2 1 3 1 2 4 2 1 2 4 2 3 1 3 1 2 1 3 1 2 1 3 1 3 1 2 1 4 3 1 17 6 3 2 1 3 1 2 1 4 3 1 17 6 3 2 1 3 1 4 2 1 4 2 1 4 2 1 3 4 2 1 3 1 2 4 2 1 2 4 2 3 1 3 1 2 1 2 1 18 3 18 29 3 2 1 3 18 1 3 18 3 18 29 3 18 3 18 29 3 18 3 18 29 3 18 3 18 29 3 18 3 18 29 3 18 3 18 29 3
7 1 6 8 7 1 6 8 7 1 7 1 12 2 28 1 6 2 7 1 6 2 7 1 6 2 7 1 7 1 12 2 28 1 6 2 7 1 6 2 7 1 6 2 7 1 2 12 2 32 2 18 7 1 7 1 12 2 28 2 28 1 6 2 7 1 6 2 7 1 6 2 7 1 2 12 1 6 2 7 1 6 2 7 1 6 2 7
13 27 36 13 27 36 13 27 22 13 27 36 13 27 36 13 27 36 13 27 22 13 27 36 13 27 36 13 27 36 13 27 36 13 27 22 13 27 36 13 27 36 13 27 36 13 27 36 13 27 36 13
1 3 1 3 1 6 17 2 10 1 6 2 10 23 1 6 2 10 23 1 6 17 1 3 1 3 1 6 17 2 10 1 6 2 10 23 1 6 2 10 23 1 6 17 1 3 1 3 1 6 17 2 10 3 1 6 2 10 23 1 6 2 10 23 1 6 2 10 23 1 6 2 10 23 1 6 17 1 6 2 10 23 1 6 2 10 23 1 6 2 10 23 1 6 2 10 23 1 6 2 10 23 1 6
1 3 1 12 2 28 1 3 2 1 3 1 12 15 28 1 7 1 7 1 12 2 1 3 1 3 1 12 2 28 1 7 1 3 1 12 15 28 1 7 12 1 3 1 12 2 28 1 7 12 1 3 1 12 2 28 1 7 1 3 1 12 2 28 1 7 1 7 1 7 1 1
20 2 20 2 19 16 19 14 16 18 29 3 18 2 29 92 2 3 2 25 19 16 19 14 16 18 29 3 18 2 29 92 2 3 2 25 19 1 25 14 16 18 29 3 18 2 29 92 2 3 2 25 2 3 2 3 2 3 2 3 2 3 2 3
1 1 13 5 9 5 13 5 9 5 38 15 5 38 15 1 13 5 9 5 13 5 9 5 38 15 5 38 15 5 38 15 5 38 15 5 13 5 9 5 13 5 9 5 38 15 5 38 15 5 38 15 5 38 15 5 38 15 5 38 15 5 38 15 5 38 15
1 3 1 12 2 28 1 3 2 1 3 1 12 15 28 1 7 1 7 1 12 2 1 3 1 3 1 12 2 28 1 7 1 3 1 12 15 28 1 7 12 1 3 1 12 2 28 1 7 12 1 3 1 12 2 28 1 7 1 3 1 12 2 28 1 7 1 7 1 7 1 1
12 42 12 15 12 15 12 36 12 42 12 42 12 15 12 15 12 36 12 12 12 12 12 15 12 15 12 36 12 42 12 42 12 15 12 15 12 36 12 42 12 42 12 15 12 15 12 36 12 1
1 1 5 13 13 13 24 9 4 9 13 24 9 4 9 13 24 9 4 9 13 24 9 4 5 4 21 4 5 4 21 4 5 4 21 4 5 4 21 4 79 59 11 79 59 24 9 79 59 11 5 4 5 4 9 4 13 24 9 4 9 13 24 9 4 5 4 21 4 5 4 21 4 5 4 21 4 5 4 21 4 79 59 11 79 59 24 9 79 59 11 5 4 5 4 9 4 13 79 59 11 79 59 24 9 79 59 11 5 4 5 4 9 4 1 1 5 13 13 9 4 13 24 9 4 24 9 4 13 24 9 4 13 4 21 4 79 59 11 79 59 24 9 79 59 11 5 4 5 4 9 4 13 79 59 11 79 59 24 9 79 59 11 5 4 5 4 9 4 13 79 59 11 79 59 24 9 79 59 11 5 4 5 4 9 4 13
1 7 1 7 1 7 1 12 2 1 12 2 1 7 1 7 1 12 2 1 12 2 1 7 1 7 1 12 2 1 12 2 1 7 1 7 1 12 2 1 12 2 1 7 1 7 1 12 2 1 12 2 1 7 1 3 1
43 1 12 6 49 1 12 6 49 1 12 6 49 1 12 6 49 1 3 4 2 8 1 3 3 1 3 4 2 8 1 3 3 16 25 1 3 2 25 1 3 2 25 1 3 2 25 1 3 2 25 1 3 2 25 1 3 2 25 1 3 2 25 1 3 2 25 1 3 2 1 3 4 2 8 1 3 3 16 25 1
1 2 1 2 1 2 1 2 1 8 1 2 1 2 1 2 1 2 1 2 1 2 1 2 1 2 1 2 1 2 1 8 1 2 1 2 1 2 1 2 1 8 1 2 1 2 1 2 1 8 1 2 1 2 1 2 1 2 1 2 1 2 1 2 1 2 1 2 1 2 1 8 1 2 1 2 1 2 1 2 1 8 1 2 1 2 1 2 1 8 1 2 1 2 1 2 1 2 1 2 1 2 1 2 1 2 1 2 1 2 1 8 1 2 1 2 1 2 1 2 1 8 1 2 1 2 1 2 1 8 1 2 1 2 1
19 16 8 20 19 16 8 20 19 16 8 20 19 16 8 20 19 16 8 20 19 16 8 20 19 16 8 20 19 16 8 20 8 16 8 25 20 8 16 8 16 2 3 19 16 8 20 19 16 8 20 19 16 8 20 19 16 8 20 19 16 8 20 19 16 8 20 8 16 8 25 20 8 16 8 16 2 3 19 16 8 20 19 16 8 20 19 16 8 20 19 16 8 20 19 16 8 20 19 16 8 20 19 16 8 20 19 16 8 20
5 21 4 5 21 4 5 21 4 5 21 4 5 21 24 5 9 24 35 1 21 24 5 9 24 35 1 5 21 4 5 21 4 5 21 4 5 21 4 5 21 24 5 9 24 35 1 21 24 5 9 24 35 1 9 36 11 4 5 5 9 36 11 4 5 5 9 36 11 4 5 5 9 24 21 57 5 2 4 5
1 4 2 1 4 2 1 4 2 1 4 2 1 4 2 1 4 1 4 1 4 2 1 4 2 1 4 2 1 4 2 1 4 2 1 4 2 1 4 2 1 4 2 1 4 2 1 4 2 1 4 2 1 4 2 1 4 2 1
1 2 3 4 5 6 7 8 9 10 11 12 13 14 15 16 17 18 19 20 21 22 23 24 25 26 27 28 29 30 31 32 33 34 35 36 37 38 39 40 41 42 43 44 45 46 47 48 49 50 51 52 53 54 55 56 57 58 59 60 61 62 63 64 65 66 67 68 69 70 71 72 73 74 75 76 77 78 79 80 81 82 83 84 85 86 87 88 89 90 91 92 93 94 95 96 97 98 99 100 101 102 103 104 105 106 107 108 109 110 111 112 113 114 115 116 117 118 119 120 121 122 123 124 125 126 127 128 129 130 131 132 133 134 135 136 137