"Comparison","Row","Orig_Symbol","Orig_Order","Orig_IC","Orig_Entropy","Swap_Symbol","Swap_Order","Swap_IC","Swap_Entropy","Distance"
1,58,"I",4,3.08500299423261,4.88558687196421,"I",4,3.08500299423261,4.88558687196421,
1,59,"I",5,4.73001877490215,3.91739225222851,"I",5,4.73001877490215,3.91739225222851,
1,60,"iv",4,4.27960867403141,5.28245065156191,"iv",4,4.27960867403141,5.28245065156191,
1,61,"I",5,2.54621138395972,4.62436978828499,"I",5,2.54621138395972,4.62436978828499,
1,62,"I",5,5.10749718391321,3.25739713856593,"I",5,5.10749718391321,3.25739713856593,
1,63,"-II",4,6.57136168987223,5.28245065156191,"#io",4,6.57525847085634,5.28245065156191,0.00389678098411572
1,64,"i",2,5.09067127070834,5.20258181560123,"i",3,7.37914325548993,3.63565923531889,
1,65,"V",2,5.72093508135976,5.16477540074537,"V",1,5.32030414932561,5.44920230094443,
1,66,"I",2,4.20984102876244,5.2615357242098,"I",2,4.20984102876244,5.2615357242098,
1,67,"iv",3,5.51842553178388,5.23115109082266,"iv",3,5.51842553178388,5.23115109082266,
1,68,"-VI",3,5.47992010563292,5.19505409648404,"-VI",3,5.47992010563292,5.19505409648404,
,,,,,,,,,,
2,61,"I",5,2.54621138395972,4.62436978828499,"I",5,2.54621138395972,4.62436978828499,
2,62,"I",5,5.10749718391321,3.25739713856593,"I",5,5.10749718391321,3.25739713856593,
2,63,"-II",4,6.57136168987223,5.28245065156191,"-II",4,6.57136168987223,5.28245065156191,
2,64,"i",2,5.09067127070834,5.20258181560123,"i",2,5.09067127070834,5.20258181560123,
2,65,"V",2,5.72093508135976,5.16477540074537,"V",2,5.72093508135976,5.16477540074537,
2,66,"I",2,4.20984102876244,5.2615357242098,"V",2,4.19871441389945,5.2615357242098,0.0111266148629907
2,67,"iv",3,5.51842553178388,5.23115109082266,"iv",3,5.94467989099763,5.14365908068793,
2,68,"-VI",3,5.47992010563292,5.19505409648404,"-VI",3,5.71312848759344,5.13658869843847,
2,69,"v",3,4.57841213784385,4.81949546960391,"v",2,4.26973068270142,5.26755667267207,
2,70,"-VII",3,5.43457144436302,4.58630661253968,"-VII",3,5.43457144436302,4.58630661253968,
2,71,"V",3,5.5710768748335,4.83856822515081,"V",3,5.5710768748335,4.83856822515081,
,,,,,,,,,,
3,49,"I",3,4.68108836730149,3.53312977486244,"I",3,4.68108836730149,3.53312977486244,
3,50,"iv",3,5.07562560014922,5.32500079079065,"iv",3,5.07562560014922,5.32500079079065,
3,51,"-VI",4,5.68946385384343,4.90356762522137,"-VI",4,5.68946385384343,4.90356762522137,
3,52,"-VII",3,3.90755089949817,4.81949546960391,"-VII",3,3.90755089949817,4.81949546960391,
3,53,"V",3,5.15405849370046,4.75881045370103,"V",3,5.15405849370046,4.75881045370103,
3,54,"iv",3,6.99604114622106,3.53312977486244,"II",3,6.98388152258009,3.53312977486244,0.0121596236409696
3,55,"I",2,4.47663995785841,5.37841567393395,"I",2,4.29319689874393,5.27362707229836,
3,56,"I",3,4.72009496585213,5.211282000591,"I",3,4.3613404621297,4.92320332173724,
3,57,"iv",3,4.86537109437425,5.3629533616211,"iv",3,5.40229858213733,5.25531972911052,
3,58,"I",4,3.08500299423261,4.88558687196421,"I",3,3.50656271816538,5.08337369430252,
3,59,"I",5,4.73001877490215,3.91739225222851,"I",4,4.49634312729687,4.3472709053196,
,,,,,,,,,,
4,58,"I",4,3.08500299423261,4.88558687196421,"I",4,3.08500299423261,4.88558687196421,
4,59,"I",5,4.73001877490215,3.91739225222851,"I",5,4.73001877490215,3.91739225222851,
4,60,"iv",4,4.27960867403141,5.28245065156191,"iv",4,4.27960867403141,5.28245065156191,
4,61,"I",5,2.54621138395972,4.62436978828499,"I",5,2.54621138395972,4.62436978828499,
4,62,"I",5,5.10749718391321,3.25739713856593,"I",5,5.10749718391321,3.25739713856593,
4,63,"-II",4,6.57136168987223,5.28245065156191,"iio",4,6.55419917647101,5.28245065156191,0.0171625134012174
4,64,"i",2,5.09067127070834,5.20258181560123,"i",3,5.74492311594513,5.15937190244443,
4,65,"V",2,5.72093508135976,5.16477540074537,"V",2,5.60880924267552,5.01009386474585,
4,66,"I",2,4.20984102876244,5.2615357242098,"I",2,4.20984102876244,5.2615357242098,
4,67,"iv",3,5.51842553178388,5.23115109082266,"iv",3,5.51842553178388,5.23115109082266,
4,68,"-VI",3,5.47992010563292,5.19505409648404,"-VI",3,5.47992010563292,5.19505409648404,
,,,,,,,,,,
5,3,"-VI",2,6.22083251395648,4.79376213865723,"-VI",2,6.22083251395648,4.79376213865723,
5,4,"iv",3,5.21133966235777,5.04124325313467,"iv",3,5.21133966235777,5.04124325313467,
5,5,"-VII",3,5.07664033396613,5.22512715129786,"-VII",3,5.07664033396613,5.22512715129786,
5,6,"V",3,5.65588175481794,4.29084137154169,"V",3,5.65588175481794,4.29084137154169,
5,7,"I",3,4.13056128302743,4.56078220423117,"I",3,4.13056128302743,4.56078220423117,
5,8,"-VI",3,5.83459547443066,5.32500079079065,"II",3,5.81743042133416,5.32500079079065,0.0171650530965
5,9,"iv",3,5.26980787290473,5.09003767343186,"iv",3,6.60453031994387,4.86495864878852,
5,10,"-VII",3,5.07664033396613,5.22512715129786,"-VII",2,5.34973774440087,5.24213178628337,
5,11,"V",3,5.65588175481794,4.29084137154169,"V",2,5.03295503285821,5.15324908141791,
5,12,"I",3,4.13056128302743,4.56078220423117,"I",3,4.13056128302743,4.56078220423117,
5,13,"iv",3,5.07562560014922,5.32500079079065,"iv",3,5.07562560014922,5.32500079079065,
,,,,,,,,,,
6,8,"-VI",3,5.83459547443066,5.32500079079065,"-VI",3,5.83459547443066,5.32500079079065,
6,9,"iv",3,5.26980787290473,5.09003767343186,"iv",3,5.26980787290473,5.09003767343186,
6,10,"-VII",3,5.07664033396613,5.22512715129786,"-VII",3,5.07664033396613,5.22512715129786,
6,11,"V",3,5.65588175481794,4.29084137154169,"V",3,5.65588175481794,4.29084137154169,
6,12,"I",3,4.13056128302743,4.56078220423117,"I",3,4.13056128302743,4.56078220423117,
6,13,"iv",3,5.07562560014922,5.32500079079065,"V",3,5.09324371371513,5.32500079079065,0.0176181135659155
6,14,"-VI",4,5.68946385384343,4.90356762522137,"-VI",3,5.54047042959918,5.21956255101939,
6,15,"v",3,4.57841213784385,4.81949546960391,"v",4,5.42902956800004,4.30517555196917,
6,16,"-VII",3,5.43457144436302,4.58630661253968,"-VII",3,5.32415327308909,4.75998938311279,
6,17,"V",3,5.5710768748335,4.83856822515081,"V",3,5.5710768748335,4.83856822515081,
6,18,"I",2,3.74915639255986,5.1503586681215,"I",2,3.74915639255986,5.1503586681215,
,,,,,,,,,,
7,14,"-VI",4,5.68946385384343,4.90356762522137,"-VI",4,5.68946385384343,4.90356762522137,
7,15,"v",3,4.57841213784385,4.81949546960391,"v",3,4.57841213784385,4.81949546960391,
7,16,"-VII",3,5.43457144436302,4.58630661253968,"-VII",3,5.43457144436302,4.58630661253968,
7,17,"V",3,5.5710768748335,4.83856822515081,"V",3,5.5710768748335,4.83856822515081,
7,18,"I",2,3.74915639255986,5.1503586681215,"I",2,3.74915639255986,5.1503586681215,
7,19,"iv",3,5.07562560014922,5.32500079079065,"V",3,5.09324371371513,5.32500079079065,0.0176181135659155
7,20,"-VI",4,5.68946385384343,4.90356762522137,"-VI",3,5.54047042959918,5.21956255101939,
7,21,"-VII",3,3.90755089949817,4.81949546960391,"-VII",4,1.60906082167218,4.30517555196917,
7,22,"V",3,5.15405849370046,4.75881045370103,"V",4,4.7358782443476,3.1885152342061,
7,23,"I",3,4.68108836730149,3.53312977486244,"I",3,6.68601359654548,1.16931436173547,
7,24,"iv",3,5.07562560014922,5.32500079079065,"iv",3,5.07562560014922,5.32500079079065,
,,,,,,,,,,
8,19,"iv",3,5.07562560014922,5.32500079079065,"iv",3,5.07562560014922,5.32500079079065,
8,20,"-VI",4,5.68946385384343,4.90356762522137,"-VI",4,5.68946385384343,4.90356762522137,
8,21,"-VII",3,3.90755089949817,4.81949546960391,"-VII",3,3.90755089949817,4.81949546960391,
8,22,"V",3,5.15405849370046,4.75881045370103,"V",3,5.15405849370046,4.75881045370103,
8,23,"I",3,4.68108836730149,3.53312977486244,"I",3,4.68108836730149,3.53312977486244,
8,24,"iv",3,5.07562560014922,5.32500079079065,"V",3,5.09324371371513,5.32500079079065,0.0176181135659155
8,25,"-VI",4,5.68946385384343,4.90356762522137,"-VI",3,5.54047042959918,5.21956255101939,
8,26,"-VII",3,3.90755089949817,4.81949546960391,"-VII",4,1.60906082167218,4.30517555196917,
8,27,"V",3,5.15405849370046,4.75881045370103,"V",4,4.7358782443476,3.1885152342061,
8,28,"I",3,4.68108836730149,3.53312977486244,"I",3,6.68601359654548,1.16931436173547,
8,29,"iv",3,5.07562560014922,5.32500079079065,"iv",3,5.07562560014922,5.32500079079065,
,,,,,,,,,,
9,24,"iv",3,5.07562560014922,5.32500079079065,"iv",3,5.07562560014922,5.32500079079065,
9,25,"-VI",4,5.68946385384343,4.90356762522137,"-VI",4,5.68946385384343,4.90356762522137,
9,26,"-VII",3,3.90755089949817,4.81949546960391,"-VII",3,3.90755089949817,4.81949546960391,
9,27,"V",3,5.15405849370046,4.75881045370103,"V",3,5.15405849370046,4.75881045370103,
9,28,"I",3,4.68108836730149,3.53312977486244,"I",3,4.68108836730149,3.53312977486244,
9,29,"iv",3,5.07562560014922,5.32500079079065,"V",3,5.09324371371513,5.32500079079065,0.0176181135659155
9,30,"-VI",4,5.68946385384343,4.90356762522137,"-VI",3,5.54047042959918,5.21956255101939,
9,31,"-VII",3,3.90755089949817,4.81949546960391,"-VII",4,1.60906082167218,4.30517555196917,
9,32,"V",3,5.15405849370046,4.75881045370103,"V",4,4.7358782443476,3.1885152342061,
9,33,"I",3,4.68108836730149,3.53312977486244,"I",3,6.68601359654548,1.16931436173547,
9,34,"iv",3,5.07562560014922,5.32500079079065,"iv",3,5.07562560014922,5.32500079079065,
,,,,,,,,,,
10,29,"iv",3,5.07562560014922,5.32500079079065,"iv",3,5.07562560014922,5.32500079079065,
10,30,"-VI",4,5.68946385384343,4.90356762522137,"-VI",4,5.68946385384343,4.90356762522137,
10,31,"-VII",3,3.90755089949817,4.81949546960391,"-VII",3,3.90755089949817,4.81949546960391,
10,32,"V",3,5.15405849370046,4.75881045370103,"V",3,5.15405849370046,4.75881045370103,
10,33,"I",3,4.68108836730149,3.53312977486244,"I",3,4.68108836730149,3.53312977486244,
10,34,"iv",3,5.07562560014922,5.32500079079065,"V",3,5.09324371371513,5.32500079079065,0.0176181135659155
10,35,"-VI",4,5.68946385384343,4.90356762522137,"-VI",3,5.54047042959918,5.21956255101939,
10,36,"v",3,4.57841213784385,4.81949546960391,"v",4,5.42902956800004,4.30517555196917,
10,37,"-VII",3,5.43457144436302,4.58630661253968,"-VII",3,5.32415327308909,4.75998938311279,
10,38,"V",3,5.5710768748335,4.83856822515081,"V",3,5.5710768748335,4.83856822515081,
10,39,"I",2,3.74915639255986,5.1503586681215,"I",2,3.74915639255986,5.1503586681215,
,,,,,,,,,,
11,35,"-VI",4,5.68946385384343,4.90356762522137,"-VI",4,5.68946385384343,4.90356762522137,
11,36,"v",3,4.57841213784385,4.81949546960391,"v",3,4.57841213784385,4.81949546960391,
11,37,"-VII",3,5.43457144436302,4.58630661253968,"-VII",3,5.43457144436302,4.58630661253968,
11,38,"V",3,5.5710768748335,4.83856822515081,"V",3,5.5710768748335,4.83856822515081,
11,39,"I",2,3.74915639255986,5.1503586681215,"I",2,3.74915639255986,5.1503586681215,
11,40,"iv",3,5.07562560014922,5.32500079079065,"V",3,5.09324371371513,5.32500079079065,0.0176181135659155
11,41,"-VI",4,5.68946385384343,4.90356762522137,"-VI",3,5.54047042959918,5.21956255101939,
11,42,"-VII",3,3.90755089949817,4.81949546960391,"-VII",4,1.60906082167218,4.30517555196917,
11,43,"V",3,5.15405849370046,4.75881045370103,"V",4,4.7358782443476,3.1885152342061,
11,44,"I",3,4.68108836730149,3.53312977486244,"I",3,6.68601359654548,1.16931436173547,
11,45,"iv",3,5.07562560014922,5.32500079079065,"iv",3,5.07562560014922,5.32500079079065,
,,,,,,,,,,
12,40,"iv",3,5.07562560014922,5.32500079079065,"iv",3,5.07562560014922,5.32500079079065,
12,41,"-VI",4,5.68946385384343,4.90356762522137,"-VI",4,5.68946385384343,4.90356762522137,
12,42,"-VII",3,3.90755089949817,4.81949546960391,"-VII",3,3.90755089949817,4.81949546960391,
12,43,"V",3,5.15405849370046,4.75881045370103,"V",3,5.15405849370046,4.75881045370103,
12,44,"I",3,4.68108836730149,3.53312977486244,"I",3,4.68108836730149,3.53312977486244,
12,45,"iv",3,5.07562560014922,5.32500079079065,"V",3,5.09324371371513,5.32500079079065,0.0176181135659155
12,46,"-VI",4,5.68946385384343,4.90356762522137,"-VI",3,5.54047042959918,5.21956255101939,
12,47,"-VII",3,3.90755089949817,4.81949546960391,"-VII",4,1.60906082167218,4.30517555196917,
12,48,"V",3,5.15405849370046,4.75881045370103,"V",4,4.7358782443476,3.1885152342061,
12,49,"I",3,4.68108836730149,3.53312977486244,"I",3,6.68601359654548,1.16931436173547,
12,50,"iv",3,5.07562560014922,5.32500079079065,"iv",3,5.07562560014922,5.32500079079065,
,,,,,,,,,,
13,45,"iv",3,5.07562560014922,5.32500079079065,"iv",3,5.07562560014922,5.32500079079065,
13,46,"-VI",4,5.68946385384343,4.90356762522137,"-VI",4,5.68946385384343,4.90356762522137,
13,47,"-VII",3,3.90755089949817,4.81949546960391,"-VII",3,3.90755089949817,4.81949546960391,
13,48,"V",3,5.15405849370046,4.75881045370103,"V",3,5.15405849370046,4.75881045370103,
13,49,"I",3,4.68108836730149,3.53312977486244,"I",3,4.68108836730149,3.53312977486244,
13,50,"iv",3,5.07562560014922,5.32500079079065,"V",3,5.09324371371513,5.32500079079065,0.0176181135659155
13,51,"-VI",4,5.68946385384343,4.90356762522137,"-VI",3,5.54047042959918,5.21956255101939,
13,52,"-VII",3,3.90755089949817,4.81949546960391,"-VII",4,1.60906082167218,4.30517555196917,
13,53,"V",3,5.15405849370046,4.75881045370103,"V",4,4.7358782443476,3.1885152342061,
13,54,"iv",3,6.99604114622106,3.53312977486244,"iv",3,9.00096637546505,1.16931436173547,
13,55,"I",2,4.47663995785841,5.37841567393395,"I",2,4.47663995785841,5.37841567393395,
,,,,,,,,,,
14,68,"-VI",3,5.47992010563292,5.19505409648404,"-VI",3,5.47992010563292,5.19505409648404,
14,69,"v",3,4.57841213784385,4.81949546960391,"v",3,4.57841213784385,4.81949546960391,
14,70,"-VII",3,5.43457144436302,4.58630661253968,"-VII",3,5.43457144436302,4.58630661253968,
14,71,"V",3,5.5710768748335,4.83856822515081,"V",3,5.5710768748335,4.83856822515081,
14,72,"I",2,3.74915639255986,5.1503586681215,"I",2,3.74915639255986,5.1503586681215,
14,73,"iv",3,5.07562560014922,5.32500079079065,"V",3,5.09324371371513,5.32500079079065,0.0176181135659155
14,74,"-VI",4,5.68946385384343,4.90356762522137,"-VI",3,5.54047042959918,5.21956255101939,
14,75,"-VII",3,3.90755089949817,4.81949546960391,"-VII",4,1.60906082167218,4.30517555196917,
14,76,"V",3,5.15405849370046,4.75881045370103,"V",4,4.7358782443476,3.1885152342061,
14,77,"I",3,4.68108836730149,3.53312977486244,"I",3,6.68601359654548,1.16931436173547,
14,78,"iv",3,5.07562560014922,5.32500079079065,"iv",3,5.07562560014922,5.32500079079065,
,,,,,,,,,,
15,73,"iv",3,5.07562560014922,5.32500079079065,"iv",3,5.07562560014922,5.32500079079065,
15,74,"-VI",4,5.68946385384343,4.90356762522137,"-VI",4,5.68946385384343,4.90356762522137,
15,75,"-VII",3,3.90755089949817,4.81949546960391,"-VII",3,3.90755089949817,4.81949546960391,
15,76,"V",3,5.15405849370046,4.75881045370103,"V",3,5.15405849370046,4.75881045370103,
15,77,"I",3,4.68108836730149,3.53312977486244,"I",3,4.68108836730149,3.53312977486244,
15,78,"iv",3,5.07562560014922,5.32500079079065,"V",3,5.09324371371513,5.32500079079065,0.0176181135659155
15,79,"-VI",4,5.68946385384343,4.90356762522137,"-VI",3,5.54047042959918,5.21956255101939,
15,80,"-VII",3,3.90755089949817,4.81949546960391,"-VII",4,1.60906082167218,4.30517555196917,
15,81,"V",3,5.15405849370046,4.75881045370103,"V",4,4.7358782443476,3.1885152342061,
15,82,"I",3,4.68108836730149,3.53312977486244,"I",3,6.68601359654548,1.16931436173547,
15,83,"iv",3,5.07562560014922,5.32500079079065,"iv",3,5.07562560014922,5.32500079079065,
,,,,,,,,,,
16,78,"iv",3,5.07562560014922,5.32500079079065,"iv",3,5.07562560014922,5.32500079079065,
16,79,"-VI",4,5.68946385384343,4.90356762522137,"-VI",4,5.68946385384343,4.90356762522137,
16,80,"-VII",3,3.90755089949817,4.81949546960391,"-VII",3,3.90755089949817,4.81949546960391,
16,81,"V",3,5.15405849370046,4.75881045370103,"V",3,5.15405849370046,4.75881045370103,
16,82,"I",3,4.68108836730149,3.53312977486244,"I",3,4.68108836730149,3.53312977486244,
16,83,"iv",3,5.07562560014922,5.32500079079065,"V",3,5.09324371371513,5.32500079079065,0.0176181135659155
16,84,"-VI",4,5.68946385384343,4.90356762522137,"-VI",3,5.54047042959918,5.21956255101939,
16,85,"-VII",3,3.90755089949817,4.81949546960391,"-VII",4,1.60906082167218,4.30517555196917,
16,86,"V",3,5.15405849370046,4.75881045370103,"V",4,4.7358782443476,3.1885152342061,
16,87,"I",3,4.68108836730149,3.53312977486244,"I",3,6.68601359654548,1.16931436173547,
16,88,"iv",3,5.07562560014922,5.32500079079065,"iv",3,5.07562560014922,5.32500079079065,
,,,,,,,,,,
17,83,"iv",3,5.07562560014922,5.32500079079065,"iv",3,5.07562560014922,5.32500079079065,
17,84,"-VI",4,5.68946385384343,4.90356762522137,"-VI",4,5.68946385384343,4.90356762522137,
17,85,"-VII",3,3.90755089949817,4.81949546960391,"-VII",3,3.90755089949817,4.81949546960391,
17,86,"V",3,5.15405849370046,4.75881045370103,"V",3,5.15405849370046,4.75881045370103,
17,87,"I",3,4.68108836730149,3.53312977486244,"I",3,4.68108836730149,3.53312977486244,
17,88,"iv",3,5.07562560014922,5.32500079079065,"V",3,5.09324371371513,5.32500079079065,0.0176181135659155
17,89,"-VI",4,5.68946385384343,4.90356762522137,"-VI",3,5.54047042959918,5.21956255101939,
17,90,"-VII",3,3.90755089949817,4.81949546960391,"-VII",4,1.60906082167218,4.30517555196917,
17,91,"V",3,5.15405849370046,4.75881045370103,"V",4,4.7358782443476,3.1885152342061,
17,92,"I",3,4.68108836730149,3.53312977486244,"I",3,6.68601359654548,1.16931436173547,
17,93,"iv",3,5.07562560014922,5.32500079079065,"iv",3,5.07562560014922,5.32500079079065,
,,,,,,,,,,
18,88,"iv",3,5.07562560014922,5.32500079079065,"iv",3,5.07562560014922,5.32500079079065,
18,89,"-VI",4,5.68946385384343,4.90356762522137,"-VI",4,5.68946385384343,4.90356762522137,
18,90,"-VII",3,3.90755089949817,4.81949546960391,"-VII",3,3.90755089949817,4.81949546960391,
18,91,"V",3,5.15405849370046,4.75881045370103,"V",3,5.15405849370046,4.75881045370103,
18,92,"I",3,4.68108836730149,3.53312977486244,"I",3,4.68108836730149,3.53312977486244,
18,93,"iv",3,5.07562560014922,5.32500079079065,"V",3,5.09324371371513,5.32500079079065,0.0176181135659155
18,94,"-VI",4,5.68946385384343,4.90356762522137,"-VI",3,5.54047042959918,5.21956255101939,
18,95,"-VII",3,3.90755089949817,4.81949546960391,"-VII",4,1.60906082167218,4.30517555196917,
18,96,"V",3,5.15405849370046,4.75881045370103,"V",4,4.7358782443476,3.1885152342061,
18,97,"I",3,4.68108836730149,3.53312977486244,"I",3,6.68601359654548,1.16931436173547,
18,98,"iv",3,5.07562560014922,5.32500079079065,"iv",3,5.07562560014922,5.32500079079065,
,,,,,,,,,,
19,93,"iv",3,5.07562560014922,5.32500079079065,"iv",3,5.07562560014922,5.32500079079065,
19,94,"-VI",4,5.68946385384343,4.90356762522137,"-VI",4,5.68946385384343,4.90356762522137,
19,95,"-VII",3,3.90755089949817,4.81949546960391,"-VII",3,3.90755089949817,4.81949546960391,
19,96,"V",3,5.15405849370046,4.75881045370103,"V",3,5.15405849370046,4.75881045370103,
19,97,"I",3,4.68108836730149,3.53312977486244,"I",3,4.68108836730149,3.53312977486244,
19,98,"iv",3,5.07562560014922,5.32500079079065,"V",3,5.09324371371513,5.32500079079065,0.0176181135659155
19,99,"-VI",4,5.68946385384343,4.90356762522137,"-VI",3,5.54047042959918,5.21956255101939,
19,100,"-VII",3,3.90755089949817,4.81949546960391,"-VII",4,1.60906082167218,4.30517555196917,
19,101,"V",3,5.15405849370046,4.75881045370103,"V",4,4.7358782443476,3.1885152342061,
19,102,"I",3,4.68108836730149,3.53312977486244,"I",3,6.68601359654548,1.16931436173547,
19,103,"iv",3,5.07562560014922,5.32500079079065,"iv",3,5.07562560014922,5.32500079079065,
,,,,,,,,,,
20,98,"iv",3,5.07562560014922,5.32500079079065,"iv",3,5.07562560014922,5.32500079079065,
20,99,"-VI",4,5.68946385384343,4.90356762522137,"-VI",4,5.68946385384343,4.90356762522137,
20,100,"-VII",3,3.90755089949817,4.81949546960391,"-VII",3,3.90755089949817,4.81949546960391,
20,101,"V",3,5.15405849370046,4.75881045370103,"V",3,5.15405849370046,4.75881045370103,
20,102,"I",3,4.68108836730149,3.53312977486244,"I",3,4.68108836730149,3.53312977486244,
20,103,"iv",3,5.07562560014922,5.32500079079065,"V",3,5.09324371371513,5.32500079079065,0.0176181135659155
20,104,"-VI",4,5.68946385384343,4.90356762522137,"-VI",3,5.54047042959918,5.21956255101939,
20,105,"-VII",3,3.90755089949817,4.81949546960391,"-VII",4,1.60906082167218,4.30517555196917,
20,106,"V",3,5.15405849370046,4.75881045370103,"V",4,4.7358782443476,3.1885152342061,
20,107,"I",3,4.68108836730149,3.53312977486244,"I",3,6.68601359654548,1.16931436173547,
20,108,"iv",3,5.07562560014922,5.32500079079065,"iv",3,5.07562560014922,5.32500079079065,
,,,,,,,,,,
21,103,"iv",3,5.07562560014922,5.32500079079065,"iv",3,5.07562560014922,5.32500079079065,
21,104,"-VI",4,5.68946385384343,4.90356762522137,"-VI",4,5.68946385384343,4.90356762522137,
21,105,"-VII",3,3.90755089949817,4.81949546960391,"-VII",3,3.90755089949817,4.81949546960391,
21,106,"V",3,5.15405849370046,4.75881045370103,"V",3,5.15405849370046,4.75881045370103,
21,107,"I",3,4.68108836730149,3.53312977486244,"I",3,4.68108836730149,3.53312977486244,
21,108,"iv",3,5.07562560014922,5.32500079079065,"V",3,5.09324371371513,5.32500079079065,0.0176181135659155
21,109,"-VI",4,5.68946385384343,4.90356762522137,"-VI",3,5.54047042959918,5.21956255101939,
21,110,"-VII",3,3.90755089949817,4.81949546960391,"-VII",4,1.60906082167218,4.30517555196917,
21,111,"V",3,5.15405849370046,4.75881045370103,"V",4,4.7358782443476,3.1885152342061,
21,112,"I",3,4.68108836730149,3.53312977486244,"I",3,6.68601359654548,1.16931436173547,
21,113,"iv",3,5.07562560014922,5.32500079079065,"iv",3,5.07562560014922,5.32500079079065,
,,,,,,,,,,
22,108,"iv",3,5.07562560014922,5.32500079079065,"iv",3,5.07562560014922,5.32500079079065,
22,109,"-VI",4,5.68946385384343,4.90356762522137,"-VI",4,5.68946385384343,4.90356762522137,
22,110,"-VII",3,3.90755089949817,4.81949546960391,"-VII",3,3.90755089949817,4.81949546960391,
22,111,"V",3,5.15405849370046,4.75881045370103,"V",3,5.15405849370046,4.75881045370103,
22,112,"I",3,4.68108836730149,3.53312977486244,"I",3,4.68108836730149,3.53312977486244,
22,113,"iv",3,5.07562560014922,5.32500079079065,"V",3,5.09324371371513,5.32500079079065,0.0176181135659155
22,114,"-VI",4,5.68946385384343,4.90356762522137,"-VI",3,5.54047042959918,5.21956255101939,
22,115,"-VII",3,3.90755089949817,4.81949546960391,"-VII",4,1.60906082167218,4.30517555196917,
22,116,"V",3,5.15405849370046,4.75881045370103,"V",4,4.7358782443476,3.1885152342061,
22,117,"I",3,4.68108836730149,3.53312977486244,"I",3,6.68601359654548,1.16931436173547,
22,118,"iv",3,5.07562560014922,5.32500079079065,"iv",3,5.07562560014922,5.32500079079065,
,,,,,,,,,,
23,113,"iv",3,5.07562560014922,5.32500079079065,"iv",3,5.07562560014922,5.32500079079065,
23,114,"-VI",4,5.68946385384343,4.90356762522137,"-VI",4,5.68946385384343,4.90356762522137,
23,115,"-VII",3,3.90755089949817,4.81949546960391,"-VII",3,3.90755089949817,4.81949546960391,
23,116,"V",3,5.15405849370046,4.75881045370103,"V",3,5.15405849370046,4.75881045370103,
23,117,"I",3,4.68108836730149,3.53312977486244,"I",3,4.68108836730149,3.53312977486244,
23,118,"iv",3,5.07562560014922,5.32500079079065,"V",3,5.09324371371513,5.32500079079065,0.0176181135659155
23,119,"-VI",4,5.68946385384343,4.90356762522137,"-VI",3,5.54047042959918,5.21956255101939,
23,120,"-VII",3,3.90755089949817,4.81949546960391,"-VII",4,1.60906082167218,4.30517555196917,
23,121,"V",3,5.15405849370046,4.75881045370103,"V",4,4.7358782443476,3.1885152342061,
23,122,"I",3,4.68108836730149,3.53312977486244,"I",3,6.68601359654548,1.16931436173547,
23,123,"iv",3,5.07562560014922,5.32500079079065,"iv",3,5.07562560014922,5.32500079079065,
,,,,,,,,,,
24,118,"iv",3,5.07562560014922,5.32500079079065,"iv",3,5.07562560014922,5.32500079079065,
24,119,"-VI",4,5.68946385384343,4.90356762522137,"-VI",4,5.68946385384343,4.90356762522137,
24,120,"-VII",3,3.90755089949817,4.81949546960391,"-VII",3,3.90755089949817,4.81949546960391,
24,121,"V",3,5.15405849370046,4.75881045370103,"V",3,5.15405849370046,4.75881045370103,
24,122,"I",3,4.68108836730149,3.53312977486244,"I",3,4.68108836730149,3.53312977486244,
24,123,"iv",3,5.07562560014922,5.32500079079065,"V",3,5.09324371371513,5.32500079079065,0.0176181135659155
24,124,"-VI",4,5.68946385384343,4.90356762522137,"-VI",3,5.54047042959918,5.21956255101939,
24,125,"-VII",3,3.90755089949817,4.81949546960391,"-VII",4,1.60906082167218,4.30517555196917,
24,126,"V",3,5.15405849370046,4.75881045370103,"V",4,4.7358782443476,3.1885152342061,
24,127,"r",3,3.93556986727883,3.53312977486244,"r",3,5.94049509652282,1.16931436173547,
24,128,"r",3,1.47250010276927,3.46744174320927,"r",3,1.47250010276927,3.46744174320927,
,,,,,,,,,,
25,60,"iv",4,4.27960867403141,5.28245065156191,"iv",4,4.27960867403141,5.28245065156191,
25,61,"I",5,2.54621138395972,4.62436978828499,"I",5,2.54621138395972,4.62436978828499,
25,62,"I",5,5.10749718391321,3.25739713856593,"I",5,5.10749718391321,3.25739713856593,
25,63,"-II",4,6.57136168987223,5.28245065156191,"-II",4,6.57136168987223,5.28245065156191,
25,64,"i",2,5.09067127070834,5.20258181560123,"i",2,5.09067127070834,5.20258181560123,
25,65,"V",2,5.72093508135976,5.16477540074537,"-III",2,5.69708833940539,5.16477540074537,0.0238467419543671
25,66,"I",2,4.20984102876244,5.2615357242098,"I",2,5.169529390268,5.3238263149027,
25,67,"iv",3,5.51842553178388,5.23115109082266,"iv",3,5.04826573650358,4.76292203711933,
25,68,"-VI",3,5.47992010563292,5.19505409648404,"-VI",3,3.46807391116055,5.13197384853318,
25,69,"v",3,4.57841213784385,4.81949546960391,"v",3,4.57841213784385,4.81949546960391,
25,70,"-VII",3,5.43457144436302,4.58630661253968,"-VII",3,5.43457144436302,4.58630661253968,
,,,,,,,,,,
26,17,"V",3,5.5710768748335,4.83856822515081,"V",3,5.5710768748335,4.83856822515081,
26,18,"I",2,3.74915639255986,5.1503586681215,"I",2,3.74915639255986,5.1503586681215,
26,19,"iv",3,5.07562560014922,5.32500079079065,"iv",3,5.07562560014922,5.32500079079065,
26,20,"-VI",4,5.68946385384343,4.90356762522137,"-VI",4,5.68946385384343,4.90356762522137,
26,21,"-VII",3,3.90755089949817,4.81949546960391,"-VII",3,3.90755089949817,4.81949546960391,
26,22,"V",3,5.15405849370046,4.75881045370103,"-vio",3,5.1781388569558,4.75881045370103,0.0240803632553446
26,23,"I",3,4.68108836730149,3.53312977486244,"I",2,7.19150444955691,3.14497025971143,
26,24,"iv",3,5.07562560014922,5.32500079079065,"iv",1,5.54409686300092,5.48562646019199,
26,25,"-VI",4,5.68946385384343,4.90356762522137,"-VI",2,5.30001027964503,5.34581855761429,
26,26,"-VII",3,3.90755089949817,4.81949546960391,"-VII",3,3.90755089949817,4.81949546960391,
26,27,"V",3,5.15405849370046,4.75881045370103,"V",3,5.15405849370046,4.75881045370103,
,,,,,,,,,,
27,22,"V",3,5.15405849370046,4.75881045370103,"V",3,5.15405849370046,4.75881045370103,
27,23,"I",3,4.68108836730149,3.53312977486244,"I",3,4.68108836730149,3.53312977486244,
27,24,"iv",3,5.07562560014922,5.32500079079065,"iv",3,5.07562560014922,5.32500079079065,
27,25,"-VI",4,5.68946385384343,4.90356762522137,"-VI",4,5.68946385384343,4.90356762522137,
27,26,"-VII",3,3.90755089949817,4.81949546960391,"-VII",3,3.90755089949817,4.81949546960391,
27,27,"V",3,5.15405849370046,4.75881045370103,"-vio",3,5.1781388569558,4.75881045370103,0.0240803632553446
27,28,"I",3,4.68108836730149,3.53312977486244,"I",2,7.19150444955691,3.14497025971143,
27,29,"iv",3,5.07562560014922,5.32500079079065,"iv",1,5.54409686300092,5.48562646019199,
27,30,"-VI",4,5.68946385384343,4.90356762522137,"-VI",2,5.30001027964503,5.34581855761429,
27,31,"-VII",3,3.90755089949817,4.81949546960391,"-VII",3,3.90755089949817,4.81949546960391,
27,32,"V",3,5.15405849370046,4.75881045370103,"V",3,5.15405849370046,4.75881045370103,
,,,,,,,,,,
28,27,"V",3,5.15405849370046,4.75881045370103,"V",3,5.15405849370046,4.75881045370103,
28,28,"I",3,4.68108836730149,3.53312977486244,"I",3,4.68108836730149,3.53312977486244,
28,29,"iv",3,5.07562560014922,5.32500079079065,"iv",3,5.07562560014922,5.32500079079065,
28,30,"-VI",4,5.68946385384343,4.90356762522137,"-VI",4,5.68946385384343,4.90356762522137,
28,31,"-VII",3,3.90755089949817,4.81949546960391,"-VII",3,3.90755089949817,4.81949546960391,
28,32,"V",3,5.15405849370046,4.75881045370103,"-vio",3,5.1781388569558,4.75881045370103,0.0240803632553446
28,33,"I",3,4.68108836730149,3.53312977486244,"I",2,7.19150444955691,3.14497025971143,
28,34,"iv",3,5.07562560014922,5.32500079079065,"iv",1,5.54409686300092,5.48562646019199,
28,35,"-VI",4,5.68946385384343,4.90356762522137,"-VI",2,5.30001027964503,5.34581855761429,
28,36,"v",3,4.57841213784385,4.81949546960391,"v",3,4.57841213784385,4.81949546960391,
28,37,"-VII",3,5.43457144436302,4.58630661253968,"-VII",3,5.43457144436302,4.58630661253968,
,,,,,,,,,,
29,38,"V",3,5.5710768748335,4.83856822515081,"V",3,5.5710768748335,4.83856822515081,
29,39,"I",2,3.74915639255986,5.1503586681215,"I",2,3.74915639255986,5.1503586681215,
29,40,"iv",3,5.07562560014922,5.32500079079065,"iv",3,5.07562560014922,5.32500079079065,
29,41,"-VI",4,5.68946385384343,4.90356762522137,"-VI",4,5.68946385384343,4.90356762522137,
29,42,"-VII",3,3.90755089949817,4.81949546960391,"-VII",3,3.90755089949817,4.81949546960391,
29,43,"V",3,5.15405849370046,4.75881045370103,"-vio",3,5.1781388569558,4.75881045370103,0.0240803632553446
29,44,"I",3,4.68108836730149,3.53312977486244,"I",2,7.19150444955691,3.14497025971143,
29,45,"iv",3,5.07562560014922,5.32500079079065,"iv",1,5.54409686300092,5.48562646019199,
29,46,"-VI",4,5.68946385384343,4.90356762522137,"-VI",2,5.30001027964503,5.34581855761429,
29,47,"-VII",3,3.90755089949817,4.81949546960391,"-VII",3,3.90755089949817,4.81949546960391,
29,48,"V",3,5.15405849370046,4.75881045370103,"V",3,5.15405849370046,4.75881045370103,
,,,,,,,,,,
30,43,"V",3,5.15405849370046,4.75881045370103,"V",3,5.15405849370046,4.75881045370103,
30,44,"I",3,4.68108836730149,3.53312977486244,"I",3,4.68108836730149,3.53312977486244,
30,45,"iv",3,5.07562560014922,5.32500079079065,"iv",3,5.07562560014922,5.32500079079065,
30,46,"-VI",4,5.68946385384343,4.90356762522137,"-VI",4,5.68946385384343,4.90356762522137,
30,47,"-VII",3,3.90755089949817,4.81949546960391,"-VII",3,3.90755089949817,4.81949546960391,
30,48,"V",3,5.15405849370046,4.75881045370103,"-vio",3,5.1781388569558,4.75881045370103,0.0240803632553446
30,49,"I",3,4.68108836730149,3.53312977486244,"I",2,7.19150444955691,3.14497025971143,
30,50,"iv",3,5.07562560014922,5.32500079079065,"iv",1,5.54409686300092,5.48562646019199,
30,51,"-VI",4,5.68946385384343,4.90356762522137,"-VI",2,5.30001027964503,5.34581855761429,
30,52,"-VII",3,3.90755089949817,4.81949546960391,"-VII",3,3.90755089949817,4.81949546960391,
30,53,"V",3,5.15405849370046,4.75881045370103,"V",3,5.15405849370046,4.75881045370103,
,,,,,,,,,,
31,48,"V",3,5.15405849370046,4.75881045370103,"V",3,5.15405849370046,4.75881045370103,
31,49,"I",3,4.68108836730149,3.53312977486244,"I",3,4.68108836730149,3.53312977486244,
31,50,"iv",3,5.07562560014922,5.32500079079065,"iv",3,5.07562560014922,5.32500079079065,
31,51,"-VI",4,5.68946385384343,4.90356762522137,"-VI",4,5.68946385384343,4.90356762522137,
31,52,"-VII",3,3.90755089949817,4.81949546960391,"-VII",3,3.90755089949817,4.81949546960391,
31,53,"V",3,5.15405849370046,4.75881045370103,"-vio",3,5.1781388569558,4.75881045370103,0.0240803632553446
31,54,"iv",3,6.99604114622106,3.53312977486244,"iv",2,7.41637786039712,3.14497025971143,
31,55,"I",2,4.47663995785841,5.37841567393395,"I",1,4.96578185229748,5.45866799889587,
31,56,"I",3,4.72009496585213,5.211282000591,"I",2,4.52480369216001,5.41760666490524,
31,57,"iv",3,4.86537109437425,5.3629533616211,"iv",3,4.86537109437425,5.3629533616211,
31,58,"I",4,3.08500299423261,4.88558687196421,"I",4,3.08500299423261,4.88558687196421,
,,,,,,,,,,
32,71,"V",3,5.5710768748335,4.83856822515081,"V",3,5.5710768748335,4.83856822515081,
32,72,"I",2,3.74915639255986,5.1503586681215,"I",2,3.74915639255986,5.1503586681215,
32,73,"iv",3,5.07562560014922,5.32500079079065,"iv",3,5.07562560014922,5.32500079079065,
32,74,"-VI",4,5.68946385384343,4.90356762522137,"-VI",4,5.68946385384343,4.90356762522137,
32,75,"-VII",3,3.90755089949817,4.81949546960391,"-VII",3,3.90755089949817,4.81949546960391,
32,76,"V",3,5.15405849370046,4.75881045370103,"-vio",3,5.1781388569558,4.75881045370103,0.0240803632553446
32,77,"I",3,4.68108836730149,3.53312977486244,"I",2,7.19150444955691,3.14497025971143,
32,78,"iv",3,5.07562560014922,5.32500079079065,"iv",1,5.54409686300092,5.48562646019199,
32,79,"-VI",4,5.68946385384343,4.90356762522137,"-VI",2,5.30001027964503,5.34581855761429,
32,80,"-VII",3,3.90755089949817,4.81949546960391,"-VII",3,3.90755089949817,4.81949546960391,
32,81,"V",3,5.15405849370046,4.75881045370103,"V",3,5.15405849370046,4.75881045370103,
,,,,,,,,,,
33,76,"V",3,5.15405849370046,4.75881045370103,"V",3,5.15405849370046,4.75881045370103,
33,77,"I",3,4.68108836730149,3.53312977486244,"I",3,4.68108836730149,3.53312977486244,
33,78,"iv",3,5.07562560014922,5.32500079079065,"iv",3,5.07562560014922,5.32500079079065,
33,79,"-VI",4,5.68946385384343,4.90356762522137,"-VI",4,5.68946385384343,4.90356762522137,
33,80,"-VII",3,3.90755089949817,4.81949546960391,"-VII",3,3.90755089949817,4.81949546960391,
33,81,"V",3,5.15405849370046,4.75881045370103,"-vio",3,5.1781388569558,4.75881045370103,0.0240803632553446
33,82,"I",3,4.68108836730149,3.53312977486244,"I",2,7.19150444955691,3.14497025971143,
33,83,"iv",3,5.07562560014922,5.32500079079065,"iv",1,5.54409686300092,5.48562646019199,
33,84,"-VI",4,5.68946385384343,4.90356762522137,"-VI",2,5.30001027964503,5.34581855761429,
33,85,"-VII",3,3.90755089949817,4.81949546960391,"-VII",3,3.90755089949817,4.81949546960391,
33,86,"V",3,5.15405849370046,4.75881045370103,"V",3,5.15405849370046,4.75881045370103,
,,,,,,,,,,
34,81,"V",3,5.15405849370046,4.75881045370103,"V",3,5.15405849370046,4.75881045370103,
34,82,"I",3,4.68108836730149,3.53312977486244,"I",3,4.68108836730149,3.53312977486244,
34,83,"iv",3,5.07562560014922,5.32500079079065,"iv",3,5.07562560014922,5.32500079079065,
34,84,"-VI",4,5.68946385384343,4.90356762522137,"-VI",4,5.68946385384343,4.90356762522137,
34,85,"-VII",3,3.90755089949817,4.81949546960391,"-VII",3,3.90755089949817,4.81949546960391,
34,86,"V",3,5.15405849370046,4.75881045370103,"-vio",3,5.1781388569558,4.75881045370103,0.0240803632553446
34,87,"I",3,4.68108836730149,3.53312977486244,"I",2,7.19150444955691,3.14497025971143,
34,88,"iv",3,5.07562560014922,5.32500079079065,"iv",1,5.54409686300092,5.48562646019199,
34,89,"-VI",4,5.68946385384343,4.90356762522137,"-VI",2,5.30001027964503,5.34581855761429,
34,90,"-VII",3,3.90755089949817,4.81949546960391,"-VII",3,3.90755089949817,4.81949546960391,
34,91,"V",3,5.15405849370046,4.75881045370103,"V",3,5.15405849370046,4.75881045370103,
,,,,,,,,,,
35,86,"V",3,5.15405849370046,4.75881045370103,"V",3,5.15405849370046,4.75881045370103,
35,87,"I",3,4.68108836730149,3.53312977486244,"I",3,4.68108836730149,3.53312977486244,
35,88,"iv",3,5.07562560014922,5.32500079079065,"iv",3,5.07562560014922,5.32500079079065,
35,89,"-VI",4,5.68946385384343,4.90356762522137,"-VI",4,5.68946385384343,4.90356762522137,
35,90,"-VII",3,3.90755089949817,4.81949546960391,"-VII",3,3.90755089949817,4.81949546960391,
35,91,"V",3,5.15405849370046,4.75881045370103,"-vio",3,5.1781388569558,4.75881045370103,0.0240803632553446
35,92,"I",3,4.68108836730149,3.53312977486244,"I",2,7.19150444955691,3.14497025971143,
35,93,"iv",3,5.07562560014922,5.32500079079065,"iv",1,5.54409686300092,5.48562646019199,
35,94,"-VI",4,5.68946385384343,4.90356762522137,"-VI",2,5.30001027964503,5.34581855761429,
35,95,"-VII",3,3.90755089949817,4.81949546960391,"-VII",3,3.90755089949817,4.81949546960391,
35,96,"V",3,5.15405849370046,4.75881045370103,"V",3,5.15405849370046,4.75881045370103,
,,,,,,,,,,
36,91,"V",3,5.15405849370046,4.75881045370103,"V",3,5.15405849370046,4.75881045370103,
36,92,"I",3,4.68108836730149,3.53312977486244,"I",3,4.68108836730149,3.53312977486244,
36,93,"iv",3,5.07562560014922,5.32500079079065,"iv",3,5.07562560014922,5.32500079079065,
36,94,"-VI",4,5.68946385384343,4.90356762522137,"-VI",4,5.68946385384343,4.90356762522137,
36,95,"-VII",3,3.90755089949817,4.81949546960391,"-VII",3,3.90755089949817,4.81949546960391,
36,96,"V",3,5.15405849370046,4.75881045370103,"-vio",3,5.1781388569558,4.75881045370103,0.0240803632553446
36,97,"I",3,4.68108836730149,3.53312977486244,"I",2,7.19150444955691,3.14497025971143,
36,98,"iv",3,5.07562560014922,5.32500079079065,"iv",1,5.54409686300092,5.48562646019199,
36,99,"-VI",4,5.68946385384343,4.90356762522137,"-VI",2,5.30001027964503,5.34581855761429,
36,100,"-VII",3,3.90755089949817,4.81949546960391,"-VII",3,3.90755089949817,4.81949546960391,
36,101,"V",3,5.15405849370046,4.75881045370103,"V",3,5.15405849370046,4.75881045370103,
,,,,,,,,,,
37,96,"V",3,5.15405849370046,4.75881045370103,"V",3,5.15405849370046,4.75881045370103,
37,97,"I",3,4.68108836730149,3.53312977486244,"I",3,4.68108836730149,3.53312977486244,
37,98,"iv",3,5.07562560014922,5.32500079079065,"iv",3,5.07562560014922,5.32500079079065,
37,99,"-VI",4,5.68946385384343,4.90356762522137,"-VI",4,5.68946385384343,4.90356762522137,
37,100,"-VII",3,3.90755089949817,4.81949546960391,"-VII",3,3.90755089949817,4.81949546960391,
37,101,"V",3,5.15405849370046,4.75881045370103,"-vio",3,5.1781388569558,4.75881045370103,0.0240803632553446
37,102,"I",3,4.68108836730149,3.53312977486244,"I",2,7.19150444955691,3.14497025971143,
37,103,"iv",3,5.07562560014922,5.32500079079065,"iv",1,5.54409686300092,5.48562646019199,
37,104,"-VI",4,5.68946385384343,4.90356762522137,"-VI",2,5.30001027964503,5.34581855761429,
37,105,"-VII",3,3.90755089949817,4.81949546960391,"-VII",3,3.90755089949817,4.81949546960391,
37,106,"V",3,5.15405849370046,4.75881045370103,"V",3,5.15405849370046,4.75881045370103,
,,,,,,,,,,
38,101,"V",3,5.15405849370046,4.75881045370103,"V",3,5.15405849370046,4.75881045370103,
38,102,"I",3,4.68108836730149,3.53312977486244,"I",3,4.68108836730149,3.53312977486244,
38,103,"iv",3,5.07562560014922,5.32500079079065,"iv",3,5.07562560014922,5.32500079079065,
38,104,"-VI",4,5.68946385384343,4.90356762522137,"-VI",4,5.68946385384343,4.90356762522137,
38,105,"-VII",3,3.90755089949817,4.81949546960391,"-VII",3,3.90755089949817,4.81949546960391,
38,106,"V",3,5.15405849370046,4.75881045370103,"-vio",3,5.1781388569558,4.75881045370103,0.0240803632553446
38,107,"I",3,4.68108836730149,3.53312977486244,"I",2,7.19150444955691,3.14497025971143,
38,108,"iv",3,5.07562560014922,5.32500079079065,"iv",1,5.54409686300092,5.48562646019199,
38,109,"-VI",4,5.68946385384343,4.90356762522137,"-VI",2,5.30001027964503,5.34581855761429,
38,110,"-VII",3,3.90755089949817,4.81949546960391,"-VII",3,3.90755089949817,4.81949546960391,
38,111,"V",3,5.15405849370046,4.75881045370103,"V",3,5.15405849370046,4.75881045370103,
,,,,,,,,,,
39,106,"V",3,5.15405849370046,4.75881045370103,"V",3,5.15405849370046,4.75881045370103,
39,107,"I",3,4.68108836730149,3.53312977486244,"I",3,4.68108836730149,3.53312977486244,
39,108,"iv",3,5.07562560014922,5.32500079079065,"iv",3,5.07562560014922,5.32500079079065,
39,109,"-VI",4,5.68946385384343,4.90356762522137,"-VI",4,5.68946385384343,4.90356762522137,
39,110,"-VII",3,3.90755089949817,4.81949546960391,"-VII",3,3.90755089949817,4.81949546960391,
39,111,"V",3,5.15405849370046,4.75881045370103,"-vio",3,5.1781388569558,4.75881045370103,0.0240803632553446
39,112,"I",3,4.68108836730149,3.53312977486244,"I",2,7.19150444955691,3.14497025971143,
39,113,"iv",3,5.07562560014922,5.32500079079065,"iv",1,5.54409686300092,5.48562646019199,
39,114,"-VI",4,5.68946385384343,4.90356762522137,"-VI",2,5.30001027964503,5.34581855761429,
39,115,"-VII",3,3.90755089949817,4.81949546960391,"-VII",3,3.90755089949817,4.81949546960391,
39,116,"V",3,5.15405849370046,4.75881045370103,"V",3,5.15405849370046,4.75881045370103,
,,,,,,,,,,
40,111,"V",3,5.15405849370046,4.75881045370103,"V",3,5.15405849370046,4.75881045370103,
40,112,"I",3,4.68108836730149,3.53312977486244,"I",3,4.68108836730149,3.53312977486244,
40,113,"iv",3,5.07562560014922,5.32500079079065,"iv",3,5.07562560014922,5.32500079079065,
40,114,"-VI",4,5.68946385384343,4.90356762522137,"-VI",4,5.68946385384343,4.90356762522137,
40,115,"-VII",3,3.90755089949817,4.81949546960391,"-VII",3,3.90755089949817,4.81949546960391,
40,116,"V",3,5.15405849370046,4.75881045370103,"-vio",3,5.1781388569558,4.75881045370103,0.0240803632553446
40,117,"I",3,4.68108836730149,3.53312977486244,"I",2,7.19150444955691,3.14497025971143,
40,118,"iv",3,5.07562560014922,5.32500079079065,"iv",1,5.54409686300092,5.48562646019199,
40,119,"-VI",4,5.68946385384343,4.90356762522137,"-VI",2,5.30001027964503,5.34581855761429,
40,120,"-VII",3,3.90755089949817,4.81949546960391,"-VII",3,3.90755089949817,4.81949546960391,
40,121,"V",3,5.15405849370046,4.75881045370103,"V",3,5.15405849370046,4.75881045370103,
,,,,,,,,,,
41,116,"V",3,5.15405849370046,4.75881045370103,"V",3,5.15405849370046,4.75881045370103,
41,117,"I",3,4.68108836730149,3.53312977486244,"I",3,4.68108836730149,3.53312977486244,
41,118,"iv",3,5.07562560014922,5.32500079079065,"iv",3,5.07562560014922,5.32500079079065,
41,119,"-VI",4,5.68946385384343,4.90356762522137,"-VI",4,5.68946385384343,4.90356762522137,
41,120,"-VII",3,3.90755089949817,4.81949546960391,"-VII",3,3.90755089949817,4.81949546960391,
41,121,"V",3,5.15405849370046,4.75881045370103,"-vio",3,5.1781388569558,4.75881045370103,0.0240803632553446
41,122,"I",3,4.68108836730149,3.53312977486244,"I",2,7.19150444955691,3.14497025971143,
41,123,"iv",3,5.07562560014922,5.32500079079065,"iv",1,5.54409686300092,5.48562646019199,
41,124,"-VI",4,5.68946385384343,4.90356762522137,"-VI",2,5.30001027964503,5.34581855761429,
41,125,"-VII",3,3.90755089949817,4.81949546960391,"-VII",3,3.90755089949817,4.81949546960391,
41,126,"V",3,5.15405849370046,4.75881045370103,"V",3,5.15405849370046,4.75881045370103,
,,,,,,,,,,
42,121,"V",3,5.15405849370046,4.75881045370103,"V",3,5.15405849370046,4.75881045370103,
42,122,"I",3,4.68108836730149,3.53312977486244,"I",3,4.68108836730149,3.53312977486244,
42,123,"iv",3,5.07562560014922,5.32500079079065,"iv",3,5.07562560014922,5.32500079079065,
42,124,"-VI",4,5.68946385384343,4.90356762522137,"-VI",4,5.68946385384343,4.90356762522137,
42,125,"-VII",3,3.90755089949817,4.81949546960391,"-VII",3,3.90755089949817,4.81949546960391,
42,126,"V",3,5.15405849370046,4.75881045370103,"-vio",3,5.1781388569558,4.75881045370103,0.0240803632553446
42,127,"r",3,3.93556986727883,3.53312977486244,"r",2,4.1207610426256,3.14497025971143,
42,128,"r",3,1.47250010276927,3.46744174320927,"r",1,2.30490866545722,4.0470645566471,
,,,,,,,,,,
43,49,"I",3,4.68108836730149,3.53312977486244,"I",3,4.68108836730149,3.53312977486244,
43,50,"iv",3,5.07562560014922,5.32500079079065,"iv",3,5.07562560014922,5.32500079079065,
43,51,"-VI",4,5.68946385384343,4.90356762522137,"-VI",4,5.68946385384343,4.90356762522137,
43,52,"-VII",3,3.90755089949817,4.81949546960391,"-VII",3,3.90755089949817,4.81949546960391,
43,53,"V",3,5.15405849370046,4.75881045370103,"V",3,5.15405849370046,4.75881045370103,
43,54,"iv",3,6.99604114622106,3.53312977486244,"v",3,6.97182352923348,3.53312977486244,0.0242176169875794
43,55,"I",2,4.47663995785841,5.37841567393395,"I",2,3.02936995990844,5.12061302343724,
43,56,"I",3,4.72009496585213,5.211282000591,"I",3,3.11759483770102,5.07642135044933,
43,57,"iv",3,4.86537109437425,5.3629533616211,"iv",4,4.8708782335338,5.19050416697645,
43,58,"I",4,3.08500299423261,4.88558687196421,"I",4,2.80298453125621,4.60588371472096,
43,59,"I",5,4.73001877490215,3.91739225222851,"I",5,4.2173624675796,4.82750743989901,
,,,,,,,,,,
44,58,"I",4,3.08500299423261,4.88558687196421,"I",4,3.08500299423261,4.88558687196421,
44,59,"I",5,4.73001877490215,3.91739225222851,"I",5,4.73001877490215,3.91739225222851,
44,60,"iv",4,4.27960867403141,5.28245065156191,"iv",4,4.27960867403141,5.28245065156191,
44,61,"I",5,2.54621138395972,4.62436978828499,"I",5,2.54621138395972,4.62436978828499,
44,62,"I",5,5.10749718391321,3.25739713856593,"I",5,5.10749718391321,3.25739713856593,
44,63,"-II",4,6.57136168987223,5.28245065156191,"-iiio",4,6.59662973122248,5.28245065156191,0.0252680413502526
44,64,"i",2,5.09067127070834,5.20258181560123,"i",3,7.75742231311384,2.93833960591029,
44,65,"V",2,5.72093508135976,5.16477540074537,"V",1,5.32030414932561,5.44920230094443,
44,66,"I",2,4.20984102876244,5.2615357242098,"I",2,4.20984102876244,5.2615357242098,
44,67,"iv",3,5.51842553178388,5.23115109082266,"iv",3,5.51842553178388,5.23115109082266,
44,68,"-VI",3,5.47992010563292,5.19505409648404,"-VI",3,5.47992010563292,5.19505409648404,
,,,,,,,,,,
45,8,"-VI",3,5.83459547443066,5.32500079079065,"-VI",3,5.83459547443066,5.32500079079065,
45,9,"iv",3,5.26980787290473,5.09003767343186,"iv",3,5.26980787290473,5.09003767343186,
45,10,"-VII",3,5.07664033396613,5.22512715129786,"-VII",3,5.07664033396613,5.22512715129786,
45,11,"V",3,5.65588175481794,4.29084137154169,"V",3,5.65588175481794,4.29084137154169,
45,12,"I",3,4.13056128302743,4.56078220423117,"I",3,4.13056128302743,4.56078220423117,
45,13,"iv",3,5.07562560014922,5.32500079079065,"-VII",3,5.05020663426058,5.32500079079065,0.0254189658886359
45,14,"-VI",4,5.68946385384343,4.90356762522137,"-VI",4,5.588960493948,4.20987995990653,
45,15,"v",3,4.57841213784385,4.81949546960391,"v",3,4.76849179832406,5.0364281663596,
45,16,"-VII",3,5.43457144436302,4.58630661253968,"-VII",3,4.58928900209388,5.0343248863369,
45,17,"V",3,5.5710768748335,4.83856822515081,"V",3,6.0627209598162,3.88164010287762,
45,18,"I",2,3.74915639255986,5.1503586681215,"I",2,3.74915639255986,5.1503586681215,
,,,,,,,,,,
46,14,"-VI",4,5.68946385384343,4.90356762522137,"-VI",4,5.68946385384343,4.90356762522137,
46,15,"v",3,4.57841213784385,4.81949546960391,"v",3,4.57841213784385,4.81949546960391,
46,16,"-VII",3,5.43457144436302,4.58630661253968,"-VII",3,5.43457144436302,4.58630661253968,
46,17,"V",3,5.5710768748335,4.83856822515081,"V",3,5.5710768748335,4.83856822515081,
46,18,"I",2,3.74915639255986,5.1503586681215,"I",2,3.74915639255986,5.1503586681215,
46,19,"iv",3,5.07562560014922,5.32500079079065,"-VII",3,5.05020663426058,5.32500079079065,0.0254189658886359
46,20,"-VI",4,5.68946385384343,4.90356762522137,"-VI",4,5.588960493948,4.20987995990653,
46,21,"-VII",3,3.90755089949817,4.81949546960391,"-VII",3,4.47521512275961,5.0364281663596,
46,22,"V",3,5.15405849370046,4.75881045370103,"V",3,5.12477421700053,4.77658037664186,
46,23,"I",3,4.68108836730149,3.53312977486244,"I",3,4.68108836730149,3.53312977486244,
46,24,"iv",3,5.07562560014922,5.32500079079065,"iv",3,5.07562560014922,5.32500079079065,
,,,,,,,,,,
47,19,"iv",3,5.07562560014922,5.32500079079065,"iv",3,5.07562560014922,5.32500079079065,
47,20,"-VI",4,5.68946385384343,4.90356762522137,"-VI",4,5.68946385384343,4.90356762522137,
47,21,"-VII",3,3.90755089949817,4.81949546960391,"-VII",3,3.90755089949817,4.81949546960391,
47,22,"V",3,5.15405849370046,4.75881045370103,"V",3,5.15405849370046,4.75881045370103,
47,23,"I",3,4.68108836730149,3.53312977486244,"I",3,4.68108836730149,3.53312977486244,
47,24,"iv",3,5.07562560014922,5.32500079079065,"-VII",3,5.05020663426058,5.32500079079065,0.0254189658886359
47,25,"-VI",4,5.68946385384343,4.90356762522137,"-VI",4,5.588960493948,4.20987995990653,
47,26,"-VII",3,3.90755089949817,4.81949546960391,"-VII",3,4.47521512275961,5.0364281663596,
47,27,"V",3,5.15405849370046,4.75881045370103,"V",3,5.12477421700053,4.77658037664186,
47,28,"I",3,4.68108836730149,3.53312977486244,"I",3,4.68108836730149,3.53312977486244,
47,29,"iv",3,5.07562560014922,5.32500079079065,"iv",3,5.07562560014922,5.32500079079065,
,,,,,,,,,,
48,24,"iv",3,5.07562560014922,5.32500079079065,"iv",3,5.07562560014922,5.32500079079065,
48,25,"-VI",4,5.68946385384343,4.90356762522137,"-VI",4,5.68946385384343,4.90356762522137,
48,26,"-VII",3,3.90755089949817,4.81949546960391,"-VII",3,3.90755089949817,4.81949546960391,
48,27,"V",3,5.15405849370046,4.75881045370103,"V",3,5.15405849370046,4.75881045370103,
48,28,"I",3,4.68108836730149,3.53312977486244,"I",3,4.68108836730149,3.53312977486244,
48,29,"iv",3,5.07562560014922,5.32500079079065,"-VII",3,5.05020663426058,5.32500079079065,0.0254189658886359
48,30,"-VI",4,5.68946385384343,4.90356762522137,"-VI",4,5.588960493948,4.20987995990653,
48,31,"-VII",3,3.90755089949817,4.81949546960391,"-VII",3,4.47521512275961,5.0364281663596,
48,32,"V",3,5.15405849370046,4.75881045370103,"V",3,5.12477421700053,4.77658037664186,
48,33,"I",3,4.68108836730149,3.53312977486244,"I",3,4.68108836730149,3.53312977486244,
48,34,"iv",3,5.07562560014922,5.32500079079065,"iv",3,5.07562560014922,5.32500079079065,
,,,,,,,,,,
49,29,"iv",3,5.07562560014922,5.32500079079065,"iv",3,5.07562560014922,5.32500079079065,
49,30,"-VI",4,5.68946385384343,4.90356762522137,"-VI",4,5.68946385384343,4.90356762522137,
49,31,"-VII",3,3.90755089949817,4.81949546960391,"-VII",3,3.90755089949817,4.81949546960391,
49,32,"V",3,5.15405849370046,4.75881045370103,"V",3,5.15405849370046,4.75881045370103,
49,33,"I",3,4.68108836730149,3.53312977486244,"I",3,4.68108836730149,3.53312977486244,
49,34,"iv",3,5.07562560014922,5.32500079079065,"-VII",3,5.05020663426058,5.32500079079065,0.0254189658886359
49,35,"-VI",4,5.68946385384343,4.90356762522137,"-VI",4,5.588960493948,4.20987995990653,
49,36,"v",3,4.57841213784385,4.81949546960391,"v",3,4.76849179832406,5.0364281663596,
49,37,"-VII",3,5.43457144436302,4.58630661253968,"-VII",3,4.58928900209388,5.0343248863369,
49,38,"V",3,5.5710768748335,4.83856822515081,"V",3,6.0627209598162,3.88164010287762,
49,39,"I",2,3.74915639255986,5.1503586681215,"I",2,3.74915639255986,5.1503586681215,
,,,,,,,,,,
50,35,"-VI",4,5.68946385384343,4.90356762522137,"-VI",4,5.68946385384343,4.90356762522137,
50,36,"v",3,4.57841213784385,4.81949546960391,"v",3,4.57841213784385,4.81949546960391,
50,37,"-VII",3,5.43457144436302,4.58630661253968,"-VII",3,5.43457144436302,4.58630661253968,
50,38,"V",3,5.5710768748335,4.83856822515081,"V",3,5.5710768748335,4.83856822515081,
50,39,"I",2,3.74915639255986,5.1503586681215,"I",2,3.74915639255986,5.1503586681215,
50,40,"iv",3,5.07562560014922,5.32500079079065,"-VII",3,5.05020663426058,5.32500079079065,0.0254189658886359
50,41,"-VI",4,5.68946385384343,4.90356762522137,"-VI",4,5.588960493948,4.20987995990653,
50,42,"-VII",3,3.90755089949817,4.81949546960391,"-VII",3,4.47521512275961,5.0364281663596,
50,43,"V",3,5.15405849370046,4.75881045370103,"V",3,5.12477421700053,4.77658037664186,
50,44,"I",3,4.68108836730149,3.53312977486244,"I",3,4.68108836730149,3.53312977486244,
50,45,"iv",3,5.07562560014922,5.32500079079065,"iv",3,5.07562560014922,5.32500079079065,
,,,,,,,,,,
51,40,"iv",3,5.07562560014922,5.32500079079065,"iv",3,5.07562560014922,5.32500079079065,
51,41,"-VI",4,5.68946385384343,4.90356762522137,"-VI",4,5.68946385384343,4.90356762522137,
51,42,"-VII",3,3.90755089949817,4.81949546960391,"-VII",3,3.90755089949817,4.81949546960391,
51,43,"V",3,5.15405849370046,4.75881045370103,"V",3,5.15405849370046,4.75881045370103,
51,44,"I",3,4.68108836730149,3.53312977486244,"I",3,4.68108836730149,3.53312977486244,
51,45,"iv",3,5.07562560014922,5.32500079079065,"-VII",3,5.05020663426058,5.32500079079065,0.0254189658886359
51,46,"-VI",4,5.68946385384343,4.90356762522137,"-VI",4,5.588960493948,4.20987995990653,
51,47,"-VII",3,3.90755089949817,4.81949546960391,"-VII",3,4.47521512275961,5.0364281663596,
51,48,"V",3,5.15405849370046,4.75881045370103,"V",3,5.12477421700053,4.77658037664186,
51,49,"I",3,4.68108836730149,3.53312977486244,"I",3,4.68108836730149,3.53312977486244,
51,50,"iv",3,5.07562560014922,5.32500079079065,"iv",3,5.07562560014922,5.32500079079065,
,,,,,,,,,,
52,45,"iv",3,5.07562560014922,5.32500079079065,"iv",3,5.07562560014922,5.32500079079065,
52,46,"-VI",4,5.68946385384343,4.90356762522137,"-VI",4,5.68946385384343,4.90356762522137,
52,47,"-VII",3,3.90755089949817,4.81949546960391,"-VII",3,3.90755089949817,4.81949546960391,
52,48,"V",3,5.15405849370046,4.75881045370103,"V",3,5.15405849370046,4.75881045370103,
52,49,"I",3,4.68108836730149,3.53312977486244,"I",3,4.68108836730149,3.53312977486244,
52,50,"iv",3,5.07562560014922,5.32500079079065,"-VII",3,5.05020663426058,5.32500079079065,0.0254189658886359
52,51,"-VI",4,5.68946385384343,4.90356762522137,"-VI",4,5.588960493948,4.20987995990653,
52,52,"-VII",3,3.90755089949817,4.81949546960391,"-VII",3,4.47521512275961,5.0364281663596,
52,53,"V",3,5.15405849370046,4.75881045370103,"V",3,5.12477421700053,4.77658037664186,
52,54,"iv",3,6.99604114622106,3.53312977486244,"iv",3,6.99604114622106,3.53312977486244,
52,55,"I",2,4.47663995785841,5.37841567393395,"I",2,4.47663995785841,5.37841567393395,
,,,,,,,,,,
53,68,"-VI",3,5.47992010563292,5.19505409648404,"-VI",3,5.47992010563292,5.19505409648404,
53,69,"v",3,4.57841213784385,4.81949546960391,"v",3,4.57841213784385,4.81949546960391,
53,70,"-VII",3,5.43457144436302,4.58630661253968,"-VII",3,5.43457144436302,4.58630661253968,
53,71,"V",3,5.5710768748335,4.83856822515081,"V",3,5.5710768748335,4.83856822515081,
53,72,"I",2,3.74915639255986,5.1503586681215,"I",2,3.74915639255986,5.1503586681215,
53,73,"iv",3,5.07562560014922,5.32500079079065,"-VII",3,5.05020663426058,5.32500079079065,0.0254189658886359
53,74,"-VI",4,5.68946385384343,4.90356762522137,"-VI",4,5.588960493948,4.20987995990653,
53,75,"-VII",3,3.90755089949817,4.81949546960391,"-VII",3,4.47521512275961,5.0364281663596,
53,76,"V",3,5.15405849370046,4.75881045370103,"V",3,5.12477421700053,4.77658037664186,
53,77,"I",3,4.68108836730149,3.53312977486244,"I",3,4.68108836730149,3.53312977486244,
53,78,"iv",3,5.07562560014922,5.32500079079065,"iv",3,5.07562560014922,5.32500079079065,
,,,,,,,,,,
54,73,"iv",3,5.07562560014922,5.32500079079065,"iv",3,5.07562560014922,5.32500079079065,
54,74,"-VI",4,5.68946385384343,4.90356762522137,"-VI",4,5.68946385384343,4.90356762522137,
54,75,"-VII",3,3.90755089949817,4.81949546960391,"-VII",3,3.90755089949817,4.81949546960391,
54,76,"V",3,5.15405849370046,4.75881045370103,"V",3,5.15405849370046,4.75881045370103,
54,77,"I",3,4.68108836730149,3.53312977486244,"I",3,4.68108836730149,3.53312977486244,
54,78,"iv",3,5.07562560014922,5.32500079079065,"-VII",3,5.05020663426058,5.32500079079065,0.0254189658886359
54,79,"-VI",4,5.68946385384343,4.90356762522137,"-VI",4,5.588960493948,4.20987995990653,
54,80,"-VII",3,3.90755089949817,4.81949546960391,"-VII",3,4.47521512275961,5.0364281663596,
54,81,"V",3,5.15405849370046,4.75881045370103,"V",3,5.12477421700053,4.77658037664186,
54,82,"I",3,4.68108836730149,3.53312977486244,"I",3,4.68108836730149,3.53312977486244,
54,83,"iv",3,5.07562560014922,5.32500079079065,"iv",3,5.07562560014922,5.32500079079065,
,,,,,,,,,,
55,78,"iv",3,5.07562560014922,5.32500079079065,"iv",3,5.07562560014922,5.32500079079065,
55,79,"-VI",4,5.68946385384343,4.90356762522137,"-VI",4,5.68946385384343,4.90356762522137,
55,80,"-VII",3,3.90755089949817,4.81949546960391,"-VII",3,3.90755089949817,4.81949546960391,
55,81,"V",3,5.15405849370046,4.75881045370103,"V",3,5.15405849370046,4.75881045370103,
55,82,"I",3,4.68108836730149,3.53312977486244,"I",3,4.68108836730149,3.53312977486244,
55,83,"iv",3,5.07562560014922,5.32500079079065,"-VII",3,5.05020663426058,5.32500079079065,0.0254189658886359
55,84,"-VI",4,5.68946385384343,4.90356762522137,"-VI",4,5.588960493948,4.20987995990653,
55,85,"-VII",3,3.90755089949817,4.81949546960391,"-VII",3,4.47521512275961,5.0364281663596,
55,86,"V",3,5.15405849370046,4.75881045370103,"V",3,5.12477421700053,4.77658037664186,
55,87,"I",3,4.68108836730149,3.53312977486244,"I",3,4.68108836730149,3.53312977486244,
55,88,"iv",3,5.07562560014922,5.32500079079065,"iv",3,5.07562560014922,5.32500079079065,
,,,,,,,,,,
56,83,"iv",3,5.07562560014922,5.32500079079065,"iv",3,5.07562560014922,5.32500079079065,
56,84,"-VI",4,5.68946385384343,4.90356762522137,"-VI",4,5.68946385384343,4.90356762522137,
56,85,"-VII",3,3.90755089949817,4.81949546960391,"-VII",3,3.90755089949817,4.81949546960391,
56,86,"V",3,5.15405849370046,4.75881045370103,"V",3,5.15405849370046,4.75881045370103,
56,87,"I",3,4.68108836730149,3.53312977486244,"I",3,4.68108836730149,3.53312977486244,
56,88,"iv",3,5.07562560014922,5.32500079079065,"-VII",3,5.05020663426058,5.32500079079065,0.0254189658886359
56,89,"-VI",4,5.68946385384343,4.90356762522137,"-VI",4,5.588960493948,4.20987995990653,
56,90,"-VII",3,3.90755089949817,4.81949546960391,"-VII",3,4.47521512275961,5.0364281663596,
56,91,"V",3,5.15405849370046,4.75881045370103,"V",3,5.12477421700053,4.77658037664186,
56,92,"I",3,4.68108836730149,3.53312977486244,"I",3,4.68108836730149,3.53312977486244,
56,93,"iv",3,5.07562560014922,5.32500079079065,"iv",3,5.07562560014922,5.32500079079065,
,,,,,,,,,,
57,88,"iv",3,5.07562560014922,5.32500079079065,"iv",3,5.07562560014922,5.32500079079065,
57,89,"-VI",4,5.68946385384343,4.90356762522137,"-VI",4,5.68946385384343,4.90356762522137,
57,90,"-VII",3,3.90755089949817,4.81949546960391,"-VII",3,3.90755089949817,4.81949546960391,
57,91,"V",3,5.15405849370046,4.75881045370103,"V",3,5.15405849370046,4.75881045370103,
57,92,"I",3,4.68108836730149,3.53312977486244,"I",3,4.68108836730149,3.53312977486244,
57,93,"iv",3,5.07562560014922,5.32500079079065,"-VII",3,5.05020663426058,5.32500079079065,0.0254189658886359
57,94,"-VI",4,5.68946385384343,4.90356762522137,"-VI",4,5.588960493948,4.20987995990653,
57,95,"-VII",3,3.90755089949817,4.81949546960391,"-VII",3,4.47521512275961,5.0364281663596,
57,96,"V",3,5.15405849370046,4.75881045370103,"V",3,5.12477421700053,4.77658037664186,
57,97,"I",3,4.68108836730149,3.53312977486244,"I",3,4.68108836730149,3.53312977486244,
57,98,"iv",3,5.07562560014922,5.32500079079065,"iv",3,5.07562560014922,5.32500079079065,
,,,,,,,,,,
58,93,"iv",3,5.07562560014922,5.32500079079065,"iv",3,5.07562560014922,5.32500079079065,
58,94,"-VI",4,5.68946385384343,4.90356762522137,"-VI",4,5.68946385384343,4.90356762522137,
58,95,"-VII",3,3.90755089949817,4.81949546960391,"-VII",3,3.90755089949817,4.81949546960391,
58,96,"V",3,5.15405849370046,4.75881045370103,"V",3,5.15405849370046,4.75881045370103,
58,97,"I",3,4.68108836730149,3.53312977486244,"I",3,4.68108836730149,3.53312977486244,
58,98,"iv",3,5.07562560014922,5.32500079079065,"-VII",3,5.05020663426058,5.32500079079065,0.0254189658886359
58,99,"-VI",4,5.68946385384343,4.90356762522137,"-VI",4,5.588960493948,4.20987995990653,
58,100,"-VII",3,3.90755089949817,4.81949546960391,"-VII",3,4.47521512275961,5.0364281663596,
58,101,"V",3,5.15405849370046,4.75881045370103,"V",3,5.12477421700053,4.77658037664186,
58,102,"I",3,4.68108836730149,3.53312977486244,"I",3,4.68108836730149,3.53312977486244,
58,103,"iv",3,5.07562560014922,5.32500079079065,"iv",3,5.07562560014922,5.32500079079065,
,,,,,,,,,,
59,98,"iv",3,5.07562560014922,5.32500079079065,"iv",3,5.07562560014922,5.32500079079065,
59,99,"-VI",4,5.68946385384343,4.90356762522137,"-VI",4,5.68946385384343,4.90356762522137,
59,100,"-VII",3,3.90755089949817,4.81949546960391,"-VII",3,3.90755089949817,4.81949546960391,
59,101,"V",3,5.15405849370046,4.75881045370103,"V",3,5.15405849370046,4.75881045370103,
59,102,"I",3,4.68108836730149,3.53312977486244,"I",3,4.68108836730149,3.53312977486244,
59,103,"iv",3,5.07562560014922,5.32500079079065,"-VII",3,5.05020663426058,5.32500079079065,0.0254189658886359
59,104,"-VI",4,5.68946385384343,4.90356762522137,"-VI",4,5.588960493948,4.20987995990653,
59,105,"-VII",3,3.90755089949817,4.81949546960391,"-VII",3,4.47521512275961,5.0364281663596,
59,106,"V",3,5.15405849370046,4.75881045370103,"V",3,5.12477421700053,4.77658037664186,
59,107,"I",3,4.68108836730149,3.53312977486244,"I",3,4.68108836730149,3.53312977486244,
59,108,"iv",3,5.07562560014922,5.32500079079065,"iv",3,5.07562560014922,5.32500079079065,
,,,,,,,,,,
60,103,"iv",3,5.07562560014922,5.32500079079065,"iv",3,5.07562560014922,5.32500079079065,
60,104,"-VI",4,5.68946385384343,4.90356762522137,"-VI",4,5.68946385384343,4.90356762522137,
60,105,"-VII",3,3.90755089949817,4.81949546960391,"-VII",3,3.90755089949817,4.81949546960391,
60,106,"V",3,5.15405849370046,4.75881045370103,"V",3,5.15405849370046,4.75881045370103,
60,107,"I",3,4.68108836730149,3.53312977486244,"I",3,4.68108836730149,3.53312977486244,
60,108,"iv",3,5.07562560014922,5.32500079079065,"-VII",3,5.05020663426058,5.32500079079065,0.0254189658886359
60,109,"-VI",4,5.68946385384343,4.90356762522137,"-VI",4,5.588960493948,4.20987995990653,
60,110,"-VII",3,3.90755089949817,4.81949546960391,"-VII",3,4.47521512275961,5.0364281663596,
60,111,"V",3,5.15405849370046,4.75881045370103,"V",3,5.12477421700053,4.77658037664186,
60,112,"I",3,4.68108836730149,3.53312977486244,"I",3,4.68108836730149,3.53312977486244,
60,113,"iv",3,5.07562560014922,5.32500079079065,"iv",3,5.07562560014922,5.32500079079065,
,,,,,,,,,,
61,108,"iv",3,5.07562560014922,5.32500079079065,"iv",3,5.07562560014922,5.32500079079065,
61,109,"-VI",4,5.68946385384343,4.90356762522137,"-VI",4,5.68946385384343,4.90356762522137,
61,110,"-VII",3,3.90755089949817,4.81949546960391,"-VII",3,3.90755089949817,4.81949546960391,
61,111,"V",3,5.15405849370046,4.75881045370103,"V",3,5.15405849370046,4.75881045370103,
61,112,"I",3,4.68108836730149,3.53312977486244,"I",3,4.68108836730149,3.53312977486244,
61,113,"iv",3,5.07562560014922,5.32500079079065,"-VII",3,5.05020663426058,5.32500079079065,0.0254189658886359
61,114,"-VI",4,5.68946385384343,4.90356762522137,"-VI",4,5.588960493948,4.20987995990653,
61,115,"-VII",3,3.90755089949817,4.81949546960391,"-VII",3,4.47521512275961,5.0364281663596,
61,116,"V",3,5.15405849370046,4.75881045370103,"V",3,5.12477421700053,4.77658037664186,
61,117,"I",3,4.68108836730149,3.53312977486244,"I",3,4.68108836730149,3.53312977486244,
61,118,"iv",3,5.07562560014922,5.32500079079065,"iv",3,5.07562560014922,5.32500079079065,
,,,,,,,,,,
62,113,"iv",3,5.07562560014922,5.32500079079065,"iv",3,5.07562560014922,5.32500079079065,
62,114,"-VI",4,5.68946385384343,4.90356762522137,"-VI",4,5.68946385384343,4.90356762522137,
62,115,"-VII",3,3.90755089949817,4.81949546960391,"-VII",3,3.90755089949817,4.81949546960391,
62,116,"V",3,5.15405849370046,4.75881045370103,"V",3,5.15405849370046,4.75881045370103,
62,117,"I",3,4.68108836730149,3.53312977486244,"I",3,4.68108836730149,3.53312977486244,
62,118,"iv",3,5.07562560014922,5.32500079079065,"-VII",3,5.05020663426058,5.32500079079065,0.0254189658886359
62,119,"-VI",4,5.68946385384343,4.90356762522137,"-VI",4,5.588960493948,4.20987995990653,
62,120,"-VII",3,3.90755089949817,4.81949546960391,"-VII",3,4.47521512275961,5.0364281663596,
62,121,"V",3,5.15405849370046,4.75881045370103,"V",3,5.12477421700053,4.77658037664186,
62,122,"I",3,4.68108836730149,3.53312977486244,"I",3,4.68108836730149,3.53312977486244,
62,123,"iv",3,5.07562560014922,5.32500079079065,"iv",3,5.07562560014922,5.32500079079065,
,,,,,,,,,,
63,118,"iv",3,5.07562560014922,5.32500079079065,"iv",3,5.07562560014922,5.32500079079065,
63,119,"-VI",4,5.68946385384343,4.90356762522137,"-VI",4,5.68946385384343,4.90356762522137,
63,120,"-VII",3,3.90755089949817,4.81949546960391,"-VII",3,3.90755089949817,4.81949546960391,
63,121,"V",3,5.15405849370046,4.75881045370103,"V",3,5.15405849370046,4.75881045370103,
63,122,"I",3,4.68108836730149,3.53312977486244,"I",3,4.68108836730149,3.53312977486244,
63,123,"iv",3,5.07562560014922,5.32500079079065,"-VII",3,5.05020663426058,5.32500079079065,0.0254189658886359
63,124,"-VI",4,5.68946385384343,4.90356762522137,"-VI",4,5.588960493948,4.20987995990653,
63,125,"-VII",3,3.90755089949817,4.81949546960391,"-VII",3,4.47521512275961,5.0364281663596,
63,126,"V",3,5.15405849370046,4.75881045370103,"V",3,5.12477421700053,4.77658037664186,
63,127,"r",3,3.93556986727883,3.53312977486244,"r",3,3.93556986727883,3.53312977486244,
63,128,"r",3,1.47250010276927,3.46744174320927,"r",3,1.47250010276927,3.46744174320927,
,,,,,,,,,,
64,62,"I",5,5.10749718391321,3.25739713856593,"I",5,5.10749718391321,3.25739713856593,
64,63,"-II",4,6.57136168987223,5.28245065156191,"-II",4,6.57136168987223,5.28245065156191,
64,64,"i",2,5.09067127070834,5.20258181560123,"i",2,5.09067127070834,5.20258181560123,
64,65,"V",2,5.72093508135976,5.16477540074537,"V",2,5.72093508135976,5.16477540074537,
64,66,"I",2,4.20984102876244,5.2615357242098,"I",2,4.20984102876244,5.2615357242098,
64,67,"iv",3,5.51842553178388,5.23115109082266,"iii",3,5.54627061156467,5.23115109082266,0.0278450797807874
64,68,"-VI",3,5.47992010563292,5.19505409648404,"-VI",3,7.06535842956781,4.84729861123134,
64,69,"v",3,4.57841213784385,4.81949546960391,"v",1,5.0856683562768,5.44398958677769,
64,70,"-VII",3,5.43457144436302,4.58630661253968,"-VII",2,5.03814453954653,5.13157069168893,
64,71,"V",3,5.5710768748335,4.83856822515081,"V",3,5.5710768748335,4.83856822515081,
64,72,"I",2,3.74915639255986,5.1503586681215,"I",2,3.74915639255986,5.1503586681215,
,,,,,,,,,,
65,55,"I",2,4.47663995785841,5.37841567393395,"I",2,4.47663995785841,5.37841567393395,
65,56,"I",3,4.72009496585213,5.211282000591,"I",3,4.72009496585213,5.211282000591,
65,57,"iv",3,4.86537109437425,5.3629533616211,"iv",3,4.86537109437425,5.3629533616211,
65,58,"I",4,3.08500299423261,4.88558687196421,"I",4,3.08500299423261,4.88558687196421,
65,59,"I",5,4.73001877490215,3.91739225222851,"I",5,4.73001877490215,3.91739225222851,
65,60,"iv",4,4.27960867403141,5.28245065156191,"IV",4,4.246038112026,5.28245065156191,0.0335705620054068
65,61,"I",5,2.54621138395972,4.62436978828499,"I",5,4.59527071381441,4.65265785647766,
65,62,"I",5,5.10749718391321,3.25739713856593,"I",4,3.58469489532622,5.08801900815503,
65,63,"-II",4,6.57136168987223,5.28245065156191,"-II",5,6.92048903900666,5.02950686998492,
65,64,"i",2,5.09067127070834,5.20258181560123,"i",2,5.09067127070834,5.20258181560123,
65,65,"V",2,5.72093508135976,5.16477540074537,"V",2,5.72093508135976,5.16477540074537,
,,,,,,,,,,
66,50,"iv",3,5.07562560014922,5.32500079079065,"iv",3,5.07562560014922,5.32500079079065,
66,51,"-VI",4,5.68946385384343,4.90356762522137,"-VI",4,5.68946385384343,4.90356762522137,
66,52,"-VII",3,3.90755089949817,4.81949546960391,"-VII",3,3.90755089949817,4.81949546960391,
66,53,"V",3,5.15405849370046,4.75881045370103,"V",3,5.15405849370046,4.75881045370103,
66,54,"iv",3,6.99604114622106,3.53312977486244,"iv",3,6.99604114622106,3.53312977486244,
66,55,"I",2,4.47663995785841,5.37841567393395,"v",2,4.51068179667909,5.37841567393395,0.0340418388206825
66,56,"I",3,4.72009496585213,5.211282000591,"I",3,4.4487093148976,4.80511327674653,
66,57,"iv",3,4.86537109437425,5.3629533616211,"iv",3,5.91144135839638,4.98313639084546,
66,58,"I",4,3.08500299423261,4.88558687196421,"I",3,4.18619453629693,5.11693737620006,
66,59,"I",5,4.73001877490215,3.91739225222851,"I",3,3.99603387204851,5.17446813025826,
66,60,"iv",4,4.27960867403141,5.28245065156191,"iv",4,4.27960867403141,5.28245065156191,
,,,,,,,,,,
67,62,"I",5,5.10749718391321,3.25739713856593,"I",5,5.10749718391321,3.25739713856593,
67,63,"-II",4,6.57136168987223,5.28245065156191,"-II",4,6.57136168987223,5.28245065156191,
67,64,"i",2,5.09067127070834,5.20258181560123,"i",2,5.09067127070834,5.20258181560123,
67,65,"V",2,5.72093508135976,5.16477540074537,"V",2,5.72093508135976,5.16477540074537,
67,66,"I",2,4.20984102876244,5.2615357242098,"I",2,4.20984102876244,5.2615357242098,
67,67,"iv",3,5.51842553178388,5.23115109082266,"-VII",3,5.48277326498704,5.23115109082266,0.0356522667968369
67,68,"-VI",3,5.47992010563292,5.19505409648404,"-VI",3,5.24985630038927,4.76880828069393,
67,69,"v",3,4.57841213784385,4.81949546960391,"v",3,4.76849179832406,5.0364281663596,
67,70,"-VII",3,5.43457144436302,4.58630661253968,"-VII",3,4.58928900209388,5.0343248863369,
67,71,"V",3,5.5710768748335,4.83856822515081,"V",3,6.0627209598162,3.88164010287762,
67,72,"I",2,3.74915639255986,5.1503586681215,"I",2,3.74915639255986,5.1503586681215,
,,,,,,,,,,
68,50,"iv",3,5.07562560014922,5.32500079079065,"iv",3,5.07562560014922,5.32500079079065,
68,51,"-VI",4,5.68946385384343,4.90356762522137,"-VI",4,5.68946385384343,4.90356762522137,
68,52,"-VII",3,3.90755089949817,4.81949546960391,"-VII",3,3.90755089949817,4.81949546960391,
68,53,"V",3,5.15405849370046,4.75881045370103,"V",3,5.15405849370046,4.75881045370103,
68,54,"iv",3,6.99604114622106,3.53312977486244,"iv",3,6.99604114622106,3.53312977486244,
68,55,"I",2,4.47663995785841,5.37841567393395,"iv",2,4.5135875278545,5.37841567393395,0.0369475699960935
68,56,"I",3,4.72009496585213,5.211282000591,"I",3,3.58016104632738,5.17799569166586,
68,57,"iv",3,4.86537109437425,5.3629533616211,"iv",4,4.21577522234891,4.72265684536625,
68,58,"I",4,3.08500299423261,4.88558687196421,"I",4,2.40690714370215,4.88973717367545,
68,59,"I",5,4.73001877490215,3.91739225222851,"I",5,4.17984859353751,4.35771175373677,
68,60,"iv",4,4.27960867403141,5.28245065156191,"iv",5,3.33119086585166,5.10303439649902,
,,,,,,,,,,
69,3,"-VI",2,6.22083251395648,4.79376213865723,"-VI",2,6.22083251395648,4.79376213865723,
69,4,"iv",3,5.21133966235777,5.04124325313467,"iv",3,5.21133966235777,5.04124325313467,
69,5,"-VII",3,5.07664033396613,5.22512715129786,"-VII",3,5.07664033396613,5.22512715129786,
69,6,"V",3,5.65588175481794,4.29084137154169,"V",3,5.65588175481794,4.29084137154169,
69,7,"I",3,4.13056128302743,4.56078220423117,"I",3,4.13056128302743,4.56078220423117,
69,8,"-VI",3,5.83459547443066,5.32500079079065,"VI",3,5.79758510674088,5.32500079079065,0.0370103676897759
69,9,"iv",3,5.26980787290473,5.09003767343186,"iv",3,6.51433079666254,4.65293524313775,
69,10,"-VII",3,5.07664033396613,5.22512715129786,"-VII",2,5.33418887936621,5.24243061759613,
69,11,"V",3,5.65588175481794,4.29084137154169,"V",2,5.03295503285821,5.15324908141791,
69,12,"I",3,4.13056128302743,4.56078220423117,"I",3,4.13056128302743,4.56078220423117,
69,13,"iv",3,5.07562560014922,5.32500079079065,"iv",3,5.07562560014922,5.32500079079065,
,,,,,,,,,,
70,49,"I",3,4.68108836730149,3.53312977486244,"I",3,4.68108836730149,3.53312977486244,
70,50,"iv",3,5.07562560014922,5.32500079079065,"iv",3,5.07562560014922,5.32500079079065,
70,51,"-VI",4,5.68946385384343,4.90356762522137,"-VI",4,5.68946385384343,4.90356762522137,
70,52,"-VII",3,3.90755089949817,4.81949546960391,"-VII",3,3.90755089949817,4.81949546960391,
70,53,"V",3,5.15405849370046,4.75881045370103,"V",3,5.15405849370046,4.75881045370103,
70,54,"iv",3,6.99604114622106,3.53312977486244,"-III",3,7.03425323731429,3.53312977486244,0.0382120910932331
70,55,"I",2,4.47663995785841,5.37841567393395,"I",2,4.81929525183843,5.22925442221395,
70,56,"I",3,4.72009496585213,5.211282000591,"I",3,1.94844214285277,4.76292203711933,
70,57,"iv",3,4.86537109437425,5.3629533616211,"iv",4,5.12132271612689,4.8430178504839,
70,58,"I",4,3.08500299423261,4.88558687196421,"I",4,3.8278359568157,4.64025121303427,
70,59,"I",5,4.73001877490215,3.91739225222851,"I",4,4.49634312729687,4.3472709053196,
,,,,,,,,,,
71,52,"-VII",3,3.90755089949817,4.81949546960391,"-VII",3,3.90755089949817,4.81949546960391,
71,53,"V",3,5.15405849370046,4.75881045370103,"V",3,5.15405849370046,4.75881045370103,
71,54,"iv",3,6.99604114622106,3.53312977486244,"iv",3,6.99604114622106,3.53312977486244,
71,55,"I",2,4.47663995785841,5.37841567393395,"I",2,4.47663995785841,5.37841567393395,
71,56,"I",3,4.72009496585213,5.211282000591,"I",3,4.72009496585213,5.211282000591,
71,57,"iv",3,4.86537109437425,5.3629533616211,"ii",3,4.90404366034293,5.3629533616211,0.03867256596868
71,58,"I",4,3.08500299423261,4.88558687196421,"I",4,4.17595252988225,4.7467580079859,
71,59,"I",5,4.73001877490215,3.91739225222851,"I",4,3.82359925605964,5.18474081970227,
71,60,"iv",4,4.27960867403141,5.28245065156191,"iv",5,6.2930336881222,3.78204805933631,
71,61,"I",5,2.54621138395972,4.62436978828499,"I",3,3.50656271816538,5.08337369430252,
71,62,"I",5,5.10749718391321,3.25739713856593,"I",4,4.49634312729687,4.3472709053196,
,,,,,,,,,,
72,58,"I",4,3.08500299423261,4.88558687196421,"I",4,3.08500299423261,4.88558687196421,
72,59,"I",5,4.73001877490215,3.91739225222851,"I",5,4.73001877490215,3.91739225222851,
72,60,"iv",4,4.27960867403141,5.28245065156191,"iv",4,4.27960867403141,5.28245065156191,
72,61,"I",5,2.54621138395972,4.62436978828499,"I",5,2.54621138395972,4.62436978828499,
72,62,"I",5,5.10749718391321,3.25739713856593,"I",5,5.10749718391321,3.25739713856593,
72,63,"-II",4,6.57136168987223,5.28245065156191,"vii",4,6.52339333178692,5.28245065156191,0.0479683580853019
72,64,"i",2,5.09067127070834,5.20258181560123,"i",3,6.08615139177977,3.81261706360485,
72,65,"V",2,5.72093508135976,5.16477540074537,"V",2,5.58721495245253,5.24754958323589,
72,66,"I",2,4.20984102876244,5.2615357242098,"I",2,4.20984102876244,5.2615357242098,
72,67,"iv",3,5.51842553178388,5.23115109082266,"iv",3,5.51842553178388,5.23115109082266,
72,68,"-VI",3,5.47992010563292,5.19505409648404,"-VI",3,5.47992010563292,5.19505409648404,
,,,,,,,,,,
73,49,"I",3,4.68108836730149,3.53312977486244,"I",3,4.68108836730149,3.53312977486244,
73,50,"iv",3,5.07562560014922,5.32500079079065,"iv",3,5.07562560014922,5.32500079079065,
73,51,"-VI",4,5.68946385384343,4.90356762522137,"-VI",4,5.68946385384343,4.90356762522137,
73,52,"-VII",3,3.90755089949817,4.81949546960391,"-VII",3,3.90755089949817,4.81949546960391,
73,53,"V",3,5.15405849370046,4.75881045370103,"V",3,5.15405849370046,4.75881045370103,
73,54,"iv",3,6.99604114622106,3.53312977486244,"VI",3,7.04721887251535,3.53312977486244,0.0511777262942861
73,55,"I",2,4.47663995785841,5.37841567393395,"I",2,3.72495640539973,5.16758167151779,
73,56,"I",3,4.72009496585213,5.211282000591,"I",3,3.47290257641285,5.11644364718662,
73,57,"iv",3,4.86537109437425,5.3629533616211,"iv",4,5.61134190012295,4.90975129231789,
73,58,"I",4,3.08500299423261,4.88558687196421,"I",3,3.50656271816538,5.08337369430252,
73,59,"I",5,4.73001877490215,3.91739225222851,"I",4,4.49634312729687,4.3472709053196,
,,,,,,,,,,
74,58,"I",4,3.08500299423261,4.88558687196421,"I",4,3.08500299423261,4.88558687196421,
74,59,"I",5,4.73001877490215,3.91739225222851,"I",5,4.73001877490215,3.91739225222851,
74,60,"iv",4,4.27960867403141,5.28245065156191,"iv",4,4.27960867403141,5.28245065156191,
74,61,"I",5,2.54621138395972,4.62436978828499,"I",5,2.54621138395972,4.62436978828499,
74,62,"I",5,5.10749718391321,3.25739713856593,"I",5,5.10749718391321,3.25739713856593,
74,63,"-II",4,6.57136168987223,5.28245065156191,"viio",4,6.50995812008452,5.28245065156191,0.0614035697877071
74,64,"i",2,5.09067127070834,5.20258181560123,"i",3,5.48911424393199,3.82441310177085,
74,65,"V",2,5.72093508135976,5.16477540074537,"V",2,5.58866467125246,5.16402069253953,
74,66,"I",2,4.20984102876244,5.2615357242098,"I",2,4.20984102876244,5.2615357242098,
74,67,"iv",3,5.51842553178388,5.23115109082266,"iv",3,5.51842553178388,5.23115109082266,
74,68,"-VI",3,5.47992010563292,5.19505409648404,"-VI",3,5.47992010563292,5.19505409648404,
,,,,,,,,,,
75,58,"I",4,3.08500299423261,4.88558687196421,"I",4,3.08500299423261,4.88558687196421,
75,59,"I",5,4.73001877490215,3.91739225222851,"I",5,4.73001877490215,3.91739225222851,
75,60,"iv",4,4.27960867403141,5.28245065156191,"iv",4,4.27960867403141,5.28245065156191,
75,61,"I",5,2.54621138395972,4.62436978828499,"I",5,2.54621138395972,4.62436978828499,
75,62,"I",5,5.10749718391321,3.25739713856593,"I",5,5.10749718391321,3.25739713856593,
75,63,"-II",4,6.57136168987223,5.28245065156191,"#IV",4,6.50995812008452,5.28245065156191,0.0614035697877071
75,64,"i",2,5.09067127070834,5.20258181560123,"i",3,7.43768917785722,3.63080595885034,
75,65,"V",2,5.72093508135976,5.16477540074537,"V",1,5.32030414932561,5.44920230094443,
75,66,"I",2,4.20984102876244,5.2615357242098,"I",2,4.20984102876244,5.2615357242098,
75,67,"iv",3,5.51842553178388,5.23115109082266,"iv",3,5.51842553178388,5.23115109082266,
75,68,"-VI",3,5.47992010563292,5.19505409648404,"-VI",3,5.47992010563292,5.19505409648404,
,,,,,,,,,,
76,58,"I",4,3.08500299423261,4.88558687196421,"I",4,3.08500299423261,4.88558687196421,
76,59,"I",5,4.73001877490215,3.91739225222851,"I",5,4.73001877490215,3.91739225222851,
76,60,"iv",4,4.27960867403141,5.28245065156191,"iv",4,4.27960867403141,5.28245065156191,
76,61,"I",5,2.54621138395972,4.62436978828499,"I",5,2.54621138395972,4.62436978828499,
76,62,"I",5,5.10749718391321,3.25739713856593,"I",5,5.10749718391321,3.25739713856593,
76,63,"-II",4,6.57136168987223,5.28245065156191,"io",4,6.63281084782678,5.28245065156191,0.0614491579545495
76,64,"i",2,5.09067127070834,5.20258181560123,"i",3,6.80220323812789,4.10716562061679,
76,65,"V",2,5.72093508135976,5.16477540074537,"V",1,5.32030414932561,5.44920230094443,
76,66,"I",2,4.20984102876244,5.2615357242098,"I",2,4.20984102876244,5.2615357242098,
76,67,"iv",3,5.51842553178388,5.23115109082266,"iv",3,5.51842553178388,5.23115109082266,
76,68,"-VI",3,5.47992010563292,5.19505409648404,"-VI",3,5.47992010563292,5.19505409648404,
,,,,,,,,,,
77,5,"-VII",3,5.07664033396613,5.22512715129786,"-VII",3,5.07664033396613,5.22512715129786,
77,6,"V",3,5.65588175481794,4.29084137154169,"V",3,5.65588175481794,4.29084137154169,
77,7,"I",3,4.13056128302743,4.56078220423117,"I",3,4.13056128302743,4.56078220423117,
77,8,"-VI",3,5.83459547443066,5.32500079079065,"-VI",3,5.83459547443066,5.32500079079065,
77,9,"iv",3,5.26980787290473,5.09003767343186,"iv",3,5.26980787290473,5.09003767343186,
77,10,"-VII",3,5.07664033396613,5.22512715129786,"iv",3,5.01464631441416,5.22512715129786,0.0619940195519657
77,11,"V",3,5.65588175481794,4.29084137154169,"V",3,3.98307203378395,5.21827811158948,
77,12,"I",3,4.13056128302743,4.56078220423117,"I",4,4.44278573661857,4.06790748441886,
77,13,"iv",3,5.07562560014922,5.32500079079065,"iv",3,5.20362798949977,5.386012062529,
77,14,"-VI",4,5.68946385384343,4.90356762522137,"-VI",4,5.71363977342064,4.87609815256913,
77,15,"v",3,4.57841213784385,4.81949546960391,"v",3,4.57841213784385,4.81949546960391,
,,,,,,,,,,
78,5,"-VII",3,5.07664033396613,5.22512715129786,"-VII",3,5.07664033396613,5.22512715129786,
78,6,"V",3,5.65588175481794,4.29084137154169,"V",3,5.65588175481794,4.29084137154169,
78,7,"I",3,4.13056128302743,4.56078220423117,"I",3,4.13056128302743,4.56078220423117,
78,8,"-VI",3,5.83459547443066,5.32500079079065,"-VI",3,5.83459547443066,5.32500079079065,
78,9,"iv",3,5.26980787290473,5.09003767343186,"iv",3,5.26980787290473,5.09003767343186,
78,10,"-VII",3,5.07664033396613,5.22512715129786,"I",3,5.13955700640119,5.22512715129786,0.0629166724350618
78,11,"V",3,5.65588175481794,4.29084137154169,"V",3,4.65842431340296,5.10098711722618,
78,12,"I",3,4.13056128302743,4.56078220423117,"I",3,2.91331464311774,5.04160760140561,
78,13,"iv",3,5.07562560014922,5.32500079079065,"iv",4,5.43445322013098,5.13671215490368,
78,14,"-VI",4,5.68946385384343,4.90356762522137,"-VI",4,5.82879187125528,4.64602853308494,
78,15,"v",3,4.57841213784385,4.81949546960391,"v",3,4.57841213784385,4.81949546960391,
,,,,,,,,,,
79,3,"-VI",2,6.22083251395648,4.79376213865723,"-VI",2,6.22083251395648,4.79376213865723,
79,4,"iv",3,5.21133966235777,5.04124325313467,"iv",3,5.21133966235777,5.04124325313467,
79,5,"-VII",3,5.07664033396613,5.22512715129786,"-VII",3,5.07664033396613,5.22512715129786,
79,6,"V",3,5.65588175481794,4.29084137154169,"V",3,5.65588175481794,4.29084137154169,
79,7,"I",3,4.13056128302743,4.56078220423117,"I",3,4.13056128302743,4.56078220423117,
79,8,"-VI",3,5.83459547443066,5.32500079079065,"i",3,5.7685334058524,5.32500079079065,0.0660620685782609
79,9,"iv",3,5.26980787290473,5.09003767343186,"iv",3,3.98618085697945,5.13517016957433,
79,10,"-VII",3,5.07664033396613,5.22512715129786,"-VII",4,4.03844626651223,4.72915256567647,
79,11,"V",3,5.65588175481794,4.29084137154169,"V",4,5.72842093792182,4.28370550596079,
79,12,"I",3,4.13056128302743,4.56078220423117,"I",3,4.13056128302743,4.56078220423117,
79,13,"iv",3,5.07562560014922,5.32500079079065,"iv",3,5.07562560014922,5.32500079079065,
,,,,,,,,,,
80,7,"I",3,4.13056128302743,4.56078220423117,"I",3,4.13056128302743,4.56078220423117,
80,8,"-VI",3,5.83459547443066,5.32500079079065,"-VI",3,5.83459547443066,5.32500079079065,
80,9,"iv",3,5.26980787290473,5.09003767343186,"iv",3,5.26980787290473,5.09003767343186,
80,10,"-VII",3,5.07664033396613,5.22512715129786,"-VII",3,5.07664033396613,5.22512715129786,
80,11,"V",3,5.65588175481794,4.29084137154169,"V",3,5.65588175481794,4.29084137154169,
80,12,"I",3,4.13056128302743,4.56078220423117,"IV",3,4.06332242214232,4.56078220423117,0.067238860885106
80,13,"iv",3,5.07562560014922,5.32500079079065,"iv",3,5.38868261683965,4.66868317496406,
80,14,"-VI",4,5.68946385384343,4.90356762522137,"-VI",3,5.27106695359606,5.17613447016163,
80,15,"v",3,4.57841213784385,4.81949546960391,"v",3,4.75900913366947,4.39051284554066,
80,16,"-VII",3,5.43457144436302,4.58630661253968,"-VII",3,5.43457144436302,4.58630661253968,
80,17,"V",3,5.5710768748335,4.83856822515081,"V",3,5.5710768748335,4.83856822515081,
,,,,,,,,,,
81,13,"iv",3,5.07562560014922,5.32500079079065,"iv",3,5.07562560014922,5.32500079079065,
81,14,"-VI",4,5.68946385384343,4.90356762522137,"-VI",4,5.68946385384343,4.90356762522137,
81,15,"v",3,4.57841213784385,4.81949546960391,"v",3,4.57841213784385,4.81949546960391,
81,16,"-VII",3,5.43457144436302,4.58630661253968,"-VII",3,5.43457144436302,4.58630661253968,
81,17,"V",3,5.5710768748335,4.83856822515081,"V",3,5.5710768748335,4.83856822515081,
81,18,"I",2,3.74915639255986,5.1503586681215,"IV",2,3.68191753167476,5.1503586681215,0.0672388608851064
81,19,"iv",3,5.07562560014922,5.32500079079065,"iv",3,5.38868261683965,4.66868317496406,
81,20,"-VI",4,5.68946385384343,4.90356762522137,"-VI",3,5.27106695359606,5.17613447016163,
81,21,"-VII",3,3.90755089949817,4.81949546960391,"-VII",3,1.52942958735071,4.39051284554066,
81,22,"V",3,5.15405849370046,4.75881045370103,"V",4,5.49879069895043,4.46765964335678,
81,23,"I",3,4.68108836730149,3.53312977486244,"I",3,4.68108836730149,3.53312977486244,
,,,,,,,,,,
82,34,"iv",3,5.07562560014922,5.32500079079065,"iv",3,5.07562560014922,5.32500079079065,
82,35,"-VI",4,5.68946385384343,4.90356762522137,"-VI",4,5.68946385384343,4.90356762522137,
82,36,"v",3,4.57841213784385,4.81949546960391,"v",3,4.57841213784385,4.81949546960391,
82,37,"-VII",3,5.43457144436302,4.58630661253968,"-VII",3,5.43457144436302,4.58630661253968,
82,38,"V",3,5.5710768748335,4.83856822515081,"V",3,5.5710768748335,4.83856822515081,
82,39,"I",2,3.74915639255986,5.1503586681215,"IV",2,3.68191753167476,5.1503586681215,0.0672388608851064
82,40,"iv",3,5.07562560014922,5.32500079079065,"iv",3,5.38868261683965,4.66868317496406,
82,41,"-VI",4,5.68946385384343,4.90356762522137,"-VI",3,5.27106695359606,5.17613447016163,
82,42,"-VII",3,3.90755089949817,4.81949546960391,"-VII",3,1.52942958735071,4.39051284554066,
82,43,"V",3,5.15405849370046,4.75881045370103,"V",4,5.49879069895043,4.46765964335678,
82,44,"I",3,4.68108836730149,3.53312977486244,"I",3,4.68108836730149,3.53312977486244,
,,,,,,,,,,
83,67,"iv",3,5.51842553178388,5.23115109082266,"iv",3,5.51842553178388,5.23115109082266,
83,68,"-VI",3,5.47992010563292,5.19505409648404,"-VI",3,5.47992010563292,5.19505409648404,
83,69,"v",3,4.57841213784385,4.81949546960391,"v",3,4.57841213784385,4.81949546960391,
83,70,"-VII",3,5.43457144436302,4.58630661253968,"-VII",3,5.43457144436302,4.58630661253968,
83,71,"V",3,5.5710768748335,4.83856822515081,"V",3,5.5710768748335,4.83856822515081,
83,72,"I",2,3.74915639255986,5.1503586681215,"IV",2,3.68191753167476,5.1503586681215,0.0672388608851064
83,73,"iv",3,5.07562560014922,5.32500079079065,"iv",3,5.38868261683965,4.66868317496406,
83,74,"-VI",4,5.68946385384343,4.90356762522137,"-VI",3,5.27106695359606,5.17613447016163,
83,75,"-VII",3,3.90755089949817,4.81949546960391,"-VII",3,1.52942958735071,4.39051284554066,
83,76,"V",3,5.15405849370046,4.75881045370103,"V",4,5.49879069895043,4.46765964335678,
83,77,"I",3,4.68108836730149,3.53312977486244,"I",3,4.68108836730149,3.53312977486244,
,,,,,,,,,,
84,18,"I",2,3.74915639255986,5.1503586681215,"I",2,3.74915639255986,5.1503586681215,
84,19,"iv",3,5.07562560014922,5.32500079079065,"iv",3,5.07562560014922,5.32500079079065,
84,20,"-VI",4,5.68946385384343,4.90356762522137,"-VI",4,5.68946385384343,4.90356762522137,
84,21,"-VII",3,3.90755089949817,4.81949546960391,"-VII",3,3.90755089949817,4.81949546960391,
84,22,"V",3,5.15405849370046,4.75881045370103,"V",3,5.15405849370046,4.75881045370103,
84,23,"I",3,4.68108836730149,3.53312977486244,"IV",3,4.61384950641638,3.53312977486244,0.0672388608851069
84,24,"iv",3,5.07562560014922,5.32500079079065,"iv",3,5.38868261683965,4.66868317496406,
84,25,"-VI",4,5.68946385384343,4.90356762522137,"-VI",3,5.27106695359606,5.17613447016163,
84,26,"-VII",3,3.90755089949817,4.81949546960391,"-VII",3,1.52942958735071,4.39051284554066,
84,27,"V",3,5.15405849370046,4.75881045370103,"V",4,5.49879069895043,4.46765964335678,
84,28,"I",3,4.68108836730149,3.53312977486244,"I",3,4.68108836730149,3.53312977486244,
,,,,,,,,,,
85,23,"I",3,4.68108836730149,3.53312977486244,"I",3,4.68108836730149,3.53312977486244,
85,24,"iv",3,5.07562560014922,5.32500079079065,"iv",3,5.07562560014922,5.32500079079065,
85,25,"-VI",4,5.68946385384343,4.90356762522137,"-VI",4,5.68946385384343,4.90356762522137,
85,26,"-VII",3,3.90755089949817,4.81949546960391,"-VII",3,3.90755089949817,4.81949546960391,
85,27,"V",3,5.15405849370046,4.75881045370103,"V",3,5.15405849370046,4.75881045370103,
85,28,"I",3,4.68108836730149,3.53312977486244,"IV",3,4.61384950641638,3.53312977486244,0.0672388608851069
85,29,"iv",3,5.07562560014922,5.32500079079065,"iv",3,5.38868261683965,4.66868317496406,
85,30,"-VI",4,5.68946385384343,4.90356762522137,"-VI",3,5.27106695359606,5.17613447016163,
85,31,"-VII",3,3.90755089949817,4.81949546960391,"-VII",3,1.52942958735071,4.39051284554066,
85,32,"V",3,5.15405849370046,4.75881045370103,"V",4,5.49879069895043,4.46765964335678,
85,33,"I",3,4.68108836730149,3.53312977486244,"I",3,4.68108836730149,3.53312977486244,
,,,,,,,,,,
86,28,"I",3,4.68108836730149,3.53312977486244,"I",3,4.68108836730149,3.53312977486244,
86,29,"iv",3,5.07562560014922,5.32500079079065,"iv",3,5.07562560014922,5.32500079079065,
86,30,"-VI",4,5.68946385384343,4.90356762522137,"-VI",4,5.68946385384343,4.90356762522137,
86,31,"-VII",3,3.90755089949817,4.81949546960391,"-VII",3,3.90755089949817,4.81949546960391,
86,32,"V",3,5.15405849370046,4.75881045370103,"V",3,5.15405849370046,4.75881045370103,
86,33,"I",3,4.68108836730149,3.53312977486244,"IV",3,4.61384950641638,3.53312977486244,0.0672388608851069
86,34,"iv",3,5.07562560014922,5.32500079079065,"iv",3,5.38868261683965,4.66868317496406,
86,35,"-VI",4,5.68946385384343,4.90356762522137,"-VI",3,5.27106695359606,5.17613447016163,
86,36,"v",3,4.57841213784385,4.81949546960391,"v",3,4.75900913366947,4.39051284554066,
86,37,"-VII",3,5.43457144436302,4.58630661253968,"-VII",3,5.43457144436302,4.58630661253968,
86,38,"V",3,5.5710768748335,4.83856822515081,"V",3,5.5710768748335,4.83856822515081,
,,,,,,,,,,
87,39,"I",2,3.74915639255986,5.1503586681215,"I",2,3.74915639255986,5.1503586681215,
87,40,"iv",3,5.07562560014922,5.32500079079065,"iv",3,5.07562560014922,5.32500079079065,
87,41,"-VI",4,5.68946385384343,4.90356762522137,"-VI",4,5.68946385384343,4.90356762522137,
87,42,"-VII",3,3.90755089949817,4.81949546960391,"-VII",3,3.90755089949817,4.81949546960391,
87,43,"V",3,5.15405849370046,4.75881045370103,"V",3,5.15405849370046,4.75881045370103,
87,44,"I",3,4.68108836730149,3.53312977486244,"IV",3,4.61384950641638,3.53312977486244,0.0672388608851069
87,45,"iv",3,5.07562560014922,5.32500079079065,"iv",3,5.38868261683965,4.66868317496406,
87,46,"-VI",4,5.68946385384343,4.90356762522137,"-VI",3,5.27106695359606,5.17613447016163,
87,47,"-VII",3,3.90755089949817,4.81949546960391,"-VII",3,1.52942958735071,4.39051284554066,
87,48,"V",3,5.15405849370046,4.75881045370103,"V",4,5.49879069895043,4.46765964335678,
87,49,"I",3,4.68108836730149,3.53312977486244,"I",3,4.68108836730149,3.53312977486244,
,,,,,,,,,,
88,44,"I",3,4.68108836730149,3.53312977486244,"I",3,4.68108836730149,3.53312977486244,
88,45,"iv",3,5.07562560014922,5.32500079079065,"iv",3,5.07562560014922,5.32500079079065,
88,46,"-VI",4,5.68946385384343,4.90356762522137,"-VI",4,5.68946385384343,4.90356762522137,
88,47,"-VII",3,3.90755089949817,4.81949546960391,"-VII",3,3.90755089949817,4.81949546960391,
88,48,"V",3,5.15405849370046,4.75881045370103,"V",3,5.15405849370046,4.75881045370103,
88,49,"I",3,4.68108836730149,3.53312977486244,"IV",3,4.61384950641638,3.53312977486244,0.0672388608851069
88,50,"iv",3,5.07562560014922,5.32500079079065,"iv",3,5.38868261683965,4.66868317496406,
88,51,"-VI",4,5.68946385384343,4.90356762522137,"-VI",3,5.27106695359606,5.17613447016163,
88,52,"-VII",3,3.90755089949817,4.81949546960391,"-VII",3,1.52942958735071,4.39051284554066,
88,53,"V",3,5.15405849370046,4.75881045370103,"V",4,5.49879069895043,4.46765964335678,
88,54,"iv",3,6.99604114622106,3.53312977486244,"iv",3,6.99604114622106,3.53312977486244,
,,,,,,,,,,
89,72,"I",2,3.74915639255986,5.1503586681215,"I",2,3.74915639255986,5.1503586681215,
89,73,"iv",3,5.07562560014922,5.32500079079065,"iv",3,5.07562560014922,5.32500079079065,
89,74,"-VI",4,5.68946385384343,4.90356762522137,"-VI",4,5.68946385384343,4.90356762522137,
89,75,"-VII",3,3.90755089949817,4.81949546960391,"-VII",3,3.90755089949817,4.81949546960391,
89,76,"V",3,5.15405849370046,4.75881045370103,"V",3,5.15405849370046,4.75881045370103,
89,77,"I",3,4.68108836730149,3.53312977486244,"IV",3,4.61384950641638,3.53312977486244,0.0672388608851069
89,78,"iv",3,5.07562560014922,5.32500079079065,"iv",3,5.38868261683965,4.66868317496406,
89,79,"-VI",4,5.68946385384343,4.90356762522137,"-VI",3,5.27106695359606,5.17613447016163,
89,80,"-VII",3,3.90755089949817,4.81949546960391,"-VII",3,1.52942958735071,4.39051284554066,
89,81,"V",3,5.15405849370046,4.75881045370103,"V",4,5.49879069895043,4.46765964335678,
89,82,"I",3,4.68108836730149,3.53312977486244,"I",3,4.68108836730149,3.53312977486244,
,,,,,,,,,,
90,77,"I",3,4.68108836730149,3.53312977486244,"I",3,4.68108836730149,3.53312977486244,
90,78,"iv",3,5.07562560014922,5.32500079079065,"iv",3,5.07562560014922,5.32500079079065,
90,79,"-VI",4,5.68946385384343,4.90356762522137,"-VI",4,5.68946385384343,4.90356762522137,
90,80,"-VII",3,3.90755089949817,4.81949546960391,"-VII",3,3.90755089949817,4.81949546960391,
90,81,"V",3,5.15405849370046,4.75881045370103,"V",3,5.15405849370046,4.75881045370103,
90,82,"I",3,4.68108836730149,3.53312977486244,"IV",3,4.61384950641638,3.53312977486244,0.0672388608851069
90,83,"iv",3,5.07562560014922,5.32500079079065,"iv",3,5.38868261683965,4.66868317496406,
90,84,"-VI",4,5.68946385384343,4.90356762522137,"-VI",3,5.27106695359606,5.17613447016163,
90,85,"-VII",3,3.90755089949817,4.81949546960391,"-VII",3,1.52942958735071,4.39051284554066,
90,86,"V",3,5.15405849370046,4.75881045370103,"V",4,5.49879069895043,4.46765964335678,
90,87,"I",3,4.68108836730149,3.53312977486244,"I",3,4.68108836730149,3.53312977486244,
,,,,,,,,,,
91,82,"I",3,4.68108836730149,3.53312977486244,"I",3,4.68108836730149,3.53312977486244,
91,83,"iv",3,5.07562560014922,5.32500079079065,"iv",3,5.07562560014922,5.32500079079065,
91,84,"-VI",4,5.68946385384343,4.90356762522137,"-VI",4,5.68946385384343,4.90356762522137,
91,85,"-VII",3,3.90755089949817,4.81949546960391,"-VII",3,3.90755089949817,4.81949546960391,
91,86,"V",3,5.15405849370046,4.75881045370103,"V",3,5.15405849370046,4.75881045370103,
91,87,"I",3,4.68108836730149,3.53312977486244,"IV",3,4.61384950641638,3.53312977486244,0.0672388608851069
91,88,"iv",3,5.07562560014922,5.32500079079065,"iv",3,5.38868261683965,4.66868317496406,
91,89,"-VI",4,5.68946385384343,4.90356762522137,"-VI",3,5.27106695359606,5.17613447016163,
91,90,"-VII",3,3.90755089949817,4.81949546960391,"-VII",3,1.52942958735071,4.39051284554066,
91,91,"V",3,5.15405849370046,4.75881045370103,"V",4,5.49879069895043,4.46765964335678,
91,92,"I",3,4.68108836730149,3.53312977486244,"I",3,4.68108836730149,3.53312977486244,
,,,,,,,,,,
92,87,"I",3,4.68108836730149,3.53312977486244,"I",3,4.68108836730149,3.53312977486244,
92,88,"iv",3,5.07562560014922,5.32500079079065,"iv",3,5.07562560014922,5.32500079079065,
92,89,"-VI",4,5.68946385384343,4.90356762522137,"-VI",4,5.68946385384343,4.90356762522137,
92,90,"-VII",3,3.90755089949817,4.81949546960391,"-VII",3,3.90755089949817,4.81949546960391,
92,91,"V",3,5.15405849370046,4.75881045370103,"V",3,5.15405849370046,4.75881045370103,
92,92,"I",3,4.68108836730149,3.53312977486244,"IV",3,4.61384950641638,3.53312977486244,0.0672388608851069
92,93,"iv",3,5.07562560014922,5.32500079079065,"iv",3,5.38868261683965,4.66868317496406,
92,94,"-VI",4,5.68946385384343,4.90356762522137,"-VI",3,5.27106695359606,5.17613447016163,
92,95,"-VII",3,3.90755089949817,4.81949546960391,"-VII",3,1.52942958735071,4.39051284554066,
92,96,"V",3,5.15405849370046,4.75881045370103,"V",4,5.49879069895043,4.46765964335678,
92,97,"I",3,4.68108836730149,3.53312977486244,"I",3,4.68108836730149,3.53312977486244,
,,,,,,,,,,
93,92,"I",3,4.68108836730149,3.53312977486244,"I",3,4.68108836730149,3.53312977486244,
93,93,"iv",3,5.07562560014922,5.32500079079065,"iv",3,5.07562560014922,5.32500079079065,
93,94,"-VI",4,5.68946385384343,4.90356762522137,"-VI",4,5.68946385384343,4.90356762522137,
93,95,"-VII",3,3.90755089949817,4.81949546960391,"-VII",3,3.90755089949817,4.81949546960391,
93,96,"V",3,5.15405849370046,4.75881045370103,"V",3,5.15405849370046,4.75881045370103,
93,97,"I",3,4.68108836730149,3.53312977486244,"IV",3,4.61384950641638,3.53312977486244,0.0672388608851069
93,98,"iv",3,5.07562560014922,5.32500079079065,"iv",3,5.38868261683965,4.66868317496406,
93,99,"-VI",4,5.68946385384343,4.90356762522137,"-VI",3,5.27106695359606,5.17613447016163,
93,100,"-VII",3,3.90755089949817,4.81949546960391,"-VII",3,1.52942958735071,4.39051284554066,
93,101,"V",3,5.15405849370046,4.75881045370103,"V",4,5.49879069895043,4.46765964335678,
93,102,"I",3,4.68108836730149,3.53312977486244,"I",3,4.68108836730149,3.53312977486244,
,,,,,,,,,,
94,97,"I",3,4.68108836730149,3.53312977486244,"I",3,4.68108836730149,3.53312977486244,
94,98,"iv",3,5.07562560014922,5.32500079079065,"iv",3,5.07562560014922,5.32500079079065,
94,99,"-VI",4,5.68946385384343,4.90356762522137,"-VI",4,5.68946385384343,4.90356762522137,
94,100,"-VII",3,3.90755089949817,4.81949546960391,"-VII",3,3.90755089949817,4.81949546960391,
94,101,"V",3,5.15405849370046,4.75881045370103,"V",3,5.15405849370046,4.75881045370103,
94,102,"I",3,4.68108836730149,3.53312977486244,"IV",3,4.61384950641638,3.53312977486244,0.0672388608851069
94,103,"iv",3,5.07562560014922,5.32500079079065,"iv",3,5.38868261683965,4.66868317496406,
94,104,"-VI",4,5.68946385384343,4.90356762522137,"-VI",3,5.27106695359606,5.17613447016163,
94,105,"-VII",3,3.90755089949817,4.81949546960391,"-VII",3,1.52942958735071,4.39051284554066,
94,106,"V",3,5.15405849370046,4.75881045370103,"V",4,5.49879069895043,4.46765964335678,
94,107,"I",3,4.68108836730149,3.53312977486244,"I",3,4.68108836730149,3.53312977486244,
,,,,,,,,,,
95,102,"I",3,4.68108836730149,3.53312977486244,"I",3,4.68108836730149,3.53312977486244,
95,103,"iv",3,5.07562560014922,5.32500079079065,"iv",3,5.07562560014922,5.32500079079065,
95,104,"-VI",4,5.68946385384343,4.90356762522137,"-VI",4,5.68946385384343,4.90356762522137,
95,105,"-VII",3,3.90755089949817,4.81949546960391,"-VII",3,3.90755089949817,4.81949546960391,
95,106,"V",3,5.15405849370046,4.75881045370103,"V",3,5.15405849370046,4.75881045370103,
95,107,"I",3,4.68108836730149,3.53312977486244,"IV",3,4.61384950641638,3.53312977486244,0.0672388608851069
95,108,"iv",3,5.07562560014922,5.32500079079065,"iv",3,5.38868261683965,4.66868317496406,
95,109,"-VI",4,5.68946385384343,4.90356762522137,"-VI",3,5.27106695359606,5.17613447016163,
95,110,"-VII",3,3.90755089949817,4.81949546960391,"-VII",3,1.52942958735071,4.39051284554066,
95,111,"V",3,5.15405849370046,4.75881045370103,"V",4,5.49879069895043,4.46765964335678,
95,112,"I",3,4.68108836730149,3.53312977486244,"I",3,4.68108836730149,3.53312977486244,
,,,,,,,,,,
96,107,"I",3,4.68108836730149,3.53312977486244,"I",3,4.68108836730149,3.53312977486244,
96,108,"iv",3,5.07562560014922,5.32500079079065,"iv",3,5.07562560014922,5.32500079079065,
96,109,"-VI",4,5.68946385384343,4.90356762522137,"-VI",4,5.68946385384343,4.90356762522137,
96,110,"-VII",3,3.90755089949817,4.81949546960391,"-VII",3,3.90755089949817,4.81949546960391,
96,111,"V",3,5.15405849370046,4.75881045370103,"V",3,5.15405849370046,4.75881045370103,
96,112,"I",3,4.68108836730149,3.53312977486244,"IV",3,4.61384950641638,3.53312977486244,0.0672388608851069
96,113,"iv",3,5.07562560014922,5.32500079079065,"iv",3,5.38868261683965,4.66868317496406,
96,114,"-VI",4,5.68946385384343,4.90356762522137,"-VI",3,5.27106695359606,5.17613447016163,
96,115,"-VII",3,3.90755089949817,4.81949546960391,"-VII",3,1.52942958735071,4.39051284554066,
96,116,"V",3,5.15405849370046,4.75881045370103,"V",4,5.49879069895043,4.46765964335678,
96,117,"I",3,4.68108836730149,3.53312977486244,"I",3,4.68108836730149,3.53312977486244,
,,,,,,,,,,
97,112,"I",3,4.68108836730149,3.53312977486244,"I",3,4.68108836730149,3.53312977486244,
97,113,"iv",3,5.07562560014922,5.32500079079065,"iv",3,5.07562560014922,5.32500079079065,
97,114,"-VI",4,5.68946385384343,4.90356762522137,"-VI",4,5.68946385384343,4.90356762522137,
97,115,"-VII",3,3.90755089949817,4.81949546960391,"-VII",3,3.90755089949817,4.81949546960391,
97,116,"V",3,5.15405849370046,4.75881045370103,"V",3,5.15405849370046,4.75881045370103,
97,117,"I",3,4.68108836730149,3.53312977486244,"IV",3,4.61384950641638,3.53312977486244,0.0672388608851069
97,118,"iv",3,5.07562560014922,5.32500079079065,"iv",3,5.38868261683965,4.66868317496406,
97,119,"-VI",4,5.68946385384343,4.90356762522137,"-VI",3,5.27106695359606,5.17613447016163,
97,120,"-VII",3,3.90755089949817,4.81949546960391,"-VII",3,1.52942958735071,4.39051284554066,
97,121,"V",3,5.15405849370046,4.75881045370103,"V",4,5.49879069895043,4.46765964335678,
97,122,"I",3,4.68108836730149,3.53312977486244,"I",3,4.68108836730149,3.53312977486244,
,,,,,,,,,,
98,117,"I",3,4.68108836730149,3.53312977486244,"I",3,4.68108836730149,3.53312977486244,
98,118,"iv",3,5.07562560014922,5.32500079079065,"iv",3,5.07562560014922,5.32500079079065,
98,119,"-VI",4,5.68946385384343,4.90356762522137,"-VI",4,5.68946385384343,4.90356762522137,
98,120,"-VII",3,3.90755089949817,4.81949546960391,"-VII",3,3.90755089949817,4.81949546960391,
98,121,"V",3,5.15405849370046,4.75881045370103,"V",3,5.15405849370046,4.75881045370103,
98,122,"I",3,4.68108836730149,3.53312977486244,"IV",3,4.61384950641638,3.53312977486244,0.0672388608851069
98,123,"iv",3,5.07562560014922,5.32500079079065,"iv",3,5.38868261683965,4.66868317496406,
98,124,"-VI",4,5.68946385384343,4.90356762522137,"-VI",3,5.27106695359606,5.17613447016163,
98,125,"-VII",3,3.90755089949817,4.81949546960391,"-VII",3,1.52942958735071,4.39051284554066,
98,126,"V",3,5.15405849370046,4.75881045370103,"V",4,5.49879069895043,4.46765964335678,
98,127,"r",3,3.93556986727883,3.53312977486244,"r",3,3.93556986727883,3.53312977486244,
,,,,,,,,,,
99,11,"V",3,5.65588175481794,4.29084137154169,"V",3,5.65588175481794,4.29084137154169,
99,12,"I",3,4.13056128302743,4.56078220423117,"I",3,4.13056128302743,4.56078220423117,
99,13,"iv",3,5.07562560014922,5.32500079079065,"iv",3,5.07562560014922,5.32500079079065,
99,14,"-VI",4,5.68946385384343,4.90356762522137,"-VI",4,5.68946385384343,4.90356762522137,
99,15,"v",3,4.57841213784385,4.81949546960391,"v",3,4.57841213784385,4.81949546960391,
99,16,"-VII",3,5.43457144436302,4.58630661253968,"-VI",3,5.50993092921667,4.58630661253968,0.0753594848536538
99,17,"V",3,5.5710768748335,4.83856822515081,"V",3,4.60339724652429,4.92365106492538,
99,18,"I",2,3.74915639255986,5.1503586681215,"I",3,4.85372930303171,3.97974981584137,
99,19,"iv",3,5.07562560014922,5.32500079079065,"iv",3,4.55946671219292,5.32214185839843,
99,20,"-VI",4,5.68946385384343,4.90356762522137,"-VI",4,5.67722225431098,4.99674516708875,
99,21,"-VII",3,3.90755089949817,4.81949546960391,"-VII",3,3.90755089949817,4.81949546960391,
,,,,,,,,,,
100,32,"V",3,5.15405849370046,4.75881045370103,"V",3,5.15405849370046,4.75881045370103,
100,33,"I",3,4.68108836730149,3.53312977486244,"I",3,4.68108836730149,3.53312977486244,
100,34,"iv",3,5.07562560014922,5.32500079079065,"iv",3,5.07562560014922,5.32500079079065,
100,35,"-VI",4,5.68946385384343,4.90356762522137,"-VI",4,5.68946385384343,4.90356762522137,
100,36,"v",3,4.57841213784385,4.81949546960391,"v",3,4.57841213784385,4.81949546960391,
100,37,"-VII",3,5.43457144436302,4.58630661253968,"-VI",3,5.50993092921667,4.58630661253968,0.0753594848536538
100,38,"V",3,5.5710768748335,4.83856822515081,"V",3,4.60339724652429,4.92365106492538,
100,39,"I",2,3.74915639255986,5.1503586681215,"I",3,4.85372930303171,3.97974981584137,
100,40,"iv",3,5.07562560014922,5.32500079079065,"iv",3,4.55946671219292,5.32214185839843,
100,41,"-VI",4,5.68946385384343,4.90356762522137,"-VI",4,5.67722225431098,4.99674516708875,
100,42,"-VII",3,3.90755089949817,4.81949546960391,"-VII",3,3.90755089949817,4.81949546960391,
,,,,,,,,,,
101,65,"V",2,5.72093508135976,5.16477540074537,"V",2,5.72093508135976,5.16477540074537,
101,66,"I",2,4.20984102876244,5.2615357242098,"I",2,4.20984102876244,5.2615357242098,
101,67,"iv",3,5.51842553178388,5.23115109082266,"iv",3,5.51842553178388,5.23115109082266,
101,68,"-VI",3,5.47992010563292,5.19505409648404,"-VI",3,5.47992010563292,5.19505409648404,
101,69,"v",3,4.57841213784385,4.81949546960391,"v",3,4.57841213784385,4.81949546960391,
101,70,"-VII",3,5.43457144436302,4.58630661253968,"-VI",3,5.50993092921667,4.58630661253968,0.0753594848536538
101,71,"V",3,5.5710768748335,4.83856822515081,"V",3,4.60339724652429,4.92365106492538,
101,72,"I",2,3.74915639255986,5.1503586681215,"I",3,4.85372930303171,3.97974981584137,
101,73,"iv",3,5.07562560014922,5.32500079079065,"iv",3,4.55946671219292,5.32214185839843,
101,74,"-VI",4,5.68946385384343,4.90356762522137,"-VI",4,5.67722225431098,4.99674516708875,
101,75,"-VII",3,3.90755089949817,4.81949546960391,"-VII",3,3.90755089949817,4.81949546960391,
,,,,,,,,,,
102,58,"I",4,3.08500299423261,4.88558687196421,"I",4,3.08500299423261,4.88558687196421,
102,59,"I",5,4.73001877490215,3.91739225222851,"I",5,4.73001877490215,3.91739225222851,
102,60,"iv",4,4.27960867403141,5.28245065156191,"iv",4,4.27960867403141,5.28245065156191,
102,61,"I",5,2.54621138395972,4.62436978828499,"I",5,2.54621138395972,4.62436978828499,
102,62,"I",5,5.10749718391321,3.25739713856593,"I",5,5.10749718391321,3.25739713856593,
102,63,"-II",4,6.57136168987223,5.28245065156191,"VII",4,6.48982430474027,5.28245065156191,0.0815373851319583
102,64,"i",2,5.09067127070834,5.20258181560123,"i",3,6.54713461913969,4.12249327876529,
102,65,"V",2,5.72093508135976,5.16477540074537,"V",2,5.62019538319894,5.01449784367539,
102,66,"I",2,4.20984102876244,5.2615357242098,"I",2,4.20984102876244,5.2615357242098,
102,67,"iv",3,5.51842553178388,5.23115109082266,"iv",3,5.51842553178388,5.23115109082266,
102,68,"-VI",3,5.47992010563292,5.19505409648404,"-VI",3,5.47992010563292,5.19505409648404,
,,,,,,,,,,
103,62,"I",5,5.10749718391321,3.25739713856593,"I",5,5.10749718391321,3.25739713856593,
103,63,"-II",4,6.57136168987223,5.28245065156191,"-II",4,6.57136168987223,5.28245065156191,
103,64,"i",2,5.09067127070834,5.20258181560123,"i",2,5.09067127070834,5.20258181560123,
103,65,"V",2,5.72093508135976,5.16477540074537,"V",2,5.72093508135976,5.16477540074537,
103,66,"I",2,4.20984102876244,5.2615357242098,"I",2,4.20984102876244,5.2615357242098,
103,67,"iv",3,5.51842553178388,5.23115109082266,"-III",3,5.60125249139139,5.23115109082266,0.0828269596075071
103,68,"-VI",3,5.47992010563292,5.19505409648404,"-VI",3,4.14248590400024,5.1939589581792,
103,69,"v",3,4.57841213784385,4.81949546960391,"v",4,5.23465833781334,4.85664060230427,
103,70,"-VII",3,5.43457144436302,4.58630661253968,"-VII",3,5.30405681144456,4.84623066038797,
103,71,"V",3,5.5710768748335,4.83856822515081,"V",3,5.5710768748335,4.83856822515081,
103,72,"I",2,3.74915639255986,5.1503586681215,"I",2,3.74915639255986,5.1503586681215,
,,,,,,,,,,
104,58,"I",4,3.08500299423261,4.88558687196421,"I",4,3.08500299423261,4.88558687196421,
104,59,"I",5,4.73001877490215,3.91739225222851,"I",5,4.73001877490215,3.91739225222851,
104,60,"iv",4,4.27960867403141,5.28245065156191,"iv",4,4.27960867403141,5.28245065156191,
104,61,"I",5,2.54621138395972,4.62436978828499,"I",5,2.54621138395972,4.62436978828499,
104,62,"I",5,5.10749718391321,3.25739713856593,"I",5,5.10749718391321,3.25739713856593,
104,63,"-II",4,6.57136168987223,5.28245065156191,"-vii",4,6.65458168316397,5.28245065156191,0.0832199932917455
104,64,"i",2,5.09067127070834,5.20258181560123,"i",2,5.35257065443509,3.89004811488463,
104,65,"V",2,5.72093508135976,5.16477540074537,"V",2,5.73897795186264,4.96176342950597,
104,66,"I",2,4.20984102876244,5.2615357242098,"I",2,4.20984102876244,5.2615357242098,
104,67,"iv",3,5.51842553178388,5.23115109082266,"iv",3,5.51842553178388,5.23115109082266,
104,68,"-VI",3,5.47992010563292,5.19505409648404,"-VI",3,5.47992010563292,5.19505409648404,
,,,,,,,,,,
105,3,"-VI",2,6.22083251395648,4.79376213865723,"-VI",2,6.22083251395648,4.79376213865723,
105,4,"iv",3,5.21133966235777,5.04124325313467,"iv",3,5.21133966235777,5.04124325313467,
105,5,"-VII",3,5.07664033396613,5.22512715129786,"-VII",3,5.07664033396613,5.22512715129786,
105,6,"V",3,5.65588175481794,4.29084137154169,"V",3,5.65588175481794,4.29084137154169,
105,7,"I",3,4.13056128302743,4.56078220423117,"I",3,4.13056128302743,4.56078220423117,
105,8,"-VI",3,5.83459547443066,5.32500079079065,"v",3,5.91960608517806,5.32500079079065,0.0850106107474042
105,9,"iv",3,5.26980787290473,5.09003767343186,"iv",3,5.01204029082988,4.83668950505082,
105,10,"-VII",3,5.07664033396613,5.22512715129786,"-VII",3,4.71166567766898,5.13086851958025,
105,11,"V",3,5.65588175481794,4.29084137154169,"V",3,5.41166009440684,4.80987948616605,
105,12,"I",3,4.13056128302743,4.56078220423117,"I",3,4.13056128302743,4.56078220423117,
105,13,"iv",3,5.07562560014922,5.32500079079065,"iv",3,5.07562560014922,5.32500079079065,
,,,,,,,,,,
106,49,"I",3,4.68108836730149,3.53312977486244,"I",3,4.68108836730149,3.53312977486244,
106,50,"iv",3,5.07562560014922,5.32500079079065,"iv",3,5.07562560014922,5.32500079079065,
106,51,"-VI",4,5.68946385384343,4.90356762522137,"-VI",4,5.68946385384343,4.90356762522137,
106,52,"-VII",3,3.90755089949817,4.81949546960391,"-VII",3,3.90755089949817,4.81949546960391,
106,53,"V",3,5.15405849370046,4.75881045370103,"V",3,5.15405849370046,4.75881045370103,
106,54,"iv",3,6.99604114622106,3.53312977486244,"ii",3,6.91096755608831,3.53312977486244,0.0850735901327528
106,55,"I",2,4.47663995785841,5.37841567393395,"I",2,4.45257739464306,5.21677257080637,
106,56,"I",3,4.72009496585213,5.211282000591,"I",3,3.68458936849824,5.24625197636078,
106,57,"iv",3,4.86537109437425,5.3629533616211,"iv",4,5.6502116379062,5.0463553775928,
106,58,"I",4,3.08500299423261,4.88558687196421,"I",3,3.50656271816538,5.08337369430252,
106,59,"I",5,4.73001877490215,3.91739225222851,"I",4,4.49634312729687,4.3472709053196,
,,,,,,,,,,
107,58,"I",4,3.08500299423261,4.88558687196421,"I",4,3.08500299423261,4.88558687196421,
107,59,"I",5,4.73001877490215,3.91739225222851,"I",5,4.73001877490215,3.91739225222851,
107,60,"iv",4,4.27960867403141,5.28245065156191,"iv",4,4.27960867403141,5.28245065156191,
107,61,"I",5,2.54621138395972,4.62436978828499,"I",5,2.54621138395972,4.62436978828499,
107,62,"I",5,5.10749718391321,3.25739713856593,"I",5,5.10749718391321,3.25739713856593,
107,63,"-II",4,6.57136168987223,5.28245065156191,"I+",4,6.4837305902081,5.28245065156191,0.0876310996641223
107,64,"i",2,5.09067127070834,5.20258181560123,"i",3,7.60034513627267,2.96084002300292,
107,65,"V",2,5.72093508135976,5.16477540074537,"V",1,5.32030414932561,5.44920230094443,
107,66,"I",2,4.20984102876244,5.2615357242098,"I",2,4.20984102876244,5.2615357242098,
107,67,"iv",3,5.51842553178388,5.23115109082266,"iv",3,5.51842553178388,5.23115109082266,
107,68,"-VI",3,5.47992010563292,5.19505409648404,"-VI",3,5.47992010563292,5.19505409648404,
,,,,,,,,,,
108,49,"I",3,4.68108836730149,3.53312977486244,"I",3,4.68108836730149,3.53312977486244,
108,50,"iv",3,5.07562560014922,5.32500079079065,"iv",3,5.07562560014922,5.32500079079065,
108,51,"-VI",4,5.68946385384343,4.90356762522137,"-VI",4,5.68946385384343,4.90356762522137,
108,52,"-VII",3,3.90755089949817,4.81949546960391,"-VII",3,3.90755089949817,4.81949546960391,
108,53,"V",3,5.15405849370046,4.75881045370103,"V",3,5.15405849370046,4.75881045370103,
108,54,"iv",3,6.99604114622106,3.53312977486244,"-VII",3,7.08644750745642,3.53312977486244,0.0904063612353578
108,55,"I",2,4.47663995785841,5.37841567393395,"I",2,3.8776453725339,5.27087194788743,
108,56,"I",3,4.72009496585213,5.211282000591,"I",3,3.39556692212308,5.15995375531976,
108,57,"iv",3,4.86537109437425,5.3629533616211,"iv",4,5.04544549089603,5.14900410799428,
108,58,"I",4,3.08500299423261,4.88558687196421,"I",4,4.16832118612161,3.88206650796504,
108,59,"I",5,4.73001877490215,3.91739225222851,"I",4,4.49634312729687,4.3472709053196,
,,,,,,,,,,
109,60,"iv",4,4.27960867403141,5.28245065156191,"iv",4,4.27960867403141,5.28245065156191,
109,61,"I",5,2.54621138395972,4.62436978828499,"I",5,2.54621138395972,4.62436978828499,
109,62,"I",5,5.10749718391321,3.25739713856593,"I",5,5.10749718391321,3.25739713856593,
109,63,"-II",4,6.57136168987223,5.28245065156191,"-II",4,6.57136168987223,5.28245065156191,
109,64,"i",2,5.09067127070834,5.20258181560123,"i",2,5.09067127070834,5.20258181560123,
109,65,"V",2,5.72093508135976,5.16477540074537,"-VI",2,5.63008165090865,5.16477540074537,0.090853430451113
109,66,"I",2,4.20984102876244,5.2615357242098,"I",2,5.38751408755393,5.23669727731623,
109,67,"iv",3,5.51842553178388,5.23115109082266,"iv",2,5.40162825703071,5.41124683338149,
109,68,"-VI",3,5.47992010563292,5.19505409648404,"-VI",3,5.51702640020874,5.01519172994096,
109,69,"v",3,4.57841213784385,4.81949546960391,"v",3,4.57841213784385,4.81949546960391,
109,70,"-VII",3,5.43457144436302,4.58630661253968,"-VII",3,5.43457144436302,4.58630661253968,
,,,,,,,,,,
110,52,"-VII",3,3.90755089949817,4.81949546960391,"-VII",3,3.90755089949817,4.81949546960391,
110,53,"V",3,5.15405849370046,4.75881045370103,"V",3,5.15405849370046,4.75881045370103,
110,54,"iv",3,6.99604114622106,3.53312977486244,"iv",3,6.99604114622106,3.53312977486244,
110,55,"I",2,4.47663995785841,5.37841567393395,"I",2,4.47663995785841,5.37841567393395,
110,56,"I",3,4.72009496585213,5.211282000591,"I",3,4.72009496585213,5.211282000591,
110,57,"iv",3,4.86537109437425,5.3629533616211,"-VII",3,4.9602898470347,5.3629533616211,0.0949187526604414
110,58,"I",4,3.08500299423261,4.88558687196421,"I",4,3.54748096619179,4.45530130671569,
110,59,"I",5,4.73001877490215,3.91739225222851,"I",4,3.05254430808212,4.9379436443435,
110,60,"iv",4,4.27960867403141,5.28245065156191,"iv",5,5.1066458387292,5.06112814531644,
110,61,"I",5,2.54621138395972,4.62436978828499,"I",4,4.16832118612161,3.88206650796504,
110,62,"I",5,5.10749718391321,3.25739713856593,"I",4,4.49634312729687,4.3472709053196,
,,,,,,,,,,
