"Comparison","Row","Orig_Symbol","Orig_Order","Orig_IC","Orig_Entropy","Swap_Symbol","Swap_Order","Swap_IC","Swap_Entropy","Distance"
1,92,"I",1,4.38579646603412,5.39087934793506,"I",1,4.38579646603412,5.39087934793506,
1,93,"IV",2,5.59433041409148,5.06660320279031,"IV",2,5.59433041409148,5.06660320279031,
1,94,"I",2,4.32833786468994,5.3811634578644,"I",2,4.32833786468994,5.3811634578644,
1,95,"I",3,3.98952081876262,5.32171155792623,"I",3,3.98952081876262,5.32171155792623,
1,96,"iio",4,7.00510745640622,5.19132438177646,"iio",4,7.00510745640622,5.19132438177646,
1,97,"v",1,6.20503437960765,5.39087934793506,"iii",1,6.20503437960765,5.39087934793506,0
1,98,"I",1,4.5510925928662,5.40643602521911,"I",1,5.05209052688379,5.43821312730502,
1,99,"IV",2,4.18269746175096,5.31660761886427,"IV",2,4.54615957828202,5.31259564418983,
1,100,"V",3,4.35091257597092,5.2362559666935,"V",3,4.77030650249822,5.15784713666549,
1,101,"iii",4,2.3217640062003,4.87285906297509,"iii",3,4.58445030128397,5.22242873599478,
1,102,"vi",5,3.27348013327482,4.26369734599942,"vi",4,2.95650817352379,4.70216888966594,
,,,,,,,,,,
2,134,"I",1,4.38579646603412,5.39087934793506,"I",1,4.38579646603412,5.39087934793506,
2,135,"IV",2,5.59433041409148,5.06660320279031,"IV",2,5.59433041409148,5.06660320279031,
2,136,"I",2,4.32833786468994,5.3811634578644,"I",2,4.32833786468994,5.3811634578644,
2,137,"I",3,3.98952081876262,5.32171155792623,"I",3,3.98952081876262,5.32171155792623,
2,138,"iio",4,7.00510745640622,5.19132438177646,"iio",4,7.00510745640622,5.19132438177646,
2,139,"v",1,6.20503437960765,5.39087934793506,"iii",1,6.20503437960765,5.39087934793506,0
2,140,"I",1,4.5510925928662,5.40643602521911,"I",1,5.05209052688379,5.43821312730502,
2,141,"I",2,3.69359946968759,5.31660761886427,"I",2,4.02691641717291,5.31259564418983,
2,142,"vi",3,5.27340533765596,5.33559217210541,"vi",3,5.26667630112198,5.31548285471079,
2,143,"IV",3,3.90969581525023,5.19816315366507,"IV",3,3.90969581525023,5.19816315366507,
2,144,"vi",4,4.43713028083433,4.92668124539868,"vi",4,4.43713028083433,4.92668124539868,
,,,,,,,,,,
3,3,"iio",2,7.27400003092747,4.69706735680231,"iio",2,7.27400003092747,4.69706735680231,
3,4,"I",1,4.38579646603412,5.39087934793506,"I",1,4.38579646603412,5.39087934793506,
3,5,"IV",2,5.59433041409148,5.06660320279031,"IV",2,5.59433041409148,5.06660320279031,
3,6,"I",2,4.32833786468994,5.3811634578644,"I",2,4.32833786468994,5.3811634578644,
3,7,"I",3,3.98952081876262,5.32171155792623,"I",3,3.98952081876262,5.32171155792623,
3,8,"iio",4,7.00510745640622,5.19132438177646,"-I",4,7.00411384030139,5.19132438177646,0.000993616104824291
3,9,"I",1,4.38579646603412,5.39087934793506,"I",2,6.41712752062916,4.41694753980271,
3,10,"IV",2,5.59433041409148,5.06660320279031,"IV",1,5.2183946493543,5.48281709614139,
3,11,"I",2,4.32833786468994,5.3811634578644,"I",2,4.32833786468994,5.3811634578644,
3,12,"I",3,3.98952081876262,5.32171155792623,"I",3,3.98952081876262,5.32171155792623,
3,13,"vi",4,4.619609428373,5.19132438177646,"vi",4,4.619609428373,5.19132438177646,
,,,,,,,,,,
4,47,"iio",8,7.38292625291633,4.79823773212185,"iio",8,7.38292625291633,4.79823773212185,
4,48,"I",1,4.38579646603412,5.39087934793506,"I",1,4.38579646603412,5.39087934793506,
4,49,"IV",2,5.59433041409148,5.06660320279031,"IV",2,5.59433041409148,5.06660320279031,
4,50,"I",2,4.32833786468994,5.3811634578644,"I",2,4.32833786468994,5.3811634578644,
4,51,"I",3,3.98952081876262,5.32171155792623,"I",3,3.98952081876262,5.32171155792623,
4,52,"iio",4,7.00510745640622,5.19132438177646,"-I",4,7.00411384030139,5.19132438177646,0.000993616104824291
4,53,"I",1,4.38579646603412,5.39087934793506,"I",2,6.41712752062916,4.41694753980271,
4,54,"IV",2,5.59433041409148,5.06660320279031,"IV",1,5.2183946493543,5.48281709614139,
4,55,"I",2,4.32833786468994,5.3811634578644,"I",2,4.32833786468994,5.3811634578644,
4,56,"I",3,3.98952081876262,5.32171155792623,"I",3,3.98952081876262,5.32171155792623,
4,57,"vi",4,4.619609428373,5.19132438177646,"vi",4,4.619609428373,5.19132438177646,
,,,,,,,,,,
5,91,"iio",8,7.38292625291633,4.79823773212185,"iio",8,7.38292625291633,4.79823773212185,
5,92,"I",1,4.38579646603412,5.39087934793506,"I",1,4.38579646603412,5.39087934793506,
5,93,"IV",2,5.59433041409148,5.06660320279031,"IV",2,5.59433041409148,5.06660320279031,
5,94,"I",2,4.32833786468994,5.3811634578644,"I",2,4.32833786468994,5.3811634578644,
5,95,"I",3,3.98952081876262,5.32171155792623,"I",3,3.98952081876262,5.32171155792623,
5,96,"iio",4,7.00510745640622,5.19132438177646,"-I",4,7.00411384030139,5.19132438177646,0.000993616104824291
5,97,"v",1,6.20503437960765,5.39087934793506,"v",2,6.7691128493727,4.41694753980271,
5,98,"I",1,4.5510925928662,5.40643602521911,"I",1,4.5510925928662,5.40643602521911,
5,99,"IV",2,4.18269746175096,5.31660761886427,"IV",2,4.18269746175096,5.31660761886427,
5,100,"V",3,4.35091257597092,5.2362559666935,"V",3,4.35091257597092,5.2362559666935,
5,101,"iii",4,2.3217640062003,4.87285906297509,"iii",4,2.3217640062003,4.87285906297509,
,,,,,,,,,,
6,133,"iio",8,7.38292625291633,4.79823773212185,"iio",8,7.38292625291633,4.79823773212185,
6,134,"I",1,4.38579646603412,5.39087934793506,"I",1,4.38579646603412,5.39087934793506,
6,135,"IV",2,5.59433041409148,5.06660320279031,"IV",2,5.59433041409148,5.06660320279031,
6,136,"I",2,4.32833786468994,5.3811634578644,"I",2,4.32833786468994,5.3811634578644,
6,137,"I",3,3.98952081876262,5.32171155792623,"I",3,3.98952081876262,5.32171155792623,
6,138,"iio",4,7.00510745640622,5.19132438177646,"-I",4,7.00411384030139,5.19132438177646,0.000993616104824291
6,139,"v",1,6.20503437960765,5.39087934793506,"v",2,6.7691128493727,4.41694753980271,
6,140,"I",1,4.5510925928662,5.40643602521911,"I",1,4.5510925928662,5.40643602521911,
6,141,"I",2,3.69359946968759,5.31660761886427,"I",2,3.69359946968759,5.31660761886427,
6,142,"vi",3,5.27340533765596,5.33559217210541,"vi",3,5.27340533765596,5.33559217210541,
6,143,"IV",3,3.90969581525023,5.19816315366507,"IV",3,3.90969581525023,5.19816315366507,
,,,,,,,,,,
7,42,"I",3,2.90779390631781,5.15456922615911,"I",3,2.90779390631781,5.15456922615911,
7,43,"vi",4,4.72291824060942,5.10346654234966,"vi",4,4.72291824060942,5.10346654234966,
7,44,"ii",4,0.967245079683656,3.50921246340354,"ii",4,0.967245079683656,3.50921246340354,
7,45,"V",4,0.824187200064757,3.1520155406546,"V",4,0.824187200064757,3.1520155406546,
7,46,"I",5,1.38614779594264,4.13879480308956,"I",5,1.38614779594264,4.13879480308956,
7,47,"iio",8,7.38292625291633,4.79823773212185,"#vo",8,7.3807270222452,4.79823773212185,0.00219923067113292
7,48,"I",1,4.38579646603412,5.39087934793506,"I",1,8.10679900279359,1.60607163692886,
7,49,"IV",2,5.59433041409148,5.06660320279031,"IV",1,5.2183946493543,5.48281709614139,
7,50,"I",2,4.32833786468994,5.3811634578644,"I",2,4.32833786468994,5.3811634578644,
7,51,"I",3,3.98952081876262,5.32171155792623,"I",3,3.98952081876262,5.32171155792623,
7,52,"iio",4,7.00510745640622,5.19132438177646,"iio",4,7.00510745640622,5.19132438177646,
,,,,,,,,,,
8,86,"I",3,2.90779390631781,5.15456922615911,"I",3,2.90779390631781,5.15456922615911,
8,87,"vi",4,4.72291824060942,5.10346654234966,"vi",4,4.72291824060942,5.10346654234966,
8,88,"ii",4,0.967245079683656,3.50921246340354,"ii",4,0.967245079683656,3.50921246340354,
8,89,"V",4,0.824187200064757,3.1520155406546,"V",4,0.824187200064757,3.1520155406546,
8,90,"I",5,1.38614779594264,4.13879480308956,"I",5,1.38614779594264,4.13879480308956,
8,91,"iio",8,7.38292625291633,4.79823773212185,"#vo",8,7.3807270222452,4.79823773212185,0.00219923067113292
8,92,"I",1,4.38579646603412,5.39087934793506,"I",1,8.10679900279359,1.60607163692886,
8,93,"IV",2,5.59433041409148,5.06660320279031,"IV",1,5.2183946493543,5.48281709614139,
8,94,"I",2,4.32833786468994,5.3811634578644,"I",2,4.32833786468994,5.3811634578644,
8,95,"I",3,3.98952081876262,5.32171155792623,"I",3,3.98952081876262,5.32171155792623,
8,96,"iio",4,7.00510745640622,5.19132438177646,"iio",4,7.00510745640622,5.19132438177646,
,,,,,,,,,,
9,128,"I",3,2.90779390631781,5.15456922615911,"I",3,2.90779390631781,5.15456922615911,
9,129,"vi",4,4.72291824060942,5.10346654234966,"vi",4,4.72291824060942,5.10346654234966,
9,130,"ii",4,0.967245079683656,3.50921246340354,"ii",4,0.967245079683656,3.50921246340354,
9,131,"V",4,0.824187200064757,3.1520155406546,"V",4,0.824187200064757,3.1520155406546,
9,132,"I",5,1.38614779594264,4.13879480308956,"I",5,1.38614779594264,4.13879480308956,
9,133,"iio",8,7.38292625291633,4.79823773212185,"#vo",8,7.3807270222452,4.79823773212185,0.00219923067113292
9,134,"I",1,4.38579646603412,5.39087934793506,"I",1,8.10679900279359,1.60607163692886,
9,135,"IV",2,5.59433041409148,5.06660320279031,"IV",1,5.2183946493543,5.48281709614139,
9,136,"I",2,4.32833786468994,5.3811634578644,"I",2,4.32833786468994,5.3811634578644,
9,137,"I",3,3.98952081876262,5.32171155792623,"I",3,3.98952081876262,5.32171155792623,
9,138,"iio",4,7.00510745640622,5.19132438177646,"iio",4,7.00510745640622,5.19132438177646,
,,,,,,,,,,
10,3,"iio",2,7.27400003092747,4.69706735680231,"iio",2,7.27400003092747,4.69706735680231,
10,4,"I",1,4.38579646603412,5.39087934793506,"I",1,4.38579646603412,5.39087934793506,
10,5,"IV",2,5.59433041409148,5.06660320279031,"IV",2,5.59433041409148,5.06660320279031,
10,6,"I",2,4.32833786468994,5.3811634578644,"I",2,4.32833786468994,5.3811634578644,
10,7,"I",3,3.98952081876262,5.32171155792623,"I",3,3.98952081876262,5.32171155792623,
10,8,"iio",4,7.00510745640622,5.19132438177646,"V+",4,7.00180986630564,5.19132438177646,0.00329759010057451
10,9,"I",1,4.38579646603412,5.39087934793506,"I",2,1.92585221228694,4.66987324398454,
10,10,"IV",2,5.59433041409148,5.06660320279031,"IV",3,1.93179556700974,4.69789492881719,
10,11,"I",2,4.32833786468994,5.3811634578644,"I",4,1.86455746657165,4.6640129279125,
10,12,"I",3,3.98952081876262,5.32171155792623,"I",4,1.52298491298588,4.39937027896871,
10,13,"vi",4,4.619609428373,5.19132438177646,"vi",5,5.13825025635672,4.30876315184965,
,,,,,,,,,,
11,47,"iio",8,7.38292625291633,4.79823773212185,"iio",8,7.38292625291633,4.79823773212185,
11,48,"I",1,4.38579646603412,5.39087934793506,"I",1,4.38579646603412,5.39087934793506,
11,49,"IV",2,5.59433041409148,5.06660320279031,"IV",2,5.59433041409148,5.06660320279031,
11,50,"I",2,4.32833786468994,5.3811634578644,"I",2,4.32833786468994,5.3811634578644,
11,51,"I",3,3.98952081876262,5.32171155792623,"I",3,3.98952081876262,5.32171155792623,
11,52,"iio",4,7.00510745640622,5.19132438177646,"V+",4,7.00180986630564,5.19132438177646,0.00329759010057451
11,53,"I",1,4.38579646603412,5.39087934793506,"I",2,1.92585221228694,4.66987324398454,
11,54,"IV",2,5.59433041409148,5.06660320279031,"IV",3,1.93179556700974,4.69789492881719,
11,55,"I",2,4.32833786468994,5.3811634578644,"I",4,1.86455746657165,4.6640129279125,
11,56,"I",3,3.98952081876262,5.32171155792623,"I",4,1.52298491298588,4.39937027896871,
11,57,"vi",4,4.619609428373,5.19132438177646,"vi",5,5.13825025635672,4.30876315184965,
,,,,,,,,,,
12,91,"iio",8,7.38292625291633,4.79823773212185,"iio",8,7.38292625291633,4.79823773212185,
12,92,"I",1,4.38579646603412,5.39087934793506,"I",1,4.38579646603412,5.39087934793506,
12,93,"IV",2,5.59433041409148,5.06660320279031,"IV",2,5.59433041409148,5.06660320279031,
12,94,"I",2,4.32833786468994,5.3811634578644,"I",2,4.32833786468994,5.3811634578644,
12,95,"I",3,3.98952081876262,5.32171155792623,"I",3,3.98952081876262,5.32171155792623,
12,96,"iio",4,7.00510745640622,5.19132438177646,"V+",4,7.00180986630564,5.19132438177646,0.00329759010057451
12,97,"v",1,6.20503437960765,5.39087934793506,"v",2,6.61470984411521,4.66987324398454,
12,98,"I",1,4.5510925928662,5.40643602521911,"I",1,4.5510925928662,5.40643602521911,
12,99,"IV",2,4.18269746175096,5.31660761886427,"IV",2,4.18269746175096,5.31660761886427,
12,100,"V",3,4.35091257597092,5.2362559666935,"V",3,4.35091257597092,5.2362559666935,
12,101,"iii",4,2.3217640062003,4.87285906297509,"iii",4,2.3217640062003,4.87285906297509,
,,,,,,,,,,
13,133,"iio",8,7.38292625291633,4.79823773212185,"iio",8,7.38292625291633,4.79823773212185,
13,134,"I",1,4.38579646603412,5.39087934793506,"I",1,4.38579646603412,5.39087934793506,
13,135,"IV",2,5.59433041409148,5.06660320279031,"IV",2,5.59433041409148,5.06660320279031,
13,136,"I",2,4.32833786468994,5.3811634578644,"I",2,4.32833786468994,5.3811634578644,
13,137,"I",3,3.98952081876262,5.32171155792623,"I",3,3.98952081876262,5.32171155792623,
13,138,"iio",4,7.00510745640622,5.19132438177646,"V+",4,7.00180986630564,5.19132438177646,0.00329759010057451
13,139,"v",1,6.20503437960765,5.39087934793506,"v",2,6.61470984411521,4.66987324398454,
13,140,"I",1,4.5510925928662,5.40643602521911,"I",1,4.5510925928662,5.40643602521911,
13,141,"I",2,3.69359946968759,5.31660761886427,"I",2,3.69359946968759,5.31660761886427,
13,142,"vi",3,5.27340533765596,5.33559217210541,"vi",3,5.27340533765596,5.33559217210541,
13,143,"IV",3,3.90969581525023,5.19816315366507,"IV",3,3.90969581525023,5.19816315366507,
,,,,,,,,,,
14,42,"I",3,2.90779390631781,5.15456922615911,"I",3,2.90779390631781,5.15456922615911,
14,43,"vi",4,4.72291824060942,5.10346654234966,"vi",4,4.72291824060942,5.10346654234966,
14,44,"ii",4,0.967245079683656,3.50921246340354,"ii",4,0.967245079683656,3.50921246340354,
14,45,"V",4,0.824187200064757,3.1520155406546,"V",4,0.824187200064757,3.1520155406546,
14,46,"I",5,1.38614779594264,4.13879480308956,"I",5,1.38614779594264,4.13879480308956,
14,47,"iio",8,7.38292625291633,4.79823773212185,"V+",8,7.37962866281576,4.79823773212185,0.0032975901005754
14,48,"I",1,4.38579646603412,5.39087934793506,"I",2,1.92585221228694,4.66987324398454,
14,49,"IV",2,5.59433041409148,5.06660320279031,"IV",3,1.93179556700974,4.69789492881719,
14,50,"I",2,4.32833786468994,5.3811634578644,"I",4,1.86455746657165,4.6640129279125,
14,51,"I",3,3.98952081876262,5.32171155792623,"I",4,1.52298491298588,4.39937027896871,
14,52,"iio",4,7.00510745640622,5.19132438177646,"iio",5,7.52374828438993,4.30876315184965,
,,,,,,,,,,
15,86,"I",3,2.90779390631781,5.15456922615911,"I",3,2.90779390631781,5.15456922615911,
15,87,"vi",4,4.72291824060942,5.10346654234966,"vi",4,4.72291824060942,5.10346654234966,
15,88,"ii",4,0.967245079683656,3.50921246340354,"ii",4,0.967245079683656,3.50921246340354,
15,89,"V",4,0.824187200064757,3.1520155406546,"V",4,0.824187200064757,3.1520155406546,
15,90,"I",5,1.38614779594264,4.13879480308956,"I",5,1.38614779594264,4.13879480308956,
15,91,"iio",8,7.38292625291633,4.79823773212185,"V+",8,7.37962866281576,4.79823773212185,0.0032975901005754
15,92,"I",1,4.38579646603412,5.39087934793506,"I",2,1.92585221228694,4.66987324398454,
15,93,"IV",2,5.59433041409148,5.06660320279031,"IV",3,1.93179556700974,4.69789492881719,
15,94,"I",2,4.32833786468994,5.3811634578644,"I",4,1.86455746657165,4.6640129279125,
15,95,"I",3,3.98952081876262,5.32171155792623,"I",4,1.52298491298588,4.39937027896871,
15,96,"iio",4,7.00510745640622,5.19132438177646,"iio",5,7.52374828438993,4.30876315184965,
,,,,,,,,,,
16,128,"I",3,2.90779390631781,5.15456922615911,"I",3,2.90779390631781,5.15456922615911,
16,129,"vi",4,4.72291824060942,5.10346654234966,"vi",4,4.72291824060942,5.10346654234966,
16,130,"ii",4,0.967245079683656,3.50921246340354,"ii",4,0.967245079683656,3.50921246340354,
16,131,"V",4,0.824187200064757,3.1520155406546,"V",4,0.824187200064757,3.1520155406546,
16,132,"I",5,1.38614779594264,4.13879480308956,"I",5,1.38614779594264,4.13879480308956,
16,133,"iio",8,7.38292625291633,4.79823773212185,"V+",8,7.37962866281576,4.79823773212185,0.0032975901005754
16,134,"I",1,4.38579646603412,5.39087934793506,"I",2,1.92585221228694,4.66987324398454,
16,135,"IV",2,5.59433041409148,5.06660320279031,"IV",3,1.93179556700974,4.69789492881719,
16,136,"I",2,4.32833786468994,5.3811634578644,"I",4,1.86455746657165,4.6640129279125,
16,137,"I",3,3.98952081876262,5.32171155792623,"I",4,1.52298491298588,4.39937027896871,
16,138,"iio",4,7.00510745640622,5.19132438177646,"iio",5,7.52374828438993,4.30876315184965,
,,,,,,,,,,
17,108,"-VI",7,5.86029649633287,4.41117004193263,"-VI",7,5.86029649633287,4.41117004193263,
17,109,"-VII",5,2.7641590085699,4.7368188354192,"-VII",5,2.7641590085699,4.7368188354192,
17,110,"v",6,5.04673183129437,3.50552378836612,"v",6,5.04673183129437,3.50552378836612,
17,111,"I",4,2.5673535347642,4.77570027420538,"I",4,2.5673535347642,4.77570027420538,
17,112,"iv",5,6.71902799923305,4.34361801902426,"iv",5,6.71902799923305,4.34361801902426,
17,113,"iv",2,4.4842452912116,5.35075692243134,"-III",2,4.47434458533531,5.35075692243134,0.0099007058762961
17,114,"IV",3,4.88251061862426,5.2807329543296,"IV",3,5.31545028391967,4.97044364392483,
17,115,"IV",4,1.3218560761017,3.99042030121313,"IV",3,4.45364846263382,4.42726563844308,
17,116,"I",5,4.31556523452517,4.16778865886145,"I",3,3.80606283385481,5.2192069030367,
17,117,"vi",4,4.63394947734646,4.69782843814865,"vi",4,4.66667295393129,4.83238551382319,
17,118,"IV",4,2.95315840246833,4.7833413847327,"IV",4,2.95315840246833,4.7833413847327,
,,,,,,,,,,
18,114,"IV",3,4.88251061862426,5.2807329543296,"IV",3,4.88251061862426,5.2807329543296,
18,115,"IV",4,1.3218560761017,3.99042030121313,"IV",4,1.3218560761017,3.99042030121313,
18,116,"I",5,4.31556523452517,4.16778865886145,"I",5,4.31556523452517,4.16778865886145,
18,117,"vi",4,4.63394947734646,4.69782843814865,"vi",4,4.63394947734646,4.69782843814865,
18,118,"IV",4,2.95315840246833,4.7833413847327,"IV",4,2.95315840246833,4.7833413847327,
18,119,"vi",5,4.25219336192671,4.58608808701889,"I",5,4.23863646614206,4.58608808701889,0.0135568957846521
18,120,"I",5,5.45655187811537,4.56679377748102,"I",5,3.49699774578816,4.64099895366613,
18,121,"IV",3,2.46292714880519,4.69909280097143,"IV",5,3.70401609207076,5.04540822715935,
18,122,"iv",4,5.58033398913878,4.85910494300028,"iv",6,5.31865698841051,4.60381234799714,
18,123,"I",3,2.90779390631781,5.15456922615911,"I",5,2.00296777476104,4.4443541904238,
18,124,"v",4,5.65081803880193,5.10346654234966,"v",6,6.1985247593574,4.49756974175467,
,,,,,,,,,,
19,26,"ii",4,0.967245079683656,3.50921246340354,"ii",4,0.967245079683656,3.50921246340354,
19,27,"II",4,6.57240343856394,3.1520155406546,"II",4,6.57240343856394,3.1520155406546,
19,28,"V",3,2.25574892711378,4.54160644225418,"V",3,2.25574892711378,4.54160644225418,
19,29,"V",4,3.80429932994293,4.71323469353145,"V",4,3.80429932994293,4.71323469353145,
19,30,"I",4,2.44986391262537,4.61991492420928,"I",4,2.44986391262537,4.61991492420928,
19,31,"vi",5,4.53431053554805,4.79324890034491,"V",5,4.52052711629642,4.79324890034491,0.0137834192516237
19,32,"IV",5,3.13189439414287,4.82160883447623,"IV",5,3.44897265123784,4.95524568624304,
19,33,"vi",6,5.86999327103292,3.58537869429243,"vi",6,2.10063860526752,4.36749999780337,
19,34,"I",4,5.56410384392512,4.38391552230694,"I",6,3.14112083822058,3.96113458450927,
19,35,"IV",3,2.46292714880519,4.69909280097143,"IV",5,3.60961579241877,3.67977359045647,
19,36,"iv",4,5.58033398913878,4.85910494300028,"iv",5,5.85326954539864,4.40676624571607,
,,,,,,,,,,
20,70,"ii",4,0.967245079683656,3.50921246340354,"ii",4,0.967245079683656,3.50921246340354,
20,71,"II",4,6.57240343856394,3.1520155406546,"II",4,6.57240343856394,3.1520155406546,
20,72,"V",3,2.25574892711378,4.54160644225418,"V",3,2.25574892711378,4.54160644225418,
20,73,"V",4,3.80429932994293,4.71323469353145,"V",4,3.80429932994293,4.71323469353145,
20,74,"I",4,2.44986391262537,4.61991492420928,"I",4,2.44986391262537,4.61991492420928,
20,75,"vi",5,4.53431053554805,4.79324890034491,"V",5,4.52052711629642,4.79324890034491,0.0137834192516237
20,76,"IV",5,3.13189439414287,4.82160883447623,"IV",5,3.44897265123784,4.95524568624304,
20,77,"vi",6,5.86999327103292,3.58537869429243,"vi",6,2.10063860526752,4.36749999780337,
20,78,"I",4,5.56410384392512,4.38391552230694,"I",6,3.14112083822058,3.96113458450927,
20,79,"IV",3,2.46292714880519,4.69909280097143,"IV",5,3.60961579241877,3.67977359045647,
20,80,"iv",4,5.58033398913878,4.85910494300028,"iv",5,5.85326954539864,4.40676624571607,
,,,,,,,,,,
21,155,"ii",4,0.967245079683656,3.50921246340354,"ii",4,0.967245079683656,3.50921246340354,
21,156,"II",4,6.57240343856394,3.1520155406546,"II",4,6.57240343856394,3.1520155406546,
21,157,"V",3,2.25574892711378,4.54160644225418,"V",3,2.25574892711378,4.54160644225418,
21,158,"V",4,3.80429932994293,4.71323469353145,"V",4,3.80429932994293,4.71323469353145,
21,159,"I",4,2.44986391262537,4.61991492420928,"I",4,2.44986391262537,4.61991492420928,
21,160,"vi",5,4.53431053554805,4.79324890034491,"V",5,4.52052711629642,4.79324890034491,0.0137834192516237
21,161,"IV",5,3.13189439414287,4.82160883447623,"IV",5,3.44897265123784,4.95524568624304,
21,162,"vi",6,5.86999327103292,3.58537869429243,"vi",6,2.10063860526752,4.36749999780337,
21,163,"I",4,5.56410384392512,4.38391552230694,"I",6,3.14112083822058,3.96113458450927,
21,164,"IV",3,2.46292714880519,4.69909280097143,"IV",5,3.60961579241877,3.67977359045647,
21,165,"iv",4,5.58033398913878,4.85910494300028,"iv",5,5.85326954539864,4.40676624571607,
,,,,,,,,,,
22,195,"ii",4,0.967245079683656,3.50921246340354,"ii",4,0.967245079683656,3.50921246340354,
22,196,"II",4,6.57240343856394,3.1520155406546,"II",4,6.57240343856394,3.1520155406546,
22,197,"V",3,2.25574892711378,4.54160644225418,"V",3,2.25574892711378,4.54160644225418,
22,198,"V",4,3.80429932994293,4.71323469353145,"V",4,3.80429932994293,4.71323469353145,
22,199,"I",4,2.44986391262537,4.61991492420928,"I",4,2.44986391262537,4.61991492420928,
22,200,"vi",5,4.53431053554805,4.79324890034491,"V",5,4.52052711629642,4.79324890034491,0.0137834192516237
22,201,"IV",5,3.13189439414287,4.82160883447623,"IV",5,3.44897265123784,4.95524568624304,
22,202,"vi",6,5.86999327103292,3.58537869429243,"vi",6,2.10063860526752,4.36749999780337,
22,203,"I",4,5.56410384392512,4.38391552230694,"I",6,3.14112083822058,3.96113458450927,
22,204,"IV",3,2.46292714880519,4.69909280097143,"IV",5,3.60961579241877,3.67977359045647,
22,205,"iv",4,5.58033398913878,4.85910494300028,"iv",5,5.85326954539864,4.40676624571607,
,,,,,,,,,,
23,27,"II",4,6.57240343856394,3.1520155406546,"II",4,6.57240343856394,3.1520155406546,
23,28,"V",3,2.25574892711378,4.54160644225418,"V",3,2.25574892711378,4.54160644225418,
23,29,"V",4,3.80429932994293,4.71323469353145,"V",4,3.80429932994293,4.71323469353145,
23,30,"I",4,2.44986391262537,4.61991492420928,"I",4,2.44986391262537,4.61991492420928,
23,31,"vi",5,4.53431053554805,4.79324890034491,"vi",5,4.53431053554805,4.79324890034491,
23,32,"IV",5,3.13189439414287,4.82160883447623,"ii",5,3.14699434863543,4.82160883447623,0.0150999544925572
23,33,"vi",6,5.86999327103292,3.58537869429243,"vi",5,6.59776583296574,2.05933639898963,
23,34,"I",4,5.56410384392512,4.38391552230694,"I",3,5.53291369140743,4.6618078697021,
23,35,"IV",3,2.46292714880519,4.69909280097143,"IV",3,1.79351520204882,4.58118834058044,
23,36,"iv",4,5.58033398913878,4.85910494300028,"iv",4,5.6349288119788,4.69322953980498,
23,37,"I",3,2.90779390631781,5.15456922615911,"I",3,2.90779390631781,5.15456922615911,
,,,,,,,,,,
24,71,"II",4,6.57240343856394,3.1520155406546,"II",4,6.57240343856394,3.1520155406546,
24,72,"V",3,2.25574892711378,4.54160644225418,"V",3,2.25574892711378,4.54160644225418,
24,73,"V",4,3.80429932994293,4.71323469353145,"V",4,3.80429932994293,4.71323469353145,
24,74,"I",4,2.44986391262537,4.61991492420928,"I",4,2.44986391262537,4.61991492420928,
24,75,"vi",5,4.53431053554805,4.79324890034491,"vi",5,4.53431053554805,4.79324890034491,
24,76,"IV",5,3.13189439414287,4.82160883447623,"ii",5,3.14699434863543,4.82160883447623,0.0150999544925572
24,77,"vi",6,5.86999327103292,3.58537869429243,"vi",5,6.59776583296574,2.05933639898963,
24,78,"I",4,5.56410384392512,4.38391552230694,"I",3,5.53291369140743,4.6618078697021,
24,79,"IV",3,2.46292714880519,4.69909280097143,"IV",3,1.79351520204882,4.58118834058044,
24,80,"iv",4,5.58033398913878,4.85910494300028,"iv",4,5.6349288119788,4.69322953980498,
24,81,"I",3,2.90779390631781,5.15456922615911,"I",3,2.90779390631781,5.15456922615911,
,,,,,,,,,,
25,156,"II",4,6.57240343856394,3.1520155406546,"II",4,6.57240343856394,3.1520155406546,
25,157,"V",3,2.25574892711378,4.54160644225418,"V",3,2.25574892711378,4.54160644225418,
25,158,"V",4,3.80429932994293,4.71323469353145,"V",4,3.80429932994293,4.71323469353145,
25,159,"I",4,2.44986391262537,4.61991492420928,"I",4,2.44986391262537,4.61991492420928,
25,160,"vi",5,4.53431053554805,4.79324890034491,"vi",5,4.53431053554805,4.79324890034491,
25,161,"IV",5,3.13189439414287,4.82160883447623,"ii",5,3.14699434863543,4.82160883447623,0.0150999544925572
25,162,"vi",6,5.86999327103292,3.58537869429243,"vi",5,6.59776583296574,2.05933639898963,
25,163,"I",4,5.56410384392512,4.38391552230694,"I",3,5.53291369140743,4.6618078697021,
25,164,"IV",3,2.46292714880519,4.69909280097143,"IV",3,1.79351520204882,4.58118834058044,
25,165,"iv",4,5.58033398913878,4.85910494300028,"iv",4,5.6349288119788,4.69322953980498,
25,166,"I",3,2.90779390631781,5.15456922615911,"I",3,2.90779390631781,5.15456922615911,
,,,,,,,,,,
26,196,"II",4,6.57240343856394,3.1520155406546,"II",4,6.57240343856394,3.1520155406546,
26,197,"V",3,2.25574892711378,4.54160644225418,"V",3,2.25574892711378,4.54160644225418,
26,198,"V",4,3.80429932994293,4.71323469353145,"V",4,3.80429932994293,4.71323469353145,
26,199,"I",4,2.44986391262537,4.61991492420928,"I",4,2.44986391262537,4.61991492420928,
26,200,"vi",5,4.53431053554805,4.79324890034491,"vi",5,4.53431053554805,4.79324890034491,
26,201,"IV",5,3.13189439414287,4.82160883447623,"ii",5,3.14699434863543,4.82160883447623,0.0150999544925572
26,202,"vi",6,5.86999327103292,3.58537869429243,"vi",5,6.59776583296574,2.05933639898963,
26,203,"I",4,5.56410384392512,4.38391552230694,"I",3,5.53291369140743,4.6618078697021,
26,204,"IV",3,2.46292714880519,4.69909280097143,"IV",3,1.79351520204882,4.58118834058044,
26,205,"iv",4,5.58033398913878,4.85910494300028,"iv",4,5.6349288119788,4.69322953980498,
26,206,"I",3,2.90779390631781,5.15456922615911,"I",3,2.90779390631781,5.15456922615911,
,,,,,,,,,,
27,137,"I",3,3.98952081876262,5.32171155792623,"I",3,3.98952081876262,5.32171155792623,
27,138,"iio",4,7.00510745640622,5.19132438177646,"iio",4,7.00510745640622,5.19132438177646,
27,139,"v",1,6.20503437960765,5.39087934793506,"v",1,6.20503437960765,5.39087934793506,
27,140,"I",1,4.5510925928662,5.40643602521911,"I",1,4.5510925928662,5.40643602521911,
27,141,"I",2,3.69359946968759,5.31660761886427,"I",2,3.69359946968759,5.31660761886427,
27,142,"vi",3,5.27340533765596,5.33559217210541,"-III",3,5.25167112908979,5.33559217210541,0.0217342085661683
27,143,"IV",3,3.90969581525023,5.19816315366507,"IV",4,4.31283183221344,4.84441872271262,
27,144,"vi",4,4.43713028083433,4.92668124539868,"vi",4,6.62215799884804,4.48271836897034,
27,145,"I",5,5.84567150873561,3.88200835625091,"I",2,4.86712415740446,5.27817780215406,
27,146,"IV",3,2.46292714880519,4.69909280097143,"IV",3,2.46292714880519,4.69909280097143,
27,147,"iv",4,5.58033398913878,4.85910494300028,"iv",4,5.58033398913878,4.85910494300028,
,,,,,,,,,,
28,137,"I",3,3.98952081876262,5.32171155792623,"I",3,3.98952081876262,5.32171155792623,
28,138,"iio",4,7.00510745640622,5.19132438177646,"iio",4,7.00510745640622,5.19132438177646,
28,139,"v",1,6.20503437960765,5.39087934793506,"v",1,6.20503437960765,5.39087934793506,
28,140,"I",1,4.5510925928662,5.40643602521911,"I",1,4.5510925928662,5.40643602521911,
28,141,"I",2,3.69359946968759,5.31660761886427,"I",2,3.69359946968759,5.31660761886427,
28,142,"vi",3,5.27340533765596,5.33559217210541,"-VI",3,5.25167112908979,5.33559217210541,0.0217342085661683
28,143,"IV",3,3.90969581525023,5.19816315366507,"IV",4,4.40146425685472,4.66894446931382,
28,144,"vi",4,4.43713028083433,4.92668124539868,"vi",4,6.61870313250181,4.07166060111786,
28,145,"I",5,5.84567150873561,3.88200835625091,"I",2,4.86712415740446,5.27817780215406,
28,146,"IV",3,2.46292714880519,4.69909280097143,"IV",3,2.46292714880519,4.69909280097143,
28,147,"iv",4,5.58033398913878,4.85910494300028,"iv",4,5.58033398913878,4.85910494300028,
,,,,,,,,,,
29,103,"ii",5,3.00705772234274,4.45571144596335,"ii",5,3.00705772234274,4.45571144596335,
29,104,"V",5,1.10045487005739,3.66498632999466,"V",5,1.10045487005739,3.66498632999466,
29,105,"I",6,2.72770513668993,4.65481725541353,"I",6,2.72770513668993,4.65481725541353,
29,106,"I",7,3.80810334141059,4.66511165946479,"I",7,3.80810334141059,4.66511165946479,
29,107,"I",6,2.9523905241875,4.98425848812478,"I",6,2.9523905241875,4.98425848812478,
29,108,"-VI",7,5.86029649633287,4.41117004193263,"VI",7,5.83770185781762,4.41117004193263,0.0225946385152547
29,109,"-VII",5,2.7641590085699,4.7368188354192,"-VII",5,6.40669347603708,4.53323015404213,
29,110,"v",6,5.04673183129437,3.50552378836612,"v",2,5.56893565004903,5.18743623540391,
29,111,"I",4,2.5673535347642,4.77570027420538,"I",2,4.04046037361723,5.29727403911809,
29,112,"iv",5,6.71902799923305,4.34361801902426,"iv",3,6.0929006590597,5.19490271471235,
29,113,"iv",2,4.4842452912116,5.35075692243134,"iv",2,4.4842452912116,5.35075692243134,
,,,,,,,,,,
30,3,"iio",2,7.27400003092747,4.69706735680231,"iio",2,7.27400003092747,4.69706735680231,
30,4,"I",1,4.38579646603412,5.39087934793506,"I",1,4.38579646603412,5.39087934793506,
30,5,"IV",2,5.59433041409148,5.06660320279031,"IV",2,5.59433041409148,5.06660320279031,
30,6,"I",2,4.32833786468994,5.3811634578644,"I",2,4.32833786468994,5.3811634578644,
30,7,"I",3,3.98952081876262,5.32171155792623,"I",3,3.98952081876262,5.32171155792623,
30,8,"iio",4,7.00510745640622,5.19132438177646,"vio",4,6.981098361539,5.19132438177646,0.0240090948672185
30,9,"I",1,4.38579646603412,5.39087934793506,"I",2,6.53678704579779,4.56046820208219,
30,10,"IV",2,5.59433041409148,5.06660320279031,"IV",1,5.2183946493543,5.48281709614139,
30,11,"I",2,4.32833786468994,5.3811634578644,"I",2,4.32833786468994,5.3811634578644,
30,12,"I",3,3.98952081876262,5.32171155792623,"I",3,3.98952081876262,5.32171155792623,
30,13,"vi",4,4.619609428373,5.19132438177646,"vi",4,4.619609428373,5.19132438177646,
,,,,,,,,,,
31,47,"iio",8,7.38292625291633,4.79823773212185,"iio",8,7.38292625291633,4.79823773212185,
31,48,"I",1,4.38579646603412,5.39087934793506,"I",1,4.38579646603412,5.39087934793506,
31,49,"IV",2,5.59433041409148,5.06660320279031,"IV",2,5.59433041409148,5.06660320279031,
31,50,"I",2,4.32833786468994,5.3811634578644,"I",2,4.32833786468994,5.3811634578644,
31,51,"I",3,3.98952081876262,5.32171155792623,"I",3,3.98952081876262,5.32171155792623,
31,52,"iio",4,7.00510745640622,5.19132438177646,"vio",4,6.981098361539,5.19132438177646,0.0240090948672185
31,53,"I",1,4.38579646603412,5.39087934793506,"I",2,6.53678704579779,4.56046820208219,
31,54,"IV",2,5.59433041409148,5.06660320279031,"IV",1,5.2183946493543,5.48281709614139,
31,55,"I",2,4.32833786468994,5.3811634578644,"I",2,4.32833786468994,5.3811634578644,
31,56,"I",3,3.98952081876262,5.32171155792623,"I",3,3.98952081876262,5.32171155792623,
31,57,"vi",4,4.619609428373,5.19132438177646,"vi",4,4.619609428373,5.19132438177646,
,,,,,,,,,,
32,91,"iio",8,7.38292625291633,4.79823773212185,"iio",8,7.38292625291633,4.79823773212185,
32,92,"I",1,4.38579646603412,5.39087934793506,"I",1,4.38579646603412,5.39087934793506,
32,93,"IV",2,5.59433041409148,5.06660320279031,"IV",2,5.59433041409148,5.06660320279031,
32,94,"I",2,4.32833786468994,5.3811634578644,"I",2,4.32833786468994,5.3811634578644,
32,95,"I",3,3.98952081876262,5.32171155792623,"I",3,3.98952081876262,5.32171155792623,
32,96,"iio",4,7.00510745640622,5.19132438177646,"vio",4,6.981098361539,5.19132438177646,0.0240090948672185
32,97,"v",1,6.20503437960765,5.39087934793506,"v",2,6.88877237454133,4.56046820208219,
32,98,"I",1,4.5510925928662,5.40643602521911,"I",1,4.5510925928662,5.40643602521911,
32,99,"IV",2,4.18269746175096,5.31660761886427,"IV",2,4.18269746175096,5.31660761886427,
32,100,"V",3,4.35091257597092,5.2362559666935,"V",3,4.35091257597092,5.2362559666935,
32,101,"iii",4,2.3217640062003,4.87285906297509,"iii",4,2.3217640062003,4.87285906297509,
,,,,,,,,,,
33,133,"iio",8,7.38292625291633,4.79823773212185,"iio",8,7.38292625291633,4.79823773212185,
33,134,"I",1,4.38579646603412,5.39087934793506,"I",1,4.38579646603412,5.39087934793506,
33,135,"IV",2,5.59433041409148,5.06660320279031,"IV",2,5.59433041409148,5.06660320279031,
33,136,"I",2,4.32833786468994,5.3811634578644,"I",2,4.32833786468994,5.3811634578644,
33,137,"I",3,3.98952081876262,5.32171155792623,"I",3,3.98952081876262,5.32171155792623,
33,138,"iio",4,7.00510745640622,5.19132438177646,"vio",4,6.981098361539,5.19132438177646,0.0240090948672185
33,139,"v",1,6.20503437960765,5.39087934793506,"v",2,6.88877237454133,4.56046820208219,
33,140,"I",1,4.5510925928662,5.40643602521911,"I",1,4.5510925928662,5.40643602521911,
33,141,"I",2,3.69359946968759,5.31660761886427,"I",2,3.69359946968759,5.31660761886427,
33,142,"vi",3,5.27340533765596,5.33559217210541,"vi",3,5.27340533765596,5.33559217210541,
33,143,"IV",3,3.90969581525023,5.19816315366507,"IV",3,3.90969581525023,5.19816315366507,
,,,,,,,,,,
34,28,"V",3,2.25574892711378,4.54160644225418,"V",3,2.25574892711378,4.54160644225418,
34,29,"V",4,3.80429932994293,4.71323469353145,"V",4,3.80429932994293,4.71323469353145,
34,30,"I",4,2.44986391262537,4.61991492420928,"I",4,2.44986391262537,4.61991492420928,
34,31,"vi",5,4.53431053554805,4.79324890034491,"vi",5,4.53431053554805,4.79324890034491,
34,32,"IV",5,3.13189439414287,4.82160883447623,"IV",5,3.13189439414287,4.82160883447623,
34,33,"vi",6,5.86999327103292,3.58537869429243,"iv",6,5.89534133450775,3.58537869429243,0.0253480634748247
34,34,"I",4,5.56410384392512,4.38391552230694,"I",3,2.50587089707514,5.10452761270396,
34,35,"IV",3,2.46292714880519,4.69909280097143,"IV",4,4.60437868426138,4.79523720835251,
34,36,"iv",4,5.58033398913878,4.85910494300028,"iv",4,4.38801627365176,5.23410078078278,
34,37,"I",3,2.90779390631781,5.15456922615911,"I",4,1.25554191675392,4.05739458489404,
34,38,"v",4,5.65081803880193,5.10346654234966,"v",5,6.34295983961019,3.92032523837091,
,,,,,,,,,,
35,72,"V",3,2.25574892711378,4.54160644225418,"V",3,2.25574892711378,4.54160644225418,
35,73,"V",4,3.80429932994293,4.71323469353145,"V",4,3.80429932994293,4.71323469353145,
35,74,"I",4,2.44986391262537,4.61991492420928,"I",4,2.44986391262537,4.61991492420928,
35,75,"vi",5,4.53431053554805,4.79324890034491,"vi",5,4.53431053554805,4.79324890034491,
35,76,"IV",5,3.13189439414287,4.82160883447623,"IV",5,3.13189439414287,4.82160883447623,
35,77,"vi",6,5.86999327103292,3.58537869429243,"iv",6,5.89534133450775,3.58537869429243,0.0253480634748247
35,78,"I",4,5.56410384392512,4.38391552230694,"I",3,2.50587089707514,5.10452761270396,
35,79,"IV",3,2.46292714880519,4.69909280097143,"IV",4,4.60437868426138,4.79523720835251,
35,80,"iv",4,5.58033398913878,4.85910494300028,"iv",4,4.38801627365176,5.23410078078278,
35,81,"I",3,2.90779390631781,5.15456922615911,"I",4,1.25554191675392,4.05739458489404,
35,82,"v",4,5.65081803880193,5.10346654234966,"v",5,6.34295983961019,3.92032523837091,
,,,,,,,,,,
36,157,"V",3,2.25574892711378,4.54160644225418,"V",3,2.25574892711378,4.54160644225418,
36,158,"V",4,3.80429932994293,4.71323469353145,"V",4,3.80429932994293,4.71323469353145,
36,159,"I",4,2.44986391262537,4.61991492420928,"I",4,2.44986391262537,4.61991492420928,
36,160,"vi",5,4.53431053554805,4.79324890034491,"vi",5,4.53431053554805,4.79324890034491,
36,161,"IV",5,3.13189439414287,4.82160883447623,"IV",5,3.13189439414287,4.82160883447623,
36,162,"vi",6,5.86999327103292,3.58537869429243,"iv",6,5.89534133450775,3.58537869429243,0.0253480634748247
36,163,"I",4,5.56410384392512,4.38391552230694,"I",3,2.50587089707514,5.10452761270396,
36,164,"IV",3,2.46292714880519,4.69909280097143,"IV",4,4.60437868426138,4.79523720835251,
36,165,"iv",4,5.58033398913878,4.85910494300028,"iv",4,4.38801627365176,5.23410078078278,
36,166,"I",3,2.90779390631781,5.15456922615911,"I",4,1.25554191675392,4.05739458489404,
36,167,"v",4,5.65081803880193,5.10346654234966,"v",5,6.34295983961019,3.92032523837091,
,,,,,,,,,,
37,197,"V",3,2.25574892711378,4.54160644225418,"V",3,2.25574892711378,4.54160644225418,
37,198,"V",4,3.80429932994293,4.71323469353145,"V",4,3.80429932994293,4.71323469353145,
37,199,"I",4,2.44986391262537,4.61991492420928,"I",4,2.44986391262537,4.61991492420928,
37,200,"vi",5,4.53431053554805,4.79324890034491,"vi",5,4.53431053554805,4.79324890034491,
37,201,"IV",5,3.13189439414287,4.82160883447623,"IV",5,3.13189439414287,4.82160883447623,
37,202,"vi",6,5.86999327103292,3.58537869429243,"iv",6,5.89534133450775,3.58537869429243,0.0253480634748247
37,203,"I",4,5.56410384392512,4.38391552230694,"I",3,2.50587089707514,5.10452761270396,
37,204,"IV",3,2.46292714880519,4.69909280097143,"IV",4,4.60437868426138,4.79523720835251,
37,205,"iv",4,5.58033398913878,4.85910494300028,"iv",4,4.38801627365176,5.23410078078278,
37,206,"I",3,2.90779390631781,5.15456922615911,"I",4,1.25554191675392,4.05739458489404,
37,207,"v",4,5.65081803880193,5.10346654234966,"v",5,6.34295983961019,3.92032523837091,
,,,,,,,,,,
38,179,"iv",4,6.37666430068938,4.91321350924505,"iv",4,6.37666430068938,4.91321350924505,
38,180,"V",2,4.84012819493814,5.35075692243134,"V",2,4.84012819493814,5.35075692243134,
38,181,"I",3,2.1527198075664,4.75272406822468,"I",3,2.1527198075664,4.75272406822468,
38,182,"vi",4,5.14027806129568,5.2126784304922,"vi",4,5.14027806129568,5.2126784304922,
38,183,"IV",4,2.90119903607054,4.95622591108184,"IV",4,2.90119903607054,4.95622591108184,
38,184,"vi",5,5.2294319352252,4.38602220589522,"iv",5,5.25477999870002,4.38602220589522,0.0253480634748255
38,185,"I",4,5.56410384392512,4.38391552230694,"I",3,2.50587089707514,5.10452761270396,
38,186,"IV",3,2.46292714880519,4.69909280097143,"IV",4,4.60437868426138,4.79523720835251,
38,187,"iv",4,5.58033398913878,4.85910494300028,"iv",4,4.38801627365176,5.23410078078278,
38,188,"I",3,2.90779390631781,5.15456922615911,"I",4,1.25554191675392,4.05739458489404,
38,189,"v",4,5.65081803880193,5.10346654234966,"v",5,6.34295983961019,3.92032523837091,
,,,,,,,,,,
39,171,"I",3,2.90779390631781,5.15456922615911,"I",3,2.90779390631781,5.15456922615911,
39,172,"vi",4,4.72291824060942,5.10346654234966,"vi",4,4.72291824060942,5.10346654234966,
39,173,"ii",4,0.967245079683656,3.50921246340354,"ii",4,0.967245079683656,3.50921246340354,
39,174,"V",4,0.824187200064757,3.1520155406546,"V",4,0.824187200064757,3.1520155406546,
39,175,"-VI",5,5.81401974576855,4.13879480308956,"-VI",5,5.81401974576855,4.13879480308956,
39,176,"-VII",3,4.26954562397705,4.76550834558971,"-VI",3,4.24064355897892,4.76550834558971,0.0289020649981317
39,177,"v",3,5.17748476429691,4.6860270890334,"v",3,4.63519972606995,4.90669446537547,
39,178,"I",3,3.3499580479609,5.1130896179335,"I",3,4.94013170623555,4.53567481448448,
39,179,"iv",4,6.37666430068938,4.91321350924505,"iv",3,6.13450936235532,5.00083895365462,
39,180,"V",2,4.84012819493814,5.35075692243134,"V",2,4.84012819493814,5.35075692243134,
39,181,"I",3,2.1527198075664,4.75272406822468,"I",3,2.1527198075664,4.75272406822468,
,,,,,,,,,,
40,92,"I",1,4.38579646603412,5.39087934793506,"I",1,4.38579646603412,5.39087934793506,
40,93,"IV",2,5.59433041409148,5.06660320279031,"IV",2,5.59433041409148,5.06660320279031,
40,94,"I",2,4.32833786468994,5.3811634578644,"I",2,4.32833786468994,5.3811634578644,
40,95,"I",3,3.98952081876262,5.32171155792623,"I",3,3.98952081876262,5.32171155792623,
40,96,"iio",4,7.00510745640622,5.19132438177646,"iio",4,7.00510745640622,5.19132438177646,
40,97,"v",1,6.20503437960765,5.39087934793506,"III",1,6.16755967418899,5.39087934793506,0.0374747054186626
40,98,"I",1,4.5510925928662,5.40643602521911,"I",1,4.9324683163302,5.39405489533194,
40,99,"IV",2,4.18269746175096,5.31660761886427,"IV",2,3.93524965968815,5.36835917767811,
40,100,"V",3,4.35091257597092,5.2362559666935,"V",3,4.86882465197625,4.99670134578116,
40,101,"iii",4,2.3217640062003,4.87285906297509,"iii",3,4.58445030128397,5.22242873599478,
40,102,"vi",5,3.27348013327482,4.26369734599942,"vi",4,2.95650817352379,4.70216888966594,
,,,,,,,,,,
41,134,"I",1,4.38579646603412,5.39087934793506,"I",1,4.38579646603412,5.39087934793506,
41,135,"IV",2,5.59433041409148,5.06660320279031,"IV",2,5.59433041409148,5.06660320279031,
41,136,"I",2,4.32833786468994,5.3811634578644,"I",2,4.32833786468994,5.3811634578644,
41,137,"I",3,3.98952081876262,5.32171155792623,"I",3,3.98952081876262,5.32171155792623,
41,138,"iio",4,7.00510745640622,5.19132438177646,"iio",4,7.00510745640622,5.19132438177646,
41,139,"v",1,6.20503437960765,5.39087934793506,"III",1,6.16755967418899,5.39087934793506,0.0374747054186626
41,140,"I",1,4.5510925928662,5.40643602521911,"I",1,4.9324683163302,5.39405489533194,
41,141,"I",2,3.69359946968759,5.31660761886427,"I",2,4.07403594051638,5.36835917767811,
41,142,"vi",3,5.27340533765596,5.33559217210541,"vi",3,4.1849629259309,5.32014861418211,
41,143,"IV",3,3.90969581525023,5.19816315366507,"IV",4,4.15157435116241,4.83653233988855,
41,144,"vi",4,4.43713028083433,4.92668124539868,"vi",4,4.43713028083433,4.92668124539868,
,,,,,,,,,,
42,175,"-VI",5,5.81401974576855,4.13879480308956,"-VI",5,5.81401974576855,4.13879480308956,
42,176,"-VII",3,4.26954562397705,4.76550834558971,"-VII",3,4.26954562397705,4.76550834558971,
42,177,"v",3,5.17748476429691,4.6860270890334,"v",3,5.17748476429691,4.6860270890334,
42,178,"I",3,3.3499580479609,5.1130896179335,"I",3,3.3499580479609,5.1130896179335,
42,179,"iv",4,6.37666430068938,4.91321350924505,"iv",4,6.37666430068938,4.91321350924505,
42,180,"V",2,4.84012819493814,5.35075692243134,"-VII",2,4.80226758139334,5.35075692243134,0.0378606135448027
42,181,"I",3,2.1527198075664,4.75272406822468,"I",3,4.24699195143397,4.74335181983123,
42,182,"vi",4,5.14027806129568,5.2126784304922,"vi",3,5.3145595373739,4.78831232089896,
42,183,"IV",4,2.90119903607054,4.95622591108184,"IV",3,3.98366080088666,5.14848247484335,
42,184,"vi",5,5.2294319352252,4.38602220589522,"vi",4,4.94248713088709,4.68021294506023,
42,185,"I",4,5.56410384392512,4.38391552230694,"I",4,5.56410384392512,4.38391552230694,
,,,,,,,,,,
43,170,"iv",4,5.76538288365962,4.41588589185448,"iv",4,5.76538288365962,4.41588589185448,
43,171,"I",3,2.90779390631781,5.15456922615911,"I",3,2.90779390631781,5.15456922615911,
43,172,"vi",4,4.72291824060942,5.10346654234966,"vi",4,4.72291824060942,5.10346654234966,
43,173,"ii",4,0.967245079683656,3.50921246340354,"ii",4,0.967245079683656,3.50921246340354,
43,174,"V",4,0.824187200064757,3.1520155406546,"V",4,0.824187200064757,3.1520155406546,
43,175,"-VI",5,5.81401974576855,4.13879480308956,"III",5,5.77537175872477,4.13879480308956,0.0386479870437775
43,176,"-VII",3,4.26954562397705,4.76550834558971,"-VII",4,6.99910155810875,4.21392134007405,
43,177,"v",3,5.17748476429691,4.6860270890334,"v",1,5.25416302465249,5.43074002533786,
43,178,"I",3,3.3499580479609,5.1130896179335,"I",2,4.04046037361723,5.29727403911809,
43,179,"iv",4,6.37666430068938,4.91321350924505,"iv",3,6.0929006590597,5.19490271471235,
43,180,"V",2,4.84012819493814,5.35075692243134,"V",2,4.84012819493814,5.35075692243134,
,,,,,,,,,,
44,3,"iio",2,7.27400003092747,4.69706735680231,"iio",2,7.27400003092747,4.69706735680231,
44,4,"I",1,4.38579646603412,5.39087934793506,"I",1,4.38579646603412,5.39087934793506,
44,5,"IV",2,5.59433041409148,5.06660320279031,"IV",2,5.59433041409148,5.06660320279031,
44,6,"I",2,4.32833786468994,5.3811634578644,"I",2,4.32833786468994,5.3811634578644,
44,7,"I",3,3.98952081876262,5.32171155792623,"I",3,3.98952081876262,5.32171155792623,
44,8,"iio",4,7.00510745640622,5.19132438177646,"-vi",4,6.96291915739608,5.19132438177646,0.0421882990101397
44,9,"I",1,4.38579646603412,5.39087934793506,"I",2,9.47832137519926,0.923438801428134,
44,10,"IV",2,5.59433041409148,5.06660320279031,"IV",1,5.2183946493543,5.48281709614139,
44,11,"I",2,4.32833786468994,5.3811634578644,"I",2,4.32833786468994,5.3811634578644,
44,12,"I",3,3.98952081876262,5.32171155792623,"I",3,3.98952081876262,5.32171155792623,
44,13,"vi",4,4.619609428373,5.19132438177646,"vi",4,4.619609428373,5.19132438177646,
,,,,,,,,,,
45,3,"iio",2,7.27400003092747,4.69706735680231,"iio",2,7.27400003092747,4.69706735680231,
45,4,"I",1,4.38579646603412,5.39087934793506,"I",1,4.38579646603412,5.39087934793506,
45,5,"IV",2,5.59433041409148,5.06660320279031,"IV",2,5.59433041409148,5.06660320279031,
45,6,"I",2,4.32833786468994,5.3811634578644,"I",2,4.32833786468994,5.3811634578644,
45,7,"I",3,3.98952081876262,5.32171155792623,"I",3,3.98952081876262,5.32171155792623,
45,8,"iio",4,7.00510745640622,5.19132438177646,"ivo",4,6.96291915739608,5.19132438177646,0.0421882990101397
45,9,"I",1,4.38579646603412,5.39087934793506,"I",2,4.49285462017475,4.78771112150463,
45,10,"IV",2,5.59433041409148,5.06660320279031,"IV",2,5.45861479329036,5.17408234585263,
45,11,"I",2,4.32833786468994,5.3811634578644,"I",2,4.32833786468994,5.3811634578644,
45,12,"I",3,3.98952081876262,5.32171155792623,"I",3,3.98952081876262,5.32171155792623,
45,13,"vi",4,4.619609428373,5.19132438177646,"vi",4,4.619609428373,5.19132438177646,
,,,,,,,,,,
46,47,"iio",8,7.38292625291633,4.79823773212185,"iio",8,7.38292625291633,4.79823773212185,
46,48,"I",1,4.38579646603412,5.39087934793506,"I",1,4.38579646603412,5.39087934793506,
46,49,"IV",2,5.59433041409148,5.06660320279031,"IV",2,5.59433041409148,5.06660320279031,
46,50,"I",2,4.32833786468994,5.3811634578644,"I",2,4.32833786468994,5.3811634578644,
46,51,"I",3,3.98952081876262,5.32171155792623,"I",3,3.98952081876262,5.32171155792623,
46,52,"iio",4,7.00510745640622,5.19132438177646,"-vi",4,6.96291915739608,5.19132438177646,0.0421882990101397
46,53,"I",1,4.38579646603412,5.39087934793506,"I",2,9.47832137519926,0.923438801428134,
46,54,"IV",2,5.59433041409148,5.06660320279031,"IV",1,5.2183946493543,5.48281709614139,
46,55,"I",2,4.32833786468994,5.3811634578644,"I",2,4.32833786468994,5.3811634578644,
46,56,"I",3,3.98952081876262,5.32171155792623,"I",3,3.98952081876262,5.32171155792623,
46,57,"vi",4,4.619609428373,5.19132438177646,"vi",4,4.619609428373,5.19132438177646,
,,,,,,,,,,
47,47,"iio",8,7.38292625291633,4.79823773212185,"iio",8,7.38292625291633,4.79823773212185,
47,48,"I",1,4.38579646603412,5.39087934793506,"I",1,4.38579646603412,5.39087934793506,
47,49,"IV",2,5.59433041409148,5.06660320279031,"IV",2,5.59433041409148,5.06660320279031,
47,50,"I",2,4.32833786468994,5.3811634578644,"I",2,4.32833786468994,5.3811634578644,
47,51,"I",3,3.98952081876262,5.32171155792623,"I",3,3.98952081876262,5.32171155792623,
47,52,"iio",4,7.00510745640622,5.19132438177646,"ivo",4,6.96291915739608,5.19132438177646,0.0421882990101397
47,53,"I",1,4.38579646603412,5.39087934793506,"I",2,4.49285462017475,4.78771112150463,
47,54,"IV",2,5.59433041409148,5.06660320279031,"IV",2,5.45861479329036,5.17408234585263,
47,55,"I",2,4.32833786468994,5.3811634578644,"I",2,4.32833786468994,5.3811634578644,
47,56,"I",3,3.98952081876262,5.32171155792623,"I",3,3.98952081876262,5.32171155792623,
47,57,"vi",4,4.619609428373,5.19132438177646,"vi",4,4.619609428373,5.19132438177646,
,,,,,,,,,,
48,91,"iio",8,7.38292625291633,4.79823773212185,"iio",8,7.38292625291633,4.79823773212185,
48,92,"I",1,4.38579646603412,5.39087934793506,"I",1,4.38579646603412,5.39087934793506,
48,93,"IV",2,5.59433041409148,5.06660320279031,"IV",2,5.59433041409148,5.06660320279031,
48,94,"I",2,4.32833786468994,5.3811634578644,"I",2,4.32833786468994,5.3811634578644,
48,95,"I",3,3.98952081876262,5.32171155792623,"I",3,3.98952081876262,5.32171155792623,
48,96,"iio",4,7.00510745640622,5.19132438177646,"-vi",4,6.96291915739608,5.19132438177646,0.0421882990101397
48,97,"v",1,6.20503437960765,5.39087934793506,"v",2,9.8303067039428,0.923438801428134,
48,98,"I",1,4.5510925928662,5.40643602521911,"I",1,4.5510925928662,5.40643602521911,
48,99,"IV",2,4.18269746175096,5.31660761886427,"IV",2,4.18269746175096,5.31660761886427,
48,100,"V",3,4.35091257597092,5.2362559666935,"V",3,4.35091257597092,5.2362559666935,
48,101,"iii",4,2.3217640062003,4.87285906297509,"iii",4,2.3217640062003,4.87285906297509,
,,,,,,,,,,
49,91,"iio",8,7.38292625291633,4.79823773212185,"iio",8,7.38292625291633,4.79823773212185,
49,92,"I",1,4.38579646603412,5.39087934793506,"I",1,4.38579646603412,5.39087934793506,
49,93,"IV",2,5.59433041409148,5.06660320279031,"IV",2,5.59433041409148,5.06660320279031,
49,94,"I",2,4.32833786468994,5.3811634578644,"I",2,4.32833786468994,5.3811634578644,
49,95,"I",3,3.98952081876262,5.32171155792623,"I",3,3.98952081876262,5.32171155792623,
49,96,"iio",4,7.00510745640622,5.19132438177646,"ivo",4,6.96291915739608,5.19132438177646,0.0421882990101397
49,97,"v",1,6.20503437960765,5.39087934793506,"v",2,6.46731952806761,4.78771112150463,
49,98,"I",1,4.5510925928662,5.40643602521911,"I",1,4.5510925928662,5.40643602521911,
49,99,"IV",2,4.18269746175096,5.31660761886427,"IV",2,4.18269746175096,5.31660761886427,
49,100,"V",3,4.35091257597092,5.2362559666935,"V",3,4.35091257597092,5.2362559666935,
49,101,"iii",4,2.3217640062003,4.87285906297509,"iii",4,2.3217640062003,4.87285906297509,
,,,,,,,,,,
50,133,"iio",8,7.38292625291633,4.79823773212185,"iio",8,7.38292625291633,4.79823773212185,
50,134,"I",1,4.38579646603412,5.39087934793506,"I",1,4.38579646603412,5.39087934793506,
50,135,"IV",2,5.59433041409148,5.06660320279031,"IV",2,5.59433041409148,5.06660320279031,
50,136,"I",2,4.32833786468994,5.3811634578644,"I",2,4.32833786468994,5.3811634578644,
50,137,"I",3,3.98952081876262,5.32171155792623,"I",3,3.98952081876262,5.32171155792623,
50,138,"iio",4,7.00510745640622,5.19132438177646,"-vi",4,6.96291915739608,5.19132438177646,0.0421882990101397
50,139,"v",1,6.20503437960765,5.39087934793506,"v",2,9.8303067039428,0.923438801428134,
50,140,"I",1,4.5510925928662,5.40643602521911,"I",1,4.5510925928662,5.40643602521911,
50,141,"I",2,3.69359946968759,5.31660761886427,"I",2,3.69359946968759,5.31660761886427,
50,142,"vi",3,5.27340533765596,5.33559217210541,"vi",3,5.27340533765596,5.33559217210541,
50,143,"IV",3,3.90969581525023,5.19816315366507,"IV",3,3.90969581525023,5.19816315366507,
,,,,,,,,,,
51,133,"iio",8,7.38292625291633,4.79823773212185,"iio",8,7.38292625291633,4.79823773212185,
51,134,"I",1,4.38579646603412,5.39087934793506,"I",1,4.38579646603412,5.39087934793506,
51,135,"IV",2,5.59433041409148,5.06660320279031,"IV",2,5.59433041409148,5.06660320279031,
51,136,"I",2,4.32833786468994,5.3811634578644,"I",2,4.32833786468994,5.3811634578644,
51,137,"I",3,3.98952081876262,5.32171155792623,"I",3,3.98952081876262,5.32171155792623,
51,138,"iio",4,7.00510745640622,5.19132438177646,"ivo",4,6.96291915739608,5.19132438177646,0.0421882990101397
51,139,"v",1,6.20503437960765,5.39087934793506,"v",2,6.46731952806761,4.78771112150463,
51,140,"I",1,4.5510925928662,5.40643602521911,"I",1,4.5510925928662,5.40643602521911,
51,141,"I",2,3.69359946968759,5.31660761886427,"I",2,3.69359946968759,5.31660761886427,
51,142,"vi",3,5.27340533765596,5.33559217210541,"vi",3,5.27340533765596,5.33559217210541,
51,143,"IV",3,3.90969581525023,5.19816315366507,"IV",3,3.90969581525023,5.19816315366507,
,,,,,,,,,,
52,42,"I",3,2.90779390631781,5.15456922615911,"I",3,2.90779390631781,5.15456922615911,
52,43,"vi",4,4.72291824060942,5.10346654234966,"vi",4,4.72291824060942,5.10346654234966,
52,44,"ii",4,0.967245079683656,3.50921246340354,"ii",4,0.967245079683656,3.50921246340354,
52,45,"V",4,0.824187200064757,3.1520155406546,"V",4,0.824187200064757,3.1520155406546,
52,46,"I",5,1.38614779594264,4.13879480308956,"I",5,1.38614779594264,4.13879480308956,
52,47,"iio",8,7.38292625291633,4.79823773212185,"-iii",8,7.42536151923673,4.79823773212185,0.0424352663203953
52,48,"I",1,4.38579646603412,5.39087934793506,"I",1,4.92649239482649,5.46389963652323,
52,49,"IV",2,5.59433041409148,5.06660320279031,"IV",2,5.45793375204742,5.16918961156132,
52,50,"I",2,4.32833786468994,5.3811634578644,"I",2,4.32833786468994,5.3811634578644,
52,51,"I",3,3.98952081876262,5.32171155792623,"I",3,3.98952081876262,5.32171155792623,
52,52,"iio",4,7.00510745640622,5.19132438177646,"iio",4,7.00510745640622,5.19132438177646,
,,,,,,,,,,
53,86,"I",3,2.90779390631781,5.15456922615911,"I",3,2.90779390631781,5.15456922615911,
53,87,"vi",4,4.72291824060942,5.10346654234966,"vi",4,4.72291824060942,5.10346654234966,
53,88,"ii",4,0.967245079683656,3.50921246340354,"ii",4,0.967245079683656,3.50921246340354,
53,89,"V",4,0.824187200064757,3.1520155406546,"V",4,0.824187200064757,3.1520155406546,
53,90,"I",5,1.38614779594264,4.13879480308956,"I",5,1.38614779594264,4.13879480308956,
53,91,"iio",8,7.38292625291633,4.79823773212185,"-iii",8,7.42536151923673,4.79823773212185,0.0424352663203953
53,92,"I",1,4.38579646603412,5.39087934793506,"I",1,4.92649239482649,5.46389963652323,
53,93,"IV",2,5.59433041409148,5.06660320279031,"IV",2,5.45793375204742,5.16918961156132,
53,94,"I",2,4.32833786468994,5.3811634578644,"I",2,4.32833786468994,5.3811634578644,
53,95,"I",3,3.98952081876262,5.32171155792623,"I",3,3.98952081876262,5.32171155792623,
53,96,"iio",4,7.00510745640622,5.19132438177646,"iio",4,7.00510745640622,5.19132438177646,
,,,,,,,,,,
54,128,"I",3,2.90779390631781,5.15456922615911,"I",3,2.90779390631781,5.15456922615911,
54,129,"vi",4,4.72291824060942,5.10346654234966,"vi",4,4.72291824060942,5.10346654234966,
54,130,"ii",4,0.967245079683656,3.50921246340354,"ii",4,0.967245079683656,3.50921246340354,
54,131,"V",4,0.824187200064757,3.1520155406546,"V",4,0.824187200064757,3.1520155406546,
54,132,"I",5,1.38614779594264,4.13879480308956,"I",5,1.38614779594264,4.13879480308956,
54,133,"iio",8,7.38292625291633,4.79823773212185,"-iii",8,7.42536151923673,4.79823773212185,0.0424352663203953
54,134,"I",1,4.38579646603412,5.39087934793506,"I",1,4.92649239482649,5.46389963652323,
54,135,"IV",2,5.59433041409148,5.06660320279031,"IV",2,5.45793375204742,5.16918961156132,
54,136,"I",2,4.32833786468994,5.3811634578644,"I",2,4.32833786468994,5.3811634578644,
54,137,"I",3,3.98952081876262,5.32171155792623,"I",3,3.98952081876262,5.32171155792623,
54,138,"iio",4,7.00510745640622,5.19132438177646,"iio",4,7.00510745640622,5.19132438177646,
,,,,,,,,,,
55,3,"iio",2,7.27400003092747,4.69706735680231,"iio",2,7.27400003092747,4.69706735680231,
55,4,"I",1,4.38579646603412,5.39087934793506,"I",1,4.38579646603412,5.39087934793506,
55,5,"IV",2,5.59433041409148,5.06660320279031,"IV",2,5.59433041409148,5.06660320279031,
55,6,"I",2,4.32833786468994,5.3811634578644,"I",2,4.32833786468994,5.3811634578644,
55,7,"I",3,3.98952081876262,5.32171155792623,"I",3,3.98952081876262,5.32171155792623,
55,8,"iio",4,7.00510745640622,5.19132438177646,"-iii",4,7.04754272272661,5.19132438177646,0.0424352663203962
55,9,"I",1,4.38579646603412,5.39087934793506,"I",1,4.92649239482649,5.46389963652323,
55,10,"IV",2,5.59433041409148,5.06660320279031,"IV",2,5.45793375204742,5.16918961156132,
55,11,"I",2,4.32833786468994,5.3811634578644,"I",2,4.32833786468994,5.3811634578644,
55,12,"I",3,3.98952081876262,5.32171155792623,"I",3,3.98952081876262,5.32171155792623,
55,13,"vi",4,4.619609428373,5.19132438177646,"vi",4,4.619609428373,5.19132438177646,
,,,,,,,,,,
56,47,"iio",8,7.38292625291633,4.79823773212185,"iio",8,7.38292625291633,4.79823773212185,
56,48,"I",1,4.38579646603412,5.39087934793506,"I",1,4.38579646603412,5.39087934793506,
56,49,"IV",2,5.59433041409148,5.06660320279031,"IV",2,5.59433041409148,5.06660320279031,
56,50,"I",2,4.32833786468994,5.3811634578644,"I",2,4.32833786468994,5.3811634578644,
56,51,"I",3,3.98952081876262,5.32171155792623,"I",3,3.98952081876262,5.32171155792623,
56,52,"iio",4,7.00510745640622,5.19132438177646,"-iii",4,7.04754272272661,5.19132438177646,0.0424352663203962
56,53,"I",1,4.38579646603412,5.39087934793506,"I",1,4.92649239482649,5.46389963652323,
56,54,"IV",2,5.59433041409148,5.06660320279031,"IV",2,5.45793375204742,5.16918961156132,
56,55,"I",2,4.32833786468994,5.3811634578644,"I",2,4.32833786468994,5.3811634578644,
56,56,"I",3,3.98952081876262,5.32171155792623,"I",3,3.98952081876262,5.32171155792623,
56,57,"vi",4,4.619609428373,5.19132438177646,"vi",4,4.619609428373,5.19132438177646,
,,,,,,,,,,
57,91,"iio",8,7.38292625291633,4.79823773212185,"iio",8,7.38292625291633,4.79823773212185,
57,92,"I",1,4.38579646603412,5.39087934793506,"I",1,4.38579646603412,5.39087934793506,
57,93,"IV",2,5.59433041409148,5.06660320279031,"IV",2,5.59433041409148,5.06660320279031,
57,94,"I",2,4.32833786468994,5.3811634578644,"I",2,4.32833786468994,5.3811634578644,
57,95,"I",3,3.98952081876262,5.32171155792623,"I",3,3.98952081876262,5.32171155792623,
57,96,"iio",4,7.00510745640622,5.19132438177646,"-iii",4,7.04754272272661,5.19132438177646,0.0424352663203962
57,97,"v",1,6.20503437960765,5.39087934793506,"v",1,6.26727951696517,5.46389963652323,
57,98,"I",1,4.5510925928662,5.40643602521911,"I",1,4.5510925928662,5.40643602521911,
57,99,"IV",2,4.18269746175096,5.31660761886427,"IV",2,4.18269746175096,5.31660761886427,
57,100,"V",3,4.35091257597092,5.2362559666935,"V",3,4.35091257597092,5.2362559666935,
57,101,"iii",4,2.3217640062003,4.87285906297509,"iii",4,2.3217640062003,4.87285906297509,
,,,,,,,,,,
58,133,"iio",8,7.38292625291633,4.79823773212185,"iio",8,7.38292625291633,4.79823773212185,
58,134,"I",1,4.38579646603412,5.39087934793506,"I",1,4.38579646603412,5.39087934793506,
58,135,"IV",2,5.59433041409148,5.06660320279031,"IV",2,5.59433041409148,5.06660320279031,
58,136,"I",2,4.32833786468994,5.3811634578644,"I",2,4.32833786468994,5.3811634578644,
58,137,"I",3,3.98952081876262,5.32171155792623,"I",3,3.98952081876262,5.32171155792623,
58,138,"iio",4,7.00510745640622,5.19132438177646,"-iii",4,7.04754272272661,5.19132438177646,0.0424352663203962
58,139,"v",1,6.20503437960765,5.39087934793506,"v",1,6.26727951696517,5.46389963652323,
58,140,"I",1,4.5510925928662,5.40643602521911,"I",1,4.5510925928662,5.40643602521911,
58,141,"I",2,3.69359946968759,5.31660761886427,"I",2,3.69359946968759,5.31660761886427,
58,142,"vi",3,5.27340533765596,5.33559217210541,"vi",3,5.27340533765596,5.33559217210541,
58,143,"IV",3,3.90969581525023,5.19816315366507,"IV",3,3.90969581525023,5.19816315366507,
,,,,,,,,,,
59,42,"I",3,2.90779390631781,5.15456922615911,"I",3,2.90779390631781,5.15456922615911,
59,43,"vi",4,4.72291824060942,5.10346654234966,"vi",4,4.72291824060942,5.10346654234966,
59,44,"ii",4,0.967245079683656,3.50921246340354,"ii",4,0.967245079683656,3.50921246340354,
59,45,"V",4,0.824187200064757,3.1520155406546,"V",4,0.824187200064757,3.1520155406546,
59,46,"I",5,1.38614779594264,4.13879480308956,"I",5,1.38614779594264,4.13879480308956,
59,47,"iio",8,7.38292625291633,4.79823773212185,"iiio",8,7.3395662638124,4.79823773212185,0.04335998910393
59,48,"I",1,4.38579646603412,5.39087934793506,"I",2,7.51233659513974,2.63474802639296,
59,49,"IV",2,5.59433041409148,5.06660320279031,"IV",1,5.2183946493543,5.48281709614139,
59,50,"I",2,4.32833786468994,5.3811634578644,"I",2,4.32833786468994,5.3811634578644,
59,51,"I",3,3.98952081876262,5.32171155792623,"I",3,3.98952081876262,5.32171155792623,
59,52,"iio",4,7.00510745640622,5.19132438177646,"iio",4,7.00510745640622,5.19132438177646,
,,,,,,,,,,
60,86,"I",3,2.90779390631781,5.15456922615911,"I",3,2.90779390631781,5.15456922615911,
60,87,"vi",4,4.72291824060942,5.10346654234966,"vi",4,4.72291824060942,5.10346654234966,
60,88,"ii",4,0.967245079683656,3.50921246340354,"ii",4,0.967245079683656,3.50921246340354,
60,89,"V",4,0.824187200064757,3.1520155406546,"V",4,0.824187200064757,3.1520155406546,
60,90,"I",5,1.38614779594264,4.13879480308956,"I",5,1.38614779594264,4.13879480308956,
60,91,"iio",8,7.38292625291633,4.79823773212185,"iiio",8,7.3395662638124,4.79823773212185,0.04335998910393
60,92,"I",1,4.38579646603412,5.39087934793506,"I",2,7.51233659513974,2.63474802639296,
60,93,"IV",2,5.59433041409148,5.06660320279031,"IV",1,5.2183946493543,5.48281709614139,
60,94,"I",2,4.32833786468994,5.3811634578644,"I",2,4.32833786468994,5.3811634578644,
60,95,"I",3,3.98952081876262,5.32171155792623,"I",3,3.98952081876262,5.32171155792623,
60,96,"iio",4,7.00510745640622,5.19132438177646,"iio",4,7.00510745640622,5.19132438177646,
,,,,,,,,,,
61,128,"I",3,2.90779390631781,5.15456922615911,"I",3,2.90779390631781,5.15456922615911,
61,129,"vi",4,4.72291824060942,5.10346654234966,"vi",4,4.72291824060942,5.10346654234966,
61,130,"ii",4,0.967245079683656,3.50921246340354,"ii",4,0.967245079683656,3.50921246340354,
61,131,"V",4,0.824187200064757,3.1520155406546,"V",4,0.824187200064757,3.1520155406546,
61,132,"I",5,1.38614779594264,4.13879480308956,"I",5,1.38614779594264,4.13879480308956,
61,133,"iio",8,7.38292625291633,4.79823773212185,"iiio",8,7.3395662638124,4.79823773212185,0.04335998910393
61,134,"I",1,4.38579646603412,5.39087934793506,"I",2,7.51233659513974,2.63474802639296,
61,135,"IV",2,5.59433041409148,5.06660320279031,"IV",1,5.2183946493543,5.48281709614139,
61,136,"I",2,4.32833786468994,5.3811634578644,"I",2,4.32833786468994,5.3811634578644,
61,137,"I",3,3.98952081876262,5.32171155792623,"I",3,3.98952081876262,5.32171155792623,
61,138,"iio",4,7.00510745640622,5.19132438177646,"iio",4,7.00510745640622,5.19132438177646,
,,,,,,,,,,
62,6,"I",2,4.32833786468994,5.3811634578644,"I",2,4.32833786468994,5.3811634578644,
62,7,"I",3,3.98952081876262,5.32171155792623,"I",3,3.98952081876262,5.32171155792623,
62,8,"iio",4,7.00510745640622,5.19132438177646,"iio",4,7.00510745640622,5.19132438177646,
62,9,"I",1,4.38579646603412,5.39087934793506,"I",1,4.38579646603412,5.39087934793506,
62,10,"IV",2,5.59433041409148,5.06660320279031,"IV",2,5.59433041409148,5.06660320279031,
62,11,"I",2,4.32833786468994,5.3811634578644,"IV",2,4.37551341646797,5.3811634578644,0.047175551778035
62,12,"I",3,3.98952081876262,5.32171155792623,"I",3,4.12123749780376,5.26692635029979,
62,13,"vi",4,4.619609428373,5.19132438177646,"vi",4,4.16668076860214,4.99745902319299,
62,14,"IV",5,3.3339776894969,4.95691365133542,"IV",5,3.19421500400676,4.58268286269443,
62,15,"vi",6,5.15428881681074,3.97865881977923,"vi",5,4.25219336192671,4.58608808701889,
62,16,"I",5,5.84567150873561,3.88200835625091,"I",5,5.45655187811537,4.56679377748102,
,,,,,,,,,,
63,45,"V",4,0.824187200064757,3.1520155406546,"V",4,0.824187200064757,3.1520155406546,
63,46,"I",5,1.38614779594264,4.13879480308956,"I",5,1.38614779594264,4.13879480308956,
63,47,"iio",8,7.38292625291633,4.79823773212185,"iio",8,7.38292625291633,4.79823773212185,
63,48,"I",1,4.38579646603412,5.39087934793506,"I",1,4.38579646603412,5.39087934793506,
63,49,"IV",2,5.59433041409148,5.06660320279031,"IV",2,5.59433041409148,5.06660320279031,
63,50,"I",2,4.32833786468994,5.3811634578644,"IV",2,4.37551341646797,5.3811634578644,0.047175551778035
63,51,"I",3,3.98952081876262,5.32171155792623,"I",3,4.12123749780376,5.26692635029979,
63,52,"iio",4,7.00510745640622,5.19132438177646,"iio",4,7.23268871226099,4.99745902319299,
63,53,"I",1,4.38579646603412,5.39087934793506,"I",1,4.38579646603412,5.39087934793506,
63,54,"IV",2,5.59433041409148,5.06660320279031,"IV",2,5.59433041409148,5.06660320279031,
63,55,"I",2,4.32833786468994,5.3811634578644,"I",2,4.32833786468994,5.3811634578644,
,,,,,,,,,,
64,50,"I",2,4.32833786468994,5.3811634578644,"I",2,4.32833786468994,5.3811634578644,
64,51,"I",3,3.98952081876262,5.32171155792623,"I",3,3.98952081876262,5.32171155792623,
64,52,"iio",4,7.00510745640622,5.19132438177646,"iio",4,7.00510745640622,5.19132438177646,
64,53,"I",1,4.38579646603412,5.39087934793506,"I",1,4.38579646603412,5.39087934793506,
64,54,"IV",2,5.59433041409148,5.06660320279031,"IV",2,5.59433041409148,5.06660320279031,
64,55,"I",2,4.32833786468994,5.3811634578644,"IV",2,4.37551341646797,5.3811634578644,0.047175551778035
64,56,"I",3,3.98952081876262,5.32171155792623,"I",3,4.12123749780376,5.26692635029979,
64,57,"vi",4,4.619609428373,5.19132438177646,"vi",4,4.16668076860214,4.99745902319299,
64,58,"IV",5,3.3339776894969,4.95691365133542,"IV",5,3.19421500400676,4.58268286269443,
64,59,"vi",6,5.15428881681074,3.97865881977923,"vi",5,4.25219336192671,4.58608808701889,
64,60,"I",5,5.84567150873561,3.88200835625091,"I",5,5.45655187811537,4.56679377748102,
,,,,,,,,,,
65,89,"V",4,0.824187200064757,3.1520155406546,"V",4,0.824187200064757,3.1520155406546,
65,90,"I",5,1.38614779594264,4.13879480308956,"I",5,1.38614779594264,4.13879480308956,
65,91,"iio",8,7.38292625291633,4.79823773212185,"iio",8,7.38292625291633,4.79823773212185,
65,92,"I",1,4.38579646603412,5.39087934793506,"I",1,4.38579646603412,5.39087934793506,
65,93,"IV",2,5.59433041409148,5.06660320279031,"IV",2,5.59433041409148,5.06660320279031,
65,94,"I",2,4.32833786468994,5.3811634578644,"IV",2,4.37551341646797,5.3811634578644,0.047175551778035
65,95,"I",3,3.98952081876262,5.32171155792623,"I",3,4.12123749780376,5.26692635029979,
65,96,"iio",4,7.00510745640622,5.19132438177646,"iio",4,7.23268871226099,4.99745902319299,
65,97,"v",1,6.20503437960765,5.39087934793506,"v",1,6.20503437960765,5.39087934793506,
65,98,"I",1,4.5510925928662,5.40643602521911,"I",1,4.5510925928662,5.40643602521911,
65,99,"IV",2,4.18269746175096,5.31660761886427,"IV",2,4.18269746175096,5.31660761886427,
,,,,,,,,,,
66,131,"V",4,0.824187200064757,3.1520155406546,"V",4,0.824187200064757,3.1520155406546,
66,132,"I",5,1.38614779594264,4.13879480308956,"I",5,1.38614779594264,4.13879480308956,
66,133,"iio",8,7.38292625291633,4.79823773212185,"iio",8,7.38292625291633,4.79823773212185,
66,134,"I",1,4.38579646603412,5.39087934793506,"I",1,4.38579646603412,5.39087934793506,
66,135,"IV",2,5.59433041409148,5.06660320279031,"IV",2,5.59433041409148,5.06660320279031,
66,136,"I",2,4.32833786468994,5.3811634578644,"IV",2,4.37551341646797,5.3811634578644,0.047175551778035
66,137,"I",3,3.98952081876262,5.32171155792623,"I",3,4.12123749780376,5.26692635029979,
66,138,"iio",4,7.00510745640622,5.19132438177646,"iio",4,7.23268871226099,4.99745902319299,
66,139,"v",1,6.20503437960765,5.39087934793506,"v",1,6.20503437960765,5.39087934793506,
66,140,"I",1,4.5510925928662,5.40643602521911,"I",1,4.5510925928662,5.40643602521911,
66,141,"I",2,3.69359946968759,5.31660761886427,"I",2,3.69359946968759,5.31660761886427,
,,,,,,,,,,
67,138,"iio",4,7.00510745640622,5.19132438177646,"iio",4,7.00510745640622,5.19132438177646,
67,139,"v",1,6.20503437960765,5.39087934793506,"v",1,6.20503437960765,5.39087934793506,
67,140,"I",1,4.5510925928662,5.40643602521911,"I",1,4.5510925928662,5.40643602521911,
67,141,"I",2,3.69359946968759,5.31660761886427,"I",2,3.69359946968759,5.31660761886427,
67,142,"vi",3,5.27340533765596,5.33559217210541,"vi",3,5.27340533765596,5.33559217210541,
67,143,"IV",3,3.90969581525023,5.19816315366507,"vi",3,3.86245852507246,5.19816315366507,0.0472372901777667
67,144,"vi",4,4.43713028083433,4.92668124539868,"vi",4,4.14052129550918,5.26775674947052,
67,145,"I",5,5.84567150873561,3.88200835625091,"I",5,4.01962439292568,5.03118361301171,
67,146,"IV",3,2.46292714880519,4.69909280097143,"IV",6,4.34963673589736,3.96142019414322,
67,147,"iv",4,5.58033398913878,4.85910494300028,"iv",4,5.6875327545005,4.68943061902873,
67,148,"I",3,2.90779390631781,5.15456922615911,"I",3,2.90779390631781,5.15456922615911,
,,,,,,,,,,
68,10,"IV",2,5.59433041409148,5.06660320279031,"IV",2,5.59433041409148,5.06660320279031,
68,11,"I",2,4.32833786468994,5.3811634578644,"I",2,4.32833786468994,5.3811634578644,
68,12,"I",3,3.98952081876262,5.32171155792623,"I",3,3.98952081876262,5.32171155792623,
68,13,"vi",4,4.619609428373,5.19132438177646,"vi",4,4.619609428373,5.19132438177646,
68,14,"IV",5,3.3339776894969,4.95691365133542,"IV",5,3.3339776894969,4.95691365133542,
68,15,"vi",6,5.15428881681074,3.97865881977923,"iii",6,5.10279725669494,3.97865881977923,0.0514915601158048
68,16,"I",5,5.84567150873561,3.88200835625091,"I",4,2.20753702220866,4.48874846505325,
68,17,"IV",3,2.46292714880519,4.69909280097143,"IV",5,5.3764784738945,3.04402927253599,
68,18,"iv",4,5.58033398913878,4.85910494300028,"iv",4,5.58397797162325,4.63109989965371,
68,19,"I",3,2.90779390631781,5.15456922615911,"I",3,2.90779390631781,5.15456922615911,
68,20,"v",4,5.65081803880193,5.10346654234966,"v",4,5.65081803880193,5.10346654234966,
,,,,,,,,,,
69,54,"IV",2,5.59433041409148,5.06660320279031,"IV",2,5.59433041409148,5.06660320279031,
69,55,"I",2,4.32833786468994,5.3811634578644,"I",2,4.32833786468994,5.3811634578644,
69,56,"I",3,3.98952081876262,5.32171155792623,"I",3,3.98952081876262,5.32171155792623,
69,57,"vi",4,4.619609428373,5.19132438177646,"vi",4,4.619609428373,5.19132438177646,
69,58,"IV",5,3.3339776894969,4.95691365133542,"IV",5,3.3339776894969,4.95691365133542,
69,59,"vi",6,5.15428881681074,3.97865881977923,"iii",6,5.10279725669494,3.97865881977923,0.0514915601158048
69,60,"I",5,5.84567150873561,3.88200835625091,"I",4,2.20753702220866,4.48874846505325,
69,61,"IV",3,2.46292714880519,4.69909280097143,"IV",5,5.3764784738945,3.04402927253599,
69,62,"iv",4,5.58033398913878,4.85910494300028,"iv",4,5.58397797162325,4.63109989965371,
69,63,"I",3,2.90779390631781,5.15456922615911,"I",3,2.90779390631781,5.15456922615911,
69,64,"v",4,5.65081803880193,5.10346654234966,"v",4,5.65081803880193,5.10346654234966,
,,,,,,,,,,
70,139,"v",1,6.20503437960765,5.39087934793506,"v",1,6.20503437960765,5.39087934793506,
70,140,"I",1,4.5510925928662,5.40643602521911,"I",1,4.5510925928662,5.40643602521911,
70,141,"I",2,3.69359946968759,5.31660761886427,"I",2,3.69359946968759,5.31660761886427,
70,142,"vi",3,5.27340533765596,5.33559217210541,"vi",3,5.27340533765596,5.33559217210541,
70,143,"IV",3,3.90969581525023,5.19816315366507,"IV",3,3.90969581525023,5.19816315366507,
70,144,"vi",4,4.43713028083433,4.92668124539868,"iii",4,4.38563872071852,4.92668124539868,0.0514915601158057
70,145,"I",5,5.84567150873561,3.88200835625091,"I",4,2.20753702220866,4.48874846505325,
70,146,"IV",3,2.46292714880519,4.69909280097143,"IV",5,5.3764784738945,3.04402927253599,
70,147,"iv",4,5.58033398913878,4.85910494300028,"iv",4,5.58397797162325,4.63109989965371,
70,148,"I",3,2.90779390631781,5.15456922615911,"I",3,2.90779390631781,5.15456922615911,
70,149,"v",4,5.65081803880193,5.10346654234966,"v",4,5.65081803880193,5.10346654234966,
,,,,,,,,,,
71,105,"I",6,2.72770513668993,4.65481725541353,"I",6,2.72770513668993,4.65481725541353,
71,106,"I",7,3.80810334141059,4.66511165946479,"I",7,3.80810334141059,4.66511165946479,
71,107,"I",6,2.9523905241875,4.98425848812478,"I",6,2.9523905241875,4.98425848812478,
71,108,"-VI",7,5.86029649633287,4.41117004193263,"-VI",7,5.86029649633287,4.41117004193263,
71,109,"-VII",5,2.7641590085699,4.7368188354192,"-VII",5,2.7641590085699,4.7368188354192,
71,110,"v",6,5.04673183129437,3.50552378836612,"-VII",6,5.09943158793768,3.50552378836612,0.0526997566433112
71,111,"I",4,2.5673535347642,4.77570027420538,"I",4,2.98907184467239,4.86625280564332,
71,112,"iv",5,6.71902799923305,4.34361801902426,"iv",5,5.99293068713764,4.35273747750474,
71,113,"iv",2,4.4842452912116,5.35075692243134,"iv",3,3.94314827425339,5.13921196839228,
71,114,"IV",3,4.88251061862426,5.2807329543296,"IV",4,5.11065888118824,4.942241874776,
71,115,"IV",4,1.3218560761017,3.99042030121313,"IV",4,1.3218560761017,3.99042030121313,
,,,,,,,,,,
72,177,"v",3,5.17748476429691,4.6860270890334,"v",3,5.17748476429691,4.6860270890334,
72,178,"I",3,3.3499580479609,5.1130896179335,"I",3,3.3499580479609,5.1130896179335,
72,179,"iv",4,6.37666430068938,4.91321350924505,"iv",4,6.37666430068938,4.91321350924505,
72,180,"V",2,4.84012819493814,5.35075692243134,"V",2,4.84012819493814,5.35075692243134,
72,181,"I",3,2.1527198075664,4.75272406822468,"I",3,2.1527198075664,4.75272406822468,
72,182,"vi",4,5.14027806129568,5.2126784304922,"ii",4,5.19563998621371,5.2126784304922,0.0553619249180288
72,183,"IV",4,2.90119903607054,4.95622591108184,"IV",4,1.91102344489937,4.58040709356603,
72,184,"vi",5,5.2294319352252,4.38602220589522,"vi",5,5.70832754325428,2.83730077262601,
72,185,"I",4,5.56410384392512,4.38391552230694,"I",4,5.45522195059577,4.60490076878832,
72,186,"IV",3,2.46292714880519,4.69909280097143,"IV",3,2.46292714880519,4.69909280097143,
72,187,"iv",4,5.58033398913878,4.85910494300028,"iv",4,5.58033398913878,4.85910494300028,
,,,,,,,,,,
73,92,"I",1,4.38579646603412,5.39087934793506,"I",1,4.38579646603412,5.39087934793506,
73,93,"IV",2,5.59433041409148,5.06660320279031,"IV",2,5.59433041409148,5.06660320279031,
73,94,"I",2,4.32833786468994,5.3811634578644,"I",2,4.32833786468994,5.3811634578644,
73,95,"I",3,3.98952081876262,5.32171155792623,"I",3,3.98952081876262,5.32171155792623,
73,96,"iio",4,7.00510745640622,5.19132438177646,"iio",4,7.00510745640622,5.19132438177646,
73,97,"v",1,6.20503437960765,5.39087934793506,"VI",1,6.14918114487413,5.39087934793506,0.055853234733517
73,98,"I",1,4.5510925928662,5.40643602521911,"I",1,4.82533490354078,5.40764485600246,
73,99,"IV",2,4.18269746175096,5.31660761886427,"IV",2,4.4865867901099,5.28812641022382,
73,100,"V",3,4.35091257597092,5.2362559666935,"V",3,3.23707795828708,5.14978186404132,
73,101,"iii",4,2.3217640062003,4.87285906297509,"iii",4,4.85922861088883,4.88141224577257,
73,102,"vi",5,3.27348013327482,4.26369734599942,"vi",4,2.95650817352379,4.70216888966594,
,,,,,,,,,,
74,134,"I",1,4.38579646603412,5.39087934793506,"I",1,4.38579646603412,5.39087934793506,
74,135,"IV",2,5.59433041409148,5.06660320279031,"IV",2,5.59433041409148,5.06660320279031,
74,136,"I",2,4.32833786468994,5.3811634578644,"I",2,4.32833786468994,5.3811634578644,
74,137,"I",3,3.98952081876262,5.32171155792623,"I",3,3.98952081876262,5.32171155792623,
74,138,"iio",4,7.00510745640622,5.19132438177646,"iio",4,7.00510745640622,5.19132438177646,
74,139,"v",1,6.20503437960765,5.39087934793506,"VI",1,6.14918114487413,5.39087934793506,0.055853234733517
74,140,"I",1,4.5510925928662,5.40643602521911,"I",1,4.82533490354078,5.40764485600246,
74,141,"I",2,3.69359946968759,5.31660761886427,"I",2,3.73278458683517,5.28812641022382,
74,142,"vi",3,5.27340533765596,5.33559217210541,"vi",3,5.35507191089383,5.16577542619308,
74,143,"IV",3,3.90969581525023,5.19816315366507,"IV",3,3.90969581525023,5.19816315366507,
74,144,"vi",4,4.43713028083433,4.92668124539868,"vi",4,4.43713028083433,4.92668124539868,
,,,,,,,,,,
75,42,"I",3,2.90779390631781,5.15456922615911,"I",3,2.90779390631781,5.15456922615911,
75,43,"vi",4,4.72291824060942,5.10346654234966,"vi",4,4.72291824060942,5.10346654234966,
75,44,"ii",4,0.967245079683656,3.50921246340354,"ii",4,0.967245079683656,3.50921246340354,
75,45,"V",4,0.824187200064757,3.1520155406546,"V",4,0.824187200064757,3.1520155406546,
75,46,"I",5,1.38614779594264,4.13879480308956,"I",5,1.38614779594264,4.13879480308956,
75,47,"iio",8,7.38292625291633,4.79823773212185,"-iio",8,7.44017020475081,4.79823773212185,0.0572439518344749
75,48,"I",1,4.38579646603412,5.39087934793506,"I",2,1.08207316345471,3.7667113397925,
75,49,"IV",2,5.59433041409148,5.06660320279031,"IV",3,5.4380423942403,5.28452569439649,
75,50,"I",2,4.32833786468994,5.3811634578644,"I",2,4.32833786468994,5.3811634578644,
75,51,"I",3,3.98952081876262,5.32171155792623,"I",3,3.98952081876262,5.32171155792623,
75,52,"iio",4,7.00510745640622,5.19132438177646,"iio",4,7.00510745640622,5.19132438177646,
,,,,,,,,,,
76,86,"I",3,2.90779390631781,5.15456922615911,"I",3,2.90779390631781,5.15456922615911,
76,87,"vi",4,4.72291824060942,5.10346654234966,"vi",4,4.72291824060942,5.10346654234966,
76,88,"ii",4,0.967245079683656,3.50921246340354,"ii",4,0.967245079683656,3.50921246340354,
76,89,"V",4,0.824187200064757,3.1520155406546,"V",4,0.824187200064757,3.1520155406546,
76,90,"I",5,1.38614779594264,4.13879480308956,"I",5,1.38614779594264,4.13879480308956,
76,91,"iio",8,7.38292625291633,4.79823773212185,"-iio",8,7.44017020475081,4.79823773212185,0.0572439518344749
76,92,"I",1,4.38579646603412,5.39087934793506,"I",2,1.08207316345471,3.7667113397925,
76,93,"IV",2,5.59433041409148,5.06660320279031,"IV",3,5.4380423942403,5.28452569439649,
76,94,"I",2,4.32833786468994,5.3811634578644,"I",2,4.32833786468994,5.3811634578644,
76,95,"I",3,3.98952081876262,5.32171155792623,"I",3,3.98952081876262,5.32171155792623,
76,96,"iio",4,7.00510745640622,5.19132438177646,"iio",4,7.00510745640622,5.19132438177646,
,,,,,,,,,,
77,128,"I",3,2.90779390631781,5.15456922615911,"I",3,2.90779390631781,5.15456922615911,
77,129,"vi",4,4.72291824060942,5.10346654234966,"vi",4,4.72291824060942,5.10346654234966,
77,130,"ii",4,0.967245079683656,3.50921246340354,"ii",4,0.967245079683656,3.50921246340354,
77,131,"V",4,0.824187200064757,3.1520155406546,"V",4,0.824187200064757,3.1520155406546,
77,132,"I",5,1.38614779594264,4.13879480308956,"I",5,1.38614779594264,4.13879480308956,
77,133,"iio",8,7.38292625291633,4.79823773212185,"-iio",8,7.44017020475081,4.79823773212185,0.0572439518344749
77,134,"I",1,4.38579646603412,5.39087934793506,"I",2,1.08207316345471,3.7667113397925,
77,135,"IV",2,5.59433041409148,5.06660320279031,"IV",3,5.4380423942403,5.28452569439649,
77,136,"I",2,4.32833786468994,5.3811634578644,"I",2,4.32833786468994,5.3811634578644,
77,137,"I",3,3.98952081876262,5.32171155792623,"I",3,3.98952081876262,5.32171155792623,
77,138,"iio",4,7.00510745640622,5.19132438177646,"iio",4,7.00510745640622,5.19132438177646,
,,,,,,,,,,
78,3,"iio",2,7.27400003092747,4.69706735680231,"iio",2,7.27400003092747,4.69706735680231,
78,4,"I",1,4.38579646603412,5.39087934793506,"I",1,4.38579646603412,5.39087934793506,
78,5,"IV",2,5.59433041409148,5.06660320279031,"IV",2,5.59433041409148,5.06660320279031,
78,6,"I",2,4.32833786468994,5.3811634578644,"I",2,4.32833786468994,5.3811634578644,
78,7,"I",3,3.98952081876262,5.32171155792623,"I",3,3.98952081876262,5.32171155792623,
78,8,"iio",4,7.00510745640622,5.19132438177646,"-iio",4,7.06235140824069,5.19132438177646,0.0572439518344758
78,9,"I",1,4.38579646603412,5.39087934793506,"I",2,1.08207316345471,3.7667113397925,
78,10,"IV",2,5.59433041409148,5.06660320279031,"IV",3,5.4380423942403,5.28452569439649,
78,11,"I",2,4.32833786468994,5.3811634578644,"I",2,4.32833786468994,5.3811634578644,
78,12,"I",3,3.98952081876262,5.32171155792623,"I",3,3.98952081876262,5.32171155792623,
78,13,"vi",4,4.619609428373,5.19132438177646,"vi",4,4.619609428373,5.19132438177646,
,,,,,,,,,,
79,47,"iio",8,7.38292625291633,4.79823773212185,"iio",8,7.38292625291633,4.79823773212185,
79,48,"I",1,4.38579646603412,5.39087934793506,"I",1,4.38579646603412,5.39087934793506,
79,49,"IV",2,5.59433041409148,5.06660320279031,"IV",2,5.59433041409148,5.06660320279031,
79,50,"I",2,4.32833786468994,5.3811634578644,"I",2,4.32833786468994,5.3811634578644,
79,51,"I",3,3.98952081876262,5.32171155792623,"I",3,3.98952081876262,5.32171155792623,
79,52,"iio",4,7.00510745640622,5.19132438177646,"-iio",4,7.06235140824069,5.19132438177646,0.0572439518344758
79,53,"I",1,4.38579646603412,5.39087934793506,"I",2,1.08207316345471,3.7667113397925,
79,54,"IV",2,5.59433041409148,5.06660320279031,"IV",3,5.4380423942403,5.28452569439649,
79,55,"I",2,4.32833786468994,5.3811634578644,"I",2,4.32833786468994,5.3811634578644,
79,56,"I",3,3.98952081876262,5.32171155792623,"I",3,3.98952081876262,5.32171155792623,
79,57,"vi",4,4.619609428373,5.19132438177646,"vi",4,4.619609428373,5.19132438177646,
,,,,,,,,,,
80,91,"iio",8,7.38292625291633,4.79823773212185,"iio",8,7.38292625291633,4.79823773212185,
80,92,"I",1,4.38579646603412,5.39087934793506,"I",1,4.38579646603412,5.39087934793506,
80,93,"IV",2,5.59433041409148,5.06660320279031,"IV",2,5.59433041409148,5.06660320279031,
80,94,"I",2,4.32833786468994,5.3811634578644,"I",2,4.32833786468994,5.3811634578644,
80,95,"I",3,3.98952081876262,5.32171155792623,"I",3,3.98952081876262,5.32171155792623,
80,96,"iio",4,7.00510745640622,5.19132438177646,"-iio",4,7.06235140824069,5.19132438177646,0.0572439518344758
80,97,"v",1,6.20503437960765,5.39087934793506,"v",2,7.09604467657668,3.7667113397925,
80,98,"I",1,4.5510925928662,5.40643602521911,"I",1,4.5510925928662,5.40643602521911,
80,99,"IV",2,4.18269746175096,5.31660761886427,"IV",2,4.18269746175096,5.31660761886427,
80,100,"V",3,4.35091257597092,5.2362559666935,"V",3,4.35091257597092,5.2362559666935,
80,101,"iii",4,2.3217640062003,4.87285906297509,"iii",4,2.3217640062003,4.87285906297509,
,,,,,,,,,,
81,133,"iio",8,7.38292625291633,4.79823773212185,"iio",8,7.38292625291633,4.79823773212185,
81,134,"I",1,4.38579646603412,5.39087934793506,"I",1,4.38579646603412,5.39087934793506,
81,135,"IV",2,5.59433041409148,5.06660320279031,"IV",2,5.59433041409148,5.06660320279031,
81,136,"I",2,4.32833786468994,5.3811634578644,"I",2,4.32833786468994,5.3811634578644,
81,137,"I",3,3.98952081876262,5.32171155792623,"I",3,3.98952081876262,5.32171155792623,
81,138,"iio",4,7.00510745640622,5.19132438177646,"-iio",4,7.06235140824069,5.19132438177646,0.0572439518344758
81,139,"v",1,6.20503437960765,5.39087934793506,"v",2,7.09604467657668,3.7667113397925,
81,140,"I",1,4.5510925928662,5.40643602521911,"I",1,4.5510925928662,5.40643602521911,
81,141,"I",2,3.69359946968759,5.31660761886427,"I",2,3.69359946968759,5.31660761886427,
81,142,"vi",3,5.27340533765596,5.33559217210541,"vi",3,5.27340533765596,5.33559217210541,
81,143,"IV",3,3.90969581525023,5.19816315366507,"IV",3,3.90969581525023,5.19816315366507,
,,,,,,,,,,
82,109,"-VII",5,2.7641590085699,4.7368188354192,"-VII",5,2.7641590085699,4.7368188354192,
82,110,"v",6,5.04673183129437,3.50552378836612,"v",6,5.04673183129437,3.50552378836612,
82,111,"I",4,2.5673535347642,4.77570027420538,"I",4,2.5673535347642,4.77570027420538,
82,112,"iv",5,6.71902799923305,4.34361801902426,"iv",5,6.71902799923305,4.34361801902426,
82,113,"iv",2,4.4842452912116,5.35075692243134,"iv",2,4.4842452912116,5.35075692243134,
82,114,"IV",3,4.88251061862426,5.2807329543296,"V",3,4.8238571943361,5.2807329543296,0.0586534242881633
82,115,"IV",4,1.3218560761017,3.99042030121313,"IV",3,6.0793516638199,4.67007373286496,
82,116,"I",5,4.31556523452517,4.16778865886145,"I",2,4.22662499027837,5.24063910760748,
82,117,"vi",4,4.63394947734646,4.69782843814865,"vi",3,4.20558025901221,5.20315038844987,
82,118,"IV",4,2.95315840246833,4.7833413847327,"IV",4,2.8128044676123,4.60117501884446,
82,119,"vi",5,4.25219336192671,4.58608808701889,"vi",5,4.62375038076793,3.70528094999431,
,,,,,,,,,,
83,42,"I",3,2.90779390631781,5.15456922615911,"I",3,2.90779390631781,5.15456922615911,
83,43,"vi",4,4.72291824060942,5.10346654234966,"vi",4,4.72291824060942,5.10346654234966,
83,44,"ii",4,0.967245079683656,3.50921246340354,"ii",4,0.967245079683656,3.50921246340354,
83,45,"V",4,0.824187200064757,3.1520155406546,"V",4,0.824187200064757,3.1520155406546,
83,46,"I",5,1.38614779594264,4.13879480308956,"I",5,1.38614779594264,4.13879480308956,
83,47,"iio",8,7.38292625291633,4.79823773212185,"#I",8,7.44360928871758,4.79823773212185,0.0606830358012465
83,48,"I",1,4.38579646603412,5.39087934793506,"I",2,4.75913059316807,4.27388202967993,
83,49,"IV",2,5.59433041409148,5.06660320279031,"IV",2,5.44699314066078,5.35449542147488,
83,50,"I",2,4.32833786468994,5.3811634578644,"I",2,4.32833786468994,5.3811634578644,
83,51,"I",3,3.98952081876262,5.32171155792623,"I",3,3.98952081876262,5.32171155792623,
83,52,"iio",4,7.00510745640622,5.19132438177646,"iio",4,7.00510745640622,5.19132438177646,
,,,,,,,,,,
84,42,"I",3,2.90779390631781,5.15456922615911,"I",3,2.90779390631781,5.15456922615911,
84,43,"vi",4,4.72291824060942,5.10346654234966,"vi",4,4.72291824060942,5.10346654234966,
84,44,"ii",4,0.967245079683656,3.50921246340354,"ii",4,0.967245079683656,3.50921246340354,
84,45,"V",4,0.824187200064757,3.1520155406546,"V",4,0.824187200064757,3.1520155406546,
84,46,"I",5,1.38614779594264,4.13879480308956,"I",5,1.38614779594264,4.13879480308956,
84,47,"iio",8,7.38292625291633,4.79823773212185,"-vi",8,7.44360928871758,4.79823773212185,0.0606830358012465
84,48,"I",1,4.38579646603412,5.39087934793506,"I",2,6.67446531105924,4.26382724606377,
84,49,"IV",2,5.59433041409148,5.06660320279031,"IV",1,5.2183946493543,5.48281709614139,
84,50,"I",2,4.32833786468994,5.3811634578644,"I",2,4.32833786468994,5.3811634578644,
84,51,"I",3,3.98952081876262,5.32171155792623,"I",3,3.98952081876262,5.32171155792623,
84,52,"iio",4,7.00510745640622,5.19132438177646,"iio",4,7.00510745640622,5.19132438177646,
,,,,,,,,,,
85,42,"I",3,2.90779390631781,5.15456922615911,"I",3,2.90779390631781,5.15456922615911,
85,43,"vi",4,4.72291824060942,5.10346654234966,"vi",4,4.72291824060942,5.10346654234966,
85,44,"ii",4,0.967245079683656,3.50921246340354,"ii",4,0.967245079683656,3.50921246340354,
85,45,"V",4,0.824187200064757,3.1520155406546,"V",4,0.824187200064757,3.1520155406546,
85,46,"I",5,1.38614779594264,4.13879480308956,"I",5,1.38614779594264,4.13879480308956,
85,47,"iio",8,7.38292625291633,4.79823773212185,"ivo",8,7.44360928871758,4.79823773212185,0.0606830358012465
85,48,"I",1,4.38579646603412,5.39087934793506,"I",2,4.49285462017475,4.78771112150463,
85,49,"IV",2,5.59433041409148,5.06660320279031,"IV",2,5.45861479329036,5.17408234585263,
85,50,"I",2,4.32833786468994,5.3811634578644,"I",2,4.32833786468994,5.3811634578644,
85,51,"I",3,3.98952081876262,5.32171155792623,"I",3,3.98952081876262,5.32171155792623,
85,52,"iio",4,7.00510745640622,5.19132438177646,"iio",4,7.00510745640622,5.19132438177646,
,,,,,,,,,,
86,86,"I",3,2.90779390631781,5.15456922615911,"I",3,2.90779390631781,5.15456922615911,
86,87,"vi",4,4.72291824060942,5.10346654234966,"vi",4,4.72291824060942,5.10346654234966,
86,88,"ii",4,0.967245079683656,3.50921246340354,"ii",4,0.967245079683656,3.50921246340354,
86,89,"V",4,0.824187200064757,3.1520155406546,"V",4,0.824187200064757,3.1520155406546,
86,90,"I",5,1.38614779594264,4.13879480308956,"I",5,1.38614779594264,4.13879480308956,
86,91,"iio",8,7.38292625291633,4.79823773212185,"#I",8,7.44360928871758,4.79823773212185,0.0606830358012465
86,92,"I",1,4.38579646603412,5.39087934793506,"I",2,4.75913059316807,4.27388202967993,
86,93,"IV",2,5.59433041409148,5.06660320279031,"IV",2,5.44699314066078,5.35449542147488,
86,94,"I",2,4.32833786468994,5.3811634578644,"I",2,4.32833786468994,5.3811634578644,
86,95,"I",3,3.98952081876262,5.32171155792623,"I",3,3.98952081876262,5.32171155792623,
86,96,"iio",4,7.00510745640622,5.19132438177646,"iio",4,7.00510745640622,5.19132438177646,
,,,,,,,,,,
87,86,"I",3,2.90779390631781,5.15456922615911,"I",3,2.90779390631781,5.15456922615911,
87,87,"vi",4,4.72291824060942,5.10346654234966,"vi",4,4.72291824060942,5.10346654234966,
87,88,"ii",4,0.967245079683656,3.50921246340354,"ii",4,0.967245079683656,3.50921246340354,
87,89,"V",4,0.824187200064757,3.1520155406546,"V",4,0.824187200064757,3.1520155406546,
87,90,"I",5,1.38614779594264,4.13879480308956,"I",5,1.38614779594264,4.13879480308956,
87,91,"iio",8,7.38292625291633,4.79823773212185,"-vi",8,7.44360928871758,4.79823773212185,0.0606830358012465
87,92,"I",1,4.38579646603412,5.39087934793506,"I",2,6.67446531105924,4.26382724606377,
87,93,"IV",2,5.59433041409148,5.06660320279031,"IV",1,5.2183946493543,5.48281709614139,
87,94,"I",2,4.32833786468994,5.3811634578644,"I",2,4.32833786468994,5.3811634578644,
87,95,"I",3,3.98952081876262,5.32171155792623,"I",3,3.98952081876262,5.32171155792623,
87,96,"iio",4,7.00510745640622,5.19132438177646,"iio",4,7.00510745640622,5.19132438177646,
,,,,,,,,,,
88,86,"I",3,2.90779390631781,5.15456922615911,"I",3,2.90779390631781,5.15456922615911,
88,87,"vi",4,4.72291824060942,5.10346654234966,"vi",4,4.72291824060942,5.10346654234966,
88,88,"ii",4,0.967245079683656,3.50921246340354,"ii",4,0.967245079683656,3.50921246340354,
88,89,"V",4,0.824187200064757,3.1520155406546,"V",4,0.824187200064757,3.1520155406546,
88,90,"I",5,1.38614779594264,4.13879480308956,"I",5,1.38614779594264,4.13879480308956,
88,91,"iio",8,7.38292625291633,4.79823773212185,"ivo",8,7.44360928871758,4.79823773212185,0.0606830358012465
88,92,"I",1,4.38579646603412,5.39087934793506,"I",2,4.49285462017475,4.78771112150463,
88,93,"IV",2,5.59433041409148,5.06660320279031,"IV",2,5.45861479329036,5.17408234585263,
88,94,"I",2,4.32833786468994,5.3811634578644,"I",2,4.32833786468994,5.3811634578644,
88,95,"I",3,3.98952081876262,5.32171155792623,"I",3,3.98952081876262,5.32171155792623,
88,96,"iio",4,7.00510745640622,5.19132438177646,"iio",4,7.00510745640622,5.19132438177646,
,,,,,,,,,,
89,128,"I",3,2.90779390631781,5.15456922615911,"I",3,2.90779390631781,5.15456922615911,
89,129,"vi",4,4.72291824060942,5.10346654234966,"vi",4,4.72291824060942,5.10346654234966,
89,130,"ii",4,0.967245079683656,3.50921246340354,"ii",4,0.967245079683656,3.50921246340354,
89,131,"V",4,0.824187200064757,3.1520155406546,"V",4,0.824187200064757,3.1520155406546,
89,132,"I",5,1.38614779594264,4.13879480308956,"I",5,1.38614779594264,4.13879480308956,
89,133,"iio",8,7.38292625291633,4.79823773212185,"#I",8,7.44360928871758,4.79823773212185,0.0606830358012465
89,134,"I",1,4.38579646603412,5.39087934793506,"I",2,4.75913059316807,4.27388202967993,
89,135,"IV",2,5.59433041409148,5.06660320279031,"IV",2,5.44699314066078,5.35449542147488,
89,136,"I",2,4.32833786468994,5.3811634578644,"I",2,4.32833786468994,5.3811634578644,
89,137,"I",3,3.98952081876262,5.32171155792623,"I",3,3.98952081876262,5.32171155792623,
89,138,"iio",4,7.00510745640622,5.19132438177646,"iio",4,7.00510745640622,5.19132438177646,
,,,,,,,,,,
90,128,"I",3,2.90779390631781,5.15456922615911,"I",3,2.90779390631781,5.15456922615911,
90,129,"vi",4,4.72291824060942,5.10346654234966,"vi",4,4.72291824060942,5.10346654234966,
90,130,"ii",4,0.967245079683656,3.50921246340354,"ii",4,0.967245079683656,3.50921246340354,
90,131,"V",4,0.824187200064757,3.1520155406546,"V",4,0.824187200064757,3.1520155406546,
90,132,"I",5,1.38614779594264,4.13879480308956,"I",5,1.38614779594264,4.13879480308956,
90,133,"iio",8,7.38292625291633,4.79823773212185,"-vi",8,7.44360928871758,4.79823773212185,0.0606830358012465
90,134,"I",1,4.38579646603412,5.39087934793506,"I",2,6.67446531105924,4.26382724606377,
90,135,"IV",2,5.59433041409148,5.06660320279031,"IV",1,5.2183946493543,5.48281709614139,
90,136,"I",2,4.32833786468994,5.3811634578644,"I",2,4.32833786468994,5.3811634578644,
90,137,"I",3,3.98952081876262,5.32171155792623,"I",3,3.98952081876262,5.32171155792623,
90,138,"iio",4,7.00510745640622,5.19132438177646,"iio",4,7.00510745640622,5.19132438177646,
,,,,,,,,,,
91,128,"I",3,2.90779390631781,5.15456922615911,"I",3,2.90779390631781,5.15456922615911,
91,129,"vi",4,4.72291824060942,5.10346654234966,"vi",4,4.72291824060942,5.10346654234966,
91,130,"ii",4,0.967245079683656,3.50921246340354,"ii",4,0.967245079683656,3.50921246340354,
91,131,"V",4,0.824187200064757,3.1520155406546,"V",4,0.824187200064757,3.1520155406546,
91,132,"I",5,1.38614779594264,4.13879480308956,"I",5,1.38614779594264,4.13879480308956,
91,133,"iio",8,7.38292625291633,4.79823773212185,"ivo",8,7.44360928871758,4.79823773212185,0.0606830358012465
91,134,"I",1,4.38579646603412,5.39087934793506,"I",2,4.49285462017475,4.78771112150463,
91,135,"IV",2,5.59433041409148,5.06660320279031,"IV",2,5.45861479329036,5.17408234585263,
91,136,"I",2,4.32833786468994,5.3811634578644,"I",2,4.32833786468994,5.3811634578644,
91,137,"I",3,3.98952081876262,5.32171155792623,"I",3,3.98952081876262,5.32171155792623,
91,138,"iio",4,7.00510745640622,5.19132438177646,"iio",4,7.00510745640622,5.19132438177646,
,,,,,,,,,,
92,3,"iio",2,7.27400003092747,4.69706735680231,"iio",2,7.27400003092747,4.69706735680231,
92,4,"I",1,4.38579646603412,5.39087934793506,"I",1,4.38579646603412,5.39087934793506,
92,5,"IV",2,5.59433041409148,5.06660320279031,"IV",2,5.59433041409148,5.06660320279031,
92,6,"I",2,4.32833786468994,5.3811634578644,"I",2,4.32833786468994,5.3811634578644,
92,7,"I",3,3.98952081876262,5.32171155792623,"I",3,3.98952081876262,5.32171155792623,
92,8,"iio",4,7.00510745640622,5.19132438177646,"iiio",4,7.06579049220746,5.19132438177646,0.0606830358012473
92,9,"I",1,4.38579646603412,5.39087934793506,"I",2,6.63485470234706,4.10439192098065,
92,10,"IV",2,5.59433041409148,5.06660320279031,"IV",1,5.2183946493543,5.48281709614139,
92,11,"I",2,4.32833786468994,5.3811634578644,"I",2,4.32833786468994,5.3811634578644,
92,12,"I",3,3.98952081876262,5.32171155792623,"I",3,3.98952081876262,5.32171155792623,
92,13,"vi",4,4.619609428373,5.19132438177646,"vi",4,4.619609428373,5.19132438177646,
,,,,,,,,,,
93,47,"iio",8,7.38292625291633,4.79823773212185,"iio",8,7.38292625291633,4.79823773212185,
93,48,"I",1,4.38579646603412,5.39087934793506,"I",1,4.38579646603412,5.39087934793506,
93,49,"IV",2,5.59433041409148,5.06660320279031,"IV",2,5.59433041409148,5.06660320279031,
93,50,"I",2,4.32833786468994,5.3811634578644,"I",2,4.32833786468994,5.3811634578644,
93,51,"I",3,3.98952081876262,5.32171155792623,"I",3,3.98952081876262,5.32171155792623,
93,52,"iio",4,7.00510745640622,5.19132438177646,"iiio",4,7.06579049220746,5.19132438177646,0.0606830358012473
93,53,"I",1,4.38579646603412,5.39087934793506,"I",2,6.63485470234706,4.10439192098065,
93,54,"IV",2,5.59433041409148,5.06660320279031,"IV",1,5.2183946493543,5.48281709614139,
93,55,"I",2,4.32833786468994,5.3811634578644,"I",2,4.32833786468994,5.3811634578644,
93,56,"I",3,3.98952081876262,5.32171155792623,"I",3,3.98952081876262,5.32171155792623,
93,57,"vi",4,4.619609428373,5.19132438177646,"vi",4,4.619609428373,5.19132438177646,
,,,,,,,,,,
94,91,"iio",8,7.38292625291633,4.79823773212185,"iio",8,7.38292625291633,4.79823773212185,
94,92,"I",1,4.38579646603412,5.39087934793506,"I",1,4.38579646603412,5.39087934793506,
94,93,"IV",2,5.59433041409148,5.06660320279031,"IV",2,5.59433041409148,5.06660320279031,
94,94,"I",2,4.32833786468994,5.3811634578644,"I",2,4.32833786468994,5.3811634578644,
94,95,"I",3,3.98952081876262,5.32171155792623,"I",3,3.98952081876262,5.32171155792623,
94,96,"iio",4,7.00510745640622,5.19132438177646,"iiio",4,7.06579049220746,5.19132438177646,0.0606830358012473
94,97,"v",1,6.20503437960765,5.39087934793506,"v",2,6.9868400310906,4.10439192098065,
94,98,"I",1,4.5510925928662,5.40643602521911,"I",1,4.5510925928662,5.40643602521911,
94,99,"IV",2,4.18269746175096,5.31660761886427,"IV",2,4.18269746175096,5.31660761886427,
94,100,"V",3,4.35091257597092,5.2362559666935,"V",3,4.35091257597092,5.2362559666935,
94,101,"iii",4,2.3217640062003,4.87285906297509,"iii",4,2.3217640062003,4.87285906297509,
,,,,,,,,,,
95,133,"iio",8,7.38292625291633,4.79823773212185,"iio",8,7.38292625291633,4.79823773212185,
95,134,"I",1,4.38579646603412,5.39087934793506,"I",1,4.38579646603412,5.39087934793506,
95,135,"IV",2,5.59433041409148,5.06660320279031,"IV",2,5.59433041409148,5.06660320279031,
95,136,"I",2,4.32833786468994,5.3811634578644,"I",2,4.32833786468994,5.3811634578644,
95,137,"I",3,3.98952081876262,5.32171155792623,"I",3,3.98952081876262,5.32171155792623,
95,138,"iio",4,7.00510745640622,5.19132438177646,"iiio",4,7.06579049220746,5.19132438177646,0.0606830358012473
95,139,"v",1,6.20503437960765,5.39087934793506,"v",2,6.9868400310906,4.10439192098065,
95,140,"I",1,4.5510925928662,5.40643602521911,"I",1,4.5510925928662,5.40643602521911,
95,141,"I",2,3.69359946968759,5.31660761886427,"I",2,3.69359946968759,5.31660761886427,
95,142,"vi",3,5.27340533765596,5.33559217210541,"vi",3,5.27340533765596,5.33559217210541,
95,143,"IV",3,3.90969581525023,5.19816315366507,"IV",3,3.90969581525023,5.19816315366507,
,,,,,,,,,,
96,42,"I",3,2.90779390631781,5.15456922615911,"I",3,2.90779390631781,5.15456922615911,
96,43,"vi",4,4.72291824060942,5.10346654234966,"vi",4,4.72291824060942,5.10346654234966,
96,44,"ii",4,0.967245079683656,3.50921246340354,"ii",4,0.967245079683656,3.50921246340354,
96,45,"V",4,0.824187200064757,3.1520155406546,"V",4,0.824187200064757,3.1520155406546,
96,46,"I",5,1.38614779594264,4.13879480308956,"I",5,1.38614779594264,4.13879480308956,
96,47,"iio",8,7.38292625291633,4.79823773212185,"vo",8,7.31836536735886,4.79823773212185,0.064560885557472
96,48,"I",1,4.38579646603412,5.39087934793506,"I",2,1.31441910643109,4.10709694895769,
96,49,"IV",2,5.59433041409148,5.06660320279031,"IV",3,5.87690550039148,4.56259291207388,
96,50,"I",2,4.32833786468994,5.3811634578644,"I",2,4.32833786468994,5.3811634578644,
96,51,"I",3,3.98952081876262,5.32171155792623,"I",3,3.98952081876262,5.32171155792623,
96,52,"iio",4,7.00510745640622,5.19132438177646,"iio",4,7.00510745640622,5.19132438177646,
,,,,,,,,,,
97,86,"I",3,2.90779390631781,5.15456922615911,"I",3,2.90779390631781,5.15456922615911,
97,87,"vi",4,4.72291824060942,5.10346654234966,"vi",4,4.72291824060942,5.10346654234966,
97,88,"ii",4,0.967245079683656,3.50921246340354,"ii",4,0.967245079683656,3.50921246340354,
97,89,"V",4,0.824187200064757,3.1520155406546,"V",4,0.824187200064757,3.1520155406546,
97,90,"I",5,1.38614779594264,4.13879480308956,"I",5,1.38614779594264,4.13879480308956,
97,91,"iio",8,7.38292625291633,4.79823773212185,"vo",8,7.31836536735886,4.79823773212185,0.064560885557472
97,92,"I",1,4.38579646603412,5.39087934793506,"I",2,1.31441910643109,4.10709694895769,
97,93,"IV",2,5.59433041409148,5.06660320279031,"IV",3,5.87690550039148,4.56259291207388,
97,94,"I",2,4.32833786468994,5.3811634578644,"I",2,4.32833786468994,5.3811634578644,
97,95,"I",3,3.98952081876262,5.32171155792623,"I",3,3.98952081876262,5.32171155792623,
97,96,"iio",4,7.00510745640622,5.19132438177646,"iio",4,7.00510745640622,5.19132438177646,
,,,,,,,,,,
98,128,"I",3,2.90779390631781,5.15456922615911,"I",3,2.90779390631781,5.15456922615911,
98,129,"vi",4,4.72291824060942,5.10346654234966,"vi",4,4.72291824060942,5.10346654234966,
98,130,"ii",4,0.967245079683656,3.50921246340354,"ii",4,0.967245079683656,3.50921246340354,
98,131,"V",4,0.824187200064757,3.1520155406546,"V",4,0.824187200064757,3.1520155406546,
98,132,"I",5,1.38614779594264,4.13879480308956,"I",5,1.38614779594264,4.13879480308956,
98,133,"iio",8,7.38292625291633,4.79823773212185,"vo",8,7.31836536735886,4.79823773212185,0.064560885557472
98,134,"I",1,4.38579646603412,5.39087934793506,"I",2,1.31441910643109,4.10709694895769,
98,135,"IV",2,5.59433041409148,5.06660320279031,"IV",3,5.87690550039148,4.56259291207388,
98,136,"I",2,4.32833786468994,5.3811634578644,"I",2,4.32833786468994,5.3811634578644,
98,137,"I",3,3.98952081876262,5.32171155792623,"I",3,3.98952081876262,5.32171155792623,
98,138,"iio",4,7.00510745640622,5.19132438177646,"iio",4,7.00510745640622,5.19132438177646,
,,,,,,,,,,
99,175,"-VI",5,5.81401974576855,4.13879480308956,"-VI",5,5.81401974576855,4.13879480308956,
99,176,"-VII",3,4.26954562397705,4.76550834558971,"-VII",3,4.26954562397705,4.76550834558971,
99,177,"v",3,5.17748476429691,4.6860270890334,"v",3,5.17748476429691,4.6860270890334,
99,178,"I",3,3.3499580479609,5.1130896179335,"I",3,3.3499580479609,5.1130896179335,
99,179,"iv",4,6.37666430068938,4.91321350924505,"iv",4,6.37666430068938,4.91321350924505,
99,180,"V",2,4.84012819493814,5.35075692243134,"IV",2,4.91031111470829,5.35075692243134,0.0701829197701471
99,181,"I",3,2.1527198075664,4.75272406822468,"I",3,2.68597754137028,4.86134814385607,
99,182,"vi",4,5.14027806129568,5.2126784304922,"vi",3,6.02630348394945,3.46781833709045,
99,183,"IV",4,2.90119903607054,4.95622591108184,"IV",3,3.48305014452873,5.05648395652024,
99,184,"vi",5,5.2294319352252,4.38602220589522,"vi",4,3.93208405207274,4.92756178500431,
99,185,"I",4,5.56410384392512,4.38391552230694,"I",5,5.45655187811537,4.56679377748102,
,,,,,,,,,,
100,92,"I",1,4.38579646603412,5.39087934793506,"I",1,4.38579646603412,5.39087934793506,
100,93,"IV",2,5.59433041409148,5.06660320279031,"IV",2,5.59433041409148,5.06660320279031,
100,94,"I",2,4.32833786468994,5.3811634578644,"I",2,4.32833786468994,5.3811634578644,
100,95,"I",3,3.98952081876262,5.32171155792623,"I",3,3.98952081876262,5.32171155792623,
100,96,"iio",4,7.00510745640622,5.19132438177646,"iio",4,7.00510745640622,5.19132438177646,
100,97,"v",1,6.20503437960765,5.39087934793506,"II",1,6.13103379816387,5.39087934793506,0.0740005814437765
100,98,"I",1,4.5510925928662,5.40643602521911,"I",1,4.84747493250824,5.43677596225517,
100,99,"IV",2,4.18269746175096,5.31660761886427,"IV",2,4.2310448633799,5.35102671265043,
100,100,"V",3,4.35091257597092,5.2362559666935,"V",3,4.00627794359595,5.10999556284245,
100,101,"iii",4,2.3217640062003,4.87285906297509,"iii",4,4.86394158427463,4.88468697252699,
100,102,"vi",5,3.27348013327482,4.26369734599942,"vi",4,2.95650817352379,4.70216888966594,
,,,,,,,,,,
101,92,"I",1,4.38579646603412,5.39087934793506,"I",1,4.38579646603412,5.39087934793506,
101,93,"IV",2,5.59433041409148,5.06660320279031,"IV",2,5.59433041409148,5.06660320279031,
101,94,"I",2,4.32833786468994,5.3811634578644,"I",2,4.32833786468994,5.3811634578644,
101,95,"I",3,3.98952081876262,5.32171155792623,"I",3,3.98952081876262,5.32171155792623,
101,96,"iio",4,7.00510745640622,5.19132438177646,"iio",4,7.00510745640622,5.19132438177646,
101,97,"v",1,6.20503437960765,5.39087934793506,"-VII",1,6.13103379816387,5.39087934793506,0.0740005814437765
101,98,"I",1,4.5510925928662,5.40643602521911,"I",1,4.66920052393134,5.43074002533786,
101,99,"IV",2,4.18269746175096,5.31660761886427,"IV",2,4.43818914941509,5.32439004901927,
101,100,"V",3,4.35091257597092,5.2362559666935,"V",3,4.42867940738115,5.21693284520137,
101,101,"iii",4,2.3217640062003,4.87285906297509,"iii",4,4.80634356125482,4.95949963115196,
101,102,"vi",5,3.27348013327482,4.26369734599942,"vi",4,2.95650817352379,4.70216888966594,
,,,,,,,,,,
102,92,"I",1,4.38579646603412,5.39087934793506,"I",1,4.38579646603412,5.39087934793506,
102,93,"IV",2,5.59433041409148,5.06660320279031,"IV",2,5.59433041409148,5.06660320279031,
102,94,"I",2,4.32833786468994,5.3811634578644,"I",2,4.32833786468994,5.3811634578644,
102,95,"I",3,3.98952081876262,5.32171155792623,"I",3,3.98952081876262,5.32171155792623,
102,96,"iio",4,7.00510745640622,5.19132438177646,"iio",4,7.00510745640622,5.19132438177646,
102,97,"v",1,6.20503437960765,5.39087934793506,"-III",1,6.13103379816387,5.39087934793506,0.0740005814437765
102,98,"I",1,4.5510925928662,5.40643602521911,"I",1,5.1612575374575,5.45487980362391,
102,99,"IV",2,4.18269746175096,5.31660761886427,"IV",2,4.56795282398522,5.2273673928668,
102,100,"V",3,4.35091257597092,5.2362559666935,"V",3,4.9688581516342,4.64244625430698,
102,101,"iii",4,2.3217640062003,4.87285906297509,"iii",3,4.58445030128397,5.22242873599478,
102,102,"vi",5,3.27348013327482,4.26369734599942,"vi",4,2.95650817352379,4.70216888966594,
,,,,,,,,,,
103,134,"I",1,4.38579646603412,5.39087934793506,"I",1,4.38579646603412,5.39087934793506,
103,135,"IV",2,5.59433041409148,5.06660320279031,"IV",2,5.59433041409148,5.06660320279031,
103,136,"I",2,4.32833786468994,5.3811634578644,"I",2,4.32833786468994,5.3811634578644,
103,137,"I",3,3.98952081876262,5.32171155792623,"I",3,3.98952081876262,5.32171155792623,
103,138,"iio",4,7.00510745640622,5.19132438177646,"iio",4,7.00510745640622,5.19132438177646,
103,139,"v",1,6.20503437960765,5.39087934793506,"II",1,6.13103379816387,5.39087934793506,0.0740005814437765
103,140,"I",1,4.5510925928662,5.40643602521911,"I",1,4.84747493250824,5.43677596225517,
103,141,"I",2,3.69359946968759,5.31660761886427,"I",2,3.89099000557574,5.35102671265043,
103,142,"vi",3,5.27340533765596,5.33559217210541,"vi",3,5.34520039951774,5.24775237184381,
103,143,"IV",3,3.90969581525023,5.19816315366507,"IV",3,3.90969581525023,5.19816315366507,
103,144,"vi",4,4.43713028083433,4.92668124539868,"vi",4,4.43713028083433,4.92668124539868,
,,,,,,,,,,
104,134,"I",1,4.38579646603412,5.39087934793506,"I",1,4.38579646603412,5.39087934793506,
104,135,"IV",2,5.59433041409148,5.06660320279031,"IV",2,5.59433041409148,5.06660320279031,
104,136,"I",2,4.32833786468994,5.3811634578644,"I",2,4.32833786468994,5.3811634578644,
104,137,"I",3,3.98952081876262,5.32171155792623,"I",3,3.98952081876262,5.32171155792623,
104,138,"iio",4,7.00510745640622,5.19132438177646,"iio",4,7.00510745640622,5.19132438177646,
104,139,"v",1,6.20503437960765,5.39087934793506,"-VII",1,6.13103379816387,5.39087934793506,0.0740005814437765
104,140,"I",1,4.5510925928662,5.40643602521911,"I",1,4.66920052393134,5.43074002533786,
104,141,"I",2,3.69359946968759,5.31660761886427,"I",2,4.07581733604447,5.32439004901927,
104,142,"vi",3,5.27340533765596,5.33559217210541,"vi",3,4.41671044020874,5.31269368030957,
104,143,"IV",3,3.90969581525023,5.19816315366507,"IV",4,4.11234906124887,5.04213156983407,
104,144,"vi",4,4.43713028083433,4.92668124539868,"vi",4,4.43713028083433,4.92668124539868,
,,,,,,,,,,
105,134,"I",1,4.38579646603412,5.39087934793506,"I",1,4.38579646603412,5.39087934793506,
105,135,"IV",2,5.59433041409148,5.06660320279031,"IV",2,5.59433041409148,5.06660320279031,
105,136,"I",2,4.32833786468994,5.3811634578644,"I",2,4.32833786468994,5.3811634578644,
105,137,"I",3,3.98952081876262,5.32171155792623,"I",3,3.98952081876262,5.32171155792623,
105,138,"iio",4,7.00510745640622,5.19132438177646,"iio",4,7.00510745640622,5.19132438177646,
105,139,"v",1,6.20503437960765,5.39087934793506,"-III",1,6.13103379816387,5.39087934793506,0.0740005814437765
105,140,"I",1,4.5510925928662,5.40643602521911,"I",1,5.1612575374575,5.45487980362391,
105,141,"I",2,3.69359946968759,5.31660761886427,"I",2,3.27892302599998,5.2273673928668,
105,142,"vi",3,5.27340533765596,5.33559217210541,"vi",3,4.77588997383159,5.26385913452799,
105,143,"IV",3,3.90969581525023,5.19816315366507,"IV",4,4.16248492753566,4.82800179604424,
105,144,"vi",4,4.43713028083433,4.92668124539868,"vi",4,4.43713028083433,4.92668124539868,
,,,,,,,,,,
106,13,"vi",4,4.619609428373,5.19132438177646,"vi",4,4.619609428373,5.19132438177646,
106,14,"IV",5,3.3339776894969,4.95691365133542,"IV",5,3.3339776894969,4.95691365133542,
106,15,"vi",6,5.15428881681074,3.97865881977923,"vi",6,5.15428881681074,3.97865881977923,
106,16,"I",5,5.84567150873561,3.88200835625091,"I",5,5.84567150873561,3.88200835625091,
106,17,"IV",3,2.46292714880519,4.69909280097143,"IV",3,2.46292714880519,4.69909280097143,
106,18,"iv",4,5.58033398913878,4.85910494300028,"vi",4,5.65524831423743,4.85910494300028,0.074914325098657
106,19,"I",3,2.90779390631781,5.15456922615911,"I",3,3.57138798093219,5.00845671090637,
106,20,"v",4,5.65081803880193,5.10346654234966,"v",4,7.42729292557889,3.15036327804593,
106,21,"I",3,3.79423665546755,3.89262127910476,"I",2,3.03742782689379,5.1313240861293,
106,22,"IV",3,4.00116182162694,5.13102756539629,"IV",3,4.00116182162694,5.13102756539629,
106,23,"iv",4,5.76538288365962,4.41588589185448,"iv",4,5.76538288365962,4.41588589185448,
,,,,,,,,,,
107,18,"iv",4,5.58033398913878,4.85910494300028,"iv",4,5.58033398913878,4.85910494300028,
107,19,"I",3,2.90779390631781,5.15456922615911,"I",3,2.90779390631781,5.15456922615911,
107,20,"v",4,5.65081803880193,5.10346654234966,"v",4,5.65081803880193,5.10346654234966,
107,21,"I",3,3.79423665546755,3.89262127910476,"I",3,3.79423665546755,3.89262127910476,
107,22,"IV",3,4.00116182162694,5.13102756539629,"IV",3,4.00116182162694,5.13102756539629,
107,23,"iv",4,5.76538288365962,4.41588589185448,"vi",4,5.84029720875827,4.41588589185448,0.074914325098657
107,24,"I",3,2.90779390631781,5.15456922615911,"I",3,3.57138798093219,5.00845671090637,
107,25,"vi",4,4.72291824060942,5.10346654234966,"vi",4,5.57310002515988,3.15036327804593,
107,26,"ii",4,0.967245079683656,3.50921246340354,"ii",3,4.14180035195321,5.10655186489385,
107,27,"II",4,6.57240343856394,3.1520155406546,"II",4,6.06103192932223,4.04261638214251,
107,28,"V",3,2.25574892711378,4.54160644225418,"V",3,2.25574892711378,4.54160644225418,
,,,,,,,,,,
108,31,"vi",5,4.53431053554805,4.79324890034491,"vi",5,4.53431053554805,4.79324890034491,
108,32,"IV",5,3.13189439414287,4.82160883447623,"IV",5,3.13189439414287,4.82160883447623,
108,33,"vi",6,5.86999327103292,3.58537869429243,"vi",6,5.86999327103292,3.58537869429243,
108,34,"I",4,5.56410384392512,4.38391552230694,"I",4,5.56410384392512,4.38391552230694,
108,35,"IV",3,2.46292714880519,4.69909280097143,"IV",3,2.46292714880519,4.69909280097143,
108,36,"iv",4,5.58033398913878,4.85910494300028,"vi",4,5.65524831423743,4.85910494300028,0.074914325098657
108,37,"I",3,2.90779390631781,5.15456922615911,"I",3,3.57138798093219,5.00845671090637,
108,38,"v",4,5.65081803880193,5.10346654234966,"v",4,7.42729292557889,3.15036327804593,
108,39,"I",3,3.79423665546755,3.89262127910476,"I",2,3.03742782689379,5.1313240861293,
108,40,"IV",3,4.00116182162694,5.13102756539629,"IV",3,4.00116182162694,5.13102756539629,
108,41,"iv",4,5.76538288365962,4.41588589185448,"iv",4,5.76538288365962,4.41588589185448,
,,,,,,,,,,
109,36,"iv",4,5.58033398913878,4.85910494300028,"iv",4,5.58033398913878,4.85910494300028,
109,37,"I",3,2.90779390631781,5.15456922615911,"I",3,2.90779390631781,5.15456922615911,
109,38,"v",4,5.65081803880193,5.10346654234966,"v",4,5.65081803880193,5.10346654234966,
109,39,"I",3,3.79423665546755,3.89262127910476,"I",3,3.79423665546755,3.89262127910476,
109,40,"IV",3,4.00116182162694,5.13102756539629,"IV",3,4.00116182162694,5.13102756539629,
109,41,"iv",4,5.76538288365962,4.41588589185448,"vi",4,5.84029720875827,4.41588589185448,0.074914325098657
109,42,"I",3,2.90779390631781,5.15456922615911,"I",3,3.57138798093219,5.00845671090637,
109,43,"vi",4,4.72291824060942,5.10346654234966,"vi",4,5.57310002515988,3.15036327804593,
109,44,"ii",4,0.967245079683656,3.50921246340354,"ii",3,4.14180035195321,5.10655186489385,
109,45,"V",4,0.824187200064757,3.1520155406546,"V",4,1.39720352764995,4.04261638214251,
109,46,"I",5,1.38614779594264,4.13879480308956,"I",5,3.18953911471625,4.72301279321636,
,,,,,,,,,,
110,57,"vi",4,4.619609428373,5.19132438177646,"vi",4,4.619609428373,5.19132438177646,
110,58,"IV",5,3.3339776894969,4.95691365133542,"IV",5,3.3339776894969,4.95691365133542,
110,59,"vi",6,5.15428881681074,3.97865881977923,"vi",6,5.15428881681074,3.97865881977923,
110,60,"I",5,5.84567150873561,3.88200835625091,"I",5,5.84567150873561,3.88200835625091,
110,61,"IV",3,2.46292714880519,4.69909280097143,"IV",3,2.46292714880519,4.69909280097143,
110,62,"iv",4,5.58033398913878,4.85910494300028,"vi",4,5.65524831423743,4.85910494300028,0.074914325098657
110,63,"I",3,2.90779390631781,5.15456922615911,"I",3,3.57138798093219,5.00845671090637,
110,64,"v",4,5.65081803880193,5.10346654234966,"v",4,7.42729292557889,3.15036327804593,
110,65,"I",3,3.79423665546755,3.89262127910476,"I",2,3.03742782689379,5.1313240861293,
110,66,"IV",3,4.00116182162694,5.13102756539629,"IV",3,4.00116182162694,5.13102756539629,
110,67,"iv",4,5.76538288365962,4.41588589185448,"iv",4,5.76538288365962,4.41588589185448,
,,,,,,,,,,
111,62,"iv",4,5.58033398913878,4.85910494300028,"iv",4,5.58033398913878,4.85910494300028,
111,63,"I",3,2.90779390631781,5.15456922615911,"I",3,2.90779390631781,5.15456922615911,
111,64,"v",4,5.65081803880193,5.10346654234966,"v",4,5.65081803880193,5.10346654234966,
111,65,"I",3,3.79423665546755,3.89262127910476,"I",3,3.79423665546755,3.89262127910476,
111,66,"IV",3,4.00116182162694,5.13102756539629,"IV",3,4.00116182162694,5.13102756539629,
111,67,"iv",4,5.76538288365962,4.41588589185448,"vi",4,5.84029720875827,4.41588589185448,0.074914325098657
111,68,"I",3,2.90779390631781,5.15456922615911,"I",3,3.57138798093219,5.00845671090637,
111,69,"vi",4,4.72291824060942,5.10346654234966,"vi",4,5.57310002515988,3.15036327804593,
111,70,"ii",4,0.967245079683656,3.50921246340354,"ii",3,4.14180035195321,5.10655186489385,
111,71,"II",4,6.57240343856394,3.1520155406546,"II",4,6.06103192932223,4.04261638214251,
111,72,"V",3,2.25574892711378,4.54160644225418,"V",3,2.25574892711378,4.54160644225418,
,,,,,,,,,,
112,75,"vi",5,4.53431053554805,4.79324890034491,"vi",5,4.53431053554805,4.79324890034491,
112,76,"IV",5,3.13189439414287,4.82160883447623,"IV",5,3.13189439414287,4.82160883447623,
112,77,"vi",6,5.86999327103292,3.58537869429243,"vi",6,5.86999327103292,3.58537869429243,
112,78,"I",4,5.56410384392512,4.38391552230694,"I",4,5.56410384392512,4.38391552230694,
112,79,"IV",3,2.46292714880519,4.69909280097143,"IV",3,2.46292714880519,4.69909280097143,
112,80,"iv",4,5.58033398913878,4.85910494300028,"vi",4,5.65524831423743,4.85910494300028,0.074914325098657
112,81,"I",3,2.90779390631781,5.15456922615911,"I",3,3.57138798093219,5.00845671090637,
112,82,"v",4,5.65081803880193,5.10346654234966,"v",4,7.42729292557889,3.15036327804593,
112,83,"I",3,3.79423665546755,3.89262127910476,"I",2,3.03742782689379,5.1313240861293,
112,84,"IV",3,4.00116182162694,5.13102756539629,"IV",3,4.00116182162694,5.13102756539629,
112,85,"iv",4,5.76538288365962,4.41588589185448,"iv",4,5.76538288365962,4.41588589185448,
,,,,,,,,,,
113,80,"iv",4,5.58033398913878,4.85910494300028,"iv",4,5.58033398913878,4.85910494300028,
113,81,"I",3,2.90779390631781,5.15456922615911,"I",3,2.90779390631781,5.15456922615911,
113,82,"v",4,5.65081803880193,5.10346654234966,"v",4,5.65081803880193,5.10346654234966,
113,83,"I",3,3.79423665546755,3.89262127910476,"I",3,3.79423665546755,3.89262127910476,
113,84,"IV",3,4.00116182162694,5.13102756539629,"IV",3,4.00116182162694,5.13102756539629,
113,85,"iv",4,5.76538288365962,4.41588589185448,"vi",4,5.84029720875827,4.41588589185448,0.074914325098657
113,86,"I",3,2.90779390631781,5.15456922615911,"I",3,3.57138798093219,5.00845671090637,
113,87,"vi",4,4.72291824060942,5.10346654234966,"vi",4,5.57310002515988,3.15036327804593,
113,88,"ii",4,0.967245079683656,3.50921246340354,"ii",3,4.14180035195321,5.10655186489385,
113,89,"V",4,0.824187200064757,3.1520155406546,"V",4,1.39720352764995,4.04261638214251,
113,90,"I",5,1.38614779594264,4.13879480308956,"I",5,3.18953911471625,4.72301279321636,
,,,,,,,,,,
114,117,"vi",4,4.63394947734646,4.69782843814865,"vi",4,4.63394947734646,4.69782843814865,
114,118,"IV",4,2.95315840246833,4.7833413847327,"IV",4,2.95315840246833,4.7833413847327,
114,119,"vi",5,4.25219336192671,4.58608808701889,"vi",5,4.25219336192671,4.58608808701889,
114,120,"I",5,5.45655187811537,4.56679377748102,"I",5,5.45655187811537,4.56679377748102,
114,121,"IV",3,2.46292714880519,4.69909280097143,"IV",3,2.46292714880519,4.69909280097143,
114,122,"iv",4,5.58033398913878,4.85910494300028,"vi",4,5.65524831423743,4.85910494300028,0.074914325098657
114,123,"I",3,2.90779390631781,5.15456922615911,"I",3,3.57138798093219,5.00845671090637,
114,124,"v",4,5.65081803880193,5.10346654234966,"v",4,7.42729292557889,3.15036327804593,
114,125,"I",3,3.79423665546755,3.89262127910476,"I",2,3.03742782689379,5.1313240861293,
114,126,"IV",3,4.00116182162694,5.13102756539629,"IV",3,4.00116182162694,5.13102756539629,
114,127,"iv",4,5.76538288365962,4.41588589185448,"iv",4,5.76538288365962,4.41588589185448,
,,,,,,,,,,
115,122,"iv",4,5.58033398913878,4.85910494300028,"iv",4,5.58033398913878,4.85910494300028,
115,123,"I",3,2.90779390631781,5.15456922615911,"I",3,2.90779390631781,5.15456922615911,
115,124,"v",4,5.65081803880193,5.10346654234966,"v",4,5.65081803880193,5.10346654234966,
115,125,"I",3,3.79423665546755,3.89262127910476,"I",3,3.79423665546755,3.89262127910476,
115,126,"IV",3,4.00116182162694,5.13102756539629,"IV",3,4.00116182162694,5.13102756539629,
115,127,"iv",4,5.76538288365962,4.41588589185448,"vi",4,5.84029720875827,4.41588589185448,0.074914325098657
115,128,"I",3,2.90779390631781,5.15456922615911,"I",3,3.57138798093219,5.00845671090637,
115,129,"vi",4,4.72291824060942,5.10346654234966,"vi",4,5.57310002515988,3.15036327804593,
115,130,"ii",4,0.967245079683656,3.50921246340354,"ii",3,4.14180035195321,5.10655186489385,
115,131,"V",4,0.824187200064757,3.1520155406546,"V",4,1.39720352764995,4.04261638214251,
115,132,"I",5,1.38614779594264,4.13879480308956,"I",5,3.18953911471625,4.72301279321636,
,,,,,,,,,,
116,142,"vi",3,5.27340533765596,5.33559217210541,"vi",3,5.27340533765596,5.33559217210541,
116,143,"IV",3,3.90969581525023,5.19816315366507,"IV",3,3.90969581525023,5.19816315366507,
116,144,"vi",4,4.43713028083433,4.92668124539868,"vi",4,4.43713028083433,4.92668124539868,
116,145,"I",5,5.84567150873561,3.88200835625091,"I",5,5.84567150873561,3.88200835625091,
116,146,"IV",3,2.46292714880519,4.69909280097143,"IV",3,2.46292714880519,4.69909280097143,
116,147,"iv",4,5.58033398913878,4.85910494300028,"vi",4,5.65524831423743,4.85910494300028,0.074914325098657
116,148,"I",3,2.90779390631781,5.15456922615911,"I",3,3.57138798093219,5.00845671090637,
116,149,"v",4,5.65081803880193,5.10346654234966,"v",4,7.42729292557889,3.15036327804593,
116,150,"I",3,3.79423665546755,3.89262127910476,"I",2,3.03742782689379,5.1313240861293,
116,151,"IV",3,4.00116182162694,5.13102756539629,"IV",3,4.00116182162694,5.13102756539629,
116,152,"iv",4,5.76538288365962,4.41588589185448,"iv",4,5.76538288365962,4.41588589185448,
,,,,,,,,,,
117,147,"iv",4,5.58033398913878,4.85910494300028,"iv",4,5.58033398913878,4.85910494300028,
117,148,"I",3,2.90779390631781,5.15456922615911,"I",3,2.90779390631781,5.15456922615911,
117,149,"v",4,5.65081803880193,5.10346654234966,"v",4,5.65081803880193,5.10346654234966,
117,150,"I",3,3.79423665546755,3.89262127910476,"I",3,3.79423665546755,3.89262127910476,
117,151,"IV",3,4.00116182162694,5.13102756539629,"IV",3,4.00116182162694,5.13102756539629,
117,152,"iv",4,5.76538288365962,4.41588589185448,"vi",4,5.84029720875827,4.41588589185448,0.074914325098657
117,153,"I",3,2.90779390631781,5.15456922615911,"I",3,3.57138798093219,5.00845671090637,
117,154,"vi",4,4.72291824060942,5.10346654234966,"vi",4,5.57310002515988,3.15036327804593,
117,155,"ii",4,0.967245079683656,3.50921246340354,"ii",3,4.14180035195321,5.10655186489385,
117,156,"II",4,6.57240343856394,3.1520155406546,"II",4,6.06103192932223,4.04261638214251,
117,157,"V",3,2.25574892711378,4.54160644225418,"V",3,2.25574892711378,4.54160644225418,
,,,,,,,,,,
118,160,"vi",5,4.53431053554805,4.79324890034491,"vi",5,4.53431053554805,4.79324890034491,
118,161,"IV",5,3.13189439414287,4.82160883447623,"IV",5,3.13189439414287,4.82160883447623,
118,162,"vi",6,5.86999327103292,3.58537869429243,"vi",6,5.86999327103292,3.58537869429243,
118,163,"I",4,5.56410384392512,4.38391552230694,"I",4,5.56410384392512,4.38391552230694,
118,164,"IV",3,2.46292714880519,4.69909280097143,"IV",3,2.46292714880519,4.69909280097143,
118,165,"iv",4,5.58033398913878,4.85910494300028,"vi",4,5.65524831423743,4.85910494300028,0.074914325098657
118,166,"I",3,2.90779390631781,5.15456922615911,"I",3,3.57138798093219,5.00845671090637,
118,167,"v",4,5.65081803880193,5.10346654234966,"v",4,7.42729292557889,3.15036327804593,
118,168,"I",3,3.79423665546755,3.89262127910476,"I",2,3.03742782689379,5.1313240861293,
118,169,"IV",3,4.00116182162694,5.13102756539629,"IV",3,4.00116182162694,5.13102756539629,
118,170,"iv",4,5.76538288365962,4.41588589185448,"iv",4,5.76538288365962,4.41588589185448,
,,,,,,,,,,
119,165,"iv",4,5.58033398913878,4.85910494300028,"iv",4,5.58033398913878,4.85910494300028,
119,166,"I",3,2.90779390631781,5.15456922615911,"I",3,2.90779390631781,5.15456922615911,
119,167,"v",4,5.65081803880193,5.10346654234966,"v",4,5.65081803880193,5.10346654234966,
119,168,"I",3,3.79423665546755,3.89262127910476,"I",3,3.79423665546755,3.89262127910476,
119,169,"IV",3,4.00116182162694,5.13102756539629,"IV",3,4.00116182162694,5.13102756539629,
119,170,"iv",4,5.76538288365962,4.41588589185448,"vi",4,5.84029720875827,4.41588589185448,0.074914325098657
119,171,"I",3,2.90779390631781,5.15456922615911,"I",3,3.57138798093219,5.00845671090637,
119,172,"vi",4,4.72291824060942,5.10346654234966,"vi",4,5.57310002515988,3.15036327804593,
119,173,"ii",4,0.967245079683656,3.50921246340354,"ii",3,4.14180035195321,5.10655186489385,
119,174,"V",4,0.824187200064757,3.1520155406546,"V",4,1.39720352764995,4.04261638214251,
119,175,"-VI",5,5.81401974576855,4.13879480308956,"-VI",5,5.55992645266739,4.72301279321636,
,,,,,,,,,,
120,182,"vi",4,5.14027806129568,5.2126784304922,"vi",4,5.14027806129568,5.2126784304922,
120,183,"IV",4,2.90119903607054,4.95622591108184,"IV",4,2.90119903607054,4.95622591108184,
120,184,"vi",5,5.2294319352252,4.38602220589522,"vi",5,5.2294319352252,4.38602220589522,
120,185,"I",4,5.56410384392512,4.38391552230694,"I",4,5.56410384392512,4.38391552230694,
120,186,"IV",3,2.46292714880519,4.69909280097143,"IV",3,2.46292714880519,4.69909280097143,
120,187,"iv",4,5.58033398913878,4.85910494300028,"vi",4,5.65524831423743,4.85910494300028,0.074914325098657
120,188,"I",3,2.90779390631781,5.15456922615911,"I",3,3.57138798093219,5.00845671090637,
120,189,"v",4,5.65081803880193,5.10346654234966,"v",4,7.42729292557889,3.15036327804593,
120,190,"I",3,3.79423665546755,3.89262127910476,"I",2,3.03742782689379,5.1313240861293,
120,191,"IV",3,4.00116182162694,5.13102756539629,"IV",3,4.00116182162694,5.13102756539629,
120,192,"iv",4,5.76538288365962,4.41588589185448,"iv",4,5.76538288365962,4.41588589185448,
,,,,,,,,,,
121,187,"iv",4,5.58033398913878,4.85910494300028,"iv",4,5.58033398913878,4.85910494300028,
121,188,"I",3,2.90779390631781,5.15456922615911,"I",3,2.90779390631781,5.15456922615911,
121,189,"v",4,5.65081803880193,5.10346654234966,"v",4,5.65081803880193,5.10346654234966,
121,190,"I",3,3.79423665546755,3.89262127910476,"I",3,3.79423665546755,3.89262127910476,
121,191,"IV",3,4.00116182162694,5.13102756539629,"IV",3,4.00116182162694,5.13102756539629,
121,192,"iv",4,5.76538288365962,4.41588589185448,"vi",4,5.84029720875827,4.41588589185448,0.074914325098657
121,193,"I",3,2.90779390631781,5.15456922615911,"I",3,3.57138798093219,5.00845671090637,
121,194,"vi",4,4.72291824060942,5.10346654234966,"vi",4,5.57310002515988,3.15036327804593,
121,195,"ii",4,0.967245079683656,3.50921246340354,"ii",3,4.14180035195321,5.10655186489385,
121,196,"II",4,6.57240343856394,3.1520155406546,"II",4,6.06103192932223,4.04261638214251,
121,197,"V",3,2.25574892711378,4.54160644225418,"V",3,2.25574892711378,4.54160644225418,
,,,,,,,,,,
122,200,"vi",5,4.53431053554805,4.79324890034491,"vi",5,4.53431053554805,4.79324890034491,
122,201,"IV",5,3.13189439414287,4.82160883447623,"IV",5,3.13189439414287,4.82160883447623,
122,202,"vi",6,5.86999327103292,3.58537869429243,"vi",6,5.86999327103292,3.58537869429243,
122,203,"I",4,5.56410384392512,4.38391552230694,"I",4,5.56410384392512,4.38391552230694,
122,204,"IV",3,2.46292714880519,4.69909280097143,"IV",3,2.46292714880519,4.69909280097143,
122,205,"iv",4,5.58033398913878,4.85910494300028,"vi",4,5.65524831423743,4.85910494300028,0.074914325098657
122,206,"I",3,2.90779390631781,5.15456922615911,"I",3,3.57138798093219,5.00845671090637,
122,207,"v",4,5.65081803880193,5.10346654234966,"v",4,7.42729292557889,3.15036327804593,
122,208,"I",3,3.79423665546755,3.89262127910476,"I",2,3.03742782689379,5.1313240861293,
122,209,"r",3,3.01932949114283,5.13102756539629,"r",3,3.01932949114283,5.13102756539629,
122,210,"r",3,0.960701744836317,2.97802749087445,"r",3,0.960701744836317,2.97802749087445,
,,,,,,,,,,
123,42,"I",3,2.90779390631781,5.15456922615911,"I",3,2.90779390631781,5.15456922615911,
123,43,"vi",4,4.72291824060942,5.10346654234966,"vi",4,4.72291824060942,5.10346654234966,
123,44,"ii",4,0.967245079683656,3.50921246340354,"ii",4,0.967245079683656,3.50921246340354,
123,45,"V",4,0.824187200064757,3.1520155406546,"V",4,0.824187200064757,3.1520155406546,
123,46,"I",5,1.38614779594264,4.13879480308956,"I",5,1.38614779594264,4.13879480308956,
123,47,"iio",8,7.38292625291633,4.79823773212185,"-vii",8,7.29850905552722,4.79823773212185,0.0844171973891159
123,48,"I",1,4.38579646603412,5.39087934793506,"I",2,5.04208321859063,4.88982318430218,
123,49,"IV",2,5.59433041409148,5.06660320279031,"IV",2,5.42555665501581,5.34089965086863,
123,50,"I",2,4.32833786468994,5.3811634578644,"I",2,4.32833786468994,5.3811634578644,
123,51,"I",3,3.98952081876262,5.32171155792623,"I",3,3.98952081876262,5.32171155792623,
123,52,"iio",4,7.00510745640622,5.19132438177646,"iio",4,7.00510745640622,5.19132438177646,
,,,,,,,,,,
124,86,"I",3,2.90779390631781,5.15456922615911,"I",3,2.90779390631781,5.15456922615911,
124,87,"vi",4,4.72291824060942,5.10346654234966,"vi",4,4.72291824060942,5.10346654234966,
124,88,"ii",4,0.967245079683656,3.50921246340354,"ii",4,0.967245079683656,3.50921246340354,
124,89,"V",4,0.824187200064757,3.1520155406546,"V",4,0.824187200064757,3.1520155406546,
124,90,"I",5,1.38614779594264,4.13879480308956,"I",5,1.38614779594264,4.13879480308956,
124,91,"iio",8,7.38292625291633,4.79823773212185,"-vii",8,7.29850905552722,4.79823773212185,0.0844171973891159
124,92,"I",1,4.38579646603412,5.39087934793506,"I",2,5.04208321859063,4.88982318430218,
124,93,"IV",2,5.59433041409148,5.06660320279031,"IV",2,5.42555665501581,5.34089965086863,
124,94,"I",2,4.32833786468994,5.3811634578644,"I",2,4.32833786468994,5.3811634578644,
124,95,"I",3,3.98952081876262,5.32171155792623,"I",3,3.98952081876262,5.32171155792623,
124,96,"iio",4,7.00510745640622,5.19132438177646,"iio",4,7.00510745640622,5.19132438177646,
,,,,,,,,,,
125,128,"I",3,2.90779390631781,5.15456922615911,"I",3,2.90779390631781,5.15456922615911,
125,129,"vi",4,4.72291824060942,5.10346654234966,"vi",4,4.72291824060942,5.10346654234966,
125,130,"ii",4,0.967245079683656,3.50921246340354,"ii",4,0.967245079683656,3.50921246340354,
125,131,"V",4,0.824187200064757,3.1520155406546,"V",4,0.824187200064757,3.1520155406546,
125,132,"I",5,1.38614779594264,4.13879480308956,"I",5,1.38614779594264,4.13879480308956,
125,133,"iio",8,7.38292625291633,4.79823773212185,"-vii",8,7.29850905552722,4.79823773212185,0.0844171973891159
125,134,"I",1,4.38579646603412,5.39087934793506,"I",2,5.04208321859063,4.88982318430218,
125,135,"IV",2,5.59433041409148,5.06660320279031,"IV",2,5.42555665501581,5.34089965086863,
125,136,"I",2,4.32833786468994,5.3811634578644,"I",2,4.32833786468994,5.3811634578644,
125,137,"I",3,3.98952081876262,5.32171155792623,"I",3,3.98952081876262,5.32171155792623,
125,138,"iio",4,7.00510745640622,5.19132438177646,"iio",4,7.00510745640622,5.19132438177646,
,,,,,,,,,,
126,114,"IV",3,4.88251061862426,5.2807329543296,"IV",3,4.88251061862426,5.2807329543296,
126,115,"IV",4,1.3218560761017,3.99042030121313,"IV",4,1.3218560761017,3.99042030121313,
126,116,"I",5,4.31556523452517,4.16778865886145,"I",5,4.31556523452517,4.16778865886145,
126,117,"vi",4,4.63394947734646,4.69782843814865,"vi",4,4.63394947734646,4.69782843814865,
126,118,"IV",4,2.95315840246833,4.7833413847327,"IV",4,2.95315840246833,4.7833413847327,
126,119,"vi",5,4.25219336192671,4.58608808701889,"III",5,4.1675606554754,4.58608808701889,0.0846327064513108
126,120,"I",5,5.45655187811537,4.56679377748102,"I",3,5.44454413489002,4.76148914639537,
126,121,"IV",3,2.46292714880519,4.69909280097143,"IV",2,3.93524965968815,5.36835917767811,
126,122,"iv",4,5.58033398913878,4.85910494300028,"iv",3,5.38529545408331,4.99670134578116,
126,123,"I",3,2.90779390631781,5.15456922615911,"I",3,2.90779390631781,5.15456922615911,
126,124,"v",4,5.65081803880193,5.10346654234966,"v",4,5.65081803880193,5.10346654234966,
,,,,,,,,,,
127,42,"I",3,2.90779390631781,5.15456922615911,"I",3,2.90779390631781,5.15456922615911,
127,43,"vi",4,4.72291824060942,5.10346654234966,"vi",4,4.72291824060942,5.10346654234966,
127,44,"ii",4,0.967245079683656,3.50921246340354,"ii",4,0.967245079683656,3.50921246340354,
127,45,"V",4,0.824187200064757,3.1520155406546,"V",4,0.824187200064757,3.1520155406546,
127,46,"I",5,1.38614779594264,4.13879480308956,"I",5,1.38614779594264,4.13879480308956,
127,47,"iio",8,7.38292625291633,4.79823773212185,"-V",8,7.46908289666605,4.79823773212185,0.0861566437497139
127,48,"I",1,4.38579646603412,5.39087934793506,"I",1,5.03819430302352,5.40256587551648,
127,49,"IV",2,5.59433041409148,5.06660320279031,"IV",2,5.44561971209177,5.16374018804922,
127,50,"I",2,4.32833786468994,5.3811634578644,"I",2,4.32833786468994,5.3811634578644,
127,51,"I",3,3.98952081876262,5.32171155792623,"I",3,3.98952081876262,5.32171155792623,
127,52,"iio",4,7.00510745640622,5.19132438177646,"iio",4,7.00510745640622,5.19132438177646,
,,,,,,,,,,
128,86,"I",3,2.90779390631781,5.15456922615911,"I",3,2.90779390631781,5.15456922615911,
128,87,"vi",4,4.72291824060942,5.10346654234966,"vi",4,4.72291824060942,5.10346654234966,
128,88,"ii",4,0.967245079683656,3.50921246340354,"ii",4,0.967245079683656,3.50921246340354,
128,89,"V",4,0.824187200064757,3.1520155406546,"V",4,0.824187200064757,3.1520155406546,
128,90,"I",5,1.38614779594264,4.13879480308956,"I",5,1.38614779594264,4.13879480308956,
128,91,"iio",8,7.38292625291633,4.79823773212185,"-V",8,7.46908289666605,4.79823773212185,0.0861566437497139
128,92,"I",1,4.38579646603412,5.39087934793506,"I",1,5.03819430302352,5.40256587551648,
128,93,"IV",2,5.59433041409148,5.06660320279031,"IV",2,5.44561971209177,5.16374018804922,
128,94,"I",2,4.32833786468994,5.3811634578644,"I",2,4.32833786468994,5.3811634578644,
128,95,"I",3,3.98952081876262,5.32171155792623,"I",3,3.98952081876262,5.32171155792623,
128,96,"iio",4,7.00510745640622,5.19132438177646,"iio",4,7.00510745640622,5.19132438177646,
,,,,,,,,,,
129,128,"I",3,2.90779390631781,5.15456922615911,"I",3,2.90779390631781,5.15456922615911,
129,129,"vi",4,4.72291824060942,5.10346654234966,"vi",4,4.72291824060942,5.10346654234966,
129,130,"ii",4,0.967245079683656,3.50921246340354,"ii",4,0.967245079683656,3.50921246340354,
129,131,"V",4,0.824187200064757,3.1520155406546,"V",4,0.824187200064757,3.1520155406546,
129,132,"I",5,1.38614779594264,4.13879480308956,"I",5,1.38614779594264,4.13879480308956,
129,133,"iio",8,7.38292625291633,4.79823773212185,"-V",8,7.46908289666605,4.79823773212185,0.0861566437497139
129,134,"I",1,4.38579646603412,5.39087934793506,"I",1,5.03819430302352,5.40256587551648,
129,135,"IV",2,5.59433041409148,5.06660320279031,"IV",2,5.44561971209177,5.16374018804922,
129,136,"I",2,4.32833786468994,5.3811634578644,"I",2,4.32833786468994,5.3811634578644,
129,137,"I",3,3.98952081876262,5.32171155792623,"I",3,3.98952081876262,5.32171155792623,
129,138,"iio",4,7.00510745640622,5.19132438177646,"iio",4,7.00510745640622,5.19132438177646,
,,,,,,,,,,
130,3,"iio",2,7.27400003092747,4.69706735680231,"iio",2,7.27400003092747,4.69706735680231,
130,4,"I",1,4.38579646603412,5.39087934793506,"I",1,4.38579646603412,5.39087934793506,
130,5,"IV",2,5.59433041409148,5.06660320279031,"IV",2,5.59433041409148,5.06660320279031,
130,6,"I",2,4.32833786468994,5.3811634578644,"I",2,4.32833786468994,5.3811634578644,
130,7,"I",3,3.98952081876262,5.32171155792623,"I",3,3.98952081876262,5.32171155792623,
130,8,"iio",4,7.00510745640622,5.19132438177646,"-V",4,7.09126410015593,5.19132438177646,0.0861566437497148
130,9,"I",1,4.38579646603412,5.39087934793506,"I",1,5.03819430302352,5.40256587551648,
130,10,"IV",2,5.59433041409148,5.06660320279031,"IV",2,5.44561971209177,5.16374018804922,
130,11,"I",2,4.32833786468994,5.3811634578644,"I",2,4.32833786468994,5.3811634578644,
130,12,"I",3,3.98952081876262,5.32171155792623,"I",3,3.98952081876262,5.32171155792623,
130,13,"vi",4,4.619609428373,5.19132438177646,"vi",4,4.619609428373,5.19132438177646,
,,,,,,,,,,
131,47,"iio",8,7.38292625291633,4.79823773212185,"iio",8,7.38292625291633,4.79823773212185,
131,48,"I",1,4.38579646603412,5.39087934793506,"I",1,4.38579646603412,5.39087934793506,
131,49,"IV",2,5.59433041409148,5.06660320279031,"IV",2,5.59433041409148,5.06660320279031,
131,50,"I",2,4.32833786468994,5.3811634578644,"I",2,4.32833786468994,5.3811634578644,
131,51,"I",3,3.98952081876262,5.32171155792623,"I",3,3.98952081876262,5.32171155792623,
131,52,"iio",4,7.00510745640622,5.19132438177646,"-V",4,7.09126410015593,5.19132438177646,0.0861566437497148
131,53,"I",1,4.38579646603412,5.39087934793506,"I",1,5.03819430302352,5.40256587551648,
131,54,"IV",2,5.59433041409148,5.06660320279031,"IV",2,5.44561971209177,5.16374018804922,
131,55,"I",2,4.32833786468994,5.3811634578644,"I",2,4.32833786468994,5.3811634578644,
131,56,"I",3,3.98952081876262,5.32171155792623,"I",3,3.98952081876262,5.32171155792623,
131,57,"vi",4,4.619609428373,5.19132438177646,"vi",4,4.619609428373,5.19132438177646,
,,,,,,,,,,
132,91,"iio",8,7.38292625291633,4.79823773212185,"iio",8,7.38292625291633,4.79823773212185,
132,92,"I",1,4.38579646603412,5.39087934793506,"I",1,4.38579646603412,5.39087934793506,
132,93,"IV",2,5.59433041409148,5.06660320279031,"IV",2,5.59433041409148,5.06660320279031,
132,94,"I",2,4.32833786468994,5.3811634578644,"I",2,4.32833786468994,5.3811634578644,
132,95,"I",3,3.98952081876262,5.32171155792623,"I",3,3.98952081876262,5.32171155792623,
132,96,"iio",4,7.00510745640622,5.19132438177646,"-V",4,7.09126410015593,5.19132438177646,0.0861566437497148
132,97,"v",1,6.20503437960765,5.39087934793506,"v",1,6.17026394072283,5.40256587551648,
132,98,"I",1,4.5510925928662,5.40643602521911,"I",1,4.5510925928662,5.40643602521911,
132,99,"IV",2,4.18269746175096,5.31660761886427,"IV",2,4.18269746175096,5.31660761886427,
132,100,"V",3,4.35091257597092,5.2362559666935,"V",3,4.35091257597092,5.2362559666935,
132,101,"iii",4,2.3217640062003,4.87285906297509,"iii",4,2.3217640062003,4.87285906297509,
,,,,,,,,,,
133,133,"iio",8,7.38292625291633,4.79823773212185,"iio",8,7.38292625291633,4.79823773212185,
133,134,"I",1,4.38579646603412,5.39087934793506,"I",1,4.38579646603412,5.39087934793506,
133,135,"IV",2,5.59433041409148,5.06660320279031,"IV",2,5.59433041409148,5.06660320279031,
133,136,"I",2,4.32833786468994,5.3811634578644,"I",2,4.32833786468994,5.3811634578644,
133,137,"I",3,3.98952081876262,5.32171155792623,"I",3,3.98952081876262,5.32171155792623,
133,138,"iio",4,7.00510745640622,5.19132438177646,"-V",4,7.09126410015593,5.19132438177646,0.0861566437497148
133,139,"v",1,6.20503437960765,5.39087934793506,"v",1,6.17026394072283,5.40256587551648,
133,140,"I",1,4.5510925928662,5.40643602521911,"I",1,4.5510925928662,5.40643602521911,
133,141,"I",2,3.69359946968759,5.31660761886427,"I",2,3.69359946968759,5.31660761886427,
133,142,"vi",3,5.27340533765596,5.33559217210541,"vi",3,5.27340533765596,5.33559217210541,
133,143,"IV",3,3.90969581525023,5.19816315366507,"IV",3,3.90969581525023,5.19816315366507,
,,,,,,,,,,
134,175,"-VI",5,5.81401974576855,4.13879480308956,"-VI",5,5.81401974576855,4.13879480308956,
134,176,"-VII",3,4.26954562397705,4.76550834558971,"-VII",3,4.26954562397705,4.76550834558971,
134,177,"v",3,5.17748476429691,4.6860270890334,"v",3,5.17748476429691,4.6860270890334,
134,178,"I",3,3.3499580479609,5.1130896179335,"I",3,3.3499580479609,5.1130896179335,
134,179,"iv",4,6.37666430068938,4.91321350924505,"iv",4,6.37666430068938,4.91321350924505,
134,180,"V",2,4.84012819493814,5.35075692243134,"v",2,4.74823637720159,5.35075692243134,0.0918918177365482
134,181,"I",3,2.1527198075664,4.75272406822468,"I",3,3.50369070953379,4.97831575895913,
134,182,"vi",4,5.14027806129568,5.2126784304922,"vi",4,2.6617640698652,4.44929044220706,
134,183,"IV",4,2.90119903607054,4.95622591108184,"IV",4,0.972160146185179,3.5244330734764,
134,184,"vi",5,5.2294319352252,4.38602220589522,"vi",4,5.38868152753008,3.80806981019996,
134,185,"I",4,5.56410384392512,4.38391552230694,"I",4,5.56410384392512,4.38391552230694,
,,,,,,,,,,
135,11,"I",2,4.32833786468994,5.3811634578644,"I",2,4.32833786468994,5.3811634578644,
135,12,"I",3,3.98952081876262,5.32171155792623,"I",3,3.98952081876262,5.32171155792623,
135,13,"vi",4,4.619609428373,5.19132438177646,"vi",4,4.619609428373,5.19132438177646,
135,14,"IV",5,3.3339776894969,4.95691365133542,"IV",5,3.3339776894969,4.95691365133542,
135,15,"vi",6,5.15428881681074,3.97865881977923,"vi",6,5.15428881681074,3.97865881977923,
135,16,"I",5,5.84567150873561,3.88200835625091,"-VII",5,5.94186323011392,3.88200835625091,0.0961917213783128
135,17,"IV",3,2.46292714880519,4.69909280097143,"IV",3,2.58206050184156,4.7474190880208,
135,18,"iv",4,5.58033398913878,4.85910494300028,"iv",4,5.69129464022431,4.76484176294166,
135,19,"I",3,2.90779390631781,5.15456922615911,"I",3,1.94381498734714,4.8085342844427,
135,20,"v",4,5.65081803880193,5.10346654234966,"v",4,5.67730285585176,5.03310251629029,
135,21,"I",3,3.79423665546755,3.89262127910476,"I",3,3.79423665546755,3.89262127910476,
,,,,,,,,,,
136,29,"V",4,3.80429932994293,4.71323469353145,"V",4,3.80429932994293,4.71323469353145,
136,30,"I",4,2.44986391262537,4.61991492420928,"I",4,2.44986391262537,4.61991492420928,
136,31,"vi",5,4.53431053554805,4.79324890034491,"vi",5,4.53431053554805,4.79324890034491,
136,32,"IV",5,3.13189439414287,4.82160883447623,"IV",5,3.13189439414287,4.82160883447623,
136,33,"vi",6,5.86999327103292,3.58537869429243,"vi",6,5.86999327103292,3.58537869429243,
136,34,"I",4,5.56410384392512,4.38391552230694,"-VII",4,5.66029556530343,4.38391552230694,0.0961917213783128
136,35,"IV",3,2.46292714880519,4.69909280097143,"IV",3,2.58206050184156,4.7474190880208,
136,36,"iv",4,5.58033398913878,4.85910494300028,"iv",4,5.69129464022431,4.76484176294166,
136,37,"I",3,2.90779390631781,5.15456922615911,"I",3,1.94381498734714,4.8085342844427,
136,38,"v",4,5.65081803880193,5.10346654234966,"v",4,5.67730285585176,5.03310251629029,
136,39,"I",3,3.79423665546755,3.89262127910476,"I",3,3.79423665546755,3.89262127910476,
,,,,,,,,,,
137,55,"I",2,4.32833786468994,5.3811634578644,"I",2,4.32833786468994,5.3811634578644,
137,56,"I",3,3.98952081876262,5.32171155792623,"I",3,3.98952081876262,5.32171155792623,
137,57,"vi",4,4.619609428373,5.19132438177646,"vi",4,4.619609428373,5.19132438177646,
137,58,"IV",5,3.3339776894969,4.95691365133542,"IV",5,3.3339776894969,4.95691365133542,
137,59,"vi",6,5.15428881681074,3.97865881977923,"vi",6,5.15428881681074,3.97865881977923,
137,60,"I",5,5.84567150873561,3.88200835625091,"-VII",5,5.94186323011392,3.88200835625091,0.0961917213783128
137,61,"IV",3,2.46292714880519,4.69909280097143,"IV",3,2.58206050184156,4.7474190880208,
137,62,"iv",4,5.58033398913878,4.85910494300028,"iv",4,5.69129464022431,4.76484176294166,
137,63,"I",3,2.90779390631781,5.15456922615911,"I",3,1.94381498734714,4.8085342844427,
137,64,"v",4,5.65081803880193,5.10346654234966,"v",4,5.67730285585176,5.03310251629029,
137,65,"I",3,3.79423665546755,3.89262127910476,"I",3,3.79423665546755,3.89262127910476,
,,,,,,,,,,
138,73,"V",4,3.80429932994293,4.71323469353145,"V",4,3.80429932994293,4.71323469353145,
138,74,"I",4,2.44986391262537,4.61991492420928,"I",4,2.44986391262537,4.61991492420928,
138,75,"vi",5,4.53431053554805,4.79324890034491,"vi",5,4.53431053554805,4.79324890034491,
138,76,"IV",5,3.13189439414287,4.82160883447623,"IV",5,3.13189439414287,4.82160883447623,
138,77,"vi",6,5.86999327103292,3.58537869429243,"vi",6,5.86999327103292,3.58537869429243,
138,78,"I",4,5.56410384392512,4.38391552230694,"-VII",4,5.66029556530343,4.38391552230694,0.0961917213783128
138,79,"IV",3,2.46292714880519,4.69909280097143,"IV",3,2.58206050184156,4.7474190880208,
138,80,"iv",4,5.58033398913878,4.85910494300028,"iv",4,5.69129464022431,4.76484176294166,
138,81,"I",3,2.90779390631781,5.15456922615911,"I",3,1.94381498734714,4.8085342844427,
138,82,"v",4,5.65081803880193,5.10346654234966,"v",4,5.67730285585176,5.03310251629029,
138,83,"I",3,3.79423665546755,3.89262127910476,"I",3,3.79423665546755,3.89262127910476,
,,,,,,,,,,
139,115,"IV",4,1.3218560761017,3.99042030121313,"IV",4,1.3218560761017,3.99042030121313,
139,116,"I",5,4.31556523452517,4.16778865886145,"I",5,4.31556523452517,4.16778865886145,
139,117,"vi",4,4.63394947734646,4.69782843814865,"vi",4,4.63394947734646,4.69782843814865,
139,118,"IV",4,2.95315840246833,4.7833413847327,"IV",4,2.95315840246833,4.7833413847327,
139,119,"vi",5,4.25219336192671,4.58608808701889,"vi",5,4.25219336192671,4.58608808701889,
139,120,"I",5,5.45655187811537,4.56679377748102,"-VII",5,5.55274359949369,4.56679377748102,0.0961917213783128
139,121,"IV",3,2.46292714880519,4.69909280097143,"IV",3,2.58206050184156,4.7474190880208,
139,122,"iv",4,5.58033398913878,4.85910494300028,"iv",4,5.69129464022431,4.76484176294166,
139,123,"I",3,2.90779390631781,5.15456922615911,"I",3,1.94381498734714,4.8085342844427,
139,124,"v",4,5.65081803880193,5.10346654234966,"v",4,5.67730285585176,5.03310251629029,
139,125,"I",3,3.79423665546755,3.89262127910476,"I",3,3.79423665546755,3.89262127910476,
,,,,,,,,,,
140,140,"I",1,4.5510925928662,5.40643602521911,"I",1,4.5510925928662,5.40643602521911,
140,141,"I",2,3.69359946968759,5.31660761886427,"I",2,3.69359946968759,5.31660761886427,
140,142,"vi",3,5.27340533765596,5.33559217210541,"vi",3,5.27340533765596,5.33559217210541,
140,143,"IV",3,3.90969581525023,5.19816315366507,"IV",3,3.90969581525023,5.19816315366507,
140,144,"vi",4,4.43713028083433,4.92668124539868,"vi",4,4.43713028083433,4.92668124539868,
140,145,"I",5,5.84567150873561,3.88200835625091,"-VII",5,5.94186323011392,3.88200835625091,0.0961917213783128
140,146,"IV",3,2.46292714880519,4.69909280097143,"IV",3,2.58206050184156,4.7474190880208,
140,147,"iv",4,5.58033398913878,4.85910494300028,"iv",4,5.69129464022431,4.76484176294166,
140,148,"I",3,2.90779390631781,5.15456922615911,"I",3,1.94381498734714,4.8085342844427,
140,149,"v",4,5.65081803880193,5.10346654234966,"v",4,5.67730285585176,5.03310251629029,
140,150,"I",3,3.79423665546755,3.89262127910476,"I",3,3.79423665546755,3.89262127910476,
,,,,,,,,,,
141,158,"V",4,3.80429932994293,4.71323469353145,"V",4,3.80429932994293,4.71323469353145,
141,159,"I",4,2.44986391262537,4.61991492420928,"I",4,2.44986391262537,4.61991492420928,
141,160,"vi",5,4.53431053554805,4.79324890034491,"vi",5,4.53431053554805,4.79324890034491,
141,161,"IV",5,3.13189439414287,4.82160883447623,"IV",5,3.13189439414287,4.82160883447623,
141,162,"vi",6,5.86999327103292,3.58537869429243,"vi",6,5.86999327103292,3.58537869429243,
141,163,"I",4,5.56410384392512,4.38391552230694,"-VII",4,5.66029556530343,4.38391552230694,0.0961917213783128
141,164,"IV",3,2.46292714880519,4.69909280097143,"IV",3,2.58206050184156,4.7474190880208,
141,165,"iv",4,5.58033398913878,4.85910494300028,"iv",4,5.69129464022431,4.76484176294166,
141,166,"I",3,2.90779390631781,5.15456922615911,"I",3,1.94381498734714,4.8085342844427,
141,167,"v",4,5.65081803880193,5.10346654234966,"v",4,5.67730285585176,5.03310251629029,
141,168,"I",3,3.79423665546755,3.89262127910476,"I",3,3.79423665546755,3.89262127910476,
,,,,,,,,,,
142,180,"V",2,4.84012819493814,5.35075692243134,"V",2,4.84012819493814,5.35075692243134,
142,181,"I",3,2.1527198075664,4.75272406822468,"I",3,2.1527198075664,4.75272406822468,
142,182,"vi",4,5.14027806129568,5.2126784304922,"vi",4,5.14027806129568,5.2126784304922,
142,183,"IV",4,2.90119903607054,4.95622591108184,"IV",4,2.90119903607054,4.95622591108184,
142,184,"vi",5,5.2294319352252,4.38602220589522,"vi",5,5.2294319352252,4.38602220589522,
142,185,"I",4,5.56410384392512,4.38391552230694,"-VII",4,5.66029556530343,4.38391552230694,0.0961917213783128
142,186,"IV",3,2.46292714880519,4.69909280097143,"IV",3,2.58206050184156,4.7474190880208,
142,187,"iv",4,5.58033398913878,4.85910494300028,"iv",4,5.69129464022431,4.76484176294166,
142,188,"I",3,2.90779390631781,5.15456922615911,"I",3,1.94381498734714,4.8085342844427,
142,189,"v",4,5.65081803880193,5.10346654234966,"v",4,5.67730285585176,5.03310251629029,
142,190,"I",3,3.79423665546755,3.89262127910476,"I",3,3.79423665546755,3.89262127910476,
,,,,,,,,,,
143,198,"V",4,3.80429932994293,4.71323469353145,"V",4,3.80429932994293,4.71323469353145,
143,199,"I",4,2.44986391262537,4.61991492420928,"I",4,2.44986391262537,4.61991492420928,
143,200,"vi",5,4.53431053554805,4.79324890034491,"vi",5,4.53431053554805,4.79324890034491,
143,201,"IV",5,3.13189439414287,4.82160883447623,"IV",5,3.13189439414287,4.82160883447623,
143,202,"vi",6,5.86999327103292,3.58537869429243,"vi",6,5.86999327103292,3.58537869429243,
143,203,"I",4,5.56410384392512,4.38391552230694,"-VII",4,5.66029556530343,4.38391552230694,0.0961917213783128
143,204,"IV",3,2.46292714880519,4.69909280097143,"IV",3,2.58206050184156,4.7474190880208,
143,205,"iv",4,5.58033398913878,4.85910494300028,"iv",4,5.69129464022431,4.76484176294166,
143,206,"I",3,2.90779390631781,5.15456922615911,"I",3,1.94381498734714,4.8085342844427,
143,207,"v",4,5.65081803880193,5.10346654234966,"v",4,5.67730285585176,5.03310251629029,
143,208,"I",3,3.79423665546755,3.89262127910476,"I",3,3.79423665546755,3.89262127910476,
,,,,,,,,,,
144,92,"I",1,4.38579646603412,5.39087934793506,"I",1,4.38579646603412,5.39087934793506,
144,93,"IV",2,5.59433041409148,5.06660320279031,"IV",2,5.59433041409148,5.06660320279031,
144,94,"I",2,4.32833786468994,5.3811634578644,"I",2,4.32833786468994,5.3811634578644,
144,95,"I",3,3.98952081876262,5.32171155792623,"I",3,3.98952081876262,5.32171155792623,
144,96,"iio",4,7.00510745640622,5.19132438177646,"iio",4,7.00510745640622,5.19132438177646,
144,97,"v",1,6.20503437960765,5.39087934793506,"VII",1,6.30321477354655,5.39087934793506,0.0981803939389039
144,98,"I",1,4.5510925928662,5.40643602521911,"I",1,3.92094502993327,5.34585119645405,
144,99,"IV",2,4.18269746175096,5.31660761886427,"IV",2,5.50352738908177,5.24915638279204,
144,100,"V",3,4.35091257597092,5.2362559666935,"V",2,4.53158283460934,5.3811634578644,
144,101,"iii",4,2.3217640062003,4.87285906297509,"iii",3,4.58445030128397,5.22242873599478,
144,102,"vi",5,3.27348013327482,4.26369734599942,"vi",4,2.95650817352379,4.70216888966594,
,,,,,,,,,,
145,92,"I",1,4.38579646603412,5.39087934793506,"I",1,4.38579646603412,5.39087934793506,
145,93,"IV",2,5.59433041409148,5.06660320279031,"IV",2,5.59433041409148,5.06660320279031,
145,94,"I",2,4.32833786468994,5.3811634578644,"I",2,4.32833786468994,5.3811634578644,
145,95,"I",3,3.98952081876262,5.32171155792623,"I",3,3.98952081876262,5.32171155792623,
145,96,"iio",4,7.00510745640622,5.19132438177646,"iio",4,7.00510745640622,5.19132438177646,
145,97,"v",1,6.20503437960765,5.39087934793506,"-II",1,6.30321477354655,5.39087934793506,0.0981803939389039
145,98,"I",1,4.5510925928662,5.40643602521911,"I",1,4.57988079401976,5.44764673922883,
145,99,"IV",2,4.18269746175096,5.31660761886427,"IV",2,4.45807768360299,5.30154647152151,
145,100,"V",3,4.35091257597092,5.2362559666935,"V",3,3.23707795828708,5.14978186404132,
145,101,"iii",4,2.3217640062003,4.87285906297509,"iii",4,4.83062279800159,4.83526661435211,
145,102,"vi",5,3.27348013327482,4.26369734599942,"vi",4,2.95650817352379,4.70216888966594,
,,,,,,,,,,
146,134,"I",1,4.38579646603412,5.39087934793506,"I",1,4.38579646603412,5.39087934793506,
146,135,"IV",2,5.59433041409148,5.06660320279031,"IV",2,5.59433041409148,5.06660320279031,
146,136,"I",2,4.32833786468994,5.3811634578644,"I",2,4.32833786468994,5.3811634578644,
146,137,"I",3,3.98952081876262,5.32171155792623,"I",3,3.98952081876262,5.32171155792623,
146,138,"iio",4,7.00510745640622,5.19132438177646,"iio",4,7.00510745640622,5.19132438177646,
146,139,"v",1,6.20503437960765,5.39087934793506,"VII",1,6.30321477354655,5.39087934793506,0.0981803939389039
146,140,"I",1,4.5510925928662,5.40643602521911,"I",1,3.92094502993327,5.34585119645405,
146,141,"I",2,3.69359946968759,5.31660761886427,"I",2,3.36120042214993,5.24915638279204,
146,142,"vi",3,5.27340533765596,5.33559217210541,"vi",3,3.91801633158781,5.28659087308484,
146,143,"IV",3,3.90969581525023,5.19816315366507,"IV",4,4.15157435116241,4.83653233988855,
146,144,"vi",4,4.43713028083433,4.92668124539868,"vi",4,4.43713028083433,4.92668124539868,
,,,,,,,,,,
147,134,"I",1,4.38579646603412,5.39087934793506,"I",1,4.38579646603412,5.39087934793506,
147,135,"IV",2,5.59433041409148,5.06660320279031,"IV",2,5.59433041409148,5.06660320279031,
147,136,"I",2,4.32833786468994,5.3811634578644,"I",2,4.32833786468994,5.3811634578644,
147,137,"I",3,3.98952081876262,5.32171155792623,"I",3,3.98952081876262,5.32171155792623,
147,138,"iio",4,7.00510745640622,5.19132438177646,"iio",4,7.00510745640622,5.19132438177646,
147,139,"v",1,6.20503437960765,5.39087934793506,"-II",1,6.30321477354655,5.39087934793506,0.0981803939389039
147,140,"I",1,4.5510925928662,5.40643602521911,"I",1,4.57988079401976,5.44764673922883,
147,141,"I",2,3.69359946968759,5.31660761886427,"I",2,3.31849875227717,5.30154647152151,
147,142,"vi",3,5.27340533765596,5.33559217210541,"vi",3,5.35432841770828,5.24691130875825,
147,143,"IV",3,3.90969581525023,5.19816315366507,"IV",3,3.90969581525023,5.19816315366507,
147,144,"vi",4,4.43713028083433,4.92668124539868,"vi",4,4.43713028083433,4.92668124539868,
,,,,,,,,,,
