"Comparison","Row","Orig_Symbol","Orig_Order","Orig_IC","Orig_Entropy","Swap_Symbol","Swap_Order","Swap_IC","Swap_Entropy","Distance"
1,29,"-VI",5,5.8984676803225,5.05079369267189,"-VI",5,5.8984676803225,5.05079369267189,
1,30,"-III",4,5.52378692613383,4.18773615198458,"-III",4,5.52378692613383,4.18773615198458,
1,31,"-VII",3,2.74608617342374,4.95054595427928,"-VII",3,2.74608617342374,4.95054595427928,
1,32,"I",4,1.37450713206427,3.99252569649154,"I",4,1.37450713206427,3.99252569649154,
1,33,"I",5,2.91854305742855,4.79814311476625,"I",5,2.91854305742855,4.79814311476625,
1,34,"-VI",5,5.83901917443211,4.34143035641155,"-III",5,5.83901917443211,4.34143035641155,0
1,35,"-III",4,5.29324816840605,4.73996211815994,"-III",4,2.44643501465991,4.85023133763214,
1,36,"-VII",3,2.74608617342374,4.95054595427928,"-VII",5,5.25169958127037,4.57666813314921,
1,37,"I",4,1.37450713206427,3.99252569649154,"I",3,4.40698344342112,4.56848972408533,
1,38,"I",5,2.91854305742855,4.79814311476625,"I",3,3.38143168577719,5.04884798582446,
1,39,"IV",5,3.66075645270456,4.34143035641155,"IV",4,3.4605820774484,4.72897874984149,
,,,,,,,,,,
2,110,"-VI",5,5.98054372970574,4.88132628162095,"-VI",5,5.98054372970574,4.88132628162095,
2,111,"-III",4,5.52378692613383,4.18773615198458,"-III",4,5.52378692613383,4.18773615198458,
2,112,"-VII",3,2.74608617342374,4.95054595427928,"-VII",3,2.74608617342374,4.95054595427928,
2,113,"I",4,1.37450713206427,3.99252569649154,"I",4,1.37450713206427,3.99252569649154,
2,114,"I",5,2.91854305742855,4.79814311476625,"I",5,2.91854305742855,4.79814311476625,
2,115,"-VI",5,5.83901917443211,4.34143035641155,"-III",5,5.83901917443211,4.34143035641155,0
2,116,"-III",4,5.29324816840605,4.73996211815994,"-III",4,2.44643501465991,4.85023133763214,
2,117,"-VII",3,2.74608617342374,4.95054595427928,"-VII",5,5.25169958127037,4.57666813314921,
2,118,"I",4,1.37450713206427,3.99252569649154,"I",3,4.40698344342112,4.56848972408533,
2,119,"I",5,2.91854305742855,4.79814311476625,"I",3,3.38143168577719,5.04884798582446,
2,120,"IV",5,3.66075645270456,4.34143035641155,"IV",4,3.4605820774484,4.72897874984149,
,,,,,,,,,,
3,333,"V",8,4.565800606386,4.3285344023863,"V",8,4.565800606386,4.3285344023863,
3,334,"IV",6,4.11640549604435,4.43067587174481,"IV",6,4.11640549604435,4.43067587174481,
3,335,"I",5,0.703021845887519,2.8142181547626,"I",5,0.703021845887519,2.8142181547626,
3,336,"I",7,3.37039361911598,4.95323374437564,"I",7,3.37039361911598,4.95323374437564,
3,337,"I",6,3.51384350020231,4.74125794426299,"I",6,3.51384350020231,4.74125794426299,
3,338,"#I",6,7.5993583424782,4.33775018415219,"-vi",6,7.5993583424782,4.33775018415219,0
3,339,"#I",2,1.4921064007006,4.27295207626031,"#I",2,10.1030629552998,0.922853578291031,
3,340,"II",3,1.20002013255202,3.69147954459955,"II",1,3.506623751032,5.15207883668236,
3,341,"II",2,1.54607576396261,4.48201370535854,"II",2,1.54607576396261,4.48201370535854,
3,342,"IV",4,5.14974130248252,4.73373517433908,"IV",3,4.877129423764,5.16476295044804,
3,343,"IV",3,2.96713196667379,4.99918051760269,"IV",3,2.96713196667379,4.99918051760269,
,,,,,,,,,,
4,333,"V",8,4.565800606386,4.3285344023863,"V",8,4.565800606386,4.3285344023863,
4,334,"IV",6,4.11640549604435,4.43067587174481,"IV",6,4.11640549604435,4.43067587174481,
4,335,"I",5,0.703021845887519,2.8142181547626,"I",5,0.703021845887519,2.8142181547626,
4,336,"I",7,3.37039361911598,4.95323374437564,"I",7,3.37039361911598,4.95323374437564,
4,337,"I",6,3.51384350020231,4.74125794426299,"I",6,3.51384350020231,4.74125794426299,
4,338,"#I",6,7.5993583424782,4.33775018415219,"ivo",6,7.5993583424782,4.33775018415219,0
4,339,"#I",2,1.4921064007006,4.27295207626031,"#I",2,6.73982524830545,4.78579151008109,
4,340,"II",3,1.20002013255202,3.69147954459955,"II",1,3.506623751032,5.15207883668236,
4,341,"II",2,1.54607576396261,4.48201370535854,"II",2,1.54607576396261,4.48201370535854,
4,342,"IV",4,5.14974130248252,4.73373517433908,"IV",3,4.877129423764,5.16476295044804,
4,343,"IV",3,2.96713196667379,4.99918051760269,"IV",3,2.96713196667379,4.99918051760269,
,,,,,,,,,,
5,35,"-III",4,5.29324816840605,4.73996211815994,"-III",4,5.29324816840605,4.73996211815994,
5,36,"-VII",3,2.74608617342374,4.95054595427928,"-VII",3,2.74608617342374,4.95054595427928,
5,37,"I",4,1.37450713206427,3.99252569649154,"I",4,1.37450713206427,3.99252569649154,
5,38,"I",5,2.91854305742855,4.79814311476625,"I",5,2.91854305742855,4.79814311476625,
5,39,"IV",5,3.66075645270456,4.34143035641155,"IV",5,3.66075645270456,4.34143035641155,
5,40,"I",5,4.10905292064295,4.68639061413636,"V",5,4.11066465205459,4.68639061413636,0.00161173141163484
5,41,"V",5,4.1171930469052,4.82262377888161,"V",5,3.83688291631697,4.26680019795704,
5,42,"I",5,2.84873279177831,4.62960854260449,"I",5,2.72850398257049,4.65066705876103,
5,43,"IV",6,2.48541432451519,4.43530622863769,"IV",6,1.96631591173794,3.91439688976627,
5,44,"I",7,1.58576238333387,4.01680410935902,"I",7,1.65690090551028,3.76418126728593,
5,45,"V",8,1.74769679254977,4.04124302808796,"V",8,2.9420580501531,4.38916536409928,
,,,,,,,,,,
6,116,"-III",4,5.29324816840605,4.73996211815994,"-III",4,5.29324816840605,4.73996211815994,
6,117,"-VII",3,2.74608617342374,4.95054595427928,"-VII",3,2.74608617342374,4.95054595427928,
6,118,"I",4,1.37450713206427,3.99252569649154,"I",4,1.37450713206427,3.99252569649154,
6,119,"I",5,2.91854305742855,4.79814311476625,"I",5,2.91854305742855,4.79814311476625,
6,120,"IV",5,3.66075645270456,4.34143035641155,"IV",5,3.66075645270456,4.34143035641155,
6,121,"I",5,4.10905292064295,4.68639061413636,"V",5,4.11066465205459,4.68639061413636,0.00161173141163484
6,122,"V",5,4.1171930469052,4.82262377888161,"V",5,3.83688291631697,4.26680019795704,
6,123,"I",5,2.84873279177831,4.62960854260449,"I",5,2.72850398257049,4.65066705876103,
6,124,"IV",6,2.48541432451519,4.43530622863769,"IV",6,1.96631591173794,3.91439688976627,
6,125,"I",7,1.58576238333387,4.01680410935902,"I",7,1.65690090551028,3.76418126728593,
6,126,"V",8,1.74769679254977,4.04124302808796,"V",8,2.9420580501531,4.38916536409928,
,,,,,,,,,,
7,355,"V",7,4.37532969897678,4.61594472807244,"V",7,4.37532969897678,4.61594472807244,
7,356,"I",5,2.0168936409521,4.63718462037479,"I",5,2.0168936409521,4.63718462037479,
7,357,"V",6,3.39399374135063,4.57152576376694,"V",6,3.39399374135063,4.57152576376694,
7,358,"I",6,2.14071111834106,4.54286314856665,"I",6,2.14071111834106,4.54286314856665,
7,359,"IV",7,3.24514174253082,4.7261237780913,"IV",7,3.24514174253082,4.7261237780913,
7,360,"V",7,4.1003355258054,3.932454562353,"IV",7,4.1040273850312,3.932454562353,0.00369185922579707
7,361,"I",6,1.86629192984968,4.12789078755316,"I",6,1.83586289310793,4.32992272594119,
7,362,"I",7,3.25632065304424,4.91066929014354,"I",7,2.52031126714724,4.53494850158025,
7,363,"V",8,3.98969153975918,4.54242113614943,"V",7,4.45325654285403,4.03348345841376,
7,364,"vi",7,4.27197571559756,4.49292970649838,"vi",7,4.3127629448355,4.57192564362667,
7,365,"V",6,3.35369062248934,4.35993096792204,"V",5,1.02832988115347,3.51995304729433,
,,,,,,,,,,
8,333,"V",8,4.565800606386,4.3285344023863,"V",8,4.565800606386,4.3285344023863,
8,334,"IV",6,4.11640549604435,4.43067587174481,"IV",6,4.11640549604435,4.43067587174481,
8,335,"I",5,0.703021845887519,2.8142181547626,"I",5,0.703021845887519,2.8142181547626,
8,336,"I",7,3.37039361911598,4.95323374437564,"I",7,3.37039361911598,4.95323374437564,
8,337,"I",6,3.51384350020231,4.74125794426299,"I",6,3.51384350020231,4.74125794426299,
8,338,"#I",6,7.5993583424782,4.33775018415219,"vio",6,7.60512724593286,4.33775018415219,0.00576890345466019
8,339,"#I",2,1.4921064007006,4.27295207626031,"#I",2,7.16090459313497,4.55964607638205,
8,340,"II",3,1.20002013255202,3.69147954459955,"II",1,3.506623751032,5.15207883668236,
8,341,"II",2,1.54607576396261,4.48201370535854,"II",2,1.54607576396261,4.48201370535854,
8,342,"IV",4,5.14974130248252,4.73373517433908,"IV",3,4.877129423764,5.16476295044804,
8,343,"IV",3,2.96713196667379,4.99918051760269,"IV",3,2.96713196667379,4.99918051760269,
,,,,,,,,,,
9,141,"IV",7,2.04743214319308,4.38670326943616,"IV",7,2.04743214319308,4.38670326943616,
9,142,"I",8,2.48562279570622,4.46256721565355,"I",8,2.48562279570622,4.46256721565355,
9,143,"III",6,6.48995595702276,4.1909858105929,"III",6,6.48995595702276,4.1909858105929,
9,144,"IV",4,2.67738521864915,3.98465357105744,"IV",4,2.67738521864915,3.98465357105744,
9,145,"IV",4,2.85685815006679,4.60994141089416,"IV",4,2.85685815006679,4.60994141089416,
9,146,"ii",5,5.83006257051648,4.32251208964348,"iii",5,5.82352146964725,4.32251208964348,0.00654110086922888
9,147,"I",3,3.49803184034194,4.89485804969002,"I",3,4.08116921281128,5.04028709811159,
9,148,"vi",4,5.14040889884843,4.57737674840173,"vi",4,4.67632977696393,3.99274476792058,
9,149,"V",4,5.12656400545052,4.58359944629282,"V",3,6.31643185022299,2.34685321609727,
9,150,"iii",3,5.2899521031117,4.84141533264737,"iii",3,5.2899521031117,4.84141533264737,
9,151,"III",3,5.32789414293031,4.80561202378169,"III",3,5.32789414293031,4.80561202378169,
,,,,,,,,,,
10,231,"V",2,4.08732162674653,5.31895851248398,"V",2,4.08732162674653,5.31895851248398,
10,232,"V",3,2.77476275071183,4.65421191732175,"V",3,2.77476275071183,4.65421191732175,
10,233,"IV",4,3.95538217938128,4.65633819810754,"IV",4,3.95538217938128,4.65633819810754,
10,234,"I",5,4.22648353115557,3.70821891258817,"I",5,4.22648353115557,3.70821891258817,
10,235,"V",4,4.14282536858238,5.08280017610073,"V",4,4.14282536858238,5.08280017610073,
10,236,"V",5,3.35141403108678,4.64880072277113,"vi",5,3.34486553101839,4.64880072277113,0.00654850006838759
10,237,"V",6,4.13429821273959,3.94123261321869,"V",6,1.57258758675123,4.03214251552823,
10,238,"IV",5,4.56421601219743,4.62045794988575,"IV",6,0.66358655442645,2.66424657925216,
10,239,"IV",5,3.10155719425306,4.32542483141898,"IV",7,3.0055635732217,2.9879388630797,
10,240,"I",5,2.80607232656949,4.67822732408606,"I",7,3.6375819685813,3.91008070706793,
10,241,"I",6,2.13049036583327,4.40045400312986,"I",6,2.35115977122994,4.59469576649092,
,,,,,,,,,,
11,24,"III",7,5.66317978090562,4.71788742240952,"III",7,5.66317978090562,4.71788742240952,
11,25,"IV",4,6.64218034716976,2.47644607689863,"IV",4,6.64218034716976,2.47644607689863,
11,26,"V",2,3.98712204930755,5.32941680147139,"V",2,3.98712204930755,5.32941680147139,
11,27,"I",3,2.57932650970877,4.98972366592874,"I",3,2.57932650970877,4.98972366592874,
11,28,"I",4,3.61621431563678,5.27350589955552,"I",4,3.61621431563678,5.27350589955552,
11,29,"-VI",5,5.8984676803225,5.05079369267189,"III",5,5.90565722294647,5.05079369267189,0.00718954262397542
11,30,"-III",4,5.52378692613383,4.18773615198458,"-III",5,6.85743124148668,3.95316620350595,
11,31,"-VII",3,2.74608617342374,4.95054595427928,"-VII",2,5.26899586250219,5.2908359396539,
11,32,"I",4,1.37450713206427,3.99252569649154,"I",2,3.8703842123985,5.16539227838622,
11,33,"I",5,2.91854305742855,4.79814311476625,"I",3,3.38143168577719,5.04884798582446,
11,34,"-VI",5,5.83901917443211,4.34143035641155,"-VI",4,5.63884479917595,4.72897874984149,
,,,,,,,,,,
12,342,"IV",4,5.14974130248252,4.73373517433908,"IV",4,5.14974130248252,4.73373517433908,
12,343,"IV",3,2.96713196667379,4.99918051760269,"IV",3,2.96713196667379,4.99918051760269,
12,344,"I",4,4.27013495322279,4.72368408014577,"I",4,4.27013495322279,4.72368408014577,
12,345,"IV",4,4.53410354335495,4.75579682846027,"IV",4,4.53410354335495,4.75579682846027,
12,346,"I",4,2.91361410633154,4.79233824768956,"I",4,2.91361410633154,4.79233824768956,
12,347,"V",5,3.2447298147715,4.89374973684629,"I",5,3.2521224864133,4.89374973684629,0.00739267164180291
12,348,"IV",6,3.79962383615047,4.43643430114544,"IV",6,3.37400051458778,5.02079309639146,
12,349,"V",6,3.63009951553678,4.37680008159724,"V",7,4.19287253675051,3.52191270401166,
12,350,"I",6,1.34238821372059,3.71290239114814,"I",6,2.21325685842466,4.3943987099266,
12,351,"IV",7,4.3591022596289,4.30136679532627,"IV",7,3.01485629864832,4.77602044821281,
12,352,"V",6,2.81090123095832,3.5113760216957,"V",8,2.00489116412914,3.85110356756894,
,,,,,,,,,,
13,276,"I",7,0.946624787994756,3.3431437368718,"I",7,0.946624787994756,3.3431437368718,
13,277,"IV",9,1.23045601323588,3.66524471144978,"IV",9,1.23045601323588,3.66524471144978,
13,278,"IV",7,1.09009075648957,3.62049945323569,"IV",7,1.09009075648957,3.62049945323569,
13,279,"V",8,4.565800606386,4.3285344023863,"V",8,4.565800606386,4.3285344023863,
13,280,"V",6,2.43832907265129,4.43067587174481,"V",6,2.43832907265129,4.43067587174481,
13,281,"-VII",7,4.99325166336969,4.48465400829601,"i",7,5.00138043145157,4.48465400829601,0.00812876808187202
13,282,"I",5,4.34852978512803,4.11637385741183,"I",5,5.70496360789333,4.46504485980279,
13,283,"-VII",4,4.51882052017778,4.87184195780442,"-VII",4,5.11737005199779,4.56996769045147,
13,284,"IV",4,3.43307882705827,4.0509693011191,"IV",3,2.19769885017709,4.31321987988565,
13,285,"v",4,5.48411687018716,4.7436889437219,"v",4,5.58046372223018,4.39211035908887,
13,286,"IV",3,5.25470963441503,2.60288954800421,"IV",3,5.25470963441503,2.60288954800421,
,,,,,,,,,,
14,53,"V",4,1.21159536336254,3.7844882710843,"V",4,1.21159536336254,3.7844882710843,
14,54,"IV",5,5.6399687240691,4.38373163802706,"IV",5,5.6399687240691,4.38373163802706,
14,55,"V",3,3.6094599248703,4.93603079866318,"V",3,3.6094599248703,4.93603079866318,
14,56,"I",4,2.97647139824851,4.93195330445,"I",4,2.97647139824851,4.93195330445,
14,57,"V",5,3.28193218718292,4.93259517272172,"V",5,3.28193218718292,4.93259517272172,
14,58,"IV",6,2.71076423198542,4.3573456653342,"vi",6,2.7025545878362,4.3573456653342,0.00820964414922409
14,59,"IV",7,3.63720157801415,4.06453271968375,"IV",7,3.72413202558235,4.20233673035587,
14,60,"I",7,3.0443820599931,4.38670326943616,"I",7,1.60698130946521,3.60194453622957,
14,61,"vi",7,4.39698624030962,4.41374161684002,"vi",6,5.7666122407171,3.45626817324621,
14,62,"IV",5,2.39780357141112,4.40478669573018,"IV",4,3.88123134090547,4.53143851849091,
14,63,"ii",6,5.07233250997504,4.21132929493014,"ii",4,4.56494931786879,4.81617630410569,
,,,,,,,,,,
15,134,"V",4,1.21159536336254,3.7844882710843,"V",4,1.21159536336254,3.7844882710843,
15,135,"IV",5,5.6399687240691,4.38373163802706,"IV",5,5.6399687240691,4.38373163802706,
15,136,"V",3,3.6094599248703,4.93603079866318,"V",3,3.6094599248703,4.93603079866318,
15,137,"I",4,2.97647139824851,4.93195330445,"I",4,2.97647139824851,4.93195330445,
15,138,"V",5,3.28193218718292,4.93259517272172,"V",5,3.28193218718292,4.93259517272172,
15,139,"IV",6,2.71076423198542,4.3573456653342,"vi",6,2.7025545878362,4.3573456653342,0.00820964414922409
15,140,"IV",7,3.63720157801415,4.06453271968375,"IV",7,3.72413202558235,4.20233673035587,
15,141,"IV",7,2.04743214319308,4.38670326943616,"IV",7,5.26190195278765,3.60194453622957,
15,142,"I",8,2.48562279570622,4.46256721565355,"I",4,2.83675566752096,4.91272952968781,
15,143,"III",6,6.48995595702276,4.1909858105929,"III",5,6.20313296393882,4.49750796949694,
15,144,"IV",4,2.67738521864915,3.98465357105744,"IV",4,2.67738521864915,3.98465357105744,
,,,,,,,,,,
16,340,"II",3,1.20002013255202,3.69147954459955,"II",3,1.20002013255202,3.69147954459955,
16,341,"II",2,1.54607576396261,4.48201370535854,"II",2,1.54607576396261,4.48201370535854,
16,342,"IV",4,5.14974130248252,4.73373517433908,"IV",4,5.14974130248252,4.73373517433908,
16,343,"IV",3,2.96713196667379,4.99918051760269,"IV",3,2.96713196667379,4.99918051760269,
16,344,"I",4,4.27013495322279,4.72368408014577,"I",4,4.27013495322279,4.72368408014577,
16,345,"IV",4,4.53410354335495,4.75579682846027,"V",4,4.54349606734412,4.75579682846027,0.00939252398916324
16,346,"I",4,2.91361410633154,4.79233824768956,"I",4,3.38878955130922,4.91227527639342,
16,347,"V",5,3.2447298147715,4.89374973684629,"V",5,3.49170886344326,5.12884054705832,
16,348,"IV",6,3.79962383615047,4.43643430114544,"IV",6,3.15533954265879,4.5544764968904,
16,349,"V",6,3.63009951553678,4.37680008159724,"V",7,1.71742699699202,4.14697817868545,
16,350,"I",6,1.34238821372059,3.71290239114814,"I",8,1.42023016537569,3.8670252906467,
,,,,,,,,,,
17,38,"I",5,2.91854305742855,4.79814311476625,"I",5,2.91854305742855,4.79814311476625,
17,39,"IV",5,3.66075645270456,4.34143035641155,"IV",5,3.66075645270456,4.34143035641155,
17,40,"I",5,4.10905292064295,4.68639061413636,"I",5,4.10905292064295,4.68639061413636,
17,41,"V",5,4.1171930469052,4.82262377888161,"V",5,4.1171930469052,4.82262377888161,
17,42,"I",5,2.84873279177831,4.62960854260449,"I",5,2.84873279177831,4.62960854260449,
17,43,"IV",6,2.48541432451519,4.43530622863769,"I",6,2.49575549596043,4.43530622863769,0.0103411714452437
17,44,"I",7,1.58576238333387,4.01680410935902,"I",7,2.40174832038502,4.59409574097784,
17,45,"V",8,1.74769679254977,4.04124302808796,"V",8,3.85409957334777,3.57642032174543,
17,46,"I",9,1.35613290375052,3.60519206516022,"I",7,0.352492397093395,1.7305253955679,
17,47,"IV",10,2.19774724513272,4.34132735999301,"IV",8,4.74844537674397,1.670179118584,
17,48,"I",10,0.709153771314056,2.66128164511061,"I",8,2.48403501830195,4.04925709196769,
,,,,,,,,,,
18,119,"I",5,2.91854305742855,4.79814311476625,"I",5,2.91854305742855,4.79814311476625,
18,120,"IV",5,3.66075645270456,4.34143035641155,"IV",5,3.66075645270456,4.34143035641155,
18,121,"I",5,4.10905292064295,4.68639061413636,"I",5,4.10905292064295,4.68639061413636,
18,122,"V",5,4.1171930469052,4.82262377888161,"V",5,4.1171930469052,4.82262377888161,
18,123,"I",5,2.84873279177831,4.62960854260449,"I",5,2.84873279177831,4.62960854260449,
18,124,"IV",6,2.48541432451519,4.43530622863769,"I",6,2.49575549596043,4.43530622863769,0.0103411714452437
18,125,"I",7,1.58576238333387,4.01680410935902,"I",7,2.40174832038502,4.59409574097784,
18,126,"V",8,1.74769679254977,4.04124302808796,"V",8,3.85409957334777,3.57642032174543,
18,127,"I",9,1.35613290375052,3.60519206516022,"I",7,0.352492397093395,1.7305253955679,
18,128,"IV",10,2.19774724513272,4.34132735999301,"IV",8,4.74844537674397,1.670179118584,
18,129,"I",10,0.709153771314056,2.66128164511061,"I",8,2.48403501830195,4.04925709196769,
,,,,,,,,,,
19,280,"V",6,2.43832907265129,4.43067587174481,"V",6,2.43832907265129,4.43067587174481,
19,281,"-VII",7,4.99325166336969,4.48465400829601,"-VII",7,4.99325166336969,4.48465400829601,
19,282,"I",5,4.34852978512803,4.11637385741183,"I",5,4.34852978512803,4.11637385741183,
19,283,"-VII",4,4.51882052017778,4.87184195780442,"-VII",4,4.51882052017778,4.87184195780442,
19,284,"IV",4,3.43307882705827,4.0509693011191,"IV",4,3.43307882705827,4.0509693011191,
19,285,"v",4,5.48411687018716,4.7436889437219,"iv",4,5.47356119543169,4.7436889437219,0.0105556747554711
19,286,"IV",3,5.25470963441503,2.60288954800421,"IV",3,6.06442181453582,3.82824813084101,
19,287,"I",3,3.7545550350088,5.18445180897525,"I",3,5.04494375534344,5.00234958299513,
19,288,"-VII",4,4.87267107488025,4.8774148555621,"-VII",3,5.23320244238231,5.0982646368771,
19,289,"I",4,3.41332837199908,4.24385896249478,"I",3,3.07245780236943,4.78414180953012,
19,290,"I",4,3.43778825394581,4.95732552157451,"I",4,3.43778825394581,4.95732552157451,
,,,,,,,,,,
20,366,"V",6,3.63764947669532,3.94319783548529,"V",6,3.63764947669532,3.94319783548529,
20,367,"IV",5,4.8617038162968,3.7781350611071,"IV",5,4.8617038162968,3.7781350611071,
20,368,"IV",4,2.7514719327077,4.68312101117215,"IV",4,2.7514719327077,4.68312101117215,
20,369,"I",5,2.89054283273389,4.74613546019275,"I",5,2.89054283273389,4.74613546019275,
20,370,"V",6,3.8013642856411,4.28648205754246,"V",6,3.8013642856411,4.28648205754246,
20,371,"I",6,3.53376796721643,4.60568593953912,"VI",6,3.5448561337378,4.60568593953912,0.0110881665213691
20,372,"V",6,2.37227889435904,4.86676186263209,"V",3,5.20316712526827,2.6507927398619,
20,373,"I",7,2.59911598560554,4.31550570852851,"I",3,4.32941826050238,5.0242261667926,
20,374,"V",7,2.77837612607349,4.38468189757675,"V",3,5.20550380281688,4.93992993872952,
20,375,"vi",7,4.13056247319324,4.41668521915668,"vi",3,4.28188011513095,5.21601996302197,
20,376,"vi",7,2.00770936905456,4.49232325448215,"vi",4,3.58478377769035,5.19511893052633,
,,,,,,,,,,
21,91,"I",6,0.997808014210468,3.54720097186776,"I",6,0.997808014210468,3.54720097186776,
21,92,"I",7,0.986355061774037,3.48459427865094,"I",7,0.986355061774037,3.48459427865094,
21,93,"I",9,2.39161690909335,4.84977096663677,"I",9,2.39161690909335,4.84977096663677,
21,94,"IV",10,3.17142534257365,4.79928075492267,"IV",10,3.17142534257365,4.79928075492267,
21,95,"IV",8,2.20707444226102,4.6327688270774,"IV",8,2.20707444226102,4.6327688270774,
21,96,"-VII",9,4.56229325067707,4.46496811669692,"vi",9,4.54880011299061,4.46496811669692,0.0134931376864555
21,97,"IV",9,2.04729008922988,3.98467118772722,"IV",6,4.92759429165593,2.34556395659838,
21,98,"I",10,2.09412365731388,4.45913542862287,"I",4,1.47067779552304,4.24030659343829,
21,99,"I",9,1.0074522812109,3.44888870613758,"I",5,3.6851672159748,3.88125481242374,
21,100,"I",7,0.789218345656652,2.99765374514226,"I",5,3.82564836791148,5.10983998369174,
21,101,"I",6,0.837582457439979,3.28648734331105,"I",5,2.35931367158007,4.88590003001577,
,,,,,,,,,,
22,383,"I",6,3.02064949942229,4.822686144678,"I",6,3.02064949942229,4.822686144678,
22,384,"IV",7,2.13036405072948,4.42497748606329,"IV",7,2.13036405072948,4.42497748606329,
22,385,"I",8,3.62270154768342,3.63453615310476,"I",8,3.62270154768342,3.63453615310476,
22,386,"V",7,4.00265606231598,4.03280888398088,"V",7,4.00265606231598,4.03280888398088,
22,387,"I",6,2.48929558096384,4.44010873218597,"I",6,2.48929558096384,4.44010873218597,
22,388,"IV",7,2.76431985496264,4.68025876021154,"I",7,2.77866505532208,4.68025876021154,0.014345200359446
22,389,"I",8,1.06598371265138,3.42580324729019,"I",8,2.6012873221155,4.39003662386893,
22,390,"V",9,1.06043525352293,3.34308060282853,"V",8,3.85409957334777,3.57642032174543,
22,391,"I",10,1.35613290375052,3.60519206516022,"I",7,0.352492397093395,1.7305253955679,
22,392,"IV",10,2.19774724513272,4.34132735999301,"IV",8,4.74844537674397,1.670179118584,
22,393,"I",10,0.709153771314056,2.66128164511061,"I",8,2.48403501830195,4.04925709196769,
,,,,,,,,,,
23,144,"IV",4,2.67738521864915,3.98465357105744,"IV",4,2.67738521864915,3.98465357105744,
23,145,"IV",4,2.85685815006679,4.60994141089416,"IV",4,2.85685815006679,4.60994141089416,
23,146,"ii",5,5.83006257051648,4.32251208964348,"ii",5,5.83006257051648,4.32251208964348,
23,147,"I",3,3.49803184034194,4.89485804969002,"I",3,3.49803184034194,4.89485804969002,
23,148,"vi",4,5.14040889884843,4.57737674840173,"vi",4,5.14040889884843,4.57737674840173,
23,149,"V",4,5.12656400545052,4.58359944629282,"I",4,5.14093881854294,4.58359944629282,0.0143748130924166
23,150,"iii",3,5.2899521031117,4.84141533264737,"iii",3,5.84778694817248,4.88421848134786,
23,151,"III",3,5.32789414293031,4.80561202378169,"III",3,5.3344387152595,4.6537351908395,
23,152,"III",3,4.14712006808571,4.62418315727854,"III",3,4.21787178128137,4.39591471805929,
23,153,"IV",3,4.15138351814435,4.95443593270732,"IV",3,4.15138351814435,4.95443593270732,
23,154,"I",3,5.36226743853727,4.46850315114283,"I",3,5.36226743853727,4.46850315114283,
,,,,,,,,,,
24,30,"-III",4,5.52378692613383,4.18773615198458,"-III",4,5.52378692613383,4.18773615198458,
24,31,"-VII",3,2.74608617342374,4.95054595427928,"-VII",3,2.74608617342374,4.95054595427928,
24,32,"I",4,1.37450713206427,3.99252569649154,"I",4,1.37450713206427,3.99252569649154,
24,33,"I",5,2.91854305742855,4.79814311476625,"I",5,2.91854305742855,4.79814311476625,
24,34,"-VI",5,5.83901917443211,4.34143035641155,"-VI",5,5.83901917443211,4.34143035641155,
24,35,"-III",4,5.29324816840605,4.73996211815994,"-vii",4,5.31031241807253,4.73996211815994,0.0170642496664808
24,36,"-VII",3,2.74608617342374,4.95054595427928,"-VII",4,6.22083535916846,3.82915418131447,
24,37,"I",4,1.37450713206427,3.99252569649154,"I",2,4.96625079561688,5.11701024504211,
24,38,"I",5,2.91854305742855,4.79814311476625,"I",2,4.13702194788864,5.34302722530156,
24,39,"IV",5,3.66075645270456,4.34143035641155,"IV",3,4.18904945004623,5.34139147483662,
24,40,"I",5,4.10905292064295,4.68639061413636,"I",4,3.89988195556467,5.05125813435033,
,,,,,,,,,,
25,111,"-III",4,5.52378692613383,4.18773615198458,"-III",4,5.52378692613383,4.18773615198458,
25,112,"-VII",3,2.74608617342374,4.95054595427928,"-VII",3,2.74608617342374,4.95054595427928,
25,113,"I",4,1.37450713206427,3.99252569649154,"I",4,1.37450713206427,3.99252569649154,
25,114,"I",5,2.91854305742855,4.79814311476625,"I",5,2.91854305742855,4.79814311476625,
25,115,"-VI",5,5.83901917443211,4.34143035641155,"-VI",5,5.83901917443211,4.34143035641155,
25,116,"-III",4,5.29324816840605,4.73996211815994,"-vii",4,5.31031241807253,4.73996211815994,0.0170642496664808
25,117,"-VII",3,2.74608617342374,4.95054595427928,"-VII",4,6.22083535916846,3.82915418131447,
25,118,"I",4,1.37450713206427,3.99252569649154,"I",2,4.96625079561688,5.11701024504211,
25,119,"I",5,2.91854305742855,4.79814311476625,"I",2,4.13702194788864,5.34302722530156,
25,120,"IV",5,3.66075645270456,4.34143035641155,"IV",3,4.18904945004623,5.34139147483662,
25,121,"I",5,4.10905292064295,4.68639061413636,"I",4,3.89988195556467,5.05125813435033,
,,,,,,,,,,
26,25,"IV",4,6.64218034716976,2.47644607689863,"IV",4,6.64218034716976,2.47644607689863,
26,26,"V",2,3.98712204930755,5.32941680147139,"V",2,3.98712204930755,5.32941680147139,
26,27,"I",3,2.57932650970877,4.98972366592874,"I",3,2.57932650970877,4.98972366592874,
26,28,"I",4,3.61621431563678,5.27350589955552,"I",4,3.61621431563678,5.27350589955552,
26,29,"-VI",5,5.8984676803225,5.05079369267189,"-VI",5,5.8984676803225,5.05079369267189,
26,30,"-III",4,5.52378692613383,4.18773615198458,"-vii",4,5.54085117580032,4.18773615198458,0.0170642496664817
26,31,"-VII",3,2.74608617342374,4.95054595427928,"-VII",4,6.22083535916846,3.82915418131447,
26,32,"I",4,1.37450713206427,3.99252569649154,"I",2,4.96625079561688,5.11701024504211,
26,33,"I",5,2.91854305742855,4.79814311476625,"I",2,4.13702194788864,5.34302722530156,
26,34,"-VI",5,5.83901917443211,4.34143035641155,"-VI",3,5.22753040310009,5.34139147483662,
26,35,"-III",4,5.29324816840605,4.73996211815994,"-III",4,5.29324816840605,4.73996211815994,
,,,,,,,,,,
27,106,"II",2,5.01899286632395,5.32941680147139,"II",2,5.01899286632395,5.32941680147139,
27,107,"V",3,2.73476281480883,4.84399385971201,"V",3,2.73476281480883,4.84399385971201,
27,108,"I",4,3.43352558890767,4.5011154694619,"I",4,3.43352558890767,4.5011154694619,
27,109,"I",4,3.44688198192547,5.26767973364501,"I",4,3.44688198192547,5.26767973364501,
27,110,"-VI",5,5.98054372970574,4.88132628162095,"-VI",5,5.98054372970574,4.88132628162095,
27,111,"-III",4,5.52378692613383,4.18773615198458,"-vii",4,5.54085117580032,4.18773615198458,0.0170642496664817
27,112,"-VII",3,2.74608617342374,4.95054595427928,"-VII",4,6.22083535916846,3.82915418131447,
27,113,"I",4,1.37450713206427,3.99252569649154,"I",2,4.96625079561688,5.11701024504211,
27,114,"I",5,2.91854305742855,4.79814311476625,"I",2,4.13702194788864,5.34302722530156,
27,115,"-VI",5,5.83901917443211,4.34143035641155,"-VI",3,5.22753040310009,5.34139147483662,
27,116,"-III",4,5.29324816840605,4.73996211815994,"-III",4,5.29324816840605,4.73996211815994,
,,,,,,,,,,
28,145,"IV",4,2.85685815006679,4.60994141089416,"IV",4,2.85685815006679,4.60994141089416,
28,146,"ii",5,5.83006257051648,4.32251208964348,"ii",5,5.83006257051648,4.32251208964348,
28,147,"I",3,3.49803184034194,4.89485804969002,"I",3,3.49803184034194,4.89485804969002,
28,148,"vi",4,5.14040889884843,4.57737674840173,"vi",4,5.14040889884843,4.57737674840173,
28,149,"V",4,5.12656400545052,4.58359944629282,"V",4,5.12656400545052,4.58359944629282,
28,150,"iii",3,5.2899521031117,4.84141533264737,"-III",3,5.30773938624624,4.84141533264737,0.0177872831345427
28,151,"III",3,5.32789414293031,4.80561202378169,"III",3,7.99220259137849,2.41777611760865,
28,152,"III",3,4.14712006808571,4.62418315727854,"III",2,4.29306690471956,5.09987054135521,
28,153,"IV",3,4.15138351814435,4.95443593270732,"IV",2,3.90644341007798,5.21151964000889,
28,154,"I",3,5.36226743853727,4.46850315114283,"I",3,5.36226743853727,4.46850315114283,
28,155,"I",3,4.62631514220349,5.11740603318677,"I",3,4.62631514220349,5.11740603318677,
,,,,,,,,,,
29,71,"ii",7,4.72476120639508,4.40976951432621,"ii",7,4.72476120639508,4.40976951432621,
29,72,"ii",5,3.56247611276275,4.47574370357124,"ii",5,3.56247611276275,4.47574370357124,
29,73,"I",5,2.94511006988755,4.70953759716414,"I",5,2.94511006988755,4.70953759716414,
29,74,"I",5,0.776152032652177,3.13153966160038,"I",5,0.776152032652177,3.13153966160038,
29,75,"IV",7,1.73911373391252,4.20459594286954,"IV",7,1.73911373391252,4.20459594286954,
29,76,"V",8,5.06493400769326,4.09344106146883,"ii",8,5.0461730795846,4.09344106146883,0.0187609281086605
29,77,"I",4,2.46234198115903,4.74811802960503,"I",5,2.01661081255894,4.28596256285701,
29,78,"IV",5,3.55283721834502,4.98984963300113,"IV",5,3.18087129426044,4.60689655922271,
29,79,"V",6,2.18017699329743,4.04852505853628,"V",5,1.39756553588988,4.07677573747965,
29,80,"I",7,1.96203114957564,4.35904051111849,"I",6,1.85446247928564,4.29535663962586,
29,81,"IV",8,2.32834744158876,4.65457434405183,"IV",7,3.84557595692524,4.89681948991922,
,,,,,,,,,,
30,62,"IV",5,2.39780357141112,4.40478669573018,"IV",5,2.39780357141112,4.40478669573018,
30,63,"ii",6,5.07233250997504,4.21132929493014,"ii",6,5.07233250997504,4.21132929493014,
30,64,"I",4,3.95397921926545,4.22281703013626,"I",4,3.95397921926545,4.22281703013626,
30,65,"I",4,2.76963516833071,4.88724445599331,"I",4,2.76963516833071,4.88724445599331,
30,66,"IV",5,2.672613412229,4.68869589735046,"IV",5,2.672613412229,4.68869589735046,
30,67,"V",6,5.02103927750773,4.15397870942724,"ii",6,5.00227834939907,4.15397870942724,0.0187609281086614
30,68,"I",4,2.46234198115903,4.74811802960503,"I",5,2.01661081255894,4.28596256285701,
30,69,"IV",5,3.55283721834502,4.98984963300113,"IV",5,3.18087129426044,4.60689655922271,
30,70,"IV",6,2.90575553425686,4.04852505853628,"IV",5,5.01502230622123,4.07677573747965,
30,71,"ii",7,4.72476120639508,4.40976951432621,"ii",4,3.62844298475794,5.14689044467366,
30,72,"ii",5,3.56247611276275,4.47574370357124,"ii",5,3.62952640559487,4.46025141936202,
,,,,,,,,,,
31,228,"II",3,3.37875225644138,4.81152696629947,"II",3,3.37875225644138,4.81152696629947,
31,229,"ii",4,5.63233828173092,4.74565544095587,"ii",4,5.63233828173092,4.74565544095587,
31,230,"ii",3,5.39378441801013,4.85556898289913,"ii",3,5.39378441801013,4.85556898289913,
31,231,"V",2,4.08732162674653,5.31895851248398,"V",2,4.08732162674653,5.31895851248398,
31,232,"V",3,2.77476275071183,4.65421191732175,"V",3,2.77476275071183,4.65421191732175,
31,233,"IV",4,3.95538217938128,4.65633819810754,"ii",4,3.9353157704794,4.65633819810754,0.0200664089018807
31,234,"I",5,4.22648353115557,3.70821891258817,"I",5,4.40931277066239,4.18357261793047,
31,235,"V",4,4.14282536858238,5.08280017610073,"V",4,3.03402974087673,4.7993285193085,
31,236,"V",5,3.35141403108678,4.64880072277113,"V",5,3.33843635157301,4.55689781267341,
31,237,"V",6,4.13429821273959,3.94123261321869,"V",5,4.37289971079542,4.52448857919112,
31,238,"IV",5,4.56421601219743,4.62045794988575,"IV",4,4.37385612051176,4.88099696139584,
,,,,,,,,,,
32,471,"I",10,0.152032561462368,0.90018707313382,"I",10,0.152032561462368,0.90018707313382,
32,472,"IV",10,1.51160624461826,3.66990855079757,"IV",10,1.51160624461826,3.66990855079757,
32,473,"I",10,0.709153771314056,2.66128164511061,"I",10,0.709153771314056,2.66128164511061,
32,474,"II",10,6.29937505498945,2.85835807434492,"II",10,6.29937505498945,2.85835807434492,
32,475,"I",4,5.6703597806735,1.79070685391549,"I",4,5.6703597806735,1.79070685391549,
32,476,"I",4,3.74435875143571,4.53554028947017,"II",4,3.76566077600569,4.53554028947017,0.0213020245699753
32,477,"r",4,3.42938686461334,4.81213946293008,"r",4,2.68865782183847,4.17373264514497,
32,478,"r",3,1.79978875244029,3.71835542669818,"r",4,0.551042529159685,2.04071688309124,
,,,,,,,,,,
33,254,"IV",10,2.76400593003304,4.59673538858055,"IV",10,2.76400593003304,4.59673538858055,
33,255,"IV",7,0.897692106821904,2.74256501537548,"IV",7,0.897692106821904,2.74256501537548,
33,256,"V",8,3.30739254120481,3.19187848292254,"V",8,3.30739254120481,3.19187848292254,
33,257,"IV",6,6.52450387197521,2.32553730341722,"IV",6,6.52450387197521,2.32553730341722,
33,258,"I",4,3.16570097024946,4.77118804633536,"I",4,3.16570097024946,4.77118804633536,
33,259,"V",5,3.48994279577766,4.98753835388404,"IV",5,3.5113284345997,4.98753835388404,0.0213856388220384
33,260,"V",6,3.47564974135312,4.05832932187092,"V",6,3.01523381628073,4.3715608690999,
33,261,"IV",6,2.58572165893581,4.64761811828659,"IV",6,3.08318277345836,4.63841095498345,
33,262,"IV",6,4.53775053694629,1.37850895284601,"IV",7,3.29713754152736,4.65153421800442,
33,263,"I",6,1.74331015428856,4.13362922977146,"I",6,0.872451683873785,3.08727638326315,
33,264,"I",7,2.34728978686481,4.26713203603721,"I",8,3.09403971232616,4.03357293161177,
,,,,,,,,,,
34,299,"IV",7,3.20821328776037,4.77690562776587,"IV",7,3.20821328776037,4.77690562776587,
34,300,"IV",5,0.776017468880186,2.91982757783587,"IV",5,0.776017468880186,2.91982757783587,
34,301,"V",6,0.869632350649617,3.07403163271332,"V",6,0.869632350649617,3.07403163271332,
34,302,"IV",7,6.05974058331166,3.21286389560571,"IV",7,6.05974058331166,3.21286389560571,
34,303,"I",4,3.16570097024946,4.77118804633536,"I",4,3.16570097024946,4.77118804633536,
34,304,"V",5,3.48994279577766,4.98753835388404,"IV",5,3.5113284345997,4.98753835388404,0.0213856388220384
34,305,"V",6,3.47564974135312,4.05832932187092,"V",6,3.01523381628073,4.3715608690999,
34,306,"V",6,3.71272005326941,4.64761811828659,"V",6,3.18867012198959,4.63841095498345,
34,307,"V",5,2.68738280982383,4.62045794988575,"V",7,2.06860190076025,3.79673013948813,
34,308,"V",6,2.96474628781387,4.90615767976718,"V",8,1.49939724421701,3.89405035642289,
34,309,"V",7,3.0433259409475,4.61681333354954,"V",8,1.68393576351427,4.18450870741317,
,,,,,,,,,,
35,329,"I",7,1.02342672347832,3.476159873979,"I",7,1.02342672347832,3.476159873979,
35,330,"I",7,0.946624787994756,3.3431437368718,"I",7,0.946624787994756,3.3431437368718,
35,331,"IV",9,1.23045601323588,3.66524471144978,"IV",9,1.23045601323588,3.66524471144978,
35,332,"IV",7,1.09009075648957,3.62049945323569,"IV",7,1.09009075648957,3.62049945323569,
35,333,"V",8,4.565800606386,4.3285344023863,"V",8,4.565800606386,4.3285344023863,
35,334,"IV",6,4.11640549604435,4.43067587174481,"#IV",6,4.13799032061161,4.43067587174481,0.0215848245672543
35,335,"I",5,0.703021845887519,2.8142181547626,"I",3,3.7695743978626,3.78984029836864,
35,336,"I",7,3.37039361911598,4.95323374437564,"I",2,2.59437493362718,5.20178922080403,
35,337,"I",6,3.51384350020231,4.74125794426299,"I",3,2.59894331752333,5.1769733123063,
35,338,"#I",6,7.5993583424782,4.33775018415219,"#I",4,6.94629899511422,5.06655022179606,
35,339,"#I",2,1.4921064007006,4.27295207626031,"#I",2,1.4921064007006,4.27295207626031,
,,,,,,,,,,
36,175,"V",5,2.81816054843297,4.750217664157,"V",5,2.81816054843297,4.750217664157,
36,176,"V",6,3.1556206540448,4.41483946573233,"V",6,3.1556206540448,4.41483946573233,
36,177,"V",6,2.28345079851403,4.79718490746261,"V",6,2.28345079851403,4.79718490746261,
36,178,"V",7,2.93963830552979,4.60205647308592,"V",7,2.93963830552979,4.60205647308592,
36,179,"V",7,2.44723595737473,4.708809990123,"V",7,2.44723595737473,4.708809990123,
36,180,"ii",8,5.95339317229773,4.49408315237551,"II",8,5.93162974345608,4.49408315237551,0.0217634288416493
36,181,"ii",4,4.05312942272923,4.13430384242711,"ii",5,6.74188976684928,4.16572334330901,
36,182,"ii",4,2.89068874743877,4.66740072650043,"ii",2,5.10704429131822,5.15832109059483,
36,183,"ii",4,4.67250480270561,2.83265135451996,"ii",2,3.97762795933028,5.31895851248398,
36,184,"ii",4,3.05764969924471,4.89345870645653,"ii",3,3.40966107185831,5.04213057766828,
36,185,"ii",5,2.31008162326543,4.5786697663286,"ii",4,3.05764969924471,4.89345870645653,
,,,,,,,,,,
37,46,"I",9,1.35613290375052,3.60519206516022,"I",9,1.35613290375052,3.60519206516022,
37,47,"IV",10,2.19774724513272,4.34132735999301,"IV",10,2.19774724513272,4.34132735999301,
37,48,"I",10,0.709153771314056,2.66128164511061,"I",10,0.709153771314056,2.66128164511061,
37,49,"IV",10,3.9686818329102,2.85835807434492,"IV",10,3.9686818329102,2.85835807434492,
37,50,"-III",7,7.68197225081453,2.27536151965228,"-III",7,7.68197225081453,2.27536151965228,
37,51,"-III",3,4.09986065277928,5.05280985801129,"ii",3,4.12227420120131,5.05280985801129,0.0224135484220325
37,52,"V",4,4.0606491637326,4.65332498510066,"V",4,4.15765642146049,4.67084599454015,
37,53,"V",4,1.21159536336254,3.7844882710843,"V",3,3.21597752543947,4.98562453924697,
37,54,"IV",5,5.6399687240691,4.38373163802706,"IV",4,4.72125411998701,4.67302013271644,
37,55,"V",3,3.6094599248703,4.93603079866318,"V",4,2.78353930380948,4.63288434363152,
37,56,"I",4,2.97647139824851,4.93195330445,"I",5,1.9089738216736,4.51973380056253,
,,,,,,,,,,
38,127,"I",9,1.35613290375052,3.60519206516022,"I",9,1.35613290375052,3.60519206516022,
38,128,"IV",10,2.19774724513272,4.34132735999301,"IV",10,2.19774724513272,4.34132735999301,
38,129,"I",10,0.709153771314056,2.66128164511061,"I",10,0.709153771314056,2.66128164511061,
38,130,"IV",10,3.9686818329102,2.85835807434492,"IV",10,3.9686818329102,2.85835807434492,
38,131,"-III",7,7.68197225081453,2.27536151965228,"-III",7,7.68197225081453,2.27536151965228,
38,132,"-III",3,4.09986065277928,5.05280985801129,"ii",3,4.12227420120131,5.05280985801129,0.0224135484220325
38,133,"V",4,4.0606491637326,4.65332498510066,"V",4,4.15765642146049,4.67084599454015,
38,134,"V",4,1.21159536336254,3.7844882710843,"V",3,3.21597752543947,4.98562453924697,
38,135,"IV",5,5.6399687240691,4.38373163802706,"IV",4,4.72125411998701,4.67302013271644,
38,136,"V",3,3.6094599248703,4.93603079866318,"V",4,2.78353930380948,4.63288434363152,
38,137,"I",4,2.97647139824851,4.93195330445,"I",5,1.9089738216736,4.51973380056253,
,,,,,,,,,,
39,281,"-VII",7,4.99325166336969,4.48465400829601,"-VII",7,4.99325166336969,4.48465400829601,
39,282,"I",5,4.34852978512803,4.11637385741183,"I",5,4.34852978512803,4.11637385741183,
39,283,"-VII",4,4.51882052017778,4.87184195780442,"-VII",4,4.51882052017778,4.87184195780442,
39,284,"IV",4,3.43307882705827,4.0509693011191,"IV",4,3.43307882705827,4.0509693011191,
39,285,"v",4,5.48411687018716,4.7436889437219,"v",4,5.48411687018716,4.7436889437219,
39,286,"IV",3,5.25470963441503,2.60288954800421,"V",3,5.27825516052037,2.60288954800421,0.0235455261053428
39,287,"I",3,3.7545550350088,5.18445180897525,"I",3,3.83498058806586,5.16844754229832,
39,288,"-VII",4,4.87267107488025,4.8774148555621,"-VII",4,5.55494228277659,5.12098468564992,
39,289,"I",4,3.41332837199908,4.24385896249478,"I",3,2.8147381264136,4.76891728491978,
39,290,"I",4,3.43778825394581,4.95732552157451,"I",4,3.20047452147201,4.95222121098661,
39,291,"IV",5,3.36566700896508,4.77559658017928,"IV",5,3.92906202618937,4.67579669002351,
,,,,,,,,,,
40,19,"I",9,1.0074522812109,3.44888870613758,"I",9,1.0074522812109,3.44888870613758,
40,20,"I",7,0.789218345656652,2.99765374514226,"I",7,0.789218345656652,2.99765374514226,
40,21,"I",6,0.837582457439979,3.28648734331105,"I",6,0.837582457439979,3.28648734331105,
40,22,"IV",10,2.59829515725775,4.56466197083641,"IV",10,2.59829515725775,4.56466197083641,
40,23,"IV",7,3.66412652703721,2.23140113224049,"IV",7,3.66412652703721,2.23140113224049,
40,24,"III",7,5.66317978090562,4.71788742240952,"-VI",7,5.63783865156308,4.71788742240952,0.025341129342543
40,25,"IV",4,6.64218034716976,2.47644607689863,"IV",4,4.62055398070279,4.22272982925939,
40,26,"V",2,3.98712204930755,5.32941680147139,"V",3,5.88908438583743,2.96236607642589,
40,27,"I",3,2.57932650970877,4.98972366592874,"I",3,4.42567596754485,5.10348987033551,
40,28,"I",4,3.61621431563678,5.27350589955552,"I",3,4.18467062782561,5.37538199446497,
40,29,"-VI",5,5.8984676803225,5.05079369267189,"-VI",4,5.70635646632381,5.19990872346855,
,,,,,,,,,,
41,99,"I",9,1.0074522812109,3.44888870613758,"I",9,1.0074522812109,3.44888870613758,
41,100,"I",7,0.789218345656652,2.99765374514226,"I",7,0.789218345656652,2.99765374514226,
41,101,"I",6,0.837582457439979,3.28648734331105,"I",6,0.837582457439979,3.28648734331105,
41,102,"IV",10,2.59829515725775,4.56466197083641,"IV",10,2.59829515725775,4.56466197083641,
41,103,"IV",7,3.66412652703721,2.23140113224049,"IV",7,3.66412652703721,2.23140113224049,
41,104,"III",7,5.66317978090562,4.71788742240952,"-VI",7,5.63783865156308,4.71788742240952,0.025341129342543
41,105,"IV",4,6.64218034716976,2.47644607689863,"IV",4,4.62055398070279,4.22272982925939,
41,106,"II",2,5.01899286632395,5.32941680147139,"II",3,7.12312265633418,2.96236607642589,
41,107,"V",3,2.73476281480883,4.84399385971201,"V",2,3.62625053495906,5.17601917665522,
41,108,"I",4,3.43352558890767,4.5011154694619,"I",3,3.15714780114543,4.99041014493326,
41,109,"I",4,3.44688198192547,5.26767973364501,"I",4,3.44688198192547,5.26767973364501,
,,,,,,,,,,
42,148,"vi",4,5.14040889884843,4.57737674840173,"vi",4,5.14040889884843,4.57737674840173,
42,149,"V",4,5.12656400545052,4.58359944629282,"V",4,5.12656400545052,4.58359944629282,
42,150,"iii",3,5.2899521031117,4.84141533264737,"iii",3,5.2899521031117,4.84141533264737,
42,151,"III",3,5.32789414293031,4.80561202378169,"III",3,5.32789414293031,4.80561202378169,
42,152,"III",3,4.14712006808571,4.62418315727854,"III",3,4.14712006808571,4.62418315727854,
42,153,"IV",3,4.15138351814435,4.95443593270732,"III",3,4.12553469437546,4.95443593270732,0.0258488237688912
42,154,"I",3,5.36226743853727,4.46850315114283,"I",3,4.50299929799461,4.90595582700614,
42,155,"I",3,4.62631514220349,5.11740603318677,"I",3,3.18755617830791,5.20746929008217,
42,156,"V",3,4.6145407279823,5.36748945941634,"V",4,4.40820736370736,5.09348142112274,
42,157,"I",4,3.3578402162578,4.95566453058672,"I",4,3.93643402852487,4.76032108186797,
42,158,"I",5,3.11323832205345,4.97840681521257,"I",4,3.4453188491072,5.1767177503233,
,,,,,,,,,,
43,224,"ii",8,2.26957348530578,4.08394815750662,"ii",8,2.26957348530578,4.08394815750662,
43,225,"ii",8,2.26957348530578,4.08394815750662,"ii",8,2.26957348530578,4.08394815750662,
43,226,"ii",8,2.26957348530578,4.08394815750662,"ii",8,2.26957348530578,4.08394815750662,
43,227,"II",8,6.60311052244601,4.08394815750662,"II",8,6.60311052244601,4.08394815750662,
43,228,"II",3,3.37875225644138,4.81152696629947,"II",3,3.37875225644138,4.81152696629947,
43,229,"ii",4,5.63233828173092,4.74565544095587,"v",4,5.60648520840438,4.74565544095587,0.025853073326533
43,230,"ii",3,5.39378441801013,4.85556898289913,"ii",3,6.28304458441137,4.02296068210587,
43,231,"V",2,4.08732162674653,5.31895851248398,"V",2,3.29750402055441,5.24240086839014,
43,232,"V",3,2.77476275071183,4.65421191732175,"V",3,4.56518122584352,4.83791230458772,
43,233,"IV",4,3.95538217938128,4.65633819810754,"IV",3,4.4487991394919,4.99823064288698,
43,234,"I",5,4.22648353115557,3.70821891258817,"I",4,3.68619411955481,4.63288434363152,
,,,,,,,,,,
44,285,"v",4,5.48411687018716,4.7436889437219,"v",4,5.48411687018716,4.7436889437219,
44,286,"IV",3,5.25470963441503,2.60288954800421,"IV",3,5.25470963441503,2.60288954800421,
44,287,"I",3,3.7545550350088,5.18445180897525,"I",3,3.7545550350088,5.18445180897525,
44,288,"-VII",4,4.87267107488025,4.8774148555621,"-VII",4,4.87267107488025,4.8774148555621,
44,289,"I",4,3.41332837199908,4.24385896249478,"I",4,3.41332837199908,4.24385896249478,
44,290,"I",4,3.43778825394581,4.95732552157451,"IV",4,3.41181334750984,4.95732552157451,0.0259749064359691
44,291,"IV",5,3.36566700896508,4.77559658017928,"IV",5,4.8356003061348,4.22051565564407,
44,292,"IV",6,2.83802647654509,4.18818350781602,"IV",4,3.25991559366235,5.0942472688374,
44,293,"I",6,3.27440191537341,4.43296242077202,"I",5,2.11072954967921,4.68145216718605,
44,294,"I",6,1.60626957237521,4.35248306062188,"I",6,2.98387442939914,4.42119524525917,
44,295,"-VII",7,5.07019797566507,4.95160368021739,"-VII",6,4.55240065268349,5.19364755458533,
,,,,,,,,,,
45,333,"V",8,4.565800606386,4.3285344023863,"V",8,4.565800606386,4.3285344023863,
45,334,"IV",6,4.11640549604435,4.43067587174481,"IV",6,4.11640549604435,4.43067587174481,
45,335,"I",5,0.703021845887519,2.8142181547626,"I",5,0.703021845887519,2.8142181547626,
45,336,"I",7,3.37039361911598,4.95323374437564,"I",7,3.37039361911598,4.95323374437564,
45,337,"I",6,3.51384350020231,4.74125794426299,"I",6,3.51384350020231,4.74125794426299,
45,338,"#I",6,7.5993583424782,4.33775018415219,"V+",6,7.62594725817633,4.33775018415219,0.0265889156981336
45,339,"#I",2,1.4921064007006,4.27295207626031,"#I",2,6.88767999164268,4.66762300269773,
45,340,"II",3,1.20002013255202,3.69147954459955,"II",1,3.506623751032,5.15207883668236,
45,341,"II",2,1.54607576396261,4.48201370535854,"II",2,1.54607576396261,4.48201370535854,
45,342,"IV",4,5.14974130248252,4.73373517433908,"IV",3,4.877129423764,5.16476295044804,
45,343,"IV",3,2.96713196667379,4.99918051760269,"IV",3,2.96713196667379,4.99918051760269,
,,,,,,,,,,
46,24,"III",7,5.66317978090562,4.71788742240952,"III",7,5.66317978090562,4.71788742240952,
46,25,"IV",4,6.64218034716976,2.47644607689863,"IV",4,6.64218034716976,2.47644607689863,
46,26,"V",2,3.98712204930755,5.32941680147139,"V",2,3.98712204930755,5.32941680147139,
46,27,"I",3,2.57932650970877,4.98972366592874,"I",3,2.57932650970877,4.98972366592874,
46,28,"I",4,3.61621431563678,5.27350589955552,"I",4,3.61621431563678,5.27350589955552,
46,29,"-VI",5,5.8984676803225,5.05079369267189,"v",5,5.86948652812864,5.05079369267189,0.0289811521938619
46,30,"-III",4,5.52378692613383,4.18773615198458,"-III",4,6.84088642137964,3.54479371302138,
46,31,"-VII",3,2.74608617342374,4.95054595427928,"-VII",2,5.35047119477371,5.24780469106129,
46,32,"I",4,1.37450713206427,3.99252569649154,"I",2,3.8703842123985,5.16539227838622,
46,33,"I",5,2.91854305742855,4.79814311476625,"I",3,3.38143168577719,5.04884798582446,
46,34,"-VI",5,5.83901917443211,4.34143035641155,"-VI",4,5.63884479917595,4.72897874984149,
,,,,,,,,,,
47,226,"ii",8,2.26957348530578,4.08394815750662,"ii",8,2.26957348530578,4.08394815750662,
47,227,"II",8,6.60311052244601,4.08394815750662,"II",8,6.60311052244601,4.08394815750662,
47,228,"II",3,3.37875225644138,4.81152696629947,"II",3,3.37875225644138,4.81152696629947,
47,229,"ii",4,5.63233828173092,4.74565544095587,"ii",4,5.63233828173092,4.74565544095587,
47,230,"ii",3,5.39378441801013,4.85556898289913,"ii",3,5.39378441801013,4.85556898289913,
47,231,"V",2,4.08732162674653,5.31895851248398,"I",2,4.11637264712263,5.31895851248398,0.0290510203760945
47,232,"V",3,2.77476275071183,4.65421191732175,"V",3,4.98643286435518,5.23789249427416,
47,233,"IV",4,3.95538217938128,4.65633819810754,"IV",3,4.32460661127569,5.15947434056043,
47,234,"I",5,4.22648353115557,3.70821891258817,"I",4,2.15735811060028,4.72659165118631,
47,235,"V",4,4.14282536858238,5.08280017610073,"V",5,3.80935706792298,4.47362908677828,
47,236,"V",5,3.35141403108678,4.64880072277113,"V",5,3.6196763881378,4.44945066920624,
,,,,,,,,,,
48,230,"ii",3,5.39378441801013,4.85556898289913,"ii",3,5.39378441801013,4.85556898289913,
48,231,"V",2,4.08732162674653,5.31895851248398,"V",2,4.08732162674653,5.31895851248398,
48,232,"V",3,2.77476275071183,4.65421191732175,"V",3,2.77476275071183,4.65421191732175,
48,233,"IV",4,3.95538217938128,4.65633819810754,"IV",4,3.95538217938128,4.65633819810754,
48,234,"I",5,4.22648353115557,3.70821891258817,"I",5,4.22648353115557,3.70821891258817,
48,235,"V",4,4.14282536858238,5.08280017610073,"vi",4,4.17188208689183,5.08280017610073,0.0290567183094552
48,236,"V",5,3.35141403108678,4.64880072277113,"V",5,3.81094857802895,4.05613234635861,
48,237,"V",6,4.13429821273959,3.94123261321869,"V",5,2.85988853384808,3.73833890830841,
48,238,"IV",5,4.56421601219743,4.62045794988575,"IV",5,1.80971445204932,4.17259169002272,
48,239,"IV",5,3.10155719425306,4.32542483141898,"IV",6,1.5912237195205,3.75522318318633,
48,240,"I",5,2.80607232656949,4.67822732408606,"I",7,2.81833072334008,4.60071678131017,
,,,,,,,,,,
49,140,"IV",7,3.63720157801415,4.06453271968375,"IV",7,3.63720157801415,4.06453271968375,
49,141,"IV",7,2.04743214319308,4.38670326943616,"IV",7,2.04743214319308,4.38670326943616,
49,142,"I",8,2.48562279570622,4.46256721565355,"I",8,2.48562279570622,4.46256721565355,
49,143,"III",6,6.48995595702276,4.1909858105929,"III",6,6.48995595702276,4.1909858105929,
49,144,"IV",4,2.67738521864915,3.98465357105744,"IV",4,2.67738521864915,3.98465357105744,
49,145,"IV",4,2.85685815006679,4.60994141089416,"V",4,2.8868628978276,4.60994141089416,0.0300047477608092
49,146,"ii",5,5.83006257051648,4.32251208964348,"ii",5,5.78392348375494,4.58804444030363,
49,147,"I",3,3.49803184034194,4.89485804969002,"I",3,4.8933914649982,4.73163443411849,
49,148,"vi",4,5.14040889884843,4.57737674840173,"vi",3,5.25253049370677,5.24392028882972,
49,149,"V",4,5.12656400545052,4.58359944629282,"V",3,4.82544367156892,5.10049506444893,
49,150,"iii",3,5.2899521031117,4.84141533264737,"iii",3,5.2899521031117,4.84141533264737,
,,,,,,,,,,
50,140,"IV",7,3.63720157801415,4.06453271968375,"IV",7,3.63720157801415,4.06453271968375,
50,141,"IV",7,2.04743214319308,4.38670326943616,"IV",7,2.04743214319308,4.38670326943616,
50,142,"I",8,2.48562279570622,4.46256721565355,"I",8,2.48562279570622,4.46256721565355,
50,143,"III",6,6.48995595702276,4.1909858105929,"III",6,6.48995595702276,4.1909858105929,
50,144,"IV",4,2.67738521864915,3.98465357105744,"IV",4,2.67738521864915,3.98465357105744,
50,145,"IV",4,2.85685815006679,4.60994141089416,"iv",4,2.8904828249585,4.60994141089416,0.0336246748917106
50,146,"ii",5,5.83006257051648,4.32251208964348,"ii",3,6.23777094573938,4.52754913977337,
50,147,"I",3,3.49803184034194,4.89485804969002,"I",2,5.32361851139311,5.01027453182382,
50,148,"vi",4,5.14040889884843,4.57737674840173,"vi",2,5.01916687600511,5.41579741545386,
50,149,"V",4,5.12656400545052,4.58359944629282,"V",3,4.82544367156892,5.10049506444893,
50,150,"iii",3,5.2899521031117,4.84141533264737,"iii",3,5.2899521031117,4.84141533264737,
,,,,,,,,,,
51,143,"III",6,6.48995595702276,4.1909858105929,"III",6,6.48995595702276,4.1909858105929,
51,144,"IV",4,2.67738521864915,3.98465357105744,"IV",4,2.67738521864915,3.98465357105744,
51,145,"IV",4,2.85685815006679,4.60994141089416,"IV",4,2.85685815006679,4.60994141089416,
51,146,"ii",5,5.83006257051648,4.32251208964348,"ii",5,5.83006257051648,4.32251208964348,
51,147,"I",3,3.49803184034194,4.89485804969002,"I",3,3.49803184034194,4.89485804969002,
51,148,"vi",4,5.14040889884843,4.57737674840173,"iii",4,5.17446569661526,4.57737674840173,0.0340567977668309
51,149,"V",4,5.12656400545052,4.58359944629282,"V",4,5.79103614970541,4.29548214660634,
51,150,"iii",3,5.2899521031117,4.84141533264737,"iii",3,5.32122514769332,4.91316311499048,
51,151,"III",3,5.32789414293031,4.80561202378169,"III",3,5.32976419532672,4.84535853966505,
51,152,"III",3,4.14712006808571,4.62418315727854,"III",3,4.14712006808571,4.62418315727854,
51,153,"IV",3,4.15138351814435,4.95443593270732,"IV",3,4.15138351814435,4.95443593270732,
,,,,,,,,,,
52,101,"I",6,0.837582457439979,3.28648734331105,"I",6,0.837582457439979,3.28648734331105,
52,102,"IV",10,2.59829515725775,4.56466197083641,"IV",10,2.59829515725775,4.56466197083641,
52,103,"IV",7,3.66412652703721,2.23140113224049,"IV",7,3.66412652703721,2.23140113224049,
52,104,"III",7,5.66317978090562,4.71788742240952,"III",7,5.66317978090562,4.71788742240952,
52,105,"IV",4,6.64218034716976,2.47644607689863,"IV",4,6.64218034716976,2.47644607689863,
52,106,"II",2,5.01899286632395,5.32941680147139,"-VI",2,4.98466565095523,5.32941680147139,0.0343272153687142
52,107,"V",3,2.73476281480883,4.84399385971201,"V",3,3.9694690438901,4.58529168970328,
52,108,"I",4,3.43352558890767,4.5011154694619,"I",3,3.10482019747594,4.65021071283676,
52,109,"I",4,3.44688198192547,5.26767973364501,"I",4,4.0508402685469,5.01651194452726,
52,110,"-VI",5,5.98054372970574,4.88132628162095,"-VI",4,5.62635516417919,5.21433006411625,
52,111,"-III",4,5.52378692613383,4.18773615198458,"-III",4,5.52378692613383,4.18773615198458,
,,,,,,,,,,
53,245,"V",5,0.554717675883686,2.39444508923178,"V",5,0.554717675883686,2.39444508923178,
53,246,"IV",7,3.20821328776037,4.77690562776587,"IV",7,3.20821328776037,4.77690562776587,
53,247,"IV",5,0.776017468880186,2.91982757783587,"IV",5,0.776017468880186,2.91982757783587,
53,248,"I",6,3.30218178121954,3.07403163271332,"I",6,3.30218178121954,3.07403163271332,
53,249,"I",6,1.96202992958053,4.33495424304235,"I",6,1.96202992958053,4.33495424304235,
53,250,"IV",7,2.90935392043322,4.68567854696339,"I",7,2.87102575361636,4.68567854696339,0.0383281668168629
53,251,"I",8,2.27274108561141,3.8865277039629,"I",8,1.87862862961682,4.49522701156001,
53,252,"V",9,2.81136757894657,4.63114952292425,"V",9,3.32444193603413,4.24272441538998,
53,253,"V",7,1.08409126566664,3.3821353990779,"V",8,0.714482936470349,2.81029617477161,
53,254,"IV",10,2.76400593003304,4.59673538858055,"IV",9,0.633898183897738,2.57817916817393,
53,255,"IV",7,0.897692106821904,2.74256501537548,"IV",10,0.425819172377717,1.88157190537852,
,,,,,,,,,,
54,370,"V",6,3.8013642856411,4.28648205754246,"V",6,3.8013642856411,4.28648205754246,
54,371,"I",6,3.53376796721643,4.60568593953912,"I",6,3.53376796721643,4.60568593953912,
54,372,"V",6,2.37227889435904,4.86676186263209,"V",6,2.37227889435904,4.86676186263209,
54,373,"I",7,2.59911598560554,4.31550570852851,"I",7,2.59911598560554,4.31550570852851,
54,374,"V",7,2.77837612607349,4.38468189757675,"V",7,2.77837612607349,4.38468189757675,
54,375,"vi",7,4.13056247319324,4.41668521915668,"II",7,4.09051770447593,4.41668521915668,0.0400447687173129
54,376,"vi",7,2.00770936905456,4.49232325448215,"vi",8,6.74702653185456,3.67765118131147,
54,377,"I",7,0.537954897112622,2.30013701411598,"I",3,5.67285178312545,4.59340960369525,
54,378,"V",7,0.327394747196702,1.6279205223172,"V",2,4.09576622350892,5.22363801981595,
54,379,"I",6,0.446536984343996,2.10451700437141,"I",3,2.86076979061574,5.02175272457782,
54,380,"IV",5,5.48006825802592,2.60459148072647,"IV",4,3.98654863943272,5.19204074257271,
,,,,,,,,,,
55,333,"V",8,4.565800606386,4.3285344023863,"V",8,4.565800606386,4.3285344023863,
55,334,"IV",6,4.11640549604435,4.43067587174481,"IV",6,4.11640549604435,4.43067587174481,
55,335,"I",5,0.703021845887519,2.8142181547626,"I",5,0.703021845887519,2.8142181547626,
55,336,"I",7,3.37039361911598,4.95323374437564,"I",7,3.37039361911598,4.95323374437564,
55,337,"I",6,3.51384350020231,4.74125794426299,"I",6,3.51384350020231,4.74125794426299,
55,338,"#I",6,7.5993583424782,4.33775018415219,"-I",6,7.64113339526627,4.33775018415219,0.0417750527880703
55,339,"#I",2,1.4921064007006,4.27295207626031,"#I",2,7.04103618564733,4.41609317849562,
55,340,"II",3,1.20002013255202,3.69147954459955,"II",1,3.506623751032,5.15207883668236,
55,341,"II",2,1.54607576396261,4.48201370535854,"II",2,1.54607576396261,4.48201370535854,
55,342,"IV",4,5.14974130248252,4.73373517433908,"IV",3,4.877129423764,5.16476295044804,
55,343,"IV",3,2.96713196667379,4.99918051760269,"IV",3,2.96713196667379,4.99918051760269,
,,,,,,,,,,
56,232,"V",3,2.77476275071183,4.65421191732175,"V",3,2.77476275071183,4.65421191732175,
56,233,"IV",4,3.95538217938128,4.65633819810754,"IV",4,3.95538217938128,4.65633819810754,
56,234,"I",5,4.22648353115557,3.70821891258817,"I",5,4.22648353115557,3.70821891258817,
56,235,"V",4,4.14282536858238,5.08280017610073,"V",4,4.14282536858238,5.08280017610073,
56,236,"V",5,3.35141403108678,4.64880072277113,"V",5,3.35141403108678,4.64880072277113,
56,237,"V",6,4.13429821273959,3.94123261321869,"I",6,4.09193365774675,3.94123261321869,0.0423645549928393
56,238,"IV",5,4.56421601219743,4.62045794988575,"IV",5,3.39381707328602,4.86037989050573,
56,239,"IV",5,3.10155719425306,4.32542483141898,"IV",6,3.92119524647427,4.15656761123815,
56,240,"I",5,2.80607232656949,4.67822732408606,"I",5,2.80976444482486,4.78096001823133,
56,241,"I",6,2.13049036583327,4.40045400312986,"I",6,1.99178708382004,4.32645098554283,
56,242,"-VII",7,5.10250418052048,4.48072984874515,"-VII",7,4.91471759517819,5.10671310090165,
,,,,,,,,,,
57,301,"V",6,0.869632350649617,3.07403163271332,"V",6,0.869632350649617,3.07403163271332,
57,302,"IV",7,6.05974058331166,3.21286389560571,"IV",7,6.05974058331166,3.21286389560571,
57,303,"I",4,3.16570097024946,4.77118804633536,"I",4,3.16570097024946,4.77118804633536,
57,304,"V",5,3.48994279577766,4.98753835388404,"V",5,3.48994279577766,4.98753835388404,
57,305,"V",6,3.47564974135312,4.05832932187092,"V",6,3.47564974135312,4.05832932187092,
57,306,"V",6,3.71272005326941,4.64761811828659,"I",6,3.67035549827657,4.64761811828659,0.0423645549928393
57,307,"V",5,2.68738280982383,4.62045794988575,"V",5,4.21203589814975,4.86037989050573,
57,308,"V",6,2.96474628781387,4.90615767976718,"V",5,3.71054398804563,4.94554825596366,
57,309,"V",7,3.0433259409475,4.61681333354954,"V",6,4.03501685991522,4.18086781433683,
57,310,"V",7,2.61878738066578,4.73746094700826,"V",5,2.46988026696372,4.64433116412499,
57,311,"V",8,2.23112967882779,4.58731199385506,"V",6,3.33368262320519,4.79738270691123,
,,,,,,,,,,
58,170,"ii",7,5.85873490438708,2.67787841166623,"ii",7,5.85873490438708,2.67787841166623,
58,171,"ii",5,3.56247611276275,4.47574370357124,"ii",5,3.56247611276275,4.47574370357124,
58,172,"V",5,2.99269875209871,4.70953759716414,"V",5,2.99269875209871,4.70953759716414,
58,173,"V",6,1.9539075444915,3.97495373460592,"V",6,1.9539075444915,3.97495373460592,
58,174,"V",7,3.47927351792936,3.88034477366189,"V",7,3.47927351792936,3.88034477366189,
58,175,"V",5,2.81816054843297,4.750217664157,"I",5,2.86101111454954,4.750217664157,0.0428505661165679
58,176,"V",6,3.1556206540448,4.41483946573233,"V",6,3.18818140799954,4.92372035038967,
58,177,"V",6,2.28345079851403,4.79718490746261,"V",7,4.40092460370241,4.43411629395347,
58,178,"V",7,2.93963830552979,4.60205647308592,"V",5,3.79975470078229,4.59966042925634,
58,179,"V",7,2.44723595737473,4.708809990123,"V",5,2.46988026696372,4.64433116412499,
58,180,"ii",8,5.95339317229773,4.49408315237551,"ii",6,5.51939512507449,4.79738270691123,
,,,,,,,,,,
59,227,"II",8,6.60311052244601,4.08394815750662,"II",8,6.60311052244601,4.08394815750662,
59,228,"II",3,3.37875225644138,4.81152696629947,"II",3,3.37875225644138,4.81152696629947,
59,229,"ii",4,5.63233828173092,4.74565544095587,"ii",4,5.63233828173092,4.74565544095587,
59,230,"ii",3,5.39378441801013,4.85556898289913,"ii",3,5.39378441801013,4.85556898289913,
59,231,"V",2,4.08732162674653,5.31895851248398,"V",2,4.08732162674653,5.31895851248398,
59,232,"V",3,2.77476275071183,4.65421191732175,"I",3,2.81846052817107,4.65421191732175,0.0436977774592466
59,233,"IV",4,3.95538217938128,4.65633819810754,"IV",4,4.47534715012387,5.31461025213839,
59,234,"I",5,4.22648353115557,3.70821891258817,"I",5,3.20628549951726,4.57360288224439,
59,235,"V",4,4.14282536858238,5.08280017610073,"V",5,3.35064812681328,5.00077129304231,
59,236,"V",5,3.35141403108678,4.64880072277113,"V",6,2.88860755994619,4.39482881967788,
59,237,"V",6,4.13429821273959,3.94123261321869,"V",7,4.44842257266523,3.30509585923046,
,,,,,,,,,,
60,68,"I",4,2.46234198115903,4.74811802960503,"I",4,2.46234198115903,4.74811802960503,
60,69,"IV",5,3.55283721834502,4.98984963300113,"IV",5,3.55283721834502,4.98984963300113,
60,70,"IV",6,2.90575553425686,4.04852505853628,"IV",6,2.90575553425686,4.04852505853628,
60,71,"ii",7,4.72476120639508,4.40976951432621,"ii",7,4.72476120639508,4.40976951432621,
60,72,"ii",5,3.56247611276275,4.47574370357124,"ii",5,3.56247611276275,4.47574370357124,
60,73,"I",5,2.94511006988755,4.70953759716414,"V",5,2.99269875209871,4.70953759716414,0.0475886822111615
60,74,"I",5,0.776152032652177,3.13153966160038,"I",6,2.2137277693169,3.97495373460592,
60,75,"IV",7,1.73911373391252,4.20459594286954,"IV",7,3.05283174396512,4.92857445303768,
60,76,"V",8,5.06493400769326,4.09344106146883,"V",7,1.36346460704136,3.63009582713064,
60,77,"I",4,2.46234198115903,4.74811802960503,"I",6,2.72598086501223,4.00916673209201,
60,78,"IV",5,3.55283721834502,4.98984963300113,"IV",6,2.2575280493622,4.67616287651235,
,,,,,,,,,,
61,83,"I",10,0.501401043528083,2.28804783079958,"I",10,0.501401043528083,2.28804783079958,
61,84,"IV",10,0.734235915127923,2.88545376465183,"IV",10,0.734235915127923,2.88545376465183,
61,85,"IV",10,4.46432689741989,1.81630607327902,"IV",10,4.46432689741989,1.81630607327902,
61,86,"ii",7,5.85873490438708,2.67787841166623,"ii",7,5.85873490438708,2.67787841166623,
61,87,"ii",5,3.56247611276275,4.47574370357124,"ii",5,3.56247611276275,4.47574370357124,
61,88,"I",5,2.94511006988755,4.70953759716414,"V",5,2.99269875209871,4.70953759716414,0.0475886822111615
61,89,"I",5,0.776152032652177,3.13153966160038,"I",6,2.2137277693169,3.97495373460592,
61,90,"I",7,3.04739334480618,4.20459594286954,"I",7,2.7237463530875,4.92857445303768,
61,91,"I",6,0.997808014210468,3.54720097186776,"I",7,3.3940132281231,3.61348701035041,
61,92,"I",7,0.986355061774037,3.48459427865094,"I",7,2.49450902078576,4.05751782356923,
61,93,"I",9,2.39161690909335,4.84977096663677,"I",7,2.44499348018709,4.62383449710263,
,,,,,,,,,,
62,167,"I",10,0.501401043528083,2.28804783079958,"I",10,0.501401043528083,2.28804783079958,
62,168,"IV",10,0.734235915127923,2.88545376465183,"IV",10,0.734235915127923,2.88545376465183,
62,169,"IV",10,4.46432689741989,1.81630607327902,"IV",10,4.46432689741989,1.81630607327902,
62,170,"ii",7,5.85873490438708,2.67787841166623,"ii",7,5.85873490438708,2.67787841166623,
62,171,"ii",5,3.56247611276275,4.47574370357124,"ii",5,3.56247611276275,4.47574370357124,
62,172,"V",5,2.99269875209871,4.70953759716414,"I",5,2.94511006988755,4.70953759716414,0.0475886822111615
62,173,"V",6,1.9539075444915,3.97495373460592,"V",5,6.19145158163035,3.13153966160038,
62,174,"V",7,3.47927351792936,3.88034477366189,"V",3,3.4718021427041,5.15947434056043,
62,175,"V",5,2.81816054843297,4.750217664157,"V",4,4.06080105802568,4.9969004279824,
62,176,"V",6,3.1556206540448,4.41483946573233,"V",4,2.81725910107917,4.88099696139584,
62,177,"V",6,2.28345079851403,4.79718490746261,"V",5,3.18228102618104,5.02002923363098,
,,,,,,,,,,
63,52,"V",4,4.0606491637326,4.65332498510066,"V",4,4.0606491637326,4.65332498510066,
63,53,"V",4,1.21159536336254,3.7844882710843,"V",4,1.21159536336254,3.7844882710843,
63,54,"IV",5,5.6399687240691,4.38373163802706,"IV",5,5.6399687240691,4.38373163802706,
63,55,"V",3,3.6094599248703,4.93603079866318,"V",3,3.6094599248703,4.93603079866318,
63,56,"I",4,2.97647139824851,4.93195330445,"I",4,2.97647139824851,4.93195330445,
63,57,"V",5,3.28193218718292,4.93259517272172,"I",5,3.23400520029133,4.93259517272172,0.0479269868915879
63,58,"IV",6,2.71076423198542,4.3573456653342,"IV",6,1.99995041839178,4.43287821245925,
63,59,"IV",7,3.63720157801415,4.06453271968375,"IV",7,3.08572076588984,4.88018469819521,
63,60,"I",7,3.0443820599931,4.38670326943616,"I",8,3.20699836616648,4.48545427292058,
63,61,"vi",7,4.39698624030962,4.41374161684002,"vi",8,5.17729414998044,3.72994366865691,
63,62,"IV",5,2.39780357141112,4.40478669573018,"IV",6,3.36010646272745,4.22443081554511,
,,,,,,,,,,
64,133,"V",4,4.0606491637326,4.65332498510066,"V",4,4.0606491637326,4.65332498510066,
64,134,"V",4,1.21159536336254,3.7844882710843,"V",4,1.21159536336254,3.7844882710843,
64,135,"IV",5,5.6399687240691,4.38373163802706,"IV",5,5.6399687240691,4.38373163802706,
64,136,"V",3,3.6094599248703,4.93603079866318,"V",3,3.6094599248703,4.93603079866318,
64,137,"I",4,2.97647139824851,4.93195330445,"I",4,2.97647139824851,4.93195330445,
64,138,"V",5,3.28193218718292,4.93259517272172,"I",5,3.23400520029133,4.93259517272172,0.0479269868915879
64,139,"IV",6,2.71076423198542,4.3573456653342,"IV",6,1.99995041839178,4.43287821245925,
64,140,"IV",7,3.63720157801415,4.06453271968375,"IV",7,3.08572076588984,4.88018469819521,
64,141,"IV",7,2.04743214319308,4.38670326943616,"IV",8,3.12062045600185,4.48545427292058,
64,142,"I",8,2.48562279570622,4.46256721565355,"I",8,3.00044802273953,3.66782829276445,
64,143,"III",6,6.48995595702276,4.1909858105929,"III",8,7.20386517807613,3.3956260555216,
,,,,,,,,,,
65,19,"I",9,1.0074522812109,3.44888870613758,"I",9,1.0074522812109,3.44888870613758,
65,20,"I",7,0.789218345656652,2.99765374514226,"I",7,0.789218345656652,2.99765374514226,
65,21,"I",6,0.837582457439979,3.28648734331105,"I",6,0.837582457439979,3.28648734331105,
65,22,"IV",10,2.59829515725775,4.56466197083641,"IV",10,2.59829515725775,4.56466197083641,
65,23,"IV",7,3.66412652703721,2.23140113224049,"IV",7,3.66412652703721,2.23140113224049,
65,24,"III",7,5.66317978090562,4.71788742240952,"i",7,5.61376933159448,4.71788742240952,0.049410449311142
65,25,"IV",4,6.64218034716976,2.47644607689863,"IV",4,2.04867929331787,4.67267376894167,
65,26,"V",2,3.98712204930755,5.32941680147139,"V",5,4.70404524321132,4.66308523886792,
65,27,"I",3,2.57932650970877,4.98972366592874,"I",4,4.06876104265005,4.44214679651521,
65,28,"I",4,3.61621431563678,5.27350589955552,"I",4,4.37265063780438,5.12321203039056,
65,29,"-VI",5,5.8984676803225,5.05079369267189,"-VI",4,5.70635646632381,5.19990872346855,
,,,,,,,,,,
66,99,"I",9,1.0074522812109,3.44888870613758,"I",9,1.0074522812109,3.44888870613758,
66,100,"I",7,0.789218345656652,2.99765374514226,"I",7,0.789218345656652,2.99765374514226,
66,101,"I",6,0.837582457439979,3.28648734331105,"I",6,0.837582457439979,3.28648734331105,
66,102,"IV",10,2.59829515725775,4.56466197083641,"IV",10,2.59829515725775,4.56466197083641,
66,103,"IV",7,3.66412652703721,2.23140113224049,"IV",7,3.66412652703721,2.23140113224049,
66,104,"III",7,5.66317978090562,4.71788742240952,"i",7,5.61376933159448,4.71788742240952,0.049410449311142
66,105,"IV",4,6.64218034716976,2.47644607689863,"IV",4,2.04867929331787,4.67267376894167,
66,106,"II",2,5.01899286632395,5.32941680147139,"II",5,6.39089405467092,4.66308523886792,
66,107,"V",3,2.73476281480883,4.84399385971201,"V",2,3.62625053495906,5.17601917665522,
66,108,"I",4,3.43352558890767,4.5011154694619,"I",3,3.15714780114543,4.99041014493326,
66,109,"I",4,3.44688198192547,5.26767973364501,"I",4,3.44688198192547,5.26767973364501,
,,,,,,,,,,
67,340,"II",3,1.20002013255202,3.69147954459955,"II",3,1.20002013255202,3.69147954459955,
67,341,"II",2,1.54607576396261,4.48201370535854,"II",2,1.54607576396261,4.48201370535854,
67,342,"IV",4,5.14974130248252,4.73373517433908,"IV",4,5.14974130248252,4.73373517433908,
67,343,"IV",3,2.96713196667379,4.99918051760269,"IV",3,2.96713196667379,4.99918051760269,
67,344,"I",4,4.27013495322279,4.72368408014577,"I",4,4.27013495322279,4.72368408014577,
67,345,"IV",4,4.53410354335495,4.75579682846027,"vi",4,4.589936979324,4.75579682846027,0.0558334359690491
67,346,"I",4,2.91361410633154,4.79233824768956,"I",4,3.22713275864212,4.7593709045648,
67,347,"V",5,3.2447298147715,4.89374973684629,"V",5,4.26616534360272,3.02610314884106,
67,348,"IV",6,3.79962383615047,4.43643430114544,"IV",5,3.32351374744331,4.4411228351645,
67,349,"V",6,3.63009951553678,4.37680008159724,"V",5,4.410059996177,4.40411589221545,
67,350,"I",6,1.34238821372059,3.71290239114814,"I",4,2.79391515170699,4.76763508215879,
,,,,,,,,,,
68,224,"ii",8,2.26957348530578,4.08394815750662,"ii",8,2.26957348530578,4.08394815750662,
68,225,"ii",8,2.26957348530578,4.08394815750662,"ii",8,2.26957348530578,4.08394815750662,
68,226,"ii",8,2.26957348530578,4.08394815750662,"ii",8,2.26957348530578,4.08394815750662,
68,227,"II",8,6.60311052244601,4.08394815750662,"II",8,6.60311052244601,4.08394815750662,
68,228,"II",3,3.37875225644138,4.81152696629947,"II",3,3.37875225644138,4.81152696629947,
68,229,"ii",4,5.63233828173092,4.74565544095587,"-VII",4,5.57528763189188,4.74565544095587,0.0570506498390388
68,230,"ii",3,5.39378441801013,4.85556898289913,"ii",3,6.346378924158,4.67934231408839,
68,231,"V",2,4.08732162674653,5.31895851248398,"V",2,4.1638415821703,5.37137227237036,
68,232,"V",3,2.77476275071183,4.65421191732175,"V",3,4.50520556494036,4.7096567742647,
68,233,"IV",4,3.95538217938128,4.65633819810754,"IV",3,4.4487991394919,4.99823064288698,
68,234,"I",5,4.22648353115557,3.70821891258817,"I",4,3.68619411955481,4.63288434363152,
,,,,,,,,,,
69,74,"I",5,0.776152032652177,3.13153966160038,"I",5,0.776152032652177,3.13153966160038,
69,75,"IV",7,1.73911373391252,4.20459594286954,"IV",7,1.73911373391252,4.20459594286954,
69,76,"V",8,5.06493400769326,4.09344106146883,"V",8,5.06493400769326,4.09344106146883,
69,77,"I",4,2.46234198115903,4.74811802960503,"I",4,2.46234198115903,4.74811802960503,
69,78,"IV",5,3.55283721834502,4.98984963300113,"IV",5,3.55283721834502,4.98984963300113,
69,79,"V",6,2.18017699329743,4.04852505853628,"I",6,2.23912936159187,4.04852505853628,0.0589523682944457
69,80,"I",7,1.96203114957564,4.35904051111849,"I",7,2.65366863593229,4.61355111385478,
69,81,"IV",8,2.32834744158876,4.65457434405183,"IV",8,2.43682362064656,4.60082954078965,
69,82,"V",9,1.02272861889726,3.21320055384632,"V",9,2.44377972902998,4.18681638847815,
69,83,"I",10,0.501401043528083,2.28804783079958,"I",8,0.719374227714865,2.72031738954691,
69,84,"IV",10,0.734235915127923,2.88545376465183,"IV",10,1.3272176514063,3.79744992839076,
,,,,,,,,,,
70,47,"IV",10,2.19774724513272,4.34132735999301,"IV",10,2.19774724513272,4.34132735999301,
70,48,"I",10,0.709153771314056,2.66128164511061,"I",10,0.709153771314056,2.66128164511061,
70,49,"IV",10,3.9686818329102,2.85835807434492,"IV",10,3.9686818329102,2.85835807434492,
70,50,"-III",7,7.68197225081453,2.27536151965228,"-III",7,7.68197225081453,2.27536151965228,
70,51,"-III",3,4.09986065277928,5.05280985801129,"-III",3,4.09986065277928,5.05280985801129,
70,52,"V",4,4.0606491637326,4.65332498510066,"IV",4,4.00162641937357,4.65332498510066,0.0590227443590345
70,53,"V",4,1.21159536336254,3.7844882710843,"V",4,4.0028512510094,4.34824885239225,
70,54,"IV",5,5.6399687240691,4.38373163802706,"IV",4,4.70989224324376,4.70224608327715,
70,55,"V",3,3.6094599248703,4.93603079866318,"V",4,1.93340581864567,4.54377180451604,
70,56,"I",4,2.97647139824851,4.93195330445,"I",5,3.39710250842883,4.65405219000254,
70,57,"V",5,3.28193218718292,4.93259517272172,"V",5,3.54895681164193,5.08615187050211,
,,,,,,,,,,
71,128,"IV",10,2.19774724513272,4.34132735999301,"IV",10,2.19774724513272,4.34132735999301,
71,129,"I",10,0.709153771314056,2.66128164511061,"I",10,0.709153771314056,2.66128164511061,
71,130,"IV",10,3.9686818329102,2.85835807434492,"IV",10,3.9686818329102,2.85835807434492,
71,131,"-III",7,7.68197225081453,2.27536151965228,"-III",7,7.68197225081453,2.27536151965228,
71,132,"-III",3,4.09986065277928,5.05280985801129,"-III",3,4.09986065277928,5.05280985801129,
71,133,"V",4,4.0606491637326,4.65332498510066,"IV",4,4.00162641937357,4.65332498510066,0.0590227443590345
71,134,"V",4,1.21159536336254,3.7844882710843,"V",4,4.0028512510094,4.34824885239225,
71,135,"IV",5,5.6399687240691,4.38373163802706,"IV",4,4.70989224324376,4.70224608327715,
71,136,"V",3,3.6094599248703,4.93603079866318,"V",4,1.93340581864567,4.54377180451604,
71,137,"I",4,2.97647139824851,4.93195330445,"I",5,3.39710250842883,4.65405219000254,
71,138,"V",5,3.28193218718292,4.93259517272172,"V",5,3.54895681164193,5.08615187050211,
,,,,,,,,,,
72,237,"V",6,4.13429821273959,3.94123261321869,"V",6,4.13429821273959,3.94123261321869,
72,238,"IV",5,4.56421601219743,4.62045794988575,"IV",5,4.56421601219743,4.62045794988575,
72,239,"IV",5,3.10155719425306,4.32542483141898,"IV",5,3.10155719425306,4.32542483141898,
72,240,"I",5,2.80607232656949,4.67822732408606,"I",5,2.80607232656949,4.67822732408606,
72,241,"I",6,2.13049036583327,4.40045400312986,"I",6,2.13049036583327,4.40045400312986,
72,242,"-VII",7,5.10250418052048,4.48072984874515,"ii",7,5.16152744817898,4.48072984874515,0.0590232676585014
72,243,"IV",6,1.30071918434532,3.51737675561142,"IV",6,4.55144972163376,4.25800544375322,
72,244,"V",7,4.51318088568467,4.36623886340579,"V",5,2.44299893730298,4.21997007336066,
72,245,"V",5,0.554717675883686,2.39444508923178,"V",5,3.17611659693139,4.50907506500638,
72,246,"IV",7,3.20821328776037,4.77690562776587,"IV",5,2.45727234720593,4.12544168641445,
72,247,"IV",5,0.776017468880186,2.91982757783587,"IV",5,3.82090629199661,2.41032753396615,
,,,,,,,,,,
73,260,"V",6,3.47564974135312,4.05832932187092,"V",6,3.47564974135312,4.05832932187092,
73,261,"IV",6,2.58572165893581,4.64761811828659,"IV",6,2.58572165893581,4.64761811828659,
73,262,"IV",6,4.53775053694629,1.37850895284601,"IV",6,4.53775053694629,1.37850895284601,
73,263,"I",6,1.74331015428856,4.13362922977146,"I",6,1.74331015428856,4.13362922977146,
73,264,"I",7,2.34728978686481,4.26713203603721,"I",7,2.34728978686481,4.26713203603721,
73,265,"-VII",8,5.20668081331921,4.39654913061764,"ii",8,5.26570408097771,4.39654913061764,0.0590232676585014
73,266,"IV",6,1.30071918434532,3.51737675561142,"IV",6,4.55144972163376,4.25800544375322,
73,267,"I",7,2.6726865495192,4.36623886340579,"I",5,2.23836912356852,4.21997007336066,
73,268,"I",7,1.37504554289814,3.95548353001604,"I",6,2.01593448659914,4.11652317515824,
73,269,"IV",8,3.17651085734512,4.65722466386905,"IV",7,4.73089874250411,4.86250568068496,
73,270,"IV",7,1.09009075648957,3.62049945323569,"IV",5,3.95958614612631,4.91846706031325,
,,,,,,,,,,
74,314,"V",10,0.977823217305453,3.28872495949599,"V",10,0.977823217305453,3.28872495949599,
74,315,"IV",10,4.72038288361986,3.28872495949599,"IV",10,4.72038288361986,3.28872495949599,
74,316,"IV",10,1.84876000758107,3.9773042473648,"IV",10,1.84876000758107,3.9773042473648,
74,317,"I",10,2.22116030162798,4.27289910839769,"I",10,2.22116030162798,4.27289910839769,
74,318,"I",8,2.37591223936379,4.07274800023195,"I",8,2.37591223936379,4.07274800023195,
74,319,"-VII",7,5.30383884631708,4.11939279684174,"ii",7,5.36286211397558,4.11939279684174,0.0590232676585014
74,320,"IV",6,1.30071918434532,3.51737675561142,"IV",6,4.55144972163376,4.25800544375322,
74,321,"I",7,2.6726865495192,4.36623886340579,"I",5,2.23836912356852,4.21997007336066,
74,322,"I",7,1.37504554289814,3.95548353001604,"I",6,2.01593448659914,4.11652317515824,
74,323,"IV",8,3.17651085734512,4.65722466386905,"IV",7,4.73089874250411,4.86250568068496,
74,324,"IV",7,1.09009075648957,3.62049945323569,"IV",5,3.95958614612631,4.91846706031325,
,,,,,,,,,,
75,333,"V",8,4.565800606386,4.3285344023863,"V",8,4.565800606386,4.3285344023863,
75,334,"IV",6,4.11640549604435,4.43067587174481,"IV",6,4.11640549604435,4.43067587174481,
75,335,"I",5,0.703021845887519,2.8142181547626,"I",5,0.703021845887519,2.8142181547626,
75,336,"I",7,3.37039361911598,4.95323374437564,"I",7,3.37039361911598,4.95323374437564,
75,337,"I",6,3.51384350020231,4.74125794426299,"I",6,3.51384350020231,4.74125794426299,
75,338,"#I",6,7.5993583424782,4.33775018415219,"-iii",6,7.66408718811683,4.33775018415219,0.0647288456386343
75,339,"#I",2,1.4921064007006,4.27295207626031,"#I",1,6.53891255437945,5.4640589943898,
75,340,"II",3,1.20002013255202,3.69147954459955,"II",1,3.506623751032,5.15207883668236,
75,341,"II",2,1.54607576396261,4.48201370535854,"II",2,1.54607576396261,4.48201370535854,
75,342,"IV",4,5.14974130248252,4.73373517433908,"IV",3,4.877129423764,5.16476295044804,
75,343,"IV",3,2.96713196667379,4.99918051760269,"IV",3,2.96713196667379,4.99918051760269,
,,,,,,,,,,
76,141,"IV",7,2.04743214319308,4.38670326943616,"IV",7,2.04743214319308,4.38670326943616,
76,142,"I",8,2.48562279570622,4.46256721565355,"I",8,2.48562279570622,4.46256721565355,
76,143,"III",6,6.48995595702276,4.1909858105929,"III",6,6.48995595702276,4.1909858105929,
76,144,"IV",4,2.67738521864915,3.98465357105744,"IV",4,2.67738521864915,3.98465357105744,
76,145,"IV",4,2.85685815006679,4.60994141089416,"IV",4,2.85685815006679,4.60994141089416,
76,146,"ii",5,5.83006257051648,4.32251208964348,"#IV",5,5.89534153309286,4.32251208964348,0.0652789625763797
76,147,"I",3,3.49803184034194,4.89485804969002,"I",3,6.36861578956293,3.29146841503971,
76,148,"vi",4,5.14040889884843,4.57737674840173,"vi",2,5.65665921188152,5.20178922080403,
76,149,"V",4,5.12656400545052,4.58359944629282,"V",2,4.56393256027488,5.32864601843786,
76,150,"iii",3,5.2899521031117,4.84141533264737,"iii",3,5.2899521031117,4.84141533264737,
76,151,"III",3,5.32789414293031,4.80561202378169,"III",3,5.32789414293031,4.80561202378169,
,,,,,,,,,,
77,278,"IV",7,1.09009075648957,3.62049945323569,"IV",7,1.09009075648957,3.62049945323569,
77,279,"V",8,4.565800606386,4.3285344023863,"V",8,4.565800606386,4.3285344023863,
77,280,"V",6,2.43832907265129,4.43067587174481,"V",6,2.43832907265129,4.43067587174481,
77,281,"-VII",7,4.99325166336969,4.48465400829601,"-VII",7,4.99325166336969,4.48465400829601,
77,282,"I",5,4.34852978512803,4.11637385741183,"I",5,4.34852978512803,4.11637385741183,
77,283,"-VII",4,4.51882052017778,4.87184195780442,"IV",4,4.45339283659231,4.87184195780442,0.0654276835854732
77,284,"IV",4,3.43307882705827,4.0509693011191,"IV",4,2.06743177404891,4.74915169678554,
77,285,"v",4,5.48411687018716,4.7436889437219,"v",5,5.98717412824281,4.75132865538586,
77,286,"IV",3,5.25470963441503,2.60288954800421,"IV",4,3.83010065146537,4.42545571044993,
77,287,"I",3,3.7545550350088,5.18445180897525,"I",4,4.03609704504143,4.73178669741362,
77,288,"-VII",4,4.87267107488025,4.8774148555621,"-VII",4,4.87267107488025,4.8774148555621,
,,,,,,,,,,
78,224,"ii",8,2.26957348530578,4.08394815750662,"ii",8,2.26957348530578,4.08394815750662,
78,225,"ii",8,2.26957348530578,4.08394815750662,"ii",8,2.26957348530578,4.08394815750662,
78,226,"ii",8,2.26957348530578,4.08394815750662,"ii",8,2.26957348530578,4.08394815750662,
78,227,"II",8,6.60311052244601,4.08394815750662,"II",8,6.60311052244601,4.08394815750662,
78,228,"II",3,3.37875225644138,4.81152696629947,"II",3,3.37875225644138,4.81152696629947,
78,229,"ii",4,5.63233828173092,4.74565544095587,"iii",4,5.69841900777199,4.74565544095587,0.0660807260410738
78,230,"ii",3,5.39378441801013,4.85556898289913,"ii",3,6.25003083163545,3.56931691578784,
78,231,"V",2,4.08732162674653,5.31895851248398,"V",2,3.77702447721398,5.19985725519865,
78,232,"V",3,2.77476275071183,4.65421191732175,"V",3,3.86651128295221,5.13480148434745,
78,233,"IV",4,3.95538217938128,4.65633819810754,"IV",4,5.07383323032148,3.91120650223734,
78,234,"I",5,4.22648353115557,3.70821891258817,"I",4,3.68619411955481,4.63288434363152,
,,,,,,,,,,
79,276,"I",7,0.946624787994756,3.3431437368718,"I",7,0.946624787994756,3.3431437368718,
79,277,"IV",9,1.23045601323588,3.66524471144978,"IV",9,1.23045601323588,3.66524471144978,
79,278,"IV",7,1.09009075648957,3.62049945323569,"IV",7,1.09009075648957,3.62049945323569,
79,279,"V",8,4.565800606386,4.3285344023863,"V",8,4.565800606386,4.3285344023863,
79,280,"V",6,2.43832907265129,4.43067587174481,"V",6,2.43832907265129,4.43067587174481,
79,281,"-VII",7,4.99325166336969,4.48465400829601,"VI",7,4.92472499674511,4.48465400829601,0.0685266666245887
79,282,"I",5,4.34852978512803,4.11637385741183,"I",4,0.759374498618341,2.79420373750814,
79,283,"-VII",4,4.51882052017778,4.87184195780442,"-VII",4,6.71434143926817,3.74189899196613,
79,284,"IV",4,3.43307882705827,4.0509693011191,"IV",2,3.6315389594529,5.1121697567597,
79,285,"v",4,5.48411687018716,4.7436889437219,"v",3,5.14916584267183,5.14673927000586,
79,286,"IV",3,5.25470963441503,2.60288954800421,"IV",3,5.25470963441503,2.60288954800421,
,,,,,,,,,,
80,280,"V",6,2.43832907265129,4.43067587174481,"V",6,2.43832907265129,4.43067587174481,
80,281,"-VII",7,4.99325166336969,4.48465400829601,"-VII",7,4.99325166336969,4.48465400829601,
80,282,"I",5,4.34852978512803,4.11637385741183,"I",5,4.34852978512803,4.11637385741183,
80,283,"-VII",4,4.51882052017778,4.87184195780442,"-VII",4,4.51882052017778,4.87184195780442,
80,284,"IV",4,3.43307882705827,4.0509693011191,"IV",4,3.43307882705827,4.0509693011191,
80,285,"v",4,5.48411687018716,4.7436889437219,"vi",4,5.41525068041653,4.7436889437219,0.0688661897706373
80,286,"IV",3,5.25470963441503,2.60288954800421,"IV",4,4.87466492039062,4.31523246319677,
80,287,"I",3,3.7545550350088,5.18445180897525,"I",3,3.33612238529681,5.11316668994429,
80,288,"-VII",4,4.87267107488025,4.8774148555621,"-VII",4,5.24299294802391,4.82960643519935,
80,289,"I",4,3.41332837199908,4.24385896249478,"I",4,3.45929500563508,4.27674111959247,
80,290,"I",4,3.43778825394581,4.95732552157451,"I",4,3.43778825394581,4.95732552157451,
,,,,,,,,,,
81,29,"-VI",5,5.8984676803225,5.05079369267189,"-VI",5,5.8984676803225,5.05079369267189,
81,30,"-III",4,5.52378692613383,4.18773615198458,"-III",4,5.52378692613383,4.18773615198458,
81,31,"-VII",3,2.74608617342374,4.95054595427928,"-VII",3,2.74608617342374,4.95054595427928,
81,32,"I",4,1.37450713206427,3.99252569649154,"I",4,1.37450713206427,3.99252569649154,
81,33,"I",5,2.91854305742855,4.79814311476625,"I",5,2.91854305742855,4.79814311476625,
81,34,"-VI",5,5.83901917443211,4.34143035641155,"iii",5,5.76879153997363,4.34143035641155,0.0702276344584849
81,35,"-III",4,5.29324816840605,4.73996211815994,"-III",4,6.71690531455551,4.76203895398583,
81,36,"-VII",3,2.74608617342374,4.95054595427928,"-VII",2,3.24629866403085,5.20535150496595,
81,37,"I",4,1.37450713206427,3.99252569649154,"I",3,1.81025832135594,4.54979334026256,
81,38,"I",5,2.91854305742855,4.79814311476625,"I",4,3.75616390585369,4.51512880952349,
81,39,"IV",5,3.66075645270456,4.34143035641155,"IV",4,3.4605820774484,4.72897874984149,
,,,,,,,,,,
82,110,"-VI",5,5.98054372970574,4.88132628162095,"-VI",5,5.98054372970574,4.88132628162095,
82,111,"-III",4,5.52378692613383,4.18773615198458,"-III",4,5.52378692613383,4.18773615198458,
82,112,"-VII",3,2.74608617342374,4.95054595427928,"-VII",3,2.74608617342374,4.95054595427928,
82,113,"I",4,1.37450713206427,3.99252569649154,"I",4,1.37450713206427,3.99252569649154,
82,114,"I",5,2.91854305742855,4.79814311476625,"I",5,2.91854305742855,4.79814311476625,
82,115,"-VI",5,5.83901917443211,4.34143035641155,"iii",5,5.76879153997363,4.34143035641155,0.0702276344584849
82,116,"-III",4,5.29324816840605,4.73996211815994,"-III",4,6.71690531455551,4.76203895398583,
82,117,"-VII",3,2.74608617342374,4.95054595427928,"-VII",2,3.24629866403085,5.20535150496595,
82,118,"I",4,1.37450713206427,3.99252569649154,"I",3,1.81025832135594,4.54979334026256,
82,119,"I",5,2.91854305742855,4.79814311476625,"I",4,3.75616390585369,4.51512880952349,
82,120,"IV",5,3.66075645270456,4.34143035641155,"IV",4,3.4605820774484,4.72897874984149,
,,,,,,,,,,
83,91,"I",6,0.997808014210468,3.54720097186776,"I",6,0.997808014210468,3.54720097186776,
83,92,"I",7,0.986355061774037,3.48459427865094,"I",7,0.986355061774037,3.48459427865094,
83,93,"I",9,2.39161690909335,4.84977096663677,"I",9,2.39161690909335,4.84977096663677,
83,94,"IV",10,3.17142534257365,4.79928075492267,"IV",10,3.17142534257365,4.79928075492267,
83,95,"IV",8,2.20707444226102,4.6327688270774,"IV",8,2.20707444226102,4.6327688270774,
83,96,"-VII",9,4.56229325067707,4.46496811669692,"-III",9,4.48813591061647,4.46496811669692,0.074157340060597
83,97,"IV",9,2.04729008922988,3.98467118772722,"IV",6,5.14871527138271,3.46219882096519,
83,98,"I",10,2.09412365731388,4.45913542862287,"I",4,4.27228789945478,4.04448402592069,
83,99,"I",9,1.0074522812109,3.44888870613758,"I",4,2.16058963195295,4.88184172395149,
83,100,"I",7,0.789218345656652,2.99765374514226,"I",5,2.56824681179601,4.71179806214573,
83,101,"I",6,0.837582457439979,3.28648734331105,"I",6,2.957407608808,4.51570708830821,
,,,,,,,,,,
84,137,"I",4,2.97647139824851,4.93195330445,"I",4,2.97647139824851,4.93195330445,
84,138,"V",5,3.28193218718292,4.93259517272172,"V",5,3.28193218718292,4.93259517272172,
84,139,"IV",6,2.71076423198542,4.3573456653342,"IV",6,2.71076423198542,4.3573456653342,
84,140,"IV",7,3.63720157801415,4.06453271968375,"IV",7,3.63720157801415,4.06453271968375,
84,141,"IV",7,2.04743214319308,4.38670326943616,"IV",7,2.04743214319308,4.38670326943616,
84,142,"I",8,2.48562279570622,4.46256721565355,"ii",8,2.56119757661588,4.46256721565355,0.0755747809096605
84,143,"III",6,6.48995595702276,4.1909858105929,"III",6,5.09637911745515,3.24201179303757,
84,144,"IV",4,2.67738521864915,3.98465357105744,"IV",5,3.2132304422338,4.43721992221315,
84,145,"IV",4,2.85685815006679,4.60994141089416,"IV",3,5.40138105804525,2.6513980000155,
84,146,"ii",5,5.83006257051648,4.32251208964348,"ii",3,5.19494505758617,5.2529056446624,
84,147,"I",3,3.49803184034194,4.89485804969002,"I",3,3.49803184034194,4.89485804969002,
,,,,,,,,,,
85,92,"I",7,0.986355061774037,3.48459427865094,"I",7,0.986355061774037,3.48459427865094,
85,93,"I",9,2.39161690909335,4.84977096663677,"I",9,2.39161690909335,4.84977096663677,
85,94,"IV",10,3.17142534257365,4.79928075492267,"IV",10,3.17142534257365,4.79928075492267,
85,95,"IV",8,2.20707444226102,4.6327688270774,"IV",8,2.20707444226102,4.6327688270774,
85,96,"-VII",9,4.56229325067707,4.46496811669692,"-VII",9,4.56229325067707,4.46496811669692,
85,97,"IV",9,2.04729008922988,3.98467118772722,"-VII",9,1.96970719020303,3.98467118772722,0.0775828990268539
85,98,"I",10,2.09412365731388,4.45913542862287,"I",7,2.07836380370437,4.64069515333802,
85,99,"I",9,1.0074522812109,3.44888870613758,"I",5,1.46404740062093,4.2122888595944,
85,100,"I",7,0.789218345656652,2.99765374514226,"I",7,3.84338132754748,4.71944141978049,
85,101,"I",6,0.837582457439979,3.28648734331105,"I",5,2.32983436892108,4.79337545176311,
85,102,"IV",10,2.59829515725775,4.56466197083641,"IV",6,3.62739011144628,4.7979363262309,
,,,,,,,,,,
86,58,"IV",6,2.71076423198542,4.3573456653342,"IV",6,2.71076423198542,4.3573456653342,
86,59,"IV",7,3.63720157801415,4.06453271968375,"IV",7,3.63720157801415,4.06453271968375,
86,60,"I",7,3.0443820599931,4.38670326943616,"I",7,3.0443820599931,4.38670326943616,
86,61,"vi",7,4.39698624030962,4.41374161684002,"vi",7,4.39698624030962,4.41374161684002,
86,62,"IV",5,2.39780357141112,4.40478669573018,"IV",5,2.39780357141112,4.40478669573018,
86,63,"ii",6,5.07233250997504,4.21132929493014,"iii",6,4.99406499707779,4.21132929493014,0.0782675128972432
86,64,"I",4,3.95397921926545,4.22281703013626,"I",4,2.20612382682899,4.48690304531165,
86,65,"I",4,2.76963516833071,4.88724445599331,"I",5,5.05807610406445,3.13224913097274,
86,66,"IV",5,2.672613412229,4.68869589735046,"IV",4,3.00297964591806,5.11362918733808,
86,67,"V",6,5.02103927750773,4.15397870942724,"V",5,1.93922529992948,4.67551868065386,
86,68,"I",4,2.46234198115903,4.74811802960503,"I",5,1.23840375065114,3.84437810284056,
,,,,,,,,,,
87,102,"IV",10,2.59829515725775,4.56466197083641,"IV",10,2.59829515725775,4.56466197083641,
87,103,"IV",7,3.66412652703721,2.23140113224049,"IV",7,3.66412652703721,2.23140113224049,
87,104,"III",7,5.66317978090562,4.71788742240952,"III",7,5.66317978090562,4.71788742240952,
87,105,"IV",4,6.64218034716976,2.47644607689863,"IV",4,6.64218034716976,2.47644607689863,
87,106,"II",2,5.01899286632395,5.32941680147139,"II",2,5.01899286632395,5.32941680147139,
87,107,"V",3,2.73476281480883,4.84399385971201,"I",3,2.81393443920374,4.84399385971201,0.0791716243949105
87,108,"I",4,3.43352558890767,4.5011154694619,"I",4,3.90182539338993,5.00755475736757,
87,109,"I",4,3.44688198192547,5.26767973364501,"I",4,3.89379066120451,4.97651455030853,
87,110,"-VI",5,5.98054372970574,4.88132628162095,"-VI",4,5.62385376270625,5.04134917852378,
87,111,"-III",4,5.52378692613383,4.18773615198458,"-III",4,4.91993810226733,5.16320749354447,
87,112,"-VII",3,2.74608617342374,4.95054595427928,"-VII",3,2.74608617342374,4.95054595427928,
,,,,,,,,,,
88,141,"IV",7,2.04743214319308,4.38670326943616,"IV",7,2.04743214319308,4.38670326943616,
88,142,"I",8,2.48562279570622,4.46256721565355,"I",8,2.48562279570622,4.46256721565355,
88,143,"III",6,6.48995595702276,4.1909858105929,"III",6,6.48995595702276,4.1909858105929,
88,144,"IV",4,2.67738521864915,3.98465357105744,"IV",4,2.67738521864915,3.98465357105744,
88,145,"IV",4,2.85685815006679,4.60994141089416,"IV",4,2.85685815006679,4.60994141089416,
88,146,"ii",5,5.83006257051648,4.32251208964348,"vi",5,5.75072107382157,4.32251208964348,0.0793414966949069
88,147,"I",3,3.49803184034194,4.89485804969002,"I",3,5.35530052075866,4.408012025705,
88,148,"vi",4,5.14040889884843,4.57737674840173,"vi",3,4.79389890290742,4.62743624306318,
88,149,"V",4,5.12656400545052,4.58359944629282,"V",3,4.38268845309835,5.10839879218876,
88,150,"iii",3,5.2899521031117,4.84141533264737,"iii",4,5.47658984798788,4.62024192631908,
88,151,"III",3,5.32789414293031,4.80561202378169,"III",3,5.32789414293031,4.80561202378169,
,,,,,,,,,,
89,141,"IV",7,2.04743214319308,4.38670326943616,"IV",7,2.04743214319308,4.38670326943616,
89,142,"I",8,2.48562279570622,4.46256721565355,"I",8,2.48562279570622,4.46256721565355,
89,143,"III",6,6.48995595702276,4.1909858105929,"III",6,6.48995595702276,4.1909858105929,
89,144,"IV",4,2.67738521864915,3.98465357105744,"IV",4,2.67738521864915,3.98465357105744,
89,145,"IV",4,2.85685815006679,4.60994141089416,"IV",4,2.85685815006679,4.60994141089416,
89,146,"ii",5,5.83006257051648,4.32251208964348,"iv",5,5.75072107382157,4.32251208964348,0.0793414966949069
89,147,"I",3,3.49803184034194,4.89485804969002,"I",3,3.75364081954142,5.27266019432406,
89,148,"vi",4,5.14040889884843,4.57737674840173,"vi",4,5.39319585639079,5.11132489186105,
89,149,"V",4,5.12656400545052,4.58359944629282,"V",4,5.1673124940777,4.4479132146728,
89,150,"iii",3,5.2899521031117,4.84141533264737,"iii",3,5.2899521031117,4.84141533264737,
89,151,"III",3,5.32789414293031,4.80561202378169,"III",3,5.32789414293031,4.80561202378169,
,,,,,,,,,,
90,268,"I",7,1.37504554289814,3.95548353001604,"I",7,1.37504554289814,3.95548353001604,
90,269,"IV",8,3.17651085734512,4.65722466386905,"IV",8,3.17651085734512,4.65722466386905,
90,270,"IV",7,1.09009075648957,3.62049945323569,"IV",7,1.09009075648957,3.62049945323569,
90,271,"I",8,1.60167421864336,4.3285344023863,"I",8,1.60167421864336,4.3285344023863,
90,272,"I",7,1.31397588035592,3.9781722644883,"I",7,1.31397588035592,3.9781722644883,
90,273,"-VII",8,5.50959264045633,4.25616935745796,"-III",8,5.42964035945035,4.25616935745796,0.0799522810059772
90,274,"IV",6,1.05831228859918,3.2240072721464,"IV",8,3.63549607715131,4.29762168347405,
90,275,"I",7,1.02342672347832,3.476159873979,"I",6,2.86525524002241,3.89802696557795,
90,276,"I",7,0.946624787994756,3.3431437368718,"I",6,2.79528997721962,4.71820303515273,
90,277,"IV",9,1.23045601323588,3.66524471144978,"IV",7,5.0256135233884,4.80256375725404,
90,278,"IV",7,1.09009075648957,3.62049945323569,"IV",4,3.74119438849311,5.19273381790048,
,,,,,,,,,,
91,322,"I",7,1.37504554289814,3.95548353001604,"I",7,1.37504554289814,3.95548353001604,
91,323,"IV",8,3.17651085734512,4.65722466386905,"IV",8,3.17651085734512,4.65722466386905,
91,324,"IV",7,1.09009075648957,3.62049945323569,"IV",7,1.09009075648957,3.62049945323569,
91,325,"I",8,1.60167421864336,4.3285344023863,"I",8,1.60167421864336,4.3285344023863,
91,326,"I",7,1.31397588035592,3.9781722644883,"I",7,1.31397588035592,3.9781722644883,
91,327,"-VII",8,5.50959264045633,4.25616935745796,"-III",8,5.42964035945035,4.25616935745796,0.0799522810059772
91,328,"IV",6,1.05831228859918,3.2240072721464,"IV",8,3.63549607715131,4.29762168347405,
91,329,"I",7,1.02342672347832,3.476159873979,"I",6,2.86525524002241,3.89802696557795,
91,330,"I",7,0.946624787994756,3.3431437368718,"I",6,2.79528997721962,4.71820303515273,
91,331,"IV",9,1.23045601323588,3.66524471144978,"IV",7,5.0256135233884,4.80256375725404,
91,332,"IV",7,1.09009075648957,3.62049945323569,"IV",4,3.74119438849311,5.19273381790048,
,,,,,,,,,,
92,105,"IV",4,6.64218034716976,2.47644607689863,"IV",4,6.64218034716976,2.47644607689863,
92,106,"II",2,5.01899286632395,5.32941680147139,"II",2,5.01899286632395,5.32941680147139,
92,107,"V",3,2.73476281480883,4.84399385971201,"V",3,2.73476281480883,4.84399385971201,
92,108,"I",4,3.43352558890767,4.5011154694619,"I",4,3.43352558890767,4.5011154694619,
92,109,"I",4,3.44688198192547,5.26767973364501,"I",4,3.44688198192547,5.26767973364501,
92,110,"-VI",5,5.98054372970574,4.88132628162095,"-III",5,5.9003769499767,4.88132628162095,0.0801667797290415
92,111,"-III",4,5.52378692613383,4.18773615198458,"-III",4,3.23926174624624,5.05003662745688,
92,112,"-VII",3,2.74608617342374,4.95054595427928,"-VII",5,5.25169958127037,4.39782180815023,
92,113,"I",4,1.37450713206427,3.99252569649154,"I",3,4.40698344342112,4.56848972408533,
92,114,"I",5,2.91854305742855,4.79814311476625,"I",3,3.38143168577719,5.04884798582446,
92,115,"-VI",5,5.83901917443211,4.34143035641155,"-VI",4,5.63884479917595,4.72897874984149,
,,,,,,,,,,
93,361,"I",6,1.86629192984968,4.12789078755316,"I",6,1.86629192984968,4.12789078755316,
93,362,"I",7,3.25632065304424,4.91066929014354,"I",7,3.25632065304424,4.91066929014354,
93,363,"V",8,3.98969153975918,4.54242113614943,"V",8,3.98969153975918,4.54242113614943,
93,364,"vi",7,4.27197571559756,4.49292970649838,"vi",7,4.27197571559756,4.49292970649838,
93,365,"V",6,3.35369062248934,4.35993096792204,"V",6,3.35369062248934,4.35993096792204,
93,366,"V",6,3.63764947669532,3.94319783548529,"i",6,3.55673707854678,3.94319783548529,0.0809123981485405
93,367,"IV",5,4.8617038162968,3.7781350611071,"IV",3,6.19390849803903,2.64071649651973,
93,368,"IV",4,2.7514719327077,4.68312101117215,"IV",3,3.76894840898766,4.85413760705853,
93,369,"I",5,2.89054283273389,4.74613546019275,"I",4,4.4974447987943,4.61248895719226,
93,370,"V",6,3.8013642856411,4.28648205754246,"V",4,4.50742433904928,4.74289697249671,
93,371,"I",6,3.53376796721643,4.60568593953912,"I",4,3.38878955130922,4.91227527639342,
,,,,,,,,,,
94,262,"IV",6,4.53775053694629,1.37850895284601,"IV",6,4.53775053694629,1.37850895284601,
94,263,"I",6,1.74331015428856,4.13362922977146,"I",6,1.74331015428856,4.13362922977146,
94,264,"I",7,2.34728978686481,4.26713203603721,"I",7,2.34728978686481,4.26713203603721,
94,265,"-VII",8,5.20668081331921,4.39654913061764,"-VII",8,5.20668081331921,4.39654913061764,
94,266,"IV",6,1.30071918434532,3.51737675561142,"IV",6,1.30071918434532,3.51737675561142,
94,267,"I",7,2.6726865495192,4.36623886340579,"-VII",7,2.75400050486638,4.36623886340579,0.0813139553471789
94,268,"I",7,1.37504554289814,3.95548353001604,"I",6,3.33538517348597,3.68888094932853,
94,269,"IV",8,3.17651085734512,4.65722466386905,"IV",4,4.1740570165495,4.60390791022132,
94,270,"IV",7,1.09009075648957,3.62049945323569,"IV",4,4.47720152196654,4.61290956244056,
94,271,"I",8,1.60167421864336,4.3285344023863,"I",4,3.25838431641752,5.0942472688374,
94,272,"I",7,1.31397588035592,3.9781722644883,"I",5,2.08842065152933,4.67570334391855,
,,,,,,,,,,
95,316,"IV",10,1.84876000758107,3.9773042473648,"IV",10,1.84876000758107,3.9773042473648,
95,317,"I",10,2.22116030162798,4.27289910839769,"I",10,2.22116030162798,4.27289910839769,
95,318,"I",8,2.37591223936379,4.07274800023195,"I",8,2.37591223936379,4.07274800023195,
95,319,"-VII",7,5.30383884631708,4.11939279684174,"-VII",7,5.30383884631708,4.11939279684174,
95,320,"IV",6,1.30071918434532,3.51737675561142,"IV",6,1.30071918434532,3.51737675561142,
95,321,"I",7,2.6726865495192,4.36623886340579,"-VII",7,2.75400050486638,4.36623886340579,0.0813139553471789
95,322,"I",7,1.37504554289814,3.95548353001604,"I",6,3.33538517348597,3.68888094932853,
95,323,"IV",8,3.17651085734512,4.65722466386905,"IV",4,4.1740570165495,4.60390791022132,
95,324,"IV",7,1.09009075648957,3.62049945323569,"IV",4,4.47720152196654,4.61290956244056,
95,325,"I",8,1.60167421864336,4.3285344023863,"I",4,3.25838431641752,5.0942472688374,
95,326,"I",7,1.31397588035592,3.9781722644883,"I",5,2.08842065152933,4.67570334391855,
,,,,,,,,,,
96,343,"IV",3,2.96713196667379,4.99918051760269,"IV",3,2.96713196667379,4.99918051760269,
96,344,"I",4,4.27013495322279,4.72368408014577,"I",4,4.27013495322279,4.72368408014577,
96,345,"IV",4,4.53410354335495,4.75579682846027,"IV",4,4.53410354335495,4.75579682846027,
96,346,"I",4,2.91361410633154,4.79233824768956,"I",4,2.91361410633154,4.79233824768956,
96,347,"V",5,3.2447298147715,4.89374973684629,"V",5,3.2447298147715,4.89374973684629,
96,348,"IV",6,3.79962383615047,4.43643430114544,"vi",6,3.7157772895919,4.43643430114544,0.0838465465585707
96,349,"V",6,3.63009951553678,4.37680008159724,"V",6,2.2755071901253,4.4665217975386,
96,350,"I",6,1.34238821372059,3.71290239114814,"I",7,2.59584879000071,4.3632582978326,
96,351,"IV",7,4.3591022596289,4.30136679532627,"IV",5,1.46099278149429,4.11876799948524,
96,352,"V",6,2.81090123095832,3.5113760216957,"V",6,4.55454538609179,3.93468879113007,
96,353,"I",6,2.41914755946403,4.65445979066946,"I",5,3.35603897860206,4.55723472864603,
,,,,,,,,,,
97,333,"V",8,4.565800606386,4.3285344023863,"V",8,4.565800606386,4.3285344023863,
97,334,"IV",6,4.11640549604435,4.43067587174481,"IV",6,4.11640549604435,4.43067587174481,
97,335,"I",5,0.703021845887519,2.8142181547626,"I",5,0.703021845887519,2.8142181547626,
97,336,"I",7,3.37039361911598,4.95323374437564,"I",7,3.37039361911598,4.95323374437564,
97,337,"I",6,3.51384350020231,4.74125794426299,"I",6,3.51384350020231,4.74125794426299,
97,338,"#I",6,7.5993583424782,4.33775018415219,"#ivo",6,7.51324401723885,4.33775018415219,0.0861143252393433
97,339,"#I",2,1.4921064007006,4.27295207626031,"#I",2,7.23726687741509,4.65176157368816,
97,340,"II",3,1.20002013255202,3.69147954459955,"II",1,3.506623751032,5.15207883668236,
97,341,"II",2,1.54607576396261,4.48201370535854,"II",2,1.54607576396261,4.48201370535854,
97,342,"IV",4,5.14974130248252,4.73373517433908,"IV",3,4.877129423764,5.16476295044804,
97,343,"IV",3,2.96713196667379,4.99918051760269,"IV",3,2.96713196667379,4.99918051760269,
,,,,,,,,,,
98,138,"V",5,3.28193218718292,4.93259517272172,"V",5,3.28193218718292,4.93259517272172,
98,139,"IV",6,2.71076423198542,4.3573456653342,"IV",6,2.71076423198542,4.3573456653342,
98,140,"IV",7,3.63720157801415,4.06453271968375,"IV",7,3.63720157801415,4.06453271968375,
98,141,"IV",7,2.04743214319308,4.38670326943616,"IV",7,2.04743214319308,4.38670326943616,
98,142,"I",8,2.48562279570622,4.46256721565355,"I",8,2.48562279570622,4.46256721565355,
98,143,"III",6,6.48995595702276,4.1909858105929,"-VI",6,6.57873810309876,4.1909858105929,0.0887821460760083
98,144,"IV",4,2.67738521864915,3.98465357105744,"IV",3,5.07748483873937,4.96880867705378,
98,145,"IV",4,2.85685815006679,4.60994141089416,"IV",3,3.77407753306789,4.82136599945296,
98,146,"ii",5,5.83006257051648,4.32251208964348,"ii",3,5.24591467085866,5.16608338541836,
98,147,"I",3,3.49803184034194,4.89485804969002,"I",3,3.49803184034194,4.89485804969002,
98,148,"vi",4,5.14040889884843,4.57737674840173,"vi",4,5.14040889884843,4.57737674840173,
,,,,,,,,,,
99,175,"V",5,2.81816054843297,4.750217664157,"V",5,2.81816054843297,4.750217664157,
99,176,"V",6,3.1556206540448,4.41483946573233,"V",6,3.1556206540448,4.41483946573233,
99,177,"V",6,2.28345079851403,4.79718490746261,"V",6,2.28345079851403,4.79718490746261,
99,178,"V",7,2.93963830552979,4.60205647308592,"V",7,2.93963830552979,4.60205647308592,
99,179,"V",7,2.44723595737473,4.708809990123,"V",7,2.44723595737473,4.708809990123,
99,180,"ii",8,5.95339317229773,4.49408315237551,"-VII",8,6.04373303873634,4.49408315237551,0.0903398664386152
99,181,"ii",4,4.05312942272923,4.13430384242711,"ii",5,6.76331005975961,4.4045636225069,
99,182,"ii",4,2.89068874743877,4.66740072650043,"ii",2,4.38170202820476,5.37137227237036,
99,183,"ii",4,4.67250480270561,2.83265135451996,"ii",3,4.26110725504753,4.87931836652726,
99,184,"ii",4,3.05764969924471,4.89345870645653,"ii",3,3.40966107185831,5.04213057766828,
99,185,"ii",5,2.31008162326543,4.5786697663286,"ii",4,3.05764969924471,4.89345870645653,
,,,,,,,,,,
100,333,"V",8,4.565800606386,4.3285344023863,"V",8,4.565800606386,4.3285344023863,
100,334,"IV",6,4.11640549604435,4.43067587174481,"IV",6,4.11640549604435,4.43067587174481,
100,335,"I",5,0.703021845887519,2.8142181547626,"I",5,0.703021845887519,2.8142181547626,
100,336,"I",7,3.37039361911598,4.95323374437564,"I",7,3.37039361911598,4.95323374437564,
100,337,"I",6,3.51384350020231,4.74125794426299,"I",6,3.51384350020231,4.74125794426299,
100,338,"#I",6,7.5993583424782,4.33775018415219,"iiio",6,7.69027314234717,4.33775018415219,0.0909147998689726
100,339,"#I",2,1.4921064007006,4.27295207626031,"#I",2,7.25888379371936,4.10340061825239,
100,340,"II",3,1.20002013255202,3.69147954459955,"II",1,3.506623751032,5.15207883668236,
100,341,"II",2,1.54607576396261,4.48201370535854,"II",2,1.54607576396261,4.48201370535854,
100,342,"IV",4,5.14974130248252,4.73373517433908,"IV",3,4.877129423764,5.16476295044804,
100,343,"IV",3,2.96713196667379,4.99918051760269,"IV",3,2.96713196667379,4.99918051760269,
,,,,,,,,,,
101,62,"IV",5,2.39780357141112,4.40478669573018,"IV",5,2.39780357141112,4.40478669573018,
101,63,"ii",6,5.07233250997504,4.21132929493014,"ii",6,5.07233250997504,4.21132929493014,
101,64,"I",4,3.95397921926545,4.22281703013626,"I",4,3.95397921926545,4.22281703013626,
101,65,"I",4,2.76963516833071,4.88724445599331,"I",4,2.76963516833071,4.88724445599331,
101,66,"IV",5,2.672613412229,4.68869589735046,"IV",5,2.672613412229,4.68869589735046,
101,67,"V",6,5.02103927750773,4.15397870942724,"iii",6,4.92995237700603,4.15397870942724,0.0910869005017005
101,68,"I",4,2.46234198115903,4.74811802960503,"I",5,4.4684467286796,4.58596925327665,
101,69,"IV",5,3.55283721834502,4.98984963300113,"IV",4,4.43976965878355,4.56677506208116,
101,70,"IV",6,2.90575553425686,4.04852505853628,"IV",4,1.8189079343854,4.62017236128029,
101,71,"ii",7,4.72476120639508,4.40976951432621,"ii",4,4.97065805725663,4.73939872362633,
101,72,"ii",5,3.56247611276275,4.47574370357124,"ii",4,3.3798020208686,4.69379469838711,
,,,,,,,,,,
102,153,"IV",3,4.15138351814435,4.95443593270732,"IV",3,4.15138351814435,4.95443593270732,
102,154,"I",3,5.36226743853727,4.46850315114283,"I",3,5.36226743853727,4.46850315114283,
102,155,"I",3,4.62631514220349,5.11740603318677,"I",3,4.62631514220349,5.11740603318677,
102,156,"V",3,4.6145407279823,5.36748945941634,"V",3,4.6145407279823,5.36748945941634,
102,157,"I",4,3.3578402162578,4.95566453058672,"I",4,3.3578402162578,4.95566453058672,
102,158,"I",5,3.11323832205345,4.97840681521257,"V",5,3.20453950937294,4.97840681521257,0.0913011873194876
102,159,"IV",6,3.35656803578093,4.71300406866099,"IV",6,4.41492092562392,3.31657118754231,
102,160,"V",7,3.0858744473839,4.33909455094631,"V",6,3.27912776050201,4.4439716600079,
102,161,"I",7,1.61691466681465,3.8417966762262,"I",6,2.18175941611093,4.5426926735959,
102,162,"IV",8,3.24279181382158,4.44520157144337,"IV",7,4.2358028487105,4.66451230107435,
102,163,"V",8,1.3339715546471,3.61628459613602,"V",6,2.81090123095832,3.5113760216957,
,,,,,,,,,,
103,67,"V",6,5.02103927750773,4.15397870942724,"V",6,5.02103927750773,4.15397870942724,
103,68,"I",4,2.46234198115903,4.74811802960503,"I",4,2.46234198115903,4.74811802960503,
103,69,"IV",5,3.55283721834502,4.98984963300113,"IV",5,3.55283721834502,4.98984963300113,
103,70,"IV",6,2.90575553425686,4.04852505853628,"IV",6,2.90575553425686,4.04852505853628,
103,71,"ii",7,4.72476120639508,4.40976951432621,"ii",7,4.72476120639508,4.40976951432621,
103,72,"ii",5,3.56247611276275,4.47574370357124,"I",5,3.65564171605357,4.47574370357124,0.0931656032908212
103,73,"I",5,2.94511006988755,4.70953759716414,"I",5,4.35999777664154,4.1248995885898,
103,74,"I",5,0.776152032652177,3.13153966160038,"I",4,3.35302626865021,5.09162565569357,
103,75,"IV",7,1.73911373391252,4.20459594286954,"IV",5,4.11131453553625,4.77859853545565,
103,76,"V",8,5.06493400769326,4.09344106146883,"V",5,4.16027384941319,5.00234346414714,
103,77,"I",4,2.46234198115903,4.74811802960503,"I",5,2.13953833330061,4.36172933709053,
,,,,,,,,,,
104,82,"V",9,1.02272861889726,3.21320055384632,"V",9,1.02272861889726,3.21320055384632,
104,83,"I",10,0.501401043528083,2.28804783079958,"I",10,0.501401043528083,2.28804783079958,
104,84,"IV",10,0.734235915127923,2.88545376465183,"IV",10,0.734235915127923,2.88545376465183,
104,85,"IV",10,4.46432689741989,1.81630607327902,"IV",10,4.46432689741989,1.81630607327902,
104,86,"ii",7,5.85873490438708,2.67787841166623,"ii",7,5.85873490438708,2.67787841166623,
104,87,"ii",5,3.56247611276275,4.47574370357124,"I",5,3.65564171605357,4.47574370357124,0.0931656032908212
104,88,"I",5,2.94511006988755,4.70953759716414,"I",5,4.35999777664154,4.1248995885898,
104,89,"I",5,0.776152032652177,3.13153966160038,"I",4,3.35302626865021,5.09162565569357,
104,90,"I",7,3.04739334480618,4.20459594286954,"I",5,3.23578930506656,4.77859853545565,
104,91,"I",6,0.997808014210468,3.54720097186776,"I",5,2.54245507964909,4.93175241984376,
104,92,"I",7,0.986355061774037,3.48459427865094,"I",6,2.65410436403639,5.02931511933516,
,,,,,,,,,,
105,166,"V",9,0.450306217866953,2.00734498160196,"V",9,0.450306217866953,2.00734498160196,
105,167,"I",10,0.501401043528083,2.28804783079958,"I",10,0.501401043528083,2.28804783079958,
105,168,"IV",10,0.734235915127923,2.88545376465183,"IV",10,0.734235915127923,2.88545376465183,
105,169,"IV",10,4.46432689741989,1.81630607327902,"IV",10,4.46432689741989,1.81630607327902,
105,170,"ii",7,5.85873490438708,2.67787841166623,"ii",7,5.85873490438708,2.67787841166623,
105,171,"ii",5,3.56247611276275,4.47574370357124,"I",5,3.65564171605357,4.47574370357124,0.0931656032908212
105,172,"V",5,2.99269875209871,4.70953759716414,"V",5,4.83133723457182,4.1248995885898,
105,173,"V",6,1.9539075444915,3.97495373460592,"V",4,2.84269537121853,4.9028341706717,
105,174,"V",7,3.47927351792936,3.88034477366189,"V",5,4.27617928964268,4.72002404544424,
105,175,"V",5,2.81816054843297,4.750217664157,"V",4,2.81725910107917,4.88099696139584,
105,176,"V",6,3.1556206540448,4.41483946573233,"V",5,3.18228102618104,5.02002923363098,
,,,,,,,,,,
106,24,"III",7,5.66317978090562,4.71788742240952,"III",7,5.66317978090562,4.71788742240952,
106,25,"IV",4,6.64218034716976,2.47644607689863,"IV",4,6.64218034716976,2.47644607689863,
106,26,"V",2,3.98712204930755,5.32941680147139,"V",2,3.98712204930755,5.32941680147139,
106,27,"I",3,2.57932650970877,4.98972366592874,"I",3,2.57932650970877,4.98972366592874,
106,28,"I",4,3.61621431563678,5.27350589955552,"I",4,3.61621431563678,5.27350589955552,
106,29,"-VI",5,5.8984676803225,5.05079369267189,"i",5,5.80443582048096,5.05079369267189,0.0940318598415422
106,30,"-III",4,5.52378692613383,4.18773615198458,"-III",4,6.25801445818518,4.63866343872988,
106,31,"-VII",3,2.74608617342374,4.95054595427928,"-VII",2,4.50576827866324,5.3238263149027,
106,32,"I",4,1.37450713206427,3.99252569649154,"I",3,3.28345394707273,4.63495839369086,
106,33,"I",5,2.91854305742855,4.79814311476625,"I",4,3.71246275386621,4.53188428659454,
106,34,"-VI",5,5.83901917443211,4.34143035641155,"-VI",4,5.63884479917595,4.72897874984149,
,,,,,,,,,,
107,105,"IV",4,6.64218034716976,2.47644607689863,"IV",4,6.64218034716976,2.47644607689863,
107,106,"II",2,5.01899286632395,5.32941680147139,"II",2,5.01899286632395,5.32941680147139,
107,107,"V",3,2.73476281480883,4.84399385971201,"V",3,2.73476281480883,4.84399385971201,
107,108,"I",4,3.43352558890767,4.5011154694619,"I",4,3.43352558890767,4.5011154694619,
107,109,"I",4,3.44688198192547,5.26767973364501,"I",4,3.44688198192547,5.26767973364501,
107,110,"-VI",5,5.98054372970574,4.88132628162095,"i",5,5.8865118698642,4.88132628162095,0.0940318598415422
107,111,"-III",4,5.52378692613383,4.18773615198458,"-III",4,6.25801445818518,4.63866343872988,
107,112,"-VII",3,2.74608617342374,4.95054595427928,"-VII",2,4.50576827866324,5.3238263149027,
107,113,"I",4,1.37450713206427,3.99252569649154,"I",3,3.28345394707273,4.63495839369086,
107,114,"I",5,2.91854305742855,4.79814311476625,"I",4,3.71246275386621,4.53188428659454,
107,115,"-VI",5,5.83901917443211,4.34143035641155,"-VI",4,5.63884479917595,4.72897874984149,
,,,,,,,,,,
108,333,"V",8,4.565800606386,4.3285344023863,"V",8,4.565800606386,4.3285344023863,
108,334,"IV",6,4.11640549604435,4.43067587174481,"IV",6,4.11640549604435,4.43067587174481,
108,335,"I",5,0.703021845887519,2.8142181547626,"I",5,0.703021845887519,2.8142181547626,
108,336,"I",7,3.37039361911598,4.95323374437564,"I",7,3.37039361911598,4.95323374437564,
108,337,"I",6,3.51384350020231,4.74125794426299,"I",6,3.51384350020231,4.74125794426299,
108,338,"#I",6,7.5993583424782,4.33775018415219,"-iio",6,7.69477804855521,4.33775018415219,0.0954197060770179
108,339,"#I",2,1.4921064007006,4.27295207626031,"#I",2,7.36817152716161,3.7655418017992,
108,340,"II",3,1.20002013255202,3.69147954459955,"II",1,3.506623751032,5.15207883668236,
108,341,"II",2,1.54607576396261,4.48201370535854,"II",2,1.54607576396261,4.48201370535854,
108,342,"IV",4,5.14974130248252,4.73373517433908,"IV",3,4.877129423764,5.16476295044804,
108,343,"IV",3,2.96713196667379,4.99918051760269,"IV",3,2.96713196667379,4.99918051760269,
,,,,,,,,,,
109,223,"ii",8,2.26957348530578,4.08394815750662,"ii",8,2.26957348530578,4.08394815750662,
109,224,"ii",8,2.26957348530578,4.08394815750662,"ii",8,2.26957348530578,4.08394815750662,
109,225,"ii",8,2.26957348530578,4.08394815750662,"ii",8,2.26957348530578,4.08394815750662,
109,226,"ii",8,2.26957348530578,4.08394815750662,"ii",8,2.26957348530578,4.08394815750662,
109,227,"II",8,6.60311052244601,4.08394815750662,"II",8,6.60311052244601,4.08394815750662,
109,228,"II",3,3.37875225644138,4.81152696629947,"iii",3,3.4745399263995,4.81152696629947,0.0957876699581153
109,229,"ii",4,5.63233828173092,4.74565544095587,"ii",4,6.16050077240364,3.85493907253135,
109,230,"ii",3,5.39378441801013,4.85556898289913,"ii",2,3.73011346355168,5.19985725519865,
109,231,"V",2,4.08732162674653,5.31895851248398,"V",3,2.95887973379804,4.97253094769721,
109,232,"V",3,2.77476275071183,4.65421191732175,"V",4,2.48199605495534,3.97386337991651,
109,233,"IV",4,3.95538217938128,4.65633819810754,"IV",5,4.46795186093044,3.78811660882704,
,,,,,,,,,,
110,235,"V",4,4.14282536858238,5.08280017610073,"V",4,4.14282536858238,5.08280017610073,
110,236,"V",5,3.35141403108678,4.64880072277113,"V",5,3.35141403108678,4.64880072277113,
110,237,"V",6,4.13429821273959,3.94123261321869,"V",6,4.13429821273959,3.94123261321869,
110,238,"IV",5,4.56421601219743,4.62045794988575,"IV",5,4.56421601219743,4.62045794988575,
110,239,"IV",5,3.10155719425306,4.32542483141898,"IV",5,3.10155719425306,4.32542483141898,
110,240,"I",5,2.80607232656949,4.67822732408606,"V",5,2.90237717686741,4.67822732408606,0.0963048502979205
110,241,"I",6,2.13049036583327,4.40045400312986,"I",6,3.31912066156002,3.68555597005913,
110,242,"-VII",7,5.10250418052048,4.48072984874515,"-VII",6,5.46287454637847,4.86236037859285,
110,243,"IV",6,1.30071918434532,3.51737675561142,"IV",5,1.23553638887731,3.6285265265807,
110,244,"V",7,4.51318088568467,4.36623886340579,"V",6,1.99919407769352,4.2680849417271,
110,245,"V",5,0.554717675883686,2.39444508923178,"V",6,0.791650346114725,2.87580268651168,
,,,,,,,,,,
111,303,"I",4,3.16570097024946,4.77118804633536,"I",4,3.16570097024946,4.77118804633536,
111,304,"V",5,3.48994279577766,4.98753835388404,"V",5,3.48994279577766,4.98753835388404,
111,305,"V",6,3.47564974135312,4.05832932187092,"V",6,3.47564974135312,4.05832932187092,
111,306,"V",6,3.71272005326941,4.64761811828659,"V",6,3.71272005326941,4.64761811828659,
111,307,"V",5,2.68738280982383,4.62045794988575,"V",5,2.68738280982383,4.62045794988575,
111,308,"V",6,2.96474628781387,4.90615767976718,"I",6,3.06228882439005,4.90615767976718,0.0975425365761748
111,309,"V",7,3.0433259409475,4.61681333354954,"V",7,4.13586535342258,4.49180887037202,
111,310,"V",7,2.61878738066578,4.73746094700826,"V",7,4.49605136927788,4.25646146676064,
111,311,"V",8,2.23112967882779,4.58731199385506,"V",5,3.79975470078229,4.59966042925634,
111,312,"V",9,2.20562884826728,4.39182890311975,"V",5,2.46988026696372,4.64433116412499,
111,313,"V",10,1.12519003352569,3.60564122997425,"V",6,3.33368262320519,4.79738270691123,
,,,,,,,,,,
