"Comparison","Row","Orig_Symbol","Orig_Order","Orig_IC","Orig_Entropy","Swap_Symbol","Swap_Order","Swap_IC","Swap_Entropy","Distance"
1,33,"-VI",3,3.55208299800639,4.57692846636608,"-VI",3,3.55208299800639,4.57692846636608,
1,34,"V",4,4.18281633078145,4.14746473324158,"V",4,4.18281633078145,4.14746473324158,
1,35,"V",4,3.54766351828414,4.56518117781203,"V",4,3.54766351828414,4.56518117781203,
1,36,"IV",4,5.33156115911168,4.82049162535111,"IV",4,5.33156115911168,4.82049162535111,
1,37,"IV",3,3.11970112186431,4.90588244765863,"IV",3,3.11970112186431,4.90588244765863,
1,38,"V+",4,7.63837228282992,4.79066864263466,"-V",4,7.63837228282992,4.79066864263466,0
1,39,"V+",1,4.8842605360468,5.08330267307769,"V+",1,6.39582364113796,5.40256039000631,
1,40,"-VI",2,6.63442048993596,4.55121930946002,"-VI",1,6.27918445464004,5.08330267307769,
1,41,"-VI",1,4.91351373849362,5.44488820896396,"-VI",1,4.91351373849362,5.44488820896396,
1,42,"V",2,4.28020819624173,5.19336252025963,"V",2,4.28020819624173,5.19336252025963,
1,43,"V",3,2.3302278939552,4.64073633275465,"V",3,2.3302278939552,4.64073633275465,
,,,,,,,,,,
2,35,"V",4,3.54766351828414,4.56518117781203,"V",4,3.54766351828414,4.56518117781203,
2,36,"IV",4,5.33156115911168,4.82049162535111,"IV",4,5.33156115911168,4.82049162535111,
2,37,"IV",3,3.11970112186431,4.90588244765863,"IV",3,3.11970112186431,4.90588244765863,
2,38,"V+",4,7.63837228282992,4.79066864263466,"V+",4,7.63837228282992,4.79066864263466,
2,39,"V+",1,4.8842605360468,5.08330267307769,"V+",1,4.8842605360468,5.08330267307769,
2,40,"-VI",2,6.63442048993596,4.55121930946002,"VI",2,6.63442048993596,4.55121930946002,0
2,41,"-VI",1,4.91351373849362,5.44488820896396,"-VI",1,5.79419252857223,5.40766864523662,
2,42,"V",2,4.28020819624173,5.19336252025963,"V",2,2.37476182819606,4.94653587047924,
2,43,"V",3,2.3302278939552,4.64073633275465,"V",3,4.30307257938906,4.76438528624654,
2,44,"-VI",4,3.94245522403732,4.92671331889066,"-VI",3,4.33361207781896,5.13868545323193,
2,45,"-VII",5,3.8355187001336,4.44195198080243,"-VII",4,3.5120805027692,4.93340174438427,
,,,,,,,,,,
3,77,"-VI",3,3.55208299800639,4.57692846636608,"-VI",3,3.55208299800639,4.57692846636608,
3,78,"V",4,4.18281633078145,4.14746473324158,"V",4,4.18281633078145,4.14746473324158,
3,79,"V",4,3.54766351828414,4.56518117781203,"V",4,3.54766351828414,4.56518117781203,
3,80,"IV",4,5.33156115911168,4.82049162535111,"IV",4,5.33156115911168,4.82049162535111,
3,81,"IV",3,3.11970112186431,4.90588244765863,"IV",3,3.11970112186431,4.90588244765863,
3,82,"V+",4,7.63837228282992,4.79066864263466,"-V",4,7.63837228282992,4.79066864263466,0
3,83,"V+",1,4.8842605360468,5.08330267307769,"V+",1,6.39582364113796,5.40256039000631,
3,84,"-VI",2,6.63442048993596,4.55121930946002,"-VI",1,6.27918445464004,5.08330267307769,
3,85,"-VI",1,4.91351373849362,5.44488820896396,"-VI",1,4.91351373849362,5.44488820896396,
3,86,"V",2,4.28020819624173,5.19336252025963,"V",2,4.28020819624173,5.19336252025963,
3,87,"V",3,2.3302278939552,4.64073633275465,"V",3,2.3302278939552,4.64073633275465,
,,,,,,,,,,
4,79,"V",4,3.54766351828414,4.56518117781203,"V",4,3.54766351828414,4.56518117781203,
4,80,"IV",4,5.33156115911168,4.82049162535111,"IV",4,5.33156115911168,4.82049162535111,
4,81,"IV",3,3.11970112186431,4.90588244765863,"IV",3,3.11970112186431,4.90588244765863,
4,82,"V+",4,7.63837228282992,4.79066864263466,"V+",4,7.63837228282992,4.79066864263466,
4,83,"V+",1,4.8842605360468,5.08330267307769,"V+",1,4.8842605360468,5.08330267307769,
4,84,"-VI",2,6.63442048993596,4.55121930946002,"VI",2,6.63442048993596,4.55121930946002,0
4,85,"-VI",1,4.91351373849362,5.44488820896396,"-VI",1,5.79419252857223,5.40766864523662,
4,86,"V",2,4.28020819624173,5.19336252025963,"V",2,2.37476182819606,4.94653587047924,
4,87,"V",3,2.3302278939552,4.64073633275465,"V",3,4.30307257938906,4.76438528624654,
4,88,"-VI",4,3.94245522403732,4.92671331889066,"-VI",3,4.33361207781896,5.13868545323193,
4,89,"-VII",5,3.8355187001336,4.44195198080243,"-VII",4,3.5120805027692,4.93340174438427,
,,,,,,,,,,
5,135,"-VI",3,3.55208299800639,4.57692846636608,"-VI",3,3.55208299800639,4.57692846636608,
5,136,"V",4,4.18281633078145,4.14746473324158,"V",4,4.18281633078145,4.14746473324158,
5,137,"V",4,3.54766351828414,4.56518117781203,"V",4,3.54766351828414,4.56518117781203,
5,138,"IV",4,5.33156115911168,4.82049162535111,"IV",4,5.33156115911168,4.82049162535111,
5,139,"IV",3,3.11970112186431,4.90588244765863,"IV",3,3.11970112186431,4.90588244765863,
5,140,"V+",4,7.63837228282992,4.79066864263466,"-V",4,7.63837228282992,4.79066864263466,0
5,141,"V+",1,4.8842605360468,5.08330267307769,"V+",1,6.39582364113796,5.40256039000631,
5,142,"-VI",2,6.63442048993596,4.55121930946002,"-VI",1,6.27918445464004,5.08330267307769,
5,143,"-VI",1,4.91351373849362,5.44488820896396,"-VI",1,4.91351373849362,5.44488820896396,
5,144,"V",2,4.28020819624173,5.19336252025963,"V",2,4.28020819624173,5.19336252025963,
5,145,"V",3,2.3302278939552,4.64073633275465,"V",3,2.3302278939552,4.64073633275465,
,,,,,,,,,,
6,137,"V",4,3.54766351828414,4.56518117781203,"V",4,3.54766351828414,4.56518117781203,
6,138,"IV",4,5.33156115911168,4.82049162535111,"IV",4,5.33156115911168,4.82049162535111,
6,139,"IV",3,3.11970112186431,4.90588244765863,"IV",3,3.11970112186431,4.90588244765863,
6,140,"V+",4,7.63837228282992,4.79066864263466,"V+",4,7.63837228282992,4.79066864263466,
6,141,"V+",1,4.8842605360468,5.08330267307769,"V+",1,4.8842605360468,5.08330267307769,
6,142,"-VI",2,6.63442048993596,4.55121930946002,"VI",2,6.63442048993596,4.55121930946002,0
6,143,"-VI",1,4.91351373849362,5.44488820896396,"-VI",1,5.79419252857223,5.40766864523662,
6,144,"V",2,4.28020819624173,5.19336252025963,"V",2,2.37476182819606,4.94653587047924,
6,145,"V",3,2.3302278939552,4.64073633275465,"V",3,4.30307257938906,4.76438528624654,
6,146,"-VI",4,3.94245522403732,4.92671331889066,"-VI",3,4.33361207781896,5.13868545323193,
6,147,"-VII",5,3.8355187001336,4.44195198080243,"-VII",4,3.5120805027692,4.93340174438427,
,,,,,,,,,,
7,33,"-VI",3,3.55208299800639,4.57692846636608,"-VI",3,3.55208299800639,4.57692846636608,
7,34,"V",4,4.18281633078145,4.14746473324158,"V",4,4.18281633078145,4.14746473324158,
7,35,"V",4,3.54766351828414,4.56518117781203,"V",4,3.54766351828414,4.56518117781203,
7,36,"IV",4,5.33156115911168,4.82049162535111,"IV",4,5.33156115911168,4.82049162535111,
7,37,"IV",3,3.11970112186431,4.90588244765863,"IV",3,3.11970112186431,4.90588244765863,
7,38,"V+",4,7.63837228282992,4.79066864263466,"IV+",4,7.639112316209,4.79066864263466,0.000740033379083016
7,39,"V+",1,4.8842605360468,5.08330267307769,"V+",1,7.08435868901072,3.84895161533252,
7,40,"-VI",2,6.63442048993596,4.55121930946002,"-VI",1,6.27918445464004,5.08330267307769,
7,41,"-VI",1,4.91351373849362,5.44488820896396,"-VI",1,4.91351373849362,5.44488820896396,
7,42,"V",2,4.28020819624173,5.19336252025963,"V",2,4.28020819624173,5.19336252025963,
7,43,"V",3,2.3302278939552,4.64073633275465,"V",3,2.3302278939552,4.64073633275465,
,,,,,,,,,,
8,77,"-VI",3,3.55208299800639,4.57692846636608,"-VI",3,3.55208299800639,4.57692846636608,
8,78,"V",4,4.18281633078145,4.14746473324158,"V",4,4.18281633078145,4.14746473324158,
8,79,"V",4,3.54766351828414,4.56518117781203,"V",4,3.54766351828414,4.56518117781203,
8,80,"IV",4,5.33156115911168,4.82049162535111,"IV",4,5.33156115911168,4.82049162535111,
8,81,"IV",3,3.11970112186431,4.90588244765863,"IV",3,3.11970112186431,4.90588244765863,
8,82,"V+",4,7.63837228282992,4.79066864263466,"IV+",4,7.639112316209,4.79066864263466,0.000740033379083016
8,83,"V+",1,4.8842605360468,5.08330267307769,"V+",1,7.08435868901072,3.84895161533252,
8,84,"-VI",2,6.63442048993596,4.55121930946002,"-VI",1,6.27918445464004,5.08330267307769,
8,85,"-VI",1,4.91351373849362,5.44488820896396,"-VI",1,4.91351373849362,5.44488820896396,
8,86,"V",2,4.28020819624173,5.19336252025963,"V",2,4.28020819624173,5.19336252025963,
8,87,"V",3,2.3302278939552,4.64073633275465,"V",3,2.3302278939552,4.64073633275465,
,,,,,,,,,,
9,135,"-VI",3,3.55208299800639,4.57692846636608,"-VI",3,3.55208299800639,4.57692846636608,
9,136,"V",4,4.18281633078145,4.14746473324158,"V",4,4.18281633078145,4.14746473324158,
9,137,"V",4,3.54766351828414,4.56518117781203,"V",4,3.54766351828414,4.56518117781203,
9,138,"IV",4,5.33156115911168,4.82049162535111,"IV",4,5.33156115911168,4.82049162535111,
9,139,"IV",3,3.11970112186431,4.90588244765863,"IV",3,3.11970112186431,4.90588244765863,
9,140,"V+",4,7.63837228282992,4.79066864263466,"IV+",4,7.639112316209,4.79066864263466,0.000740033379083016
9,141,"V+",1,4.8842605360468,5.08330267307769,"V+",1,7.08435868901072,3.84895161533252,
9,142,"-VI",2,6.63442048993596,4.55121930946002,"-VI",1,6.27918445464004,5.08330267307769,
9,143,"-VI",1,4.91351373849362,5.44488820896396,"-VI",1,4.91351373849362,5.44488820896396,
9,144,"V",2,4.28020819624173,5.19336252025963,"V",2,4.28020819624173,5.19336252025963,
9,145,"V",3,2.3302278939552,4.64073633275465,"V",3,2.3302278939552,4.64073633275465,
,,,,,,,,,,
10,36,"IV",4,5.33156115911168,4.82049162535111,"IV",4,5.33156115911168,4.82049162535111,
10,37,"IV",3,3.11970112186431,4.90588244765863,"IV",3,3.11970112186431,4.90588244765863,
10,38,"V+",4,7.63837228282992,4.79066864263466,"V+",4,7.63837228282992,4.79066864263466,
10,39,"V+",1,4.8842605360468,5.08330267307769,"V+",1,4.8842605360468,5.08330267307769,
10,40,"-VI",2,6.63442048993596,4.55121930946002,"-VI",2,6.63442048993596,4.55121930946002,
10,41,"-VI",1,4.91351373849362,5.44488820896396,"-VII",1,4.90630188732495,5.44488820896396,0.00721185116866252
10,42,"V",2,4.28020819624173,5.19336252025963,"V",2,4.60249182528367,5.00618759454575,
10,43,"V",3,2.3302278939552,4.64073633275465,"V",3,3.84788161396411,4.73143850911145,
10,44,"-VI",4,3.94245522403732,4.92671331889066,"-VI",3,5.50974959212434,5.18366640780592,
10,45,"-VII",5,3.8355187001336,4.44195198080243,"-VII",3,3.27628149184421,5.11890467393694,
10,46,"i",4,3.7778909125011,4.19283720038176,"i",4,3.7778909125011,4.19283720038176,
,,,,,,,,,,
11,80,"IV",4,5.33156115911168,4.82049162535111,"IV",4,5.33156115911168,4.82049162535111,
11,81,"IV",3,3.11970112186431,4.90588244765863,"IV",3,3.11970112186431,4.90588244765863,
11,82,"V+",4,7.63837228282992,4.79066864263466,"V+",4,7.63837228282992,4.79066864263466,
11,83,"V+",1,4.8842605360468,5.08330267307769,"V+",1,4.8842605360468,5.08330267307769,
11,84,"-VI",2,6.63442048993596,4.55121930946002,"-VI",2,6.63442048993596,4.55121930946002,
11,85,"-VI",1,4.91351373849362,5.44488820896396,"-VII",1,4.90630188732495,5.44488820896396,0.00721185116866252
11,86,"V",2,4.28020819624173,5.19336252025963,"V",2,4.60249182528367,5.00618759454575,
11,87,"V",3,2.3302278939552,4.64073633275465,"V",3,3.84788161396411,4.73143850911145,
11,88,"-VI",4,3.94245522403732,4.92671331889066,"-VI",3,5.50974959212434,5.18366640780592,
11,89,"-VII",5,3.8355187001336,4.44195198080243,"-VII",3,3.27628149184421,5.11890467393694,
11,90,"i",4,3.7778909125011,4.19283720038176,"i",4,3.7778909125011,4.19283720038176,
,,,,,,,,,,
12,138,"IV",4,5.33156115911168,4.82049162535111,"IV",4,5.33156115911168,4.82049162535111,
12,139,"IV",3,3.11970112186431,4.90588244765863,"IV",3,3.11970112186431,4.90588244765863,
12,140,"V+",4,7.63837228282992,4.79066864263466,"V+",4,7.63837228282992,4.79066864263466,
12,141,"V+",1,4.8842605360468,5.08330267307769,"V+",1,4.8842605360468,5.08330267307769,
12,142,"-VI",2,6.63442048993596,4.55121930946002,"-VI",2,6.63442048993596,4.55121930946002,
12,143,"-VI",1,4.91351373849362,5.44488820896396,"-VII",1,4.90630188732495,5.44488820896396,0.00721185116866252
12,144,"V",2,4.28020819624173,5.19336252025963,"V",2,4.60249182528367,5.00618759454575,
12,145,"V",3,2.3302278939552,4.64073633275465,"V",3,3.84788161396411,4.73143850911145,
12,146,"-VI",4,3.94245522403732,4.92671331889066,"-VI",3,5.50974959212434,5.18366640780592,
12,147,"-VII",5,3.8355187001336,4.44195198080243,"-VII",3,3.27628149184421,5.11890467393694,
12,148,"i",4,3.7778909125011,4.19283720038176,"i",4,3.7778909125011,4.19283720038176,
,,,,,,,,,,
13,100,"-VI",10,1.2647459650358,3.50047614322757,"-VI",10,1.2647459650358,3.50047614322757,
13,101,"-VII",10,0.91274797923769,3.09132127036562,"-VII",10,0.91274797923769,3.09132127036562,
13,102,"iv",10,2.66612694714109,2.96272500740223,"iv",10,2.66612694714109,2.96272500740223,
13,103,"iv",10,3.50111179417139,4.46983920091857,"iv",10,3.50111179417139,4.46983920091857,
13,104,"-III",8,5.39571543762668,4.82206406047098,"-III",8,5.39571543762668,4.82206406047098,
13,105,"ii",3,6.10647752652817,4.98254158274835,"II",3,6.09189356519493,4.98254158274835,0.0145839613332432
13,106,"V",2,3.87904145530107,5.3281910714934,"V",2,3.41427222187514,5.23221764968537,
13,107,"i",3,5.87199426389752,4.9206858211047,"i",3,3.75693891901908,5.09860380764064,
13,108,"-III",3,5.16329081322523,4.87682781712442,"-III",4,4.43881428710724,4.66276637881914,
13,109,"ii",3,6.4403438420582,4.37862627129919,"ii",4,6.75307225376028,3.81632607356496,
13,110,"V",2,3.87904145530107,5.3281910714934,"V",2,3.87904145530107,5.3281910714934,
,,,,,,,,,,
14,31,"-VI",4,3.60812082697183,4.84995745724254,"-VI",4,3.60812082697183,4.84995745724254,
14,32,"-VII",4,5.68252714884796,2.92694709557464,"-VII",4,5.68252714884796,2.92694709557464,
14,33,"-VI",3,3.55208299800639,4.57692846636608,"-VI",3,3.55208299800639,4.57692846636608,
14,34,"V",4,4.18281633078145,4.14746473324158,"V",4,4.18281633078145,4.14746473324158,
14,35,"V",4,3.54766351828414,4.56518117781203,"V",4,3.54766351828414,4.56518117781203,
14,36,"IV",4,5.33156115911168,4.82049162535111,"-III",4,5.34888379759879,4.82049162535111,0.0173226384871104
14,37,"IV",3,3.11970112186431,4.90588244765863,"IV",4,3.76848008887937,4.34013297716596,
14,38,"V+",4,7.63837228282992,4.79066864263466,"V+",4,8.00218319793716,4.06087607165335,
14,39,"V+",1,4.8842605360468,5.08330267307769,"V+",1,4.8842605360468,5.08330267307769,
14,40,"-VI",2,6.63442048993596,4.55121930946002,"-VI",2,6.63442048993596,4.55121930946002,
14,41,"-VI",1,4.91351373849362,5.44488820896396,"-VI",1,4.91351373849362,5.44488820896396,
,,,,,,,,,,
15,75,"-VI",4,3.60812082697183,4.84995745724254,"-VI",4,3.60812082697183,4.84995745724254,
15,76,"-VII",4,5.68252714884796,2.92694709557464,"-VII",4,5.68252714884796,2.92694709557464,
15,77,"-VI",3,3.55208299800639,4.57692846636608,"-VI",3,3.55208299800639,4.57692846636608,
15,78,"V",4,4.18281633078145,4.14746473324158,"V",4,4.18281633078145,4.14746473324158,
15,79,"V",4,3.54766351828414,4.56518117781203,"V",4,3.54766351828414,4.56518117781203,
15,80,"IV",4,5.33156115911168,4.82049162535111,"-III",4,5.34888379759879,4.82049162535111,0.0173226384871104
15,81,"IV",3,3.11970112186431,4.90588244765863,"IV",4,3.76848008887937,4.34013297716596,
15,82,"V+",4,7.63837228282992,4.79066864263466,"V+",4,8.00218319793716,4.06087607165335,
15,83,"V+",1,4.8842605360468,5.08330267307769,"V+",1,4.8842605360468,5.08330267307769,
15,84,"-VI",2,6.63442048993596,4.55121930946002,"-VI",2,6.63442048993596,4.55121930946002,
15,85,"-VI",1,4.91351373849362,5.44488820896396,"-VI",1,4.91351373849362,5.44488820896396,
,,,,,,,,,,
16,133,"-VI",4,3.60812082697183,4.84995745724254,"-VI",4,3.60812082697183,4.84995745724254,
16,134,"-VII",4,5.68252714884796,2.92694709557464,"-VII",4,5.68252714884796,2.92694709557464,
16,135,"-VI",3,3.55208299800639,4.57692846636608,"-VI",3,3.55208299800639,4.57692846636608,
16,136,"V",4,4.18281633078145,4.14746473324158,"V",4,4.18281633078145,4.14746473324158,
16,137,"V",4,3.54766351828414,4.56518117781203,"V",4,3.54766351828414,4.56518117781203,
16,138,"IV",4,5.33156115911168,4.82049162535111,"-III",4,5.34888379759879,4.82049162535111,0.0173226384871104
16,139,"IV",3,3.11970112186431,4.90588244765863,"IV",4,3.76848008887937,4.34013297716596,
16,140,"V+",4,7.63837228282992,4.79066864263466,"V+",4,8.00218319793716,4.06087607165335,
16,141,"V+",1,4.8842605360468,5.08330267307769,"V+",1,4.8842605360468,5.08330267307769,
16,142,"-VI",2,6.63442048993596,4.55121930946002,"-VI",2,6.63442048993596,4.55121930946002,
16,143,"-VI",1,4.91351373849362,5.44488820896396,"-VI",1,4.91351373849362,5.44488820896396,
,,,,,,,,,,
17,35,"V",4,3.54766351828414,4.56518117781203,"V",4,3.54766351828414,4.56518117781203,
17,36,"IV",4,5.33156115911168,4.82049162535111,"IV",4,5.33156115911168,4.82049162535111,
17,37,"IV",3,3.11970112186431,4.90588244765863,"IV",3,3.11970112186431,4.90588244765863,
17,38,"V+",4,7.63837228282992,4.79066864263466,"V+",4,7.63837228282992,4.79066864263466,
17,39,"V+",1,4.8842605360468,5.08330267307769,"V+",1,4.8842605360468,5.08330267307769,
17,40,"-VI",2,6.63442048993596,4.55121930946002,"II",2,6.6162731432257,4.55121930946002,0.0181473467102595
17,41,"-VI",1,4.91351373849362,5.44488820896396,"-VI",1,5.73801927491864,5.43668635110113,
17,42,"V",2,4.28020819624173,5.19336252025963,"V",2,3.41632094404926,5.24340233014481,
17,43,"V",3,2.3302278939552,4.64073633275465,"V",3,4.34176936587676,4.56515246829576,
17,44,"-VI",4,3.94245522403732,4.92671331889066,"-VI",3,4.33361207781896,5.13868545323193,
17,45,"-VII",5,3.8355187001336,4.44195198080243,"-VII",4,3.5120805027692,4.93340174438427,
,,,,,,,,,,
18,35,"V",4,3.54766351828414,4.56518117781203,"V",4,3.54766351828414,4.56518117781203,
18,36,"IV",4,5.33156115911168,4.82049162535111,"IV",4,5.33156115911168,4.82049162535111,
18,37,"IV",3,3.11970112186431,4.90588244765863,"IV",3,3.11970112186431,4.90588244765863,
18,38,"V+",4,7.63837228282992,4.79066864263466,"V+",4,7.63837228282992,4.79066864263466,
18,39,"V+",1,4.8842605360468,5.08330267307769,"V+",1,4.8842605360468,5.08330267307769,
18,40,"-VI",2,6.63442048993596,4.55121930946002,"-VII",2,6.6162731432257,4.55121930946002,0.0181473467102595
18,41,"-VI",1,4.91351373849362,5.44488820896396,"-VI",1,5.22752789814902,5.43073042876608,
18,42,"V",2,4.28020819624173,5.19336252025963,"V",2,3.78236856236119,5.24032691211106,
18,43,"V",3,2.3302278939552,4.64073633275465,"V",3,3.27947181771848,4.8303688153336,
18,44,"-VI",4,3.94245522403732,4.92671331889066,"-VI",4,2.91177205132516,4.82049162535111,
18,45,"-VII",5,3.8355187001336,4.44195198080243,"-VII",5,4.09955896352227,3.93337675740636,
,,,,,,,,,,
19,35,"V",4,3.54766351828414,4.56518117781203,"V",4,3.54766351828414,4.56518117781203,
19,36,"IV",4,5.33156115911168,4.82049162535111,"IV",4,5.33156115911168,4.82049162535111,
19,37,"IV",3,3.11970112186431,4.90588244765863,"IV",3,3.11970112186431,4.90588244765863,
19,38,"V+",4,7.63837228282992,4.79066864263466,"V+",4,7.63837228282992,4.79066864263466,
19,39,"V+",1,4.8842605360468,5.08330267307769,"V+",1,4.8842605360468,5.08330267307769,
19,40,"-VI",2,6.63442048993596,4.55121930946002,"-III",2,6.6162731432257,4.55121930946002,0.0181473467102595
19,41,"-VI",1,4.91351373849362,5.44488820896396,"-VI",1,5.12464066883628,5.45532845548536,
19,42,"V",2,4.28020819624173,5.19336252025963,"V",2,4.284395331833,5.35400180335212,
19,43,"V",3,2.3302278939552,4.64073633275465,"V",3,3.54383150549853,4.97156464432999,
19,44,"-VI",4,3.94245522403732,4.92671331889066,"-VI",4,4.6061849942415,4.84321548365174,
19,45,"-VII",5,3.8355187001336,4.44195198080243,"-VII",4,3.5120805027692,4.93340174438427,
,,,,,,,,,,
20,79,"V",4,3.54766351828414,4.56518117781203,"V",4,3.54766351828414,4.56518117781203,
20,80,"IV",4,5.33156115911168,4.82049162535111,"IV",4,5.33156115911168,4.82049162535111,
20,81,"IV",3,3.11970112186431,4.90588244765863,"IV",3,3.11970112186431,4.90588244765863,
20,82,"V+",4,7.63837228282992,4.79066864263466,"V+",4,7.63837228282992,4.79066864263466,
20,83,"V+",1,4.8842605360468,5.08330267307769,"V+",1,4.8842605360468,5.08330267307769,
20,84,"-VI",2,6.63442048993596,4.55121930946002,"II",2,6.6162731432257,4.55121930946002,0.0181473467102595
20,85,"-VI",1,4.91351373849362,5.44488820896396,"-VI",1,5.73801927491864,5.43668635110113,
20,86,"V",2,4.28020819624173,5.19336252025963,"V",2,3.41632094404926,5.24340233014481,
20,87,"V",3,2.3302278939552,4.64073633275465,"V",3,4.34176936587676,4.56515246829576,
20,88,"-VI",4,3.94245522403732,4.92671331889066,"-VI",3,4.33361207781896,5.13868545323193,
20,89,"-VII",5,3.8355187001336,4.44195198080243,"-VII",4,3.5120805027692,4.93340174438427,
,,,,,,,,,,
21,79,"V",4,3.54766351828414,4.56518117781203,"V",4,3.54766351828414,4.56518117781203,
21,80,"IV",4,5.33156115911168,4.82049162535111,"IV",4,5.33156115911168,4.82049162535111,
21,81,"IV",3,3.11970112186431,4.90588244765863,"IV",3,3.11970112186431,4.90588244765863,
21,82,"V+",4,7.63837228282992,4.79066864263466,"V+",4,7.63837228282992,4.79066864263466,
21,83,"V+",1,4.8842605360468,5.08330267307769,"V+",1,4.8842605360468,5.08330267307769,
21,84,"-VI",2,6.63442048993596,4.55121930946002,"-VII",2,6.6162731432257,4.55121930946002,0.0181473467102595
21,85,"-VI",1,4.91351373849362,5.44488820896396,"-VI",1,5.22752789814902,5.43073042876608,
21,86,"V",2,4.28020819624173,5.19336252025963,"V",2,3.78236856236119,5.24032691211106,
21,87,"V",3,2.3302278939552,4.64073633275465,"V",3,3.27947181771848,4.8303688153336,
21,88,"-VI",4,3.94245522403732,4.92671331889066,"-VI",4,2.91177205132516,4.82049162535111,
21,89,"-VII",5,3.8355187001336,4.44195198080243,"-VII",5,4.09955896352227,3.93337675740636,
,,,,,,,,,,
22,79,"V",4,3.54766351828414,4.56518117781203,"V",4,3.54766351828414,4.56518117781203,
22,80,"IV",4,5.33156115911168,4.82049162535111,"IV",4,5.33156115911168,4.82049162535111,
22,81,"IV",3,3.11970112186431,4.90588244765863,"IV",3,3.11970112186431,4.90588244765863,
22,82,"V+",4,7.63837228282992,4.79066864263466,"V+",4,7.63837228282992,4.79066864263466,
22,83,"V+",1,4.8842605360468,5.08330267307769,"V+",1,4.8842605360468,5.08330267307769,
22,84,"-VI",2,6.63442048993596,4.55121930946002,"-III",2,6.6162731432257,4.55121930946002,0.0181473467102595
22,85,"-VI",1,4.91351373849362,5.44488820896396,"-VI",1,5.12464066883628,5.45532845548536,
22,86,"V",2,4.28020819624173,5.19336252025963,"V",2,4.284395331833,5.35400180335212,
22,87,"V",3,2.3302278939552,4.64073633275465,"V",3,3.54383150549853,4.97156464432999,
22,88,"-VI",4,3.94245522403732,4.92671331889066,"-VI",4,4.6061849942415,4.84321548365174,
22,89,"-VII",5,3.8355187001336,4.44195198080243,"-VII",4,3.5120805027692,4.93340174438427,
,,,,,,,,,,
23,137,"V",4,3.54766351828414,4.56518117781203,"V",4,3.54766351828414,4.56518117781203,
23,138,"IV",4,5.33156115911168,4.82049162535111,"IV",4,5.33156115911168,4.82049162535111,
23,139,"IV",3,3.11970112186431,4.90588244765863,"IV",3,3.11970112186431,4.90588244765863,
23,140,"V+",4,7.63837228282992,4.79066864263466,"V+",4,7.63837228282992,4.79066864263466,
23,141,"V+",1,4.8842605360468,5.08330267307769,"V+",1,4.8842605360468,5.08330267307769,
23,142,"-VI",2,6.63442048993596,4.55121930946002,"II",2,6.6162731432257,4.55121930946002,0.0181473467102595
23,143,"-VI",1,4.91351373849362,5.44488820896396,"-VI",1,5.73801927491864,5.43668635110113,
23,144,"V",2,4.28020819624173,5.19336252025963,"V",2,3.41632094404926,5.24340233014481,
23,145,"V",3,2.3302278939552,4.64073633275465,"V",3,4.34176936587676,4.56515246829576,
23,146,"-VI",4,3.94245522403732,4.92671331889066,"-VI",3,4.33361207781896,5.13868545323193,
23,147,"-VII",5,3.8355187001336,4.44195198080243,"-VII",4,3.5120805027692,4.93340174438427,
,,,,,,,,,,
24,137,"V",4,3.54766351828414,4.56518117781203,"V",4,3.54766351828414,4.56518117781203,
24,138,"IV",4,5.33156115911168,4.82049162535111,"IV",4,5.33156115911168,4.82049162535111,
24,139,"IV",3,3.11970112186431,4.90588244765863,"IV",3,3.11970112186431,4.90588244765863,
24,140,"V+",4,7.63837228282992,4.79066864263466,"V+",4,7.63837228282992,4.79066864263466,
24,141,"V+",1,4.8842605360468,5.08330267307769,"V+",1,4.8842605360468,5.08330267307769,
24,142,"-VI",2,6.63442048993596,4.55121930946002,"-VII",2,6.6162731432257,4.55121930946002,0.0181473467102595
24,143,"-VI",1,4.91351373849362,5.44488820896396,"-VI",1,5.22752789814902,5.43073042876608,
24,144,"V",2,4.28020819624173,5.19336252025963,"V",2,3.78236856236119,5.24032691211106,
24,145,"V",3,2.3302278939552,4.64073633275465,"V",3,3.27947181771848,4.8303688153336,
24,146,"-VI",4,3.94245522403732,4.92671331889066,"-VI",4,2.91177205132516,4.82049162535111,
24,147,"-VII",5,3.8355187001336,4.44195198080243,"-VII",5,4.09955896352227,3.93337675740636,
,,,,,,,,,,
25,137,"V",4,3.54766351828414,4.56518117781203,"V",4,3.54766351828414,4.56518117781203,
25,138,"IV",4,5.33156115911168,4.82049162535111,"IV",4,5.33156115911168,4.82049162535111,
25,139,"IV",3,3.11970112186431,4.90588244765863,"IV",3,3.11970112186431,4.90588244765863,
25,140,"V+",4,7.63837228282992,4.79066864263466,"V+",4,7.63837228282992,4.79066864263466,
25,141,"V+",1,4.8842605360468,5.08330267307769,"V+",1,4.8842605360468,5.08330267307769,
25,142,"-VI",2,6.63442048993596,4.55121930946002,"-III",2,6.6162731432257,4.55121930946002,0.0181473467102595
25,143,"-VI",1,4.91351373849362,5.44488820896396,"-VI",1,5.12464066883628,5.45532845548536,
25,144,"V",2,4.28020819624173,5.19336252025963,"V",2,4.284395331833,5.35400180335212,
25,145,"V",3,2.3302278939552,4.64073633275465,"V",3,3.54383150549853,4.97156464432999,
25,146,"-VI",4,3.94245522403732,4.92671331889066,"-VI",4,4.6061849942415,4.84321548365174,
25,147,"-VII",5,3.8355187001336,4.44195198080243,"-VII",4,3.5120805027692,4.93340174438427,
,,,,,,,,,,
26,35,"V",4,3.54766351828414,4.56518117781203,"V",4,3.54766351828414,4.56518117781203,
26,36,"IV",4,5.33156115911168,4.82049162535111,"IV",4,5.33156115911168,4.82049162535111,
26,37,"IV",3,3.11970112186431,4.90588244765863,"IV",3,3.11970112186431,4.90588244765863,
26,38,"V+",4,7.63837228282992,4.79066864263466,"V+",4,7.63837228282992,4.79066864263466,
26,39,"V+",1,4.8842605360468,5.08330267307769,"V+",1,4.8842605360468,5.08330267307769,
26,40,"-VI",2,6.63442048993596,4.55121930946002,"III",2,6.65279901925081,4.55121930946002,0.0183785293148544
26,41,"-VI",1,4.91351373849362,5.44488820896396,"-VI",1,6.23828379410634,5.39448276824949,
26,42,"V",2,4.28020819624173,5.19336252025963,"V",1,4.57264979530547,5.44488820896396,
26,43,"V",3,2.3302278939552,4.64073633275465,"V",2,3.90688028084492,5.14840923085487,
26,44,"-VI",4,3.94245522403732,4.92671331889066,"-VI",3,4.33361207781896,5.13868545323193,
26,45,"-VII",5,3.8355187001336,4.44195198080243,"-VII",4,3.5120805027692,4.93340174438427,
,,,,,,,,,,
27,79,"V",4,3.54766351828414,4.56518117781203,"V",4,3.54766351828414,4.56518117781203,
27,80,"IV",4,5.33156115911168,4.82049162535111,"IV",4,5.33156115911168,4.82049162535111,
27,81,"IV",3,3.11970112186431,4.90588244765863,"IV",3,3.11970112186431,4.90588244765863,
27,82,"V+",4,7.63837228282992,4.79066864263466,"V+",4,7.63837228282992,4.79066864263466,
27,83,"V+",1,4.8842605360468,5.08330267307769,"V+",1,4.8842605360468,5.08330267307769,
27,84,"-VI",2,6.63442048993596,4.55121930946002,"III",2,6.65279901925081,4.55121930946002,0.0183785293148544
27,85,"-VI",1,4.91351373849362,5.44488820896396,"-VI",1,6.23828379410634,5.39448276824949,
27,86,"V",2,4.28020819624173,5.19336252025963,"V",1,4.57264979530547,5.44488820896396,
27,87,"V",3,2.3302278939552,4.64073633275465,"V",2,3.90688028084492,5.14840923085487,
27,88,"-VI",4,3.94245522403732,4.92671331889066,"-VI",3,4.33361207781896,5.13868545323193,
27,89,"-VII",5,3.8355187001336,4.44195198080243,"-VII",4,3.5120805027692,4.93340174438427,
,,,,,,,,,,
28,137,"V",4,3.54766351828414,4.56518117781203,"V",4,3.54766351828414,4.56518117781203,
28,138,"IV",4,5.33156115911168,4.82049162535111,"IV",4,5.33156115911168,4.82049162535111,
28,139,"IV",3,3.11970112186431,4.90588244765863,"IV",3,3.11970112186431,4.90588244765863,
28,140,"V+",4,7.63837228282992,4.79066864263466,"V+",4,7.63837228282992,4.79066864263466,
28,141,"V+",1,4.8842605360468,5.08330267307769,"V+",1,4.8842605360468,5.08330267307769,
28,142,"-VI",2,6.63442048993596,4.55121930946002,"III",2,6.65279901925081,4.55121930946002,0.0183785293148544
28,143,"-VI",1,4.91351373849362,5.44488820896396,"-VI",1,6.23828379410634,5.39448276824949,
28,144,"V",2,4.28020819624173,5.19336252025963,"V",1,4.57264979530547,5.44488820896396,
28,145,"V",3,2.3302278939552,4.64073633275465,"V",2,3.90688028084492,5.14840923085487,
28,146,"-VI",4,3.94245522403732,4.92671331889066,"-VI",3,4.33361207781896,5.13868545323193,
28,147,"-VII",5,3.8355187001336,4.44195198080243,"-VII",4,3.5120805027692,4.93340174438427,
,,,,,,,,,,
29,33,"-VI",3,3.55208299800639,4.57692846636608,"-VI",3,3.55208299800639,4.57692846636608,
29,34,"V",4,4.18281633078145,4.14746473324158,"V",4,4.18281633078145,4.14746473324158,
29,35,"V",4,3.54766351828414,4.56518117781203,"V",4,3.54766351828414,4.56518117781203,
29,36,"IV",4,5.33156115911168,4.82049162535111,"IV",4,5.33156115911168,4.82049162535111,
29,37,"IV",3,3.11970112186431,4.90588244765863,"IV",3,3.11970112186431,4.90588244765863,
29,38,"V+",4,7.63837228282992,4.79066864263466,"#io",4,7.61634597649992,4.79066864263466,0.022026306329999
29,39,"V+",1,4.8842605360468,5.08330267307769,"V+",1,6.86667976981058,4.94130803864892,
29,40,"-VI",2,6.63442048993596,4.55121930946002,"-VI",1,6.27918445464004,5.08330267307769,
29,41,"-VI",1,4.91351373849362,5.44488820896396,"-VI",1,4.91351373849362,5.44488820896396,
29,42,"V",2,4.28020819624173,5.19336252025963,"V",2,4.28020819624173,5.19336252025963,
29,43,"V",3,2.3302278939552,4.64073633275465,"V",3,2.3302278939552,4.64073633275465,
,,,,,,,,,,
30,77,"-VI",3,3.55208299800639,4.57692846636608,"-VI",3,3.55208299800639,4.57692846636608,
30,78,"V",4,4.18281633078145,4.14746473324158,"V",4,4.18281633078145,4.14746473324158,
30,79,"V",4,3.54766351828414,4.56518117781203,"V",4,3.54766351828414,4.56518117781203,
30,80,"IV",4,5.33156115911168,4.82049162535111,"IV",4,5.33156115911168,4.82049162535111,
30,81,"IV",3,3.11970112186431,4.90588244765863,"IV",3,3.11970112186431,4.90588244765863,
30,82,"V+",4,7.63837228282992,4.79066864263466,"#io",4,7.61634597649992,4.79066864263466,0.022026306329999
30,83,"V+",1,4.8842605360468,5.08330267307769,"V+",1,6.86667976981058,4.94130803864892,
30,84,"-VI",2,6.63442048993596,4.55121930946002,"-VI",1,6.27918445464004,5.08330267307769,
30,85,"-VI",1,4.91351373849362,5.44488820896396,"-VI",1,4.91351373849362,5.44488820896396,
30,86,"V",2,4.28020819624173,5.19336252025963,"V",2,4.28020819624173,5.19336252025963,
30,87,"V",3,2.3302278939552,4.64073633275465,"V",3,2.3302278939552,4.64073633275465,
,,,,,,,,,,
31,135,"-VI",3,3.55208299800639,4.57692846636608,"-VI",3,3.55208299800639,4.57692846636608,
31,136,"V",4,4.18281633078145,4.14746473324158,"V",4,4.18281633078145,4.14746473324158,
31,137,"V",4,3.54766351828414,4.56518117781203,"V",4,3.54766351828414,4.56518117781203,
31,138,"IV",4,5.33156115911168,4.82049162535111,"IV",4,5.33156115911168,4.82049162535111,
31,139,"IV",3,3.11970112186431,4.90588244765863,"IV",3,3.11970112186431,4.90588244765863,
31,140,"V+",4,7.63837228282992,4.79066864263466,"#io",4,7.61634597649992,4.79066864263466,0.022026306329999
31,141,"V+",1,4.8842605360468,5.08330267307769,"V+",1,6.86667976981058,4.94130803864892,
31,142,"-VI",2,6.63442048993596,4.55121930946002,"-VI",1,6.27918445464004,5.08330267307769,
31,143,"-VI",1,4.91351373849362,5.44488820896396,"-VI",1,4.91351373849362,5.44488820896396,
31,144,"V",2,4.28020819624173,5.19336252025963,"V",2,4.28020819624173,5.19336252025963,
31,145,"V",3,2.3302278939552,4.64073633275465,"V",3,2.3302278939552,4.64073633275465,
,,,,,,,,,,
32,37,"IV",3,3.11970112186431,4.90588244765863,"IV",3,3.11970112186431,4.90588244765863,
32,38,"V+",4,7.63837228282992,4.79066864263466,"V+",4,7.63837228282992,4.79066864263466,
32,39,"V+",1,4.8842605360468,5.08330267307769,"V+",1,4.8842605360468,5.08330267307769,
32,40,"-VI",2,6.63442048993596,4.55121930946002,"-VI",2,6.63442048993596,4.55121930946002,
32,41,"-VI",1,4.91351373849362,5.44488820896396,"-VI",1,4.91351373849362,5.44488820896396,
32,42,"V",2,4.28020819624173,5.19336252025963,"v",2,4.30292316230202,5.19336252025963,0.0227149660602883
32,43,"V",3,2.3302278939552,4.64073633275465,"V",3,3.03582465523004,4.5384886101807,
32,44,"-VI",4,3.94245522403732,4.92671331889066,"-VI",4,2.40651301165323,4.04828662000771,
32,45,"-VII",5,3.8355187001336,4.44195198080243,"-VII",4,0.611876424572414,2.63784142405694,
32,46,"i",4,3.7778909125011,4.19283720038176,"i",6,1.52445965109952,3.90869412577392,
32,47,"i",4,2.08817150363487,4.36000834613836,"i",5,2.4707483186414,3.81710949735765,
,,,,,,,,,,
33,81,"IV",3,3.11970112186431,4.90588244765863,"IV",3,3.11970112186431,4.90588244765863,
33,82,"V+",4,7.63837228282992,4.79066864263466,"V+",4,7.63837228282992,4.79066864263466,
33,83,"V+",1,4.8842605360468,5.08330267307769,"V+",1,4.8842605360468,5.08330267307769,
33,84,"-VI",2,6.63442048993596,4.55121930946002,"-VI",2,6.63442048993596,4.55121930946002,
33,85,"-VI",1,4.91351373849362,5.44488820896396,"-VI",1,4.91351373849362,5.44488820896396,
33,86,"V",2,4.28020819624173,5.19336252025963,"v",2,4.30292316230202,5.19336252025963,0.0227149660602883
33,87,"V",3,2.3302278939552,4.64073633275465,"V",3,3.03582465523004,4.5384886101807,
33,88,"-VI",4,3.94245522403732,4.92671331889066,"-VI",4,2.40651301165323,4.04828662000771,
33,89,"-VII",5,3.8355187001336,4.44195198080243,"-VII",4,0.611876424572414,2.63784142405694,
33,90,"i",4,3.7778909125011,4.19283720038176,"i",6,1.52445965109952,3.90869412577392,
33,91,"i",4,2.08817150363487,4.36000834613836,"i",5,2.4707483186414,3.81710949735765,
,,,,,,,,,,
34,139,"IV",3,3.11970112186431,4.90588244765863,"IV",3,3.11970112186431,4.90588244765863,
34,140,"V+",4,7.63837228282992,4.79066864263466,"V+",4,7.63837228282992,4.79066864263466,
34,141,"V+",1,4.8842605360468,5.08330267307769,"V+",1,4.8842605360468,5.08330267307769,
34,142,"-VI",2,6.63442048993596,4.55121930946002,"-VI",2,6.63442048993596,4.55121930946002,
34,143,"-VI",1,4.91351373849362,5.44488820896396,"-VI",1,4.91351373849362,5.44488820896396,
34,144,"V",2,4.28020819624173,5.19336252025963,"v",2,4.30292316230202,5.19336252025963,0.0227149660602883
34,145,"V",3,2.3302278939552,4.64073633275465,"V",3,3.03582465523004,4.5384886101807,
34,146,"-VI",4,3.94245522403732,4.92671331889066,"-VI",4,2.40651301165323,4.04828662000771,
34,147,"-VII",5,3.8355187001336,4.44195198080243,"-VII",4,0.611876424572414,2.63784142405694,
34,148,"i",4,3.7778909125011,4.19283720038176,"i",6,1.52445965109952,3.90869412577392,
34,149,"i",4,2.08817150363487,4.36000834613836,"i",5,2.4707483186414,3.81710949735765,
,,,,,,,,,,
35,19,"i",8,2.64666283276828,3.58051376550705,"i",8,2.64666283276828,3.58051376550705,
35,20,"i",8,2.39778549030269,3.9128124952793,"i",8,2.39778549030269,3.9128124952793,
35,21,"I",8,5.6497120920152,3.75208683214969,"I",8,5.6497120920152,3.75208683214969,
35,22,"-VI",6,3.23236776438748,4.4511405390007,"-VI",6,3.23236776438748,4.4511405390007,
35,23,"-VII",4,5.68252714884796,2.92694709557464,"-VII",4,5.68252714884796,2.92694709557464,
35,24,"-VI",3,3.55208299800639,4.57692846636608,"v",3,3.58273127020373,4.57692846636608,0.0306482721973431
35,25,"V",4,4.18281633078145,4.14746473324158,"V",4,4.62733072469122,4.53147731002771,
35,26,"V",4,3.54766351828414,4.56518117781203,"V",3,4.32065398052088,4.80602854370404,
35,27,"i",4,4.45888879293888,4.82049162535111,"i",3,5.18183906098216,5.0537776713553,
35,28,"i",4,2.62078163301723,4.95937622168799,"i",3,3.30568439650609,5.17360794621513,
35,29,"i",5,2.83405305870133,4.77681868491277,"i",4,3.07673352594885,4.91374779600052,
,,,,,,,,,,
36,28,"i",4,2.62078163301723,4.95937622168799,"i",4,2.62078163301723,4.95937622168799,
36,29,"i",5,2.83405305870133,4.77681868491277,"i",5,2.83405305870133,4.77681868491277,
36,30,"I",6,5.59116378590664,4.56670734226288,"I",6,5.59116378590664,4.56670734226288,
36,31,"-VI",4,3.60812082697183,4.84995745724254,"-VI",4,3.60812082697183,4.84995745724254,
36,32,"-VII",4,5.68252714884796,2.92694709557464,"-VII",4,5.68252714884796,2.92694709557464,
36,33,"-VI",3,3.55208299800639,4.57692846636608,"v",3,3.58273127020373,4.57692846636608,0.0306482721973431
36,34,"V",4,4.18281633078145,4.14746473324158,"V",4,4.62733072469122,4.53147731002771,
36,35,"V",4,3.54766351828414,4.56518117781203,"V",3,4.32065398052088,4.80602854370404,
36,36,"IV",4,5.33156115911168,4.82049162535111,"IV",3,5.0302897662541,5.0537776713553,
36,37,"IV",3,3.11970112186431,4.90588244765863,"IV",3,3.11970112186431,4.90588244765863,
36,38,"V+",4,7.63837228282992,4.79066864263466,"V+",4,7.63837228282992,4.79066864263466,
,,,,,,,,,,
37,63,"i",5,1.87785959792149,4.38495542731202,"i",5,1.87785959792149,4.38495542731202,
37,64,"i",6,2.20493403369293,4.39620764124367,"i",6,2.20493403369293,4.39620764124367,
37,65,"I",5,7.65011006249772,1.50023261448746,"I",5,7.65011006249772,1.50023261448746,
37,66,"-VI",4,3.60812082697183,4.84995745724254,"-VI",4,3.60812082697183,4.84995745724254,
37,67,"-VII",4,5.68252714884796,2.92694709557464,"-VII",4,5.68252714884796,2.92694709557464,
37,68,"-VI",3,3.55208299800639,4.57692846636608,"v",3,3.58273127020373,4.57692846636608,0.0306482721973431
37,69,"V",4,4.18281633078145,4.14746473324158,"V",4,4.62733072469122,4.53147731002771,
37,70,"V",4,3.54766351828414,4.56518117781203,"V",3,4.32065398052088,4.80602854370404,
37,71,"i",4,4.45888879293888,4.82049162535111,"i",3,5.18183906098216,5.0537776713553,
37,72,"i",4,2.62078163301723,4.95937622168799,"i",3,3.30568439650609,5.17360794621513,
37,73,"i",5,2.83405305870133,4.77681868491277,"i",4,3.07673352594885,4.91374779600052,
,,,,,,,,,,
38,72,"i",4,2.62078163301723,4.95937622168799,"i",4,2.62078163301723,4.95937622168799,
38,73,"i",5,2.83405305870133,4.77681868491277,"i",5,2.83405305870133,4.77681868491277,
38,74,"I",6,5.59116378590664,4.56670734226288,"I",6,5.59116378590664,4.56670734226288,
38,75,"-VI",4,3.60812082697183,4.84995745724254,"-VI",4,3.60812082697183,4.84995745724254,
38,76,"-VII",4,5.68252714884796,2.92694709557464,"-VII",4,5.68252714884796,2.92694709557464,
38,77,"-VI",3,3.55208299800639,4.57692846636608,"v",3,3.58273127020373,4.57692846636608,0.0306482721973431
38,78,"V",4,4.18281633078145,4.14746473324158,"V",4,4.62733072469122,4.53147731002771,
38,79,"V",4,3.54766351828414,4.56518117781203,"V",3,4.32065398052088,4.80602854370404,
38,80,"IV",4,5.33156115911168,4.82049162535111,"IV",3,5.0302897662541,5.0537776713553,
38,81,"IV",3,3.11970112186431,4.90588244765863,"IV",3,3.11970112186431,4.90588244765863,
38,82,"V+",4,7.63837228282992,4.79066864263466,"V+",4,7.63837228282992,4.79066864263466,
,,,,,,,,,,
39,121,"i",3,3.36552075545301,5.08232958709596,"i",3,3.36552075545301,5.08232958709596,
39,122,"i",4,2.40718285709527,4.8134249494216,"i",4,2.40718285709527,4.8134249494216,
39,123,"I",5,5.36868475058382,4.2812815879748,"I",5,5.36868475058382,4.2812815879748,
39,124,"-VI",5,3.73213412300395,4.66963114303643,"-VI",5,3.73213412300395,4.66963114303643,
39,125,"-VII",4,5.68252714884796,2.92694709557464,"-VII",4,5.68252714884796,2.92694709557464,
39,126,"-VI",3,3.55208299800639,4.57692846636608,"v",3,3.58273127020373,4.57692846636608,0.0306482721973431
39,127,"V",4,4.18281633078145,4.14746473324158,"V",4,4.62733072469122,4.53147731002771,
39,128,"V",4,3.54766351828414,4.56518117781203,"V",3,4.32065398052088,4.80602854370404,
39,129,"i",4,4.45888879293888,4.82049162535111,"i",3,5.18183906098216,5.0537776713553,
39,130,"i",4,2.62078163301723,4.95937622168799,"i",3,3.30568439650609,5.17360794621513,
39,131,"i",5,2.83405305870133,4.77681868491277,"i",4,3.07673352594885,4.91374779600052,
,,,,,,,,,,
40,130,"i",4,2.62078163301723,4.95937622168799,"i",4,2.62078163301723,4.95937622168799,
40,131,"i",5,2.83405305870133,4.77681868491277,"i",5,2.83405305870133,4.77681868491277,
40,132,"I",6,5.59116378590664,4.56670734226288,"I",6,5.59116378590664,4.56670734226288,
40,133,"-VI",4,3.60812082697183,4.84995745724254,"-VI",4,3.60812082697183,4.84995745724254,
40,134,"-VII",4,5.68252714884796,2.92694709557464,"-VII",4,5.68252714884796,2.92694709557464,
40,135,"-VI",3,3.55208299800639,4.57692846636608,"v",3,3.58273127020373,4.57692846636608,0.0306482721973431
40,136,"V",4,4.18281633078145,4.14746473324158,"V",4,4.62733072469122,4.53147731002771,
40,137,"V",4,3.54766351828414,4.56518117781203,"V",3,4.32065398052088,4.80602854370404,
40,138,"IV",4,5.33156115911168,4.82049162535111,"IV",3,5.0302897662541,5.0537776713553,
40,139,"IV",3,3.11970112186431,4.90588244765863,"IV",3,3.11970112186431,4.90588244765863,
40,140,"V+",4,7.63837228282992,4.79066864263466,"V+",4,7.63837228282992,4.79066864263466,
,,,,,,,,,,
41,103,"iv",10,3.50111179417139,4.46983920091857,"iv",10,3.50111179417139,4.46983920091857,
41,104,"-III",8,5.39571543762668,4.82206406047098,"-III",8,5.39571543762668,4.82206406047098,
41,105,"ii",3,6.10647752652817,4.98254158274835,"ii",3,6.10647752652817,4.98254158274835,
41,106,"V",2,3.87904145530107,5.3281910714934,"V",2,3.87904145530107,5.3281910714934,
41,107,"i",3,5.87199426389752,4.9206858211047,"i",3,5.87199426389752,4.9206858211047,
41,108,"-III",3,5.16329081322523,4.87682781712442,"-VI",3,5.1299888380744,4.87682781712442,0.0333019751508274
41,109,"ii",3,6.4403438420582,4.37862627129919,"ii",3,6.67329191593882,4.73542389080896,
41,110,"V",2,3.87904145530107,5.3281910714934,"V",2,2.96657449229635,5.14997960266273,
41,111,"i",3,5.87199426389752,4.9206858211047,"i",3,5.7803075157778,4.87209123008516,
41,112,"-III",3,5.16329081322523,4.87682781712442,"-III",3,5.16329081322523,4.87682781712442,
41,113,"ii",3,6.4403438420582,4.37862627129919,"ii",3,6.4403438420582,4.37862627129919,
,,,,,,,,,,
42,107,"i",3,5.87199426389752,4.9206858211047,"i",3,5.87199426389752,4.9206858211047,
42,108,"-III",3,5.16329081322523,4.87682781712442,"-III",3,5.16329081322523,4.87682781712442,
42,109,"ii",3,6.4403438420582,4.37862627129919,"ii",3,6.4403438420582,4.37862627129919,
42,110,"V",2,3.87904145530107,5.3281910714934,"V",2,3.87904145530107,5.3281910714934,
42,111,"i",3,5.87199426389752,4.9206858211047,"i",3,5.87199426389752,4.9206858211047,
42,112,"-III",3,5.16329081322523,4.87682781712442,"-VI",3,5.1299888380744,4.87682781712442,0.0333019751508274
42,113,"ii",3,6.4403438420582,4.37862627129919,"ii",3,6.67329191593882,4.73542389080896,
42,114,"V",2,3.87904145530107,5.3281910714934,"V",2,2.96657449229635,5.14997960266273,
42,115,"i",3,5.87199426389752,4.9206858211047,"i",3,5.7803075157778,4.87209123008516,
42,116,"-III",3,5.16329081322523,4.87682781712442,"-III",3,5.16329081322523,4.87682781712442,
42,117,"ii",3,6.4403438420582,4.37862627129919,"ii",3,6.4403438420582,4.37862627129919,
,,,,,,,,,,
43,111,"i",3,5.87199426389752,4.9206858211047,"i",3,5.87199426389752,4.9206858211047,
43,112,"-III",3,5.16329081322523,4.87682781712442,"-III",3,5.16329081322523,4.87682781712442,
43,113,"ii",3,6.4403438420582,4.37862627129919,"ii",3,6.4403438420582,4.37862627129919,
43,114,"V",2,3.87904145530107,5.3281910714934,"V",2,3.87904145530107,5.3281910714934,
43,115,"i",3,5.87199426389752,4.9206858211047,"i",3,5.87199426389752,4.9206858211047,
43,116,"-III",3,5.16329081322523,4.87682781712442,"-VI",3,5.1299888380744,4.87682781712442,0.0333019751508274
43,117,"ii",3,6.4403438420582,4.37862627129919,"ii",3,6.67329191593882,4.73542389080896,
43,118,"V",2,3.87904145530107,5.3281910714934,"V",2,2.96657449229635,5.14997960266273,
43,119,"i",3,5.87199426389752,4.9206858211047,"i",3,5.7803075157778,4.87209123008516,
43,120,"i",3,4.26509309374809,4.87682781712442,"i",3,4.26509309374809,4.87682781712442,
43,121,"i",3,3.36552075545301,5.08232958709596,"i",3,3.36552075545301,5.08232958709596,
,,,,,,,,,,
44,31,"-VI",4,3.60812082697183,4.84995745724254,"-VI",4,3.60812082697183,4.84995745724254,
44,32,"-VII",4,5.68252714884796,2.92694709557464,"-VII",4,5.68252714884796,2.92694709557464,
44,33,"-VI",3,3.55208299800639,4.57692846636608,"-VI",3,3.55208299800639,4.57692846636608,
44,34,"V",4,4.18281633078145,4.14746473324158,"V",4,4.18281633078145,4.14746473324158,
44,35,"V",4,3.54766351828414,4.56518117781203,"V",4,3.54766351828414,4.56518117781203,
44,36,"IV",4,5.33156115911168,4.82049162535111,"ii",4,5.29510772817426,4.82049162535111,0.0364534309374198
44,37,"IV",3,3.11970112186431,4.90588244765863,"IV",4,4.43467916174701,4.56156766367434,
44,38,"V+",4,7.63837228282992,4.79066864263466,"V+",4,7.89149764919729,4.19690497774479,
44,39,"V+",1,4.8842605360468,5.08330267307769,"V+",1,4.8842605360468,5.08330267307769,
44,40,"-VI",2,6.63442048993596,4.55121930946002,"-VI",2,6.63442048993596,4.55121930946002,
44,41,"-VI",1,4.91351373849362,5.44488820896396,"-VI",1,4.91351373849362,5.44488820896396,
,,,,,,,,,,
45,75,"-VI",4,3.60812082697183,4.84995745724254,"-VI",4,3.60812082697183,4.84995745724254,
45,76,"-VII",4,5.68252714884796,2.92694709557464,"-VII",4,5.68252714884796,2.92694709557464,
45,77,"-VI",3,3.55208299800639,4.57692846636608,"-VI",3,3.55208299800639,4.57692846636608,
45,78,"V",4,4.18281633078145,4.14746473324158,"V",4,4.18281633078145,4.14746473324158,
45,79,"V",4,3.54766351828414,4.56518117781203,"V",4,3.54766351828414,4.56518117781203,
45,80,"IV",4,5.33156115911168,4.82049162535111,"ii",4,5.29510772817426,4.82049162535111,0.0364534309374198
45,81,"IV",3,3.11970112186431,4.90588244765863,"IV",4,4.43467916174701,4.56156766367434,
45,82,"V+",4,7.63837228282992,4.79066864263466,"V+",4,7.89149764919729,4.19690497774479,
45,83,"V+",1,4.8842605360468,5.08330267307769,"V+",1,4.8842605360468,5.08330267307769,
45,84,"-VI",2,6.63442048993596,4.55121930946002,"-VI",2,6.63442048993596,4.55121930946002,
45,85,"-VI",1,4.91351373849362,5.44488820896396,"-VI",1,4.91351373849362,5.44488820896396,
,,,,,,,,,,
46,133,"-VI",4,3.60812082697183,4.84995745724254,"-VI",4,3.60812082697183,4.84995745724254,
46,134,"-VII",4,5.68252714884796,2.92694709557464,"-VII",4,5.68252714884796,2.92694709557464,
46,135,"-VI",3,3.55208299800639,4.57692846636608,"-VI",3,3.55208299800639,4.57692846636608,
46,136,"V",4,4.18281633078145,4.14746473324158,"V",4,4.18281633078145,4.14746473324158,
46,137,"V",4,3.54766351828414,4.56518117781203,"V",4,3.54766351828414,4.56518117781203,
46,138,"IV",4,5.33156115911168,4.82049162535111,"ii",4,5.29510772817426,4.82049162535111,0.0364534309374198
46,139,"IV",3,3.11970112186431,4.90588244765863,"IV",4,4.43467916174701,4.56156766367434,
46,140,"V+",4,7.63837228282992,4.79066864263466,"V+",4,7.89149764919729,4.19690497774479,
46,141,"V+",1,4.8842605360468,5.08330267307769,"V+",1,4.8842605360468,5.08330267307769,
46,142,"-VI",2,6.63442048993596,4.55121930946002,"-VI",2,6.63442048993596,4.55121930946002,
46,143,"-VI",1,4.91351373849362,5.44488820896396,"-VI",1,4.91351373849362,5.44488820896396,
,,,,,,,,,,
47,35,"V",4,3.54766351828414,4.56518117781203,"V",4,3.54766351828414,4.56518117781203,
47,36,"IV",4,5.33156115911168,4.82049162535111,"IV",4,5.33156115911168,4.82049162535111,
47,37,"IV",3,3.11970112186431,4.90588244765863,"IV",3,3.11970112186431,4.90588244765863,
47,38,"V+",4,7.63837228282992,4.79066864263466,"V+",4,7.63837228282992,4.79066864263466,
47,39,"V+",1,4.8842605360468,5.08330267307769,"V+",1,4.8842605360468,5.08330267307769,
47,40,"-VI",2,6.63442048993596,4.55121930946002,"v",2,6.67141469741816,4.55121930946002,0.0369942074822021
47,41,"-VI",1,4.91351373849362,5.44488820896396,"-VI",1,5.20051925974212,5.40494135849094,
47,42,"V",2,4.28020819624173,5.19336252025963,"V",2,4.33657600200423,5.32692242901869,
47,43,"V",3,2.3302278939552,4.64073633275465,"V",3,4.55987751404978,3.97997639750653,
47,44,"-VI",4,3.94245522403732,4.92671331889066,"-VI",3,4.33361207781896,5.13868545323193,
47,45,"-VII",5,3.8355187001336,4.44195198080243,"-VII",4,3.5120805027692,4.93340174438427,
,,,,,,,,,,
48,79,"V",4,3.54766351828414,4.56518117781203,"V",4,3.54766351828414,4.56518117781203,
48,80,"IV",4,5.33156115911168,4.82049162535111,"IV",4,5.33156115911168,4.82049162535111,
48,81,"IV",3,3.11970112186431,4.90588244765863,"IV",3,3.11970112186431,4.90588244765863,
48,82,"V+",4,7.63837228282992,4.79066864263466,"V+",4,7.63837228282992,4.79066864263466,
48,83,"V+",1,4.8842605360468,5.08330267307769,"V+",1,4.8842605360468,5.08330267307769,
48,84,"-VI",2,6.63442048993596,4.55121930946002,"v",2,6.67141469741816,4.55121930946002,0.0369942074822021
48,85,"-VI",1,4.91351373849362,5.44488820896396,"-VI",1,5.20051925974212,5.40494135849094,
48,86,"V",2,4.28020819624173,5.19336252025963,"V",2,4.33657600200423,5.32692242901869,
48,87,"V",3,2.3302278939552,4.64073633275465,"V",3,4.55987751404978,3.97997639750653,
48,88,"-VI",4,3.94245522403732,4.92671331889066,"-VI",3,4.33361207781896,5.13868545323193,
48,89,"-VII",5,3.8355187001336,4.44195198080243,"-VII",4,3.5120805027692,4.93340174438427,
,,,,,,,,,,
49,137,"V",4,3.54766351828414,4.56518117781203,"V",4,3.54766351828414,4.56518117781203,
49,138,"IV",4,5.33156115911168,4.82049162535111,"IV",4,5.33156115911168,4.82049162535111,
49,139,"IV",3,3.11970112186431,4.90588244765863,"IV",3,3.11970112186431,4.90588244765863,
49,140,"V+",4,7.63837228282992,4.79066864263466,"V+",4,7.63837228282992,4.79066864263466,
49,141,"V+",1,4.8842605360468,5.08330267307769,"V+",1,4.8842605360468,5.08330267307769,
49,142,"-VI",2,6.63442048993596,4.55121930946002,"v",2,6.67141469741816,4.55121930946002,0.0369942074822021
49,143,"-VI",1,4.91351373849362,5.44488820896396,"-VI",1,5.20051925974212,5.40494135849094,
49,144,"V",2,4.28020819624173,5.19336252025963,"V",2,4.33657600200423,5.32692242901869,
49,145,"V",3,2.3302278939552,4.64073633275465,"V",3,4.55987751404978,3.97997639750653,
49,146,"-VI",4,3.94245522403732,4.92671331889066,"-VI",3,4.33361207781896,5.13868545323193,
49,147,"-VII",5,3.8355187001336,4.44195198080243,"-VII",4,3.5120805027692,4.93340174438427,
,,,,,,,,,,
50,33,"-VI",3,3.55208299800639,4.57692846636608,"-VI",3,3.55208299800639,4.57692846636608,
50,34,"V",4,4.18281633078145,4.14746473324158,"V",4,4.18281633078145,4.14746473324158,
50,35,"V",4,3.54766351828414,4.56518117781203,"V",4,3.54766351828414,4.56518117781203,
50,36,"IV",4,5.33156115911168,4.82049162535111,"IV",4,5.33156115911168,4.82049162535111,
50,37,"IV",3,3.11970112186431,4.90588244765863,"IV",3,3.11970112186431,4.90588244765863,
50,38,"V+",4,7.63837228282992,4.79066864263466,"I+",4,7.5953688427336,4.79066864263466,0.0430034400963182
50,39,"V+",1,4.8842605360468,5.08330267307769,"V+",2,7.20359271420771,4.10938912739565,
50,40,"-VI",2,6.63442048993596,4.55121930946002,"-VI",1,6.27918445464004,5.08330267307769,
50,41,"-VI",1,4.91351373849362,5.44488820896396,"-VI",1,4.91351373849362,5.44488820896396,
50,42,"V",2,4.28020819624173,5.19336252025963,"V",2,4.28020819624173,5.19336252025963,
50,43,"V",3,2.3302278939552,4.64073633275465,"V",3,2.3302278939552,4.64073633275465,
,,,,,,,,,,
51,77,"-VI",3,3.55208299800639,4.57692846636608,"-VI",3,3.55208299800639,4.57692846636608,
51,78,"V",4,4.18281633078145,4.14746473324158,"V",4,4.18281633078145,4.14746473324158,
51,79,"V",4,3.54766351828414,4.56518117781203,"V",4,3.54766351828414,4.56518117781203,
51,80,"IV",4,5.33156115911168,4.82049162535111,"IV",4,5.33156115911168,4.82049162535111,
51,81,"IV",3,3.11970112186431,4.90588244765863,"IV",3,3.11970112186431,4.90588244765863,
51,82,"V+",4,7.63837228282992,4.79066864263466,"I+",4,7.5953688427336,4.79066864263466,0.0430034400963182
51,83,"V+",1,4.8842605360468,5.08330267307769,"V+",2,7.20359271420771,4.10938912739565,
51,84,"-VI",2,6.63442048993596,4.55121930946002,"-VI",1,6.27918445464004,5.08330267307769,
51,85,"-VI",1,4.91351373849362,5.44488820896396,"-VI",1,4.91351373849362,5.44488820896396,
51,86,"V",2,4.28020819624173,5.19336252025963,"V",2,4.28020819624173,5.19336252025963,
51,87,"V",3,2.3302278939552,4.64073633275465,"V",3,2.3302278939552,4.64073633275465,
,,,,,,,,,,
52,135,"-VI",3,3.55208299800639,4.57692846636608,"-VI",3,3.55208299800639,4.57692846636608,
52,136,"V",4,4.18281633078145,4.14746473324158,"V",4,4.18281633078145,4.14746473324158,
52,137,"V",4,3.54766351828414,4.56518117781203,"V",4,3.54766351828414,4.56518117781203,
52,138,"IV",4,5.33156115911168,4.82049162535111,"IV",4,5.33156115911168,4.82049162535111,
52,139,"IV",3,3.11970112186431,4.90588244765863,"IV",3,3.11970112186431,4.90588244765863,
52,140,"V+",4,7.63837228282992,4.79066864263466,"I+",4,7.5953688427336,4.79066864263466,0.0430034400963182
52,141,"V+",1,4.8842605360468,5.08330267307769,"V+",2,7.20359271420771,4.10938912739565,
52,142,"-VI",2,6.63442048993596,4.55121930946002,"-VI",1,6.27918445464004,5.08330267307769,
52,143,"-VI",1,4.91351373849362,5.44488820896396,"-VI",1,4.91351373849362,5.44488820896396,
52,144,"V",2,4.28020819624173,5.19336252025963,"V",2,4.28020819624173,5.19336252025963,
52,145,"V",3,2.3302278939552,4.64073633275465,"V",3,2.3302278939552,4.64073633275465,
,,,,,,,,,,
53,33,"-VI",3,3.55208299800639,4.57692846636608,"-VI",3,3.55208299800639,4.57692846636608,
53,34,"V",4,4.18281633078145,4.14746473324158,"V",4,4.18281633078145,4.14746473324158,
53,35,"V",4,3.54766351828414,4.56518117781203,"V",4,3.54766351828414,4.56518117781203,
53,36,"IV",4,5.33156115911168,4.82049162535111,"IV",4,5.33156115911168,4.82049162535111,
53,37,"IV",3,3.11970112186431,4.90588244765863,"IV",3,3.11970112186431,4.90588244765863,
53,38,"V+",4,7.63837228282992,4.79066864263466,"-iii",4,7.5946509054006,4.79066864263466,0.0437213774293186
53,39,"V+",1,4.8842605360468,5.08330267307769,"V+",1,6.49308564236012,5.46402125665485,
53,40,"-VI",2,6.63442048993596,4.55121930946002,"-VI",1,6.27918445464004,5.08330267307769,
53,41,"-VI",1,4.91351373849362,5.44488820896396,"-VI",1,4.91351373849362,5.44488820896396,
53,42,"V",2,4.28020819624173,5.19336252025963,"V",2,4.28020819624173,5.19336252025963,
53,43,"V",3,2.3302278939552,4.64073633275465,"V",3,2.3302278939552,4.64073633275465,
,,,,,,,,,,
54,77,"-VI",3,3.55208299800639,4.57692846636608,"-VI",3,3.55208299800639,4.57692846636608,
54,78,"V",4,4.18281633078145,4.14746473324158,"V",4,4.18281633078145,4.14746473324158,
54,79,"V",4,3.54766351828414,4.56518117781203,"V",4,3.54766351828414,4.56518117781203,
54,80,"IV",4,5.33156115911168,4.82049162535111,"IV",4,5.33156115911168,4.82049162535111,
54,81,"IV",3,3.11970112186431,4.90588244765863,"IV",3,3.11970112186431,4.90588244765863,
54,82,"V+",4,7.63837228282992,4.79066864263466,"-iii",4,7.5946509054006,4.79066864263466,0.0437213774293186
54,83,"V+",1,4.8842605360468,5.08330267307769,"V+",1,6.49308564236012,5.46402125665485,
54,84,"-VI",2,6.63442048993596,4.55121930946002,"-VI",1,6.27918445464004,5.08330267307769,
54,85,"-VI",1,4.91351373849362,5.44488820896396,"-VI",1,4.91351373849362,5.44488820896396,
54,86,"V",2,4.28020819624173,5.19336252025963,"V",2,4.28020819624173,5.19336252025963,
54,87,"V",3,2.3302278939552,4.64073633275465,"V",3,2.3302278939552,4.64073633275465,
,,,,,,,,,,
55,135,"-VI",3,3.55208299800639,4.57692846636608,"-VI",3,3.55208299800639,4.57692846636608,
55,136,"V",4,4.18281633078145,4.14746473324158,"V",4,4.18281633078145,4.14746473324158,
55,137,"V",4,3.54766351828414,4.56518117781203,"V",4,3.54766351828414,4.56518117781203,
55,138,"IV",4,5.33156115911168,4.82049162535111,"IV",4,5.33156115911168,4.82049162535111,
55,139,"IV",3,3.11970112186431,4.90588244765863,"IV",3,3.11970112186431,4.90588244765863,
55,140,"V+",4,7.63837228282992,4.79066864263466,"-iii",4,7.5946509054006,4.79066864263466,0.0437213774293186
55,141,"V+",1,4.8842605360468,5.08330267307769,"V+",1,6.49308564236012,5.46402125665485,
55,142,"-VI",2,6.63442048993596,4.55121930946002,"-VI",1,6.27918445464004,5.08330267307769,
55,143,"-VI",1,4.91351373849362,5.44488820896396,"-VI",1,4.91351373849362,5.44488820896396,
55,144,"V",2,4.28020819624173,5.19336252025963,"V",2,4.28020819624173,5.19336252025963,
55,145,"V",3,2.3302278939552,4.64073633275465,"V",3,2.3302278939552,4.64073633275465,
,,,,,,,,,,
56,33,"-VI",3,3.55208299800639,4.57692846636608,"-VI",3,3.55208299800639,4.57692846636608,
56,34,"V",4,4.18281633078145,4.14746473324158,"V",4,4.18281633078145,4.14746473324158,
56,35,"V",4,3.54766351828414,4.56518117781203,"V",4,3.54766351828414,4.56518117781203,
56,36,"IV",4,5.33156115911168,4.82049162535111,"IV",4,5.33156115911168,4.82049162535111,
56,37,"IV",3,3.11970112186431,4.90588244765863,"IV",3,3.11970112186431,4.90588244765863,
56,38,"V+",4,7.63837228282992,4.79066864263466,"#I",4,7.68346017235845,4.79066864263466,0.0450878895285376
56,39,"V+",1,4.8842605360468,5.08330267307769,"V+",1,6.70231656134232,5.15234662524562,
56,40,"-VI",2,6.63442048993596,4.55121930946002,"-VI",1,6.27918445464004,5.08330267307769,
56,41,"-VI",1,4.91351373849362,5.44488820896396,"-VI",1,4.91351373849362,5.44488820896396,
56,42,"V",2,4.28020819624173,5.19336252025963,"V",2,4.28020819624173,5.19336252025963,
56,43,"V",3,2.3302278939552,4.64073633275465,"V",3,2.3302278939552,4.64073633275465,
,,,,,,,,,,
57,33,"-VI",3,3.55208299800639,4.57692846636608,"-VI",3,3.55208299800639,4.57692846636608,
57,34,"V",4,4.18281633078145,4.14746473324158,"V",4,4.18281633078145,4.14746473324158,
57,35,"V",4,3.54766351828414,4.56518117781203,"V",4,3.54766351828414,4.56518117781203,
57,36,"IV",4,5.33156115911168,4.82049162535111,"IV",4,5.33156115911168,4.82049162535111,
57,37,"IV",3,3.11970112186431,4.90588244765863,"IV",3,3.11970112186431,4.90588244765863,
57,38,"V+",4,7.63837228282992,4.79066864263466,"#iv",4,7.68346017235845,4.79066864263466,0.0450878895285376
57,39,"V+",1,4.8842605360468,5.08330267307769,"V+",1,6.68272454249402,5.10377552912955,
57,40,"-VI",2,6.63442048993596,4.55121930946002,"-VI",1,6.27918445464004,5.08330267307769,
57,41,"-VI",1,4.91351373849362,5.44488820896396,"-VI",1,4.91351373849362,5.44488820896396,
57,42,"V",2,4.28020819624173,5.19336252025963,"V",2,4.28020819624173,5.19336252025963,
57,43,"V",3,2.3302278939552,4.64073633275465,"V",3,2.3302278939552,4.64073633275465,
,,,,,,,,,,
58,33,"-VI",3,3.55208299800639,4.57692846636608,"-VI",3,3.55208299800639,4.57692846636608,
58,34,"V",4,4.18281633078145,4.14746473324158,"V",4,4.18281633078145,4.14746473324158,
58,35,"V",4,3.54766351828414,4.56518117781203,"V",4,3.54766351828414,4.56518117781203,
58,36,"IV",4,5.33156115911168,4.82049162535111,"IV",4,5.33156115911168,4.82049162535111,
58,37,"IV",3,3.11970112186431,4.90588244765863,"IV",3,3.11970112186431,4.90588244765863,
58,38,"V+",4,7.63837228282992,4.79066864263466,"-vi",4,7.68346017235845,4.79066864263466,0.0450878895285376
58,39,"V+",1,4.8842605360468,5.08330267307769,"V+",1,6.70640303651421,5.15244417784875,
58,40,"-VI",2,6.63442048993596,4.55121930946002,"-VI",1,6.27918445464004,5.08330267307769,
58,41,"-VI",1,4.91351373849362,5.44488820896396,"-VI",1,4.91351373849362,5.44488820896396,
58,42,"V",2,4.28020819624173,5.19336252025963,"V",2,4.28020819624173,5.19336252025963,
58,43,"V",3,2.3302278939552,4.64073633275465,"V",3,2.3302278939552,4.64073633275465,
,,,,,,,,,,
59,33,"-VI",3,3.55208299800639,4.57692846636608,"-VI",3,3.55208299800639,4.57692846636608,
59,34,"V",4,4.18281633078145,4.14746473324158,"V",4,4.18281633078145,4.14746473324158,
59,35,"V",4,3.54766351828414,4.56518117781203,"V",4,3.54766351828414,4.56518117781203,
59,36,"IV",4,5.33156115911168,4.82049162535111,"IV",4,5.33156115911168,4.82049162535111,
59,37,"IV",3,3.11970112186431,4.90588244765863,"IV",3,3.11970112186431,4.90588244765863,
59,38,"V+",4,7.63837228282992,4.79066864263466,"ivo",4,7.68346017235845,4.79066864263466,0.0450878895285376
59,39,"V+",1,4.8842605360468,5.08330267307769,"V+",1,6.45850651758547,5.19852465050089,
59,40,"-VI",2,6.63442048993596,4.55121930946002,"-VI",1,6.27918445464004,5.08330267307769,
59,41,"-VI",1,4.91351373849362,5.44488820896396,"-VI",1,4.91351373849362,5.44488820896396,
59,42,"V",2,4.28020819624173,5.19336252025963,"V",2,4.28020819624173,5.19336252025963,
59,43,"V",3,2.3302278939552,4.64073633275465,"V",3,2.3302278939552,4.64073633275465,
,,,,,,,,,,
60,77,"-VI",3,3.55208299800639,4.57692846636608,"-VI",3,3.55208299800639,4.57692846636608,
60,78,"V",4,4.18281633078145,4.14746473324158,"V",4,4.18281633078145,4.14746473324158,
60,79,"V",4,3.54766351828414,4.56518117781203,"V",4,3.54766351828414,4.56518117781203,
60,80,"IV",4,5.33156115911168,4.82049162535111,"IV",4,5.33156115911168,4.82049162535111,
60,81,"IV",3,3.11970112186431,4.90588244765863,"IV",3,3.11970112186431,4.90588244765863,
60,82,"V+",4,7.63837228282992,4.79066864263466,"#I",4,7.68346017235845,4.79066864263466,0.0450878895285376
60,83,"V+",1,4.8842605360468,5.08330267307769,"V+",1,6.70231656134232,5.15234662524562,
60,84,"-VI",2,6.63442048993596,4.55121930946002,"-VI",1,6.27918445464004,5.08330267307769,
60,85,"-VI",1,4.91351373849362,5.44488820896396,"-VI",1,4.91351373849362,5.44488820896396,
60,86,"V",2,4.28020819624173,5.19336252025963,"V",2,4.28020819624173,5.19336252025963,
60,87,"V",3,2.3302278939552,4.64073633275465,"V",3,2.3302278939552,4.64073633275465,
,,,,,,,,,,
61,77,"-VI",3,3.55208299800639,4.57692846636608,"-VI",3,3.55208299800639,4.57692846636608,
61,78,"V",4,4.18281633078145,4.14746473324158,"V",4,4.18281633078145,4.14746473324158,
61,79,"V",4,3.54766351828414,4.56518117781203,"V",4,3.54766351828414,4.56518117781203,
61,80,"IV",4,5.33156115911168,4.82049162535111,"IV",4,5.33156115911168,4.82049162535111,
61,81,"IV",3,3.11970112186431,4.90588244765863,"IV",3,3.11970112186431,4.90588244765863,
61,82,"V+",4,7.63837228282992,4.79066864263466,"#iv",4,7.68346017235845,4.79066864263466,0.0450878895285376
61,83,"V+",1,4.8842605360468,5.08330267307769,"V+",1,6.68272454249402,5.10377552912955,
61,84,"-VI",2,6.63442048993596,4.55121930946002,"-VI",1,6.27918445464004,5.08330267307769,
61,85,"-VI",1,4.91351373849362,5.44488820896396,"-VI",1,4.91351373849362,5.44488820896396,
61,86,"V",2,4.28020819624173,5.19336252025963,"V",2,4.28020819624173,5.19336252025963,
61,87,"V",3,2.3302278939552,4.64073633275465,"V",3,2.3302278939552,4.64073633275465,
,,,,,,,,,,
62,77,"-VI",3,3.55208299800639,4.57692846636608,"-VI",3,3.55208299800639,4.57692846636608,
62,78,"V",4,4.18281633078145,4.14746473324158,"V",4,4.18281633078145,4.14746473324158,
62,79,"V",4,3.54766351828414,4.56518117781203,"V",4,3.54766351828414,4.56518117781203,
62,80,"IV",4,5.33156115911168,4.82049162535111,"IV",4,5.33156115911168,4.82049162535111,
62,81,"IV",3,3.11970112186431,4.90588244765863,"IV",3,3.11970112186431,4.90588244765863,
62,82,"V+",4,7.63837228282992,4.79066864263466,"-vi",4,7.68346017235845,4.79066864263466,0.0450878895285376
62,83,"V+",1,4.8842605360468,5.08330267307769,"V+",1,6.70640303651421,5.15244417784875,
62,84,"-VI",2,6.63442048993596,4.55121930946002,"-VI",1,6.27918445464004,5.08330267307769,
62,85,"-VI",1,4.91351373849362,5.44488820896396,"-VI",1,4.91351373849362,5.44488820896396,
62,86,"V",2,4.28020819624173,5.19336252025963,"V",2,4.28020819624173,5.19336252025963,
62,87,"V",3,2.3302278939552,4.64073633275465,"V",3,2.3302278939552,4.64073633275465,
,,,,,,,,,,
63,77,"-VI",3,3.55208299800639,4.57692846636608,"-VI",3,3.55208299800639,4.57692846636608,
63,78,"V",4,4.18281633078145,4.14746473324158,"V",4,4.18281633078145,4.14746473324158,
63,79,"V",4,3.54766351828414,4.56518117781203,"V",4,3.54766351828414,4.56518117781203,
63,80,"IV",4,5.33156115911168,4.82049162535111,"IV",4,5.33156115911168,4.82049162535111,
63,81,"IV",3,3.11970112186431,4.90588244765863,"IV",3,3.11970112186431,4.90588244765863,
63,82,"V+",4,7.63837228282992,4.79066864263466,"ivo",4,7.68346017235845,4.79066864263466,0.0450878895285376
63,83,"V+",1,4.8842605360468,5.08330267307769,"V+",1,6.45850651758547,5.19852465050089,
63,84,"-VI",2,6.63442048993596,4.55121930946002,"-VI",1,6.27918445464004,5.08330267307769,
63,85,"-VI",1,4.91351373849362,5.44488820896396,"-VI",1,4.91351373849362,5.44488820896396,
63,86,"V",2,4.28020819624173,5.19336252025963,"V",2,4.28020819624173,5.19336252025963,
63,87,"V",3,2.3302278939552,4.64073633275465,"V",3,2.3302278939552,4.64073633275465,
,,,,,,,,,,
64,135,"-VI",3,3.55208299800639,4.57692846636608,"-VI",3,3.55208299800639,4.57692846636608,
64,136,"V",4,4.18281633078145,4.14746473324158,"V",4,4.18281633078145,4.14746473324158,
64,137,"V",4,3.54766351828414,4.56518117781203,"V",4,3.54766351828414,4.56518117781203,
64,138,"IV",4,5.33156115911168,4.82049162535111,"IV",4,5.33156115911168,4.82049162535111,
64,139,"IV",3,3.11970112186431,4.90588244765863,"IV",3,3.11970112186431,4.90588244765863,
64,140,"V+",4,7.63837228282992,4.79066864263466,"#I",4,7.68346017235845,4.79066864263466,0.0450878895285376
64,141,"V+",1,4.8842605360468,5.08330267307769,"V+",1,6.70231656134232,5.15234662524562,
64,142,"-VI",2,6.63442048993596,4.55121930946002,"-VI",1,6.27918445464004,5.08330267307769,
64,143,"-VI",1,4.91351373849362,5.44488820896396,"-VI",1,4.91351373849362,5.44488820896396,
64,144,"V",2,4.28020819624173,5.19336252025963,"V",2,4.28020819624173,5.19336252025963,
64,145,"V",3,2.3302278939552,4.64073633275465,"V",3,2.3302278939552,4.64073633275465,
,,,,,,,,,,
65,135,"-VI",3,3.55208299800639,4.57692846636608,"-VI",3,3.55208299800639,4.57692846636608,
65,136,"V",4,4.18281633078145,4.14746473324158,"V",4,4.18281633078145,4.14746473324158,
65,137,"V",4,3.54766351828414,4.56518117781203,"V",4,3.54766351828414,4.56518117781203,
65,138,"IV",4,5.33156115911168,4.82049162535111,"IV",4,5.33156115911168,4.82049162535111,
65,139,"IV",3,3.11970112186431,4.90588244765863,"IV",3,3.11970112186431,4.90588244765863,
65,140,"V+",4,7.63837228282992,4.79066864263466,"#iv",4,7.68346017235845,4.79066864263466,0.0450878895285376
65,141,"V+",1,4.8842605360468,5.08330267307769,"V+",1,6.68272454249402,5.10377552912955,
65,142,"-VI",2,6.63442048993596,4.55121930946002,"-VI",1,6.27918445464004,5.08330267307769,
65,143,"-VI",1,4.91351373849362,5.44488820896396,"-VI",1,4.91351373849362,5.44488820896396,
65,144,"V",2,4.28020819624173,5.19336252025963,"V",2,4.28020819624173,5.19336252025963,
65,145,"V",3,2.3302278939552,4.64073633275465,"V",3,2.3302278939552,4.64073633275465,
,,,,,,,,,,
66,135,"-VI",3,3.55208299800639,4.57692846636608,"-VI",3,3.55208299800639,4.57692846636608,
66,136,"V",4,4.18281633078145,4.14746473324158,"V",4,4.18281633078145,4.14746473324158,
66,137,"V",4,3.54766351828414,4.56518117781203,"V",4,3.54766351828414,4.56518117781203,
66,138,"IV",4,5.33156115911168,4.82049162535111,"IV",4,5.33156115911168,4.82049162535111,
66,139,"IV",3,3.11970112186431,4.90588244765863,"IV",3,3.11970112186431,4.90588244765863,
66,140,"V+",4,7.63837228282992,4.79066864263466,"-vi",4,7.68346017235845,4.79066864263466,0.0450878895285376
66,141,"V+",1,4.8842605360468,5.08330267307769,"V+",1,6.70640303651421,5.15244417784875,
66,142,"-VI",2,6.63442048993596,4.55121930946002,"-VI",1,6.27918445464004,5.08330267307769,
66,143,"-VI",1,4.91351373849362,5.44488820896396,"-VI",1,4.91351373849362,5.44488820896396,
66,144,"V",2,4.28020819624173,5.19336252025963,"V",2,4.28020819624173,5.19336252025963,
66,145,"V",3,2.3302278939552,4.64073633275465,"V",3,2.3302278939552,4.64073633275465,
,,,,,,,,,,
67,135,"-VI",3,3.55208299800639,4.57692846636608,"-VI",3,3.55208299800639,4.57692846636608,
67,136,"V",4,4.18281633078145,4.14746473324158,"V",4,4.18281633078145,4.14746473324158,
67,137,"V",4,3.54766351828414,4.56518117781203,"V",4,3.54766351828414,4.56518117781203,
67,138,"IV",4,5.33156115911168,4.82049162535111,"IV",4,5.33156115911168,4.82049162535111,
67,139,"IV",3,3.11970112186431,4.90588244765863,"IV",3,3.11970112186431,4.90588244765863,
67,140,"V+",4,7.63837228282992,4.79066864263466,"ivo",4,7.68346017235845,4.79066864263466,0.0450878895285376
67,141,"V+",1,4.8842605360468,5.08330267307769,"V+",1,6.45850651758547,5.19852465050089,
67,142,"-VI",2,6.63442048993596,4.55121930946002,"-VI",1,6.27918445464004,5.08330267307769,
67,143,"-VI",1,4.91351373849362,5.44488820896396,"-VI",1,4.91351373849362,5.44488820896396,
67,144,"V",2,4.28020819624173,5.19336252025963,"V",2,4.28020819624173,5.19336252025963,
67,145,"V",3,2.3302278939552,4.64073633275465,"V",3,2.3302278939552,4.64073633275465,
,,,,,,,,,,
68,35,"V",4,3.54766351828414,4.56518117781203,"V",4,3.54766351828414,4.56518117781203,
68,36,"IV",4,5.33156115911168,4.82049162535111,"IV",4,5.33156115911168,4.82049162535111,
68,37,"IV",3,3.11970112186431,4.90588244765863,"IV",3,3.11970112186431,4.90588244765863,
68,38,"V+",4,7.63837228282992,4.79066864263466,"V+",4,7.63837228282992,4.79066864263466,
68,39,"V+",1,4.8842605360468,5.08330267307769,"V+",1,4.8842605360468,5.08330267307769,
68,40,"-VI",2,6.63442048993596,4.55121930946002,"iii",2,6.69027372466948,4.55121930946002,0.0558532347335179
68,41,"-VI",1,4.91351373849362,5.44488820896396,"-VI",1,6.24936852742144,5.43844374895822,
68,42,"V",2,4.28020819624173,5.19336252025963,"V",1,4.57264979530547,5.44488820896396,
68,43,"V",3,2.3302278939552,4.64073633275465,"V",2,3.90688028084492,5.14840923085487,
68,44,"-VI",4,3.94245522403732,4.92671331889066,"-VI",3,4.33361207781896,5.13868545323193,
68,45,"-VII",5,3.8355187001336,4.44195198080243,"-VII",4,3.5120805027692,4.93340174438427,
,,,,,,,,,,
69,79,"V",4,3.54766351828414,4.56518117781203,"V",4,3.54766351828414,4.56518117781203,
69,80,"IV",4,5.33156115911168,4.82049162535111,"IV",4,5.33156115911168,4.82049162535111,
69,81,"IV",3,3.11970112186431,4.90588244765863,"IV",3,3.11970112186431,4.90588244765863,
69,82,"V+",4,7.63837228282992,4.79066864263466,"V+",4,7.63837228282992,4.79066864263466,
69,83,"V+",1,4.8842605360468,5.08330267307769,"V+",1,4.8842605360468,5.08330267307769,
69,84,"-VI",2,6.63442048993596,4.55121930946002,"iii",2,6.69027372466948,4.55121930946002,0.0558532347335179
69,85,"-VI",1,4.91351373849362,5.44488820896396,"-VI",1,6.24936852742144,5.43844374895822,
69,86,"V",2,4.28020819624173,5.19336252025963,"V",1,4.57264979530547,5.44488820896396,
69,87,"V",3,2.3302278939552,4.64073633275465,"V",2,3.90688028084492,5.14840923085487,
69,88,"-VI",4,3.94245522403732,4.92671331889066,"-VI",3,4.33361207781896,5.13868545323193,
69,89,"-VII",5,3.8355187001336,4.44195198080243,"-VII",4,3.5120805027692,4.93340174438427,
,,,,,,,,,,
70,137,"V",4,3.54766351828414,4.56518117781203,"V",4,3.54766351828414,4.56518117781203,
70,138,"IV",4,5.33156115911168,4.82049162535111,"IV",4,5.33156115911168,4.82049162535111,
70,139,"IV",3,3.11970112186431,4.90588244765863,"IV",3,3.11970112186431,4.90588244765863,
70,140,"V+",4,7.63837228282992,4.79066864263466,"V+",4,7.63837228282992,4.79066864263466,
70,141,"V+",1,4.8842605360468,5.08330267307769,"V+",1,4.8842605360468,5.08330267307769,
70,142,"-VI",2,6.63442048993596,4.55121930946002,"iii",2,6.69027372466948,4.55121930946002,0.0558532347335179
70,143,"-VI",1,4.91351373849362,5.44488820896396,"-VI",1,6.24936852742144,5.43844374895822,
70,144,"V",2,4.28020819624173,5.19336252025963,"V",1,4.57264979530547,5.44488820896396,
70,145,"V",3,2.3302278939552,4.64073633275465,"V",2,3.90688028084492,5.14840923085487,
70,146,"-VI",4,3.94245522403732,4.92671331889066,"-VI",3,4.33361207781896,5.13868545323193,
70,147,"-VII",5,3.8355187001336,4.44195198080243,"-VII",4,3.5120805027692,4.93340174438427,
,,,,,,,,,,
71,100,"-VI",10,1.2647459650358,3.50047614322757,"-VI",10,1.2647459650358,3.50047614322757,
71,101,"-VII",10,0.91274797923769,3.09132127036562,"-VII",10,0.91274797923769,3.09132127036562,
71,102,"iv",10,2.66612694714109,2.96272500740223,"iv",10,2.66612694714109,2.96272500740223,
71,103,"iv",10,3.50111179417139,4.46983920091857,"iv",10,3.50111179417139,4.46983920091857,
71,104,"-III",8,5.39571543762668,4.82206406047098,"-III",8,5.39571543762668,4.82206406047098,
71,105,"ii",3,6.10647752652817,4.98254158274835,"-vii",3,6.04825914835467,4.98254158274835,0.0582183781735006
71,106,"V",2,3.87904145530107,5.3281910714934,"V",3,6.66239747957431,4.748283013848,
71,107,"i",3,5.87199426389752,4.9206858211047,"i",1,5.32018771892129,5.46921034574709,
71,108,"-III",3,5.16329081322523,4.87682781712442,"-III",2,4.82959868689974,5.29677548640231,
71,109,"ii",3,6.4403438420582,4.37862627129919,"ii",3,6.4403438420582,4.37862627129919,
71,110,"V",2,3.87904145530107,5.3281910714934,"V",2,3.87904145530107,5.3281910714934,
,,,,,,,,,,
72,33,"-VI",3,3.55208299800639,4.57692846636608,"-VI",3,3.55208299800639,4.57692846636608,
72,34,"V",4,4.18281633078145,4.14746473324158,"V",4,4.18281633078145,4.14746473324158,
72,35,"V",4,3.54766351828414,4.56518117781203,"V",4,3.54766351828414,4.56518117781203,
72,36,"IV",4,5.33156115911168,4.82049162535111,"IV",4,5.33156115911168,4.82049162535111,
72,37,"IV",3,3.11970112186431,4.90588244765863,"IV",3,3.11970112186431,4.90588244765863,
72,38,"V+",4,7.63837228282992,4.79066864263466,"-vio",4,7.57398463145029,4.79066864263466,0.064387651379624
72,39,"V+",1,4.8842605360468,5.08330267307769,"V+",2,7.05110434094801,4.36631327016747,
72,40,"-VI",2,6.63442048993596,4.55121930946002,"-VI",1,6.27918445464004,5.08330267307769,
72,41,"-VI",1,4.91351373849362,5.44488820896396,"-VI",1,4.91351373849362,5.44488820896396,
72,42,"V",2,4.28020819624173,5.19336252025963,"V",2,4.28020819624173,5.19336252025963,
72,43,"V",3,2.3302278939552,4.64073633275465,"V",3,2.3302278939552,4.64073633275465,
,,,,,,,,,,
73,77,"-VI",3,3.55208299800639,4.57692846636608,"-VI",3,3.55208299800639,4.57692846636608,
73,78,"V",4,4.18281633078145,4.14746473324158,"V",4,4.18281633078145,4.14746473324158,
73,79,"V",4,3.54766351828414,4.56518117781203,"V",4,3.54766351828414,4.56518117781203,
73,80,"IV",4,5.33156115911168,4.82049162535111,"IV",4,5.33156115911168,4.82049162535111,
73,81,"IV",3,3.11970112186431,4.90588244765863,"IV",3,3.11970112186431,4.90588244765863,
73,82,"V+",4,7.63837228282992,4.79066864263466,"-vio",4,7.57398463145029,4.79066864263466,0.064387651379624
73,83,"V+",1,4.8842605360468,5.08330267307769,"V+",2,7.05110434094801,4.36631327016747,
73,84,"-VI",2,6.63442048993596,4.55121930946002,"-VI",1,6.27918445464004,5.08330267307769,
73,85,"-VI",1,4.91351373849362,5.44488820896396,"-VI",1,4.91351373849362,5.44488820896396,
73,86,"V",2,4.28020819624173,5.19336252025963,"V",2,4.28020819624173,5.19336252025963,
73,87,"V",3,2.3302278939552,4.64073633275465,"V",3,2.3302278939552,4.64073633275465,
,,,,,,,,,,
74,135,"-VI",3,3.55208299800639,4.57692846636608,"-VI",3,3.55208299800639,4.57692846636608,
74,136,"V",4,4.18281633078145,4.14746473324158,"V",4,4.18281633078145,4.14746473324158,
74,137,"V",4,3.54766351828414,4.56518117781203,"V",4,3.54766351828414,4.56518117781203,
74,138,"IV",4,5.33156115911168,4.82049162535111,"IV",4,5.33156115911168,4.82049162535111,
74,139,"IV",3,3.11970112186431,4.90588244765863,"IV",3,3.11970112186431,4.90588244765863,
74,140,"V+",4,7.63837228282992,4.79066864263466,"-vio",4,7.57398463145029,4.79066864263466,0.064387651379624
74,141,"V+",1,4.8842605360468,5.08330267307769,"V+",2,7.05110434094801,4.36631327016747,
74,142,"-VI",2,6.63442048993596,4.55121930946002,"-VI",1,6.27918445464004,5.08330267307769,
74,143,"-VI",1,4.91351373849362,5.44488820896396,"-VI",1,4.91351373849362,5.44488820896396,
74,144,"V",2,4.28020819624173,5.19336252025963,"V",2,4.28020819624173,5.19336252025963,
74,145,"V",3,2.3302278939552,4.64073633275465,"V",3,2.3302278939552,4.64073633275465,
,,,,,,,,,,
75,33,"-VI",3,3.55208299800639,4.57692846636608,"-VI",3,3.55208299800639,4.57692846636608,
75,34,"V",4,4.18281633078145,4.14746473324158,"V",4,4.18281633078145,4.14746473324158,
75,35,"V",4,3.54766351828414,4.56518117781203,"V",4,3.54766351828414,4.56518117781203,
75,36,"IV",4,5.33156115911168,4.82049162535111,"IV",4,5.33156115911168,4.82049162535111,
75,37,"IV",3,3.11970112186431,4.90588244765863,"IV",3,3.11970112186431,4.90588244765863,
75,38,"V+",4,7.63837228282992,4.79066864263466,"-viio",4,7.7065437854715,4.79066864263466,0.0681715026415795
75,39,"V+",1,4.8842605360468,5.08330267307769,"V+",1,6.53365917969622,5.33038963330623,
75,40,"-VI",2,6.63442048993596,4.55121930946002,"-VI",1,6.27918445464004,5.08330267307769,
75,41,"-VI",1,4.91351373849362,5.44488820896396,"-VI",1,4.91351373849362,5.44488820896396,
75,42,"V",2,4.28020819624173,5.19336252025963,"V",2,4.28020819624173,5.19336252025963,
75,43,"V",3,2.3302278939552,4.64073633275465,"V",3,2.3302278939552,4.64073633275465,
,,,,,,,,,,
76,77,"-VI",3,3.55208299800639,4.57692846636608,"-VI",3,3.55208299800639,4.57692846636608,
76,78,"V",4,4.18281633078145,4.14746473324158,"V",4,4.18281633078145,4.14746473324158,
76,79,"V",4,3.54766351828414,4.56518117781203,"V",4,3.54766351828414,4.56518117781203,
76,80,"IV",4,5.33156115911168,4.82049162535111,"IV",4,5.33156115911168,4.82049162535111,
76,81,"IV",3,3.11970112186431,4.90588244765863,"IV",3,3.11970112186431,4.90588244765863,
76,82,"V+",4,7.63837228282992,4.79066864263466,"-viio",4,7.7065437854715,4.79066864263466,0.0681715026415795
76,83,"V+",1,4.8842605360468,5.08330267307769,"V+",1,6.53365917969622,5.33038963330623,
76,84,"-VI",2,6.63442048993596,4.55121930946002,"-VI",1,6.27918445464004,5.08330267307769,
76,85,"-VI",1,4.91351373849362,5.44488820896396,"-VI",1,4.91351373849362,5.44488820896396,
76,86,"V",2,4.28020819624173,5.19336252025963,"V",2,4.28020819624173,5.19336252025963,
76,87,"V",3,2.3302278939552,4.64073633275465,"V",3,2.3302278939552,4.64073633275465,
,,,,,,,,,,
77,135,"-VI",3,3.55208299800639,4.57692846636608,"-VI",3,3.55208299800639,4.57692846636608,
77,136,"V",4,4.18281633078145,4.14746473324158,"V",4,4.18281633078145,4.14746473324158,
77,137,"V",4,3.54766351828414,4.56518117781203,"V",4,3.54766351828414,4.56518117781203,
77,138,"IV",4,5.33156115911168,4.82049162535111,"IV",4,5.33156115911168,4.82049162535111,
77,139,"IV",3,3.11970112186431,4.90588244765863,"IV",3,3.11970112186431,4.90588244765863,
77,140,"V+",4,7.63837228282992,4.79066864263466,"-viio",4,7.7065437854715,4.79066864263466,0.0681715026415795
77,141,"V+",1,4.8842605360468,5.08330267307769,"V+",1,6.53365917969622,5.33038963330623,
77,142,"-VI",2,6.63442048993596,4.55121930946002,"-VI",1,6.27918445464004,5.08330267307769,
77,143,"-VI",1,4.91351373849362,5.44488820896396,"-VI",1,4.91351373849362,5.44488820896396,
77,144,"V",2,4.28020819624173,5.19336252025963,"V",2,4.28020819624173,5.19336252025963,
77,145,"V",3,2.3302278939552,4.64073633275465,"V",3,2.3302278939552,4.64073633275465,
,,,,,,,,,,
78,102,"iv",10,2.66612694714109,2.96272500740223,"iv",10,2.66612694714109,2.96272500740223,
78,103,"iv",10,3.50111179417139,4.46983920091857,"iv",10,3.50111179417139,4.46983920091857,
78,104,"-III",8,5.39571543762668,4.82206406047098,"-III",8,5.39571543762668,4.82206406047098,
78,105,"ii",3,6.10647752652817,4.98254158274835,"ii",3,6.10647752652817,4.98254158274835,
78,106,"V",2,3.87904145530107,5.3281910714934,"V",2,3.87904145530107,5.3281910714934,
78,107,"i",3,5.87199426389752,4.9206858211047,"III",3,5.94308194775922,4.9206858211047,0.0710876838616992
78,108,"-III",3,5.16329081322523,4.87682781712442,"-III",3,5.86396545479539,5.18587827871378,
78,109,"ii",3,6.4403438420582,4.37862627129919,"ii",2,5.7545008496727,5.29441105380018,
78,110,"V",2,3.87904145530107,5.3281910714934,"V",2,3.87904145530107,5.3281910714934,
78,111,"i",3,5.87199426389752,4.9206858211047,"i",3,5.87199426389752,4.9206858211047,
78,112,"-III",3,5.16329081322523,4.87682781712442,"-III",3,5.16329081322523,4.87682781712442,
,,,,,,,,,,
79,106,"V",2,3.87904145530107,5.3281910714934,"V",2,3.87904145530107,5.3281910714934,
79,107,"i",3,5.87199426389752,4.9206858211047,"i",3,5.87199426389752,4.9206858211047,
79,108,"-III",3,5.16329081322523,4.87682781712442,"-III",3,5.16329081322523,4.87682781712442,
79,109,"ii",3,6.4403438420582,4.37862627129919,"ii",3,6.4403438420582,4.37862627129919,
79,110,"V",2,3.87904145530107,5.3281910714934,"V",2,3.87904145530107,5.3281910714934,
79,111,"i",3,5.87199426389752,4.9206858211047,"III",3,5.94308194775922,4.9206858211047,0.0710876838616992
79,112,"-III",3,5.16329081322523,4.87682781712442,"-III",3,5.86396545479539,5.18587827871378,
79,113,"ii",3,6.4403438420582,4.37862627129919,"ii",2,5.7545008496727,5.29441105380018,
79,114,"V",2,3.87904145530107,5.3281910714934,"V",2,3.87904145530107,5.3281910714934,
79,115,"i",3,5.87199426389752,4.9206858211047,"i",3,5.87199426389752,4.9206858211047,
79,116,"-III",3,5.16329081322523,4.87682781712442,"-III",3,5.16329081322523,4.87682781712442,
,,,,,,,,,,
80,110,"V",2,3.87904145530107,5.3281910714934,"V",2,3.87904145530107,5.3281910714934,
80,111,"i",3,5.87199426389752,4.9206858211047,"i",3,5.87199426389752,4.9206858211047,
80,112,"-III",3,5.16329081322523,4.87682781712442,"-III",3,5.16329081322523,4.87682781712442,
80,113,"ii",3,6.4403438420582,4.37862627129919,"ii",3,6.4403438420582,4.37862627129919,
80,114,"V",2,3.87904145530107,5.3281910714934,"V",2,3.87904145530107,5.3281910714934,
80,115,"i",3,5.87199426389752,4.9206858211047,"III",3,5.94308194775922,4.9206858211047,0.0710876838616992
80,116,"-III",3,5.16329081322523,4.87682781712442,"-III",3,5.86396545479539,5.18587827871378,
80,117,"ii",3,6.4403438420582,4.37862627129919,"ii",2,5.7545008496727,5.29441105380018,
80,118,"V",2,3.87904145530107,5.3281910714934,"V",2,3.87904145530107,5.3281910714934,
80,119,"i",3,5.87199426389752,4.9206858211047,"i",3,5.87199426389752,4.9206858211047,
80,120,"i",3,4.26509309374809,4.87682781712442,"i",3,4.26509309374809,4.87682781712442,
,,,,,,,,,,
81,114,"V",2,3.87904145530107,5.3281910714934,"V",2,3.87904145530107,5.3281910714934,
81,115,"i",3,5.87199426389752,4.9206858211047,"i",3,5.87199426389752,4.9206858211047,
81,116,"-III",3,5.16329081322523,4.87682781712442,"-III",3,5.16329081322523,4.87682781712442,
81,117,"ii",3,6.4403438420582,4.37862627129919,"ii",3,6.4403438420582,4.37862627129919,
81,118,"V",2,3.87904145530107,5.3281910714934,"V",2,3.87904145530107,5.3281910714934,
81,119,"i",3,5.87199426389752,4.9206858211047,"III",3,5.94308194775922,4.9206858211047,0.0710876838616992
81,120,"i",3,4.26509309374809,4.87682781712442,"i",3,6.03900337963136,5.18587827871378,
81,121,"i",3,3.36552075545301,5.08232958709596,"i",2,2.21483722889744,5.0075971457744,
81,122,"i",4,2.40718285709527,4.8134249494216,"i",3,2.09583720116666,4.85882829001788,
81,123,"I",5,5.36868475058382,4.2812815879748,"I",4,5.2431181343984,4.87594741632984,
81,124,"-VI",5,3.73213412300395,4.66963114303643,"-VI",4,3.60812082697183,4.84995745724254,
,,,,,,,,,,
82,35,"V",4,3.54766351828414,4.56518117781203,"V",4,3.54766351828414,4.56518117781203,
82,36,"IV",4,5.33156115911168,4.82049162535111,"IV",4,5.33156115911168,4.82049162535111,
82,37,"IV",3,3.11970112186431,4.90588244765863,"IV",3,3.11970112186431,4.90588244765863,
82,38,"V+",4,7.63837228282992,4.79066864263466,"V+",4,7.63837228282992,4.79066864263466,
82,39,"V+",1,4.8842605360468,5.08330267307769,"V+",1,4.8842605360468,5.08330267307769,
82,40,"-VI",2,6.63442048993596,4.55121930946002,"vi",2,6.56316180676614,4.55121930946002,0.0712586831698214
82,41,"-VI",1,4.91351373849362,5.44488820896396,"-VI",1,5.63557700172684,5.45873546267616,
82,42,"V",2,4.28020819624173,5.19336252025963,"V",2,3.19965312311395,5.15522074055335,
82,43,"V",3,2.3302278939552,4.64073633275465,"V",3,2.92557112687969,4.72435762525351,
82,44,"-VI",4,3.94245522403732,4.92671331889066,"-VI",4,4.92858835977384,4.13525974346293,
82,45,"-VII",5,3.8355187001336,4.44195198080243,"-VII",4,3.5120805027692,4.93340174438427,
,,,,,,,,,,
83,35,"V",4,3.54766351828414,4.56518117781203,"V",4,3.54766351828414,4.56518117781203,
83,36,"IV",4,5.33156115911168,4.82049162535111,"IV",4,5.33156115911168,4.82049162535111,
83,37,"IV",3,3.11970112186431,4.90588244765863,"IV",3,3.11970112186431,4.90588244765863,
83,38,"V+",4,7.63837228282992,4.79066864263466,"V+",4,7.63837228282992,4.79066864263466,
83,39,"V+",1,4.8842605360468,5.08330267307769,"V+",1,4.8842605360468,5.08330267307769,
83,40,"-VI",2,6.63442048993596,4.55121930946002,"iv",2,6.56316180676614,4.55121930946002,0.0712586831698214
83,41,"-VI",1,4.91351373849362,5.44488820896396,"-VI",1,5.29941729048052,5.45854816435005,
83,42,"V",2,4.28020819624173,5.19336252025963,"V",2,4.53669523867218,5.24297000274447,
83,43,"V",3,2.3302278939552,4.64073633275465,"V",3,4.27001298018099,4.53651169651891,
83,44,"-VI",4,3.94245522403732,4.92671331889066,"-VI",3,4.33361207781896,5.13868545323193,
83,45,"-VII",5,3.8355187001336,4.44195198080243,"-VII",4,3.5120805027692,4.93340174438427,
,,,,,,,,,,
84,79,"V",4,3.54766351828414,4.56518117781203,"V",4,3.54766351828414,4.56518117781203,
84,80,"IV",4,5.33156115911168,4.82049162535111,"IV",4,5.33156115911168,4.82049162535111,
84,81,"IV",3,3.11970112186431,4.90588244765863,"IV",3,3.11970112186431,4.90588244765863,
84,82,"V+",4,7.63837228282992,4.79066864263466,"V+",4,7.63837228282992,4.79066864263466,
84,83,"V+",1,4.8842605360468,5.08330267307769,"V+",1,4.8842605360468,5.08330267307769,
84,84,"-VI",2,6.63442048993596,4.55121930946002,"vi",2,6.56316180676614,4.55121930946002,0.0712586831698214
84,85,"-VI",1,4.91351373849362,5.44488820896396,"-VI",1,5.63557700172684,5.45873546267616,
84,86,"V",2,4.28020819624173,5.19336252025963,"V",2,3.19965312311395,5.15522074055335,
84,87,"V",3,2.3302278939552,4.64073633275465,"V",3,2.92557112687969,4.72435762525351,
84,88,"-VI",4,3.94245522403732,4.92671331889066,"-VI",4,4.92858835977384,4.13525974346293,
84,89,"-VII",5,3.8355187001336,4.44195198080243,"-VII",4,3.5120805027692,4.93340174438427,
,,,,,,,,,,
85,79,"V",4,3.54766351828414,4.56518117781203,"V",4,3.54766351828414,4.56518117781203,
85,80,"IV",4,5.33156115911168,4.82049162535111,"IV",4,5.33156115911168,4.82049162535111,
85,81,"IV",3,3.11970112186431,4.90588244765863,"IV",3,3.11970112186431,4.90588244765863,
85,82,"V+",4,7.63837228282992,4.79066864263466,"V+",4,7.63837228282992,4.79066864263466,
85,83,"V+",1,4.8842605360468,5.08330267307769,"V+",1,4.8842605360468,5.08330267307769,
85,84,"-VI",2,6.63442048993596,4.55121930946002,"iv",2,6.56316180676614,4.55121930946002,0.0712586831698214
85,85,"-VI",1,4.91351373849362,5.44488820896396,"-VI",1,5.29941729048052,5.45854816435005,
85,86,"V",2,4.28020819624173,5.19336252025963,"V",2,4.53669523867218,5.24297000274447,
85,87,"V",3,2.3302278939552,4.64073633275465,"V",3,4.27001298018099,4.53651169651891,
85,88,"-VI",4,3.94245522403732,4.92671331889066,"-VI",3,4.33361207781896,5.13868545323193,
85,89,"-VII",5,3.8355187001336,4.44195198080243,"-VII",4,3.5120805027692,4.93340174438427,
,,,,,,,,,,
86,137,"V",4,3.54766351828414,4.56518117781203,"V",4,3.54766351828414,4.56518117781203,
86,138,"IV",4,5.33156115911168,4.82049162535111,"IV",4,5.33156115911168,4.82049162535111,
86,139,"IV",3,3.11970112186431,4.90588244765863,"IV",3,3.11970112186431,4.90588244765863,
86,140,"V+",4,7.63837228282992,4.79066864263466,"V+",4,7.63837228282992,4.79066864263466,
86,141,"V+",1,4.8842605360468,5.08330267307769,"V+",1,4.8842605360468,5.08330267307769,
86,142,"-VI",2,6.63442048993596,4.55121930946002,"vi",2,6.56316180676614,4.55121930946002,0.0712586831698214
86,143,"-VI",1,4.91351373849362,5.44488820896396,"-VI",1,5.63557700172684,5.45873546267616,
86,144,"V",2,4.28020819624173,5.19336252025963,"V",2,3.19965312311395,5.15522074055335,
86,145,"V",3,2.3302278939552,4.64073633275465,"V",3,2.92557112687969,4.72435762525351,
86,146,"-VI",4,3.94245522403732,4.92671331889066,"-VI",4,4.92858835977384,4.13525974346293,
86,147,"-VII",5,3.8355187001336,4.44195198080243,"-VII",4,3.5120805027692,4.93340174438427,
,,,,,,,,,,
87,137,"V",4,3.54766351828414,4.56518117781203,"V",4,3.54766351828414,4.56518117781203,
87,138,"IV",4,5.33156115911168,4.82049162535111,"IV",4,5.33156115911168,4.82049162535111,
87,139,"IV",3,3.11970112186431,4.90588244765863,"IV",3,3.11970112186431,4.90588244765863,
87,140,"V+",4,7.63837228282992,4.79066864263466,"V+",4,7.63837228282992,4.79066864263466,
87,141,"V+",1,4.8842605360468,5.08330267307769,"V+",1,4.8842605360468,5.08330267307769,
87,142,"-VI",2,6.63442048993596,4.55121930946002,"iv",2,6.56316180676614,4.55121930946002,0.0712586831698214
87,143,"-VI",1,4.91351373849362,5.44488820896396,"-VI",1,5.29941729048052,5.45854816435005,
87,144,"V",2,4.28020819624173,5.19336252025963,"V",2,4.53669523867218,5.24297000274447,
87,145,"V",3,2.3302278939552,4.64073633275465,"V",3,4.27001298018099,4.53651169651891,
87,146,"-VI",4,3.94245522403732,4.92671331889066,"-VI",3,4.33361207781896,5.13868545323193,
87,147,"-VII",5,3.8355187001336,4.44195198080243,"-VII",4,3.5120805027692,4.93340174438427,
,,,,,,,,,,
88,102,"iv",10,2.66612694714109,2.96272500740223,"iv",10,2.66612694714109,2.96272500740223,
88,103,"iv",10,3.50111179417139,4.46983920091857,"iv",10,3.50111179417139,4.46983920091857,
88,104,"-III",8,5.39571543762668,4.82206406047098,"-III",8,5.39571543762668,4.82206406047098,
88,105,"ii",3,6.10647752652817,4.98254158274835,"ii",3,6.10647752652817,4.98254158274835,
88,106,"V",2,3.87904145530107,5.3281910714934,"V",2,3.87904145530107,5.3281910714934,
88,107,"i",3,5.87199426389752,4.9206858211047,"v",3,5.95474859565724,4.9206858211047,0.0827543317597179
88,108,"-III",3,5.16329081322523,4.87682781712442,"-III",3,5.91863558937027,4.70638687612819,
88,109,"ii",3,6.4403438420582,4.37862627129919,"ii",2,5.83278425326265,5.25335540210173,
88,110,"V",2,3.87904145530107,5.3281910714934,"V",2,3.87904145530107,5.3281910714934,
88,111,"i",3,5.87199426389752,4.9206858211047,"i",3,5.87199426389752,4.9206858211047,
88,112,"-III",3,5.16329081322523,4.87682781712442,"-III",3,5.16329081322523,4.87682781712442,
,,,,,,,,,,
89,106,"V",2,3.87904145530107,5.3281910714934,"V",2,3.87904145530107,5.3281910714934,
89,107,"i",3,5.87199426389752,4.9206858211047,"i",3,5.87199426389752,4.9206858211047,
89,108,"-III",3,5.16329081322523,4.87682781712442,"-III",3,5.16329081322523,4.87682781712442,
89,109,"ii",3,6.4403438420582,4.37862627129919,"ii",3,6.4403438420582,4.37862627129919,
89,110,"V",2,3.87904145530107,5.3281910714934,"V",2,3.87904145530107,5.3281910714934,
89,111,"i",3,5.87199426389752,4.9206858211047,"v",3,5.95474859565724,4.9206858211047,0.0827543317597179
89,112,"-III",3,5.16329081322523,4.87682781712442,"-III",3,5.91863558937027,4.70638687612819,
89,113,"ii",3,6.4403438420582,4.37862627129919,"ii",2,5.83278425326265,5.25335540210173,
89,114,"V",2,3.87904145530107,5.3281910714934,"V",2,3.87904145530107,5.3281910714934,
89,115,"i",3,5.87199426389752,4.9206858211047,"i",3,5.87199426389752,4.9206858211047,
89,116,"-III",3,5.16329081322523,4.87682781712442,"-III",3,5.16329081322523,4.87682781712442,
,,,,,,,,,,
90,110,"V",2,3.87904145530107,5.3281910714934,"V",2,3.87904145530107,5.3281910714934,
90,111,"i",3,5.87199426389752,4.9206858211047,"i",3,5.87199426389752,4.9206858211047,
90,112,"-III",3,5.16329081322523,4.87682781712442,"-III",3,5.16329081322523,4.87682781712442,
90,113,"ii",3,6.4403438420582,4.37862627129919,"ii",3,6.4403438420582,4.37862627129919,
90,114,"V",2,3.87904145530107,5.3281910714934,"V",2,3.87904145530107,5.3281910714934,
90,115,"i",3,5.87199426389752,4.9206858211047,"v",3,5.95474859565724,4.9206858211047,0.0827543317597179
90,116,"-III",3,5.16329081322523,4.87682781712442,"-III",3,5.91863558937027,4.70638687612819,
90,117,"ii",3,6.4403438420582,4.37862627129919,"ii",2,5.83278425326265,5.25335540210173,
90,118,"V",2,3.87904145530107,5.3281910714934,"V",2,3.87904145530107,5.3281910714934,
90,119,"i",3,5.87199426389752,4.9206858211047,"i",3,5.87199426389752,4.9206858211047,
90,120,"i",3,4.26509309374809,4.87682781712442,"i",3,4.26509309374809,4.87682781712442,
,,,,,,,,,,
91,114,"V",2,3.87904145530107,5.3281910714934,"V",2,3.87904145530107,5.3281910714934,
91,115,"i",3,5.87199426389752,4.9206858211047,"i",3,5.87199426389752,4.9206858211047,
91,116,"-III",3,5.16329081322523,4.87682781712442,"-III",3,5.16329081322523,4.87682781712442,
91,117,"ii",3,6.4403438420582,4.37862627129919,"ii",3,6.4403438420582,4.37862627129919,
91,118,"V",2,3.87904145530107,5.3281910714934,"V",2,3.87904145530107,5.3281910714934,
91,119,"i",3,5.87199426389752,4.9206858211047,"v",3,5.95474859565724,4.9206858211047,0.0827543317597179
91,120,"i",3,4.26509309374809,4.87682781712442,"i",3,5.77705814500243,4.70638687612819,
91,121,"i",3,3.36552075545301,5.08232958709596,"i",2,3.802913012587,5.27676255585412,
91,122,"i",4,2.40718285709527,4.8134249494216,"i",3,3.27573632587223,5.04981700099835,
91,123,"I",5,5.36868475058382,4.2812815879748,"I",4,5.30507758432157,4.88251135335723,
91,124,"-VI",5,3.73213412300395,4.66963114303643,"-VI",4,3.60812082697183,4.84995745724254,
,,,,,,,,,,
92,99,"i",10,1.34000130153824,3.50322338248751,"i",10,1.34000130153824,3.50322338248751,
92,100,"-VI",10,1.2647459650358,3.50047614322757,"-VI",10,1.2647459650358,3.50047614322757,
92,101,"-VII",10,0.91274797923769,3.09132127036562,"-VII",10,0.91274797923769,3.09132127036562,
92,102,"iv",10,2.66612694714109,2.96272500740223,"iv",10,2.66612694714109,2.96272500740223,
92,103,"iv",10,3.50111179417139,4.46983920091857,"iv",10,3.50111179417139,4.46983920091857,
92,104,"-III",8,5.39571543762668,4.82206406047098,"-VII",8,5.31245290726054,4.82206406047098,0.0832625303661363
92,105,"ii",3,6.10647752652817,4.98254158274835,"ii",3,7.04079199652729,3.91488393575944,
92,106,"V",2,3.87904145530107,5.3281910714934,"V",2,4.16821358742647,5.37087816293581,
92,107,"i",3,5.87199426389752,4.9206858211047,"i",3,5.8147225613162,4.71286417973383,
92,108,"-III",3,5.16329081322523,4.87682781712442,"-III",3,5.16329081322523,4.87682781712442,
92,109,"ii",3,6.4403438420582,4.37862627129919,"ii",3,6.4403438420582,4.37862627129919,
,,,,,,,,,,
93,33,"-VI",3,3.55208299800639,4.57692846636608,"-VI",3,3.55208299800639,4.57692846636608,
93,34,"V",4,4.18281633078145,4.14746473324158,"V",4,4.18281633078145,4.14746473324158,
93,35,"V",4,3.54766351828414,4.56518117781203,"V",4,3.54766351828414,4.56518117781203,
93,36,"IV",4,5.33156115911168,4.82049162535111,"IV",4,5.33156115911168,4.82049162535111,
93,37,"IV",3,3.11970112186431,4.90588244765863,"IV",3,3.11970112186431,4.90588244765863,
93,38,"V+",4,7.63837228282992,4.79066864263466,"iiio",4,7.55291276160688,4.79066864263466,0.0854595212230365
93,39,"V+",1,4.8842605360468,5.08330267307769,"V+",2,7.21239973150573,4.10438880637457,
93,40,"-VI",2,6.63442048993596,4.55121930946002,"-VI",1,6.27918445464004,5.08330267307769,
93,41,"-VI",1,4.91351373849362,5.44488820896396,"-VI",1,4.91351373849362,5.44488820896396,
93,42,"V",2,4.28020819624173,5.19336252025963,"V",2,4.28020819624173,5.19336252025963,
93,43,"V",3,2.3302278939552,4.64073633275465,"V",3,2.3302278939552,4.64073633275465,
,,,,,,,,,,
94,77,"-VI",3,3.55208299800639,4.57692846636608,"-VI",3,3.55208299800639,4.57692846636608,
94,78,"V",4,4.18281633078145,4.14746473324158,"V",4,4.18281633078145,4.14746473324158,
94,79,"V",4,3.54766351828414,4.56518117781203,"V",4,3.54766351828414,4.56518117781203,
94,80,"IV",4,5.33156115911168,4.82049162535111,"IV",4,5.33156115911168,4.82049162535111,
94,81,"IV",3,3.11970112186431,4.90588244765863,"IV",3,3.11970112186431,4.90588244765863,
94,82,"V+",4,7.63837228282992,4.79066864263466,"iiio",4,7.55291276160688,4.79066864263466,0.0854595212230365
94,83,"V+",1,4.8842605360468,5.08330267307769,"V+",2,7.21239973150573,4.10438880637457,
94,84,"-VI",2,6.63442048993596,4.55121930946002,"-VI",1,6.27918445464004,5.08330267307769,
94,85,"-VI",1,4.91351373849362,5.44488820896396,"-VI",1,4.91351373849362,5.44488820896396,
94,86,"V",2,4.28020819624173,5.19336252025963,"V",2,4.28020819624173,5.19336252025963,
94,87,"V",3,2.3302278939552,4.64073633275465,"V",3,2.3302278939552,4.64073633275465,
,,,,,,,,,,
95,135,"-VI",3,3.55208299800639,4.57692846636608,"-VI",3,3.55208299800639,4.57692846636608,
95,136,"V",4,4.18281633078145,4.14746473324158,"V",4,4.18281633078145,4.14746473324158,
95,137,"V",4,3.54766351828414,4.56518117781203,"V",4,3.54766351828414,4.56518117781203,
95,138,"IV",4,5.33156115911168,4.82049162535111,"IV",4,5.33156115911168,4.82049162535111,
95,139,"IV",3,3.11970112186431,4.90588244765863,"IV",3,3.11970112186431,4.90588244765863,
95,140,"V+",4,7.63837228282992,4.79066864263466,"iiio",4,7.55291276160688,4.79066864263466,0.0854595212230365
95,141,"V+",1,4.8842605360468,5.08330267307769,"V+",2,7.21239973150573,4.10438880637457,
95,142,"-VI",2,6.63442048993596,4.55121930946002,"-VI",1,6.27918445464004,5.08330267307769,
95,143,"-VI",1,4.91351373849362,5.44488820896396,"-VI",1,4.91351373849362,5.44488820896396,
95,144,"V",2,4.28020819624173,5.19336252025963,"V",2,4.28020819624173,5.19336252025963,
95,145,"V",3,2.3302278939552,4.64073633275465,"V",3,2.3302278939552,4.64073633275465,
,,,,,,,,,,
96,5,"r",4,1.61919551575785,3.52778377727221,"r",4,1.61919551575785,3.52778377727221,
96,6,"r",5,1.54469284220753,3.45397467993532,"r",5,1.54469284220753,3.45397467993532,
96,7,"r",6,1.50771723785714,3.45726712023947,"r",6,1.50771723785714,3.45726712023947,
96,8,"r",7,1.53266459902322,3.47212557150681,"r",7,1.53266459902322,3.47212557150681,
96,9,"r",8,1.46730207080186,3.40281449817033,"r",8,1.46730207080186,3.40281449817033,
96,10,"-VI",9,6.50469719129911,3.31943561190325,"iv",9,6.59069503444886,3.31943561190325,0.085997843149749
96,11,"-VII",7,1.3303851405778,3.90701538904789,"-VII",5,6.12196572632141,4.25906827890727,
96,12,"i",4,1.42856925520764,3.87199984168946,"i",2,3.86106608322781,5.1519660741803,
96,13,"i",5,1.57348015105175,4.02699453487346,"i",3,2.93116038248352,4.86590648941405,
96,14,"-VI",5,4.17796021323739,4.6887479032963,"-VI",4,4.60266553108748,4.87817947860019,
96,15,"-VII",5,1.66465902177174,3.80450433390958,"-VII",4,2.89033803486651,4.63396011561665,
,,,,,,,,,,
97,33,"-VI",3,3.55208299800639,4.57692846636608,"-VI",3,3.55208299800639,4.57692846636608,
97,34,"V",4,4.18281633078145,4.14746473324158,"V",4,4.18281633078145,4.14746473324158,
97,35,"V",4,3.54766351828414,4.56518117781203,"V",4,3.54766351828414,4.56518117781203,
97,36,"IV",4,5.33156115911168,4.82049162535111,"IV",4,5.33156115911168,4.82049162535111,
97,37,"IV",3,3.11970112186431,4.90588244765863,"IV",3,3.11970112186431,4.90588244765863,
97,38,"V+",4,7.63837228282992,4.79066864263466,"vii",4,7.5522156390802,4.79066864263466,0.0861566437497148
97,39,"V+",1,4.8842605360468,5.08330267307769,"V+",1,6.67486041766835,5.39551805313827,
97,40,"-VI",2,6.63442048993596,4.55121930946002,"-VI",1,6.27918445464004,5.08330267307769,
97,41,"-VI",1,4.91351373849362,5.44488820896396,"-VI",1,4.91351373849362,5.44488820896396,
97,42,"V",2,4.28020819624173,5.19336252025963,"V",2,4.28020819624173,5.19336252025963,
97,43,"V",3,2.3302278939552,4.64073633275465,"V",3,2.3302278939552,4.64073633275465,
,,,,,,,,,,
98,77,"-VI",3,3.55208299800639,4.57692846636608,"-VI",3,3.55208299800639,4.57692846636608,
98,78,"V",4,4.18281633078145,4.14746473324158,"V",4,4.18281633078145,4.14746473324158,
98,79,"V",4,3.54766351828414,4.56518117781203,"V",4,3.54766351828414,4.56518117781203,
98,80,"IV",4,5.33156115911168,4.82049162535111,"IV",4,5.33156115911168,4.82049162535111,
98,81,"IV",3,3.11970112186431,4.90588244765863,"IV",3,3.11970112186431,4.90588244765863,
98,82,"V+",4,7.63837228282992,4.79066864263466,"vii",4,7.5522156390802,4.79066864263466,0.0861566437497148
98,83,"V+",1,4.8842605360468,5.08330267307769,"V+",1,6.67486041766835,5.39551805313827,
98,84,"-VI",2,6.63442048993596,4.55121930946002,"-VI",1,6.27918445464004,5.08330267307769,
98,85,"-VI",1,4.91351373849362,5.44488820896396,"-VI",1,4.91351373849362,5.44488820896396,
98,86,"V",2,4.28020819624173,5.19336252025963,"V",2,4.28020819624173,5.19336252025963,
98,87,"V",3,2.3302278939552,4.64073633275465,"V",3,2.3302278939552,4.64073633275465,
,,,,,,,,,,
99,135,"-VI",3,3.55208299800639,4.57692846636608,"-VI",3,3.55208299800639,4.57692846636608,
99,136,"V",4,4.18281633078145,4.14746473324158,"V",4,4.18281633078145,4.14746473324158,
99,137,"V",4,3.54766351828414,4.56518117781203,"V",4,3.54766351828414,4.56518117781203,
99,138,"IV",4,5.33156115911168,4.82049162535111,"IV",4,5.33156115911168,4.82049162535111,
99,139,"IV",3,3.11970112186431,4.90588244765863,"IV",3,3.11970112186431,4.90588244765863,
99,140,"V+",4,7.63837228282992,4.79066864263466,"vii",4,7.5522156390802,4.79066864263466,0.0861566437497148
99,141,"V+",1,4.8842605360468,5.08330267307769,"V+",1,6.67486041766835,5.39551805313827,
99,142,"-VI",2,6.63442048993596,4.55121930946002,"-VI",1,6.27918445464004,5.08330267307769,
99,143,"-VI",1,4.91351373849362,5.44488820896396,"-VI",1,4.91351373849362,5.44488820896396,
99,144,"V",2,4.28020819624173,5.19336252025963,"V",2,4.28020819624173,5.19336252025963,
99,145,"V",3,2.3302278939552,4.64073633275465,"V",3,2.3302278939552,4.64073633275465,
,,,,,,,,,,
100,36,"IV",4,5.33156115911168,4.82049162535111,"IV",4,5.33156115911168,4.82049162535111,
100,37,"IV",3,3.11970112186431,4.90588244765863,"IV",3,3.11970112186431,4.90588244765863,
100,38,"V+",4,7.63837228282992,4.79066864263466,"V+",4,7.63837228282992,4.79066864263466,
100,39,"V+",1,4.8842605360468,5.08330267307769,"V+",1,4.8842605360468,5.08330267307769,
100,40,"-VI",2,6.63442048993596,4.55121930946002,"-VI",2,6.63442048993596,4.55121930946002,
100,41,"-VI",1,4.91351373849362,5.44488820896396,"I",1,5.00404021702827,5.44488820896396,0.0905264785346551
100,42,"V",2,4.28020819624173,5.19336252025963,"V",2,5.10522937277018,5.41117110149444,
100,43,"V",3,2.3302278939552,4.64073633275465,"V",3,4.45183855498852,5.17047432325606,
100,44,"-VI",4,3.94245522403732,4.92671331889066,"-VI",3,5.28048773381291,5.20871971755647,
100,45,"-VII",5,3.8355187001336,4.44195198080243,"-VII",4,3.54516551665487,4.73106621257407,
100,46,"i",4,3.7778909125011,4.19283720038176,"i",4,3.7778909125011,4.19283720038176,
,,,,,,,,,,
101,80,"IV",4,5.33156115911168,4.82049162535111,"IV",4,5.33156115911168,4.82049162535111,
101,81,"IV",3,3.11970112186431,4.90588244765863,"IV",3,3.11970112186431,4.90588244765863,
101,82,"V+",4,7.63837228282992,4.79066864263466,"V+",4,7.63837228282992,4.79066864263466,
101,83,"V+",1,4.8842605360468,5.08330267307769,"V+",1,4.8842605360468,5.08330267307769,
101,84,"-VI",2,6.63442048993596,4.55121930946002,"-VI",2,6.63442048993596,4.55121930946002,
101,85,"-VI",1,4.91351373849362,5.44488820896396,"I",1,5.00404021702827,5.44488820896396,0.0905264785346551
101,86,"V",2,4.28020819624173,5.19336252025963,"V",2,5.10522937277018,5.41117110149444,
101,87,"V",3,2.3302278939552,4.64073633275465,"V",3,4.45183855498852,5.17047432325606,
101,88,"-VI",4,3.94245522403732,4.92671331889066,"-VI",3,5.28048773381291,5.20871971755647,
101,89,"-VII",5,3.8355187001336,4.44195198080243,"-VII",4,3.54516551665487,4.73106621257407,
101,90,"i",4,3.7778909125011,4.19283720038176,"i",4,3.7778909125011,4.19283720038176,
,,,,,,,,,,
102,138,"IV",4,5.33156115911168,4.82049162535111,"IV",4,5.33156115911168,4.82049162535111,
102,139,"IV",3,3.11970112186431,4.90588244765863,"IV",3,3.11970112186431,4.90588244765863,
102,140,"V+",4,7.63837228282992,4.79066864263466,"V+",4,7.63837228282992,4.79066864263466,
102,141,"V+",1,4.8842605360468,5.08330267307769,"V+",1,4.8842605360468,5.08330267307769,
102,142,"-VI",2,6.63442048993596,4.55121930946002,"-VI",2,6.63442048993596,4.55121930946002,
102,143,"-VI",1,4.91351373849362,5.44488820896396,"I",1,5.00404021702827,5.44488820896396,0.0905264785346551
102,144,"V",2,4.28020819624173,5.19336252025963,"V",2,5.10522937277018,5.41117110149444,
102,145,"V",3,2.3302278939552,4.64073633275465,"V",3,4.45183855498852,5.17047432325606,
102,146,"-VI",4,3.94245522403732,4.92671331889066,"-VI",3,5.28048773381291,5.20871971755647,
102,147,"-VII",5,3.8355187001336,4.44195198080243,"-VII",4,3.54516551665487,4.73106621257407,
102,148,"i",4,3.7778909125011,4.19283720038176,"i",4,3.7778909125011,4.19283720038176,
,,,,,,,,,,
103,33,"-VI",3,3.55208299800639,4.57692846636608,"-VI",3,3.55208299800639,4.57692846636608,
103,34,"V",4,4.18281633078145,4.14746473324158,"V",4,4.18281633078145,4.14746473324158,
103,35,"V",4,3.54766351828414,4.56518117781203,"V",4,3.54766351828414,4.56518117781203,
103,36,"IV",4,5.33156115911168,4.82049162535111,"IV",4,5.33156115911168,4.82049162535111,
103,37,"IV",3,3.11970112186431,4.90588244765863,"IV",3,3.11970112186431,4.90588244765863,
103,38,"V+",4,7.63837228282992,4.79066864263466,"#V",4,7.73000275829548,4.79066864263466,0.0916304754655686
103,39,"V+",1,4.8842605360468,5.08330267307769,"V+",1,6.68304858585424,5.10810028876026,
103,40,"-VI",2,6.63442048993596,4.55121930946002,"-VI",1,6.27918445464004,5.08330267307769,
103,41,"-VI",1,4.91351373849362,5.44488820896396,"-VI",1,4.91351373849362,5.44488820896396,
103,42,"V",2,4.28020819624173,5.19336252025963,"V",2,4.28020819624173,5.19336252025963,
103,43,"V",3,2.3302278939552,4.64073633275465,"V",3,2.3302278939552,4.64073633275465,
,,,,,,,,,,
104,33,"-VI",3,3.55208299800639,4.57692846636608,"-VI",3,3.55208299800639,4.57692846636608,
104,34,"V",4,4.18281633078145,4.14746473324158,"V",4,4.18281633078145,4.14746473324158,
104,35,"V",4,3.54766351828414,4.56518117781203,"V",4,3.54766351828414,4.56518117781203,
104,36,"IV",4,5.33156115911168,4.82049162535111,"IV",4,5.33156115911168,4.82049162535111,
104,37,"IV",3,3.11970112186431,4.90588244765863,"IV",3,3.11970112186431,4.90588244765863,
104,38,"V+",4,7.63837228282992,4.79066864263466,"-ii",4,7.73000275829548,4.79066864263466,0.0916304754655686
104,39,"V+",1,4.8842605360468,5.08330267307769,"V+",1,6.68725453961583,5.10676387513116,
104,40,"-VI",2,6.63442048993596,4.55121930946002,"-VI",1,6.27918445464004,5.08330267307769,
104,41,"-VI",1,4.91351373849362,5.44488820896396,"-VI",1,4.91351373849362,5.44488820896396,
104,42,"V",2,4.28020819624173,5.19336252025963,"V",2,4.28020819624173,5.19336252025963,
104,43,"V",3,2.3302278939552,4.64073633275465,"V",3,2.3302278939552,4.64073633275465,
,,,,,,,,,,
105,33,"-VI",3,3.55208299800639,4.57692846636608,"-VI",3,3.55208299800639,4.57692846636608,
105,34,"V",4,4.18281633078145,4.14746473324158,"V",4,4.18281633078145,4.14746473324158,
105,35,"V",4,3.54766351828414,4.56518117781203,"V",4,3.54766351828414,4.56518117781203,
105,36,"IV",4,5.33156115911168,4.82049162535111,"IV",4,5.33156115911168,4.82049162535111,
105,37,"IV",3,3.11970112186431,4.90588244765863,"IV",3,3.11970112186431,4.90588244765863,
105,38,"V+",4,7.63837228282992,4.79066864263466,"-I",4,7.73000275829548,4.79066864263466,0.0916304754655686
105,39,"V+",1,4.8842605360468,5.08330267307769,"V+",1,6.54059005630566,5.21942566778485,
105,40,"-VI",2,6.63442048993596,4.55121930946002,"-VI",1,6.27918445464004,5.08330267307769,
105,41,"-VI",1,4.91351373849362,5.44488820896396,"-VI",1,4.91351373849362,5.44488820896396,
105,42,"V",2,4.28020819624173,5.19336252025963,"V",2,4.28020819624173,5.19336252025963,
105,43,"V",3,2.3302278939552,4.64073633275465,"V",3,2.3302278939552,4.64073633275465,
,,,,,,,,,,
106,77,"-VI",3,3.55208299800639,4.57692846636608,"-VI",3,3.55208299800639,4.57692846636608,
106,78,"V",4,4.18281633078145,4.14746473324158,"V",4,4.18281633078145,4.14746473324158,
106,79,"V",4,3.54766351828414,4.56518117781203,"V",4,3.54766351828414,4.56518117781203,
106,80,"IV",4,5.33156115911168,4.82049162535111,"IV",4,5.33156115911168,4.82049162535111,
106,81,"IV",3,3.11970112186431,4.90588244765863,"IV",3,3.11970112186431,4.90588244765863,
106,82,"V+",4,7.63837228282992,4.79066864263466,"#V",4,7.73000275829548,4.79066864263466,0.0916304754655686
106,83,"V+",1,4.8842605360468,5.08330267307769,"V+",1,6.68304858585424,5.10810028876026,
106,84,"-VI",2,6.63442048993596,4.55121930946002,"-VI",1,6.27918445464004,5.08330267307769,
106,85,"-VI",1,4.91351373849362,5.44488820896396,"-VI",1,4.91351373849362,5.44488820896396,
106,86,"V",2,4.28020819624173,5.19336252025963,"V",2,4.28020819624173,5.19336252025963,
106,87,"V",3,2.3302278939552,4.64073633275465,"V",3,2.3302278939552,4.64073633275465,
,,,,,,,,,,
107,77,"-VI",3,3.55208299800639,4.57692846636608,"-VI",3,3.55208299800639,4.57692846636608,
107,78,"V",4,4.18281633078145,4.14746473324158,"V",4,4.18281633078145,4.14746473324158,
107,79,"V",4,3.54766351828414,4.56518117781203,"V",4,3.54766351828414,4.56518117781203,
107,80,"IV",4,5.33156115911168,4.82049162535111,"IV",4,5.33156115911168,4.82049162535111,
107,81,"IV",3,3.11970112186431,4.90588244765863,"IV",3,3.11970112186431,4.90588244765863,
107,82,"V+",4,7.63837228282992,4.79066864263466,"-ii",4,7.73000275829548,4.79066864263466,0.0916304754655686
107,83,"V+",1,4.8842605360468,5.08330267307769,"V+",1,6.68725453961583,5.10676387513116,
107,84,"-VI",2,6.63442048993596,4.55121930946002,"-VI",1,6.27918445464004,5.08330267307769,
107,85,"-VI",1,4.91351373849362,5.44488820896396,"-VI",1,4.91351373849362,5.44488820896396,
107,86,"V",2,4.28020819624173,5.19336252025963,"V",2,4.28020819624173,5.19336252025963,
107,87,"V",3,2.3302278939552,4.64073633275465,"V",3,2.3302278939552,4.64073633275465,
,,,,,,,,,,
108,77,"-VI",3,3.55208299800639,4.57692846636608,"-VI",3,3.55208299800639,4.57692846636608,
108,78,"V",4,4.18281633078145,4.14746473324158,"V",4,4.18281633078145,4.14746473324158,
108,79,"V",4,3.54766351828414,4.56518117781203,"V",4,3.54766351828414,4.56518117781203,
108,80,"IV",4,5.33156115911168,4.82049162535111,"IV",4,5.33156115911168,4.82049162535111,
108,81,"IV",3,3.11970112186431,4.90588244765863,"IV",3,3.11970112186431,4.90588244765863,
108,82,"V+",4,7.63837228282992,4.79066864263466,"-I",4,7.73000275829548,4.79066864263466,0.0916304754655686
108,83,"V+",1,4.8842605360468,5.08330267307769,"V+",1,6.54059005630566,5.21942566778485,
108,84,"-VI",2,6.63442048993596,4.55121930946002,"-VI",1,6.27918445464004,5.08330267307769,
108,85,"-VI",1,4.91351373849362,5.44488820896396,"-VI",1,4.91351373849362,5.44488820896396,
108,86,"V",2,4.28020819624173,5.19336252025963,"V",2,4.28020819624173,5.19336252025963,
108,87,"V",3,2.3302278939552,4.64073633275465,"V",3,2.3302278939552,4.64073633275465,
,,,,,,,,,,
109,135,"-VI",3,3.55208299800639,4.57692846636608,"-VI",3,3.55208299800639,4.57692846636608,
109,136,"V",4,4.18281633078145,4.14746473324158,"V",4,4.18281633078145,4.14746473324158,
109,137,"V",4,3.54766351828414,4.56518117781203,"V",4,3.54766351828414,4.56518117781203,
109,138,"IV",4,5.33156115911168,4.82049162535111,"IV",4,5.33156115911168,4.82049162535111,
109,139,"IV",3,3.11970112186431,4.90588244765863,"IV",3,3.11970112186431,4.90588244765863,
109,140,"V+",4,7.63837228282992,4.79066864263466,"#V",4,7.73000275829548,4.79066864263466,0.0916304754655686
109,141,"V+",1,4.8842605360468,5.08330267307769,"V+",1,6.68304858585424,5.10810028876026,
109,142,"-VI",2,6.63442048993596,4.55121930946002,"-VI",1,6.27918445464004,5.08330267307769,
109,143,"-VI",1,4.91351373849362,5.44488820896396,"-VI",1,4.91351373849362,5.44488820896396,
109,144,"V",2,4.28020819624173,5.19336252025963,"V",2,4.28020819624173,5.19336252025963,
109,145,"V",3,2.3302278939552,4.64073633275465,"V",3,2.3302278939552,4.64073633275465,
,,,,,,,,,,
110,135,"-VI",3,3.55208299800639,4.57692846636608,"-VI",3,3.55208299800639,4.57692846636608,
110,136,"V",4,4.18281633078145,4.14746473324158,"V",4,4.18281633078145,4.14746473324158,
110,137,"V",4,3.54766351828414,4.56518117781203,"V",4,3.54766351828414,4.56518117781203,
110,138,"IV",4,5.33156115911168,4.82049162535111,"IV",4,5.33156115911168,4.82049162535111,
110,139,"IV",3,3.11970112186431,4.90588244765863,"IV",3,3.11970112186431,4.90588244765863,
110,140,"V+",4,7.63837228282992,4.79066864263466,"-ii",4,7.73000275829548,4.79066864263466,0.0916304754655686
110,141,"V+",1,4.8842605360468,5.08330267307769,"V+",1,6.68725453961583,5.10676387513116,
110,142,"-VI",2,6.63442048993596,4.55121930946002,"-VI",1,6.27918445464004,5.08330267307769,
110,143,"-VI",1,4.91351373849362,5.44488820896396,"-VI",1,4.91351373849362,5.44488820896396,
110,144,"V",2,4.28020819624173,5.19336252025963,"V",2,4.28020819624173,5.19336252025963,
110,145,"V",3,2.3302278939552,4.64073633275465,"V",3,2.3302278939552,4.64073633275465,
,,,,,,,,,,
111,135,"-VI",3,3.55208299800639,4.57692846636608,"-VI",3,3.55208299800639,4.57692846636608,
111,136,"V",4,4.18281633078145,4.14746473324158,"V",4,4.18281633078145,4.14746473324158,
111,137,"V",4,3.54766351828414,4.56518117781203,"V",4,3.54766351828414,4.56518117781203,
111,138,"IV",4,5.33156115911168,4.82049162535111,"IV",4,5.33156115911168,4.82049162535111,
111,139,"IV",3,3.11970112186431,4.90588244765863,"IV",3,3.11970112186431,4.90588244765863,
111,140,"V+",4,7.63837228282992,4.79066864263466,"-I",4,7.73000275829548,4.79066864263466,0.0916304754655686
111,141,"V+",1,4.8842605360468,5.08330267307769,"V+",1,6.54059005630566,5.21942566778485,
111,142,"-VI",2,6.63442048993596,4.55121930946002,"-VI",1,6.27918445464004,5.08330267307769,
111,143,"-VI",1,4.91351373849362,5.44488820896396,"-VI",1,4.91351373849362,5.44488820896396,
111,144,"V",2,4.28020819624173,5.19336252025963,"V",2,4.28020819624173,5.19336252025963,
111,145,"V",3,2.3302278939552,4.64073633275465,"V",3,2.3302278939552,4.64073633275465,
,,,,,,,,,,
