"Comparison","Row","Orig_Symbol","Orig_Order","Orig_IC","Orig_Entropy","Swap_Symbol","Swap_Order","Swap_IC","Swap_Entropy","Distance"
1,22,"II",4,1.84470195563592,4.5698028738094,"II",4,1.84470195563592,4.5698028738094,
1,23,"V",5,3.24316910000851,4.49591193161619,"V",5,3.24316910000851,4.49591193161619,
1,24,"I",5,2.27348102634849,4.50862641594303,"I",5,2.27348102634849,4.50862641594303,
1,25,"#io",5,7.4374051515395,3.91207025148671,"#io",5,7.4374051515395,3.91207025148671,
1,26,"vii",3,7.20787563067529,3.88245695387891,"vii",3,7.20787563067529,3.88245695387891,
1,27,"#io",1,6.73536989608108,5.37387134302661,"#I",1,6.73536989608108,5.37387134302661,0
1,28,"#io",1,7.11217055761599,4.25394060589979,"#io",1,6.74574100831212,5.15266102488926,
1,29,"V",1,2.60866028002009,4.25394060589979,"V",1,2.60866028002009,4.25394060589979,
1,30,"I",2,5.10819472913343,5.28179427721798,"I",2,5.10819472913343,5.28179427721798,
1,31,"I",2,4.50750976580657,5.45489656882738,"I",2,4.50750976580657,5.45489656882738,
1,32,"iv",3,5.24207069942904,5.35575359877211,"iv",3,5.24207069942904,5.35575359877211,
,,,,,,,,,,
2,22,"II",4,1.84470195563592,4.5698028738094,"II",4,1.84470195563592,4.5698028738094,
2,23,"V",5,3.24316910000851,4.49591193161619,"V",5,3.24316910000851,4.49591193161619,
2,24,"I",5,2.27348102634849,4.50862641594303,"I",5,2.27348102634849,4.50862641594303,
2,25,"#io",5,7.4374051515395,3.91207025148671,"#io",5,7.4374051515395,3.91207025148671,
2,26,"vii",3,7.20787563067529,3.88245695387891,"vii",3,7.20787563067529,3.88245695387891,
2,27,"#io",1,6.73536989608108,5.37387134302661,"iiio",1,6.73536989608108,5.37387134302661,0
2,28,"#io",1,7.11217055761599,4.25394060589979,"#io",1,6.7837864509192,4.9497968787717,
2,29,"V",1,2.60866028002009,4.25394060589979,"V",1,2.60866028002009,4.25394060589979,
2,30,"I",2,5.10819472913343,5.28179427721798,"I",2,5.10819472913343,5.28179427721798,
2,31,"I",2,4.50750976580657,5.45489656882738,"I",2,4.50750976580657,5.45489656882738,
2,32,"iv",3,5.24207069942904,5.35575359877211,"iv",3,5.24207069942904,5.35575359877211,
,,,,,,,,,,
3,22,"II",4,1.84470195563592,4.5698028738094,"II",4,1.84470195563592,4.5698028738094,
3,23,"V",5,3.24316910000851,4.49591193161619,"V",5,3.24316910000851,4.49591193161619,
3,24,"I",5,2.27348102634849,4.50862641594303,"I",5,2.27348102634849,4.50862641594303,
3,25,"#io",5,7.4374051515395,3.91207025148671,"#io",5,7.4374051515395,3.91207025148671,
3,26,"vii",3,7.20787563067529,3.88245695387891,"vii",3,7.20787563067529,3.88245695387891,
3,27,"#io",1,6.73536989608108,5.37387134302661,"-vi",1,6.73536989608108,5.37387134302661,0
3,28,"#io",1,7.11217055761599,4.25394060589979,"#io",1,6.74983219127195,5.15275637654794,
3,29,"V",1,2.60866028002009,4.25394060589979,"V",1,2.60866028002009,4.25394060589979,
3,30,"I",2,5.10819472913343,5.28179427721798,"I",2,5.10819472913343,5.28179427721798,
3,31,"I",2,4.50750976580657,5.45489656882738,"I",2,4.50750976580657,5.45489656882738,
3,32,"iv",3,5.24207069942904,5.35575359877211,"iv",3,5.24207069942904,5.35575359877211,
,,,,,,,,,,
4,22,"II",4,1.84470195563592,4.5698028738094,"II",4,1.84470195563592,4.5698028738094,
4,23,"V",5,3.24316910000851,4.49591193161619,"V",5,3.24316910000851,4.49591193161619,
4,24,"I",5,2.27348102634849,4.50862641594303,"I",5,2.27348102634849,4.50862641594303,
4,25,"#io",5,7.4374051515395,3.91207025148671,"#io",5,7.4374051515395,3.91207025148671,
4,26,"vii",3,7.20787563067529,3.88245695387891,"vii",3,7.20787563067529,3.88245695387891,
4,27,"#io",1,6.73536989608108,5.37387134302661,"ivo",1,6.73536989608108,5.37387134302661,0
4,28,"#io",1,7.11217055761599,4.25394060589979,"#io",1,6.50157394340154,5.19957540767455,
4,29,"V",1,2.60866028002009,4.25394060589979,"V",1,2.60866028002009,4.25394060589979,
4,30,"I",2,5.10819472913343,5.28179427721798,"I",2,5.10819472913343,5.28179427721798,
4,31,"I",2,4.50750976580657,5.45489656882738,"I",2,4.50750976580657,5.45489656882738,
4,32,"iv",3,5.24207069942904,5.35575359877211,"iv",3,5.24207069942904,5.35575359877211,
,,,,,,,,,,
5,23,"V",5,3.24316910000851,4.49591193161619,"V",5,3.24316910000851,4.49591193161619,
5,24,"I",5,2.27348102634849,4.50862641594303,"I",5,2.27348102634849,4.50862641594303,
5,25,"#io",5,7.4374051515395,3.91207025148671,"#io",5,7.4374051515395,3.91207025148671,
5,26,"vii",3,7.20787563067529,3.88245695387891,"vii",3,7.20787563067529,3.88245695387891,
5,27,"#io",1,6.73536989608108,5.37387134302661,"#io",1,6.73536989608108,5.37387134302661,
5,28,"#io",1,7.11217055761599,4.25394060589979,"#I",1,7.11217055761599,4.25394060589979,0
5,29,"V",1,2.60866028002009,4.25394060589979,"V",1,6.19945897575502,5.15266102488926,
5,30,"I",2,5.10819472913343,5.28179427721798,"I",1,4.8860650492582,5.46956356854853,
5,31,"I",2,4.50750976580657,5.45489656882738,"I",2,4.50750976580657,5.45489656882738,
5,32,"iv",3,5.24207069942904,5.35575359877211,"iv",3,5.24207069942904,5.35575359877211,
5,33,"i",4,6.29015841478751,4.6189632082906,"i",4,6.29015841478751,4.6189632082906,
,,,,,,,,,,
6,23,"V",5,3.24316910000851,4.49591193161619,"V",5,3.24316910000851,4.49591193161619,
6,24,"I",5,2.27348102634849,4.50862641594303,"I",5,2.27348102634849,4.50862641594303,
6,25,"#io",5,7.4374051515395,3.91207025148671,"#io",5,7.4374051515395,3.91207025148671,
6,26,"vii",3,7.20787563067529,3.88245695387891,"vii",3,7.20787563067529,3.88245695387891,
6,27,"#io",1,6.73536989608108,5.37387134302661,"#io",1,6.73536989608108,5.37387134302661,
6,28,"#io",1,7.11217055761599,4.25394060589979,"iiio",1,7.11217055761599,4.25394060589979,0
6,29,"V",1,2.60866028002009,4.25394060589979,"V",1,6.2375044183621,4.9497968787717,
6,30,"I",2,5.10819472913343,5.28179427721798,"I",1,4.8860650492582,5.46956356854853,
6,31,"I",2,4.50750976580657,5.45489656882738,"I",2,4.50750976580657,5.45489656882738,
6,32,"iv",3,5.24207069942904,5.35575359877211,"iv",3,5.24207069942904,5.35575359877211,
6,33,"i",4,6.29015841478751,4.6189632082906,"i",4,6.29015841478751,4.6189632082906,
,,,,,,,,,,
7,23,"V",5,3.24316910000851,4.49591193161619,"V",5,3.24316910000851,4.49591193161619,
7,24,"I",5,2.27348102634849,4.50862641594303,"I",5,2.27348102634849,4.50862641594303,
7,25,"#io",5,7.4374051515395,3.91207025148671,"#io",5,7.4374051515395,3.91207025148671,
7,26,"vii",3,7.20787563067529,3.88245695387891,"vii",3,7.20787563067529,3.88245695387891,
7,27,"#io",1,6.73536989608108,5.37387134302661,"#io",1,6.73536989608108,5.37387134302661,
7,28,"#io",1,7.11217055761599,4.25394060589979,"#iv",1,7.11217055761599,4.25394060589979,0
7,29,"V",1,2.60866028002009,4.25394060589979,"V",1,3.15786568467234,5.10415646494448,
7,30,"I",2,5.10819472913343,5.28179427721798,"I",2,5.15993446284706,5.26109735132522,
7,31,"I",2,4.50750976580657,5.45489656882738,"I",2,4.50750976580657,5.45489656882738,
7,32,"iv",3,5.24207069942904,5.35575359877211,"iv",3,5.24207069942904,5.35575359877211,
7,33,"i",4,6.29015841478751,4.6189632082906,"i",4,6.29015841478751,4.6189632082906,
,,,,,,,,,,
8,23,"V",5,3.24316910000851,4.49591193161619,"V",5,3.24316910000851,4.49591193161619,
8,24,"I",5,2.27348102634849,4.50862641594303,"I",5,2.27348102634849,4.50862641594303,
8,25,"#io",5,7.4374051515395,3.91207025148671,"#io",5,7.4374051515395,3.91207025148671,
8,26,"vii",3,7.20787563067529,3.88245695387891,"vii",3,7.20787563067529,3.88245695387891,
8,27,"#io",1,6.73536989608108,5.37387134302661,"#io",1,6.73536989608108,5.37387134302661,
8,28,"#io",1,7.11217055761599,4.25394060589979,"-vi",1,7.11217055761599,4.25394060589979,0
8,29,"V",1,2.60866028002009,4.25394060589979,"V",1,6.20355015871485,5.15275637654794,
8,30,"I",2,5.10819472913343,5.28179427721798,"I",1,4.8860650492582,5.46956356854853,
8,31,"I",2,4.50750976580657,5.45489656882738,"I",2,4.50750976580657,5.45489656882738,
8,32,"iv",3,5.24207069942904,5.35575359877211,"iv",3,5.24207069942904,5.35575359877211,
8,33,"i",4,6.29015841478751,4.6189632082906,"i",4,6.29015841478751,4.6189632082906,
,,,,,,,,,,
9,23,"V",5,3.24316910000851,4.49591193161619,"V",5,3.24316910000851,4.49591193161619,
9,24,"I",5,2.27348102634849,4.50862641594303,"I",5,2.27348102634849,4.50862641594303,
9,25,"#io",5,7.4374051515395,3.91207025148671,"#io",5,7.4374051515395,3.91207025148671,
9,26,"vii",3,7.20787563067529,3.88245695387891,"vii",3,7.20787563067529,3.88245695387891,
9,27,"#io",1,6.73536989608108,5.37387134302661,"#io",1,6.73536989608108,5.37387134302661,
9,28,"#io",1,7.11217055761599,4.25394060589979,"ivo",1,7.11217055761599,4.25394060589979,0
9,29,"V",1,2.60866028002009,4.25394060589979,"V",1,5.95529191084444,5.19957540767455,
9,30,"I",2,5.10819472913343,5.28179427721798,"I",1,4.8860650492582,5.46956356854853,
9,31,"I",2,4.50750976580657,5.45489656882738,"I",2,4.50750976580657,5.45489656882738,
9,32,"iv",3,5.24207069942904,5.35575359877211,"iv",3,5.24207069942904,5.35575359877211,
9,33,"i",4,6.29015841478751,4.6189632082906,"i",4,6.29015841478751,4.6189632082906,
,,,,,,,,,,
10,47,"II",4,1.84470195563592,4.5698028738094,"II",4,1.84470195563592,4.5698028738094,
10,48,"V",5,3.24316910000851,4.49591193161619,"V",5,3.24316910000851,4.49591193161619,
10,49,"I",5,2.27348102634849,4.50862641594303,"I",5,2.27348102634849,4.50862641594303,
10,50,"#io",5,7.4374051515395,3.91207025148671,"#io",5,7.4374051515395,3.91207025148671,
10,51,"vii",3,7.20787563067529,3.88245695387891,"vii",3,7.20787563067529,3.88245695387891,
10,52,"#io",1,6.73536989608108,5.37387134302661,"#I",1,6.73536989608108,5.37387134302661,0
10,53,"#io",1,7.11217055761599,4.25394060589979,"#io",1,6.74574100831212,5.15266102488926,
10,54,"V",1,2.60866028002009,4.25394060589979,"V",1,2.60866028002009,4.25394060589979,
10,55,"I",2,5.10819472913343,5.28179427721798,"I",2,5.10819472913343,5.28179427721798,
10,56,"I",2,4.50750976580657,5.45489656882738,"I",2,4.50750976580657,5.45489656882738,
10,57,"iv",3,5.24207069942904,5.35575359877211,"iv",3,5.24207069942904,5.35575359877211,
,,,,,,,,,,
11,47,"II",4,1.84470195563592,4.5698028738094,"II",4,1.84470195563592,4.5698028738094,
11,48,"V",5,3.24316910000851,4.49591193161619,"V",5,3.24316910000851,4.49591193161619,
11,49,"I",5,2.27348102634849,4.50862641594303,"I",5,2.27348102634849,4.50862641594303,
11,50,"#io",5,7.4374051515395,3.91207025148671,"#io",5,7.4374051515395,3.91207025148671,
11,51,"vii",3,7.20787563067529,3.88245695387891,"vii",3,7.20787563067529,3.88245695387891,
11,52,"#io",1,6.73536989608108,5.37387134302661,"iiio",1,6.73536989608108,5.37387134302661,0
11,53,"#io",1,7.11217055761599,4.25394060589979,"#io",1,6.7837864509192,4.9497968787717,
11,54,"V",1,2.60866028002009,4.25394060589979,"V",1,2.60866028002009,4.25394060589979,
11,55,"I",2,5.10819472913343,5.28179427721798,"I",2,5.10819472913343,5.28179427721798,
11,56,"I",2,4.50750976580657,5.45489656882738,"I",2,4.50750976580657,5.45489656882738,
11,57,"iv",3,5.24207069942904,5.35575359877211,"iv",3,5.24207069942904,5.35575359877211,
,,,,,,,,,,
12,47,"II",4,1.84470195563592,4.5698028738094,"II",4,1.84470195563592,4.5698028738094,
12,48,"V",5,3.24316910000851,4.49591193161619,"V",5,3.24316910000851,4.49591193161619,
12,49,"I",5,2.27348102634849,4.50862641594303,"I",5,2.27348102634849,4.50862641594303,
12,50,"#io",5,7.4374051515395,3.91207025148671,"#io",5,7.4374051515395,3.91207025148671,
12,51,"vii",3,7.20787563067529,3.88245695387891,"vii",3,7.20787563067529,3.88245695387891,
12,52,"#io",1,6.73536989608108,5.37387134302661,"-vi",1,6.73536989608108,5.37387134302661,0
12,53,"#io",1,7.11217055761599,4.25394060589979,"#io",1,6.74983219127195,5.15275637654794,
12,54,"V",1,2.60866028002009,4.25394060589979,"V",1,2.60866028002009,4.25394060589979,
12,55,"I",2,5.10819472913343,5.28179427721798,"I",2,5.10819472913343,5.28179427721798,
12,56,"I",2,4.50750976580657,5.45489656882738,"I",2,4.50750976580657,5.45489656882738,
12,57,"iv",3,5.24207069942904,5.35575359877211,"iv",3,5.24207069942904,5.35575359877211,
,,,,,,,,,,
13,47,"II",4,1.84470195563592,4.5698028738094,"II",4,1.84470195563592,4.5698028738094,
13,48,"V",5,3.24316910000851,4.49591193161619,"V",5,3.24316910000851,4.49591193161619,
13,49,"I",5,2.27348102634849,4.50862641594303,"I",5,2.27348102634849,4.50862641594303,
13,50,"#io",5,7.4374051515395,3.91207025148671,"#io",5,7.4374051515395,3.91207025148671,
13,51,"vii",3,7.20787563067529,3.88245695387891,"vii",3,7.20787563067529,3.88245695387891,
13,52,"#io",1,6.73536989608108,5.37387134302661,"ivo",1,6.73536989608108,5.37387134302661,0
13,53,"#io",1,7.11217055761599,4.25394060589979,"#io",1,6.50157394340154,5.19957540767455,
13,54,"V",1,2.60866028002009,4.25394060589979,"V",1,2.60866028002009,4.25394060589979,
13,55,"I",2,5.10819472913343,5.28179427721798,"I",2,5.10819472913343,5.28179427721798,
13,56,"I",2,4.50750976580657,5.45489656882738,"I",2,4.50750976580657,5.45489656882738,
13,57,"iv",3,5.24207069942904,5.35575359877211,"iv",3,5.24207069942904,5.35575359877211,
,,,,,,,,,,
14,48,"V",5,3.24316910000851,4.49591193161619,"V",5,3.24316910000851,4.49591193161619,
14,49,"I",5,2.27348102634849,4.50862641594303,"I",5,2.27348102634849,4.50862641594303,
14,50,"#io",5,7.4374051515395,3.91207025148671,"#io",5,7.4374051515395,3.91207025148671,
14,51,"vii",3,7.20787563067529,3.88245695387891,"vii",3,7.20787563067529,3.88245695387891,
14,52,"#io",1,6.73536989608108,5.37387134302661,"#io",1,6.73536989608108,5.37387134302661,
14,53,"#io",1,7.11217055761599,4.25394060589979,"#I",1,7.11217055761599,4.25394060589979,0
14,54,"V",1,2.60866028002009,4.25394060589979,"V",1,6.19945897575502,5.15266102488926,
14,55,"I",2,5.10819472913343,5.28179427721798,"I",1,4.8860650492582,5.46956356854853,
14,56,"I",2,4.50750976580657,5.45489656882738,"I",2,4.50750976580657,5.45489656882738,
14,57,"iv",3,5.24207069942904,5.35575359877211,"iv",3,5.24207069942904,5.35575359877211,
14,58,"i",4,6.29015841478751,4.6189632082906,"i",4,6.29015841478751,4.6189632082906,
,,,,,,,,,,
15,48,"V",5,3.24316910000851,4.49591193161619,"V",5,3.24316910000851,4.49591193161619,
15,49,"I",5,2.27348102634849,4.50862641594303,"I",5,2.27348102634849,4.50862641594303,
15,50,"#io",5,7.4374051515395,3.91207025148671,"#io",5,7.4374051515395,3.91207025148671,
15,51,"vii",3,7.20787563067529,3.88245695387891,"vii",3,7.20787563067529,3.88245695387891,
15,52,"#io",1,6.73536989608108,5.37387134302661,"#io",1,6.73536989608108,5.37387134302661,
15,53,"#io",1,7.11217055761599,4.25394060589979,"iiio",1,7.11217055761599,4.25394060589979,0
15,54,"V",1,2.60866028002009,4.25394060589979,"V",1,6.2375044183621,4.9497968787717,
15,55,"I",2,5.10819472913343,5.28179427721798,"I",1,4.8860650492582,5.46956356854853,
15,56,"I",2,4.50750976580657,5.45489656882738,"I",2,4.50750976580657,5.45489656882738,
15,57,"iv",3,5.24207069942904,5.35575359877211,"iv",3,5.24207069942904,5.35575359877211,
15,58,"i",4,6.29015841478751,4.6189632082906,"i",4,6.29015841478751,4.6189632082906,
,,,,,,,,,,
16,48,"V",5,3.24316910000851,4.49591193161619,"V",5,3.24316910000851,4.49591193161619,
16,49,"I",5,2.27348102634849,4.50862641594303,"I",5,2.27348102634849,4.50862641594303,
16,50,"#io",5,7.4374051515395,3.91207025148671,"#io",5,7.4374051515395,3.91207025148671,
16,51,"vii",3,7.20787563067529,3.88245695387891,"vii",3,7.20787563067529,3.88245695387891,
16,52,"#io",1,6.73536989608108,5.37387134302661,"#io",1,6.73536989608108,5.37387134302661,
16,53,"#io",1,7.11217055761599,4.25394060589979,"#iv",1,7.11217055761599,4.25394060589979,0
16,54,"V",1,2.60866028002009,4.25394060589979,"V",1,3.15786568467234,5.10415646494448,
16,55,"I",2,5.10819472913343,5.28179427721798,"I",2,5.15993446284706,5.26109735132522,
16,56,"I",2,4.50750976580657,5.45489656882738,"I",2,4.50750976580657,5.45489656882738,
16,57,"iv",3,5.24207069942904,5.35575359877211,"iv",3,5.24207069942904,5.35575359877211,
16,58,"i",4,6.29015841478751,4.6189632082906,"i",4,6.29015841478751,4.6189632082906,
,,,,,,,,,,
17,48,"V",5,3.24316910000851,4.49591193161619,"V",5,3.24316910000851,4.49591193161619,
17,49,"I",5,2.27348102634849,4.50862641594303,"I",5,2.27348102634849,4.50862641594303,
17,50,"#io",5,7.4374051515395,3.91207025148671,"#io",5,7.4374051515395,3.91207025148671,
17,51,"vii",3,7.20787563067529,3.88245695387891,"vii",3,7.20787563067529,3.88245695387891,
17,52,"#io",1,6.73536989608108,5.37387134302661,"#io",1,6.73536989608108,5.37387134302661,
17,53,"#io",1,7.11217055761599,4.25394060589979,"-vi",1,7.11217055761599,4.25394060589979,0
17,54,"V",1,2.60866028002009,4.25394060589979,"V",1,6.20355015871485,5.15275637654794,
17,55,"I",2,5.10819472913343,5.28179427721798,"I",1,4.8860650492582,5.46956356854853,
17,56,"I",2,4.50750976580657,5.45489656882738,"I",2,4.50750976580657,5.45489656882738,
17,57,"iv",3,5.24207069942904,5.35575359877211,"iv",3,5.24207069942904,5.35575359877211,
17,58,"i",4,6.29015841478751,4.6189632082906,"i",4,6.29015841478751,4.6189632082906,
,,,,,,,,,,
18,48,"V",5,3.24316910000851,4.49591193161619,"V",5,3.24316910000851,4.49591193161619,
18,49,"I",5,2.27348102634849,4.50862641594303,"I",5,2.27348102634849,4.50862641594303,
18,50,"#io",5,7.4374051515395,3.91207025148671,"#io",5,7.4374051515395,3.91207025148671,
18,51,"vii",3,7.20787563067529,3.88245695387891,"vii",3,7.20787563067529,3.88245695387891,
18,52,"#io",1,6.73536989608108,5.37387134302661,"#io",1,6.73536989608108,5.37387134302661,
18,53,"#io",1,7.11217055761599,4.25394060589979,"ivo",1,7.11217055761599,4.25394060589979,0
18,54,"V",1,2.60866028002009,4.25394060589979,"V",1,5.95529191084444,5.19957540767455,
18,55,"I",2,5.10819472913343,5.28179427721798,"I",1,4.8860650492582,5.46956356854853,
18,56,"I",2,4.50750976580657,5.45489656882738,"I",2,4.50750976580657,5.45489656882738,
18,57,"iv",3,5.24207069942904,5.35575359877211,"iv",3,5.24207069942904,5.35575359877211,
18,58,"i",4,6.29015841478751,4.6189632082906,"i",4,6.29015841478751,4.6189632082906,
,,,,,,,,,,
19,78,"II",4,1.84470195563592,4.5698028738094,"II",4,1.84470195563592,4.5698028738094,
19,79,"V",5,3.24316910000851,4.49591193161619,"V",5,3.24316910000851,4.49591193161619,
19,80,"I",5,2.27348102634849,4.50862641594303,"I",5,2.27348102634849,4.50862641594303,
19,81,"#io",5,7.4374051515395,3.91207025148671,"#io",5,7.4374051515395,3.91207025148671,
19,82,"vii",3,7.20787563067529,3.88245695387891,"vii",3,7.20787563067529,3.88245695387891,
19,83,"#io",1,6.73536989608108,5.37387134302661,"#I",1,6.73536989608108,5.37387134302661,0
19,84,"#io",1,7.11217055761599,4.25394060589979,"#io",1,6.74574100831212,5.15266102488926,
19,85,"VII",1,6.96016746417094,4.25394060589979,"VII",1,6.96016746417094,4.25394060589979,
19,86,"III",1,4.94929138986516,5.35241960075509,"III",1,4.94929138986516,5.35241960075509,
19,87,"VI",2,5.29057463595965,4.48938756125396,"VI",2,5.29057463595965,4.48938756125396,
19,88,"II",2,4.09933569298607,5.13032405207678,"II",2,4.09933569298607,5.13032405207678,
,,,,,,,,,,
20,78,"II",4,1.84470195563592,4.5698028738094,"II",4,1.84470195563592,4.5698028738094,
20,79,"V",5,3.24316910000851,4.49591193161619,"V",5,3.24316910000851,4.49591193161619,
20,80,"I",5,2.27348102634849,4.50862641594303,"I",5,2.27348102634849,4.50862641594303,
20,81,"#io",5,7.4374051515395,3.91207025148671,"#io",5,7.4374051515395,3.91207025148671,
20,82,"vii",3,7.20787563067529,3.88245695387891,"vii",3,7.20787563067529,3.88245695387891,
20,83,"#io",1,6.73536989608108,5.37387134302661,"iiio",1,6.73536989608108,5.37387134302661,0
20,84,"#io",1,7.11217055761599,4.25394060589979,"#io",1,6.7837864509192,4.9497968787717,
20,85,"VII",1,6.96016746417094,4.25394060589979,"VII",1,6.96016746417094,4.25394060589979,
20,86,"III",1,4.94929138986516,5.35241960075509,"III",1,4.94929138986516,5.35241960075509,
20,87,"VI",2,5.29057463595965,4.48938756125396,"VI",2,5.29057463595965,4.48938756125396,
20,88,"II",2,4.09933569298607,5.13032405207678,"II",2,4.09933569298607,5.13032405207678,
,,,,,,,,,,
21,78,"II",4,1.84470195563592,4.5698028738094,"II",4,1.84470195563592,4.5698028738094,
21,79,"V",5,3.24316910000851,4.49591193161619,"V",5,3.24316910000851,4.49591193161619,
21,80,"I",5,2.27348102634849,4.50862641594303,"I",5,2.27348102634849,4.50862641594303,
21,81,"#io",5,7.4374051515395,3.91207025148671,"#io",5,7.4374051515395,3.91207025148671,
21,82,"vii",3,7.20787563067529,3.88245695387891,"vii",3,7.20787563067529,3.88245695387891,
21,83,"#io",1,6.73536989608108,5.37387134302661,"-vi",1,6.73536989608108,5.37387134302661,0
21,84,"#io",1,7.11217055761599,4.25394060589979,"#io",1,6.74983219127195,5.15275637654794,
21,85,"VII",1,6.96016746417094,4.25394060589979,"VII",1,6.96016746417094,4.25394060589979,
21,86,"III",1,4.94929138986516,5.35241960075509,"III",1,4.94929138986516,5.35241960075509,
21,87,"VI",2,5.29057463595965,4.48938756125396,"VI",2,5.29057463595965,4.48938756125396,
21,88,"II",2,4.09933569298607,5.13032405207678,"II",2,4.09933569298607,5.13032405207678,
,,,,,,,,,,
22,78,"II",4,1.84470195563592,4.5698028738094,"II",4,1.84470195563592,4.5698028738094,
22,79,"V",5,3.24316910000851,4.49591193161619,"V",5,3.24316910000851,4.49591193161619,
22,80,"I",5,2.27348102634849,4.50862641594303,"I",5,2.27348102634849,4.50862641594303,
22,81,"#io",5,7.4374051515395,3.91207025148671,"#io",5,7.4374051515395,3.91207025148671,
22,82,"vii",3,7.20787563067529,3.88245695387891,"vii",3,7.20787563067529,3.88245695387891,
22,83,"#io",1,6.73536989608108,5.37387134302661,"ivo",1,6.73536989608108,5.37387134302661,0
22,84,"#io",1,7.11217055761599,4.25394060589979,"#io",1,6.50157394340154,5.19957540767455,
22,85,"VII",1,6.96016746417094,4.25394060589979,"VII",1,6.96016746417094,4.25394060589979,
22,86,"III",1,4.94929138986516,5.35241960075509,"III",1,4.94929138986516,5.35241960075509,
22,87,"VI",2,5.29057463595965,4.48938756125396,"VI",2,5.29057463595965,4.48938756125396,
22,88,"II",2,4.09933569298607,5.13032405207678,"II",2,4.09933569298607,5.13032405207678,
,,,,,,,,,,
23,79,"V",5,3.24316910000851,4.49591193161619,"V",5,3.24316910000851,4.49591193161619,
23,80,"I",5,2.27348102634849,4.50862641594303,"I",5,2.27348102634849,4.50862641594303,
23,81,"#io",5,7.4374051515395,3.91207025148671,"#io",5,7.4374051515395,3.91207025148671,
23,82,"vii",3,7.20787563067529,3.88245695387891,"vii",3,7.20787563067529,3.88245695387891,
23,83,"#io",1,6.73536989608108,5.37387134302661,"#io",1,6.73536989608108,5.37387134302661,
23,84,"#io",1,7.11217055761599,4.25394060589979,"#I",1,7.11217055761599,4.25394060589979,0
23,85,"VII",1,6.96016746417094,4.25394060589979,"VII",1,6.59373791486706,5.15266102488926,
23,86,"III",1,4.94929138986516,5.35241960075509,"III",1,4.94929138986516,5.35241960075509,
23,87,"VI",2,5.29057463595965,4.48938756125396,"VI",2,5.29057463595965,4.48938756125396,
23,88,"II",2,4.09933569298607,5.13032405207678,"II",2,4.09933569298607,5.13032405207678,
23,89,"VI",3,4.41383215898672,4.59862581504416,"VI",3,4.41383215898672,4.59862581504416,
,,,,,,,,,,
24,79,"V",5,3.24316910000851,4.49591193161619,"V",5,3.24316910000851,4.49591193161619,
24,80,"I",5,2.27348102634849,4.50862641594303,"I",5,2.27348102634849,4.50862641594303,
24,81,"#io",5,7.4374051515395,3.91207025148671,"#io",5,7.4374051515395,3.91207025148671,
24,82,"vii",3,7.20787563067529,3.88245695387891,"vii",3,7.20787563067529,3.88245695387891,
24,83,"#io",1,6.73536989608108,5.37387134302661,"#io",1,6.73536989608108,5.37387134302661,
24,84,"#io",1,7.11217055761599,4.25394060589979,"iiio",1,7.11217055761599,4.25394060589979,0
24,85,"VII",1,6.96016746417094,4.25394060589979,"VII",1,6.63178335747415,4.9497968787717,
24,86,"III",1,4.94929138986516,5.35241960075509,"III",1,4.94929138986516,5.35241960075509,
24,87,"VI",2,5.29057463595965,4.48938756125396,"VI",2,5.29057463595965,4.48938756125396,
24,88,"II",2,4.09933569298607,5.13032405207678,"II",2,4.09933569298607,5.13032405207678,
24,89,"VI",3,4.41383215898672,4.59862581504416,"VI",3,4.41383215898672,4.59862581504416,
,,,,,,,,,,
25,79,"V",5,3.24316910000851,4.49591193161619,"V",5,3.24316910000851,4.49591193161619,
25,80,"I",5,2.27348102634849,4.50862641594303,"I",5,2.27348102634849,4.50862641594303,
25,81,"#io",5,7.4374051515395,3.91207025148671,"#io",5,7.4374051515395,3.91207025148671,
25,82,"vii",3,7.20787563067529,3.88245695387891,"vii",3,7.20787563067529,3.88245695387891,
25,83,"#io",1,6.73536989608108,5.37387134302661,"#io",1,6.73536989608108,5.37387134302661,
25,84,"#io",1,7.11217055761599,4.25394060589979,"#iv",1,7.11217055761599,4.25394060589979,0
25,85,"VII",1,6.96016746417094,4.25394060589979,"VII",1,4.06807733342676,5.10415646494448,
25,86,"III",1,4.94929138986516,5.35241960075509,"III",2,5.49757905470598,4.48106111650584,
25,87,"VI",2,5.29057463595965,4.48938756125396,"VI",2,5.29057463595965,4.48938756125396,
25,88,"II",2,4.09933569298607,5.13032405207678,"II",2,4.09933569298607,5.13032405207678,
25,89,"VI",3,4.41383215898672,4.59862581504416,"VI",3,4.41383215898672,4.59862581504416,
,,,,,,,,,,
26,79,"V",5,3.24316910000851,4.49591193161619,"V",5,3.24316910000851,4.49591193161619,
26,80,"I",5,2.27348102634849,4.50862641594303,"I",5,2.27348102634849,4.50862641594303,
26,81,"#io",5,7.4374051515395,3.91207025148671,"#io",5,7.4374051515395,3.91207025148671,
26,82,"vii",3,7.20787563067529,3.88245695387891,"vii",3,7.20787563067529,3.88245695387891,
26,83,"#io",1,6.73536989608108,5.37387134302661,"#io",1,6.73536989608108,5.37387134302661,
26,84,"#io",1,7.11217055761599,4.25394060589979,"-vi",1,7.11217055761599,4.25394060589979,0
26,85,"VII",1,6.96016746417094,4.25394060589979,"VII",1,6.5978290978269,5.15275637654794,
26,86,"III",1,4.94929138986516,5.35241960075509,"III",1,4.94929138986516,5.35241960075509,
26,87,"VI",2,5.29057463595965,4.48938756125396,"VI",2,5.29057463595965,4.48938756125396,
26,88,"II",2,4.09933569298607,5.13032405207678,"II",2,4.09933569298607,5.13032405207678,
26,89,"VI",3,4.41383215898672,4.59862581504416,"VI",3,4.41383215898672,4.59862581504416,
,,,,,,,,,,
27,79,"V",5,3.24316910000851,4.49591193161619,"V",5,3.24316910000851,4.49591193161619,
27,80,"I",5,2.27348102634849,4.50862641594303,"I",5,2.27348102634849,4.50862641594303,
27,81,"#io",5,7.4374051515395,3.91207025148671,"#io",5,7.4374051515395,3.91207025148671,
27,82,"vii",3,7.20787563067529,3.88245695387891,"vii",3,7.20787563067529,3.88245695387891,
27,83,"#io",1,6.73536989608108,5.37387134302661,"#io",1,6.73536989608108,5.37387134302661,
27,84,"#io",1,7.11217055761599,4.25394060589979,"ivo",1,7.11217055761599,4.25394060589979,0
27,85,"VII",1,6.96016746417094,4.25394060589979,"VII",1,6.34957084995649,5.19957540767455,
27,86,"III",1,4.94929138986516,5.35241960075509,"III",1,4.94929138986516,5.35241960075509,
27,87,"VI",2,5.29057463595965,4.48938756125396,"VI",2,5.29057463595965,4.48938756125396,
27,88,"II",2,4.09933569298607,5.13032405207678,"II",2,4.09933569298607,5.13032405207678,
27,89,"VI",3,4.41383215898672,4.59862581504416,"VI",3,4.41383215898672,4.59862581504416,
,,,,,,,,,,
28,80,"I",5,2.27348102634849,4.50862641594303,"I",5,2.27348102634849,4.50862641594303,
28,81,"#io",5,7.4374051515395,3.91207025148671,"#io",5,7.4374051515395,3.91207025148671,
28,82,"vii",3,7.20787563067529,3.88245695387891,"vii",3,7.20787563067529,3.88245695387891,
28,83,"#io",1,6.73536989608108,5.37387134302661,"#io",1,6.73536989608108,5.37387134302661,
28,84,"#io",1,7.11217055761599,4.25394060589979,"#io",1,7.11217055761599,4.25394060589979,
28,85,"VII",1,6.96016746417094,4.25394060589979,"-vii",1,6.96016746417094,4.25394060589979,0
28,86,"III",1,4.94929138986516,5.35241960075509,"III",1,6.24397952880744,5.37978133541035,
28,87,"VI",2,5.29057463595965,4.48938756125396,"VI",1,4.78509777047633,5.39755563592088,
28,88,"II",2,4.09933569298607,5.13032405207678,"II",2,4.09933569298607,5.13032405207678,
28,89,"VI",3,4.41383215898672,4.59862581504416,"VI",3,4.41383215898672,4.59862581504416,
28,90,"II",3,2.70399057299607,4.97850199558676,"II",3,2.70399057299607,4.97850199558676,
,,,,,,,,,,
29,80,"I",5,2.27348102634849,4.50862641594303,"I",5,2.27348102634849,4.50862641594303,
29,81,"#io",5,7.4374051515395,3.91207025148671,"#io",5,7.4374051515395,3.91207025148671,
29,82,"vii",3,7.20787563067529,3.88245695387891,"vii",3,7.20787563067529,3.88245695387891,
29,83,"#io",1,6.73536989608108,5.37387134302661,"#io",1,6.73536989608108,5.37387134302661,
29,84,"#io",1,7.11217055761599,4.25394060589979,"#io",1,7.11217055761599,4.25394060589979,
29,85,"VII",1,6.96016746417094,4.25394060589979,"iio",1,6.96016746417094,4.25394060589979,0
29,86,"III",1,4.94929138986516,5.35241960075509,"III",1,6.15334238723107,5.40553253108426,
29,87,"VI",2,5.29057463595965,4.48938756125396,"VI",1,4.78509777047633,5.39755563592088,
29,88,"II",2,4.09933569298607,5.13032405207678,"II",2,4.09933569298607,5.13032405207678,
29,89,"VI",3,4.41383215898672,4.59862581504416,"VI",3,4.41383215898672,4.59862581504416,
29,90,"II",3,2.70399057299607,4.97850199558676,"II",3,2.70399057299607,4.97850199558676,
,,,,,,,,,,
30,88,"II",2,4.09933569298607,5.13032405207678,"II",2,4.09933569298607,5.13032405207678,
30,89,"VI",3,4.41383215898672,4.59862581504416,"VI",3,4.41383215898672,4.59862581504416,
30,90,"II",3,2.70399057299607,4.97850199558676,"II",3,2.70399057299607,4.97850199558676,
30,91,"-VI",4,6.51003108819735,4.88113787240782,"-VI",4,6.51003108819735,4.88113787240782,
30,92,"-II",2,5.92704446074321,5.16782341190319,"-II",2,5.92704446074321,5.16782341190319,
30,93,"#io",2,6.98923679378414,5.03211245088812,"#I",2,6.98923679378414,5.03211245088812,0
30,94,"vii",1,7.00198763986557,4.25394060589979,"vii",1,6.63555809056169,5.15266102488926,
30,95,"#io",1,6.73536989608108,5.37387134302661,"#io",1,6.73536989608108,5.37387134302661,
30,96,"#io",1,7.11217055761599,4.25394060589979,"#io",1,7.11217055761599,4.25394060589979,
30,97,"V",1,2.60866028002009,4.25394060589979,"V",1,2.60866028002009,4.25394060589979,
30,98,"I",2,5.10819472913343,5.28179427721798,"I",2,5.10819472913343,5.28179427721798,
,,,,,,,,,,
31,88,"II",2,4.09933569298607,5.13032405207678,"II",2,4.09933569298607,5.13032405207678,
31,89,"VI",3,4.41383215898672,4.59862581504416,"VI",3,4.41383215898672,4.59862581504416,
31,90,"II",3,2.70399057299607,4.97850199558676,"II",3,2.70399057299607,4.97850199558676,
31,91,"-VI",4,6.51003108819735,4.88113787240782,"-VI",4,6.51003108819735,4.88113787240782,
31,92,"-II",2,5.92704446074321,5.16782341190319,"-II",2,5.92704446074321,5.16782341190319,
31,93,"#io",2,6.98923679378414,5.03211245088812,"iiio",2,6.98923679378414,5.03211245088812,0
31,94,"vii",1,7.00198763986557,4.25394060589979,"vii",1,6.67360353316878,4.9497968787717,
31,95,"#io",1,6.73536989608108,5.37387134302661,"#io",1,6.73536989608108,5.37387134302661,
31,96,"#io",1,7.11217055761599,4.25394060589979,"#io",1,7.11217055761599,4.25394060589979,
31,97,"V",1,2.60866028002009,4.25394060589979,"V",1,2.60866028002009,4.25394060589979,
31,98,"I",2,5.10819472913343,5.28179427721798,"I",2,5.10819472913343,5.28179427721798,
,,,,,,,,,,
32,88,"II",2,4.09933569298607,5.13032405207678,"II",2,4.09933569298607,5.13032405207678,
32,89,"VI",3,4.41383215898672,4.59862581504416,"VI",3,4.41383215898672,4.59862581504416,
32,90,"II",3,2.70399057299607,4.97850199558676,"II",3,2.70399057299607,4.97850199558676,
32,91,"-VI",4,6.51003108819735,4.88113787240782,"-VI",4,6.51003108819735,4.88113787240782,
32,92,"-II",2,5.92704446074321,5.16782341190319,"-II",2,5.92704446074321,5.16782341190319,
32,93,"#io",2,6.98923679378414,5.03211245088812,"#iv",2,6.98923679378414,5.03211245088812,0
32,94,"vii",1,7.00198763986557,4.25394060589979,"vii",1,6.61633261250747,5.10415646494448,
32,95,"#io",1,6.73536989608108,5.37387134302661,"#io",1,6.73536989608108,5.37387134302661,
32,96,"#io",1,7.11217055761599,4.25394060589979,"#io",1,7.11217055761599,4.25394060589979,
32,97,"V",1,2.60866028002009,4.25394060589979,"V",1,2.60866028002009,4.25394060589979,
32,98,"I",2,5.10819472913343,5.28179427721798,"I",2,5.10819472913343,5.28179427721798,
,,,,,,,,,,
33,88,"II",2,4.09933569298607,5.13032405207678,"II",2,4.09933569298607,5.13032405207678,
33,89,"VI",3,4.41383215898672,4.59862581504416,"VI",3,4.41383215898672,4.59862581504416,
33,90,"II",3,2.70399057299607,4.97850199558676,"II",3,2.70399057299607,4.97850199558676,
33,91,"-VI",4,6.51003108819735,4.88113787240782,"-VI",4,6.51003108819735,4.88113787240782,
33,92,"-II",2,5.92704446074321,5.16782341190319,"-II",2,5.92704446074321,5.16782341190319,
33,93,"#io",2,6.98923679378414,5.03211245088812,"-vi",2,6.98923679378414,5.03211245088812,0
33,94,"vii",1,7.00198763986557,4.25394060589979,"vii",1,6.63964927352153,5.15275637654794,
33,95,"#io",1,6.73536989608108,5.37387134302661,"#io",1,6.73536989608108,5.37387134302661,
33,96,"#io",1,7.11217055761599,4.25394060589979,"#io",1,7.11217055761599,4.25394060589979,
33,97,"V",1,2.60866028002009,4.25394060589979,"V",1,2.60866028002009,4.25394060589979,
33,98,"I",2,5.10819472913343,5.28179427721798,"I",2,5.10819472913343,5.28179427721798,
,,,,,,,,,,
34,88,"II",2,4.09933569298607,5.13032405207678,"II",2,4.09933569298607,5.13032405207678,
34,89,"VI",3,4.41383215898672,4.59862581504416,"VI",3,4.41383215898672,4.59862581504416,
34,90,"II",3,2.70399057299607,4.97850199558676,"II",3,2.70399057299607,4.97850199558676,
34,91,"-VI",4,6.51003108819735,4.88113787240782,"-VI",4,6.51003108819735,4.88113787240782,
34,92,"-II",2,5.92704446074321,5.16782341190319,"-II",2,5.92704446074321,5.16782341190319,
34,93,"#io",2,6.98923679378414,5.03211245088812,"ivo",2,6.98923679378414,5.03211245088812,0
34,94,"vii",1,7.00198763986557,4.25394060589979,"vii",1,6.39139102565112,5.19957540767455,
34,95,"#io",1,6.73536989608108,5.37387134302661,"#io",1,6.73536989608108,5.37387134302661,
34,96,"#io",1,7.11217055761599,4.25394060589979,"#io",1,7.11217055761599,4.25394060589979,
34,97,"V",1,2.60866028002009,4.25394060589979,"V",1,2.60866028002009,4.25394060589979,
34,98,"I",2,5.10819472913343,5.28179427721798,"I",2,5.10819472913343,5.28179427721798,
,,,,,,,,,,
35,90,"II",3,2.70399057299607,4.97850199558676,"II",3,2.70399057299607,4.97850199558676,
35,91,"-VI",4,6.51003108819735,4.88113787240782,"-VI",4,6.51003108819735,4.88113787240782,
35,92,"-II",2,5.92704446074321,5.16782341190319,"-II",2,5.92704446074321,5.16782341190319,
35,93,"#io",2,6.98923679378414,5.03211245088812,"#io",2,6.98923679378414,5.03211245088812,
35,94,"vii",1,7.00198763986557,4.25394060589979,"vii",1,7.00198763986557,4.25394060589979,
35,95,"#io",1,6.73536989608108,5.37387134302661,"#I",1,6.73536989608108,5.37387134302661,0
35,96,"#io",1,7.11217055761599,4.25394060589979,"#io",1,6.74574100831212,5.15266102488926,
35,97,"V",1,2.60866028002009,4.25394060589979,"V",1,2.60866028002009,4.25394060589979,
35,98,"I",2,5.10819472913343,5.28179427721798,"I",2,5.10819472913343,5.28179427721798,
35,99,"I",2,4.50750976580657,5.45489656882738,"I",2,4.50750976580657,5.45489656882738,
35,100,"iv",3,5.24207069942904,5.35575359877211,"iv",3,5.24207069942904,5.35575359877211,
,,,,,,,,,,
36,90,"II",3,2.70399057299607,4.97850199558676,"II",3,2.70399057299607,4.97850199558676,
36,91,"-VI",4,6.51003108819735,4.88113787240782,"-VI",4,6.51003108819735,4.88113787240782,
36,92,"-II",2,5.92704446074321,5.16782341190319,"-II",2,5.92704446074321,5.16782341190319,
36,93,"#io",2,6.98923679378414,5.03211245088812,"#io",2,6.98923679378414,5.03211245088812,
36,94,"vii",1,7.00198763986557,4.25394060589979,"vii",1,7.00198763986557,4.25394060589979,
36,95,"#io",1,6.73536989608108,5.37387134302661,"iiio",1,6.73536989608108,5.37387134302661,0
36,96,"#io",1,7.11217055761599,4.25394060589979,"#io",1,6.7837864509192,4.9497968787717,
36,97,"V",1,2.60866028002009,4.25394060589979,"V",1,2.60866028002009,4.25394060589979,
36,98,"I",2,5.10819472913343,5.28179427721798,"I",2,5.10819472913343,5.28179427721798,
36,99,"I",2,4.50750976580657,5.45489656882738,"I",2,4.50750976580657,5.45489656882738,
36,100,"iv",3,5.24207069942904,5.35575359877211,"iv",3,5.24207069942904,5.35575359877211,
,,,,,,,,,,
37,90,"II",3,2.70399057299607,4.97850199558676,"II",3,2.70399057299607,4.97850199558676,
37,91,"-VI",4,6.51003108819735,4.88113787240782,"-VI",4,6.51003108819735,4.88113787240782,
37,92,"-II",2,5.92704446074321,5.16782341190319,"-II",2,5.92704446074321,5.16782341190319,
37,93,"#io",2,6.98923679378414,5.03211245088812,"#io",2,6.98923679378414,5.03211245088812,
37,94,"vii",1,7.00198763986557,4.25394060589979,"vii",1,7.00198763986557,4.25394060589979,
37,95,"#io",1,6.73536989608108,5.37387134302661,"-vi",1,6.73536989608108,5.37387134302661,0
37,96,"#io",1,7.11217055761599,4.25394060589979,"#io",1,6.74983219127195,5.15275637654794,
37,97,"V",1,2.60866028002009,4.25394060589979,"V",1,2.60866028002009,4.25394060589979,
37,98,"I",2,5.10819472913343,5.28179427721798,"I",2,5.10819472913343,5.28179427721798,
37,99,"I",2,4.50750976580657,5.45489656882738,"I",2,4.50750976580657,5.45489656882738,
37,100,"iv",3,5.24207069942904,5.35575359877211,"iv",3,5.24207069942904,5.35575359877211,
,,,,,,,,,,
38,90,"II",3,2.70399057299607,4.97850199558676,"II",3,2.70399057299607,4.97850199558676,
38,91,"-VI",4,6.51003108819735,4.88113787240782,"-VI",4,6.51003108819735,4.88113787240782,
38,92,"-II",2,5.92704446074321,5.16782341190319,"-II",2,5.92704446074321,5.16782341190319,
38,93,"#io",2,6.98923679378414,5.03211245088812,"#io",2,6.98923679378414,5.03211245088812,
38,94,"vii",1,7.00198763986557,4.25394060589979,"vii",1,7.00198763986557,4.25394060589979,
38,95,"#io",1,6.73536989608108,5.37387134302661,"ivo",1,6.73536989608108,5.37387134302661,0
38,96,"#io",1,7.11217055761599,4.25394060589979,"#io",1,6.50157394340154,5.19957540767455,
38,97,"V",1,2.60866028002009,4.25394060589979,"V",1,2.60866028002009,4.25394060589979,
38,98,"I",2,5.10819472913343,5.28179427721798,"I",2,5.10819472913343,5.28179427721798,
38,99,"I",2,4.50750976580657,5.45489656882738,"I",2,4.50750976580657,5.45489656882738,
38,100,"iv",3,5.24207069942904,5.35575359877211,"iv",3,5.24207069942904,5.35575359877211,
,,,,,,,,,,
39,91,"-VI",4,6.51003108819735,4.88113787240782,"-VI",4,6.51003108819735,4.88113787240782,
39,92,"-II",2,5.92704446074321,5.16782341190319,"-II",2,5.92704446074321,5.16782341190319,
39,93,"#io",2,6.98923679378414,5.03211245088812,"#io",2,6.98923679378414,5.03211245088812,
39,94,"vii",1,7.00198763986557,4.25394060589979,"vii",1,7.00198763986557,4.25394060589979,
39,95,"#io",1,6.73536989608108,5.37387134302661,"#io",1,6.73536989608108,5.37387134302661,
39,96,"#io",1,7.11217055761599,4.25394060589979,"#I",1,7.11217055761599,4.25394060589979,0
39,97,"V",1,2.60866028002009,4.25394060589979,"V",1,6.19945897575502,5.15266102488926,
39,98,"I",2,5.10819472913343,5.28179427721798,"I",1,4.8860650492582,5.46956356854853,
39,99,"I",2,4.50750976580657,5.45489656882738,"I",2,4.50750976580657,5.45489656882738,
39,100,"iv",3,5.24207069942904,5.35575359877211,"iv",3,5.24207069942904,5.35575359877211,
39,101,"I",4,3.7569489728767,4.6189632082906,"I",4,3.7569489728767,4.6189632082906,
,,,,,,,,,,
40,91,"-VI",4,6.51003108819735,4.88113787240782,"-VI",4,6.51003108819735,4.88113787240782,
40,92,"-II",2,5.92704446074321,5.16782341190319,"-II",2,5.92704446074321,5.16782341190319,
40,93,"#io",2,6.98923679378414,5.03211245088812,"#io",2,6.98923679378414,5.03211245088812,
40,94,"vii",1,7.00198763986557,4.25394060589979,"vii",1,7.00198763986557,4.25394060589979,
40,95,"#io",1,6.73536989608108,5.37387134302661,"#io",1,6.73536989608108,5.37387134302661,
40,96,"#io",1,7.11217055761599,4.25394060589979,"iiio",1,7.11217055761599,4.25394060589979,0
40,97,"V",1,2.60866028002009,4.25394060589979,"V",1,6.2375044183621,4.9497968787717,
40,98,"I",2,5.10819472913343,5.28179427721798,"I",1,4.8860650492582,5.46956356854853,
40,99,"I",2,4.50750976580657,5.45489656882738,"I",2,4.50750976580657,5.45489656882738,
40,100,"iv",3,5.24207069942904,5.35575359877211,"iv",3,5.24207069942904,5.35575359877211,
40,101,"I",4,3.7569489728767,4.6189632082906,"I",4,3.7569489728767,4.6189632082906,
,,,,,,,,,,
41,91,"-VI",4,6.51003108819735,4.88113787240782,"-VI",4,6.51003108819735,4.88113787240782,
41,92,"-II",2,5.92704446074321,5.16782341190319,"-II",2,5.92704446074321,5.16782341190319,
41,93,"#io",2,6.98923679378414,5.03211245088812,"#io",2,6.98923679378414,5.03211245088812,
41,94,"vii",1,7.00198763986557,4.25394060589979,"vii",1,7.00198763986557,4.25394060589979,
41,95,"#io",1,6.73536989608108,5.37387134302661,"#io",1,6.73536989608108,5.37387134302661,
41,96,"#io",1,7.11217055761599,4.25394060589979,"#iv",1,7.11217055761599,4.25394060589979,0
41,97,"V",1,2.60866028002009,4.25394060589979,"V",1,3.15786568467234,5.10415646494448,
41,98,"I",2,5.10819472913343,5.28179427721798,"I",2,5.15993446284706,5.26109735132522,
41,99,"I",2,4.50750976580657,5.45489656882738,"I",2,4.50750976580657,5.45489656882738,
41,100,"iv",3,5.24207069942904,5.35575359877211,"iv",3,5.24207069942904,5.35575359877211,
41,101,"I",4,3.7569489728767,4.6189632082906,"I",4,3.7569489728767,4.6189632082906,
,,,,,,,,,,
42,91,"-VI",4,6.51003108819735,4.88113787240782,"-VI",4,6.51003108819735,4.88113787240782,
42,92,"-II",2,5.92704446074321,5.16782341190319,"-II",2,5.92704446074321,5.16782341190319,
42,93,"#io",2,6.98923679378414,5.03211245088812,"#io",2,6.98923679378414,5.03211245088812,
42,94,"vii",1,7.00198763986557,4.25394060589979,"vii",1,7.00198763986557,4.25394060589979,
42,95,"#io",1,6.73536989608108,5.37387134302661,"#io",1,6.73536989608108,5.37387134302661,
42,96,"#io",1,7.11217055761599,4.25394060589979,"-vi",1,7.11217055761599,4.25394060589979,0
42,97,"V",1,2.60866028002009,4.25394060589979,"V",1,6.20355015871485,5.15275637654794,
42,98,"I",2,5.10819472913343,5.28179427721798,"I",1,4.8860650492582,5.46956356854853,
42,99,"I",2,4.50750976580657,5.45489656882738,"I",2,4.50750976580657,5.45489656882738,
42,100,"iv",3,5.24207069942904,5.35575359877211,"iv",3,5.24207069942904,5.35575359877211,
42,101,"I",4,3.7569489728767,4.6189632082906,"I",4,3.7569489728767,4.6189632082906,
,,,,,,,,,,
43,91,"-VI",4,6.51003108819735,4.88113787240782,"-VI",4,6.51003108819735,4.88113787240782,
43,92,"-II",2,5.92704446074321,5.16782341190319,"-II",2,5.92704446074321,5.16782341190319,
43,93,"#io",2,6.98923679378414,5.03211245088812,"#io",2,6.98923679378414,5.03211245088812,
43,94,"vii",1,7.00198763986557,4.25394060589979,"vii",1,7.00198763986557,4.25394060589979,
43,95,"#io",1,6.73536989608108,5.37387134302661,"#io",1,6.73536989608108,5.37387134302661,
43,96,"#io",1,7.11217055761599,4.25394060589979,"ivo",1,7.11217055761599,4.25394060589979,0
43,97,"V",1,2.60866028002009,4.25394060589979,"V",1,5.95529191084444,5.19957540767455,
43,98,"I",2,5.10819472913343,5.28179427721798,"I",1,4.8860650492582,5.46956356854853,
43,99,"I",2,4.50750976580657,5.45489656882738,"I",2,4.50750976580657,5.45489656882738,
43,100,"iv",3,5.24207069942904,5.35575359877211,"iv",3,5.24207069942904,5.35575359877211,
43,101,"I",4,3.7569489728767,4.6189632082906,"I",4,3.7569489728767,4.6189632082906,
,,,,,,,,,,
44,20,"II",2,3.92906308295182,5.08808905348547,"II",2,3.92906308295182,5.08808905348547,
44,21,"VI",3,1.91938901563152,4.59804125922297,"VI",3,1.91938901563152,4.59804125922297,
44,22,"II",4,1.84470195563592,4.5698028738094,"II",4,1.84470195563592,4.5698028738094,
44,23,"V",5,3.24316910000851,4.49591193161619,"V",5,3.24316910000851,4.49591193161619,
44,24,"I",5,2.27348102634849,4.50862641594303,"I",5,2.27348102634849,4.50862641594303,
44,25,"#io",5,7.4374051515395,3.91207025148671,"#ivo",5,7.43364050152042,3.91207025148671,0.00376465001908066
44,26,"vii",3,7.20787563067529,3.88245695387891,"vii",3,7.55171297316164,4.06289829131659,
44,27,"#io",1,6.73536989608108,5.37387134302661,"#io",1,6.73536989608108,5.37387134302661,
44,28,"#io",1,7.11217055761599,4.25394060589979,"#io",1,7.11217055761599,4.25394060589979,
44,29,"V",1,2.60866028002009,4.25394060589979,"V",1,2.60866028002009,4.25394060589979,
44,30,"I",2,5.10819472913343,5.28179427721798,"I",2,5.10819472913343,5.28179427721798,
,,,,,,,,,,
45,45,"II",2,3.92906308295182,5.08808905348547,"II",2,3.92906308295182,5.08808905348547,
45,46,"VI",3,1.91938901563152,4.59804125922297,"VI",3,1.91938901563152,4.59804125922297,
45,47,"II",4,1.84470195563592,4.5698028738094,"II",4,1.84470195563592,4.5698028738094,
45,48,"V",5,3.24316910000851,4.49591193161619,"V",5,3.24316910000851,4.49591193161619,
45,49,"I",5,2.27348102634849,4.50862641594303,"I",5,2.27348102634849,4.50862641594303,
45,50,"#io",5,7.4374051515395,3.91207025148671,"#ivo",5,7.43364050152042,3.91207025148671,0.00376465001908066
45,51,"vii",3,7.20787563067529,3.88245695387891,"vii",3,7.55171297316164,4.06289829131659,
45,52,"#io",1,6.73536989608108,5.37387134302661,"#io",1,6.73536989608108,5.37387134302661,
45,53,"#io",1,7.11217055761599,4.25394060589979,"#io",1,7.11217055761599,4.25394060589979,
45,54,"V",1,2.60866028002009,4.25394060589979,"V",1,2.60866028002009,4.25394060589979,
45,55,"I",2,5.10819472913343,5.28179427721798,"I",2,5.10819472913343,5.28179427721798,
,,,,,,,,,,
46,76,"II",2,3.92906308295182,5.08808905348547,"II",2,3.92906308295182,5.08808905348547,
46,77,"VI",3,1.91938901563152,4.59804125922297,"VI",3,1.91938901563152,4.59804125922297,
46,78,"II",4,1.84470195563592,4.5698028738094,"II",4,1.84470195563592,4.5698028738094,
46,79,"V",5,3.24316910000851,4.49591193161619,"V",5,3.24316910000851,4.49591193161619,
46,80,"I",5,2.27348102634849,4.50862641594303,"I",5,2.27348102634849,4.50862641594303,
46,81,"#io",5,7.4374051515395,3.91207025148671,"#ivo",5,7.43364050152042,3.91207025148671,0.00376465001908066
46,82,"vii",3,7.20787563067529,3.88245695387891,"vii",3,7.55171297316164,4.06289829131659,
46,83,"#io",1,6.73536989608108,5.37387134302661,"#io",1,6.73536989608108,5.37387134302661,
46,84,"#io",1,7.11217055761599,4.25394060589979,"#io",1,7.11217055761599,4.25394060589979,
46,85,"VII",1,6.96016746417094,4.25394060589979,"VII",1,6.96016746417094,4.25394060589979,
46,86,"III",1,4.94929138986516,5.35241960075509,"III",1,4.94929138986516,5.35241960075509,
,,,,,,,,,,
47,6,"I",5,3.98807420824608,4.69880730300448,"I",5,3.98807420824608,4.69880730300448,
47,7,"iv",5,4.50727034864588,5.07644553472119,"iv",5,4.50727034864588,5.07644553472119,
47,8,"i",5,6.82127444529731,3.62924707438769,"i",5,6.82127444529731,3.62924707438769,
47,9,"V",2,5.18918378288414,5.3088418137135,"V",2,5.18918378288414,5.3088418137135,
47,10,"iv",3,6.27237204783434,4.68444313455646,"iv",3,6.27237204783434,4.68444313455646,
47,11,"i",2,5.57395603738269,5.3100140433034,"-VI",2,5.56971791297025,5.3100140433034,0.00423812441243765
47,12,"V",2,5.18918378288414,5.3088418137135,"V",2,4.54807538358868,5.25066498575225,
47,13,"iv",3,6.27237204783434,4.68444313455646,"iv",3,5.32051132180648,4.5501776034016,
47,14,"i",2,5.57395603738269,5.3100140433034,"i",3,5.82110207411354,5.09462022561369,
47,15,"V",2,5.18918378288414,5.3088418137135,"V",2,5.18918378288414,5.3088418137135,
47,16,"iv",3,6.27237204783434,4.68444313455646,"iv",3,6.27237204783434,4.68444313455646,
,,,,,,,,,,
48,9,"V",2,5.18918378288414,5.3088418137135,"V",2,5.18918378288414,5.3088418137135,
48,10,"iv",3,6.27237204783434,4.68444313455646,"iv",3,6.27237204783434,4.68444313455646,
48,11,"i",2,5.57395603738269,5.3100140433034,"i",2,5.57395603738269,5.3100140433034,
48,12,"V",2,5.18918378288414,5.3088418137135,"V",2,5.18918378288414,5.3088418137135,
48,13,"iv",3,6.27237204783434,4.68444313455646,"iv",3,6.27237204783434,4.68444313455646,
48,14,"i",2,5.57395603738269,5.3100140433034,"-VI",2,5.56971791297025,5.3100140433034,0.00423812441243765
48,15,"V",2,5.18918378288414,5.3088418137135,"V",2,4.54807538358868,5.25066498575225,
48,16,"iv",3,6.27237204783434,4.68444313455646,"iv",3,5.32051132180648,4.5501776034016,
48,17,"IV",2,5.60871204458611,5.3100140433034,"IV",3,5.85585808131697,5.09462022561369,
48,18,"IV",2,4.25329499789397,5.30617909945223,"IV",2,4.25329499789397,5.30617909945223,
48,19,"VI",3,6.5007459032126,4.96353334350538,"VI",3,6.5007459032126,4.96353334350538,
,,,,,,,,,,
49,31,"I",2,4.50750976580657,5.45489656882738,"I",2,4.50750976580657,5.45489656882738,
49,32,"iv",3,5.24207069942904,5.35575359877211,"iv",3,5.24207069942904,5.35575359877211,
49,33,"i",4,6.29015841478751,4.6189632082906,"i",4,6.29015841478751,4.6189632082906,
49,34,"V",2,5.18918378288414,5.3088418137135,"V",2,5.18918378288414,5.3088418137135,
49,35,"iv",3,6.27237204783434,4.68444313455646,"iv",3,6.27237204783434,4.68444313455646,
49,36,"i",2,5.57395603738269,5.3100140433034,"-VI",2,5.56971791297025,5.3100140433034,0.00423812441243765
49,37,"V",2,5.18918378288414,5.3088418137135,"V",2,4.54807538358868,5.25066498575225,
49,38,"iv",3,6.27237204783434,4.68444313455646,"iv",3,5.32051132180648,4.5501776034016,
49,39,"i",2,5.57395603738269,5.3100140433034,"i",3,5.82110207411354,5.09462022561369,
49,40,"V",2,5.18918378288414,5.3088418137135,"V",2,5.18918378288414,5.3088418137135,
49,41,"iv",3,6.27237204783434,4.68444313455646,"iv",3,6.27237204783434,4.68444313455646,
,,,,,,,,,,
50,34,"V",2,5.18918378288414,5.3088418137135,"V",2,5.18918378288414,5.3088418137135,
50,35,"iv",3,6.27237204783434,4.68444313455646,"iv",3,6.27237204783434,4.68444313455646,
50,36,"i",2,5.57395603738269,5.3100140433034,"i",2,5.57395603738269,5.3100140433034,
50,37,"V",2,5.18918378288414,5.3088418137135,"V",2,5.18918378288414,5.3088418137135,
50,38,"iv",3,6.27237204783434,4.68444313455646,"iv",3,6.27237204783434,4.68444313455646,
50,39,"i",2,5.57395603738269,5.3100140433034,"-VI",2,5.56971791297025,5.3100140433034,0.00423812441243765
50,40,"V",2,5.18918378288414,5.3088418137135,"V",2,4.54807538358868,5.25066498575225,
50,41,"iv",3,6.27237204783434,4.68444313455646,"iv",3,5.32051132180648,4.5501776034016,
50,42,"IV",2,5.60871204458611,5.3100140433034,"IV",3,5.85585808131697,5.09462022561369,
50,43,"IV",2,4.25329499789397,5.30617909945223,"IV",2,4.25329499789397,5.30617909945223,
50,44,"VI",3,6.5007459032126,4.96353334350538,"VI",3,6.5007459032126,4.96353334350538,
,,,,,,,,,,
51,5,"I",4,2.12191447975607,4.81224725179976,"I",4,2.12191447975607,4.81224725179976,
51,6,"I",5,3.98807420824608,4.69880730300448,"I",5,3.98807420824608,4.69880730300448,
51,7,"iv",5,4.50727034864588,5.07644553472119,"iv",5,4.50727034864588,5.07644553472119,
51,8,"i",5,6.82127444529731,3.62924707438769,"i",5,6.82127444529731,3.62924707438769,
51,9,"V",2,5.18918378288414,5.3088418137135,"V",2,5.18918378288414,5.3088418137135,
51,10,"iv",3,6.27237204783434,4.68444313455646,"II",3,6.26121481466186,4.68444313455646,0.0111572331724785
51,11,"i",2,5.57395603738269,5.3100140433034,"i",2,6.30133119028025,5.27950054705068,
51,12,"V",2,5.18918378288414,5.3088418137135,"V",2,5.56523681353429,5.0212088860666,
51,13,"iv",3,6.27237204783434,4.68444313455646,"iv",2,5.99522172691141,5.18723940948589,
51,14,"i",2,5.57395603738269,5.3100140433034,"i",2,5.57395603738269,5.3100140433034,
51,15,"V",2,5.18918378288414,5.3088418137135,"V",2,5.18918378288414,5.3088418137135,
,,,,,,,,,,
52,8,"i",5,6.82127444529731,3.62924707438769,"i",5,6.82127444529731,3.62924707438769,
52,9,"V",2,5.18918378288414,5.3088418137135,"V",2,5.18918378288414,5.3088418137135,
52,10,"iv",3,6.27237204783434,4.68444313455646,"iv",3,6.27237204783434,4.68444313455646,
52,11,"i",2,5.57395603738269,5.3100140433034,"i",2,5.57395603738269,5.3100140433034,
52,12,"V",2,5.18918378288414,5.3088418137135,"V",2,5.18918378288414,5.3088418137135,
52,13,"iv",3,6.27237204783434,4.68444313455646,"II",3,6.26121481466186,4.68444313455646,0.0111572331724785
52,14,"i",2,5.57395603738269,5.3100140433034,"i",2,6.30133119028025,5.27950054705068,
52,15,"V",2,5.18918378288414,5.3088418137135,"V",2,5.56523681353429,5.0212088860666,
52,16,"iv",3,6.27237204783434,4.68444313455646,"iv",2,5.99522172691141,5.18723940948589,
52,17,"IV",2,5.60871204458611,5.3100140433034,"IV",2,5.60871204458611,5.3100140433034,
52,18,"IV",2,4.25329499789397,5.30617909945223,"IV",2,4.25329499789397,5.30617909945223,
,,,,,,,,,,
53,11,"i",2,5.57395603738269,5.3100140433034,"i",2,5.57395603738269,5.3100140433034,
53,12,"V",2,5.18918378288414,5.3088418137135,"V",2,5.18918378288414,5.3088418137135,
53,13,"iv",3,6.27237204783434,4.68444313455646,"iv",3,6.27237204783434,4.68444313455646,
53,14,"i",2,5.57395603738269,5.3100140433034,"i",2,5.57395603738269,5.3100140433034,
53,15,"V",2,5.18918378288414,5.3088418137135,"V",2,5.18918378288414,5.3088418137135,
53,16,"iv",3,6.27237204783434,4.68444313455646,"II",3,6.26121481466186,4.68444313455646,0.0111572331724785
53,17,"IV",2,5.60871204458611,5.3100140433034,"IV",2,4.15977704606623,5.27950054705068,
53,18,"IV",2,4.25329499789397,5.30617909945223,"IV",3,3.59658748251046,5.08081885815033,
53,19,"VI",3,6.5007459032126,4.96353334350538,"VI",4,6.95795147260775,4.37049624697287,
53,20,"II",2,3.92906308295182,5.08808905348547,"II",2,3.92906308295182,5.08808905348547,
53,21,"VI",3,1.91938901563152,4.59804125922297,"VI",3,1.91938901563152,4.59804125922297,
,,,,,,,,,,
54,30,"I",2,5.10819472913343,5.28179427721798,"I",2,5.10819472913343,5.28179427721798,
54,31,"I",2,4.50750976580657,5.45489656882738,"I",2,4.50750976580657,5.45489656882738,
54,32,"iv",3,5.24207069942904,5.35575359877211,"iv",3,5.24207069942904,5.35575359877211,
54,33,"i",4,6.29015841478751,4.6189632082906,"i",4,6.29015841478751,4.6189632082906,
54,34,"V",2,5.18918378288414,5.3088418137135,"V",2,5.18918378288414,5.3088418137135,
54,35,"iv",3,6.27237204783434,4.68444313455646,"II",3,6.26121481466186,4.68444313455646,0.0111572331724785
54,36,"i",2,5.57395603738269,5.3100140433034,"i",2,6.30133119028025,5.27950054705068,
54,37,"V",2,5.18918378288414,5.3088418137135,"V",2,5.56523681353429,5.0212088860666,
54,38,"iv",3,6.27237204783434,4.68444313455646,"iv",2,5.99522172691141,5.18723940948589,
54,39,"i",2,5.57395603738269,5.3100140433034,"i",2,5.57395603738269,5.3100140433034,
54,40,"V",2,5.18918378288414,5.3088418137135,"V",2,5.18918378288414,5.3088418137135,
,,,,,,,,,,
55,33,"i",4,6.29015841478751,4.6189632082906,"i",4,6.29015841478751,4.6189632082906,
55,34,"V",2,5.18918378288414,5.3088418137135,"V",2,5.18918378288414,5.3088418137135,
55,35,"iv",3,6.27237204783434,4.68444313455646,"iv",3,6.27237204783434,4.68444313455646,
55,36,"i",2,5.57395603738269,5.3100140433034,"i",2,5.57395603738269,5.3100140433034,
55,37,"V",2,5.18918378288414,5.3088418137135,"V",2,5.18918378288414,5.3088418137135,
55,38,"iv",3,6.27237204783434,4.68444313455646,"II",3,6.26121481466186,4.68444313455646,0.0111572331724785
55,39,"i",2,5.57395603738269,5.3100140433034,"i",2,6.30133119028025,5.27950054705068,
55,40,"V",2,5.18918378288414,5.3088418137135,"V",2,5.56523681353429,5.0212088860666,
55,41,"iv",3,6.27237204783434,4.68444313455646,"iv",2,5.99522172691141,5.18723940948589,
55,42,"IV",2,5.60871204458611,5.3100140433034,"IV",2,5.60871204458611,5.3100140433034,
55,43,"IV",2,4.25329499789397,5.30617909945223,"IV",2,4.25329499789397,5.30617909945223,
,,,,,,,,,,
56,36,"i",2,5.57395603738269,5.3100140433034,"i",2,5.57395603738269,5.3100140433034,
56,37,"V",2,5.18918378288414,5.3088418137135,"V",2,5.18918378288414,5.3088418137135,
56,38,"iv",3,6.27237204783434,4.68444313455646,"iv",3,6.27237204783434,4.68444313455646,
56,39,"i",2,5.57395603738269,5.3100140433034,"i",2,5.57395603738269,5.3100140433034,
56,40,"V",2,5.18918378288414,5.3088418137135,"V",2,5.18918378288414,5.3088418137135,
56,41,"iv",3,6.27237204783434,4.68444313455646,"II",3,6.26121481466186,4.68444313455646,0.0111572331724785
56,42,"IV",2,5.60871204458611,5.3100140433034,"IV",2,4.15977704606623,5.27950054705068,
56,43,"IV",2,4.25329499789397,5.30617909945223,"IV",3,3.59658748251046,5.08081885815033,
56,44,"VI",3,6.5007459032126,4.96353334350538,"VI",4,6.95795147260775,4.37049624697287,
56,45,"II",2,3.92906308295182,5.08808905348547,"II",2,3.92906308295182,5.08808905348547,
56,46,"VI",3,1.91938901563152,4.59804125922297,"VI",3,1.91938901563152,4.59804125922297,
,,,,,,,,,,
57,80,"I",5,2.27348102634849,4.50862641594303,"I",5,2.27348102634849,4.50862641594303,
57,81,"#io",5,7.4374051515395,3.91207025148671,"#io",5,7.4374051515395,3.91207025148671,
57,82,"vii",3,7.20787563067529,3.88245695387891,"vii",3,7.20787563067529,3.88245695387891,
57,83,"#io",1,6.73536989608108,5.37387134302661,"#io",1,6.73536989608108,5.37387134302661,
57,84,"#io",1,7.11217055761599,4.25394060589979,"#io",1,7.11217055761599,4.25394060589979,
57,85,"VII",1,6.96016746417094,4.25394060589979,"-II",1,6.93970336161122,4.25394060589979,0.0204641025597159
57,86,"III",1,4.94929138986516,5.35241960075509,"III",1,6.19600306613524,5.4382931895913,
57,87,"VI",2,5.29057463595965,4.48938756125396,"VI",1,4.78509777047633,5.39755563592088,
57,88,"II",2,4.09933569298607,5.13032405207678,"II",2,4.09933569298607,5.13032405207678,
57,89,"VI",3,4.41383215898672,4.59862581504416,"VI",3,4.41383215898672,4.59862581504416,
57,90,"II",3,2.70399057299607,4.97850199558676,"II",3,2.70399057299607,4.97850199558676,
,,,,,,,,,,
58,80,"I",5,2.27348102634849,4.50862641594303,"I",5,2.27348102634849,4.50862641594303,
58,81,"#io",5,7.4374051515395,3.91207025148671,"#io",5,7.4374051515395,3.91207025148671,
58,82,"vii",3,7.20787563067529,3.88245695387891,"vii",3,7.20787563067529,3.88245695387891,
58,83,"#io",1,6.73536989608108,5.37387134302661,"#io",1,6.73536989608108,5.37387134302661,
58,84,"#io",1,7.11217055761599,4.25394060589979,"#io",1,7.11217055761599,4.25394060589979,
58,85,"VII",1,6.96016746417094,4.25394060589979,"vo",1,6.98092602433774,4.25394060589979,0.0207585601667972
58,86,"III",1,4.94929138986516,5.35241960075509,"III",1,6.5738737184947,4.97229586861433,
58,87,"VI",2,5.29057463595965,4.48938756125396,"VI",1,4.78509777047633,5.39755563592088,
58,88,"II",2,4.09933569298607,5.13032405207678,"II",2,4.09933569298607,5.13032405207678,
58,89,"VI",3,4.41383215898672,4.59862581504416,"VI",3,4.41383215898672,4.59862581504416,
58,90,"II",3,2.70399057299607,4.97850199558676,"II",3,2.70399057299607,4.97850199558676,
,,,,,,,,,,
59,21,"VI",3,1.91938901563152,4.59804125922297,"VI",3,1.91938901563152,4.59804125922297,
59,22,"II",4,1.84470195563592,4.5698028738094,"II",4,1.84470195563592,4.5698028738094,
59,23,"V",5,3.24316910000851,4.49591193161619,"V",5,3.24316910000851,4.49591193161619,
59,24,"I",5,2.27348102634849,4.50862641594303,"I",5,2.27348102634849,4.50862641594303,
59,25,"#io",5,7.4374051515395,3.91207025148671,"#io",5,7.4374051515395,3.91207025148671,
59,26,"vii",3,7.20787563067529,3.88245695387891,"vo",3,7.18681401514746,3.88245695387891,0.02106161552783
59,27,"#io",1,6.73536989608108,5.37387134302661,"#io",1,6.88199601385703,4.97229586861433,
59,28,"#io",1,7.11217055761599,4.25394060589979,"#io",1,7.11217055761599,4.25394060589979,
59,29,"V",1,2.60866028002009,4.25394060589979,"V",1,2.60866028002009,4.25394060589979,
59,30,"I",2,5.10819472913343,5.28179427721798,"I",2,5.10819472913343,5.28179427721798,
59,31,"I",2,4.50750976580657,5.45489656882738,"I",2,4.50750976580657,5.45489656882738,
,,,,,,,,,,
60,46,"VI",3,1.91938901563152,4.59804125922297,"VI",3,1.91938901563152,4.59804125922297,
60,47,"II",4,1.84470195563592,4.5698028738094,"II",4,1.84470195563592,4.5698028738094,
60,48,"V",5,3.24316910000851,4.49591193161619,"V",5,3.24316910000851,4.49591193161619,
60,49,"I",5,2.27348102634849,4.50862641594303,"I",5,2.27348102634849,4.50862641594303,
60,50,"#io",5,7.4374051515395,3.91207025148671,"#io",5,7.4374051515395,3.91207025148671,
60,51,"vii",3,7.20787563067529,3.88245695387891,"vo",3,7.18681401514746,3.88245695387891,0.02106161552783
60,52,"#io",1,6.73536989608108,5.37387134302661,"#io",1,6.88199601385703,4.97229586861433,
60,53,"#io",1,7.11217055761599,4.25394060589979,"#io",1,7.11217055761599,4.25394060589979,
60,54,"V",1,2.60866028002009,4.25394060589979,"V",1,2.60866028002009,4.25394060589979,
60,55,"I",2,5.10819472913343,5.28179427721798,"I",2,5.10819472913343,5.28179427721798,
60,56,"I",2,4.50750976580657,5.45489656882738,"I",2,4.50750976580657,5.45489656882738,
,,,,,,,,,,
61,77,"VI",3,1.91938901563152,4.59804125922297,"VI",3,1.91938901563152,4.59804125922297,
61,78,"II",4,1.84470195563592,4.5698028738094,"II",4,1.84470195563592,4.5698028738094,
61,79,"V",5,3.24316910000851,4.49591193161619,"V",5,3.24316910000851,4.49591193161619,
61,80,"I",5,2.27348102634849,4.50862641594303,"I",5,2.27348102634849,4.50862641594303,
61,81,"#io",5,7.4374051515395,3.91207025148671,"#io",5,7.4374051515395,3.91207025148671,
61,82,"vii",3,7.20787563067529,3.88245695387891,"vo",3,7.18681401514746,3.88245695387891,0.02106161552783
61,83,"#io",1,6.73536989608108,5.37387134302661,"#io",1,6.88199601385703,4.97229586861433,
61,84,"#io",1,7.11217055761599,4.25394060589979,"#io",1,7.11217055761599,4.25394060589979,
61,85,"VII",1,6.96016746417094,4.25394060589979,"VII",1,6.96016746417094,4.25394060589979,
61,86,"III",1,4.94929138986516,5.35241960075509,"III",1,4.94929138986516,5.35241960075509,
61,87,"VI",2,5.29057463595965,4.48938756125396,"VI",2,5.29057463595965,4.48938756125396,
,,,,,,,,,,
62,89,"VI",3,4.41383215898672,4.59862581504416,"VI",3,4.41383215898672,4.59862581504416,
62,90,"II",3,2.70399057299607,4.97850199558676,"II",3,2.70399057299607,4.97850199558676,
62,91,"-VI",4,6.51003108819735,4.88113787240782,"-VI",4,6.51003108819735,4.88113787240782,
62,92,"-II",2,5.92704446074321,5.16782341190319,"-II",2,5.92704446074321,5.16782341190319,
62,93,"#io",2,6.98923679378414,5.03211245088812,"#io",2,6.98923679378414,5.03211245088812,
62,94,"vii",1,7.00198763986557,4.25394060589979,"vo",1,6.98092602433774,4.25394060589979,0.02106161552783
62,95,"#io",1,6.73536989608108,5.37387134302661,"#io",1,6.88199601385703,4.97229586861433,
62,96,"#io",1,7.11217055761599,4.25394060589979,"#io",1,7.11217055761599,4.25394060589979,
62,97,"V",1,2.60866028002009,4.25394060589979,"V",1,2.60866028002009,4.25394060589979,
62,98,"I",2,5.10819472913343,5.28179427721798,"I",2,5.10819472913343,5.28179427721798,
62,99,"I",2,4.50750976580657,5.45489656882738,"I",2,4.50750976580657,5.45489656882738,
,,,,,,,,,,
63,21,"VI",3,1.91938901563152,4.59804125922297,"VI",3,1.91938901563152,4.59804125922297,
63,22,"II",4,1.84470195563592,4.5698028738094,"II",4,1.84470195563592,4.5698028738094,
63,23,"V",5,3.24316910000851,4.49591193161619,"V",5,3.24316910000851,4.49591193161619,
63,24,"I",5,2.27348102634849,4.50862641594303,"I",5,2.27348102634849,4.50862641594303,
63,25,"#io",5,7.4374051515395,3.91207025148671,"#io",5,7.4374051515395,3.91207025148671,
63,26,"vii",3,7.20787563067529,3.88245695387891,"-iii",3,7.22924928146785,3.88245695387891,0.021373650792567
63,27,"#io",1,6.73536989608108,5.37387134302661,"#io",1,6.53644767245252,5.463546016454,
63,28,"#io",1,7.11217055761599,4.25394060589979,"#io",1,7.11217055761599,4.25394060589979,
63,29,"V",1,2.60866028002009,4.25394060589979,"V",1,2.60866028002009,4.25394060589979,
63,30,"I",2,5.10819472913343,5.28179427721798,"I",2,5.10819472913343,5.28179427721798,
63,31,"I",2,4.50750976580657,5.45489656882738,"I",2,4.50750976580657,5.45489656882738,
,,,,,,,,,,
64,21,"VI",3,1.91938901563152,4.59804125922297,"VI",3,1.91938901563152,4.59804125922297,
64,22,"II",4,1.84470195563592,4.5698028738094,"II",4,1.84470195563592,4.5698028738094,
64,23,"V",5,3.24316910000851,4.49591193161619,"V",5,3.24316910000851,4.49591193161619,
64,24,"I",5,2.27348102634849,4.50862641594303,"I",5,2.27348102634849,4.50862641594303,
64,25,"#io",5,7.4374051515395,3.91207025148671,"#io",5,7.4374051515395,3.91207025148671,
64,26,"vii",3,7.20787563067529,3.88245695387891,"viio",3,7.22924928146785,3.88245695387891,0.021373650792567
64,27,"#io",1,6.73536989608108,5.37387134302661,"#io",1,6.70873904135958,5.31194985661058,
64,28,"#io",1,7.11217055761599,4.25394060589979,"#io",1,7.11217055761599,4.25394060589979,
64,29,"V",1,2.60866028002009,4.25394060589979,"V",1,2.60866028002009,4.25394060589979,
64,30,"I",2,5.10819472913343,5.28179427721798,"I",2,5.10819472913343,5.28179427721798,
64,31,"I",2,4.50750976580657,5.45489656882738,"I",2,4.50750976580657,5.45489656882738,
,,,,,,,,,,
65,21,"VI",3,1.91938901563152,4.59804125922297,"VI",3,1.91938901563152,4.59804125922297,
65,22,"II",4,1.84470195563592,4.5698028738094,"II",4,1.84470195563592,4.5698028738094,
65,23,"V",5,3.24316910000851,4.49591193161619,"V",5,3.24316910000851,4.49591193161619,
65,24,"I",5,2.27348102634849,4.50862641594303,"I",5,2.27348102634849,4.50862641594303,
65,25,"#io",5,7.4374051515395,3.91207025148671,"#io",5,7.4374051515395,3.91207025148671,
65,26,"vii",3,7.20787563067529,3.88245695387891,"vio",3,7.22924928146785,3.88245695387891,0.021373650792567
65,27,"#io",1,6.73536989608108,5.37387134302661,"#io",1,6.64676778519463,5.39142819372657,
65,28,"#io",1,7.11217055761599,4.25394060589979,"#io",1,7.11217055761599,4.25394060589979,
65,29,"V",1,2.60866028002009,4.25394060589979,"V",1,2.60866028002009,4.25394060589979,
65,30,"I",2,5.10819472913343,5.28179427721798,"I",2,5.10819472913343,5.28179427721798,
65,31,"I",2,4.50750976580657,5.45489656882738,"I",2,4.50750976580657,5.45489656882738,
,,,,,,,,,,
66,21,"VI",3,1.91938901563152,4.59804125922297,"VI",3,1.91938901563152,4.59804125922297,
66,22,"II",4,1.84470195563592,4.5698028738094,"II",4,1.84470195563592,4.5698028738094,
66,23,"V",5,3.24316910000851,4.49591193161619,"V",5,3.24316910000851,4.49591193161619,
66,24,"I",5,2.27348102634849,4.50862641594303,"I",5,2.27348102634849,4.50862641594303,
66,25,"#io",5,7.4374051515395,3.91207025148671,"#io",5,7.4374051515395,3.91207025148671,
66,26,"vii",3,7.20787563067529,3.88245695387891,"#IV",3,7.22924928146785,3.88245695387891,0.021373650792567
66,27,"#io",1,6.73536989608108,5.37387134302661,"#io",1,6.71013950381775,5.34312010291794,
66,28,"#io",1,7.11217055761599,4.25394060589979,"#io",1,7.11217055761599,4.25394060589979,
66,29,"V",1,2.60866028002009,4.25394060589979,"V",1,2.60866028002009,4.25394060589979,
66,30,"I",2,5.10819472913343,5.28179427721798,"I",2,5.10819472913343,5.28179427721798,
66,31,"I",2,4.50750976580657,5.45489656882738,"I",2,4.50750976580657,5.45489656882738,
,,,,,,,,,,
67,46,"VI",3,1.91938901563152,4.59804125922297,"VI",3,1.91938901563152,4.59804125922297,
67,47,"II",4,1.84470195563592,4.5698028738094,"II",4,1.84470195563592,4.5698028738094,
67,48,"V",5,3.24316910000851,4.49591193161619,"V",5,3.24316910000851,4.49591193161619,
67,49,"I",5,2.27348102634849,4.50862641594303,"I",5,2.27348102634849,4.50862641594303,
67,50,"#io",5,7.4374051515395,3.91207025148671,"#io",5,7.4374051515395,3.91207025148671,
67,51,"vii",3,7.20787563067529,3.88245695387891,"-iii",3,7.22924928146785,3.88245695387891,0.021373650792567
67,52,"#io",1,6.73536989608108,5.37387134302661,"#io",1,6.53644767245252,5.463546016454,
67,53,"#io",1,7.11217055761599,4.25394060589979,"#io",1,7.11217055761599,4.25394060589979,
67,54,"V",1,2.60866028002009,4.25394060589979,"V",1,2.60866028002009,4.25394060589979,
67,55,"I",2,5.10819472913343,5.28179427721798,"I",2,5.10819472913343,5.28179427721798,
67,56,"I",2,4.50750976580657,5.45489656882738,"I",2,4.50750976580657,5.45489656882738,
,,,,,,,,,,
68,46,"VI",3,1.91938901563152,4.59804125922297,"VI",3,1.91938901563152,4.59804125922297,
68,47,"II",4,1.84470195563592,4.5698028738094,"II",4,1.84470195563592,4.5698028738094,
68,48,"V",5,3.24316910000851,4.49591193161619,"V",5,3.24316910000851,4.49591193161619,
68,49,"I",5,2.27348102634849,4.50862641594303,"I",5,2.27348102634849,4.50862641594303,
68,50,"#io",5,7.4374051515395,3.91207025148671,"#io",5,7.4374051515395,3.91207025148671,
68,51,"vii",3,7.20787563067529,3.88245695387891,"viio",3,7.22924928146785,3.88245695387891,0.021373650792567
68,52,"#io",1,6.73536989608108,5.37387134302661,"#io",1,6.70873904135958,5.31194985661058,
68,53,"#io",1,7.11217055761599,4.25394060589979,"#io",1,7.11217055761599,4.25394060589979,
68,54,"V",1,2.60866028002009,4.25394060589979,"V",1,2.60866028002009,4.25394060589979,
68,55,"I",2,5.10819472913343,5.28179427721798,"I",2,5.10819472913343,5.28179427721798,
68,56,"I",2,4.50750976580657,5.45489656882738,"I",2,4.50750976580657,5.45489656882738,
,,,,,,,,,,
69,46,"VI",3,1.91938901563152,4.59804125922297,"VI",3,1.91938901563152,4.59804125922297,
69,47,"II",4,1.84470195563592,4.5698028738094,"II",4,1.84470195563592,4.5698028738094,
69,48,"V",5,3.24316910000851,4.49591193161619,"V",5,3.24316910000851,4.49591193161619,
69,49,"I",5,2.27348102634849,4.50862641594303,"I",5,2.27348102634849,4.50862641594303,
69,50,"#io",5,7.4374051515395,3.91207025148671,"#io",5,7.4374051515395,3.91207025148671,
69,51,"vii",3,7.20787563067529,3.88245695387891,"vio",3,7.22924928146785,3.88245695387891,0.021373650792567
69,52,"#io",1,6.73536989608108,5.37387134302661,"#io",1,6.64676778519463,5.39142819372657,
69,53,"#io",1,7.11217055761599,4.25394060589979,"#io",1,7.11217055761599,4.25394060589979,
69,54,"V",1,2.60866028002009,4.25394060589979,"V",1,2.60866028002009,4.25394060589979,
69,55,"I",2,5.10819472913343,5.28179427721798,"I",2,5.10819472913343,5.28179427721798,
69,56,"I",2,4.50750976580657,5.45489656882738,"I",2,4.50750976580657,5.45489656882738,
,,,,,,,,,,
70,46,"VI",3,1.91938901563152,4.59804125922297,"VI",3,1.91938901563152,4.59804125922297,
70,47,"II",4,1.84470195563592,4.5698028738094,"II",4,1.84470195563592,4.5698028738094,
70,48,"V",5,3.24316910000851,4.49591193161619,"V",5,3.24316910000851,4.49591193161619,
70,49,"I",5,2.27348102634849,4.50862641594303,"I",5,2.27348102634849,4.50862641594303,
70,50,"#io",5,7.4374051515395,3.91207025148671,"#io",5,7.4374051515395,3.91207025148671,
70,51,"vii",3,7.20787563067529,3.88245695387891,"#IV",3,7.22924928146785,3.88245695387891,0.021373650792567
70,52,"#io",1,6.73536989608108,5.37387134302661,"#io",1,6.71013950381775,5.34312010291794,
70,53,"#io",1,7.11217055761599,4.25394060589979,"#io",1,7.11217055761599,4.25394060589979,
70,54,"V",1,2.60866028002009,4.25394060589979,"V",1,2.60866028002009,4.25394060589979,
70,55,"I",2,5.10819472913343,5.28179427721798,"I",2,5.10819472913343,5.28179427721798,
70,56,"I",2,4.50750976580657,5.45489656882738,"I",2,4.50750976580657,5.45489656882738,
,,,,,,,,,,
71,77,"VI",3,1.91938901563152,4.59804125922297,"VI",3,1.91938901563152,4.59804125922297,
71,78,"II",4,1.84470195563592,4.5698028738094,"II",4,1.84470195563592,4.5698028738094,
71,79,"V",5,3.24316910000851,4.49591193161619,"V",5,3.24316910000851,4.49591193161619,
71,80,"I",5,2.27348102634849,4.50862641594303,"I",5,2.27348102634849,4.50862641594303,
71,81,"#io",5,7.4374051515395,3.91207025148671,"#io",5,7.4374051515395,3.91207025148671,
71,82,"vii",3,7.20787563067529,3.88245695387891,"-iii",3,7.22924928146785,3.88245695387891,0.021373650792567
71,83,"#io",1,6.73536989608108,5.37387134302661,"#io",1,6.53644767245252,5.463546016454,
71,84,"#io",1,7.11217055761599,4.25394060589979,"#io",1,7.11217055761599,4.25394060589979,
71,85,"VII",1,6.96016746417094,4.25394060589979,"VII",1,6.96016746417094,4.25394060589979,
71,86,"III",1,4.94929138986516,5.35241960075509,"III",1,4.94929138986516,5.35241960075509,
71,87,"VI",2,5.29057463595965,4.48938756125396,"VI",2,5.29057463595965,4.48938756125396,
,,,,,,,,,,
72,77,"VI",3,1.91938901563152,4.59804125922297,"VI",3,1.91938901563152,4.59804125922297,
72,78,"II",4,1.84470195563592,4.5698028738094,"II",4,1.84470195563592,4.5698028738094,
72,79,"V",5,3.24316910000851,4.49591193161619,"V",5,3.24316910000851,4.49591193161619,
72,80,"I",5,2.27348102634849,4.50862641594303,"I",5,2.27348102634849,4.50862641594303,
72,81,"#io",5,7.4374051515395,3.91207025148671,"#io",5,7.4374051515395,3.91207025148671,
72,82,"vii",3,7.20787563067529,3.88245695387891,"viio",3,7.22924928146785,3.88245695387891,0.021373650792567
72,83,"#io",1,6.73536989608108,5.37387134302661,"#io",1,6.70873904135958,5.31194985661058,
72,84,"#io",1,7.11217055761599,4.25394060589979,"#io",1,7.11217055761599,4.25394060589979,
72,85,"VII",1,6.96016746417094,4.25394060589979,"VII",1,6.96016746417094,4.25394060589979,
72,86,"III",1,4.94929138986516,5.35241960075509,"III",1,4.94929138986516,5.35241960075509,
72,87,"VI",2,5.29057463595965,4.48938756125396,"VI",2,5.29057463595965,4.48938756125396,
,,,,,,,,,,
73,77,"VI",3,1.91938901563152,4.59804125922297,"VI",3,1.91938901563152,4.59804125922297,
73,78,"II",4,1.84470195563592,4.5698028738094,"II",4,1.84470195563592,4.5698028738094,
73,79,"V",5,3.24316910000851,4.49591193161619,"V",5,3.24316910000851,4.49591193161619,
73,80,"I",5,2.27348102634849,4.50862641594303,"I",5,2.27348102634849,4.50862641594303,
73,81,"#io",5,7.4374051515395,3.91207025148671,"#io",5,7.4374051515395,3.91207025148671,
73,82,"vii",3,7.20787563067529,3.88245695387891,"vio",3,7.22924928146785,3.88245695387891,0.021373650792567
73,83,"#io",1,6.73536989608108,5.37387134302661,"#io",1,6.64676778519463,5.39142819372657,
73,84,"#io",1,7.11217055761599,4.25394060589979,"#io",1,7.11217055761599,4.25394060589979,
73,85,"VII",1,6.96016746417094,4.25394060589979,"VII",1,6.96016746417094,4.25394060589979,
73,86,"III",1,4.94929138986516,5.35241960075509,"III",1,4.94929138986516,5.35241960075509,
73,87,"VI",2,5.29057463595965,4.48938756125396,"VI",2,5.29057463595965,4.48938756125396,
,,,,,,,,,,
74,77,"VI",3,1.91938901563152,4.59804125922297,"VI",3,1.91938901563152,4.59804125922297,
74,78,"II",4,1.84470195563592,4.5698028738094,"II",4,1.84470195563592,4.5698028738094,
74,79,"V",5,3.24316910000851,4.49591193161619,"V",5,3.24316910000851,4.49591193161619,
74,80,"I",5,2.27348102634849,4.50862641594303,"I",5,2.27348102634849,4.50862641594303,
74,81,"#io",5,7.4374051515395,3.91207025148671,"#io",5,7.4374051515395,3.91207025148671,
74,82,"vii",3,7.20787563067529,3.88245695387891,"#IV",3,7.22924928146785,3.88245695387891,0.021373650792567
74,83,"#io",1,6.73536989608108,5.37387134302661,"#io",1,6.71013950381775,5.34312010291794,
74,84,"#io",1,7.11217055761599,4.25394060589979,"#io",1,7.11217055761599,4.25394060589979,
74,85,"VII",1,6.96016746417094,4.25394060589979,"VII",1,6.96016746417094,4.25394060589979,
74,86,"III",1,4.94929138986516,5.35241960075509,"III",1,4.94929138986516,5.35241960075509,
74,87,"VI",2,5.29057463595965,4.48938756125396,"VI",2,5.29057463595965,4.48938756125396,
,,,,,,,,,,
75,89,"VI",3,4.41383215898672,4.59862581504416,"VI",3,4.41383215898672,4.59862581504416,
75,90,"II",3,2.70399057299607,4.97850199558676,"II",3,2.70399057299607,4.97850199558676,
75,91,"-VI",4,6.51003108819735,4.88113787240782,"-VI",4,6.51003108819735,4.88113787240782,
75,92,"-II",2,5.92704446074321,5.16782341190319,"-II",2,5.92704446074321,5.16782341190319,
75,93,"#io",2,6.98923679378414,5.03211245088812,"#io",2,6.98923679378414,5.03211245088812,
75,94,"vii",1,7.00198763986557,4.25394060589979,"-iii",1,7.02336129065813,4.25394060589979,0.021373650792567
75,95,"#io",1,6.73536989608108,5.37387134302661,"#io",1,6.53644767245252,5.463546016454,
75,96,"#io",1,7.11217055761599,4.25394060589979,"#io",1,7.11217055761599,4.25394060589979,
75,97,"V",1,2.60866028002009,4.25394060589979,"V",1,2.60866028002009,4.25394060589979,
75,98,"I",2,5.10819472913343,5.28179427721798,"I",2,5.10819472913343,5.28179427721798,
75,99,"I",2,4.50750976580657,5.45489656882738,"I",2,4.50750976580657,5.45489656882738,
,,,,,,,,,,
76,89,"VI",3,4.41383215898672,4.59862581504416,"VI",3,4.41383215898672,4.59862581504416,
76,90,"II",3,2.70399057299607,4.97850199558676,"II",3,2.70399057299607,4.97850199558676,
76,91,"-VI",4,6.51003108819735,4.88113787240782,"-VI",4,6.51003108819735,4.88113787240782,
76,92,"-II",2,5.92704446074321,5.16782341190319,"-II",2,5.92704446074321,5.16782341190319,
76,93,"#io",2,6.98923679378414,5.03211245088812,"#io",2,6.98923679378414,5.03211245088812,
76,94,"vii",1,7.00198763986557,4.25394060589979,"viio",1,7.02336129065813,4.25394060589979,0.021373650792567
76,95,"#io",1,6.73536989608108,5.37387134302661,"#io",1,6.70873904135958,5.31194985661058,
76,96,"#io",1,7.11217055761599,4.25394060589979,"#io",1,7.11217055761599,4.25394060589979,
76,97,"V",1,2.60866028002009,4.25394060589979,"V",1,2.60866028002009,4.25394060589979,
76,98,"I",2,5.10819472913343,5.28179427721798,"I",2,5.10819472913343,5.28179427721798,
76,99,"I",2,4.50750976580657,5.45489656882738,"I",2,4.50750976580657,5.45489656882738,
,,,,,,,,,,
77,89,"VI",3,4.41383215898672,4.59862581504416,"VI",3,4.41383215898672,4.59862581504416,
77,90,"II",3,2.70399057299607,4.97850199558676,"II",3,2.70399057299607,4.97850199558676,
77,91,"-VI",4,6.51003108819735,4.88113787240782,"-VI",4,6.51003108819735,4.88113787240782,
77,92,"-II",2,5.92704446074321,5.16782341190319,"-II",2,5.92704446074321,5.16782341190319,
77,93,"#io",2,6.98923679378414,5.03211245088812,"#io",2,6.98923679378414,5.03211245088812,
77,94,"vii",1,7.00198763986557,4.25394060589979,"vio",1,7.02336129065813,4.25394060589979,0.021373650792567
77,95,"#io",1,6.73536989608108,5.37387134302661,"#io",1,6.64676778519463,5.39142819372657,
77,96,"#io",1,7.11217055761599,4.25394060589979,"#io",1,7.11217055761599,4.25394060589979,
77,97,"V",1,2.60866028002009,4.25394060589979,"V",1,2.60866028002009,4.25394060589979,
77,98,"I",2,5.10819472913343,5.28179427721798,"I",2,5.10819472913343,5.28179427721798,
77,99,"I",2,4.50750976580657,5.45489656882738,"I",2,4.50750976580657,5.45489656882738,
,,,,,,,,,,
78,89,"VI",3,4.41383215898672,4.59862581504416,"VI",3,4.41383215898672,4.59862581504416,
78,90,"II",3,2.70399057299607,4.97850199558676,"II",3,2.70399057299607,4.97850199558676,
78,91,"-VI",4,6.51003108819735,4.88113787240782,"-VI",4,6.51003108819735,4.88113787240782,
78,92,"-II",2,5.92704446074321,5.16782341190319,"-II",2,5.92704446074321,5.16782341190319,
78,93,"#io",2,6.98923679378414,5.03211245088812,"#io",2,6.98923679378414,5.03211245088812,
78,94,"vii",1,7.00198763986557,4.25394060589979,"#IV",1,7.02336129065813,4.25394060589979,0.021373650792567
78,95,"#io",1,6.73536989608108,5.37387134302661,"#io",1,6.71013950381775,5.34312010291794,
78,96,"#io",1,7.11217055761599,4.25394060589979,"#io",1,7.11217055761599,4.25394060589979,
78,97,"V",1,2.60866028002009,4.25394060589979,"V",1,2.60866028002009,4.25394060589979,
78,98,"I",2,5.10819472913343,5.28179427721798,"I",2,5.10819472913343,5.28179427721798,
78,99,"I",2,4.50750976580657,5.45489656882738,"I",2,4.50750976580657,5.45489656882738,
,,,,,,,,,,
79,88,"II",2,4.09933569298607,5.13032405207678,"II",2,4.09933569298607,5.13032405207678,
79,89,"VI",3,4.41383215898672,4.59862581504416,"VI",3,4.41383215898672,4.59862581504416,
79,90,"II",3,2.70399057299607,4.97850199558676,"II",3,2.70399057299607,4.97850199558676,
79,91,"-VI",4,6.51003108819735,4.88113787240782,"-VI",4,6.51003108819735,4.88113787240782,
79,92,"-II",2,5.92704446074321,5.16782341190319,"-II",2,5.92704446074321,5.16782341190319,
79,93,"#io",2,6.98923679378414,5.03211245088812,"-iiio",2,7.01232040689718,5.03211245088812,0.023083613113041
79,94,"vii",1,7.00198763986557,4.25394060589979,"vii",1,6.74641552332703,4.81308438018202,
79,95,"#io",1,6.73536989608108,5.37387134302661,"#io",1,6.73536989608108,5.37387134302661,
79,96,"#io",1,7.11217055761599,4.25394060589979,"#io",1,7.11217055761599,4.25394060589979,
79,97,"V",1,2.60866028002009,4.25394060589979,"V",1,2.60866028002009,4.25394060589979,
79,98,"I",2,5.10819472913343,5.28179427721798,"I",2,5.10819472913343,5.28179427721798,
,,,,,,,,,,
80,88,"II",2,4.09933569298607,5.13032405207678,"II",2,4.09933569298607,5.13032405207678,
80,89,"VI",3,4.41383215898672,4.59862581504416,"VI",3,4.41383215898672,4.59862581504416,
80,90,"II",3,2.70399057299607,4.97850199558676,"II",3,2.70399057299607,4.97850199558676,
80,91,"-VI",4,6.51003108819735,4.88113787240782,"-VI",4,6.51003108819735,4.88113787240782,
80,92,"-II",2,5.92704446074321,5.16782341190319,"-II",2,5.92704446074321,5.16782341190319,
80,93,"#io",2,6.98923679378414,5.03211245088812,"-viio",2,7.01232040689718,5.03211245088812,0.023083613113041
80,94,"vii",1,7.00198763986557,4.25394060589979,"vii",1,4.18675876489777,5.33053473019884,
80,95,"#io",1,6.73536989608108,5.37387134302661,"#io",2,7.25854199878692,4.50735972016835,
80,96,"#io",1,7.11217055761599,4.25394060589979,"#io",1,7.11217055761599,4.25394060589979,
80,97,"V",1,2.60866028002009,4.25394060589979,"V",1,2.60866028002009,4.25394060589979,
80,98,"I",2,5.10819472913343,5.28179427721798,"I",2,5.10819472913343,5.28179427721798,
,,,,,,,,,,
81,88,"II",2,4.09933569298607,5.13032405207678,"II",2,4.09933569298607,5.13032405207678,
81,89,"VI",3,4.41383215898672,4.59862581504416,"VI",3,4.41383215898672,4.59862581504416,
81,90,"II",3,2.70399057299607,4.97850199558676,"II",3,2.70399057299607,4.97850199558676,
81,91,"-VI",4,6.51003108819735,4.88113787240782,"-VI",4,6.51003108819735,4.88113787240782,
81,92,"-II",2,5.92704446074321,5.16782341190319,"-II",2,5.92704446074321,5.16782341190319,
81,93,"#io",2,6.98923679378414,5.03211245088812,"-vio",2,7.01232040689718,5.03211245088812,0.023083613113041
81,94,"vii",1,7.00198763986557,4.25394060589979,"vii",1,6.54081180732552,5.1859160252998,
81,95,"#io",1,6.73536989608108,5.37387134302661,"#io",1,6.73536989608108,5.37387134302661,
81,96,"#io",1,7.11217055761599,4.25394060589979,"#io",1,7.11217055761599,4.25394060589979,
81,97,"V",1,2.60866028002009,4.25394060589979,"V",1,2.60866028002009,4.25394060589979,
81,98,"I",2,5.10819472913343,5.28179427721798,"I",2,5.10819472913343,5.28179427721798,
,,,,,,,,,,
82,22,"II",4,1.84470195563592,4.5698028738094,"II",4,1.84470195563592,4.5698028738094,
82,23,"V",5,3.24316910000851,4.49591193161619,"V",5,3.24316910000851,4.49591193161619,
82,24,"I",5,2.27348102634849,4.50862641594303,"I",5,2.27348102634849,4.50862641594303,
82,25,"#io",5,7.4374051515395,3.91207025148671,"#io",5,7.4374051515395,3.91207025148671,
82,26,"vii",3,7.20787563067529,3.88245695387891,"vii",3,7.20787563067529,3.88245695387891,
82,27,"#io",1,6.73536989608108,5.37387134302661,"-iiio",1,6.75845350919412,5.37387134302661,0.0230836131130419
82,28,"#io",1,7.11217055761599,4.25394060589979,"#io",1,6.85659844107745,4.81308438018202,
82,29,"V",1,2.60866028002009,4.25394060589979,"V",1,2.60866028002009,4.25394060589979,
82,30,"I",2,5.10819472913343,5.28179427721798,"I",2,5.10819472913343,5.28179427721798,
82,31,"I",2,4.50750976580657,5.45489656882738,"I",2,4.50750976580657,5.45489656882738,
82,32,"iv",3,5.24207069942904,5.35575359877211,"iv",3,5.24207069942904,5.35575359877211,
,,,,,,,,,,
83,22,"II",4,1.84470195563592,4.5698028738094,"II",4,1.84470195563592,4.5698028738094,
83,23,"V",5,3.24316910000851,4.49591193161619,"V",5,3.24316910000851,4.49591193161619,
83,24,"I",5,2.27348102634849,4.50862641594303,"I",5,2.27348102634849,4.50862641594303,
83,25,"#io",5,7.4374051515395,3.91207025148671,"#io",5,7.4374051515395,3.91207025148671,
83,26,"vii",3,7.20787563067529,3.88245695387891,"vii",3,7.20787563067529,3.88245695387891,
83,27,"#io",1,6.73536989608108,5.37387134302661,"-viio",1,6.75845350919412,5.37387134302661,0.0230836131130419
83,28,"#io",1,7.11217055761599,4.25394060589979,"#io",1,6.57754871792994,5.33053473019884,
83,29,"V",1,2.60866028002009,4.25394060589979,"V",1,2.60866028002009,4.25394060589979,
83,30,"I",2,5.10819472913343,5.28179427721798,"I",2,5.10819472913343,5.28179427721798,
83,31,"I",2,4.50750976580657,5.45489656882738,"I",2,4.50750976580657,5.45489656882738,
83,32,"iv",3,5.24207069942904,5.35575359877211,"iv",3,5.24207069942904,5.35575359877211,
,,,,,,,,,,
84,22,"II",4,1.84470195563592,4.5698028738094,"II",4,1.84470195563592,4.5698028738094,
84,23,"V",5,3.24316910000851,4.49591193161619,"V",5,3.24316910000851,4.49591193161619,
84,24,"I",5,2.27348102634849,4.50862641594303,"I",5,2.27348102634849,4.50862641594303,
84,25,"#io",5,7.4374051515395,3.91207025148671,"#io",5,7.4374051515395,3.91207025148671,
84,26,"vii",3,7.20787563067529,3.88245695387891,"vii",3,7.20787563067529,3.88245695387891,
84,27,"#io",1,6.73536989608108,5.37387134302661,"-vio",1,6.75845350919412,5.37387134302661,0.0230836131130419
84,28,"#io",1,7.11217055761599,4.25394060589979,"#io",1,6.65099472507595,5.1859160252998,
84,29,"V",1,2.60866028002009,4.25394060589979,"V",1,2.60866028002009,4.25394060589979,
84,30,"I",2,5.10819472913343,5.28179427721798,"I",2,5.10819472913343,5.28179427721798,
84,31,"I",2,4.50750976580657,5.45489656882738,"I",2,4.50750976580657,5.45489656882738,
84,32,"iv",3,5.24207069942904,5.35575359877211,"iv",3,5.24207069942904,5.35575359877211,
,,,,,,,,,,
85,23,"V",5,3.24316910000851,4.49591193161619,"V",5,3.24316910000851,4.49591193161619,
85,24,"I",5,2.27348102634849,4.50862641594303,"I",5,2.27348102634849,4.50862641594303,
85,25,"#io",5,7.4374051515395,3.91207025148671,"#io",5,7.4374051515395,3.91207025148671,
85,26,"vii",3,7.20787563067529,3.88245695387891,"vii",3,7.20787563067529,3.88245695387891,
85,27,"#io",1,6.73536989608108,5.37387134302661,"#io",1,6.73536989608108,5.37387134302661,
85,28,"#io",1,7.11217055761599,4.25394060589979,"-iiio",1,7.13525417072903,4.25394060589979,0.0230836131130419
85,29,"V",1,2.60866028002009,4.25394060589979,"V",1,2.93100083147547,4.81308438018202,
85,30,"I",2,5.10819472913343,5.28179427721798,"I",2,1.83468281109694,4.77106508972471,
85,31,"I",2,4.50750976580657,5.45489656882738,"I",3,2.08830245139588,4.94274293741648,
85,32,"iv",3,5.24207069942904,5.35575359877211,"iv",4,5.64722692807366,4.74816147609932,
85,33,"i",4,6.29015841478751,4.6189632082906,"i",4,6.29015841478751,4.6189632082906,
,,,,,,,,,,
86,23,"V",5,3.24316910000851,4.49591193161619,"V",5,3.24316910000851,4.49591193161619,
86,24,"I",5,2.27348102634849,4.50862641594303,"I",5,2.27348102634849,4.50862641594303,
86,25,"#io",5,7.4374051515395,3.91207025148671,"#io",5,7.4374051515395,3.91207025148671,
86,26,"vii",3,7.20787563067529,3.88245695387891,"vii",3,7.20787563067529,3.88245695387891,
86,27,"#io",1,6.73536989608108,5.37387134302661,"#io",1,6.73536989608108,5.37387134302661,
86,28,"#io",1,7.11217055761599,4.25394060589979,"-viio",1,7.13525417072903,4.25394060589979,0.0230836131130419
86,29,"V",1,2.60866028002009,4.25394060589979,"V",1,6.03126668537284,5.33053473019884,
86,30,"I",2,5.10819472913343,5.28179427721798,"I",1,4.8860650492582,5.46956356854853,
86,31,"I",2,4.50750976580657,5.45489656882738,"I",2,4.50750976580657,5.45489656882738,
86,32,"iv",3,5.24207069942904,5.35575359877211,"iv",3,5.24207069942904,5.35575359877211,
86,33,"i",4,6.29015841478751,4.6189632082906,"i",4,6.29015841478751,4.6189632082906,
,,,,,,,,,,
87,23,"V",5,3.24316910000851,4.49591193161619,"V",5,3.24316910000851,4.49591193161619,
87,24,"I",5,2.27348102634849,4.50862641594303,"I",5,2.27348102634849,4.50862641594303,
87,25,"#io",5,7.4374051515395,3.91207025148671,"#io",5,7.4374051515395,3.91207025148671,
87,26,"vii",3,7.20787563067529,3.88245695387891,"vii",3,7.20787563067529,3.88245695387891,
87,27,"#io",1,6.73536989608108,5.37387134302661,"#io",1,6.73536989608108,5.37387134302661,
87,28,"#io",1,7.11217055761599,4.25394060589979,"-vio",1,7.13525417072903,4.25394060589979,0.0230836131130419
87,29,"V",1,2.60866028002009,4.25394060589979,"V",1,3.92350640921326,5.1859160252998,
87,30,"I",2,5.10819472913343,5.28179427721798,"I",2,5.11160768587829,5.15902600699961,
87,31,"I",2,4.50750976580657,5.45489656882738,"I",2,4.50750976580657,5.45489656882738,
87,32,"iv",3,5.24207069942904,5.35575359877211,"iv",3,5.24207069942904,5.35575359877211,
87,33,"i",4,6.29015841478751,4.6189632082906,"i",4,6.29015841478751,4.6189632082906,
,,,,,,,,,,
88,47,"II",4,1.84470195563592,4.5698028738094,"II",4,1.84470195563592,4.5698028738094,
88,48,"V",5,3.24316910000851,4.49591193161619,"V",5,3.24316910000851,4.49591193161619,
88,49,"I",5,2.27348102634849,4.50862641594303,"I",5,2.27348102634849,4.50862641594303,
88,50,"#io",5,7.4374051515395,3.91207025148671,"#io",5,7.4374051515395,3.91207025148671,
88,51,"vii",3,7.20787563067529,3.88245695387891,"vii",3,7.20787563067529,3.88245695387891,
88,52,"#io",1,6.73536989608108,5.37387134302661,"-iiio",1,6.75845350919412,5.37387134302661,0.0230836131130419
88,53,"#io",1,7.11217055761599,4.25394060589979,"#io",1,6.85659844107745,4.81308438018202,
88,54,"V",1,2.60866028002009,4.25394060589979,"V",1,2.60866028002009,4.25394060589979,
88,55,"I",2,5.10819472913343,5.28179427721798,"I",2,5.10819472913343,5.28179427721798,
88,56,"I",2,4.50750976580657,5.45489656882738,"I",2,4.50750976580657,5.45489656882738,
88,57,"iv",3,5.24207069942904,5.35575359877211,"iv",3,5.24207069942904,5.35575359877211,
,,,,,,,,,,
89,47,"II",4,1.84470195563592,4.5698028738094,"II",4,1.84470195563592,4.5698028738094,
89,48,"V",5,3.24316910000851,4.49591193161619,"V",5,3.24316910000851,4.49591193161619,
89,49,"I",5,2.27348102634849,4.50862641594303,"I",5,2.27348102634849,4.50862641594303,
89,50,"#io",5,7.4374051515395,3.91207025148671,"#io",5,7.4374051515395,3.91207025148671,
89,51,"vii",3,7.20787563067529,3.88245695387891,"vii",3,7.20787563067529,3.88245695387891,
89,52,"#io",1,6.73536989608108,5.37387134302661,"-viio",1,6.75845350919412,5.37387134302661,0.0230836131130419
89,53,"#io",1,7.11217055761599,4.25394060589979,"#io",1,6.57754871792994,5.33053473019884,
89,54,"V",1,2.60866028002009,4.25394060589979,"V",1,2.60866028002009,4.25394060589979,
89,55,"I",2,5.10819472913343,5.28179427721798,"I",2,5.10819472913343,5.28179427721798,
89,56,"I",2,4.50750976580657,5.45489656882738,"I",2,4.50750976580657,5.45489656882738,
89,57,"iv",3,5.24207069942904,5.35575359877211,"iv",3,5.24207069942904,5.35575359877211,
,,,,,,,,,,
90,47,"II",4,1.84470195563592,4.5698028738094,"II",4,1.84470195563592,4.5698028738094,
90,48,"V",5,3.24316910000851,4.49591193161619,"V",5,3.24316910000851,4.49591193161619,
90,49,"I",5,2.27348102634849,4.50862641594303,"I",5,2.27348102634849,4.50862641594303,
90,50,"#io",5,7.4374051515395,3.91207025148671,"#io",5,7.4374051515395,3.91207025148671,
90,51,"vii",3,7.20787563067529,3.88245695387891,"vii",3,7.20787563067529,3.88245695387891,
90,52,"#io",1,6.73536989608108,5.37387134302661,"-vio",1,6.75845350919412,5.37387134302661,0.0230836131130419
90,53,"#io",1,7.11217055761599,4.25394060589979,"#io",1,6.65099472507595,5.1859160252998,
90,54,"V",1,2.60866028002009,4.25394060589979,"V",1,2.60866028002009,4.25394060589979,
90,55,"I",2,5.10819472913343,5.28179427721798,"I",2,5.10819472913343,5.28179427721798,
90,56,"I",2,4.50750976580657,5.45489656882738,"I",2,4.50750976580657,5.45489656882738,
90,57,"iv",3,5.24207069942904,5.35575359877211,"iv",3,5.24207069942904,5.35575359877211,
,,,,,,,,,,
91,48,"V",5,3.24316910000851,4.49591193161619,"V",5,3.24316910000851,4.49591193161619,
91,49,"I",5,2.27348102634849,4.50862641594303,"I",5,2.27348102634849,4.50862641594303,
91,50,"#io",5,7.4374051515395,3.91207025148671,"#io",5,7.4374051515395,3.91207025148671,
91,51,"vii",3,7.20787563067529,3.88245695387891,"vii",3,7.20787563067529,3.88245695387891,
91,52,"#io",1,6.73536989608108,5.37387134302661,"#io",1,6.73536989608108,5.37387134302661,
91,53,"#io",1,7.11217055761599,4.25394060589979,"-iiio",1,7.13525417072903,4.25394060589979,0.0230836131130419
91,54,"V",1,2.60866028002009,4.25394060589979,"V",1,2.93100083147547,4.81308438018202,
91,55,"I",2,5.10819472913343,5.28179427721798,"I",2,1.83468281109694,4.77106508972471,
91,56,"I",2,4.50750976580657,5.45489656882738,"I",3,2.08830245139588,4.94274293741648,
91,57,"iv",3,5.24207069942904,5.35575359877211,"iv",4,5.64722692807366,4.74816147609932,
91,58,"i",4,6.29015841478751,4.6189632082906,"i",4,6.29015841478751,4.6189632082906,
,,,,,,,,,,
92,48,"V",5,3.24316910000851,4.49591193161619,"V",5,3.24316910000851,4.49591193161619,
92,49,"I",5,2.27348102634849,4.50862641594303,"I",5,2.27348102634849,4.50862641594303,
92,50,"#io",5,7.4374051515395,3.91207025148671,"#io",5,7.4374051515395,3.91207025148671,
92,51,"vii",3,7.20787563067529,3.88245695387891,"vii",3,7.20787563067529,3.88245695387891,
92,52,"#io",1,6.73536989608108,5.37387134302661,"#io",1,6.73536989608108,5.37387134302661,
92,53,"#io",1,7.11217055761599,4.25394060589979,"-viio",1,7.13525417072903,4.25394060589979,0.0230836131130419
92,54,"V",1,2.60866028002009,4.25394060589979,"V",1,6.03126668537284,5.33053473019884,
92,55,"I",2,5.10819472913343,5.28179427721798,"I",1,4.8860650492582,5.46956356854853,
92,56,"I",2,4.50750976580657,5.45489656882738,"I",2,4.50750976580657,5.45489656882738,
92,57,"iv",3,5.24207069942904,5.35575359877211,"iv",3,5.24207069942904,5.35575359877211,
92,58,"i",4,6.29015841478751,4.6189632082906,"i",4,6.29015841478751,4.6189632082906,
,,,,,,,,,,
93,48,"V",5,3.24316910000851,4.49591193161619,"V",5,3.24316910000851,4.49591193161619,
93,49,"I",5,2.27348102634849,4.50862641594303,"I",5,2.27348102634849,4.50862641594303,
93,50,"#io",5,7.4374051515395,3.91207025148671,"#io",5,7.4374051515395,3.91207025148671,
93,51,"vii",3,7.20787563067529,3.88245695387891,"vii",3,7.20787563067529,3.88245695387891,
93,52,"#io",1,6.73536989608108,5.37387134302661,"#io",1,6.73536989608108,5.37387134302661,
93,53,"#io",1,7.11217055761599,4.25394060589979,"-vio",1,7.13525417072903,4.25394060589979,0.0230836131130419
93,54,"V",1,2.60866028002009,4.25394060589979,"V",1,3.92350640921326,5.1859160252998,
93,55,"I",2,5.10819472913343,5.28179427721798,"I",2,5.11160768587829,5.15902600699961,
93,56,"I",2,4.50750976580657,5.45489656882738,"I",2,4.50750976580657,5.45489656882738,
93,57,"iv",3,5.24207069942904,5.35575359877211,"iv",3,5.24207069942904,5.35575359877211,
93,58,"i",4,6.29015841478751,4.6189632082906,"i",4,6.29015841478751,4.6189632082906,
,,,,,,,,,,
94,78,"II",4,1.84470195563592,4.5698028738094,"II",4,1.84470195563592,4.5698028738094,
94,79,"V",5,3.24316910000851,4.49591193161619,"V",5,3.24316910000851,4.49591193161619,
94,80,"I",5,2.27348102634849,4.50862641594303,"I",5,2.27348102634849,4.50862641594303,
94,81,"#io",5,7.4374051515395,3.91207025148671,"#io",5,7.4374051515395,3.91207025148671,
94,82,"vii",3,7.20787563067529,3.88245695387891,"vii",3,7.20787563067529,3.88245695387891,
94,83,"#io",1,6.73536989608108,5.37387134302661,"-iiio",1,6.75845350919412,5.37387134302661,0.0230836131130419
94,84,"#io",1,7.11217055761599,4.25394060589979,"#io",1,6.85659844107745,4.81308438018202,
94,85,"VII",1,6.96016746417094,4.25394060589979,"VII",1,6.96016746417094,4.25394060589979,
94,86,"III",1,4.94929138986516,5.35241960075509,"III",1,4.94929138986516,5.35241960075509,
94,87,"VI",2,5.29057463595965,4.48938756125396,"VI",2,5.29057463595965,4.48938756125396,
94,88,"II",2,4.09933569298607,5.13032405207678,"II",2,4.09933569298607,5.13032405207678,
,,,,,,,,,,
95,78,"II",4,1.84470195563592,4.5698028738094,"II",4,1.84470195563592,4.5698028738094,
95,79,"V",5,3.24316910000851,4.49591193161619,"V",5,3.24316910000851,4.49591193161619,
95,80,"I",5,2.27348102634849,4.50862641594303,"I",5,2.27348102634849,4.50862641594303,
95,81,"#io",5,7.4374051515395,3.91207025148671,"#io",5,7.4374051515395,3.91207025148671,
95,82,"vii",3,7.20787563067529,3.88245695387891,"vii",3,7.20787563067529,3.88245695387891,
95,83,"#io",1,6.73536989608108,5.37387134302661,"-viio",1,6.75845350919412,5.37387134302661,0.0230836131130419
95,84,"#io",1,7.11217055761599,4.25394060589979,"#io",1,6.57754871792994,5.33053473019884,
95,85,"VII",1,6.96016746417094,4.25394060589979,"VII",1,6.96016746417094,4.25394060589979,
95,86,"III",1,4.94929138986516,5.35241960075509,"III",1,4.94929138986516,5.35241960075509,
95,87,"VI",2,5.29057463595965,4.48938756125396,"VI",2,5.29057463595965,4.48938756125396,
95,88,"II",2,4.09933569298607,5.13032405207678,"II",2,4.09933569298607,5.13032405207678,
,,,,,,,,,,
96,78,"II",4,1.84470195563592,4.5698028738094,"II",4,1.84470195563592,4.5698028738094,
96,79,"V",5,3.24316910000851,4.49591193161619,"V",5,3.24316910000851,4.49591193161619,
96,80,"I",5,2.27348102634849,4.50862641594303,"I",5,2.27348102634849,4.50862641594303,
96,81,"#io",5,7.4374051515395,3.91207025148671,"#io",5,7.4374051515395,3.91207025148671,
96,82,"vii",3,7.20787563067529,3.88245695387891,"vii",3,7.20787563067529,3.88245695387891,
96,83,"#io",1,6.73536989608108,5.37387134302661,"-vio",1,6.75845350919412,5.37387134302661,0.0230836131130419
96,84,"#io",1,7.11217055761599,4.25394060589979,"#io",1,6.65099472507595,5.1859160252998,
96,85,"VII",1,6.96016746417094,4.25394060589979,"VII",1,6.96016746417094,4.25394060589979,
96,86,"III",1,4.94929138986516,5.35241960075509,"III",1,4.94929138986516,5.35241960075509,
96,87,"VI",2,5.29057463595965,4.48938756125396,"VI",2,5.29057463595965,4.48938756125396,
96,88,"II",2,4.09933569298607,5.13032405207678,"II",2,4.09933569298607,5.13032405207678,
,,,,,,,,,,
97,79,"V",5,3.24316910000851,4.49591193161619,"V",5,3.24316910000851,4.49591193161619,
97,80,"I",5,2.27348102634849,4.50862641594303,"I",5,2.27348102634849,4.50862641594303,
97,81,"#io",5,7.4374051515395,3.91207025148671,"#io",5,7.4374051515395,3.91207025148671,
97,82,"vii",3,7.20787563067529,3.88245695387891,"vii",3,7.20787563067529,3.88245695387891,
97,83,"#io",1,6.73536989608108,5.37387134302661,"#io",1,6.73536989608108,5.37387134302661,
97,84,"#io",1,7.11217055761599,4.25394060589979,"-iiio",1,7.13525417072903,4.25394060589979,0.0230836131130419
97,85,"VII",1,6.96016746417094,4.25394060589979,"VII",1,6.7045953476324,4.81308438018202,
97,86,"III",1,4.94929138986516,5.35241960075509,"III",1,4.94929138986516,5.35241960075509,
97,87,"VI",2,5.29057463595965,4.48938756125396,"VI",2,5.29057463595965,4.48938756125396,
97,88,"II",2,4.09933569298607,5.13032405207678,"II",2,4.09933569298607,5.13032405207678,
97,89,"VI",3,4.41383215898672,4.59862581504416,"VI",3,4.41383215898672,4.59862581504416,
,,,,,,,,,,
98,79,"V",5,3.24316910000851,4.49591193161619,"V",5,3.24316910000851,4.49591193161619,
98,80,"I",5,2.27348102634849,4.50862641594303,"I",5,2.27348102634849,4.50862641594303,
98,81,"#io",5,7.4374051515395,3.91207025148671,"#io",5,7.4374051515395,3.91207025148671,
98,82,"vii",3,7.20787563067529,3.88245695387891,"vii",3,7.20787563067529,3.88245695387891,
98,83,"#io",1,6.73536989608108,5.37387134302661,"#io",1,6.73536989608108,5.37387134302661,
98,84,"#io",1,7.11217055761599,4.25394060589979,"-viio",1,7.13525417072903,4.25394060589979,0.0230836131130419
98,85,"VII",1,6.96016746417094,4.25394060589979,"VII",1,6.42554562448489,5.33053473019884,
98,86,"III",1,4.94929138986516,5.35241960075509,"III",1,4.94929138986516,5.35241960075509,
98,87,"VI",2,5.29057463595965,4.48938756125396,"VI",2,5.29057463595965,4.48938756125396,
98,88,"II",2,4.09933569298607,5.13032405207678,"II",2,4.09933569298607,5.13032405207678,
98,89,"VI",3,4.41383215898672,4.59862581504416,"VI",3,4.41383215898672,4.59862581504416,
,,,,,,,,,,
99,79,"V",5,3.24316910000851,4.49591193161619,"V",5,3.24316910000851,4.49591193161619,
99,80,"I",5,2.27348102634849,4.50862641594303,"I",5,2.27348102634849,4.50862641594303,
99,81,"#io",5,7.4374051515395,3.91207025148671,"#io",5,7.4374051515395,3.91207025148671,
99,82,"vii",3,7.20787563067529,3.88245695387891,"vii",3,7.20787563067529,3.88245695387891,
99,83,"#io",1,6.73536989608108,5.37387134302661,"#io",1,6.73536989608108,5.37387134302661,
99,84,"#io",1,7.11217055761599,4.25394060589979,"-vio",1,7.13525417072903,4.25394060589979,0.0230836131130419
99,85,"VII",1,6.96016746417094,4.25394060589979,"VII",1,6.4989916316309,5.1859160252998,
99,86,"III",1,4.94929138986516,5.35241960075509,"III",1,4.94929138986516,5.35241960075509,
99,87,"VI",2,5.29057463595965,4.48938756125396,"VI",2,5.29057463595965,4.48938756125396,
99,88,"II",2,4.09933569298607,5.13032405207678,"II",2,4.09933569298607,5.13032405207678,
99,89,"VI",3,4.41383215898672,4.59862581504416,"VI",3,4.41383215898672,4.59862581504416,
,,,,,,,,,,
100,90,"II",3,2.70399057299607,4.97850199558676,"II",3,2.70399057299607,4.97850199558676,
100,91,"-VI",4,6.51003108819735,4.88113787240782,"-VI",4,6.51003108819735,4.88113787240782,
100,92,"-II",2,5.92704446074321,5.16782341190319,"-II",2,5.92704446074321,5.16782341190319,
100,93,"#io",2,6.98923679378414,5.03211245088812,"#io",2,6.98923679378414,5.03211245088812,
100,94,"vii",1,7.00198763986557,4.25394060589979,"vii",1,7.00198763986557,4.25394060589979,
100,95,"#io",1,6.73536989608108,5.37387134302661,"-iiio",1,6.75845350919412,5.37387134302661,0.0230836131130419
100,96,"#io",1,7.11217055761599,4.25394060589979,"#io",1,6.85659844107745,4.81308438018202,
100,97,"V",1,2.60866028002009,4.25394060589979,"V",1,2.60866028002009,4.25394060589979,
100,98,"I",2,5.10819472913343,5.28179427721798,"I",2,5.10819472913343,5.28179427721798,
100,99,"I",2,4.50750976580657,5.45489656882738,"I",2,4.50750976580657,5.45489656882738,
100,100,"iv",3,5.24207069942904,5.35575359877211,"iv",3,5.24207069942904,5.35575359877211,
,,,,,,,,,,
101,90,"II",3,2.70399057299607,4.97850199558676,"II",3,2.70399057299607,4.97850199558676,
101,91,"-VI",4,6.51003108819735,4.88113787240782,"-VI",4,6.51003108819735,4.88113787240782,
101,92,"-II",2,5.92704446074321,5.16782341190319,"-II",2,5.92704446074321,5.16782341190319,
101,93,"#io",2,6.98923679378414,5.03211245088812,"#io",2,6.98923679378414,5.03211245088812,
101,94,"vii",1,7.00198763986557,4.25394060589979,"vii",1,7.00198763986557,4.25394060589979,
101,95,"#io",1,6.73536989608108,5.37387134302661,"-viio",1,6.75845350919412,5.37387134302661,0.0230836131130419
101,96,"#io",1,7.11217055761599,4.25394060589979,"#io",1,6.57754871792994,5.33053473019884,
101,97,"V",1,2.60866028002009,4.25394060589979,"V",1,2.60866028002009,4.25394060589979,
101,98,"I",2,5.10819472913343,5.28179427721798,"I",2,5.10819472913343,5.28179427721798,
101,99,"I",2,4.50750976580657,5.45489656882738,"I",2,4.50750976580657,5.45489656882738,
101,100,"iv",3,5.24207069942904,5.35575359877211,"iv",3,5.24207069942904,5.35575359877211,
,,,,,,,,,,
102,90,"II",3,2.70399057299607,4.97850199558676,"II",3,2.70399057299607,4.97850199558676,
102,91,"-VI",4,6.51003108819735,4.88113787240782,"-VI",4,6.51003108819735,4.88113787240782,
102,92,"-II",2,5.92704446074321,5.16782341190319,"-II",2,5.92704446074321,5.16782341190319,
102,93,"#io",2,6.98923679378414,5.03211245088812,"#io",2,6.98923679378414,5.03211245088812,
102,94,"vii",1,7.00198763986557,4.25394060589979,"vii",1,7.00198763986557,4.25394060589979,
102,95,"#io",1,6.73536989608108,5.37387134302661,"-vio",1,6.75845350919412,5.37387134302661,0.0230836131130419
102,96,"#io",1,7.11217055761599,4.25394060589979,"#io",1,6.65099472507595,5.1859160252998,
102,97,"V",1,2.60866028002009,4.25394060589979,"V",1,2.60866028002009,4.25394060589979,
102,98,"I",2,5.10819472913343,5.28179427721798,"I",2,5.10819472913343,5.28179427721798,
102,99,"I",2,4.50750976580657,5.45489656882738,"I",2,4.50750976580657,5.45489656882738,
102,100,"iv",3,5.24207069942904,5.35575359877211,"iv",3,5.24207069942904,5.35575359877211,
,,,,,,,,,,
103,91,"-VI",4,6.51003108819735,4.88113787240782,"-VI",4,6.51003108819735,4.88113787240782,
103,92,"-II",2,5.92704446074321,5.16782341190319,"-II",2,5.92704446074321,5.16782341190319,
103,93,"#io",2,6.98923679378414,5.03211245088812,"#io",2,6.98923679378414,5.03211245088812,
103,94,"vii",1,7.00198763986557,4.25394060589979,"vii",1,7.00198763986557,4.25394060589979,
103,95,"#io",1,6.73536989608108,5.37387134302661,"#io",1,6.73536989608108,5.37387134302661,
103,96,"#io",1,7.11217055761599,4.25394060589979,"-iiio",1,7.13525417072903,4.25394060589979,0.0230836131130419
103,97,"V",1,2.60866028002009,4.25394060589979,"V",1,2.93100083147547,4.81308438018202,
103,98,"I",2,5.10819472913343,5.28179427721798,"I",2,1.83468281109694,4.77106508972471,
103,99,"I",2,4.50750976580657,5.45489656882738,"I",3,2.08830245139588,4.94274293741648,
103,100,"iv",3,5.24207069942904,5.35575359877211,"iv",4,5.64722692807366,4.74816147609932,
103,101,"I",4,3.7569489728767,4.6189632082906,"I",4,3.7569489728767,4.6189632082906,
,,,,,,,,,,
104,91,"-VI",4,6.51003108819735,4.88113787240782,"-VI",4,6.51003108819735,4.88113787240782,
104,92,"-II",2,5.92704446074321,5.16782341190319,"-II",2,5.92704446074321,5.16782341190319,
104,93,"#io",2,6.98923679378414,5.03211245088812,"#io",2,6.98923679378414,5.03211245088812,
104,94,"vii",1,7.00198763986557,4.25394060589979,"vii",1,7.00198763986557,4.25394060589979,
104,95,"#io",1,6.73536989608108,5.37387134302661,"#io",1,6.73536989608108,5.37387134302661,
104,96,"#io",1,7.11217055761599,4.25394060589979,"-viio",1,7.13525417072903,4.25394060589979,0.0230836131130419
104,97,"V",1,2.60866028002009,4.25394060589979,"V",1,6.03126668537284,5.33053473019884,
104,98,"I",2,5.10819472913343,5.28179427721798,"I",1,4.8860650492582,5.46956356854853,
104,99,"I",2,4.50750976580657,5.45489656882738,"I",2,4.50750976580657,5.45489656882738,
104,100,"iv",3,5.24207069942904,5.35575359877211,"iv",3,5.24207069942904,5.35575359877211,
104,101,"I",4,3.7569489728767,4.6189632082906,"I",4,3.7569489728767,4.6189632082906,
,,,,,,,,,,
105,91,"-VI",4,6.51003108819735,4.88113787240782,"-VI",4,6.51003108819735,4.88113787240782,
105,92,"-II",2,5.92704446074321,5.16782341190319,"-II",2,5.92704446074321,5.16782341190319,
105,93,"#io",2,6.98923679378414,5.03211245088812,"#io",2,6.98923679378414,5.03211245088812,
105,94,"vii",1,7.00198763986557,4.25394060589979,"vii",1,7.00198763986557,4.25394060589979,
105,95,"#io",1,6.73536989608108,5.37387134302661,"#io",1,6.73536989608108,5.37387134302661,
105,96,"#io",1,7.11217055761599,4.25394060589979,"-vio",1,7.13525417072903,4.25394060589979,0.0230836131130419
105,97,"V",1,2.60866028002009,4.25394060589979,"V",1,3.92350640921326,5.1859160252998,
105,98,"I",2,5.10819472913343,5.28179427721798,"I",2,5.11160768587829,5.15902600699961,
105,99,"I",2,4.50750976580657,5.45489656882738,"I",2,4.50750976580657,5.45489656882738,
105,100,"iv",3,5.24207069942904,5.35575359877211,"iv",3,5.24207069942904,5.35575359877211,
105,101,"I",4,3.7569489728767,4.6189632082906,"I",4,3.7569489728767,4.6189632082906,
,,,,,,,,,,
106,87,"VI",2,5.29057463595965,4.48938756125396,"VI",2,5.29057463595965,4.48938756125396,
106,88,"II",2,4.09933569298607,5.13032405207678,"II",2,4.09933569298607,5.13032405207678,
106,89,"VI",3,4.41383215898672,4.59862581504416,"VI",3,4.41383215898672,4.59862581504416,
106,90,"II",3,2.70399057299607,4.97850199558676,"II",3,2.70399057299607,4.97850199558676,
106,91,"-VI",4,6.51003108819735,4.88113787240782,"-VI",4,6.51003108819735,4.88113787240782,
106,92,"-II",2,5.92704446074321,5.16782341190319,"vi",2,5.90106875454605,5.16782341190319,0.0259757061971593
106,93,"#io",2,6.98923679378414,5.03211245088812,"#io",2,6.87721808250775,4.80133785841785,
106,94,"vii",1,7.00198763986557,4.25394060589979,"vii",2,7.38801728534513,3.5644850447787,
106,95,"#io",1,6.73536989608108,5.37387134302661,"#io",1,6.73536989608108,5.37387134302661,
106,96,"#io",1,7.11217055761599,4.25394060589979,"#io",1,7.11217055761599,4.25394060589979,
106,97,"V",1,2.60866028002009,4.25394060589979,"V",1,2.60866028002009,4.25394060589979,
,,,,,,,,,,
107,55,"I",2,5.10819472913343,5.28179427721798,"I",2,5.10819472913343,5.28179427721798,
107,56,"I",2,4.50750976580657,5.45489656882738,"I",2,4.50750976580657,5.45489656882738,
107,57,"iv",3,5.24207069942904,5.35575359877211,"iv",3,5.24207069942904,5.35575359877211,
107,58,"i",4,6.29015841478751,4.6189632082906,"i",4,6.29015841478751,4.6189632082906,
107,59,"iv",2,4.17469744898406,5.3088418137135,"iv",2,4.17469744898406,5.3088418137135,
107,60,"i",3,4.15426348672942,5.19505662454822,"V",3,4.12706259862157,5.19505662454822,0.0272008881078474
107,61,"iv",4,1.59805734050009,4.28514913067829,"iv",4,4.4265475720072,3.55855194757351,
107,62,"i",5,2.99250989648011,4.79182807811329,"i",3,6.89291226607031,2.99471127634998,
107,63,"iv",4,0.107168691538683,0.732092944424007,"iv",2,4.17469744898406,5.3088418137135,
107,64,"I",7,6.07483085374852,4.39591250252659,"I",3,5.29196060278632,5.19505662454822,
107,65,"r",3,1.84883639645677,4.92465439583076,"r",3,1.84883639645677,4.92465439583076,
,,,,,,,,,,
108,6,"I",5,3.98807420824608,4.69880730300448,"I",5,3.98807420824608,4.69880730300448,
108,7,"iv",5,4.50727034864588,5.07644553472119,"iv",5,4.50727034864588,5.07644553472119,
108,8,"i",5,6.82127444529731,3.62924707438769,"i",5,6.82127444529731,3.62924707438769,
108,9,"V",2,5.18918378288414,5.3088418137135,"V",2,5.18918378288414,5.3088418137135,
108,10,"iv",3,6.27237204783434,4.68444313455646,"iv",3,6.27237204783434,4.68444313455646,
108,11,"i",2,5.57395603738269,5.3100140433034,"IV",2,5.60871204458611,5.3100140433034,0.034756007203427
108,12,"V",2,5.18918378288414,5.3088418137135,"V",2,4.38709668106674,5.30617909945223,
108,13,"iv",3,6.27237204783434,4.68444313455646,"iv",3,5.86972210286923,5.11719167923777,
108,14,"i",2,5.57395603738269,5.3100140433034,"i",3,5.80587966789373,5.01348699339499,
108,15,"V",2,5.18918378288414,5.3088418137135,"V",2,5.18918378288414,5.3088418137135,
108,16,"iv",3,6.27237204783434,4.68444313455646,"iv",3,6.27237204783434,4.68444313455646,
,,,,,,,,,,
109,9,"V",2,5.18918378288414,5.3088418137135,"V",2,5.18918378288414,5.3088418137135,
109,10,"iv",3,6.27237204783434,4.68444313455646,"iv",3,6.27237204783434,4.68444313455646,
109,11,"i",2,5.57395603738269,5.3100140433034,"i",2,5.57395603738269,5.3100140433034,
109,12,"V",2,5.18918378288414,5.3088418137135,"V",2,5.18918378288414,5.3088418137135,
109,13,"iv",3,6.27237204783434,4.68444313455646,"iv",3,6.27237204783434,4.68444313455646,
109,14,"i",2,5.57395603738269,5.3100140433034,"IV",2,5.60871204458611,5.3100140433034,0.034756007203427
109,15,"V",2,5.18918378288414,5.3088418137135,"V",2,4.38709668106674,5.30617909945223,
109,16,"iv",3,6.27237204783434,4.68444313455646,"iv",3,5.86972210286923,5.11719167923777,
109,17,"IV",2,5.60871204458611,5.3100140433034,"IV",3,5.84063567509716,5.01348699339499,
109,18,"IV",2,4.25329499789397,5.30617909945223,"IV",2,4.25329499789397,5.30617909945223,
109,19,"VI",3,6.5007459032126,4.96353334350538,"VI",3,6.5007459032126,4.96353334350538,
,,,,,,,,,,
110,12,"V",2,5.18918378288414,5.3088418137135,"V",2,5.18918378288414,5.3088418137135,
110,13,"iv",3,6.27237204783434,4.68444313455646,"iv",3,6.27237204783434,4.68444313455646,
110,14,"i",2,5.57395603738269,5.3100140433034,"i",2,5.57395603738269,5.3100140433034,
110,15,"V",2,5.18918378288414,5.3088418137135,"V",2,5.18918378288414,5.3088418137135,
110,16,"iv",3,6.27237204783434,4.68444313455646,"iv",3,6.27237204783434,4.68444313455646,
110,17,"IV",2,5.60871204458611,5.3100140433034,"i",2,5.57395603738269,5.3100140433034,0.034756007203427
110,18,"IV",2,4.25329499789397,5.30617909945223,"IV",2,4.74791474203212,5.3088418137135,
110,19,"VI",3,6.5007459032126,4.96353334350538,"VI",3,6.40436064280825,4.92515917050844,
110,20,"II",2,3.92906308295182,5.08808905348547,"II",2,3.92906308295182,5.08808905348547,
110,21,"VI",3,1.91938901563152,4.59804125922297,"VI",3,1.91938901563152,4.59804125922297,
110,22,"II",4,1.84470195563592,4.5698028738094,"II",4,1.84470195563592,4.5698028738094,
,,,,,,,,,,
111,31,"I",2,4.50750976580657,5.45489656882738,"I",2,4.50750976580657,5.45489656882738,
111,32,"iv",3,5.24207069942904,5.35575359877211,"iv",3,5.24207069942904,5.35575359877211,
111,33,"i",4,6.29015841478751,4.6189632082906,"i",4,6.29015841478751,4.6189632082906,
111,34,"V",2,5.18918378288414,5.3088418137135,"V",2,5.18918378288414,5.3088418137135,
111,35,"iv",3,6.27237204783434,4.68444313455646,"iv",3,6.27237204783434,4.68444313455646,
111,36,"i",2,5.57395603738269,5.3100140433034,"IV",2,5.60871204458611,5.3100140433034,0.034756007203427
111,37,"V",2,5.18918378288414,5.3088418137135,"V",2,4.38709668106674,5.30617909945223,
111,38,"iv",3,6.27237204783434,4.68444313455646,"iv",3,5.86972210286923,5.11719167923777,
111,39,"i",2,5.57395603738269,5.3100140433034,"i",3,5.80587966789373,5.01348699339499,
111,40,"V",2,5.18918378288414,5.3088418137135,"V",2,5.18918378288414,5.3088418137135,
111,41,"iv",3,6.27237204783434,4.68444313455646,"iv",3,6.27237204783434,4.68444313455646,
,,,,,,,,,,
112,34,"V",2,5.18918378288414,5.3088418137135,"V",2,5.18918378288414,5.3088418137135,
112,35,"iv",3,6.27237204783434,4.68444313455646,"iv",3,6.27237204783434,4.68444313455646,
112,36,"i",2,5.57395603738269,5.3100140433034,"i",2,5.57395603738269,5.3100140433034,
112,37,"V",2,5.18918378288414,5.3088418137135,"V",2,5.18918378288414,5.3088418137135,
112,38,"iv",3,6.27237204783434,4.68444313455646,"iv",3,6.27237204783434,4.68444313455646,
112,39,"i",2,5.57395603738269,5.3100140433034,"IV",2,5.60871204458611,5.3100140433034,0.034756007203427
112,40,"V",2,5.18918378288414,5.3088418137135,"V",2,4.38709668106674,5.30617909945223,
112,41,"iv",3,6.27237204783434,4.68444313455646,"iv",3,5.86972210286923,5.11719167923777,
112,42,"IV",2,5.60871204458611,5.3100140433034,"IV",3,5.84063567509716,5.01348699339499,
112,43,"IV",2,4.25329499789397,5.30617909945223,"IV",2,4.25329499789397,5.30617909945223,
112,44,"VI",3,6.5007459032126,4.96353334350538,"VI",3,6.5007459032126,4.96353334350538,
,,,,,,,,,,
113,37,"V",2,5.18918378288414,5.3088418137135,"V",2,5.18918378288414,5.3088418137135,
113,38,"iv",3,6.27237204783434,4.68444313455646,"iv",3,6.27237204783434,4.68444313455646,
113,39,"i",2,5.57395603738269,5.3100140433034,"i",2,5.57395603738269,5.3100140433034,
113,40,"V",2,5.18918378288414,5.3088418137135,"V",2,5.18918378288414,5.3088418137135,
113,41,"iv",3,6.27237204783434,4.68444313455646,"iv",3,6.27237204783434,4.68444313455646,
113,42,"IV",2,5.60871204458611,5.3100140433034,"i",2,5.57395603738269,5.3100140433034,0.034756007203427
113,43,"IV",2,4.25329499789397,5.30617909945223,"IV",2,4.74791474203212,5.3088418137135,
113,44,"VI",3,6.5007459032126,4.96353334350538,"VI",3,6.40436064280825,4.92515917050844,
113,45,"II",2,3.92906308295182,5.08808905348547,"II",2,3.92906308295182,5.08808905348547,
113,46,"VI",3,1.91938901563152,4.59804125922297,"VI",3,1.91938901563152,4.59804125922297,
113,47,"II",4,1.84470195563592,4.5698028738094,"II",4,1.84470195563592,4.5698028738094,
,,,,,,,,,,
114,54,"V",1,2.60866028002009,4.25394060589979,"V",1,2.60866028002009,4.25394060589979,
114,55,"I",2,5.10819472913343,5.28179427721798,"I",2,5.10819472913343,5.28179427721798,
114,56,"I",2,4.50750976580657,5.45489656882738,"I",2,4.50750976580657,5.45489656882738,
114,57,"iv",3,5.24207069942904,5.35575359877211,"iv",3,5.24207069942904,5.35575359877211,
114,58,"i",4,6.29015841478751,4.6189632082906,"i",4,6.29015841478751,4.6189632082906,
114,59,"iv",2,4.17469744898406,5.3088418137135,"-VII",2,4.21096575788677,5.3088418137135,0.0362683089027103
114,60,"i",3,4.15426348672942,5.19505662454822,"i",3,3.27275338245671,4.83333802731594,
114,61,"iv",4,1.59805734050009,4.28514913067829,"iv",4,4.87747508005156,3.67127439942115,
114,62,"i",5,2.99250989648011,4.79182807811329,"i",4,3.64874372894192,4.53800734576194,
114,63,"iv",4,0.107168691538683,0.732092944424007,"iv",4,0.94975941546144,3.425985042332,
114,64,"I",7,6.07483085374852,4.39591250252659,"I",5,5.91709065141378,4.48985093168756,
,,,,,,,,,,
115,5,"I",4,2.12191447975607,4.81224725179976,"I",4,2.12191447975607,4.81224725179976,
115,6,"I",5,3.98807420824608,4.69880730300448,"I",5,3.98807420824608,4.69880730300448,
115,7,"iv",5,4.50727034864588,5.07644553472119,"iv",5,4.50727034864588,5.07644553472119,
115,8,"i",5,6.82127444529731,3.62924707438769,"i",5,6.82127444529731,3.62924707438769,
115,9,"V",2,5.18918378288414,5.3088418137135,"V",2,5.18918378288414,5.3088418137135,
115,10,"iv",3,6.27237204783434,4.68444313455646,"-III",3,6.31081690086161,4.68444313455646,0.0384448530272676
115,11,"i",2,5.57395603738269,5.3100140433034,"i",2,5.48493822092673,5.23698622628948,
115,12,"V",2,5.18918378288414,5.3088418137135,"V",2,5.19215156025694,5.35373019810217,
115,13,"iv",3,6.27237204783434,4.68444313455646,"iv",3,6.34267523515716,4.62676792567712,
115,14,"i",2,5.57395603738269,5.3100140433034,"i",2,5.57395603738269,5.3100140433034,
115,15,"V",2,5.18918378288414,5.3088418137135,"V",2,5.18918378288414,5.3088418137135,
,,,,,,,,,,
116,8,"i",5,6.82127444529731,3.62924707438769,"i",5,6.82127444529731,3.62924707438769,
116,9,"V",2,5.18918378288414,5.3088418137135,"V",2,5.18918378288414,5.3088418137135,
116,10,"iv",3,6.27237204783434,4.68444313455646,"iv",3,6.27237204783434,4.68444313455646,
116,11,"i",2,5.57395603738269,5.3100140433034,"i",2,5.57395603738269,5.3100140433034,
116,12,"V",2,5.18918378288414,5.3088418137135,"V",2,5.18918378288414,5.3088418137135,
116,13,"iv",3,6.27237204783434,4.68444313455646,"-III",3,6.31081690086161,4.68444313455646,0.0384448530272676
116,14,"i",2,5.57395603738269,5.3100140433034,"i",2,5.48493822092673,5.23698622628948,
116,15,"V",2,5.18918378288414,5.3088418137135,"V",2,5.19215156025694,5.35373019810217,
116,16,"iv",3,6.27237204783434,4.68444313455646,"iv",3,6.34267523515716,4.62676792567712,
116,17,"IV",2,5.60871204458611,5.3100140433034,"IV",2,5.60871204458611,5.3100140433034,
116,18,"IV",2,4.25329499789397,5.30617909945223,"IV",2,4.25329499789397,5.30617909945223,
,,,,,,,,,,
117,11,"i",2,5.57395603738269,5.3100140433034,"i",2,5.57395603738269,5.3100140433034,
117,12,"V",2,5.18918378288414,5.3088418137135,"V",2,5.18918378288414,5.3088418137135,
117,13,"iv",3,6.27237204783434,4.68444313455646,"iv",3,6.27237204783434,4.68444313455646,
117,14,"i",2,5.57395603738269,5.3100140433034,"i",2,5.57395603738269,5.3100140433034,
117,15,"V",2,5.18918378288414,5.3088418137135,"V",2,5.18918378288414,5.3088418137135,
117,16,"iv",3,6.27237204783434,4.68444313455646,"-III",3,6.31081690086161,4.68444313455646,0.0384448530272676
117,17,"IV",2,5.60871204458611,5.3100140433034,"IV",2,3.66424260503852,5.23698622628948,
117,18,"IV",2,4.25329499789397,5.30617909945223,"IV",3,4.38398659182965,4.797180866027,
117,19,"VI",3,6.5007459032126,4.96353334350538,"VI",3,6.37731957517472,5.18581663254955,
117,20,"II",2,3.92906308295182,5.08808905348547,"II",2,3.92906308295182,5.08808905348547,
117,21,"VI",3,1.91938901563152,4.59804125922297,"VI",3,1.91938901563152,4.59804125922297,
,,,,,,,,,,
118,30,"I",2,5.10819472913343,5.28179427721798,"I",2,5.10819472913343,5.28179427721798,
118,31,"I",2,4.50750976580657,5.45489656882738,"I",2,4.50750976580657,5.45489656882738,
118,32,"iv",3,5.24207069942904,5.35575359877211,"iv",3,5.24207069942904,5.35575359877211,
118,33,"i",4,6.29015841478751,4.6189632082906,"i",4,6.29015841478751,4.6189632082906,
118,34,"V",2,5.18918378288414,5.3088418137135,"V",2,5.18918378288414,5.3088418137135,
118,35,"iv",3,6.27237204783434,4.68444313455646,"-III",3,6.31081690086161,4.68444313455646,0.0384448530272676
118,36,"i",2,5.57395603738269,5.3100140433034,"i",2,5.48493822092673,5.23698622628948,
118,37,"V",2,5.18918378288414,5.3088418137135,"V",2,5.19215156025694,5.35373019810217,
118,38,"iv",3,6.27237204783434,4.68444313455646,"iv",3,6.34267523515716,4.62676792567712,
118,39,"i",2,5.57395603738269,5.3100140433034,"i",2,5.57395603738269,5.3100140433034,
118,40,"V",2,5.18918378288414,5.3088418137135,"V",2,5.18918378288414,5.3088418137135,
,,,,,,,,,,
119,33,"i",4,6.29015841478751,4.6189632082906,"i",4,6.29015841478751,4.6189632082906,
119,34,"V",2,5.18918378288414,5.3088418137135,"V",2,5.18918378288414,5.3088418137135,
119,35,"iv",3,6.27237204783434,4.68444313455646,"iv",3,6.27237204783434,4.68444313455646,
119,36,"i",2,5.57395603738269,5.3100140433034,"i",2,5.57395603738269,5.3100140433034,
119,37,"V",2,5.18918378288414,5.3088418137135,"V",2,5.18918378288414,5.3088418137135,
119,38,"iv",3,6.27237204783434,4.68444313455646,"-III",3,6.31081690086161,4.68444313455646,0.0384448530272676
119,39,"i",2,5.57395603738269,5.3100140433034,"i",2,5.48493822092673,5.23698622628948,
119,40,"V",2,5.18918378288414,5.3088418137135,"V",2,5.19215156025694,5.35373019810217,
119,41,"iv",3,6.27237204783434,4.68444313455646,"iv",3,6.34267523515716,4.62676792567712,
119,42,"IV",2,5.60871204458611,5.3100140433034,"IV",2,5.60871204458611,5.3100140433034,
119,43,"IV",2,4.25329499789397,5.30617909945223,"IV",2,4.25329499789397,5.30617909945223,
,,,,,,,,,,
120,36,"i",2,5.57395603738269,5.3100140433034,"i",2,5.57395603738269,5.3100140433034,
120,37,"V",2,5.18918378288414,5.3088418137135,"V",2,5.18918378288414,5.3088418137135,
120,38,"iv",3,6.27237204783434,4.68444313455646,"iv",3,6.27237204783434,4.68444313455646,
120,39,"i",2,5.57395603738269,5.3100140433034,"i",2,5.57395603738269,5.3100140433034,
120,40,"V",2,5.18918378288414,5.3088418137135,"V",2,5.18918378288414,5.3088418137135,
120,41,"iv",3,6.27237204783434,4.68444313455646,"-III",3,6.31081690086161,4.68444313455646,0.0384448530272676
120,42,"IV",2,5.60871204458611,5.3100140433034,"IV",2,3.66424260503852,5.23698622628948,
120,43,"IV",2,4.25329499789397,5.30617909945223,"IV",3,4.38398659182965,4.797180866027,
120,44,"VI",3,6.5007459032126,4.96353334350538,"VI",3,6.37731957517472,5.18581663254955,
120,45,"II",2,3.92906308295182,5.08808905348547,"II",2,3.92906308295182,5.08808905348547,
120,46,"VI",3,1.91938901563152,4.59804125922297,"VI",3,1.91938901563152,4.59804125922297,
,,,,,,,,,,
121,12,"V",2,5.18918378288414,5.3088418137135,"V",2,5.18918378288414,5.3088418137135,
121,13,"iv",3,6.27237204783434,4.68444313455646,"iv",3,6.27237204783434,4.68444313455646,
121,14,"i",2,5.57395603738269,5.3100140433034,"i",2,5.57395603738269,5.3100140433034,
121,15,"V",2,5.18918378288414,5.3088418137135,"V",2,5.18918378288414,5.3088418137135,
121,16,"iv",3,6.27237204783434,4.68444313455646,"iv",3,6.27237204783434,4.68444313455646,
121,17,"IV",2,5.60871204458611,5.3100140433034,"-VI",2,5.56971791297025,5.3100140433034,0.0389941316158646
121,18,"IV",2,4.25329499789397,5.30617909945223,"IV",2,5.36962138006875,5.25066498575225,
121,19,"VI",3,6.5007459032126,4.96353334350538,"VI",2,6.08000739127531,5.26428449830434,
121,20,"II",2,3.92906308295182,5.08808905348547,"II",2,3.92906308295182,5.08808905348547,
121,21,"VI",3,1.91938901563152,4.59804125922297,"VI",3,1.91938901563152,4.59804125922297,
121,22,"II",4,1.84470195563592,4.5698028738094,"II",4,1.84470195563592,4.5698028738094,
,,,,,,,,,,
122,37,"V",2,5.18918378288414,5.3088418137135,"V",2,5.18918378288414,5.3088418137135,
122,38,"iv",3,6.27237204783434,4.68444313455646,"iv",3,6.27237204783434,4.68444313455646,
122,39,"i",2,5.57395603738269,5.3100140433034,"i",2,5.57395603738269,5.3100140433034,
122,40,"V",2,5.18918378288414,5.3088418137135,"V",2,5.18918378288414,5.3088418137135,
122,41,"iv",3,6.27237204783434,4.68444313455646,"iv",3,6.27237204783434,4.68444313455646,
122,42,"IV",2,5.60871204458611,5.3100140433034,"-VI",2,5.56971791297025,5.3100140433034,0.0389941316158646
122,43,"IV",2,4.25329499789397,5.30617909945223,"IV",2,5.36962138006875,5.25066498575225,
122,44,"VI",3,6.5007459032126,4.96353334350538,"VI",2,6.08000739127531,5.26428449830434,
122,45,"II",2,3.92906308295182,5.08808905348547,"II",2,3.92906308295182,5.08808905348547,
122,46,"VI",3,1.91938901563152,4.59804125922297,"VI",3,1.91938901563152,4.59804125922297,
122,47,"II",4,1.84470195563592,4.5698028738094,"II",4,1.84470195563592,4.5698028738094,
,,,,,,,,,,
123,21,"VI",3,1.91938901563152,4.59804125922297,"VI",3,1.91938901563152,4.59804125922297,
123,22,"II",4,1.84470195563592,4.5698028738094,"II",4,1.84470195563592,4.5698028738094,
123,23,"V",5,3.24316910000851,4.49591193161619,"V",5,3.24316910000851,4.49591193161619,
123,24,"I",5,2.27348102634849,4.50862641594303,"I",5,2.27348102634849,4.50862641594303,
123,25,"#io",5,7.4374051515395,3.91207025148671,"#io",5,7.4374051515395,3.91207025148671,
123,26,"vii",3,7.20787563067529,3.88245695387891,"-vii",3,7.16605545498066,3.88245695387891,0.0418201756946273
123,27,"#io",1,6.73536989608108,5.37387134302661,"#io",1,6.55210182416977,5.37978133541035,
123,28,"#io",1,7.11217055761599,4.25394060589979,"#io",1,7.11217055761599,4.25394060589979,
123,29,"V",1,2.60866028002009,4.25394060589979,"V",1,2.60866028002009,4.25394060589979,
123,30,"I",2,5.10819472913343,5.28179427721798,"I",2,5.10819472913343,5.28179427721798,
123,31,"I",2,4.50750976580657,5.45489656882738,"I",2,4.50750976580657,5.45489656882738,
,,,,,,,,,,
124,21,"VI",3,1.91938901563152,4.59804125922297,"VI",3,1.91938901563152,4.59804125922297,
124,22,"II",4,1.84470195563592,4.5698028738094,"II",4,1.84470195563592,4.5698028738094,
124,23,"V",5,3.24316910000851,4.49591193161619,"V",5,3.24316910000851,4.49591193161619,
124,24,"I",5,2.27348102634849,4.50862641594303,"I",5,2.27348102634849,4.50862641594303,
124,25,"#io",5,7.4374051515395,3.91207025148671,"#io",5,7.4374051515395,3.91207025148671,
124,26,"vii",3,7.20787563067529,3.88245695387891,"VII",3,7.16605545498066,3.88245695387891,0.0418201756946273
124,27,"#io",1,6.73536989608108,5.37387134302661,"#io",1,6.76902444420139,5.35241960075509,
124,28,"#io",1,7.11217055761599,4.25394060589979,"#io",1,7.11217055761599,4.25394060589979,
124,29,"V",1,2.60866028002009,4.25394060589979,"V",1,2.60866028002009,4.25394060589979,
124,30,"I",2,5.10819472913343,5.28179427721798,"I",2,5.10819472913343,5.28179427721798,
124,31,"I",2,4.50750976580657,5.45489656882738,"I",2,4.50750976580657,5.45489656882738,
,,,,,,,,,,
125,21,"VI",3,1.91938901563152,4.59804125922297,"VI",3,1.91938901563152,4.59804125922297,
125,22,"II",4,1.84470195563592,4.5698028738094,"II",4,1.84470195563592,4.5698028738094,
125,23,"V",5,3.24316910000851,4.49591193161619,"V",5,3.24316910000851,4.49591193161619,
125,24,"I",5,2.27348102634849,4.50862641594303,"I",5,2.27348102634849,4.50862641594303,
125,25,"#io",5,7.4374051515395,3.91207025148671,"#io",5,7.4374051515395,3.91207025148671,
125,26,"vii",3,7.20787563067529,3.88245695387891,"iio",3,7.16605545498066,3.88245695387891,0.0418201756946273
125,27,"#io",1,6.73536989608108,5.37387134302661,"#io",1,6.4614646825934,5.40553253108426,
125,28,"#io",1,7.11217055761599,4.25394060589979,"#io",1,7.11217055761599,4.25394060589979,
125,29,"V",1,2.60866028002009,4.25394060589979,"V",1,2.60866028002009,4.25394060589979,
125,30,"I",2,5.10819472913343,5.28179427721798,"I",2,5.10819472913343,5.28179427721798,
125,31,"I",2,4.50750976580657,5.45489656882738,"I",2,4.50750976580657,5.45489656882738,
,,,,,,,,,,
126,46,"VI",3,1.91938901563152,4.59804125922297,"VI",3,1.91938901563152,4.59804125922297,
126,47,"II",4,1.84470195563592,4.5698028738094,"II",4,1.84470195563592,4.5698028738094,
126,48,"V",5,3.24316910000851,4.49591193161619,"V",5,3.24316910000851,4.49591193161619,
126,49,"I",5,2.27348102634849,4.50862641594303,"I",5,2.27348102634849,4.50862641594303,
126,50,"#io",5,7.4374051515395,3.91207025148671,"#io",5,7.4374051515395,3.91207025148671,
126,51,"vii",3,7.20787563067529,3.88245695387891,"-vii",3,7.16605545498066,3.88245695387891,0.0418201756946273
126,52,"#io",1,6.73536989608108,5.37387134302661,"#io",1,6.55210182416977,5.37978133541035,
126,53,"#io",1,7.11217055761599,4.25394060589979,"#io",1,7.11217055761599,4.25394060589979,
126,54,"V",1,2.60866028002009,4.25394060589979,"V",1,2.60866028002009,4.25394060589979,
126,55,"I",2,5.10819472913343,5.28179427721798,"I",2,5.10819472913343,5.28179427721798,
126,56,"I",2,4.50750976580657,5.45489656882738,"I",2,4.50750976580657,5.45489656882738,
,,,,,,,,,,
127,46,"VI",3,1.91938901563152,4.59804125922297,"VI",3,1.91938901563152,4.59804125922297,
127,47,"II",4,1.84470195563592,4.5698028738094,"II",4,1.84470195563592,4.5698028738094,
127,48,"V",5,3.24316910000851,4.49591193161619,"V",5,3.24316910000851,4.49591193161619,
127,49,"I",5,2.27348102634849,4.50862641594303,"I",5,2.27348102634849,4.50862641594303,
127,50,"#io",5,7.4374051515395,3.91207025148671,"#io",5,7.4374051515395,3.91207025148671,
127,51,"vii",3,7.20787563067529,3.88245695387891,"VII",3,7.16605545498066,3.88245695387891,0.0418201756946273
127,52,"#io",1,6.73536989608108,5.37387134302661,"#io",1,6.76902444420139,5.35241960075509,
127,53,"#io",1,7.11217055761599,4.25394060589979,"#io",1,7.11217055761599,4.25394060589979,
127,54,"V",1,2.60866028002009,4.25394060589979,"V",1,2.60866028002009,4.25394060589979,
127,55,"I",2,5.10819472913343,5.28179427721798,"I",2,5.10819472913343,5.28179427721798,
127,56,"I",2,4.50750976580657,5.45489656882738,"I",2,4.50750976580657,5.45489656882738,
,,,,,,,,,,
128,46,"VI",3,1.91938901563152,4.59804125922297,"VI",3,1.91938901563152,4.59804125922297,
128,47,"II",4,1.84470195563592,4.5698028738094,"II",4,1.84470195563592,4.5698028738094,
128,48,"V",5,3.24316910000851,4.49591193161619,"V",5,3.24316910000851,4.49591193161619,
128,49,"I",5,2.27348102634849,4.50862641594303,"I",5,2.27348102634849,4.50862641594303,
128,50,"#io",5,7.4374051515395,3.91207025148671,"#io",5,7.4374051515395,3.91207025148671,
128,51,"vii",3,7.20787563067529,3.88245695387891,"iio",3,7.16605545498066,3.88245695387891,0.0418201756946273
128,52,"#io",1,6.73536989608108,5.37387134302661,"#io",1,6.4614646825934,5.40553253108426,
128,53,"#io",1,7.11217055761599,4.25394060589979,"#io",1,7.11217055761599,4.25394060589979,
128,54,"V",1,2.60866028002009,4.25394060589979,"V",1,2.60866028002009,4.25394060589979,
128,55,"I",2,5.10819472913343,5.28179427721798,"I",2,5.10819472913343,5.28179427721798,
128,56,"I",2,4.50750976580657,5.45489656882738,"I",2,4.50750976580657,5.45489656882738,
,,,,,,,,,,
129,77,"VI",3,1.91938901563152,4.59804125922297,"VI",3,1.91938901563152,4.59804125922297,
129,78,"II",4,1.84470195563592,4.5698028738094,"II",4,1.84470195563592,4.5698028738094,
129,79,"V",5,3.24316910000851,4.49591193161619,"V",5,3.24316910000851,4.49591193161619,
129,80,"I",5,2.27348102634849,4.50862641594303,"I",5,2.27348102634849,4.50862641594303,
129,81,"#io",5,7.4374051515395,3.91207025148671,"#io",5,7.4374051515395,3.91207025148671,
129,82,"vii",3,7.20787563067529,3.88245695387891,"-vii",3,7.16605545498066,3.88245695387891,0.0418201756946273
129,83,"#io",1,6.73536989608108,5.37387134302661,"#io",1,6.55210182416977,5.37978133541035,
129,84,"#io",1,7.11217055761599,4.25394060589979,"#io",1,7.11217055761599,4.25394060589979,
129,85,"VII",1,6.96016746417094,4.25394060589979,"VII",1,6.96016746417094,4.25394060589979,
129,86,"III",1,4.94929138986516,5.35241960075509,"III",1,4.94929138986516,5.35241960075509,
129,87,"VI",2,5.29057463595965,4.48938756125396,"VI",2,5.29057463595965,4.48938756125396,
,,,,,,,,,,
130,77,"VI",3,1.91938901563152,4.59804125922297,"VI",3,1.91938901563152,4.59804125922297,
130,78,"II",4,1.84470195563592,4.5698028738094,"II",4,1.84470195563592,4.5698028738094,
130,79,"V",5,3.24316910000851,4.49591193161619,"V",5,3.24316910000851,4.49591193161619,
130,80,"I",5,2.27348102634849,4.50862641594303,"I",5,2.27348102634849,4.50862641594303,
130,81,"#io",5,7.4374051515395,3.91207025148671,"#io",5,7.4374051515395,3.91207025148671,
130,82,"vii",3,7.20787563067529,3.88245695387891,"VII",3,7.16605545498066,3.88245695387891,0.0418201756946273
130,83,"#io",1,6.73536989608108,5.37387134302661,"#io",1,6.76902444420139,5.35241960075509,
130,84,"#io",1,7.11217055761599,4.25394060589979,"#io",1,7.11217055761599,4.25394060589979,
130,85,"VII",1,6.96016746417094,4.25394060589979,"VII",1,6.96016746417094,4.25394060589979,
130,86,"III",1,4.94929138986516,5.35241960075509,"III",1,4.94929138986516,5.35241960075509,
130,87,"VI",2,5.29057463595965,4.48938756125396,"VI",2,5.29057463595965,4.48938756125396,
,,,,,,,,,,
131,77,"VI",3,1.91938901563152,4.59804125922297,"VI",3,1.91938901563152,4.59804125922297,
131,78,"II",4,1.84470195563592,4.5698028738094,"II",4,1.84470195563592,4.5698028738094,
131,79,"V",5,3.24316910000851,4.49591193161619,"V",5,3.24316910000851,4.49591193161619,
131,80,"I",5,2.27348102634849,4.50862641594303,"I",5,2.27348102634849,4.50862641594303,
131,81,"#io",5,7.4374051515395,3.91207025148671,"#io",5,7.4374051515395,3.91207025148671,
131,82,"vii",3,7.20787563067529,3.88245695387891,"iio",3,7.16605545498066,3.88245695387891,0.0418201756946273
131,83,"#io",1,6.73536989608108,5.37387134302661,"#io",1,6.4614646825934,5.40553253108426,
131,84,"#io",1,7.11217055761599,4.25394060589979,"#io",1,7.11217055761599,4.25394060589979,
131,85,"VII",1,6.96016746417094,4.25394060589979,"VII",1,6.96016746417094,4.25394060589979,
131,86,"III",1,4.94929138986516,5.35241960075509,"III",1,4.94929138986516,5.35241960075509,
131,87,"VI",2,5.29057463595965,4.48938756125396,"VI",2,5.29057463595965,4.48938756125396,
,,,,,,,,,,
132,80,"I",5,2.27348102634849,4.50862641594303,"I",5,2.27348102634849,4.50862641594303,
132,81,"#io",5,7.4374051515395,3.91207025148671,"#io",5,7.4374051515395,3.91207025148671,
132,82,"vii",3,7.20787563067529,3.88245695387891,"vii",3,7.20787563067529,3.88245695387891,
132,83,"#io",1,6.73536989608108,5.37387134302661,"#io",1,6.73536989608108,5.37387134302661,
132,84,"#io",1,7.11217055761599,4.25394060589979,"#io",1,7.11217055761599,4.25394060589979,
132,85,"VII",1,6.96016746417094,4.25394060589979,"vii",1,7.00198763986557,4.25394060589979,0.0418201756946273
132,86,"III",1,4.94929138986516,5.35241960075509,"III",1,3.85444675179218,5.37387134302661,
132,87,"VI",2,5.29057463595965,4.48938756125396,"VI",2,5.39961612295477,4.44034421120211,
132,88,"II",2,4.09933569298607,5.13032405207678,"II",2,4.09933569298607,5.13032405207678,
132,89,"VI",3,4.41383215898672,4.59862581504416,"VI",3,4.41383215898672,4.59862581504416,
132,90,"II",3,2.70399057299607,4.97850199558676,"II",3,2.70399057299607,4.97850199558676,
,,,,,,,,,,
133,89,"VI",3,4.41383215898672,4.59862581504416,"VI",3,4.41383215898672,4.59862581504416,
133,90,"II",3,2.70399057299607,4.97850199558676,"II",3,2.70399057299607,4.97850199558676,
133,91,"-VI",4,6.51003108819735,4.88113787240782,"-VI",4,6.51003108819735,4.88113787240782,
133,92,"-II",2,5.92704446074321,5.16782341190319,"-II",2,5.92704446074321,5.16782341190319,
133,93,"#io",2,6.98923679378414,5.03211245088812,"#io",2,6.98923679378414,5.03211245088812,
133,94,"vii",1,7.00198763986557,4.25394060589979,"-vii",1,6.96016746417094,4.25394060589979,0.0418201756946273
133,95,"#io",1,6.73536989608108,5.37387134302661,"#io",1,6.55210182416977,5.37978133541035,
133,96,"#io",1,7.11217055761599,4.25394060589979,"#io",1,7.11217055761599,4.25394060589979,
133,97,"V",1,2.60866028002009,4.25394060589979,"V",1,2.60866028002009,4.25394060589979,
133,98,"I",2,5.10819472913343,5.28179427721798,"I",2,5.10819472913343,5.28179427721798,
133,99,"I",2,4.50750976580657,5.45489656882738,"I",2,4.50750976580657,5.45489656882738,
,,,,,,,,,,
134,89,"VI",3,4.41383215898672,4.59862581504416,"VI",3,4.41383215898672,4.59862581504416,
134,90,"II",3,2.70399057299607,4.97850199558676,"II",3,2.70399057299607,4.97850199558676,
134,91,"-VI",4,6.51003108819735,4.88113787240782,"-VI",4,6.51003108819735,4.88113787240782,
134,92,"-II",2,5.92704446074321,5.16782341190319,"-II",2,5.92704446074321,5.16782341190319,
134,93,"#io",2,6.98923679378414,5.03211245088812,"#io",2,6.98923679378414,5.03211245088812,
134,94,"vii",1,7.00198763986557,4.25394060589979,"VII",1,6.96016746417094,4.25394060589979,0.0418201756946273
134,95,"#io",1,6.73536989608108,5.37387134302661,"#io",1,6.76902444420139,5.35241960075509,
134,96,"#io",1,7.11217055761599,4.25394060589979,"#io",1,7.11217055761599,4.25394060589979,
134,97,"V",1,2.60866028002009,4.25394060589979,"V",1,2.60866028002009,4.25394060589979,
134,98,"I",2,5.10819472913343,5.28179427721798,"I",2,5.10819472913343,5.28179427721798,
134,99,"I",2,4.50750976580657,5.45489656882738,"I",2,4.50750976580657,5.45489656882738,
,,,,,,,,,,
135,89,"VI",3,4.41383215898672,4.59862581504416,"VI",3,4.41383215898672,4.59862581504416,
135,90,"II",3,2.70399057299607,4.97850199558676,"II",3,2.70399057299607,4.97850199558676,
135,91,"-VI",4,6.51003108819735,4.88113787240782,"-VI",4,6.51003108819735,4.88113787240782,
135,92,"-II",2,5.92704446074321,5.16782341190319,"-II",2,5.92704446074321,5.16782341190319,
135,93,"#io",2,6.98923679378414,5.03211245088812,"#io",2,6.98923679378414,5.03211245088812,
135,94,"vii",1,7.00198763986557,4.25394060589979,"iio",1,6.96016746417094,4.25394060589979,0.0418201756946273
135,95,"#io",1,6.73536989608108,5.37387134302661,"#io",1,6.4614646825934,5.40553253108426,
135,96,"#io",1,7.11217055761599,4.25394060589979,"#io",1,7.11217055761599,4.25394060589979,
135,97,"V",1,2.60866028002009,4.25394060589979,"V",1,2.60866028002009,4.25394060589979,
135,98,"I",2,5.10819472913343,5.28179427721798,"I",2,5.10819472913343,5.28179427721798,
135,99,"I",2,4.50750976580657,5.45489656882738,"I",2,4.50750976580657,5.45489656882738,
,,,,,,,,,,
136,86,"III",1,4.94929138986516,5.35241960075509,"III",1,4.94929138986516,5.35241960075509,
136,87,"VI",2,5.29057463595965,4.48938756125396,"VI",2,5.29057463595965,4.48938756125396,
136,88,"II",2,4.09933569298607,5.13032405207678,"II",2,4.09933569298607,5.13032405207678,
136,89,"VI",3,4.41383215898672,4.59862581504416,"VI",3,4.41383215898672,4.59862581504416,
136,90,"II",3,2.70399057299607,4.97850199558676,"II",3,2.70399057299607,4.97850199558676,
136,91,"-VI",4,6.51003108819735,4.88113787240782,"vi",4,6.46821091250272,4.88113787240782,0.0418201756946281
136,92,"-II",2,5.92704446074321,5.16782341190319,"-II",2,6.50759426240836,5.18558510301661,
136,93,"#io",2,6.98923679378414,5.03211245088812,"#io",2,6.78051372980518,5.02342047333129,
136,94,"vii",1,7.00198763986557,4.25394060589979,"vii",1,7.00198763986557,4.25394060589979,
136,95,"#io",1,6.73536989608108,5.37387134302661,"#io",1,6.73536989608108,5.37387134302661,
136,96,"#io",1,7.11217055761599,4.25394060589979,"#io",1,7.11217055761599,4.25394060589979,
,,,,,,,,,,
137,86,"III",1,4.94929138986516,5.35241960075509,"III",1,4.94929138986516,5.35241960075509,
137,87,"VI",2,5.29057463595965,4.48938756125396,"VI",2,5.29057463595965,4.48938756125396,
137,88,"II",2,4.09933569298607,5.13032405207678,"II",2,4.09933569298607,5.13032405207678,
137,89,"VI",3,4.41383215898672,4.59862581504416,"VI",3,4.41383215898672,4.59862581504416,
137,90,"II",3,2.70399057299607,4.97850199558676,"II",3,2.70399057299607,4.97850199558676,
137,91,"-VI",4,6.51003108819735,4.88113787240782,"iv",4,6.46821091250272,4.88113787240782,0.0418201756946281
137,92,"-II",2,5.92704446074321,5.16782341190319,"-II",2,6.20462740360172,5.25306559462073,
137,93,"#io",2,6.98923679378414,5.03211245088812,"#io",2,6.850645755486,5.15348507351343,
137,94,"vii",1,7.00198763986557,4.25394060589979,"vii",1,7.00198763986557,4.25394060589979,
137,95,"#io",1,6.73536989608108,5.37387134302661,"#io",1,6.73536989608108,5.37387134302661,
137,96,"#io",1,7.11217055761599,4.25394060589979,"#io",1,7.11217055761599,4.25394060589979,
,,,,,,,,,,
138,21,"VI",3,1.91938901563152,4.59804125922297,"VI",3,1.91938901563152,4.59804125922297,
138,22,"II",4,1.84470195563592,4.5698028738094,"II",4,1.84470195563592,4.5698028738094,
138,23,"V",5,3.24316910000851,4.49591193161619,"V",5,3.24316910000851,4.49591193161619,
138,24,"I",5,2.27348102634849,4.50862641594303,"I",5,2.27348102634849,4.50862641594303,
138,25,"#io",5,7.4374051515395,3.91207025148671,"#io",5,7.4374051515395,3.91207025148671,
138,26,"vii",3,7.20787563067529,3.88245695387891,"V+",3,7.25094435256717,3.88245695387891,0.0430687218918857
138,27,"#io",1,6.73536989608108,5.37387134302661,"#io",1,6.57658931969615,5.18023301555516,
138,28,"#io",1,7.11217055761599,4.25394060589979,"#io",1,7.11217055761599,4.25394060589979,
138,29,"V",1,2.60866028002009,4.25394060589979,"V",1,2.60866028002009,4.25394060589979,
138,30,"I",2,5.10819472913343,5.28179427721798,"I",2,5.10819472913343,5.28179427721798,
138,31,"I",2,4.50750976580657,5.45489656882738,"I",2,4.50750976580657,5.45489656882738,
,,,,,,,,,,
139,21,"VI",3,1.91938901563152,4.59804125922297,"VI",3,1.91938901563152,4.59804125922297,
139,22,"II",4,1.84470195563592,4.5698028738094,"II",4,1.84470195563592,4.5698028738094,
139,23,"V",5,3.24316910000851,4.49591193161619,"V",5,3.24316910000851,4.49591193161619,
139,24,"I",5,2.27348102634849,4.50862641594303,"I",5,2.27348102634849,4.50862641594303,
139,25,"#io",5,7.4374051515395,3.91207025148671,"#io",5,7.4374051515395,3.91207025148671,
139,26,"vii",3,7.20787563067529,3.88245695387891,"#ivo",3,7.25094435256717,3.88245695387891,0.0430687218918857
139,27,"#io",1,6.73536989608108,5.37387134302661,"#io",1,6.91728524503528,4.95353538014776,
139,28,"#io",1,7.11217055761599,4.25394060589979,"#io",1,7.11217055761599,4.25394060589979,
139,29,"V",1,2.60866028002009,4.25394060589979,"V",1,2.60866028002009,4.25394060589979,
139,30,"I",2,5.10819472913343,5.28179427721798,"I",2,5.10819472913343,5.28179427721798,
139,31,"I",2,4.50750976580657,5.45489656882738,"I",2,4.50750976580657,5.45489656882738,
,,,,,,,,,,
140,46,"VI",3,1.91938901563152,4.59804125922297,"VI",3,1.91938901563152,4.59804125922297,
140,47,"II",4,1.84470195563592,4.5698028738094,"II",4,1.84470195563592,4.5698028738094,
140,48,"V",5,3.24316910000851,4.49591193161619,"V",5,3.24316910000851,4.49591193161619,
140,49,"I",5,2.27348102634849,4.50862641594303,"I",5,2.27348102634849,4.50862641594303,
140,50,"#io",5,7.4374051515395,3.91207025148671,"#io",5,7.4374051515395,3.91207025148671,
140,51,"vii",3,7.20787563067529,3.88245695387891,"V+",3,7.25094435256717,3.88245695387891,0.0430687218918857
140,52,"#io",1,6.73536989608108,5.37387134302661,"#io",1,6.57658931969615,5.18023301555516,
140,53,"#io",1,7.11217055761599,4.25394060589979,"#io",1,7.11217055761599,4.25394060589979,
140,54,"V",1,2.60866028002009,4.25394060589979,"V",1,2.60866028002009,4.25394060589979,
140,55,"I",2,5.10819472913343,5.28179427721798,"I",2,5.10819472913343,5.28179427721798,
140,56,"I",2,4.50750976580657,5.45489656882738,"I",2,4.50750976580657,5.45489656882738,
,,,,,,,,,,
141,46,"VI",3,1.91938901563152,4.59804125922297,"VI",3,1.91938901563152,4.59804125922297,
141,47,"II",4,1.84470195563592,4.5698028738094,"II",4,1.84470195563592,4.5698028738094,
141,48,"V",5,3.24316910000851,4.49591193161619,"V",5,3.24316910000851,4.49591193161619,
141,49,"I",5,2.27348102634849,4.50862641594303,"I",5,2.27348102634849,4.50862641594303,
141,50,"#io",5,7.4374051515395,3.91207025148671,"#io",5,7.4374051515395,3.91207025148671,
141,51,"vii",3,7.20787563067529,3.88245695387891,"#ivo",3,7.25094435256717,3.88245695387891,0.0430687218918857
141,52,"#io",1,6.73536989608108,5.37387134302661,"#io",1,6.91728524503528,4.95353538014776,
141,53,"#io",1,7.11217055761599,4.25394060589979,"#io",1,7.11217055761599,4.25394060589979,
141,54,"V",1,2.60866028002009,4.25394060589979,"V",1,2.60866028002009,4.25394060589979,
141,55,"I",2,5.10819472913343,5.28179427721798,"I",2,5.10819472913343,5.28179427721798,
141,56,"I",2,4.50750976580657,5.45489656882738,"I",2,4.50750976580657,5.45489656882738,
,,,,,,,,,,
142,77,"VI",3,1.91938901563152,4.59804125922297,"VI",3,1.91938901563152,4.59804125922297,
142,78,"II",4,1.84470195563592,4.5698028738094,"II",4,1.84470195563592,4.5698028738094,
142,79,"V",5,3.24316910000851,4.49591193161619,"V",5,3.24316910000851,4.49591193161619,
142,80,"I",5,2.27348102634849,4.50862641594303,"I",5,2.27348102634849,4.50862641594303,
142,81,"#io",5,7.4374051515395,3.91207025148671,"#io",5,7.4374051515395,3.91207025148671,
142,82,"vii",3,7.20787563067529,3.88245695387891,"V+",3,7.25094435256717,3.88245695387891,0.0430687218918857
142,83,"#io",1,6.73536989608108,5.37387134302661,"#io",1,6.57658931969615,5.18023301555516,
142,84,"#io",1,7.11217055761599,4.25394060589979,"#io",1,7.11217055761599,4.25394060589979,
142,85,"VII",1,6.96016746417094,4.25394060589979,"VII",1,6.96016746417094,4.25394060589979,
142,86,"III",1,4.94929138986516,5.35241960075509,"III",1,4.94929138986516,5.35241960075509,
142,87,"VI",2,5.29057463595965,4.48938756125396,"VI",2,5.29057463595965,4.48938756125396,
,,,,,,,,,,
143,77,"VI",3,1.91938901563152,4.59804125922297,"VI",3,1.91938901563152,4.59804125922297,
143,78,"II",4,1.84470195563592,4.5698028738094,"II",4,1.84470195563592,4.5698028738094,
143,79,"V",5,3.24316910000851,4.49591193161619,"V",5,3.24316910000851,4.49591193161619,
143,80,"I",5,2.27348102634849,4.50862641594303,"I",5,2.27348102634849,4.50862641594303,
143,81,"#io",5,7.4374051515395,3.91207025148671,"#io",5,7.4374051515395,3.91207025148671,
143,82,"vii",3,7.20787563067529,3.88245695387891,"#ivo",3,7.25094435256717,3.88245695387891,0.0430687218918857
143,83,"#io",1,6.73536989608108,5.37387134302661,"#io",1,6.91728524503528,4.95353538014776,
143,84,"#io",1,7.11217055761599,4.25394060589979,"#io",1,7.11217055761599,4.25394060589979,
143,85,"VII",1,6.96016746417094,4.25394060589979,"VII",1,6.96016746417094,4.25394060589979,
143,86,"III",1,4.94929138986516,5.35241960075509,"III",1,4.94929138986516,5.35241960075509,
143,87,"VI",2,5.29057463595965,4.48938756125396,"VI",2,5.29057463595965,4.48938756125396,
,,,,,,,,,,
144,89,"VI",3,4.41383215898672,4.59862581504416,"VI",3,4.41383215898672,4.59862581504416,
144,90,"II",3,2.70399057299607,4.97850199558676,"II",3,2.70399057299607,4.97850199558676,
144,91,"-VI",4,6.51003108819735,4.88113787240782,"-VI",4,6.51003108819735,4.88113787240782,
144,92,"-II",2,5.92704446074321,5.16782341190319,"-II",2,5.92704446074321,5.16782341190319,
144,93,"#io",2,6.98923679378414,5.03211245088812,"#io",2,6.98923679378414,5.03211245088812,
144,94,"vii",1,7.00198763986557,4.25394060589979,"V+",1,7.04505636175745,4.25394060589979,0.0430687218918857
144,95,"#io",1,6.73536989608108,5.37387134302661,"#io",1,6.57658931969615,5.18023301555516,
144,96,"#io",1,7.11217055761599,4.25394060589979,"#io",1,7.11217055761599,4.25394060589979,
144,97,"V",1,2.60866028002009,4.25394060589979,"V",1,2.60866028002009,4.25394060589979,
144,98,"I",2,5.10819472913343,5.28179427721798,"I",2,5.10819472913343,5.28179427721798,
144,99,"I",2,4.50750976580657,5.45489656882738,"I",2,4.50750976580657,5.45489656882738,
,,,,,,,,,,
145,89,"VI",3,4.41383215898672,4.59862581504416,"VI",3,4.41383215898672,4.59862581504416,
145,90,"II",3,2.70399057299607,4.97850199558676,"II",3,2.70399057299607,4.97850199558676,
145,91,"-VI",4,6.51003108819735,4.88113787240782,"-VI",4,6.51003108819735,4.88113787240782,
145,92,"-II",2,5.92704446074321,5.16782341190319,"-II",2,5.92704446074321,5.16782341190319,
145,93,"#io",2,6.98923679378414,5.03211245088812,"#io",2,6.98923679378414,5.03211245088812,
145,94,"vii",1,7.00198763986557,4.25394060589979,"#ivo",1,7.04505636175745,4.25394060589979,0.0430687218918857
145,95,"#io",1,6.73536989608108,5.37387134302661,"#io",1,6.91728524503528,4.95353538014776,
145,96,"#io",1,7.11217055761599,4.25394060589979,"#io",1,7.11217055761599,4.25394060589979,
145,97,"V",1,2.60866028002009,4.25394060589979,"V",1,2.60866028002009,4.25394060589979,
145,98,"I",2,5.10819472913343,5.28179427721798,"I",2,5.10819472913343,5.28179427721798,
145,99,"I",2,4.50750976580657,5.45489656882738,"I",2,4.50750976580657,5.45489656882738,
,,,,,,,,,,
146,22,"II",4,1.84470195563592,4.5698028738094,"II",4,1.84470195563592,4.5698028738094,
146,23,"V",5,3.24316910000851,4.49591193161619,"V",5,3.24316910000851,4.49591193161619,
146,24,"I",5,2.27348102634849,4.50862641594303,"I",5,2.27348102634849,4.50862641594303,
146,25,"#io",5,7.4374051515395,3.91207025148671,"#io",5,7.4374051515395,3.91207025148671,
146,26,"vii",3,7.20787563067529,3.88245695387891,"vii",3,7.20787563067529,3.88245695387891,
146,27,"#io",1,6.73536989608108,5.37387134302661,"-V",1,6.69028200655254,5.37387134302661,0.0450878895285376
146,28,"#io",1,7.11217055761599,4.25394060589979,"#io",1,6.43887669952397,5.40273255057082,
146,29,"V",1,2.60866028002009,4.25394060589979,"V",1,2.60866028002009,4.25394060589979,
146,30,"I",2,5.10819472913343,5.28179427721798,"I",2,5.10819472913343,5.28179427721798,
146,31,"I",2,4.50750976580657,5.45489656882738,"I",2,4.50750976580657,5.45489656882738,
146,32,"iv",3,5.24207069942904,5.35575359877211,"iv",3,5.24207069942904,5.35575359877211,
,,,,,,,,,,
147,23,"V",5,3.24316910000851,4.49591193161619,"V",5,3.24316910000851,4.49591193161619,
147,24,"I",5,2.27348102634849,4.50862641594303,"I",5,2.27348102634849,4.50862641594303,
147,25,"#io",5,7.4374051515395,3.91207025148671,"#io",5,7.4374051515395,3.91207025148671,
147,26,"vii",3,7.20787563067529,3.88245695387891,"vii",3,7.20787563067529,3.88245695387891,
147,27,"#io",1,6.73536989608108,5.37387134302661,"#io",1,6.73536989608108,5.37387134302661,
147,28,"#io",1,7.11217055761599,4.25394060589979,"-V",1,7.06708266808745,4.25394060589979,0.0450878895285376
147,29,"V",1,2.60866028002009,4.25394060589979,"V",1,5.08396019268269,5.40273255057082,
147,30,"I",2,5.10819472913343,5.28179427721798,"I",2,5.11160768587829,5.15902600699961,
147,31,"I",2,4.50750976580657,5.45489656882738,"I",2,4.50750976580657,5.45489656882738,
147,32,"iv",3,5.24207069942904,5.35575359877211,"iv",3,5.24207069942904,5.35575359877211,
147,33,"i",4,6.29015841478751,4.6189632082906,"i",4,6.29015841478751,4.6189632082906,
,,,,,,,,,,
148,47,"II",4,1.84470195563592,4.5698028738094,"II",4,1.84470195563592,4.5698028738094,
148,48,"V",5,3.24316910000851,4.49591193161619,"V",5,3.24316910000851,4.49591193161619,
148,49,"I",5,2.27348102634849,4.50862641594303,"I",5,2.27348102634849,4.50862641594303,
148,50,"#io",5,7.4374051515395,3.91207025148671,"#io",5,7.4374051515395,3.91207025148671,
148,51,"vii",3,7.20787563067529,3.88245695387891,"vii",3,7.20787563067529,3.88245695387891,
148,52,"#io",1,6.73536989608108,5.37387134302661,"-V",1,6.69028200655254,5.37387134302661,0.0450878895285376
148,53,"#io",1,7.11217055761599,4.25394060589979,"#io",1,6.43887669952397,5.40273255057082,
148,54,"V",1,2.60866028002009,4.25394060589979,"V",1,2.60866028002009,4.25394060589979,
148,55,"I",2,5.10819472913343,5.28179427721798,"I",2,5.10819472913343,5.28179427721798,
148,56,"I",2,4.50750976580657,5.45489656882738,"I",2,4.50750976580657,5.45489656882738,
148,57,"iv",3,5.24207069942904,5.35575359877211,"iv",3,5.24207069942904,5.35575359877211,
,,,,,,,,,,
149,48,"V",5,3.24316910000851,4.49591193161619,"V",5,3.24316910000851,4.49591193161619,
149,49,"I",5,2.27348102634849,4.50862641594303,"I",5,2.27348102634849,4.50862641594303,
149,50,"#io",5,7.4374051515395,3.91207025148671,"#io",5,7.4374051515395,3.91207025148671,
149,51,"vii",3,7.20787563067529,3.88245695387891,"vii",3,7.20787563067529,3.88245695387891,
149,52,"#io",1,6.73536989608108,5.37387134302661,"#io",1,6.73536989608108,5.37387134302661,
149,53,"#io",1,7.11217055761599,4.25394060589979,"-V",1,7.06708266808745,4.25394060589979,0.0450878895285376
149,54,"V",1,2.60866028002009,4.25394060589979,"V",1,5.08396019268269,5.40273255057082,
149,55,"I",2,5.10819472913343,5.28179427721798,"I",2,5.11160768587829,5.15902600699961,
149,56,"I",2,4.50750976580657,5.45489656882738,"I",2,4.50750976580657,5.45489656882738,
149,57,"iv",3,5.24207069942904,5.35575359877211,"iv",3,5.24207069942904,5.35575359877211,
149,58,"i",4,6.29015841478751,4.6189632082906,"i",4,6.29015841478751,4.6189632082906,
,,,,,,,,,,
150,78,"II",4,1.84470195563592,4.5698028738094,"II",4,1.84470195563592,4.5698028738094,
150,79,"V",5,3.24316910000851,4.49591193161619,"V",5,3.24316910000851,4.49591193161619,
150,80,"I",5,2.27348102634849,4.50862641594303,"I",5,2.27348102634849,4.50862641594303,
150,81,"#io",5,7.4374051515395,3.91207025148671,"#io",5,7.4374051515395,3.91207025148671,
150,82,"vii",3,7.20787563067529,3.88245695387891,"vii",3,7.20787563067529,3.88245695387891,
150,83,"#io",1,6.73536989608108,5.37387134302661,"-V",1,6.69028200655254,5.37387134302661,0.0450878895285376
150,84,"#io",1,7.11217055761599,4.25394060589979,"#io",1,6.43887669952397,5.40273255057082,
150,85,"VII",1,6.96016746417094,4.25394060589979,"VII",1,6.96016746417094,4.25394060589979,
150,86,"III",1,4.94929138986516,5.35241960075509,"III",1,4.94929138986516,5.35241960075509,
150,87,"VI",2,5.29057463595965,4.48938756125396,"VI",2,5.29057463595965,4.48938756125396,
150,88,"II",2,4.09933569298607,5.13032405207678,"II",2,4.09933569298607,5.13032405207678,
,,,,,,,,,,
151,79,"V",5,3.24316910000851,4.49591193161619,"V",5,3.24316910000851,4.49591193161619,
151,80,"I",5,2.27348102634849,4.50862641594303,"I",5,2.27348102634849,4.50862641594303,
151,81,"#io",5,7.4374051515395,3.91207025148671,"#io",5,7.4374051515395,3.91207025148671,
151,82,"vii",3,7.20787563067529,3.88245695387891,"vii",3,7.20787563067529,3.88245695387891,
151,83,"#io",1,6.73536989608108,5.37387134302661,"#io",1,6.73536989608108,5.37387134302661,
151,84,"#io",1,7.11217055761599,4.25394060589979,"-V",1,7.06708266808745,4.25394060589979,0.0450878895285376
151,85,"VII",1,6.96016746417094,4.25394060589979,"VII",1,6.28687360607892,5.40273255057082,
151,86,"III",1,4.94929138986516,5.35241960075509,"III",1,4.94929138986516,5.35241960075509,
151,87,"VI",2,5.29057463595965,4.48938756125396,"VI",2,5.29057463595965,4.48938756125396,
151,88,"II",2,4.09933569298607,5.13032405207678,"II",2,4.09933569298607,5.13032405207678,
151,89,"VI",3,4.41383215898672,4.59862581504416,"VI",3,4.41383215898672,4.59862581504416,
,,,,,,,,,,
152,90,"II",3,2.70399057299607,4.97850199558676,"II",3,2.70399057299607,4.97850199558676,
152,91,"-VI",4,6.51003108819735,4.88113787240782,"-VI",4,6.51003108819735,4.88113787240782,
152,92,"-II",2,5.92704446074321,5.16782341190319,"-II",2,5.92704446074321,5.16782341190319,
152,93,"#io",2,6.98923679378414,5.03211245088812,"#io",2,6.98923679378414,5.03211245088812,
152,94,"vii",1,7.00198763986557,4.25394060589979,"vii",1,7.00198763986557,4.25394060589979,
152,95,"#io",1,6.73536989608108,5.37387134302661,"-V",1,6.69028200655254,5.37387134302661,0.0450878895285376
152,96,"#io",1,7.11217055761599,4.25394060589979,"#io",1,6.43887669952397,5.40273255057082,
152,97,"V",1,2.60866028002009,4.25394060589979,"V",1,2.60866028002009,4.25394060589979,
152,98,"I",2,5.10819472913343,5.28179427721798,"I",2,5.10819472913343,5.28179427721798,
152,99,"I",2,4.50750976580657,5.45489656882738,"I",2,4.50750976580657,5.45489656882738,
152,100,"iv",3,5.24207069942904,5.35575359877211,"iv",3,5.24207069942904,5.35575359877211,
,,,,,,,,,,
153,91,"-VI",4,6.51003108819735,4.88113787240782,"-VI",4,6.51003108819735,4.88113787240782,
153,92,"-II",2,5.92704446074321,5.16782341190319,"-II",2,5.92704446074321,5.16782341190319,
153,93,"#io",2,6.98923679378414,5.03211245088812,"#io",2,6.98923679378414,5.03211245088812,
153,94,"vii",1,7.00198763986557,4.25394060589979,"vii",1,7.00198763986557,4.25394060589979,
153,95,"#io",1,6.73536989608108,5.37387134302661,"#io",1,6.73536989608108,5.37387134302661,
153,96,"#io",1,7.11217055761599,4.25394060589979,"-V",1,7.06708266808745,4.25394060589979,0.0450878895285376
153,97,"V",1,2.60866028002009,4.25394060589979,"V",1,5.08396019268269,5.40273255057082,
153,98,"I",2,5.10819472913343,5.28179427721798,"I",2,5.11160768587829,5.15902600699961,
153,99,"I",2,4.50750976580657,5.45489656882738,"I",2,4.50750976580657,5.45489656882738,
153,100,"iv",3,5.24207069942904,5.35575359877211,"iv",3,5.24207069942904,5.35575359877211,
153,101,"I",4,3.7569489728767,4.6189632082906,"I",4,3.7569489728767,4.6189632082906,
,,,,,,,,,,
154,88,"II",2,4.09933569298607,5.13032405207678,"II",2,4.09933569298607,5.13032405207678,
154,89,"VI",3,4.41383215898672,4.59862581504416,"VI",3,4.41383215898672,4.59862581504416,
154,90,"II",3,2.70399057299607,4.97850199558676,"II",3,2.70399057299607,4.97850199558676,
154,91,"-VI",4,6.51003108819735,4.88113787240782,"-VI",4,6.51003108819735,4.88113787240782,
154,92,"-II",2,5.92704446074321,5.16782341190319,"-II",2,5.92704446074321,5.16782341190319,
154,93,"#io",2,6.98923679378414,5.03211245088812,"#vo",2,7.03577937972117,5.03211245088812,0.0465425859370301
154,94,"vii",1,7.00198763986557,4.25394060589979,"vii",1,7.02024464113549,3.84881637141891,
154,95,"#io",1,6.73536989608108,5.37387134302661,"#io",1,6.73536989608108,5.37387134302661,
154,96,"#io",1,7.11217055761599,4.25394060589979,"#io",1,7.11217055761599,4.25394060589979,
154,97,"V",1,2.60866028002009,4.25394060589979,"V",1,2.60866028002009,4.25394060589979,
154,98,"I",2,5.10819472913343,5.28179427721798,"I",2,5.10819472913343,5.28179427721798,
,,,,,,,,,,
155,88,"II",2,4.09933569298607,5.13032405207678,"II",2,4.09933569298607,5.13032405207678,
155,89,"VI",3,4.41383215898672,4.59862581504416,"VI",3,4.41383215898672,4.59862581504416,
155,90,"II",3,2.70399057299607,4.97850199558676,"II",3,2.70399057299607,4.97850199558676,
155,91,"-VI",4,6.51003108819735,4.88113787240782,"-VI",4,6.51003108819735,4.88113787240782,
155,92,"-II",2,5.92704446074321,5.16782341190319,"-II",2,5.92704446074321,5.16782341190319,
155,93,"#io",2,6.98923679378414,5.03211245088812,"#V",2,7.03577937972117,5.03211245088812,0.0465425859370301
155,94,"vii",1,7.00198763986557,4.25394060589979,"vii",1,6.61633261250747,5.10847873297974,
155,95,"#io",1,6.73536989608108,5.37387134302661,"#io",1,6.73536989608108,5.37387134302661,
155,96,"#io",1,7.11217055761599,4.25394060589979,"#io",1,7.11217055761599,4.25394060589979,
155,97,"V",1,2.60866028002009,4.25394060589979,"V",1,2.60866028002009,4.25394060589979,
155,98,"I",2,5.10819472913343,5.28179427721798,"I",2,5.10819472913343,5.28179427721798,
,,,,,,,,,,
156,88,"II",2,4.09933569298607,5.13032405207678,"II",2,4.09933569298607,5.13032405207678,
156,89,"VI",3,4.41383215898672,4.59862581504416,"VI",3,4.41383215898672,4.59862581504416,
156,90,"II",3,2.70399057299607,4.97850199558676,"II",3,2.70399057299607,4.97850199558676,
156,91,"-VI",4,6.51003108819735,4.88113787240782,"-VI",4,6.51003108819735,4.88113787240782,
156,92,"-II",2,5.92704446074321,5.16782341190319,"-II",2,5.92704446074321,5.16782341190319,
156,93,"#io",2,6.98923679378414,5.03211245088812,"I+",2,7.03577937972117,5.03211245088812,0.0465425859370301
156,94,"vii",1,7.00198763986557,4.25394060589979,"vii",1,6.66805069478752,4.94908876477853,
156,95,"#io",1,6.73536989608108,5.37387134302661,"#io",1,6.73536989608108,5.37387134302661,
156,96,"#io",1,7.11217055761599,4.25394060589979,"#io",1,7.11217055761599,4.25394060589979,
156,97,"V",1,2.60866028002009,4.25394060589979,"V",1,2.60866028002009,4.25394060589979,
156,98,"I",2,5.10819472913343,5.28179427721798,"I",2,5.10819472913343,5.28179427721798,
,,,,,,,,,,
157,88,"II",2,4.09933569298607,5.13032405207678,"II",2,4.09933569298607,5.13032405207678,
157,89,"VI",3,4.41383215898672,4.59862581504416,"VI",3,4.41383215898672,4.59862581504416,
157,90,"II",3,2.70399057299607,4.97850199558676,"II",3,2.70399057299607,4.97850199558676,
157,91,"-VI",4,6.51003108819735,4.88113787240782,"-VI",4,6.51003108819735,4.88113787240782,
157,92,"-II",2,5.92704446074321,5.16782341190319,"-II",2,5.92704446074321,5.16782341190319,
157,93,"#io",2,6.98923679378414,5.03211245088812,"-ii",2,7.03577937972117,5.03211245088812,0.0465425859370301
157,94,"vii",1,7.00198763986557,4.25394060589979,"vii",1,6.62054328764573,5.10713857660311,
157,95,"#io",1,6.73536989608108,5.37387134302661,"#io",1,6.73536989608108,5.37387134302661,
157,96,"#io",1,7.11217055761599,4.25394060589979,"#io",1,7.11217055761599,4.25394060589979,
157,97,"V",1,2.60866028002009,4.25394060589979,"V",1,2.60866028002009,4.25394060589979,
157,98,"I",2,5.10819472913343,5.28179427721798,"I",2,5.10819472913343,5.28179427721798,
,,,,,,,,,,
158,22,"II",4,1.84470195563592,4.5698028738094,"II",4,1.84470195563592,4.5698028738094,
158,23,"V",5,3.24316910000851,4.49591193161619,"V",5,3.24316910000851,4.49591193161619,
158,24,"I",5,2.27348102634849,4.50862641594303,"I",5,2.27348102634849,4.50862641594303,
158,25,"#io",5,7.4374051515395,3.91207025148671,"#io",5,7.4374051515395,3.91207025148671,
158,26,"vii",3,7.20787563067529,3.88245695387891,"vii",3,7.20787563067529,3.88245695387891,
158,27,"#io",1,6.73536989608108,5.37387134302661,"#vo",1,6.78191248201811,5.37387134302661,0.046542585937031
158,28,"#io",1,7.11217055761599,4.25394060589979,"#io",1,7.13042755888591,3.84881637141891,
158,29,"V",1,2.60866028002009,4.25394060589979,"V",1,2.60866028002009,4.25394060589979,
158,30,"I",2,5.10819472913343,5.28179427721798,"I",2,5.10819472913343,5.28179427721798,
158,31,"I",2,4.50750976580657,5.45489656882738,"I",2,4.50750976580657,5.45489656882738,
158,32,"iv",3,5.24207069942904,5.35575359877211,"iv",3,5.24207069942904,5.35575359877211,
,,,,,,,,,,
159,22,"II",4,1.84470195563592,4.5698028738094,"II",4,1.84470195563592,4.5698028738094,
159,23,"V",5,3.24316910000851,4.49591193161619,"V",5,3.24316910000851,4.49591193161619,
159,24,"I",5,2.27348102634849,4.50862641594303,"I",5,2.27348102634849,4.50862641594303,
159,25,"#io",5,7.4374051515395,3.91207025148671,"#io",5,7.4374051515395,3.91207025148671,
159,26,"vii",3,7.20787563067529,3.88245695387891,"vii",3,7.20787563067529,3.88245695387891,
159,27,"#io",1,6.73536989608108,5.37387134302661,"#V",1,6.78191248201811,5.37387134302661,0.046542585937031
159,28,"#io",1,7.11217055761599,4.25394060589979,"#io",1,6.72651553025789,5.10847873297974,
159,29,"V",1,2.60866028002009,4.25394060589979,"V",1,2.60866028002009,4.25394060589979,
159,30,"I",2,5.10819472913343,5.28179427721798,"I",2,5.10819472913343,5.28179427721798,
159,31,"I",2,4.50750976580657,5.45489656882738,"I",2,4.50750976580657,5.45489656882738,
159,32,"iv",3,5.24207069942904,5.35575359877211,"iv",3,5.24207069942904,5.35575359877211,
,,,,,,,,,,
160,22,"II",4,1.84470195563592,4.5698028738094,"II",4,1.84470195563592,4.5698028738094,
160,23,"V",5,3.24316910000851,4.49591193161619,"V",5,3.24316910000851,4.49591193161619,
160,24,"I",5,2.27348102634849,4.50862641594303,"I",5,2.27348102634849,4.50862641594303,
160,25,"#io",5,7.4374051515395,3.91207025148671,"#io",5,7.4374051515395,3.91207025148671,
160,26,"vii",3,7.20787563067529,3.88245695387891,"vii",3,7.20787563067529,3.88245695387891,
160,27,"#io",1,6.73536989608108,5.37387134302661,"I+",1,6.78191248201811,5.37387134302661,0.046542585937031
160,28,"#io",1,7.11217055761599,4.25394060589979,"#io",1,6.77823361253794,4.94908876477853,
160,29,"V",1,2.60866028002009,4.25394060589979,"V",1,2.60866028002009,4.25394060589979,
160,30,"I",2,5.10819472913343,5.28179427721798,"I",2,5.10819472913343,5.28179427721798,
160,31,"I",2,4.50750976580657,5.45489656882738,"I",2,4.50750976580657,5.45489656882738,
160,32,"iv",3,5.24207069942904,5.35575359877211,"iv",3,5.24207069942904,5.35575359877211,
,,,,,,,,,,
161,22,"II",4,1.84470195563592,4.5698028738094,"II",4,1.84470195563592,4.5698028738094,
161,23,"V",5,3.24316910000851,4.49591193161619,"V",5,3.24316910000851,4.49591193161619,
161,24,"I",5,2.27348102634849,4.50862641594303,"I",5,2.27348102634849,4.50862641594303,
161,25,"#io",5,7.4374051515395,3.91207025148671,"#io",5,7.4374051515395,3.91207025148671,
161,26,"vii",3,7.20787563067529,3.88245695387891,"vii",3,7.20787563067529,3.88245695387891,
161,27,"#io",1,6.73536989608108,5.37387134302661,"-ii",1,6.78191248201811,5.37387134302661,0.046542585937031
161,28,"#io",1,7.11217055761599,4.25394060589979,"#io",1,6.73072620539615,5.10713857660311,
161,29,"V",1,2.60866028002009,4.25394060589979,"V",1,2.60866028002009,4.25394060589979,
161,30,"I",2,5.10819472913343,5.28179427721798,"I",2,5.10819472913343,5.28179427721798,
161,31,"I",2,4.50750976580657,5.45489656882738,"I",2,4.50750976580657,5.45489656882738,
161,32,"iv",3,5.24207069942904,5.35575359877211,"iv",3,5.24207069942904,5.35575359877211,
,,,,,,,,,,
162,22,"II",4,1.84470195563592,4.5698028738094,"II",4,1.84470195563592,4.5698028738094,
162,23,"V",5,3.24316910000851,4.49591193161619,"V",5,3.24316910000851,4.49591193161619,
162,24,"I",5,2.27348102634849,4.50862641594303,"I",5,2.27348102634849,4.50862641594303,
162,25,"#io",5,7.4374051515395,3.91207025148671,"#io",5,7.4374051515395,3.91207025148671,
162,26,"vii",3,7.20787563067529,3.88245695387891,"vii",3,7.20787563067529,3.88245695387891,
162,27,"#io",1,6.73536989608108,5.37387134302661,"-I",1,6.78191248201811,5.37387134302661,0.046542585937031
162,28,"#io",1,7.11217055761599,4.25394060589979,"#io",1,6.58424670063657,5.21958671453436,
162,29,"V",1,2.60866028002009,4.25394060589979,"V",1,2.60866028002009,4.25394060589979,
162,30,"I",2,5.10819472913343,5.28179427721798,"I",2,5.10819472913343,5.28179427721798,
162,31,"I",2,4.50750976580657,5.45489656882738,"I",2,4.50750976580657,5.45489656882738,
162,32,"iv",3,5.24207069942904,5.35575359877211,"iv",3,5.24207069942904,5.35575359877211,
,,,,,,,,,,
163,23,"V",5,3.24316910000851,4.49591193161619,"V",5,3.24316910000851,4.49591193161619,
163,24,"I",5,2.27348102634849,4.50862641594303,"I",5,2.27348102634849,4.50862641594303,
163,25,"#io",5,7.4374051515395,3.91207025148671,"#io",5,7.4374051515395,3.91207025148671,
163,26,"vii",3,7.20787563067529,3.88245695387891,"vii",3,7.20787563067529,3.88245695387891,
163,27,"#io",1,6.73536989608108,5.37387134302661,"#io",1,6.73536989608108,5.37387134302661,
163,28,"#io",1,7.11217055761599,4.25394060589979,"#vo",1,7.15871314355302,4.25394060589979,0.046542585937031
163,29,"V",1,2.60866028002009,4.25394060589979,"V",1,6.58414552632881,3.84881637141891,
163,30,"I",2,5.10819472913343,5.28179427721798,"I",1,4.8860650492582,5.46956356854853,
163,31,"I",2,4.50750976580657,5.45489656882738,"I",2,4.50750976580657,5.45489656882738,
163,32,"iv",3,5.24207069942904,5.35575359877211,"iv",3,5.24207069942904,5.35575359877211,
163,33,"i",4,6.29015841478751,4.6189632082906,"i",4,6.29015841478751,4.6189632082906,
,,,,,,,,,,
164,23,"V",5,3.24316910000851,4.49591193161619,"V",5,3.24316910000851,4.49591193161619,
164,24,"I",5,2.27348102634849,4.50862641594303,"I",5,2.27348102634849,4.50862641594303,
164,25,"#io",5,7.4374051515395,3.91207025148671,"#io",5,7.4374051515395,3.91207025148671,
164,26,"vii",3,7.20787563067529,3.88245695387891,"vii",3,7.20787563067529,3.88245695387891,
164,27,"#io",1,6.73536989608108,5.37387134302661,"#io",1,6.73536989608108,5.37387134302661,
164,28,"#io",1,7.11217055761599,4.25394060589979,"#V",1,7.15871314355302,4.25394060589979,0.046542585937031
164,29,"V",1,2.60866028002009,4.25394060589979,"V",1,6.18023349770079,5.10847873297974,
164,30,"I",2,5.10819472913343,5.28179427721798,"I",1,4.8860650492582,5.46956356854853,
164,31,"I",2,4.50750976580657,5.45489656882738,"I",2,4.50750976580657,5.45489656882738,
164,32,"iv",3,5.24207069942904,5.35575359877211,"iv",3,5.24207069942904,5.35575359877211,
164,33,"i",4,6.29015841478751,4.6189632082906,"i",4,6.29015841478751,4.6189632082906,
,,,,,,,,,,
165,23,"V",5,3.24316910000851,4.49591193161619,"V",5,3.24316910000851,4.49591193161619,
165,24,"I",5,2.27348102634849,4.50862641594303,"I",5,2.27348102634849,4.50862641594303,
165,25,"#io",5,7.4374051515395,3.91207025148671,"#io",5,7.4374051515395,3.91207025148671,
165,26,"vii",3,7.20787563067529,3.88245695387891,"vii",3,7.20787563067529,3.88245695387891,
165,27,"#io",1,6.73536989608108,5.37387134302661,"#io",1,6.73536989608108,5.37387134302661,
165,28,"#io",1,7.11217055761599,4.25394060589979,"I+",1,7.15871314355302,4.25394060589979,0.046542585937031
165,29,"V",1,2.60866028002009,4.25394060589979,"V",1,6.23195157998084,4.94908876477853,
165,30,"I",2,5.10819472913343,5.28179427721798,"I",1,4.8860650492582,5.46956356854853,
165,31,"I",2,4.50750976580657,5.45489656882738,"I",2,4.50750976580657,5.45489656882738,
165,32,"iv",3,5.24207069942904,5.35575359877211,"iv",3,5.24207069942904,5.35575359877211,
165,33,"i",4,6.29015841478751,4.6189632082906,"i",4,6.29015841478751,4.6189632082906,
,,,,,,,,,,
166,23,"V",5,3.24316910000851,4.49591193161619,"V",5,3.24316910000851,4.49591193161619,
166,24,"I",5,2.27348102634849,4.50862641594303,"I",5,2.27348102634849,4.50862641594303,
166,25,"#io",5,7.4374051515395,3.91207025148671,"#io",5,7.4374051515395,3.91207025148671,
166,26,"vii",3,7.20787563067529,3.88245695387891,"vii",3,7.20787563067529,3.88245695387891,
166,27,"#io",1,6.73536989608108,5.37387134302661,"#io",1,6.73536989608108,5.37387134302661,
166,28,"#io",1,7.11217055761599,4.25394060589979,"-ii",1,7.15871314355302,4.25394060589979,0.046542585937031
166,29,"V",1,2.60866028002009,4.25394060589979,"V",1,6.18444417283906,5.10713857660311,
166,30,"I",2,5.10819472913343,5.28179427721798,"I",1,4.8860650492582,5.46956356854853,
166,31,"I",2,4.50750976580657,5.45489656882738,"I",2,4.50750976580657,5.45489656882738,
166,32,"iv",3,5.24207069942904,5.35575359877211,"iv",3,5.24207069942904,5.35575359877211,
166,33,"i",4,6.29015841478751,4.6189632082906,"i",4,6.29015841478751,4.6189632082906,
,,,,,,,,,,
167,23,"V",5,3.24316910000851,4.49591193161619,"V",5,3.24316910000851,4.49591193161619,
167,24,"I",5,2.27348102634849,4.50862641594303,"I",5,2.27348102634849,4.50862641594303,
167,25,"#io",5,7.4374051515395,3.91207025148671,"#io",5,7.4374051515395,3.91207025148671,
167,26,"vii",3,7.20787563067529,3.88245695387891,"vii",3,7.20787563067529,3.88245695387891,
167,27,"#io",1,6.73536989608108,5.37387134302661,"#io",1,6.73536989608108,5.37387134302661,
167,28,"#io",1,7.11217055761599,4.25394060589979,"-I",1,7.15871314355302,4.25394060589979,0.046542585937031
167,29,"V",1,2.60866028002009,4.25394060589979,"V",1,3.48827764210585,5.21958671453436,
167,30,"I",2,5.10819472913343,5.28179427721798,"I",2,5.11160768587829,5.15902600699961,
167,31,"I",2,4.50750976580657,5.45489656882738,"I",2,4.50750976580657,5.45489656882738,
167,32,"iv",3,5.24207069942904,5.35575359877211,"iv",3,5.24207069942904,5.35575359877211,
167,33,"i",4,6.29015841478751,4.6189632082906,"i",4,6.29015841478751,4.6189632082906,
,,,,,,,,,,
168,47,"II",4,1.84470195563592,4.5698028738094,"II",4,1.84470195563592,4.5698028738094,
168,48,"V",5,3.24316910000851,4.49591193161619,"V",5,3.24316910000851,4.49591193161619,
168,49,"I",5,2.27348102634849,4.50862641594303,"I",5,2.27348102634849,4.50862641594303,
168,50,"#io",5,7.4374051515395,3.91207025148671,"#io",5,7.4374051515395,3.91207025148671,
168,51,"vii",3,7.20787563067529,3.88245695387891,"vii",3,7.20787563067529,3.88245695387891,
168,52,"#io",1,6.73536989608108,5.37387134302661,"#vo",1,6.78191248201811,5.37387134302661,0.046542585937031
168,53,"#io",1,7.11217055761599,4.25394060589979,"#io",1,7.13042755888591,3.84881637141891,
168,54,"V",1,2.60866028002009,4.25394060589979,"V",1,2.60866028002009,4.25394060589979,
168,55,"I",2,5.10819472913343,5.28179427721798,"I",2,5.10819472913343,5.28179427721798,
168,56,"I",2,4.50750976580657,5.45489656882738,"I",2,4.50750976580657,5.45489656882738,
168,57,"iv",3,5.24207069942904,5.35575359877211,"iv",3,5.24207069942904,5.35575359877211,
,,,,,,,,,,
169,47,"II",4,1.84470195563592,4.5698028738094,"II",4,1.84470195563592,4.5698028738094,
169,48,"V",5,3.24316910000851,4.49591193161619,"V",5,3.24316910000851,4.49591193161619,
169,49,"I",5,2.27348102634849,4.50862641594303,"I",5,2.27348102634849,4.50862641594303,
169,50,"#io",5,7.4374051515395,3.91207025148671,"#io",5,7.4374051515395,3.91207025148671,
169,51,"vii",3,7.20787563067529,3.88245695387891,"vii",3,7.20787563067529,3.88245695387891,
169,52,"#io",1,6.73536989608108,5.37387134302661,"#V",1,6.78191248201811,5.37387134302661,0.046542585937031
169,53,"#io",1,7.11217055761599,4.25394060589979,"#io",1,6.72651553025789,5.10847873297974,
169,54,"V",1,2.60866028002009,4.25394060589979,"V",1,2.60866028002009,4.25394060589979,
169,55,"I",2,5.10819472913343,5.28179427721798,"I",2,5.10819472913343,5.28179427721798,
169,56,"I",2,4.50750976580657,5.45489656882738,"I",2,4.50750976580657,5.45489656882738,
169,57,"iv",3,5.24207069942904,5.35575359877211,"iv",3,5.24207069942904,5.35575359877211,
,,,,,,,,,,
170,47,"II",4,1.84470195563592,4.5698028738094,"II",4,1.84470195563592,4.5698028738094,
170,48,"V",5,3.24316910000851,4.49591193161619,"V",5,3.24316910000851,4.49591193161619,
170,49,"I",5,2.27348102634849,4.50862641594303,"I",5,2.27348102634849,4.50862641594303,
170,50,"#io",5,7.4374051515395,3.91207025148671,"#io",5,7.4374051515395,3.91207025148671,
170,51,"vii",3,7.20787563067529,3.88245695387891,"vii",3,7.20787563067529,3.88245695387891,
170,52,"#io",1,6.73536989608108,5.37387134302661,"I+",1,6.78191248201811,5.37387134302661,0.046542585937031
170,53,"#io",1,7.11217055761599,4.25394060589979,"#io",1,6.77823361253794,4.94908876477853,
170,54,"V",1,2.60866028002009,4.25394060589979,"V",1,2.60866028002009,4.25394060589979,
170,55,"I",2,5.10819472913343,5.28179427721798,"I",2,5.10819472913343,5.28179427721798,
170,56,"I",2,4.50750976580657,5.45489656882738,"I",2,4.50750976580657,5.45489656882738,
170,57,"iv",3,5.24207069942904,5.35575359877211,"iv",3,5.24207069942904,5.35575359877211,
,,,,,,,,,,
171,47,"II",4,1.84470195563592,4.5698028738094,"II",4,1.84470195563592,4.5698028738094,
171,48,"V",5,3.24316910000851,4.49591193161619,"V",5,3.24316910000851,4.49591193161619,
171,49,"I",5,2.27348102634849,4.50862641594303,"I",5,2.27348102634849,4.50862641594303,
171,50,"#io",5,7.4374051515395,3.91207025148671,"#io",5,7.4374051515395,3.91207025148671,
171,51,"vii",3,7.20787563067529,3.88245695387891,"vii",3,7.20787563067529,3.88245695387891,
171,52,"#io",1,6.73536989608108,5.37387134302661,"-ii",1,6.78191248201811,5.37387134302661,0.046542585937031
171,53,"#io",1,7.11217055761599,4.25394060589979,"#io",1,6.73072620539615,5.10713857660311,
171,54,"V",1,2.60866028002009,4.25394060589979,"V",1,2.60866028002009,4.25394060589979,
171,55,"I",2,5.10819472913343,5.28179427721798,"I",2,5.10819472913343,5.28179427721798,
171,56,"I",2,4.50750976580657,5.45489656882738,"I",2,4.50750976580657,5.45489656882738,
171,57,"iv",3,5.24207069942904,5.35575359877211,"iv",3,5.24207069942904,5.35575359877211,
,,,,,,,,,,
172,47,"II",4,1.84470195563592,4.5698028738094,"II",4,1.84470195563592,4.5698028738094,
172,48,"V",5,3.24316910000851,4.49591193161619,"V",5,3.24316910000851,4.49591193161619,
172,49,"I",5,2.27348102634849,4.50862641594303,"I",5,2.27348102634849,4.50862641594303,
172,50,"#io",5,7.4374051515395,3.91207025148671,"#io",5,7.4374051515395,3.91207025148671,
172,51,"vii",3,7.20787563067529,3.88245695387891,"vii",3,7.20787563067529,3.88245695387891,
172,52,"#io",1,6.73536989608108,5.37387134302661,"-I",1,6.78191248201811,5.37387134302661,0.046542585937031
172,53,"#io",1,7.11217055761599,4.25394060589979,"#io",1,6.58424670063657,5.21958671453436,
172,54,"V",1,2.60866028002009,4.25394060589979,"V",1,2.60866028002009,4.25394060589979,
172,55,"I",2,5.10819472913343,5.28179427721798,"I",2,5.10819472913343,5.28179427721798,
172,56,"I",2,4.50750976580657,5.45489656882738,"I",2,4.50750976580657,5.45489656882738,
172,57,"iv",3,5.24207069942904,5.35575359877211,"iv",3,5.24207069942904,5.35575359877211,
,,,,,,,,,,
173,48,"V",5,3.24316910000851,4.49591193161619,"V",5,3.24316910000851,4.49591193161619,
173,49,"I",5,2.27348102634849,4.50862641594303,"I",5,2.27348102634849,4.50862641594303,
173,50,"#io",5,7.4374051515395,3.91207025148671,"#io",5,7.4374051515395,3.91207025148671,
173,51,"vii",3,7.20787563067529,3.88245695387891,"vii",3,7.20787563067529,3.88245695387891,
173,52,"#io",1,6.73536989608108,5.37387134302661,"#io",1,6.73536989608108,5.37387134302661,
173,53,"#io",1,7.11217055761599,4.25394060589979,"#vo",1,7.15871314355302,4.25394060589979,0.046542585937031
173,54,"V",1,2.60866028002009,4.25394060589979,"V",1,6.58414552632881,3.84881637141891,
173,55,"I",2,5.10819472913343,5.28179427721798,"I",1,4.8860650492582,5.46956356854853,
173,56,"I",2,4.50750976580657,5.45489656882738,"I",2,4.50750976580657,5.45489656882738,
173,57,"iv",3,5.24207069942904,5.35575359877211,"iv",3,5.24207069942904,5.35575359877211,
173,58,"i",4,6.29015841478751,4.6189632082906,"i",4,6.29015841478751,4.6189632082906,
,,,,,,,,,,
174,48,"V",5,3.24316910000851,4.49591193161619,"V",5,3.24316910000851,4.49591193161619,
174,49,"I",5,2.27348102634849,4.50862641594303,"I",5,2.27348102634849,4.50862641594303,
174,50,"#io",5,7.4374051515395,3.91207025148671,"#io",5,7.4374051515395,3.91207025148671,
174,51,"vii",3,7.20787563067529,3.88245695387891,"vii",3,7.20787563067529,3.88245695387891,
174,52,"#io",1,6.73536989608108,5.37387134302661,"#io",1,6.73536989608108,5.37387134302661,
174,53,"#io",1,7.11217055761599,4.25394060589979,"#V",1,7.15871314355302,4.25394060589979,0.046542585937031
174,54,"V",1,2.60866028002009,4.25394060589979,"V",1,6.18023349770079,5.10847873297974,
174,55,"I",2,5.10819472913343,5.28179427721798,"I",1,4.8860650492582,5.46956356854853,
174,56,"I",2,4.50750976580657,5.45489656882738,"I",2,4.50750976580657,5.45489656882738,
174,57,"iv",3,5.24207069942904,5.35575359877211,"iv",3,5.24207069942904,5.35575359877211,
174,58,"i",4,6.29015841478751,4.6189632082906,"i",4,6.29015841478751,4.6189632082906,
,,,,,,,,,,
175,48,"V",5,3.24316910000851,4.49591193161619,"V",5,3.24316910000851,4.49591193161619,
175,49,"I",5,2.27348102634849,4.50862641594303,"I",5,2.27348102634849,4.50862641594303,
175,50,"#io",5,7.4374051515395,3.91207025148671,"#io",5,7.4374051515395,3.91207025148671,
175,51,"vii",3,7.20787563067529,3.88245695387891,"vii",3,7.20787563067529,3.88245695387891,
175,52,"#io",1,6.73536989608108,5.37387134302661,"#io",1,6.73536989608108,5.37387134302661,
175,53,"#io",1,7.11217055761599,4.25394060589979,"I+",1,7.15871314355302,4.25394060589979,0.046542585937031
175,54,"V",1,2.60866028002009,4.25394060589979,"V",1,6.23195157998084,4.94908876477853,
175,55,"I",2,5.10819472913343,5.28179427721798,"I",1,4.8860650492582,5.46956356854853,
175,56,"I",2,4.50750976580657,5.45489656882738,"I",2,4.50750976580657,5.45489656882738,
175,57,"iv",3,5.24207069942904,5.35575359877211,"iv",3,5.24207069942904,5.35575359877211,
175,58,"i",4,6.29015841478751,4.6189632082906,"i",4,6.29015841478751,4.6189632082906,
,,,,,,,,,,
176,48,"V",5,3.24316910000851,4.49591193161619,"V",5,3.24316910000851,4.49591193161619,
176,49,"I",5,2.27348102634849,4.50862641594303,"I",5,2.27348102634849,4.50862641594303,
176,50,"#io",5,7.4374051515395,3.91207025148671,"#io",5,7.4374051515395,3.91207025148671,
176,51,"vii",3,7.20787563067529,3.88245695387891,"vii",3,7.20787563067529,3.88245695387891,
176,52,"#io",1,6.73536989608108,5.37387134302661,"#io",1,6.73536989608108,5.37387134302661,
176,53,"#io",1,7.11217055761599,4.25394060589979,"-ii",1,7.15871314355302,4.25394060589979,0.046542585937031
176,54,"V",1,2.60866028002009,4.25394060589979,"V",1,6.18444417283906,5.10713857660311,
176,55,"I",2,5.10819472913343,5.28179427721798,"I",1,4.8860650492582,5.46956356854853,
176,56,"I",2,4.50750976580657,5.45489656882738,"I",2,4.50750976580657,5.45489656882738,
176,57,"iv",3,5.24207069942904,5.35575359877211,"iv",3,5.24207069942904,5.35575359877211,
176,58,"i",4,6.29015841478751,4.6189632082906,"i",4,6.29015841478751,4.6189632082906,
,,,,,,,,,,
177,48,"V",5,3.24316910000851,4.49591193161619,"V",5,3.24316910000851,4.49591193161619,
177,49,"I",5,2.27348102634849,4.50862641594303,"I",5,2.27348102634849,4.50862641594303,
177,50,"#io",5,7.4374051515395,3.91207025148671,"#io",5,7.4374051515395,3.91207025148671,
177,51,"vii",3,7.20787563067529,3.88245695387891,"vii",3,7.20787563067529,3.88245695387891,
177,52,"#io",1,6.73536989608108,5.37387134302661,"#io",1,6.73536989608108,5.37387134302661,
177,53,"#io",1,7.11217055761599,4.25394060589979,"-I",1,7.15871314355302,4.25394060589979,0.046542585937031
177,54,"V",1,2.60866028002009,4.25394060589979,"V",1,3.48827764210585,5.21958671453436,
177,55,"I",2,5.10819472913343,5.28179427721798,"I",2,5.11160768587829,5.15902600699961,
177,56,"I",2,4.50750976580657,5.45489656882738,"I",2,4.50750976580657,5.45489656882738,
177,57,"iv",3,5.24207069942904,5.35575359877211,"iv",3,5.24207069942904,5.35575359877211,
177,58,"i",4,6.29015841478751,4.6189632082906,"i",4,6.29015841478751,4.6189632082906,
,,,,,,,,,,
178,78,"II",4,1.84470195563592,4.5698028738094,"II",4,1.84470195563592,4.5698028738094,
178,79,"V",5,3.24316910000851,4.49591193161619,"V",5,3.24316910000851,4.49591193161619,
178,80,"I",5,2.27348102634849,4.50862641594303,"I",5,2.27348102634849,4.50862641594303,
178,81,"#io",5,7.4374051515395,3.91207025148671,"#io",5,7.4374051515395,3.91207025148671,
178,82,"vii",3,7.20787563067529,3.88245695387891,"vii",3,7.20787563067529,3.88245695387891,
178,83,"#io",1,6.73536989608108,5.37387134302661,"#vo",1,6.78191248201811,5.37387134302661,0.046542585937031
178,84,"#io",1,7.11217055761599,4.25394060589979,"#io",1,7.13042755888591,3.84881637141891,
178,85,"VII",1,6.96016746417094,4.25394060589979,"VII",1,6.96016746417094,4.25394060589979,
178,86,"III",1,4.94929138986516,5.35241960075509,"III",1,4.94929138986516,5.35241960075509,
178,87,"VI",2,5.29057463595965,4.48938756125396,"VI",2,5.29057463595965,4.48938756125396,
178,88,"II",2,4.09933569298607,5.13032405207678,"II",2,4.09933569298607,5.13032405207678,
,,,,,,,,,,
179,78,"II",4,1.84470195563592,4.5698028738094,"II",4,1.84470195563592,4.5698028738094,
179,79,"V",5,3.24316910000851,4.49591193161619,"V",5,3.24316910000851,4.49591193161619,
179,80,"I",5,2.27348102634849,4.50862641594303,"I",5,2.27348102634849,4.50862641594303,
179,81,"#io",5,7.4374051515395,3.91207025148671,"#io",5,7.4374051515395,3.91207025148671,
179,82,"vii",3,7.20787563067529,3.88245695387891,"vii",3,7.20787563067529,3.88245695387891,
179,83,"#io",1,6.73536989608108,5.37387134302661,"#V",1,6.78191248201811,5.37387134302661,0.046542585937031
179,84,"#io",1,7.11217055761599,4.25394060589979,"#io",1,6.72651553025789,5.10847873297974,
179,85,"VII",1,6.96016746417094,4.25394060589979,"VII",1,6.96016746417094,4.25394060589979,
179,86,"III",1,4.94929138986516,5.35241960075509,"III",1,4.94929138986516,5.35241960075509,
179,87,"VI",2,5.29057463595965,4.48938756125396,"VI",2,5.29057463595965,4.48938756125396,
179,88,"II",2,4.09933569298607,5.13032405207678,"II",2,4.09933569298607,5.13032405207678,
,,,,,,,,,,
180,78,"II",4,1.84470195563592,4.5698028738094,"II",4,1.84470195563592,4.5698028738094,
180,79,"V",5,3.24316910000851,4.49591193161619,"V",5,3.24316910000851,4.49591193161619,
180,80,"I",5,2.27348102634849,4.50862641594303,"I",5,2.27348102634849,4.50862641594303,
180,81,"#io",5,7.4374051515395,3.91207025148671,"#io",5,7.4374051515395,3.91207025148671,
180,82,"vii",3,7.20787563067529,3.88245695387891,"vii",3,7.20787563067529,3.88245695387891,
180,83,"#io",1,6.73536989608108,5.37387134302661,"I+",1,6.78191248201811,5.37387134302661,0.046542585937031
180,84,"#io",1,7.11217055761599,4.25394060589979,"#io",1,6.77823361253794,4.94908876477853,
180,85,"VII",1,6.96016746417094,4.25394060589979,"VII",1,6.96016746417094,4.25394060589979,
180,86,"III",1,4.94929138986516,5.35241960075509,"III",1,4.94929138986516,5.35241960075509,
180,87,"VI",2,5.29057463595965,4.48938756125396,"VI",2,5.29057463595965,4.48938756125396,
180,88,"II",2,4.09933569298607,5.13032405207678,"II",2,4.09933569298607,5.13032405207678,
,,,,,,,,,,
181,78,"II",4,1.84470195563592,4.5698028738094,"II",4,1.84470195563592,4.5698028738094,
181,79,"V",5,3.24316910000851,4.49591193161619,"V",5,3.24316910000851,4.49591193161619,
181,80,"I",5,2.27348102634849,4.50862641594303,"I",5,2.27348102634849,4.50862641594303,
181,81,"#io",5,7.4374051515395,3.91207025148671,"#io",5,7.4374051515395,3.91207025148671,
181,82,"vii",3,7.20787563067529,3.88245695387891,"vii",3,7.20787563067529,3.88245695387891,
181,83,"#io",1,6.73536989608108,5.37387134302661,"-ii",1,6.78191248201811,5.37387134302661,0.046542585937031
181,84,"#io",1,7.11217055761599,4.25394060589979,"#io",1,6.73072620539615,5.10713857660311,
181,85,"VII",1,6.96016746417094,4.25394060589979,"VII",1,6.96016746417094,4.25394060589979,
181,86,"III",1,4.94929138986516,5.35241960075509,"III",1,4.94929138986516,5.35241960075509,
181,87,"VI",2,5.29057463595965,4.48938756125396,"VI",2,5.29057463595965,4.48938756125396,
181,88,"II",2,4.09933569298607,5.13032405207678,"II",2,4.09933569298607,5.13032405207678,
,,,,,,,,,,
182,78,"II",4,1.84470195563592,4.5698028738094,"II",4,1.84470195563592,4.5698028738094,
182,79,"V",5,3.24316910000851,4.49591193161619,"V",5,3.24316910000851,4.49591193161619,
182,80,"I",5,2.27348102634849,4.50862641594303,"I",5,2.27348102634849,4.50862641594303,
182,81,"#io",5,7.4374051515395,3.91207025148671,"#io",5,7.4374051515395,3.91207025148671,
182,82,"vii",3,7.20787563067529,3.88245695387891,"vii",3,7.20787563067529,3.88245695387891,
182,83,"#io",1,6.73536989608108,5.37387134302661,"-I",1,6.78191248201811,5.37387134302661,0.046542585937031
182,84,"#io",1,7.11217055761599,4.25394060589979,"#io",1,6.58424670063657,5.21958671453436,
182,85,"VII",1,6.96016746417094,4.25394060589979,"VII",1,6.96016746417094,4.25394060589979,
182,86,"III",1,4.94929138986516,5.35241960075509,"III",1,4.94929138986516,5.35241960075509,
182,87,"VI",2,5.29057463595965,4.48938756125396,"VI",2,5.29057463595965,4.48938756125396,
182,88,"II",2,4.09933569298607,5.13032405207678,"II",2,4.09933569298607,5.13032405207678,
,,,,,,,,,,
183,79,"V",5,3.24316910000851,4.49591193161619,"V",5,3.24316910000851,4.49591193161619,
183,80,"I",5,2.27348102634849,4.50862641594303,"I",5,2.27348102634849,4.50862641594303,
183,81,"#io",5,7.4374051515395,3.91207025148671,"#io",5,7.4374051515395,3.91207025148671,
183,82,"vii",3,7.20787563067529,3.88245695387891,"vii",3,7.20787563067529,3.88245695387891,
183,83,"#io",1,6.73536989608108,5.37387134302661,"#io",1,6.73536989608108,5.37387134302661,
183,84,"#io",1,7.11217055761599,4.25394060589979,"#vo",1,7.15871314355302,4.25394060589979,0.046542585937031
183,85,"VII",1,6.96016746417094,4.25394060589979,"VII",1,6.97842446544086,3.84881637141891,
183,86,"III",1,4.94929138986516,5.35241960075509,"III",1,4.94929138986516,5.35241960075509,
183,87,"VI",2,5.29057463595965,4.48938756125396,"VI",2,5.29057463595965,4.48938756125396,
183,88,"II",2,4.09933569298607,5.13032405207678,"II",2,4.09933569298607,5.13032405207678,
183,89,"VI",3,4.41383215898672,4.59862581504416,"VI",3,4.41383215898672,4.59862581504416,
,,,,,,,,,,
184,79,"V",5,3.24316910000851,4.49591193161619,"V",5,3.24316910000851,4.49591193161619,
184,80,"I",5,2.27348102634849,4.50862641594303,"I",5,2.27348102634849,4.50862641594303,
184,81,"#io",5,7.4374051515395,3.91207025148671,"#io",5,7.4374051515395,3.91207025148671,
184,82,"vii",3,7.20787563067529,3.88245695387891,"vii",3,7.20787563067529,3.88245695387891,
184,83,"#io",1,6.73536989608108,5.37387134302661,"#io",1,6.73536989608108,5.37387134302661,
184,84,"#io",1,7.11217055761599,4.25394060589979,"#V",1,7.15871314355302,4.25394060589979,0.046542585937031
184,85,"VII",1,6.96016746417094,4.25394060589979,"VII",1,6.57451243681284,5.10847873297974,
184,86,"III",1,4.94929138986516,5.35241960075509,"III",1,4.94929138986516,5.35241960075509,
184,87,"VI",2,5.29057463595965,4.48938756125396,"VI",2,5.29057463595965,4.48938756125396,
184,88,"II",2,4.09933569298607,5.13032405207678,"II",2,4.09933569298607,5.13032405207678,
184,89,"VI",3,4.41383215898672,4.59862581504416,"VI",3,4.41383215898672,4.59862581504416,
,,,,,,,,,,
185,79,"V",5,3.24316910000851,4.49591193161619,"V",5,3.24316910000851,4.49591193161619,
185,80,"I",5,2.27348102634849,4.50862641594303,"I",5,2.27348102634849,4.50862641594303,
185,81,"#io",5,7.4374051515395,3.91207025148671,"#io",5,7.4374051515395,3.91207025148671,
185,82,"vii",3,7.20787563067529,3.88245695387891,"vii",3,7.20787563067529,3.88245695387891,
185,83,"#io",1,6.73536989608108,5.37387134302661,"#io",1,6.73536989608108,5.37387134302661,
185,84,"#io",1,7.11217055761599,4.25394060589979,"I+",1,7.15871314355302,4.25394060589979,0.046542585937031
185,85,"VII",1,6.96016746417094,4.25394060589979,"VII",1,6.62623051909289,4.94908876477853,
185,86,"III",1,4.94929138986516,5.35241960075509,"III",1,4.94929138986516,5.35241960075509,
185,87,"VI",2,5.29057463595965,4.48938756125396,"VI",2,5.29057463595965,4.48938756125396,
185,88,"II",2,4.09933569298607,5.13032405207678,"II",2,4.09933569298607,5.13032405207678,
185,89,"VI",3,4.41383215898672,4.59862581504416,"VI",3,4.41383215898672,4.59862581504416,
,,,,,,,,,,
186,79,"V",5,3.24316910000851,4.49591193161619,"V",5,3.24316910000851,4.49591193161619,
186,80,"I",5,2.27348102634849,4.50862641594303,"I",5,2.27348102634849,4.50862641594303,
186,81,"#io",5,7.4374051515395,3.91207025148671,"#io",5,7.4374051515395,3.91207025148671,
186,82,"vii",3,7.20787563067529,3.88245695387891,"vii",3,7.20787563067529,3.88245695387891,
186,83,"#io",1,6.73536989608108,5.37387134302661,"#io",1,6.73536989608108,5.37387134302661,
186,84,"#io",1,7.11217055761599,4.25394060589979,"-ii",1,7.15871314355302,4.25394060589979,0.046542585937031
186,85,"VII",1,6.96016746417094,4.25394060589979,"VII",1,6.5787231119511,5.10713857660311,
186,86,"III",1,4.94929138986516,5.35241960075509,"III",1,4.94929138986516,5.35241960075509,
186,87,"VI",2,5.29057463595965,4.48938756125396,"VI",2,5.29057463595965,4.48938756125396,
186,88,"II",2,4.09933569298607,5.13032405207678,"II",2,4.09933569298607,5.13032405207678,
186,89,"VI",3,4.41383215898672,4.59862581504416,"VI",3,4.41383215898672,4.59862581504416,
,,,,,,,,,,
187,79,"V",5,3.24316910000851,4.49591193161619,"V",5,3.24316910000851,4.49591193161619,
187,80,"I",5,2.27348102634849,4.50862641594303,"I",5,2.27348102634849,4.50862641594303,
187,81,"#io",5,7.4374051515395,3.91207025148671,"#io",5,7.4374051515395,3.91207025148671,
187,82,"vii",3,7.20787563067529,3.88245695387891,"vii",3,7.20787563067529,3.88245695387891,
187,83,"#io",1,6.73536989608108,5.37387134302661,"#io",1,6.73536989608108,5.37387134302661,
187,84,"#io",1,7.11217055761599,4.25394060589979,"-I",1,7.15871314355302,4.25394060589979,0.046542585937031
187,85,"VII",1,6.96016746417094,4.25394060589979,"VII",1,6.43224360719152,5.21958671453436,
187,86,"III",1,4.94929138986516,5.35241960075509,"III",1,4.94929138986516,5.35241960075509,
187,87,"VI",2,5.29057463595965,4.48938756125396,"VI",2,5.29057463595965,4.48938756125396,
187,88,"II",2,4.09933569298607,5.13032405207678,"II",2,4.09933569298607,5.13032405207678,
187,89,"VI",3,4.41383215898672,4.59862581504416,"VI",3,4.41383215898672,4.59862581504416,
,,,,,,,,,,
188,90,"II",3,2.70399057299607,4.97850199558676,"II",3,2.70399057299607,4.97850199558676,
188,91,"-VI",4,6.51003108819735,4.88113787240782,"-VI",4,6.51003108819735,4.88113787240782,
188,92,"-II",2,5.92704446074321,5.16782341190319,"-II",2,5.92704446074321,5.16782341190319,
188,93,"#io",2,6.98923679378414,5.03211245088812,"#io",2,6.98923679378414,5.03211245088812,
188,94,"vii",1,7.00198763986557,4.25394060589979,"vii",1,7.00198763986557,4.25394060589979,
188,95,"#io",1,6.73536989608108,5.37387134302661,"#vo",1,6.78191248201811,5.37387134302661,0.046542585937031
188,96,"#io",1,7.11217055761599,4.25394060589979,"#io",1,7.13042755888591,3.84881637141891,
188,97,"V",1,2.60866028002009,4.25394060589979,"V",1,2.60866028002009,4.25394060589979,
188,98,"I",2,5.10819472913343,5.28179427721798,"I",2,5.10819472913343,5.28179427721798,
188,99,"I",2,4.50750976580657,5.45489656882738,"I",2,4.50750976580657,5.45489656882738,
188,100,"iv",3,5.24207069942904,5.35575359877211,"iv",3,5.24207069942904,5.35575359877211,
,,,,,,,,,,
189,90,"II",3,2.70399057299607,4.97850199558676,"II",3,2.70399057299607,4.97850199558676,
189,91,"-VI",4,6.51003108819735,4.88113787240782,"-VI",4,6.51003108819735,4.88113787240782,
189,92,"-II",2,5.92704446074321,5.16782341190319,"-II",2,5.92704446074321,5.16782341190319,
189,93,"#io",2,6.98923679378414,5.03211245088812,"#io",2,6.98923679378414,5.03211245088812,
189,94,"vii",1,7.00198763986557,4.25394060589979,"vii",1,7.00198763986557,4.25394060589979,
189,95,"#io",1,6.73536989608108,5.37387134302661,"#V",1,6.78191248201811,5.37387134302661,0.046542585937031
189,96,"#io",1,7.11217055761599,4.25394060589979,"#io",1,6.72651553025789,5.10847873297974,
189,97,"V",1,2.60866028002009,4.25394060589979,"V",1,2.60866028002009,4.25394060589979,
189,98,"I",2,5.10819472913343,5.28179427721798,"I",2,5.10819472913343,5.28179427721798,
189,99,"I",2,4.50750976580657,5.45489656882738,"I",2,4.50750976580657,5.45489656882738,
189,100,"iv",3,5.24207069942904,5.35575359877211,"iv",3,5.24207069942904,5.35575359877211,
,,,,,,,,,,
190,90,"II",3,2.70399057299607,4.97850199558676,"II",3,2.70399057299607,4.97850199558676,
190,91,"-VI",4,6.51003108819735,4.88113787240782,"-VI",4,6.51003108819735,4.88113787240782,
190,92,"-II",2,5.92704446074321,5.16782341190319,"-II",2,5.92704446074321,5.16782341190319,
190,93,"#io",2,6.98923679378414,5.03211245088812,"#io",2,6.98923679378414,5.03211245088812,
190,94,"vii",1,7.00198763986557,4.25394060589979,"vii",1,7.00198763986557,4.25394060589979,
190,95,"#io",1,6.73536989608108,5.37387134302661,"I+",1,6.78191248201811,5.37387134302661,0.046542585937031
190,96,"#io",1,7.11217055761599,4.25394060589979,"#io",1,6.77823361253794,4.94908876477853,
190,97,"V",1,2.60866028002009,4.25394060589979,"V",1,2.60866028002009,4.25394060589979,
190,98,"I",2,5.10819472913343,5.28179427721798,"I",2,5.10819472913343,5.28179427721798,
190,99,"I",2,4.50750976580657,5.45489656882738,"I",2,4.50750976580657,5.45489656882738,
190,100,"iv",3,5.24207069942904,5.35575359877211,"iv",3,5.24207069942904,5.35575359877211,
,,,,,,,,,,
191,90,"II",3,2.70399057299607,4.97850199558676,"II",3,2.70399057299607,4.97850199558676,
191,91,"-VI",4,6.51003108819735,4.88113787240782,"-VI",4,6.51003108819735,4.88113787240782,
191,92,"-II",2,5.92704446074321,5.16782341190319,"-II",2,5.92704446074321,5.16782341190319,
191,93,"#io",2,6.98923679378414,5.03211245088812,"#io",2,6.98923679378414,5.03211245088812,
191,94,"vii",1,7.00198763986557,4.25394060589979,"vii",1,7.00198763986557,4.25394060589979,
191,95,"#io",1,6.73536989608108,5.37387134302661,"-ii",1,6.78191248201811,5.37387134302661,0.046542585937031
191,96,"#io",1,7.11217055761599,4.25394060589979,"#io",1,6.73072620539615,5.10713857660311,
191,97,"V",1,2.60866028002009,4.25394060589979,"V",1,2.60866028002009,4.25394060589979,
191,98,"I",2,5.10819472913343,5.28179427721798,"I",2,5.10819472913343,5.28179427721798,
191,99,"I",2,4.50750976580657,5.45489656882738,"I",2,4.50750976580657,5.45489656882738,
191,100,"iv",3,5.24207069942904,5.35575359877211,"iv",3,5.24207069942904,5.35575359877211,
,,,,,,,,,,
192,90,"II",3,2.70399057299607,4.97850199558676,"II",3,2.70399057299607,4.97850199558676,
192,91,"-VI",4,6.51003108819735,4.88113787240782,"-VI",4,6.51003108819735,4.88113787240782,
192,92,"-II",2,5.92704446074321,5.16782341190319,"-II",2,5.92704446074321,5.16782341190319,
192,93,"#io",2,6.98923679378414,5.03211245088812,"#io",2,6.98923679378414,5.03211245088812,
192,94,"vii",1,7.00198763986557,4.25394060589979,"vii",1,7.00198763986557,4.25394060589979,
192,95,"#io",1,6.73536989608108,5.37387134302661,"-I",1,6.78191248201811,5.37387134302661,0.046542585937031
192,96,"#io",1,7.11217055761599,4.25394060589979,"#io",1,6.58424670063657,5.21958671453436,
192,97,"V",1,2.60866028002009,4.25394060589979,"V",1,2.60866028002009,4.25394060589979,
192,98,"I",2,5.10819472913343,5.28179427721798,"I",2,5.10819472913343,5.28179427721798,
192,99,"I",2,4.50750976580657,5.45489656882738,"I",2,4.50750976580657,5.45489656882738,
192,100,"iv",3,5.24207069942904,5.35575359877211,"iv",3,5.24207069942904,5.35575359877211,
,,,,,,,,,,
193,91,"-VI",4,6.51003108819735,4.88113787240782,"-VI",4,6.51003108819735,4.88113787240782,
193,92,"-II",2,5.92704446074321,5.16782341190319,"-II",2,5.92704446074321,5.16782341190319,
193,93,"#io",2,6.98923679378414,5.03211245088812,"#io",2,6.98923679378414,5.03211245088812,
193,94,"vii",1,7.00198763986557,4.25394060589979,"vii",1,7.00198763986557,4.25394060589979,
193,95,"#io",1,6.73536989608108,5.37387134302661,"#io",1,6.73536989608108,5.37387134302661,
193,96,"#io",1,7.11217055761599,4.25394060589979,"#vo",1,7.15871314355302,4.25394060589979,0.046542585937031
193,97,"V",1,2.60866028002009,4.25394060589979,"V",1,6.58414552632881,3.84881637141891,
193,98,"I",2,5.10819472913343,5.28179427721798,"I",1,4.8860650492582,5.46956356854853,
193,99,"I",2,4.50750976580657,5.45489656882738,"I",2,4.50750976580657,5.45489656882738,
193,100,"iv",3,5.24207069942904,5.35575359877211,"iv",3,5.24207069942904,5.35575359877211,
193,101,"I",4,3.7569489728767,4.6189632082906,"I",4,3.7569489728767,4.6189632082906,
,,,,,,,,,,
194,91,"-VI",4,6.51003108819735,4.88113787240782,"-VI",4,6.51003108819735,4.88113787240782,
194,92,"-II",2,5.92704446074321,5.16782341190319,"-II",2,5.92704446074321,5.16782341190319,
194,93,"#io",2,6.98923679378414,5.03211245088812,"#io",2,6.98923679378414,5.03211245088812,
194,94,"vii",1,7.00198763986557,4.25394060589979,"vii",1,7.00198763986557,4.25394060589979,
194,95,"#io",1,6.73536989608108,5.37387134302661,"#io",1,6.73536989608108,5.37387134302661,
194,96,"#io",1,7.11217055761599,4.25394060589979,"#V",1,7.15871314355302,4.25394060589979,0.046542585937031
194,97,"V",1,2.60866028002009,4.25394060589979,"V",1,6.18023349770079,5.10847873297974,
194,98,"I",2,5.10819472913343,5.28179427721798,"I",1,4.8860650492582,5.46956356854853,
194,99,"I",2,4.50750976580657,5.45489656882738,"I",2,4.50750976580657,5.45489656882738,
194,100,"iv",3,5.24207069942904,5.35575359877211,"iv",3,5.24207069942904,5.35575359877211,
194,101,"I",4,3.7569489728767,4.6189632082906,"I",4,3.7569489728767,4.6189632082906,
,,,,,,,,,,
195,91,"-VI",4,6.51003108819735,4.88113787240782,"-VI",4,6.51003108819735,4.88113787240782,
195,92,"-II",2,5.92704446074321,5.16782341190319,"-II",2,5.92704446074321,5.16782341190319,
195,93,"#io",2,6.98923679378414,5.03211245088812,"#io",2,6.98923679378414,5.03211245088812,
195,94,"vii",1,7.00198763986557,4.25394060589979,"vii",1,7.00198763986557,4.25394060589979,
195,95,"#io",1,6.73536989608108,5.37387134302661,"#io",1,6.73536989608108,5.37387134302661,
195,96,"#io",1,7.11217055761599,4.25394060589979,"I+",1,7.15871314355302,4.25394060589979,0.046542585937031
195,97,"V",1,2.60866028002009,4.25394060589979,"V",1,6.23195157998084,4.94908876477853,
195,98,"I",2,5.10819472913343,5.28179427721798,"I",1,4.8860650492582,5.46956356854853,
195,99,"I",2,4.50750976580657,5.45489656882738,"I",2,4.50750976580657,5.45489656882738,
195,100,"iv",3,5.24207069942904,5.35575359877211,"iv",3,5.24207069942904,5.35575359877211,
195,101,"I",4,3.7569489728767,4.6189632082906,"I",4,3.7569489728767,4.6189632082906,
,,,,,,,,,,
196,91,"-VI",4,6.51003108819735,4.88113787240782,"-VI",4,6.51003108819735,4.88113787240782,
196,92,"-II",2,5.92704446074321,5.16782341190319,"-II",2,5.92704446074321,5.16782341190319,
196,93,"#io",2,6.98923679378414,5.03211245088812,"#io",2,6.98923679378414,5.03211245088812,
196,94,"vii",1,7.00198763986557,4.25394060589979,"vii",1,7.00198763986557,4.25394060589979,
196,95,"#io",1,6.73536989608108,5.37387134302661,"#io",1,6.73536989608108,5.37387134302661,
196,96,"#io",1,7.11217055761599,4.25394060589979,"-ii",1,7.15871314355302,4.25394060589979,0.046542585937031
196,97,"V",1,2.60866028002009,4.25394060589979,"V",1,6.18444417283906,5.10713857660311,
196,98,"I",2,5.10819472913343,5.28179427721798,"I",1,4.8860650492582,5.46956356854853,
196,99,"I",2,4.50750976580657,5.45489656882738,"I",2,4.50750976580657,5.45489656882738,
196,100,"iv",3,5.24207069942904,5.35575359877211,"iv",3,5.24207069942904,5.35575359877211,
196,101,"I",4,3.7569489728767,4.6189632082906,"I",4,3.7569489728767,4.6189632082906,
,,,,,,,,,,
197,91,"-VI",4,6.51003108819735,4.88113787240782,"-VI",4,6.51003108819735,4.88113787240782,
197,92,"-II",2,5.92704446074321,5.16782341190319,"-II",2,5.92704446074321,5.16782341190319,
197,93,"#io",2,6.98923679378414,5.03211245088812,"#io",2,6.98923679378414,5.03211245088812,
197,94,"vii",1,7.00198763986557,4.25394060589979,"vii",1,7.00198763986557,4.25394060589979,
197,95,"#io",1,6.73536989608108,5.37387134302661,"#io",1,6.73536989608108,5.37387134302661,
197,96,"#io",1,7.11217055761599,4.25394060589979,"-I",1,7.15871314355302,4.25394060589979,0.046542585937031
197,97,"V",1,2.60866028002009,4.25394060589979,"V",1,3.48827764210585,5.21958671453436,
197,98,"I",2,5.10819472913343,5.28179427721798,"I",2,5.11160768587829,5.15902600699961,
197,99,"I",2,4.50750976580657,5.45489656882738,"I",2,4.50750976580657,5.45489656882738,
197,100,"iv",3,5.24207069942904,5.35575359877211,"iv",3,5.24207069942904,5.35575359877211,
197,101,"I",4,3.7569489728767,4.6189632082906,"I",4,3.7569489728767,4.6189632082906,
,,,,,,,,,,
198,5,"I",4,2.12191447975607,4.81224725179976,"I",4,2.12191447975607,4.81224725179976,
198,6,"I",5,3.98807420824608,4.69880730300448,"I",5,3.98807420824608,4.69880730300448,
198,7,"iv",5,4.50727034864588,5.07644553472119,"iv",5,4.50727034864588,5.07644553472119,
198,8,"i",5,6.82127444529731,3.62924707438769,"i",5,6.82127444529731,3.62924707438769,
198,9,"V",2,5.18918378288414,5.3088418137135,"V",2,5.18918378288414,5.3088418137135,
198,10,"iv",3,6.27237204783434,4.68444313455646,"VI",3,6.32386293380784,4.68444313455646,0.0514908859734984
198,11,"i",2,5.57395603738269,5.3100140433034,"i",2,6.0499923007314,5.17219166382819,
198,12,"V",2,5.18918378288414,5.3088418137135,"V",2,5.78381806030247,4.52099398273455,
198,13,"iv",3,6.27237204783434,4.68444313455646,"iv",2,5.99522172691141,5.18723940948589,
198,14,"i",2,5.57395603738269,5.3100140433034,"i",2,5.57395603738269,5.3100140433034,
198,15,"V",2,5.18918378288414,5.3088418137135,"V",2,5.18918378288414,5.3088418137135,
,,,,,,,,,,
199,8,"i",5,6.82127444529731,3.62924707438769,"i",5,6.82127444529731,3.62924707438769,
199,9,"V",2,5.18918378288414,5.3088418137135,"V",2,5.18918378288414,5.3088418137135,
199,10,"iv",3,6.27237204783434,4.68444313455646,"iv",3,6.27237204783434,4.68444313455646,
199,11,"i",2,5.57395603738269,5.3100140433034,"i",2,5.57395603738269,5.3100140433034,
199,12,"V",2,5.18918378288414,5.3088418137135,"V",2,5.18918378288414,5.3088418137135,
199,13,"iv",3,6.27237204783434,4.68444313455646,"VI",3,6.32386293380784,4.68444313455646,0.0514908859734984
199,14,"i",2,5.57395603738269,5.3100140433034,"i",2,6.0499923007314,5.17219166382819,
199,15,"V",2,5.18918378288414,5.3088418137135,"V",2,5.78381806030247,4.52099398273455,
199,16,"iv",3,6.27237204783434,4.68444313455646,"iv",2,5.99522172691141,5.18723940948589,
199,17,"IV",2,5.60871204458611,5.3100140433034,"IV",2,5.60871204458611,5.3100140433034,
199,18,"IV",2,4.25329499789397,5.30617909945223,"IV",2,4.25329499789397,5.30617909945223,
,,,,,,,,,,
200,11,"i",2,5.57395603738269,5.3100140433034,"i",2,5.57395603738269,5.3100140433034,
200,12,"V",2,5.18918378288414,5.3088418137135,"V",2,5.18918378288414,5.3088418137135,
200,13,"iv",3,6.27237204783434,4.68444313455646,"iv",3,6.27237204783434,4.68444313455646,
200,14,"i",2,5.57395603738269,5.3100140433034,"i",2,5.57395603738269,5.3100140433034,
200,15,"V",2,5.18918378288414,5.3088418137135,"V",2,5.18918378288414,5.3088418137135,
200,16,"iv",3,6.27237204783434,4.68444313455646,"VI",3,6.32386293380784,4.68444313455646,0.0514908859734984
200,17,"IV",2,5.60871204458611,5.3100140433034,"IV",2,4.77149315294836,5.17219166382819,
200,18,"IV",2,4.25329499789397,5.30617909945223,"IV",3,4.62875419121467,4.94161644277542,
200,19,"VI",3,6.5007459032126,4.96353334350538,"VI",3,6.40722293568939,5.13584739963369,
200,20,"II",2,3.92906308295182,5.08808905348547,"II",2,3.92906308295182,5.08808905348547,
200,21,"VI",3,1.91938901563152,4.59804125922297,"VI",3,1.91938901563152,4.59804125922297,
,,,,,,,,,,
201,30,"I",2,5.10819472913343,5.28179427721798,"I",2,5.10819472913343,5.28179427721798,
201,31,"I",2,4.50750976580657,5.45489656882738,"I",2,4.50750976580657,5.45489656882738,
201,32,"iv",3,5.24207069942904,5.35575359877211,"iv",3,5.24207069942904,5.35575359877211,
201,33,"i",4,6.29015841478751,4.6189632082906,"i",4,6.29015841478751,4.6189632082906,
201,34,"V",2,5.18918378288414,5.3088418137135,"V",2,5.18918378288414,5.3088418137135,
201,35,"iv",3,6.27237204783434,4.68444313455646,"VI",3,6.32386293380784,4.68444313455646,0.0514908859734984
201,36,"i",2,5.57395603738269,5.3100140433034,"i",2,6.0499923007314,5.17219166382819,
201,37,"V",2,5.18918378288414,5.3088418137135,"V",2,5.78381806030247,4.52099398273455,
201,38,"iv",3,6.27237204783434,4.68444313455646,"iv",2,5.99522172691141,5.18723940948589,
201,39,"i",2,5.57395603738269,5.3100140433034,"i",2,5.57395603738269,5.3100140433034,
201,40,"V",2,5.18918378288414,5.3088418137135,"V",2,5.18918378288414,5.3088418137135,
,,,,,,,,,,
202,33,"i",4,6.29015841478751,4.6189632082906,"i",4,6.29015841478751,4.6189632082906,
202,34,"V",2,5.18918378288414,5.3088418137135,"V",2,5.18918378288414,5.3088418137135,
202,35,"iv",3,6.27237204783434,4.68444313455646,"iv",3,6.27237204783434,4.68444313455646,
202,36,"i",2,5.57395603738269,5.3100140433034,"i",2,5.57395603738269,5.3100140433034,
202,37,"V",2,5.18918378288414,5.3088418137135,"V",2,5.18918378288414,5.3088418137135,
202,38,"iv",3,6.27237204783434,4.68444313455646,"VI",3,6.32386293380784,4.68444313455646,0.0514908859734984
202,39,"i",2,5.57395603738269,5.3100140433034,"i",2,6.0499923007314,5.17219166382819,
202,40,"V",2,5.18918378288414,5.3088418137135,"V",2,5.78381806030247,4.52099398273455,
202,41,"iv",3,6.27237204783434,4.68444313455646,"iv",2,5.99522172691141,5.18723940948589,
202,42,"IV",2,5.60871204458611,5.3100140433034,"IV",2,5.60871204458611,5.3100140433034,
202,43,"IV",2,4.25329499789397,5.30617909945223,"IV",2,4.25329499789397,5.30617909945223,
,,,,,,,,,,
203,36,"i",2,5.57395603738269,5.3100140433034,"i",2,5.57395603738269,5.3100140433034,
203,37,"V",2,5.18918378288414,5.3088418137135,"V",2,5.18918378288414,5.3088418137135,
203,38,"iv",3,6.27237204783434,4.68444313455646,"iv",3,6.27237204783434,4.68444313455646,
203,39,"i",2,5.57395603738269,5.3100140433034,"i",2,5.57395603738269,5.3100140433034,
203,40,"V",2,5.18918378288414,5.3088418137135,"V",2,5.18918378288414,5.3088418137135,
203,41,"iv",3,6.27237204783434,4.68444313455646,"VI",3,6.32386293380784,4.68444313455646,0.0514908859734984
203,42,"IV",2,5.60871204458611,5.3100140433034,"IV",2,4.77149315294836,5.17219166382819,
203,43,"IV",2,4.25329499789397,5.30617909945223,"IV",3,4.62875419121467,4.94161644277542,
203,44,"VI",3,6.5007459032126,4.96353334350538,"VI",3,6.40722293568939,5.13584739963369,
203,45,"II",2,3.92906308295182,5.08808905348547,"II",2,3.92906308295182,5.08808905348547,
203,46,"VI",3,1.91938901563152,4.59804125922297,"VI",3,1.91938901563152,4.59804125922297,
,,,,,,,,,,
204,27,"#io",1,6.73536989608108,5.37387134302661,"#io",1,6.73536989608108,5.37387134302661,
204,28,"#io",1,7.11217055761599,4.25394060589979,"#io",1,7.11217055761599,4.25394060589979,
204,29,"V",1,2.60866028002009,4.25394060589979,"V",1,2.60866028002009,4.25394060589979,
204,30,"I",2,5.10819472913343,5.28179427721798,"I",2,5.10819472913343,5.28179427721798,
204,31,"I",2,4.50750976580657,5.45489656882738,"I",2,4.50750976580657,5.45489656882738,
204,32,"iv",3,5.24207069942904,5.35575359877211,"VI",3,5.2939151017824,5.35575359877211,0.0518444023533569
204,33,"i",4,6.29015841478751,4.6189632082906,"i",4,6.82021304986744,4.17665234170161,
204,34,"V",2,5.18918378288414,5.3088418137135,"V",2,5.78381806030247,4.52099398273455,
204,35,"iv",3,6.27237204783434,4.68444313455646,"iv",2,5.99522172691141,5.18723940948589,
204,36,"i",2,5.57395603738269,5.3100140433034,"i",2,5.57395603738269,5.3100140433034,
204,37,"V",2,5.18918378288414,5.3088418137135,"V",2,5.18918378288414,5.3088418137135,
,,,,,,,,,,
205,52,"#io",1,6.73536989608108,5.37387134302661,"#io",1,6.73536989608108,5.37387134302661,
205,53,"#io",1,7.11217055761599,4.25394060589979,"#io",1,7.11217055761599,4.25394060589979,
205,54,"V",1,2.60866028002009,4.25394060589979,"V",1,2.60866028002009,4.25394060589979,
205,55,"I",2,5.10819472913343,5.28179427721798,"I",2,5.10819472913343,5.28179427721798,
205,56,"I",2,4.50750976580657,5.45489656882738,"I",2,4.50750976580657,5.45489656882738,
205,57,"iv",3,5.24207069942904,5.35575359877211,"VI",3,5.2939151017824,5.35575359877211,0.0518444023533569
205,58,"i",4,6.29015841478751,4.6189632082906,"i",4,6.82021304986744,4.17665234170161,
205,59,"iv",2,4.17469744898406,5.3088418137135,"iv",2,5.61109244994225,4.52099398273455,
205,60,"i",3,4.15426348672942,5.19505662454822,"i",2,4.21417573414705,5.32395889560491,
205,61,"iv",4,1.59805734050009,4.28514913067829,"iv",3,2.56625150884213,4.83752480018023,
205,62,"i",5,2.99250989648011,4.79182807811329,"i",4,3.18682891317792,4.93819255277875,
,,,,,,,,,,
206,95,"#io",1,6.73536989608108,5.37387134302661,"#io",1,6.73536989608108,5.37387134302661,
206,96,"#io",1,7.11217055761599,4.25394060589979,"#io",1,7.11217055761599,4.25394060589979,
206,97,"V",1,2.60866028002009,4.25394060589979,"V",1,2.60866028002009,4.25394060589979,
206,98,"I",2,5.10819472913343,5.28179427721798,"I",2,5.10819472913343,5.28179427721798,
206,99,"I",2,4.50750976580657,5.45489656882738,"I",2,4.50750976580657,5.45489656882738,
206,100,"iv",3,5.24207069942904,5.35575359877211,"VI",3,5.2939151017824,5.35575359877211,0.0518444023533569
206,101,"I",4,3.7569489728767,4.6189632082906,"I",4,4.6996847564596,4.17665234170161,
206,102,"iv",4,2.35831449605204,4.7391451886692,"iv",4,6.47307734825333,4.37376974922062,
206,103,"I",5,1.30069920255414,4.04104008265256,"I",2,3.81888946259231,5.31253982042572,
206,104,"r",6,3.10323370070841,4.63606313295137,"r",3,2.79005359864872,5.15937813106621,
206,105,"r",6,2.05518679254445,3.6418490003956,"r",4,1.53488600663328,3.48893306482758,
,,,,,,,,,,
207,3,"I",2,4.57629776425137,5.37901629584783,"I",2,4.57629776425137,5.37901629584783,
207,4,"iv",3,2.4562192303382,5.09112644216906,"iv",3,2.4562192303382,5.09112644216906,
207,5,"I",4,2.12191447975607,4.81224725179976,"I",4,2.12191447975607,4.81224725179976,
207,6,"I",5,3.98807420824608,4.69880730300448,"I",5,3.98807420824608,4.69880730300448,
207,7,"iv",5,4.50727034864588,5.07644553472119,"iv",5,4.50727034864588,5.07644553472119,
207,8,"i",5,6.82127444529731,3.62924707438769,"ii",5,6.76855211098404,3.62924707438769,0.0527223343132652
207,9,"V",2,5.18918378288414,5.3088418137135,"V",3,2.30831899245425,4.59521807270438,
207,10,"iv",3,6.27237204783434,4.68444313455646,"iv",4,6.35796011081939,4.63698941259916,
207,11,"i",2,5.57395603738269,5.3100140433034,"i",3,5.86582868165583,4.84502592409147,
207,12,"V",2,5.18918378288414,5.3088418137135,"V",2,5.18918378288414,5.3088418137135,
207,13,"iv",3,6.27237204783434,4.68444313455646,"iv",3,6.27237204783434,4.68444313455646,
,,,,,,,,,,
208,28,"#io",1,7.11217055761599,4.25394060589979,"#io",1,7.11217055761599,4.25394060589979,
208,29,"V",1,2.60866028002009,4.25394060589979,"V",1,2.60866028002009,4.25394060589979,
208,30,"I",2,5.10819472913343,5.28179427721798,"I",2,5.10819472913343,5.28179427721798,
208,31,"I",2,4.50750976580657,5.45489656882738,"I",2,4.50750976580657,5.45489656882738,
208,32,"iv",3,5.24207069942904,5.35575359877211,"iv",3,5.24207069942904,5.35575359877211,
208,33,"i",4,6.29015841478751,4.6189632082906,"ii",4,6.23743608047424,4.6189632082906,0.0527223343132652
208,34,"V",2,5.18918378288414,5.3088418137135,"V",3,2.30831899245425,4.59521807270438,
208,35,"iv",3,6.27237204783434,4.68444313455646,"iv",4,6.35796011081939,4.63698941259916,
208,36,"i",2,5.57395603738269,5.3100140433034,"i",3,5.86582868165583,4.84502592409147,
208,37,"V",2,5.18918378288414,5.3088418137135,"V",2,5.18918378288414,5.3088418137135,
208,38,"iv",3,6.27237204783434,4.68444313455646,"iv",3,6.27237204783434,4.68444313455646,
,,,,,,,,,,
209,53,"#io",1,7.11217055761599,4.25394060589979,"#io",1,7.11217055761599,4.25394060589979,
209,54,"V",1,2.60866028002009,4.25394060589979,"V",1,2.60866028002009,4.25394060589979,
209,55,"I",2,5.10819472913343,5.28179427721798,"I",2,5.10819472913343,5.28179427721798,
209,56,"I",2,4.50750976580657,5.45489656882738,"I",2,4.50750976580657,5.45489656882738,
209,57,"iv",3,5.24207069942904,5.35575359877211,"iv",3,5.24207069942904,5.35575359877211,
209,58,"i",4,6.29015841478751,4.6189632082906,"ii",4,6.23743608047424,4.6189632082906,0.0527223343132652
209,59,"iv",2,4.17469744898406,5.3088418137135,"iv",3,2.42643356002459,4.59521807270438,
209,60,"i",3,4.15426348672942,5.19505662454822,"i",4,4.10246139228832,4.56257805950923,
209,61,"iv",4,1.59805734050009,4.28514913067829,"iv",3,4.74061357799158,4.32495189987038,
209,62,"i",5,2.99250989648011,4.79182807811329,"i",3,4.15426348672942,5.19505662454822,
209,63,"iv",4,0.107168691538683,0.732092944424007,"iv",4,1.59805734050009,4.28514913067829,
,,,,,,,,,,
210,27,"#io",1,6.73536989608108,5.37387134302661,"#io",1,6.73536989608108,5.37387134302661,
210,28,"#io",1,7.11217055761599,4.25394060589979,"#io",1,7.11217055761599,4.25394060589979,
210,29,"V",1,2.60866028002009,4.25394060589979,"V",1,2.60866028002009,4.25394060589979,
210,30,"I",2,5.10819472913343,5.28179427721798,"I",2,5.10819472913343,5.28179427721798,
210,31,"I",2,4.50750976580657,5.45489656882738,"I",2,4.50750976580657,5.45489656882738,
210,32,"iv",3,5.24207069942904,5.35575359877211,"II",3,5.29776147294777,5.35575359877211,0.0556907735187284
210,33,"i",4,6.29015841478751,4.6189632082906,"i",4,7.00814804726001,4.50343138100677,
210,34,"V",2,5.18918378288414,5.3088418137135,"V",2,5.56523681353429,5.0212088860666,
210,35,"iv",3,6.27237204783434,4.68444313455646,"iv",2,5.99522172691141,5.18723940948589,
210,36,"i",2,5.57395603738269,5.3100140433034,"i",2,5.57395603738269,5.3100140433034,
210,37,"V",2,5.18918378288414,5.3088418137135,"V",2,5.18918378288414,5.3088418137135,
,,,,,,,,,,
211,52,"#io",1,6.73536989608108,5.37387134302661,"#io",1,6.73536989608108,5.37387134302661,
211,53,"#io",1,7.11217055761599,4.25394060589979,"#io",1,7.11217055761599,4.25394060589979,
211,54,"V",1,2.60866028002009,4.25394060589979,"V",1,2.60866028002009,4.25394060589979,
211,55,"I",2,5.10819472913343,5.28179427721798,"I",2,5.10819472913343,5.28179427721798,
211,56,"I",2,4.50750976580657,5.45489656882738,"I",2,4.50750976580657,5.45489656882738,
211,57,"iv",3,5.24207069942904,5.35575359877211,"II",3,5.29776147294777,5.35575359877211,0.0556907735187284
211,58,"i",4,6.29015841478751,4.6189632082906,"i",4,7.00814804726001,4.50343138100677,
211,59,"iv",2,4.17469744898406,5.3088418137135,"iv",2,5.39251120317407,5.0212088860666,
211,60,"i",3,4.15426348672942,5.19505662454822,"i",2,4.21417573414705,5.32395889560491,
211,61,"iv",4,1.59805734050009,4.28514913067829,"iv",3,2.56625150884213,4.83752480018023,
211,62,"i",5,2.99250989648011,4.79182807811329,"i",4,3.18682891317792,4.93819255277875,
,,,,,,,,,,
212,95,"#io",1,6.73536989608108,5.37387134302661,"#io",1,6.73536989608108,5.37387134302661,
212,96,"#io",1,7.11217055761599,4.25394060589979,"#io",1,7.11217055761599,4.25394060589979,
212,97,"V",1,2.60866028002009,4.25394060589979,"V",1,2.60866028002009,4.25394060589979,
212,98,"I",2,5.10819472913343,5.28179427721798,"I",2,5.10819472913343,5.28179427721798,
212,99,"I",2,4.50750976580657,5.45489656882738,"I",2,4.50750976580657,5.45489656882738,
212,100,"iv",3,5.24207069942904,5.35575359877211,"II",3,5.29776147294777,5.35575359877211,0.0556907735187284
212,101,"I",4,3.7569489728767,4.6189632082906,"I",4,3.41590019595645,4.50343138100677,
212,102,"iv",4,2.35831449605204,4.7391451886692,"iv",4,8.46869812685747,1.66822530836882,
212,103,"I",5,1.30069920255414,4.04104008265256,"I",2,3.81888946259231,5.31253982042572,
212,104,"r",6,3.10323370070841,4.63606313295137,"r",3,2.79005359864872,5.15937813106621,
212,105,"r",6,2.05518679254445,3.6418490003956,"r",4,1.53488600663328,3.48893306482758,
,,,,,,,,,,
213,5,"I",4,2.12191447975607,4.81224725179976,"I",4,2.12191447975607,4.81224725179976,
213,6,"I",5,3.98807420824608,4.69880730300448,"I",5,3.98807420824608,4.69880730300448,
213,7,"iv",5,4.50727034864588,5.07644553472119,"iv",5,4.50727034864588,5.07644553472119,
213,8,"i",5,6.82127444529731,3.62924707438769,"i",5,6.82127444529731,3.62924707438769,
213,9,"V",2,5.18918378288414,5.3088418137135,"V",2,5.18918378288414,5.3088418137135,
213,10,"iv",3,6.27237204783434,4.68444313455646,"iii",3,6.21464946556318,4.68444313455646,0.0577225822711638
213,11,"i",2,5.57395603738269,5.3100140433034,"i",2,6.4583006571065,5.25214273716735,
213,12,"V",2,5.18918378288414,5.3088418137135,"V",1,5.25274815126231,5.44827959167037,
213,13,"iv",3,6.27237204783434,4.68444313455646,"iv",2,5.99522172691141,5.18723940948589,
213,14,"i",2,5.57395603738269,5.3100140433034,"i",2,5.57395603738269,5.3100140433034,
213,15,"V",2,5.18918378288414,5.3088418137135,"V",2,5.18918378288414,5.3088418137135,
,,,,,,,,,,
214,8,"i",5,6.82127444529731,3.62924707438769,"i",5,6.82127444529731,3.62924707438769,
214,9,"V",2,5.18918378288414,5.3088418137135,"V",2,5.18918378288414,5.3088418137135,
214,10,"iv",3,6.27237204783434,4.68444313455646,"iv",3,6.27237204783434,4.68444313455646,
214,11,"i",2,5.57395603738269,5.3100140433034,"i",2,5.57395603738269,5.3100140433034,
214,12,"V",2,5.18918378288414,5.3088418137135,"V",2,5.18918378288414,5.3088418137135,
214,13,"iv",3,6.27237204783434,4.68444313455646,"iii",3,6.21464946556318,4.68444313455646,0.0577225822711638
214,14,"i",2,5.57395603738269,5.3100140433034,"i",2,6.4583006571065,5.25214273716735,
214,15,"V",2,5.18918378288414,5.3088418137135,"V",1,5.25274815126231,5.44827959167037,
214,16,"iv",3,6.27237204783434,4.68444313455646,"iv",2,5.99522172691141,5.18723940948589,
214,17,"IV",2,5.60871204458611,5.3100140433034,"IV",2,5.60871204458611,5.3100140433034,
214,18,"IV",2,4.25329499789397,5.30617909945223,"IV",2,4.25329499789397,5.30617909945223,
,,,,,,,,,,
215,11,"i",2,5.57395603738269,5.3100140433034,"i",2,5.57395603738269,5.3100140433034,
215,12,"V",2,5.18918378288414,5.3088418137135,"V",2,5.18918378288414,5.3088418137135,
215,13,"iv",3,6.27237204783434,4.68444313455646,"iv",3,6.27237204783434,4.68444313455646,
215,14,"i",2,5.57395603738269,5.3100140433034,"i",2,5.57395603738269,5.3100140433034,
215,15,"V",2,5.18918378288414,5.3088418137135,"V",2,5.18918378288414,5.3088418137135,
215,16,"iv",3,6.27237204783434,4.68444313455646,"iii",3,6.21464946556318,4.68444313455646,0.0577225822711638
215,17,"IV",2,5.60871204458611,5.3100140433034,"IV",2,3.93555646904845,5.25214273716735,
215,18,"IV",2,4.25329499789397,5.30617909945223,"IV",3,4.72813203260959,4.92006969331149,
215,19,"VI",3,6.5007459032126,4.96353334350538,"VI",3,6.45347818221928,5.1427946453359,
215,20,"II",2,3.92906308295182,5.08808905348547,"II",2,3.92906308295182,5.08808905348547,
215,21,"VI",3,1.91938901563152,4.59804125922297,"VI",3,1.91938901563152,4.59804125922297,
,,,,,,,,,,
216,30,"I",2,5.10819472913343,5.28179427721798,"I",2,5.10819472913343,5.28179427721798,
216,31,"I",2,4.50750976580657,5.45489656882738,"I",2,4.50750976580657,5.45489656882738,
216,32,"iv",3,5.24207069942904,5.35575359877211,"iv",3,5.24207069942904,5.35575359877211,
216,33,"i",4,6.29015841478751,4.6189632082906,"i",4,6.29015841478751,4.6189632082906,
216,34,"V",2,5.18918378288414,5.3088418137135,"V",2,5.18918378288414,5.3088418137135,
216,35,"iv",3,6.27237204783434,4.68444313455646,"iii",3,6.21464946556318,4.68444313455646,0.0577225822711638
216,36,"i",2,5.57395603738269,5.3100140433034,"i",2,6.4583006571065,5.25214273716735,
216,37,"V",2,5.18918378288414,5.3088418137135,"V",1,5.25274815126231,5.44827959167037,
216,38,"iv",3,6.27237204783434,4.68444313455646,"iv",2,5.99522172691141,5.18723940948589,
216,39,"i",2,5.57395603738269,5.3100140433034,"i",2,5.57395603738269,5.3100140433034,
216,40,"V",2,5.18918378288414,5.3088418137135,"V",2,5.18918378288414,5.3088418137135,
,,,,,,,,,,
217,33,"i",4,6.29015841478751,4.6189632082906,"i",4,6.29015841478751,4.6189632082906,
217,34,"V",2,5.18918378288414,5.3088418137135,"V",2,5.18918378288414,5.3088418137135,
217,35,"iv",3,6.27237204783434,4.68444313455646,"iv",3,6.27237204783434,4.68444313455646,
217,36,"i",2,5.57395603738269,5.3100140433034,"i",2,5.57395603738269,5.3100140433034,
217,37,"V",2,5.18918378288414,5.3088418137135,"V",2,5.18918378288414,5.3088418137135,
217,38,"iv",3,6.27237204783434,4.68444313455646,"iii",3,6.21464946556318,4.68444313455646,0.0577225822711638
217,39,"i",2,5.57395603738269,5.3100140433034,"i",2,6.4583006571065,5.25214273716735,
217,40,"V",2,5.18918378288414,5.3088418137135,"V",1,5.25274815126231,5.44827959167037,
217,41,"iv",3,6.27237204783434,4.68444313455646,"iv",2,5.99522172691141,5.18723940948589,
217,42,"IV",2,5.60871204458611,5.3100140433034,"IV",2,5.60871204458611,5.3100140433034,
217,43,"IV",2,4.25329499789397,5.30617909945223,"IV",2,4.25329499789397,5.30617909945223,
,,,,,,,,,,
218,36,"i",2,5.57395603738269,5.3100140433034,"i",2,5.57395603738269,5.3100140433034,
218,37,"V",2,5.18918378288414,5.3088418137135,"V",2,5.18918378288414,5.3088418137135,
218,38,"iv",3,6.27237204783434,4.68444313455646,"iv",3,6.27237204783434,4.68444313455646,
218,39,"i",2,5.57395603738269,5.3100140433034,"i",2,5.57395603738269,5.3100140433034,
218,40,"V",2,5.18918378288414,5.3088418137135,"V",2,5.18918378288414,5.3088418137135,
218,41,"iv",3,6.27237204783434,4.68444313455646,"iii",3,6.21464946556318,4.68444313455646,0.0577225822711638
218,42,"IV",2,5.60871204458611,5.3100140433034,"IV",2,3.93555646904845,5.25214273716735,
218,43,"IV",2,4.25329499789397,5.30617909945223,"IV",3,4.72813203260959,4.92006969331149,
218,44,"VI",3,6.5007459032126,4.96353334350538,"VI",3,6.45347818221928,5.1427946453359,
218,45,"II",2,3.92906308295182,5.08808905348547,"II",2,3.92906308295182,5.08808905348547,
218,46,"VI",3,1.91938901563152,4.59804125922297,"VI",3,1.91938901563152,4.59804125922297,
,,,,,,,,,,
219,21,"VI",3,1.91938901563152,4.59804125922297,"VI",3,1.91938901563152,4.59804125922297,
219,22,"II",4,1.84470195563592,4.5698028738094,"II",4,1.84470195563592,4.5698028738094,
219,23,"V",5,3.24316910000851,4.49591193161619,"V",5,3.24316910000851,4.49591193161619,
219,24,"I",5,2.27348102634849,4.50862641594303,"I",5,2.27348102634849,4.50862641594303,
219,25,"#io",5,7.4374051515395,3.91207025148671,"#io",5,7.4374051515395,3.91207025148671,
219,26,"vii",3,7.20787563067529,3.88245695387891,"-II",3,7.14559135242095,3.88245695387891,0.0622842782543422
219,27,"#io",1,6.73536989608108,5.37387134302661,"#io",1,6.50412536149757,5.4382931895913,
219,28,"#io",1,7.11217055761599,4.25394060589979,"#io",1,7.11217055761599,4.25394060589979,
219,29,"V",1,2.60866028002009,4.25394060589979,"V",1,2.60866028002009,4.25394060589979,
219,30,"I",2,5.10819472913343,5.28179427721798,"I",2,5.10819472913343,5.28179427721798,
219,31,"I",2,4.50750976580657,5.45489656882738,"I",2,4.50750976580657,5.45489656882738,
,,,,,,,,,,
220,46,"VI",3,1.91938901563152,4.59804125922297,"VI",3,1.91938901563152,4.59804125922297,
220,47,"II",4,1.84470195563592,4.5698028738094,"II",4,1.84470195563592,4.5698028738094,
220,48,"V",5,3.24316910000851,4.49591193161619,"V",5,3.24316910000851,4.49591193161619,
220,49,"I",5,2.27348102634849,4.50862641594303,"I",5,2.27348102634849,4.50862641594303,
220,50,"#io",5,7.4374051515395,3.91207025148671,"#io",5,7.4374051515395,3.91207025148671,
220,51,"vii",3,7.20787563067529,3.88245695387891,"-II",3,7.14559135242095,3.88245695387891,0.0622842782543422
220,52,"#io",1,6.73536989608108,5.37387134302661,"#io",1,6.50412536149757,5.4382931895913,
220,53,"#io",1,7.11217055761599,4.25394060589979,"#io",1,7.11217055761599,4.25394060589979,
220,54,"V",1,2.60866028002009,4.25394060589979,"V",1,2.60866028002009,4.25394060589979,
220,55,"I",2,5.10819472913343,5.28179427721798,"I",2,5.10819472913343,5.28179427721798,
220,56,"I",2,4.50750976580657,5.45489656882738,"I",2,4.50750976580657,5.45489656882738,
,,,,,,,,,,
221,77,"VI",3,1.91938901563152,4.59804125922297,"VI",3,1.91938901563152,4.59804125922297,
221,78,"II",4,1.84470195563592,4.5698028738094,"II",4,1.84470195563592,4.5698028738094,
221,79,"V",5,3.24316910000851,4.49591193161619,"V",5,3.24316910000851,4.49591193161619,
221,80,"I",5,2.27348102634849,4.50862641594303,"I",5,2.27348102634849,4.50862641594303,
221,81,"#io",5,7.4374051515395,3.91207025148671,"#io",5,7.4374051515395,3.91207025148671,
221,82,"vii",3,7.20787563067529,3.88245695387891,"-II",3,7.14559135242095,3.88245695387891,0.0622842782543422
221,83,"#io",1,6.73536989608108,5.37387134302661,"#io",1,6.50412536149757,5.4382931895913,
221,84,"#io",1,7.11217055761599,4.25394060589979,"#io",1,7.11217055761599,4.25394060589979,
221,85,"VII",1,6.96016746417094,4.25394060589979,"VII",1,6.96016746417094,4.25394060589979,
221,86,"III",1,4.94929138986516,5.35241960075509,"III",1,4.94929138986516,5.35241960075509,
221,87,"VI",2,5.29057463595965,4.48938756125396,"VI",2,5.29057463595965,4.48938756125396,
,,,,,,,,,,
222,89,"VI",3,4.41383215898672,4.59862581504416,"VI",3,4.41383215898672,4.59862581504416,
222,90,"II",3,2.70399057299607,4.97850199558676,"II",3,2.70399057299607,4.97850199558676,
222,91,"-VI",4,6.51003108819735,4.88113787240782,"-VI",4,6.51003108819735,4.88113787240782,
222,92,"-II",2,5.92704446074321,5.16782341190319,"-II",2,5.92704446074321,5.16782341190319,
222,93,"#io",2,6.98923679378414,5.03211245088812,"#io",2,6.98923679378414,5.03211245088812,
222,94,"vii",1,7.00198763986557,4.25394060589979,"-II",1,6.93970336161122,4.25394060589979,0.0622842782543431
222,95,"#io",1,6.73536989608108,5.37387134302661,"#io",1,6.50412536149757,5.4382931895913,
222,96,"#io",1,7.11217055761599,4.25394060589979,"#io",1,7.11217055761599,4.25394060589979,
222,97,"V",1,2.60866028002009,4.25394060589979,"V",1,2.60866028002009,4.25394060589979,
222,98,"I",2,5.10819472913343,5.28179427721798,"I",2,5.10819472913343,5.28179427721798,
222,99,"I",2,4.50750976580657,5.45489656882738,"I",2,4.50750976580657,5.45489656882738,
,,,,,,,,,,
223,80,"I",5,2.27348102634849,4.50862641594303,"I",5,2.27348102634849,4.50862641594303,
223,81,"#io",5,7.4374051515395,3.91207025148671,"#io",5,7.4374051515395,3.91207025148671,
223,82,"vii",3,7.20787563067529,3.88245695387891,"vii",3,7.20787563067529,3.88245695387891,
223,83,"#io",1,6.73536989608108,5.37387134302661,"#io",1,6.73536989608108,5.37387134302661,
223,84,"#io",1,7.11217055761599,4.25394060589979,"#io",1,7.11217055761599,4.25394060589979,
223,85,"VII",1,6.96016746417094,4.25394060589979,"-iii",1,7.02336129065813,4.25394060589979,0.0631938264871943
223,86,"III",1,4.94929138986516,5.35241960075509,"III",1,6.22832537709019,5.463546016454,
223,87,"VI",2,5.29057463595965,4.48938756125396,"VI",1,4.78509777047633,5.39755563592088,
223,88,"II",2,4.09933569298607,5.13032405207678,"II",2,4.09933569298607,5.13032405207678,
223,89,"VI",3,4.41383215898672,4.59862581504416,"VI",3,4.41383215898672,4.59862581504416,
223,90,"II",3,2.70399057299607,4.97850199558676,"II",3,2.70399057299607,4.97850199558676,
,,,,,,,,,,
224,80,"I",5,2.27348102634849,4.50862641594303,"I",5,2.27348102634849,4.50862641594303,
224,81,"#io",5,7.4374051515395,3.91207025148671,"#io",5,7.4374051515395,3.91207025148671,
224,82,"vii",3,7.20787563067529,3.88245695387891,"vii",3,7.20787563067529,3.88245695387891,
224,83,"#io",1,6.73536989608108,5.37387134302661,"#io",1,6.73536989608108,5.37387134302661,
224,84,"#io",1,7.11217055761599,4.25394060589979,"#io",1,7.11217055761599,4.25394060589979,
224,85,"VII",1,6.96016746417094,4.25394060589979,"viio",1,7.02336129065813,4.25394060589979,0.0631938264871943
224,86,"III",1,4.94929138986516,5.35241960075509,"III",1,3.58483114959976,5.31194985661058,
224,87,"VI",2,5.29057463595965,4.48938756125396,"VI",2,5.1580788134648,4.93708189753251,
224,88,"II",2,4.09933569298607,5.13032405207678,"II",2,4.09933569298607,5.13032405207678,
224,89,"VI",3,4.41383215898672,4.59862581504416,"VI",3,4.41383215898672,4.59862581504416,
224,90,"II",3,2.70399057299607,4.97850199558676,"II",3,2.70399057299607,4.97850199558676,
,,,,,,,,,,
225,80,"I",5,2.27348102634849,4.50862641594303,"I",5,2.27348102634849,4.50862641594303,
225,81,"#io",5,7.4374051515395,3.91207025148671,"#io",5,7.4374051515395,3.91207025148671,
225,82,"vii",3,7.20787563067529,3.88245695387891,"vii",3,7.20787563067529,3.88245695387891,
225,83,"#io",1,6.73536989608108,5.37387134302661,"#io",1,6.73536989608108,5.37387134302661,
225,84,"#io",1,7.11217055761599,4.25394060589979,"#io",1,7.11217055761599,4.25394060589979,
225,85,"VII",1,6.96016746417094,4.25394060589979,"vio",1,7.02336129065813,4.25394060589979,0.0631938264871943
225,86,"III",1,4.94929138986516,5.35241960075509,"III",1,6.3386454898323,5.39142819372657,
225,87,"VI",2,5.29057463595965,4.48938756125396,"VI",1,4.78509777047633,5.39755563592088,
225,88,"II",2,4.09933569298607,5.13032405207678,"II",2,4.09933569298607,5.13032405207678,
225,89,"VI",3,4.41383215898672,4.59862581504416,"VI",3,4.41383215898672,4.59862581504416,
225,90,"II",3,2.70399057299607,4.97850199558676,"II",3,2.70399057299607,4.97850199558676,
,,,,,,,,,,
226,80,"I",5,2.27348102634849,4.50862641594303,"I",5,2.27348102634849,4.50862641594303,
226,81,"#io",5,7.4374051515395,3.91207025148671,"#io",5,7.4374051515395,3.91207025148671,
226,82,"vii",3,7.20787563067529,3.88245695387891,"vii",3,7.20787563067529,3.88245695387891,
226,83,"#io",1,6.73536989608108,5.37387134302661,"#io",1,6.73536989608108,5.37387134302661,
226,84,"#io",1,7.11217055761599,4.25394060589979,"#io",1,7.11217055761599,4.25394060589979,
226,85,"VII",1,6.96016746417094,4.25394060589979,"#IV",1,7.02336129065813,4.25394060589979,0.0631938264871943
226,86,"III",1,4.94929138986516,5.35241960075509,"III",1,6.40201720845542,5.34312010291794,
226,87,"VI",2,5.29057463595965,4.48938756125396,"VI",1,4.78509777047633,5.39755563592088,
226,88,"II",2,4.09933569298607,5.13032405207678,"II",2,4.09933569298607,5.13032405207678,
226,89,"VI",3,4.41383215898672,4.59862581504416,"VI",3,4.41383215898672,4.59862581504416,
226,90,"II",3,2.70399057299607,4.97850199558676,"II",3,2.70399057299607,4.97850199558676,
,,,,,,,,,,
227,21,"VI",3,1.91938901563152,4.59804125922297,"VI",3,1.91938901563152,4.59804125922297,
227,22,"II",4,1.84470195563592,4.5698028738094,"II",4,1.84470195563592,4.5698028738094,
227,23,"V",5,3.24316910000851,4.49591193161619,"V",5,3.24316910000851,4.49591193161619,
227,24,"I",5,2.27348102634849,4.50862641594303,"I",5,2.27348102634849,4.50862641594303,
227,25,"#io",5,7.4374051515395,3.91207025148671,"#io",5,7.4374051515395,3.91207025148671,
227,26,"vii",3,7.20787563067529,3.88245695387891,"-V",3,7.27297065889717,3.88245695387891,0.0650950282218847
227,27,"#io",1,6.73536989608108,5.37387134302661,"#io",1,6.43887669952397,5.40273255057082,
227,28,"#io",1,7.11217055761599,4.25394060589979,"#io",1,7.11217055761599,4.25394060589979,
227,29,"V",1,2.60866028002009,4.25394060589979,"V",1,2.60866028002009,4.25394060589979,
227,30,"I",2,5.10819472913343,5.28179427721798,"I",2,5.10819472913343,5.28179427721798,
227,31,"I",2,4.50750976580657,5.45489656882738,"I",2,4.50750976580657,5.45489656882738,
,,,,,,,,,,
228,46,"VI",3,1.91938901563152,4.59804125922297,"VI",3,1.91938901563152,4.59804125922297,
228,47,"II",4,1.84470195563592,4.5698028738094,"II",4,1.84470195563592,4.5698028738094,
228,48,"V",5,3.24316910000851,4.49591193161619,"V",5,3.24316910000851,4.49591193161619,
228,49,"I",5,2.27348102634849,4.50862641594303,"I",5,2.27348102634849,4.50862641594303,
228,50,"#io",5,7.4374051515395,3.91207025148671,"#io",5,7.4374051515395,3.91207025148671,
228,51,"vii",3,7.20787563067529,3.88245695387891,"-V",3,7.27297065889717,3.88245695387891,0.0650950282218847
228,52,"#io",1,6.73536989608108,5.37387134302661,"#io",1,6.43887669952397,5.40273255057082,
228,53,"#io",1,7.11217055761599,4.25394060589979,"#io",1,7.11217055761599,4.25394060589979,
228,54,"V",1,2.60866028002009,4.25394060589979,"V",1,2.60866028002009,4.25394060589979,
228,55,"I",2,5.10819472913343,5.28179427721798,"I",2,5.10819472913343,5.28179427721798,
228,56,"I",2,4.50750976580657,5.45489656882738,"I",2,4.50750976580657,5.45489656882738,
,,,,,,,,,,
229,77,"VI",3,1.91938901563152,4.59804125922297,"VI",3,1.91938901563152,4.59804125922297,
229,78,"II",4,1.84470195563592,4.5698028738094,"II",4,1.84470195563592,4.5698028738094,
229,79,"V",5,3.24316910000851,4.49591193161619,"V",5,3.24316910000851,4.49591193161619,
229,80,"I",5,2.27348102634849,4.50862641594303,"I",5,2.27348102634849,4.50862641594303,
229,81,"#io",5,7.4374051515395,3.91207025148671,"#io",5,7.4374051515395,3.91207025148671,
229,82,"vii",3,7.20787563067529,3.88245695387891,"-V",3,7.27297065889717,3.88245695387891,0.0650950282218847
229,83,"#io",1,6.73536989608108,5.37387134302661,"#io",1,6.43887669952397,5.40273255057082,
229,84,"#io",1,7.11217055761599,4.25394060589979,"#io",1,7.11217055761599,4.25394060589979,
229,85,"VII",1,6.96016746417094,4.25394060589979,"VII",1,6.96016746417094,4.25394060589979,
229,86,"III",1,4.94929138986516,5.35241960075509,"III",1,4.94929138986516,5.35241960075509,
229,87,"VI",2,5.29057463595965,4.48938756125396,"VI",2,5.29057463595965,4.48938756125396,
,,,,,,,,,,
230,89,"VI",3,4.41383215898672,4.59862581504416,"VI",3,4.41383215898672,4.59862581504416,
230,90,"II",3,2.70399057299607,4.97850199558676,"II",3,2.70399057299607,4.97850199558676,
230,91,"-VI",4,6.51003108819735,4.88113787240782,"-VI",4,6.51003108819735,4.88113787240782,
230,92,"-II",2,5.92704446074321,5.16782341190319,"-II",2,5.92704446074321,5.16782341190319,
230,93,"#io",2,6.98923679378414,5.03211245088812,"#io",2,6.98923679378414,5.03211245088812,
230,94,"vii",1,7.00198763986557,4.25394060589979,"-V",1,7.06708266808745,4.25394060589979,0.0650950282218847
230,95,"#io",1,6.73536989608108,5.37387134302661,"#io",1,6.43887669952397,5.40273255057082,
230,96,"#io",1,7.11217055761599,4.25394060589979,"#io",1,7.11217055761599,4.25394060589979,
230,97,"V",1,2.60866028002009,4.25394060589979,"V",1,2.60866028002009,4.25394060589979,
230,98,"I",2,5.10819472913343,5.28179427721798,"I",2,5.10819472913343,5.28179427721798,
230,99,"I",2,4.50750976580657,5.45489656882738,"I",2,4.50750976580657,5.45489656882738,
,,,,,,,,,,
231,22,"II",4,1.84470195563592,4.5698028738094,"II",4,1.84470195563592,4.5698028738094,
231,23,"V",5,3.24316910000851,4.49591193161619,"V",5,3.24316910000851,4.49591193161619,
231,24,"I",5,2.27348102634849,4.50862641594303,"I",5,2.27348102634849,4.50862641594303,
231,25,"#io",5,7.4374051515395,3.91207025148671,"#io",5,7.4374051515395,3.91207025148671,
231,26,"vii",3,7.20787563067529,3.88245695387891,"vii",3,7.20787563067529,3.88245695387891,
231,27,"#io",1,6.73536989608108,5.37387134302661,"V+",1,6.66825570022254,5.37387134302661,0.0671141958585366
231,28,"#io",1,7.11217055761599,4.25394060589979,"#io",1,6.57658931969615,5.18023301555516,
231,29,"V",1,2.60866028002009,4.25394060589979,"V",1,2.60866028002009,4.25394060589979,
231,30,"I",2,5.10819472913343,5.28179427721798,"I",2,5.10819472913343,5.28179427721798,
231,31,"I",2,4.50750976580657,5.45489656882738,"I",2,4.50750976580657,5.45489656882738,
231,32,"iv",3,5.24207069942904,5.35575359877211,"iv",3,5.24207069942904,5.35575359877211,
,,,,,,,,,,
232,22,"II",4,1.84470195563592,4.5698028738094,"II",4,1.84470195563592,4.5698028738094,
232,23,"V",5,3.24316910000851,4.49591193161619,"V",5,3.24316910000851,4.49591193161619,
232,24,"I",5,2.27348102634849,4.50862641594303,"I",5,2.27348102634849,4.50862641594303,
232,25,"#io",5,7.4374051515395,3.91207025148671,"#io",5,7.4374051515395,3.91207025148671,
232,26,"vii",3,7.20787563067529,3.88245695387891,"vii",3,7.20787563067529,3.88245695387891,
232,27,"#io",1,6.73536989608108,5.37387134302661,"#ivo",1,6.66825570022254,5.37387134302661,0.0671141958585366
232,28,"#io",1,7.11217055761599,4.25394060589979,"#io",1,6.91728524503528,4.95353538014776,
232,29,"V",1,2.60866028002009,4.25394060589979,"V",1,2.60866028002009,4.25394060589979,
232,30,"I",2,5.10819472913343,5.28179427721798,"I",2,5.10819472913343,5.28179427721798,
232,31,"I",2,4.50750976580657,5.45489656882738,"I",2,4.50750976580657,5.45489656882738,
232,32,"iv",3,5.24207069942904,5.35575359877211,"iv",3,5.24207069942904,5.35575359877211,
,,,,,,,,,,
233,23,"V",5,3.24316910000851,4.49591193161619,"V",5,3.24316910000851,4.49591193161619,
233,24,"I",5,2.27348102634849,4.50862641594303,"I",5,2.27348102634849,4.50862641594303,
233,25,"#io",5,7.4374051515395,3.91207025148671,"#io",5,7.4374051515395,3.91207025148671,
233,26,"vii",3,7.20787563067529,3.88245695387891,"vii",3,7.20787563067529,3.88245695387891,
233,27,"#io",1,6.73536989608108,5.37387134302661,"#io",1,6.73536989608108,5.37387134302661,
233,28,"#io",1,7.11217055761599,4.25394060589979,"V+",1,7.04505636175745,4.25394060589979,0.0671141958585366
233,29,"V",1,2.60866028002009,4.25394060589979,"V",1,6.03030728713906,5.18023301555516,
233,30,"I",2,5.10819472913343,5.28179427721798,"I",1,4.8860650492582,5.46956356854853,
233,31,"I",2,4.50750976580657,5.45489656882738,"I",2,4.50750976580657,5.45489656882738,
233,32,"iv",3,5.24207069942904,5.35575359877211,"iv",3,5.24207069942904,5.35575359877211,
233,33,"i",4,6.29015841478751,4.6189632082906,"i",4,6.29015841478751,4.6189632082906,
,,,,,,,,,,
234,23,"V",5,3.24316910000851,4.49591193161619,"V",5,3.24316910000851,4.49591193161619,
234,24,"I",5,2.27348102634849,4.50862641594303,"I",5,2.27348102634849,4.50862641594303,
234,25,"#io",5,7.4374051515395,3.91207025148671,"#io",5,7.4374051515395,3.91207025148671,
234,26,"vii",3,7.20787563067529,3.88245695387891,"vii",3,7.20787563067529,3.88245695387891,
234,27,"#io",1,6.73536989608108,5.37387134302661,"#io",1,6.73536989608108,5.37387134302661,
234,28,"#io",1,7.11217055761599,4.25394060589979,"#ivo",1,7.04505636175745,4.25394060589979,0.0671141958585366
234,29,"V",1,2.60866028002009,4.25394060589979,"V",1,2.75096937146963,4.95353538014776,
234,30,"I",2,5.10819472913343,5.28179427721798,"I",2,3.43026047201554,5.24481443444353,
234,31,"I",2,4.50750976580657,5.45489656882738,"I",3,4.70705652142036,5.2988012789701,
234,32,"iv",3,5.24207069942904,5.35575359877211,"iv",3,5.24207069942904,5.35575359877211,
234,33,"i",4,6.29015841478751,4.6189632082906,"i",4,6.29015841478751,4.6189632082906,
,,,,,,,,,,
235,47,"II",4,1.84470195563592,4.5698028738094,"II",4,1.84470195563592,4.5698028738094,
235,48,"V",5,3.24316910000851,4.49591193161619,"V",5,3.24316910000851,4.49591193161619,
235,49,"I",5,2.27348102634849,4.50862641594303,"I",5,2.27348102634849,4.50862641594303,
235,50,"#io",5,7.4374051515395,3.91207025148671,"#io",5,7.4374051515395,3.91207025148671,
235,51,"vii",3,7.20787563067529,3.88245695387891,"vii",3,7.20787563067529,3.88245695387891,
235,52,"#io",1,6.73536989608108,5.37387134302661,"V+",1,6.66825570022254,5.37387134302661,0.0671141958585366
235,53,"#io",1,7.11217055761599,4.25394060589979,"#io",1,6.57658931969615,5.18023301555516,
235,54,"V",1,2.60866028002009,4.25394060589979,"V",1,2.60866028002009,4.25394060589979,
235,55,"I",2,5.10819472913343,5.28179427721798,"I",2,5.10819472913343,5.28179427721798,
235,56,"I",2,4.50750976580657,5.45489656882738,"I",2,4.50750976580657,5.45489656882738,
235,57,"iv",3,5.24207069942904,5.35575359877211,"iv",3,5.24207069942904,5.35575359877211,
,,,,,,,,,,
236,47,"II",4,1.84470195563592,4.5698028738094,"II",4,1.84470195563592,4.5698028738094,
236,48,"V",5,3.24316910000851,4.49591193161619,"V",5,3.24316910000851,4.49591193161619,
236,49,"I",5,2.27348102634849,4.50862641594303,"I",5,2.27348102634849,4.50862641594303,
236,50,"#io",5,7.4374051515395,3.91207025148671,"#io",5,7.4374051515395,3.91207025148671,
236,51,"vii",3,7.20787563067529,3.88245695387891,"vii",3,7.20787563067529,3.88245695387891,
236,52,"#io",1,6.73536989608108,5.37387134302661,"#ivo",1,6.66825570022254,5.37387134302661,0.0671141958585366
236,53,"#io",1,7.11217055761599,4.25394060589979,"#io",1,6.91728524503528,4.95353538014776,
236,54,"V",1,2.60866028002009,4.25394060589979,"V",1,2.60866028002009,4.25394060589979,
236,55,"I",2,5.10819472913343,5.28179427721798,"I",2,5.10819472913343,5.28179427721798,
236,56,"I",2,4.50750976580657,5.45489656882738,"I",2,4.50750976580657,5.45489656882738,
236,57,"iv",3,5.24207069942904,5.35575359877211,"iv",3,5.24207069942904,5.35575359877211,
,,,,,,,,,,
237,48,"V",5,3.24316910000851,4.49591193161619,"V",5,3.24316910000851,4.49591193161619,
237,49,"I",5,2.27348102634849,4.50862641594303,"I",5,2.27348102634849,4.50862641594303,
237,50,"#io",5,7.4374051515395,3.91207025148671,"#io",5,7.4374051515395,3.91207025148671,
237,51,"vii",3,7.20787563067529,3.88245695387891,"vii",3,7.20787563067529,3.88245695387891,
237,52,"#io",1,6.73536989608108,5.37387134302661,"#io",1,6.73536989608108,5.37387134302661,
237,53,"#io",1,7.11217055761599,4.25394060589979,"V+",1,7.04505636175745,4.25394060589979,0.0671141958585366
237,54,"V",1,2.60866028002009,4.25394060589979,"V",1,6.03030728713906,5.18023301555516,
237,55,"I",2,5.10819472913343,5.28179427721798,"I",1,4.8860650492582,5.46956356854853,
237,56,"I",2,4.50750976580657,5.45489656882738,"I",2,4.50750976580657,5.45489656882738,
237,57,"iv",3,5.24207069942904,5.35575359877211,"iv",3,5.24207069942904,5.35575359877211,
237,58,"i",4,6.29015841478751,4.6189632082906,"i",4,6.29015841478751,4.6189632082906,
,,,,,,,,,,
238,48,"V",5,3.24316910000851,4.49591193161619,"V",5,3.24316910000851,4.49591193161619,
238,49,"I",5,2.27348102634849,4.50862641594303,"I",5,2.27348102634849,4.50862641594303,
238,50,"#io",5,7.4374051515395,3.91207025148671,"#io",5,7.4374051515395,3.91207025148671,
238,51,"vii",3,7.20787563067529,3.88245695387891,"vii",3,7.20787563067529,3.88245695387891,
238,52,"#io",1,6.73536989608108,5.37387134302661,"#io",1,6.73536989608108,5.37387134302661,
238,53,"#io",1,7.11217055761599,4.25394060589979,"#ivo",1,7.04505636175745,4.25394060589979,0.0671141958585366
238,54,"V",1,2.60866028002009,4.25394060589979,"V",1,2.75096937146963,4.95353538014776,
238,55,"I",2,5.10819472913343,5.28179427721798,"I",2,3.43026047201554,5.24481443444353,
238,56,"I",2,4.50750976580657,5.45489656882738,"I",3,4.70705652142036,5.2988012789701,
238,57,"iv",3,5.24207069942904,5.35575359877211,"iv",3,5.24207069942904,5.35575359877211,
238,58,"i",4,6.29015841478751,4.6189632082906,"i",4,6.29015841478751,4.6189632082906,
,,,,,,,,,,
239,78,"II",4,1.84470195563592,4.5698028738094,"II",4,1.84470195563592,4.5698028738094,
239,79,"V",5,3.24316910000851,4.49591193161619,"V",5,3.24316910000851,4.49591193161619,
239,80,"I",5,2.27348102634849,4.50862641594303,"I",5,2.27348102634849,4.50862641594303,
239,81,"#io",5,7.4374051515395,3.91207025148671,"#io",5,7.4374051515395,3.91207025148671,
239,82,"vii",3,7.20787563067529,3.88245695387891,"vii",3,7.20787563067529,3.88245695387891,
239,83,"#io",1,6.73536989608108,5.37387134302661,"V+",1,6.66825570022254,5.37387134302661,0.0671141958585366
239,84,"#io",1,7.11217055761599,4.25394060589979,"#io",1,6.57658931969615,5.18023301555516,
239,85,"VII",1,6.96016746417094,4.25394060589979,"VII",1,6.96016746417094,4.25394060589979,
239,86,"III",1,4.94929138986516,5.35241960075509,"III",1,4.94929138986516,5.35241960075509,
239,87,"VI",2,5.29057463595965,4.48938756125396,"VI",2,5.29057463595965,4.48938756125396,
239,88,"II",2,4.09933569298607,5.13032405207678,"II",2,4.09933569298607,5.13032405207678,
,,,,,,,,,,
240,78,"II",4,1.84470195563592,4.5698028738094,"II",4,1.84470195563592,4.5698028738094,
240,79,"V",5,3.24316910000851,4.49591193161619,"V",5,3.24316910000851,4.49591193161619,
240,80,"I",5,2.27348102634849,4.50862641594303,"I",5,2.27348102634849,4.50862641594303,
240,81,"#io",5,7.4374051515395,3.91207025148671,"#io",5,7.4374051515395,3.91207025148671,
240,82,"vii",3,7.20787563067529,3.88245695387891,"vii",3,7.20787563067529,3.88245695387891,
240,83,"#io",1,6.73536989608108,5.37387134302661,"#ivo",1,6.66825570022254,5.37387134302661,0.0671141958585366
240,84,"#io",1,7.11217055761599,4.25394060589979,"#io",1,6.91728524503528,4.95353538014776,
240,85,"VII",1,6.96016746417094,4.25394060589979,"VII",1,6.96016746417094,4.25394060589979,
240,86,"III",1,4.94929138986516,5.35241960075509,"III",1,4.94929138986516,5.35241960075509,
240,87,"VI",2,5.29057463595965,4.48938756125396,"VI",2,5.29057463595965,4.48938756125396,
240,88,"II",2,4.09933569298607,5.13032405207678,"II",2,4.09933569298607,5.13032405207678,
,,,,,,,,,,
241,79,"V",5,3.24316910000851,4.49591193161619,"V",5,3.24316910000851,4.49591193161619,
241,80,"I",5,2.27348102634849,4.50862641594303,"I",5,2.27348102634849,4.50862641594303,
241,81,"#io",5,7.4374051515395,3.91207025148671,"#io",5,7.4374051515395,3.91207025148671,
241,82,"vii",3,7.20787563067529,3.88245695387891,"vii",3,7.20787563067529,3.88245695387891,
241,83,"#io",1,6.73536989608108,5.37387134302661,"#io",1,6.73536989608108,5.37387134302661,
241,84,"#io",1,7.11217055761599,4.25394060589979,"V+",1,7.04505636175745,4.25394060589979,0.0671141958585366
241,85,"VII",1,6.96016746417094,4.25394060589979,"VII",1,6.4245862262511,5.18023301555516,
241,86,"III",1,4.94929138986516,5.35241960075509,"III",1,4.94929138986516,5.35241960075509,
241,87,"VI",2,5.29057463595965,4.48938756125396,"VI",2,5.29057463595965,4.48938756125396,
241,88,"II",2,4.09933569298607,5.13032405207678,"II",2,4.09933569298607,5.13032405207678,
241,89,"VI",3,4.41383215898672,4.59862581504416,"VI",3,4.41383215898672,4.59862581504416,
,,,,,,,,,,
242,79,"V",5,3.24316910000851,4.49591193161619,"V",5,3.24316910000851,4.49591193161619,
242,80,"I",5,2.27348102634849,4.50862641594303,"I",5,2.27348102634849,4.50862641594303,
242,81,"#io",5,7.4374051515395,3.91207025148671,"#io",5,7.4374051515395,3.91207025148671,
242,82,"vii",3,7.20787563067529,3.88245695387891,"vii",3,7.20787563067529,3.88245695387891,
242,83,"#io",1,6.73536989608108,5.37387134302661,"#io",1,6.73536989608108,5.37387134302661,
242,84,"#io",1,7.11217055761599,4.25394060589979,"#ivo",1,7.04505636175745,4.25394060589979,0.0671141958585366
242,85,"VII",1,6.96016746417094,4.25394060589979,"VII",1,4.77648928026993,4.95353538014776,
242,86,"III",1,4.94929138986516,5.35241960075509,"III",2,5.4661388300436,4.45464224093192,
242,87,"VI",2,5.29057463595965,4.48938756125396,"VI",2,5.29057463595965,4.48938756125396,
242,88,"II",2,4.09933569298607,5.13032405207678,"II",2,4.09933569298607,5.13032405207678,
242,89,"VI",3,4.41383215898672,4.59862581504416,"VI",3,4.41383215898672,4.59862581504416,
,,,,,,,,,,
243,90,"II",3,2.70399057299607,4.97850199558676,"II",3,2.70399057299607,4.97850199558676,
243,91,"-VI",4,6.51003108819735,4.88113787240782,"-VI",4,6.51003108819735,4.88113787240782,
243,92,"-II",2,5.92704446074321,5.16782341190319,"-II",2,5.92704446074321,5.16782341190319,
243,93,"#io",2,6.98923679378414,5.03211245088812,"#io",2,6.98923679378414,5.03211245088812,
243,94,"vii",1,7.00198763986557,4.25394060589979,"vii",1,7.00198763986557,4.25394060589979,
243,95,"#io",1,6.73536989608108,5.37387134302661,"V+",1,6.66825570022254,5.37387134302661,0.0671141958585366
243,96,"#io",1,7.11217055761599,4.25394060589979,"#io",1,6.57658931969615,5.18023301555516,
243,97,"V",1,2.60866028002009,4.25394060589979,"V",1,2.60866028002009,4.25394060589979,
243,98,"I",2,5.10819472913343,5.28179427721798,"I",2,5.10819472913343,5.28179427721798,
243,99,"I",2,4.50750976580657,5.45489656882738,"I",2,4.50750976580657,5.45489656882738,
243,100,"iv",3,5.24207069942904,5.35575359877211,"iv",3,5.24207069942904,5.35575359877211,
,,,,,,,,,,
244,90,"II",3,2.70399057299607,4.97850199558676,"II",3,2.70399057299607,4.97850199558676,
244,91,"-VI",4,6.51003108819735,4.88113787240782,"-VI",4,6.51003108819735,4.88113787240782,
244,92,"-II",2,5.92704446074321,5.16782341190319,"-II",2,5.92704446074321,5.16782341190319,
244,93,"#io",2,6.98923679378414,5.03211245088812,"#io",2,6.98923679378414,5.03211245088812,
244,94,"vii",1,7.00198763986557,4.25394060589979,"vii",1,7.00198763986557,4.25394060589979,
244,95,"#io",1,6.73536989608108,5.37387134302661,"#ivo",1,6.66825570022254,5.37387134302661,0.0671141958585366
244,96,"#io",1,7.11217055761599,4.25394060589979,"#io",1,6.91728524503528,4.95353538014776,
244,97,"V",1,2.60866028002009,4.25394060589979,"V",1,2.60866028002009,4.25394060589979,
244,98,"I",2,5.10819472913343,5.28179427721798,"I",2,5.10819472913343,5.28179427721798,
244,99,"I",2,4.50750976580657,5.45489656882738,"I",2,4.50750976580657,5.45489656882738,
244,100,"iv",3,5.24207069942904,5.35575359877211,"iv",3,5.24207069942904,5.35575359877211,
,,,,,,,,,,
245,91,"-VI",4,6.51003108819735,4.88113787240782,"-VI",4,6.51003108819735,4.88113787240782,
245,92,"-II",2,5.92704446074321,5.16782341190319,"-II",2,5.92704446074321,5.16782341190319,
245,93,"#io",2,6.98923679378414,5.03211245088812,"#io",2,6.98923679378414,5.03211245088812,
245,94,"vii",1,7.00198763986557,4.25394060589979,"vii",1,7.00198763986557,4.25394060589979,
245,95,"#io",1,6.73536989608108,5.37387134302661,"#io",1,6.73536989608108,5.37387134302661,
245,96,"#io",1,7.11217055761599,4.25394060589979,"V+",1,7.04505636175745,4.25394060589979,0.0671141958585366
245,97,"V",1,2.60866028002009,4.25394060589979,"V",1,6.03030728713906,5.18023301555516,
245,98,"I",2,5.10819472913343,5.28179427721798,"I",1,4.8860650492582,5.46956356854853,
245,99,"I",2,4.50750976580657,5.45489656882738,"I",2,4.50750976580657,5.45489656882738,
245,100,"iv",3,5.24207069942904,5.35575359877211,"iv",3,5.24207069942904,5.35575359877211,
245,101,"I",4,3.7569489728767,4.6189632082906,"I",4,3.7569489728767,4.6189632082906,
,,,,,,,,,,
246,91,"-VI",4,6.51003108819735,4.88113787240782,"-VI",4,6.51003108819735,4.88113787240782,
246,92,"-II",2,5.92704446074321,5.16782341190319,"-II",2,5.92704446074321,5.16782341190319,
246,93,"#io",2,6.98923679378414,5.03211245088812,"#io",2,6.98923679378414,5.03211245088812,
246,94,"vii",1,7.00198763986557,4.25394060589979,"vii",1,7.00198763986557,4.25394060589979,
246,95,"#io",1,6.73536989608108,5.37387134302661,"#io",1,6.73536989608108,5.37387134302661,
246,96,"#io",1,7.11217055761599,4.25394060589979,"#ivo",1,7.04505636175745,4.25394060589979,0.0671141958585366
246,97,"V",1,2.60866028002009,4.25394060589979,"V",1,2.75096937146963,4.95353538014776,
246,98,"I",2,5.10819472913343,5.28179427721798,"I",2,3.43026047201554,5.24481443444353,
246,99,"I",2,4.50750976580657,5.45489656882738,"I",3,4.70705652142036,5.2988012789701,
246,100,"iv",3,5.24207069942904,5.35575359877211,"iv",3,5.24207069942904,5.35575359877211,
246,101,"I",4,3.7569489728767,4.6189632082906,"I",4,3.7569489728767,4.6189632082906,
,,,,,,,,,,
247,88,"II",2,4.09933569298607,5.13032405207678,"II",2,4.09933569298607,5.13032405207678,
247,89,"VI",3,4.41383215898672,4.59862581504416,"VI",3,4.41383215898672,4.59862581504416,
247,90,"II",3,2.70399057299607,4.97850199558676,"II",3,2.70399057299607,4.97850199558676,
247,91,"-VI",4,6.51003108819735,4.88113787240782,"-VI",4,6.51003108819735,4.88113787240782,
247,92,"-II",2,5.92704446074321,5.16782341190319,"-II",2,5.92704446074321,5.16782341190319,
247,93,"#io",2,6.98923679378414,5.03211245088812,"V+",2,6.9221225979256,5.03211245088812,0.0671141958585375
247,94,"vii",1,7.00198763986557,4.25394060589979,"vii",1,6.46640640194573,5.18023301555516,
247,95,"#io",1,6.73536989608108,5.37387134302661,"#io",1,6.73536989608108,5.37387134302661,
247,96,"#io",1,7.11217055761599,4.25394060589979,"#io",1,7.11217055761599,4.25394060589979,
247,97,"V",1,2.60866028002009,4.25394060589979,"V",1,2.60866028002009,4.25394060589979,
247,98,"I",2,5.10819472913343,5.28179427721798,"I",2,5.10819472913343,5.28179427721798,
,,,,,,,,,,
248,88,"II",2,4.09933569298607,5.13032405207678,"II",2,4.09933569298607,5.13032405207678,
248,89,"VI",3,4.41383215898672,4.59862581504416,"VI",3,4.41383215898672,4.59862581504416,
248,90,"II",3,2.70399057299607,4.97850199558676,"II",3,2.70399057299607,4.97850199558676,
248,91,"-VI",4,6.51003108819735,4.88113787240782,"-VI",4,6.51003108819735,4.88113787240782,
248,92,"-II",2,5.92704446074321,5.16782341190319,"-II",2,5.92704446074321,5.16782341190319,
248,93,"#io",2,6.98923679378414,5.03211245088812,"#ivo",2,6.9221225979256,5.03211245088812,0.0671141958585375
248,94,"vii",1,7.00198763986557,4.25394060589979,"vii",1,6.80710232728485,4.95353538014776,
248,95,"#io",1,6.73536989608108,5.37387134302661,"#io",1,6.73536989608108,5.37387134302661,
248,96,"#io",1,7.11217055761599,4.25394060589979,"#io",1,7.11217055761599,4.25394060589979,
248,97,"V",1,2.60866028002009,4.25394060589979,"V",1,2.60866028002009,4.25394060589979,
248,98,"I",2,5.10819472913343,5.28179427721798,"I",2,5.10819472913343,5.28179427721798,
,,,,,,,,,,
249,22,"II",4,1.84470195563592,4.5698028738094,"II",4,1.84470195563592,4.5698028738094,
249,23,"V",5,3.24316910000851,4.49591193161619,"V",5,3.24316910000851,4.49591193161619,
249,24,"I",5,2.27348102634849,4.50862641594303,"I",5,2.27348102634849,4.50862641594303,
249,25,"#io",5,7.4374051515395,3.91207025148671,"#io",5,7.4374051515395,3.91207025148671,
249,26,"vii",3,7.20787563067529,3.88245695387891,"vii",3,7.20787563067529,3.88245695387891,
249,27,"#io",1,6.73536989608108,5.37387134302661,"#iio",1,6.80575922397248,5.37387134302661,0.0703893278913981
249,28,"#io",1,7.11217055761599,4.25394060589979,"#io",1,6.58734593929546,5.1196426498347,
249,29,"V",1,2.60866028002009,4.25394060589979,"V",1,2.60866028002009,4.25394060589979,
249,30,"I",2,5.10819472913343,5.28179427721798,"I",2,5.10819472913343,5.28179427721798,
249,31,"I",2,4.50750976580657,5.45489656882738,"I",2,4.50750976580657,5.45489656882738,
249,32,"iv",3,5.24207069942904,5.35575359877211,"iv",3,5.24207069942904,5.35575359877211,
,,,,,,,,,,
250,22,"II",4,1.84470195563592,4.5698028738094,"II",4,1.84470195563592,4.5698028738094,
250,23,"V",5,3.24316910000851,4.49591193161619,"V",5,3.24316910000851,4.49591193161619,
250,24,"I",5,2.27348102634849,4.50862641594303,"I",5,2.27348102634849,4.50862641594303,
250,25,"#io",5,7.4374051515395,3.91207025148671,"#io",5,7.4374051515395,3.91207025148671,
250,26,"vii",3,7.20787563067529,3.88245695387891,"vii",3,7.20787563067529,3.88245695387891,
250,27,"#io",1,6.73536989608108,5.37387134302661,"-II+",1,6.80575922397248,5.37387134302661,0.0703893278913981
250,28,"#io",1,7.11217055761599,4.25394060589979,"#io",1,6.58853618360097,5.12144717012166,
250,29,"V",1,2.60866028002009,4.25394060589979,"V",1,2.60866028002009,4.25394060589979,
250,30,"I",2,5.10819472913343,5.28179427721798,"I",2,5.10819472913343,5.28179427721798,
250,31,"I",2,4.50750976580657,5.45489656882738,"I",2,4.50750976580657,5.45489656882738,
250,32,"iv",3,5.24207069942904,5.35575359877211,"iv",3,5.24207069942904,5.35575359877211,
,,,,,,,,,,
251,22,"II",4,1.84470195563592,4.5698028738094,"II",4,1.84470195563592,4.5698028738094,
251,23,"V",5,3.24316910000851,4.49591193161619,"V",5,3.24316910000851,4.49591193161619,
251,24,"I",5,2.27348102634849,4.50862641594303,"I",5,2.27348102634849,4.50862641594303,
251,25,"#io",5,7.4374051515395,3.91207025148671,"#io",5,7.4374051515395,3.91207025148671,
251,26,"vii",3,7.20787563067529,3.88245695387891,"vii",3,7.20787563067529,3.88245695387891,
251,27,"#io",1,6.73536989608108,5.37387134302661,"#II",1,6.80575922397248,5.37387134302661,0.0703893278913981
251,28,"#io",1,7.11217055761599,4.25394060589979,"#io",1,6.59305017753088,5.12464752733778,
251,29,"V",1,2.60866028002009,4.25394060589979,"V",1,2.60866028002009,4.25394060589979,
251,30,"I",2,5.10819472913343,5.28179427721798,"I",2,5.10819472913343,5.28179427721798,
251,31,"I",2,4.50750976580657,5.45489656882738,"I",2,4.50750976580657,5.45489656882738,
251,32,"iv",3,5.24207069942904,5.35575359877211,"iv",3,5.24207069942904,5.35575359877211,
,,,,,,,,,,
252,22,"II",4,1.84470195563592,4.5698028738094,"II",4,1.84470195563592,4.5698028738094,
252,23,"V",5,3.24316910000851,4.49591193161619,"V",5,3.24316910000851,4.49591193161619,
252,24,"I",5,2.27348102634849,4.50862641594303,"I",5,2.27348102634849,4.50862641594303,
252,25,"#io",5,7.4374051515395,3.91207025148671,"#io",5,7.4374051515395,3.91207025148671,
252,26,"vii",3,7.20787563067529,3.88245695387891,"vii",3,7.20787563067529,3.88245695387891,
252,27,"#io",1,6.73536989608108,5.37387134302661,"-iio",1,6.80575922397248,5.37387134302661,0.0703893278913981
252,28,"#io",1,7.11217055761599,4.25394060589979,"#io",1,6.57706909856352,5.21425766751517,
252,29,"V",1,2.60866028002009,4.25394060589979,"V",1,2.60866028002009,4.25394060589979,
252,30,"I",2,5.10819472913343,5.28179427721798,"I",2,5.10819472913343,5.28179427721798,
252,31,"I",2,4.50750976580657,5.45489656882738,"I",2,4.50750976580657,5.45489656882738,
252,32,"iv",3,5.24207069942904,5.35575359877211,"iv",3,5.24207069942904,5.35575359877211,
,,,,,,,,,,
253,22,"II",4,1.84470195563592,4.5698028738094,"II",4,1.84470195563592,4.5698028738094,
253,23,"V",5,3.24316910000851,4.49591193161619,"V",5,3.24316910000851,4.49591193161619,
253,24,"I",5,2.27348102634849,4.50862641594303,"I",5,2.27348102634849,4.50862641594303,
253,25,"#io",5,7.4374051515395,3.91207025148671,"#io",5,7.4374051515395,3.91207025148671,
253,26,"vii",3,7.20787563067529,3.88245695387891,"vii",3,7.20787563067529,3.88245695387891,
253,27,"#io",1,6.73536989608108,5.37387134302661,"io",1,6.80575922397248,5.37387134302661,0.0703893278913981
253,28,"#io",1,7.11217055761599,4.25394060589979,"#io",1,6.68353308634499,5.07129736401692,
253,29,"V",1,2.60866028002009,4.25394060589979,"V",1,2.60866028002009,4.25394060589979,
253,30,"I",2,5.10819472913343,5.28179427721798,"I",2,5.10819472913343,5.28179427721798,
253,31,"I",2,4.50750976580657,5.45489656882738,"I",2,4.50750976580657,5.45489656882738,
253,32,"iv",3,5.24207069942904,5.35575359877211,"iv",3,5.24207069942904,5.35575359877211,
,,,,,,,,,,
254,22,"II",4,1.84470195563592,4.5698028738094,"II",4,1.84470195563592,4.5698028738094,
254,23,"V",5,3.24316910000851,4.49591193161619,"V",5,3.24316910000851,4.49591193161619,
254,24,"I",5,2.27348102634849,4.50862641594303,"I",5,2.27348102634849,4.50862641594303,
254,25,"#io",5,7.4374051515395,3.91207025148671,"#io",5,7.4374051515395,3.91207025148671,
254,26,"vii",3,7.20787563067529,3.88245695387891,"vii",3,7.20787563067529,3.88245695387891,
254,27,"#io",1,6.73536989608108,5.37387134302661,"III+",1,6.80575922397248,5.37387134302661,0.0703893278913981
254,28,"#io",1,7.11217055761599,4.25394060589979,"#io",1,6.88632562082153,4.33385203560444,
254,29,"V",1,2.60866028002009,4.25394060589979,"V",1,2.60866028002009,4.25394060589979,
254,30,"I",2,5.10819472913343,5.28179427721798,"I",2,5.10819472913343,5.28179427721798,
254,31,"I",2,4.50750976580657,5.45489656882738,"I",2,4.50750976580657,5.45489656882738,
254,32,"iv",3,5.24207069942904,5.35575359877211,"iv",3,5.24207069942904,5.35575359877211,
,,,,,,,,,,
255,22,"II",4,1.84470195563592,4.5698028738094,"II",4,1.84470195563592,4.5698028738094,
255,23,"V",5,3.24316910000851,4.49591193161619,"V",5,3.24316910000851,4.49591193161619,
255,24,"I",5,2.27348102634849,4.50862641594303,"I",5,2.27348102634849,4.50862641594303,
255,25,"#io",5,7.4374051515395,3.91207025148671,"#io",5,7.4374051515395,3.91207025148671,
255,26,"vii",3,7.20787563067529,3.88245695387891,"vii",3,7.20787563067529,3.88245695387891,
255,27,"#io",1,6.73536989608108,5.37387134302661,"-i",1,6.80575922397248,5.37387134302661,0.0703893278913981
255,28,"#io",1,7.11217055761599,4.25394060589979,"#io",1,6.59043853435084,5.12268325861485,
255,29,"V",1,2.60866028002009,4.25394060589979,"V",1,2.60866028002009,4.25394060589979,
255,30,"I",2,5.10819472913343,5.28179427721798,"I",2,5.10819472913343,5.28179427721798,
255,31,"I",2,4.50750976580657,5.45489656882738,"I",2,4.50750976580657,5.45489656882738,
255,32,"iv",3,5.24207069942904,5.35575359877211,"iv",3,5.24207069942904,5.35575359877211,
,,,,,,,,,,
256,23,"V",5,3.24316910000851,4.49591193161619,"V",5,3.24316910000851,4.49591193161619,
256,24,"I",5,2.27348102634849,4.50862641594303,"I",5,2.27348102634849,4.50862641594303,
256,25,"#io",5,7.4374051515395,3.91207025148671,"#io",5,7.4374051515395,3.91207025148671,
256,26,"vii",3,7.20787563067529,3.88245695387891,"vii",3,7.20787563067529,3.88245695387891,
256,27,"#io",1,6.73536989608108,5.37387134302661,"#io",1,6.73536989608108,5.37387134302661,
256,28,"#io",1,7.11217055761599,4.25394060589979,"#iio",1,7.18255988550739,4.25394060589979,0.0703893278913981
256,29,"V",1,2.60866028002009,4.25394060589979,"V",1,6.04106390673836,5.1196426498347,
256,30,"I",2,5.10819472913343,5.28179427721798,"I",1,4.8860650492582,5.46956356854853,
256,31,"I",2,4.50750976580657,5.45489656882738,"I",2,4.50750976580657,5.45489656882738,
256,32,"iv",3,5.24207069942904,5.35575359877211,"iv",3,5.24207069942904,5.35575359877211,
256,33,"i",4,6.29015841478751,4.6189632082906,"i",4,6.29015841478751,4.6189632082906,
,,,,,,,,,,
257,23,"V",5,3.24316910000851,4.49591193161619,"V",5,3.24316910000851,4.49591193161619,
257,24,"I",5,2.27348102634849,4.50862641594303,"I",5,2.27348102634849,4.50862641594303,
257,25,"#io",5,7.4374051515395,3.91207025148671,"#io",5,7.4374051515395,3.91207025148671,
257,26,"vii",3,7.20787563067529,3.88245695387891,"vii",3,7.20787563067529,3.88245695387891,
257,27,"#io",1,6.73536989608108,5.37387134302661,"#io",1,6.73536989608108,5.37387134302661,
257,28,"#io",1,7.11217055761599,4.25394060589979,"-II+",1,7.18255988550739,4.25394060589979,0.0703893278913981
257,29,"V",1,2.60866028002009,4.25394060589979,"V",1,6.04225415104388,5.12144717012166,
257,30,"I",2,5.10819472913343,5.28179427721798,"I",1,4.8860650492582,5.46956356854853,
257,31,"I",2,4.50750976580657,5.45489656882738,"I",2,4.50750976580657,5.45489656882738,
257,32,"iv",3,5.24207069942904,5.35575359877211,"iv",3,5.24207069942904,5.35575359877211,
257,33,"i",4,6.29015841478751,4.6189632082906,"i",4,6.29015841478751,4.6189632082906,
,,,,,,,,,,
258,23,"V",5,3.24316910000851,4.49591193161619,"V",5,3.24316910000851,4.49591193161619,
258,24,"I",5,2.27348102634849,4.50862641594303,"I",5,2.27348102634849,4.50862641594303,
258,25,"#io",5,7.4374051515395,3.91207025148671,"#io",5,7.4374051515395,3.91207025148671,
258,26,"vii",3,7.20787563067529,3.88245695387891,"vii",3,7.20787563067529,3.88245695387891,
258,27,"#io",1,6.73536989608108,5.37387134302661,"#io",1,6.73536989608108,5.37387134302661,
258,28,"#io",1,7.11217055761599,4.25394060589979,"#II",1,7.18255988550739,4.25394060589979,0.0703893278913981
258,29,"V",1,2.60866028002009,4.25394060589979,"V",1,6.04676814497379,5.12464752733778,
258,30,"I",2,5.10819472913343,5.28179427721798,"I",1,4.8860650492582,5.46956356854853,
258,31,"I",2,4.50750976580657,5.45489656882738,"I",2,4.50750976580657,5.45489656882738,
258,32,"iv",3,5.24207069942904,5.35575359877211,"iv",3,5.24207069942904,5.35575359877211,
258,33,"i",4,6.29015841478751,4.6189632082906,"i",4,6.29015841478751,4.6189632082906,
,,,,,,,,,,
259,23,"V",5,3.24316910000851,4.49591193161619,"V",5,3.24316910000851,4.49591193161619,
259,24,"I",5,2.27348102634849,4.50862641594303,"I",5,2.27348102634849,4.50862641594303,
259,25,"#io",5,7.4374051515395,3.91207025148671,"#io",5,7.4374051515395,3.91207025148671,
259,26,"vii",3,7.20787563067529,3.88245695387891,"vii",3,7.20787563067529,3.88245695387891,
259,27,"#io",1,6.73536989608108,5.37387134302661,"#io",1,6.73536989608108,5.37387134302661,
259,28,"#io",1,7.11217055761599,4.25394060589979,"-iio",1,7.18255988550739,4.25394060589979,0.0703893278913981
259,29,"V",1,2.60866028002009,4.25394060589979,"V",1,6.03078706600643,5.21425766751517,
259,30,"I",2,5.10819472913343,5.28179427721798,"I",1,4.8860650492582,5.46956356854853,
259,31,"I",2,4.50750976580657,5.45489656882738,"I",2,4.50750976580657,5.45489656882738,
259,32,"iv",3,5.24207069942904,5.35575359877211,"iv",3,5.24207069942904,5.35575359877211,
259,33,"i",4,6.29015841478751,4.6189632082906,"i",4,6.29015841478751,4.6189632082906,
,,,,,,,,,,
260,23,"V",5,3.24316910000851,4.49591193161619,"V",5,3.24316910000851,4.49591193161619,
260,24,"I",5,2.27348102634849,4.50862641594303,"I",5,2.27348102634849,4.50862641594303,
260,25,"#io",5,7.4374051515395,3.91207025148671,"#io",5,7.4374051515395,3.91207025148671,
260,26,"vii",3,7.20787563067529,3.88245695387891,"vii",3,7.20787563067529,3.88245695387891,
260,27,"#io",1,6.73536989608108,5.37387134302661,"#io",1,6.73536989608108,5.37387134302661,
260,28,"#io",1,7.11217055761599,4.25394060589979,"io",1,7.18255988550739,4.25394060589979,0.0703893278913981
260,29,"V",1,2.60866028002009,4.25394060589979,"V",1,3.59831708411114,5.07129736401692,
260,30,"I",2,5.10819472913343,5.28179427721798,"I",2,2.5136485758695,5.15694834733132,
260,31,"I",2,4.50750976580657,5.45489656882738,"I",3,3.45582307051428,5.30579029676151,
260,32,"iv",3,5.24207069942904,5.35575359877211,"iv",4,5.44741870875166,5.07407066354491,
260,33,"i",4,6.29015841478751,4.6189632082906,"i",4,6.29015841478751,4.6189632082906,
,,,,,,,,,,
261,23,"V",5,3.24316910000851,4.49591193161619,"V",5,3.24316910000851,4.49591193161619,
261,24,"I",5,2.27348102634849,4.50862641594303,"I",5,2.27348102634849,4.50862641594303,
261,25,"#io",5,7.4374051515395,3.91207025148671,"#io",5,7.4374051515395,3.91207025148671,
261,26,"vii",3,7.20787563067529,3.88245695387891,"vii",3,7.20787563067529,3.88245695387891,
261,27,"#io",1,6.73536989608108,5.37387134302661,"#io",1,6.73536989608108,5.37387134302661,
261,28,"#io",1,7.11217055761599,4.25394060589979,"III+",1,7.18255988550739,4.25394060589979,0.0703893278913981
261,29,"V",1,2.60866028002009,4.25394060589979,"V",1,6.34004358826444,4.33385203560444,
261,30,"I",2,5.10819472913343,5.28179427721798,"I",1,4.8860650492582,5.46956356854853,
261,31,"I",2,4.50750976580657,5.45489656882738,"I",2,4.50750976580657,5.45489656882738,
261,32,"iv",3,5.24207069942904,5.35575359877211,"iv",3,5.24207069942904,5.35575359877211,
261,33,"i",4,6.29015841478751,4.6189632082906,"i",4,6.29015841478751,4.6189632082906,
,,,,,,,,,,
262,23,"V",5,3.24316910000851,4.49591193161619,"V",5,3.24316910000851,4.49591193161619,
262,24,"I",5,2.27348102634849,4.50862641594303,"I",5,2.27348102634849,4.50862641594303,
262,25,"#io",5,7.4374051515395,3.91207025148671,"#io",5,7.4374051515395,3.91207025148671,
262,26,"vii",3,7.20787563067529,3.88245695387891,"vii",3,7.20787563067529,3.88245695387891,
262,27,"#io",1,6.73536989608108,5.37387134302661,"#io",1,6.73536989608108,5.37387134302661,
262,28,"#io",1,7.11217055761599,4.25394060589979,"-i",1,7.18255988550739,4.25394060589979,0.0703893278913981
262,29,"V",1,2.60866028002009,4.25394060589979,"V",1,6.04415650179374,5.12268325861485,
262,30,"I",2,5.10819472913343,5.28179427721798,"I",1,4.8860650492582,5.46956356854853,
262,31,"I",2,4.50750976580657,5.45489656882738,"I",2,4.50750976580657,5.45489656882738,
262,32,"iv",3,5.24207069942904,5.35575359877211,"iv",3,5.24207069942904,5.35575359877211,
262,33,"i",4,6.29015841478751,4.6189632082906,"i",4,6.29015841478751,4.6189632082906,
,,,,,,,,,,
263,47,"II",4,1.84470195563592,4.5698028738094,"II",4,1.84470195563592,4.5698028738094,
263,48,"V",5,3.24316910000851,4.49591193161619,"V",5,3.24316910000851,4.49591193161619,
263,49,"I",5,2.27348102634849,4.50862641594303,"I",5,2.27348102634849,4.50862641594303,
263,50,"#io",5,7.4374051515395,3.91207025148671,"#io",5,7.4374051515395,3.91207025148671,
263,51,"vii",3,7.20787563067529,3.88245695387891,"vii",3,7.20787563067529,3.88245695387891,
263,52,"#io",1,6.73536989608108,5.37387134302661,"#iio",1,6.80575922397248,5.37387134302661,0.0703893278913981
263,53,"#io",1,7.11217055761599,4.25394060589979,"#io",1,6.58734593929546,5.1196426498347,
263,54,"V",1,2.60866028002009,4.25394060589979,"V",1,2.60866028002009,4.25394060589979,
263,55,"I",2,5.10819472913343,5.28179427721798,"I",2,5.10819472913343,5.28179427721798,
263,56,"I",2,4.50750976580657,5.45489656882738,"I",2,4.50750976580657,5.45489656882738,
263,57,"iv",3,5.24207069942904,5.35575359877211,"iv",3,5.24207069942904,5.35575359877211,
,,,,,,,,,,
264,47,"II",4,1.84470195563592,4.5698028738094,"II",4,1.84470195563592,4.5698028738094,
264,48,"V",5,3.24316910000851,4.49591193161619,"V",5,3.24316910000851,4.49591193161619,
264,49,"I",5,2.27348102634849,4.50862641594303,"I",5,2.27348102634849,4.50862641594303,
264,50,"#io",5,7.4374051515395,3.91207025148671,"#io",5,7.4374051515395,3.91207025148671,
264,51,"vii",3,7.20787563067529,3.88245695387891,"vii",3,7.20787563067529,3.88245695387891,
264,52,"#io",1,6.73536989608108,5.37387134302661,"-II+",1,6.80575922397248,5.37387134302661,0.0703893278913981
264,53,"#io",1,7.11217055761599,4.25394060589979,"#io",1,6.58853618360097,5.12144717012166,
264,54,"V",1,2.60866028002009,4.25394060589979,"V",1,2.60866028002009,4.25394060589979,
264,55,"I",2,5.10819472913343,5.28179427721798,"I",2,5.10819472913343,5.28179427721798,
264,56,"I",2,4.50750976580657,5.45489656882738,"I",2,4.50750976580657,5.45489656882738,
264,57,"iv",3,5.24207069942904,5.35575359877211,"iv",3,5.24207069942904,5.35575359877211,
,,,,,,,,,,
265,47,"II",4,1.84470195563592,4.5698028738094,"II",4,1.84470195563592,4.5698028738094,
265,48,"V",5,3.24316910000851,4.49591193161619,"V",5,3.24316910000851,4.49591193161619,
265,49,"I",5,2.27348102634849,4.50862641594303,"I",5,2.27348102634849,4.50862641594303,
265,50,"#io",5,7.4374051515395,3.91207025148671,"#io",5,7.4374051515395,3.91207025148671,
265,51,"vii",3,7.20787563067529,3.88245695387891,"vii",3,7.20787563067529,3.88245695387891,
265,52,"#io",1,6.73536989608108,5.37387134302661,"#II",1,6.80575922397248,5.37387134302661,0.0703893278913981
265,53,"#io",1,7.11217055761599,4.25394060589979,"#io",1,6.59305017753088,5.12464752733778,
265,54,"V",1,2.60866028002009,4.25394060589979,"V",1,2.60866028002009,4.25394060589979,
265,55,"I",2,5.10819472913343,5.28179427721798,"I",2,5.10819472913343,5.28179427721798,
265,56,"I",2,4.50750976580657,5.45489656882738,"I",2,4.50750976580657,5.45489656882738,
265,57,"iv",3,5.24207069942904,5.35575359877211,"iv",3,5.24207069942904,5.35575359877211,
,,,,,,,,,,
266,47,"II",4,1.84470195563592,4.5698028738094,"II",4,1.84470195563592,4.5698028738094,
266,48,"V",5,3.24316910000851,4.49591193161619,"V",5,3.24316910000851,4.49591193161619,
266,49,"I",5,2.27348102634849,4.50862641594303,"I",5,2.27348102634849,4.50862641594303,
266,50,"#io",5,7.4374051515395,3.91207025148671,"#io",5,7.4374051515395,3.91207025148671,
266,51,"vii",3,7.20787563067529,3.88245695387891,"vii",3,7.20787563067529,3.88245695387891,
266,52,"#io",1,6.73536989608108,5.37387134302661,"-iio",1,6.80575922397248,5.37387134302661,0.0703893278913981
266,53,"#io",1,7.11217055761599,4.25394060589979,"#io",1,6.57706909856352,5.21425766751517,
266,54,"V",1,2.60866028002009,4.25394060589979,"V",1,2.60866028002009,4.25394060589979,
266,55,"I",2,5.10819472913343,5.28179427721798,"I",2,5.10819472913343,5.28179427721798,
266,56,"I",2,4.50750976580657,5.45489656882738,"I",2,4.50750976580657,5.45489656882738,
266,57,"iv",3,5.24207069942904,5.35575359877211,"iv",3,5.24207069942904,5.35575359877211,
,,,,,,,,,,
267,47,"II",4,1.84470195563592,4.5698028738094,"II",4,1.84470195563592,4.5698028738094,
267,48,"V",5,3.24316910000851,4.49591193161619,"V",5,3.24316910000851,4.49591193161619,
267,49,"I",5,2.27348102634849,4.50862641594303,"I",5,2.27348102634849,4.50862641594303,
267,50,"#io",5,7.4374051515395,3.91207025148671,"#io",5,7.4374051515395,3.91207025148671,
267,51,"vii",3,7.20787563067529,3.88245695387891,"vii",3,7.20787563067529,3.88245695387891,
267,52,"#io",1,6.73536989608108,5.37387134302661,"io",1,6.80575922397248,5.37387134302661,0.0703893278913981
267,53,"#io",1,7.11217055761599,4.25394060589979,"#io",1,6.68353308634499,5.07129736401692,
267,54,"V",1,2.60866028002009,4.25394060589979,"V",1,2.60866028002009,4.25394060589979,
267,55,"I",2,5.10819472913343,5.28179427721798,"I",2,5.10819472913343,5.28179427721798,
267,56,"I",2,4.50750976580657,5.45489656882738,"I",2,4.50750976580657,5.45489656882738,
267,57,"iv",3,5.24207069942904,5.35575359877211,"iv",3,5.24207069942904,5.35575359877211,
,,,,,,,,,,
268,47,"II",4,1.84470195563592,4.5698028738094,"II",4,1.84470195563592,4.5698028738094,
268,48,"V",5,3.24316910000851,4.49591193161619,"V",5,3.24316910000851,4.49591193161619,
268,49,"I",5,2.27348102634849,4.50862641594303,"I",5,2.27348102634849,4.50862641594303,
268,50,"#io",5,7.4374051515395,3.91207025148671,"#io",5,7.4374051515395,3.91207025148671,
268,51,"vii",3,7.20787563067529,3.88245695387891,"vii",3,7.20787563067529,3.88245695387891,
268,52,"#io",1,6.73536989608108,5.37387134302661,"III+",1,6.80575922397248,5.37387134302661,0.0703893278913981
268,53,"#io",1,7.11217055761599,4.25394060589979,"#io",1,6.88632562082153,4.33385203560444,
268,54,"V",1,2.60866028002009,4.25394060589979,"V",1,2.60866028002009,4.25394060589979,
268,55,"I",2,5.10819472913343,5.28179427721798,"I",2,5.10819472913343,5.28179427721798,
268,56,"I",2,4.50750976580657,5.45489656882738,"I",2,4.50750976580657,5.45489656882738,
268,57,"iv",3,5.24207069942904,5.35575359877211,"iv",3,5.24207069942904,5.35575359877211,
,,,,,,,,,,
269,47,"II",4,1.84470195563592,4.5698028738094,"II",4,1.84470195563592,4.5698028738094,
269,48,"V",5,3.24316910000851,4.49591193161619,"V",5,3.24316910000851,4.49591193161619,
269,49,"I",5,2.27348102634849,4.50862641594303,"I",5,2.27348102634849,4.50862641594303,
269,50,"#io",5,7.4374051515395,3.91207025148671,"#io",5,7.4374051515395,3.91207025148671,
269,51,"vii",3,7.20787563067529,3.88245695387891,"vii",3,7.20787563067529,3.88245695387891,
269,52,"#io",1,6.73536989608108,5.37387134302661,"-i",1,6.80575922397248,5.37387134302661,0.0703893278913981
269,53,"#io",1,7.11217055761599,4.25394060589979,"#io",1,6.59043853435084,5.12268325861485,
269,54,"V",1,2.60866028002009,4.25394060589979,"V",1,2.60866028002009,4.25394060589979,
269,55,"I",2,5.10819472913343,5.28179427721798,"I",2,5.10819472913343,5.28179427721798,
269,56,"I",2,4.50750976580657,5.45489656882738,"I",2,4.50750976580657,5.45489656882738,
269,57,"iv",3,5.24207069942904,5.35575359877211,"iv",3,5.24207069942904,5.35575359877211,
,,,,,,,,,,
270,48,"V",5,3.24316910000851,4.49591193161619,"V",5,3.24316910000851,4.49591193161619,
270,49,"I",5,2.27348102634849,4.50862641594303,"I",5,2.27348102634849,4.50862641594303,
270,50,"#io",5,7.4374051515395,3.91207025148671,"#io",5,7.4374051515395,3.91207025148671,
270,51,"vii",3,7.20787563067529,3.88245695387891,"vii",3,7.20787563067529,3.88245695387891,
270,52,"#io",1,6.73536989608108,5.37387134302661,"#io",1,6.73536989608108,5.37387134302661,
270,53,"#io",1,7.11217055761599,4.25394060589979,"#iio",1,7.18255988550739,4.25394060589979,0.0703893278913981
270,54,"V",1,2.60866028002009,4.25394060589979,"V",1,6.04106390673836,5.1196426498347,
270,55,"I",2,5.10819472913343,5.28179427721798,"I",1,4.8860650492582,5.46956356854853,
270,56,"I",2,4.50750976580657,5.45489656882738,"I",2,4.50750976580657,5.45489656882738,
270,57,"iv",3,5.24207069942904,5.35575359877211,"iv",3,5.24207069942904,5.35575359877211,
270,58,"i",4,6.29015841478751,4.6189632082906,"i",4,6.29015841478751,4.6189632082906,
,,,,,,,,,,
271,48,"V",5,3.24316910000851,4.49591193161619,"V",5,3.24316910000851,4.49591193161619,
271,49,"I",5,2.27348102634849,4.50862641594303,"I",5,2.27348102634849,4.50862641594303,
271,50,"#io",5,7.4374051515395,3.91207025148671,"#io",5,7.4374051515395,3.91207025148671,
271,51,"vii",3,7.20787563067529,3.88245695387891,"vii",3,7.20787563067529,3.88245695387891,
271,52,"#io",1,6.73536989608108,5.37387134302661,"#io",1,6.73536989608108,5.37387134302661,
271,53,"#io",1,7.11217055761599,4.25394060589979,"-II+",1,7.18255988550739,4.25394060589979,0.0703893278913981
271,54,"V",1,2.60866028002009,4.25394060589979,"V",1,6.04225415104388,5.12144717012166,
271,55,"I",2,5.10819472913343,5.28179427721798,"I",1,4.8860650492582,5.46956356854853,
271,56,"I",2,4.50750976580657,5.45489656882738,"I",2,4.50750976580657,5.45489656882738,
271,57,"iv",3,5.24207069942904,5.35575359877211,"iv",3,5.24207069942904,5.35575359877211,
271,58,"i",4,6.29015841478751,4.6189632082906,"i",4,6.29015841478751,4.6189632082906,
,,,,,,,,,,
272,48,"V",5,3.24316910000851,4.49591193161619,"V",5,3.24316910000851,4.49591193161619,
272,49,"I",5,2.27348102634849,4.50862641594303,"I",5,2.27348102634849,4.50862641594303,
272,50,"#io",5,7.4374051515395,3.91207025148671,"#io",5,7.4374051515395,3.91207025148671,
272,51,"vii",3,7.20787563067529,3.88245695387891,"vii",3,7.20787563067529,3.88245695387891,
272,52,"#io",1,6.73536989608108,5.37387134302661,"#io",1,6.73536989608108,5.37387134302661,
272,53,"#io",1,7.11217055761599,4.25394060589979,"#II",1,7.18255988550739,4.25394060589979,0.0703893278913981
272,54,"V",1,2.60866028002009,4.25394060589979,"V",1,6.04676814497379,5.12464752733778,
272,55,"I",2,5.10819472913343,5.28179427721798,"I",1,4.8860650492582,5.46956356854853,
272,56,"I",2,4.50750976580657,5.45489656882738,"I",2,4.50750976580657,5.45489656882738,
272,57,"iv",3,5.24207069942904,5.35575359877211,"iv",3,5.24207069942904,5.35575359877211,
272,58,"i",4,6.29015841478751,4.6189632082906,"i",4,6.29015841478751,4.6189632082906,
,,,,,,,,,,
273,48,"V",5,3.24316910000851,4.49591193161619,"V",5,3.24316910000851,4.49591193161619,
273,49,"I",5,2.27348102634849,4.50862641594303,"I",5,2.27348102634849,4.50862641594303,
273,50,"#io",5,7.4374051515395,3.91207025148671,"#io",5,7.4374051515395,3.91207025148671,
273,51,"vii",3,7.20787563067529,3.88245695387891,"vii",3,7.20787563067529,3.88245695387891,
273,52,"#io",1,6.73536989608108,5.37387134302661,"#io",1,6.73536989608108,5.37387134302661,
273,53,"#io",1,7.11217055761599,4.25394060589979,"-iio",1,7.18255988550739,4.25394060589979,0.0703893278913981
273,54,"V",1,2.60866028002009,4.25394060589979,"V",1,6.03078706600643,5.21425766751517,
273,55,"I",2,5.10819472913343,5.28179427721798,"I",1,4.8860650492582,5.46956356854853,
273,56,"I",2,4.50750976580657,5.45489656882738,"I",2,4.50750976580657,5.45489656882738,
273,57,"iv",3,5.24207069942904,5.35575359877211,"iv",3,5.24207069942904,5.35575359877211,
273,58,"i",4,6.29015841478751,4.6189632082906,"i",4,6.29015841478751,4.6189632082906,
,,,,,,,,,,
274,48,"V",5,3.24316910000851,4.49591193161619,"V",5,3.24316910000851,4.49591193161619,
274,49,"I",5,2.27348102634849,4.50862641594303,"I",5,2.27348102634849,4.50862641594303,
274,50,"#io",5,7.4374051515395,3.91207025148671,"#io",5,7.4374051515395,3.91207025148671,
274,51,"vii",3,7.20787563067529,3.88245695387891,"vii",3,7.20787563067529,3.88245695387891,
274,52,"#io",1,6.73536989608108,5.37387134302661,"#io",1,6.73536989608108,5.37387134302661,
274,53,"#io",1,7.11217055761599,4.25394060589979,"io",1,7.18255988550739,4.25394060589979,0.0703893278913981
274,54,"V",1,2.60866028002009,4.25394060589979,"V",1,3.59831708411114,5.07129736401692,
274,55,"I",2,5.10819472913343,5.28179427721798,"I",2,2.5136485758695,5.15694834733132,
274,56,"I",2,4.50750976580657,5.45489656882738,"I",3,3.45582307051428,5.30579029676151,
274,57,"iv",3,5.24207069942904,5.35575359877211,"iv",4,5.44741870875166,5.07407066354491,
274,58,"i",4,6.29015841478751,4.6189632082906,"i",4,6.29015841478751,4.6189632082906,
,,,,,,,,,,
275,48,"V",5,3.24316910000851,4.49591193161619,"V",5,3.24316910000851,4.49591193161619,
275,49,"I",5,2.27348102634849,4.50862641594303,"I",5,2.27348102634849,4.50862641594303,
275,50,"#io",5,7.4374051515395,3.91207025148671,"#io",5,7.4374051515395,3.91207025148671,
275,51,"vii",3,7.20787563067529,3.88245695387891,"vii",3,7.20787563067529,3.88245695387891,
275,52,"#io",1,6.73536989608108,5.37387134302661,"#io",1,6.73536989608108,5.37387134302661,
275,53,"#io",1,7.11217055761599,4.25394060589979,"III+",1,7.18255988550739,4.25394060589979,0.0703893278913981
275,54,"V",1,2.60866028002009,4.25394060589979,"V",1,6.34004358826444,4.33385203560444,
275,55,"I",2,5.10819472913343,5.28179427721798,"I",1,4.8860650492582,5.46956356854853,
275,56,"I",2,4.50750976580657,5.45489656882738,"I",2,4.50750976580657,5.45489656882738,
275,57,"iv",3,5.24207069942904,5.35575359877211,"iv",3,5.24207069942904,5.35575359877211,
275,58,"i",4,6.29015841478751,4.6189632082906,"i",4,6.29015841478751,4.6189632082906,
,,,,,,,,,,
276,48,"V",5,3.24316910000851,4.49591193161619,"V",5,3.24316910000851,4.49591193161619,
276,49,"I",5,2.27348102634849,4.50862641594303,"I",5,2.27348102634849,4.50862641594303,
276,50,"#io",5,7.4374051515395,3.91207025148671,"#io",5,7.4374051515395,3.91207025148671,
276,51,"vii",3,7.20787563067529,3.88245695387891,"vii",3,7.20787563067529,3.88245695387891,
276,52,"#io",1,6.73536989608108,5.37387134302661,"#io",1,6.73536989608108,5.37387134302661,
276,53,"#io",1,7.11217055761599,4.25394060589979,"-i",1,7.18255988550739,4.25394060589979,0.0703893278913981
276,54,"V",1,2.60866028002009,4.25394060589979,"V",1,6.04415650179374,5.12268325861485,
276,55,"I",2,5.10819472913343,5.28179427721798,"I",1,4.8860650492582,5.46956356854853,
276,56,"I",2,4.50750976580657,5.45489656882738,"I",2,4.50750976580657,5.45489656882738,
276,57,"iv",3,5.24207069942904,5.35575359877211,"iv",3,5.24207069942904,5.35575359877211,
276,58,"i",4,6.29015841478751,4.6189632082906,"i",4,6.29015841478751,4.6189632082906,
,,,,,,,,,,
277,78,"II",4,1.84470195563592,4.5698028738094,"II",4,1.84470195563592,4.5698028738094,
277,79,"V",5,3.24316910000851,4.49591193161619,"V",5,3.24316910000851,4.49591193161619,
277,80,"I",5,2.27348102634849,4.50862641594303,"I",5,2.27348102634849,4.50862641594303,
277,81,"#io",5,7.4374051515395,3.91207025148671,"#io",5,7.4374051515395,3.91207025148671,
277,82,"vii",3,7.20787563067529,3.88245695387891,"vii",3,7.20787563067529,3.88245695387891,
277,83,"#io",1,6.73536989608108,5.37387134302661,"#iio",1,6.80575922397248,5.37387134302661,0.0703893278913981
277,84,"#io",1,7.11217055761599,4.25394060589979,"#io",1,6.58734593929546,5.1196426498347,
277,85,"VII",1,6.96016746417094,4.25394060589979,"VII",1,6.96016746417094,4.25394060589979,
277,86,"III",1,4.94929138986516,5.35241960075509,"III",1,4.94929138986516,5.35241960075509,
277,87,"VI",2,5.29057463595965,4.48938756125396,"VI",2,5.29057463595965,4.48938756125396,
277,88,"II",2,4.09933569298607,5.13032405207678,"II",2,4.09933569298607,5.13032405207678,
,,,,,,,,,,
278,78,"II",4,1.84470195563592,4.5698028738094,"II",4,1.84470195563592,4.5698028738094,
278,79,"V",5,3.24316910000851,4.49591193161619,"V",5,3.24316910000851,4.49591193161619,
278,80,"I",5,2.27348102634849,4.50862641594303,"I",5,2.27348102634849,4.50862641594303,
278,81,"#io",5,7.4374051515395,3.91207025148671,"#io",5,7.4374051515395,3.91207025148671,
278,82,"vii",3,7.20787563067529,3.88245695387891,"vii",3,7.20787563067529,3.88245695387891,
278,83,"#io",1,6.73536989608108,5.37387134302661,"-II+",1,6.80575922397248,5.37387134302661,0.0703893278913981
278,84,"#io",1,7.11217055761599,4.25394060589979,"#io",1,6.58853618360097,5.12144717012166,
278,85,"VII",1,6.96016746417094,4.25394060589979,"VII",1,6.96016746417094,4.25394060589979,
278,86,"III",1,4.94929138986516,5.35241960075509,"III",1,4.94929138986516,5.35241960075509,
278,87,"VI",2,5.29057463595965,4.48938756125396,"VI",2,5.29057463595965,4.48938756125396,
278,88,"II",2,4.09933569298607,5.13032405207678,"II",2,4.09933569298607,5.13032405207678,
,,,,,,,,,,
279,78,"II",4,1.84470195563592,4.5698028738094,"II",4,1.84470195563592,4.5698028738094,
279,79,"V",5,3.24316910000851,4.49591193161619,"V",5,3.24316910000851,4.49591193161619,
279,80,"I",5,2.27348102634849,4.50862641594303,"I",5,2.27348102634849,4.50862641594303,
279,81,"#io",5,7.4374051515395,3.91207025148671,"#io",5,7.4374051515395,3.91207025148671,
279,82,"vii",3,7.20787563067529,3.88245695387891,"vii",3,7.20787563067529,3.88245695387891,
279,83,"#io",1,6.73536989608108,5.37387134302661,"#II",1,6.80575922397248,5.37387134302661,0.0703893278913981
279,84,"#io",1,7.11217055761599,4.25394060589979,"#io",1,6.59305017753088,5.12464752733778,
279,85,"VII",1,6.96016746417094,4.25394060589979,"VII",1,6.96016746417094,4.25394060589979,
279,86,"III",1,4.94929138986516,5.35241960075509,"III",1,4.94929138986516,5.35241960075509,
279,87,"VI",2,5.29057463595965,4.48938756125396,"VI",2,5.29057463595965,4.48938756125396,
279,88,"II",2,4.09933569298607,5.13032405207678,"II",2,4.09933569298607,5.13032405207678,
,,,,,,,,,,
280,78,"II",4,1.84470195563592,4.5698028738094,"II",4,1.84470195563592,4.5698028738094,
280,79,"V",5,3.24316910000851,4.49591193161619,"V",5,3.24316910000851,4.49591193161619,
280,80,"I",5,2.27348102634849,4.50862641594303,"I",5,2.27348102634849,4.50862641594303,
280,81,"#io",5,7.4374051515395,3.91207025148671,"#io",5,7.4374051515395,3.91207025148671,
280,82,"vii",3,7.20787563067529,3.88245695387891,"vii",3,7.20787563067529,3.88245695387891,
280,83,"#io",1,6.73536989608108,5.37387134302661,"-iio",1,6.80575922397248,5.37387134302661,0.0703893278913981
280,84,"#io",1,7.11217055761599,4.25394060589979,"#io",1,6.57706909856352,5.21425766751517,
280,85,"VII",1,6.96016746417094,4.25394060589979,"VII",1,6.96016746417094,4.25394060589979,
280,86,"III",1,4.94929138986516,5.35241960075509,"III",1,4.94929138986516,5.35241960075509,
280,87,"VI",2,5.29057463595965,4.48938756125396,"VI",2,5.29057463595965,4.48938756125396,
280,88,"II",2,4.09933569298607,5.13032405207678,"II",2,4.09933569298607,5.13032405207678,
,,,,,,,,,,
281,78,"II",4,1.84470195563592,4.5698028738094,"II",4,1.84470195563592,4.5698028738094,
281,79,"V",5,3.24316910000851,4.49591193161619,"V",5,3.24316910000851,4.49591193161619,
281,80,"I",5,2.27348102634849,4.50862641594303,"I",5,2.27348102634849,4.50862641594303,
281,81,"#io",5,7.4374051515395,3.91207025148671,"#io",5,7.4374051515395,3.91207025148671,
281,82,"vii",3,7.20787563067529,3.88245695387891,"vii",3,7.20787563067529,3.88245695387891,
281,83,"#io",1,6.73536989608108,5.37387134302661,"io",1,6.80575922397248,5.37387134302661,0.0703893278913981
281,84,"#io",1,7.11217055761599,4.25394060589979,"#io",1,6.68353308634499,5.07129736401692,
281,85,"VII",1,6.96016746417094,4.25394060589979,"VII",1,6.96016746417094,4.25394060589979,
281,86,"III",1,4.94929138986516,5.35241960075509,"III",1,4.94929138986516,5.35241960075509,
281,87,"VI",2,5.29057463595965,4.48938756125396,"VI",2,5.29057463595965,4.48938756125396,
281,88,"II",2,4.09933569298607,5.13032405207678,"II",2,4.09933569298607,5.13032405207678,
,,,,,,,,,,
282,78,"II",4,1.84470195563592,4.5698028738094,"II",4,1.84470195563592,4.5698028738094,
282,79,"V",5,3.24316910000851,4.49591193161619,"V",5,3.24316910000851,4.49591193161619,
282,80,"I",5,2.27348102634849,4.50862641594303,"I",5,2.27348102634849,4.50862641594303,
282,81,"#io",5,7.4374051515395,3.91207025148671,"#io",5,7.4374051515395,3.91207025148671,
282,82,"vii",3,7.20787563067529,3.88245695387891,"vii",3,7.20787563067529,3.88245695387891,
282,83,"#io",1,6.73536989608108,5.37387134302661,"III+",1,6.80575922397248,5.37387134302661,0.0703893278913981
282,84,"#io",1,7.11217055761599,4.25394060589979,"#io",1,6.88632562082153,4.33385203560444,
282,85,"VII",1,6.96016746417094,4.25394060589979,"VII",1,6.96016746417094,4.25394060589979,
282,86,"III",1,4.94929138986516,5.35241960075509,"III",1,4.94929138986516,5.35241960075509,
282,87,"VI",2,5.29057463595965,4.48938756125396,"VI",2,5.29057463595965,4.48938756125396,
282,88,"II",2,4.09933569298607,5.13032405207678,"II",2,4.09933569298607,5.13032405207678,
,,,,,,,,,,
283,78,"II",4,1.84470195563592,4.5698028738094,"II",4,1.84470195563592,4.5698028738094,
283,79,"V",5,3.24316910000851,4.49591193161619,"V",5,3.24316910000851,4.49591193161619,
283,80,"I",5,2.27348102634849,4.50862641594303,"I",5,2.27348102634849,4.50862641594303,
283,81,"#io",5,7.4374051515395,3.91207025148671,"#io",5,7.4374051515395,3.91207025148671,
283,82,"vii",3,7.20787563067529,3.88245695387891,"vii",3,7.20787563067529,3.88245695387891,
283,83,"#io",1,6.73536989608108,5.37387134302661,"-i",1,6.80575922397248,5.37387134302661,0.0703893278913981
283,84,"#io",1,7.11217055761599,4.25394060589979,"#io",1,6.59043853435084,5.12268325861485,
283,85,"VII",1,6.96016746417094,4.25394060589979,"VII",1,6.96016746417094,4.25394060589979,
283,86,"III",1,4.94929138986516,5.35241960075509,"III",1,4.94929138986516,5.35241960075509,
283,87,"VI",2,5.29057463595965,4.48938756125396,"VI",2,5.29057463595965,4.48938756125396,
283,88,"II",2,4.09933569298607,5.13032405207678,"II",2,4.09933569298607,5.13032405207678,
,,,,,,,,,,
284,79,"V",5,3.24316910000851,4.49591193161619,"V",5,3.24316910000851,4.49591193161619,
284,80,"I",5,2.27348102634849,4.50862641594303,"I",5,2.27348102634849,4.50862641594303,
284,81,"#io",5,7.4374051515395,3.91207025148671,"#io",5,7.4374051515395,3.91207025148671,
284,82,"vii",3,7.20787563067529,3.88245695387891,"vii",3,7.20787563067529,3.88245695387891,
284,83,"#io",1,6.73536989608108,5.37387134302661,"#io",1,6.73536989608108,5.37387134302661,
284,84,"#io",1,7.11217055761599,4.25394060589979,"#iio",1,7.18255988550739,4.25394060589979,0.0703893278913981
284,85,"VII",1,6.96016746417094,4.25394060589979,"VII",1,6.43534284585041,5.1196426498347,
284,86,"III",1,4.94929138986516,5.35241960075509,"III",1,4.94929138986516,5.35241960075509,
284,87,"VI",2,5.29057463595965,4.48938756125396,"VI",2,5.29057463595965,4.48938756125396,
284,88,"II",2,4.09933569298607,5.13032405207678,"II",2,4.09933569298607,5.13032405207678,
284,89,"VI",3,4.41383215898672,4.59862581504416,"VI",3,4.41383215898672,4.59862581504416,
,,,,,,,,,,
285,79,"V",5,3.24316910000851,4.49591193161619,"V",5,3.24316910000851,4.49591193161619,
285,80,"I",5,2.27348102634849,4.50862641594303,"I",5,2.27348102634849,4.50862641594303,
285,81,"#io",5,7.4374051515395,3.91207025148671,"#io",5,7.4374051515395,3.91207025148671,
285,82,"vii",3,7.20787563067529,3.88245695387891,"vii",3,7.20787563067529,3.88245695387891,
285,83,"#io",1,6.73536989608108,5.37387134302661,"#io",1,6.73536989608108,5.37387134302661,
285,84,"#io",1,7.11217055761599,4.25394060589979,"-II+",1,7.18255988550739,4.25394060589979,0.0703893278913981
285,85,"VII",1,6.96016746417094,4.25394060589979,"VII",1,6.43653309015592,5.12144717012166,
285,86,"III",1,4.94929138986516,5.35241960075509,"III",1,4.94929138986516,5.35241960075509,
285,87,"VI",2,5.29057463595965,4.48938756125396,"VI",2,5.29057463595965,4.48938756125396,
285,88,"II",2,4.09933569298607,5.13032405207678,"II",2,4.09933569298607,5.13032405207678,
285,89,"VI",3,4.41383215898672,4.59862581504416,"VI",3,4.41383215898672,4.59862581504416,
,,,,,,,,,,
286,79,"V",5,3.24316910000851,4.49591193161619,"V",5,3.24316910000851,4.49591193161619,
286,80,"I",5,2.27348102634849,4.50862641594303,"I",5,2.27348102634849,4.50862641594303,
286,81,"#io",5,7.4374051515395,3.91207025148671,"#io",5,7.4374051515395,3.91207025148671,
286,82,"vii",3,7.20787563067529,3.88245695387891,"vii",3,7.20787563067529,3.88245695387891,
286,83,"#io",1,6.73536989608108,5.37387134302661,"#io",1,6.73536989608108,5.37387134302661,
286,84,"#io",1,7.11217055761599,4.25394060589979,"#II",1,7.18255988550739,4.25394060589979,0.0703893278913981
286,85,"VII",1,6.96016746417094,4.25394060589979,"VII",1,6.44104708408583,5.12464752733778,
286,86,"III",1,4.94929138986516,5.35241960075509,"III",1,4.94929138986516,5.35241960075509,
286,87,"VI",2,5.29057463595965,4.48938756125396,"VI",2,5.29057463595965,4.48938756125396,
286,88,"II",2,4.09933569298607,5.13032405207678,"II",2,4.09933569298607,5.13032405207678,
286,89,"VI",3,4.41383215898672,4.59862581504416,"VI",3,4.41383215898672,4.59862581504416,
,,,,,,,,,,
287,79,"V",5,3.24316910000851,4.49591193161619,"V",5,3.24316910000851,4.49591193161619,
287,80,"I",5,2.27348102634849,4.50862641594303,"I",5,2.27348102634849,4.50862641594303,
287,81,"#io",5,7.4374051515395,3.91207025148671,"#io",5,7.4374051515395,3.91207025148671,
287,82,"vii",3,7.20787563067529,3.88245695387891,"vii",3,7.20787563067529,3.88245695387891,
287,83,"#io",1,6.73536989608108,5.37387134302661,"#io",1,6.73536989608108,5.37387134302661,
287,84,"#io",1,7.11217055761599,4.25394060589979,"-iio",1,7.18255988550739,4.25394060589979,0.0703893278913981
287,85,"VII",1,6.96016746417094,4.25394060589979,"VII",1,6.42506600511847,5.21425766751517,
287,86,"III",1,4.94929138986516,5.35241960075509,"III",1,4.94929138986516,5.35241960075509,
287,87,"VI",2,5.29057463595965,4.48938756125396,"VI",2,5.29057463595965,4.48938756125396,
287,88,"II",2,4.09933569298607,5.13032405207678,"II",2,4.09933569298607,5.13032405207678,
287,89,"VI",3,4.41383215898672,4.59862581504416,"VI",3,4.41383215898672,4.59862581504416,
,,,,,,,,,,
288,79,"V",5,3.24316910000851,4.49591193161619,"V",5,3.24316910000851,4.49591193161619,
288,80,"I",5,2.27348102634849,4.50862641594303,"I",5,2.27348102634849,4.50862641594303,
288,81,"#io",5,7.4374051515395,3.91207025148671,"#io",5,7.4374051515395,3.91207025148671,
288,82,"vii",3,7.20787563067529,3.88245695387891,"vii",3,7.20787563067529,3.88245695387891,
288,83,"#io",1,6.73536989608108,5.37387134302661,"#io",1,6.73536989608108,5.37387134302661,
288,84,"#io",1,7.11217055761599,4.25394060589979,"io",1,7.18255988550739,4.25394060589979,0.0703893278913981
288,85,"VII",1,6.96016746417094,4.25394060589979,"VII",1,6.53152999289994,5.07129736401692,
288,86,"III",1,4.94929138986516,5.35241960075509,"III",1,4.94929138986516,5.35241960075509,
288,87,"VI",2,5.29057463595965,4.48938756125396,"VI",2,5.29057463595965,4.48938756125396,
288,88,"II",2,4.09933569298607,5.13032405207678,"II",2,4.09933569298607,5.13032405207678,
288,89,"VI",3,4.41383215898672,4.59862581504416,"VI",3,4.41383215898672,4.59862581504416,
,,,,,,,,,,
289,79,"V",5,3.24316910000851,4.49591193161619,"V",5,3.24316910000851,4.49591193161619,
289,80,"I",5,2.27348102634849,4.50862641594303,"I",5,2.27348102634849,4.50862641594303,
289,81,"#io",5,7.4374051515395,3.91207025148671,"#io",5,7.4374051515395,3.91207025148671,
289,82,"vii",3,7.20787563067529,3.88245695387891,"vii",3,7.20787563067529,3.88245695387891,
289,83,"#io",1,6.73536989608108,5.37387134302661,"#io",1,6.73536989608108,5.37387134302661,
289,84,"#io",1,7.11217055761599,4.25394060589979,"III+",1,7.18255988550739,4.25394060589979,0.0703893278913981
289,85,"VII",1,6.96016746417094,4.25394060589979,"VII",1,6.73432252737648,4.33385203560444,
289,86,"III",1,4.94929138986516,5.35241960075509,"III",1,4.94929138986516,5.35241960075509,
289,87,"VI",2,5.29057463595965,4.48938756125396,"VI",2,5.29057463595965,4.48938756125396,
289,88,"II",2,4.09933569298607,5.13032405207678,"II",2,4.09933569298607,5.13032405207678,
289,89,"VI",3,4.41383215898672,4.59862581504416,"VI",3,4.41383215898672,4.59862581504416,
,,,,,,,,,,
290,79,"V",5,3.24316910000851,4.49591193161619,"V",5,3.24316910000851,4.49591193161619,
290,80,"I",5,2.27348102634849,4.50862641594303,"I",5,2.27348102634849,4.50862641594303,
290,81,"#io",5,7.4374051515395,3.91207025148671,"#io",5,7.4374051515395,3.91207025148671,
290,82,"vii",3,7.20787563067529,3.88245695387891,"vii",3,7.20787563067529,3.88245695387891,
290,83,"#io",1,6.73536989608108,5.37387134302661,"#io",1,6.73536989608108,5.37387134302661,
290,84,"#io",1,7.11217055761599,4.25394060589979,"-i",1,7.18255988550739,4.25394060589979,0.0703893278913981
290,85,"VII",1,6.96016746417094,4.25394060589979,"VII",1,6.43843544090579,5.12268325861485,
290,86,"III",1,4.94929138986516,5.35241960075509,"III",1,4.94929138986516,5.35241960075509,
290,87,"VI",2,5.29057463595965,4.48938756125396,"VI",2,5.29057463595965,4.48938756125396,
290,88,"II",2,4.09933569298607,5.13032405207678,"II",2,4.09933569298607,5.13032405207678,
290,89,"VI",3,4.41383215898672,4.59862581504416,"VI",3,4.41383215898672,4.59862581504416,
,,,,,,,,,,
291,88,"II",2,4.09933569298607,5.13032405207678,"II",2,4.09933569298607,5.13032405207678,
291,89,"VI",3,4.41383215898672,4.59862581504416,"VI",3,4.41383215898672,4.59862581504416,
291,90,"II",3,2.70399057299607,4.97850199558676,"II",3,2.70399057299607,4.97850199558676,
291,91,"-VI",4,6.51003108819735,4.88113787240782,"-VI",4,6.51003108819735,4.88113787240782,
291,92,"-II",2,5.92704446074321,5.16782341190319,"-II",2,5.92704446074321,5.16782341190319,
291,93,"#io",2,6.98923679378414,5.03211245088812,"#iio",2,7.05962612167554,5.03211245088812,0.0703893278913981
291,94,"vii",1,7.00198763986557,4.25394060589979,"vii",1,6.47716302154503,5.1196426498347,
291,95,"#io",1,6.73536989608108,5.37387134302661,"#io",1,6.73536989608108,5.37387134302661,
291,96,"#io",1,7.11217055761599,4.25394060589979,"#io",1,7.11217055761599,4.25394060589979,
291,97,"V",1,2.60866028002009,4.25394060589979,"V",1,2.60866028002009,4.25394060589979,
291,98,"I",2,5.10819472913343,5.28179427721798,"I",2,5.10819472913343,5.28179427721798,
,,,,,,,,,,
292,88,"II",2,4.09933569298607,5.13032405207678,"II",2,4.09933569298607,5.13032405207678,
292,89,"VI",3,4.41383215898672,4.59862581504416,"VI",3,4.41383215898672,4.59862581504416,
292,90,"II",3,2.70399057299607,4.97850199558676,"II",3,2.70399057299607,4.97850199558676,
292,91,"-VI",4,6.51003108819735,4.88113787240782,"-VI",4,6.51003108819735,4.88113787240782,
292,92,"-II",2,5.92704446074321,5.16782341190319,"-II",2,5.92704446074321,5.16782341190319,
292,93,"#io",2,6.98923679378414,5.03211245088812,"-II+",2,7.05962612167554,5.03211245088812,0.0703893278913981
292,94,"vii",1,7.00198763986557,4.25394060589979,"vii",1,6.47835326585055,5.12144717012166,
292,95,"#io",1,6.73536989608108,5.37387134302661,"#io",1,6.73536989608108,5.37387134302661,
292,96,"#io",1,7.11217055761599,4.25394060589979,"#io",1,7.11217055761599,4.25394060589979,
292,97,"V",1,2.60866028002009,4.25394060589979,"V",1,2.60866028002009,4.25394060589979,
292,98,"I",2,5.10819472913343,5.28179427721798,"I",2,5.10819472913343,5.28179427721798,
,,,,,,,,,,
293,88,"II",2,4.09933569298607,5.13032405207678,"II",2,4.09933569298607,5.13032405207678,
293,89,"VI",3,4.41383215898672,4.59862581504416,"VI",3,4.41383215898672,4.59862581504416,
293,90,"II",3,2.70399057299607,4.97850199558676,"II",3,2.70399057299607,4.97850199558676,
293,91,"-VI",4,6.51003108819735,4.88113787240782,"-VI",4,6.51003108819735,4.88113787240782,
293,92,"-II",2,5.92704446074321,5.16782341190319,"-II",2,5.92704446074321,5.16782341190319,
293,93,"#io",2,6.98923679378414,5.03211245088812,"#II",2,7.05962612167554,5.03211245088812,0.0703893278913981
293,94,"vii",1,7.00198763986557,4.25394060589979,"vii",1,6.48286725978046,5.12464752733778,
293,95,"#io",1,6.73536989608108,5.37387134302661,"#io",1,6.73536989608108,5.37387134302661,
293,96,"#io",1,7.11217055761599,4.25394060589979,"#io",1,7.11217055761599,4.25394060589979,
293,97,"V",1,2.60866028002009,4.25394060589979,"V",1,2.60866028002009,4.25394060589979,
293,98,"I",2,5.10819472913343,5.28179427721798,"I",2,5.10819472913343,5.28179427721798,
,,,,,,,,,,
294,88,"II",2,4.09933569298607,5.13032405207678,"II",2,4.09933569298607,5.13032405207678,
294,89,"VI",3,4.41383215898672,4.59862581504416,"VI",3,4.41383215898672,4.59862581504416,
294,90,"II",3,2.70399057299607,4.97850199558676,"II",3,2.70399057299607,4.97850199558676,
294,91,"-VI",4,6.51003108819735,4.88113787240782,"-VI",4,6.51003108819735,4.88113787240782,
294,92,"-II",2,5.92704446074321,5.16782341190319,"-II",2,5.92704446074321,5.16782341190319,
294,93,"#io",2,6.98923679378414,5.03211245088812,"-iio",2,7.05962612167554,5.03211245088812,0.0703893278913981
294,94,"vii",1,7.00198763986557,4.25394060589979,"vii",1,6.4668861808131,5.21425766751517,
294,95,"#io",1,6.73536989608108,5.37387134302661,"#io",1,6.73536989608108,5.37387134302661,
294,96,"#io",1,7.11217055761599,4.25394060589979,"#io",1,7.11217055761599,4.25394060589979,
294,97,"V",1,2.60866028002009,4.25394060589979,"V",1,2.60866028002009,4.25394060589979,
294,98,"I",2,5.10819472913343,5.28179427721798,"I",2,5.10819472913343,5.28179427721798,
,,,,,,,,,,
295,88,"II",2,4.09933569298607,5.13032405207678,"II",2,4.09933569298607,5.13032405207678,
295,89,"VI",3,4.41383215898672,4.59862581504416,"VI",3,4.41383215898672,4.59862581504416,
295,90,"II",3,2.70399057299607,4.97850199558676,"II",3,2.70399057299607,4.97850199558676,
295,91,"-VI",4,6.51003108819735,4.88113787240782,"-VI",4,6.51003108819735,4.88113787240782,
295,92,"-II",2,5.92704446074321,5.16782341190319,"-II",2,5.92704446074321,5.16782341190319,
295,93,"#io",2,6.98923679378414,5.03211245088812,"io",2,7.05962612167554,5.03211245088812,0.0703893278913981
295,94,"vii",1,7.00198763986557,4.25394060589979,"vii",1,6.57335016859457,5.07129736401692,
295,95,"#io",1,6.73536989608108,5.37387134302661,"#io",1,6.73536989608108,5.37387134302661,
295,96,"#io",1,7.11217055761599,4.25394060589979,"#io",1,7.11217055761599,4.25394060589979,
295,97,"V",1,2.60866028002009,4.25394060589979,"V",1,2.60866028002009,4.25394060589979,
295,98,"I",2,5.10819472913343,5.28179427721798,"I",2,5.10819472913343,5.28179427721798,
,,,,,,,,,,
296,88,"II",2,4.09933569298607,5.13032405207678,"II",2,4.09933569298607,5.13032405207678,
296,89,"VI",3,4.41383215898672,4.59862581504416,"VI",3,4.41383215898672,4.59862581504416,
296,90,"II",3,2.70399057299607,4.97850199558676,"II",3,2.70399057299607,4.97850199558676,
296,91,"-VI",4,6.51003108819735,4.88113787240782,"-VI",4,6.51003108819735,4.88113787240782,
296,92,"-II",2,5.92704446074321,5.16782341190319,"-II",2,5.92704446074321,5.16782341190319,
296,93,"#io",2,6.98923679378414,5.03211245088812,"III+",2,7.05962612167554,5.03211245088812,0.0703893278913981
296,94,"vii",1,7.00198763986557,4.25394060589979,"vii",1,6.77614270307111,4.33385203560444,
296,95,"#io",1,6.73536989608108,5.37387134302661,"#io",1,6.73536989608108,5.37387134302661,
296,96,"#io",1,7.11217055761599,4.25394060589979,"#io",1,7.11217055761599,4.25394060589979,
296,97,"V",1,2.60866028002009,4.25394060589979,"V",1,2.60866028002009,4.25394060589979,
296,98,"I",2,5.10819472913343,5.28179427721798,"I",2,5.10819472913343,5.28179427721798,
,,,,,,,,,,
297,88,"II",2,4.09933569298607,5.13032405207678,"II",2,4.09933569298607,5.13032405207678,
297,89,"VI",3,4.41383215898672,4.59862581504416,"VI",3,4.41383215898672,4.59862581504416,
297,90,"II",3,2.70399057299607,4.97850199558676,"II",3,2.70399057299607,4.97850199558676,
297,91,"-VI",4,6.51003108819735,4.88113787240782,"-VI",4,6.51003108819735,4.88113787240782,
297,92,"-II",2,5.92704446074321,5.16782341190319,"-II",2,5.92704446074321,5.16782341190319,
297,93,"#io",2,6.98923679378414,5.03211245088812,"-i",2,7.05962612167554,5.03211245088812,0.0703893278913981
297,94,"vii",1,7.00198763986557,4.25394060589979,"vii",1,6.48025561660041,5.12268325861485,
297,95,"#io",1,6.73536989608108,5.37387134302661,"#io",1,6.73536989608108,5.37387134302661,
297,96,"#io",1,7.11217055761599,4.25394060589979,"#io",1,7.11217055761599,4.25394060589979,
297,97,"V",1,2.60866028002009,4.25394060589979,"V",1,2.60866028002009,4.25394060589979,
297,98,"I",2,5.10819472913343,5.28179427721798,"I",2,5.10819472913343,5.28179427721798,
,,,,,,,,,,
298,90,"II",3,2.70399057299607,4.97850199558676,"II",3,2.70399057299607,4.97850199558676,
298,91,"-VI",4,6.51003108819735,4.88113787240782,"-VI",4,6.51003108819735,4.88113787240782,
298,92,"-II",2,5.92704446074321,5.16782341190319,"-II",2,5.92704446074321,5.16782341190319,
298,93,"#io",2,6.98923679378414,5.03211245088812,"#io",2,6.98923679378414,5.03211245088812,
298,94,"vii",1,7.00198763986557,4.25394060589979,"vii",1,7.00198763986557,4.25394060589979,
298,95,"#io",1,6.73536989608108,5.37387134302661,"#iio",1,6.80575922397248,5.37387134302661,0.0703893278913981
298,96,"#io",1,7.11217055761599,4.25394060589979,"#io",1,6.58734593929546,5.1196426498347,
298,97,"V",1,2.60866028002009,4.25394060589979,"V",1,2.60866028002009,4.25394060589979,
298,98,"I",2,5.10819472913343,5.28179427721798,"I",2,5.10819472913343,5.28179427721798,
298,99,"I",2,4.50750976580657,5.45489656882738,"I",2,4.50750976580657,5.45489656882738,
298,100,"iv",3,5.24207069942904,5.35575359877211,"iv",3,5.24207069942904,5.35575359877211,
,,,,,,,,,,
299,90,"II",3,2.70399057299607,4.97850199558676,"II",3,2.70399057299607,4.97850199558676,
299,91,"-VI",4,6.51003108819735,4.88113787240782,"-VI",4,6.51003108819735,4.88113787240782,
299,92,"-II",2,5.92704446074321,5.16782341190319,"-II",2,5.92704446074321,5.16782341190319,
299,93,"#io",2,6.98923679378414,5.03211245088812,"#io",2,6.98923679378414,5.03211245088812,
299,94,"vii",1,7.00198763986557,4.25394060589979,"vii",1,7.00198763986557,4.25394060589979,
299,95,"#io",1,6.73536989608108,5.37387134302661,"-II+",1,6.80575922397248,5.37387134302661,0.0703893278913981
299,96,"#io",1,7.11217055761599,4.25394060589979,"#io",1,6.58853618360097,5.12144717012166,
299,97,"V",1,2.60866028002009,4.25394060589979,"V",1,2.60866028002009,4.25394060589979,
299,98,"I",2,5.10819472913343,5.28179427721798,"I",2,5.10819472913343,5.28179427721798,
299,99,"I",2,4.50750976580657,5.45489656882738,"I",2,4.50750976580657,5.45489656882738,
299,100,"iv",3,5.24207069942904,5.35575359877211,"iv",3,5.24207069942904,5.35575359877211,
,,,,,,,,,,
300,90,"II",3,2.70399057299607,4.97850199558676,"II",3,2.70399057299607,4.97850199558676,
300,91,"-VI",4,6.51003108819735,4.88113787240782,"-VI",4,6.51003108819735,4.88113787240782,
300,92,"-II",2,5.92704446074321,5.16782341190319,"-II",2,5.92704446074321,5.16782341190319,
300,93,"#io",2,6.98923679378414,5.03211245088812,"#io",2,6.98923679378414,5.03211245088812,
300,94,"vii",1,7.00198763986557,4.25394060589979,"vii",1,7.00198763986557,4.25394060589979,
300,95,"#io",1,6.73536989608108,5.37387134302661,"#II",1,6.80575922397248,5.37387134302661,0.0703893278913981
300,96,"#io",1,7.11217055761599,4.25394060589979,"#io",1,6.59305017753088,5.12464752733778,
300,97,"V",1,2.60866028002009,4.25394060589979,"V",1,2.60866028002009,4.25394060589979,
300,98,"I",2,5.10819472913343,5.28179427721798,"I",2,5.10819472913343,5.28179427721798,
300,99,"I",2,4.50750976580657,5.45489656882738,"I",2,4.50750976580657,5.45489656882738,
300,100,"iv",3,5.24207069942904,5.35575359877211,"iv",3,5.24207069942904,5.35575359877211,
,,,,,,,,,,
301,90,"II",3,2.70399057299607,4.97850199558676,"II",3,2.70399057299607,4.97850199558676,
301,91,"-VI",4,6.51003108819735,4.88113787240782,"-VI",4,6.51003108819735,4.88113787240782,
301,92,"-II",2,5.92704446074321,5.16782341190319,"-II",2,5.92704446074321,5.16782341190319,
301,93,"#io",2,6.98923679378414,5.03211245088812,"#io",2,6.98923679378414,5.03211245088812,
301,94,"vii",1,7.00198763986557,4.25394060589979,"vii",1,7.00198763986557,4.25394060589979,
301,95,"#io",1,6.73536989608108,5.37387134302661,"-iio",1,6.80575922397248,5.37387134302661,0.0703893278913981
301,96,"#io",1,7.11217055761599,4.25394060589979,"#io",1,6.57706909856352,5.21425766751517,
301,97,"V",1,2.60866028002009,4.25394060589979,"V",1,2.60866028002009,4.25394060589979,
301,98,"I",2,5.10819472913343,5.28179427721798,"I",2,5.10819472913343,5.28179427721798,
301,99,"I",2,4.50750976580657,5.45489656882738,"I",2,4.50750976580657,5.45489656882738,
301,100,"iv",3,5.24207069942904,5.35575359877211,"iv",3,5.24207069942904,5.35575359877211,
,,,,,,,,,,
302,90,"II",3,2.70399057299607,4.97850199558676,"II",3,2.70399057299607,4.97850199558676,
302,91,"-VI",4,6.51003108819735,4.88113787240782,"-VI",4,6.51003108819735,4.88113787240782,
302,92,"-II",2,5.92704446074321,5.16782341190319,"-II",2,5.92704446074321,5.16782341190319,
302,93,"#io",2,6.98923679378414,5.03211245088812,"#io",2,6.98923679378414,5.03211245088812,
302,94,"vii",1,7.00198763986557,4.25394060589979,"vii",1,7.00198763986557,4.25394060589979,
302,95,"#io",1,6.73536989608108,5.37387134302661,"io",1,6.80575922397248,5.37387134302661,0.0703893278913981
302,96,"#io",1,7.11217055761599,4.25394060589979,"#io",1,6.68353308634499,5.07129736401692,
302,97,"V",1,2.60866028002009,4.25394060589979,"V",1,2.60866028002009,4.25394060589979,
302,98,"I",2,5.10819472913343,5.28179427721798,"I",2,5.10819472913343,5.28179427721798,
302,99,"I",2,4.50750976580657,5.45489656882738,"I",2,4.50750976580657,5.45489656882738,
302,100,"iv",3,5.24207069942904,5.35575359877211,"iv",3,5.24207069942904,5.35575359877211,
,,,,,,,,,,
303,90,"II",3,2.70399057299607,4.97850199558676,"II",3,2.70399057299607,4.97850199558676,
303,91,"-VI",4,6.51003108819735,4.88113787240782,"-VI",4,6.51003108819735,4.88113787240782,
303,92,"-II",2,5.92704446074321,5.16782341190319,"-II",2,5.92704446074321,5.16782341190319,
303,93,"#io",2,6.98923679378414,5.03211245088812,"#io",2,6.98923679378414,5.03211245088812,
303,94,"vii",1,7.00198763986557,4.25394060589979,"vii",1,7.00198763986557,4.25394060589979,
303,95,"#io",1,6.73536989608108,5.37387134302661,"III+",1,6.80575922397248,5.37387134302661,0.0703893278913981
303,96,"#io",1,7.11217055761599,4.25394060589979,"#io",1,6.88632562082153,4.33385203560444,
303,97,"V",1,2.60866028002009,4.25394060589979,"V",1,2.60866028002009,4.25394060589979,
303,98,"I",2,5.10819472913343,5.28179427721798,"I",2,5.10819472913343,5.28179427721798,
303,99,"I",2,4.50750976580657,5.45489656882738,"I",2,4.50750976580657,5.45489656882738,
303,100,"iv",3,5.24207069942904,5.35575359877211,"iv",3,5.24207069942904,5.35575359877211,
,,,,,,,,,,
304,90,"II",3,2.70399057299607,4.97850199558676,"II",3,2.70399057299607,4.97850199558676,
304,91,"-VI",4,6.51003108819735,4.88113787240782,"-VI",4,6.51003108819735,4.88113787240782,
304,92,"-II",2,5.92704446074321,5.16782341190319,"-II",2,5.92704446074321,5.16782341190319,
304,93,"#io",2,6.98923679378414,5.03211245088812,"#io",2,6.98923679378414,5.03211245088812,
304,94,"vii",1,7.00198763986557,4.25394060589979,"vii",1,7.00198763986557,4.25394060589979,
304,95,"#io",1,6.73536989608108,5.37387134302661,"-i",1,6.80575922397248,5.37387134302661,0.0703893278913981
304,96,"#io",1,7.11217055761599,4.25394060589979,"#io",1,6.59043853435084,5.12268325861485,
304,97,"V",1,2.60866028002009,4.25394060589979,"V",1,2.60866028002009,4.25394060589979,
304,98,"I",2,5.10819472913343,5.28179427721798,"I",2,5.10819472913343,5.28179427721798,
304,99,"I",2,4.50750976580657,5.45489656882738,"I",2,4.50750976580657,5.45489656882738,
304,100,"iv",3,5.24207069942904,5.35575359877211,"iv",3,5.24207069942904,5.35575359877211,
,,,,,,,,,,
305,91,"-VI",4,6.51003108819735,4.88113787240782,"-VI",4,6.51003108819735,4.88113787240782,
305,92,"-II",2,5.92704446074321,5.16782341190319,"-II",2,5.92704446074321,5.16782341190319,
305,93,"#io",2,6.98923679378414,5.03211245088812,"#io",2,6.98923679378414,5.03211245088812,
305,94,"vii",1,7.00198763986557,4.25394060589979,"vii",1,7.00198763986557,4.25394060589979,
305,95,"#io",1,6.73536989608108,5.37387134302661,"#io",1,6.73536989608108,5.37387134302661,
305,96,"#io",1,7.11217055761599,4.25394060589979,"#iio",1,7.18255988550739,4.25394060589979,0.0703893278913981
305,97,"V",1,2.60866028002009,4.25394060589979,"V",1,6.04106390673836,5.1196426498347,
305,98,"I",2,5.10819472913343,5.28179427721798,"I",1,4.8860650492582,5.46956356854853,
305,99,"I",2,4.50750976580657,5.45489656882738,"I",2,4.50750976580657,5.45489656882738,
305,100,"iv",3,5.24207069942904,5.35575359877211,"iv",3,5.24207069942904,5.35575359877211,
305,101,"I",4,3.7569489728767,4.6189632082906,"I",4,3.7569489728767,4.6189632082906,
,,,,,,,,,,
306,91,"-VI",4,6.51003108819735,4.88113787240782,"-VI",4,6.51003108819735,4.88113787240782,
306,92,"-II",2,5.92704446074321,5.16782341190319,"-II",2,5.92704446074321,5.16782341190319,
306,93,"#io",2,6.98923679378414,5.03211245088812,"#io",2,6.98923679378414,5.03211245088812,
306,94,"vii",1,7.00198763986557,4.25394060589979,"vii",1,7.00198763986557,4.25394060589979,
306,95,"#io",1,6.73536989608108,5.37387134302661,"#io",1,6.73536989608108,5.37387134302661,
306,96,"#io",1,7.11217055761599,4.25394060589979,"-II+",1,7.18255988550739,4.25394060589979,0.0703893278913981
306,97,"V",1,2.60866028002009,4.25394060589979,"V",1,6.04225415104388,5.12144717012166,
306,98,"I",2,5.10819472913343,5.28179427721798,"I",1,4.8860650492582,5.46956356854853,
306,99,"I",2,4.50750976580657,5.45489656882738,"I",2,4.50750976580657,5.45489656882738,
306,100,"iv",3,5.24207069942904,5.35575359877211,"iv",3,5.24207069942904,5.35575359877211,
306,101,"I",4,3.7569489728767,4.6189632082906,"I",4,3.7569489728767,4.6189632082906,
,,,,,,,,,,
307,91,"-VI",4,6.51003108819735,4.88113787240782,"-VI",4,6.51003108819735,4.88113787240782,
307,92,"-II",2,5.92704446074321,5.16782341190319,"-II",2,5.92704446074321,5.16782341190319,
307,93,"#io",2,6.98923679378414,5.03211245088812,"#io",2,6.98923679378414,5.03211245088812,
307,94,"vii",1,7.00198763986557,4.25394060589979,"vii",1,7.00198763986557,4.25394060589979,
307,95,"#io",1,6.73536989608108,5.37387134302661,"#io",1,6.73536989608108,5.37387134302661,
307,96,"#io",1,7.11217055761599,4.25394060589979,"#II",1,7.18255988550739,4.25394060589979,0.0703893278913981
307,97,"V",1,2.60866028002009,4.25394060589979,"V",1,6.04676814497379,5.12464752733778,
307,98,"I",2,5.10819472913343,5.28179427721798,"I",1,4.8860650492582,5.46956356854853,
307,99,"I",2,4.50750976580657,5.45489656882738,"I",2,4.50750976580657,5.45489656882738,
307,100,"iv",3,5.24207069942904,5.35575359877211,"iv",3,5.24207069942904,5.35575359877211,
307,101,"I",4,3.7569489728767,4.6189632082906,"I",4,3.7569489728767,4.6189632082906,
,,,,,,,,,,
308,91,"-VI",4,6.51003108819735,4.88113787240782,"-VI",4,6.51003108819735,4.88113787240782,
308,92,"-II",2,5.92704446074321,5.16782341190319,"-II",2,5.92704446074321,5.16782341190319,
308,93,"#io",2,6.98923679378414,5.03211245088812,"#io",2,6.98923679378414,5.03211245088812,
308,94,"vii",1,7.00198763986557,4.25394060589979,"vii",1,7.00198763986557,4.25394060589979,
308,95,"#io",1,6.73536989608108,5.37387134302661,"#io",1,6.73536989608108,5.37387134302661,
308,96,"#io",1,7.11217055761599,4.25394060589979,"-iio",1,7.18255988550739,4.25394060589979,0.0703893278913981
308,97,"V",1,2.60866028002009,4.25394060589979,"V",1,6.03078706600643,5.21425766751517,
308,98,"I",2,5.10819472913343,5.28179427721798,"I",1,4.8860650492582,5.46956356854853,
308,99,"I",2,4.50750976580657,5.45489656882738,"I",2,4.50750976580657,5.45489656882738,
308,100,"iv",3,5.24207069942904,5.35575359877211,"iv",3,5.24207069942904,5.35575359877211,
308,101,"I",4,3.7569489728767,4.6189632082906,"I",4,3.7569489728767,4.6189632082906,
,,,,,,,,,,
309,91,"-VI",4,6.51003108819735,4.88113787240782,"-VI",4,6.51003108819735,4.88113787240782,
309,92,"-II",2,5.92704446074321,5.16782341190319,"-II",2,5.92704446074321,5.16782341190319,
309,93,"#io",2,6.98923679378414,5.03211245088812,"#io",2,6.98923679378414,5.03211245088812,
309,94,"vii",1,7.00198763986557,4.25394060589979,"vii",1,7.00198763986557,4.25394060589979,
309,95,"#io",1,6.73536989608108,5.37387134302661,"#io",1,6.73536989608108,5.37387134302661,
309,96,"#io",1,7.11217055761599,4.25394060589979,"io",1,7.18255988550739,4.25394060589979,0.0703893278913981
309,97,"V",1,2.60866028002009,4.25394060589979,"V",1,3.59831708411114,5.07129736401692,
309,98,"I",2,5.10819472913343,5.28179427721798,"I",2,2.5136485758695,5.15694834733132,
309,99,"I",2,4.50750976580657,5.45489656882738,"I",3,3.45582307051428,5.30579029676151,
309,100,"iv",3,5.24207069942904,5.35575359877211,"iv",4,5.44741870875166,5.07407066354491,
309,101,"I",4,3.7569489728767,4.6189632082906,"I",4,3.7569489728767,4.6189632082906,
,,,,,,,,,,
310,91,"-VI",4,6.51003108819735,4.88113787240782,"-VI",4,6.51003108819735,4.88113787240782,
310,92,"-II",2,5.92704446074321,5.16782341190319,"-II",2,5.92704446074321,5.16782341190319,
310,93,"#io",2,6.98923679378414,5.03211245088812,"#io",2,6.98923679378414,5.03211245088812,
310,94,"vii",1,7.00198763986557,4.25394060589979,"vii",1,7.00198763986557,4.25394060589979,
310,95,"#io",1,6.73536989608108,5.37387134302661,"#io",1,6.73536989608108,5.37387134302661,
310,96,"#io",1,7.11217055761599,4.25394060589979,"III+",1,7.18255988550739,4.25394060589979,0.0703893278913981
310,97,"V",1,2.60866028002009,4.25394060589979,"V",1,6.34004358826444,4.33385203560444,
310,98,"I",2,5.10819472913343,5.28179427721798,"I",1,4.8860650492582,5.46956356854853,
310,99,"I",2,4.50750976580657,5.45489656882738,"I",2,4.50750976580657,5.45489656882738,
310,100,"iv",3,5.24207069942904,5.35575359877211,"iv",3,5.24207069942904,5.35575359877211,
310,101,"I",4,3.7569489728767,4.6189632082906,"I",4,3.7569489728767,4.6189632082906,
,,,,,,,,,,
311,91,"-VI",4,6.51003108819735,4.88113787240782,"-VI",4,6.51003108819735,4.88113787240782,
311,92,"-II",2,5.92704446074321,5.16782341190319,"-II",2,5.92704446074321,5.16782341190319,
311,93,"#io",2,6.98923679378414,5.03211245088812,"#io",2,6.98923679378414,5.03211245088812,
311,94,"vii",1,7.00198763986557,4.25394060589979,"vii",1,7.00198763986557,4.25394060589979,
311,95,"#io",1,6.73536989608108,5.37387134302661,"#io",1,6.73536989608108,5.37387134302661,
311,96,"#io",1,7.11217055761599,4.25394060589979,"-i",1,7.18255988550739,4.25394060589979,0.0703893278913981
311,97,"V",1,2.60866028002009,4.25394060589979,"V",1,6.04415650179374,5.12268325861485,
311,98,"I",2,5.10819472913343,5.28179427721798,"I",1,4.8860650492582,5.46956356854853,
311,99,"I",2,4.50750976580657,5.45489656882738,"I",2,4.50750976580657,5.45489656882738,
311,100,"iv",3,5.24207069942904,5.35575359877211,"iv",3,5.24207069942904,5.35575359877211,
311,101,"I",4,3.7569489728767,4.6189632082906,"I",4,3.7569489728767,4.6189632082906,
,,,,,,,,,,
312,86,"III",1,4.94929138986516,5.35241960075509,"III",1,4.94929138986516,5.35241960075509,
312,87,"VI",2,5.29057463595965,4.48938756125396,"VI",2,5.29057463595965,4.48938756125396,
312,88,"II",2,4.09933569298607,5.13032405207678,"II",2,4.09933569298607,5.13032405207678,
312,89,"VI",3,4.41383215898672,4.59862581504416,"VI",3,4.41383215898672,4.59862581504416,
312,90,"II",3,2.70399057299607,4.97850199558676,"II",3,2.70399057299607,4.97850199558676,
312,91,"-VI",4,6.51003108819735,4.88113787240782,"i",4,6.58254358798172,4.88113787240782,0.0725124997843674
312,92,"-II",2,5.92704446074321,5.16782341190319,"-II",2,5.93437505833124,5.0212088860666,
312,93,"#io",2,6.98923679378414,5.03211245088812,"#io",2,6.84850495878739,5.17055298474781,
312,94,"vii",1,7.00198763986557,4.25394060589979,"vii",1,7.00198763986557,4.25394060589979,
312,95,"#io",1,6.73536989608108,5.37387134302661,"#io",1,6.73536989608108,5.37387134302661,
312,96,"#io",1,7.11217055761599,4.25394060589979,"#io",1,7.11217055761599,4.25394060589979,
,,,,,,,,,,
313,81,"#io",5,7.4374051515395,3.91207025148671,"#io",5,7.4374051515395,3.91207025148671,
313,82,"vii",3,7.20787563067529,3.88245695387891,"vii",3,7.20787563067529,3.88245695387891,
313,83,"#io",1,6.73536989608108,5.37387134302661,"#io",1,6.73536989608108,5.37387134302661,
313,84,"#io",1,7.11217055761599,4.25394060589979,"#io",1,7.11217055761599,4.25394060589979,
313,85,"VII",1,6.96016746417094,4.25394060589979,"VII",1,6.96016746417094,4.25394060589979,
313,86,"III",1,4.94929138986516,5.35241960075509,"-iii",1,5.02247280120598,5.35241960075509,0.0731814113408236
313,87,"VI",2,5.29057463595965,4.48938756125396,"VI",2,6.65177835242499,4.94061287772821,
313,88,"II",2,4.09933569298607,5.13032405207678,"II",1,4.50474199272736,5.40844391457464,
313,89,"VI",3,4.41383215898672,4.59862581504416,"VI",2,4.08431357042301,5.1393041866773,
313,90,"II",3,2.70399057299607,4.97850199558676,"II",3,2.70399057299607,4.97850199558676,
313,91,"-VI",4,6.51003108819735,4.88113787240782,"-VI",4,6.51003108819735,4.88113787240782,
,,,,,,,,,,
314,83,"#io",1,6.73536989608108,5.37387134302661,"#io",1,6.73536989608108,5.37387134302661,
314,84,"#io",1,7.11217055761599,4.25394060589979,"#io",1,7.11217055761599,4.25394060589979,
314,85,"VII",1,6.96016746417094,4.25394060589979,"VII",1,6.96016746417094,4.25394060589979,
314,86,"III",1,4.94929138986516,5.35241960075509,"III",1,4.94929138986516,5.35241960075509,
314,87,"VI",2,5.29057463595965,4.48938756125396,"VI",2,5.29057463595965,4.48938756125396,
314,88,"II",2,4.09933569298607,5.13032405207678,"III",2,4.02547322465451,5.13032405207678,0.073862468331555
314,89,"VI",3,4.41383215898672,4.59862581504416,"VI",3,1.34003126925657,4.10235915299295,
314,90,"II",3,2.70399057299607,4.97850199558676,"II",4,4.57516836601466,4.52965940429084,
314,91,"-VI",4,6.51003108819735,4.88113787240782,"-VI",3,6.5993878121428,4.59862581504416,
314,92,"-II",2,5.92704446074321,5.16782341190319,"-II",2,5.92704446074321,5.16782341190319,
314,93,"#io",2,6.98923679378414,5.03211245088812,"#io",2,6.98923679378414,5.03211245088812,
,,,,,,,,,,
315,20,"II",2,3.92906308295182,5.08808905348547,"II",2,3.92906308295182,5.08808905348547,
315,21,"VI",3,1.91938901563152,4.59804125922297,"VI",3,1.91938901563152,4.59804125922297,
315,22,"II",4,1.84470195563592,4.5698028738094,"II",4,1.84470195563592,4.5698028738094,
315,23,"V",5,3.24316910000851,4.49591193161619,"V",5,3.24316910000851,4.49591193161619,
315,24,"I",5,2.27348102634849,4.50862641594303,"I",5,2.27348102634849,4.50862641594303,
315,25,"#io",5,7.4374051515395,3.91207025148671,"iio",5,7.36212758689092,3.91207025148671,0.0752775646485855
315,26,"vii",3,7.20787563067529,3.88245695387891,"vii",3,7.07366904173397,4.27735181441533,
315,27,"#io",1,6.73536989608108,5.37387134302661,"#io",1,6.73536989608108,5.37387134302661,
315,28,"#io",1,7.11217055761599,4.25394060589979,"#io",1,7.11217055761599,4.25394060589979,
315,29,"V",1,2.60866028002009,4.25394060589979,"V",1,2.60866028002009,4.25394060589979,
315,30,"I",2,5.10819472913343,5.28179427721798,"I",2,5.10819472913343,5.28179427721798,
,,,,,,,,,,
316,45,"II",2,3.92906308295182,5.08808905348547,"II",2,3.92906308295182,5.08808905348547,
316,46,"VI",3,1.91938901563152,4.59804125922297,"VI",3,1.91938901563152,4.59804125922297,
316,47,"II",4,1.84470195563592,4.5698028738094,"II",4,1.84470195563592,4.5698028738094,
316,48,"V",5,3.24316910000851,4.49591193161619,"V",5,3.24316910000851,4.49591193161619,
316,49,"I",5,2.27348102634849,4.50862641594303,"I",5,2.27348102634849,4.50862641594303,
316,50,"#io",5,7.4374051515395,3.91207025148671,"iio",5,7.36212758689092,3.91207025148671,0.0752775646485855
316,51,"vii",3,7.20787563067529,3.88245695387891,"vii",3,7.07366904173397,4.27735181441533,
316,52,"#io",1,6.73536989608108,5.37387134302661,"#io",1,6.73536989608108,5.37387134302661,
316,53,"#io",1,7.11217055761599,4.25394060589979,"#io",1,7.11217055761599,4.25394060589979,
316,54,"V",1,2.60866028002009,4.25394060589979,"V",1,2.60866028002009,4.25394060589979,
316,55,"I",2,5.10819472913343,5.28179427721798,"I",2,5.10819472913343,5.28179427721798,
,,,,,,,,,,
317,76,"II",2,3.92906308295182,5.08808905348547,"II",2,3.92906308295182,5.08808905348547,
317,77,"VI",3,1.91938901563152,4.59804125922297,"VI",3,1.91938901563152,4.59804125922297,
317,78,"II",4,1.84470195563592,4.5698028738094,"II",4,1.84470195563592,4.5698028738094,
317,79,"V",5,3.24316910000851,4.49591193161619,"V",5,3.24316910000851,4.49591193161619,
317,80,"I",5,2.27348102634849,4.50862641594303,"I",5,2.27348102634849,4.50862641594303,
317,81,"#io",5,7.4374051515395,3.91207025148671,"iio",5,7.36212758689092,3.91207025148671,0.0752775646485855
317,82,"vii",3,7.20787563067529,3.88245695387891,"vii",3,7.07366904173397,4.27735181441533,
317,83,"#io",1,6.73536989608108,5.37387134302661,"#io",1,6.73536989608108,5.37387134302661,
317,84,"#io",1,7.11217055761599,4.25394060589979,"#io",1,7.11217055761599,4.25394060589979,
317,85,"VII",1,6.96016746417094,4.25394060589979,"VII",1,6.96016746417094,4.25394060589979,
317,86,"III",1,4.94929138986516,5.35241960075509,"III",1,4.94929138986516,5.35241960075509,
,,,,,,,,,,
318,20,"II",2,3.92906308295182,5.08808905348547,"II",2,3.92906308295182,5.08808905348547,
318,21,"VI",3,1.91938901563152,4.59804125922297,"VI",3,1.91938901563152,4.59804125922297,
318,22,"II",4,1.84470195563592,4.5698028738094,"II",4,1.84470195563592,4.5698028738094,
318,23,"V",5,3.24316910000851,4.49591193161619,"V",5,3.24316910000851,4.49591193161619,
318,24,"I",5,2.27348102634849,4.50862641594303,"I",5,2.27348102634849,4.50862641594303,
318,25,"#io",5,7.4374051515395,3.91207025148671,"vio",5,7.36098829637623,3.91207025148671,0.0764168551632691
318,26,"vii",3,7.20787563067529,3.88245695387891,"vii",2,7.72143736355907,3.27899772829228,
318,27,"#io",1,6.73536989608108,5.37387134302661,"#io",1,6.73536989608108,5.37387134302661,
318,28,"#io",1,7.11217055761599,4.25394060589979,"#io",1,7.11217055761599,4.25394060589979,
318,29,"V",1,2.60866028002009,4.25394060589979,"V",1,2.60866028002009,4.25394060589979,
318,30,"I",2,5.10819472913343,5.28179427721798,"I",2,5.10819472913343,5.28179427721798,
,,,,,,,,,,
319,45,"II",2,3.92906308295182,5.08808905348547,"II",2,3.92906308295182,5.08808905348547,
319,46,"VI",3,1.91938901563152,4.59804125922297,"VI",3,1.91938901563152,4.59804125922297,
319,47,"II",4,1.84470195563592,4.5698028738094,"II",4,1.84470195563592,4.5698028738094,
319,48,"V",5,3.24316910000851,4.49591193161619,"V",5,3.24316910000851,4.49591193161619,
319,49,"I",5,2.27348102634849,4.50862641594303,"I",5,2.27348102634849,4.50862641594303,
319,50,"#io",5,7.4374051515395,3.91207025148671,"vio",5,7.36098829637623,3.91207025148671,0.0764168551632691
319,51,"vii",3,7.20787563067529,3.88245695387891,"vii",2,7.72143736355907,3.27899772829228,
319,52,"#io",1,6.73536989608108,5.37387134302661,"#io",1,6.73536989608108,5.37387134302661,
319,53,"#io",1,7.11217055761599,4.25394060589979,"#io",1,7.11217055761599,4.25394060589979,
319,54,"V",1,2.60866028002009,4.25394060589979,"V",1,2.60866028002009,4.25394060589979,
319,55,"I",2,5.10819472913343,5.28179427721798,"I",2,5.10819472913343,5.28179427721798,
,,,,,,,,,,
320,76,"II",2,3.92906308295182,5.08808905348547,"II",2,3.92906308295182,5.08808905348547,
320,77,"VI",3,1.91938901563152,4.59804125922297,"VI",3,1.91938901563152,4.59804125922297,
320,78,"II",4,1.84470195563592,4.5698028738094,"II",4,1.84470195563592,4.5698028738094,
320,79,"V",5,3.24316910000851,4.49591193161619,"V",5,3.24316910000851,4.49591193161619,
320,80,"I",5,2.27348102634849,4.50862641594303,"I",5,2.27348102634849,4.50862641594303,
320,81,"#io",5,7.4374051515395,3.91207025148671,"vio",5,7.36098829637623,3.91207025148671,0.0764168551632691
320,82,"vii",3,7.20787563067529,3.88245695387891,"vii",2,7.72143736355907,3.27899772829228,
320,83,"#io",1,6.73536989608108,5.37387134302661,"#io",1,6.73536989608108,5.37387134302661,
320,84,"#io",1,7.11217055761599,4.25394060589979,"#io",1,7.11217055761599,4.25394060589979,
320,85,"VII",1,6.96016746417094,4.25394060589979,"VII",1,6.96016746417094,4.25394060589979,
320,86,"III",1,4.94929138986516,5.35241960075509,"III",1,4.94929138986516,5.35241960075509,
,,,,,,,,,,
321,27,"#io",1,6.73536989608108,5.37387134302661,"#io",1,6.73536989608108,5.37387134302661,
321,28,"#io",1,7.11217055761599,4.25394060589979,"#io",1,7.11217055761599,4.25394060589979,
321,29,"V",1,2.60866028002009,4.25394060589979,"V",1,2.60866028002009,4.25394060589979,
321,30,"I",2,5.10819472913343,5.28179427721798,"I",2,5.10819472913343,5.28179427721798,
321,31,"I",2,4.50750976580657,5.45489656882738,"I",2,4.50750976580657,5.45489656882738,
321,32,"iv",3,5.24207069942904,5.35575359877211,"-VI",3,5.31878278306491,5.35575359877211,0.0767120836358686
321,33,"i",4,6.29015841478751,4.6189632082906,"i",4,6.08802687137711,4.57282789213134,
321,34,"V",2,5.18918378288414,5.3088418137135,"V",2,5.1964538687122,5.29577362784393,
321,35,"iv",3,6.27237204783434,4.68444313455646,"iv",3,6.27237204783434,4.68444313455646,
321,36,"i",2,5.57395603738269,5.3100140433034,"i",2,5.57395603738269,5.3100140433034,
321,37,"V",2,5.18918378288414,5.3088418137135,"V",2,5.18918378288414,5.3088418137135,
,,,,,,,,,,
322,52,"#io",1,6.73536989608108,5.37387134302661,"#io",1,6.73536989608108,5.37387134302661,
322,53,"#io",1,7.11217055761599,4.25394060589979,"#io",1,7.11217055761599,4.25394060589979,
322,54,"V",1,2.60866028002009,4.25394060589979,"V",1,2.60866028002009,4.25394060589979,
322,55,"I",2,5.10819472913343,5.28179427721798,"I",2,5.10819472913343,5.28179427721798,
322,56,"I",2,4.50750976580657,5.45489656882738,"I",2,4.50750976580657,5.45489656882738,
322,57,"iv",3,5.24207069942904,5.35575359877211,"-VI",3,5.31878278306491,5.35575359877211,0.0767120836358686
322,58,"i",4,6.29015841478751,4.6189632082906,"i",4,6.08802687137711,4.57282789213134,
322,59,"iv",2,4.17469744898406,5.3088418137135,"iv",2,5.0574448830792,5.29577362784393,
322,60,"i",3,4.15426348672942,5.19505662454822,"i",3,4.49146462411828,4.89438731819655,
322,61,"iv",4,1.59805734050009,4.28514913067829,"iv",3,2.56625150884213,4.83752480018023,
322,62,"i",5,2.99250989648011,4.79182807811329,"i",4,3.18682891317792,4.93819255277875,
,,,,,,,,,,
323,95,"#io",1,6.73536989608108,5.37387134302661,"#io",1,6.73536989608108,5.37387134302661,
323,96,"#io",1,7.11217055761599,4.25394060589979,"#io",1,7.11217055761599,4.25394060589979,
323,97,"V",1,2.60866028002009,4.25394060589979,"V",1,2.60866028002009,4.25394060589979,
323,98,"I",2,5.10819472913343,5.28179427721798,"I",2,5.10819472913343,5.28179427721798,
323,99,"I",2,4.50750976580657,5.45489656882738,"I",2,4.50750976580657,5.45489656882738,
323,100,"iv",3,5.24207069942904,5.35575359877211,"-VI",3,5.31878278306491,5.35575359877211,0.0767120836358686
323,101,"I",4,3.7569489728767,4.6189632082906,"I",4,4.91693227518822,4.57282789213134,
323,102,"iv",4,2.35831449605204,4.7391451886692,"iv",4,5.82888695678576,4.8959802482429,
323,103,"I",5,1.30069920255414,4.04104008265256,"I",3,2.17814228507161,4.9067358867662,
323,104,"r",6,3.10323370070841,4.63606313295137,"r",4,3.05256660816375,4.71813148155054,
323,105,"r",6,2.05518679254445,3.6418490003956,"r",4,1.53488600663328,3.48893306482758,
,,,,,,,,,,
324,4,"iv",3,2.4562192303382,5.09112644216906,"iv",3,2.4562192303382,5.09112644216906,
324,5,"I",4,2.12191447975607,4.81224725179976,"I",4,2.12191447975607,4.81224725179976,
324,6,"I",5,3.98807420824608,4.69880730300448,"I",5,3.98807420824608,4.69880730300448,
324,7,"iv",5,4.50727034864588,5.07644553472119,"iv",5,4.50727034864588,5.07644553472119,
324,8,"i",5,6.82127444529731,3.62924707438769,"i",5,6.82127444529731,3.62924707438769,
324,9,"V",2,5.18918378288414,5.3088418137135,"I",2,5.10520276410942,5.3088418137135,0.0839810187747245
324,10,"iv",3,6.27237204783434,4.68444313455646,"iv",3,5.19353486263618,4.96223111636051,
324,11,"i",2,5.57395603738269,5.3100140433034,"i",3,5.81162739594305,5.05071190734684,
324,12,"V",2,5.18918378288414,5.3088418137135,"V",2,5.18918378288414,5.3088418137135,
324,13,"iv",3,6.27237204783434,4.68444313455646,"iv",3,6.27237204783434,4.68444313455646,
324,14,"i",2,5.57395603738269,5.3100140433034,"i",2,5.57395603738269,5.3100140433034,
,,,,,,,,,,
325,7,"iv",5,4.50727034864588,5.07644553472119,"iv",5,4.50727034864588,5.07644553472119,
325,8,"i",5,6.82127444529731,3.62924707438769,"i",5,6.82127444529731,3.62924707438769,
325,9,"V",2,5.18918378288414,5.3088418137135,"V",2,5.18918378288414,5.3088418137135,
325,10,"iv",3,6.27237204783434,4.68444313455646,"iv",3,6.27237204783434,4.68444313455646,
325,11,"i",2,5.57395603738269,5.3100140433034,"i",2,5.57395603738269,5.3100140433034,
325,12,"V",2,5.18918378288414,5.3088418137135,"I",2,5.10520276410942,5.3088418137135,0.0839810187747245
325,13,"iv",3,6.27237204783434,4.68444313455646,"iv",3,5.19353486263618,4.96223111636051,
325,14,"i",2,5.57395603738269,5.3100140433034,"i",3,5.81162739594305,5.05071190734684,
325,15,"V",2,5.18918378288414,5.3088418137135,"V",2,5.18918378288414,5.3088418137135,
325,16,"iv",3,6.27237204783434,4.68444313455646,"iv",3,6.27237204783434,4.68444313455646,
325,17,"IV",2,5.60871204458611,5.3100140433034,"IV",2,5.60871204458611,5.3100140433034,
,,,,,,,,,,
326,10,"iv",3,6.27237204783434,4.68444313455646,"iv",3,6.27237204783434,4.68444313455646,
326,11,"i",2,5.57395603738269,5.3100140433034,"i",2,5.57395603738269,5.3100140433034,
326,12,"V",2,5.18918378288414,5.3088418137135,"V",2,5.18918378288414,5.3088418137135,
326,13,"iv",3,6.27237204783434,4.68444313455646,"iv",3,6.27237204783434,4.68444313455646,
326,14,"i",2,5.57395603738269,5.3100140433034,"i",2,5.57395603738269,5.3100140433034,
326,15,"V",2,5.18918378288414,5.3088418137135,"I",2,5.10520276410942,5.3088418137135,0.0839810187747245
326,16,"iv",3,6.27237204783434,4.68444313455646,"iv",3,5.19353486263618,4.96223111636051,
326,17,"IV",2,5.60871204458611,5.3100140433034,"IV",3,5.11222688027604,5.05071190734684,
326,18,"IV",2,4.25329499789397,5.30617909945223,"IV",3,3.28437421213424,4.89350113521509,
326,19,"VI",3,6.5007459032126,4.96353334350538,"VI",4,6.85200488232784,4.33229357778052,
326,20,"II",2,3.92906308295182,5.08808905348547,"II",2,3.92906308295182,5.08808905348547,
,,,,,,,,,,
327,29,"V",1,2.60866028002009,4.25394060589979,"V",1,2.60866028002009,4.25394060589979,
327,30,"I",2,5.10819472913343,5.28179427721798,"I",2,5.10819472913343,5.28179427721798,
327,31,"I",2,4.50750976580657,5.45489656882738,"I",2,4.50750976580657,5.45489656882738,
327,32,"iv",3,5.24207069942904,5.35575359877211,"iv",3,5.24207069942904,5.35575359877211,
327,33,"i",4,6.29015841478751,4.6189632082906,"i",4,6.29015841478751,4.6189632082906,
327,34,"V",2,5.18918378288414,5.3088418137135,"I",2,5.10520276410942,5.3088418137135,0.0839810187747245
327,35,"iv",3,6.27237204783434,4.68444313455646,"iv",3,5.19353486263618,4.96223111636051,
327,36,"i",2,5.57395603738269,5.3100140433034,"i",3,5.81162739594305,5.05071190734684,
327,37,"V",2,5.18918378288414,5.3088418137135,"V",2,5.18918378288414,5.3088418137135,
327,38,"iv",3,6.27237204783434,4.68444313455646,"iv",3,6.27237204783434,4.68444313455646,
327,39,"i",2,5.57395603738269,5.3100140433034,"i",2,5.57395603738269,5.3100140433034,
,,,,,,,,,,
328,32,"iv",3,5.24207069942904,5.35575359877211,"iv",3,5.24207069942904,5.35575359877211,
328,33,"i",4,6.29015841478751,4.6189632082906,"i",4,6.29015841478751,4.6189632082906,
328,34,"V",2,5.18918378288414,5.3088418137135,"V",2,5.18918378288414,5.3088418137135,
328,35,"iv",3,6.27237204783434,4.68444313455646,"iv",3,6.27237204783434,4.68444313455646,
328,36,"i",2,5.57395603738269,5.3100140433034,"i",2,5.57395603738269,5.3100140433034,
328,37,"V",2,5.18918378288414,5.3088418137135,"I",2,5.10520276410942,5.3088418137135,0.0839810187747245
328,38,"iv",3,6.27237204783434,4.68444313455646,"iv",3,5.19353486263618,4.96223111636051,
328,39,"i",2,5.57395603738269,5.3100140433034,"i",3,5.81162739594305,5.05071190734684,
328,40,"V",2,5.18918378288414,5.3088418137135,"V",2,5.18918378288414,5.3088418137135,
328,41,"iv",3,6.27237204783434,4.68444313455646,"iv",3,6.27237204783434,4.68444313455646,
328,42,"IV",2,5.60871204458611,5.3100140433034,"IV",2,5.60871204458611,5.3100140433034,
,,,,,,,,,,
329,35,"iv",3,6.27237204783434,4.68444313455646,"iv",3,6.27237204783434,4.68444313455646,
329,36,"i",2,5.57395603738269,5.3100140433034,"i",2,5.57395603738269,5.3100140433034,
329,37,"V",2,5.18918378288414,5.3088418137135,"V",2,5.18918378288414,5.3088418137135,
329,38,"iv",3,6.27237204783434,4.68444313455646,"iv",3,6.27237204783434,4.68444313455646,
329,39,"i",2,5.57395603738269,5.3100140433034,"i",2,5.57395603738269,5.3100140433034,
329,40,"V",2,5.18918378288414,5.3088418137135,"I",2,5.10520276410942,5.3088418137135,0.0839810187747245
329,41,"iv",3,6.27237204783434,4.68444313455646,"iv",3,5.19353486263618,4.96223111636051,
329,42,"IV",2,5.60871204458611,5.3100140433034,"IV",3,5.11222688027604,5.05071190734684,
329,43,"IV",2,4.25329499789397,5.30617909945223,"IV",3,3.28437421213424,4.89350113521509,
329,44,"VI",3,6.5007459032126,4.96353334350538,"VI",4,6.85200488232784,4.33229357778052,
329,45,"II",2,3.92906308295182,5.08808905348547,"II",2,3.92906308295182,5.08808905348547,
,,,,,,,,,,
330,5,"I",4,2.12191447975607,4.81224725179976,"I",4,2.12191447975607,4.81224725179976,
330,6,"I",5,3.98807420824608,4.69880730300448,"I",5,3.98807420824608,4.69880730300448,
330,7,"iv",5,4.50727034864588,5.07644553472119,"iv",5,4.50727034864588,5.07644553472119,
330,8,"i",5,6.82127444529731,3.62924707438769,"i",5,6.82127444529731,3.62924707438769,
330,9,"V",2,5.18918378288414,5.3088418137135,"V",2,5.18918378288414,5.3088418137135,
330,10,"iv",3,6.27237204783434,4.68444313455646,"ii",3,6.1878238504598,4.68444313455646,0.0845481973745414
330,11,"i",2,5.57395603738269,5.3100140433034,"i",2,5.9720318801652,5.21893405284367,
330,12,"V",2,5.18918378288414,5.3088418137135,"V",2,5.6550969580102,5.14614242626994,
330,13,"iv",3,6.27237204783434,4.68444313455646,"iv",2,5.99522172691141,5.18723940948589,
330,14,"i",2,5.57395603738269,5.3100140433034,"i",2,5.57395603738269,5.3100140433034,
330,15,"V",2,5.18918378288414,5.3088418137135,"V",2,5.18918378288414,5.3088418137135,
,,,,,,,,,,
331,8,"i",5,6.82127444529731,3.62924707438769,"i",5,6.82127444529731,3.62924707438769,
331,9,"V",2,5.18918378288414,5.3088418137135,"V",2,5.18918378288414,5.3088418137135,
331,10,"iv",3,6.27237204783434,4.68444313455646,"iv",3,6.27237204783434,4.68444313455646,
331,11,"i",2,5.57395603738269,5.3100140433034,"i",2,5.57395603738269,5.3100140433034,
331,12,"V",2,5.18918378288414,5.3088418137135,"V",2,5.18918378288414,5.3088418137135,
331,13,"iv",3,6.27237204783434,4.68444313455646,"ii",3,6.1878238504598,4.68444313455646,0.0845481973745414
331,14,"i",2,5.57395603738269,5.3100140433034,"i",2,5.9720318801652,5.21893405284367,
331,15,"V",2,5.18918378288414,5.3088418137135,"V",2,5.6550969580102,5.14614242626994,
331,16,"iv",3,6.27237204783434,4.68444313455646,"iv",2,5.99522172691141,5.18723940948589,
331,17,"IV",2,5.60871204458611,5.3100140433034,"IV",2,5.60871204458611,5.3100140433034,
331,18,"IV",2,4.25329499789397,5.30617909945223,"IV",2,4.25329499789397,5.30617909945223,
,,,,,,,,,,
332,11,"i",2,5.57395603738269,5.3100140433034,"i",2,5.57395603738269,5.3100140433034,
332,12,"V",2,5.18918378288414,5.3088418137135,"V",2,5.18918378288414,5.3088418137135,
332,13,"iv",3,6.27237204783434,4.68444313455646,"iv",3,6.27237204783434,4.68444313455646,
332,14,"i",2,5.57395603738269,5.3100140433034,"i",2,5.57395603738269,5.3100140433034,
332,15,"V",2,5.18918378288414,5.3088418137135,"V",2,5.18918378288414,5.3088418137135,
332,16,"iv",3,6.27237204783434,4.68444313455646,"ii",3,6.1878238504598,4.68444313455646,0.0845481973745414
332,17,"IV",2,5.60871204458611,5.3100140433034,"IV",2,4.1779871976321,5.21893405284367,
332,18,"IV",2,4.25329499789397,5.30617909945223,"IV",3,4.50357488356222,4.66576503244066,
332,19,"VI",3,6.5007459032126,4.96353334350538,"VI",3,6.61040041096324,4.8626262938267,
332,20,"II",2,3.92906308295182,5.08808905348547,"II",2,3.92906308295182,5.08808905348547,
332,21,"VI",3,1.91938901563152,4.59804125922297,"VI",3,1.91938901563152,4.59804125922297,
,,,,,,,,,,
333,30,"I",2,5.10819472913343,5.28179427721798,"I",2,5.10819472913343,5.28179427721798,
333,31,"I",2,4.50750976580657,5.45489656882738,"I",2,4.50750976580657,5.45489656882738,
333,32,"iv",3,5.24207069942904,5.35575359877211,"iv",3,5.24207069942904,5.35575359877211,
333,33,"i",4,6.29015841478751,4.6189632082906,"i",4,6.29015841478751,4.6189632082906,
333,34,"V",2,5.18918378288414,5.3088418137135,"V",2,5.18918378288414,5.3088418137135,
333,35,"iv",3,6.27237204783434,4.68444313455646,"ii",3,6.1878238504598,4.68444313455646,0.0845481973745414
333,36,"i",2,5.57395603738269,5.3100140433034,"i",2,5.9720318801652,5.21893405284367,
333,37,"V",2,5.18918378288414,5.3088418137135,"V",2,5.6550969580102,5.14614242626994,
333,38,"iv",3,6.27237204783434,4.68444313455646,"iv",2,5.99522172691141,5.18723940948589,
333,39,"i",2,5.57395603738269,5.3100140433034,"i",2,5.57395603738269,5.3100140433034,
333,40,"V",2,5.18918378288414,5.3088418137135,"V",2,5.18918378288414,5.3088418137135,
,,,,,,,,,,
334,33,"i",4,6.29015841478751,4.6189632082906,"i",4,6.29015841478751,4.6189632082906,
334,34,"V",2,5.18918378288414,5.3088418137135,"V",2,5.18918378288414,5.3088418137135,
334,35,"iv",3,6.27237204783434,4.68444313455646,"iv",3,6.27237204783434,4.68444313455646,
334,36,"i",2,5.57395603738269,5.3100140433034,"i",2,5.57395603738269,5.3100140433034,
334,37,"V",2,5.18918378288414,5.3088418137135,"V",2,5.18918378288414,5.3088418137135,
334,38,"iv",3,6.27237204783434,4.68444313455646,"ii",3,6.1878238504598,4.68444313455646,0.0845481973745414
334,39,"i",2,5.57395603738269,5.3100140433034,"i",2,5.9720318801652,5.21893405284367,
334,40,"V",2,5.18918378288414,5.3088418137135,"V",2,5.6550969580102,5.14614242626994,
334,41,"iv",3,6.27237204783434,4.68444313455646,"iv",2,5.99522172691141,5.18723940948589,
334,42,"IV",2,5.60871204458611,5.3100140433034,"IV",2,5.60871204458611,5.3100140433034,
334,43,"IV",2,4.25329499789397,5.30617909945223,"IV",2,4.25329499789397,5.30617909945223,
,,,,,,,,,,
335,36,"i",2,5.57395603738269,5.3100140433034,"i",2,5.57395603738269,5.3100140433034,
335,37,"V",2,5.18918378288414,5.3088418137135,"V",2,5.18918378288414,5.3088418137135,
335,38,"iv",3,6.27237204783434,4.68444313455646,"iv",3,6.27237204783434,4.68444313455646,
335,39,"i",2,5.57395603738269,5.3100140433034,"i",2,5.57395603738269,5.3100140433034,
335,40,"V",2,5.18918378288414,5.3088418137135,"V",2,5.18918378288414,5.3088418137135,
335,41,"iv",3,6.27237204783434,4.68444313455646,"ii",3,6.1878238504598,4.68444313455646,0.0845481973745414
335,42,"IV",2,5.60871204458611,5.3100140433034,"IV",2,4.1779871976321,5.21893405284367,
335,43,"IV",2,4.25329499789397,5.30617909945223,"IV",3,4.50357488356222,4.66576503244066,
335,44,"VI",3,6.5007459032126,4.96353334350538,"VI",3,6.61040041096324,4.8626262938267,
335,45,"II",2,3.92906308295182,5.08808905348547,"II",2,3.92906308295182,5.08808905348547,
335,46,"VI",3,1.91938901563152,4.59804125922297,"VI",3,1.91938901563152,4.59804125922297,
,,,,,,,,,,
336,80,"I",5,2.27348102634849,4.50862641594303,"I",5,2.27348102634849,4.50862641594303,
336,81,"#io",5,7.4374051515395,3.91207025148671,"#io",5,7.4374051515395,3.91207025148671,
336,82,"vii",3,7.20787563067529,3.88245695387891,"vii",3,7.20787563067529,3.88245695387891,
336,83,"#io",1,6.73536989608108,5.37387134302661,"#io",1,6.73536989608108,5.37387134302661,
336,84,"#io",1,7.11217055761599,4.25394060589979,"#io",1,7.11217055761599,4.25394060589979,
336,85,"VII",1,6.96016746417094,4.25394060589979,"V+",1,7.04505636175745,4.25394060589979,0.084888897586513
336,86,"III",1,4.94929138986516,5.35241960075509,"III",1,6.26846702433382,5.18023301555516,
336,87,"VI",2,5.29057463595965,4.48938756125396,"VI",1,4.78509777047633,5.39755563592088,
336,88,"II",2,4.09933569298607,5.13032405207678,"II",2,4.09933569298607,5.13032405207678,
336,89,"VI",3,4.41383215898672,4.59862581504416,"VI",3,4.41383215898672,4.59862581504416,
336,90,"II",3,2.70399057299607,4.97850199558676,"II",3,2.70399057299607,4.97850199558676,
,,,,,,,,,,
337,80,"I",5,2.27348102634849,4.50862641594303,"I",5,2.27348102634849,4.50862641594303,
337,81,"#io",5,7.4374051515395,3.91207025148671,"#io",5,7.4374051515395,3.91207025148671,
337,82,"vii",3,7.20787563067529,3.88245695387891,"vii",3,7.20787563067529,3.88245695387891,
337,83,"#io",1,6.73536989608108,5.37387134302661,"#io",1,6.73536989608108,5.37387134302661,
337,84,"#io",1,7.11217055761599,4.25394060589979,"#io",1,7.11217055761599,4.25394060589979,
337,85,"VII",1,6.96016746417094,4.25394060589979,"#ivo",1,7.04505636175745,4.25394060589979,0.084888897586513
337,86,"III",1,4.94929138986516,5.35241960075509,"III",1,6.60916294967294,4.95353538014776,
337,87,"VI",2,5.29057463595965,4.48938756125396,"VI",1,4.78509777047633,5.39755563592088,
337,88,"II",2,4.09933569298607,5.13032405207678,"II",2,4.09933569298607,5.13032405207678,
337,89,"VI",3,4.41383215898672,4.59862581504416,"VI",3,4.41383215898672,4.59862581504416,
337,90,"II",3,2.70399057299607,4.97850199558676,"II",3,2.70399057299607,4.97850199558676,
,,,,,,,,,,
338,22,"II",4,1.84470195563592,4.5698028738094,"II",4,1.84470195563592,4.5698028738094,
338,23,"V",5,3.24316910000851,4.49591193161619,"V",5,3.24316910000851,4.49591193161619,
338,24,"I",5,2.27348102634849,4.50862641594303,"I",5,2.27348102634849,4.50862641594303,
338,25,"#io",5,7.4374051515395,3.91207025148671,"#io",5,7.4374051515395,3.91207025148671,
338,26,"vii",3,7.20787563067529,3.88245695387891,"vii",3,7.20787563067529,3.88245695387891,
338,27,"#io",1,6.73536989608108,5.37387134302661,"-iii",1,6.64656062912322,5.37387134302661,0.0888092669578553
338,28,"#io",1,7.11217055761599,4.25394060589979,"#io",1,6.53644767245252,5.463546016454,
338,29,"V",1,2.60866028002009,4.25394060589979,"V",1,2.60866028002009,4.25394060589979,
338,30,"I",2,5.10819472913343,5.28179427721798,"I",2,5.10819472913343,5.28179427721798,
338,31,"I",2,4.50750976580657,5.45489656882738,"I",2,4.50750976580657,5.45489656882738,
338,32,"iv",3,5.24207069942904,5.35575359877211,"iv",3,5.24207069942904,5.35575359877211,
,,,,,,,,,,
339,22,"II",4,1.84470195563592,4.5698028738094,"II",4,1.84470195563592,4.5698028738094,
339,23,"V",5,3.24316910000851,4.49591193161619,"V",5,3.24316910000851,4.49591193161619,
339,24,"I",5,2.27348102634849,4.50862641594303,"I",5,2.27348102634849,4.50862641594303,
339,25,"#io",5,7.4374051515395,3.91207025148671,"#io",5,7.4374051515395,3.91207025148671,
339,26,"vii",3,7.20787563067529,3.88245695387891,"vii",3,7.20787563067529,3.88245695387891,
339,27,"#io",1,6.73536989608108,5.37387134302661,"viio",1,6.64656062912322,5.37387134302661,0.0888092669578553
339,28,"#io",1,7.11217055761599,4.25394060589979,"#io",1,6.70873904135958,5.31194985661058,
339,29,"V",1,2.60866028002009,4.25394060589979,"V",1,2.60866028002009,4.25394060589979,
339,30,"I",2,5.10819472913343,5.28179427721798,"I",2,5.10819472913343,5.28179427721798,
339,31,"I",2,4.50750976580657,5.45489656882738,"I",2,4.50750976580657,5.45489656882738,
339,32,"iv",3,5.24207069942904,5.35575359877211,"iv",3,5.24207069942904,5.35575359877211,
,,,,,,,,,,
340,22,"II",4,1.84470195563592,4.5698028738094,"II",4,1.84470195563592,4.5698028738094,
340,23,"V",5,3.24316910000851,4.49591193161619,"V",5,3.24316910000851,4.49591193161619,
340,24,"I",5,2.27348102634849,4.50862641594303,"I",5,2.27348102634849,4.50862641594303,
340,25,"#io",5,7.4374051515395,3.91207025148671,"#io",5,7.4374051515395,3.91207025148671,
340,26,"vii",3,7.20787563067529,3.88245695387891,"vii",3,7.20787563067529,3.88245695387891,
340,27,"#io",1,6.73536989608108,5.37387134302661,"vio",1,6.64656062912322,5.37387134302661,0.0888092669578553
340,28,"#io",1,7.11217055761599,4.25394060589979,"#io",1,6.64676778519463,5.39142819372657,
340,29,"V",1,2.60866028002009,4.25394060589979,"V",1,2.60866028002009,4.25394060589979,
340,30,"I",2,5.10819472913343,5.28179427721798,"I",2,5.10819472913343,5.28179427721798,
340,31,"I",2,4.50750976580657,5.45489656882738,"I",2,4.50750976580657,5.45489656882738,
340,32,"iv",3,5.24207069942904,5.35575359877211,"iv",3,5.24207069942904,5.35575359877211,
,,,,,,,,,,
341,22,"II",4,1.84470195563592,4.5698028738094,"II",4,1.84470195563592,4.5698028738094,
341,23,"V",5,3.24316910000851,4.49591193161619,"V",5,3.24316910000851,4.49591193161619,
341,24,"I",5,2.27348102634849,4.50862641594303,"I",5,2.27348102634849,4.50862641594303,
341,25,"#io",5,7.4374051515395,3.91207025148671,"#io",5,7.4374051515395,3.91207025148671,
341,26,"vii",3,7.20787563067529,3.88245695387891,"vii",3,7.20787563067529,3.88245695387891,
341,27,"#io",1,6.73536989608108,5.37387134302661,"#IV",1,6.64656062912322,5.37387134302661,0.0888092669578553
341,28,"#io",1,7.11217055761599,4.25394060589979,"#io",1,6.71013950381775,5.34312010291794,
341,29,"V",1,2.60866028002009,4.25394060589979,"V",1,2.60866028002009,4.25394060589979,
341,30,"I",2,5.10819472913343,5.28179427721798,"I",2,5.10819472913343,5.28179427721798,
341,31,"I",2,4.50750976580657,5.45489656882738,"I",2,4.50750976580657,5.45489656882738,
341,32,"iv",3,5.24207069942904,5.35575359877211,"iv",3,5.24207069942904,5.35575359877211,
,,,,,,,,,,
342,23,"V",5,3.24316910000851,4.49591193161619,"V",5,3.24316910000851,4.49591193161619,
342,24,"I",5,2.27348102634849,4.50862641594303,"I",5,2.27348102634849,4.50862641594303,
342,25,"#io",5,7.4374051515395,3.91207025148671,"#io",5,7.4374051515395,3.91207025148671,
342,26,"vii",3,7.20787563067529,3.88245695387891,"vii",3,7.20787563067529,3.88245695387891,
342,27,"#io",1,6.73536989608108,5.37387134302661,"#io",1,6.73536989608108,5.37387134302661,
342,28,"#io",1,7.11217055761599,4.25394060589979,"-iii",1,7.02336129065813,4.25394060589979,0.0888092669578553
342,29,"V",1,2.60866028002009,4.25394060589979,"V",1,5.99016563989542,5.463546016454,
342,30,"I",2,5.10819472913343,5.28179427721798,"I",1,4.8860650492582,5.46956356854853,
342,31,"I",2,4.50750976580657,5.45489656882738,"I",2,4.50750976580657,5.45489656882738,
342,32,"iv",3,5.24207069942904,5.35575359877211,"iv",3,5.24207069942904,5.35575359877211,
342,33,"i",4,6.29015841478751,4.6189632082906,"i",4,6.29015841478751,4.6189632082906,
,,,,,,,,,,
343,23,"V",5,3.24316910000851,4.49591193161619,"V",5,3.24316910000851,4.49591193161619,
343,24,"I",5,2.27348102634849,4.50862641594303,"I",5,2.27348102634849,4.50862641594303,
343,25,"#io",5,7.4374051515395,3.91207025148671,"#io",5,7.4374051515395,3.91207025148671,
343,26,"vii",3,7.20787563067529,3.88245695387891,"vii",3,7.20787563067529,3.88245695387891,
343,27,"#io",1,6.73536989608108,5.37387134302661,"#io",1,6.73536989608108,5.37387134302661,
343,28,"#io",1,7.11217055761599,4.25394060589979,"viio",1,7.02336129065813,4.25394060589979,0.0888092669578553
343,29,"V",1,2.60866028002009,4.25394060589979,"V",1,4.97314809716959,5.31194985661058,
343,30,"I",2,5.10819472913343,5.28179427721798,"I",2,2.5136485758695,5.15694834733132,
343,31,"I",2,4.50750976580657,5.45489656882738,"I",3,4.68181626453349,5.23889934562148,
343,32,"iv",3,5.24207069942904,5.35575359877211,"iv",3,5.24207069942904,5.35575359877211,
343,33,"i",4,6.29015841478751,4.6189632082906,"i",4,6.29015841478751,4.6189632082906,
,,,,,,,,,,
344,23,"V",5,3.24316910000851,4.49591193161619,"V",5,3.24316910000851,4.49591193161619,
344,24,"I",5,2.27348102634849,4.50862641594303,"I",5,2.27348102634849,4.50862641594303,
344,25,"#io",5,7.4374051515395,3.91207025148671,"#io",5,7.4374051515395,3.91207025148671,
344,26,"vii",3,7.20787563067529,3.88245695387891,"vii",3,7.20787563067529,3.88245695387891,
344,27,"#io",1,6.73536989608108,5.37387134302661,"#io",1,6.73536989608108,5.37387134302661,
344,28,"#io",1,7.11217055761599,4.25394060589979,"vio",1,7.02336129065813,4.25394060589979,0.0888092669578553
344,29,"V",1,2.60866028002009,4.25394060589979,"V",1,4.36494645126262,5.39142819372657,
344,30,"I",2,5.10819472913343,5.28179427721798,"I",2,5.10819472913343,5.15925417552201,
344,31,"I",2,4.50750976580657,5.45489656882738,"I",2,4.50750976580657,5.45489656882738,
344,32,"iv",3,5.24207069942904,5.35575359877211,"iv",3,5.24207069942904,5.35575359877211,
344,33,"i",4,6.29015841478751,4.6189632082906,"i",4,6.29015841478751,4.6189632082906,
,,,,,,,,,,
345,23,"V",5,3.24316910000851,4.49591193161619,"V",5,3.24316910000851,4.49591193161619,
345,24,"I",5,2.27348102634849,4.50862641594303,"I",5,2.27348102634849,4.50862641594303,
345,25,"#io",5,7.4374051515395,3.91207025148671,"#io",5,7.4374051515395,3.91207025148671,
345,26,"vii",3,7.20787563067529,3.88245695387891,"vii",3,7.20787563067529,3.88245695387891,
345,27,"#io",1,6.73536989608108,5.37387134302661,"#io",1,6.73536989608108,5.37387134302661,
345,28,"#io",1,7.11217055761599,4.25394060589979,"#IV",1,7.02336129065813,4.25394060589979,0.0888092669578553
345,29,"V",1,2.60866028002009,4.25394060589979,"V",1,3.88457998638256,5.34312010291794,
345,30,"I",2,5.10819472913343,5.28179427721798,"I",2,3.83444104102127,5.25776539523139,
345,31,"I",2,4.50750976580657,5.45489656882738,"I",3,2.73521733396949,5.22786644434196,
345,32,"iv",3,5.24207069942904,5.35575359877211,"iv",4,5.4408601258677,5.05914383931959,
345,33,"i",4,6.29015841478751,4.6189632082906,"i",4,6.29015841478751,4.6189632082906,
,,,,,,,,,,
346,47,"II",4,1.84470195563592,4.5698028738094,"II",4,1.84470195563592,4.5698028738094,
346,48,"V",5,3.24316910000851,4.49591193161619,"V",5,3.24316910000851,4.49591193161619,
346,49,"I",5,2.27348102634849,4.50862641594303,"I",5,2.27348102634849,4.50862641594303,
346,50,"#io",5,7.4374051515395,3.91207025148671,"#io",5,7.4374051515395,3.91207025148671,
346,51,"vii",3,7.20787563067529,3.88245695387891,"vii",3,7.20787563067529,3.88245695387891,
346,52,"#io",1,6.73536989608108,5.37387134302661,"-iii",1,6.64656062912322,5.37387134302661,0.0888092669578553
346,53,"#io",1,7.11217055761599,4.25394060589979,"#io",1,6.53644767245252,5.463546016454,
346,54,"V",1,2.60866028002009,4.25394060589979,"V",1,2.60866028002009,4.25394060589979,
346,55,"I",2,5.10819472913343,5.28179427721798,"I",2,5.10819472913343,5.28179427721798,
346,56,"I",2,4.50750976580657,5.45489656882738,"I",2,4.50750976580657,5.45489656882738,
346,57,"iv",3,5.24207069942904,5.35575359877211,"iv",3,5.24207069942904,5.35575359877211,
,,,,,,,,,,
347,47,"II",4,1.84470195563592,4.5698028738094,"II",4,1.84470195563592,4.5698028738094,
347,48,"V",5,3.24316910000851,4.49591193161619,"V",5,3.24316910000851,4.49591193161619,
347,49,"I",5,2.27348102634849,4.50862641594303,"I",5,2.27348102634849,4.50862641594303,
347,50,"#io",5,7.4374051515395,3.91207025148671,"#io",5,7.4374051515395,3.91207025148671,
347,51,"vii",3,7.20787563067529,3.88245695387891,"vii",3,7.20787563067529,3.88245695387891,
347,52,"#io",1,6.73536989608108,5.37387134302661,"viio",1,6.64656062912322,5.37387134302661,0.0888092669578553
347,53,"#io",1,7.11217055761599,4.25394060589979,"#io",1,6.70873904135958,5.31194985661058,
347,54,"V",1,2.60866028002009,4.25394060589979,"V",1,2.60866028002009,4.25394060589979,
347,55,"I",2,5.10819472913343,5.28179427721798,"I",2,5.10819472913343,5.28179427721798,
347,56,"I",2,4.50750976580657,5.45489656882738,"I",2,4.50750976580657,5.45489656882738,
347,57,"iv",3,5.24207069942904,5.35575359877211,"iv",3,5.24207069942904,5.35575359877211,
,,,,,,,,,,
348,47,"II",4,1.84470195563592,4.5698028738094,"II",4,1.84470195563592,4.5698028738094,
348,48,"V",5,3.24316910000851,4.49591193161619,"V",5,3.24316910000851,4.49591193161619,
348,49,"I",5,2.27348102634849,4.50862641594303,"I",5,2.27348102634849,4.50862641594303,
348,50,"#io",5,7.4374051515395,3.91207025148671,"#io",5,7.4374051515395,3.91207025148671,
348,51,"vii",3,7.20787563067529,3.88245695387891,"vii",3,7.20787563067529,3.88245695387891,
348,52,"#io",1,6.73536989608108,5.37387134302661,"vio",1,6.64656062912322,5.37387134302661,0.0888092669578553
348,53,"#io",1,7.11217055761599,4.25394060589979,"#io",1,6.64676778519463,5.39142819372657,
348,54,"V",1,2.60866028002009,4.25394060589979,"V",1,2.60866028002009,4.25394060589979,
348,55,"I",2,5.10819472913343,5.28179427721798,"I",2,5.10819472913343,5.28179427721798,
348,56,"I",2,4.50750976580657,5.45489656882738,"I",2,4.50750976580657,5.45489656882738,
348,57,"iv",3,5.24207069942904,5.35575359877211,"iv",3,5.24207069942904,5.35575359877211,
,,,,,,,,,,
349,47,"II",4,1.84470195563592,4.5698028738094,"II",4,1.84470195563592,4.5698028738094,
349,48,"V",5,3.24316910000851,4.49591193161619,"V",5,3.24316910000851,4.49591193161619,
349,49,"I",5,2.27348102634849,4.50862641594303,"I",5,2.27348102634849,4.50862641594303,
349,50,"#io",5,7.4374051515395,3.91207025148671,"#io",5,7.4374051515395,3.91207025148671,
349,51,"vii",3,7.20787563067529,3.88245695387891,"vii",3,7.20787563067529,3.88245695387891,
349,52,"#io",1,6.73536989608108,5.37387134302661,"#IV",1,6.64656062912322,5.37387134302661,0.0888092669578553
349,53,"#io",1,7.11217055761599,4.25394060589979,"#io",1,6.71013950381775,5.34312010291794,
349,54,"V",1,2.60866028002009,4.25394060589979,"V",1,2.60866028002009,4.25394060589979,
349,55,"I",2,5.10819472913343,5.28179427721798,"I",2,5.10819472913343,5.28179427721798,
349,56,"I",2,4.50750976580657,5.45489656882738,"I",2,4.50750976580657,5.45489656882738,
349,57,"iv",3,5.24207069942904,5.35575359877211,"iv",3,5.24207069942904,5.35575359877211,
,,,,,,,,,,
350,48,"V",5,3.24316910000851,4.49591193161619,"V",5,3.24316910000851,4.49591193161619,
350,49,"I",5,2.27348102634849,4.50862641594303,"I",5,2.27348102634849,4.50862641594303,
350,50,"#io",5,7.4374051515395,3.91207025148671,"#io",5,7.4374051515395,3.91207025148671,
350,51,"vii",3,7.20787563067529,3.88245695387891,"vii",3,7.20787563067529,3.88245695387891,
350,52,"#io",1,6.73536989608108,5.37387134302661,"#io",1,6.73536989608108,5.37387134302661,
350,53,"#io",1,7.11217055761599,4.25394060589979,"-iii",1,7.02336129065813,4.25394060589979,0.0888092669578553
350,54,"V",1,2.60866028002009,4.25394060589979,"V",1,5.99016563989542,5.463546016454,
350,55,"I",2,5.10819472913343,5.28179427721798,"I",1,4.8860650492582,5.46956356854853,
350,56,"I",2,4.50750976580657,5.45489656882738,"I",2,4.50750976580657,5.45489656882738,
350,57,"iv",3,5.24207069942904,5.35575359877211,"iv",3,5.24207069942904,5.35575359877211,
350,58,"i",4,6.29015841478751,4.6189632082906,"i",4,6.29015841478751,4.6189632082906,
,,,,,,,,,,
351,48,"V",5,3.24316910000851,4.49591193161619,"V",5,3.24316910000851,4.49591193161619,
351,49,"I",5,2.27348102634849,4.50862641594303,"I",5,2.27348102634849,4.50862641594303,
351,50,"#io",5,7.4374051515395,3.91207025148671,"#io",5,7.4374051515395,3.91207025148671,
351,51,"vii",3,7.20787563067529,3.88245695387891,"vii",3,7.20787563067529,3.88245695387891,
351,52,"#io",1,6.73536989608108,5.37387134302661,"#io",1,6.73536989608108,5.37387134302661,
351,53,"#io",1,7.11217055761599,4.25394060589979,"viio",1,7.02336129065813,4.25394060589979,0.0888092669578553
351,54,"V",1,2.60866028002009,4.25394060589979,"V",1,4.97314809716959,5.31194985661058,
351,55,"I",2,5.10819472913343,5.28179427721798,"I",2,2.5136485758695,5.15694834733132,
351,56,"I",2,4.50750976580657,5.45489656882738,"I",3,4.68181626453349,5.23889934562148,
351,57,"iv",3,5.24207069942904,5.35575359877211,"iv",3,5.24207069942904,5.35575359877211,
351,58,"i",4,6.29015841478751,4.6189632082906,"i",4,6.29015841478751,4.6189632082906,
,,,,,,,,,,
352,48,"V",5,3.24316910000851,4.49591193161619,"V",5,3.24316910000851,4.49591193161619,
352,49,"I",5,2.27348102634849,4.50862641594303,"I",5,2.27348102634849,4.50862641594303,
352,50,"#io",5,7.4374051515395,3.91207025148671,"#io",5,7.4374051515395,3.91207025148671,
352,51,"vii",3,7.20787563067529,3.88245695387891,"vii",3,7.20787563067529,3.88245695387891,
352,52,"#io",1,6.73536989608108,5.37387134302661,"#io",1,6.73536989608108,5.37387134302661,
352,53,"#io",1,7.11217055761599,4.25394060589979,"vio",1,7.02336129065813,4.25394060589979,0.0888092669578553
352,54,"V",1,2.60866028002009,4.25394060589979,"V",1,4.36494645126262,5.39142819372657,
352,55,"I",2,5.10819472913343,5.28179427721798,"I",2,5.10819472913343,5.15925417552201,
352,56,"I",2,4.50750976580657,5.45489656882738,"I",2,4.50750976580657,5.45489656882738,
352,57,"iv",3,5.24207069942904,5.35575359877211,"iv",3,5.24207069942904,5.35575359877211,
352,58,"i",4,6.29015841478751,4.6189632082906,"i",4,6.29015841478751,4.6189632082906,
,,,,,,,,,,
353,48,"V",5,3.24316910000851,4.49591193161619,"V",5,3.24316910000851,4.49591193161619,
353,49,"I",5,2.27348102634849,4.50862641594303,"I",5,2.27348102634849,4.50862641594303,
353,50,"#io",5,7.4374051515395,3.91207025148671,"#io",5,7.4374051515395,3.91207025148671,
353,51,"vii",3,7.20787563067529,3.88245695387891,"vii",3,7.20787563067529,3.88245695387891,
353,52,"#io",1,6.73536989608108,5.37387134302661,"#io",1,6.73536989608108,5.37387134302661,
353,53,"#io",1,7.11217055761599,4.25394060589979,"#IV",1,7.02336129065813,4.25394060589979,0.0888092669578553
353,54,"V",1,2.60866028002009,4.25394060589979,"V",1,3.88457998638256,5.34312010291794,
353,55,"I",2,5.10819472913343,5.28179427721798,"I",2,3.83444104102127,5.25776539523139,
353,56,"I",2,4.50750976580657,5.45489656882738,"I",3,2.73521733396949,5.22786644434196,
353,57,"iv",3,5.24207069942904,5.35575359877211,"iv",4,5.4408601258677,5.05914383931959,
353,58,"i",4,6.29015841478751,4.6189632082906,"i",4,6.29015841478751,4.6189632082906,
,,,,,,,,,,
354,78,"II",4,1.84470195563592,4.5698028738094,"II",4,1.84470195563592,4.5698028738094,
354,79,"V",5,3.24316910000851,4.49591193161619,"V",5,3.24316910000851,4.49591193161619,
354,80,"I",5,2.27348102634849,4.50862641594303,"I",5,2.27348102634849,4.50862641594303,
354,81,"#io",5,7.4374051515395,3.91207025148671,"#io",5,7.4374051515395,3.91207025148671,
354,82,"vii",3,7.20787563067529,3.88245695387891,"vii",3,7.20787563067529,3.88245695387891,
354,83,"#io",1,6.73536989608108,5.37387134302661,"-iii",1,6.64656062912322,5.37387134302661,0.0888092669578553
354,84,"#io",1,7.11217055761599,4.25394060589979,"#io",1,6.53644767245252,5.463546016454,
354,85,"VII",1,6.96016746417094,4.25394060589979,"VII",1,6.96016746417094,4.25394060589979,
354,86,"III",1,4.94929138986516,5.35241960075509,"III",1,4.94929138986516,5.35241960075509,
354,87,"VI",2,5.29057463595965,4.48938756125396,"VI",2,5.29057463595965,4.48938756125396,
354,88,"II",2,4.09933569298607,5.13032405207678,"II",2,4.09933569298607,5.13032405207678,
,,,,,,,,,,
355,78,"II",4,1.84470195563592,4.5698028738094,"II",4,1.84470195563592,4.5698028738094,
355,79,"V",5,3.24316910000851,4.49591193161619,"V",5,3.24316910000851,4.49591193161619,
355,80,"I",5,2.27348102634849,4.50862641594303,"I",5,2.27348102634849,4.50862641594303,
355,81,"#io",5,7.4374051515395,3.91207025148671,"#io",5,7.4374051515395,3.91207025148671,
355,82,"vii",3,7.20787563067529,3.88245695387891,"vii",3,7.20787563067529,3.88245695387891,
355,83,"#io",1,6.73536989608108,5.37387134302661,"viio",1,6.64656062912322,5.37387134302661,0.0888092669578553
355,84,"#io",1,7.11217055761599,4.25394060589979,"#io",1,6.70873904135958,5.31194985661058,
355,85,"VII",1,6.96016746417094,4.25394060589979,"VII",1,6.96016746417094,4.25394060589979,
355,86,"III",1,4.94929138986516,5.35241960075509,"III",1,4.94929138986516,5.35241960075509,
355,87,"VI",2,5.29057463595965,4.48938756125396,"VI",2,5.29057463595965,4.48938756125396,
355,88,"II",2,4.09933569298607,5.13032405207678,"II",2,4.09933569298607,5.13032405207678,
,,,,,,,,,,
356,78,"II",4,1.84470195563592,4.5698028738094,"II",4,1.84470195563592,4.5698028738094,
356,79,"V",5,3.24316910000851,4.49591193161619,"V",5,3.24316910000851,4.49591193161619,
356,80,"I",5,2.27348102634849,4.50862641594303,"I",5,2.27348102634849,4.50862641594303,
356,81,"#io",5,7.4374051515395,3.91207025148671,"#io",5,7.4374051515395,3.91207025148671,
356,82,"vii",3,7.20787563067529,3.88245695387891,"vii",3,7.20787563067529,3.88245695387891,
356,83,"#io",1,6.73536989608108,5.37387134302661,"vio",1,6.64656062912322,5.37387134302661,0.0888092669578553
356,84,"#io",1,7.11217055761599,4.25394060589979,"#io",1,6.64676778519463,5.39142819372657,
356,85,"VII",1,6.96016746417094,4.25394060589979,"VII",1,6.96016746417094,4.25394060589979,
356,86,"III",1,4.94929138986516,5.35241960075509,"III",1,4.94929138986516,5.35241960075509,
356,87,"VI",2,5.29057463595965,4.48938756125396,"VI",2,5.29057463595965,4.48938756125396,
356,88,"II",2,4.09933569298607,5.13032405207678,"II",2,4.09933569298607,5.13032405207678,
,,,,,,,,,,
357,78,"II",4,1.84470195563592,4.5698028738094,"II",4,1.84470195563592,4.5698028738094,
357,79,"V",5,3.24316910000851,4.49591193161619,"V",5,3.24316910000851,4.49591193161619,
357,80,"I",5,2.27348102634849,4.50862641594303,"I",5,2.27348102634849,4.50862641594303,
357,81,"#io",5,7.4374051515395,3.91207025148671,"#io",5,7.4374051515395,3.91207025148671,
357,82,"vii",3,7.20787563067529,3.88245695387891,"vii",3,7.20787563067529,3.88245695387891,
357,83,"#io",1,6.73536989608108,5.37387134302661,"#IV",1,6.64656062912322,5.37387134302661,0.0888092669578553
357,84,"#io",1,7.11217055761599,4.25394060589979,"#io",1,6.71013950381775,5.34312010291794,
357,85,"VII",1,6.96016746417094,4.25394060589979,"VII",1,6.96016746417094,4.25394060589979,
357,86,"III",1,4.94929138986516,5.35241960075509,"III",1,4.94929138986516,5.35241960075509,
357,87,"VI",2,5.29057463595965,4.48938756125396,"VI",2,5.29057463595965,4.48938756125396,
357,88,"II",2,4.09933569298607,5.13032405207678,"II",2,4.09933569298607,5.13032405207678,
,,,,,,,,,,
358,79,"V",5,3.24316910000851,4.49591193161619,"V",5,3.24316910000851,4.49591193161619,
358,80,"I",5,2.27348102634849,4.50862641594303,"I",5,2.27348102634849,4.50862641594303,
358,81,"#io",5,7.4374051515395,3.91207025148671,"#io",5,7.4374051515395,3.91207025148671,
358,82,"vii",3,7.20787563067529,3.88245695387891,"vii",3,7.20787563067529,3.88245695387891,
358,83,"#io",1,6.73536989608108,5.37387134302661,"#io",1,6.73536989608108,5.37387134302661,
358,84,"#io",1,7.11217055761599,4.25394060589979,"-iii",1,7.02336129065813,4.25394060589979,0.0888092669578553
358,85,"VII",1,6.96016746417094,4.25394060589979,"VII",1,6.38444457900747,5.463546016454,
358,86,"III",1,4.94929138986516,5.35241960075509,"III",1,4.94929138986516,5.35241960075509,
358,87,"VI",2,5.29057463595965,4.48938756125396,"VI",2,5.29057463595965,4.48938756125396,
358,88,"II",2,4.09933569298607,5.13032405207678,"II",2,4.09933569298607,5.13032405207678,
358,89,"VI",3,4.41383215898672,4.59862581504416,"VI",3,4.41383215898672,4.59862581504416,
,,,,,,,,,,
359,79,"V",5,3.24316910000851,4.49591193161619,"V",5,3.24316910000851,4.49591193161619,
359,80,"I",5,2.27348102634849,4.50862641594303,"I",5,2.27348102634849,4.50862641594303,
359,81,"#io",5,7.4374051515395,3.91207025148671,"#io",5,7.4374051515395,3.91207025148671,
359,82,"vii",3,7.20787563067529,3.88245695387891,"vii",3,7.20787563067529,3.88245695387891,
359,83,"#io",1,6.73536989608108,5.37387134302661,"#io",1,6.73536989608108,5.37387134302661,
359,84,"#io",1,7.11217055761599,4.25394060589979,"viio",1,7.02336129065813,4.25394060589979,0.0888092669578553
359,85,"VII",1,6.96016746417094,4.25394060589979,"VII",1,6.55673594791453,5.31194985661058,
359,86,"III",1,4.94929138986516,5.35241960075509,"III",1,4.94929138986516,5.35241960075509,
359,87,"VI",2,5.29057463595965,4.48938756125396,"VI",2,5.29057463595965,4.48938756125396,
359,88,"II",2,4.09933569298607,5.13032405207678,"II",2,4.09933569298607,5.13032405207678,
359,89,"VI",3,4.41383215898672,4.59862581504416,"VI",3,4.41383215898672,4.59862581504416,
,,,,,,,,,,
360,79,"V",5,3.24316910000851,4.49591193161619,"V",5,3.24316910000851,4.49591193161619,
360,80,"I",5,2.27348102634849,4.50862641594303,"I",5,2.27348102634849,4.50862641594303,
360,81,"#io",5,7.4374051515395,3.91207025148671,"#io",5,7.4374051515395,3.91207025148671,
360,82,"vii",3,7.20787563067529,3.88245695387891,"vii",3,7.20787563067529,3.88245695387891,
360,83,"#io",1,6.73536989608108,5.37387134302661,"#io",1,6.73536989608108,5.37387134302661,
360,84,"#io",1,7.11217055761599,4.25394060589979,"vio",1,7.02336129065813,4.25394060589979,0.0888092669578553
360,85,"VII",1,6.96016746417094,4.25394060589979,"VII",1,6.49476469174958,5.39142819372657,
360,86,"III",1,4.94929138986516,5.35241960075509,"III",1,4.94929138986516,5.35241960075509,
360,87,"VI",2,5.29057463595965,4.48938756125396,"VI",2,5.29057463595965,4.48938756125396,
360,88,"II",2,4.09933569298607,5.13032405207678,"II",2,4.09933569298607,5.13032405207678,
360,89,"VI",3,4.41383215898672,4.59862581504416,"VI",3,4.41383215898672,4.59862581504416,
,,,,,,,,,,
361,79,"V",5,3.24316910000851,4.49591193161619,"V",5,3.24316910000851,4.49591193161619,
361,80,"I",5,2.27348102634849,4.50862641594303,"I",5,2.27348102634849,4.50862641594303,
361,81,"#io",5,7.4374051515395,3.91207025148671,"#io",5,7.4374051515395,3.91207025148671,
361,82,"vii",3,7.20787563067529,3.88245695387891,"vii",3,7.20787563067529,3.88245695387891,
361,83,"#io",1,6.73536989608108,5.37387134302661,"#io",1,6.73536989608108,5.37387134302661,
361,84,"#io",1,7.11217055761599,4.25394060589979,"#IV",1,7.02336129065813,4.25394060589979,0.0888092669578553
361,85,"VII",1,6.96016746417094,4.25394060589979,"VII",1,4.42814694028007,5.34312010291794,
361,86,"III",1,4.94929138986516,5.35241960075509,"III",2,2.52971272498031,4.73418458775195,
361,87,"VI",2,5.29057463595965,4.48938756125396,"VI",2,6.08877553362419,3.00808283117675,
361,88,"II",2,4.09933569298607,5.13032405207678,"II",2,4.09933569298607,5.13032405207678,
361,89,"VI",3,4.41383215898672,4.59862581504416,"VI",3,4.41383215898672,4.59862581504416,
,,,,,,,,,,
362,90,"II",3,2.70399057299607,4.97850199558676,"II",3,2.70399057299607,4.97850199558676,
362,91,"-VI",4,6.51003108819735,4.88113787240782,"-VI",4,6.51003108819735,4.88113787240782,
362,92,"-II",2,5.92704446074321,5.16782341190319,"-II",2,5.92704446074321,5.16782341190319,
362,93,"#io",2,6.98923679378414,5.03211245088812,"#io",2,6.98923679378414,5.03211245088812,
362,94,"vii",1,7.00198763986557,4.25394060589979,"vii",1,7.00198763986557,4.25394060589979,
362,95,"#io",1,6.73536989608108,5.37387134302661,"-iii",1,6.64656062912322,5.37387134302661,0.0888092669578553
362,96,"#io",1,7.11217055761599,4.25394060589979,"#io",1,6.53644767245252,5.463546016454,
362,97,"V",1,2.60866028002009,4.25394060589979,"V",1,2.60866028002009,4.25394060589979,
362,98,"I",2,5.10819472913343,5.28179427721798,"I",2,5.10819472913343,5.28179427721798,
362,99,"I",2,4.50750976580657,5.45489656882738,"I",2,4.50750976580657,5.45489656882738,
362,100,"iv",3,5.24207069942904,5.35575359877211,"iv",3,5.24207069942904,5.35575359877211,
,,,,,,,,,,
363,90,"II",3,2.70399057299607,4.97850199558676,"II",3,2.70399057299607,4.97850199558676,
363,91,"-VI",4,6.51003108819735,4.88113787240782,"-VI",4,6.51003108819735,4.88113787240782,
363,92,"-II",2,5.92704446074321,5.16782341190319,"-II",2,5.92704446074321,5.16782341190319,
363,93,"#io",2,6.98923679378414,5.03211245088812,"#io",2,6.98923679378414,5.03211245088812,
363,94,"vii",1,7.00198763986557,4.25394060589979,"vii",1,7.00198763986557,4.25394060589979,
363,95,"#io",1,6.73536989608108,5.37387134302661,"viio",1,6.64656062912322,5.37387134302661,0.0888092669578553
363,96,"#io",1,7.11217055761599,4.25394060589979,"#io",1,6.70873904135958,5.31194985661058,
363,97,"V",1,2.60866028002009,4.25394060589979,"V",1,2.60866028002009,4.25394060589979,
363,98,"I",2,5.10819472913343,5.28179427721798,"I",2,5.10819472913343,5.28179427721798,
363,99,"I",2,4.50750976580657,5.45489656882738,"I",2,4.50750976580657,5.45489656882738,
363,100,"iv",3,5.24207069942904,5.35575359877211,"iv",3,5.24207069942904,5.35575359877211,
,,,,,,,,,,
364,90,"II",3,2.70399057299607,4.97850199558676,"II",3,2.70399057299607,4.97850199558676,
364,91,"-VI",4,6.51003108819735,4.88113787240782,"-VI",4,6.51003108819735,4.88113787240782,
364,92,"-II",2,5.92704446074321,5.16782341190319,"-II",2,5.92704446074321,5.16782341190319,
364,93,"#io",2,6.98923679378414,5.03211245088812,"#io",2,6.98923679378414,5.03211245088812,
364,94,"vii",1,7.00198763986557,4.25394060589979,"vii",1,7.00198763986557,4.25394060589979,
364,95,"#io",1,6.73536989608108,5.37387134302661,"vio",1,6.64656062912322,5.37387134302661,0.0888092669578553
364,96,"#io",1,7.11217055761599,4.25394060589979,"#io",1,6.64676778519463,5.39142819372657,
364,97,"V",1,2.60866028002009,4.25394060589979,"V",1,2.60866028002009,4.25394060589979,
364,98,"I",2,5.10819472913343,5.28179427721798,"I",2,5.10819472913343,5.28179427721798,
364,99,"I",2,4.50750976580657,5.45489656882738,"I",2,4.50750976580657,5.45489656882738,
364,100,"iv",3,5.24207069942904,5.35575359877211,"iv",3,5.24207069942904,5.35575359877211,
,,,,,,,,,,
365,90,"II",3,2.70399057299607,4.97850199558676,"II",3,2.70399057299607,4.97850199558676,
365,91,"-VI",4,6.51003108819735,4.88113787240782,"-VI",4,6.51003108819735,4.88113787240782,
365,92,"-II",2,5.92704446074321,5.16782341190319,"-II",2,5.92704446074321,5.16782341190319,
365,93,"#io",2,6.98923679378414,5.03211245088812,"#io",2,6.98923679378414,5.03211245088812,
365,94,"vii",1,7.00198763986557,4.25394060589979,"vii",1,7.00198763986557,4.25394060589979,
365,95,"#io",1,6.73536989608108,5.37387134302661,"#IV",1,6.64656062912322,5.37387134302661,0.0888092669578553
365,96,"#io",1,7.11217055761599,4.25394060589979,"#io",1,6.71013950381775,5.34312010291794,
365,97,"V",1,2.60866028002009,4.25394060589979,"V",1,2.60866028002009,4.25394060589979,
365,98,"I",2,5.10819472913343,5.28179427721798,"I",2,5.10819472913343,5.28179427721798,
365,99,"I",2,4.50750976580657,5.45489656882738,"I",2,4.50750976580657,5.45489656882738,
365,100,"iv",3,5.24207069942904,5.35575359877211,"iv",3,5.24207069942904,5.35575359877211,
,,,,,,,,,,
366,91,"-VI",4,6.51003108819735,4.88113787240782,"-VI",4,6.51003108819735,4.88113787240782,
366,92,"-II",2,5.92704446074321,5.16782341190319,"-II",2,5.92704446074321,5.16782341190319,
366,93,"#io",2,6.98923679378414,5.03211245088812,"#io",2,6.98923679378414,5.03211245088812,
366,94,"vii",1,7.00198763986557,4.25394060589979,"vii",1,7.00198763986557,4.25394060589979,
366,95,"#io",1,6.73536989608108,5.37387134302661,"#io",1,6.73536989608108,5.37387134302661,
366,96,"#io",1,7.11217055761599,4.25394060589979,"-iii",1,7.02336129065813,4.25394060589979,0.0888092669578553
366,97,"V",1,2.60866028002009,4.25394060589979,"V",1,5.99016563989542,5.463546016454,
366,98,"I",2,5.10819472913343,5.28179427721798,"I",1,4.8860650492582,5.46956356854853,
366,99,"I",2,4.50750976580657,5.45489656882738,"I",2,4.50750976580657,5.45489656882738,
366,100,"iv",3,5.24207069942904,5.35575359877211,"iv",3,5.24207069942904,5.35575359877211,
366,101,"I",4,3.7569489728767,4.6189632082906,"I",4,3.7569489728767,4.6189632082906,
,,,,,,,,,,
367,91,"-VI",4,6.51003108819735,4.88113787240782,"-VI",4,6.51003108819735,4.88113787240782,
367,92,"-II",2,5.92704446074321,5.16782341190319,"-II",2,5.92704446074321,5.16782341190319,
367,93,"#io",2,6.98923679378414,5.03211245088812,"#io",2,6.98923679378414,5.03211245088812,
367,94,"vii",1,7.00198763986557,4.25394060589979,"vii",1,7.00198763986557,4.25394060589979,
367,95,"#io",1,6.73536989608108,5.37387134302661,"#io",1,6.73536989608108,5.37387134302661,
367,96,"#io",1,7.11217055761599,4.25394060589979,"viio",1,7.02336129065813,4.25394060589979,0.0888092669578553
367,97,"V",1,2.60866028002009,4.25394060589979,"V",1,4.97314809716959,5.31194985661058,
367,98,"I",2,5.10819472913343,5.28179427721798,"I",2,2.5136485758695,5.15694834733132,
367,99,"I",2,4.50750976580657,5.45489656882738,"I",3,4.68181626453349,5.23889934562148,
367,100,"iv",3,5.24207069942904,5.35575359877211,"iv",3,5.24207069942904,5.35575359877211,
367,101,"I",4,3.7569489728767,4.6189632082906,"I",4,3.7569489728767,4.6189632082906,
,,,,,,,,,,
368,91,"-VI",4,6.51003108819735,4.88113787240782,"-VI",4,6.51003108819735,4.88113787240782,
368,92,"-II",2,5.92704446074321,5.16782341190319,"-II",2,5.92704446074321,5.16782341190319,
368,93,"#io",2,6.98923679378414,5.03211245088812,"#io",2,6.98923679378414,5.03211245088812,
368,94,"vii",1,7.00198763986557,4.25394060589979,"vii",1,7.00198763986557,4.25394060589979,
368,95,"#io",1,6.73536989608108,5.37387134302661,"#io",1,6.73536989608108,5.37387134302661,
368,96,"#io",1,7.11217055761599,4.25394060589979,"vio",1,7.02336129065813,4.25394060589979,0.0888092669578553
368,97,"V",1,2.60866028002009,4.25394060589979,"V",1,4.36494645126262,5.39142819372657,
368,98,"I",2,5.10819472913343,5.28179427721798,"I",2,5.10819472913343,5.15925417552201,
368,99,"I",2,4.50750976580657,5.45489656882738,"I",2,4.50750976580657,5.45489656882738,
368,100,"iv",3,5.24207069942904,5.35575359877211,"iv",3,5.24207069942904,5.35575359877211,
368,101,"I",4,3.7569489728767,4.6189632082906,"I",4,3.7569489728767,4.6189632082906,
,,,,,,,,,,
369,91,"-VI",4,6.51003108819735,4.88113787240782,"-VI",4,6.51003108819735,4.88113787240782,
369,92,"-II",2,5.92704446074321,5.16782341190319,"-II",2,5.92704446074321,5.16782341190319,
369,93,"#io",2,6.98923679378414,5.03211245088812,"#io",2,6.98923679378414,5.03211245088812,
369,94,"vii",1,7.00198763986557,4.25394060589979,"vii",1,7.00198763986557,4.25394060589979,
369,95,"#io",1,6.73536989608108,5.37387134302661,"#io",1,6.73536989608108,5.37387134302661,
369,96,"#io",1,7.11217055761599,4.25394060589979,"#IV",1,7.02336129065813,4.25394060589979,0.0888092669578553
369,97,"V",1,2.60866028002009,4.25394060589979,"V",1,3.88457998638256,5.34312010291794,
369,98,"I",2,5.10819472913343,5.28179427721798,"I",2,3.83444104102127,5.25776539523139,
369,99,"I",2,4.50750976580657,5.45489656882738,"I",3,2.73521733396949,5.22786644434196,
369,100,"iv",3,5.24207069942904,5.35575359877211,"iv",4,5.4408601258677,5.05914383931959,
369,101,"I",4,3.7569489728767,4.6189632082906,"I",4,3.7569489728767,4.6189632082906,
,,,,,,,,,,
370,88,"II",2,4.09933569298607,5.13032405207678,"II",2,4.09933569298607,5.13032405207678,
370,89,"VI",3,4.41383215898672,4.59862581504416,"VI",3,4.41383215898672,4.59862581504416,
370,90,"II",3,2.70399057299607,4.97850199558676,"II",3,2.70399057299607,4.97850199558676,
370,91,"-VI",4,6.51003108819735,4.88113787240782,"-VI",4,6.51003108819735,4.88113787240782,
370,92,"-II",2,5.92704446074321,5.16782341190319,"-II",2,5.92704446074321,5.16782341190319,
370,93,"#io",2,6.98923679378414,5.03211245088812,"viio",2,6.90042752682628,5.03211245088812,0.0888092669578562
370,94,"vii",1,7.00198763986557,4.25394060589979,"vii",1,6.59855612360916,5.31194985661058,
370,95,"#io",1,6.73536989608108,5.37387134302661,"#io",1,6.73536989608108,5.37387134302661,
370,96,"#io",1,7.11217055761599,4.25394060589979,"#io",1,7.11217055761599,4.25394060589979,
370,97,"V",1,2.60866028002009,4.25394060589979,"V",1,2.60866028002009,4.25394060589979,
370,98,"I",2,5.10819472913343,5.28179427721798,"I",2,5.10819472913343,5.28179427721798,
,,,,,,,,,,
371,88,"II",2,4.09933569298607,5.13032405207678,"II",2,4.09933569298607,5.13032405207678,
371,89,"VI",3,4.41383215898672,4.59862581504416,"VI",3,4.41383215898672,4.59862581504416,
371,90,"II",3,2.70399057299607,4.97850199558676,"II",3,2.70399057299607,4.97850199558676,
371,91,"-VI",4,6.51003108819735,4.88113787240782,"-VI",4,6.51003108819735,4.88113787240782,
371,92,"-II",2,5.92704446074321,5.16782341190319,"-II",2,5.92704446074321,5.16782341190319,
371,93,"#io",2,6.98923679378414,5.03211245088812,"vio",2,6.90042752682628,5.03211245088812,0.0888092669578562
371,94,"vii",1,7.00198763986557,4.25394060589979,"vii",1,6.5365848674442,5.39142819372657,
371,95,"#io",1,6.73536989608108,5.37387134302661,"#io",1,6.73536989608108,5.37387134302661,
371,96,"#io",1,7.11217055761599,4.25394060589979,"#io",1,7.11217055761599,4.25394060589979,
371,97,"V",1,2.60866028002009,4.25394060589979,"V",1,2.60866028002009,4.25394060589979,
371,98,"I",2,5.10819472913343,5.28179427721798,"I",2,5.10819472913343,5.28179427721798,
,,,,,,,,,,
372,88,"II",2,4.09933569298607,5.13032405207678,"II",2,4.09933569298607,5.13032405207678,
372,89,"VI",3,4.41383215898672,4.59862581504416,"VI",3,4.41383215898672,4.59862581504416,
372,90,"II",3,2.70399057299607,4.97850199558676,"II",3,2.70399057299607,4.97850199558676,
372,91,"-VI",4,6.51003108819735,4.88113787240782,"-VI",4,6.51003108819735,4.88113787240782,
372,92,"-II",2,5.92704446074321,5.16782341190319,"-II",2,5.92704446074321,5.16782341190319,
372,93,"#io",2,6.98923679378414,5.03211245088812,"#IV",2,6.90042752682628,5.03211245088812,0.0888092669578562
372,94,"vii",1,7.00198763986557,4.25394060589979,"vii",1,6.59995658606733,5.34312010291794,
372,95,"#io",1,6.73536989608108,5.37387134302661,"#io",1,6.73536989608108,5.37387134302661,
372,96,"#io",1,7.11217055761599,4.25394060589979,"#io",1,7.11217055761599,4.25394060589979,
372,97,"V",1,2.60866028002009,4.25394060589979,"V",1,2.60866028002009,4.25394060589979,
372,98,"I",2,5.10819472913343,5.28179427721798,"I",2,5.10819472913343,5.28179427721798,
,,,,,,,,,,
373,5,"I",4,2.12191447975607,4.81224725179976,"I",4,2.12191447975607,4.81224725179976,
373,6,"I",5,3.98807420824608,4.69880730300448,"I",5,3.98807420824608,4.69880730300448,
373,7,"iv",5,4.50727034864588,5.07644553472119,"iv",5,4.50727034864588,5.07644553472119,
373,8,"i",5,6.82127444529731,3.62924707438769,"i",5,6.82127444529731,3.62924707438769,
373,9,"V",2,5.18918378288414,5.3088418137135,"V",2,5.18918378288414,5.3088418137135,
373,10,"iv",3,6.27237204783434,4.68444313455646,"-VII",3,6.36218529195201,4.68444313455646,0.0898132441176713
373,11,"i",2,5.57395603738269,5.3100140433034,"i",2,4.27639306225285,5.27298004823849,
373,12,"V",2,5.18918378288414,5.3088418137135,"V",3,6.35896851300793,4.36533310402133,
373,13,"iv",3,6.27237204783434,4.68444313455646,"iv",2,5.99522172691141,5.18723940948589,
373,14,"i",2,5.57395603738269,5.3100140433034,"i",2,5.57395603738269,5.3100140433034,
373,15,"V",2,5.18918378288414,5.3088418137135,"V",2,5.18918378288414,5.3088418137135,
,,,,,,,,,,
374,8,"i",5,6.82127444529731,3.62924707438769,"i",5,6.82127444529731,3.62924707438769,
374,9,"V",2,5.18918378288414,5.3088418137135,"V",2,5.18918378288414,5.3088418137135,
374,10,"iv",3,6.27237204783434,4.68444313455646,"iv",3,6.27237204783434,4.68444313455646,
374,11,"i",2,5.57395603738269,5.3100140433034,"i",2,5.57395603738269,5.3100140433034,
374,12,"V",2,5.18918378288414,5.3088418137135,"V",2,5.18918378288414,5.3088418137135,
374,13,"iv",3,6.27237204783434,4.68444313455646,"-VII",3,6.36218529195201,4.68444313455646,0.0898132441176713
374,14,"i",2,5.57395603738269,5.3100140433034,"i",2,4.27639306225285,5.27298004823849,
374,15,"V",2,5.18918378288414,5.3088418137135,"V",3,6.35896851300793,4.36533310402133,
374,16,"iv",3,6.27237204783434,4.68444313455646,"iv",2,5.99522172691141,5.18723940948589,
374,17,"IV",2,5.60871204458611,5.3100140433034,"IV",2,5.60871204458611,5.3100140433034,
374,18,"IV",2,4.25329499789397,5.30617909945223,"IV",2,4.25329499789397,5.30617909945223,
,,,,,,,,,,
375,11,"i",2,5.57395603738269,5.3100140433034,"i",2,5.57395603738269,5.3100140433034,
375,12,"V",2,5.18918378288414,5.3088418137135,"V",2,5.18918378288414,5.3088418137135,
375,13,"iv",3,6.27237204783434,4.68444313455646,"iv",3,6.27237204783434,4.68444313455646,
375,14,"i",2,5.57395603738269,5.3100140433034,"i",2,5.57395603738269,5.3100140433034,
375,15,"V",2,5.18918378288414,5.3088418137135,"V",2,5.18918378288414,5.3088418137135,
375,16,"iv",3,6.27237204783434,4.68444313455646,"-VII",3,6.36218529195201,4.68444313455646,0.0898132441176713
375,17,"IV",2,5.60871204458611,5.3100140433034,"IV",2,3.98639122224398,5.27298004823849,
375,18,"IV",2,4.25329499789397,5.30617909945223,"IV",3,3.60089298366444,5.00186842744634,
375,19,"VI",3,6.5007459032126,4.96353334350538,"VI",4,7.08960624955335,4.02680747811373,
375,20,"II",2,3.92906308295182,5.08808905348547,"II",2,3.92906308295182,5.08808905348547,
375,21,"VI",3,1.91938901563152,4.59804125922297,"VI",3,1.91938901563152,4.59804125922297,
,,,,,,,,,,
376,30,"I",2,5.10819472913343,5.28179427721798,"I",2,5.10819472913343,5.28179427721798,
376,31,"I",2,4.50750976580657,5.45489656882738,"I",2,4.50750976580657,5.45489656882738,
376,32,"iv",3,5.24207069942904,5.35575359877211,"iv",3,5.24207069942904,5.35575359877211,
376,33,"i",4,6.29015841478751,4.6189632082906,"i",4,6.29015841478751,4.6189632082906,
376,34,"V",2,5.18918378288414,5.3088418137135,"V",2,5.18918378288414,5.3088418137135,
376,35,"iv",3,6.27237204783434,4.68444313455646,"-VII",3,6.36218529195201,4.68444313455646,0.0898132441176713
376,36,"i",2,5.57395603738269,5.3100140433034,"i",2,4.27639306225285,5.27298004823849,
376,37,"V",2,5.18918378288414,5.3088418137135,"V",3,6.35896851300793,4.36533310402133,
376,38,"iv",3,6.27237204783434,4.68444313455646,"iv",2,5.99522172691141,5.18723940948589,
376,39,"i",2,5.57395603738269,5.3100140433034,"i",2,5.57395603738269,5.3100140433034,
376,40,"V",2,5.18918378288414,5.3088418137135,"V",2,5.18918378288414,5.3088418137135,
,,,,,,,,,,
377,33,"i",4,6.29015841478751,4.6189632082906,"i",4,6.29015841478751,4.6189632082906,
377,34,"V",2,5.18918378288414,5.3088418137135,"V",2,5.18918378288414,5.3088418137135,
377,35,"iv",3,6.27237204783434,4.68444313455646,"iv",3,6.27237204783434,4.68444313455646,
377,36,"i",2,5.57395603738269,5.3100140433034,"i",2,5.57395603738269,5.3100140433034,
377,37,"V",2,5.18918378288414,5.3088418137135,"V",2,5.18918378288414,5.3088418137135,
377,38,"iv",3,6.27237204783434,4.68444313455646,"-VII",3,6.36218529195201,4.68444313455646,0.0898132441176713
377,39,"i",2,5.57395603738269,5.3100140433034,"i",2,4.27639306225285,5.27298004823849,
377,40,"V",2,5.18918378288414,5.3088418137135,"V",3,6.35896851300793,4.36533310402133,
377,41,"iv",3,6.27237204783434,4.68444313455646,"iv",2,5.99522172691141,5.18723940948589,
377,42,"IV",2,5.60871204458611,5.3100140433034,"IV",2,5.60871204458611,5.3100140433034,
377,43,"IV",2,4.25329499789397,5.30617909945223,"IV",2,4.25329499789397,5.30617909945223,
,,,,,,,,,,
378,36,"i",2,5.57395603738269,5.3100140433034,"i",2,5.57395603738269,5.3100140433034,
378,37,"V",2,5.18918378288414,5.3088418137135,"V",2,5.18918378288414,5.3088418137135,
378,38,"iv",3,6.27237204783434,4.68444313455646,"iv",3,6.27237204783434,4.68444313455646,
378,39,"i",2,5.57395603738269,5.3100140433034,"i",2,5.57395603738269,5.3100140433034,
378,40,"V",2,5.18918378288414,5.3088418137135,"V",2,5.18918378288414,5.3088418137135,
378,41,"iv",3,6.27237204783434,4.68444313455646,"-VII",3,6.36218529195201,4.68444313455646,0.0898132441176713
378,42,"IV",2,5.60871204458611,5.3100140433034,"IV",2,3.98639122224398,5.27298004823849,
378,43,"IV",2,4.25329499789397,5.30617909945223,"IV",3,3.60089298366444,5.00186842744634,
378,44,"VI",3,6.5007459032126,4.96353334350538,"VI",4,7.08960624955335,4.02680747811373,
378,45,"II",2,3.92906308295182,5.08808905348547,"II",2,3.92906308295182,5.08808905348547,
378,46,"VI",3,1.91938901563152,4.59804125922297,"VI",3,1.91938901563152,4.59804125922297,
,,,,,,,,,,
379,22,"II",4,1.84470195563592,4.5698028738094,"II",4,1.84470195563592,4.5698028738094,
379,23,"V",5,3.24316910000851,4.49591193161619,"V",5,3.24316910000851,4.49591193161619,
379,24,"I",5,2.27348102634849,4.50862641594303,"I",5,2.27348102634849,4.50862641594303,
379,25,"#io",5,7.4374051515395,3.91207025148671,"#io",5,7.4374051515395,3.91207025148671,
379,26,"vii",3,7.20787563067529,3.88245695387891,"vii",3,7.20787563067529,3.88245695387891,
379,27,"#io",1,6.73536989608108,5.37387134302661,"-III+",1,6.83000677021915,5.37387134302661,0.0946368741380752
379,28,"#io",1,7.11217055761599,4.25394060589979,"#io",1,6.59020087764313,4.93170409892669,
379,29,"V",1,2.60866028002009,4.25394060589979,"V",1,2.60866028002009,4.25394060589979,
379,30,"I",2,5.10819472913343,5.28179427721798,"I",2,5.10819472913343,5.28179427721798,
379,31,"I",2,4.50750976580657,5.45489656882738,"I",2,4.50750976580657,5.45489656882738,
379,32,"iv",3,5.24207069942904,5.35575359877211,"iv",3,5.24207069942904,5.35575359877211,
,,,,,,,,,,
380,22,"II",4,1.84470195563592,4.5698028738094,"II",4,1.84470195563592,4.5698028738094,
380,23,"V",5,3.24316910000851,4.49591193161619,"V",5,3.24316910000851,4.49591193161619,
380,24,"I",5,2.27348102634849,4.50862641594303,"I",5,2.27348102634849,4.50862641594303,
380,25,"#io",5,7.4374051515395,3.91207025148671,"#io",5,7.4374051515395,3.91207025148671,
380,26,"vii",3,7.20787563067529,3.88245695387891,"vii",3,7.20787563067529,3.88245695387891,
380,27,"#io",1,6.73536989608108,5.37387134302661,"VII+",1,6.83000677021915,5.37387134302661,0.0946368741380752
380,28,"#io",1,7.11217055761599,4.25394060589979,"#io",1,6.59399869501468,4.93498387789862,
380,29,"V",1,2.60866028002009,4.25394060589979,"V",1,2.60866028002009,4.25394060589979,
380,30,"I",2,5.10819472913343,5.28179427721798,"I",2,5.10819472913343,5.28179427721798,
380,31,"I",2,4.50750976580657,5.45489656882738,"I",2,4.50750976580657,5.45489656882738,
380,32,"iv",3,5.24207069942904,5.35575359877211,"iv",3,5.24207069942904,5.35575359877211,
,,,,,,,,,,
381,22,"II",4,1.84470195563592,4.5698028738094,"II",4,1.84470195563592,4.5698028738094,
381,23,"V",5,3.24316910000851,4.49591193161619,"V",5,3.24316910000851,4.49591193161619,
381,24,"I",5,2.27348102634849,4.50862641594303,"I",5,2.27348102634849,4.50862641594303,
381,25,"#io",5,7.4374051515395,3.91207025148671,"#io",5,7.4374051515395,3.91207025148671,
381,26,"vii",3,7.20787563067529,3.88245695387891,"vii",3,7.20787563067529,3.88245695387891,
381,27,"#io",1,6.73536989608108,5.37387134302661,"#IV+",1,6.83000677021915,5.37387134302661,0.0946368741380752
381,28,"#io",1,7.11217055761599,4.25394060589979,"#io",1,6.58281403414258,5.11636846336849,
381,29,"V",1,2.60866028002009,4.25394060589979,"V",1,2.60866028002009,4.25394060589979,
381,30,"I",2,5.10819472913343,5.28179427721798,"I",2,5.10819472913343,5.28179427721798,
381,31,"I",2,4.50750976580657,5.45489656882738,"I",2,4.50750976580657,5.45489656882738,
381,32,"iv",3,5.24207069942904,5.35575359877211,"iv",3,5.24207069942904,5.35575359877211,
,,,,,,,,,,
382,22,"II",4,1.84470195563592,4.5698028738094,"II",4,1.84470195563592,4.5698028738094,
382,23,"V",5,3.24316910000851,4.49591193161619,"V",5,3.24316910000851,4.49591193161619,
382,24,"I",5,2.27348102634849,4.50862641594303,"I",5,2.27348102634849,4.50862641594303,
382,25,"#io",5,7.4374051515395,3.91207025148671,"#io",5,7.4374051515395,3.91207025148671,
382,26,"vii",3,7.20787563067529,3.88245695387891,"vii",3,7.20787563067529,3.88245695387891,
382,27,"#io",1,6.73536989608108,5.37387134302661,"-IV",1,6.83000677021915,5.37387134302661,0.0946368741380752
382,28,"#io",1,7.11217055761599,4.25394060589979,"#io",1,6.59305017753088,4.93409563295787,
382,29,"V",1,2.60866028002009,4.25394060589979,"V",1,2.60866028002009,4.25394060589979,
382,30,"I",2,5.10819472913343,5.28179427721798,"I",2,5.10819472913343,5.28179427721798,
382,31,"I",2,4.50750976580657,5.45489656882738,"I",2,4.50750976580657,5.45489656882738,
382,32,"iv",3,5.24207069942904,5.35575359877211,"iv",3,5.24207069942904,5.35575359877211,
,,,,,,,,,,
383,22,"II",4,1.84470195563592,4.5698028738094,"II",4,1.84470195563592,4.5698028738094,
383,23,"V",5,3.24316910000851,4.49591193161619,"V",5,3.24316910000851,4.49591193161619,
383,24,"I",5,2.27348102634849,4.50862641594303,"I",5,2.27348102634849,4.50862641594303,
383,25,"#io",5,7.4374051515395,3.91207025148671,"#io",5,7.4374051515395,3.91207025148671,
383,26,"vii",3,7.20787563067529,3.88245695387891,"vii",3,7.20787563067529,3.88245695387891,
383,27,"#io",1,6.73536989608108,5.37387134302661,"-VII+",1,6.83000677021915,5.37387134302661,0.0946368741380752
383,28,"#io",1,7.11217055761599,4.25394060589979,"#io",1,6.59305017753088,4.93409563295787,
383,29,"V",1,2.60866028002009,4.25394060589979,"V",1,2.60866028002009,4.25394060589979,
383,30,"I",2,5.10819472913343,5.28179427721798,"I",2,5.10819472913343,5.28179427721798,
383,31,"I",2,4.50750976580657,5.45489656882738,"I",2,4.50750976580657,5.45489656882738,
383,32,"iv",3,5.24207069942904,5.35575359877211,"iv",3,5.24207069942904,5.35575359877211,
,,,,,,,,,,
384,22,"II",4,1.84470195563592,4.5698028738094,"II",4,1.84470195563592,4.5698028738094,
384,23,"V",5,3.24316910000851,4.49591193161619,"V",5,3.24316910000851,4.49591193161619,
384,24,"I",5,2.27348102634849,4.50862641594303,"I",5,2.27348102634849,4.50862641594303,
384,25,"#io",5,7.4374051515395,3.91207025148671,"#io",5,7.4374051515395,3.91207025148671,
384,26,"vii",3,7.20787563067529,3.88245695387891,"vii",3,7.20787563067529,3.88245695387891,
384,27,"#io",1,6.73536989608108,5.37387134302661,"#v",1,6.83000677021915,5.37387134302661,0.0946368741380752
384,28,"#io",1,7.11217055761599,4.25394060589979,"#io",1,6.5878221548604,5.12072052230688,
384,29,"V",1,2.60866028002009,4.25394060589979,"V",1,2.60866028002009,4.25394060589979,
384,30,"I",2,5.10819472913343,5.28179427721798,"I",2,5.10819472913343,5.28179427721798,
384,31,"I",2,4.50750976580657,5.45489656882738,"I",2,4.50750976580657,5.45489656882738,
384,32,"iv",3,5.24207069942904,5.35575359877211,"iv",3,5.24207069942904,5.35575359877211,
,,,,,,,,,,
385,22,"II",4,1.84470195563592,4.5698028738094,"II",4,1.84470195563592,4.5698028738094,
385,23,"V",5,3.24316910000851,4.49591193161619,"V",5,3.24316910000851,4.49591193161619,
385,24,"I",5,2.27348102634849,4.50862641594303,"I",5,2.27348102634849,4.50862641594303,
385,25,"#io",5,7.4374051515395,3.91207025148671,"#io",5,7.4374051515395,3.91207025148671,
385,26,"vii",3,7.20787563067529,3.88245695387891,"vii",3,7.20787563067529,3.88245695387891,
385,27,"#io",1,6.73536989608108,5.37387134302661,"IV+",1,6.83000677021915,5.37387134302661,0.0946368741380752
385,28,"#io",1,7.11217055761599,4.25394060589979,"#io",1,6.59091373035016,4.93226544587139,
385,29,"V",1,2.60866028002009,4.25394060589979,"V",1,2.60866028002009,4.25394060589979,
385,30,"I",2,5.10819472913343,5.28179427721798,"I",2,5.10819472913343,5.28179427721798,
385,31,"I",2,4.50750976580657,5.45489656882738,"I",2,4.50750976580657,5.45489656882738,
385,32,"iv",3,5.24207069942904,5.35575359877211,"iv",3,5.24207069942904,5.35575359877211,
,,,,,,,,,,
386,22,"II",4,1.84470195563592,4.5698028738094,"II",4,1.84470195563592,4.5698028738094,
386,23,"V",5,3.24316910000851,4.49591193161619,"V",5,3.24316910000851,4.49591193161619,
386,24,"I",5,2.27348102634849,4.50862641594303,"I",5,2.27348102634849,4.50862641594303,
386,25,"#io",5,7.4374051515395,3.91207025148671,"#io",5,7.4374051515395,3.91207025148671,
386,26,"vii",3,7.20787563067529,3.88245695387891,"vii",3,7.20787563067529,3.88245695387891,
386,27,"#io",1,6.73536989608108,5.37387134302661,"-vo",1,6.83000677021915,5.37387134302661,0.0946368741380752
386,28,"#io",1,7.11217055761599,4.25394060589979,"#io",1,6.59707707706597,4.93822588936241,
386,29,"V",1,2.60866028002009,4.25394060589979,"V",1,2.60866028002009,4.25394060589979,
386,30,"I",2,5.10819472913343,5.28179427721798,"I",2,5.10819472913343,5.28179427721798,
386,31,"I",2,4.50750976580657,5.45489656882738,"I",2,4.50750976580657,5.45489656882738,
386,32,"iv",3,5.24207069942904,5.35575359877211,"iv",3,5.24207069942904,5.35575359877211,
,,,,,,,,,,
387,47,"II",4,1.84470195563592,4.5698028738094,"II",4,1.84470195563592,4.5698028738094,
387,48,"V",5,3.24316910000851,4.49591193161619,"V",5,3.24316910000851,4.49591193161619,
387,49,"I",5,2.27348102634849,4.50862641594303,"I",5,2.27348102634849,4.50862641594303,
387,50,"#io",5,7.4374051515395,3.91207025148671,"#io",5,7.4374051515395,3.91207025148671,
387,51,"vii",3,7.20787563067529,3.88245695387891,"vii",3,7.20787563067529,3.88245695387891,
387,52,"#io",1,6.73536989608108,5.37387134302661,"-III+",1,6.83000677021915,5.37387134302661,0.0946368741380752
387,53,"#io",1,7.11217055761599,4.25394060589979,"#io",1,6.59020087764313,4.93170409892669,
387,54,"V",1,2.60866028002009,4.25394060589979,"V",1,2.60866028002009,4.25394060589979,
387,55,"I",2,5.10819472913343,5.28179427721798,"I",2,5.10819472913343,5.28179427721798,
387,56,"I",2,4.50750976580657,5.45489656882738,"I",2,4.50750976580657,5.45489656882738,
387,57,"iv",3,5.24207069942904,5.35575359877211,"iv",3,5.24207069942904,5.35575359877211,
,,,,,,,,,,
388,47,"II",4,1.84470195563592,4.5698028738094,"II",4,1.84470195563592,4.5698028738094,
388,48,"V",5,3.24316910000851,4.49591193161619,"V",5,3.24316910000851,4.49591193161619,
388,49,"I",5,2.27348102634849,4.50862641594303,"I",5,2.27348102634849,4.50862641594303,
388,50,"#io",5,7.4374051515395,3.91207025148671,"#io",5,7.4374051515395,3.91207025148671,
388,51,"vii",3,7.20787563067529,3.88245695387891,"vii",3,7.20787563067529,3.88245695387891,
388,52,"#io",1,6.73536989608108,5.37387134302661,"VII+",1,6.83000677021915,5.37387134302661,0.0946368741380752
388,53,"#io",1,7.11217055761599,4.25394060589979,"#io",1,6.59399869501468,4.93498387789862,
388,54,"V",1,2.60866028002009,4.25394060589979,"V",1,2.60866028002009,4.25394060589979,
388,55,"I",2,5.10819472913343,5.28179427721798,"I",2,5.10819472913343,5.28179427721798,
388,56,"I",2,4.50750976580657,5.45489656882738,"I",2,4.50750976580657,5.45489656882738,
388,57,"iv",3,5.24207069942904,5.35575359877211,"iv",3,5.24207069942904,5.35575359877211,
,,,,,,,,,,
389,47,"II",4,1.84470195563592,4.5698028738094,"II",4,1.84470195563592,4.5698028738094,
389,48,"V",5,3.24316910000851,4.49591193161619,"V",5,3.24316910000851,4.49591193161619,
389,49,"I",5,2.27348102634849,4.50862641594303,"I",5,2.27348102634849,4.50862641594303,
389,50,"#io",5,7.4374051515395,3.91207025148671,"#io",5,7.4374051515395,3.91207025148671,
389,51,"vii",3,7.20787563067529,3.88245695387891,"vii",3,7.20787563067529,3.88245695387891,
389,52,"#io",1,6.73536989608108,5.37387134302661,"#IV+",1,6.83000677021915,5.37387134302661,0.0946368741380752
389,53,"#io",1,7.11217055761599,4.25394060589979,"#io",1,6.58281403414258,5.11636846336849,
389,54,"V",1,2.60866028002009,4.25394060589979,"V",1,2.60866028002009,4.25394060589979,
389,55,"I",2,5.10819472913343,5.28179427721798,"I",2,5.10819472913343,5.28179427721798,
389,56,"I",2,4.50750976580657,5.45489656882738,"I",2,4.50750976580657,5.45489656882738,
389,57,"iv",3,5.24207069942904,5.35575359877211,"iv",3,5.24207069942904,5.35575359877211,
,,,,,,,,,,
390,47,"II",4,1.84470195563592,4.5698028738094,"II",4,1.84470195563592,4.5698028738094,
390,48,"V",5,3.24316910000851,4.49591193161619,"V",5,3.24316910000851,4.49591193161619,
390,49,"I",5,2.27348102634849,4.50862641594303,"I",5,2.27348102634849,4.50862641594303,
390,50,"#io",5,7.4374051515395,3.91207025148671,"#io",5,7.4374051515395,3.91207025148671,
390,51,"vii",3,7.20787563067529,3.88245695387891,"vii",3,7.20787563067529,3.88245695387891,
390,52,"#io",1,6.73536989608108,5.37387134302661,"-IV",1,6.83000677021915,5.37387134302661,0.0946368741380752
390,53,"#io",1,7.11217055761599,4.25394060589979,"#io",1,6.59305017753088,4.93409563295787,
390,54,"V",1,2.60866028002009,4.25394060589979,"V",1,2.60866028002009,4.25394060589979,
390,55,"I",2,5.10819472913343,5.28179427721798,"I",2,5.10819472913343,5.28179427721798,
390,56,"I",2,4.50750976580657,5.45489656882738,"I",2,4.50750976580657,5.45489656882738,
390,57,"iv",3,5.24207069942904,5.35575359877211,"iv",3,5.24207069942904,5.35575359877211,
,,,,,,,,,,
391,47,"II",4,1.84470195563592,4.5698028738094,"II",4,1.84470195563592,4.5698028738094,
391,48,"V",5,3.24316910000851,4.49591193161619,"V",5,3.24316910000851,4.49591193161619,
391,49,"I",5,2.27348102634849,4.50862641594303,"I",5,2.27348102634849,4.50862641594303,
391,50,"#io",5,7.4374051515395,3.91207025148671,"#io",5,7.4374051515395,3.91207025148671,
391,51,"vii",3,7.20787563067529,3.88245695387891,"vii",3,7.20787563067529,3.88245695387891,
391,52,"#io",1,6.73536989608108,5.37387134302661,"-VII+",1,6.83000677021915,5.37387134302661,0.0946368741380752
391,53,"#io",1,7.11217055761599,4.25394060589979,"#io",1,6.59305017753088,4.93409563295787,
391,54,"V",1,2.60866028002009,4.25394060589979,"V",1,2.60866028002009,4.25394060589979,
391,55,"I",2,5.10819472913343,5.28179427721798,"I",2,5.10819472913343,5.28179427721798,
391,56,"I",2,4.50750976580657,5.45489656882738,"I",2,4.50750976580657,5.45489656882738,
391,57,"iv",3,5.24207069942904,5.35575359877211,"iv",3,5.24207069942904,5.35575359877211,
,,,,,,,,,,
392,47,"II",4,1.84470195563592,4.5698028738094,"II",4,1.84470195563592,4.5698028738094,
392,48,"V",5,3.24316910000851,4.49591193161619,"V",5,3.24316910000851,4.49591193161619,
392,49,"I",5,2.27348102634849,4.50862641594303,"I",5,2.27348102634849,4.50862641594303,
392,50,"#io",5,7.4374051515395,3.91207025148671,"#io",5,7.4374051515395,3.91207025148671,
392,51,"vii",3,7.20787563067529,3.88245695387891,"vii",3,7.20787563067529,3.88245695387891,
392,52,"#io",1,6.73536989608108,5.37387134302661,"#v",1,6.83000677021915,5.37387134302661,0.0946368741380752
392,53,"#io",1,7.11217055761599,4.25394060589979,"#io",1,6.5878221548604,5.12072052230688,
392,54,"V",1,2.60866028002009,4.25394060589979,"V",1,2.60866028002009,4.25394060589979,
392,55,"I",2,5.10819472913343,5.28179427721798,"I",2,5.10819472913343,5.28179427721798,
392,56,"I",2,4.50750976580657,5.45489656882738,"I",2,4.50750976580657,5.45489656882738,
392,57,"iv",3,5.24207069942904,5.35575359877211,"iv",3,5.24207069942904,5.35575359877211,
,,,,,,,,,,
393,47,"II",4,1.84470195563592,4.5698028738094,"II",4,1.84470195563592,4.5698028738094,
393,48,"V",5,3.24316910000851,4.49591193161619,"V",5,3.24316910000851,4.49591193161619,
393,49,"I",5,2.27348102634849,4.50862641594303,"I",5,2.27348102634849,4.50862641594303,
393,50,"#io",5,7.4374051515395,3.91207025148671,"#io",5,7.4374051515395,3.91207025148671,
393,51,"vii",3,7.20787563067529,3.88245695387891,"vii",3,7.20787563067529,3.88245695387891,
393,52,"#io",1,6.73536989608108,5.37387134302661,"IV+",1,6.83000677021915,5.37387134302661,0.0946368741380752
393,53,"#io",1,7.11217055761599,4.25394060589979,"#io",1,6.59091373035016,4.93226544587139,
393,54,"V",1,2.60866028002009,4.25394060589979,"V",1,2.60866028002009,4.25394060589979,
393,55,"I",2,5.10819472913343,5.28179427721798,"I",2,5.10819472913343,5.28179427721798,
393,56,"I",2,4.50750976580657,5.45489656882738,"I",2,4.50750976580657,5.45489656882738,
393,57,"iv",3,5.24207069942904,5.35575359877211,"iv",3,5.24207069942904,5.35575359877211,
,,,,,,,,,,
394,47,"II",4,1.84470195563592,4.5698028738094,"II",4,1.84470195563592,4.5698028738094,
394,48,"V",5,3.24316910000851,4.49591193161619,"V",5,3.24316910000851,4.49591193161619,
394,49,"I",5,2.27348102634849,4.50862641594303,"I",5,2.27348102634849,4.50862641594303,
394,50,"#io",5,7.4374051515395,3.91207025148671,"#io",5,7.4374051515395,3.91207025148671,
394,51,"vii",3,7.20787563067529,3.88245695387891,"vii",3,7.20787563067529,3.88245695387891,
394,52,"#io",1,6.73536989608108,5.37387134302661,"-vo",1,6.83000677021915,5.37387134302661,0.0946368741380752
394,53,"#io",1,7.11217055761599,4.25394060589979,"#io",1,6.59707707706597,4.93822588936241,
394,54,"V",1,2.60866028002009,4.25394060589979,"V",1,2.60866028002009,4.25394060589979,
394,55,"I",2,5.10819472913343,5.28179427721798,"I",2,5.10819472913343,5.28179427721798,
394,56,"I",2,4.50750976580657,5.45489656882738,"I",2,4.50750976580657,5.45489656882738,
394,57,"iv",3,5.24207069942904,5.35575359877211,"iv",3,5.24207069942904,5.35575359877211,
,,,,,,,,,,
395,78,"II",4,1.84470195563592,4.5698028738094,"II",4,1.84470195563592,4.5698028738094,
395,79,"V",5,3.24316910000851,4.49591193161619,"V",5,3.24316910000851,4.49591193161619,
395,80,"I",5,2.27348102634849,4.50862641594303,"I",5,2.27348102634849,4.50862641594303,
395,81,"#io",5,7.4374051515395,3.91207025148671,"#io",5,7.4374051515395,3.91207025148671,
395,82,"vii",3,7.20787563067529,3.88245695387891,"vii",3,7.20787563067529,3.88245695387891,
395,83,"#io",1,6.73536989608108,5.37387134302661,"-III+",1,6.83000677021915,5.37387134302661,0.0946368741380752
395,84,"#io",1,7.11217055761599,4.25394060589979,"#io",1,6.59020087764313,4.93170409892669,
395,85,"VII",1,6.96016746417094,4.25394060589979,"VII",1,6.96016746417094,4.25394060589979,
395,86,"III",1,4.94929138986516,5.35241960075509,"III",1,4.94929138986516,5.35241960075509,
395,87,"VI",2,5.29057463595965,4.48938756125396,"VI",2,5.29057463595965,4.48938756125396,
395,88,"II",2,4.09933569298607,5.13032405207678,"II",2,4.09933569298607,5.13032405207678,
,,,,,,,,,,
396,78,"II",4,1.84470195563592,4.5698028738094,"II",4,1.84470195563592,4.5698028738094,
396,79,"V",5,3.24316910000851,4.49591193161619,"V",5,3.24316910000851,4.49591193161619,
396,80,"I",5,2.27348102634849,4.50862641594303,"I",5,2.27348102634849,4.50862641594303,
396,81,"#io",5,7.4374051515395,3.91207025148671,"#io",5,7.4374051515395,3.91207025148671,
396,82,"vii",3,7.20787563067529,3.88245695387891,"vii",3,7.20787563067529,3.88245695387891,
396,83,"#io",1,6.73536989608108,5.37387134302661,"VII+",1,6.83000677021915,5.37387134302661,0.0946368741380752
396,84,"#io",1,7.11217055761599,4.25394060589979,"#io",1,6.59399869501468,4.93498387789862,
396,85,"VII",1,6.96016746417094,4.25394060589979,"VII",1,6.96016746417094,4.25394060589979,
396,86,"III",1,4.94929138986516,5.35241960075509,"III",1,4.94929138986516,5.35241960075509,
396,87,"VI",2,5.29057463595965,4.48938756125396,"VI",2,5.29057463595965,4.48938756125396,
396,88,"II",2,4.09933569298607,5.13032405207678,"II",2,4.09933569298607,5.13032405207678,
,,,,,,,,,,
397,78,"II",4,1.84470195563592,4.5698028738094,"II",4,1.84470195563592,4.5698028738094,
397,79,"V",5,3.24316910000851,4.49591193161619,"V",5,3.24316910000851,4.49591193161619,
397,80,"I",5,2.27348102634849,4.50862641594303,"I",5,2.27348102634849,4.50862641594303,
397,81,"#io",5,7.4374051515395,3.91207025148671,"#io",5,7.4374051515395,3.91207025148671,
397,82,"vii",3,7.20787563067529,3.88245695387891,"vii",3,7.20787563067529,3.88245695387891,
397,83,"#io",1,6.73536989608108,5.37387134302661,"#IV+",1,6.83000677021915,5.37387134302661,0.0946368741380752
397,84,"#io",1,7.11217055761599,4.25394060589979,"#io",1,6.58281403414258,5.11636846336849,
397,85,"VII",1,6.96016746417094,4.25394060589979,"VII",1,6.96016746417094,4.25394060589979,
397,86,"III",1,4.94929138986516,5.35241960075509,"III",1,4.94929138986516,5.35241960075509,
397,87,"VI",2,5.29057463595965,4.48938756125396,"VI",2,5.29057463595965,4.48938756125396,
397,88,"II",2,4.09933569298607,5.13032405207678,"II",2,4.09933569298607,5.13032405207678,
,,,,,,,,,,
398,78,"II",4,1.84470195563592,4.5698028738094,"II",4,1.84470195563592,4.5698028738094,
398,79,"V",5,3.24316910000851,4.49591193161619,"V",5,3.24316910000851,4.49591193161619,
398,80,"I",5,2.27348102634849,4.50862641594303,"I",5,2.27348102634849,4.50862641594303,
398,81,"#io",5,7.4374051515395,3.91207025148671,"#io",5,7.4374051515395,3.91207025148671,
398,82,"vii",3,7.20787563067529,3.88245695387891,"vii",3,7.20787563067529,3.88245695387891,
398,83,"#io",1,6.73536989608108,5.37387134302661,"-IV",1,6.83000677021915,5.37387134302661,0.0946368741380752
398,84,"#io",1,7.11217055761599,4.25394060589979,"#io",1,6.59305017753088,4.93409563295787,
398,85,"VII",1,6.96016746417094,4.25394060589979,"VII",1,6.96016746417094,4.25394060589979,
398,86,"III",1,4.94929138986516,5.35241960075509,"III",1,4.94929138986516,5.35241960075509,
398,87,"VI",2,5.29057463595965,4.48938756125396,"VI",2,5.29057463595965,4.48938756125396,
398,88,"II",2,4.09933569298607,5.13032405207678,"II",2,4.09933569298607,5.13032405207678,
,,,,,,,,,,
399,78,"II",4,1.84470195563592,4.5698028738094,"II",4,1.84470195563592,4.5698028738094,
399,79,"V",5,3.24316910000851,4.49591193161619,"V",5,3.24316910000851,4.49591193161619,
399,80,"I",5,2.27348102634849,4.50862641594303,"I",5,2.27348102634849,4.50862641594303,
399,81,"#io",5,7.4374051515395,3.91207025148671,"#io",5,7.4374051515395,3.91207025148671,
399,82,"vii",3,7.20787563067529,3.88245695387891,"vii",3,7.20787563067529,3.88245695387891,
399,83,"#io",1,6.73536989608108,5.37387134302661,"-VII+",1,6.83000677021915,5.37387134302661,0.0946368741380752
399,84,"#io",1,7.11217055761599,4.25394060589979,"#io",1,6.59305017753088,4.93409563295787,
399,85,"VII",1,6.96016746417094,4.25394060589979,"VII",1,6.96016746417094,4.25394060589979,
399,86,"III",1,4.94929138986516,5.35241960075509,"III",1,4.94929138986516,5.35241960075509,
399,87,"VI",2,5.29057463595965,4.48938756125396,"VI",2,5.29057463595965,4.48938756125396,
399,88,"II",2,4.09933569298607,5.13032405207678,"II",2,4.09933569298607,5.13032405207678,
,,,,,,,,,,
400,78,"II",4,1.84470195563592,4.5698028738094,"II",4,1.84470195563592,4.5698028738094,
400,79,"V",5,3.24316910000851,4.49591193161619,"V",5,3.24316910000851,4.49591193161619,
400,80,"I",5,2.27348102634849,4.50862641594303,"I",5,2.27348102634849,4.50862641594303,
400,81,"#io",5,7.4374051515395,3.91207025148671,"#io",5,7.4374051515395,3.91207025148671,
400,82,"vii",3,7.20787563067529,3.88245695387891,"vii",3,7.20787563067529,3.88245695387891,
400,83,"#io",1,6.73536989608108,5.37387134302661,"#v",1,6.83000677021915,5.37387134302661,0.0946368741380752
400,84,"#io",1,7.11217055761599,4.25394060589979,"#io",1,6.5878221548604,5.12072052230688,
400,85,"VII",1,6.96016746417094,4.25394060589979,"VII",1,6.96016746417094,4.25394060589979,
400,86,"III",1,4.94929138986516,5.35241960075509,"III",1,4.94929138986516,5.35241960075509,
400,87,"VI",2,5.29057463595965,4.48938756125396,"VI",2,5.29057463595965,4.48938756125396,
400,88,"II",2,4.09933569298607,5.13032405207678,"II",2,4.09933569298607,5.13032405207678,
,,,,,,,,,,
401,78,"II",4,1.84470195563592,4.5698028738094,"II",4,1.84470195563592,4.5698028738094,
401,79,"V",5,3.24316910000851,4.49591193161619,"V",5,3.24316910000851,4.49591193161619,
401,80,"I",5,2.27348102634849,4.50862641594303,"I",5,2.27348102634849,4.50862641594303,
401,81,"#io",5,7.4374051515395,3.91207025148671,"#io",5,7.4374051515395,3.91207025148671,
401,82,"vii",3,7.20787563067529,3.88245695387891,"vii",3,7.20787563067529,3.88245695387891,
401,83,"#io",1,6.73536989608108,5.37387134302661,"IV+",1,6.83000677021915,5.37387134302661,0.0946368741380752
401,84,"#io",1,7.11217055761599,4.25394060589979,"#io",1,6.59091373035016,4.93226544587139,
401,85,"VII",1,6.96016746417094,4.25394060589979,"VII",1,6.96016746417094,4.25394060589979,
401,86,"III",1,4.94929138986516,5.35241960075509,"III",1,4.94929138986516,5.35241960075509,
401,87,"VI",2,5.29057463595965,4.48938756125396,"VI",2,5.29057463595965,4.48938756125396,
401,88,"II",2,4.09933569298607,5.13032405207678,"II",2,4.09933569298607,5.13032405207678,
,,,,,,,,,,
402,78,"II",4,1.84470195563592,4.5698028738094,"II",4,1.84470195563592,4.5698028738094,
402,79,"V",5,3.24316910000851,4.49591193161619,"V",5,3.24316910000851,4.49591193161619,
402,80,"I",5,2.27348102634849,4.50862641594303,"I",5,2.27348102634849,4.50862641594303,
402,81,"#io",5,7.4374051515395,3.91207025148671,"#io",5,7.4374051515395,3.91207025148671,
402,82,"vii",3,7.20787563067529,3.88245695387891,"vii",3,7.20787563067529,3.88245695387891,
402,83,"#io",1,6.73536989608108,5.37387134302661,"-vo",1,6.83000677021915,5.37387134302661,0.0946368741380752
402,84,"#io",1,7.11217055761599,4.25394060589979,"#io",1,6.59707707706597,4.93822588936241,
402,85,"VII",1,6.96016746417094,4.25394060589979,"VII",1,6.96016746417094,4.25394060589979,
402,86,"III",1,4.94929138986516,5.35241960075509,"III",1,4.94929138986516,5.35241960075509,
402,87,"VI",2,5.29057463595965,4.48938756125396,"VI",2,5.29057463595965,4.48938756125396,
402,88,"II",2,4.09933569298607,5.13032405207678,"II",2,4.09933569298607,5.13032405207678,
,,,,,,,,,,
403,88,"II",2,4.09933569298607,5.13032405207678,"II",2,4.09933569298607,5.13032405207678,
403,89,"VI",3,4.41383215898672,4.59862581504416,"VI",3,4.41383215898672,4.59862581504416,
403,90,"II",3,2.70399057299607,4.97850199558676,"II",3,2.70399057299607,4.97850199558676,
403,91,"-VI",4,6.51003108819735,4.88113787240782,"-VI",4,6.51003108819735,4.88113787240782,
403,92,"-II",2,5.92704446074321,5.16782341190319,"-II",2,5.92704446074321,5.16782341190319,
403,93,"#io",2,6.98923679378414,5.03211245088812,"-III+",2,7.08387366792221,5.03211245088812,0.0946368741380752
403,94,"vii",1,7.00198763986557,4.25394060589979,"vii",1,6.4800179598927,4.93170409892669,
403,95,"#io",1,6.73536989608108,5.37387134302661,"#io",1,6.73536989608108,5.37387134302661,
403,96,"#io",1,7.11217055761599,4.25394060589979,"#io",1,7.11217055761599,4.25394060589979,
403,97,"V",1,2.60866028002009,4.25394060589979,"V",1,2.60866028002009,4.25394060589979,
403,98,"I",2,5.10819472913343,5.28179427721798,"I",2,5.10819472913343,5.28179427721798,
,,,,,,,,,,
404,88,"II",2,4.09933569298607,5.13032405207678,"II",2,4.09933569298607,5.13032405207678,
404,89,"VI",3,4.41383215898672,4.59862581504416,"VI",3,4.41383215898672,4.59862581504416,
404,90,"II",3,2.70399057299607,4.97850199558676,"II",3,2.70399057299607,4.97850199558676,
404,91,"-VI",4,6.51003108819735,4.88113787240782,"-VI",4,6.51003108819735,4.88113787240782,
404,92,"-II",2,5.92704446074321,5.16782341190319,"-II",2,5.92704446074321,5.16782341190319,
404,93,"#io",2,6.98923679378414,5.03211245088812,"VII+",2,7.08387366792221,5.03211245088812,0.0946368741380752
404,94,"vii",1,7.00198763986557,4.25394060589979,"vii",1,6.48381577726426,4.93498387789862,
404,95,"#io",1,6.73536989608108,5.37387134302661,"#io",1,6.73536989608108,5.37387134302661,
404,96,"#io",1,7.11217055761599,4.25394060589979,"#io",1,7.11217055761599,4.25394060589979,
404,97,"V",1,2.60866028002009,4.25394060589979,"V",1,2.60866028002009,4.25394060589979,
404,98,"I",2,5.10819472913343,5.28179427721798,"I",2,5.10819472913343,5.28179427721798,
,,,,,,,,,,
405,88,"II",2,4.09933569298607,5.13032405207678,"II",2,4.09933569298607,5.13032405207678,
405,89,"VI",3,4.41383215898672,4.59862581504416,"VI",3,4.41383215898672,4.59862581504416,
405,90,"II",3,2.70399057299607,4.97850199558676,"II",3,2.70399057299607,4.97850199558676,
405,91,"-VI",4,6.51003108819735,4.88113787240782,"-VI",4,6.51003108819735,4.88113787240782,
405,92,"-II",2,5.92704446074321,5.16782341190319,"-II",2,5.92704446074321,5.16782341190319,
405,93,"#io",2,6.98923679378414,5.03211245088812,"#IV+",2,7.08387366792221,5.03211245088812,0.0946368741380752
405,94,"vii",1,7.00198763986557,4.25394060589979,"vii",1,6.47263111639216,5.11636846336849,
405,95,"#io",1,6.73536989608108,5.37387134302661,"#io",1,6.73536989608108,5.37387134302661,
405,96,"#io",1,7.11217055761599,4.25394060589979,"#io",1,7.11217055761599,4.25394060589979,
405,97,"V",1,2.60866028002009,4.25394060589979,"V",1,2.60866028002009,4.25394060589979,
405,98,"I",2,5.10819472913343,5.28179427721798,"I",2,5.10819472913343,5.28179427721798,
,,,,,,,,,,
406,88,"II",2,4.09933569298607,5.13032405207678,"II",2,4.09933569298607,5.13032405207678,
406,89,"VI",3,4.41383215898672,4.59862581504416,"VI",3,4.41383215898672,4.59862581504416,
406,90,"II",3,2.70399057299607,4.97850199558676,"II",3,2.70399057299607,4.97850199558676,
406,91,"-VI",4,6.51003108819735,4.88113787240782,"-VI",4,6.51003108819735,4.88113787240782,
406,92,"-II",2,5.92704446074321,5.16782341190319,"-II",2,5.92704446074321,5.16782341190319,
406,93,"#io",2,6.98923679378414,5.03211245088812,"-IV",2,7.08387366792221,5.03211245088812,0.0946368741380752
406,94,"vii",1,7.00198763986557,4.25394060589979,"vii",1,6.48286725978046,4.93409563295787,
406,95,"#io",1,6.73536989608108,5.37387134302661,"#io",1,6.73536989608108,5.37387134302661,
406,96,"#io",1,7.11217055761599,4.25394060589979,"#io",1,7.11217055761599,4.25394060589979,
406,97,"V",1,2.60866028002009,4.25394060589979,"V",1,2.60866028002009,4.25394060589979,
406,98,"I",2,5.10819472913343,5.28179427721798,"I",2,5.10819472913343,5.28179427721798,
,,,,,,,,,,
407,88,"II",2,4.09933569298607,5.13032405207678,"II",2,4.09933569298607,5.13032405207678,
407,89,"VI",3,4.41383215898672,4.59862581504416,"VI",3,4.41383215898672,4.59862581504416,
407,90,"II",3,2.70399057299607,4.97850199558676,"II",3,2.70399057299607,4.97850199558676,
407,91,"-VI",4,6.51003108819735,4.88113787240782,"-VI",4,6.51003108819735,4.88113787240782,
407,92,"-II",2,5.92704446074321,5.16782341190319,"-II",2,5.92704446074321,5.16782341190319,
407,93,"#io",2,6.98923679378414,5.03211245088812,"-VII+",2,7.08387366792221,5.03211245088812,0.0946368741380752
407,94,"vii",1,7.00198763986557,4.25394060589979,"vii",1,6.48286725978046,4.93409563295787,
407,95,"#io",1,6.73536989608108,5.37387134302661,"#io",1,6.73536989608108,5.37387134302661,
407,96,"#io",1,7.11217055761599,4.25394060589979,"#io",1,7.11217055761599,4.25394060589979,
407,97,"V",1,2.60866028002009,4.25394060589979,"V",1,2.60866028002009,4.25394060589979,
407,98,"I",2,5.10819472913343,5.28179427721798,"I",2,5.10819472913343,5.28179427721798,
,,,,,,,,,,
408,88,"II",2,4.09933569298607,5.13032405207678,"II",2,4.09933569298607,5.13032405207678,
408,89,"VI",3,4.41383215898672,4.59862581504416,"VI",3,4.41383215898672,4.59862581504416,
408,90,"II",3,2.70399057299607,4.97850199558676,"II",3,2.70399057299607,4.97850199558676,
408,91,"-VI",4,6.51003108819735,4.88113787240782,"-VI",4,6.51003108819735,4.88113787240782,
408,92,"-II",2,5.92704446074321,5.16782341190319,"-II",2,5.92704446074321,5.16782341190319,
408,93,"#io",2,6.98923679378414,5.03211245088812,"#v",2,7.08387366792221,5.03211245088812,0.0946368741380752
408,94,"vii",1,7.00198763986557,4.25394060589979,"vii",1,6.47763923710997,5.12072052230688,
408,95,"#io",1,6.73536989608108,5.37387134302661,"#io",1,6.73536989608108,5.37387134302661,
408,96,"#io",1,7.11217055761599,4.25394060589979,"#io",1,7.11217055761599,4.25394060589979,
408,97,"V",1,2.60866028002009,4.25394060589979,"V",1,2.60866028002009,4.25394060589979,
408,98,"I",2,5.10819472913343,5.28179427721798,"I",2,5.10819472913343,5.28179427721798,
,,,,,,,,,,
409,88,"II",2,4.09933569298607,5.13032405207678,"II",2,4.09933569298607,5.13032405207678,
409,89,"VI",3,4.41383215898672,4.59862581504416,"VI",3,4.41383215898672,4.59862581504416,
409,90,"II",3,2.70399057299607,4.97850199558676,"II",3,2.70399057299607,4.97850199558676,
409,91,"-VI",4,6.51003108819735,4.88113787240782,"-VI",4,6.51003108819735,4.88113787240782,
409,92,"-II",2,5.92704446074321,5.16782341190319,"-II",2,5.92704446074321,5.16782341190319,
409,93,"#io",2,6.98923679378414,5.03211245088812,"IV+",2,7.08387366792221,5.03211245088812,0.0946368741380752
409,94,"vii",1,7.00198763986557,4.25394060589979,"vii",1,6.48073081259974,4.93226544587139,
409,95,"#io",1,6.73536989608108,5.37387134302661,"#io",1,6.73536989608108,5.37387134302661,
409,96,"#io",1,7.11217055761599,4.25394060589979,"#io",1,7.11217055761599,4.25394060589979,
409,97,"V",1,2.60866028002009,4.25394060589979,"V",1,2.60866028002009,4.25394060589979,
409,98,"I",2,5.10819472913343,5.28179427721798,"I",2,5.10819472913343,5.28179427721798,
,,,,,,,,,,
410,88,"II",2,4.09933569298607,5.13032405207678,"II",2,4.09933569298607,5.13032405207678,
410,89,"VI",3,4.41383215898672,4.59862581504416,"VI",3,4.41383215898672,4.59862581504416,
410,90,"II",3,2.70399057299607,4.97850199558676,"II",3,2.70399057299607,4.97850199558676,
410,91,"-VI",4,6.51003108819735,4.88113787240782,"-VI",4,6.51003108819735,4.88113787240782,
410,92,"-II",2,5.92704446074321,5.16782341190319,"-II",2,5.92704446074321,5.16782341190319,
410,93,"#io",2,6.98923679378414,5.03211245088812,"-vo",2,7.08387366792221,5.03211245088812,0.0946368741380752
410,94,"vii",1,7.00198763986557,4.25394060589979,"vii",1,6.48689415931555,4.93822588936241,
410,95,"#io",1,6.73536989608108,5.37387134302661,"#io",1,6.73536989608108,5.37387134302661,
410,96,"#io",1,7.11217055761599,4.25394060589979,"#io",1,7.11217055761599,4.25394060589979,
410,97,"V",1,2.60866028002009,4.25394060589979,"V",1,2.60866028002009,4.25394060589979,
410,98,"I",2,5.10819472913343,5.28179427721798,"I",2,5.10819472913343,5.28179427721798,
,,,,,,,,,,
411,90,"II",3,2.70399057299607,4.97850199558676,"II",3,2.70399057299607,4.97850199558676,
411,91,"-VI",4,6.51003108819735,4.88113787240782,"-VI",4,6.51003108819735,4.88113787240782,
411,92,"-II",2,5.92704446074321,5.16782341190319,"-II",2,5.92704446074321,5.16782341190319,
411,93,"#io",2,6.98923679378414,5.03211245088812,"#io",2,6.98923679378414,5.03211245088812,
411,94,"vii",1,7.00198763986557,4.25394060589979,"vii",1,7.00198763986557,4.25394060589979,
411,95,"#io",1,6.73536989608108,5.37387134302661,"-III+",1,6.83000677021915,5.37387134302661,0.0946368741380752
411,96,"#io",1,7.11217055761599,4.25394060589979,"#io",1,6.59020087764313,4.93170409892669,
411,97,"V",1,2.60866028002009,4.25394060589979,"V",1,2.60866028002009,4.25394060589979,
411,98,"I",2,5.10819472913343,5.28179427721798,"I",2,5.10819472913343,5.28179427721798,
411,99,"I",2,4.50750976580657,5.45489656882738,"I",2,4.50750976580657,5.45489656882738,
411,100,"iv",3,5.24207069942904,5.35575359877211,"iv",3,5.24207069942904,5.35575359877211,
,,,,,,,,,,
412,90,"II",3,2.70399057299607,4.97850199558676,"II",3,2.70399057299607,4.97850199558676,
412,91,"-VI",4,6.51003108819735,4.88113787240782,"-VI",4,6.51003108819735,4.88113787240782,
412,92,"-II",2,5.92704446074321,5.16782341190319,"-II",2,5.92704446074321,5.16782341190319,
412,93,"#io",2,6.98923679378414,5.03211245088812,"#io",2,6.98923679378414,5.03211245088812,
412,94,"vii",1,7.00198763986557,4.25394060589979,"vii",1,7.00198763986557,4.25394060589979,
412,95,"#io",1,6.73536989608108,5.37387134302661,"VII+",1,6.83000677021915,5.37387134302661,0.0946368741380752
412,96,"#io",1,7.11217055761599,4.25394060589979,"#io",1,6.59399869501468,4.93498387789862,
412,97,"V",1,2.60866028002009,4.25394060589979,"V",1,2.60866028002009,4.25394060589979,
412,98,"I",2,5.10819472913343,5.28179427721798,"I",2,5.10819472913343,5.28179427721798,
412,99,"I",2,4.50750976580657,5.45489656882738,"I",2,4.50750976580657,5.45489656882738,
412,100,"iv",3,5.24207069942904,5.35575359877211,"iv",3,5.24207069942904,5.35575359877211,
,,,,,,,,,,
413,90,"II",3,2.70399057299607,4.97850199558676,"II",3,2.70399057299607,4.97850199558676,
413,91,"-VI",4,6.51003108819735,4.88113787240782,"-VI",4,6.51003108819735,4.88113787240782,
413,92,"-II",2,5.92704446074321,5.16782341190319,"-II",2,5.92704446074321,5.16782341190319,
413,93,"#io",2,6.98923679378414,5.03211245088812,"#io",2,6.98923679378414,5.03211245088812,
413,94,"vii",1,7.00198763986557,4.25394060589979,"vii",1,7.00198763986557,4.25394060589979,
413,95,"#io",1,6.73536989608108,5.37387134302661,"#IV+",1,6.83000677021915,5.37387134302661,0.0946368741380752
413,96,"#io",1,7.11217055761599,4.25394060589979,"#io",1,6.58281403414258,5.11636846336849,
413,97,"V",1,2.60866028002009,4.25394060589979,"V",1,2.60866028002009,4.25394060589979,
413,98,"I",2,5.10819472913343,5.28179427721798,"I",2,5.10819472913343,5.28179427721798,
413,99,"I",2,4.50750976580657,5.45489656882738,"I",2,4.50750976580657,5.45489656882738,
413,100,"iv",3,5.24207069942904,5.35575359877211,"iv",3,5.24207069942904,5.35575359877211,
,,,,,,,,,,
414,90,"II",3,2.70399057299607,4.97850199558676,"II",3,2.70399057299607,4.97850199558676,
414,91,"-VI",4,6.51003108819735,4.88113787240782,"-VI",4,6.51003108819735,4.88113787240782,
414,92,"-II",2,5.92704446074321,5.16782341190319,"-II",2,5.92704446074321,5.16782341190319,
414,93,"#io",2,6.98923679378414,5.03211245088812,"#io",2,6.98923679378414,5.03211245088812,
414,94,"vii",1,7.00198763986557,4.25394060589979,"vii",1,7.00198763986557,4.25394060589979,
414,95,"#io",1,6.73536989608108,5.37387134302661,"-IV",1,6.83000677021915,5.37387134302661,0.0946368741380752
414,96,"#io",1,7.11217055761599,4.25394060589979,"#io",1,6.59305017753088,4.93409563295787,
414,97,"V",1,2.60866028002009,4.25394060589979,"V",1,2.60866028002009,4.25394060589979,
414,98,"I",2,5.10819472913343,5.28179427721798,"I",2,5.10819472913343,5.28179427721798,
414,99,"I",2,4.50750976580657,5.45489656882738,"I",2,4.50750976580657,5.45489656882738,
414,100,"iv",3,5.24207069942904,5.35575359877211,"iv",3,5.24207069942904,5.35575359877211,
,,,,,,,,,,
415,90,"II",3,2.70399057299607,4.97850199558676,"II",3,2.70399057299607,4.97850199558676,
415,91,"-VI",4,6.51003108819735,4.88113787240782,"-VI",4,6.51003108819735,4.88113787240782,
415,92,"-II",2,5.92704446074321,5.16782341190319,"-II",2,5.92704446074321,5.16782341190319,
415,93,"#io",2,6.98923679378414,5.03211245088812,"#io",2,6.98923679378414,5.03211245088812,
415,94,"vii",1,7.00198763986557,4.25394060589979,"vii",1,7.00198763986557,4.25394060589979,
415,95,"#io",1,6.73536989608108,5.37387134302661,"-VII+",1,6.83000677021915,5.37387134302661,0.0946368741380752
415,96,"#io",1,7.11217055761599,4.25394060589979,"#io",1,6.59305017753088,4.93409563295787,
415,97,"V",1,2.60866028002009,4.25394060589979,"V",1,2.60866028002009,4.25394060589979,
415,98,"I",2,5.10819472913343,5.28179427721798,"I",2,5.10819472913343,5.28179427721798,
415,99,"I",2,4.50750976580657,5.45489656882738,"I",2,4.50750976580657,5.45489656882738,
415,100,"iv",3,5.24207069942904,5.35575359877211,"iv",3,5.24207069942904,5.35575359877211,
,,,,,,,,,,
416,90,"II",3,2.70399057299607,4.97850199558676,"II",3,2.70399057299607,4.97850199558676,
416,91,"-VI",4,6.51003108819735,4.88113787240782,"-VI",4,6.51003108819735,4.88113787240782,
416,92,"-II",2,5.92704446074321,5.16782341190319,"-II",2,5.92704446074321,5.16782341190319,
416,93,"#io",2,6.98923679378414,5.03211245088812,"#io",2,6.98923679378414,5.03211245088812,
416,94,"vii",1,7.00198763986557,4.25394060589979,"vii",1,7.00198763986557,4.25394060589979,
416,95,"#io",1,6.73536989608108,5.37387134302661,"#v",1,6.83000677021915,5.37387134302661,0.0946368741380752
416,96,"#io",1,7.11217055761599,4.25394060589979,"#io",1,6.5878221548604,5.12072052230688,
416,97,"V",1,2.60866028002009,4.25394060589979,"V",1,2.60866028002009,4.25394060589979,
416,98,"I",2,5.10819472913343,5.28179427721798,"I",2,5.10819472913343,5.28179427721798,
416,99,"I",2,4.50750976580657,5.45489656882738,"I",2,4.50750976580657,5.45489656882738,
416,100,"iv",3,5.24207069942904,5.35575359877211,"iv",3,5.24207069942904,5.35575359877211,
,,,,,,,,,,
417,90,"II",3,2.70399057299607,4.97850199558676,"II",3,2.70399057299607,4.97850199558676,
417,91,"-VI",4,6.51003108819735,4.88113787240782,"-VI",4,6.51003108819735,4.88113787240782,
417,92,"-II",2,5.92704446074321,5.16782341190319,"-II",2,5.92704446074321,5.16782341190319,
417,93,"#io",2,6.98923679378414,5.03211245088812,"#io",2,6.98923679378414,5.03211245088812,
417,94,"vii",1,7.00198763986557,4.25394060589979,"vii",1,7.00198763986557,4.25394060589979,
417,95,"#io",1,6.73536989608108,5.37387134302661,"IV+",1,6.83000677021915,5.37387134302661,0.0946368741380752
417,96,"#io",1,7.11217055761599,4.25394060589979,"#io",1,6.59091373035016,4.93226544587139,
417,97,"V",1,2.60866028002009,4.25394060589979,"V",1,2.60866028002009,4.25394060589979,
417,98,"I",2,5.10819472913343,5.28179427721798,"I",2,5.10819472913343,5.28179427721798,
417,99,"I",2,4.50750976580657,5.45489656882738,"I",2,4.50750976580657,5.45489656882738,
417,100,"iv",3,5.24207069942904,5.35575359877211,"iv",3,5.24207069942904,5.35575359877211,
,,,,,,,,,,
418,90,"II",3,2.70399057299607,4.97850199558676,"II",3,2.70399057299607,4.97850199558676,
418,91,"-VI",4,6.51003108819735,4.88113787240782,"-VI",4,6.51003108819735,4.88113787240782,
418,92,"-II",2,5.92704446074321,5.16782341190319,"-II",2,5.92704446074321,5.16782341190319,
418,93,"#io",2,6.98923679378414,5.03211245088812,"#io",2,6.98923679378414,5.03211245088812,
418,94,"vii",1,7.00198763986557,4.25394060589979,"vii",1,7.00198763986557,4.25394060589979,
418,95,"#io",1,6.73536989608108,5.37387134302661,"-vo",1,6.83000677021915,5.37387134302661,0.0946368741380752
418,96,"#io",1,7.11217055761599,4.25394060589979,"#io",1,6.59707707706597,4.93822588936241,
418,97,"V",1,2.60866028002009,4.25394060589979,"V",1,2.60866028002009,4.25394060589979,
418,98,"I",2,5.10819472913343,5.28179427721798,"I",2,5.10819472913343,5.28179427721798,
418,99,"I",2,4.50750976580657,5.45489656882738,"I",2,4.50750976580657,5.45489656882738,
418,100,"iv",3,5.24207069942904,5.35575359877211,"iv",3,5.24207069942904,5.35575359877211,
,,,,,,,,,,
419,23,"V",5,3.24316910000851,4.49591193161619,"V",5,3.24316910000851,4.49591193161619,
419,24,"I",5,2.27348102634849,4.50862641594303,"I",5,2.27348102634849,4.50862641594303,
419,25,"#io",5,7.4374051515395,3.91207025148671,"#io",5,7.4374051515395,3.91207025148671,
419,26,"vii",3,7.20787563067529,3.88245695387891,"vii",3,7.20787563067529,3.88245695387891,
419,27,"#io",1,6.73536989608108,5.37387134302661,"#io",1,6.73536989608108,5.37387134302661,
419,28,"#io",1,7.11217055761599,4.25394060589979,"-III+",1,7.20680743175407,4.25394060589979,0.0946368741380761
419,29,"V",1,2.60866028002009,4.25394060589979,"V",1,2.05869563907853,4.93170409892669,
419,30,"I",2,5.10819472913343,5.28179427721798,"I",2,5.13275766405657,5.18095281990417,
419,31,"I",2,4.50750976580657,5.45489656882738,"I",2,4.50750976580657,5.45489656882738,
419,32,"iv",3,5.24207069942904,5.35575359877211,"iv",3,5.24207069942904,5.35575359877211,
419,33,"i",4,6.29015841478751,4.6189632082906,"i",4,6.29015841478751,4.6189632082906,
,,,,,,,,,,
420,23,"V",5,3.24316910000851,4.49591193161619,"V",5,3.24316910000851,4.49591193161619,
420,24,"I",5,2.27348102634849,4.50862641594303,"I",5,2.27348102634849,4.50862641594303,
420,25,"#io",5,7.4374051515395,3.91207025148671,"#io",5,7.4374051515395,3.91207025148671,
420,26,"vii",3,7.20787563067529,3.88245695387891,"vii",3,7.20787563067529,3.88245695387891,
420,27,"#io",1,6.73536989608108,5.37387134302661,"#io",1,6.73536989608108,5.37387134302661,
420,28,"#io",1,7.11217055761599,4.25394060589979,"VII+",1,7.20680743175407,4.25394060589979,0.0946368741380761
420,29,"V",1,2.60866028002009,4.25394060589979,"V",1,6.04771666245758,4.93498387789862,
420,30,"I",2,5.10819472913343,5.28179427721798,"I",1,4.8860650492582,5.46956356854853,
420,31,"I",2,4.50750976580657,5.45489656882738,"I",2,4.50750976580657,5.45489656882738,
420,32,"iv",3,5.24207069942904,5.35575359877211,"iv",3,5.24207069942904,5.35575359877211,
420,33,"i",4,6.29015841478751,4.6189632082906,"i",4,6.29015841478751,4.6189632082906,
,,,,,,,,,,
421,23,"V",5,3.24316910000851,4.49591193161619,"V",5,3.24316910000851,4.49591193161619,
421,24,"I",5,2.27348102634849,4.50862641594303,"I",5,2.27348102634849,4.50862641594303,
421,25,"#io",5,7.4374051515395,3.91207025148671,"#io",5,7.4374051515395,3.91207025148671,
421,26,"vii",3,7.20787563067529,3.88245695387891,"vii",3,7.20787563067529,3.88245695387891,
421,27,"#io",1,6.73536989608108,5.37387134302661,"#io",1,6.73536989608108,5.37387134302661,
421,28,"#io",1,7.11217055761599,4.25394060589979,"#IV+",1,7.20680743175407,4.25394060589979,0.0946368741380761
421,29,"V",1,2.60866028002009,4.25394060589979,"V",1,2.99213788222703,5.11636846336849,
421,30,"I",2,5.10819472913343,5.28179427721798,"I",2,5.13275766405657,5.18095281990417,
421,31,"I",2,4.50750976580657,5.45489656882738,"I",2,4.50750976580657,5.45489656882738,
421,32,"iv",3,5.24207069942904,5.35575359877211,"iv",3,5.24207069942904,5.35575359877211,
421,33,"i",4,6.29015841478751,4.6189632082906,"i",4,6.29015841478751,4.6189632082906,
,,,,,,,,,,
422,23,"V",5,3.24316910000851,4.49591193161619,"V",5,3.24316910000851,4.49591193161619,
422,24,"I",5,2.27348102634849,4.50862641594303,"I",5,2.27348102634849,4.50862641594303,
422,25,"#io",5,7.4374051515395,3.91207025148671,"#io",5,7.4374051515395,3.91207025148671,
422,26,"vii",3,7.20787563067529,3.88245695387891,"vii",3,7.20787563067529,3.88245695387891,
422,27,"#io",1,6.73536989608108,5.37387134302661,"#io",1,6.73536989608108,5.37387134302661,
422,28,"#io",1,7.11217055761599,4.25394060589979,"-IV",1,7.20680743175407,4.25394060589979,0.0946368741380761
422,29,"V",1,2.60866028002009,4.25394060589979,"V",1,6.04676814497379,4.93409563295787,
422,30,"I",2,5.10819472913343,5.28179427721798,"I",1,4.8860650492582,5.46956356854853,
422,31,"I",2,4.50750976580657,5.45489656882738,"I",2,4.50750976580657,5.45489656882738,
422,32,"iv",3,5.24207069942904,5.35575359877211,"iv",3,5.24207069942904,5.35575359877211,
422,33,"i",4,6.29015841478751,4.6189632082906,"i",4,6.29015841478751,4.6189632082906,
,,,,,,,,,,
423,23,"V",5,3.24316910000851,4.49591193161619,"V",5,3.24316910000851,4.49591193161619,
423,24,"I",5,2.27348102634849,4.50862641594303,"I",5,2.27348102634849,4.50862641594303,
423,25,"#io",5,7.4374051515395,3.91207025148671,"#io",5,7.4374051515395,3.91207025148671,
423,26,"vii",3,7.20787563067529,3.88245695387891,"vii",3,7.20787563067529,3.88245695387891,
423,27,"#io",1,6.73536989608108,5.37387134302661,"#io",1,6.73536989608108,5.37387134302661,
423,28,"#io",1,7.11217055761599,4.25394060589979,"-VII+",1,7.20680743175407,4.25394060589979,0.0946368741380761
423,29,"V",1,2.60866028002009,4.25394060589979,"V",1,6.04676814497379,4.93409563295787,
423,30,"I",2,5.10819472913343,5.28179427721798,"I",1,4.8860650492582,5.46956356854853,
423,31,"I",2,4.50750976580657,5.45489656882738,"I",2,4.50750976580657,5.45489656882738,
423,32,"iv",3,5.24207069942904,5.35575359877211,"iv",3,5.24207069942904,5.35575359877211,
423,33,"i",4,6.29015841478751,4.6189632082906,"i",4,6.29015841478751,4.6189632082906,
,,,,,,,,,,
424,23,"V",5,3.24316910000851,4.49591193161619,"V",5,3.24316910000851,4.49591193161619,
424,24,"I",5,2.27348102634849,4.50862641594303,"I",5,2.27348102634849,4.50862641594303,
424,25,"#io",5,7.4374051515395,3.91207025148671,"#io",5,7.4374051515395,3.91207025148671,
424,26,"vii",3,7.20787563067529,3.88245695387891,"vii",3,7.20787563067529,3.88245695387891,
424,27,"#io",1,6.73536989608108,5.37387134302661,"#io",1,6.73536989608108,5.37387134302661,
424,28,"#io",1,7.11217055761599,4.25394060589979,"#v",1,7.20680743175407,4.25394060589979,0.0946368741380761
424,29,"V",1,2.60866028002009,4.25394060589979,"V",1,6.0415401223033,5.12072052230688,
424,30,"I",2,5.10819472913343,5.28179427721798,"I",1,4.8860650492582,5.46956356854853,
424,31,"I",2,4.50750976580657,5.45489656882738,"I",2,4.50750976580657,5.45489656882738,
424,32,"iv",3,5.24207069942904,5.35575359877211,"iv",3,5.24207069942904,5.35575359877211,
424,33,"i",4,6.29015841478751,4.6189632082906,"i",4,6.29015841478751,4.6189632082906,
,,,,,,,,,,
425,23,"V",5,3.24316910000851,4.49591193161619,"V",5,3.24316910000851,4.49591193161619,
425,24,"I",5,2.27348102634849,4.50862641594303,"I",5,2.27348102634849,4.50862641594303,
425,25,"#io",5,7.4374051515395,3.91207025148671,"#io",5,7.4374051515395,3.91207025148671,
425,26,"vii",3,7.20787563067529,3.88245695387891,"vii",3,7.20787563067529,3.88245695387891,
425,27,"#io",1,6.73536989608108,5.37387134302661,"#io",1,6.73536989608108,5.37387134302661,
425,28,"#io",1,7.11217055761599,4.25394060589979,"IV+",1,7.20680743175407,4.25394060589979,0.0946368741380761
425,29,"V",1,2.60866028002009,4.25394060589979,"V",1,6.04463169779306,4.93226544587139,
425,30,"I",2,5.10819472913343,5.28179427721798,"I",1,4.8860650492582,5.46956356854853,
425,31,"I",2,4.50750976580657,5.45489656882738,"I",2,4.50750976580657,5.45489656882738,
425,32,"iv",3,5.24207069942904,5.35575359877211,"iv",3,5.24207069942904,5.35575359877211,
425,33,"i",4,6.29015841478751,4.6189632082906,"i",4,6.29015841478751,4.6189632082906,
,,,,,,,,,,
426,23,"V",5,3.24316910000851,4.49591193161619,"V",5,3.24316910000851,4.49591193161619,
426,24,"I",5,2.27348102634849,4.50862641594303,"I",5,2.27348102634849,4.50862641594303,
426,25,"#io",5,7.4374051515395,3.91207025148671,"#io",5,7.4374051515395,3.91207025148671,
426,26,"vii",3,7.20787563067529,3.88245695387891,"vii",3,7.20787563067529,3.88245695387891,
426,27,"#io",1,6.73536989608108,5.37387134302661,"#io",1,6.73536989608108,5.37387134302661,
426,28,"#io",1,7.11217055761599,4.25394060589979,"-vo",1,7.20680743175407,4.25394060589979,0.0946368741380761
426,29,"V",1,2.60866028002009,4.25394060589979,"V",1,6.05079504450888,4.93822588936241,
426,30,"I",2,5.10819472913343,5.28179427721798,"I",1,4.8860650492582,5.46956356854853,
426,31,"I",2,4.50750976580657,5.45489656882738,"I",2,4.50750976580657,5.45489656882738,
426,32,"iv",3,5.24207069942904,5.35575359877211,"iv",3,5.24207069942904,5.35575359877211,
426,33,"i",4,6.29015841478751,4.6189632082906,"i",4,6.29015841478751,4.6189632082906,
,,,,,,,,,,
427,48,"V",5,3.24316910000851,4.49591193161619,"V",5,3.24316910000851,4.49591193161619,
427,49,"I",5,2.27348102634849,4.50862641594303,"I",5,2.27348102634849,4.50862641594303,
427,50,"#io",5,7.4374051515395,3.91207025148671,"#io",5,7.4374051515395,3.91207025148671,
427,51,"vii",3,7.20787563067529,3.88245695387891,"vii",3,7.20787563067529,3.88245695387891,
427,52,"#io",1,6.73536989608108,5.37387134302661,"#io",1,6.73536989608108,5.37387134302661,
427,53,"#io",1,7.11217055761599,4.25394060589979,"-III+",1,7.20680743175407,4.25394060589979,0.0946368741380761
427,54,"V",1,2.60866028002009,4.25394060589979,"V",1,2.05869563907853,4.93170409892669,
427,55,"I",2,5.10819472913343,5.28179427721798,"I",2,5.13275766405657,5.18095281990417,
427,56,"I",2,4.50750976580657,5.45489656882738,"I",2,4.50750976580657,5.45489656882738,
427,57,"iv",3,5.24207069942904,5.35575359877211,"iv",3,5.24207069942904,5.35575359877211,
427,58,"i",4,6.29015841478751,4.6189632082906,"i",4,6.29015841478751,4.6189632082906,
,,,,,,,,,,
428,48,"V",5,3.24316910000851,4.49591193161619,"V",5,3.24316910000851,4.49591193161619,
428,49,"I",5,2.27348102634849,4.50862641594303,"I",5,2.27348102634849,4.50862641594303,
428,50,"#io",5,7.4374051515395,3.91207025148671,"#io",5,7.4374051515395,3.91207025148671,
428,51,"vii",3,7.20787563067529,3.88245695387891,"vii",3,7.20787563067529,3.88245695387891,
428,52,"#io",1,6.73536989608108,5.37387134302661,"#io",1,6.73536989608108,5.37387134302661,
428,53,"#io",1,7.11217055761599,4.25394060589979,"VII+",1,7.20680743175407,4.25394060589979,0.0946368741380761
428,54,"V",1,2.60866028002009,4.25394060589979,"V",1,6.04771666245758,4.93498387789862,
428,55,"I",2,5.10819472913343,5.28179427721798,"I",1,4.8860650492582,5.46956356854853,
428,56,"I",2,4.50750976580657,5.45489656882738,"I",2,4.50750976580657,5.45489656882738,
428,57,"iv",3,5.24207069942904,5.35575359877211,"iv",3,5.24207069942904,5.35575359877211,
428,58,"i",4,6.29015841478751,4.6189632082906,"i",4,6.29015841478751,4.6189632082906,
,,,,,,,,,,
429,48,"V",5,3.24316910000851,4.49591193161619,"V",5,3.24316910000851,4.49591193161619,
429,49,"I",5,2.27348102634849,4.50862641594303,"I",5,2.27348102634849,4.50862641594303,
429,50,"#io",5,7.4374051515395,3.91207025148671,"#io",5,7.4374051515395,3.91207025148671,
429,51,"vii",3,7.20787563067529,3.88245695387891,"vii",3,7.20787563067529,3.88245695387891,
429,52,"#io",1,6.73536989608108,5.37387134302661,"#io",1,6.73536989608108,5.37387134302661,
429,53,"#io",1,7.11217055761599,4.25394060589979,"#IV+",1,7.20680743175407,4.25394060589979,0.0946368741380761
429,54,"V",1,2.60866028002009,4.25394060589979,"V",1,2.99213788222703,5.11636846336849,
429,55,"I",2,5.10819472913343,5.28179427721798,"I",2,5.13275766405657,5.18095281990417,
429,56,"I",2,4.50750976580657,5.45489656882738,"I",2,4.50750976580657,5.45489656882738,
429,57,"iv",3,5.24207069942904,5.35575359877211,"iv",3,5.24207069942904,5.35575359877211,
429,58,"i",4,6.29015841478751,4.6189632082906,"i",4,6.29015841478751,4.6189632082906,
,,,,,,,,,,
430,48,"V",5,3.24316910000851,4.49591193161619,"V",5,3.24316910000851,4.49591193161619,
430,49,"I",5,2.27348102634849,4.50862641594303,"I",5,2.27348102634849,4.50862641594303,
430,50,"#io",5,7.4374051515395,3.91207025148671,"#io",5,7.4374051515395,3.91207025148671,
430,51,"vii",3,7.20787563067529,3.88245695387891,"vii",3,7.20787563067529,3.88245695387891,
430,52,"#io",1,6.73536989608108,5.37387134302661,"#io",1,6.73536989608108,5.37387134302661,
430,53,"#io",1,7.11217055761599,4.25394060589979,"-IV",1,7.20680743175407,4.25394060589979,0.0946368741380761
430,54,"V",1,2.60866028002009,4.25394060589979,"V",1,6.04676814497379,4.93409563295787,
430,55,"I",2,5.10819472913343,5.28179427721798,"I",1,4.8860650492582,5.46956356854853,
430,56,"I",2,4.50750976580657,5.45489656882738,"I",2,4.50750976580657,5.45489656882738,
430,57,"iv",3,5.24207069942904,5.35575359877211,"iv",3,5.24207069942904,5.35575359877211,
430,58,"i",4,6.29015841478751,4.6189632082906,"i",4,6.29015841478751,4.6189632082906,
,,,,,,,,,,
431,48,"V",5,3.24316910000851,4.49591193161619,"V",5,3.24316910000851,4.49591193161619,
431,49,"I",5,2.27348102634849,4.50862641594303,"I",5,2.27348102634849,4.50862641594303,
431,50,"#io",5,7.4374051515395,3.91207025148671,"#io",5,7.4374051515395,3.91207025148671,
431,51,"vii",3,7.20787563067529,3.88245695387891,"vii",3,7.20787563067529,3.88245695387891,
431,52,"#io",1,6.73536989608108,5.37387134302661,"#io",1,6.73536989608108,5.37387134302661,
431,53,"#io",1,7.11217055761599,4.25394060589979,"-VII+",1,7.20680743175407,4.25394060589979,0.0946368741380761
431,54,"V",1,2.60866028002009,4.25394060589979,"V",1,6.04676814497379,4.93409563295787,
431,55,"I",2,5.10819472913343,5.28179427721798,"I",1,4.8860650492582,5.46956356854853,
431,56,"I",2,4.50750976580657,5.45489656882738,"I",2,4.50750976580657,5.45489656882738,
431,57,"iv",3,5.24207069942904,5.35575359877211,"iv",3,5.24207069942904,5.35575359877211,
431,58,"i",4,6.29015841478751,4.6189632082906,"i",4,6.29015841478751,4.6189632082906,
,,,,,,,,,,
432,48,"V",5,3.24316910000851,4.49591193161619,"V",5,3.24316910000851,4.49591193161619,
432,49,"I",5,2.27348102634849,4.50862641594303,"I",5,2.27348102634849,4.50862641594303,
432,50,"#io",5,7.4374051515395,3.91207025148671,"#io",5,7.4374051515395,3.91207025148671,
432,51,"vii",3,7.20787563067529,3.88245695387891,"vii",3,7.20787563067529,3.88245695387891,
432,52,"#io",1,6.73536989608108,5.37387134302661,"#io",1,6.73536989608108,5.37387134302661,
432,53,"#io",1,7.11217055761599,4.25394060589979,"#v",1,7.20680743175407,4.25394060589979,0.0946368741380761
432,54,"V",1,2.60866028002009,4.25394060589979,"V",1,6.0415401223033,5.12072052230688,
432,55,"I",2,5.10819472913343,5.28179427721798,"I",1,4.8860650492582,5.46956356854853,
432,56,"I",2,4.50750976580657,5.45489656882738,"I",2,4.50750976580657,5.45489656882738,
432,57,"iv",3,5.24207069942904,5.35575359877211,"iv",3,5.24207069942904,5.35575359877211,
432,58,"i",4,6.29015841478751,4.6189632082906,"i",4,6.29015841478751,4.6189632082906,
,,,,,,,,,,
433,48,"V",5,3.24316910000851,4.49591193161619,"V",5,3.24316910000851,4.49591193161619,
433,49,"I",5,2.27348102634849,4.50862641594303,"I",5,2.27348102634849,4.50862641594303,
433,50,"#io",5,7.4374051515395,3.91207025148671,"#io",5,7.4374051515395,3.91207025148671,
433,51,"vii",3,7.20787563067529,3.88245695387891,"vii",3,7.20787563067529,3.88245695387891,
433,52,"#io",1,6.73536989608108,5.37387134302661,"#io",1,6.73536989608108,5.37387134302661,
433,53,"#io",1,7.11217055761599,4.25394060589979,"IV+",1,7.20680743175407,4.25394060589979,0.0946368741380761
433,54,"V",1,2.60866028002009,4.25394060589979,"V",1,6.04463169779306,4.93226544587139,
433,55,"I",2,5.10819472913343,5.28179427721798,"I",1,4.8860650492582,5.46956356854853,
433,56,"I",2,4.50750976580657,5.45489656882738,"I",2,4.50750976580657,5.45489656882738,
433,57,"iv",3,5.24207069942904,5.35575359877211,"iv",3,5.24207069942904,5.35575359877211,
433,58,"i",4,6.29015841478751,4.6189632082906,"i",4,6.29015841478751,4.6189632082906,
,,,,,,,,,,
434,48,"V",5,3.24316910000851,4.49591193161619,"V",5,3.24316910000851,4.49591193161619,
434,49,"I",5,2.27348102634849,4.50862641594303,"I",5,2.27348102634849,4.50862641594303,
434,50,"#io",5,7.4374051515395,3.91207025148671,"#io",5,7.4374051515395,3.91207025148671,
434,51,"vii",3,7.20787563067529,3.88245695387891,"vii",3,7.20787563067529,3.88245695387891,
434,52,"#io",1,6.73536989608108,5.37387134302661,"#io",1,6.73536989608108,5.37387134302661,
434,53,"#io",1,7.11217055761599,4.25394060589979,"-vo",1,7.20680743175407,4.25394060589979,0.0946368741380761
434,54,"V",1,2.60866028002009,4.25394060589979,"V",1,6.05079504450888,4.93822588936241,
434,55,"I",2,5.10819472913343,5.28179427721798,"I",1,4.8860650492582,5.46956356854853,
434,56,"I",2,4.50750976580657,5.45489656882738,"I",2,4.50750976580657,5.45489656882738,
434,57,"iv",3,5.24207069942904,5.35575359877211,"iv",3,5.24207069942904,5.35575359877211,
434,58,"i",4,6.29015841478751,4.6189632082906,"i",4,6.29015841478751,4.6189632082906,
,,,,,,,,,,
435,79,"V",5,3.24316910000851,4.49591193161619,"V",5,3.24316910000851,4.49591193161619,
435,80,"I",5,2.27348102634849,4.50862641594303,"I",5,2.27348102634849,4.50862641594303,
435,81,"#io",5,7.4374051515395,3.91207025148671,"#io",5,7.4374051515395,3.91207025148671,
435,82,"vii",3,7.20787563067529,3.88245695387891,"vii",3,7.20787563067529,3.88245695387891,
435,83,"#io",1,6.73536989608108,5.37387134302661,"#io",1,6.73536989608108,5.37387134302661,
435,84,"#io",1,7.11217055761599,4.25394060589979,"-III+",1,7.20680743175407,4.25394060589979,0.0946368741380761
435,85,"VII",1,6.96016746417094,4.25394060589979,"VII",1,6.43819778419808,4.93170409892669,
435,86,"III",1,4.94929138986516,5.35241960075509,"III",1,4.94929138986516,5.35241960075509,
435,87,"VI",2,5.29057463595965,4.48938756125396,"VI",2,5.29057463595965,4.48938756125396,
435,88,"II",2,4.09933569298607,5.13032405207678,"II",2,4.09933569298607,5.13032405207678,
435,89,"VI",3,4.41383215898672,4.59862581504416,"VI",3,4.41383215898672,4.59862581504416,
,,,,,,,,,,
436,79,"V",5,3.24316910000851,4.49591193161619,"V",5,3.24316910000851,4.49591193161619,
436,80,"I",5,2.27348102634849,4.50862641594303,"I",5,2.27348102634849,4.50862641594303,
436,81,"#io",5,7.4374051515395,3.91207025148671,"#io",5,7.4374051515395,3.91207025148671,
436,82,"vii",3,7.20787563067529,3.88245695387891,"vii",3,7.20787563067529,3.88245695387891,
436,83,"#io",1,6.73536989608108,5.37387134302661,"#io",1,6.73536989608108,5.37387134302661,
436,84,"#io",1,7.11217055761599,4.25394060589979,"VII+",1,7.20680743175407,4.25394060589979,0.0946368741380761
436,85,"VII",1,6.96016746417094,4.25394060589979,"VII",1,6.44199560156963,4.93498387789862,
436,86,"III",1,4.94929138986516,5.35241960075509,"III",1,4.94929138986516,5.35241960075509,
436,87,"VI",2,5.29057463595965,4.48938756125396,"VI",2,5.29057463595965,4.48938756125396,
436,88,"II",2,4.09933569298607,5.13032405207678,"II",2,4.09933569298607,5.13032405207678,
436,89,"VI",3,4.41383215898672,4.59862581504416,"VI",3,4.41383215898672,4.59862581504416,
,,,,,,,,,,
437,79,"V",5,3.24316910000851,4.49591193161619,"V",5,3.24316910000851,4.49591193161619,
437,80,"I",5,2.27348102634849,4.50862641594303,"I",5,2.27348102634849,4.50862641594303,
437,81,"#io",5,7.4374051515395,3.91207025148671,"#io",5,7.4374051515395,3.91207025148671,
437,82,"vii",3,7.20787563067529,3.88245695387891,"vii",3,7.20787563067529,3.88245695387891,
437,83,"#io",1,6.73536989608108,5.37387134302661,"#io",1,6.73536989608108,5.37387134302661,
437,84,"#io",1,7.11217055761599,4.25394060589979,"#IV+",1,7.20680743175407,4.25394060589979,0.0946368741380761
437,85,"VII",1,6.96016746417094,4.25394060589979,"VII",1,6.43081094069753,5.11636846336849,
437,86,"III",1,4.94929138986516,5.35241960075509,"III",1,4.94929138986516,5.35241960075509,
437,87,"VI",2,5.29057463595965,4.48938756125396,"VI",2,5.29057463595965,4.48938756125396,
437,88,"II",2,4.09933569298607,5.13032405207678,"II",2,4.09933569298607,5.13032405207678,
437,89,"VI",3,4.41383215898672,4.59862581504416,"VI",3,4.41383215898672,4.59862581504416,
,,,,,,,,,,
438,79,"V",5,3.24316910000851,4.49591193161619,"V",5,3.24316910000851,4.49591193161619,
438,80,"I",5,2.27348102634849,4.50862641594303,"I",5,2.27348102634849,4.50862641594303,
438,81,"#io",5,7.4374051515395,3.91207025148671,"#io",5,7.4374051515395,3.91207025148671,
438,82,"vii",3,7.20787563067529,3.88245695387891,"vii",3,7.20787563067529,3.88245695387891,
438,83,"#io",1,6.73536989608108,5.37387134302661,"#io",1,6.73536989608108,5.37387134302661,
438,84,"#io",1,7.11217055761599,4.25394060589979,"-IV",1,7.20680743175407,4.25394060589979,0.0946368741380761
438,85,"VII",1,6.96016746417094,4.25394060589979,"VII",1,6.44104708408583,4.93409563295787,
438,86,"III",1,4.94929138986516,5.35241960075509,"III",1,4.94929138986516,5.35241960075509,
438,87,"VI",2,5.29057463595965,4.48938756125396,"VI",2,5.29057463595965,4.48938756125396,
438,88,"II",2,4.09933569298607,5.13032405207678,"II",2,4.09933569298607,5.13032405207678,
438,89,"VI",3,4.41383215898672,4.59862581504416,"VI",3,4.41383215898672,4.59862581504416,
,,,,,,,,,,
439,79,"V",5,3.24316910000851,4.49591193161619,"V",5,3.24316910000851,4.49591193161619,
439,80,"I",5,2.27348102634849,4.50862641594303,"I",5,2.27348102634849,4.50862641594303,
439,81,"#io",5,7.4374051515395,3.91207025148671,"#io",5,7.4374051515395,3.91207025148671,
439,82,"vii",3,7.20787563067529,3.88245695387891,"vii",3,7.20787563067529,3.88245695387891,
439,83,"#io",1,6.73536989608108,5.37387134302661,"#io",1,6.73536989608108,5.37387134302661,
439,84,"#io",1,7.11217055761599,4.25394060589979,"-VII+",1,7.20680743175407,4.25394060589979,0.0946368741380761
439,85,"VII",1,6.96016746417094,4.25394060589979,"VII",1,6.44104708408583,4.93409563295787,
439,86,"III",1,4.94929138986516,5.35241960075509,"III",1,4.94929138986516,5.35241960075509,
439,87,"VI",2,5.29057463595965,4.48938756125396,"VI",2,5.29057463595965,4.48938756125396,
439,88,"II",2,4.09933569298607,5.13032405207678,"II",2,4.09933569298607,5.13032405207678,
439,89,"VI",3,4.41383215898672,4.59862581504416,"VI",3,4.41383215898672,4.59862581504416,
,,,,,,,,,,
440,79,"V",5,3.24316910000851,4.49591193161619,"V",5,3.24316910000851,4.49591193161619,
440,80,"I",5,2.27348102634849,4.50862641594303,"I",5,2.27348102634849,4.50862641594303,
440,81,"#io",5,7.4374051515395,3.91207025148671,"#io",5,7.4374051515395,3.91207025148671,
440,82,"vii",3,7.20787563067529,3.88245695387891,"vii",3,7.20787563067529,3.88245695387891,
440,83,"#io",1,6.73536989608108,5.37387134302661,"#io",1,6.73536989608108,5.37387134302661,
440,84,"#io",1,7.11217055761599,4.25394060589979,"#v",1,7.20680743175407,4.25394060589979,0.0946368741380761
440,85,"VII",1,6.96016746417094,4.25394060589979,"VII",1,6.43581906141535,5.12072052230688,
440,86,"III",1,4.94929138986516,5.35241960075509,"III",1,4.94929138986516,5.35241960075509,
440,87,"VI",2,5.29057463595965,4.48938756125396,"VI",2,5.29057463595965,4.48938756125396,
440,88,"II",2,4.09933569298607,5.13032405207678,"II",2,4.09933569298607,5.13032405207678,
440,89,"VI",3,4.41383215898672,4.59862581504416,"VI",3,4.41383215898672,4.59862581504416,
,,,,,,,,,,
441,79,"V",5,3.24316910000851,4.49591193161619,"V",5,3.24316910000851,4.49591193161619,
441,80,"I",5,2.27348102634849,4.50862641594303,"I",5,2.27348102634849,4.50862641594303,
441,81,"#io",5,7.4374051515395,3.91207025148671,"#io",5,7.4374051515395,3.91207025148671,
441,82,"vii",3,7.20787563067529,3.88245695387891,"vii",3,7.20787563067529,3.88245695387891,
441,83,"#io",1,6.73536989608108,5.37387134302661,"#io",1,6.73536989608108,5.37387134302661,
441,84,"#io",1,7.11217055761599,4.25394060589979,"IV+",1,7.20680743175407,4.25394060589979,0.0946368741380761
441,85,"VII",1,6.96016746417094,4.25394060589979,"VII",1,6.43891063690511,4.93226544587139,
441,86,"III",1,4.94929138986516,5.35241960075509,"III",1,4.94929138986516,5.35241960075509,
441,87,"VI",2,5.29057463595965,4.48938756125396,"VI",2,5.29057463595965,4.48938756125396,
441,88,"II",2,4.09933569298607,5.13032405207678,"II",2,4.09933569298607,5.13032405207678,
441,89,"VI",3,4.41383215898672,4.59862581504416,"VI",3,4.41383215898672,4.59862581504416,
,,,,,,,,,,
442,79,"V",5,3.24316910000851,4.49591193161619,"V",5,3.24316910000851,4.49591193161619,
442,80,"I",5,2.27348102634849,4.50862641594303,"I",5,2.27348102634849,4.50862641594303,
442,81,"#io",5,7.4374051515395,3.91207025148671,"#io",5,7.4374051515395,3.91207025148671,
442,82,"vii",3,7.20787563067529,3.88245695387891,"vii",3,7.20787563067529,3.88245695387891,
442,83,"#io",1,6.73536989608108,5.37387134302661,"#io",1,6.73536989608108,5.37387134302661,
442,84,"#io",1,7.11217055761599,4.25394060589979,"-vo",1,7.20680743175407,4.25394060589979,0.0946368741380761
442,85,"VII",1,6.96016746417094,4.25394060589979,"VII",1,6.44507398362092,4.93822588936241,
442,86,"III",1,4.94929138986516,5.35241960075509,"III",1,4.94929138986516,5.35241960075509,
442,87,"VI",2,5.29057463595965,4.48938756125396,"VI",2,5.29057463595965,4.48938756125396,
442,88,"II",2,4.09933569298607,5.13032405207678,"II",2,4.09933569298607,5.13032405207678,
442,89,"VI",3,4.41383215898672,4.59862581504416,"VI",3,4.41383215898672,4.59862581504416,
,,,,,,,,,,
443,91,"-VI",4,6.51003108819735,4.88113787240782,"-VI",4,6.51003108819735,4.88113787240782,
443,92,"-II",2,5.92704446074321,5.16782341190319,"-II",2,5.92704446074321,5.16782341190319,
443,93,"#io",2,6.98923679378414,5.03211245088812,"#io",2,6.98923679378414,5.03211245088812,
443,94,"vii",1,7.00198763986557,4.25394060589979,"vii",1,7.00198763986557,4.25394060589979,
443,95,"#io",1,6.73536989608108,5.37387134302661,"#io",1,6.73536989608108,5.37387134302661,
443,96,"#io",1,7.11217055761599,4.25394060589979,"-III+",1,7.20680743175407,4.25394060589979,0.0946368741380761
443,97,"V",1,2.60866028002009,4.25394060589979,"V",1,2.05869563907853,4.93170409892669,
443,98,"I",2,5.10819472913343,5.28179427721798,"I",2,5.13275766405657,5.18095281990417,
443,99,"I",2,4.50750976580657,5.45489656882738,"I",2,4.50750976580657,5.45489656882738,
443,100,"iv",3,5.24207069942904,5.35575359877211,"iv",3,5.24207069942904,5.35575359877211,
443,101,"I",4,3.7569489728767,4.6189632082906,"I",4,3.7569489728767,4.6189632082906,
,,,,,,,,,,
444,91,"-VI",4,6.51003108819735,4.88113787240782,"-VI",4,6.51003108819735,4.88113787240782,
444,92,"-II",2,5.92704446074321,5.16782341190319,"-II",2,5.92704446074321,5.16782341190319,
444,93,"#io",2,6.98923679378414,5.03211245088812,"#io",2,6.98923679378414,5.03211245088812,
444,94,"vii",1,7.00198763986557,4.25394060589979,"vii",1,7.00198763986557,4.25394060589979,
444,95,"#io",1,6.73536989608108,5.37387134302661,"#io",1,6.73536989608108,5.37387134302661,
444,96,"#io",1,7.11217055761599,4.25394060589979,"VII+",1,7.20680743175407,4.25394060589979,0.0946368741380761
444,97,"V",1,2.60866028002009,4.25394060589979,"V",1,6.04771666245758,4.93498387789862,
444,98,"I",2,5.10819472913343,5.28179427721798,"I",1,4.8860650492582,5.46956356854853,
444,99,"I",2,4.50750976580657,5.45489656882738,"I",2,4.50750976580657,5.45489656882738,
444,100,"iv",3,5.24207069942904,5.35575359877211,"iv",3,5.24207069942904,5.35575359877211,
444,101,"I",4,3.7569489728767,4.6189632082906,"I",4,3.7569489728767,4.6189632082906,
,,,,,,,,,,
445,91,"-VI",4,6.51003108819735,4.88113787240782,"-VI",4,6.51003108819735,4.88113787240782,
445,92,"-II",2,5.92704446074321,5.16782341190319,"-II",2,5.92704446074321,5.16782341190319,
445,93,"#io",2,6.98923679378414,5.03211245088812,"#io",2,6.98923679378414,5.03211245088812,
445,94,"vii",1,7.00198763986557,4.25394060589979,"vii",1,7.00198763986557,4.25394060589979,
445,95,"#io",1,6.73536989608108,5.37387134302661,"#io",1,6.73536989608108,5.37387134302661,
445,96,"#io",1,7.11217055761599,4.25394060589979,"#IV+",1,7.20680743175407,4.25394060589979,0.0946368741380761
445,97,"V",1,2.60866028002009,4.25394060589979,"V",1,2.99213788222703,5.11636846336849,
445,98,"I",2,5.10819472913343,5.28179427721798,"I",2,5.13275766405657,5.18095281990417,
445,99,"I",2,4.50750976580657,5.45489656882738,"I",2,4.50750976580657,5.45489656882738,
445,100,"iv",3,5.24207069942904,5.35575359877211,"iv",3,5.24207069942904,5.35575359877211,
445,101,"I",4,3.7569489728767,4.6189632082906,"I",4,3.7569489728767,4.6189632082906,
,,,,,,,,,,
446,91,"-VI",4,6.51003108819735,4.88113787240782,"-VI",4,6.51003108819735,4.88113787240782,
446,92,"-II",2,5.92704446074321,5.16782341190319,"-II",2,5.92704446074321,5.16782341190319,
446,93,"#io",2,6.98923679378414,5.03211245088812,"#io",2,6.98923679378414,5.03211245088812,
446,94,"vii",1,7.00198763986557,4.25394060589979,"vii",1,7.00198763986557,4.25394060589979,
446,95,"#io",1,6.73536989608108,5.37387134302661,"#io",1,6.73536989608108,5.37387134302661,
446,96,"#io",1,7.11217055761599,4.25394060589979,"-IV",1,7.20680743175407,4.25394060589979,0.0946368741380761
446,97,"V",1,2.60866028002009,4.25394060589979,"V",1,6.04676814497379,4.93409563295787,
446,98,"I",2,5.10819472913343,5.28179427721798,"I",1,4.8860650492582,5.46956356854853,
446,99,"I",2,4.50750976580657,5.45489656882738,"I",2,4.50750976580657,5.45489656882738,
446,100,"iv",3,5.24207069942904,5.35575359877211,"iv",3,5.24207069942904,5.35575359877211,
446,101,"I",4,3.7569489728767,4.6189632082906,"I",4,3.7569489728767,4.6189632082906,
,,,,,,,,,,
447,91,"-VI",4,6.51003108819735,4.88113787240782,"-VI",4,6.51003108819735,4.88113787240782,
447,92,"-II",2,5.92704446074321,5.16782341190319,"-II",2,5.92704446074321,5.16782341190319,
447,93,"#io",2,6.98923679378414,5.03211245088812,"#io",2,6.98923679378414,5.03211245088812,
447,94,"vii",1,7.00198763986557,4.25394060589979,"vii",1,7.00198763986557,4.25394060589979,
447,95,"#io",1,6.73536989608108,5.37387134302661,"#io",1,6.73536989608108,5.37387134302661,
447,96,"#io",1,7.11217055761599,4.25394060589979,"-VII+",1,7.20680743175407,4.25394060589979,0.0946368741380761
447,97,"V",1,2.60866028002009,4.25394060589979,"V",1,6.04676814497379,4.93409563295787,
447,98,"I",2,5.10819472913343,5.28179427721798,"I",1,4.8860650492582,5.46956356854853,
447,99,"I",2,4.50750976580657,5.45489656882738,"I",2,4.50750976580657,5.45489656882738,
447,100,"iv",3,5.24207069942904,5.35575359877211,"iv",3,5.24207069942904,5.35575359877211,
447,101,"I",4,3.7569489728767,4.6189632082906,"I",4,3.7569489728767,4.6189632082906,
,,,,,,,,,,
448,91,"-VI",4,6.51003108819735,4.88113787240782,"-VI",4,6.51003108819735,4.88113787240782,
448,92,"-II",2,5.92704446074321,5.16782341190319,"-II",2,5.92704446074321,5.16782341190319,
448,93,"#io",2,6.98923679378414,5.03211245088812,"#io",2,6.98923679378414,5.03211245088812,
448,94,"vii",1,7.00198763986557,4.25394060589979,"vii",1,7.00198763986557,4.25394060589979,
448,95,"#io",1,6.73536989608108,5.37387134302661,"#io",1,6.73536989608108,5.37387134302661,
448,96,"#io",1,7.11217055761599,4.25394060589979,"#v",1,7.20680743175407,4.25394060589979,0.0946368741380761
448,97,"V",1,2.60866028002009,4.25394060589979,"V",1,6.0415401223033,5.12072052230688,
448,98,"I",2,5.10819472913343,5.28179427721798,"I",1,4.8860650492582,5.46956356854853,
448,99,"I",2,4.50750976580657,5.45489656882738,"I",2,4.50750976580657,5.45489656882738,
448,100,"iv",3,5.24207069942904,5.35575359877211,"iv",3,5.24207069942904,5.35575359877211,
448,101,"I",4,3.7569489728767,4.6189632082906,"I",4,3.7569489728767,4.6189632082906,
,,,,,,,,,,
449,91,"-VI",4,6.51003108819735,4.88113787240782,"-VI",4,6.51003108819735,4.88113787240782,
449,92,"-II",2,5.92704446074321,5.16782341190319,"-II",2,5.92704446074321,5.16782341190319,
449,93,"#io",2,6.98923679378414,5.03211245088812,"#io",2,6.98923679378414,5.03211245088812,
449,94,"vii",1,7.00198763986557,4.25394060589979,"vii",1,7.00198763986557,4.25394060589979,
449,95,"#io",1,6.73536989608108,5.37387134302661,"#io",1,6.73536989608108,5.37387134302661,
449,96,"#io",1,7.11217055761599,4.25394060589979,"IV+",1,7.20680743175407,4.25394060589979,0.0946368741380761
449,97,"V",1,2.60866028002009,4.25394060589979,"V",1,6.04463169779306,4.93226544587139,
449,98,"I",2,5.10819472913343,5.28179427721798,"I",1,4.8860650492582,5.46956356854853,
449,99,"I",2,4.50750976580657,5.45489656882738,"I",2,4.50750976580657,5.45489656882738,
449,100,"iv",3,5.24207069942904,5.35575359877211,"iv",3,5.24207069942904,5.35575359877211,
449,101,"I",4,3.7569489728767,4.6189632082906,"I",4,3.7569489728767,4.6189632082906,
,,,,,,,,,,
450,91,"-VI",4,6.51003108819735,4.88113787240782,"-VI",4,6.51003108819735,4.88113787240782,
450,92,"-II",2,5.92704446074321,5.16782341190319,"-II",2,5.92704446074321,5.16782341190319,
450,93,"#io",2,6.98923679378414,5.03211245088812,"#io",2,6.98923679378414,5.03211245088812,
450,94,"vii",1,7.00198763986557,4.25394060589979,"vii",1,7.00198763986557,4.25394060589979,
450,95,"#io",1,6.73536989608108,5.37387134302661,"#io",1,6.73536989608108,5.37387134302661,
450,96,"#io",1,7.11217055761599,4.25394060589979,"-vo",1,7.20680743175407,4.25394060589979,0.0946368741380761
450,97,"V",1,2.60866028002009,4.25394060589979,"V",1,6.05079504450888,4.93822588936241,
450,98,"I",2,5.10819472913343,5.28179427721798,"I",1,4.8860650492582,5.46956356854853,
450,99,"I",2,4.50750976580657,5.45489656882738,"I",2,4.50750976580657,5.45489656882738,
450,100,"iv",3,5.24207069942904,5.35575359877211,"iv",3,5.24207069942904,5.35575359877211,
450,101,"I",4,3.7569489728767,4.6189632082906,"I",4,3.7569489728767,4.6189632082906,
,,,,,,,,,,
