"Comparison","Row","Orig_Symbol","Orig_Order","Orig_IC","Orig_Entropy","Swap_Symbol","Swap_Order","Swap_IC","Swap_Entropy","Distance"
1,254,"-III",4,4.55638541785837,4.76452413870758,"-III",4,4.55638541785837,4.76452413870758,
1,255,"v",4,5.55443828709317,4.68886541198983,"v",4,5.55443828709317,4.68886541198983,
1,256,"i",3,4.68238931855097,4.76315576333507,"i",3,4.68238931855097,4.76315576333507,
1,257,"i",3,2.20012427975389,4.75058844020313,"i",3,2.20012427975389,4.75058844020313,
1,258,"i",4,2.63923742179906,4.50136045614911,"i",4,2.63923742179906,4.50136045614911,
1,259,"-VII",5,5.00121262514587,4.32687586173569,"-VI",5,5.00563017119787,4.32687586173569,0.00441754605199662
1,260,"i",4,3.11947334481498,4.60033382052947,"i",4,3.54832697112207,4.73832470588774,
1,261,"i",5,3.18196971200968,4.55728529384678,"i",5,2.15317466466572,4.1702335216979,
1,262,"-VII",5,8.02913243910974,0.745506714725441,"-VII",6,3.0688286047285,4.69310921106744,
1,263,"i",4,3.43847826758058,4.51000026413416,"i",5,4.62469981684579,3.18106114403262,
1,264,"i",5,3.11142084753232,3.98470474815664,"i",4,2.8339597818967,4.41821123654272,
,,,,,,,,,,
2,32,"-VI",4,3.1519248665983,4.93525930453012,"-VI",4,3.1519248665983,4.93525930453012,
2,33,"-III",5,4.64847146892269,4.32936454784696,"-III",5,4.64847146892269,4.32936454784696,
2,34,"-VII",4,4.02594144812147,4.27896965976518,"-VII",4,4.02594144812147,4.27896965976518,
2,35,"-VI",4,4.52949685889774,4.55657237592585,"-VI",4,4.52949685889774,4.55657237592585,
2,36,"-III",4,5.34782483635694,4.04107886767431,"-III",4,5.34782483635694,4.04107886767431,
2,37,"-VI",3,3.94591742943765,5.04228572348436,"V",3,3.95282962790774,5.04228572348436,0.00691219847009394
2,38,"-III",4,1.94202670436402,4.68364315002305,"-III",4,5.51886465625301,4.7421749692023,
2,39,"-VII",5,1.80968973504834,4.01157529774608,"-VII",3,4.3162785506823,4.68107964615698,
2,40,"i",4,3.93429116269542,4.6114661146761,"i",3,4.36227154988722,4.61139016621851,
2,41,"-III",4,2.37549954777273,4.73767303910725,"-III",3,4.23618294473676,5.02705231700415,
2,42,"i",5,4.43438137017677,4.68874625360683,"i",4,4.2146345055176,4.96554254270995,
,,,,,,,,,,
3,76,"-VI",4,3.1519248665983,4.93525930453012,"-VI",4,3.1519248665983,4.93525930453012,
3,77,"-III",5,4.64847146892269,4.32936454784696,"-III",5,4.64847146892269,4.32936454784696,
3,78,"-VII",4,4.02594144812147,4.27896965976518,"-VII",4,4.02594144812147,4.27896965976518,
3,79,"-VI",4,4.52949685889774,4.55657237592585,"-VI",4,4.52949685889774,4.55657237592585,
3,80,"-III",4,5.34782483635694,4.04107886767431,"-III",4,5.34782483635694,4.04107886767431,
3,81,"-VI",3,3.94591742943765,5.04228572348436,"V",3,3.95282962790774,5.04228572348436,0.00691219847009394
3,82,"-III",4,1.94202670436402,4.68364315002305,"-III",4,5.51886465625301,4.7421749692023,
3,83,"-VII",5,1.80968973504834,4.01157529774608,"-VII",3,4.3162785506823,4.68107964615698,
3,84,"i",4,3.93429116269542,4.6114661146761,"i",3,4.36227154988722,4.61139016621851,
3,85,"-III",4,2.37549954777273,4.73767303910725,"-III",3,4.23618294473676,5.02705231700415,
3,86,"i",5,4.43438137017677,4.68874625360683,"i",4,4.2146345055176,4.96554254270995,
,,,,,,,,,,
4,35,"-VI",4,4.52949685889774,4.55657237592585,"-VI",4,4.52949685889774,4.55657237592585,
4,36,"-III",4,5.34782483635694,4.04107886767431,"-III",4,5.34782483635694,4.04107886767431,
4,37,"-VI",3,3.94591742943765,5.04228572348436,"-VI",3,3.94591742943765,5.04228572348436,
4,38,"-III",4,1.94202670436402,4.68364315002305,"-III",4,1.94202670436402,4.68364315002305,
4,39,"-VII",5,1.80968973504834,4.01157529774608,"-VII",5,1.80968973504834,4.01157529774608,
4,40,"i",4,3.93429116269542,4.6114661146761,"I",4,3.9255942752618,4.6114661146761,0.0086968874336133
4,41,"-III",4,2.37549954777273,4.73767303910725,"-III",4,4.48864011333183,4.79814311476625,
4,42,"i",5,4.43438137017677,4.68874625360683,"i",4,5.96132433250548,3.96334989627257,
4,43,"-VI",4,4.10729590952108,4.5631829052558,"-VI",3,5.25810010883444,4.96313505305312,
4,44,"-VII",4,4.0668290389026,4.98461265863688,"-VII",3,4.1427240548906,4.88637235474401,
4,45,"i",3,3.42653275058417,4.8545108754406,"i",3,3.42653275058417,4.8545108754406,
,,,,,,,,,,
5,79,"-VI",4,4.52949685889774,4.55657237592585,"-VI",4,4.52949685889774,4.55657237592585,
5,80,"-III",4,5.34782483635694,4.04107886767431,"-III",4,5.34782483635694,4.04107886767431,
5,81,"-VI",3,3.94591742943765,5.04228572348436,"-VI",3,3.94591742943765,5.04228572348436,
5,82,"-III",4,1.94202670436402,4.68364315002305,"-III",4,1.94202670436402,4.68364315002305,
5,83,"-VII",5,1.80968973504834,4.01157529774608,"-VII",5,1.80968973504834,4.01157529774608,
5,84,"i",4,3.93429116269542,4.6114661146761,"I",4,3.9255942752618,4.6114661146761,0.0086968874336133
5,85,"-III",4,2.37549954777273,4.73767303910725,"-III",4,4.48864011333183,4.79814311476625,
5,86,"i",5,4.43438137017677,4.68874625360683,"i",4,5.96132433250548,3.96334989627257,
5,87,"-VI",4,4.10729590952108,4.5631829052558,"-VI",3,5.25810010883444,4.96313505305312,
5,88,"-VII",4,4.0668290389026,4.98461265863688,"-VII",3,4.1427240548906,4.88637235474401,
5,89,"i",3,3.42653275058417,4.8545108754406,"i",3,3.42653275058417,4.8545108754406,
,,,,,,,,,,
6,254,"-III",4,4.55638541785837,4.76452413870758,"-III",4,4.55638541785837,4.76452413870758,
6,255,"v",4,5.55443828709317,4.68886541198983,"v",4,5.55443828709317,4.68886541198983,
6,256,"i",3,4.68238931855097,4.76315576333507,"i",3,4.68238931855097,4.76315576333507,
6,257,"i",3,2.20012427975389,4.75058844020313,"i",3,2.20012427975389,4.75058844020313,
6,258,"i",4,2.63923742179906,4.50136045614911,"i",4,2.63923742179906,4.50136045614911,
6,259,"-VII",5,5.00121262514587,4.32687586173569,"-III",5,4.98881207767954,4.32687586173569,0.0124005474663349
6,260,"i",4,3.11947334481498,4.60033382052947,"i",4,3.75429806261714,5.06232118923162,
6,261,"i",5,3.18196971200968,4.55728529384678,"i",5,2.66669538278112,4.65691675254484,
6,262,"-VII",5,8.02913243910974,0.745506714725441,"-VII",6,4.47317146111643,4.15000066279889,
6,263,"i",4,3.43847826758058,4.51000026413416,"i",4,3.15597215353051,4.63889443733609,
6,264,"i",5,3.11142084753232,3.98470474815664,"i",5,3.11142084753232,3.98470474815664,
,,,,,,,,,,
7,31,"-VI",5,3.67697989882861,4.76932770500059,"-VI",5,3.67697989882861,4.76932770500059,
7,32,"-VI",4,3.1519248665983,4.93525930453012,"-VI",4,3.1519248665983,4.93525930453012,
7,33,"-III",5,4.64847146892269,4.32936454784696,"-III",5,4.64847146892269,4.32936454784696,
7,34,"-VII",4,4.02594144812147,4.27896965976518,"-VII",4,4.02594144812147,4.27896965976518,
7,35,"-VI",4,4.52949685889774,4.55657237592585,"-VI",4,4.52949685889774,4.55657237592585,
7,36,"-III",4,5.34782483635694,4.04107886767431,"v",4,5.36071903597965,4.04107886767431,0.0128941996227105
7,37,"-VI",3,3.94591742943765,5.04228572348436,"-VI",3,4.64952345887637,5.03006968066828,
7,38,"-III",4,1.94202670436402,4.68364315002305,"-III",3,4.93563579272684,4.92365106492538,
7,39,"-VII",5,1.80968973504834,4.01157529774608,"-VII",3,4.17376575235165,5.05179912278526,
7,40,"i",4,3.93429116269542,4.6114661146761,"i",3,3.62559501197246,5.02915542258722,
7,41,"-III",4,2.37549954777273,4.73767303910725,"-III",4,2.37549954777273,4.73767303910725,
,,,,,,,,,,
8,52,"-VII",4,3.9982827402906,4.88912920176473,"-VII",4,3.9982827402906,4.88912920176473,
8,53,"-III",4,3.60565967991233,4.69745420615242,"-III",4,3.60565967991233,4.69745420615242,
8,54,"-VII",4,2.86283444800316,4.62715582285725,"-VII",4,2.86283444800316,4.62715582285725,
8,55,"-VII",5,4.58884319502583,4.25155255169716,"-VII",5,4.58884319502583,4.25155255169716,
8,56,"-VI",4,2.56788364908116,4.76452413870758,"-VI",4,2.56788364908116,4.76452413870758,
8,57,"-III",5,5.5111122194791,3.99295925394369,"v",5,5.52400641910181,3.99295925394369,0.0128941996227105
8,58,"-VII",3,3.4945804627016,5.04228572348436,"-VII",3,4.35782622717024,5.03006968066828,
8,59,"-VII",4,4.71391432168652,4.60507655535834,"-VII",4,4.99719936786906,4.48301847332784,
8,60,"-VI",3,3.46185799130094,5.12141070046148,"-VI",3,4.87360499888416,5.1210078673091,
8,61,"-III",4,5.21872672453265,4.46386990605744,"-III",3,4.85162105555321,4.92538853216719,
8,62,"-VII",3,3.4945804627016,5.04228572348436,"-VII",3,3.4945804627016,5.04228572348436,
,,,,,,,,,,
9,56,"-VI",4,2.56788364908116,4.76452413870758,"-VI",4,2.56788364908116,4.76452413870758,
9,57,"-III",5,5.5111122194791,3.99295925394369,"-III",5,5.5111122194791,3.99295925394369,
9,58,"-VII",3,3.4945804627016,5.04228572348436,"-VII",3,3.4945804627016,5.04228572348436,
9,59,"-VII",4,4.71391432168652,4.60507655535834,"-VII",4,4.71391432168652,4.60507655535834,
9,60,"-VI",3,3.46185799130094,5.12141070046148,"-VI",3,3.46185799130094,5.12141070046148,
9,61,"-III",4,5.21872672453265,4.46386990605744,"v",4,5.23162092415536,4.46386990605744,0.0128941996227105
9,62,"-VII",3,3.4945804627016,5.04228572348436,"-VII",3,4.35782622717024,5.03006968066828,
9,63,"-III",4,3.96103126885711,4.60507655535834,"-III",4,5.1889936673393,4.48301847332784,
9,64,"-VI",4,2.57506112346702,4.56994911441768,"-VI",3,4.6920742459581,4.47430972702103,
9,65,"-VI",5,3.42008217427573,4.5493928162411,"-VI",3,3.61421229015606,5.13086600886356,
9,66,"-III",5,4.64847146892269,4.32936454784696,"-III",4,4.42084942724546,4.72740161994757,
,,,,,,,,,,
10,75,"-VI",5,3.67697989882861,4.76932770500059,"-VI",5,3.67697989882861,4.76932770500059,
10,76,"-VI",4,3.1519248665983,4.93525930453012,"-VI",4,3.1519248665983,4.93525930453012,
10,77,"-III",5,4.64847146892269,4.32936454784696,"-III",5,4.64847146892269,4.32936454784696,
10,78,"-VII",4,4.02594144812147,4.27896965976518,"-VII",4,4.02594144812147,4.27896965976518,
10,79,"-VI",4,4.52949685889774,4.55657237592585,"-VI",4,4.52949685889774,4.55657237592585,
10,80,"-III",4,5.34782483635694,4.04107886767431,"v",4,5.36071903597965,4.04107886767431,0.0128941996227105
10,81,"-VI",3,3.94591742943765,5.04228572348436,"-VI",3,4.64952345887637,5.03006968066828,
10,82,"-III",4,1.94202670436402,4.68364315002305,"-III",3,4.93563579272684,4.92365106492538,
10,83,"-VII",5,1.80968973504834,4.01157529774608,"-VII",3,4.17376575235165,5.05179912278526,
10,84,"i",4,3.93429116269542,4.6114661146761,"i",3,3.62559501197246,5.02915542258722,
10,85,"-III",4,2.37549954777273,4.73767303910725,"-III",4,2.37549954777273,4.73767303910725,
,,,,,,,,,,
11,96,"-VII",4,3.9982827402906,4.88912920176473,"-VII",4,3.9982827402906,4.88912920176473,
11,97,"-III",4,3.60565967991233,4.69745420615242,"-III",4,3.60565967991233,4.69745420615242,
11,98,"-VII",4,2.86283444800316,4.62715582285725,"-VII",4,2.86283444800316,4.62715582285725,
11,99,"-VII",5,4.58884319502583,4.25155255169716,"-VII",5,4.58884319502583,4.25155255169716,
11,100,"-VI",4,2.56788364908116,4.76452413870758,"-VI",4,2.56788364908116,4.76452413870758,
11,101,"-III",5,5.5111122194791,3.99295925394369,"v",5,5.52400641910181,3.99295925394369,0.0128941996227105
11,102,"-VII",3,3.4945804627016,5.04228572348436,"-VII",3,4.35782622717024,5.03006968066828,
11,103,"-VII",4,4.71391432168652,4.60507655535834,"-VII",4,4.99719936786906,4.48301847332784,
11,104,"-VI",3,3.46185799130094,5.12141070046148,"-VI",3,4.87360499888416,5.1210078673091,
11,105,"-III",4,5.21872672453265,4.46386990605744,"-III",3,4.85162105555321,4.92538853216719,
11,106,"-VII",3,3.4945804627016,5.04228572348436,"-VII",3,3.4945804627016,5.04228572348436,
,,,,,,,,,,
12,100,"-VI",4,2.56788364908116,4.76452413870758,"-VI",4,2.56788364908116,4.76452413870758,
12,101,"-III",5,5.5111122194791,3.99295925394369,"-III",5,5.5111122194791,3.99295925394369,
12,102,"-VII",3,3.4945804627016,5.04228572348436,"-VII",3,3.4945804627016,5.04228572348436,
12,103,"-VII",4,4.71391432168652,4.60507655535834,"-VII",4,4.71391432168652,4.60507655535834,
12,104,"-VI",3,3.46185799130094,5.12141070046148,"-VI",3,3.46185799130094,5.12141070046148,
12,105,"-III",4,5.21872672453265,4.46386990605744,"v",4,5.23162092415536,4.46386990605744,0.0128941996227105
12,106,"-VII",3,3.4945804627016,5.04228572348436,"-VII",3,4.35782622717024,5.03006968066828,
12,107,"-VII",4,4.71391432168652,4.60507655535834,"-VII",4,4.99719936786906,4.48301847332784,
12,108,"-VI",3,3.46185799130094,5.12141070046148,"-VI",3,4.87360499888416,5.1210078673091,
12,109,"-III",4,5.21872672453265,4.46386990605744,"-III",3,4.85162105555321,4.92538853216719,
12,110,"-VII",3,3.4945804627016,5.04228572348436,"-VII",3,3.4945804627016,5.04228572348436,
,,,,,,,,,,
13,104,"-VI",3,3.46185799130094,5.12141070046148,"-VI",3,3.46185799130094,5.12141070046148,
13,105,"-III",4,5.21872672453265,4.46386990605744,"-III",4,5.21872672453265,4.46386990605744,
13,106,"-VII",3,3.4945804627016,5.04228572348436,"-VII",3,3.4945804627016,5.04228572348436,
13,107,"-VII",4,4.71391432168652,4.60507655535834,"-VII",4,4.71391432168652,4.60507655535834,
13,108,"-VI",3,3.46185799130094,5.12141070046148,"-VI",3,3.46185799130094,5.12141070046148,
13,109,"-III",4,5.21872672453265,4.46386990605744,"v",4,5.23162092415536,4.46386990605744,0.0128941996227105
13,110,"-VII",3,3.4945804627016,5.04228572348436,"-VII",3,4.35782622717024,5.03006968066828,
13,111,"-VII",4,4.71391432168652,4.60507655535834,"-VII",4,4.99719936786906,4.48301847332784,
13,112,"-VI",3,3.46185799130094,5.12141070046148,"-VI",3,4.87360499888416,5.1210078673091,
13,113,"-VII",4,3.83529824705115,4.46386990605744,"-VII",3,3.4681925780717,4.92538853216719,
13,114,"-VII",4,3.28323158451251,4.30420252736055,"-VII",4,3.28323158451251,4.30420252736055,
,,,,,,,,,,
14,167,"-VII",4,3.9982827402906,4.88912920176473,"-VII",4,3.9982827402906,4.88912920176473,
14,168,"-III",4,3.60565967991233,4.69745420615242,"-III",4,3.60565967991233,4.69745420615242,
14,169,"-VII",4,2.86283444800316,4.62715582285725,"-VII",4,2.86283444800316,4.62715582285725,
14,170,"-VII",5,4.58884319502583,4.25155255169716,"-VII",5,4.58884319502583,4.25155255169716,
14,171,"-VI",4,2.56788364908116,4.76452413870758,"-VI",4,2.56788364908116,4.76452413870758,
14,172,"-III",5,5.5111122194791,3.99295925394369,"v",5,5.52400641910181,3.99295925394369,0.0128941996227105
14,173,"-VII",3,3.4945804627016,5.04228572348436,"-VII",3,4.35782622717024,5.03006968066828,
14,174,"-VII",4,4.71391432168652,4.60507655535834,"-VII",4,4.99719936786906,4.48301847332784,
14,175,"-VI",3,3.46185799130094,5.12141070046148,"-VI",3,4.87360499888416,5.1210078673091,
14,176,"-III",4,5.21872672453265,4.46386990605744,"-III",3,4.85162105555321,4.92538853216719,
14,177,"-VII",3,3.4945804627016,5.04228572348436,"-VII",3,3.4945804627016,5.04228572348436,
,,,,,,,,,,
15,171,"-VI",4,2.56788364908116,4.76452413870758,"-VI",4,2.56788364908116,4.76452413870758,
15,172,"-III",5,5.5111122194791,3.99295925394369,"-III",5,5.5111122194791,3.99295925394369,
15,173,"-VII",3,3.4945804627016,5.04228572348436,"-VII",3,3.4945804627016,5.04228572348436,
15,174,"-VII",4,4.71391432168652,4.60507655535834,"-VII",4,4.71391432168652,4.60507655535834,
15,175,"-VI",3,3.46185799130094,5.12141070046148,"-VI",3,3.46185799130094,5.12141070046148,
15,176,"-III",4,5.21872672453265,4.46386990605744,"v",4,5.23162092415536,4.46386990605744,0.0128941996227105
15,177,"-VII",3,3.4945804627016,5.04228572348436,"-VII",3,4.35782622717024,5.03006968066828,
15,178,"-VII",4,4.71391432168652,4.60507655535834,"-VII",4,4.99719936786906,4.48301847332784,
15,179,"-VI",3,3.46185799130094,5.12141070046148,"-VI",3,4.87360499888416,5.1210078673091,
15,180,"-III",4,5.21872672453265,4.46386990605744,"-III",3,4.85162105555321,4.92538853216719,
15,181,"-VII",3,3.4945804627016,5.04228572348436,"-VII",3,3.4945804627016,5.04228572348436,
,,,,,,,,,,
16,175,"-VI",3,3.46185799130094,5.12141070046148,"-VI",3,3.46185799130094,5.12141070046148,
16,176,"-III",4,5.21872672453265,4.46386990605744,"-III",4,5.21872672453265,4.46386990605744,
16,177,"-VII",3,3.4945804627016,5.04228572348436,"-VII",3,3.4945804627016,5.04228572348436,
16,178,"-VII",4,4.71391432168652,4.60507655535834,"-VII",4,4.71391432168652,4.60507655535834,
16,179,"-VI",3,3.46185799130094,5.12141070046148,"-VI",3,3.46185799130094,5.12141070046148,
16,180,"-III",4,5.21872672453265,4.46386990605744,"v",4,5.23162092415536,4.46386990605744,0.0128941996227105
16,181,"-VII",3,3.4945804627016,5.04228572348436,"-VII",3,4.35782622717024,5.03006968066828,
16,182,"-VII",4,4.71391432168652,4.60507655535834,"-VII",4,4.99719936786906,4.48301847332784,
16,183,"-VI",3,3.46185799130094,5.12141070046148,"-VI",3,4.87360499888416,5.1210078673091,
16,184,"-VII",4,3.83529824705115,4.46386990605744,"-VII",3,3.4681925780717,4.92538853216719,
16,185,"-VII",4,3.28323158451251,4.30420252736055,"-VII",4,3.28323158451251,4.30420252736055,
,,,,,,,,,,
17,17,"-VII",5,2.75618281044902,4.28194797137029,"-VII",5,2.75618281044902,4.28194797137029,
17,18,"-III",5,5.2471242687252,4.26467243799876,"-III",5,5.2471242687252,4.26467243799876,
17,19,"-VI",3,3.7349604968674,5.11634632220339,"-VI",3,3.7349604968674,5.11634632220339,
17,20,"-VI",4,4.10616148759785,4.2802559297484,"-VI",4,4.10616148759785,4.2802559297484,
17,21,"-III",4,4.42084942724546,4.72740161994757,"-III",4,4.42084942724546,4.72740161994757,
17,22,"-VI",4,5.53157884983658,4.27896965976518,"V",4,5.5464368085637,4.27896965976518,0.0148579587271138
17,23,"-III",3,3.02900895107185,5.1111277858608,"-III",3,5.74134749386419,4.40760884420834,
17,24,"-VI",4,2.68579810692019,4.42335264746911,"-VI",3,5.16780914445498,4.68107964615698,
17,25,"-VI",5,2.00042730409118,4.65344015491997,"-VI",3,4.45506307070661,5.13835902570489,
17,26,"-III",4,4.69718641807133,4.11739221576221,"-III",3,4.15046155848445,5.05941699493703,
17,27,"-VII",4,4.02594144812147,4.27896965976518,"-VII",4,4.02594144812147,4.27896965976518,
,,,,,,,,,,
18,62,"-VII",3,3.4945804627016,5.04228572348436,"-VII",3,3.4945804627016,5.04228572348436,
18,63,"-III",4,3.96103126885711,4.60507655535834,"-III",4,3.96103126885711,4.60507655535834,
18,64,"-VI",4,2.57506112346702,4.56994911441768,"-VI",4,2.57506112346702,4.56994911441768,
18,65,"-VI",5,3.42008217427573,4.5493928162411,"-VI",5,3.42008217427573,4.5493928162411,
18,66,"-III",5,4.64847146892269,4.32936454784696,"-III",5,4.64847146892269,4.32936454784696,
18,67,"-VI",4,5.53157884983658,4.27896965976518,"V",4,5.5464368085637,4.27896965976518,0.0148579587271138
18,68,"-III",3,3.02900895107185,5.1111277858608,"-III",3,5.74134749386419,4.40760884420834,
18,69,"-VI",4,2.68579810692019,4.42335264746911,"-VI",3,5.16780914445498,4.68107964615698,
18,70,"-III",5,3.3199476602964,4.65344015491997,"-III",3,3.07909579882211,5.13835902570489,
18,71,"-VII",5,3.58101001154546,3.90841294675173,"-VII",4,4.25883019038088,4.05148507725068,
18,72,"-III",4,3.96103126885711,4.6114661146761,"-III",4,3.96103126885711,4.6114661146761,
,,,,,,,,,,
19,254,"-III",4,4.55638541785837,4.76452413870758,"-III",4,4.55638541785837,4.76452413870758,
19,255,"v",4,5.55443828709317,4.68886541198983,"v",4,5.55443828709317,4.68886541198983,
19,256,"i",3,4.68238931855097,4.76315576333507,"i",3,4.68238931855097,4.76315576333507,
19,257,"i",3,2.20012427975389,4.75058844020313,"i",3,2.20012427975389,4.75058844020313,
19,258,"i",4,2.63923742179906,4.50136045614911,"i",4,2.63923742179906,4.50136045614911,
19,259,"-VII",5,5.00121262514587,4.32687586173569,"IV",5,5.01820391517368,4.32687586173569,0.0169912900278124
19,260,"i",4,3.11947334481498,4.60033382052947,"i",4,3.13983773223267,4.90890986727403,
19,261,"i",5,3.18196971200968,4.55728529384678,"i",5,2.60906687513313,4.62685500886308,
19,262,"-VII",5,8.02913243910974,0.745506714725441,"-VII",6,4.88068167143093,3.64435227600084,
19,263,"i",4,3.43847826758058,4.51000026413416,"i",4,3.97784049784846,4.12904311431236,
19,264,"i",5,3.11142084753232,3.98470474815664,"i",4,2.8339597818967,4.41821123654272,
,,,,,,,,,,
20,28,"-III",4,3.96103126885711,4.55657237592585,"-III",4,3.96103126885711,4.55657237592585,
20,29,"-VII",4,3.31831006846019,4.56994911441768,"-VII",4,3.31831006846019,4.56994911441768,
20,30,"-III",4,2.48249731300756,4.66083263895549,"-III",4,2.48249731300756,4.66083263895549,
20,31,"-VI",5,3.67697989882861,4.76932770500059,"-VI",5,3.67697989882861,4.76932770500059,
20,32,"-VI",4,3.1519248665983,4.93525930453012,"-VI",4,3.1519248665983,4.93525930453012,
20,33,"-III",5,4.64847146892269,4.32936454784696,"I",5,4.62970963126357,4.32936454784696,0.0187618376591265
20,34,"-VII",4,4.02594144812147,4.27896965976518,"-VII",4,5.77674034633462,4.92110948305387,
20,35,"-VI",4,4.52949685889774,4.55657237592585,"-VI",3,5.24274265930376,4.47765419820229,
20,36,"-III",4,5.34782483635694,4.04107886767431,"-III",3,3.76199955999811,5.05237296360416,
20,37,"-VI",3,3.94591742943765,5.04228572348436,"-VI",4,4.25895674091232,4.51225876294093,
20,38,"-III",4,1.94202670436402,4.68364315002305,"-III",4,1.94202670436402,4.68364315002305,
,,,,,,,,,,
21,61,"-III",4,5.21872672453265,4.46386990605744,"-III",4,5.21872672453265,4.46386990605744,
21,62,"-VII",3,3.4945804627016,5.04228572348436,"-VII",3,3.4945804627016,5.04228572348436,
21,63,"-III",4,3.96103126885711,4.60507655535834,"-III",4,3.96103126885711,4.60507655535834,
21,64,"-VI",4,2.57506112346702,4.56994911441768,"-VI",4,2.57506112346702,4.56994911441768,
21,65,"-VI",5,3.42008217427573,4.5493928162411,"-VI",5,3.42008217427573,4.5493928162411,
21,66,"-III",5,4.64847146892269,4.32936454784696,"I",5,4.62970963126357,4.32936454784696,0.0187618376591265
21,67,"-VI",4,5.53157884983658,4.27896965976518,"-VI",4,6.28785597640741,4.92110948305387,
21,68,"-III",3,3.02900895107185,5.1111277858608,"-III",2,4.56316695365906,5.30807826285854,
21,69,"-VI",4,2.68579810692019,4.42335264746911,"-VI",3,5.13943047893941,4.85655793625725,
21,70,"-III",5,3.3199476602964,4.65344015491997,"-III",3,3.02900895107185,5.1111277858608,
21,71,"-VII",5,3.58101001154546,3.90841294675173,"-VII",4,3.20587680909521,4.42335264746911,
,,,,,,,,,,
22,72,"-III",4,3.96103126885711,4.6114661146761,"-III",4,3.96103126885711,4.6114661146761,
22,73,"-VII",4,3.31831006846019,4.56994911441768,"-VII",4,3.31831006846019,4.56994911441768,
22,74,"-III",4,2.48249731300756,4.66083263895549,"-III",4,2.48249731300756,4.66083263895549,
22,75,"-VI",5,3.67697989882861,4.76932770500059,"-VI",5,3.67697989882861,4.76932770500059,
22,76,"-VI",4,3.1519248665983,4.93525930453012,"-VI",4,3.1519248665983,4.93525930453012,
22,77,"-III",5,4.64847146892269,4.32936454784696,"I",5,4.62970963126357,4.32936454784696,0.0187618376591265
22,78,"-VII",4,4.02594144812147,4.27896965976518,"-VII",4,5.77674034633462,4.92110948305387,
22,79,"-VI",4,4.52949685889774,4.55657237592585,"-VI",3,5.24274265930376,4.47765419820229,
22,80,"-III",4,5.34782483635694,4.04107886767431,"-III",3,3.76199955999811,5.05237296360416,
22,81,"-VI",3,3.94591742943765,5.04228572348436,"-VI",4,4.25895674091232,4.51225876294093,
22,82,"-III",4,1.94202670436402,4.68364315002305,"-III",4,1.94202670436402,4.68364315002305,
,,,,,,,,,,
23,16,"-VI",7,4.02043762634467,3.83909174136002,"-VI",7,4.02043762634467,3.83909174136002,
23,17,"-VII",5,2.75618281044902,4.28194797137029,"-VII",5,2.75618281044902,4.28194797137029,
23,18,"-III",5,5.2471242687252,4.26467243799876,"-III",5,5.2471242687252,4.26467243799876,
23,19,"-VI",3,3.7349604968674,5.11634632220339,"-VI",3,3.7349604968674,5.11634632220339,
23,20,"-VI",4,4.10616148759785,4.2802559297484,"-VI",4,4.10616148759785,4.2802559297484,
23,21,"-III",4,4.42084942724546,4.72740161994757,"I",4,4.40208758958633,4.72740161994757,0.0187618376591274
23,22,"-VI",4,5.53157884983658,4.27896965976518,"-VI",4,6.28785597640741,4.92110948305387,
23,23,"-III",3,3.02900895107185,5.1111277858608,"-III",2,4.56316695365906,5.30807826285854,
23,24,"-VI",4,2.68579810692019,4.42335264746911,"-VI",3,5.13943047893941,4.85655793625725,
23,25,"-VI",5,2.00042730409118,4.65344015491997,"-VI",3,3.60239635400892,5.1111277858608,
23,26,"-III",4,4.69718641807133,4.11739221576221,"-III",4,4.35659035674952,4.74886299519615,
,,,,,,,,,,
24,21,"-III",4,4.42084942724546,4.72740161994757,"-III",4,4.42084942724546,4.72740161994757,
24,22,"-VI",4,5.53157884983658,4.27896965976518,"-VI",4,5.53157884983658,4.27896965976518,
24,23,"-III",3,3.02900895107185,5.1111277858608,"-III",3,3.02900895107185,5.1111277858608,
24,24,"-VI",4,2.68579810692019,4.42335264746911,"-VI",4,2.68579810692019,4.42335264746911,
24,25,"-VI",5,2.00042730409118,4.65344015491997,"-VI",5,2.00042730409118,4.65344015491997,
24,26,"-III",4,4.69718641807133,4.11739221576221,"I",4,4.6784245804122,4.11739221576221,0.0187618376591274
24,27,"-VII",4,4.02594144812147,4.27896965976518,"-VII",4,5.77674034633462,4.92110948305387,
24,28,"-III",4,3.96103126885711,4.55657237592585,"-III",3,4.83144110093236,4.47765419820229,
24,29,"-VII",4,3.31831006846019,4.56994911441768,"-VII",3,4.72774844643981,4.77964589010213,
24,30,"-III",4,2.48249731300756,4.66083263895549,"-III",3,3.38040430969509,4.97308510704854,
24,31,"-VI",5,3.67697989882861,4.76932770500059,"-VI",4,3.84666646642858,4.62715582285725,
,,,,,,,,,,
25,54,"-VII",4,2.86283444800316,4.62715582285725,"-VII",4,2.86283444800316,4.62715582285725,
25,55,"-VII",5,4.58884319502583,4.25155255169716,"-VII",5,4.58884319502583,4.25155255169716,
25,56,"-VI",4,2.56788364908116,4.76452413870758,"-VI",4,2.56788364908116,4.76452413870758,
25,57,"-III",5,5.5111122194791,3.99295925394369,"-III",5,5.5111122194791,3.99295925394369,
25,58,"-VII",3,3.4945804627016,5.04228572348436,"-VII",3,3.4945804627016,5.04228572348436,
25,59,"-VII",4,4.71391432168652,4.60507655535834,"IV",4,4.73942043071079,4.60507655535834,0.0255061090242759
25,60,"-VI",3,3.46185799130094,5.12141070046148,"-VI",3,5.48876280119932,5.0197138509372,
25,61,"-III",4,5.21872672453265,4.46386990605744,"-III",3,3.74544037091341,4.94604295273264,
25,62,"-VII",3,3.4945804627016,5.04228572348436,"-VII",4,4.68515665925388,4.16672024517264,
25,63,"-III",4,3.96103126885711,4.60507655535834,"-III",3,3.65233511813416,5.02915542258722,
25,64,"-VI",4,2.57506112346702,4.56994911441768,"-VI",4,2.57506112346702,4.56994911441768,
,,,,,,,,,,
26,98,"-VII",4,2.86283444800316,4.62715582285725,"-VII",4,2.86283444800316,4.62715582285725,
26,99,"-VII",5,4.58884319502583,4.25155255169716,"-VII",5,4.58884319502583,4.25155255169716,
26,100,"-VI",4,2.56788364908116,4.76452413870758,"-VI",4,2.56788364908116,4.76452413870758,
26,101,"-III",5,5.5111122194791,3.99295925394369,"-III",5,5.5111122194791,3.99295925394369,
26,102,"-VII",3,3.4945804627016,5.04228572348436,"-VII",3,3.4945804627016,5.04228572348436,
26,103,"-VII",4,4.71391432168652,4.60507655535834,"IV",4,4.73942043071079,4.60507655535834,0.0255061090242759
26,104,"-VI",3,3.46185799130094,5.12141070046148,"-VI",3,5.48876280119932,5.0197138509372,
26,105,"-III",4,5.21872672453265,4.46386990605744,"-III",3,3.74544037091341,4.94604295273264,
26,106,"-VII",3,3.4945804627016,5.04228572348436,"-VII",4,4.68515665925388,4.16672024517264,
26,107,"-VII",4,4.71391432168652,4.60507655535834,"-VII",3,4.40521817096356,5.02915542258722,
26,108,"-VI",3,3.46185799130094,5.12141070046148,"-VI",3,3.46185799130094,5.12141070046148,
,,,,,,,,,,
27,102,"-VII",3,3.4945804627016,5.04228572348436,"-VII",3,3.4945804627016,5.04228572348436,
27,103,"-VII",4,4.71391432168652,4.60507655535834,"-VII",4,4.71391432168652,4.60507655535834,
27,104,"-VI",3,3.46185799130094,5.12141070046148,"-VI",3,3.46185799130094,5.12141070046148,
27,105,"-III",4,5.21872672453265,4.46386990605744,"-III",4,5.21872672453265,4.46386990605744,
27,106,"-VII",3,3.4945804627016,5.04228572348436,"-VII",3,3.4945804627016,5.04228572348436,
27,107,"-VII",4,4.71391432168652,4.60507655535834,"IV",4,4.73942043071079,4.60507655535834,0.0255061090242759
27,108,"-VI",3,3.46185799130094,5.12141070046148,"-VI",3,5.48876280119932,5.0197138509372,
27,109,"-III",4,5.21872672453265,4.46386990605744,"-III",3,3.74544037091341,4.94604295273264,
27,110,"-VII",3,3.4945804627016,5.04228572348436,"-VII",4,4.68515665925388,4.16672024517264,
27,111,"-VII",4,4.71391432168652,4.60507655535834,"-VII",3,4.40521817096356,5.02915542258722,
27,112,"-VI",3,3.46185799130094,5.12141070046148,"-VI",3,3.46185799130094,5.12141070046148,
,,,,,,,,,,
28,106,"-VII",3,3.4945804627016,5.04228572348436,"-VII",3,3.4945804627016,5.04228572348436,
28,107,"-VII",4,4.71391432168652,4.60507655535834,"-VII",4,4.71391432168652,4.60507655535834,
28,108,"-VI",3,3.46185799130094,5.12141070046148,"-VI",3,3.46185799130094,5.12141070046148,
28,109,"-III",4,5.21872672453265,4.46386990605744,"-III",4,5.21872672453265,4.46386990605744,
28,110,"-VII",3,3.4945804627016,5.04228572348436,"-VII",3,3.4945804627016,5.04228572348436,
28,111,"-VII",4,4.71391432168652,4.60507655535834,"IV",4,4.73942043071079,4.60507655535834,0.0255061090242759
28,112,"-VI",3,3.46185799130094,5.12141070046148,"-VI",3,5.48876280119932,5.0197138509372,
28,113,"-VII",4,3.83529824705115,4.46386990605744,"-VII",3,3.96965557887145,4.94604295273264,
28,114,"-VII",4,3.28323158451251,4.30420252736055,"-VII",3,4.76692876402503,4.20476577175452,
28,115,"i",5,3.58666385882413,4.58650602158388,"i",3,3.58727319208902,5.12370463869604,
28,116,"-VII",5,1.80077191216465,4.15101695878688,"-VII",4,3.41265220404738,4.62563286514904,
,,,,,,,,,,
29,169,"-VII",4,2.86283444800316,4.62715582285725,"-VII",4,2.86283444800316,4.62715582285725,
29,170,"-VII",5,4.58884319502583,4.25155255169716,"-VII",5,4.58884319502583,4.25155255169716,
29,171,"-VI",4,2.56788364908116,4.76452413870758,"-VI",4,2.56788364908116,4.76452413870758,
29,172,"-III",5,5.5111122194791,3.99295925394369,"-III",5,5.5111122194791,3.99295925394369,
29,173,"-VII",3,3.4945804627016,5.04228572348436,"-VII",3,3.4945804627016,5.04228572348436,
29,174,"-VII",4,4.71391432168652,4.60507655535834,"IV",4,4.73942043071079,4.60507655535834,0.0255061090242759
29,175,"-VI",3,3.46185799130094,5.12141070046148,"-VI",3,5.48876280119932,5.0197138509372,
29,176,"-III",4,5.21872672453265,4.46386990605744,"-III",3,3.74544037091341,4.94604295273264,
29,177,"-VII",3,3.4945804627016,5.04228572348436,"-VII",4,4.68515665925388,4.16672024517264,
29,178,"-VII",4,4.71391432168652,4.60507655535834,"-VII",3,4.40521817096356,5.02915542258722,
29,179,"-VI",3,3.46185799130094,5.12141070046148,"-VI",3,3.46185799130094,5.12141070046148,
,,,,,,,,,,
30,173,"-VII",3,3.4945804627016,5.04228572348436,"-VII",3,3.4945804627016,5.04228572348436,
30,174,"-VII",4,4.71391432168652,4.60507655535834,"-VII",4,4.71391432168652,4.60507655535834,
30,175,"-VI",3,3.46185799130094,5.12141070046148,"-VI",3,3.46185799130094,5.12141070046148,
30,176,"-III",4,5.21872672453265,4.46386990605744,"-III",4,5.21872672453265,4.46386990605744,
30,177,"-VII",3,3.4945804627016,5.04228572348436,"-VII",3,3.4945804627016,5.04228572348436,
30,178,"-VII",4,4.71391432168652,4.60507655535834,"IV",4,4.73942043071079,4.60507655535834,0.0255061090242759
30,179,"-VI",3,3.46185799130094,5.12141070046148,"-VI",3,5.48876280119932,5.0197138509372,
30,180,"-III",4,5.21872672453265,4.46386990605744,"-III",3,3.74544037091341,4.94604295273264,
30,181,"-VII",3,3.4945804627016,5.04228572348436,"-VII",4,4.68515665925388,4.16672024517264,
30,182,"-VII",4,4.71391432168652,4.60507655535834,"-VII",3,4.40521817096356,5.02915542258722,
30,183,"-VI",3,3.46185799130094,5.12141070046148,"-VI",3,3.46185799130094,5.12141070046148,
,,,,,,,,,,
31,177,"-VII",3,3.4945804627016,5.04228572348436,"-VII",3,3.4945804627016,5.04228572348436,
31,178,"-VII",4,4.71391432168652,4.60507655535834,"-VII",4,4.71391432168652,4.60507655535834,
31,179,"-VI",3,3.46185799130094,5.12141070046148,"-VI",3,3.46185799130094,5.12141070046148,
31,180,"-III",4,5.21872672453265,4.46386990605744,"-III",4,5.21872672453265,4.46386990605744,
31,181,"-VII",3,3.4945804627016,5.04228572348436,"-VII",3,3.4945804627016,5.04228572348436,
31,182,"-VII",4,4.71391432168652,4.60507655535834,"IV",4,4.73942043071079,4.60507655535834,0.0255061090242759
31,183,"-VI",3,3.46185799130094,5.12141070046148,"-VI",3,5.48876280119932,5.0197138509372,
31,184,"-VII",4,3.83529824705115,4.46386990605744,"-VII",3,3.96965557887145,4.94604295273264,
31,185,"-VII",4,3.28323158451251,4.30420252736055,"-VII",3,4.76692876402503,4.20476577175452,
31,186,"i",5,3.58666385882413,4.58650602158388,"i",3,3.58727319208902,5.12370463869604,
31,187,"-VII",5,1.80077191216465,4.15101695878688,"-VII",4,3.41265220404738,4.62563286514904,
,,,,,,,,,,
32,35,"-VI",4,4.52949685889774,4.55657237592585,"-VI",4,4.52949685889774,4.55657237592585,
32,36,"-III",4,5.34782483635694,4.04107886767431,"-III",4,5.34782483635694,4.04107886767431,
32,37,"-VI",3,3.94591742943765,5.04228572348436,"-VI",3,3.94591742943765,5.04228572348436,
32,38,"-III",4,1.94202670436402,4.68364315002305,"-III",4,1.94202670436402,4.68364315002305,
32,39,"-VII",5,1.80968973504834,4.01157529774608,"-VII",5,1.80968973504834,4.01157529774608,
32,40,"i",4,3.93429116269542,4.6114661146761,"-III",4,3.96103126885711,4.6114661146761,0.0267401061616961
32,41,"-III",4,2.37549954777273,4.73767303910725,"-III",4,5.04940598901003,4.56994911441768,
32,42,"i",5,4.43438137017677,4.68874625360683,"i",3,4.64951594587841,5.22279744605835,
32,43,"-VI",4,4.10729590952108,4.5631829052558,"-VI",4,5.51907706193869,4.47087214087665,
32,44,"-VII",4,4.0668290389026,4.98461265863688,"-VII",3,4.1427240548906,4.88637235474401,
32,45,"i",3,3.42653275058417,4.8545108754406,"i",3,3.42653275058417,4.8545108754406,
,,,,,,,,,,
33,58,"-VII",3,3.4945804627016,5.04228572348436,"-VII",3,3.4945804627016,5.04228572348436,
33,59,"-VII",4,4.71391432168652,4.60507655535834,"-VII",4,4.71391432168652,4.60507655535834,
33,60,"-VI",3,3.46185799130094,5.12141070046148,"-VI",3,3.46185799130094,5.12141070046148,
33,61,"-III",4,5.21872672453265,4.46386990605744,"-III",4,5.21872672453265,4.46386990605744,
33,62,"-VII",3,3.4945804627016,5.04228572348436,"-VII",3,3.4945804627016,5.04228572348436,
33,63,"-III",4,3.96103126885711,4.60507655535834,"i",4,3.93429116269542,4.60507655535834,0.0267401061616961
33,64,"-VI",4,2.57506112346702,4.56994911441768,"-VI",4,4.3916685703946,4.73767303910725,
33,65,"-VI",5,3.42008217427573,4.5493928162411,"-VI",4,4.03209258472295,4.23155360500995,
33,66,"-III",5,4.64847146892269,4.32936454784696,"-III",4,4.44757272071423,4.55090278180697,
33,67,"-VI",4,5.53157884983658,4.27896965976518,"-VI",4,5.53157884983658,4.3189440419584,
33,68,"-III",3,3.02900895107185,5.1111277858608,"-III",3,3.02900895107185,5.1111277858608,
,,,,,,,,,,
34,67,"-VI",4,5.53157884983658,4.27896965976518,"-VI",4,5.53157884983658,4.27896965976518,
34,68,"-III",3,3.02900895107185,5.1111277858608,"-III",3,3.02900895107185,5.1111277858608,
34,69,"-VI",4,2.68579810692019,4.42335264746911,"-VI",4,2.68579810692019,4.42335264746911,
34,70,"-III",5,3.3199476602964,4.65344015491997,"-III",5,3.3199476602964,4.65344015491997,
34,71,"-VII",5,3.58101001154546,3.90841294675173,"-VII",5,3.58101001154546,3.90841294675173,
34,72,"-III",4,3.96103126885711,4.6114661146761,"i",4,3.93429116269542,4.6114661146761,0.0267401061616961
34,73,"-VII",4,3.31831006846019,4.56994911441768,"-VII",4,4.08748837143072,4.73767303910725,
34,74,"-III",4,2.48249731300756,4.66083263895549,"-III",4,3.33945220790287,4.65644769987756,
34,75,"-VI",5,3.67697989882861,4.76932770500059,"-VI",5,3.94606377447912,4.80580145184759,
34,76,"-VI",4,3.1519248665983,4.93525930453012,"-VI",4,3.91119037527389,4.68274541809804,
34,77,"-III",5,4.64847146892269,4.32936454784696,"-III",4,4.42084942724546,4.72740161994757,
,,,,,,,,,,
35,79,"-VI",4,4.52949685889774,4.55657237592585,"-VI",4,4.52949685889774,4.55657237592585,
35,80,"-III",4,5.34782483635694,4.04107886767431,"-III",4,5.34782483635694,4.04107886767431,
35,81,"-VI",3,3.94591742943765,5.04228572348436,"-VI",3,3.94591742943765,5.04228572348436,
35,82,"-III",4,1.94202670436402,4.68364315002305,"-III",4,1.94202670436402,4.68364315002305,
35,83,"-VII",5,1.80968973504834,4.01157529774608,"-VII",5,1.80968973504834,4.01157529774608,
35,84,"i",4,3.93429116269542,4.6114661146761,"-III",4,3.96103126885711,4.6114661146761,0.0267401061616961
35,85,"-III",4,2.37549954777273,4.73767303910725,"-III",4,5.04940598901003,4.56994911441768,
35,86,"i",5,4.43438137017677,4.68874625360683,"i",3,4.64951594587841,5.22279744605835,
35,87,"-VI",4,4.10729590952108,4.5631829052558,"-VI",4,5.51907706193869,4.47087214087665,
35,88,"-VII",4,4.0668290389026,4.98461265863688,"-VII",3,4.1427240548906,4.88637235474401,
35,89,"i",3,3.42653275058417,4.8545108754406,"i",3,3.42653275058417,4.8545108754406,
,,,,,,,,,,
36,133,"-III",4,4.29176192561028,4.2802559297484,"-III",4,4.29176192561028,4.2802559297484,
36,134,"-III",4,3.31434715414434,3.51039922976043,"-III",4,3.31434715414434,3.51039922976043,
36,135,"-VI",4,2.85859387475156,5.02171380002483,"-VI",4,2.85859387475156,5.02171380002483,
36,136,"-III",5,2.86894945078688,4.7666734426823,"-III",5,2.86894945078688,4.7666734426823,
36,137,"-VII",5,5.94183165279495,1.77872136847317,"-VII",5,5.94183165279495,1.77872136847317,
36,138,"-III",4,3.96103126885711,4.6114661146761,"i",4,3.93429116269542,4.6114661146761,0.0267401061616961
36,139,"-VII",4,3.31831006846019,4.56994911441768,"-VII",4,4.08748837143072,4.73767303910725,
36,140,"-VII",4,4.29698070407611,4.66083263895549,"-VII",4,4.70478226271299,4.65644769987756,
36,141,"-III",4,4.55638541785837,4.76452413870758,"-III",4,4.18932520724191,4.61105231518475,
36,142,"-VII",4,4.0854779857427,4.68886541198983,"-VII",4,4.03379570168935,4.80844990098397,
36,143,"-III",4,3.60565967991233,4.69745420615242,"-III",4,3.60565967991233,4.69745420615242,
,,,,,,,,,,
37,145,"-III",4,3.98844233734013,4.93525930453012,"-III",4,3.98844233734013,4.93525930453012,
37,146,"-III",4,3.31434715414434,3.51039922976043,"-III",4,3.31434715414434,3.51039922976043,
37,147,"-VI",4,2.85859387475156,5.02171380002483,"-VI",4,2.85859387475156,5.02171380002483,
37,148,"-III",5,2.86894945078688,4.7666734426823,"-III",5,2.86894945078688,4.7666734426823,
37,149,"-VII",5,5.94183165279495,1.77872136847317,"-VII",5,5.94183165279495,1.77872136847317,
37,150,"-III",4,3.96103126885711,4.6114661146761,"i",4,3.93429116269542,4.6114661146761,0.0267401061616961
37,151,"-VII",4,3.31831006846019,4.56994911441768,"-VII",4,4.08748837143072,4.73767303910725,
37,152,"-VII",4,4.29698070407611,4.66083263895549,"-VII",4,4.70478226271299,4.65644769987756,
37,153,"-III",4,4.55638541785837,4.76452413870758,"-III",4,4.18932520724191,4.61105231518475,
37,154,"-VII",4,4.0854779857427,4.68886541198983,"-VII",4,4.03379570168935,4.80844990098397,
37,155,"i",4,2.6836015824343,4.69745420615242,"i",4,2.6836015824343,4.69745420615242,
,,,,,,,,,,
38,204,"-III",4,4.29176192561028,4.2802559297484,"-III",4,4.29176192561028,4.2802559297484,
38,205,"-III",4,3.31434715414434,3.51039922976043,"-III",4,3.31434715414434,3.51039922976043,
38,206,"-VI",4,2.85859387475156,5.02171380002483,"-VI",4,2.85859387475156,5.02171380002483,
38,207,"-III",5,2.86894945078688,4.7666734426823,"-III",5,2.86894945078688,4.7666734426823,
38,208,"-VII",5,5.94183165279495,1.77872136847317,"-VII",5,5.94183165279495,1.77872136847317,
38,209,"-III",4,3.96103126885711,4.6114661146761,"i",4,3.93429116269542,4.6114661146761,0.0267401061616961
38,210,"-VII",4,3.31831006846019,4.56994911441768,"-VII",4,4.08748837143072,4.73767303910725,
38,211,"-VII",4,4.29698070407611,4.66083263895549,"-VII",4,4.70478226271299,4.65644769987756,
38,212,"-III",4,4.55638541785837,4.76452413870758,"-III",4,4.18932520724191,4.61105231518475,
38,213,"-VII",4,4.0854779857427,4.68886541198983,"-VII",4,4.03379570168935,4.80844990098397,
38,214,"-III",4,3.60565967991233,4.69745420615242,"-III",4,3.60565967991233,4.69745420615242,
,,,,,,,,,,
39,216,"-III",4,3.98844233734013,4.93525930453012,"-III",4,3.98844233734013,4.93525930453012,
39,217,"-III",4,3.31434715414434,3.51039922976043,"-III",4,3.31434715414434,3.51039922976043,
39,218,"-VI",4,2.85859387475156,5.02171380002483,"-VI",4,2.85859387475156,5.02171380002483,
39,219,"-III",5,2.86894945078688,4.7666734426823,"-III",5,2.86894945078688,4.7666734426823,
39,220,"-VII",5,5.94183165279495,1.77872136847317,"-VII",5,5.94183165279495,1.77872136847317,
39,221,"-III",4,3.96103126885711,4.6114661146761,"i",4,3.93429116269542,4.6114661146761,0.0267401061616961
39,222,"-VII",4,3.31831006846019,4.56994911441768,"-VII",4,4.08748837143072,4.73767303910725,
39,223,"-VII",4,4.29698070407611,4.66083263895549,"-VII",4,4.70478226271299,4.65644769987756,
39,224,"-III",4,4.55638541785837,4.76452413870758,"-III",4,4.18932520724191,4.61105231518475,
39,225,"-VII",4,4.0854779857427,4.68886541198983,"-VII",4,4.03379570168935,4.80844990098397,
39,226,"-III",4,3.60565967991233,4.69745420615242,"-III",4,3.60565967991233,4.69745420615242,
,,,,,,,,,,
40,234,"-III",8,1.61402845756735,4.02574167782912,"-III",8,1.61402845756735,4.02574167782912,
40,235,"-III",5,0.363376931467218,1.77872136847317,"-III",5,0.363376931467218,1.77872136847317,
40,236,"-VI",8,2.91273732659901,3.94359129167833,"-VI",8,2.91273732659901,3.94359129167833,
40,237,"-III",8,1.61402845756735,4.02574167782912,"-III",8,1.61402845756735,4.02574167782912,
40,238,"-VII",5,5.94183165279495,1.77872136847317,"-VII",5,5.94183165279495,1.77872136847317,
40,239,"-III",4,3.96103126885711,4.6114661146761,"i",4,3.93429116269542,4.6114661146761,0.0267401061616961
40,240,"-VII",4,3.31831006846019,4.56994911441768,"-VII",4,4.08748837143072,4.73767303910725,
40,241,"-VII",4,4.29698070407611,4.66083263895549,"-VII",4,4.70478226271299,4.65644769987756,
40,242,"-III",4,4.55638541785837,4.76452413870758,"-III",4,4.18932520724191,4.61105231518475,
40,243,"-VII",4,4.0854779857427,4.68886541198983,"-VII",4,4.03379570168935,4.80844990098397,
40,244,"-III",4,3.60565967991233,4.69745420615242,"-III",4,3.60565967991233,4.69745420615242,
,,,,,,,,,,
41,246,"-III",4,3.98844233734013,4.93525930453012,"-III",4,3.98844233734013,4.93525930453012,
41,247,"-III",4,3.31434715414434,3.51039922976043,"-III",4,3.31434715414434,3.51039922976043,
41,248,"-VI",4,2.85859387475156,5.02171380002483,"-VI",4,2.85859387475156,5.02171380002483,
41,249,"-III",5,2.86894945078688,4.7666734426823,"-III",5,2.86894945078688,4.7666734426823,
41,250,"-VII",5,5.94183165279495,1.77872136847317,"-VII",5,5.94183165279495,1.77872136847317,
41,251,"-III",4,3.96103126885711,4.6114661146761,"i",4,3.93429116269542,4.6114661146761,0.0267401061616961
41,252,"-VII",4,3.31831006846019,4.56994911441768,"-VII",4,4.08748837143072,4.73767303910725,
41,253,"-VII",4,4.29698070407611,4.66083263895549,"-VII",4,4.70478226271299,4.65644769987756,
41,254,"-III",4,4.55638541785837,4.76452413870758,"-III",4,4.18932520724191,4.61105231518475,
41,255,"v",4,5.55443828709317,4.68886541198983,"v",4,5.50275600303982,4.80844990098397,
41,256,"i",3,4.68238931855097,4.76315576333507,"i",3,4.68238931855097,4.76315576333507,
,,,,,,,,,,
42,137,"-VII",5,5.94183165279495,1.77872136847317,"-VII",5,5.94183165279495,1.77872136847317,
42,138,"-III",4,3.96103126885711,4.6114661146761,"-III",4,3.96103126885711,4.6114661146761,
42,139,"-VII",4,3.31831006846019,4.56994911441768,"-VII",4,3.31831006846019,4.56994911441768,
42,140,"-VII",4,4.29698070407611,4.66083263895549,"-VII",4,4.29698070407611,4.66083263895549,
42,141,"-III",4,4.55638541785837,4.76452413870758,"-III",4,4.55638541785837,4.76452413870758,
42,142,"-VII",4,4.0854779857427,4.68886541198983,"-VI",4,4.05581850624024,4.68886541198983,0.0296594795024543
42,143,"-III",4,3.60565967991233,4.69745420615242,"-III",4,2.79475937066211,4.81097762940188,
42,144,"-VI",4,3.84666646642858,4.62715582285725,"-VI",4,0.693096947939726,2.7631753248474,
42,145,"-III",4,3.98844233734013,4.93525930453012,"-III",5,1.00845022896288,3.62183718340178,
42,146,"-III",4,3.31434715414434,3.51039922976043,"-III",7,1.34992682280091,3.59299323677321,
42,147,"-VI",4,2.85859387475156,5.02171380002483,"-VI",7,3.50008641348807,4.17284741521776,
,,,,,,,,,,
43,149,"-VII",5,5.94183165279495,1.77872136847317,"-VII",5,5.94183165279495,1.77872136847317,
43,150,"-III",4,3.96103126885711,4.6114661146761,"-III",4,3.96103126885711,4.6114661146761,
43,151,"-VII",4,3.31831006846019,4.56994911441768,"-VII",4,3.31831006846019,4.56994911441768,
43,152,"-VII",4,4.29698070407611,4.66083263895549,"-VII",4,4.29698070407611,4.66083263895549,
43,153,"-III",4,4.55638541785837,4.76452413870758,"-III",4,4.55638541785837,4.76452413870758,
43,154,"-VII",4,4.0854779857427,4.68886541198983,"-VI",4,4.05581850624024,4.68886541198983,0.0296594795024543
43,155,"i",4,2.6836015824343,4.69745420615242,"i",4,5.6649864902898,4.81097762940188,
43,156,"-III",5,4.70240822530043,4.4707268564179,"-III",3,4.77888607112473,4.91896549977239,
43,157,"i",4,4.2146345055176,4.96554254270995,"i",3,3.97918968488563,5.22165725360946,
43,158,"-VI",4,4.10729590952108,4.5631829052558,"-VI",4,1.92394064161067,4.56860759304996,
43,159,"-VII",4,4.0668290389026,4.98461265863688,"-VII",5,4.41174114453193,4.40989391133902,
,,,,,,,,,,
44,208,"-VII",5,5.94183165279495,1.77872136847317,"-VII",5,5.94183165279495,1.77872136847317,
44,209,"-III",4,3.96103126885711,4.6114661146761,"-III",4,3.96103126885711,4.6114661146761,
44,210,"-VII",4,3.31831006846019,4.56994911441768,"-VII",4,3.31831006846019,4.56994911441768,
44,211,"-VII",4,4.29698070407611,4.66083263895549,"-VII",4,4.29698070407611,4.66083263895549,
44,212,"-III",4,4.55638541785837,4.76452413870758,"-III",4,4.55638541785837,4.76452413870758,
44,213,"-VII",4,4.0854779857427,4.68886541198983,"-VI",4,4.05581850624024,4.68886541198983,0.0296594795024543
44,214,"-III",4,3.60565967991233,4.69745420615242,"-III",4,2.79475937066211,4.81097762940188,
44,215,"-VI",4,3.84666646642858,4.62715582285725,"-VI",4,0.693096947939726,2.7631753248474,
44,216,"-III",4,3.98844233734013,4.93525930453012,"-III",5,1.00845022896288,3.62183718340178,
44,217,"-III",4,3.31434715414434,3.51039922976043,"-III",7,1.34992682280091,3.59299323677321,
44,218,"-VI",4,2.85859387475156,5.02171380002483,"-VI",7,3.50008641348807,4.17284741521776,
,,,,,,,,,,
45,220,"-VII",5,5.94183165279495,1.77872136847317,"-VII",5,5.94183165279495,1.77872136847317,
45,221,"-III",4,3.96103126885711,4.6114661146761,"-III",4,3.96103126885711,4.6114661146761,
45,222,"-VII",4,3.31831006846019,4.56994911441768,"-VII",4,3.31831006846019,4.56994911441768,
45,223,"-VII",4,4.29698070407611,4.66083263895549,"-VII",4,4.29698070407611,4.66083263895549,
45,224,"-III",4,4.55638541785837,4.76452413870758,"-III",4,4.55638541785837,4.76452413870758,
45,225,"-VII",4,4.0854779857427,4.68886541198983,"-VI",4,4.05581850624024,4.68886541198983,0.0296594795024543
45,226,"-III",4,3.60565967991233,4.69745420615242,"-III",4,2.79475937066211,4.81097762940188,
45,227,"-VI",4,3.84666646642858,4.62715582285725,"-VI",4,0.693096947939726,2.7631753248474,
45,228,"-III",4,3.98844233734013,4.93525930453012,"-III",5,1.00845022896288,3.62183718340178,
45,229,"-III",4,3.31434715414434,3.51039922976043,"-III",7,1.34992682280091,3.59299323677321,
45,230,"-VI",4,2.85859387475156,5.02171380002483,"-VI",7,3.50008641348807,4.17284741521776,
,,,,,,,,,,
46,238,"-VII",5,5.94183165279495,1.77872136847317,"-VII",5,5.94183165279495,1.77872136847317,
46,239,"-III",4,3.96103126885711,4.6114661146761,"-III",4,3.96103126885711,4.6114661146761,
46,240,"-VII",4,3.31831006846019,4.56994911441768,"-VII",4,3.31831006846019,4.56994911441768,
46,241,"-VII",4,4.29698070407611,4.66083263895549,"-VII",4,4.29698070407611,4.66083263895549,
46,242,"-III",4,4.55638541785837,4.76452413870758,"-III",4,4.55638541785837,4.76452413870758,
46,243,"-VII",4,4.0854779857427,4.68886541198983,"-VI",4,4.05581850624024,4.68886541198983,0.0296594795024543
46,244,"-III",4,3.60565967991233,4.69745420615242,"-III",4,2.79475937066211,4.81097762940188,
46,245,"-VI",4,3.84666646642858,4.62715582285725,"-VI",4,0.693096947939726,2.7631753248474,
46,246,"-III",4,3.98844233734013,4.93525930453012,"-III",5,1.00845022896288,3.62183718340178,
46,247,"-III",4,3.31434715414434,3.51039922976043,"-III",7,1.34992682280091,3.59299323677321,
46,248,"-VI",4,2.85859387475156,5.02171380002483,"-VI",7,3.50008641348807,4.17284741521776,
,,,,,,,,,,
47,23,"-III",3,3.02900895107185,5.1111277858608,"-III",3,3.02900895107185,5.1111277858608,
47,24,"-VI",4,2.68579810692019,4.42335264746911,"-VI",4,2.68579810692019,4.42335264746911,
47,25,"-VI",5,2.00042730409118,4.65344015491997,"-VI",5,2.00042730409118,4.65344015491997,
47,26,"-III",4,4.69718641807133,4.11739221576221,"-III",4,4.69718641807133,4.11739221576221,
47,27,"-VII",4,4.02594144812147,4.27896965976518,"-VII",4,4.02594144812147,4.27896965976518,
47,28,"-III",4,3.96103126885711,4.55657237592585,"I",4,3.9255942752618,4.55657237592585,0.0354369935953094
47,29,"-VII",4,3.31831006846019,4.56994911441768,"-VII",4,4.33200602115754,4.79814311476625,
47,30,"-III",4,2.48249731300756,4.66083263895549,"-III",4,4.79992788043879,4.05684706163102,
47,31,"-VI",5,3.67697989882861,4.76932770500059,"-VI",4,3.08375206849982,4.13175310314765,
47,32,"-VI",4,3.1519248665983,4.93525930453012,"-VI",4,2.86157925151627,4.64920139789028,
47,33,"-III",5,4.64847146892269,4.32936454784696,"-III",5,4.64847146892269,4.32936454784696,
,,,,,,,,,,
48,58,"-VII",3,3.4945804627016,5.04228572348436,"-VII",3,3.4945804627016,5.04228572348436,
48,59,"-VII",4,4.71391432168652,4.60507655535834,"-VII",4,4.71391432168652,4.60507655535834,
48,60,"-VI",3,3.46185799130094,5.12141070046148,"-VI",3,3.46185799130094,5.12141070046148,
48,61,"-III",4,5.21872672453265,4.46386990605744,"-III",4,5.21872672453265,4.46386990605744,
48,62,"-VII",3,3.4945804627016,5.04228572348436,"-VII",3,3.4945804627016,5.04228572348436,
48,63,"-III",4,3.96103126885711,4.60507655535834,"I",4,3.9255942752618,4.60507655535834,0.0354369935953094
48,64,"-VI",4,2.57506112346702,4.56994911441768,"-VI",4,3.41516689727949,4.79814311476625,
48,65,"-VI",5,3.42008217427573,4.5493928162411,"-VI",4,5.95577268356018,2.33460985042425,
48,66,"-III",5,4.64847146892269,4.32936454784696,"-III",4,4.83439219367928,4.3874315146573,
48,67,"-VI",4,5.53157884983658,4.27896965976518,"-VI",3,5.31988982281553,4.55915615562559,
48,68,"-III",3,3.02900895107185,5.1111277858608,"-III",3,3.02900895107185,5.1111277858608,
,,,,,,,,,,
49,67,"-VI",4,5.53157884983658,4.27896965976518,"-VI",4,5.53157884983658,4.27896965976518,
49,68,"-III",3,3.02900895107185,5.1111277858608,"-III",3,3.02900895107185,5.1111277858608,
49,69,"-VI",4,2.68579810692019,4.42335264746911,"-VI",4,2.68579810692019,4.42335264746911,
49,70,"-III",5,3.3199476602964,4.65344015491997,"-III",5,3.3199476602964,4.65344015491997,
49,71,"-VII",5,3.58101001154546,3.90841294675173,"-VII",5,3.58101001154546,3.90841294675173,
49,72,"-III",4,3.96103126885711,4.6114661146761,"I",4,3.9255942752618,4.6114661146761,0.0354369935953094
49,73,"-VII",4,3.31831006846019,4.56994911441768,"-VII",4,4.33200602115754,4.79814311476625,
49,74,"-III",4,2.48249731300756,4.66083263895549,"-III",4,4.79992788043879,4.05684706163102,
49,75,"-VI",5,3.67697989882861,4.76932770500059,"-VI",4,3.08375206849982,4.13175310314765,
49,76,"-VI",4,3.1519248665983,4.93525930453012,"-VI",4,2.86157925151627,4.64920139789028,
49,77,"-III",5,4.64847146892269,4.32936454784696,"-III",5,4.64847146892269,4.32936454784696,
,,,,,,,,,,
50,133,"-III",4,4.29176192561028,4.2802559297484,"-III",4,4.29176192561028,4.2802559297484,
50,134,"-III",4,3.31434715414434,3.51039922976043,"-III",4,3.31434715414434,3.51039922976043,
50,135,"-VI",4,2.85859387475156,5.02171380002483,"-VI",4,2.85859387475156,5.02171380002483,
50,136,"-III",5,2.86894945078688,4.7666734426823,"-III",5,2.86894945078688,4.7666734426823,
50,137,"-VII",5,5.94183165279495,1.77872136847317,"-VII",5,5.94183165279495,1.77872136847317,
50,138,"-III",4,3.96103126885711,4.6114661146761,"I",4,3.9255942752618,4.6114661146761,0.0354369935953094
50,139,"-VII",4,3.31831006846019,4.56994911441768,"-VII",4,4.33200602115754,4.79814311476625,
50,140,"-VII",4,4.29698070407611,4.66083263895549,"-VII",4,3.97191313934068,4.05684706163102,
50,141,"-III",4,4.55638541785837,4.76452413870758,"-III",4,4.85663834807945,4.51299082254617,
50,142,"-VII",4,4.0854779857427,4.68886541198983,"-VII",4,4.0854779857427,4.67221804436688,
50,143,"-III",4,3.60565967991233,4.69745420615242,"-III",4,3.60565967991233,4.69745420615242,
,,,,,,,,,,
51,145,"-III",4,3.98844233734013,4.93525930453012,"-III",4,3.98844233734013,4.93525930453012,
51,146,"-III",4,3.31434715414434,3.51039922976043,"-III",4,3.31434715414434,3.51039922976043,
51,147,"-VI",4,2.85859387475156,5.02171380002483,"-VI",4,2.85859387475156,5.02171380002483,
51,148,"-III",5,2.86894945078688,4.7666734426823,"-III",5,2.86894945078688,4.7666734426823,
51,149,"-VII",5,5.94183165279495,1.77872136847317,"-VII",5,5.94183165279495,1.77872136847317,
51,150,"-III",4,3.96103126885711,4.6114661146761,"I",4,3.9255942752618,4.6114661146761,0.0354369935953094
51,151,"-VII",4,3.31831006846019,4.56994911441768,"-VII",4,4.33200602115754,4.79814311476625,
51,152,"-VII",4,4.29698070407611,4.66083263895549,"-VII",4,3.97191313934068,4.05684706163102,
51,153,"-III",4,4.55638541785837,4.76452413870758,"-III",4,4.85663834807945,4.51299082254617,
51,154,"-VII",4,4.0854779857427,4.68886541198983,"-VII",4,4.0854779857427,4.67221804436688,
51,155,"i",4,2.6836015824343,4.69745420615242,"i",4,2.6836015824343,4.69745420615242,
,,,,,,,,,,
52,204,"-III",4,4.29176192561028,4.2802559297484,"-III",4,4.29176192561028,4.2802559297484,
52,205,"-III",4,3.31434715414434,3.51039922976043,"-III",4,3.31434715414434,3.51039922976043,
52,206,"-VI",4,2.85859387475156,5.02171380002483,"-VI",4,2.85859387475156,5.02171380002483,
52,207,"-III",5,2.86894945078688,4.7666734426823,"-III",5,2.86894945078688,4.7666734426823,
52,208,"-VII",5,5.94183165279495,1.77872136847317,"-VII",5,5.94183165279495,1.77872136847317,
52,209,"-III",4,3.96103126885711,4.6114661146761,"I",4,3.9255942752618,4.6114661146761,0.0354369935953094
52,210,"-VII",4,3.31831006846019,4.56994911441768,"-VII",4,4.33200602115754,4.79814311476625,
52,211,"-VII",4,4.29698070407611,4.66083263895549,"-VII",4,3.97191313934068,4.05684706163102,
52,212,"-III",4,4.55638541785837,4.76452413870758,"-III",4,4.85663834807945,4.51299082254617,
52,213,"-VII",4,4.0854779857427,4.68886541198983,"-VII",4,4.0854779857427,4.67221804436688,
52,214,"-III",4,3.60565967991233,4.69745420615242,"-III",4,3.60565967991233,4.69745420615242,
,,,,,,,,,,
53,216,"-III",4,3.98844233734013,4.93525930453012,"-III",4,3.98844233734013,4.93525930453012,
53,217,"-III",4,3.31434715414434,3.51039922976043,"-III",4,3.31434715414434,3.51039922976043,
53,218,"-VI",4,2.85859387475156,5.02171380002483,"-VI",4,2.85859387475156,5.02171380002483,
53,219,"-III",5,2.86894945078688,4.7666734426823,"-III",5,2.86894945078688,4.7666734426823,
53,220,"-VII",5,5.94183165279495,1.77872136847317,"-VII",5,5.94183165279495,1.77872136847317,
53,221,"-III",4,3.96103126885711,4.6114661146761,"I",4,3.9255942752618,4.6114661146761,0.0354369935953094
53,222,"-VII",4,3.31831006846019,4.56994911441768,"-VII",4,4.33200602115754,4.79814311476625,
53,223,"-VII",4,4.29698070407611,4.66083263895549,"-VII",4,3.97191313934068,4.05684706163102,
53,224,"-III",4,4.55638541785837,4.76452413870758,"-III",4,4.85663834807945,4.51299082254617,
53,225,"-VII",4,4.0854779857427,4.68886541198983,"-VII",4,4.0854779857427,4.67221804436688,
53,226,"-III",4,3.60565967991233,4.69745420615242,"-III",4,3.60565967991233,4.69745420615242,
,,,,,,,,,,
54,234,"-III",8,1.61402845756735,4.02574167782912,"-III",8,1.61402845756735,4.02574167782912,
54,235,"-III",5,0.363376931467218,1.77872136847317,"-III",5,0.363376931467218,1.77872136847317,
54,236,"-VI",8,2.91273732659901,3.94359129167833,"-VI",8,2.91273732659901,3.94359129167833,
54,237,"-III",8,1.61402845756735,4.02574167782912,"-III",8,1.61402845756735,4.02574167782912,
54,238,"-VII",5,5.94183165279495,1.77872136847317,"-VII",5,5.94183165279495,1.77872136847317,
54,239,"-III",4,3.96103126885711,4.6114661146761,"I",4,3.9255942752618,4.6114661146761,0.0354369935953094
54,240,"-VII",4,3.31831006846019,4.56994911441768,"-VII",4,4.33200602115754,4.79814311476625,
54,241,"-VII",4,4.29698070407611,4.66083263895549,"-VII",4,3.97191313934068,4.05684706163102,
54,242,"-III",4,4.55638541785837,4.76452413870758,"-III",4,4.85663834807945,4.51299082254617,
54,243,"-VII",4,4.0854779857427,4.68886541198983,"-VII",4,4.0854779857427,4.67221804436688,
54,244,"-III",4,3.60565967991233,4.69745420615242,"-III",4,3.60565967991233,4.69745420615242,
,,,,,,,,,,
55,246,"-III",4,3.98844233734013,4.93525930453012,"-III",4,3.98844233734013,4.93525930453012,
55,247,"-III",4,3.31434715414434,3.51039922976043,"-III",4,3.31434715414434,3.51039922976043,
55,248,"-VI",4,2.85859387475156,5.02171380002483,"-VI",4,2.85859387475156,5.02171380002483,
55,249,"-III",5,2.86894945078688,4.7666734426823,"-III",5,2.86894945078688,4.7666734426823,
55,250,"-VII",5,5.94183165279495,1.77872136847317,"-VII",5,5.94183165279495,1.77872136847317,
55,251,"-III",4,3.96103126885711,4.6114661146761,"I",4,3.9255942752618,4.6114661146761,0.0354369935953094
55,252,"-VII",4,3.31831006846019,4.56994911441768,"-VII",4,4.33200602115754,4.79814311476625,
55,253,"-VII",4,4.29698070407611,4.66083263895549,"-VII",4,3.97191313934068,4.05684706163102,
55,254,"-III",4,4.55638541785837,4.76452413870758,"-III",4,4.85663834807945,4.51299082254617,
55,255,"v",4,5.55443828709317,4.68886541198983,"v",4,5.55443828709317,4.67221804436688,
55,256,"i",3,4.68238931855097,4.76315576333507,"i",3,4.68238931855097,4.76315576333507,
,,,,,,,,,,
56,7,"-VII",5,2.99352400785256,4.91292545951447,"-VII",5,2.99352400785256,4.91292545951447,
56,8,"-VI",6,4.13997896844856,3.67023253328513,"-VI",6,4.13997896844856,3.67023253328513,
56,9,"-VII",5,2.75618281044902,4.28194797137029,"-VII",5,2.75618281044902,4.28194797137029,
56,10,"i",5,3.55200347474171,4.26467243799876,"i",5,3.55200347474171,4.26467243799876,
56,11,"-VII",5,3.50981948910049,4.36103455496089,"-VII",5,3.50981948910049,4.36103455496089,
56,12,"i",5,2.26350202901434,4.36170431799828,"-VI",5,2.30591092433786,4.36170431799828,0.0424088953235167
56,13,"-VII",5,0.311122020820294,1.60974912641932,"-VII",6,3.23166222949958,4.95434347119222,
56,14,"-VI",7,4.01973897077091,4.021933487908,"-VI",7,4.04787148273576,3.78611170319514,
56,15,"-VII",6,2.55077844538489,4.65860430950338,"-VII",5,2.75618281044902,4.28194797137029,
56,16,"-VI",7,4.02043762634467,3.83909174136002,"-VI",5,2.64845887260513,4.26467243799876,
56,17,"-VII",5,2.75618281044902,4.28194797137029,"-VII",6,0.912880808068349,3.1423240041019,
,,,,,,,,,,
57,120,"-VII",6,2.55077844538489,4.65860430950338,"-VII",6,2.55077844538489,4.65860430950338,
57,121,"-VI",7,4.02043762634467,3.83909174136002,"-VI",7,4.02043762634467,3.83909174136002,
57,122,"-VII",5,2.75618281044902,4.28194797137029,"-VII",5,2.75618281044902,4.28194797137029,
57,123,"i",5,3.55200347474171,4.26467243799876,"i",5,3.55200347474171,4.26467243799876,
57,124,"-VII",5,3.50981948910049,4.36103455496089,"-VII",5,3.50981948910049,4.36103455496089,
57,125,"i",5,2.26350202901434,4.36170431799828,"-VI",5,2.30591092433786,4.36170431799828,0.0424088953235167
57,126,"-VII",5,0.311122020820294,1.60974912641932,"-VII",6,3.23166222949958,4.95434347119222,
57,127,"-VI",7,4.01973897077091,4.021933487908,"-VI",7,4.04787148273576,3.78611170319514,
57,128,"-VII",6,2.55077844538489,4.65860430950338,"-VII",5,2.75618281044902,4.28194797137029,
57,129,"-VI",7,4.02043762634467,3.83909174136002,"-VI",5,2.64845887260513,4.26467243799876,
57,130,"-VII",5,2.75618281044902,4.28194797137029,"-VII",6,0.912880808068349,3.1423240041019,
,,,,,,,,,,
58,191,"-VII",6,2.55077844538489,4.65860430950338,"-VII",6,2.55077844538489,4.65860430950338,
58,192,"-VI",7,4.02043762634467,3.83909174136002,"-VI",7,4.02043762634467,3.83909174136002,
58,193,"-VII",5,2.75618281044902,4.28194797137029,"-VII",5,2.75618281044902,4.28194797137029,
58,194,"i",5,3.55200347474171,4.26467243799876,"i",5,3.55200347474171,4.26467243799876,
58,195,"-VII",5,3.50981948910049,4.36103455496089,"-VII",5,3.50981948910049,4.36103455496089,
58,196,"i",5,2.26350202901434,4.36170431799828,"-VI",5,2.30591092433786,4.36170431799828,0.0424088953235167
58,197,"-VII",5,0.311122020820294,1.60974912641932,"-VII",6,3.23166222949958,4.95434347119222,
58,198,"-VI",7,4.01973897077091,4.021933487908,"-VI",7,4.04787148273576,3.78611170319514,
58,199,"-VII",6,2.55077844538489,4.65860430950338,"-VII",5,2.75618281044902,4.28194797137029,
58,200,"-VI",7,4.02043762634467,3.83909174136002,"-VI",5,2.64845887260513,4.26467243799876,
58,201,"-VII",5,2.75618281044902,4.28194797137029,"-VII",6,0.912880808068349,3.1423240041019,
,,,,,,,,,,
59,255,"v",4,5.55443828709317,4.68886541198983,"v",4,5.55443828709317,4.68886541198983,
59,256,"i",3,4.68238931855097,4.76315576333507,"i",3,4.68238931855097,4.76315576333507,
59,257,"i",3,2.20012427975389,4.75058844020313,"i",3,2.20012427975389,4.75058844020313,
59,258,"i",4,2.63923742179906,4.50136045614911,"i",4,2.63923742179906,4.50136045614911,
59,259,"-VII",5,5.00121262514587,4.32687586173569,"-VII",5,5.00121262514587,4.32687586173569,
59,260,"i",4,3.11947334481498,4.60033382052947,"IV",4,3.1633701599712,4.60033382052947,0.0438968151562156
59,261,"i",5,3.18196971200968,4.55728529384678,"i",5,3.80764325226498,4.89653331647613,
59,262,"-VII",5,8.02913243910974,0.745506714725441,"-VII",5,5.38070701188536,1.91039730768914,
59,263,"i",4,3.43847826758058,4.51000026413416,"i",5,4.25404494643341,4.27319868533719,
59,264,"i",5,3.11142084753232,3.98470474815664,"i",4,3.65854831421781,4.14903431063113,
59,265,"-VII",5,5.37779588642172,3.3039323523317,"-VII",4,4.69435701852293,4.53494969223075,
,,,,,,,,,,
60,45,"i",3,3.42653275058417,4.8545108754406,"i",3,3.42653275058417,4.8545108754406,
60,46,"-III",4,4.27990818803212,4.61948593488344,"-III",4,4.27990818803212,4.61948593488344,
60,47,"i",5,4.56811938394551,4.40140145836963,"i",5,4.56811938394551,4.40140145836963,
60,48,"-VI",4,4.10729590952108,4.5631829052558,"-VI",4,4.10729590952108,4.5631829052558,
60,49,"-VII",4,4.0668290389026,4.98461265863688,"-VII",4,4.0668290389026,4.98461265863688,
60,50,"-VII",3,4.00142195789076,4.8545108754406,"iv",3,4.0543506932298,4.8545108754406,0.0529287353390391
60,51,"-III",4,4.77900232711416,4.94600922501222,"-III",4,4.26820654063521,5.07263754248766,
60,52,"-VII",4,3.9982827402906,4.88912920176473,"-VII",4,4.13286324003867,4.16428751349376,
60,53,"-III",4,3.60565967991233,4.69745420615242,"-III",4,4.15440734813361,4.22060005353263,
60,54,"-VII",4,2.86283444800316,4.62715582285725,"-VII",4,3.3561250263912,4.45850364084356,
60,55,"-VII",5,4.58884319502583,4.25155255169716,"-VII",4,4.29698070407611,4.66083263895549,
,,,,,,,,,,
61,89,"i",3,3.42653275058417,4.8545108754406,"i",3,3.42653275058417,4.8545108754406,
61,90,"-III",4,4.27990818803212,4.61948593488344,"-III",4,4.27990818803212,4.61948593488344,
61,91,"i",5,4.56811938394551,4.40140145836963,"i",5,4.56811938394551,4.40140145836963,
61,92,"-VI",4,4.10729590952108,4.5631829052558,"-VI",4,4.10729590952108,4.5631829052558,
61,93,"-VII",4,4.0668290389026,4.98461265863688,"-VII",4,4.0668290389026,4.98461265863688,
61,94,"-VII",3,4.00142195789076,4.8545108754406,"iv",3,4.0543506932298,4.8545108754406,0.0529287353390391
61,95,"-III",4,4.77900232711416,4.94600922501222,"-III",4,4.26820654063521,5.07263754248766,
61,96,"-VII",4,3.9982827402906,4.88912920176473,"-VII",4,4.13286324003867,4.16428751349376,
61,97,"-III",4,3.60565967991233,4.69745420615242,"-III",4,4.15440734813361,4.22060005353263,
61,98,"-VII",4,2.86283444800316,4.62715582285725,"-VII",4,3.3561250263912,4.45850364084356,
61,99,"-VII",5,4.58884319502583,4.25155255169716,"-VII",4,4.29698070407611,4.66083263895549,
,,,,,,,,,,
62,160,"i",3,3.42653275058417,4.8545108754406,"i",3,3.42653275058417,4.8545108754406,
62,161,"-III",4,4.27990818803212,4.61948593488344,"-III",4,4.27990818803212,4.61948593488344,
62,162,"i",5,4.56811938394551,4.40140145836963,"i",5,4.56811938394551,4.40140145836963,
62,163,"-VI",4,4.10729590952108,4.5631829052558,"-VI",4,4.10729590952108,4.5631829052558,
62,164,"-VII",4,4.0668290389026,4.98461265863688,"-VII",4,4.0668290389026,4.98461265863688,
62,165,"-VII",3,4.00142195789076,4.8545108754406,"iv",3,4.0543506932298,4.8545108754406,0.0529287353390391
62,166,"-III",4,4.77900232711416,4.94600922501222,"-III",4,4.26820654063521,5.07263754248766,
62,167,"-VII",4,3.9982827402906,4.88912920176473,"-VII",4,4.13286324003867,4.16428751349376,
62,168,"-III",4,3.60565967991233,4.69745420615242,"-III",4,4.15440734813361,4.22060005353263,
62,169,"-VII",4,2.86283444800316,4.62715582285725,"-VII",4,3.3561250263912,4.45850364084356,
62,170,"-VII",5,4.58884319502583,4.25155255169716,"-VII",4,4.29698070407611,4.66083263895549,
,,,,,,,,,,
63,28,"-III",4,3.96103126885711,4.55657237592585,"-III",4,3.96103126885711,4.55657237592585,
63,29,"-VII",4,3.31831006846019,4.56994911441768,"-VII",4,3.31831006846019,4.56994911441768,
63,30,"-III",4,2.48249731300756,4.66083263895549,"-III",4,2.48249731300756,4.66083263895549,
63,31,"-VI",5,3.67697989882861,4.76932770500059,"-VI",5,3.67697989882861,4.76932770500059,
63,32,"-VI",4,3.1519248665983,4.93525930453012,"-VI",4,3.1519248665983,4.93525930453012,
63,33,"-III",5,4.64847146892269,4.32936454784696,"-VII",5,4.59492283348843,4.32936454784696,0.0535486354342645
63,34,"-VII",4,4.02594144812147,4.27896965976518,"-VII",4,3.39331026063808,3.99471902655237,
63,35,"-VI",4,4.52949685889774,4.55657237592585,"-VI",4,4.00377081790376,4.88525380043525,
63,36,"-III",4,5.34782483635694,4.04107886767431,"-III",5,5.49633337591117,3.96085216736293,
63,37,"-VI",3,3.94591742943765,5.04228572348436,"-VI",3,3.94591742943765,5.04228572348436,
63,38,"-III",4,1.94202670436402,4.68364315002305,"-III",4,1.94202670436402,4.68364315002305,
,,,,,,,,,,
64,61,"-III",4,5.21872672453265,4.46386990605744,"-III",4,5.21872672453265,4.46386990605744,
64,62,"-VII",3,3.4945804627016,5.04228572348436,"-VII",3,3.4945804627016,5.04228572348436,
64,63,"-III",4,3.96103126885711,4.60507655535834,"-III",4,3.96103126885711,4.60507655535834,
64,64,"-VI",4,2.57506112346702,4.56994911441768,"-VI",4,2.57506112346702,4.56994911441768,
64,65,"-VI",5,3.42008217427573,4.5493928162411,"-VI",5,3.42008217427573,4.5493928162411,
64,66,"-III",5,4.64847146892269,4.32936454784696,"-VII",5,4.59492283348843,4.32936454784696,0.0535486354342645
64,67,"-VI",4,5.53157884983658,4.27896965976518,"-VI",4,4.29336915420022,3.99471902655237,
64,68,"-III",3,3.02900895107185,5.1111277858608,"-III",4,4.69669324217661,4.38226847843598,
64,69,"-VI",4,2.68579810692019,4.42335264746911,"-VI",4,1.90135200930642,4.51547118749794,
64,70,"-III",5,3.3199476602964,4.65344015491997,"-III",4,1.94202670436402,4.68364315002305,
64,71,"-VII",5,3.58101001154546,3.90841294675173,"-VII",5,1.80968973504834,4.01157529774608,
,,,,,,,,,,
65,72,"-III",4,3.96103126885711,4.6114661146761,"-III",4,3.96103126885711,4.6114661146761,
65,73,"-VII",4,3.31831006846019,4.56994911441768,"-VII",4,3.31831006846019,4.56994911441768,
65,74,"-III",4,2.48249731300756,4.66083263895549,"-III",4,2.48249731300756,4.66083263895549,
65,75,"-VI",5,3.67697989882861,4.76932770500059,"-VI",5,3.67697989882861,4.76932770500059,
65,76,"-VI",4,3.1519248665983,4.93525930453012,"-VI",4,3.1519248665983,4.93525930453012,
65,77,"-III",5,4.64847146892269,4.32936454784696,"-VII",5,4.59492283348843,4.32936454784696,0.0535486354342645
65,78,"-VII",4,4.02594144812147,4.27896965976518,"-VII",4,3.39331026063808,3.99471902655237,
65,79,"-VI",4,4.52949685889774,4.55657237592585,"-VI",4,4.00377081790376,4.88525380043525,
65,80,"-III",4,5.34782483635694,4.04107886767431,"-III",5,5.49633337591117,3.96085216736293,
65,81,"-VI",3,3.94591742943765,5.04228572348436,"-VI",3,3.94591742943765,5.04228572348436,
65,82,"-III",4,1.94202670436402,4.68364315002305,"-III",4,1.94202670436402,4.68364315002305,
,,,,,,,,,,
66,16,"-VI",7,4.02043762634467,3.83909174136002,"-VI",7,4.02043762634467,3.83909174136002,
66,17,"-VII",5,2.75618281044902,4.28194797137029,"-VII",5,2.75618281044902,4.28194797137029,
66,18,"-III",5,5.2471242687252,4.26467243799876,"-III",5,5.2471242687252,4.26467243799876,
66,19,"-VI",3,3.7349604968674,5.11634632220339,"-VI",3,3.7349604968674,5.11634632220339,
66,20,"-VI",4,4.10616148759785,4.2802559297484,"-VI",4,4.10616148759785,4.2802559297484,
66,21,"-III",4,4.42084942724546,4.72740161994757,"-VII",4,4.3673007918112,4.72740161994757,0.0535486354342654
66,22,"-VI",4,5.53157884983658,4.27896965976518,"-VI",4,4.29336915420022,3.99471902655237,
66,23,"-III",3,3.02900895107185,5.1111277858608,"-III",4,4.69669324217661,4.38226847843598,
66,24,"-VI",4,2.68579810692019,4.42335264746911,"-VI",4,1.90135200930642,4.51547118749794,
66,25,"-VI",5,2.00042730409118,4.65344015491997,"-VI",4,3.84873964181084,4.68364315002305,
66,26,"-III",4,4.69718641807133,4.11739221576221,"-III",4,4.35659035674952,4.74886299519615,
,,,,,,,,,,
67,21,"-III",4,4.42084942724546,4.72740161994757,"-III",4,4.42084942724546,4.72740161994757,
67,22,"-VI",4,5.53157884983658,4.27896965976518,"-VI",4,5.53157884983658,4.27896965976518,
67,23,"-III",3,3.02900895107185,5.1111277858608,"-III",3,3.02900895107185,5.1111277858608,
67,24,"-VI",4,2.68579810692019,4.42335264746911,"-VI",4,2.68579810692019,4.42335264746911,
67,25,"-VI",5,2.00042730409118,4.65344015491997,"-VI",5,2.00042730409118,4.65344015491997,
67,26,"-III",4,4.69718641807133,4.11739221576221,"-VII",4,4.64363778263706,4.11739221576221,0.0535486354342654
67,27,"-VII",4,4.02594144812147,4.27896965976518,"-VII",4,3.39331026063808,3.99471902655237,
67,28,"-III",4,3.96103126885711,4.55657237592585,"-III",4,3.53428767320105,4.88525380043525,
67,29,"-VII",4,3.31831006846019,4.56994911441768,"-VII",5,3.9982827402906,4.88912920176473,
67,30,"-III",4,2.48249731300756,4.66083263895549,"-III",4,3.60565967991233,4.69745420615242,
67,31,"-VI",5,3.67697989882861,4.76932770500059,"-VI",4,3.84666646642858,4.62715582285725,
,,,,,,,,,,
68,255,"v",4,5.55443828709317,4.68886541198983,"v",4,5.55443828709317,4.68886541198983,
68,256,"i",3,4.68238931855097,4.76315576333507,"i",3,4.68238931855097,4.76315576333507,
68,257,"i",3,2.20012427975389,4.75058844020313,"i",3,2.20012427975389,4.75058844020313,
68,258,"i",4,2.63923742179906,4.50136045614911,"i",4,2.63923742179906,4.50136045614911,
68,259,"-VII",5,5.00121262514587,4.32687586173569,"-VII",5,5.00121262514587,4.32687586173569,
68,260,"i",4,3.11947334481498,4.60033382052947,"-VI",4,3.17348216066855,4.60033382052947,0.0540088158535625
68,261,"i",5,3.18196971200968,4.55728529384678,"i",5,4.92864096661638,4.45816574251411,
68,262,"-VII",5,8.02913243910974,0.745506714725441,"-VII",4,3.70095524443419,5.06413475589077,
68,263,"i",4,3.43847826758058,4.51000026413416,"i",5,2.65457079674661,4.01248743564235,
68,264,"i",5,3.11142084753232,3.98470474815664,"i",4,3.92856912781921,3.67246152976262,
68,265,"-VII",5,5.37779588642172,3.3039323523317,"-VII",4,4.69435701852293,4.53494969223075,
,,,,,,,,,,
69,27,"-VII",4,4.02594144812147,4.27896965976518,"-VII",4,4.02594144812147,4.27896965976518,
69,28,"-III",4,3.96103126885711,4.55657237592585,"-III",4,3.96103126885711,4.55657237592585,
69,29,"-VII",4,3.31831006846019,4.56994911441768,"-VII",4,3.31831006846019,4.56994911441768,
69,30,"-III",4,2.48249731300756,4.66083263895549,"-III",4,2.48249731300756,4.66083263895549,
69,31,"-VI",5,3.67697989882861,4.76932770500059,"-VI",5,3.67697989882861,4.76932770500059,
69,32,"-VI",4,3.1519248665983,4.93525930453012,"-VII",4,3.09479287971192,4.93525930453012,0.0571319868863767
69,33,"-III",5,4.64847146892269,4.32936454784696,"-III",5,2.38424257381403,4.13991672103915,
69,34,"-VII",4,4.02594144812147,4.27896965976518,"-VII",6,3.93303609091279,4.33586528056288,
69,35,"-VI",4,4.52949685889774,4.55657237592585,"-VI",4,4.99766669524136,4.62002878046558,
69,36,"-III",4,5.34782483635694,4.04107886767431,"-III",4,5.2542980213974,4.12109372733886,
69,37,"-VI",3,3.94591742943765,5.04228572348436,"-VI",3,3.94591742943765,5.04228572348436,
,,,,,,,,,,
70,60,"-VI",3,3.46185799130094,5.12141070046148,"-VI",3,3.46185799130094,5.12141070046148,
70,61,"-III",4,5.21872672453265,4.46386990605744,"-III",4,5.21872672453265,4.46386990605744,
70,62,"-VII",3,3.4945804627016,5.04228572348436,"-VII",3,3.4945804627016,5.04228572348436,
70,63,"-III",4,3.96103126885711,4.60507655535834,"-III",4,3.96103126885711,4.60507655535834,
70,64,"-VI",4,2.57506112346702,4.56994911441768,"-VI",4,2.57506112346702,4.56994911441768,
70,65,"-VI",5,3.42008217427573,4.5493928162411,"-VII",5,3.36295018738935,4.5493928162411,0.0571319868863767
70,66,"-III",5,4.64847146892269,4.32936454784696,"-III",5,2.38424257381403,4.13991672103915,
70,67,"-VI",4,5.53157884983658,4.27896965976518,"-VI",6,4.38701389096941,4.33586528056288,
70,68,"-III",3,3.02900895107185,5.1111277858608,"-III",4,4.29176192561028,4.2802559297484,
70,69,"-VI",4,2.68579810692019,4.42335264746911,"-VI",4,1.09364862563425,3.51039922976043,
70,70,"-III",5,3.3199476602964,4.65344015491997,"-III",5,1.47147030032188,4.27648560566526,
,,,,,,,,,,
71,71,"-VII",5,3.58101001154546,3.90841294675173,"-VII",5,3.58101001154546,3.90841294675173,
71,72,"-III",4,3.96103126885711,4.6114661146761,"-III",4,3.96103126885711,4.6114661146761,
71,73,"-VII",4,3.31831006846019,4.56994911441768,"-VII",4,3.31831006846019,4.56994911441768,
71,74,"-III",4,2.48249731300756,4.66083263895549,"-III",4,2.48249731300756,4.66083263895549,
71,75,"-VI",5,3.67697989882861,4.76932770500059,"-VI",5,3.67697989882861,4.76932770500059,
71,76,"-VI",4,3.1519248665983,4.93525930453012,"-VII",4,3.09479287971192,4.93525930453012,0.0571319868863767
71,77,"-III",5,4.64847146892269,4.32936454784696,"-III",5,2.38424257381403,4.13991672103915,
71,78,"-VII",4,4.02594144812147,4.27896965976518,"-VII",6,3.93303609091279,4.33586528056288,
71,79,"-VI",4,4.52949685889774,4.55657237592585,"-VI",4,4.99766669524136,4.62002878046558,
71,80,"-III",4,5.34782483635694,4.04107886767431,"-III",4,5.2542980213974,4.12109372733886,
71,81,"-VI",3,3.94591742943765,5.04228572348436,"-VI",3,3.94591742943765,5.04228572348436,
,,,,,,,,,,
72,37,"-VI",3,3.94591742943765,5.04228572348436,"-VI",3,3.94591742943765,5.04228572348436,
72,38,"-III",4,1.94202670436402,4.68364315002305,"-III",4,1.94202670436402,4.68364315002305,
72,39,"-VII",5,1.80968973504834,4.01157529774608,"-VII",5,1.80968973504834,4.01157529774608,
72,40,"i",4,3.93429116269542,4.6114661146761,"i",4,3.93429116269542,4.6114661146761,
72,41,"-III",4,2.37549954777273,4.73767303910725,"-III",4,2.37549954777273,4.73767303910725,
72,42,"i",5,4.43438137017677,4.68874625360683,"-VI",5,4.37174535907414,4.68874625360683,0.0626360111026294
72,43,"-VI",4,4.10729590952108,4.5631829052558,"-VI",4,4.86077906590803,4.7017421519962,
72,44,"-VII",4,4.0668290389026,4.98461265863688,"-VII",3,4.09691292305019,5.05941699493703,
72,45,"i",3,3.42653275058417,4.8545108754406,"i",4,1.50965756172835,3.99471902655237,
72,46,"-III",4,4.27990818803212,4.61948593488344,"-III",5,4.41338117250406,4.38708907062168,
72,47,"i",5,4.56811938394551,4.40140145836963,"i",5,4.56811938394551,4.42347738205925,
,,,,,,,,,,
73,81,"-VI",3,3.94591742943765,5.04228572348436,"-VI",3,3.94591742943765,5.04228572348436,
73,82,"-III",4,1.94202670436402,4.68364315002305,"-III",4,1.94202670436402,4.68364315002305,
73,83,"-VII",5,1.80968973504834,4.01157529774608,"-VII",5,1.80968973504834,4.01157529774608,
73,84,"i",4,3.93429116269542,4.6114661146761,"i",4,3.93429116269542,4.6114661146761,
73,85,"-III",4,2.37549954777273,4.73767303910725,"-III",4,2.37549954777273,4.73767303910725,
73,86,"i",5,4.43438137017677,4.68874625360683,"-VI",5,4.37174535907414,4.68874625360683,0.0626360111026294
73,87,"-VI",4,4.10729590952108,4.5631829052558,"-VI",4,4.86077906590803,4.7017421519962,
73,88,"-VII",4,4.0668290389026,4.98461265863688,"-VII",3,4.09691292305019,5.05941699493703,
73,89,"i",3,3.42653275058417,4.8545108754406,"i",4,1.50965756172835,3.99471902655237,
73,90,"-III",4,4.27990818803212,4.61948593488344,"-III",5,4.41338117250406,4.38708907062168,
73,91,"i",5,4.56811938394551,4.40140145836963,"i",5,4.56811938394551,4.42347738205925,
,,,,,,,,,,
74,152,"-VII",4,4.29698070407611,4.66083263895549,"-VII",4,4.29698070407611,4.66083263895549,
74,153,"-III",4,4.55638541785837,4.76452413870758,"-III",4,4.55638541785837,4.76452413870758,
74,154,"-VII",4,4.0854779857427,4.68886541198983,"-VII",4,4.0854779857427,4.68886541198983,
74,155,"i",4,2.6836015824343,4.69745420615242,"i",4,2.6836015824343,4.69745420615242,
74,156,"-III",5,4.70240822530043,4.4707268564179,"-III",5,4.70240822530043,4.4707268564179,
74,157,"i",4,4.2146345055176,4.96554254270995,"-VI",4,4.15199849441497,4.96554254270995,0.0626360111026294
74,158,"-VI",4,4.10729590952108,4.5631829052558,"-VI",4,4.86077906590803,4.7017421519962,
74,159,"-VII",4,4.0668290389026,4.98461265863688,"-VII",3,4.09691292305019,5.05941699493703,
74,160,"i",3,3.42653275058417,4.8545108754406,"i",4,1.50965756172835,3.99471902655237,
74,161,"-III",4,4.27990818803212,4.61948593488344,"-III",5,4.41338117250406,4.38708907062168,
74,162,"i",5,4.56811938394551,4.40140145836963,"i",5,4.56811938394551,4.42347738205925,
,,,,,,,,,,
75,257,"i",3,2.20012427975389,4.75058844020313,"i",3,2.20012427975389,4.75058844020313,
75,258,"i",4,2.63923742179906,4.50136045614911,"i",4,2.63923742179906,4.50136045614911,
75,259,"-VII",5,5.00121262514587,4.32687586173569,"-VII",5,5.00121262514587,4.32687586173569,
75,260,"i",4,3.11947334481498,4.60033382052947,"i",4,3.11947334481498,4.60033382052947,
75,261,"i",5,3.18196971200968,4.55728529384678,"i",5,3.18196971200968,4.55728529384678,
75,262,"-VII",5,8.02913243910974,0.745506714725441,"IV",5,8.10290957419419,0.745506714725441,0.0737771350844501
75,263,"i",4,3.43847826758058,4.51000026413416,"i",4,3.7515298099656,4.8899111920214,
75,264,"i",5,3.11142084753232,3.98470474815664,"i",4,2.67186242479834,4.94211775099697,
75,265,"-VII",5,5.37779588642172,3.3039323523317,"-VII",5,4.55441633338045,4.20139223834061,
75,266,"i",4,3.43847826758058,4.51000026413416,"i",4,3.97784049784846,4.12904311431236,
75,267,"i",5,3.11142084753232,3.98470474815664,"i",4,2.8339597818967,4.41821123654272,
,,,,,,,,,,
76,260,"i",4,3.11947334481498,4.60033382052947,"i",4,3.11947334481498,4.60033382052947,
76,261,"i",5,3.18196971200968,4.55728529384678,"i",5,3.18196971200968,4.55728529384678,
76,262,"-VII",5,8.02913243910974,0.745506714725441,"-VII",5,8.02913243910974,0.745506714725441,
76,263,"i",4,3.43847826758058,4.51000026413416,"i",4,3.43847826758058,4.51000026413416,
76,264,"i",5,3.11142084753232,3.98470474815664,"i",5,3.11142084753232,3.98470474815664,
76,265,"-VII",5,5.37779588642172,3.3039323523317,"IV",5,5.45157302150617,3.3039323523317,0.0737771350844501
76,266,"i",4,3.43847826758058,4.51000026413416,"i",4,3.7515298099656,4.8899111920214,
76,267,"i",5,3.11142084753232,3.98470474815664,"i",4,2.67186242479834,4.94211775099697,
76,268,"-VII",5,5.37779588642172,3.3039323523317,"-VII",5,4.55441633338045,4.20139223834061,
76,269,"i",4,3.43847826758058,4.51000026413416,"i",4,3.97784049784846,4.12904311431236,
76,270,"r",5,3.20615946664566,3.98470474815664,"r",4,2.92869840101004,4.41821123654272,
,,,,,,,,,,
77,263,"i",4,3.43847826758058,4.51000026413416,"i",4,3.43847826758058,4.51000026413416,
77,264,"i",5,3.11142084753232,3.98470474815664,"i",5,3.11142084753232,3.98470474815664,
77,265,"-VII",5,5.37779588642172,3.3039323523317,"-VII",5,5.37779588642172,3.3039323523317,
77,266,"i",4,3.43847826758058,4.51000026413416,"i",4,3.43847826758058,4.51000026413416,
77,267,"i",5,3.11142084753232,3.98470474815664,"i",5,3.11142084753232,3.98470474815664,
77,268,"-VII",5,5.37779588642172,3.3039323523317,"IV",5,5.45157302150617,3.3039323523317,0.0737771350844501
77,269,"i",4,3.43847826758058,4.51000026413416,"i",4,3.7515298099656,4.8899111920214,
77,270,"r",5,3.20615946664566,3.98470474815664,"r",4,3.28067018103363,4.94211775099697,
77,271,"r",4,0.513415626083714,2.04396711180555,"r",3,0.924008958370857,2.93251124335153,
,,,,,,,,,,
78,151,"-VII",4,3.31831006846019,4.56994911441768,"-VII",4,3.31831006846019,4.56994911441768,
78,152,"-VII",4,4.29698070407611,4.66083263895549,"-VII",4,4.29698070407611,4.66083263895549,
78,153,"-III",4,4.55638541785837,4.76452413870758,"-III",4,4.55638541785837,4.76452413870758,
78,154,"-VII",4,4.0854779857427,4.68886541198983,"-VII",4,4.0854779857427,4.68886541198983,
78,155,"i",4,2.6836015824343,4.69745420615242,"i",4,2.6836015824343,4.69745420615242,
78,156,"-III",5,4.70240822530043,4.4707268564179,"-VI",5,4.62771126678553,4.4707268564179,0.0746969585149024
78,157,"i",4,4.2146345055176,4.96554254270995,"i",4,1.66659134674691,4.23155360500995,
78,158,"-VI",4,4.10729590952108,4.5631829052558,"-VI",5,1.29422050877537,3.63505291861802,
78,159,"-VII",4,4.0668290389026,4.98461265863688,"-VII",6,1.17317696719219,3.68208574316981,
78,160,"i",3,3.42653275058417,4.8545108754406,"i",7,2.42447561542242,3.79286099493705,
78,161,"-III",4,4.27990818803212,4.61948593488344,"-III",7,3.62002249615433,4.47799311783893,
,,,,,,,,,,
79,10,"i",5,3.55200347474171,4.26467243799876,"i",5,3.55200347474171,4.26467243799876,
79,11,"-VII",5,3.50981948910049,4.36103455496089,"-VII",5,3.50981948910049,4.36103455496089,
79,12,"i",5,2.26350202901434,4.36170431799828,"i",5,2.26350202901434,4.36170431799828,
79,13,"-VII",5,0.311122020820294,1.60974912641932,"-VII",5,0.311122020820294,1.60974912641932,
79,14,"-VI",7,4.01973897077091,4.021933487908,"-VI",7,4.01973897077091,4.021933487908,
79,15,"-VII",6,2.55077844538489,4.65860430950338,"V",6,2.63135193954855,4.65860430950338,0.08057349416366
79,16,"-VI",7,4.02043762634467,3.83909174136002,"-VI",6,4.62760189105794,2.76292468942544,
79,17,"-VII",5,2.75618281044902,4.28194797137029,"-VII",4,1.06397512154744,3.62702324511702,
79,18,"-III",5,5.2471242687252,4.26467243799876,"-III",6,5.25508539899533,3.49923330258558,
79,19,"-VI",3,3.7349604968674,5.11634632220339,"-VI",4,2.04843540049529,4.67706905576742,
79,20,"-VI",4,4.10616148759785,4.2802559297484,"-VI",4,4.62560715964378,3.32762146941367,
,,,,,,,,,,
80,115,"i",5,3.58666385882413,4.58650602158388,"i",5,3.58666385882413,4.58650602158388,
80,116,"-VII",5,1.80077191216465,4.15101695878688,"-VII",5,1.80077191216465,4.15101695878688,
80,117,"i",5,1.56028826386001,4.20314424844824,"i",5,1.56028826386001,4.20314424844824,
80,118,"-VII",5,1.17282582523012,3.57248471027924,"-VII",5,1.17282582523012,3.57248471027924,
80,119,"-VI",6,3.79142466756992,4.34511204343709,"-VI",6,3.79142466756992,4.34511204343709,
80,120,"-VII",6,2.55077844538489,4.65860430950338,"V",6,2.63135193954855,4.65860430950338,0.08057349416366
80,121,"-VI",7,4.02043762634467,3.83909174136002,"-VI",6,4.62760189105794,2.76292468942544,
80,122,"-VII",5,2.75618281044902,4.28194797137029,"-VII",4,1.06397512154744,3.62702324511702,
80,123,"i",5,3.55200347474171,4.26467243799876,"i",6,1.28254284855355,3.49923330258558,
80,124,"-VII",5,3.50981948910049,4.36103455496089,"-VII",5,4.49244308381892,3.33340777016712,
80,125,"i",5,2.26350202901434,4.36170431799828,"i",4,2.43195165474701,4.69555723299488,
,,,,,,,,,,
81,123,"i",5,3.55200347474171,4.26467243799876,"i",5,3.55200347474171,4.26467243799876,
81,124,"-VII",5,3.50981948910049,4.36103455496089,"-VII",5,3.50981948910049,4.36103455496089,
81,125,"i",5,2.26350202901434,4.36170431799828,"i",5,2.26350202901434,4.36170431799828,
81,126,"-VII",5,0.311122020820294,1.60974912641932,"-VII",5,0.311122020820294,1.60974912641932,
81,127,"-VI",7,4.01973897077091,4.021933487908,"-VI",7,4.01973897077091,4.021933487908,
81,128,"-VII",6,2.55077844538489,4.65860430950338,"V",6,2.63135193954855,4.65860430950338,0.08057349416366
81,129,"-VI",7,4.02043762634467,3.83909174136002,"-VI",6,4.62760189105794,2.76292468942544,
81,130,"-VII",5,2.75618281044902,4.28194797137029,"-VII",4,1.06397512154744,3.62702324511702,
81,131,"-III",5,5.2471242687252,4.26467243799876,"-III",6,5.25508539899533,3.49923330258558,
81,132,"-VI",3,3.7349604968674,5.11634632220339,"-VI",4,2.04843540049529,4.67706905576742,
81,133,"-III",4,4.29176192561028,4.2802559297484,"-III",4,4.8112075976562,3.32762146941367,
,,,,,,,,,,
82,186,"i",5,3.58666385882413,4.58650602158388,"i",5,3.58666385882413,4.58650602158388,
82,187,"-VII",5,1.80077191216465,4.15101695878688,"-VII",5,1.80077191216465,4.15101695878688,
82,188,"i",5,1.56028826386001,4.20314424844824,"i",5,1.56028826386001,4.20314424844824,
82,189,"-VII",5,1.17282582523012,3.57248471027924,"-VII",5,1.17282582523012,3.57248471027924,
82,190,"-VI",6,3.79142466756992,4.34511204343709,"-VI",6,3.79142466756992,4.34511204343709,
82,191,"-VII",6,2.55077844538489,4.65860430950338,"V",6,2.63135193954855,4.65860430950338,0.08057349416366
82,192,"-VI",7,4.02043762634467,3.83909174136002,"-VI",6,4.62760189105794,2.76292468942544,
82,193,"-VII",5,2.75618281044902,4.28194797137029,"-VII",4,1.06397512154744,3.62702324511702,
82,194,"i",5,3.55200347474171,4.26467243799876,"i",6,1.28254284855355,3.49923330258558,
82,195,"-VII",5,3.50981948910049,4.36103455496089,"-VII",5,4.49244308381892,3.33340777016712,
82,196,"i",5,2.26350202901434,4.36170431799828,"i",4,2.43195165474701,4.69555723299488,
,,,,,,,,,,
83,194,"i",5,3.55200347474171,4.26467243799876,"i",5,3.55200347474171,4.26467243799876,
83,195,"-VII",5,3.50981948910049,4.36103455496089,"-VII",5,3.50981948910049,4.36103455496089,
83,196,"i",5,2.26350202901434,4.36170431799828,"i",5,2.26350202901434,4.36170431799828,
83,197,"-VII",5,0.311122020820294,1.60974912641932,"-VII",5,0.311122020820294,1.60974912641932,
83,198,"-VI",7,4.01973897077091,4.021933487908,"-VI",7,4.01973897077091,4.021933487908,
83,199,"-VII",6,2.55077844538489,4.65860430950338,"V",6,2.63135193954855,4.65860430950338,0.08057349416366
83,200,"-VI",7,4.02043762634467,3.83909174136002,"-VI",6,4.62760189105794,2.76292468942544,
83,201,"-VII",5,2.75618281044902,4.28194797137029,"-VII",4,1.06397512154744,3.62702324511702,
83,202,"-III",5,5.2471242687252,4.26467243799876,"-III",6,5.25508539899533,3.49923330258558,
83,203,"-VI",3,3.7349604968674,5.11634632220339,"-VI",4,2.04843540049529,4.67706905576742,
83,204,"-III",4,4.29176192561028,4.2802559297484,"-III",4,4.8112075976562,3.32762146941367,
,,,,,,,,,,
84,251,"-III",4,3.96103126885711,4.6114661146761,"-III",4,3.96103126885711,4.6114661146761,
84,252,"-VII",4,3.31831006846019,4.56994911441768,"-VII",4,3.31831006846019,4.56994911441768,
84,253,"-VII",4,4.29698070407611,4.66083263895549,"-VII",4,4.29698070407611,4.66083263895549,
84,254,"-III",4,4.55638541785837,4.76452413870758,"-III",4,4.55638541785837,4.76452413870758,
84,255,"v",4,5.55443828709317,4.68886541198983,"v",4,5.55443828709317,4.68886541198983,
84,256,"i",3,4.68238931855097,4.76315576333507,"I",3,4.60040170054564,4.76315576333507,0.0819876180053285
84,257,"i",3,2.20012427975389,4.75058844020313,"i",3,5.79049125049096,4.50955913019385,
84,258,"i",4,2.63923742179906,4.50136045614911,"i",3,4.32176991248784,5.02579868035301,
84,259,"-VII",5,5.00121262514587,4.32687586173569,"-VII",3,4.09715993299557,5.19660402951692,
84,260,"i",4,3.11947334481498,4.60033382052947,"i",4,2.6055388730244,4.45207742027187,
84,261,"i",5,3.18196971200968,4.55728529384678,"i",5,1.78255683521339,4.03223637287698,
,,,,,,,,,,
85,250,"-VII",5,5.94183165279495,1.77872136847317,"-VII",5,5.94183165279495,1.77872136847317,
85,251,"-III",4,3.96103126885711,4.6114661146761,"-III",4,3.96103126885711,4.6114661146761,
85,252,"-VII",4,3.31831006846019,4.56994911441768,"-VII",4,3.31831006846019,4.56994911441768,
85,253,"-VII",4,4.29698070407611,4.66083263895549,"-VII",4,4.29698070407611,4.66083263895549,
85,254,"-III",4,4.55638541785837,4.76452413870758,"-III",4,4.55638541785837,4.76452413870758,
85,255,"v",4,5.55443828709317,4.68886541198983,"iv",4,5.47174419365189,4.68886541198983,0.0826940934412796
85,256,"i",3,4.68238931855097,4.76315576333507,"i",3,4.65066655076416,5.14862143672363,
85,257,"i",3,2.20012427975389,4.75058844020313,"i",3,3.48846066724883,5.08362745015838,
85,258,"i",4,2.63923742179906,4.50136045614911,"i",4,2.57255192774886,4.78958778965322,
85,259,"-VII",5,5.00121262514587,4.32687586173569,"-VII",5,5.00660001617369,4.42109969148944,
85,260,"i",4,3.11947334481498,4.60033382052947,"i",4,3.11947334481498,4.60033382052947,
,,,,,,,,,,
86,30,"-III",4,2.48249731300756,4.66083263895549,"-III",4,2.48249731300756,4.66083263895549,
86,31,"-VI",5,3.67697989882861,4.76932770500059,"-VI",5,3.67697989882861,4.76932770500059,
86,32,"-VI",4,3.1519248665983,4.93525930453012,"-VI",4,3.1519248665983,4.93525930453012,
86,33,"-III",5,4.64847146892269,4.32936454784696,"-III",5,4.64847146892269,4.32936454784696,
86,34,"-VII",4,4.02594144812147,4.27896965976518,"-VII",4,4.02594144812147,4.27896965976518,
86,35,"-VI",4,4.52949685889774,4.55657237592585,"iv",4,4.61793482356533,4.55657237592585,0.0884379646675839
86,36,"-III",4,5.34782483635694,4.04107886767431,"-III",4,5.13195717291094,4.49005172570135,
86,37,"-VI",3,3.94591742943765,5.04228572348436,"-VI",3,3.67315229485918,5.12152441227984,
86,38,"-III",4,1.94202670436402,4.68364315002305,"-III",4,4.77056247562781,4.51435310531507,
86,39,"-VII",5,1.80968973504834,4.01157529774608,"-VII",3,3.85411221538969,4.68283775316391,
86,40,"i",4,3.93429116269542,4.6114661146761,"i",4,3.93429116269542,4.6114661146761,
,,,,,,,,,,
87,74,"-III",4,2.48249731300756,4.66083263895549,"-III",4,2.48249731300756,4.66083263895549,
87,75,"-VI",5,3.67697989882861,4.76932770500059,"-VI",5,3.67697989882861,4.76932770500059,
87,76,"-VI",4,3.1519248665983,4.93525930453012,"-VI",4,3.1519248665983,4.93525930453012,
87,77,"-III",5,4.64847146892269,4.32936454784696,"-III",5,4.64847146892269,4.32936454784696,
87,78,"-VII",4,4.02594144812147,4.27896965976518,"-VII",4,4.02594144812147,4.27896965976518,
87,79,"-VI",4,4.52949685889774,4.55657237592585,"iv",4,4.61793482356533,4.55657237592585,0.0884379646675839
87,80,"-III",4,5.34782483635694,4.04107886767431,"-III",4,5.13195717291094,4.49005172570135,
87,81,"-VI",3,3.94591742943765,5.04228572348436,"-VI",3,3.67315229485918,5.12152441227984,
87,82,"-III",4,1.94202670436402,4.68364315002305,"-III",4,4.77056247562781,4.51435310531507,
87,83,"-VII",5,1.80968973504834,4.01157529774608,"-VII",3,3.85411221538969,4.68283775316391,
87,84,"i",4,3.93429116269542,4.6114661146761,"i",4,3.93429116269542,4.6114661146761,
,,,,,,,,,,
88,128,"-VII",6,2.55077844538489,4.65860430950338,"-VII",6,2.55077844538489,4.65860430950338,
88,129,"-VI",7,4.02043762634467,3.83909174136002,"-VI",7,4.02043762634467,3.83909174136002,
88,130,"-VII",5,2.75618281044902,4.28194797137029,"-VII",5,2.75618281044902,4.28194797137029,
88,131,"-III",5,5.2471242687252,4.26467243799876,"-III",5,5.2471242687252,4.26467243799876,
88,132,"-VI",3,3.7349604968674,5.11634632220339,"-VI",3,3.7349604968674,5.11634632220339,
88,133,"-III",4,4.29176192561028,4.2802559297484,"V",4,4.38050512780548,4.2802559297484,0.0887432021952019
88,134,"-III",4,3.31434715414434,3.51039922976043,"-III",4,6.68039152515732,4.59758657258037,
88,135,"-VI",4,2.85859387475156,5.02171380002483,"-VI",2,4.79181628180756,5.22925442221395,
88,136,"-III",5,2.86894945078688,4.7666734426823,"-III",3,3.07909579882211,5.13835902570489,
88,137,"-VII",5,5.94183165279495,1.77872136847317,"-VII",4,4.25883019038088,4.05148507725068,
88,138,"-III",4,3.96103126885711,4.6114661146761,"-III",4,3.96103126885711,4.6114661146761,
,,,,,,,,,,
89,199,"-VII",6,2.55077844538489,4.65860430950338,"-VII",6,2.55077844538489,4.65860430950338,
89,200,"-VI",7,4.02043762634467,3.83909174136002,"-VI",7,4.02043762634467,3.83909174136002,
89,201,"-VII",5,2.75618281044902,4.28194797137029,"-VII",5,2.75618281044902,4.28194797137029,
89,202,"-III",5,5.2471242687252,4.26467243799876,"-III",5,5.2471242687252,4.26467243799876,
89,203,"-VI",3,3.7349604968674,5.11634632220339,"-VI",3,3.7349604968674,5.11634632220339,
89,204,"-III",4,4.29176192561028,4.2802559297484,"V",4,4.38050512780548,4.2802559297484,0.0887432021952019
89,205,"-III",4,3.31434715414434,3.51039922976043,"-III",4,6.68039152515732,4.59758657258037,
89,206,"-VI",4,2.85859387475156,5.02171380002483,"-VI",2,4.79181628180756,5.22925442221395,
89,207,"-III",5,2.86894945078688,4.7666734426823,"-III",3,3.07909579882211,5.13835902570489,
89,208,"-VII",5,5.94183165279495,1.77872136847317,"-VII",4,4.25883019038088,4.05148507725068,
89,209,"-III",4,3.96103126885711,4.6114661146761,"-III",4,3.96103126885711,4.6114661146761,
,,,,,,,,,,
90,140,"-VII",4,4.29698070407611,4.66083263895549,"-VII",4,4.29698070407611,4.66083263895549,
90,141,"-III",4,4.55638541785837,4.76452413870758,"-III",4,4.55638541785837,4.76452413870758,
90,142,"-VII",4,4.0854779857427,4.68886541198983,"-VII",4,4.0854779857427,4.68886541198983,
90,143,"-III",4,3.60565967991233,4.69745420615242,"-III",4,3.60565967991233,4.69745420615242,
90,144,"-VI",4,3.84666646642858,4.62715582285725,"-VI",4,3.84666646642858,4.62715582285725,
90,145,"-III",4,3.98844233734013,4.93525930453012,"V",4,4.07718553953533,4.93525930453012,0.0887432021952028
90,146,"-III",4,3.31434715414434,3.51039922976043,"-III",4,6.68039152515732,4.59758657258037,
90,147,"-VI",4,2.85859387475156,5.02171380002483,"-VI",2,4.79181628180756,5.22925442221395,
90,148,"-III",5,2.86894945078688,4.7666734426823,"-III",3,3.07909579882211,5.13835902570489,
90,149,"-VII",5,5.94183165279495,1.77872136847317,"-VII",4,4.25883019038088,4.05148507725068,
90,150,"-III",4,3.96103126885711,4.6114661146761,"-III",4,3.96103126885711,4.6114661146761,
,,,,,,,,,,
91,211,"-VII",4,4.29698070407611,4.66083263895549,"-VII",4,4.29698070407611,4.66083263895549,
91,212,"-III",4,4.55638541785837,4.76452413870758,"-III",4,4.55638541785837,4.76452413870758,
91,213,"-VII",4,4.0854779857427,4.68886541198983,"-VII",4,4.0854779857427,4.68886541198983,
91,214,"-III",4,3.60565967991233,4.69745420615242,"-III",4,3.60565967991233,4.69745420615242,
91,215,"-VI",4,3.84666646642858,4.62715582285725,"-VI",4,3.84666646642858,4.62715582285725,
91,216,"-III",4,3.98844233734013,4.93525930453012,"V",4,4.07718553953533,4.93525930453012,0.0887432021952028
91,217,"-III",4,3.31434715414434,3.51039922976043,"-III",4,6.68039152515732,4.59758657258037,
91,218,"-VI",4,2.85859387475156,5.02171380002483,"-VI",2,4.79181628180756,5.22925442221395,
91,219,"-III",5,2.86894945078688,4.7666734426823,"-III",3,3.07909579882211,5.13835902570489,
91,220,"-VII",5,5.94183165279495,1.77872136847317,"-VII",4,4.25883019038088,4.05148507725068,
91,221,"-III",4,3.96103126885711,4.6114661146761,"-III",4,3.96103126885711,4.6114661146761,
,,,,,,,,,,
92,223,"-VII",4,4.29698070407611,4.66083263895549,"-VII",4,4.29698070407611,4.66083263895549,
92,224,"-III",4,4.55638541785837,4.76452413870758,"-III",4,4.55638541785837,4.76452413870758,
92,225,"-VII",4,4.0854779857427,4.68886541198983,"-VII",4,4.0854779857427,4.68886541198983,
92,226,"-III",4,3.60565967991233,4.69745420615242,"-III",4,3.60565967991233,4.69745420615242,
92,227,"-VI",4,3.84666646642858,4.62715582285725,"-VI",4,3.84666646642858,4.62715582285725,
92,228,"-III",4,3.98844233734013,4.93525930453012,"V",4,4.07718553953533,4.93525930453012,0.0887432021952028
92,229,"-III",4,3.31434715414434,3.51039922976043,"-III",4,6.68039152515732,4.59758657258037,
92,230,"-VI",4,2.85859387475156,5.02171380002483,"-VI",2,4.79181628180756,5.22925442221395,
92,231,"-III",5,2.86894945078688,4.7666734426823,"-III",3,3.07909579882211,5.13835902570489,
92,232,"-III",5,0.363376931467218,1.77872136847317,"-III",4,2.99864639192675,4.05148507725068,
92,233,"-VI",7,2.40661747535651,4.75452937184779,"-VI",4,2.85859387475156,5.02171380002483,
,,,,,,,,,,
93,241,"-VII",4,4.29698070407611,4.66083263895549,"-VII",4,4.29698070407611,4.66083263895549,
93,242,"-III",4,4.55638541785837,4.76452413870758,"-III",4,4.55638541785837,4.76452413870758,
93,243,"-VII",4,4.0854779857427,4.68886541198983,"-VII",4,4.0854779857427,4.68886541198983,
93,244,"-III",4,3.60565967991233,4.69745420615242,"-III",4,3.60565967991233,4.69745420615242,
93,245,"-VI",4,3.84666646642858,4.62715582285725,"-VI",4,3.84666646642858,4.62715582285725,
93,246,"-III",4,3.98844233734013,4.93525930453012,"V",4,4.07718553953533,4.93525930453012,0.0887432021952028
93,247,"-III",4,3.31434715414434,3.51039922976043,"-III",4,6.68039152515732,4.59758657258037,
93,248,"-VI",4,2.85859387475156,5.02171380002483,"-VI",2,4.79181628180756,5.22925442221395,
93,249,"-III",5,2.86894945078688,4.7666734426823,"-III",3,3.07909579882211,5.13835902570489,
93,250,"-VII",5,5.94183165279495,1.77872136847317,"-VII",4,4.25883019038088,4.05148507725068,
93,251,"-III",4,3.96103126885711,4.6114661146761,"-III",4,3.96103126885711,4.6114661146761,
,,,,,,,,,,
94,21,"-III",4,4.42084942724546,4.72740161994757,"-III",4,4.42084942724546,4.72740161994757,
94,22,"-VI",4,5.53157884983658,4.27896965976518,"-VI",4,5.53157884983658,4.27896965976518,
94,23,"-III",3,3.02900895107185,5.1111277858608,"-III",3,3.02900895107185,5.1111277858608,
94,24,"-VI",4,2.68579810692019,4.42335264746911,"-VI",4,2.68579810692019,4.42335264746911,
94,25,"-VI",5,2.00042730409118,4.65344015491997,"-VI",5,2.00042730409118,4.65344015491997,
94,26,"-III",4,4.69718641807133,4.11739221576221,"iv",4,4.79184330181403,4.11739221576221,0.0946568837427035
94,27,"-VII",4,4.02594144812147,4.27896965976518,"-VII",4,5.65079076708806,3.90008139431992,
94,28,"-III",4,3.96103126885711,4.55657237592585,"-III",3,2.52883251735706,4.5531596362004,
94,29,"-VII",4,3.31831006846019,4.56994911441768,"-VII",4,4.37735495514104,5.02436400335184,
94,30,"-III",4,2.48249731300756,4.66083263895549,"-III",4,2.0448422687981,4.58462202916374,
94,31,"-VI",5,3.67697989882861,4.76932770500059,"-VI",5,4.18730172238248,4.11478553515983,
,,,,,,,,,,
95,54,"-VII",4,2.86283444800316,4.62715582285725,"-VII",4,2.86283444800316,4.62715582285725,
95,55,"-VII",5,4.58884319502583,4.25155255169716,"-VII",5,4.58884319502583,4.25155255169716,
95,56,"-VI",4,2.56788364908116,4.76452413870758,"-VI",4,2.56788364908116,4.76452413870758,
95,57,"-III",5,5.5111122194791,3.99295925394369,"-III",5,5.5111122194791,3.99295925394369,
95,58,"-VII",3,3.4945804627016,5.04228572348436,"-VII",3,3.4945804627016,5.04228572348436,
95,59,"-VII",4,4.71391432168652,4.60507655535834,"iv",4,4.61793482356533,4.60507655535834,0.0959794981211921
95,60,"-VI",3,3.46185799130094,5.12141070046148,"-VI",4,1.71837779676283,4.49005172570135,
95,61,"-III",4,5.21872672453265,4.46386990605744,"-III",3,7.19103030889451,1.3802454185684,
95,62,"-VII",3,3.4945804627016,5.04228572348436,"-VII",3,4.2299416899651,4.98335424562419,
95,63,"-III",4,3.96103126885711,4.60507655535834,"-III",3,3.65233511813416,5.02915542258722,
95,64,"-VI",4,2.57506112346702,4.56994911441768,"-VI",4,2.57506112346702,4.56994911441768,
,,,,,,,,,,
96,98,"-VII",4,2.86283444800316,4.62715582285725,"-VII",4,2.86283444800316,4.62715582285725,
96,99,"-VII",5,4.58884319502583,4.25155255169716,"-VII",5,4.58884319502583,4.25155255169716,
96,100,"-VI",4,2.56788364908116,4.76452413870758,"-VI",4,2.56788364908116,4.76452413870758,
96,101,"-III",5,5.5111122194791,3.99295925394369,"-III",5,5.5111122194791,3.99295925394369,
96,102,"-VII",3,3.4945804627016,5.04228572348436,"-VII",3,3.4945804627016,5.04228572348436,
96,103,"-VII",4,4.71391432168652,4.60507655535834,"iv",4,4.61793482356533,4.60507655535834,0.0959794981211921
96,104,"-VI",3,3.46185799130094,5.12141070046148,"-VI",4,1.71837779676283,4.49005172570135,
96,105,"-III",4,5.21872672453265,4.46386990605744,"-III",3,7.19103030889451,1.3802454185684,
96,106,"-VII",3,3.4945804627016,5.04228572348436,"-VII",3,4.2299416899651,4.98335424562419,
96,107,"-VII",4,4.71391432168652,4.60507655535834,"-VII",3,4.40521817096356,5.02915542258722,
96,108,"-VI",3,3.46185799130094,5.12141070046148,"-VI",3,3.46185799130094,5.12141070046148,
,,,,,,,,,,
97,102,"-VII",3,3.4945804627016,5.04228572348436,"-VII",3,3.4945804627016,5.04228572348436,
97,103,"-VII",4,4.71391432168652,4.60507655535834,"-VII",4,4.71391432168652,4.60507655535834,
97,104,"-VI",3,3.46185799130094,5.12141070046148,"-VI",3,3.46185799130094,5.12141070046148,
97,105,"-III",4,5.21872672453265,4.46386990605744,"-III",4,5.21872672453265,4.46386990605744,
97,106,"-VII",3,3.4945804627016,5.04228572348436,"-VII",3,3.4945804627016,5.04228572348436,
97,107,"-VII",4,4.71391432168652,4.60507655535834,"iv",4,4.61793482356533,4.60507655535834,0.0959794981211921
97,108,"-VI",3,3.46185799130094,5.12141070046148,"-VI",4,1.71837779676283,4.49005172570135,
97,109,"-III",4,5.21872672453265,4.46386990605744,"-III",3,7.19103030889451,1.3802454185684,
97,110,"-VII",3,3.4945804627016,5.04228572348436,"-VII",3,4.2299416899651,4.98335424562419,
97,111,"-VII",4,4.71391432168652,4.60507655535834,"-VII",3,4.40521817096356,5.02915542258722,
97,112,"-VI",3,3.46185799130094,5.12141070046148,"-VI",3,3.46185799130094,5.12141070046148,
,,,,,,,,,,
98,106,"-VII",3,3.4945804627016,5.04228572348436,"-VII",3,3.4945804627016,5.04228572348436,
98,107,"-VII",4,4.71391432168652,4.60507655535834,"-VII",4,4.71391432168652,4.60507655535834,
98,108,"-VI",3,3.46185799130094,5.12141070046148,"-VI",3,3.46185799130094,5.12141070046148,
98,109,"-III",4,5.21872672453265,4.46386990605744,"-III",4,5.21872672453265,4.46386990605744,
98,110,"-VII",3,3.4945804627016,5.04228572348436,"-VII",3,3.4945804627016,5.04228572348436,
98,111,"-VII",4,4.71391432168652,4.60507655535834,"iv",4,4.61793482356533,4.60507655535834,0.0959794981211921
98,112,"-VI",3,3.46185799130094,5.12141070046148,"-VI",4,1.71837779676283,4.49005172570135,
98,113,"-VII",4,3.83529824705115,4.46386990605744,"-VII",3,0.229743947050685,1.3802454185684,
98,114,"-VII",4,3.28323158451251,4.30420252736055,"-VII",6,4.08585139440792,3.60593665246335,
98,115,"i",5,3.58666385882413,4.58650602158388,"i",5,2.89604826335595,4.71632513005225,
98,116,"-VII",5,1.80077191216465,4.15101695878688,"-VII",5,3.72737415043963,4.13890996588938,
,,,,,,,,,,
99,169,"-VII",4,2.86283444800316,4.62715582285725,"-VII",4,2.86283444800316,4.62715582285725,
99,170,"-VII",5,4.58884319502583,4.25155255169716,"-VII",5,4.58884319502583,4.25155255169716,
99,171,"-VI",4,2.56788364908116,4.76452413870758,"-VI",4,2.56788364908116,4.76452413870758,
99,172,"-III",5,5.5111122194791,3.99295925394369,"-III",5,5.5111122194791,3.99295925394369,
99,173,"-VII",3,3.4945804627016,5.04228572348436,"-VII",3,3.4945804627016,5.04228572348436,
99,174,"-VII",4,4.71391432168652,4.60507655535834,"iv",4,4.61793482356533,4.60507655535834,0.0959794981211921
99,175,"-VI",3,3.46185799130094,5.12141070046148,"-VI",4,1.71837779676283,4.49005172570135,
99,176,"-III",4,5.21872672453265,4.46386990605744,"-III",3,7.19103030889451,1.3802454185684,
99,177,"-VII",3,3.4945804627016,5.04228572348436,"-VII",3,4.2299416899651,4.98335424562419,
99,178,"-VII",4,4.71391432168652,4.60507655535834,"-VII",3,4.40521817096356,5.02915542258722,
99,179,"-VI",3,3.46185799130094,5.12141070046148,"-VI",3,3.46185799130094,5.12141070046148,
,,,,,,,,,,
100,173,"-VII",3,3.4945804627016,5.04228572348436,"-VII",3,3.4945804627016,5.04228572348436,
100,174,"-VII",4,4.71391432168652,4.60507655535834,"-VII",4,4.71391432168652,4.60507655535834,
100,175,"-VI",3,3.46185799130094,5.12141070046148,"-VI",3,3.46185799130094,5.12141070046148,
100,176,"-III",4,5.21872672453265,4.46386990605744,"-III",4,5.21872672453265,4.46386990605744,
100,177,"-VII",3,3.4945804627016,5.04228572348436,"-VII",3,3.4945804627016,5.04228572348436,
100,178,"-VII",4,4.71391432168652,4.60507655535834,"iv",4,4.61793482356533,4.60507655535834,0.0959794981211921
100,179,"-VI",3,3.46185799130094,5.12141070046148,"-VI",4,1.71837779676283,4.49005172570135,
100,180,"-III",4,5.21872672453265,4.46386990605744,"-III",3,7.19103030889451,1.3802454185684,
100,181,"-VII",3,3.4945804627016,5.04228572348436,"-VII",3,4.2299416899651,4.98335424562419,
100,182,"-VII",4,4.71391432168652,4.60507655535834,"-VII",3,4.40521817096356,5.02915542258722,
100,183,"-VI",3,3.46185799130094,5.12141070046148,"-VI",3,3.46185799130094,5.12141070046148,
,,,,,,,,,,
101,177,"-VII",3,3.4945804627016,5.04228572348436,"-VII",3,3.4945804627016,5.04228572348436,
101,178,"-VII",4,4.71391432168652,4.60507655535834,"-VII",4,4.71391432168652,4.60507655535834,
101,179,"-VI",3,3.46185799130094,5.12141070046148,"-VI",3,3.46185799130094,5.12141070046148,
101,180,"-III",4,5.21872672453265,4.46386990605744,"-III",4,5.21872672453265,4.46386990605744,
101,181,"-VII",3,3.4945804627016,5.04228572348436,"-VII",3,3.4945804627016,5.04228572348436,
101,182,"-VII",4,4.71391432168652,4.60507655535834,"iv",4,4.61793482356533,4.60507655535834,0.0959794981211921
101,183,"-VI",3,3.46185799130094,5.12141070046148,"-VI",4,1.71837779676283,4.49005172570135,
101,184,"-VII",4,3.83529824705115,4.46386990605744,"-VII",3,0.229743947050685,1.3802454185684,
101,185,"-VII",4,3.28323158451251,4.30420252736055,"-VII",6,4.08585139440792,3.60593665246335,
101,186,"i",5,3.58666385882413,4.58650602158388,"i",5,2.89604826335595,4.71632513005225,
101,187,"-VII",5,1.80077191216465,4.15101695878688,"-VII",5,3.72737415043963,4.13890996588938,
,,,,,,,,,,
102,151,"-VII",4,3.31831006846019,4.56994911441768,"-VII",4,3.31831006846019,4.56994911441768,
102,152,"-VII",4,4.29698070407611,4.66083263895549,"-VII",4,4.29698070407611,4.66083263895549,
102,153,"-III",4,4.55638541785837,4.76452413870758,"-III",4,4.55638541785837,4.76452413870758,
102,154,"-VII",4,4.0854779857427,4.68886541198983,"-VII",4,4.0854779857427,4.68886541198983,
102,155,"i",4,2.6836015824343,4.69745420615242,"i",4,2.6836015824343,4.69745420615242,
102,156,"-III",5,4.70240822530043,4.4707268564179,"v",5,4.79943190482372,4.4707268564179,0.0970236795232831
102,157,"i",4,4.2146345055176,4.96554254270995,"i",4,1.86111587960668,4.3994305243269,
102,158,"-VI",4,4.10729590952108,4.5631829052558,"-VI",5,5.76660051186027,3.85770476177309,
102,159,"-VII",4,4.0668290389026,4.98461265863688,"-VII",3,3.0209278445811,4.92983753788885,
102,160,"i",3,3.42653275058417,4.8545108754406,"i",4,2.74654872654807,4.64770415054525,
102,161,"-III",4,4.27990818803212,4.61948593488344,"-III",5,4.48252249579467,4.32306547487521,
,,,,,,,,,,
