Comparison,Row,Orig_Symbol,Orig_Order,Orig_IC,Orig_Entropy,Swap_Symbol,Swap_Order,Swap_IC,Swap_Entropy,Distance
1,9,II,3,4.64900527085765,4.98281761458996,II,3,4.64900527085765,4.98281761458996,
1,10,V,3,2.92448780480819,4.91630180478903,V,3,2.92448780480819,4.91630180478903,
1,11,#IV+,4,7.55675822798883,4.62675252345561,#IV+,4,7.55675822798883,4.62675252345561,
1,12,V,1,6.06087405318181,4.93223868934195,V,1,6.06087405318181,4.93223868934195,
1,13,-viio,1,6.44057885220006,5.46776791761767,-viio,1,6.44057885220006,5.46776791761767,
1,14,-viio,2,7.09151487026972,4.41137095173998,#vo,2,7.09151487026972,4.41137095173998,0
1,15,I,1,5.9803776264873,5.22182263054075,I,1,6.52339859818548,3.84836297550931,
1,16,I,1,4.86884752202414,5.48628631663102,I,1,4.86884752202414,5.48628631663102,
1,17,VI,2,5.45549351798498,5.44310068536097,VI,2,5.45549351798498,5.44310068536097,
1,18,vi,3,6.44607336647489,4.76610892390919,vi,3,6.44607336647489,4.76610892390919,
1,19,vio,2,6.56126781061541,5.18566174377883,vio,2,6.56126781061541,5.18566174377883,
,,,,,,,,,,
2,9,II,3,4.64900527085765,4.98281761458996,II,3,4.64900527085765,4.98281761458996,
2,10,V,3,2.92448780480819,4.91630180478903,V,3,2.92448780480819,4.91630180478903,
2,11,#IV+,4,7.55675822798883,4.62675252345561,#IV+,4,7.55675822798883,4.62675252345561,
2,12,V,1,6.06087405318181,4.93223868934195,V,1,6.06087405318181,4.93223868934195,
2,13,-viio,1,6.44057885220006,5.46776791761767,-viio,1,6.44057885220006,5.46776791761767,
2,14,-viio,2,7.09151487026972,4.41137095173998,#V,2,7.09151487026972,4.41137095173998,0
2,15,I,1,5.9803776264873,5.22182263054075,I,1,3.97536358133994,5.1085752938204,
2,16,I,1,4.86884752202414,5.48628631663102,I,2,2.60652243578387,5.20601571267933,
2,17,VI,2,5.45549351798498,5.44310068536097,VI,3,5.64334142413316,5.17896486396948,
2,18,vi,3,6.44607336647489,4.76610892390919,vi,3,6.44607336647489,4.76610892390919,
2,19,vio,2,6.56126781061541,5.18566174377883,vio,2,6.56126781061541,5.18566174377883,
,,,,,,,,,,
3,9,II,3,4.64900527085765,4.98281761458996,II,3,4.64900527085765,4.98281761458996,
3,10,V,3,2.92448780480819,4.91630180478903,V,3,2.92448780480819,4.91630180478903,
3,11,#IV+,4,7.55675822798883,4.62675252345561,#IV+,4,7.55675822798883,4.62675252345561,
3,12,V,1,6.06087405318181,4.93223868934195,V,1,6.06087405318181,4.93223868934195,
3,13,-viio,1,6.44057885220006,5.46776791761767,-viio,1,6.44057885220006,5.46776791761767,
3,14,-viio,2,7.09151487026972,4.41137095173998,I+,2,7.09151487026972,4.41137095173998,0
3,15,I,1,5.9803776264873,5.22182263054075,I,1,2.81781787253126,4.9490568263831,
3,16,I,1,4.86884752202414,5.48628631663102,I,2,3.80877612760711,5.33987163531476,
3,17,VI,2,5.45549351798498,5.44310068536097,VI,3,5.6265490629877,5.27123223780531,
3,18,vi,3,6.44607336647489,4.76610892390919,vi,3,6.44607336647489,4.76610892390919,
3,19,vio,2,6.56126781061541,5.18566174377883,vio,2,6.56126781061541,5.18566174377883,
,,,,,,,,,,
4,9,II,3,4.64900527085765,4.98281761458996,II,3,4.64900527085765,4.98281761458996,
4,10,V,3,2.92448780480819,4.91630180478903,V,3,2.92448780480819,4.91630180478903,
4,11,#IV+,4,7.55675822798883,4.62675252345561,#IV+,4,7.55675822798883,4.62675252345561,
4,12,V,1,6.06087405318181,4.93223868934195,V,1,6.06087405318181,4.93223868934195,
4,13,-viio,1,6.44057885220006,5.46776791761767,-viio,1,6.44057885220006,5.46776791761767,
4,14,-viio,2,7.09151487026972,4.41137095173998,-ii,2,7.09151487026972,4.41137095173998,0
4,15,I,1,5.9803776264873,5.22182263054075,I,1,6.12358257062987,5.1071703513629,
4,16,I,1,4.86884752202414,5.48628631663102,I,1,4.86884752202414,5.48628631663102,
4,17,VI,2,5.45549351798498,5.44310068536097,VI,2,5.45549351798498,5.44310068536097,
4,18,vi,3,6.44607336647489,4.76610892390919,vi,3,6.44607336647489,4.76610892390919,
4,19,vio,2,6.56126781061541,5.18566174377883,vio,2,6.56126781061541,5.18566174377883,
,,,,,,,,,,
5,9,II,3,4.64900527085765,4.98281761458996,II,3,4.64900527085765,4.98281761458996,
5,10,V,3,2.92448780480819,4.91630180478903,V,3,2.92448780480819,4.91630180478903,
5,11,#IV+,4,7.55675822798883,4.62675252345561,#IV+,4,7.55675822798883,4.62675252345561,
5,12,V,1,6.06087405318181,4.93223868934195,V,1,6.06087405318181,4.93223868934195,
5,13,-viio,1,6.44057885220006,5.46776791761767,-viio,1,6.44057885220006,5.46776791761767,
5,14,-viio,2,7.09151487026972,4.41137095173998,-I,2,7.09151487026972,4.41137095173998,0
5,15,I,1,5.9803776264873,5.22182263054075,I,1,5.97727992349992,5.21984955216872,
5,16,I,1,4.86884752202414,5.48628631663102,I,1,4.86884752202414,5.48628631663102,
5,17,VI,2,5.45549351798498,5.44310068536097,VI,2,5.45549351798498,5.44310068536097,
5,18,vi,3,6.44607336647489,4.76610892390919,vi,3,6.44607336647489,4.76610892390919,
5,19,vio,2,6.56126781061541,5.18566174377883,vio,2,6.56126781061541,5.18566174377883,
,,,,,,,,,,
6,13,-viio,1,6.44057885220006,5.46776791761767,-viio,1,6.44057885220006,5.46776791761767,
6,14,-viio,2,7.09151487026972,4.41137095173998,-viio,2,7.09151487026972,4.41137095173998,
6,15,I,1,5.9803776264873,5.22182263054075,I,1,5.9803776264873,5.22182263054075,
6,16,I,1,4.86884752202414,5.48628631663102,I,1,4.86884752202414,5.48628631663102,
6,17,VI,2,5.45549351798498,5.44310068536097,VI,2,5.45549351798498,5.44310068536097,
6,18,vi,3,6.44607336647489,4.76610892390919,iv,3,6.44607336647489,4.76610892390919,0
6,19,vio,2,6.56126781061541,5.18566174377883,vio,2,6.63543387611666,5.24388430355526,
6,20,VI,2,6.83629317169432,4.50444835234932,VI,1,6.35592704288344,5.36605286458902,
6,21,IV,1,5.0862940378646,5.41008436601999,IV,1,5.0862940378646,5.41008436601999,
6,22,iv,2,5.4984924655777,5.31744045961098,iv,2,5.4984924655777,5.31744045961098,
6,23,I,2,3.8974219989938,5.37489094962125,I,2,3.8974219989938,5.37489094962125,
,,,,,,,,,,
7,15,I,1,5.9803776264873,5.22182263054075,I,1,5.9803776264873,5.22182263054075,
7,16,I,1,4.86884752202414,5.48628631663102,I,1,4.86884752202414,5.48628631663102,
7,17,VI,2,5.45549351798498,5.44310068536097,VI,2,5.45549351798498,5.44310068536097,
7,18,vi,3,6.44607336647489,4.76610892390919,vi,3,6.44607336647489,4.76610892390919,
7,19,vio,2,6.56126781061541,5.18566174377883,vio,2,6.56126781061541,5.18566174377883,
7,20,VI,2,6.83629317169432,4.50444835234932,III,2,6.83629317169432,4.50444835234932,0
7,21,IV,1,5.0862940378646,5.41008436601999,IV,1,4.48624924778487,5.3943896617022,
7,22,iv,2,5.4984924655777,5.31744045961098,iv,2,4.92387422063544,5.29677609653846,
7,23,I,2,3.8974219989938,5.37489094962125,I,3,2.53292188102585,5.11523229450318,
7,24,v,3,5.45433236996594,5.30781213255418,v,4,5.68705583641096,4.98283417151077,
7,25,VI,3,7.02876287321282,2.17776402460218,VI,3,7.02876287321282,2.17776402460218,
,,,,,,,,,,
8,23,I,2,3.8974219989938,5.37489094962125,I,2,3.8974219989938,5.37489094962125,
8,24,v,3,5.45433236996594,5.30781213255418,v,3,5.45433236996594,5.30781213255418,
8,25,VI,3,7.02876287321282,2.17776402460218,VI,3,7.02876287321282,2.17776402460218,
8,26,II,3,5.37680289827469,4.09287376817491,II,3,5.37680289827469,4.09287376817491,
8,27,II,2,3.75939185236179,5.19798114591667,II,2,3.75939185236179,5.19798114591667,
8,28,#I,3,6.88142197110138,5.08129831689071,#iv,3,6.88142197110138,5.08129831689071,0
8,29,II,2,4.75044638724839,4.34458450270924,II,2,4.51027936854747,4.24558047647517,
8,30,II,2,2.20973264918111,4.98982344549325,II,2,5.17404529680313,4.98622611573864,
8,31,V,3,4.29990425196351,5.15123666011472,V,2,4.06439138152339,5.34570406620157,
8,32,#IV+,3,7.07091293886822,5.14660013902753,#IV+,3,7.07091293886822,5.14660013902753,
8,33,V,1,6.06087405318181,4.93223868934195,V,1,6.06087405318181,4.93223868934195,
,,,,,,,,,,
9,6,V,4,3.23945519368412,4.42373391410844,V,4,3.23945519368412,4.42373391410844,
9,7,III,4,7.01276000872427,4.39771178131486,III,4,7.01276000872427,4.39771178131486,
9,8,vi,2,2.43164594544916,4.77933173719307,vi,2,2.43164594544916,4.77933173719307,
9,9,II,3,4.64900527085765,4.98281761458996,II,3,4.64900527085765,4.98281761458996,
9,10,V,3,2.92448780480819,4.91630180478903,V,3,2.92448780480819,4.91630180478903,
9,11,#IV+,4,7.55675822798883,4.62675252345561,#iv,4,7.55610379611511,4.62675252345561,0.000654431873725159
9,12,V,1,6.06087405318181,4.93223868934195,V,1,3.15937153839308,5.10426819696387,
9,13,-viio,1,6.44057885220006,5.46776791761767,-viio,2,6.71804307029034,5.25546085071153,
9,14,-viio,2,7.09151487026972,4.41137095173998,-viio,2,7.09151487026972,4.41137095173998,
9,15,I,1,5.9803776264873,5.22182263054075,I,1,5.9803776264873,5.22182263054075,
9,16,I,1,4.86884752202414,5.48628631663102,I,1,4.86884752202414,5.48628631663102,
,,,,,,,,,,
10,6,V,4,3.23945519368412,4.42373391410844,V,4,3.23945519368412,4.42373391410844,
10,7,III,4,7.01276000872427,4.39771178131486,III,4,7.01276000872427,4.39771178131486,
10,8,vi,2,2.43164594544916,4.77933173719307,vi,2,2.43164594544916,4.77933173719307,
10,9,II,3,4.64900527085765,4.98281761458996,II,3,4.64900527085765,4.98281761458996,
10,10,V,3,2.92448780480819,4.91630180478903,V,3,2.92448780480819,4.91630180478903,
10,11,#IV+,4,7.55675822798883,4.62675252345561,-vi,4,7.55610379611511,4.62675252345561,0.000654431873725159
10,12,V,1,6.06087405318181,4.93223868934195,V,1,6.21987059809337,5.15280693405848,
10,13,-viio,1,6.44057885220006,5.46776791761767,-viio,1,6.44057885220006,5.46776791761767,
10,14,-viio,2,7.09151487026972,4.41137095173998,-viio,2,7.09151487026972,4.41137095173998,
10,15,I,1,5.9803776264873,5.22182263054075,I,1,5.9803776264873,5.22182263054075,
10,16,I,1,4.86884752202414,5.48628631663102,I,1,4.86884752202414,5.48628631663102,
,,,,,,,,,,
11,27,II,2,3.75939185236179,5.19798114591667,II,2,3.75939185236179,5.19798114591667,
11,28,#I,3,6.88142197110138,5.08129831689071,#I,3,6.88142197110138,5.08129831689071,
11,29,II,2,4.75044638724839,4.34458450270924,II,2,4.75044638724839,4.34458450270924,
11,30,II,2,2.20973264918111,4.98982344549325,II,2,2.20973264918111,4.98982344549325,
11,31,V,3,4.29990425196351,5.15123666011472,V,3,4.29990425196351,5.15123666011472,
11,32,#IV+,3,7.07091293886822,5.14660013902753,#iv,3,7.07025850699449,5.14660013902753,0.000654431873725159
11,33,V,1,6.06087405318181,4.93223868934195,V,1,3.15937153839308,5.10426819696387,
11,34,-viio,1,6.44057885220006,5.46776791761767,-viio,2,6.71804307029034,5.25546085071153,
11,35,-viio,2,7.09151487026972,4.41137095173998,-viio,2,7.09151487026972,4.41137095173998,
11,36,I,1,5.9803776264873,5.22182263054075,I,1,5.9803776264873,5.22182263054075,
11,37,I,1,4.86884752202414,5.48628631663102,I,1,4.86884752202414,5.48628631663102,
,,,,,,,,,,
12,27,II,2,3.75939185236179,5.19798114591667,II,2,3.75939185236179,5.19798114591667,
12,28,#I,3,6.88142197110138,5.08129831689071,#I,3,6.88142197110138,5.08129831689071,
12,29,II,2,4.75044638724839,4.34458450270924,II,2,4.75044638724839,4.34458450270924,
12,30,II,2,2.20973264918111,4.98982344549325,II,2,2.20973264918111,4.98982344549325,
12,31,V,3,4.29990425196351,5.15123666011472,V,3,4.29990425196351,5.15123666011472,
12,32,#IV+,3,7.07091293886822,5.14660013902753,-vi,3,7.07025850699449,5.14660013902753,0.000654431873725159
12,33,V,1,6.06087405318181,4.93223868934195,V,1,6.21987059809337,5.15280693405848,
12,34,-viio,1,6.44057885220006,5.46776791761767,-viio,1,6.44057885220006,5.46776791761767,
12,35,-viio,2,7.09151487026972,4.41137095173998,-viio,2,7.09151487026972,4.41137095173998,
12,36,I,1,5.9803776264873,5.22182263054075,I,1,5.9803776264873,5.22182263054075,
12,37,I,1,4.86884752202414,5.48628631663102,I,1,4.86884752202414,5.48628631663102,
,,,,,,,,,,
13,20,VI,2,6.83629317169432,4.50444835234932,VI,2,6.83629317169432,4.50444835234932,
13,21,IV,1,5.0862940378646,5.41008436601999,IV,1,5.0862940378646,5.41008436601999,
13,22,iv,2,5.4984924655777,5.31744045961098,iv,2,5.4984924655777,5.31744045961098,
13,23,I,2,3.8974219989938,5.37489094962125,I,2,3.8974219989938,5.37489094962125,
13,24,v,3,5.45433236996594,5.30781213255418,v,3,5.45433236996594,5.30781213255418,
13,25,VI,3,7.02876287321282,2.17776402460218,V,3,7.02772434044508,2.17776402460218,0.00103853276774224
13,26,II,3,5.37680289827469,4.09287376817491,II,2,5.33725507462825,5.29122012434398,
13,27,II,2,3.75939185236179,5.19798114591667,II,3,4.4521443163827,4.69688235163446,
13,28,#I,3,6.88142197110138,5.08129831689071,#I,3,6.72746145904134,5.23768371764506,
13,29,II,2,4.75044638724839,4.34458450270924,II,2,4.75044638724839,4.34458450270924,
13,30,II,2,2.20973264918111,4.98982344549325,II,2,2.20973264918111,4.98982344549325,
,,,,,,,,,,
14,41,VI,2,6.83629317169432,4.50444835234932,VI,2,6.83629317169432,4.50444835234932,
14,42,IV,1,5.0862940378646,5.41008436601999,IV,1,5.0862940378646,5.41008436601999,
14,43,iv,2,5.4984924655777,5.31744045961098,iv,2,5.4984924655777,5.31744045961098,
14,44,I,2,3.8974219989938,5.37489094962125,I,2,3.8974219989938,5.37489094962125,
14,45,v,3,5.45433236996594,5.30781213255418,v,3,5.45433236996594,5.30781213255418,
14,46,VI,3,7.02876287321282,2.17776402460218,V,3,7.02772434044508,2.17776402460218,0.00103853276774224
14,47,II,3,5.37680289827469,4.09287376817491,II,2,5.33725507462825,5.29122012434398,
14,48,V,2,3.46124984047612,5.19798114591667,V,3,1.87981362789728,4.69688235163446,
14,49,V,3,3.70700493862013,5.08879868553718,V,4,3.52271185201155,4.35397269146683,
14,50,I,4,1.7490745462585,4.43795628431705,I,4,3.93489204392412,3.89280794695944,
14,51,VI,5,5.99852803679562,4.71624590486733,VI,4,5.74241502258983,5.13991301696667,
,,,,,,,,,,
15,24,v,3,5.45433236996594,5.30781213255418,v,3,5.45433236996594,5.30781213255418,
15,25,VI,3,7.02876287321282,2.17776402460218,VI,3,7.02876287321282,2.17776402460218,
15,26,II,3,5.37680289827469,4.09287376817491,II,3,5.37680289827469,4.09287376817491,
15,27,II,2,3.75939185236179,5.19798114591667,II,2,3.75939185236179,5.19798114591667,
15,28,#I,3,6.88142197110138,5.08129831689071,#I,3,6.88142197110138,5.08129831689071,
15,29,II,2,4.75044638724839,4.34458450270924,III,2,4.75902367197161,4.34458450270924,0.00857728472321906
15,30,II,2,2.20973264918111,4.98982344549325,II,2,6.18356616100029,4.93845803131496,
15,31,V,3,4.29990425196351,5.15123666011472,V,2,4.70043971814109,5.13987584581331,
15,32,#IV+,3,7.07091293886822,5.14660013902753,#IV+,2,6.87215112094705,5.27942074078078,
15,33,V,1,6.06087405318181,4.93223868934195,V,1,6.06087405318181,4.93223868934195,
15,34,-viio,1,6.44057885220006,5.46776791761767,-viio,1,6.44057885220006,5.46776791761767,
,,,,,,,,,,
16,15,I,1,5.9803776264873,5.22182263054075,I,1,5.9803776264873,5.22182263054075,
16,16,I,1,4.86884752202414,5.48628631663102,I,1,4.86884752202414,5.48628631663102,
16,17,VI,2,5.45549351798498,5.44310068536097,VI,2,5.45549351798498,5.44310068536097,
16,18,vi,3,6.44607336647489,4.76610892390919,vi,3,6.44607336647489,4.76610892390919,
16,19,vio,2,6.56126781061541,5.18566174377883,vio,2,6.56126781061541,5.18566174377883,
16,20,VI,2,6.83629317169432,4.50444835234932,v,2,6.85490884986167,4.50444835234932,0.0186156781673468
16,21,IV,1,5.0862940378646,5.41008436601999,IV,1,4.75289536088479,5.40512852301189,
16,22,iv,2,5.4984924655777,5.31744045961098,iv,2,4.97761990718519,5.36126205644543,
16,23,I,2,3.8974219989938,5.37489094962125,I,3,3.13650721651111,5.2020113622605,
16,24,v,3,5.45433236996594,5.30781213255418,v,4,5.70706544648546,4.9952474114555,
16,25,VI,3,7.02876287321282,2.17776402460218,VI,3,7.02876287321282,2.17776402460218,
,,,,,,,,,,
17,14,-viio,2,7.09151487026972,4.41137095173998,-viio,2,7.09151487026972,4.41137095173998,
17,15,I,1,5.9803776264873,5.22182263054075,I,1,5.9803776264873,5.22182263054075,
17,16,I,1,4.86884752202414,5.48628631663102,I,1,4.86884752202414,5.48628631663102,
17,17,VI,2,5.45549351798498,5.44310068536097,VI,2,5.45549351798498,5.44310068536097,
17,18,vi,3,6.44607336647489,4.76610892390919,vi,3,6.44607336647489,4.76610892390919,
17,19,vio,2,6.56126781061541,5.18566174377883,#io,2,6.58061149759918,5.18566174377883,0.0193436869837686
17,20,VI,2,6.83629317169432,4.50444835234932,VI,2,7.1023728025727,4.03540153331327,
17,21,IV,1,5.0862940378646,5.41008436601999,IV,1,5.0862940378646,5.41008436601999,
17,22,iv,2,5.4984924655777,5.31744045961098,iv,2,5.4984924655777,5.31744045961098,
17,23,I,2,3.8974219989938,5.37489094962125,I,2,3.8974219989938,5.37489094962125,
17,24,v,3,5.45433236996594,5.30781213255418,v,3,5.45433236996594,5.30781213255418,
,,,,,,,,,,
18,12,V,1,6.06087405318181,4.93223868934195,V,1,6.06087405318181,4.93223868934195,
18,13,-viio,1,6.44057885220006,5.46776791761767,-viio,1,6.44057885220006,5.46776791761767,
18,14,-viio,2,7.09151487026972,4.41137095173998,-viio,2,7.09151487026972,4.41137095173998,
18,15,I,1,5.9803776264873,5.22182263054075,I,1,5.9803776264873,5.22182263054075,
18,16,I,1,4.86884752202414,5.48628631663102,I,1,4.86884752202414,5.48628631663102,
18,17,VI,2,5.45549351798498,5.44310068536097,-III,2,5.43594781626783,5.44310068536097,0.0195457017171483
18,18,vi,3,6.44607336647489,4.76610892390919,vi,3,6.48718294719747,5.24145911688926,
18,19,vio,2,6.56126781061541,5.18566174377883,vio,2,6.58411160418166,5.03900676910384,
18,20,VI,2,6.83629317169432,4.50444835234932,VI,2,6.83629317169432,4.50444835234932,
18,21,IV,1,5.0862940378646,5.41008436601999,IV,1,5.0862940378646,5.41008436601999,
18,22,iv,2,5.4984924655777,5.31744045961098,iv,2,5.4984924655777,5.31744045961098,
,,,,,,,,,,
19,12,V,1,6.06087405318181,4.93223868934195,V,1,6.06087405318181,4.93223868934195,
19,13,-viio,1,6.44057885220006,5.46776791761767,-viio,1,6.44057885220006,5.46776791761767,
19,14,-viio,2,7.09151487026972,4.41137095173998,-viio,2,7.09151487026972,4.41137095173998,
19,15,I,1,5.9803776264873,5.22182263054075,I,1,5.9803776264873,5.22182263054075,
19,16,I,1,4.86884752202414,5.48628631663102,I,1,4.86884752202414,5.48628631663102,
19,17,VI,2,5.45549351798498,5.44310068536097,-VI,2,5.43594781626783,5.44310068536097,0.0195457017171483
19,18,vi,3,6.44607336647489,4.76610892390919,vi,3,5.83009903045776,5.11373078653554,
19,19,vio,2,6.56126781061541,5.18566174377883,vio,3,7.07360960675174,4.25904520254682,
19,20,VI,2,6.83629317169432,4.50444835234932,VI,2,6.83629317169432,4.50444835234932,
19,21,IV,1,5.0862940378646,5.41008436601999,IV,1,5.0862940378646,5.41008436601999,
19,22,iv,2,5.4984924655777,5.31744045961098,iv,2,5.4984924655777,5.31744045961098,
,,,,,,,,,,
20,14,-viio,2,7.09151487026972,4.41137095173998,-viio,2,7.09151487026972,4.41137095173998,
20,15,I,1,5.9803776264873,5.22182263054075,I,1,5.9803776264873,5.22182263054075,
20,16,I,1,4.86884752202414,5.48628631663102,I,1,4.86884752202414,5.48628631663102,
20,17,VI,2,5.45549351798498,5.44310068536097,VI,2,5.45549351798498,5.44310068536097,
20,18,vi,3,6.44607336647489,4.76610892390919,vi,3,6.44607336647489,4.76610892390919,
20,19,vio,2,6.56126781061541,5.18566174377883,III+,2,6.54060075137088,5.18566174377883,0.0206670592445306
20,20,VI,2,6.83629317169432,4.50444835234932,VI,1,6.82295888004439,3.84836297550931,
20,21,IV,1,5.0862940378646,5.41008436601999,IV,1,5.0862940378646,5.41008436601999,
20,22,iv,2,5.4984924655777,5.31744045961098,iv,2,5.4984924655777,5.31744045961098,
20,23,I,2,3.8974219989938,5.37489094962125,I,2,3.8974219989938,5.37489094962125,
20,24,v,3,5.45433236996594,5.30781213255418,v,3,5.45433236996594,5.30781213255418,
,,,,,,,,,,
21,8,vi,2,2.43164594544916,4.77933173719307,vi,2,2.43164594544916,4.77933173719307,
21,9,II,3,4.64900527085765,4.98281761458996,II,3,4.64900527085765,4.98281761458996,
21,10,V,3,2.92448780480819,4.91630180478903,V,3,2.92448780480819,4.91630180478903,
21,11,#IV+,4,7.55675822798883,4.62675252345561,#IV+,4,7.55675822798883,4.62675252345561,
21,12,V,1,6.06087405318181,4.93223868934195,V,1,6.06087405318181,4.93223868934195,
21,13,-viio,1,6.44057885220006,5.46776791761767,#io,1,6.41791825478889,5.46776791761767,0.0226605974111722
21,14,-viio,2,7.09151487026972,4.41137095173998,-viio,1,6.95751123171689,4.94182115346123,
21,15,I,1,5.9803776264873,5.22182263054075,I,1,5.9803776264873,5.22182263054075,
21,16,I,1,4.86884752202414,5.48628631663102,I,1,4.86884752202414,5.48628631663102,
21,17,VI,2,5.45549351798498,5.44310068536097,VI,2,5.45549351798498,5.44310068536097,
21,18,vi,3,6.44607336647489,4.76610892390919,vi,3,6.44607336647489,4.76610892390919,
,,,,,,,,,,
22,29,II,2,4.75044638724839,4.34458450270924,II,2,4.75044638724839,4.34458450270924,
22,30,II,2,2.20973264918111,4.98982344549325,II,2,2.20973264918111,4.98982344549325,
22,31,V,3,4.29990425196351,5.15123666011472,V,3,4.29990425196351,5.15123666011472,
22,32,#IV+,3,7.07091293886822,5.14660013902753,#IV+,3,7.07091293886822,5.14660013902753,
22,33,V,1,6.06087405318181,4.93223868934195,V,1,6.06087405318181,4.93223868934195,
22,34,-viio,1,6.44057885220006,5.46776791761767,#io,1,6.41791825478889,5.46776791761767,0.0226605974111722
22,35,-viio,2,7.09151487026972,4.41137095173998,-viio,1,6.95751123171689,4.94182115346123,
22,36,I,1,5.9803776264873,5.22182263054075,I,1,5.9803776264873,5.22182263054075,
22,37,I,1,4.86884752202414,5.48628631663102,I,1,4.86884752202414,5.48628631663102,
22,38,VI,2,5.45549351798498,5.44310068536097,VI,2,5.45549351798498,5.44310068536097,
22,39,vi,3,6.44607336647489,4.76610892390919,vi,3,6.44607336647489,4.76610892390919,
,,,,,,,,,,
23,17,VI,2,5.45549351798498,5.44310068536097,VI,2,5.45549351798498,5.44310068536097,
23,18,vi,3,6.44607336647489,4.76610892390919,vi,3,6.44607336647489,4.76610892390919,
23,19,vio,2,6.56126781061541,5.18566174377883,vio,2,6.56126781061541,5.18566174377883,
23,20,VI,2,6.83629317169432,4.50444835234932,VI,2,6.83629317169432,4.50444835234932,
23,21,IV,1,5.0862940378646,5.41008436601999,IV,1,5.0862940378646,5.41008436601999,
23,22,iv,2,5.4984924655777,5.31744045961098,i,2,5.5213278070068,5.31744045961098,0.0228353414291007
23,23,I,2,3.8974219989938,5.37489094962125,I,2,5.16328334596574,5.35806029861471,
23,24,v,3,5.45433236996594,5.30781213255418,v,3,6.23917735467751,4.96781781340369,
23,25,VI,3,7.02876287321282,2.17776402460218,VI,2,5.28013592865907,5.11083708576929,
23,26,II,3,5.37680289827469,4.09287376817491,II,3,5.37680289827469,4.09287376817491,
23,27,II,2,3.75939185236179,5.19798114591667,II,2,3.75939185236179,5.19798114591667,
,,,,,,,,,,
24,38,VI,2,5.45549351798498,5.44310068536097,VI,2,5.45549351798498,5.44310068536097,
24,39,vi,3,6.44607336647489,4.76610892390919,vi,3,6.44607336647489,4.76610892390919,
24,40,vio,2,6.56126781061541,5.18566174377883,vio,2,6.56126781061541,5.18566174377883,
24,41,VI,2,6.83629317169432,4.50444835234932,VI,2,6.83629317169432,4.50444835234932,
24,42,IV,1,5.0862940378646,5.41008436601999,IV,1,5.0862940378646,5.41008436601999,
24,43,iv,2,5.4984924655777,5.31744045961098,i,2,5.5213278070068,5.31744045961098,0.0228353414291007
24,44,I,2,3.8974219989938,5.37489094962125,I,2,5.16328334596574,5.35806029861471,
24,45,v,3,5.45433236996594,5.30781213255418,v,3,6.23917735467751,4.96781781340369,
24,46,VI,3,7.02876287321282,2.17776402460218,VI,2,5.28013592865907,5.11083708576929,
24,47,II,3,5.37680289827469,4.09287376817491,II,3,5.37680289827469,4.09287376817491,
24,48,V,2,3.46124984047612,5.19798114591667,V,2,3.46124984047612,5.19798114591667,
,,,,,,,,,,
25,9,II,3,4.64900527085765,4.98281761458996,II,3,4.64900527085765,4.98281761458996,
25,10,V,3,2.92448780480819,4.91630180478903,V,3,2.92448780480819,4.91630180478903,
25,11,#IV+,4,7.55675822798883,4.62675252345561,#IV+,4,7.55675822798883,4.62675252345561,
25,12,V,1,6.06087405318181,4.93223868934195,V,1,6.06087405318181,4.93223868934195,
25,13,-viio,1,6.44057885220006,5.46776791761767,-viio,1,6.44057885220006,5.46776791761767,
25,14,-viio,2,7.09151487026972,4.41137095173998,-iiio,2,7.06805589744573,4.41137095173998,0.0234589728239891
25,15,I,1,5.9803776264873,5.22182263054075,I,1,3.78632001000013,4.81266079701231,
25,16,I,1,4.86884752202414,5.48628631663102,I,2,2.60652243578387,5.20601571267933,
25,17,VI,2,5.45549351798498,5.44310068536097,VI,3,5.65911513866171,5.19920108199416,
25,18,vi,3,6.44607336647489,4.76610892390919,vi,3,6.44607336647489,4.76610892390919,
25,19,vio,2,6.56126781061541,5.18566174377883,vio,2,6.56126781061541,5.18566174377883,
,,,,,,,,,,
26,9,II,3,4.64900527085765,4.98281761458996,II,3,4.64900527085765,4.98281761458996,
26,10,V,3,2.92448780480819,4.91630180478903,V,3,2.92448780480819,4.91630180478903,
26,11,#IV+,4,7.55675822798883,4.62675252345561,#IV+,4,7.55675822798883,4.62675252345561,
26,12,V,1,6.06087405318181,4.93223868934195,V,1,6.06087405318181,4.93223868934195,
26,13,-viio,1,6.44057885220006,5.46776791761767,-viio,1,6.44057885220006,5.46776791761767,
26,14,-viio,2,7.09151487026972,4.41137095173998,-vio,2,7.06805589744573,4.41137095173998,0.0234589728239891
26,15,I,1,5.9803776264873,5.22182263054075,I,1,6.04410946867764,5.18604015985044,
26,16,I,1,4.86884752202414,5.48628631663102,I,1,4.86884752202414,5.48628631663102,
26,17,VI,2,5.45549351798498,5.44310068536097,VI,2,5.45549351798498,5.44310068536097,
26,18,vi,3,6.44607336647489,4.76610892390919,vi,3,6.44607336647489,4.76610892390919,
26,19,vio,2,6.56126781061541,5.18566174377883,vio,2,6.56126781061541,5.18566174377883,
,,,,,,,,,,
27,9,II,3,4.64900527085765,4.98281761458996,II,3,4.64900527085765,4.98281761458996,
27,10,V,3,2.92448780480819,4.91630180478903,V,3,2.92448780480819,4.91630180478903,
27,11,#IV+,4,7.55675822798883,4.62675252345561,#IV+,4,7.55675822798883,4.62675252345561,
27,12,V,1,6.06087405318181,4.93223868934195,V,1,6.06087405318181,4.93223868934195,
27,13,-viio,1,6.44057885220006,5.46776791761767,-viio,1,6.44057885220006,5.46776791761767,
27,14,-viio,2,7.09151487026972,4.41137095173998,#iio,2,7.11536161222408,4.41137095173998,0.023846741954368
27,15,I,1,5.9803776264873,5.22182263054075,I,1,5.98013957763916,5.11970854071044,
27,16,I,1,4.86884752202414,5.48628631663102,I,1,4.86884752202414,5.48628631663102,
27,17,VI,2,5.45549351798498,5.44310068536097,VI,2,5.45549351798498,5.44310068536097,
27,18,vi,3,6.44607336647489,4.76610892390919,vi,3,6.44607336647489,4.76610892390919,
27,19,vio,2,6.56126781061541,5.18566174377883,vio,2,6.56126781061541,5.18566174377883,
,,,,,,,,,,
28,9,II,3,4.64900527085765,4.98281761458996,II,3,4.64900527085765,4.98281761458996,
28,10,V,3,2.92448780480819,4.91630180478903,V,3,2.92448780480819,4.91630180478903,
28,11,#IV+,4,7.55675822798883,4.62675252345561,#IV+,4,7.55675822798883,4.62675252345561,
28,12,V,1,6.06087405318181,4.93223868934195,V,1,6.06087405318181,4.93223868934195,
28,13,-viio,1,6.44057885220006,5.46776791761767,-viio,1,6.44057885220006,5.46776791761767,
28,14,-viio,2,7.09151487026972,4.41137095173998,-II+,2,7.11536161222408,4.41137095173998,0.023846741954368
28,15,I,1,5.9803776264873,5.22182263054075,I,1,2.96661694043704,5.12165912583302,
28,16,I,1,4.86884752202414,5.48628631663102,I,2,2.60652243578387,5.20601571267933,
28,17,VI,2,5.45549351798498,5.44310068536097,VI,3,5.65498085295393,5.19894540275283,
28,18,vi,3,6.44607336647489,4.76610892390919,vi,3,6.44607336647489,4.76610892390919,
28,19,vio,2,6.56126781061541,5.18566174377883,vio,2,6.56126781061541,5.18566174377883,
,,,,,,,,,,
29,9,II,3,4.64900527085765,4.98281761458996,II,3,4.64900527085765,4.98281761458996,
29,10,V,3,2.92448780480819,4.91630180478903,V,3,2.92448780480819,4.91630180478903,
29,11,#IV+,4,7.55675822798883,4.62675252345561,#IV+,4,7.55675822798883,4.62675252345561,
29,12,V,1,6.06087405318181,4.93223868934195,V,1,6.06087405318181,4.93223868934195,
29,13,-viio,1,6.44057885220006,5.46776791761767,-viio,1,6.44057885220006,5.46776791761767,
29,14,-viio,2,7.09151487026972,4.41137095173998,#II,2,7.11536161222408,4.41137095173998,0.023846741954368
29,15,I,1,5.9803776264873,5.22182263054075,I,1,5.98584193700334,5.12471339944636,
29,16,I,1,4.86884752202414,5.48628631663102,I,1,4.86884752202414,5.48628631663102,
29,17,VI,2,5.45549351798498,5.44310068536097,VI,2,5.45549351798498,5.44310068536097,
29,18,vi,3,6.44607336647489,4.76610892390919,vi,3,6.44607336647489,4.76610892390919,
29,19,vio,2,6.56126781061541,5.18566174377883,vio,2,6.56126781061541,5.18566174377883,
,,,,,,,,,,
30,9,II,3,4.64900527085765,4.98281761458996,II,3,4.64900527085765,4.98281761458996,
30,10,V,3,2.92448780480819,4.91630180478903,V,3,2.92448780480819,4.91630180478903,
30,11,#IV+,4,7.55675822798883,4.62675252345561,#IV+,4,7.55675822798883,4.62675252345561,
30,12,V,1,6.06087405318181,4.93223868934195,V,1,6.06087405318181,4.93223868934195,
30,13,-viio,1,6.44057885220006,5.46776791761767,-viio,1,6.44057885220006,5.46776791761767,
30,14,-viio,2,7.09151487026972,4.41137095173998,-iio,2,7.11536161222408,4.41137095173998,0.023846741954368
30,15,I,1,5.9803776264873,5.22182263054075,I,1,3.49617470227977,5.21450580564083,
30,16,I,1,4.86884752202414,5.48628631663102,I,2,3.3961608785184,5.31448465231788,
30,17,VI,2,5.45549351798498,5.44310068536097,VI,3,5.64334142413316,5.17896486396948,
30,18,vi,3,6.44607336647489,4.76610892390919,vi,3,6.44607336647489,4.76610892390919,
30,19,vio,2,6.56126781061541,5.18566174377883,vio,2,6.56126781061541,5.18566174377883,
,,,,,,,,,,
31,9,II,3,4.64900527085765,4.98281761458996,II,3,4.64900527085765,4.98281761458996,
31,10,V,3,2.92448780480819,4.91630180478903,V,3,2.92448780480819,4.91630180478903,
31,11,#IV+,4,7.55675822798883,4.62675252345561,#IV+,4,7.55675822798883,4.62675252345561,
31,12,V,1,6.06087405318181,4.93223868934195,V,1,6.06087405318181,4.93223868934195,
31,13,-viio,1,6.44057885220006,5.46776791761767,-viio,1,6.44057885220006,5.46776791761767,
31,14,-viio,2,7.09151487026972,4.41137095173998,io,2,7.11536161222408,4.41137095173998,0.023846741954368
31,15,I,1,5.9803776264873,5.22182263054075,I,1,6.07666716399953,5.07132511297589,
31,16,I,1,4.86884752202414,5.48628631663102,I,1,4.86884752202414,5.48628631663102,
31,17,VI,2,5.45549351798498,5.44310068536097,VI,2,5.45549351798498,5.44310068536097,
31,18,vi,3,6.44607336647489,4.76610892390919,vi,3,6.44607336647489,4.76610892390919,
31,19,vio,2,6.56126781061541,5.18566174377883,vio,2,6.56126781061541,5.18566174377883,
,,,,,,,,,,
32,9,II,3,4.64900527085765,4.98281761458996,II,3,4.64900527085765,4.98281761458996,
32,10,V,3,2.92448780480819,4.91630180478903,V,3,2.92448780480819,4.91630180478903,
32,11,#IV+,4,7.55675822798883,4.62675252345561,#IV+,4,7.55675822798883,4.62675252345561,
32,12,V,1,6.06087405318181,4.93223868934195,V,1,6.06087405318181,4.93223868934195,
32,13,-viio,1,6.44057885220006,5.46776791761767,-viio,1,6.44057885220006,5.46776791761767,
32,14,-viio,2,7.09151487026972,4.41137095173998,III+,2,7.11536161222408,4.41137095173998,0.023846741954368
32,15,I,1,5.9803776264873,5.22182263054075,I,1,6.27922364393312,4.33354749204042,
32,16,I,1,4.86884752202414,5.48628631663102,I,1,4.86884752202414,5.48628631663102,
32,17,VI,2,5.45549351798498,5.44310068536097,VI,2,5.45549351798498,5.44310068536097,
32,18,vi,3,6.44607336647489,4.76610892390919,vi,3,6.44607336647489,4.76610892390919,
32,19,vio,2,6.56126781061541,5.18566174377883,vio,2,6.56126781061541,5.18566174377883,
,,,,,,,,,,
33,9,II,3,4.64900527085765,4.98281761458996,II,3,4.64900527085765,4.98281761458996,
33,10,V,3,2.92448780480819,4.91630180478903,V,3,2.92448780480819,4.91630180478903,
33,11,#IV+,4,7.55675822798883,4.62675252345561,#IV+,4,7.55675822798883,4.62675252345561,
33,12,V,1,6.06087405318181,4.93223868934195,V,1,6.06087405318181,4.93223868934195,
33,13,-viio,1,6.44057885220006,5.46776791761767,-viio,1,6.44057885220006,5.46776791761767,
33,14,-viio,2,7.09151487026972,4.41137095173998,-i,2,7.11536161222408,4.41137095173998,0.023846741954368
33,15,I,1,5.9803776264873,5.22182263054075,I,1,5.98323115312892,5.12274906372548,
33,16,I,1,4.86884752202414,5.48628631663102,I,1,4.86884752202414,5.48628631663102,
33,17,VI,2,5.45549351798498,5.44310068536097,VI,2,5.45549351798498,5.44310068536097,
33,18,vi,3,6.44607336647489,4.76610892390919,vi,3,6.44607336647489,4.76610892390919,
33,19,vio,2,6.56126781061541,5.18566174377883,vio,2,6.56126781061541,5.18566174377883,
,,,,,,,,,,
34,26,II,3,5.37680289827469,4.09287376817491,II,3,5.37680289827469,4.09287376817491,
34,27,II,2,3.75939185236179,5.19798114591667,II,2,3.75939185236179,5.19798114591667,
34,28,#I,3,6.88142197110138,5.08129831689071,#I,3,6.88142197110138,5.08129831689071,
34,29,II,2,4.75044638724839,4.34458450270924,II,2,4.75044638724839,4.34458450270924,
34,30,II,2,2.20973264918111,4.98982344549325,II,2,2.20973264918111,4.98982344549325,
34,31,V,3,4.29990425196351,5.15123666011472,II,3,4.33096729587543,5.15123666011472,0.0310630439119217
34,32,#IV+,3,7.07091293886822,5.14660013902753,#IV+,3,7.35309982131752,4.82896828250935,
34,33,V,1,6.06087405318181,4.93223868934195,V,1,6.06087405318181,4.93223868934195,
34,34,-viio,1,6.44057885220006,5.46776791761767,-viio,1,6.44057885220006,5.46776791761767,
34,35,-viio,2,7.09151487026972,4.41137095173998,-viio,2,7.09151487026972,4.41137095173998,
34,36,I,1,5.9803776264873,5.22182263054075,I,1,5.9803776264873,5.22182263054075,
,,,,,,,,,,
35,15,I,1,5.9803776264873,5.22182263054075,I,1,5.9803776264873,5.22182263054075,
35,16,I,1,4.86884752202414,5.48628631663102,I,1,4.86884752202414,5.48628631663102,
35,17,VI,2,5.45549351798498,5.44310068536097,VI,2,5.45549351798498,5.44310068536097,
35,18,vi,3,6.44607336647489,4.76610892390919,vi,3,6.44607336647489,4.76610892390919,
35,19,vio,2,6.56126781061541,5.18566174377883,vio,2,6.56126781061541,5.18566174377883,
35,20,VI,2,6.83629317169432,4.50444835234932,-III,2,6.79976729566921,4.50444835234932,0.0365258760251139
35,21,IV,1,5.0862940378646,5.41008436601999,IV,1,4.9290417095259,5.45513352390021,
35,22,iv,2,5.4984924655777,5.31744045961098,iv,2,5.0442741086623,5.1392319174647,
35,23,I,2,3.8974219989938,5.37489094962125,I,3,4.0889254092459,5.19429616361652,
35,24,v,3,5.45433236996594,5.30781213255418,v,3,5.45433236996594,5.30781213255418,
35,25,VI,3,7.02876287321282,2.17776402460218,VI,3,7.02876287321282,2.17776402460218,
,,,,,,,,,,
36,12,V,1,6.06087405318181,4.93223868934195,V,1,6.06087405318181,4.93223868934195,
36,13,-viio,1,6.44057885220006,5.46776791761767,-viio,1,6.44057885220006,5.46776791761767,
36,14,-viio,2,7.09151487026972,4.41137095173998,-viio,2,7.09151487026972,4.41137095173998,
36,15,I,1,5.9803776264873,5.22182263054075,I,1,5.9803776264873,5.22182263054075,
36,16,I,1,4.86884752202414,5.48628631663102,I,1,4.86884752202414,5.48628631663102,
36,17,VI,2,5.45549351798498,5.44310068536097,i,2,5.41896764195987,5.44310068536097,0.0365258760251148
36,18,vi,3,6.44607336647489,4.76610892390919,vi,3,6.54683991444548,5.0469373885909,
36,19,vio,2,6.56126781061541,5.18566174377883,vio,2,6.55797468248908,5.2604855815679,
36,20,VI,2,6.83629317169432,4.50444835234932,VI,2,6.83629317169432,4.50444835234932,
36,21,IV,1,5.0862940378646,5.41008436601999,IV,1,5.0862940378646,5.41008436601999,
36,22,iv,2,5.4984924655777,5.31744045961098,iv,2,5.4984924655777,5.31744045961098,
,,,,,,,,,,
37,15,I,1,5.9803776264873,5.22182263054075,I,1,5.9803776264873,5.22182263054075,
37,16,I,1,4.86884752202414,5.48628631663102,I,1,4.86884752202414,5.48628631663102,
37,17,VI,2,5.45549351798498,5.44310068536097,VI,2,5.45549351798498,5.44310068536097,
37,18,vi,3,6.44607336647489,4.76610892390919,vi,3,6.44607336647489,4.76610892390919,
37,19,vio,2,6.56126781061541,5.18566174377883,vio,2,6.56126781061541,5.18566174377883,
37,20,VI,2,6.83629317169432,4.50444835234932,iii,2,6.87376787711299,4.50444835234932,0.0374747054186626
37,21,IV,1,5.0862940378646,5.41008436601999,IV,1,4.7115314712475,5.43840718113987,
37,22,iv,2,5.4984924655777,5.31744045961098,iv,2,5.28752640168831,5.35632013621044,
37,23,I,2,3.8974219989938,5.37489094962125,I,3,2.53292188102585,5.11523229450318,
37,24,v,3,5.45433236996594,5.30781213255418,v,4,5.67356023319076,5.09916399576387,
37,25,VI,3,7.02876287321282,2.17776402460218,VI,3,7.02876287321282,2.17776402460218,
,,,,,,,,,,
38,13,-viio,1,6.44057885220006,5.46776791761767,-viio,1,6.44057885220006,5.46776791761767,
38,14,-viio,2,7.09151487026972,4.41137095173998,-viio,2,7.09151487026972,4.41137095173998,
38,15,I,1,5.9803776264873,5.22182263054075,I,1,5.9803776264873,5.22182263054075,
38,16,I,1,4.86884752202414,5.48628631663102,I,1,4.86884752202414,5.48628631663102,
38,17,VI,2,5.45549351798498,5.44310068536097,VI,2,5.45549351798498,5.44310068536097,
38,18,vi,3,6.44607336647489,4.76610892390919,i,3,6.40770692667784,4.76610892390919,0.0383664397970493
38,19,vio,2,6.56126781061541,5.18566174377883,vio,2,6.60620473948217,4.52944549351693,
38,20,VI,2,6.83629317169432,4.50444835234932,VI,2,7.05269344257694,4.43795205780219,
38,21,IV,1,5.0862940378646,5.41008436601999,IV,1,5.0862940378646,5.41008436601999,
38,22,iv,2,5.4984924655777,5.31744045961098,iv,2,5.4984924655777,5.31744045961098,
38,23,I,2,3.8974219989938,5.37489094962125,I,2,3.8974219989938,5.37489094962125,
,,,,,,,,,,
39,13,-viio,1,6.44057885220006,5.46776791761767,-viio,1,6.44057885220006,5.46776791761767,
39,14,-viio,2,7.09151487026972,4.41137095173998,-viio,2,7.09151487026972,4.41137095173998,
39,15,I,1,5.9803776264873,5.22182263054075,I,1,5.9803776264873,5.22182263054075,
39,16,I,1,4.86884752202414,5.48628631663102,I,1,4.86884752202414,5.48628631663102,
39,17,VI,2,5.45549351798498,5.44310068536097,VI,2,5.45549351798498,5.44310068536097,
39,18,vi,3,6.44607336647489,4.76610892390919,-VI,3,6.48548804758823,4.76610892390919,0.0394146811133442
39,19,vio,2,6.56126781061541,5.18566174377883,vio,2,6.51125281453815,4.94518227970729,
39,20,VI,2,6.83629317169432,4.50444835234932,VI,2,6.83629317169432,4.76009684240542,
39,21,IV,1,5.0862940378646,5.41008436601999,IV,1,5.0862940378646,5.41008436601999,
39,22,iv,2,5.4984924655777,5.31744045961098,iv,2,5.4984924655777,5.31744045961098,
39,23,I,2,3.8974219989938,5.37489094962125,I,2,3.8974219989938,5.37489094962125,
,,,,,,,,,,
40,8,vi,2,2.43164594544916,4.77933173719307,vi,2,2.43164594544916,4.77933173719307,
40,9,II,3,4.64900527085765,4.98281761458996,II,3,4.64900527085765,4.98281761458996,
40,10,V,3,2.92448780480819,4.91630180478903,V,3,2.92448780480819,4.91630180478903,
40,11,#IV+,4,7.55675822798883,4.62675252345561,#IV+,4,7.55675822798883,4.62675252345561,
40,12,V,1,6.06087405318181,4.93223868934195,V,1,6.06087405318181,4.93223868934195,
40,13,-viio,1,6.44057885220006,5.46776791761767,#I,1,6.39683853667006,5.46776791761767,0.04374031553
40,14,-viio,2,7.09151487026972,4.41137095173998,-viio,2,7.21802521308571,4.35072449985965,
40,15,I,1,5.9803776264873,5.22182263054075,I,1,5.9803776264873,5.22182263054075,
40,16,I,1,4.86884752202414,5.48628631663102,I,1,4.86884752202414,5.48628631663102,
40,17,VI,2,5.45549351798498,5.44310068536097,VI,2,5.45549351798498,5.44310068536097,
40,18,vi,3,6.44607336647489,4.76610892390919,vi,3,6.44607336647489,4.76610892390919,
,,,,,,,,,,
41,8,vi,2,2.43164594544916,4.77933173719307,vi,2,2.43164594544916,4.77933173719307,
41,9,II,3,4.64900527085765,4.98281761458996,II,3,4.64900527085765,4.98281761458996,
41,10,V,3,2.92448780480819,4.91630180478903,V,3,2.92448780480819,4.91630180478903,
41,11,#IV+,4,7.55675822798883,4.62675252345561,#IV+,4,7.55675822798883,4.62675252345561,
41,12,V,1,6.06087405318181,4.93223868934195,V,1,6.06087405318181,4.93223868934195,
41,13,-viio,1,6.44057885220006,5.46776791761767,iiio,1,6.39683853667006,5.46776791761767,0.04374031553
41,14,-viio,2,7.09151487026972,4.41137095173998,-viio,2,7.36875690144648,4.09310526409919,
41,15,I,1,5.9803776264873,5.22182263054075,I,1,5.9803776264873,5.22182263054075,
41,16,I,1,4.86884752202414,5.48628631663102,I,1,4.86884752202414,5.48628631663102,
41,17,VI,2,5.45549351798498,5.44310068536097,VI,2,5.45549351798498,5.44310068536097,
41,18,vi,3,6.44607336647489,4.76610892390919,vi,3,6.44607336647489,4.76610892390919,
,,,,,,,,,,
42,8,vi,2,2.43164594544916,4.77933173719307,vi,2,2.43164594544916,4.77933173719307,
42,9,II,3,4.64900527085765,4.98281761458996,II,3,4.64900527085765,4.98281761458996,
42,10,V,3,2.92448780480819,4.91630180478903,V,3,2.92448780480819,4.91630180478903,
42,11,#IV+,4,7.55675822798883,4.62675252345561,#IV+,4,7.55675822798883,4.62675252345561,
42,12,V,1,6.06087405318181,4.93223868934195,V,1,6.06087405318181,4.93223868934195,
42,13,-viio,1,6.44057885220006,5.46776791761767,ivo,1,6.39683853667006,5.46776791761767,0.04374031553
42,14,-viio,2,7.09151487026972,4.41137095173998,-viio,2,6.78336504849531,4.78874376860208,
42,15,I,1,5.9803776264873,5.22182263054075,I,1,5.9803776264873,5.22182263054075,
42,16,I,1,4.86884752202414,5.48628631663102,I,1,4.86884752202414,5.48628631663102,
42,17,VI,2,5.45549351798498,5.44310068536097,VI,2,5.45549351798498,5.44310068536097,
42,18,vi,3,6.44607336647489,4.76610892390919,vi,3,6.44607336647489,4.76610892390919,
,,,,,,,,,,
43,29,II,2,4.75044638724839,4.34458450270924,II,2,4.75044638724839,4.34458450270924,
43,30,II,2,2.20973264918111,4.98982344549325,II,2,2.20973264918111,4.98982344549325,
43,31,V,3,4.29990425196351,5.15123666011472,V,3,4.29990425196351,5.15123666011472,
43,32,#IV+,3,7.07091293886822,5.14660013902753,#IV+,3,7.07091293886822,5.14660013902753,
43,33,V,1,6.06087405318181,4.93223868934195,V,1,6.06087405318181,4.93223868934195,
43,34,-viio,1,6.44057885220006,5.46776791761767,#I,1,6.39683853667006,5.46776791761767,0.04374031553
43,35,-viio,2,7.09151487026972,4.41137095173998,-viio,2,7.21802521308571,4.35072449985965,
43,36,I,1,5.9803776264873,5.22182263054075,I,1,5.9803776264873,5.22182263054075,
43,37,I,1,4.86884752202414,5.48628631663102,I,1,4.86884752202414,5.48628631663102,
43,38,VI,2,5.45549351798498,5.44310068536097,VI,2,5.45549351798498,5.44310068536097,
43,39,vi,3,6.44607336647489,4.76610892390919,vi,3,6.44607336647489,4.76610892390919,
,,,,,,,,,,
44,29,II,2,4.75044638724839,4.34458450270924,II,2,4.75044638724839,4.34458450270924,
44,30,II,2,2.20973264918111,4.98982344549325,II,2,2.20973264918111,4.98982344549325,
44,31,V,3,4.29990425196351,5.15123666011472,V,3,4.29990425196351,5.15123666011472,
44,32,#IV+,3,7.07091293886822,5.14660013902753,#IV+,3,7.07091293886822,5.14660013902753,
44,33,V,1,6.06087405318181,4.93223868934195,V,1,6.06087405318181,4.93223868934195,
44,34,-viio,1,6.44057885220006,5.46776791761767,iiio,1,6.39683853667006,5.46776791761767,0.04374031553
44,35,-viio,2,7.09151487026972,4.41137095173998,-viio,2,7.36875690144648,4.09310526409919,
44,36,I,1,5.9803776264873,5.22182263054075,I,1,5.9803776264873,5.22182263054075,
44,37,I,1,4.86884752202414,5.48628631663102,I,1,4.86884752202414,5.48628631663102,
44,38,VI,2,5.45549351798498,5.44310068536097,VI,2,5.45549351798498,5.44310068536097,
44,39,vi,3,6.44607336647489,4.76610892390919,vi,3,6.44607336647489,4.76610892390919,
,,,,,,,,,,
45,29,II,2,4.75044638724839,4.34458450270924,II,2,4.75044638724839,4.34458450270924,
45,30,II,2,2.20973264918111,4.98982344549325,II,2,2.20973264918111,4.98982344549325,
45,31,V,3,4.29990425196351,5.15123666011472,V,3,4.29990425196351,5.15123666011472,
45,32,#IV+,3,7.07091293886822,5.14660013902753,#IV+,3,7.07091293886822,5.14660013902753,
45,33,V,1,6.06087405318181,4.93223868934195,V,1,6.06087405318181,4.93223868934195,
45,34,-viio,1,6.44057885220006,5.46776791761767,ivo,1,6.39683853667006,5.46776791761767,0.04374031553
45,35,-viio,2,7.09151487026972,4.41137095173998,-viio,2,6.78336504849531,4.78874376860208,
45,36,I,1,5.9803776264873,5.22182263054075,I,1,5.9803776264873,5.22182263054075,
45,37,I,1,4.86884752202414,5.48628631663102,I,1,4.86884752202414,5.48628631663102,
45,38,VI,2,5.45549351798498,5.44310068536097,VI,2,5.45549351798498,5.44310068536097,
45,39,vi,3,6.44607336647489,4.76610892390919,vi,3,6.44607336647489,4.76610892390919,
,,,,,,,,,,
46,8,vi,2,2.43164594544916,4.77933173719307,vi,2,2.43164594544916,4.77933173719307,
46,9,II,3,4.64900527085765,4.98281761458996,II,3,4.64900527085765,4.98281761458996,
46,10,V,3,2.92448780480819,4.91630180478903,V,3,2.92448780480819,4.91630180478903,
46,11,#IV+,4,7.55675822798883,4.62675252345561,#IV+,4,7.55675822798883,4.62675252345561,
46,12,V,1,6.06087405318181,4.93223868934195,V,1,6.06087405318181,4.93223868934195,
46,13,-viio,1,6.44057885220006,5.46776791761767,-iii,1,6.39622318368957,5.46776791761767,0.0443556685104909
46,14,-viio,2,7.09151487026972,4.41137095173998,-viio,1,6.58373016525638,5.46394333362565,
46,15,I,1,5.9803776264873,5.22182263054075,I,1,5.9803776264873,5.22182263054075,
46,16,I,1,4.86884752202414,5.48628631663102,I,1,4.86884752202414,5.48628631663102,
46,17,VI,2,5.45549351798498,5.44310068536097,VI,2,5.45549351798498,5.44310068536097,
46,18,vi,3,6.44607336647489,4.76610892390919,vi,3,6.44607336647489,4.76610892390919,
,,,,,,,,,,
47,29,II,2,4.75044638724839,4.34458450270924,II,2,4.75044638724839,4.34458450270924,
47,30,II,2,2.20973264918111,4.98982344549325,II,2,2.20973264918111,4.98982344549325,
47,31,V,3,4.29990425196351,5.15123666011472,V,3,4.29990425196351,5.15123666011472,
47,32,#IV+,3,7.07091293886822,5.14660013902753,#IV+,3,7.07091293886822,5.14660013902753,
47,33,V,1,6.06087405318181,4.93223868934195,V,1,6.06087405318181,4.93223868934195,
47,34,-viio,1,6.44057885220006,5.46776791761767,-iii,1,6.39622318368957,5.46776791761767,0.0443556685104909
47,35,-viio,2,7.09151487026972,4.41137095173998,-viio,1,6.58373016525638,5.46394333362565,
47,36,I,1,5.9803776264873,5.22182263054075,I,1,5.9803776264873,5.22182263054075,
47,37,I,1,4.86884752202414,5.48628631663102,I,1,4.86884752202414,5.48628631663102,
47,38,VI,2,5.45549351798498,5.44310068536097,VI,2,5.45549351798498,5.44310068536097,
47,39,vi,3,6.44607336647489,4.76610892390919,vi,3,6.44607336647489,4.76610892390919,
,,,,,,,,,,
48,8,vi,2,2.43164594544916,4.77933173719307,vi,2,2.43164594544916,4.77933173719307,
48,9,II,3,4.64900527085765,4.98281761458996,II,3,4.64900527085765,4.98281761458996,
48,10,V,3,2.92448780480819,4.91630180478903,V,3,2.92448780480819,4.91630180478903,
48,11,#IV+,4,7.55675822798883,4.62675252345561,#IV+,4,7.55675822798883,4.62675252345561,
48,12,V,1,6.06087405318181,4.93223868934195,V,1,6.06087405318181,4.93223868934195,
48,13,-viio,1,6.44057885220006,5.46776791761767,#iv,1,6.48503245064743,5.46776791761767,0.0444535984473644
48,14,-viio,2,7.09151487026972,4.41137095173998,-viio,1,6.77359863361943,5.10426819696387,
48,15,I,1,5.9803776264873,5.22182263054075,I,1,5.9803776264873,5.22182263054075,
48,16,I,1,4.86884752202414,5.48628631663102,I,1,4.86884752202414,5.48628631663102,
48,17,VI,2,5.45549351798498,5.44310068536097,VI,2,5.45549351798498,5.44310068536097,
48,18,vi,3,6.44607336647489,4.76610892390919,vi,3,6.44607336647489,4.76610892390919,
,,,,,,,,,,
49,8,vi,2,2.43164594544916,4.77933173719307,vi,2,2.43164594544916,4.77933173719307,
49,9,II,3,4.64900527085765,4.98281761458996,II,3,4.64900527085765,4.98281761458996,
49,10,V,3,2.92448780480819,4.91630180478903,V,3,2.92448780480819,4.91630180478903,
49,11,#IV+,4,7.55675822798883,4.62675252345561,#IV+,4,7.55675822798883,4.62675252345561,
49,12,V,1,6.06087405318181,4.93223868934195,V,1,6.06087405318181,4.93223868934195,
49,13,-viio,1,6.44057885220006,5.46776791761767,-vi,1,6.48503245064743,5.46776791761767,0.0444535984473644
49,14,-viio,2,7.09151487026972,4.41137095173998,-viio,1,6.79692790072918,5.15280693405848,
49,15,I,1,5.9803776264873,5.22182263054075,I,1,5.9803776264873,5.22182263054075,
49,16,I,1,4.86884752202414,5.48628631663102,I,1,4.86884752202414,5.48628631663102,
49,17,VI,2,5.45549351798498,5.44310068536097,VI,2,5.45549351798498,5.44310068536097,
49,18,vi,3,6.44607336647489,4.76610892390919,vi,3,6.44607336647489,4.76610892390919,
,,,,,,,,,,
50,29,II,2,4.75044638724839,4.34458450270924,II,2,4.75044638724839,4.34458450270924,
50,30,II,2,2.20973264918111,4.98982344549325,II,2,2.20973264918111,4.98982344549325,
50,31,V,3,4.29990425196351,5.15123666011472,V,3,4.29990425196351,5.15123666011472,
50,32,#IV+,3,7.07091293886822,5.14660013902753,#IV+,3,7.07091293886822,5.14660013902753,
50,33,V,1,6.06087405318181,4.93223868934195,V,1,6.06087405318181,4.93223868934195,
50,34,-viio,1,6.44057885220006,5.46776791761767,#iv,1,6.48503245064743,5.46776791761767,0.0444535984473644
50,35,-viio,2,7.09151487026972,4.41137095173998,-viio,1,6.77359863361943,5.10426819696387,
50,36,I,1,5.9803776264873,5.22182263054075,I,1,5.9803776264873,5.22182263054075,
50,37,I,1,4.86884752202414,5.48628631663102,I,1,4.86884752202414,5.48628631663102,
50,38,VI,2,5.45549351798498,5.44310068536097,VI,2,5.45549351798498,5.44310068536097,
50,39,vi,3,6.44607336647489,4.76610892390919,vi,3,6.44607336647489,4.76610892390919,
,,,,,,,,,,
51,29,II,2,4.75044638724839,4.34458450270924,II,2,4.75044638724839,4.34458450270924,
51,30,II,2,2.20973264918111,4.98982344549325,II,2,2.20973264918111,4.98982344549325,
51,31,V,3,4.29990425196351,5.15123666011472,V,3,4.29990425196351,5.15123666011472,
51,32,#IV+,3,7.07091293886822,5.14660013902753,#IV+,3,7.07091293886822,5.14660013902753,
51,33,V,1,6.06087405318181,4.93223868934195,V,1,6.06087405318181,4.93223868934195,
51,34,-viio,1,6.44057885220006,5.46776791761767,-vi,1,6.48503245064743,5.46776791761767,0.0444535984473644
51,35,-viio,2,7.09151487026972,4.41137095173998,-viio,1,6.79692790072918,5.15280693405848,
51,36,I,1,5.9803776264873,5.22182263054075,I,1,5.9803776264873,5.22182263054075,
51,37,I,1,4.86884752202414,5.48628631663102,I,1,4.86884752202414,5.48628631663102,
51,38,VI,2,5.45549351798498,5.44310068536097,VI,2,5.45549351798498,5.44310068536097,
51,39,vi,3,6.44607336647489,4.76610892390919,vi,3,6.44607336647489,4.76610892390919,
,,,,,,,,,,
52,6,V,4,3.23945519368412,4.42373391410844,V,4,3.23945519368412,4.42373391410844,
52,7,III,4,7.01276000872427,4.39771178131486,III,4,7.01276000872427,4.39771178131486,
52,8,vi,2,2.43164594544916,4.77933173719307,vi,2,2.43164594544916,4.77933173719307,
52,9,II,3,4.64900527085765,4.98281761458996,II,3,4.64900527085765,4.98281761458996,
52,10,V,3,2.92448780480819,4.91630180478903,V,3,2.92448780480819,4.91630180478903,
52,11,#IV+,4,7.55675822798883,4.62675252345561,-viio,4,7.51165019766774,4.62675252345561,0.0451080303210905
52,12,V,1,6.06087405318181,4.93223868934195,V,2,6.5144575676339,4.41137095173998,
52,13,-viio,1,6.44057885220006,5.46776791761767,-viio,1,6.44057885220006,5.46776791761767,
52,14,-viio,2,7.09151487026972,4.41137095173998,-viio,2,7.09151487026972,4.41137095173998,
52,15,I,1,5.9803776264873,5.22182263054075,I,1,5.9803776264873,5.22182263054075,
52,16,I,1,4.86884752202414,5.48628631663102,I,1,4.86884752202414,5.48628631663102,
,,,,,,,,,,
53,8,vi,2,2.43164594544916,4.77933173719307,vi,2,2.43164594544916,4.77933173719307,
53,9,II,3,4.64900527085765,4.98281761458996,II,3,4.64900527085765,4.98281761458996,
53,10,V,3,2.92448780480819,4.91630180478903,V,3,2.92448780480819,4.91630180478903,
53,11,#IV+,4,7.55675822798883,4.62675252345561,#IV+,4,7.55675822798883,4.62675252345561,
53,12,V,1,6.06087405318181,4.93223868934195,V,1,6.06087405318181,4.93223868934195,
53,13,-viio,1,6.44057885220006,5.46776791761767,#IV+,1,6.48568688252115,5.46776791761767,0.0451080303210905
53,14,-viio,2,7.09151487026972,4.41137095173998,-viio,1,6.63793135581762,4.93223868934195,
53,15,I,1,5.9803776264873,5.22182263054075,I,1,5.9803776264873,5.22182263054075,
53,16,I,1,4.86884752202414,5.48628631663102,I,1,4.86884752202414,5.48628631663102,
53,17,VI,2,5.45549351798498,5.44310068536097,VI,2,5.45549351798498,5.44310068536097,
53,18,vi,3,6.44607336647489,4.76610892390919,vi,3,6.44607336647489,4.76610892390919,
,,,,,,,,,,
54,27,II,2,3.75939185236179,5.19798114591667,II,2,3.75939185236179,5.19798114591667,
54,28,#I,3,6.88142197110138,5.08129831689071,#I,3,6.88142197110138,5.08129831689071,
54,29,II,2,4.75044638724839,4.34458450270924,II,2,4.75044638724839,4.34458450270924,
54,30,II,2,2.20973264918111,4.98982344549325,II,2,2.20973264918111,4.98982344549325,
54,31,V,3,4.29990425196351,5.15123666011472,V,3,4.29990425196351,5.15123666011472,
54,32,#IV+,3,7.07091293886822,5.14660013902753,-viio,3,7.02580490854713,5.14660013902753,0.0451080303210905
54,33,V,1,6.06087405318181,4.93223868934195,V,2,6.5144575676339,4.41137095173998,
54,34,-viio,1,6.44057885220006,5.46776791761767,-viio,1,6.44057885220006,5.46776791761767,
54,35,-viio,2,7.09151487026972,4.41137095173998,-viio,2,7.09151487026972,4.41137095173998,
54,36,I,1,5.9803776264873,5.22182263054075,I,1,5.9803776264873,5.22182263054075,
54,37,I,1,4.86884752202414,5.48628631663102,I,1,4.86884752202414,5.48628631663102,
,,,,,,,,,,
55,29,II,2,4.75044638724839,4.34458450270924,II,2,4.75044638724839,4.34458450270924,
55,30,II,2,2.20973264918111,4.98982344549325,II,2,2.20973264918111,4.98982344549325,
55,31,V,3,4.29990425196351,5.15123666011472,V,3,4.29990425196351,5.15123666011472,
55,32,#IV+,3,7.07091293886822,5.14660013902753,#IV+,3,7.07091293886822,5.14660013902753,
55,33,V,1,6.06087405318181,4.93223868934195,V,1,6.06087405318181,4.93223868934195,
55,34,-viio,1,6.44057885220006,5.46776791761767,#IV+,1,6.48568688252115,5.46776791761767,0.0451080303210905
55,35,-viio,2,7.09151487026972,4.41137095173998,-viio,1,6.63793135581762,4.93223868934195,
55,36,I,1,5.9803776264873,5.22182263054075,I,1,5.9803776264873,5.22182263054075,
55,37,I,1,4.86884752202414,5.48628631663102,I,1,4.86884752202414,5.48628631663102,
55,38,VI,2,5.45549351798498,5.44310068536097,VI,2,5.45549351798498,5.44310068536097,
55,39,vi,3,6.44607336647489,4.76610892390919,vi,3,6.44607336647489,4.76610892390919,
,,,,,,,,,,
56,6,V,4,3.23945519368412,4.42373391410844,V,4,3.23945519368412,4.42373391410844,
56,7,III,4,7.01276000872427,4.39771178131486,III,4,7.01276000872427,4.39771178131486,
56,8,vi,2,2.43164594544916,4.77933173719307,vi,2,2.43164594544916,4.77933173719307,
56,9,II,3,4.64900527085765,4.98281761458996,II,3,4.64900527085765,4.98281761458996,
56,10,V,3,2.92448780480819,4.91630180478903,V,3,2.92448780480819,4.91630180478903,
56,11,#IV+,4,7.55675822798883,4.62675252345561,I+,4,7.60264638205214,4.62675252345561,0.0458881540633049
56,12,V,1,6.06087405318181,4.93223868934195,V,1,6.24862268766842,4.9490568263831,
56,13,-viio,1,6.44057885220006,5.46776791761767,-viio,1,6.44057885220006,5.46776791761767,
56,14,-viio,2,7.09151487026972,4.41137095173998,-viio,2,7.09151487026972,4.41137095173998,
56,15,I,1,5.9803776264873,5.22182263054075,I,1,5.9803776264873,5.22182263054075,
56,16,I,1,4.86884752202414,5.48628631663102,I,1,4.86884752202414,5.48628631663102,
,,,,,,,,,,
57,6,V,4,3.23945519368412,4.42373391410844,V,4,3.23945519368412,4.42373391410844,
57,7,III,4,7.01276000872427,4.39771178131486,III,4,7.01276000872427,4.39771178131486,
57,8,vi,2,2.43164594544916,4.77933173719307,vi,2,2.43164594544916,4.77933173719307,
57,9,II,3,4.64900527085765,4.98281761458996,II,3,4.64900527085765,4.98281761458996,
57,10,V,3,2.92448780480819,4.91630180478903,V,3,2.92448780480819,4.91630180478903,
57,11,#IV+,4,7.55675822798883,4.62675252345561,-ii,4,7.60264638205214,4.62675252345561,0.0458881540633049
57,12,V,1,6.06087405318181,4.93223868934195,V,1,6.20075043115233,5.1071703513629,
57,13,-viio,1,6.44057885220006,5.46776791761767,-viio,1,6.44057885220006,5.46776791761767,
57,14,-viio,2,7.09151487026972,4.41137095173998,-viio,2,7.09151487026972,4.41137095173998,
57,15,I,1,5.9803776264873,5.22182263054075,I,1,5.9803776264873,5.22182263054075,
57,16,I,1,4.86884752202414,5.48628631663102,I,1,4.86884752202414,5.48628631663102,
,,,,,,,,,,
58,6,V,4,3.23945519368412,4.42373391410844,V,4,3.23945519368412,4.42373391410844,
58,7,III,4,7.01276000872427,4.39771178131486,III,4,7.01276000872427,4.39771178131486,
58,8,vi,2,2.43164594544916,4.77933173719307,vi,2,2.43164594544916,4.77933173719307,
58,9,II,3,4.64900527085765,4.98281761458996,II,3,4.64900527085765,4.98281761458996,
58,10,V,3,2.92448780480819,4.91630180478903,V,3,2.92448780480819,4.91630180478903,
58,11,#IV+,4,7.55675822798883,4.62675252345561,-I,4,7.60264638205214,4.62675252345561,0.0458881540633049
58,12,V,1,6.06087405318181,4.93223868934195,V,1,3.48988647536094,5.21984955216872,
58,13,-viio,1,6.44057885220006,5.46776791761767,-viio,2,6.66919982698168,5.15157361282893,
58,14,-viio,2,7.09151487026972,4.41137095173998,-viio,2,7.09151487026972,4.41137095173998,
58,15,I,1,5.9803776264873,5.22182263054075,I,1,5.9803776264873,5.22182263054075,
58,16,I,1,4.86884752202414,5.48628631663102,I,1,4.86884752202414,5.48628631663102,
,,,,,,,,,,
59,27,II,2,3.75939185236179,5.19798114591667,II,2,3.75939185236179,5.19798114591667,
59,28,#I,3,6.88142197110138,5.08129831689071,#I,3,6.88142197110138,5.08129831689071,
59,29,II,2,4.75044638724839,4.34458450270924,II,2,4.75044638724839,4.34458450270924,
59,30,II,2,2.20973264918111,4.98982344549325,II,2,2.20973264918111,4.98982344549325,
59,31,V,3,4.29990425196351,5.15123666011472,V,3,4.29990425196351,5.15123666011472,
59,32,#IV+,3,7.07091293886822,5.14660013902753,I+,3,7.11680109293152,5.14660013902753,0.0458881540633049
59,33,V,1,6.06087405318181,4.93223868934195,V,1,6.24862268766842,4.9490568263831,
59,34,-viio,1,6.44057885220006,5.46776791761767,-viio,1,6.44057885220006,5.46776791761767,
59,35,-viio,2,7.09151487026972,4.41137095173998,-viio,2,7.09151487026972,4.41137095173998,
59,36,I,1,5.9803776264873,5.22182263054075,I,1,5.9803776264873,5.22182263054075,
59,37,I,1,4.86884752202414,5.48628631663102,I,1,4.86884752202414,5.48628631663102,
,,,,,,,,,,
60,27,II,2,3.75939185236179,5.19798114591667,II,2,3.75939185236179,5.19798114591667,
60,28,#I,3,6.88142197110138,5.08129831689071,#I,3,6.88142197110138,5.08129831689071,
60,29,II,2,4.75044638724839,4.34458450270924,II,2,4.75044638724839,4.34458450270924,
60,30,II,2,2.20973264918111,4.98982344549325,II,2,2.20973264918111,4.98982344549325,
60,31,V,3,4.29990425196351,5.15123666011472,V,3,4.29990425196351,5.15123666011472,
60,32,#IV+,3,7.07091293886822,5.14660013902753,-ii,3,7.11680109293152,5.14660013902753,0.0458881540633049
60,33,V,1,6.06087405318181,4.93223868934195,V,1,6.20075043115233,5.1071703513629,
60,34,-viio,1,6.44057885220006,5.46776791761767,-viio,1,6.44057885220006,5.46776791761767,
60,35,-viio,2,7.09151487026972,4.41137095173998,-viio,2,7.09151487026972,4.41137095173998,
60,36,I,1,5.9803776264873,5.22182263054075,I,1,5.9803776264873,5.22182263054075,
60,37,I,1,4.86884752202414,5.48628631663102,I,1,4.86884752202414,5.48628631663102,
,,,,,,,,,,
61,27,II,2,3.75939185236179,5.19798114591667,II,2,3.75939185236179,5.19798114591667,
61,28,#I,3,6.88142197110138,5.08129831689071,#I,3,6.88142197110138,5.08129831689071,
61,29,II,2,4.75044638724839,4.34458450270924,II,2,4.75044638724839,4.34458450270924,
61,30,II,2,2.20973264918111,4.98982344549325,II,2,2.20973264918111,4.98982344549325,
61,31,V,3,4.29990425196351,5.15123666011472,V,3,4.29990425196351,5.15123666011472,
61,32,#IV+,3,7.07091293886822,5.14660013902753,-I,3,7.11680109293152,5.14660013902753,0.0458881540633049
61,33,V,1,6.06087405318181,4.93223868934195,V,1,3.48988647536094,5.21984955216872,
61,34,-viio,1,6.44057885220006,5.46776791761767,-viio,2,6.66919982698168,5.15157361282893,
61,35,-viio,2,7.09151487026972,4.41137095173998,-viio,2,7.09151487026972,4.41137095173998,
61,36,I,1,5.9803776264873,5.22182263054075,I,1,5.9803776264873,5.22182263054075,
61,37,I,1,4.86884752202414,5.48628631663102,I,1,4.86884752202414,5.48628631663102,
,,,,,,,,,,
62,9,II,3,4.64900527085765,4.98281761458996,II,3,4.64900527085765,4.98281761458996,
62,10,V,3,2.92448780480819,4.91630180478903,V,3,2.92448780480819,4.91630180478903,
62,11,#IV+,4,7.55675822798883,4.62675252345561,#IV+,4,7.55675822798883,4.62675252345561,
62,12,V,1,6.06087405318181,4.93223868934195,V,1,6.06087405318181,4.93223868934195,
62,13,-viio,1,6.44057885220006,5.46776791761767,-viio,1,6.44057885220006,5.46776791761767,
62,14,-viio,2,7.09151487026972,4.41137095173998,#I,2,7.04497228433268,4.41137095173998,0.0465425859370301
62,15,I,1,5.9803776264873,5.22182263054075,I,1,4.20279596927781,5.20415519694246,
62,16,I,1,4.86884752202414,5.48628631663102,I,2,5.07799099324808,5.37766773532902,
62,17,VI,2,5.45549351798498,5.44310068536097,VI,2,5.45549351798498,5.44310068536097,
62,18,vi,3,6.44607336647489,4.76610892390919,vi,3,6.44607336647489,4.76610892390919,
62,19,vio,2,6.56126781061541,5.18566174377883,vio,2,6.56126781061541,5.18566174377883,
,,,,,,,,,,
63,9,II,3,4.64900527085765,4.98281761458996,II,3,4.64900527085765,4.98281761458996,
63,10,V,3,2.92448780480819,4.91630180478903,V,3,2.92448780480819,4.91630180478903,
63,11,#IV+,4,7.55675822798883,4.62675252345561,#IV+,4,7.55675822798883,4.62675252345561,
63,12,V,1,6.06087405318181,4.93223868934195,V,1,6.06087405318181,4.93223868934195,
63,13,-viio,1,6.44057885220006,5.46776791761767,-viio,1,6.44057885220006,5.46776791761767,
63,14,-viio,2,7.09151487026972,4.41137095173998,iiio,2,7.04497228433268,4.41137095173998,0.0465425859370301
63,15,I,1,5.9803776264873,5.22182263054075,I,1,6.17700419466094,4.94980646281231,
63,16,I,1,4.86884752202414,5.48628631663102,I,1,4.86884752202414,5.48628631663102,
63,17,VI,2,5.45549351798498,5.44310068536097,VI,2,5.45549351798498,5.44310068536097,
63,18,vi,3,6.44607336647489,4.76610892390919,vi,3,6.44607336647489,4.76610892390919,
63,19,vio,2,6.56126781061541,5.18566174377883,vio,2,6.56126781061541,5.18566174377883,
,,,,,,,,,,
64,9,II,3,4.64900527085765,4.98281761458996,II,3,4.64900527085765,4.98281761458996,
64,10,V,3,2.92448780480819,4.91630180478903,V,3,2.92448780480819,4.91630180478903,
64,11,#IV+,4,7.55675822798883,4.62675252345561,#IV+,4,7.55675822798883,4.62675252345561,
64,12,V,1,6.06087405318181,4.93223868934195,V,1,6.06087405318181,4.93223868934195,
64,13,-viio,1,6.44057885220006,5.46776791761767,-viio,1,6.44057885220006,5.46776791761767,
64,14,-viio,2,7.09151487026972,4.41137095173998,#iv,2,7.04497228433268,4.41137095173998,0.0465425859370301
64,15,I,1,5.9803776264873,5.22182263054075,I,1,6.11937347046116,5.10426819696387,
64,16,I,1,4.86884752202414,5.48628631663102,I,1,4.86884752202414,5.48628631663102,
64,17,VI,2,5.45549351798498,5.44310068536097,VI,2,5.45549351798498,5.44310068536097,
64,18,vi,3,6.44607336647489,4.76610892390919,vi,3,6.44607336647489,4.76610892390919,
64,19,vio,2,6.56126781061541,5.18566174377883,vio,2,6.56126781061541,5.18566174377883,
,,,,,,,,,,
65,9,II,3,4.64900527085765,4.98281761458996,II,3,4.64900527085765,4.98281761458996,
65,10,V,3,2.92448780480819,4.91630180478903,V,3,2.92448780480819,4.91630180478903,
65,11,#IV+,4,7.55675822798883,4.62675252345561,#IV+,4,7.55675822798883,4.62675252345561,
65,12,V,1,6.06087405318181,4.93223868934195,V,1,6.06087405318181,4.93223868934195,
65,13,-viio,1,6.44057885220006,5.46776791761767,-viio,1,6.44057885220006,5.46776791761767,
65,14,-viio,2,7.09151487026972,4.41137095173998,-vi,2,7.04497228433268,4.41137095173998,0.0465425859370301
65,15,I,1,5.9803776264873,5.22182263054075,I,1,6.14270273757091,5.15280693405848,
65,16,I,1,4.86884752202414,5.48628631663102,I,1,4.86884752202414,5.48628631663102,
65,17,VI,2,5.45549351798498,5.44310068536097,VI,2,5.45549351798498,5.44310068536097,
65,18,vi,3,6.44607336647489,4.76610892390919,vi,3,6.44607336647489,4.76610892390919,
65,19,vio,2,6.56126781061541,5.18566174377883,vio,2,6.56126781061541,5.18566174377883,
,,,,,,,,,,
66,9,II,3,4.64900527085765,4.98281761458996,II,3,4.64900527085765,4.98281761458996,
66,10,V,3,2.92448780480819,4.91630180478903,V,3,2.92448780480819,4.91630180478903,
66,11,#IV+,4,7.55675822798883,4.62675252345561,#IV+,4,7.55675822798883,4.62675252345561,
66,12,V,1,6.06087405318181,4.93223868934195,V,1,6.06087405318181,4.93223868934195,
66,13,-viio,1,6.44057885220006,5.46776791761767,-viio,1,6.44057885220006,5.46776791761767,
66,14,-viio,2,7.09151487026972,4.41137095173998,ivo,2,7.04497228433268,4.41137095173998,0.0465425859370301
66,15,I,1,5.9803776264873,5.22182263054075,I,1,4.26401123677866,5.19911437655426,
66,16,I,1,4.86884752202414,5.48628631663102,I,2,5.08852668711659,5.21595671102122,
66,17,VI,2,5.45549351798498,5.44310068536097,VI,2,5.45549351798498,5.44310068536097,
66,18,vi,3,6.44607336647489,4.76610892390919,vi,3,6.44607336647489,4.76610892390919,
66,19,vio,2,6.56126781061541,5.18566174377883,vio,2,6.56126781061541,5.18566174377883,
,,,,,,,,,,
67,9,II,3,4.64900527085765,4.98281761458996,II,3,4.64900527085765,4.98281761458996,
67,10,V,3,2.92448780480819,4.91630180478903,V,3,2.92448780480819,4.91630180478903,
67,11,#IV+,4,7.55675822798883,4.62675252345561,#IV+,4,7.55675822798883,4.62675252345561,
67,12,V,1,6.06087405318181,4.93223868934195,V,1,6.06087405318181,4.93223868934195,
67,13,-viio,1,6.44057885220006,5.46776791761767,-viio,1,6.44057885220006,5.46776791761767,
67,14,-viio,2,7.09151487026972,4.41137095173998,-III+,2,7.13960915847076,4.41137095173998,0.0480942882010451
67,15,I,1,5.9803776264873,5.22182263054075,I,1,5.98323115312892,4.93186181824458,
67,16,I,1,4.86884752202414,5.48628631663102,I,1,4.86884752202414,5.48628631663102,
67,17,VI,2,5.45549351798498,5.44310068536097,VI,2,5.45549351798498,5.44310068536097,
67,18,vi,3,6.44607336647489,4.76610892390919,vi,3,6.44607336647489,4.76610892390919,
67,19,vio,2,6.56126781061541,5.18566174377883,vio,2,6.56126781061541,5.18566174377883,
,,,,,,,,,,
68,9,II,3,4.64900527085765,4.98281761458996,II,3,4.64900527085765,4.98281761458996,
68,10,V,3,2.92448780480819,4.91630180478903,V,3,2.92448780480819,4.91630180478903,
68,11,#IV+,4,7.55675822798883,4.62675252345561,#IV+,4,7.55675822798883,4.62675252345561,
68,12,V,1,6.06087405318181,4.93223868934195,V,1,6.06087405318181,4.93223868934195,
68,13,-viio,1,6.44057885220006,5.46776791761767,-viio,1,6.44057885220006,5.46776791761767,
68,14,-viio,2,7.09151487026972,4.41137095173998,VII+,2,7.13960915847076,4.41137095173998,0.0480942882010451
68,15,I,1,5.9803776264873,5.22182263054075,I,1,5.98679014278239,4.93495729874853,
68,16,I,1,4.86884752202414,5.48628631663102,I,1,4.86884752202414,5.48628631663102,
68,17,VI,2,5.45549351798498,5.44310068536097,VI,2,5.45549351798498,5.44310068536097,
68,18,vi,3,6.44607336647489,4.76610892390919,vi,3,6.44607336647489,4.76610892390919,
68,19,vio,2,6.56126781061541,5.18566174377883,vio,2,6.56126781061541,5.18566174377883,
,,,,,,,,,,
69,9,II,3,4.64900527085765,4.98281761458996,II,3,4.64900527085765,4.98281761458996,
69,10,V,3,2.92448780480819,4.91630180478903,V,3,2.92448780480819,4.91630180478903,
69,11,#IV+,4,7.55675822798883,4.62675252345561,#IV+,4,7.55675822798883,4.62675252345561,
69,12,V,1,6.06087405318181,4.93223868934195,V,1,6.06087405318181,4.93223868934195,
69,13,-viio,1,6.44057885220006,5.46776791761767,-viio,1,6.44057885220006,5.46776791761767,
69,14,-viio,2,7.09151487026972,4.41137095173998,#IV+,2,7.13960915847076,4.41137095173998,0.0480942882010451
69,15,I,1,5.9803776264873,5.22182263054075,I,1,5.98370619265935,4.93223868934195,
69,16,I,1,4.86884752202414,5.48628631663102,I,1,4.86884752202414,5.48628631663102,
69,17,VI,2,5.45549351798498,5.44310068536097,VI,2,5.45549351798498,5.44310068536097,
69,18,vi,3,6.44607336647489,4.76610892390919,vi,3,6.44607336647489,4.76610892390919,
69,19,vio,2,6.56126781061541,5.18566174377883,vio,2,6.56126781061541,5.18566174377883,
,,,,,,,,,,
70,9,II,3,4.64900527085765,4.98281761458996,II,3,4.64900527085765,4.98281761458996,
70,10,V,3,2.92448780480819,4.91630180478903,V,3,2.92448780480819,4.91630180478903,
70,11,#IV+,4,7.55675822798883,4.62675252345561,#IV+,4,7.55675822798883,4.62675252345561,
70,12,V,1,6.06087405318181,4.93223868934195,V,1,6.06087405318181,4.93223868934195,
70,13,-viio,1,6.44057885220006,5.46776791761767,-viio,1,6.44057885220006,5.46776791761767,
70,14,-viio,2,7.09151487026972,4.41137095173998,-IV,2,7.13960915847076,4.41137095173998,0.0480942882010451
70,15,I,1,5.9803776264873,5.22182263054075,I,1,5.98584193700334,4.93406901657077,
70,16,I,1,4.86884752202414,5.48628631663102,I,1,4.86884752202414,5.48628631663102,
70,17,VI,2,5.45549351798498,5.44310068536097,VI,2,5.45549351798498,5.44310068536097,
70,18,vi,3,6.44607336647489,4.76610892390919,vi,3,6.44607336647489,4.76610892390919,
70,19,vio,2,6.56126781061541,5.18566174377883,vio,2,6.56126781061541,5.18566174377883,
,,,,,,,,,,
71,9,II,3,4.64900527085765,4.98281761458996,II,3,4.64900527085765,4.98281761458996,
71,10,V,3,2.92448780480819,4.91630180478903,V,3,2.92448780480819,4.91630180478903,
71,11,#IV+,4,7.55675822798883,4.62675252345561,#IV+,4,7.55675822798883,4.62675252345561,
71,12,V,1,6.06087405318181,4.93223868934195,V,1,6.06087405318181,4.93223868934195,
71,13,-viio,1,6.44057885220006,5.46776791761767,-viio,1,6.44057885220006,5.46776791761767,
71,14,-viio,2,7.09151487026972,4.41137095173998,-VII+,2,7.13960915847076,4.41137095173998,0.0480942882010451
71,15,I,1,5.9803776264873,5.22182263054075,I,1,5.98584193700334,4.93406901657077,
71,16,I,1,4.86884752202414,5.48628631663102,I,1,4.86884752202414,5.48628631663102,
71,17,VI,2,5.45549351798498,5.44310068536097,VI,2,5.45549351798498,5.44310068536097,
71,18,vi,3,6.44607336647489,4.76610892390919,vi,3,6.44607336647489,4.76610892390919,
71,19,vio,2,6.56126781061541,5.18566174377883,vio,2,6.56126781061541,5.18566174377883,
,,,,,,,,,,
72,9,II,3,4.64900527085765,4.98281761458996,II,3,4.64900527085765,4.98281761458996,
72,10,V,3,2.92448780480819,4.91630180478903,V,3,2.92448780480819,4.91630180478903,
72,11,#IV+,4,7.55675822798883,4.62675252345561,#IV+,4,7.55675822798883,4.62675252345561,
72,12,V,1,6.06087405318181,4.93223868934195,V,1,6.06087405318181,4.93223868934195,
72,13,-viio,1,6.44057885220006,5.46776791761767,-viio,1,6.44057885220006,5.46776791761767,
72,14,-viio,2,7.09151487026972,4.41137095173998,#v,2,7.13960915847076,4.41137095173998,0.0480942882010451
72,15,I,1,5.9803776264873,5.22182263054075,I,1,2.96869467831132,5.12093210705644,
72,16,I,1,4.86884752202414,5.48628631663102,I,2,2.60652243578387,5.20601571267933,
72,17,VI,2,5.45549351798498,5.44310068536097,VI,3,5.65249458275587,5.30599563894077,
72,18,vi,3,6.44607336647489,4.76610892390919,vi,3,6.44607336647489,4.76610892390919,
72,19,vio,2,6.56126781061541,5.18566174377883,vio,2,6.56126781061541,5.18566174377883,
,,,,,,,,,,
73,9,II,3,4.64900527085765,4.98281761458996,II,3,4.64900527085765,4.98281761458996,
73,10,V,3,2.92448780480819,4.91630180478903,V,3,2.92448780480819,4.91630180478903,
73,11,#IV+,4,7.55675822798883,4.62675252345561,#IV+,4,7.55675822798883,4.62675252345561,
73,12,V,1,6.06087405318181,4.93223868934195,V,1,6.06087405318181,4.93223868934195,
73,13,-viio,1,6.44057885220006,5.46776791761767,-viio,1,6.44057885220006,5.46776791761767,
73,14,-viio,2,7.09151487026972,4.41137095173998,IV+,2,7.13960915847076,4.41137095173998,0.0480942882010451
73,15,I,1,5.9803776264873,5.22182263054075,I,1,5.98370619265935,4.93223868934195,
73,16,I,1,4.86884752202414,5.48628631663102,I,1,4.86884752202414,5.48628631663102,
73,17,VI,2,5.45549351798498,5.44310068536097,VI,2,5.45549351798498,5.44310068536097,
73,18,vi,3,6.44607336647489,4.76610892390919,vi,3,6.44607336647489,4.76610892390919,
73,19,vio,2,6.56126781061541,5.18566174377883,vio,2,6.56126781061541,5.18566174377883,
,,,,,,,,,,
74,9,II,3,4.64900527085765,4.98281761458996,II,3,4.64900527085765,4.98281761458996,
74,10,V,3,2.92448780480819,4.91630180478903,V,3,2.92448780480819,4.91630180478903,
74,11,#IV+,4,7.55675822798883,4.62675252345561,#IV+,4,7.55675822798883,4.62675252345561,
74,12,V,1,6.06087405318181,4.93223868934195,V,1,6.06087405318181,4.93223868934195,
74,13,-viio,1,6.44057885220006,5.46776791761767,-viio,1,6.44057885220006,5.46776791761767,
74,14,-viio,2,7.09151487026972,4.41137095173998,-vo,2,7.13960915847076,4.41137095173998,0.0480942882010451
74,15,I,1,5.9803776264873,5.22182263054075,I,1,5.98986751461647,4.93819931304133,
74,16,I,1,4.86884752202414,5.48628631663102,I,1,4.86884752202414,5.48628631663102,
74,17,VI,2,5.45549351798498,5.44310068536097,VI,2,5.45549351798498,5.44310068536097,
74,18,vi,3,6.44607336647489,4.76610892390919,vi,3,6.44607336647489,4.76610892390919,
74,19,vio,2,6.56126781061541,5.18566174377883,vio,2,6.56126781061541,5.18566174377883,
,,,,,,,,,,
75,12,V,1,6.06087405318181,4.93223868934195,V,1,6.06087405318181,4.93223868934195,
75,13,-viio,1,6.44057885220006,5.46776791761767,-viio,1,6.44057885220006,5.46776791761767,
75,14,-viio,2,7.09151487026972,4.41137095173998,-viio,2,7.09151487026972,4.41137095173998,
75,15,I,1,5.9803776264873,5.22182263054075,I,1,5.9803776264873,5.22182263054075,
75,16,I,1,4.86884752202414,5.48628631663102,I,1,4.86884752202414,5.48628631663102,
75,17,VI,2,5.45549351798498,5.44310068536097,II,2,5.50564662280467,5.44310068536097,0.0501531048196933
75,18,vi,3,6.44607336647489,4.76610892390919,vi,3,6.64325202737324,4.79388839136295,
75,19,vio,2,6.56126781061541,5.18566174377883,vio,2,6.57762163166143,5.18876617904028,
75,20,VI,2,6.83629317169432,4.50444835234932,VI,2,6.83629317169432,4.50444835234932,
75,21,IV,1,5.0862940378646,5.41008436601999,IV,1,5.0862940378646,5.41008436601999,
75,22,iv,2,5.4984924655777,5.31744045961098,iv,2,5.4984924655777,5.31744045961098,
,,,,,,,,,,
76,14,-viio,2,7.09151487026972,4.41137095173998,-viio,2,7.09151487026972,4.41137095173998,
76,15,I,1,5.9803776264873,5.22182263054075,I,1,5.9803776264873,5.22182263054075,
76,16,I,1,4.86884752202414,5.48628631663102,I,1,4.86884752202414,5.48628631663102,
76,17,VI,2,5.45549351798498,5.44310068536097,VI,2,5.45549351798498,5.44310068536097,
76,18,vi,3,6.44607336647489,4.76610892390919,vi,3,6.44607336647489,4.76610892390919,
76,19,vio,2,6.56126781061541,5.18566174377883,iio,2,6.50474586876976,5.18566174377883,0.0565219418456477
76,20,VI,2,6.83629317169432,4.50444835234932,VI,2,6.38601822285486,5.1615327587241,
76,21,IV,1,5.0862940378646,5.41008436601999,IV,1,5.0862940378646,5.41008436601999,
76,22,iv,2,5.4984924655777,5.31744045961098,iv,2,5.4984924655777,5.31744045961098,
76,23,I,2,3.8974219989938,5.37489094962125,I,2,3.8974219989938,5.37489094962125,
76,24,v,3,5.45433236996594,5.30781213255418,v,3,5.45433236996594,5.30781213255418,
,,,,,,,,,,
77,44,I,2,3.8974219989938,5.37489094962125,I,2,3.8974219989938,5.37489094962125,
77,45,v,3,5.45433236996594,5.30781213255418,v,3,5.45433236996594,5.30781213255418,
77,46,VI,3,7.02876287321282,2.17776402460218,VI,3,7.02876287321282,2.17776402460218,
77,47,II,3,5.37680289827469,4.09287376817491,II,3,5.37680289827469,4.09287376817491,
77,48,V,2,3.46124984047612,5.19798114591667,V,2,3.46124984047612,5.19798114591667,
77,49,V,3,3.70700493862013,5.08879868553718,II,3,3.64846619453538,5.08879868553718,0.0585387440847538
77,50,I,4,1.7490745462585,4.43795628431705,I,4,4.50697301505854,4.27006679109291,
77,51,VI,5,5.99852803679562,4.71624590486733,VI,4,5.8260104824199,4.56674911951524,
77,52,II,4,2.05418239482863,4.12542863805778,II,3,4.33501662025231,4.87478889141669,
77,53,V,5,3.48739548533166,4.2839590676177,V,3,2.98195936833716,4.88679900278626,
77,54,I,4,2.15631414685123,4.5519058795432,I,4,2.15631414685123,4.5519058795432,
,,,,,,,,,,
78,23,I,2,3.8974219989938,5.37489094962125,I,2,3.8974219989938,5.37489094962125,
78,24,v,3,5.45433236996594,5.30781213255418,v,3,5.45433236996594,5.30781213255418,
78,25,VI,3,7.02876287321282,2.17776402460218,VI,3,7.02876287321282,2.17776402460218,
78,26,II,3,5.37680289827469,4.09287376817491,II,3,5.37680289827469,4.09287376817491,
78,27,II,2,3.75939185236179,5.19798114591667,II,2,3.75939185236179,5.19798114591667,
78,28,#I,3,6.88142197110138,5.08129831689071,VII,3,6.94391065789697,5.08129831689071,0.0624886867955938
78,29,II,2,4.75044638724839,4.34458450270924,II,1,6.44095219802964,5.34615609753799,
78,30,II,2,2.20973264918111,4.98982344549325,II,1,4.88543392942954,5.43555175497452,
78,31,V,3,4.29990425196351,5.15123666011472,V,2,4.06439138152339,5.34570406620157,
78,32,#IV+,3,7.07091293886822,5.14660013902753,#IV+,3,7.07091293886822,5.14660013902753,
78,33,V,1,6.06087405318181,4.93223868934195,V,1,6.06087405318181,4.93223868934195,
,,,,,,,,,,
79,13,-viio,1,6.44057885220006,5.46776791761767,-viio,1,6.44057885220006,5.46776791761767,
79,14,-viio,2,7.09151487026972,4.41137095173998,-viio,2,7.09151487026972,4.41137095173998,
79,15,I,1,5.9803776264873,5.22182263054075,I,1,5.9803776264873,5.22182263054075,
79,16,I,1,4.86884752202414,5.48628631663102,I,1,4.86884752202414,5.48628631663102,
79,17,VI,2,5.45549351798498,5.44310068536097,VI,2,5.45549351798498,5.44310068536097,
79,18,vi,3,6.44607336647489,4.76610892390919,III,3,6.51237573684304,4.76610892390919,0.0663023703681551
79,19,vio,2,6.56126781061541,5.18566174377883,vio,2,6.72511186143562,5.10255486846943,
79,20,VI,2,6.83629317169432,4.50444835234932,VI,1,6.35592704288344,5.36605286458902,
79,21,IV,1,5.0862940378646,5.41008436601999,IV,1,5.0862940378646,5.41008436601999,
79,22,iv,2,5.4984924655777,5.31744045961098,iv,2,5.4984924655777,5.31744045961098,
79,23,I,2,3.8974219989938,5.37489094962125,I,2,3.8974219989938,5.37489094962125,
,,,,,,,,,,
80,24,v,3,5.45433236996594,5.30781213255418,v,3,5.45433236996594,5.30781213255418,
80,25,VI,3,7.02876287321282,2.17776402460218,VI,3,7.02876287321282,2.17776402460218,
80,26,II,3,5.37680289827469,4.09287376817491,II,3,5.37680289827469,4.09287376817491,
80,27,II,2,3.75939185236179,5.19798114591667,II,2,3.75939185236179,5.19798114591667,
80,28,#I,3,6.88142197110138,5.08129831689071,#I,3,6.88142197110138,5.08129831689071,
80,29,II,2,4.75044638724839,4.34458450270924,I,2,4.68360432098434,4.34458450270924,0.0668420662640514
80,30,II,2,2.20973264918111,4.98982344549325,II,2,5.89824290932012,5.37766773532902,
80,31,V,3,4.29990425196351,5.15123666011472,V,2,3.66671194289278,5.08778759064252,
80,32,#IV+,3,7.07091293886822,5.14660013902753,#IV+,3,7.16352770645993,5.00539318378597,
80,33,V,1,6.06087405318181,4.93223868934195,V,1,6.06087405318181,4.93223868934195,
80,34,-viio,1,6.44057885220006,5.46776791761767,-viio,1,6.44057885220006,5.46776791761767,
,,,,,,,,,,
81,6,V,4,3.23945519368412,4.42373391410844,V,4,3.23945519368412,4.42373391410844,
81,7,III,4,7.01276000872427,4.39771178131486,III,4,7.01276000872427,4.39771178131486,
81,8,vi,2,2.43164594544916,4.77933173719307,vi,2,2.43164594544916,4.77933173719307,
81,9,II,3,4.64900527085765,4.98281761458996,II,3,4.64900527085765,4.98281761458996,
81,10,V,3,2.92448780480819,4.91630180478903,V,3,2.92448780480819,4.91630180478903,
81,11,#IV+,4,7.55675822798883,4.62675252345561,#io,4,7.48898960025657,4.62675252345561,0.0677686277322627
81,12,V,1,6.06087405318181,4.93223868934195,V,1,3.11477964137458,4.94182115346123,
81,13,-viio,1,6.44057885220006,5.46776791761767,-viio,2,6.64384984545541,5.32933971300425,
81,14,-viio,2,7.09151487026972,4.41137095173998,-viio,2,7.09151487026972,4.41137095173998,
81,15,I,1,5.9803776264873,5.22182263054075,I,1,5.9803776264873,5.22182263054075,
81,16,I,1,4.86884752202414,5.48628631663102,I,1,4.86884752202414,5.48628631663102,
,,,,,,,,,,
82,27,II,2,3.75939185236179,5.19798114591667,II,2,3.75939185236179,5.19798114591667,
82,28,#I,3,6.88142197110138,5.08129831689071,#I,3,6.88142197110138,5.08129831689071,
82,29,II,2,4.75044638724839,4.34458450270924,II,2,4.75044638724839,4.34458450270924,
82,30,II,2,2.20973264918111,4.98982344549325,II,2,2.20973264918111,4.98982344549325,
82,31,V,3,4.29990425196351,5.15123666011472,V,3,4.29990425196351,5.15123666011472,
82,32,#IV+,3,7.07091293886822,5.14660013902753,#io,3,7.00314431113595,5.14660013902753,0.0677686277322627
82,33,V,1,6.06087405318181,4.93223868934195,V,1,3.11477964137458,4.94182115346123,
82,34,-viio,1,6.44057885220006,5.46776791761767,-viio,2,6.64384984545541,5.32933971300425,
82,35,-viio,2,7.09151487026972,4.41137095173998,-viio,2,7.09151487026972,4.41137095173998,
82,36,I,1,5.9803776264873,5.22182263054075,I,1,5.9803776264873,5.22182263054075,
82,37,I,1,4.86884752202414,5.48628631663102,I,1,4.86884752202414,5.48628631663102,
,,,,,,,,,,
83,6,V,4,3.23945519368412,4.42373391410844,V,4,3.23945519368412,4.42373391410844,
83,7,III,4,7.01276000872427,4.39771178131486,III,4,7.01276000872427,4.39771178131486,
83,8,vi,2,2.43164594544916,4.77933173719307,vi,2,2.43164594544916,4.77933173719307,
83,9,II,3,4.64900527085765,4.98281761458996,II,3,4.64900527085765,4.98281761458996,
83,10,V,3,2.92448780480819,4.91630180478903,V,3,2.92448780480819,4.91630180478903,
83,11,#IV+,4,7.55675822798883,4.62675252345561,#iio,4,7.6264931240065,4.62675252345561,0.069734896017672
83,12,V,1,6.06087405318181,4.93223868934195,V,1,6.05730743816162,5.11970854071044,
83,13,-viio,1,6.44057885220006,5.46776791761767,-viio,1,6.44057885220006,5.46776791761767,
83,14,-viio,2,7.09151487026972,4.41137095173998,-viio,2,7.09151487026972,4.41137095173998,
83,15,I,1,5.9803776264873,5.22182263054075,I,1,5.9803776264873,5.22182263054075,
83,16,I,1,4.86884752202414,5.48628631663102,I,1,4.86884752202414,5.48628631663102,
,,,,,,,,,,
84,6,V,4,3.23945519368412,4.42373391410844,V,4,3.23945519368412,4.42373391410844,
84,7,III,4,7.01276000872427,4.39771178131486,III,4,7.01276000872427,4.39771178131486,
84,8,vi,2,2.43164594544916,4.77933173719307,vi,2,2.43164594544916,4.77933173719307,
84,9,II,3,4.64900527085765,4.98281761458996,II,3,4.64900527085765,4.98281761458996,
84,10,V,3,2.92448780480819,4.91630180478903,V,3,2.92448780480819,4.91630180478903,
84,11,#IV+,4,7.55675822798883,4.62675252345561,-II+,4,7.6264931240065,4.62675252345561,0.069734896017672
84,12,V,1,6.06087405318181,4.93223868934195,V,1,6.05873514242547,5.12165912583302,
84,13,-viio,1,6.44057885220006,5.46776791761767,-viio,1,6.44057885220006,5.46776791761767,
84,14,-viio,2,7.09151487026972,4.41137095173998,-viio,2,7.09151487026972,4.41137095173998,
84,15,I,1,5.9803776264873,5.22182263054075,I,1,5.9803776264873,5.22182263054075,
84,16,I,1,4.86884752202414,5.48628631663102,I,1,4.86884752202414,5.48628631663102,
,,,,,,,,,,
85,6,V,4,3.23945519368412,4.42373391410844,V,4,3.23945519368412,4.42373391410844,
85,7,III,4,7.01276000872427,4.39771178131486,III,4,7.01276000872427,4.39771178131486,
85,8,vi,2,2.43164594544916,4.77933173719307,vi,2,2.43164594544916,4.77933173719307,
85,9,II,3,4.64900527085765,4.98281761458996,II,3,4.64900527085765,4.98281761458996,
85,10,V,3,2.92448780480819,4.91630180478903,V,3,2.92448780480819,4.91630180478903,
85,11,#IV+,4,7.55675822798883,4.62675252345561,#II,4,7.6264931240065,4.62675252345561,0.069734896017672
85,12,V,1,6.06087405318181,4.93223868934195,V,1,6.0630097975258,5.12471339944636,
85,13,-viio,1,6.44057885220006,5.46776791761767,-viio,1,6.44057885220006,5.46776791761767,
85,14,-viio,2,7.09151487026972,4.41137095173998,-viio,2,7.09151487026972,4.41137095173998,
85,15,I,1,5.9803776264873,5.22182263054075,I,1,5.9803776264873,5.22182263054075,
85,16,I,1,4.86884752202414,5.48628631663102,I,1,4.86884752202414,5.48628631663102,
,,,,,,,,,,
86,6,V,4,3.23945519368412,4.42373391410844,V,4,3.23945519368412,4.42373391410844,
86,7,III,4,7.01276000872427,4.39771178131486,III,4,7.01276000872427,4.39771178131486,
86,8,vi,2,2.43164594544916,4.77933173719307,vi,2,2.43164594544916,4.77933173719307,
86,9,II,3,4.64900527085765,4.98281761458996,II,3,4.64900527085765,4.98281761458996,
86,10,V,3,2.92448780480819,4.91630180478903,V,3,2.92448780480819,4.91630180478903,
86,11,#IV+,4,7.55675822798883,4.62675252345561,-iio,4,7.6264931240065,4.62675252345561,0.069734896017672
86,12,V,1,6.06087405318181,4.93223868934195,V,1,6.04727375113464,5.21450580564083,
86,13,-viio,1,6.44057885220006,5.46776791761767,-viio,1,6.44057885220006,5.46776791761767,
86,14,-viio,2,7.09151487026972,4.41137095173998,-viio,2,7.09151487026972,4.41137095173998,
86,15,I,1,5.9803776264873,5.22182263054075,I,1,5.9803776264873,5.22182263054075,
86,16,I,1,4.86884752202414,5.48628631663102,I,1,4.86884752202414,5.48628631663102,
,,,,,,,,,,
87,6,V,4,3.23945519368412,4.42373391410844,V,4,3.23945519368412,4.42373391410844,
87,7,III,4,7.01276000872427,4.39771178131486,III,4,7.01276000872427,4.39771178131486,
87,8,vi,2,2.43164594544916,4.77933173719307,vi,2,2.43164594544916,4.77933173719307,
87,9,II,3,4.64900527085765,4.98281761458996,II,3,4.64900527085765,4.98281761458996,
87,10,V,3,2.92448780480819,4.91630180478903,V,3,2.92448780480819,4.91630180478903,
87,11,#IV+,4,7.55675822798883,4.62675252345561,io,4,7.6264931240065,4.62675252345561,0.069734896017672
87,12,V,1,6.06087405318181,4.93223868934195,V,1,3.60003345528729,5.07132511297589,
87,13,-viio,1,6.44057885220006,5.46776791761767,-viio,2,6.67093179140497,5.1495352607091,
87,14,-viio,2,7.09151487026972,4.41137095173998,-viio,2,7.09151487026972,4.41137095173998,
87,15,I,1,5.9803776264873,5.22182263054075,I,1,5.9803776264873,5.22182263054075,
87,16,I,1,4.86884752202414,5.48628631663102,I,1,4.86884752202414,5.48628631663102,
,,,,,,,,,,
88,6,V,4,3.23945519368412,4.42373391410844,V,4,3.23945519368412,4.42373391410844,
88,7,III,4,7.01276000872427,4.39771178131486,III,4,7.01276000872427,4.39771178131486,
88,8,vi,2,2.43164594544916,4.77933173719307,vi,2,2.43164594544916,4.77933173719307,
88,9,II,3,4.64900527085765,4.98281761458996,II,3,4.64900527085765,4.98281761458996,
88,10,V,3,2.92448780480819,4.91630180478903,V,3,2.92448780480819,4.91630180478903,
88,11,#IV+,4,7.55675822798883,4.62675252345561,III+,4,7.6264931240065,4.62675252345561,0.069734896017672
88,12,V,1,6.06087405318181,4.93223868934195,V,1,6.35639150445558,4.33354749204042,
88,13,-viio,1,6.44057885220006,5.46776791761767,-viio,1,6.44057885220006,5.46776791761767,
88,14,-viio,2,7.09151487026972,4.41137095173998,-viio,2,7.09151487026972,4.41137095173998,
88,15,I,1,5.9803776264873,5.22182263054075,I,1,5.9803776264873,5.22182263054075,
88,16,I,1,4.86884752202414,5.48628631663102,I,1,4.86884752202414,5.48628631663102,
,,,,,,,,,,
89,6,V,4,3.23945519368412,4.42373391410844,V,4,3.23945519368412,4.42373391410844,
89,7,III,4,7.01276000872427,4.39771178131486,III,4,7.01276000872427,4.39771178131486,
89,8,vi,2,2.43164594544916,4.77933173719307,vi,2,2.43164594544916,4.77933173719307,
89,9,II,3,4.64900527085765,4.98281761458996,II,3,4.64900527085765,4.98281761458996,
89,10,V,3,2.92448780480819,4.91630180478903,V,3,2.92448780480819,4.91630180478903,
89,11,#IV+,4,7.55675822798883,4.62675252345561,-i,4,7.6264931240065,4.62675252345561,0.069734896017672
89,12,V,1,6.06087405318181,4.93223868934195,V,1,6.06039901365138,5.12274906372548,
89,13,-viio,1,6.44057885220006,5.46776791761767,-viio,1,6.44057885220006,5.46776791761767,
89,14,-viio,2,7.09151487026972,4.41137095173998,-viio,2,7.09151487026972,4.41137095173998,
89,15,I,1,5.9803776264873,5.22182263054075,I,1,5.9803776264873,5.22182263054075,
89,16,I,1,4.86884752202414,5.48628631663102,I,1,4.86884752202414,5.48628631663102,
,,,,,,,,,,
90,27,II,2,3.75939185236179,5.19798114591667,II,2,3.75939185236179,5.19798114591667,
90,28,#I,3,6.88142197110138,5.08129831689071,#I,3,6.88142197110138,5.08129831689071,
90,29,II,2,4.75044638724839,4.34458450270924,II,2,4.75044638724839,4.34458450270924,
90,30,II,2,2.20973264918111,4.98982344549325,II,2,2.20973264918111,4.98982344549325,
90,31,V,3,4.29990425196351,5.15123666011472,V,3,4.29990425196351,5.15123666011472,
90,32,#IV+,3,7.07091293886822,5.14660013902753,#iio,3,7.14064783488589,5.14660013902753,0.0697348960176729
90,33,V,1,6.06087405318181,4.93223868934195,V,1,6.05730743816162,5.11970854071044,
90,34,-viio,1,6.44057885220006,5.46776791761767,-viio,1,6.44057885220006,5.46776791761767,
90,35,-viio,2,7.09151487026972,4.41137095173998,-viio,2,7.09151487026972,4.41137095173998,
90,36,I,1,5.9803776264873,5.22182263054075,I,1,5.9803776264873,5.22182263054075,
90,37,I,1,4.86884752202414,5.48628631663102,I,1,4.86884752202414,5.48628631663102,
,,,,,,,,,,
91,27,II,2,3.75939185236179,5.19798114591667,II,2,3.75939185236179,5.19798114591667,
91,28,#I,3,6.88142197110138,5.08129831689071,#I,3,6.88142197110138,5.08129831689071,
91,29,II,2,4.75044638724839,4.34458450270924,II,2,4.75044638724839,4.34458450270924,
91,30,II,2,2.20973264918111,4.98982344549325,II,2,2.20973264918111,4.98982344549325,
91,31,V,3,4.29990425196351,5.15123666011472,V,3,4.29990425196351,5.15123666011472,
91,32,#IV+,3,7.07091293886822,5.14660013902753,-II+,3,7.14064783488589,5.14660013902753,0.0697348960176729
91,33,V,1,6.06087405318181,4.93223868934195,V,1,6.05873514242547,5.12165912583302,
91,34,-viio,1,6.44057885220006,5.46776791761767,-viio,1,6.44057885220006,5.46776791761767,
91,35,-viio,2,7.09151487026972,4.41137095173998,-viio,2,7.09151487026972,4.41137095173998,
91,36,I,1,5.9803776264873,5.22182263054075,I,1,5.9803776264873,5.22182263054075,
91,37,I,1,4.86884752202414,5.48628631663102,I,1,4.86884752202414,5.48628631663102,
,,,,,,,,,,
92,27,II,2,3.75939185236179,5.19798114591667,II,2,3.75939185236179,5.19798114591667,
92,28,#I,3,6.88142197110138,5.08129831689071,#I,3,6.88142197110138,5.08129831689071,
92,29,II,2,4.75044638724839,4.34458450270924,II,2,4.75044638724839,4.34458450270924,
92,30,II,2,2.20973264918111,4.98982344549325,II,2,2.20973264918111,4.98982344549325,
92,31,V,3,4.29990425196351,5.15123666011472,V,3,4.29990425196351,5.15123666011472,
92,32,#IV+,3,7.07091293886822,5.14660013902753,#II,3,7.14064783488589,5.14660013902753,0.0697348960176729
92,33,V,1,6.06087405318181,4.93223868934195,V,1,6.0630097975258,5.12471339944636,
92,34,-viio,1,6.44057885220006,5.46776791761767,-viio,1,6.44057885220006,5.46776791761767,
92,35,-viio,2,7.09151487026972,4.41137095173998,-viio,2,7.09151487026972,4.41137095173998,
92,36,I,1,5.9803776264873,5.22182263054075,I,1,5.9803776264873,5.22182263054075,
92,37,I,1,4.86884752202414,5.48628631663102,I,1,4.86884752202414,5.48628631663102,
,,,,,,,,,,
93,27,II,2,3.75939185236179,5.19798114591667,II,2,3.75939185236179,5.19798114591667,
93,28,#I,3,6.88142197110138,5.08129831689071,#I,3,6.88142197110138,5.08129831689071,
93,29,II,2,4.75044638724839,4.34458450270924,II,2,4.75044638724839,4.34458450270924,
93,30,II,2,2.20973264918111,4.98982344549325,II,2,2.20973264918111,4.98982344549325,
93,31,V,3,4.29990425196351,5.15123666011472,V,3,4.29990425196351,5.15123666011472,
93,32,#IV+,3,7.07091293886822,5.14660013902753,-iio,3,7.14064783488589,5.14660013902753,0.0697348960176729
93,33,V,1,6.06087405318181,4.93223868934195,V,1,6.04727375113464,5.21450580564083,
93,34,-viio,1,6.44057885220006,5.46776791761767,-viio,1,6.44057885220006,5.46776791761767,
93,35,-viio,2,7.09151487026972,4.41137095173998,-viio,2,7.09151487026972,4.41137095173998,
93,36,I,1,5.9803776264873,5.22182263054075,I,1,5.9803776264873,5.22182263054075,
93,37,I,1,4.86884752202414,5.48628631663102,I,1,4.86884752202414,5.48628631663102,
,,,,,,,,,,
94,27,II,2,3.75939185236179,5.19798114591667,II,2,3.75939185236179,5.19798114591667,
94,28,#I,3,6.88142197110138,5.08129831689071,#I,3,6.88142197110138,5.08129831689071,
94,29,II,2,4.75044638724839,4.34458450270924,II,2,4.75044638724839,4.34458450270924,
94,30,II,2,2.20973264918111,4.98982344549325,II,2,2.20973264918111,4.98982344549325,
94,31,V,3,4.29990425196351,5.15123666011472,V,3,4.29990425196351,5.15123666011472,
94,32,#IV+,3,7.07091293886822,5.14660013902753,io,3,7.14064783488589,5.14660013902753,0.0697348960176729
94,33,V,1,6.06087405318181,4.93223868934195,V,1,3.60003345528729,5.07132511297589,
94,34,-viio,1,6.44057885220006,5.46776791761767,-viio,2,6.67093179140497,5.1495352607091,
94,35,-viio,2,7.09151487026972,4.41137095173998,-viio,2,7.09151487026972,4.41137095173998,
94,36,I,1,5.9803776264873,5.22182263054075,I,1,5.9803776264873,5.22182263054075,
94,37,I,1,4.86884752202414,5.48628631663102,I,1,4.86884752202414,5.48628631663102,
,,,,,,,,,,
95,27,II,2,3.75939185236179,5.19798114591667,II,2,3.75939185236179,5.19798114591667,
95,28,#I,3,6.88142197110138,5.08129831689071,#I,3,6.88142197110138,5.08129831689071,
95,29,II,2,4.75044638724839,4.34458450270924,II,2,4.75044638724839,4.34458450270924,
95,30,II,2,2.20973264918111,4.98982344549325,II,2,2.20973264918111,4.98982344549325,
95,31,V,3,4.29990425196351,5.15123666011472,V,3,4.29990425196351,5.15123666011472,
95,32,#IV+,3,7.07091293886822,5.14660013902753,III+,3,7.14064783488589,5.14660013902753,0.0697348960176729
95,33,V,1,6.06087405318181,4.93223868934195,V,1,6.35639150445558,4.33354749204042,
95,34,-viio,1,6.44057885220006,5.46776791761767,-viio,1,6.44057885220006,5.46776791761767,
95,35,-viio,2,7.09151487026972,4.41137095173998,-viio,2,7.09151487026972,4.41137095173998,
95,36,I,1,5.9803776264873,5.22182263054075,I,1,5.9803776264873,5.22182263054075,
95,37,I,1,4.86884752202414,5.48628631663102,I,1,4.86884752202414,5.48628631663102,
,,,,,,,,,,
96,27,II,2,3.75939185236179,5.19798114591667,II,2,3.75939185236179,5.19798114591667,
96,28,#I,3,6.88142197110138,5.08129831689071,#I,3,6.88142197110138,5.08129831689071,
96,29,II,2,4.75044638724839,4.34458450270924,II,2,4.75044638724839,4.34458450270924,
96,30,II,2,2.20973264918111,4.98982344549325,II,2,2.20973264918111,4.98982344549325,
96,31,V,3,4.29990425196351,5.15123666011472,V,3,4.29990425196351,5.15123666011472,
96,32,#IV+,3,7.07091293886822,5.14660013902753,-i,3,7.14064783488589,5.14660013902753,0.0697348960176729
96,33,V,1,6.06087405318181,4.93223868934195,V,1,6.06039901365138,5.12274906372548,
96,34,-viio,1,6.44057885220006,5.46776791761767,-viio,1,6.44057885220006,5.46776791761767,
96,35,-viio,2,7.09151487026972,4.41137095173998,-viio,2,7.09151487026972,4.41137095173998,
96,36,I,1,5.9803776264873,5.22182263054075,I,1,5.9803776264873,5.22182263054075,
96,37,I,1,4.86884752202414,5.48628631663102,I,1,4.86884752202414,5.48628631663102,
,,,,,,,,,,
97,14,-viio,2,7.09151487026972,4.41137095173998,-viio,2,7.09151487026972,4.41137095173998,
97,15,I,1,5.9803776264873,5.22182263054075,I,1,5.9803776264873,5.22182263054075,
97,16,I,1,4.86884752202414,5.48628631663102,I,1,4.86884752202414,5.48628631663102,
97,17,VI,2,5.45549351798498,5.44310068536097,VI,2,5.45549351798498,5.44310068536097,
97,18,vi,3,6.44607336647489,4.76610892390919,vi,3,6.44607336647489,4.76610892390919,
97,19,vio,2,6.56126781061541,5.18566174377883,VII,2,6.48638682940784,5.18566174377883,0.0748809812075706
97,20,VI,2,6.83629317169432,4.50444835234932,VI,2,6.0432891183661,4.43800396067578,
97,21,IV,1,5.0862940378646,5.41008436601999,IV,2,5.38495057752268,4.9732971892112,
97,22,iv,2,5.4984924655777,5.31744045961098,iv,2,5.4984924655777,5.31744045961098,
97,23,I,2,3.8974219989938,5.37489094962125,I,2,3.8974219989938,5.37489094962125,
97,24,v,3,5.45433236996594,5.30781213255418,v,3,5.45433236996594,5.30781213255418,
,,,,,,,,,,
98,14,-viio,2,7.09151487026972,4.41137095173998,-viio,2,7.09151487026972,4.41137095173998,
98,15,I,1,5.9803776264873,5.22182263054075,I,1,5.9803776264873,5.22182263054075,
98,16,I,1,4.86884752202414,5.48628631663102,I,1,4.86884752202414,5.48628631663102,
98,17,VI,2,5.45549351798498,5.44310068536097,VI,2,5.45549351798498,5.44310068536097,
98,18,vi,3,6.44607336647489,4.76610892390919,vi,3,6.44607336647489,4.76610892390919,
98,19,vio,2,6.56126781061541,5.18566174377883,-II,2,6.48638682940784,5.18566174377883,0.0748809812075706
98,20,VI,2,6.83629317169432,4.50444835234932,VI,2,6.45142248023662,5.0493404978541,
98,21,IV,1,5.0862940378646,5.41008436601999,IV,1,5.0862940378646,5.41008436601999,
98,22,iv,2,5.4984924655777,5.31744045961098,iv,2,5.4984924655777,5.31744045961098,
98,23,I,2,3.8974219989938,5.37489094962125,I,2,3.8974219989938,5.37489094962125,
98,24,v,3,5.45433236996594,5.30781213255418,v,3,5.45433236996594,5.30781213255418,
,,,,,,,,,,
99,7,III,4,7.01276000872427,4.39771178131486,III,4,7.01276000872427,4.39771178131486,
99,8,vi,2,2.43164594544916,4.77933173719307,vi,2,2.43164594544916,4.77933173719307,
99,9,II,3,4.64900527085765,4.98281761458996,II,3,4.64900527085765,4.98281761458996,
99,10,V,3,2.92448780480819,4.91630180478903,V,3,2.92448780480819,4.91630180478903,
99,11,#IV+,4,7.55675822798883,4.62675252345561,#IV+,4,7.55675822798883,4.62675252345561,
99,12,V,1,6.06087405318181,4.93223868934195,I,1,5.98370619265935,4.93223868934195,0.0771678605224597
99,13,-viio,1,6.44057885220006,5.46776791761767,-viio,1,6.50913349422454,5.48628631663102,
99,14,-viio,2,7.09151487026972,4.41137095173998,-viio,1,6.63460278964557,5.22182263054075,
99,15,I,1,5.9803776264873,5.22182263054075,I,1,5.9803776264873,5.22182263054075,
99,16,I,1,4.86884752202414,5.48628631663102,I,1,4.86884752202414,5.48628631663102,
99,17,VI,2,5.45549351798498,5.44310068536097,VI,2,5.45549351798498,5.44310068536097,
,,,,,,,,,,
100,10,V,3,2.92448780480819,4.91630180478903,V,3,2.92448780480819,4.91630180478903,
100,11,#IV+,4,7.55675822798883,4.62675252345561,#IV+,4,7.55675822798883,4.62675252345561,
100,12,V,1,6.06087405318181,4.93223868934195,V,1,6.06087405318181,4.93223868934195,
100,13,-viio,1,6.44057885220006,5.46776791761767,-viio,1,6.44057885220006,5.46776791761767,
100,14,-viio,2,7.09151487026972,4.41137095173998,-viio,2,7.09151487026972,4.41137095173998,
100,15,I,1,5.9803776264873,5.22182263054075,V,1,6.05754548700976,5.22182263054075,0.0771678605224597
100,16,I,1,4.86884752202414,5.48628631663102,I,1,4.85286976859889,5.46776791761767,
100,17,VI,2,5.45549351798498,5.44310068536097,VI,2,5.59841821924535,5.45637022837553,
100,18,vi,3,6.44607336647489,4.76610892390919,vi,3,6.55473216344202,4.59731136684263,
100,19,vio,2,6.56126781061541,5.18566174377883,vio,2,6.56126781061541,5.18566174377883,
100,20,VI,2,6.83629317169432,4.50444835234932,VI,2,6.83629317169432,4.50444835234932,
,,,,,,,,,,
101,28,#I,3,6.88142197110138,5.08129831689071,#I,3,6.88142197110138,5.08129831689071,
101,29,II,2,4.75044638724839,4.34458450270924,II,2,4.75044638724839,4.34458450270924,
101,30,II,2,2.20973264918111,4.98982344549325,II,2,2.20973264918111,4.98982344549325,
101,31,V,3,4.29990425196351,5.15123666011472,V,3,4.29990425196351,5.15123666011472,
101,32,#IV+,3,7.07091293886822,5.14660013902753,#IV+,3,7.07091293886822,5.14660013902753,
101,33,V,1,6.06087405318181,4.93223868934195,I,1,5.98370619265935,4.93223868934195,0.0771678605224597
101,34,-viio,1,6.44057885220006,5.46776791761767,-viio,1,6.50913349422454,5.48628631663102,
101,35,-viio,2,7.09151487026972,4.41137095173998,-viio,1,6.63460278964557,5.22182263054075,
101,36,I,1,5.9803776264873,5.22182263054075,I,1,5.9803776264873,5.22182263054075,
101,37,I,1,4.86884752202414,5.48628631663102,I,1,4.86884752202414,5.48628631663102,
101,38,VI,2,5.45549351798498,5.44310068536097,VI,2,5.45549351798498,5.44310068536097,
,,,,,,,,,,
102,7,III,4,7.01276000872427,4.39771178131486,III,4,7.01276000872427,4.39771178131486,
102,8,vi,2,2.43164594544916,4.77933173719307,vi,2,2.43164594544916,4.77933173719307,
102,9,II,3,4.64900527085765,4.98281761458996,II,3,4.64900527085765,4.98281761458996,
102,10,V,3,2.92448780480819,4.91630180478903,V,3,2.92448780480819,4.91630180478903,
102,11,#IV+,4,7.55675822798883,4.62675252345561,#IV+,4,7.55675822798883,4.62675252345561,
102,12,V,1,6.06087405318181,4.93223868934195,ii,1,6.14240393867841,4.93223868934195,0.0815298854965985
102,13,-viio,1,6.44057885220006,5.46776791761767,-viio,1,6.63518346404328,5.44804450728999,
102,14,-viio,2,7.09151487026972,4.41137095173998,-viio,1,6.63460278964557,5.22182263054075,
102,15,I,1,5.9803776264873,5.22182263054075,I,1,5.9803776264873,5.22182263054075,
102,16,I,1,4.86884752202414,5.48628631663102,I,1,4.86884752202414,5.48628631663102,
102,17,VI,2,5.45549351798498,5.44310068536097,VI,2,5.45549351798498,5.44310068536097,
,,,,,,,,,,
103,7,III,4,7.01276000872427,4.39771178131486,III,4,7.01276000872427,4.39771178131486,
103,8,vi,2,2.43164594544916,4.77933173719307,vi,2,2.43164594544916,4.77933173719307,
103,9,II,3,4.64900527085765,4.98281761458996,II,3,4.64900527085765,4.98281761458996,
103,10,V,3,2.92448780480819,4.91630180478903,V,3,2.92448780480819,4.91630180478903,
103,11,#IV+,4,7.55675822798883,4.62675252345561,#IV+,4,7.55675822798883,4.62675252345561,
103,12,V,1,6.06087405318181,4.93223868934195,i,1,6.14240393867841,4.93223868934195,0.0815298854965985
103,13,-viio,1,6.44057885220006,5.46776791761767,-viio,1,6.61610545880992,5.44944007494234,
103,14,-viio,2,7.09151487026972,4.41137095173998,-viio,1,6.63460278964557,5.22182263054075,
103,15,I,1,5.9803776264873,5.22182263054075,I,1,5.9803776264873,5.22182263054075,
103,16,I,1,4.86884752202414,5.48628631663102,I,1,4.86884752202414,5.48628631663102,
103,17,VI,2,5.45549351798498,5.44310068536097,VI,2,5.45549351798498,5.44310068536097,
,,,,,,,,,,
104,28,#I,3,6.88142197110138,5.08129831689071,#I,3,6.88142197110138,5.08129831689071,
104,29,II,2,4.75044638724839,4.34458450270924,II,2,4.75044638724839,4.34458450270924,
104,30,II,2,2.20973264918111,4.98982344549325,II,2,2.20973264918111,4.98982344549325,
104,31,V,3,4.29990425196351,5.15123666011472,V,3,4.29990425196351,5.15123666011472,
104,32,#IV+,3,7.07091293886822,5.14660013902753,#IV+,3,7.07091293886822,5.14660013902753,
104,33,V,1,6.06087405318181,4.93223868934195,ii,1,6.14240393867841,4.93223868934195,0.0815298854965985
104,34,-viio,1,6.44057885220006,5.46776791761767,-viio,1,6.63518346404328,5.44804450728999,
104,35,-viio,2,7.09151487026972,4.41137095173998,-viio,1,6.63460278964557,5.22182263054075,
104,36,I,1,5.9803776264873,5.22182263054075,I,1,5.9803776264873,5.22182263054075,
104,37,I,1,4.86884752202414,5.48628631663102,I,1,4.86884752202414,5.48628631663102,
104,38,VI,2,5.45549351798498,5.44310068536097,VI,2,5.45549351798498,5.44310068536097,
,,,,,,,,,,
105,28,#I,3,6.88142197110138,5.08129831689071,#I,3,6.88142197110138,5.08129831689071,
105,29,II,2,4.75044638724839,4.34458450270924,II,2,4.75044638724839,4.34458450270924,
105,30,II,2,2.20973264918111,4.98982344549325,II,2,2.20973264918111,4.98982344549325,
105,31,V,3,4.29990425196351,5.15123666011472,V,3,4.29990425196351,5.15123666011472,
105,32,#IV+,3,7.07091293886822,5.14660013902753,#IV+,3,7.07091293886822,5.14660013902753,
105,33,V,1,6.06087405318181,4.93223868934195,i,1,6.14240393867841,4.93223868934195,0.0815298854965985
105,34,-viio,1,6.44057885220006,5.46776791761767,-viio,1,6.61610545880992,5.44944007494234,
105,35,-viio,2,7.09151487026972,4.41137095173998,-viio,1,6.63460278964557,5.22182263054075,
105,36,I,1,5.9803776264873,5.22182263054075,I,1,5.9803776264873,5.22182263054075,
105,37,I,1,4.86884752202414,5.48628631663102,I,1,4.86884752202414,5.48628631663102,
105,38,VI,2,5.45549351798498,5.44310068536097,VI,2,5.45549351798498,5.44310068536097,
,,,,,,,,,,
106,46,VI,3,7.02876287321282,2.17776402460218,VI,3,7.02876287321282,2.17776402460218,
106,47,II,3,5.37680289827469,4.09287376817491,II,3,5.37680289827469,4.09287376817491,
106,48,V,2,3.46124984047612,5.19798114591667,V,2,3.46124984047612,5.19798114591667,
106,49,V,3,3.70700493862013,5.08879868553718,V,3,3.70700493862013,5.08879868553718,
106,50,I,4,1.7490745462585,4.43795628431705,I,4,1.7490745462585,4.43795628431705,
106,51,VI,5,5.99852803679562,4.71624590486733,v,5,6.08009113632863,4.71624590486733,0.0815630995330103
106,52,II,4,2.05418239482863,4.12542863805778,II,4,7.63889451033038,3.15662386625516,
106,53,V,5,3.48739548533166,4.2839590676177,V,2,3.39922698443138,5.1293255145799,
106,54,I,4,2.15631414685123,4.5519058795432,I,3,4.13741291778627,4.78303213463218,
106,55,I,5,2.44998334317942,4.95697183730364,I,3,4.02338531510036,5.40427540488699,
106,56,r,6,3.3095090412332,4.92519975886799,r,4,3.0878733558063,5.18427378727095,
,,,,,,,,,,
107,23,I,2,3.8974219989938,5.37489094962125,I,2,3.8974219989938,5.37489094962125,
107,24,v,3,5.45433236996594,5.30781213255418,v,3,5.45433236996594,5.30781213255418,
107,25,VI,3,7.02876287321282,2.17776402460218,VI,3,7.02876287321282,2.17776402460218,
107,26,II,3,5.37680289827469,4.09287376817491,II,3,5.37680289827469,4.09287376817491,
107,27,II,2,3.75939185236179,5.19798114591667,II,2,3.75939185236179,5.19798114591667,
107,28,#I,3,6.88142197110138,5.08129831689071,-vii,3,6.96437476045669,5.08129831689071,0.0829527893553097
107,29,II,2,4.75044638724839,4.34458450270924,II,1,6.20906339534927,5.37963413113629,
107,30,II,2,2.20973264918111,4.98982344549325,II,1,4.88543392942954,5.43555175497452,
107,31,V,3,4.29990425196351,5.15123666011472,V,2,4.06439138152339,5.34570406620157,
107,32,#IV+,3,7.07091293886822,5.14660013902753,#IV+,3,7.07091293886822,5.14660013902753,
107,33,V,1,6.06087405318181,4.93223868934195,V,1,6.06087405318181,4.93223868934195,
,,,,,,,,,,
108,23,I,2,3.8974219989938,5.37489094962125,I,2,3.8974219989938,5.37489094962125,
108,24,v,3,5.45433236996594,5.30781213255418,v,3,5.45433236996594,5.30781213255418,
108,25,VI,3,7.02876287321282,2.17776402460218,VI,3,7.02876287321282,2.17776402460218,
108,26,II,3,5.37680289827469,4.09287376817491,II,3,5.37680289827469,4.09287376817491,
108,27,II,2,3.75939185236179,5.19798114591667,II,2,3.75939185236179,5.19798114591667,
108,28,#I,3,6.88142197110138,5.08129831689071,iio,3,6.96437476045669,5.08129831689071,0.0829527893553097
108,29,II,2,4.75044638724839,4.34458450270924,II,1,6.11870516477745,5.40563849780014,
108,30,II,2,2.20973264918111,4.98982344549325,II,1,4.88543392942954,5.43555175497452,
108,31,V,3,4.29990425196351,5.15123666011472,V,2,4.06439138152339,5.34570406620157,
108,32,#IV+,3,7.07091293886822,5.14660013902753,#IV+,3,7.07091293886822,5.14660013902753,
108,33,V,1,6.06087405318181,4.93223868934195,V,1,6.06087405318181,4.93223868934195,
,,,,,,,,,,
109,8,vi,2,2.43164594544916,4.77933173719307,vi,2,2.43164594544916,4.77933173719307,
109,9,II,3,4.64900527085765,4.98281761458996,II,3,4.64900527085765,4.98281761458996,
109,10,V,3,2.92448780480819,4.91630180478903,V,3,2.92448780480819,4.91630180478903,
109,11,#IV+,4,7.55675822798883,4.62675252345561,#IV+,4,7.55675822798883,4.62675252345561,
109,12,V,1,6.06087405318181,4.93223868934195,V,1,6.06087405318181,4.93223868934195,
109,13,-viio,1,6.44057885220006,5.46776791761767,#V,1,6.35498319087656,5.46776791761767,0.0855956613235032
109,14,-viio,2,7.09151487026972,4.41137095173998,-viio,2,7.09154377243715,4.71419136715206,
109,15,I,1,5.9803776264873,5.22182263054075,I,1,5.9803776264873,5.22182263054075,
109,16,I,1,4.86884752202414,5.48628631663102,I,1,4.86884752202414,5.48628631663102,
109,17,VI,2,5.45549351798498,5.44310068536097,VI,2,5.45549351798498,5.44310068536097,
109,18,vi,3,6.44607336647489,4.76610892390919,vi,3,6.44607336647489,4.76610892390919,
,,,,,,,,,,
110,29,II,2,4.75044638724839,4.34458450270924,II,2,4.75044638724839,4.34458450270924,
110,30,II,2,2.20973264918111,4.98982344549325,II,2,2.20973264918111,4.98982344549325,
110,31,V,3,4.29990425196351,5.15123666011472,V,3,4.29990425196351,5.15123666011472,
110,32,#IV+,3,7.07091293886822,5.14660013902753,#IV+,3,7.07091293886822,5.14660013902753,
110,33,V,1,6.06087405318181,4.93223868934195,V,1,6.06087405318181,4.93223868934195,
110,34,-viio,1,6.44057885220006,5.46776791761767,#V,1,6.35498319087656,5.46776791761767,0.0855956613235032
110,35,-viio,2,7.09151487026972,4.41137095173998,-viio,2,7.09154377243715,4.71419136715206,
110,36,I,1,5.9803776264873,5.22182263054075,I,1,5.9803776264873,5.22182263054075,
110,37,I,1,4.86884752202414,5.48628631663102,I,1,4.86884752202414,5.48628631663102,
110,38,VI,2,5.45549351798498,5.44310068536097,VI,2,5.45549351798498,5.44310068536097,
110,39,vi,3,6.44607336647489,4.76610892390919,vi,3,6.44607336647489,4.76610892390919,
,,,,,,,,,,
111,8,vi,2,2.43164594544916,4.77933173719307,vi,2,2.43164594544916,4.77933173719307,
111,9,II,3,4.64900527085765,4.98281761458996,II,3,4.64900527085765,4.98281761458996,
111,10,V,3,2.92448780480819,4.91630180478903,V,3,2.92448780480819,4.91630180478903,
111,11,#IV+,4,7.55675822798883,4.62675252345561,#IV+,4,7.55675822798883,4.62675252345561,
111,12,V,1,6.06087405318181,4.93223868934195,V,1,6.06087405318181,4.93223868934195,
111,13,-viio,1,6.44057885220006,5.46776791761767,-V,1,6.35438543033729,5.46776791761767,0.0861934218627738
111,14,-viio,2,7.09151487026972,4.41137095173998,-viio,2,6.75410518895718,5.01082796339913,
111,15,I,1,5.9803776264873,5.22182263054075,I,1,5.9803776264873,5.22182263054075,
111,16,I,1,4.86884752202414,5.48628631663102,I,1,4.86884752202414,5.48628631663102,
111,17,VI,2,5.45549351798498,5.44310068536097,VI,2,5.45549351798498,5.44310068536097,
111,18,vi,3,6.44607336647489,4.76610892390919,vi,3,6.44607336647489,4.76610892390919,
,,,,,,,,,,
112,29,II,2,4.75044638724839,4.34458450270924,II,2,4.75044638724839,4.34458450270924,
112,30,II,2,2.20973264918111,4.98982344549325,II,2,2.20973264918111,4.98982344549325,
112,31,V,3,4.29990425196351,5.15123666011472,V,3,4.29990425196351,5.15123666011472,
112,32,#IV+,3,7.07091293886822,5.14660013902753,#IV+,3,7.07091293886822,5.14660013902753,
112,33,V,1,6.06087405318181,4.93223868934195,V,1,6.06087405318181,4.93223868934195,
112,34,-viio,1,6.44057885220006,5.46776791761767,-V,1,6.35438543033729,5.46776791761767,0.0861934218627738
112,35,-viio,2,7.09151487026972,4.41137095173998,-viio,2,6.75410518895718,5.01082796339913,
112,36,I,1,5.9803776264873,5.22182263054075,I,1,5.9803776264873,5.22182263054075,
112,37,I,1,4.86884752202414,5.48628631663102,I,1,4.86884752202414,5.48628631663102,
112,38,VI,2,5.45549351798498,5.44310068536097,VI,2,5.45549351798498,5.44310068536097,
112,39,vi,3,6.44607336647489,4.76610892390919,vi,3,6.44607336647489,4.76610892390919,
,,,,,,,,,,
113,6,V,4,3.23945519368412,4.42373391410844,V,4,3.23945519368412,4.42373391410844,
113,7,III,4,7.01276000872427,4.39771178131486,III,4,7.01276000872427,4.39771178131486,
113,8,vi,2,2.43164594544916,4.77933173719307,vi,2,2.43164594544916,4.77933173719307,
113,9,II,3,4.64900527085765,4.98281761458996,II,3,4.64900527085765,4.98281761458996,
113,10,V,3,2.92448780480819,4.91630180478903,V,3,2.92448780480819,4.91630180478903,
113,11,#IV+,4,7.55675822798883,4.62675252345561,#I,4,7.46790988213774,4.62675252345561,0.0888483458510905
113,12,V,1,6.06087405318181,4.93223868934195,V,2,6.6409679104499,4.35072449985965,
113,13,-viio,1,6.44057885220006,5.46776791761767,-viio,1,6.44057885220006,5.46776791761767,
113,14,-viio,2,7.09151487026972,4.41137095173998,-viio,2,7.09151487026972,4.41137095173998,
113,15,I,1,5.9803776264873,5.22182263054075,I,1,5.9803776264873,5.22182263054075,
113,16,I,1,4.86884752202414,5.48628631663102,I,1,4.86884752202414,5.48628631663102,
,,,,,,,,,,
114,6,V,4,3.23945519368412,4.42373391410844,V,4,3.23945519368412,4.42373391410844,
114,7,III,4,7.01276000872427,4.39771178131486,III,4,7.01276000872427,4.39771178131486,
114,8,vi,2,2.43164594544916,4.77933173719307,vi,2,2.43164594544916,4.77933173719307,
114,9,II,3,4.64900527085765,4.98281761458996,II,3,4.64900527085765,4.98281761458996,
114,10,V,3,2.92448780480819,4.91630180478903,V,3,2.92448780480819,4.91630180478903,
114,11,#IV+,4,7.55675822798883,4.62675252345561,iiio,4,7.46790988213774,4.62675252345561,0.0888483458510905
114,12,V,1,6.06087405318181,4.93223868934195,V,2,6.79169959881067,4.09310526409919,
114,13,-viio,1,6.44057885220006,5.46776791761767,-viio,1,6.44057885220006,5.46776791761767,
114,14,-viio,2,7.09151487026972,4.41137095173998,-viio,2,7.09151487026972,4.41137095173998,
114,15,I,1,5.9803776264873,5.22182263054075,I,1,5.9803776264873,5.22182263054075,
114,16,I,1,4.86884752202414,5.48628631663102,I,1,4.86884752202414,5.48628631663102,
,,,,,,,,,,
115,6,V,4,3.23945519368412,4.42373391410844,V,4,3.23945519368412,4.42373391410844,
115,7,III,4,7.01276000872427,4.39771178131486,III,4,7.01276000872427,4.39771178131486,
115,8,vi,2,2.43164594544916,4.77933173719307,vi,2,2.43164594544916,4.77933173719307,
115,9,II,3,4.64900527085765,4.98281761458996,II,3,4.64900527085765,4.98281761458996,
115,10,V,3,2.92448780480819,4.91630180478903,V,3,2.92448780480819,4.91630180478903,
115,11,#IV+,4,7.55675822798883,4.62675252345561,ivo,4,7.46790988213774,4.62675252345561,0.0888483458510905
115,12,V,1,6.06087405318181,4.93223868934195,V,2,6.2063077458595,4.78874376860208,
115,13,-viio,1,6.44057885220006,5.46776791761767,-viio,1,6.44057885220006,5.46776791761767,
115,14,-viio,2,7.09151487026972,4.41137095173998,-viio,2,7.09151487026972,4.41137095173998,
115,15,I,1,5.9803776264873,5.22182263054075,I,1,5.9803776264873,5.22182263054075,
115,16,I,1,4.86884752202414,5.48628631663102,I,1,4.86884752202414,5.48628631663102,
,,,,,,,,,,
116,27,II,2,3.75939185236179,5.19798114591667,II,2,3.75939185236179,5.19798114591667,
116,28,#I,3,6.88142197110138,5.08129831689071,#I,3,6.88142197110138,5.08129831689071,
116,29,II,2,4.75044638724839,4.34458450270924,II,2,4.75044638724839,4.34458450270924,
116,30,II,2,2.20973264918111,4.98982344549325,II,2,2.20973264918111,4.98982344549325,
116,31,V,3,4.29990425196351,5.15123666011472,V,3,4.29990425196351,5.15123666011472,
116,32,#IV+,3,7.07091293886822,5.14660013902753,#I,3,6.98206459301713,5.14660013902753,0.0888483458510905
116,33,V,1,6.06087405318181,4.93223868934195,V,2,6.6409679104499,4.35072449985965,
116,34,-viio,1,6.44057885220006,5.46776791761767,-viio,1,6.44057885220006,5.46776791761767,
116,35,-viio,2,7.09151487026972,4.41137095173998,-viio,2,7.09151487026972,4.41137095173998,
116,36,I,1,5.9803776264873,5.22182263054075,I,1,5.9803776264873,5.22182263054075,
116,37,I,1,4.86884752202414,5.48628631663102,I,1,4.86884752202414,5.48628631663102,
,,,,,,,,,,
117,27,II,2,3.75939185236179,5.19798114591667,II,2,3.75939185236179,5.19798114591667,
117,28,#I,3,6.88142197110138,5.08129831689071,#I,3,6.88142197110138,5.08129831689071,
117,29,II,2,4.75044638724839,4.34458450270924,II,2,4.75044638724839,4.34458450270924,
117,30,II,2,2.20973264918111,4.98982344549325,II,2,2.20973264918111,4.98982344549325,
117,31,V,3,4.29990425196351,5.15123666011472,V,3,4.29990425196351,5.15123666011472,
117,32,#IV+,3,7.07091293886822,5.14660013902753,iiio,3,6.98206459301713,5.14660013902753,0.0888483458510905
117,33,V,1,6.06087405318181,4.93223868934195,V,2,6.79169959881067,4.09310526409919,
117,34,-viio,1,6.44057885220006,5.46776791761767,-viio,1,6.44057885220006,5.46776791761767,
117,35,-viio,2,7.09151487026972,4.41137095173998,-viio,2,7.09151487026972,4.41137095173998,
117,36,I,1,5.9803776264873,5.22182263054075,I,1,5.9803776264873,5.22182263054075,
117,37,I,1,4.86884752202414,5.48628631663102,I,1,4.86884752202414,5.48628631663102,
,,,,,,,,,,
118,27,II,2,3.75939185236179,5.19798114591667,II,2,3.75939185236179,5.19798114591667,
118,28,#I,3,6.88142197110138,5.08129831689071,#I,3,6.88142197110138,5.08129831689071,
118,29,II,2,4.75044638724839,4.34458450270924,II,2,4.75044638724839,4.34458450270924,
118,30,II,2,2.20973264918111,4.98982344549325,II,2,2.20973264918111,4.98982344549325,
118,31,V,3,4.29990425196351,5.15123666011472,V,3,4.29990425196351,5.15123666011472,
118,32,#IV+,3,7.07091293886822,5.14660013902753,ivo,3,6.98206459301713,5.14660013902753,0.0888483458510905
118,33,V,1,6.06087405318181,4.93223868934195,V,2,6.2063077458595,4.78874376860208,
118,34,-viio,1,6.44057885220006,5.46776791761767,-viio,1,6.44057885220006,5.46776791761767,
118,35,-viio,2,7.09151487026972,4.41137095173998,-viio,2,7.09151487026972,4.41137095173998,
118,36,I,1,5.9803776264873,5.22182263054075,I,1,5.9803776264873,5.22182263054075,
118,37,I,1,4.86884752202414,5.48628631663102,I,1,4.86884752202414,5.48628631663102,
,,,,,,,,,,
119,6,V,4,3.23945519368412,4.42373391410844,V,4,3.23945519368412,4.42373391410844,
119,7,III,4,7.01276000872427,4.39771178131486,III,4,7.01276000872427,4.39771178131486,
119,8,vi,2,2.43164594544916,4.77933173719307,vi,2,2.43164594544916,4.77933173719307,
119,9,II,3,4.64900527085765,4.98281761458996,II,3,4.64900527085765,4.98281761458996,
119,10,V,3,2.92448780480819,4.91630180478903,V,3,2.92448780480819,4.91630180478903,
119,11,#IV+,4,7.55675822798883,4.62675252345561,-iii,4,7.46729452915725,4.62675252345561,0.0894636988315813
119,12,V,1,6.06087405318181,4.93223868934195,V,1,6.00667286262057,5.46394333362565,
119,13,-viio,1,6.44057885220006,5.46776791761767,-viio,1,6.44057885220006,5.46776791761767,
119,14,-viio,2,7.09151487026972,4.41137095173998,-viio,2,7.09151487026972,4.41137095173998,
119,15,I,1,5.9803776264873,5.22182263054075,I,1,5.9803776264873,5.22182263054075,
119,16,I,1,4.86884752202414,5.48628631663102,I,1,4.86884752202414,5.48628631663102,
,,,,,,,,,,
120,27,II,2,3.75939185236179,5.19798114591667,II,2,3.75939185236179,5.19798114591667,
120,28,#I,3,6.88142197110138,5.08129831689071,#I,3,6.88142197110138,5.08129831689071,
120,29,II,2,4.75044638724839,4.34458450270924,II,2,4.75044638724839,4.34458450270924,
120,30,II,2,2.20973264918111,4.98982344549325,II,2,2.20973264918111,4.98982344549325,
120,31,V,3,4.29990425196351,5.15123666011472,V,3,4.29990425196351,5.15123666011472,
120,32,#IV+,3,7.07091293886822,5.14660013902753,-iii,3,6.98144924003664,5.14660013902753,0.0894636988315813
120,33,V,1,6.06087405318181,4.93223868934195,V,1,6.00667286262057,5.46394333362565,
120,34,-viio,1,6.44057885220006,5.46776791761767,-viio,1,6.44057885220006,5.46776791761767,
120,35,-viio,2,7.09151487026972,4.41137095173998,-viio,2,7.09151487026972,4.41137095173998,
120,36,I,1,5.9803776264873,5.22182263054075,I,1,5.9803776264873,5.22182263054075,
120,37,I,1,4.86884752202414,5.48628631663102,I,1,4.86884752202414,5.48628631663102,
,,,,,,,,,,
121,15,I,1,5.9803776264873,5.22182263054075,I,1,5.9803776264873,5.22182263054075,
121,16,I,1,4.86884752202414,5.48628631663102,I,1,4.86884752202414,5.48628631663102,
121,17,VI,2,5.45549351798498,5.44310068536097,VI,2,5.45549351798498,5.44310068536097,
121,18,vi,3,6.44607336647489,4.76610892390919,vi,3,6.44607336647489,4.76610892390919,
121,19,vio,2,6.56126781061541,5.18566174377883,vio,2,6.56126781061541,5.18566174377883,
121,20,VI,2,6.83629317169432,4.50444835234932,vi,2,6.74665595920965,4.50444835234932,0.0896372124846767
121,21,IV,1,5.0862940378646,5.41008436601999,IV,1,5.05792706370332,5.45782126503197,
121,22,iv,2,5.4984924655777,5.31744045961098,iv,2,5.31958411344941,5.33984193327218,
121,23,I,2,3.8974219989938,5.37489094962125,I,3,2.53292188102585,5.11523229450318,
121,24,v,3,5.45433236996594,5.30781213255418,v,4,5.69375658994463,4.84122639472765,
121,25,VI,3,7.02876287321282,2.17776402460218,VI,3,7.02876287321282,2.17776402460218,
,,,,,,,,,,
122,8,vi,2,2.43164594544916,4.77933173719307,vi,2,2.43164594544916,4.77933173719307,
122,9,II,3,4.64900527085765,4.98281761458996,II,3,4.64900527085765,4.98281761458996,
122,10,V,3,2.92448780480819,4.91630180478903,V,3,2.92448780480819,4.91630180478903,
122,11,#IV+,4,7.55675822798883,4.62675252345561,#IV+,4,7.55675822798883,4.62675252345561,
122,12,V,1,6.06087405318181,4.93223868934195,V,1,6.06087405318181,4.93223868934195,
122,13,-viio,1,6.44057885220006,5.46776791761767,I+,1,6.53157503658446,5.46776791761767,0.0909961843843954
122,14,-viio,2,7.09151487026972,4.41137095173998,-viio,1,6.82567999030423,4.9490568263831,
122,15,I,1,5.9803776264873,5.22182263054075,I,1,5.9803776264873,5.22182263054075,
122,16,I,1,4.86884752202414,5.48628631663102,I,1,4.86884752202414,5.48628631663102,
122,17,VI,2,5.45549351798498,5.44310068536097,VI,2,5.45549351798498,5.44310068536097,
122,18,vi,3,6.44607336647489,4.76610892390919,vi,3,6.44607336647489,4.76610892390919,
,,,,,,,,,,
123,8,vi,2,2.43164594544916,4.77933173719307,vi,2,2.43164594544916,4.77933173719307,
123,9,II,3,4.64900527085765,4.98281761458996,II,3,4.64900527085765,4.98281761458996,
123,10,V,3,2.92448780480819,4.91630180478903,V,3,2.92448780480819,4.91630180478903,
123,11,#IV+,4,7.55675822798883,4.62675252345561,#IV+,4,7.55675822798883,4.62675252345561,
123,12,V,1,6.06087405318181,4.93223868934195,V,1,6.06087405318181,4.93223868934195,
123,13,-viio,1,6.44057885220006,5.46776791761767,-ii,1,6.53157503658446,5.46776791761767,0.0909961843843954
123,14,-viio,2,7.09151487026972,4.41137095173998,-viio,1,6.77780773378814,5.1071703513629,
123,15,I,1,5.9803776264873,5.22182263054075,I,1,5.9803776264873,5.22182263054075,
123,16,I,1,4.86884752202414,5.48628631663102,I,1,4.86884752202414,5.48628631663102,
123,17,VI,2,5.45549351798498,5.44310068536097,VI,2,5.45549351798498,5.44310068536097,
123,18,vi,3,6.44607336647489,4.76610892390919,vi,3,6.44607336647489,4.76610892390919,
,,,,,,,,,,
124,8,vi,2,2.43164594544916,4.77933173719307,vi,2,2.43164594544916,4.77933173719307,
124,9,II,3,4.64900527085765,4.98281761458996,II,3,4.64900527085765,4.98281761458996,
124,10,V,3,2.92448780480819,4.91630180478903,V,3,2.92448780480819,4.91630180478903,
124,11,#IV+,4,7.55675822798883,4.62675252345561,#IV+,4,7.55675822798883,4.62675252345561,
124,12,V,1,6.06087405318181,4.93223868934195,V,1,6.06087405318181,4.93223868934195,
124,13,-viio,1,6.44057885220006,5.46776791761767,-I,1,6.53157503658446,5.46776791761767,0.0909961843843954
124,14,-viio,2,7.09151487026972,4.41137095173998,-viio,1,6.63150508665819,5.21984955216872,
124,15,I,1,5.9803776264873,5.22182263054075,I,1,5.9803776264873,5.22182263054075,
124,16,I,1,4.86884752202414,5.48628631663102,I,1,4.86884752202414,5.48628631663102,
124,17,VI,2,5.45549351798498,5.44310068536097,VI,2,5.45549351798498,5.44310068536097,
124,18,vi,3,6.44607336647489,4.76610892390919,vi,3,6.44607336647489,4.76610892390919,
,,,,,,,,,,
125,29,II,2,4.75044638724839,4.34458450270924,II,2,4.75044638724839,4.34458450270924,
125,30,II,2,2.20973264918111,4.98982344549325,II,2,2.20973264918111,4.98982344549325,
125,31,V,3,4.29990425196351,5.15123666011472,V,3,4.29990425196351,5.15123666011472,
125,32,#IV+,3,7.07091293886822,5.14660013902753,#IV+,3,7.07091293886822,5.14660013902753,
125,33,V,1,6.06087405318181,4.93223868934195,V,1,6.06087405318181,4.93223868934195,
125,34,-viio,1,6.44057885220006,5.46776791761767,I+,1,6.53157503658446,5.46776791761767,0.0909961843843954
125,35,-viio,2,7.09151487026972,4.41137095173998,-viio,1,6.82567999030423,4.9490568263831,
125,36,I,1,5.9803776264873,5.22182263054075,I,1,5.9803776264873,5.22182263054075,
125,37,I,1,4.86884752202414,5.48628631663102,I,1,4.86884752202414,5.48628631663102,
125,38,VI,2,5.45549351798498,5.44310068536097,VI,2,5.45549351798498,5.44310068536097,
125,39,vi,3,6.44607336647489,4.76610892390919,vi,3,6.44607336647489,4.76610892390919,
,,,,,,,,,,
126,29,II,2,4.75044638724839,4.34458450270924,II,2,4.75044638724839,4.34458450270924,
126,30,II,2,2.20973264918111,4.98982344549325,II,2,2.20973264918111,4.98982344549325,
126,31,V,3,4.29990425196351,5.15123666011472,V,3,4.29990425196351,5.15123666011472,
126,32,#IV+,3,7.07091293886822,5.14660013902753,#IV+,3,7.07091293886822,5.14660013902753,
126,33,V,1,6.06087405318181,4.93223868934195,V,1,6.06087405318181,4.93223868934195,
126,34,-viio,1,6.44057885220006,5.46776791761767,-ii,1,6.53157503658446,5.46776791761767,0.0909961843843954
126,35,-viio,2,7.09151487026972,4.41137095173998,-viio,1,6.77780773378814,5.1071703513629,
126,36,I,1,5.9803776264873,5.22182263054075,I,1,5.9803776264873,5.22182263054075,
126,37,I,1,4.86884752202414,5.48628631663102,I,1,4.86884752202414,5.48628631663102,
126,38,VI,2,5.45549351798498,5.44310068536097,VI,2,5.45549351798498,5.44310068536097,
126,39,vi,3,6.44607336647489,4.76610892390919,vi,3,6.44607336647489,4.76610892390919,
,,,,,,,,,,
127,29,II,2,4.75044638724839,4.34458450270924,II,2,4.75044638724839,4.34458450270924,
127,30,II,2,2.20973264918111,4.98982344549325,II,2,2.20973264918111,4.98982344549325,
127,31,V,3,4.29990425196351,5.15123666011472,V,3,4.29990425196351,5.15123666011472,
127,32,#IV+,3,7.07091293886822,5.14660013902753,#IV+,3,7.07091293886822,5.14660013902753,
127,33,V,1,6.06087405318181,4.93223868934195,V,1,6.06087405318181,4.93223868934195,
127,34,-viio,1,6.44057885220006,5.46776791761767,-I,1,6.53157503658446,5.46776791761767,0.0909961843843954
127,35,-viio,2,7.09151487026972,4.41137095173998,-viio,1,6.63150508665819,5.21984955216872,
127,36,I,1,5.9803776264873,5.22182263054075,I,1,5.9803776264873,5.22182263054075,
127,37,I,1,4.86884752202414,5.48628631663102,I,1,4.86884752202414,5.48628631663102,
127,38,VI,2,5.45549351798498,5.44310068536097,VI,2,5.45549351798498,5.44310068536097,
127,39,vi,3,6.44607336647489,4.76610892390919,vi,3,6.44607336647489,4.76610892390919,
,,,,,,,,,,
128,9,II,3,4.64900527085765,4.98281761458996,II,3,4.64900527085765,4.98281761458996,
128,10,V,3,2.92448780480819,4.91630180478903,V,3,2.92448780480819,4.91630180478903,
128,11,#IV+,4,7.55675822798883,4.62675252345561,#IV+,4,7.55675822798883,4.62675252345561,
128,12,V,1,6.06087405318181,4.93223868934195,V,1,6.06087405318181,4.93223868934195,
128,13,-viio,1,6.44057885220006,5.46776791761767,-viio,1,6.44057885220006,5.46776791761767,
128,14,-viio,2,7.09151487026972,4.41137095173998,-V,2,6.99988439480415,4.41137095173998,0.0916304754655686
128,15,I,1,5.9803776264873,5.22182263054075,I,1,5.04635425192362,5.40266407763887,
128,16,I,1,4.86884752202414,5.48628631663102,I,2,2.60652243578387,5.20601571267933,
128,17,VI,2,5.45549351798498,5.44310068536097,VI,3,5.64334142413316,5.17896486396948,
128,18,vi,3,6.44607336647489,4.76610892390919,vi,3,6.44607336647489,4.76610892390919,
128,19,vio,2,6.56126781061541,5.18566174377883,vio,2,6.56126781061541,5.18566174377883,
,,,,,,,,,,
129,6,V,4,3.23945519368412,4.42373391410844,V,4,3.23945519368412,4.42373391410844,
129,7,III,4,7.01276000872427,4.39771178131486,III,4,7.01276000872427,4.39771178131486,
129,8,vi,2,2.43164594544916,4.77933173719307,vi,2,2.43164594544916,4.77933173719307,
129,9,II,3,4.64900527085765,4.98281761458996,II,3,4.64900527085765,4.98281761458996,
129,10,V,3,2.92448780480819,4.91630180478903,V,3,2.92448780480819,4.91630180478903,
129,11,#IV+,4,7.55675822798883,4.62675252345561,-III+,4,7.65074067025318,4.62675252345561,0.0939824422643492
129,12,V,1,6.06087405318181,4.93223868934195,V,1,2.05841864952314,4.93186181824458,
129,13,-viio,1,6.44057885220006,5.46776791761767,-viio,2,2.56194553005776,5.17473774223617,
129,14,-viio,2,7.09151487026972,4.41137095173998,-viio,2,7.09151487026972,4.41137095173998,
129,15,I,1,5.9803776264873,5.22182263054075,I,1,5.9803776264873,5.22182263054075,
129,16,I,1,4.86884752202414,5.48628631663102,I,1,4.86884752202414,5.48628631663102,
,,,,,,,,,,
130,6,V,4,3.23945519368412,4.42373391410844,V,4,3.23945519368412,4.42373391410844,
130,7,III,4,7.01276000872427,4.39771178131486,III,4,7.01276000872427,4.39771178131486,
130,8,vi,2,2.43164594544916,4.77933173719307,vi,2,2.43164594544916,4.77933173719307,
130,9,II,3,4.64900527085765,4.98281761458996,II,3,4.64900527085765,4.98281761458996,
130,10,V,3,2.92448780480819,4.91630180478903,V,3,2.92448780480819,4.91630180478903,
130,11,#IV+,4,7.55675822798883,4.62675252345561,VII+,4,7.65074067025318,4.62675252345561,0.0939824422643492
130,12,V,1,6.06087405318181,4.93223868934195,V,1,6.06395800330485,4.93495729874853,
130,13,-viio,1,6.44057885220006,5.46776791761767,-viio,1,6.44057885220006,5.46776791761767,
130,14,-viio,2,7.09151487026972,4.41137095173998,-viio,2,7.09151487026972,4.41137095173998,
130,15,I,1,5.9803776264873,5.22182263054075,I,1,5.9803776264873,5.22182263054075,
130,16,I,1,4.86884752202414,5.48628631663102,I,1,4.86884752202414,5.48628631663102,
,,,,,,,,,,
131,6,V,4,3.23945519368412,4.42373391410844,V,4,3.23945519368412,4.42373391410844,
131,7,III,4,7.01276000872427,4.39771178131486,III,4,7.01276000872427,4.39771178131486,
131,8,vi,2,2.43164594544916,4.77933173719307,vi,2,2.43164594544916,4.77933173719307,
131,9,II,3,4.64900527085765,4.98281761458996,II,3,4.64900527085765,4.98281761458996,
131,10,V,3,2.92448780480819,4.91630180478903,V,3,2.92448780480819,4.91630180478903,
131,11,#IV+,4,7.55675822798883,4.62675252345561,-IV,4,7.65074067025318,4.62675252345561,0.0939824422643492
131,12,V,1,6.06087405318181,4.93223868934195,V,1,6.0630097975258,4.93406901657077,
131,13,-viio,1,6.44057885220006,5.46776791761767,-viio,1,6.44057885220006,5.46776791761767,
131,14,-viio,2,7.09151487026972,4.41137095173998,-viio,2,7.09151487026972,4.41137095173998,
131,15,I,1,5.9803776264873,5.22182263054075,I,1,5.9803776264873,5.22182263054075,
131,16,I,1,4.86884752202414,5.48628631663102,I,1,4.86884752202414,5.48628631663102,
,,,,,,,,,,
132,6,V,4,3.23945519368412,4.42373391410844,V,4,3.23945519368412,4.42373391410844,
132,7,III,4,7.01276000872427,4.39771178131486,III,4,7.01276000872427,4.39771178131486,
132,8,vi,2,2.43164594544916,4.77933173719307,vi,2,2.43164594544916,4.77933173719307,
132,9,II,3,4.64900527085765,4.98281761458996,II,3,4.64900527085765,4.98281761458996,
132,10,V,3,2.92448780480819,4.91630180478903,V,3,2.92448780480819,4.91630180478903,
132,11,#IV+,4,7.55675822798883,4.62675252345561,-VII+,4,7.65074067025318,4.62675252345561,0.0939824422643492
132,12,V,1,6.06087405318181,4.93223868934195,V,1,6.0630097975258,4.93406901657077,
132,13,-viio,1,6.44057885220006,5.46776791761767,-viio,1,6.44057885220006,5.46776791761767,
132,14,-viio,2,7.09151487026972,4.41137095173998,-viio,2,7.09151487026972,4.41137095173998,
132,15,I,1,5.9803776264873,5.22182263054075,I,1,5.9803776264873,5.22182263054075,
132,16,I,1,4.86884752202414,5.48628631663102,I,1,4.86884752202414,5.48628631663102,
,,,,,,,,,,
133,6,V,4,3.23945519368412,4.42373391410844,V,4,3.23945519368412,4.42373391410844,
133,7,III,4,7.01276000872427,4.39771178131486,III,4,7.01276000872427,4.39771178131486,
133,8,vi,2,2.43164594544916,4.77933173719307,vi,2,2.43164594544916,4.77933173719307,
133,9,II,3,4.64900527085765,4.98281761458996,II,3,4.64900527085765,4.98281761458996,
133,10,V,3,2.92448780480819,4.91630180478903,V,3,2.92448780480819,4.91630180478903,
133,11,#IV+,4,7.55675822798883,4.62675252345561,#v,4,7.65074067025318,4.62675252345561,0.0939824422643492
133,12,V,1,6.06087405318181,4.93223868934195,V,1,6.0580214669022,5.12093210705644,
133,13,-viio,1,6.44057885220006,5.46776791761767,-viio,1,6.44057885220006,5.46776791761767,
133,14,-viio,2,7.09151487026972,4.41137095173998,-viio,2,7.09151487026972,4.41137095173998,
133,15,I,1,5.9803776264873,5.22182263054075,I,1,5.9803776264873,5.22182263054075,
133,16,I,1,4.86884752202414,5.48628631663102,I,1,4.86884752202414,5.48628631663102,
,,,,,,,,,,
134,6,V,4,3.23945519368412,4.42373391410844,V,4,3.23945519368412,4.42373391410844,
134,7,III,4,7.01276000872427,4.39771178131486,III,4,7.01276000872427,4.39771178131486,
134,8,vi,2,2.43164594544916,4.77933173719307,vi,2,2.43164594544916,4.77933173719307,
134,9,II,3,4.64900527085765,4.98281761458996,II,3,4.64900527085765,4.98281761458996,
134,10,V,3,2.92448780480819,4.91630180478903,V,3,2.92448780480819,4.91630180478903,
134,11,#IV+,4,7.55675822798883,4.62675252345561,IV+,4,7.65074067025318,4.62675252345561,0.0939824422643492
134,12,V,1,6.06087405318181,4.93223868934195,V,1,6.06087405318181,4.93223868934195,
134,13,-viio,1,6.44057885220006,5.46776791761767,-viio,1,6.44057885220006,5.46776791761767,
134,14,-viio,2,7.09151487026972,4.41137095173998,-viio,2,7.09151487026972,4.41137095173998,
134,15,I,1,5.9803776264873,5.22182263054075,I,1,5.9803776264873,5.22182263054075,
134,16,I,1,4.86884752202414,5.48628631663102,I,1,4.86884752202414,5.48628631663102,
,,,,,,,,,,
135,6,V,4,3.23945519368412,4.42373391410844,V,4,3.23945519368412,4.42373391410844,
135,7,III,4,7.01276000872427,4.39771178131486,III,4,7.01276000872427,4.39771178131486,
135,8,vi,2,2.43164594544916,4.77933173719307,vi,2,2.43164594544916,4.77933173719307,
135,9,II,3,4.64900527085765,4.98281761458996,II,3,4.64900527085765,4.98281761458996,
135,10,V,3,2.92448780480819,4.91630180478903,V,3,2.92448780480819,4.91630180478903,
135,11,#IV+,4,7.55675822798883,4.62675252345561,-vo,4,7.65074067025318,4.62675252345561,0.0939824422643492
135,12,V,1,6.06087405318181,4.93223868934195,V,1,6.06703537513893,4.93819931304133,
135,13,-viio,1,6.44057885220006,5.46776791761767,-viio,1,6.44057885220006,5.46776791761767,
135,14,-viio,2,7.09151487026972,4.41137095173998,-viio,2,7.09151487026972,4.41137095173998,
135,15,I,1,5.9803776264873,5.22182263054075,I,1,5.9803776264873,5.22182263054075,
135,16,I,1,4.86884752202414,5.48628631663102,I,1,4.86884752202414,5.48628631663102,
,,,,,,,,,,
136,27,II,2,3.75939185236179,5.19798114591667,II,2,3.75939185236179,5.19798114591667,
136,28,#I,3,6.88142197110138,5.08129831689071,#I,3,6.88142197110138,5.08129831689071,
136,29,II,2,4.75044638724839,4.34458450270924,II,2,4.75044638724839,4.34458450270924,
136,30,II,2,2.20973264918111,4.98982344549325,II,2,2.20973264918111,4.98982344549325,
136,31,V,3,4.29990425196351,5.15123666011472,V,3,4.29990425196351,5.15123666011472,
136,32,#IV+,3,7.07091293886822,5.14660013902753,-III+,3,7.16489538113257,5.14660013902753,0.09398244226435
136,33,V,1,6.06087405318181,4.93223868934195,V,1,2.05841864952314,4.93186181824458,
136,34,-viio,1,6.44057885220006,5.46776791761767,-viio,2,2.56194553005776,5.17473774223617,
136,35,-viio,2,7.09151487026972,4.41137095173998,-viio,2,7.09151487026972,4.41137095173998,
136,36,I,1,5.9803776264873,5.22182263054075,I,1,5.9803776264873,5.22182263054075,
136,37,I,1,4.86884752202414,5.48628631663102,I,1,4.86884752202414,5.48628631663102,
,,,,,,,,,,
137,27,II,2,3.75939185236179,5.19798114591667,II,2,3.75939185236179,5.19798114591667,
137,28,#I,3,6.88142197110138,5.08129831689071,#I,3,6.88142197110138,5.08129831689071,
137,29,II,2,4.75044638724839,4.34458450270924,II,2,4.75044638724839,4.34458450270924,
137,30,II,2,2.20973264918111,4.98982344549325,II,2,2.20973264918111,4.98982344549325,
137,31,V,3,4.29990425196351,5.15123666011472,V,3,4.29990425196351,5.15123666011472,
137,32,#IV+,3,7.07091293886822,5.14660013902753,VII+,3,7.16489538113257,5.14660013902753,0.09398244226435
137,33,V,1,6.06087405318181,4.93223868934195,V,1,6.06395800330485,4.93495729874853,
137,34,-viio,1,6.44057885220006,5.46776791761767,-viio,1,6.44057885220006,5.46776791761767,
137,35,-viio,2,7.09151487026972,4.41137095173998,-viio,2,7.09151487026972,4.41137095173998,
137,36,I,1,5.9803776264873,5.22182263054075,I,1,5.9803776264873,5.22182263054075,
137,37,I,1,4.86884752202414,5.48628631663102,I,1,4.86884752202414,5.48628631663102,
,,,,,,,,,,
138,27,II,2,3.75939185236179,5.19798114591667,II,2,3.75939185236179,5.19798114591667,
138,28,#I,3,6.88142197110138,5.08129831689071,#I,3,6.88142197110138,5.08129831689071,
138,29,II,2,4.75044638724839,4.34458450270924,II,2,4.75044638724839,4.34458450270924,
138,30,II,2,2.20973264918111,4.98982344549325,II,2,2.20973264918111,4.98982344549325,
138,31,V,3,4.29990425196351,5.15123666011472,V,3,4.29990425196351,5.15123666011472,
138,32,#IV+,3,7.07091293886822,5.14660013902753,-IV,3,7.16489538113257,5.14660013902753,0.09398244226435
138,33,V,1,6.06087405318181,4.93223868934195,V,1,6.0630097975258,4.93406901657077,
138,34,-viio,1,6.44057885220006,5.46776791761767,-viio,1,6.44057885220006,5.46776791761767,
138,35,-viio,2,7.09151487026972,4.41137095173998,-viio,2,7.09151487026972,4.41137095173998,
138,36,I,1,5.9803776264873,5.22182263054075,I,1,5.9803776264873,5.22182263054075,
138,37,I,1,4.86884752202414,5.48628631663102,I,1,4.86884752202414,5.48628631663102,
,,,,,,,,,,
139,27,II,2,3.75939185236179,5.19798114591667,II,2,3.75939185236179,5.19798114591667,
139,28,#I,3,6.88142197110138,5.08129831689071,#I,3,6.88142197110138,5.08129831689071,
139,29,II,2,4.75044638724839,4.34458450270924,II,2,4.75044638724839,4.34458450270924,
139,30,II,2,2.20973264918111,4.98982344549325,II,2,2.20973264918111,4.98982344549325,
139,31,V,3,4.29990425196351,5.15123666011472,V,3,4.29990425196351,5.15123666011472,
139,32,#IV+,3,7.07091293886822,5.14660013902753,-VII+,3,7.16489538113257,5.14660013902753,0.09398244226435
139,33,V,1,6.06087405318181,4.93223868934195,V,1,6.0630097975258,4.93406901657077,
139,34,-viio,1,6.44057885220006,5.46776791761767,-viio,1,6.44057885220006,5.46776791761767,
139,35,-viio,2,7.09151487026972,4.41137095173998,-viio,2,7.09151487026972,4.41137095173998,
139,36,I,1,5.9803776264873,5.22182263054075,I,1,5.9803776264873,5.22182263054075,
139,37,I,1,4.86884752202414,5.48628631663102,I,1,4.86884752202414,5.48628631663102,
,,,,,,,,,,
140,27,II,2,3.75939185236179,5.19798114591667,II,2,3.75939185236179,5.19798114591667,
140,28,#I,3,6.88142197110138,5.08129831689071,#I,3,6.88142197110138,5.08129831689071,
140,29,II,2,4.75044638724839,4.34458450270924,II,2,4.75044638724839,4.34458450270924,
140,30,II,2,2.20973264918111,4.98982344549325,II,2,2.20973264918111,4.98982344549325,
140,31,V,3,4.29990425196351,5.15123666011472,V,3,4.29990425196351,5.15123666011472,
140,32,#IV+,3,7.07091293886822,5.14660013902753,#v,3,7.16489538113257,5.14660013902753,0.09398244226435
140,33,V,1,6.06087405318181,4.93223868934195,V,1,6.0580214669022,5.12093210705644,
140,34,-viio,1,6.44057885220006,5.46776791761767,-viio,1,6.44057885220006,5.46776791761767,
140,35,-viio,2,7.09151487026972,4.41137095173998,-viio,2,7.09151487026972,4.41137095173998,
140,36,I,1,5.9803776264873,5.22182263054075,I,1,5.9803776264873,5.22182263054075,
140,37,I,1,4.86884752202414,5.48628631663102,I,1,4.86884752202414,5.48628631663102,
,,,,,,,,,,
141,27,II,2,3.75939185236179,5.19798114591667,II,2,3.75939185236179,5.19798114591667,
141,28,#I,3,6.88142197110138,5.08129831689071,#I,3,6.88142197110138,5.08129831689071,
141,29,II,2,4.75044638724839,4.34458450270924,II,2,4.75044638724839,4.34458450270924,
141,30,II,2,2.20973264918111,4.98982344549325,II,2,2.20973264918111,4.98982344549325,
141,31,V,3,4.29990425196351,5.15123666011472,V,3,4.29990425196351,5.15123666011472,
141,32,#IV+,3,7.07091293886822,5.14660013902753,IV+,3,7.16489538113257,5.14660013902753,0.09398244226435
141,33,V,1,6.06087405318181,4.93223868934195,V,1,6.06087405318181,4.93223868934195,
141,34,-viio,1,6.44057885220006,5.46776791761767,-viio,1,6.44057885220006,5.46776791761767,
141,35,-viio,2,7.09151487026972,4.41137095173998,-viio,2,7.09151487026972,4.41137095173998,
141,36,I,1,5.9803776264873,5.22182263054075,I,1,5.9803776264873,5.22182263054075,
141,37,I,1,4.86884752202414,5.48628631663102,I,1,4.86884752202414,5.48628631663102,
,,,,,,,,,,
142,27,II,2,3.75939185236179,5.19798114591667,II,2,3.75939185236179,5.19798114591667,
142,28,#I,3,6.88142197110138,5.08129831689071,#I,3,6.88142197110138,5.08129831689071,
142,29,II,2,4.75044638724839,4.34458450270924,II,2,4.75044638724839,4.34458450270924,
142,30,II,2,2.20973264918111,4.98982344549325,II,2,2.20973264918111,4.98982344549325,
142,31,V,3,4.29990425196351,5.15123666011472,V,3,4.29990425196351,5.15123666011472,
142,32,#IV+,3,7.07091293886822,5.14660013902753,-vo,3,7.16489538113257,5.14660013902753,0.09398244226435
142,33,V,1,6.06087405318181,4.93223868934195,V,1,6.06703537513893,4.93819931304133,
142,34,-viio,1,6.44057885220006,5.46776791761767,-viio,1,6.44057885220006,5.46776791761767,
142,35,-viio,2,7.09151487026972,4.41137095173998,-viio,2,7.09151487026972,4.41137095173998,
142,36,I,1,5.9803776264873,5.22182263054075,I,1,5.9803776264873,5.22182263054075,
142,37,I,1,4.86884752202414,5.48628631663102,I,1,4.86884752202414,5.48628631663102,
,,,,,,,,,,
143,46,VI,3,7.02876287321282,2.17776402460218,VI,3,7.02876287321282,2.17776402460218,
143,47,II,3,5.37680289827469,4.09287376817491,II,3,5.37680289827469,4.09287376817491,
143,48,V,2,3.46124984047612,5.19798114591667,V,2,3.46124984047612,5.19798114591667,
143,49,V,3,3.70700493862013,5.08879868553718,V,3,3.70700493862013,5.08879868553718,
143,50,I,4,1.7490745462585,4.43795628431705,I,4,1.7490745462585,4.43795628431705,
143,51,VI,5,5.99852803679562,4.71624590486733,i,5,6.09313147491973,4.71624590486733,0.094603438124107
143,52,II,4,2.05418239482863,4.12542863805778,II,4,6.85384113083124,4.26813431081216,
143,53,V,5,3.48739548533166,4.2839590676177,V,2,2.45993922259758,4.99410397880401,
143,54,I,4,2.15631414685123,4.5519058795432,I,3,2.27345401894561,4.57072470139793,
143,55,I,5,2.44998334317942,4.95697183730364,I,4,3.21546276108203,5.26634711216051,
143,56,r,6,3.3095090412332,4.92519975886799,r,5,3.32652912293852,4.7949757182373,
,,,,,,,,,,
