Comparison,Row,Orig_Symbol,Orig_Order,Orig_IC,Orig_Entropy,Swap_Symbol,Swap_Order,Swap_IC,Swap_Entropy,Distance
1,5,I,4,1.57905589774719,4.43641306392646,I,4,1.57905589774719,4.43641306392646,
1,6,I,5,1.26112198919573,3.88581248296405,I,5,1.26112198919573,3.88581248296405,
1,7,I,6,1.88910591700517,4.6638081938372,I,6,1.88910591700517,4.6638081938372,
1,8,ii,7,4.69727563573775,4.53671184136733,ii,7,4.69727563573775,4.53671184136733,
1,9,iio,8,6.01817708772602,3.88904477062844,iio,8,6.01817708772602,3.88904477062844,
1,10,ivo,5,7.47293317305342,3.98653930611749,-iiio,5,7.47293317305342,3.98653930611749,0
1,11,I,1,5.9648221672267,5.00732945813118,I,1,3.78620180560751,4.81209412660178,
1,12,iii,1,5.56072957589645,5.48583356890646,iii,2,5.77007390597814,5.20286502930812,
1,13,ii,2,4.30422373073332,5.2102968367464,ii,2,4.30422373073332,5.2102968367464,
1,14,iv,3,6.61056782473464,4.59530540743833,iv,3,6.61056782473464,4.59530540743833,
1,15,I,2,5.22845030610918,5.39107757838806,I,2,5.22845030610918,5.39107757838806,
,,,,,,,,,,
2,5,I,4,1.57905589774719,4.43641306392646,I,4,1.57905589774719,4.43641306392646,
2,6,I,5,1.26112198919573,3.88581248296405,I,5,1.26112198919573,3.88581248296405,
2,7,I,6,1.88910591700517,4.6638081938372,I,6,1.88910591700517,4.6638081938372,
2,8,ii,7,4.69727563573775,4.53671184136733,ii,7,4.69727563573775,4.53671184136733,
2,9,iio,8,6.01817708772602,3.88904477062844,iio,8,6.01817708772602,3.88904477062844,
2,10,ivo,5,7.47293317305342,3.98653930611749,-viio,5,7.47293317305342,3.98653930611749,0
2,11,I,1,5.9648221672267,5.00732945813118,I,1,4.06842650975994,5.33054455445399,
2,12,iii,1,5.56072957589645,5.48583356890646,iii,2,5.77007390597814,5.20286502930812,
2,13,ii,2,4.30422373073332,5.2102968367464,ii,2,4.30422373073332,5.2102968367464,
2,14,iv,3,6.61056782473464,4.59530540743833,iv,3,6.61056782473464,4.59530540743833,
2,15,I,2,5.22845030610918,5.39107757838806,I,2,5.22845030610918,5.39107757838806,
,,,,,,,,,,
3,5,I,4,1.57905589774719,4.43641306392646,I,4,1.57905589774719,4.43641306392646,
3,6,I,5,1.26112198919573,3.88581248296405,I,5,1.26112198919573,3.88581248296405,
3,7,I,6,1.88910591700517,4.6638081938372,I,6,1.88910591700517,4.6638081938372,
3,8,ii,7,4.69727563573775,4.53671184136733,ii,7,4.69727563573775,4.53671184136733,
3,9,iio,8,6.01817708772602,3.88904477062844,iio,8,6.01817708772602,3.88904477062844,
3,10,ivo,5,7.47293317305342,3.98653930611749,-vio,5,7.47293317305342,3.98653930611749,0
3,11,I,1,5.9648221672267,5.00732945813118,I,1,6.04484944366108,5.18571668744516,
3,12,iii,1,5.56072957589645,5.48583356890646,iii,1,5.56072957589645,5.48583356890646,
3,13,ii,2,4.30422373073332,5.2102968367464,ii,2,4.30422373073332,5.2102968367464,
3,14,iv,3,6.61056782473464,4.59530540743833,iv,3,6.61056782473464,4.59530540743833,
3,15,I,2,5.22845030610918,5.39107757838806,I,2,5.22845030610918,5.39107757838806,
,,,,,,,,,,
4,17,ii,3,4.02059214357369,4.78019409877054,ii,3,4.02059214357369,4.78019409877054,
4,18,I,3,5.30100554209393,4.11175173096645,I,3,5.30100554209393,4.11175173096645,
4,19,I,3,3.61519555536663,5.26279136418971,I,3,3.61519555536663,5.26279136418971,
4,20,ii,4,4.97573149675145,4.98511009623961,ii,4,4.97573149675145,4.98511009623961,
4,21,iio,4,5.70358242265872,4.78018068141118,iio,4,5.70358242265872,4.78018068141118,
4,22,ivo,4,7.19907070073294,4.49600943531414,-iiio,4,7.19907070073294,4.49600943531414,0
4,23,I,1,5.9648221672267,5.00732945813118,I,1,3.78620180560751,4.81209412660178,
4,24,iii,1,5.56072957589645,5.48583356890646,iii,2,5.77007390597814,5.20286502930812,
4,25,ii,2,4.30422373073332,5.2102968367464,ii,2,4.30422373073332,5.2102968367464,
4,26,iv,3,6.61056782473464,4.59530540743833,iv,3,6.61056782473464,4.59530540743833,
4,27,I,2,5.22845030610918,5.39107757838806,I,2,5.22845030610918,5.39107757838806,
,,,,,,,,,,
5,17,ii,3,4.02059214357369,4.78019409877054,ii,3,4.02059214357369,4.78019409877054,
5,18,I,3,5.30100554209393,4.11175173096645,I,3,5.30100554209393,4.11175173096645,
5,19,I,3,3.61519555536663,5.26279136418971,I,3,3.61519555536663,5.26279136418971,
5,20,ii,4,4.97573149675145,4.98511009623961,ii,4,4.97573149675145,4.98511009623961,
5,21,iio,4,5.70358242265872,4.78018068141118,iio,4,5.70358242265872,4.78018068141118,
5,22,ivo,4,7.19907070073294,4.49600943531414,-viio,4,7.19907070073294,4.49600943531414,0
5,23,I,1,5.9648221672267,5.00732945813118,I,1,4.06842650975994,5.33054455445399,
5,24,iii,1,5.56072957589645,5.48583356890646,iii,2,5.77007390597814,5.20286502930812,
5,25,ii,2,4.30422373073332,5.2102968367464,ii,2,4.30422373073332,5.2102968367464,
5,26,iv,3,6.61056782473464,4.59530540743833,iv,3,6.61056782473464,4.59530540743833,
5,27,I,2,5.22845030610918,5.39107757838806,I,2,5.22845030610918,5.39107757838806,
,,,,,,,,,,
6,17,ii,3,4.02059214357369,4.78019409877054,ii,3,4.02059214357369,4.78019409877054,
6,18,I,3,5.30100554209393,4.11175173096645,I,3,5.30100554209393,4.11175173096645,
6,19,I,3,3.61519555536663,5.26279136418971,I,3,3.61519555536663,5.26279136418971,
6,20,ii,4,4.97573149675145,4.98511009623961,ii,4,4.97573149675145,4.98511009623961,
6,21,iio,4,5.70358242265872,4.78018068141118,iio,4,5.70358242265872,4.78018068141118,
6,22,ivo,4,7.19907070073294,4.49600943531414,-vio,4,7.19907070073294,4.49600943531414,0
6,23,I,1,5.9648221672267,5.00732945813118,I,1,6.04484944366108,5.18571668744516,
6,24,iii,1,5.56072957589645,5.48583356890646,iii,1,5.56072957589645,5.48583356890646,
6,25,ii,2,4.30422373073332,5.2102968367464,ii,2,4.30422373073332,5.2102968367464,
6,26,iv,3,6.61056782473464,4.59530540743833,iv,3,6.61056782473464,4.59530540743833,
6,27,I,2,5.22845030610918,5.39107757838806,I,2,5.22845030610918,5.39107757838806,
,,,,,,,,,,
7,39,V+,5,7.29147279861136,4.41392892232638,V+,5,7.29147279861136,4.41392892232638,
7,40,I,2,1.09740982592607,3.77150238242375,I,2,1.09740982592607,3.77150238242375,
7,41,I,3,4.08334493433918,5.39099383253166,I,3,4.08334493433918,5.39099383253166,
7,42,ii,4,5.4657386054271,4.85152159349412,ii,4,5.4657386054271,4.85152159349412,
7,43,iio,3,5.41614323966244,5.1682105752859,iio,3,5.41614323966244,5.1682105752859,
7,44,ivo,4,7.19907070073294,4.49600943531414,-iiio,4,7.19907070073294,4.49600943531414,0
7,45,I,1,5.9648221672267,5.00732945813118,I,1,3.78620180560751,4.81209412660178,
7,46,iii,1,5.56072957589645,5.48583356890646,iii,2,5.77007390597814,5.20286502930812,
7,47,ii,2,4.30422373073332,5.2102968367464,ii,2,4.30422373073332,5.2102968367464,
7,48,iv,3,6.61056782473464,4.59530540743833,iv,3,6.61056782473464,4.59530540743833,
7,49,I,2,5.22845030610918,5.39107757838806,I,2,5.22845030610918,5.39107757838806,
,,,,,,,,,,
8,39,V+,5,7.29147279861136,4.41392892232638,V+,5,7.29147279861136,4.41392892232638,
8,40,I,2,1.09740982592607,3.77150238242375,I,2,1.09740982592607,3.77150238242375,
8,41,I,3,4.08334493433918,5.39099383253166,I,3,4.08334493433918,5.39099383253166,
8,42,ii,4,5.4657386054271,4.85152159349412,ii,4,5.4657386054271,4.85152159349412,
8,43,iio,3,5.41614323966244,5.1682105752859,iio,3,5.41614323966244,5.1682105752859,
8,44,ivo,4,7.19907070073294,4.49600943531414,-viio,4,7.19907070073294,4.49600943531414,0
8,45,I,1,5.9648221672267,5.00732945813118,I,1,4.06842650975994,5.33054455445399,
8,46,iii,1,5.56072957589645,5.48583356890646,iii,2,5.77007390597814,5.20286502930812,
8,47,ii,2,4.30422373073332,5.2102968367464,ii,2,4.30422373073332,5.2102968367464,
8,48,iv,3,6.61056782473464,4.59530540743833,iv,3,6.61056782473464,4.59530540743833,
8,49,I,2,5.22845030610918,5.39107757838806,I,2,5.22845030610918,5.39107757838806,
,,,,,,,,,,
9,39,V+,5,7.29147279861136,4.41392892232638,V+,5,7.29147279861136,4.41392892232638,
9,40,I,2,1.09740982592607,3.77150238242375,I,2,1.09740982592607,3.77150238242375,
9,41,I,3,4.08334493433918,5.39099383253166,I,3,4.08334493433918,5.39099383253166,
9,42,ii,4,5.4657386054271,4.85152159349412,ii,4,5.4657386054271,4.85152159349412,
9,43,iio,3,5.41614323966244,5.1682105752859,iio,3,5.41614323966244,5.1682105752859,
9,44,ivo,4,7.19907070073294,4.49600943531414,-vio,4,7.19907070073294,4.49600943531414,0
9,45,I,1,5.9648221672267,5.00732945813118,I,1,6.04484944366108,5.18571668744516,
9,46,iii,1,5.56072957589645,5.48583356890646,iii,1,5.56072957589645,5.48583356890646,
9,47,ii,2,4.30422373073332,5.2102968367464,ii,2,4.30422373073332,5.2102968367464,
9,48,iv,3,6.61056782473464,4.59530540743833,iv,3,6.61056782473464,4.59530540743833,
9,49,I,2,5.22845030610918,5.39107757838806,I,2,5.22845030610918,5.39107757838806,
,,,,,,,,,,
10,123,V,3,1.46437002493279,4.11175173096645,V,3,1.46437002493279,4.11175173096645,
10,124,I,4,2.1193053450094,4.65367391997823,I,4,2.1193053450094,4.65367391997823,
10,125,I,5,3.66143887007834,5.12339978879626,I,5,3.66143887007834,5.12339978879626,
10,126,ii,6,3.98548890506167,4.79669912801914,ii,6,3.98548890506167,4.79669912801914,
10,127,iio,6,6.48285996007011,3.84510036036354,iio,6,6.48285996007011,3.84510036036354,
10,128,ivo,4,7.19907070073294,4.49600943531414,-iiio,4,7.19907070073294,4.49600943531414,0
10,129,I,1,5.9648221672267,5.00732945813118,I,1,3.78620180560751,4.81209412660178,
10,130,iii,1,5.56072957589645,5.48583356890646,iii,2,5.77007390597814,5.20286502930812,
10,131,ii,2,4.30422373073332,5.2102968367464,ii,2,4.30422373073332,5.2102968367464,
10,132,iv,3,6.61056782473464,4.59530540743833,iv,3,6.61056782473464,4.59530540743833,
10,133,I,2,5.22845030610918,5.39107757838806,I,2,5.22845030610918,5.39107757838806,
,,,,,,,,,,
11,123,V,3,1.46437002493279,4.11175173096645,V,3,1.46437002493279,4.11175173096645,
11,124,I,4,2.1193053450094,4.65367391997823,I,4,2.1193053450094,4.65367391997823,
11,125,I,5,3.66143887007834,5.12339978879626,I,5,3.66143887007834,5.12339978879626,
11,126,ii,6,3.98548890506167,4.79669912801914,ii,6,3.98548890506167,4.79669912801914,
11,127,iio,6,6.48285996007011,3.84510036036354,iio,6,6.48285996007011,3.84510036036354,
11,128,ivo,4,7.19907070073294,4.49600943531414,-viio,4,7.19907070073294,4.49600943531414,0
11,129,I,1,5.9648221672267,5.00732945813118,I,1,4.06842650975994,5.33054455445399,
11,130,iii,1,5.56072957589645,5.48583356890646,iii,2,5.77007390597814,5.20286502930812,
11,131,ii,2,4.30422373073332,5.2102968367464,ii,2,4.30422373073332,5.2102968367464,
11,132,iv,3,6.61056782473464,4.59530540743833,iv,3,6.61056782473464,4.59530540743833,
11,133,I,2,5.22845030610918,5.39107757838806,I,2,5.22845030610918,5.39107757838806,
,,,,,,,,,,
12,123,V,3,1.46437002493279,4.11175173096645,V,3,1.46437002493279,4.11175173096645,
12,124,I,4,2.1193053450094,4.65367391997823,I,4,2.1193053450094,4.65367391997823,
12,125,I,5,3.66143887007834,5.12339978879626,I,5,3.66143887007834,5.12339978879626,
12,126,ii,6,3.98548890506167,4.79669912801914,ii,6,3.98548890506167,4.79669912801914,
12,127,iio,6,6.48285996007011,3.84510036036354,iio,6,6.48285996007011,3.84510036036354,
12,128,ivo,4,7.19907070073294,4.49600943531414,-vio,4,7.19907070073294,4.49600943531414,0
12,129,I,1,5.9648221672267,5.00732945813118,I,1,6.04484944366108,5.18571668744516,
12,130,iii,1,5.56072957589645,5.48583356890646,iii,1,5.56072957589645,5.48583356890646,
12,131,ii,2,4.30422373073332,5.2102968367464,ii,2,4.30422373073332,5.2102968367464,
12,132,iv,3,6.61056782473464,4.59530540743833,iv,3,6.61056782473464,4.59530540743833,
12,133,I,2,5.22845030610918,5.39107757838806,I,2,5.22845030610918,5.39107757838806,
,,,,,,,,,,
13,11,I,1,5.9648221672267,5.00732945813118,I,1,5.9648221672267,5.00732945813118,
13,12,iii,1,5.56072957589645,5.48583356890646,iii,1,5.56072957589645,5.48583356890646,
13,13,ii,2,4.30422373073332,5.2102968367464,ii,2,4.30422373073332,5.2102968367464,
13,14,iv,3,6.61056782473464,4.59530540743833,iv,3,6.61056782473464,4.59530540743833,
13,15,I,2,5.22845030610918,5.39107757838806,I,2,5.22845030610918,5.39107757838806,
13,16,VI,2,5.61895852317609,5.41437983856262,-III,2,5.60798337702364,5.41437983856262,0.010975146152445
13,17,ii,3,4.02059214357369,4.78019409877054,ii,3,5.38855729412867,5.05070411162005,
13,18,I,3,5.30100554209393,4.11175173096645,I,3,3.6330808107577,5.02563512803721,
13,19,I,3,3.61519555536663,5.26279136418971,I,4,4.93134784131074,4.61190306674727,
13,20,ii,4,4.97573149675145,4.98511009623961,ii,3,4.75962040087112,5.32509587849707,
13,21,iio,4,5.70358242265872,4.78018068141118,iio,4,5.70358242265872,4.78018068141118,
,,,,,,,,,,
14,23,I,1,5.9648221672267,5.00732945813118,I,1,5.9648221672267,5.00732945813118,
14,24,iii,1,5.56072957589645,5.48583356890646,iii,1,5.56072957589645,5.48583356890646,
14,25,ii,2,4.30422373073332,5.2102968367464,ii,2,4.30422373073332,5.2102968367464,
14,26,iv,3,6.61056782473464,4.59530540743833,iv,3,6.61056782473464,4.59530540743833,
14,27,I,2,5.22845030610918,5.39107757838806,I,2,5.22845030610918,5.39107757838806,
14,28,VI,2,5.61895852317609,5.41437983856262,-III,2,5.60798337702364,5.41437983856262,0.010975146152445
14,29,ii,3,4.02059214357369,4.78019409877054,ii,3,5.38855729412867,5.05070411162005,
14,30,V,3,1.46437002493279,4.11175173096645,V,3,2.85128503501579,5.02563512803721,
14,31,I,4,2.1193053450094,4.65367391997823,I,4,3.4919697469659,4.29794198538628,
14,32,ii,5,5.33892155587432,5.12339978879626,ii,4,5.14706825122119,5.2347129481015,
14,33,V,4,3.15586066511273,4.85620005945786,V,4,3.15586066511273,4.85620005945786,
,,,,,,,,,,
15,45,I,1,5.9648221672267,5.00732945813118,I,1,5.9648221672267,5.00732945813118,
15,46,iii,1,5.56072957589645,5.48583356890646,iii,1,5.56072957589645,5.48583356890646,
15,47,ii,2,4.30422373073332,5.2102968367464,ii,2,4.30422373073332,5.2102968367464,
15,48,iv,3,6.61056782473464,4.59530540743833,iv,3,6.61056782473464,4.59530540743833,
15,49,I,2,5.22845030610918,5.39107757838806,I,2,5.22845030610918,5.39107757838806,
15,50,VI,2,5.61895852317609,5.41437983856262,-III,2,5.60798337702364,5.41437983856262,0.010975146152445
15,51,ii,3,4.02059214357369,4.78019409877054,ii,3,5.38855729412867,5.05070411162005,
15,52,I,3,5.30100554209393,4.11175173096645,I,3,3.6330808107577,5.02563512803721,
15,53,iii,3,3.93493748856126,5.26279136418971,iii,4,5.63353278059223,4.61190306674727,
15,54,ii,4,4.07953872296366,4.45979626823093,ii,3,3.80269225712267,4.91720488614948,
15,55,iv,4,6.92416058187526,4.06456636606014,iv,4,6.92416058187526,4.06456636606014,
,,,,,,,,,,
16,52,I,3,5.30100554209393,4.11175173096645,I,3,5.30100554209393,4.11175173096645,
16,53,iii,3,3.93493748856126,5.26279136418971,iii,3,3.93493748856126,5.26279136418971,
16,54,ii,4,4.07953872296366,4.45979626823093,ii,4,4.07953872296366,4.45979626823093,
16,55,iv,4,6.92416058187526,4.06456636606014,iv,4,6.92416058187526,4.06456636606014,
16,56,I,2,5.22845030610918,5.39107757838806,I,2,5.22845030610918,5.39107757838806,
16,57,VI,2,5.61895852317609,5.41437983856262,-III,2,5.60798337702364,5.41437983856262,0.010975146152445
16,58,ii,3,4.02059214357369,4.78019409877054,ii,3,5.38855729412867,5.05070411162005,
16,59,I,3,5.30100554209393,4.11175173096645,I,3,3.6330808107577,5.02563512803721,
16,60,I,3,3.61519555536663,5.26279136418971,I,4,4.93134784131074,4.61190306674727,
16,61,I,4,2.30599221062608,4.98511009623961,I,3,3.77000628159753,5.32509587849707,
16,62,I,5,3.4114531562888,4.83269114618023,I,4,3.17411312664281,5.18446755285269,
,,,,,,,,,,
17,116,I,3,5.30100554209393,4.11175173096645,I,3,5.30100554209393,4.11175173096645,
17,117,iii,3,3.93493748856126,5.26279136418971,iii,3,3.93493748856126,5.26279136418971,
17,118,ii,4,4.07953872296366,4.45979626823093,ii,4,4.07953872296366,4.45979626823093,
17,119,iv,4,6.92416058187526,4.06456636606014,iv,4,6.92416058187526,4.06456636606014,
17,120,I,2,5.22845030610918,5.39107757838806,I,2,5.22845030610918,5.39107757838806,
17,121,VI,2,5.61895852317609,5.41437983856262,-III,2,5.60798337702364,5.41437983856262,0.010975146152445
17,122,ii,3,4.02059214357369,4.78019409877054,ii,3,5.38855729412867,5.05070411162005,
17,123,V,3,1.46437002493279,4.11175173096645,V,3,2.85128503501579,5.02563512803721,
17,124,I,4,2.1193053450094,4.65367391997823,I,4,3.4919697469659,4.29794198538628,
17,125,I,5,3.66143887007834,5.12339978879626,I,4,3.19022825936542,5.2347129481015,
17,126,ii,6,3.98548890506167,4.79669912801914,ii,5,4.39783430555802,5.00960074389675,
,,,,,,,,,,
18,165,I,1,5.9648221672267,5.00732945813118,I,1,5.9648221672267,5.00732945813118,
18,166,iii,1,5.56072957589645,5.48583356890646,iii,1,5.56072957589645,5.48583356890646,
18,167,ii,2,4.30422373073332,5.2102968367464,ii,2,4.30422373073332,5.2102968367464,
18,168,iv,3,6.61056782473464,4.59530540743833,iv,3,6.61056782473464,4.59530540743833,
18,169,I,2,5.22845030610918,5.39107757838806,I,2,5.22845030610918,5.39107757838806,
18,170,VI,2,5.61895852317609,5.41437983856262,-III,2,5.60798337702364,5.41437983856262,0.010975146152445
18,171,ii,3,4.02059214357369,4.78019409877054,ii,3,5.38855729412867,5.05070411162005,
18,172,r,3,3.82837874594247,4.11175173096645,r,3,3.38015063799085,5.02563512803721,
18,173,r,3,0.82018512474458,2.37945204906062,r,2,1.17781436853394,2.78170730767971,
,,,,,,,,,,
19,7,I,6,1.88910591700517,4.6638081938372,I,6,1.88910591700517,4.6638081938372,
19,8,ii,7,4.69727563573775,4.53671184136733,ii,7,4.69727563573775,4.53671184136733,
19,9,iio,8,6.01817708772602,3.88904477062844,iio,8,6.01817708772602,3.88904477062844,
19,10,ivo,5,7.47293317305342,3.98653930611749,ivo,5,7.47293317305342,3.98653930611749,
19,11,I,1,5.9648221672267,5.00732945813118,I,1,5.9648221672267,5.00732945813118,
19,12,iii,1,5.56072957589645,5.48583356890646,i,1,5.57523231425718,5.48583356890646,0.0145027383607346
19,13,ii,2,4.30422373073332,5.2102968367464,ii,2,4.32008934316284,5.31248629094896,
19,14,iv,3,6.61056782473464,4.59530540743833,iv,3,7.05182807689927,3.86013224271083,
19,15,I,2,5.22845030610918,5.39107757838806,I,2,5.22845030610918,5.39107757838806,
19,16,VI,2,5.61895852317609,5.41437983856262,VI,2,5.61895852317609,5.41437983856262,
19,17,ii,3,4.02059214357369,4.78019409877054,ii,3,4.02059214357369,4.78019409877054,
,,,,,,,,,,
20,7,I,6,1.88910591700517,4.6638081938372,I,6,1.88910591700517,4.6638081938372,
20,8,ii,7,4.69727563573775,4.53671184136733,ii,7,4.69727563573775,4.53671184136733,
20,9,iio,8,6.01817708772602,3.88904477062844,iio,8,6.01817708772602,3.88904477062844,
20,10,ivo,5,7.47293317305342,3.98653930611749,ivo,5,7.47293317305342,3.98653930611749,
20,11,I,1,5.9648221672267,5.00732945813118,I,1,5.9648221672267,5.00732945813118,
20,12,iii,1,5.56072957589645,5.48583356890646,iv,1,5.54357856287103,5.48583356890646,0.0171510130254147
20,13,ii,2,4.30422373073332,5.2102968367464,ii,2,5.55180348528683,5.34775967798018,
20,14,iv,3,6.61056782473464,4.59530540743833,iv,3,2.42886024765921,4.59433022408461,
20,15,I,2,5.22845030610918,5.39107757838806,I,4,5.90376421865261,4.46522943510727,
20,16,VI,2,5.61895852317609,5.41437983856262,VI,2,5.61895852317609,5.41437983856262,
20,17,ii,3,4.02059214357369,4.78019409877054,ii,3,4.02059214357369,4.78019409877054,
,,,,,,,,,,
21,28,VI,2,5.61895852317609,5.41437983856262,VI,2,5.61895852317609,5.41437983856262,
21,29,ii,3,4.02059214357369,4.78019409877054,ii,3,4.02059214357369,4.78019409877054,
21,30,V,3,1.46437002493279,4.11175173096645,V,3,1.46437002493279,4.11175173096645,
21,31,I,4,2.1193053450094,4.65367391997823,I,4,2.1193053450094,4.65367391997823,
21,32,ii,5,5.33892155587432,5.12339978879626,ii,5,5.33892155587432,5.12339978879626,
21,33,V,4,3.15586066511273,4.85620005945786,I,4,3.1342517513451,4.85620005945786,0.0216089137676359
21,34,I,5,2.07070193296089,4.45148444544347,I,5,4.64552625458254,4.89645775117515,
21,35,V,6,3.70861221818802,4.81489004757467,V,4,4.93964808296401,5.05594877285659,
21,36,I,6,1.79652960846339,4.38028055643652,I,4,3.18826784692129,4.9554693227883,
21,37,ii,6,5.52862278037792,4.59206419891618,ii,5,5.5055501981917,4.84233898511125,
21,38,V,5,3.35655626513595,3.58236633137624,V,4,2.80303543393994,4.5589583136087,
,,,,,,,,,,
22,11,I,1,5.9648221672267,5.00732945813118,I,1,5.9648221672267,5.00732945813118,
22,12,iii,1,5.56072957589645,5.48583356890646,iii,1,5.56072957589645,5.48583356890646,
22,13,ii,2,4.30422373073332,5.2102968367464,ii,2,4.30422373073332,5.2102968367464,
22,14,iv,3,6.61056782473464,4.59530540743833,iv,3,6.61056782473464,4.59530540743833,
22,15,I,2,5.22845030610918,5.39107757838806,I,2,5.22845030610918,5.39107757838806,
22,16,VI,2,5.61895852317609,5.41437983856262,v,2,5.64116251335248,5.41437983856262,0.0222039901763962
22,17,ii,3,4.02059214357369,4.78019409877054,ii,3,5.0838813064941,4.70803273735591,
22,18,I,3,5.30100554209393,4.11175173096645,I,3,4.6015186820242,4.97017344730089,
22,19,I,3,3.61519555536663,5.26279136418971,I,3,4.61230670260105,5.10828274890065,
22,20,ii,4,4.97573149675145,4.98511009623961,ii,3,4.75962040087112,5.32509587849707,
22,21,iio,4,5.70358242265872,4.78018068141118,iio,4,5.70358242265872,4.78018068141118,
,,,,,,,,,,
23,23,I,1,5.9648221672267,5.00732945813118,I,1,5.9648221672267,5.00732945813118,
23,24,iii,1,5.56072957589645,5.48583356890646,iii,1,5.56072957589645,5.48583356890646,
23,25,ii,2,4.30422373073332,5.2102968367464,ii,2,4.30422373073332,5.2102968367464,
23,26,iv,3,6.61056782473464,4.59530540743833,iv,3,6.61056782473464,4.59530540743833,
23,27,I,2,5.22845030610918,5.39107757838806,I,2,5.22845030610918,5.39107757838806,
23,28,VI,2,5.61895852317609,5.41437983856262,v,2,5.64116251335248,5.41437983856262,0.0222039901763962
23,29,ii,3,4.02059214357369,4.78019409877054,ii,3,5.0838813064941,4.70803273735591,
23,30,V,3,1.46437002493279,4.11175173096645,V,3,2.85814366779013,4.97017344730089,
23,31,I,4,2.1193053450094,4.65367391997823,I,4,2.61651315561354,4.18112195525883,
23,32,ii,5,5.33892155587432,5.12339978879626,ii,4,5.12343275766103,5.25537472280114,
23,33,V,4,3.15586066511273,4.85620005945786,V,4,3.15586066511273,4.85620005945786,
,,,,,,,,,,
24,45,I,1,5.9648221672267,5.00732945813118,I,1,5.9648221672267,5.00732945813118,
24,46,iii,1,5.56072957589645,5.48583356890646,iii,1,5.56072957589645,5.48583356890646,
24,47,ii,2,4.30422373073332,5.2102968367464,ii,2,4.30422373073332,5.2102968367464,
24,48,iv,3,6.61056782473464,4.59530540743833,iv,3,6.61056782473464,4.59530540743833,
24,49,I,2,5.22845030610918,5.39107757838806,I,2,5.22845030610918,5.39107757838806,
24,50,VI,2,5.61895852317609,5.41437983856262,v,2,5.64116251335248,5.41437983856262,0.0222039901763962
24,51,ii,3,4.02059214357369,4.78019409877054,ii,3,5.0838813064941,4.70803273735591,
24,52,I,3,5.30100554209393,4.11175173096645,I,3,4.6015186820242,4.97017344730089,
24,53,iii,3,3.93493748856126,5.26279136418971,iii,3,5.31449164188255,5.10828274890065,
24,54,ii,4,4.07953872296366,4.45979626823093,ii,3,3.80269225712267,4.91720488614948,
24,55,iv,4,6.92416058187526,4.06456636606014,iv,4,6.92416058187526,4.06456636606014,
,,,,,,,,,,
25,52,I,3,5.30100554209393,4.11175173096645,I,3,5.30100554209393,4.11175173096645,
25,53,iii,3,3.93493748856126,5.26279136418971,iii,3,3.93493748856126,5.26279136418971,
25,54,ii,4,4.07953872296366,4.45979626823093,ii,4,4.07953872296366,4.45979626823093,
25,55,iv,4,6.92416058187526,4.06456636606014,iv,4,6.92416058187526,4.06456636606014,
25,56,I,2,5.22845030610918,5.39107757838806,I,2,5.22845030610918,5.39107757838806,
25,57,VI,2,5.61895852317609,5.41437983856262,v,2,5.64116251335248,5.41437983856262,0.0222039901763962
25,58,ii,3,4.02059214357369,4.78019409877054,ii,3,5.0838813064941,4.70803273735591,
25,59,I,3,5.30100554209393,4.11175173096645,I,3,4.6015186820242,4.97017344730089,
25,60,I,3,3.61519555536663,5.26279136418971,I,3,4.61230670260105,5.10828274890065,
25,61,I,4,2.30599221062608,4.98511009623961,I,3,3.77000628159753,5.32509587849707,
25,62,I,5,3.4114531562888,4.83269114618023,I,4,3.17411312664281,5.18446755285269,
,,,,,,,,,,
26,116,I,3,5.30100554209393,4.11175173096645,I,3,5.30100554209393,4.11175173096645,
26,117,iii,3,3.93493748856126,5.26279136418971,iii,3,3.93493748856126,5.26279136418971,
26,118,ii,4,4.07953872296366,4.45979626823093,ii,4,4.07953872296366,4.45979626823093,
26,119,iv,4,6.92416058187526,4.06456636606014,iv,4,6.92416058187526,4.06456636606014,
26,120,I,2,5.22845030610918,5.39107757838806,I,2,5.22845030610918,5.39107757838806,
26,121,VI,2,5.61895852317609,5.41437983856262,v,2,5.64116251335248,5.41437983856262,0.0222039901763962
26,122,ii,3,4.02059214357369,4.78019409877054,ii,3,5.0838813064941,4.70803273735591,
26,123,V,3,1.46437002493279,4.11175173096645,V,3,2.85814366779013,4.97017344730089,
26,124,I,4,2.1193053450094,4.65367391997823,I,4,2.61651315561354,4.18112195525883,
26,125,I,5,3.66143887007834,5.12339978879626,I,4,3.27775588562638,5.25537472280114,
26,126,ii,6,3.98548890506167,4.79669912801914,ii,5,4.41025248045719,4.87544175652249,
,,,,,,,,,,
27,165,I,1,5.9648221672267,5.00732945813118,I,1,5.9648221672267,5.00732945813118,
27,166,iii,1,5.56072957589645,5.48583356890646,iii,1,5.56072957589645,5.48583356890646,
27,167,ii,2,4.30422373073332,5.2102968367464,ii,2,4.30422373073332,5.2102968367464,
27,168,iv,3,6.61056782473464,4.59530540743833,iv,3,6.61056782473464,4.59530540743833,
27,169,I,2,5.22845030610918,5.39107757838806,I,2,5.22845030610918,5.39107757838806,
27,170,VI,2,5.61895852317609,5.41437983856262,v,2,5.64116251335248,5.41437983856262,0.0222039901763962
27,171,ii,3,4.02059214357369,4.78019409877054,ii,3,5.0838813064941,4.70803273735591,
27,172,r,3,3.82837874594247,4.11175173096645,r,3,3.36056931217758,4.97017344730089,
27,173,r,3,0.82018512474458,2.37945204906062,r,2,1.17781436853394,2.78170730767971,
,,,,,,,,,,
28,5,I,4,1.57905589774719,4.43641306392646,I,4,1.57905589774719,4.43641306392646,
28,6,I,5,1.26112198919573,3.88581248296405,I,5,1.26112198919573,3.88581248296405,
28,7,I,6,1.88910591700517,4.6638081938372,I,6,1.88910591700517,4.6638081938372,
28,8,ii,7,4.69727563573775,4.53671184136733,ii,7,4.69727563573775,4.53671184136733,
28,9,iio,8,6.01817708772602,3.88904477062844,iio,8,6.01817708772602,3.88904477062844,
28,10,ivo,5,7.47293317305342,3.98653930611749,#I,5,7.44984955994038,3.98653930611749,0.023083613113041
28,11,I,1,5.9648221672267,5.00732945813118,I,1,4.25823511861627,5.15231438223785,
28,12,iii,1,5.56072957589645,5.48583356890646,iii,2,5.77132650985284,5.37583809394362,
28,13,ii,2,4.30422373073332,5.2102968367464,ii,2,4.30422373073332,5.2102968367464,
28,14,iv,3,6.61056782473464,4.59530540743833,iv,3,6.61056782473464,4.59530540743833,
28,15,I,2,5.22845030610918,5.39107757838806,I,2,5.22845030610918,5.39107757838806,
,,,,,,,,,,
29,5,I,4,1.57905589774719,4.43641306392646,I,4,1.57905589774719,4.43641306392646,
29,6,I,5,1.26112198919573,3.88581248296405,I,5,1.26112198919573,3.88581248296405,
29,7,I,6,1.88910591700517,4.6638081938372,I,6,1.88910591700517,4.6638081938372,
29,8,ii,7,4.69727563573775,4.53671184136733,ii,7,4.69727563573775,4.53671184136733,
29,9,iio,8,6.01817708772602,3.88904477062844,iio,8,6.01817708772602,3.88904477062844,
29,10,ivo,5,7.47293317305342,3.98653930611749,iiio,5,7.44984955994038,3.98653930611749,0.023083613113041
29,11,I,1,5.9648221672267,5.00732945813118,I,1,6.17776556611094,4.94922749208867,
29,12,iii,1,5.56072957589645,5.48583356890646,iii,1,5.56072957589645,5.48583356890646,
29,13,ii,2,4.30422373073332,5.2102968367464,ii,2,4.30422373073332,5.2102968367464,
29,14,iv,3,6.61056782473464,4.59530540743833,iv,3,6.61056782473464,4.59530540743833,
29,15,I,2,5.22845030610918,5.39107757838806,I,2,5.22845030610918,5.39107757838806,
,,,,,,,,,,
30,5,I,4,1.57905589774719,4.43641306392646,I,4,1.57905589774719,4.43641306392646,
30,6,I,5,1.26112198919573,3.88581248296405,I,5,1.26112198919573,3.88581248296405,
30,7,I,6,1.88910591700517,4.6638081938372,I,6,1.88910591700517,4.6638081938372,
30,8,ii,7,4.69727563573775,4.53671184136733,ii,7,4.69727563573775,4.53671184136733,
30,9,iio,8,6.01817708772602,3.88904477062844,iio,8,6.01817708772602,3.88904477062844,
30,10,ivo,5,7.47293317305342,3.98653930611749,#iv,5,7.44984955994038,3.98653930611749,0.023083613113041
30,11,I,1,5.9648221672267,5.00732945813118,I,1,6.12012985480132,5.10380726811025,
30,12,iii,1,5.56072957589645,5.48583356890646,iii,1,5.56072957589645,5.48583356890646,
30,13,ii,2,4.30422373073332,5.2102968367464,ii,2,4.30422373073332,5.2102968367464,
30,14,iv,3,6.61056782473464,4.59530540743833,iv,3,6.61056782473464,4.59530540743833,
30,15,I,2,5.22845030610918,5.39107757838806,I,2,5.22845030610918,5.39107757838806,
,,,,,,,,,,
31,5,I,4,1.57905589774719,4.43641306392646,I,4,1.57905589774719,4.43641306392646,
31,6,I,5,1.26112198919573,3.88581248296405,I,5,1.26112198919573,3.88581248296405,
31,7,I,6,1.88910591700517,4.6638081938372,I,6,1.88910591700517,4.6638081938372,
31,8,ii,7,4.69727563573775,4.53671184136733,ii,7,4.69727563573775,4.53671184136733,
31,9,iio,8,6.01817708772602,3.88904477062844,iio,8,6.01817708772602,3.88904477062844,
31,10,ivo,5,7.47293317305342,3.98653930611749,-vi,5,7.44984955994038,3.98653930611749,0.023083613113041
31,11,I,1,5.9648221672267,5.00732945813118,I,1,6.14380834882151,5.15247540015924,
31,12,iii,1,5.56072957589645,5.48583356890646,iii,1,5.56072957589645,5.48583356890646,
31,13,ii,2,4.30422373073332,5.2102968367464,ii,2,4.30422373073332,5.2102968367464,
31,14,iv,3,6.61056782473464,4.59530540743833,iv,3,6.61056782473464,4.59530540743833,
31,15,I,2,5.22845030610918,5.39107757838806,I,2,5.22845030610918,5.39107757838806,
,,,,,,,,,,
32,17,ii,3,4.02059214357369,4.78019409877054,ii,3,4.02059214357369,4.78019409877054,
32,18,I,3,5.30100554209393,4.11175173096645,I,3,5.30100554209393,4.11175173096645,
32,19,I,3,3.61519555536663,5.26279136418971,I,3,3.61519555536663,5.26279136418971,
32,20,ii,4,4.97573149675145,4.98511009623961,ii,4,4.97573149675145,4.98511009623961,
32,21,iio,4,5.70358242265872,4.78018068141118,iio,4,5.70358242265872,4.78018068141118,
32,22,ivo,4,7.19907070073294,4.49600943531414,#I,4,7.1759870876199,4.49600943531414,0.023083613113041
32,23,I,1,5.9648221672267,5.00732945813118,I,1,4.25823511861627,5.15231438223785,
32,24,iii,1,5.56072957589645,5.48583356890646,iii,2,5.77132650985284,5.37583809394362,
32,25,ii,2,4.30422373073332,5.2102968367464,ii,2,4.30422373073332,5.2102968367464,
32,26,iv,3,6.61056782473464,4.59530540743833,iv,3,6.61056782473464,4.59530540743833,
32,27,I,2,5.22845030610918,5.39107757838806,I,2,5.22845030610918,5.39107757838806,
,,,,,,,,,,
33,17,ii,3,4.02059214357369,4.78019409877054,ii,3,4.02059214357369,4.78019409877054,
33,18,I,3,5.30100554209393,4.11175173096645,I,3,5.30100554209393,4.11175173096645,
33,19,I,3,3.61519555536663,5.26279136418971,I,3,3.61519555536663,5.26279136418971,
33,20,ii,4,4.97573149675145,4.98511009623961,ii,4,4.97573149675145,4.98511009623961,
33,21,iio,4,5.70358242265872,4.78018068141118,iio,4,5.70358242265872,4.78018068141118,
33,22,ivo,4,7.19907070073294,4.49600943531414,iiio,4,7.1759870876199,4.49600943531414,0.023083613113041
33,23,I,1,5.9648221672267,5.00732945813118,I,1,6.17776556611094,4.94922749208867,
33,24,iii,1,5.56072957589645,5.48583356890646,iii,1,5.56072957589645,5.48583356890646,
33,25,ii,2,4.30422373073332,5.2102968367464,ii,2,4.30422373073332,5.2102968367464,
33,26,iv,3,6.61056782473464,4.59530540743833,iv,3,6.61056782473464,4.59530540743833,
33,27,I,2,5.22845030610918,5.39107757838806,I,2,5.22845030610918,5.39107757838806,
,,,,,,,,,,
34,17,ii,3,4.02059214357369,4.78019409877054,ii,3,4.02059214357369,4.78019409877054,
34,18,I,3,5.30100554209393,4.11175173096645,I,3,5.30100554209393,4.11175173096645,
34,19,I,3,3.61519555536663,5.26279136418971,I,3,3.61519555536663,5.26279136418971,
34,20,ii,4,4.97573149675145,4.98511009623961,ii,4,4.97573149675145,4.98511009623961,
34,21,iio,4,5.70358242265872,4.78018068141118,iio,4,5.70358242265872,4.78018068141118,
34,22,ivo,4,7.19907070073294,4.49600943531414,#iv,4,7.1759870876199,4.49600943531414,0.023083613113041
34,23,I,1,5.9648221672267,5.00732945813118,I,1,6.12012985480132,5.10380726811025,
34,24,iii,1,5.56072957589645,5.48583356890646,iii,1,5.56072957589645,5.48583356890646,
34,25,ii,2,4.30422373073332,5.2102968367464,ii,2,4.30422373073332,5.2102968367464,
34,26,iv,3,6.61056782473464,4.59530540743833,iv,3,6.61056782473464,4.59530540743833,
34,27,I,2,5.22845030610918,5.39107757838806,I,2,5.22845030610918,5.39107757838806,
,,,,,,,,,,
35,17,ii,3,4.02059214357369,4.78019409877054,ii,3,4.02059214357369,4.78019409877054,
35,18,I,3,5.30100554209393,4.11175173096645,I,3,5.30100554209393,4.11175173096645,
35,19,I,3,3.61519555536663,5.26279136418971,I,3,3.61519555536663,5.26279136418971,
35,20,ii,4,4.97573149675145,4.98511009623961,ii,4,4.97573149675145,4.98511009623961,
35,21,iio,4,5.70358242265872,4.78018068141118,iio,4,5.70358242265872,4.78018068141118,
35,22,ivo,4,7.19907070073294,4.49600943531414,-vi,4,7.1759870876199,4.49600943531414,0.023083613113041
35,23,I,1,5.9648221672267,5.00732945813118,I,1,6.14380834882151,5.15247540015924,
35,24,iii,1,5.56072957589645,5.48583356890646,iii,1,5.56072957589645,5.48583356890646,
35,25,ii,2,4.30422373073332,5.2102968367464,ii,2,4.30422373073332,5.2102968367464,
35,26,iv,3,6.61056782473464,4.59530540743833,iv,3,6.61056782473464,4.59530540743833,
35,27,I,2,5.22845030610918,5.39107757838806,I,2,5.22845030610918,5.39107757838806,
,,,,,,,,,,
36,39,V+,5,7.29147279861136,4.41392892232638,V+,5,7.29147279861136,4.41392892232638,
36,40,I,2,1.09740982592607,3.77150238242375,I,2,1.09740982592607,3.77150238242375,
36,41,I,3,4.08334493433918,5.39099383253166,I,3,4.08334493433918,5.39099383253166,
36,42,ii,4,5.4657386054271,4.85152159349412,ii,4,5.4657386054271,4.85152159349412,
36,43,iio,3,5.41614323966244,5.1682105752859,iio,3,5.41614323966244,5.1682105752859,
36,44,ivo,4,7.19907070073294,4.49600943531414,#I,4,7.1759870876199,4.49600943531414,0.023083613113041
36,45,I,1,5.9648221672267,5.00732945813118,I,1,4.25823511861627,5.15231438223785,
36,46,iii,1,5.56072957589645,5.48583356890646,iii,2,5.77132650985284,5.37583809394362,
36,47,ii,2,4.30422373073332,5.2102968367464,ii,2,4.30422373073332,5.2102968367464,
36,48,iv,3,6.61056782473464,4.59530540743833,iv,3,6.61056782473464,4.59530540743833,
36,49,I,2,5.22845030610918,5.39107757838806,I,2,5.22845030610918,5.39107757838806,
,,,,,,,,,,
37,39,V+,5,7.29147279861136,4.41392892232638,V+,5,7.29147279861136,4.41392892232638,
37,40,I,2,1.09740982592607,3.77150238242375,I,2,1.09740982592607,3.77150238242375,
37,41,I,3,4.08334493433918,5.39099383253166,I,3,4.08334493433918,5.39099383253166,
37,42,ii,4,5.4657386054271,4.85152159349412,ii,4,5.4657386054271,4.85152159349412,
37,43,iio,3,5.41614323966244,5.1682105752859,iio,3,5.41614323966244,5.1682105752859,
37,44,ivo,4,7.19907070073294,4.49600943531414,iiio,4,7.1759870876199,4.49600943531414,0.023083613113041
37,45,I,1,5.9648221672267,5.00732945813118,I,1,6.17776556611094,4.94922749208867,
37,46,iii,1,5.56072957589645,5.48583356890646,iii,1,5.56072957589645,5.48583356890646,
37,47,ii,2,4.30422373073332,5.2102968367464,ii,2,4.30422373073332,5.2102968367464,
37,48,iv,3,6.61056782473464,4.59530540743833,iv,3,6.61056782473464,4.59530540743833,
37,49,I,2,5.22845030610918,5.39107757838806,I,2,5.22845030610918,5.39107757838806,
,,,,,,,,,,
38,39,V+,5,7.29147279861136,4.41392892232638,V+,5,7.29147279861136,4.41392892232638,
38,40,I,2,1.09740982592607,3.77150238242375,I,2,1.09740982592607,3.77150238242375,
38,41,I,3,4.08334493433918,5.39099383253166,I,3,4.08334493433918,5.39099383253166,
38,42,ii,4,5.4657386054271,4.85152159349412,ii,4,5.4657386054271,4.85152159349412,
38,43,iio,3,5.41614323966244,5.1682105752859,iio,3,5.41614323966244,5.1682105752859,
38,44,ivo,4,7.19907070073294,4.49600943531414,#iv,4,7.1759870876199,4.49600943531414,0.023083613113041
38,45,I,1,5.9648221672267,5.00732945813118,I,1,6.12012985480132,5.10380726811025,
38,46,iii,1,5.56072957589645,5.48583356890646,iii,1,5.56072957589645,5.48583356890646,
38,47,ii,2,4.30422373073332,5.2102968367464,ii,2,4.30422373073332,5.2102968367464,
38,48,iv,3,6.61056782473464,4.59530540743833,iv,3,6.61056782473464,4.59530540743833,
38,49,I,2,5.22845030610918,5.39107757838806,I,2,5.22845030610918,5.39107757838806,
,,,,,,,,,,
39,39,V+,5,7.29147279861136,4.41392892232638,V+,5,7.29147279861136,4.41392892232638,
39,40,I,2,1.09740982592607,3.77150238242375,I,2,1.09740982592607,3.77150238242375,
39,41,I,3,4.08334493433918,5.39099383253166,I,3,4.08334493433918,5.39099383253166,
39,42,ii,4,5.4657386054271,4.85152159349412,ii,4,5.4657386054271,4.85152159349412,
39,43,iio,3,5.41614323966244,5.1682105752859,iio,3,5.41614323966244,5.1682105752859,
39,44,ivo,4,7.19907070073294,4.49600943531414,-vi,4,7.1759870876199,4.49600943531414,0.023083613113041
39,45,I,1,5.9648221672267,5.00732945813118,I,1,6.14380834882151,5.15247540015924,
39,46,iii,1,5.56072957589645,5.48583356890646,iii,1,5.56072957589645,5.48583356890646,
39,47,ii,2,4.30422373073332,5.2102968367464,ii,2,4.30422373073332,5.2102968367464,
39,48,iv,3,6.61056782473464,4.59530540743833,iv,3,6.61056782473464,4.59530540743833,
39,49,I,2,5.22845030610918,5.39107757838806,I,2,5.22845030610918,5.39107757838806,
,,,,,,,,,,
40,123,V,3,1.46437002493279,4.11175173096645,V,3,1.46437002493279,4.11175173096645,
40,124,I,4,2.1193053450094,4.65367391997823,I,4,2.1193053450094,4.65367391997823,
40,125,I,5,3.66143887007834,5.12339978879626,I,5,3.66143887007834,5.12339978879626,
40,126,ii,6,3.98548890506167,4.79669912801914,ii,6,3.98548890506167,4.79669912801914,
40,127,iio,6,6.48285996007011,3.84510036036354,iio,6,6.48285996007011,3.84510036036354,
40,128,ivo,4,7.19907070073294,4.49600943531414,#I,4,7.1759870876199,4.49600943531414,0.023083613113041
40,129,I,1,5.9648221672267,5.00732945813118,I,1,4.25823511861627,5.15231438223785,
40,130,iii,1,5.56072957589645,5.48583356890646,iii,2,5.77132650985284,5.37583809394362,
40,131,ii,2,4.30422373073332,5.2102968367464,ii,2,4.30422373073332,5.2102968367464,
40,132,iv,3,6.61056782473464,4.59530540743833,iv,3,6.61056782473464,4.59530540743833,
40,133,I,2,5.22845030610918,5.39107757838806,I,2,5.22845030610918,5.39107757838806,
,,,,,,,,,,
41,123,V,3,1.46437002493279,4.11175173096645,V,3,1.46437002493279,4.11175173096645,
41,124,I,4,2.1193053450094,4.65367391997823,I,4,2.1193053450094,4.65367391997823,
41,125,I,5,3.66143887007834,5.12339978879626,I,5,3.66143887007834,5.12339978879626,
41,126,ii,6,3.98548890506167,4.79669912801914,ii,6,3.98548890506167,4.79669912801914,
41,127,iio,6,6.48285996007011,3.84510036036354,iio,6,6.48285996007011,3.84510036036354,
41,128,ivo,4,7.19907070073294,4.49600943531414,iiio,4,7.1759870876199,4.49600943531414,0.023083613113041
41,129,I,1,5.9648221672267,5.00732945813118,I,1,6.17776556611094,4.94922749208867,
41,130,iii,1,5.56072957589645,5.48583356890646,iii,1,5.56072957589645,5.48583356890646,
41,131,ii,2,4.30422373073332,5.2102968367464,ii,2,4.30422373073332,5.2102968367464,
41,132,iv,3,6.61056782473464,4.59530540743833,iv,3,6.61056782473464,4.59530540743833,
41,133,I,2,5.22845030610918,5.39107757838806,I,2,5.22845030610918,5.39107757838806,
,,,,,,,,,,
42,123,V,3,1.46437002493279,4.11175173096645,V,3,1.46437002493279,4.11175173096645,
42,124,I,4,2.1193053450094,4.65367391997823,I,4,2.1193053450094,4.65367391997823,
42,125,I,5,3.66143887007834,5.12339978879626,I,5,3.66143887007834,5.12339978879626,
42,126,ii,6,3.98548890506167,4.79669912801914,ii,6,3.98548890506167,4.79669912801914,
42,127,iio,6,6.48285996007011,3.84510036036354,iio,6,6.48285996007011,3.84510036036354,
42,128,ivo,4,7.19907070073294,4.49600943531414,#iv,4,7.1759870876199,4.49600943531414,0.023083613113041
42,129,I,1,5.9648221672267,5.00732945813118,I,1,6.12012985480132,5.10380726811025,
42,130,iii,1,5.56072957589645,5.48583356890646,iii,1,5.56072957589645,5.48583356890646,
42,131,ii,2,4.30422373073332,5.2102968367464,ii,2,4.30422373073332,5.2102968367464,
42,132,iv,3,6.61056782473464,4.59530540743833,iv,3,6.61056782473464,4.59530540743833,
42,133,I,2,5.22845030610918,5.39107757838806,I,2,5.22845030610918,5.39107757838806,
,,,,,,,,,,
43,123,V,3,1.46437002493279,4.11175173096645,V,3,1.46437002493279,4.11175173096645,
43,124,I,4,2.1193053450094,4.65367391997823,I,4,2.1193053450094,4.65367391997823,
43,125,I,5,3.66143887007834,5.12339978879626,I,5,3.66143887007834,5.12339978879626,
43,126,ii,6,3.98548890506167,4.79669912801914,ii,6,3.98548890506167,4.79669912801914,
43,127,iio,6,6.48285996007011,3.84510036036354,iio,6,6.48285996007011,3.84510036036354,
43,128,ivo,4,7.19907070073294,4.49600943531414,-vi,4,7.1759870876199,4.49600943531414,0.023083613113041
43,129,I,1,5.9648221672267,5.00732945813118,I,1,6.14380834882151,5.15247540015924,
43,130,iii,1,5.56072957589645,5.48583356890646,iii,1,5.56072957589645,5.48583356890646,
43,131,ii,2,4.30422373073332,5.2102968367464,ii,2,4.30422373073332,5.2102968367464,
43,132,iv,3,6.61056782473464,4.59530540743833,iv,3,6.61056782473464,4.59530540743833,
43,133,I,2,5.22845030610918,5.39107757838806,I,2,5.22845030610918,5.39107757838806,
,,,,,,,,,,
44,5,I,4,1.57905589774719,4.43641306392646,I,4,1.57905589774719,4.43641306392646,
44,6,I,5,1.26112198919573,3.88581248296405,I,5,1.26112198919573,3.88581248296405,
44,7,I,6,1.88910591700517,4.6638081938372,I,6,1.88910591700517,4.6638081938372,
44,8,ii,7,4.69727563573775,4.53671184136733,ii,7,4.69727563573775,4.53671184136733,
44,9,iio,8,6.01817708772602,3.88904477062844,iio,8,6.01817708772602,3.88904477062844,
44,10,ivo,5,7.47293317305342,3.98653930611749,#vo,5,7.49639214587741,3.98653930611749,0.0234589728239891
44,11,I,1,5.9648221672267,5.00732945813118,I,1,6.52470494352965,3.84712510873254,
44,12,iii,1,5.56072957589645,5.48583356890646,iii,1,5.56072957589645,5.48583356890646,
44,13,ii,2,4.30422373073332,5.2102968367464,ii,2,4.30422373073332,5.2102968367464,
44,14,iv,3,6.61056782473464,4.59530540743833,iv,3,6.61056782473464,4.59530540743833,
44,15,I,2,5.22845030610918,5.39107757838806,I,2,5.22845030610918,5.39107757838806,
,,,,,,,,,,
45,5,I,4,1.57905589774719,4.43641306392646,I,4,1.57905589774719,4.43641306392646,
45,6,I,5,1.26112198919573,3.88581248296405,I,5,1.26112198919573,3.88581248296405,
45,7,I,6,1.88910591700517,4.6638081938372,I,6,1.88910591700517,4.6638081938372,
45,8,ii,7,4.69727563573775,4.53671184136733,ii,7,4.69727563573775,4.53671184136733,
45,9,iio,8,6.01817708772602,3.88904477062844,iio,8,6.01817708772602,3.88904477062844,
45,10,ivo,5,7.47293317305342,3.98653930611749,#V,5,7.49639214587741,3.98653930611749,0.0234589728239891
45,11,I,1,5.9648221672267,5.00732945813118,I,1,3.97527023229175,5.10808337643008,
45,12,iii,1,5.56072957589645,5.48583356890646,iii,2,5.77007390597814,5.20286502930812,
45,13,ii,2,4.30422373073332,5.2102968367464,ii,2,4.30422373073332,5.2102968367464,
45,14,iv,3,6.61056782473464,4.59530540743833,iv,3,6.61056782473464,4.59530540743833,
45,15,I,2,5.22845030610918,5.39107757838806,I,2,5.22845030610918,5.39107757838806,
,,,,,,,,,,
46,5,I,4,1.57905589774719,4.43641306392646,I,4,1.57905589774719,4.43641306392646,
46,6,I,5,1.26112198919573,3.88581248296405,I,5,1.26112198919573,3.88581248296405,
46,7,I,6,1.88910591700517,4.6638081938372,I,6,1.88910591700517,4.6638081938372,
46,8,ii,7,4.69727563573775,4.53671184136733,ii,7,4.69727563573775,4.53671184136733,
46,9,iio,8,6.01817708772602,3.88904477062844,iio,8,6.01817708772602,3.88904477062844,
46,10,ivo,5,7.47293317305342,3.98653930611749,I+,5,7.49639214587741,3.98653930611749,0.0234589728239891
46,11,I,1,5.9648221672267,5.00732945813118,I,1,2.816970601974,4.94853384826069,
46,12,iii,1,5.56072957589645,5.48583356890646,iii,2,4.66692153085977,5.33782338544277,
46,13,ii,2,4.30422373073332,5.2102968367464,ii,3,4.62795257386219,4.66822544124213,
46,14,iv,3,6.61056782473464,4.59530540743833,iv,3,6.61056782473464,4.59530540743833,
46,15,I,2,5.22845030610918,5.39107757838806,I,2,5.22845030610918,5.39107757838806,
,,,,,,,,,,
47,5,I,4,1.57905589774719,4.43641306392646,I,4,1.57905589774719,4.43641306392646,
47,6,I,5,1.26112198919573,3.88581248296405,I,5,1.26112198919573,3.88581248296405,
47,7,I,6,1.88910591700517,4.6638081938372,I,6,1.88910591700517,4.6638081938372,
47,8,ii,7,4.69727563573775,4.53671184136733,ii,7,4.69727563573775,4.53671184136733,
47,9,iio,8,6.01817708772602,3.88904477062844,iio,8,6.01817708772602,3.88904477062844,
47,10,ivo,5,7.47293317305342,3.98653930611749,-ii,5,7.49639214587741,3.98653930611749,0.0234589728239891
47,11,I,1,5.9648221672267,5.00732945813118,I,1,6.12465985192312,5.10679551460919,
47,12,iii,1,5.56072957589645,5.48583356890646,iii,1,5.56072957589645,5.48583356890646,
47,13,ii,2,4.30422373073332,5.2102968367464,ii,2,4.30422373073332,5.2102968367464,
47,14,iv,3,6.61056782473464,4.59530540743833,iv,3,6.61056782473464,4.59530540743833,
47,15,I,2,5.22845030610918,5.39107757838806,I,2,5.22845030610918,5.39107757838806,
,,,,,,,,,,
48,5,I,4,1.57905589774719,4.43641306392646,I,4,1.57905589774719,4.43641306392646,
48,6,I,5,1.26112198919573,3.88581248296405,I,5,1.26112198919573,3.88581248296405,
48,7,I,6,1.88910591700517,4.6638081938372,I,6,1.88910591700517,4.6638081938372,
48,8,ii,7,4.69727563573775,4.53671184136733,ii,7,4.69727563573775,4.53671184136733,
48,9,iio,8,6.01817708772602,3.88904477062844,iio,8,6.01817708772602,3.88904477062844,
48,10,ivo,5,7.47293317305342,3.98653930611749,-I,5,7.49639214587741,3.98653930611749,0.0234589728239891
48,11,I,1,5.9648221672267,5.00732945813118,I,1,5.97799536861296,5.21946069291187,
48,12,iii,1,5.56072957589645,5.48583356890646,iii,1,5.56072957589645,5.48583356890646,
48,13,ii,2,4.30422373073332,5.2102968367464,ii,2,4.30422373073332,5.2102968367464,
48,14,iv,3,6.61056782473464,4.59530540743833,iv,3,6.61056782473464,4.59530540743833,
48,15,I,2,5.22845030610918,5.39107757838806,I,2,5.22845030610918,5.39107757838806,
,,,,,,,,,,
49,17,ii,3,4.02059214357369,4.78019409877054,ii,3,4.02059214357369,4.78019409877054,
49,18,I,3,5.30100554209393,4.11175173096645,I,3,5.30100554209393,4.11175173096645,
49,19,I,3,3.61519555536663,5.26279136418971,I,3,3.61519555536663,5.26279136418971,
49,20,ii,4,4.97573149675145,4.98511009623961,ii,4,4.97573149675145,4.98511009623961,
49,21,iio,4,5.70358242265872,4.78018068141118,iio,4,5.70358242265872,4.78018068141118,
49,22,ivo,4,7.19907070073294,4.49600943531414,#vo,4,7.22252967355693,4.49600943531414,0.0234589728239891
49,23,I,1,5.9648221672267,5.00732945813118,I,1,6.52470494352965,3.84712510873254,
49,24,iii,1,5.56072957589645,5.48583356890646,iii,1,5.56072957589645,5.48583356890646,
49,25,ii,2,4.30422373073332,5.2102968367464,ii,2,4.30422373073332,5.2102968367464,
49,26,iv,3,6.61056782473464,4.59530540743833,iv,3,6.61056782473464,4.59530540743833,
49,27,I,2,5.22845030610918,5.39107757838806,I,2,5.22845030610918,5.39107757838806,
,,,,,,,,,,
50,17,ii,3,4.02059214357369,4.78019409877054,ii,3,4.02059214357369,4.78019409877054,
50,18,I,3,5.30100554209393,4.11175173096645,I,3,5.30100554209393,4.11175173096645,
50,19,I,3,3.61519555536663,5.26279136418971,I,3,3.61519555536663,5.26279136418971,
50,20,ii,4,4.97573149675145,4.98511009623961,ii,4,4.97573149675145,4.98511009623961,
50,21,iio,4,5.70358242265872,4.78018068141118,iio,4,5.70358242265872,4.78018068141118,
50,22,ivo,4,7.19907070073294,4.49600943531414,#V,4,7.22252967355693,4.49600943531414,0.0234589728239891
50,23,I,1,5.9648221672267,5.00732945813118,I,1,3.97527023229175,5.10808337643008,
50,24,iii,1,5.56072957589645,5.48583356890646,iii,2,5.77007390597814,5.20286502930812,
50,25,ii,2,4.30422373073332,5.2102968367464,ii,2,4.30422373073332,5.2102968367464,
50,26,iv,3,6.61056782473464,4.59530540743833,iv,3,6.61056782473464,4.59530540743833,
50,27,I,2,5.22845030610918,5.39107757838806,I,2,5.22845030610918,5.39107757838806,
,,,,,,,,,,
51,17,ii,3,4.02059214357369,4.78019409877054,ii,3,4.02059214357369,4.78019409877054,
51,18,I,3,5.30100554209393,4.11175173096645,I,3,5.30100554209393,4.11175173096645,
51,19,I,3,3.61519555536663,5.26279136418971,I,3,3.61519555536663,5.26279136418971,
51,20,ii,4,4.97573149675145,4.98511009623961,ii,4,4.97573149675145,4.98511009623961,
51,21,iio,4,5.70358242265872,4.78018068141118,iio,4,5.70358242265872,4.78018068141118,
51,22,ivo,4,7.19907070073294,4.49600943531414,I+,4,7.22252967355693,4.49600943531414,0.0234589728239891
51,23,I,1,5.9648221672267,5.00732945813118,I,1,2.816970601974,4.94853384826069,
51,24,iii,1,5.56072957589645,5.48583356890646,iii,2,4.66692153085977,5.33782338544277,
51,25,ii,2,4.30422373073332,5.2102968367464,ii,3,4.62795257386219,4.66822544124213,
51,26,iv,3,6.61056782473464,4.59530540743833,iv,3,6.61056782473464,4.59530540743833,
51,27,I,2,5.22845030610918,5.39107757838806,I,2,5.22845030610918,5.39107757838806,
,,,,,,,,,,
52,17,ii,3,4.02059214357369,4.78019409877054,ii,3,4.02059214357369,4.78019409877054,
52,18,I,3,5.30100554209393,4.11175173096645,I,3,5.30100554209393,4.11175173096645,
52,19,I,3,3.61519555536663,5.26279136418971,I,3,3.61519555536663,5.26279136418971,
52,20,ii,4,4.97573149675145,4.98511009623961,ii,4,4.97573149675145,4.98511009623961,
52,21,iio,4,5.70358242265872,4.78018068141118,iio,4,5.70358242265872,4.78018068141118,
52,22,ivo,4,7.19907070073294,4.49600943531414,-ii,4,7.22252967355693,4.49600943531414,0.0234589728239891
52,23,I,1,5.9648221672267,5.00732945813118,I,1,6.12465985192312,5.10679551460919,
52,24,iii,1,5.56072957589645,5.48583356890646,iii,1,5.56072957589645,5.48583356890646,
52,25,ii,2,4.30422373073332,5.2102968367464,ii,2,4.30422373073332,5.2102968367464,
52,26,iv,3,6.61056782473464,4.59530540743833,iv,3,6.61056782473464,4.59530540743833,
52,27,I,2,5.22845030610918,5.39107757838806,I,2,5.22845030610918,5.39107757838806,
,,,,,,,,,,
53,17,ii,3,4.02059214357369,4.78019409877054,ii,3,4.02059214357369,4.78019409877054,
53,18,I,3,5.30100554209393,4.11175173096645,I,3,5.30100554209393,4.11175173096645,
53,19,I,3,3.61519555536663,5.26279136418971,I,3,3.61519555536663,5.26279136418971,
53,20,ii,4,4.97573149675145,4.98511009623961,ii,4,4.97573149675145,4.98511009623961,
53,21,iio,4,5.70358242265872,4.78018068141118,iio,4,5.70358242265872,4.78018068141118,
53,22,ivo,4,7.19907070073294,4.49600943531414,-I,4,7.22252967355693,4.49600943531414,0.0234589728239891
53,23,I,1,5.9648221672267,5.00732945813118,I,1,5.97799536861296,5.21946069291187,
53,24,iii,1,5.56072957589645,5.48583356890646,iii,1,5.56072957589645,5.48583356890646,
53,25,ii,2,4.30422373073332,5.2102968367464,ii,2,4.30422373073332,5.2102968367464,
53,26,iv,3,6.61056782473464,4.59530540743833,iv,3,6.61056782473464,4.59530540743833,
53,27,I,2,5.22845030610918,5.39107757838806,I,2,5.22845030610918,5.39107757838806,
,,,,,,,,,,
54,39,V+,5,7.29147279861136,4.41392892232638,V+,5,7.29147279861136,4.41392892232638,
54,40,I,2,1.09740982592607,3.77150238242375,I,2,1.09740982592607,3.77150238242375,
54,41,I,3,4.08334493433918,5.39099383253166,I,3,4.08334493433918,5.39099383253166,
54,42,ii,4,5.4657386054271,4.85152159349412,ii,4,5.4657386054271,4.85152159349412,
54,43,iio,3,5.41614323966244,5.1682105752859,iio,3,5.41614323966244,5.1682105752859,
54,44,ivo,4,7.19907070073294,4.49600943531414,#vo,4,7.22252967355693,4.49600943531414,0.0234589728239891
54,45,I,1,5.9648221672267,5.00732945813118,I,1,6.52470494352965,3.84712510873254,
54,46,iii,1,5.56072957589645,5.48583356890646,iii,1,5.56072957589645,5.48583356890646,
54,47,ii,2,4.30422373073332,5.2102968367464,ii,2,4.30422373073332,5.2102968367464,
54,48,iv,3,6.61056782473464,4.59530540743833,iv,3,6.61056782473464,4.59530540743833,
54,49,I,2,5.22845030610918,5.39107757838806,I,2,5.22845030610918,5.39107757838806,
,,,,,,,,,,
55,39,V+,5,7.29147279861136,4.41392892232638,V+,5,7.29147279861136,4.41392892232638,
55,40,I,2,1.09740982592607,3.77150238242375,I,2,1.09740982592607,3.77150238242375,
55,41,I,3,4.08334493433918,5.39099383253166,I,3,4.08334493433918,5.39099383253166,
55,42,ii,4,5.4657386054271,4.85152159349412,ii,4,5.4657386054271,4.85152159349412,
55,43,iio,3,5.41614323966244,5.1682105752859,iio,3,5.41614323966244,5.1682105752859,
55,44,ivo,4,7.19907070073294,4.49600943531414,#V,4,7.22252967355693,4.49600943531414,0.0234589728239891
55,45,I,1,5.9648221672267,5.00732945813118,I,1,3.97527023229175,5.10808337643008,
55,46,iii,1,5.56072957589645,5.48583356890646,iii,2,5.77007390597814,5.20286502930812,
55,47,ii,2,4.30422373073332,5.2102968367464,ii,2,4.30422373073332,5.2102968367464,
55,48,iv,3,6.61056782473464,4.59530540743833,iv,3,6.61056782473464,4.59530540743833,
55,49,I,2,5.22845030610918,5.39107757838806,I,2,5.22845030610918,5.39107757838806,
,,,,,,,,,,
56,39,V+,5,7.29147279861136,4.41392892232638,V+,5,7.29147279861136,4.41392892232638,
56,40,I,2,1.09740982592607,3.77150238242375,I,2,1.09740982592607,3.77150238242375,
56,41,I,3,4.08334493433918,5.39099383253166,I,3,4.08334493433918,5.39099383253166,
56,42,ii,4,5.4657386054271,4.85152159349412,ii,4,5.4657386054271,4.85152159349412,
56,43,iio,3,5.41614323966244,5.1682105752859,iio,3,5.41614323966244,5.1682105752859,
56,44,ivo,4,7.19907070073294,4.49600943531414,I+,4,7.22252967355693,4.49600943531414,0.0234589728239891
56,45,I,1,5.9648221672267,5.00732945813118,I,1,2.816970601974,4.94853384826069,
56,46,iii,1,5.56072957589645,5.48583356890646,iii,2,4.66692153085977,5.33782338544277,
56,47,ii,2,4.30422373073332,5.2102968367464,ii,3,4.62795257386219,4.66822544124213,
56,48,iv,3,6.61056782473464,4.59530540743833,iv,3,6.61056782473464,4.59530540743833,
56,49,I,2,5.22845030610918,5.39107757838806,I,2,5.22845030610918,5.39107757838806,
,,,,,,,,,,
57,39,V+,5,7.29147279861136,4.41392892232638,V+,5,7.29147279861136,4.41392892232638,
57,40,I,2,1.09740982592607,3.77150238242375,I,2,1.09740982592607,3.77150238242375,
57,41,I,3,4.08334493433918,5.39099383253166,I,3,4.08334493433918,5.39099383253166,
57,42,ii,4,5.4657386054271,4.85152159349412,ii,4,5.4657386054271,4.85152159349412,
57,43,iio,3,5.41614323966244,5.1682105752859,iio,3,5.41614323966244,5.1682105752859,
57,44,ivo,4,7.19907070073294,4.49600943531414,-ii,4,7.22252967355693,4.49600943531414,0.0234589728239891
57,45,I,1,5.9648221672267,5.00732945813118,I,1,6.12465985192312,5.10679551460919,
57,46,iii,1,5.56072957589645,5.48583356890646,iii,1,5.56072957589645,5.48583356890646,
57,47,ii,2,4.30422373073332,5.2102968367464,ii,2,4.30422373073332,5.2102968367464,
57,48,iv,3,6.61056782473464,4.59530540743833,iv,3,6.61056782473464,4.59530540743833,
57,49,I,2,5.22845030610918,5.39107757838806,I,2,5.22845030610918,5.39107757838806,
,,,,,,,,,,
58,39,V+,5,7.29147279861136,4.41392892232638,V+,5,7.29147279861136,4.41392892232638,
58,40,I,2,1.09740982592607,3.77150238242375,I,2,1.09740982592607,3.77150238242375,
58,41,I,3,4.08334493433918,5.39099383253166,I,3,4.08334493433918,5.39099383253166,
58,42,ii,4,5.4657386054271,4.85152159349412,ii,4,5.4657386054271,4.85152159349412,
58,43,iio,3,5.41614323966244,5.1682105752859,iio,3,5.41614323966244,5.1682105752859,
58,44,ivo,4,7.19907070073294,4.49600943531414,-I,4,7.22252967355693,4.49600943531414,0.0234589728239891
58,45,I,1,5.9648221672267,5.00732945813118,I,1,5.97799536861296,5.21946069291187,
58,46,iii,1,5.56072957589645,5.48583356890646,iii,1,5.56072957589645,5.48583356890646,
58,47,ii,2,4.30422373073332,5.2102968367464,ii,2,4.30422373073332,5.2102968367464,
58,48,iv,3,6.61056782473464,4.59530540743833,iv,3,6.61056782473464,4.59530540743833,
58,49,I,2,5.22845030610918,5.39107757838806,I,2,5.22845030610918,5.39107757838806,
,,,,,,,,,,
59,123,V,3,1.46437002493279,4.11175173096645,V,3,1.46437002493279,4.11175173096645,
59,124,I,4,2.1193053450094,4.65367391997823,I,4,2.1193053450094,4.65367391997823,
59,125,I,5,3.66143887007834,5.12339978879626,I,5,3.66143887007834,5.12339978879626,
59,126,ii,6,3.98548890506167,4.79669912801914,ii,6,3.98548890506167,4.79669912801914,
59,127,iio,6,6.48285996007011,3.84510036036354,iio,6,6.48285996007011,3.84510036036354,
59,128,ivo,4,7.19907070073294,4.49600943531414,#vo,4,7.22252967355693,4.49600943531414,0.0234589728239891
59,129,I,1,5.9648221672267,5.00732945813118,I,1,6.52470494352965,3.84712510873254,
59,130,iii,1,5.56072957589645,5.48583356890646,iii,1,5.56072957589645,5.48583356890646,
59,131,ii,2,4.30422373073332,5.2102968367464,ii,2,4.30422373073332,5.2102968367464,
59,132,iv,3,6.61056782473464,4.59530540743833,iv,3,6.61056782473464,4.59530540743833,
59,133,I,2,5.22845030610918,5.39107757838806,I,2,5.22845030610918,5.39107757838806,
,,,,,,,,,,
60,123,V,3,1.46437002493279,4.11175173096645,V,3,1.46437002493279,4.11175173096645,
60,124,I,4,2.1193053450094,4.65367391997823,I,4,2.1193053450094,4.65367391997823,
60,125,I,5,3.66143887007834,5.12339978879626,I,5,3.66143887007834,5.12339978879626,
60,126,ii,6,3.98548890506167,4.79669912801914,ii,6,3.98548890506167,4.79669912801914,
60,127,iio,6,6.48285996007011,3.84510036036354,iio,6,6.48285996007011,3.84510036036354,
60,128,ivo,4,7.19907070073294,4.49600943531414,#V,4,7.22252967355693,4.49600943531414,0.0234589728239891
60,129,I,1,5.9648221672267,5.00732945813118,I,1,3.97527023229175,5.10808337643008,
60,130,iii,1,5.56072957589645,5.48583356890646,iii,2,5.77007390597814,5.20286502930812,
60,131,ii,2,4.30422373073332,5.2102968367464,ii,2,4.30422373073332,5.2102968367464,
60,132,iv,3,6.61056782473464,4.59530540743833,iv,3,6.61056782473464,4.59530540743833,
60,133,I,2,5.22845030610918,5.39107757838806,I,2,5.22845030610918,5.39107757838806,
,,,,,,,,,,
61,123,V,3,1.46437002493279,4.11175173096645,V,3,1.46437002493279,4.11175173096645,
61,124,I,4,2.1193053450094,4.65367391997823,I,4,2.1193053450094,4.65367391997823,
61,125,I,5,3.66143887007834,5.12339978879626,I,5,3.66143887007834,5.12339978879626,
61,126,ii,6,3.98548890506167,4.79669912801914,ii,6,3.98548890506167,4.79669912801914,
61,127,iio,6,6.48285996007011,3.84510036036354,iio,6,6.48285996007011,3.84510036036354,
61,128,ivo,4,7.19907070073294,4.49600943531414,I+,4,7.22252967355693,4.49600943531414,0.0234589728239891
61,129,I,1,5.9648221672267,5.00732945813118,I,1,2.816970601974,4.94853384826069,
61,130,iii,1,5.56072957589645,5.48583356890646,iii,2,4.66692153085977,5.33782338544277,
61,131,ii,2,4.30422373073332,5.2102968367464,ii,3,4.62795257386219,4.66822544124213,
61,132,iv,3,6.61056782473464,4.59530540743833,iv,3,6.61056782473464,4.59530540743833,
61,133,I,2,5.22845030610918,5.39107757838806,I,2,5.22845030610918,5.39107757838806,
,,,,,,,,,,
62,123,V,3,1.46437002493279,4.11175173096645,V,3,1.46437002493279,4.11175173096645,
62,124,I,4,2.1193053450094,4.65367391997823,I,4,2.1193053450094,4.65367391997823,
62,125,I,5,3.66143887007834,5.12339978879626,I,5,3.66143887007834,5.12339978879626,
62,126,ii,6,3.98548890506167,4.79669912801914,ii,6,3.98548890506167,4.79669912801914,
62,127,iio,6,6.48285996007011,3.84510036036354,iio,6,6.48285996007011,3.84510036036354,
62,128,ivo,4,7.19907070073294,4.49600943531414,-ii,4,7.22252967355693,4.49600943531414,0.0234589728239891
62,129,I,1,5.9648221672267,5.00732945813118,I,1,6.12465985192312,5.10679551460919,
62,130,iii,1,5.56072957589645,5.48583356890646,iii,1,5.56072957589645,5.48583356890646,
62,131,ii,2,4.30422373073332,5.2102968367464,ii,2,4.30422373073332,5.2102968367464,
62,132,iv,3,6.61056782473464,4.59530540743833,iv,3,6.61056782473464,4.59530540743833,
62,133,I,2,5.22845030610918,5.39107757838806,I,2,5.22845030610918,5.39107757838806,
,,,,,,,,,,
63,123,V,3,1.46437002493279,4.11175173096645,V,3,1.46437002493279,4.11175173096645,
63,124,I,4,2.1193053450094,4.65367391997823,I,4,2.1193053450094,4.65367391997823,
63,125,I,5,3.66143887007834,5.12339978879626,I,5,3.66143887007834,5.12339978879626,
63,126,ii,6,3.98548890506167,4.79669912801914,ii,6,3.98548890506167,4.79669912801914,
63,127,iio,6,6.48285996007011,3.84510036036354,iio,6,6.48285996007011,3.84510036036354,
63,128,ivo,4,7.19907070073294,4.49600943531414,-I,4,7.22252967355693,4.49600943531414,0.0234589728239891
63,129,I,1,5.9648221672267,5.00732945813118,I,1,5.97799536861296,5.21946069291187,
63,130,iii,1,5.56072957589645,5.48583356890646,iii,1,5.56072957589645,5.48583356890646,
63,131,ii,2,4.30422373073332,5.2102968367464,ii,2,4.30422373073332,5.2102968367464,
63,132,iv,3,6.61056782473464,4.59530540743833,iv,3,6.61056782473464,4.59530540743833,
63,133,I,2,5.22845030610918,5.39107757838806,I,2,5.22845030610918,5.39107757838806,
,,,,,,,,,,
64,11,I,1,5.9648221672267,5.00732945813118,I,1,5.9648221672267,5.00732945813118,
64,12,iii,1,5.56072957589645,5.48583356890646,iii,1,5.56072957589645,5.48583356890646,
64,13,ii,2,4.30422373073332,5.2102968367464,ii,2,4.30422373073332,5.2102968367464,
64,14,iv,3,6.61056782473464,4.59530540743833,iv,3,6.61056782473464,4.59530540743833,
64,15,I,2,5.22845030610918,5.39107757838806,I,2,5.22845030610918,5.39107757838806,
64,16,VI,2,5.61895852317609,5.41437983856262,ii,2,5.59101540966183,5.41437983856262,0.0279431135142554
64,17,ii,3,4.02059214357369,4.78019409877054,ii,2,4.30853115089422,5.33381770845238,
64,18,I,3,5.30100554209393,4.11175173096645,I,3,3.61641294351991,5.11809345891574,
64,19,I,3,3.61519555536663,5.26279136418971,I,4,3.24966412289142,5.06055121332299,
64,20,ii,4,4.97573149675145,4.98511009623961,ii,5,3.48219802553873,5.00063058508539,
64,21,iio,4,5.70358242265872,4.78018068141118,iio,6,5.61398514179149,4.91267255799085,
,,,,,,,,,,
65,23,I,1,5.9648221672267,5.00732945813118,I,1,5.9648221672267,5.00732945813118,
65,24,iii,1,5.56072957589645,5.48583356890646,iii,1,5.56072957589645,5.48583356890646,
65,25,ii,2,4.30422373073332,5.2102968367464,ii,2,4.30422373073332,5.2102968367464,
65,26,iv,3,6.61056782473464,4.59530540743833,iv,3,6.61056782473464,4.59530540743833,
65,27,I,2,5.22845030610918,5.39107757838806,I,2,5.22845030610918,5.39107757838806,
65,28,VI,2,5.61895852317609,5.41437983856262,ii,2,5.59101540966183,5.41437983856262,0.0279431135142554
65,29,ii,3,4.02059214357369,4.78019409877054,ii,2,4.30853115089422,5.33381770845238,
65,30,V,3,1.46437002493279,4.11175173096645,V,3,3.67654990740759,5.11809345891574,
65,31,I,4,2.1193053450094,4.65367391997823,I,4,2.37799096632858,4.10018206431941,
65,32,ii,5,5.33892155587432,5.12339978879626,ii,5,3.67353004887144,5.16364035057277,
65,33,V,4,3.15586066511273,4.85620005945786,V,5,3.70477921504637,4.02084635701697,
,,,,,,,,,,
66,45,I,1,5.9648221672267,5.00732945813118,I,1,5.9648221672267,5.00732945813118,
66,46,iii,1,5.56072957589645,5.48583356890646,iii,1,5.56072957589645,5.48583356890646,
66,47,ii,2,4.30422373073332,5.2102968367464,ii,2,4.30422373073332,5.2102968367464,
66,48,iv,3,6.61056782473464,4.59530540743833,iv,3,6.61056782473464,4.59530540743833,
66,49,I,2,5.22845030610918,5.39107757838806,I,2,5.22845030610918,5.39107757838806,
66,50,VI,2,5.61895852317609,5.41437983856262,ii,2,5.59101540966183,5.41437983856262,0.0279431135142554
66,51,ii,3,4.02059214357369,4.78019409877054,ii,2,4.30853115089422,5.33381770845238,
66,52,I,3,5.30100554209393,4.11175173096645,I,3,3.61641294351991,5.11809345891574,
66,53,iii,3,3.93493748856126,5.26279136418971,iii,4,5.12986240410909,5.06055121332299,
66,54,ii,4,4.07953872296366,4.45979626823093,ii,4,1.88809231077935,4.41494829816277,
66,55,iv,4,6.92416058187526,4.06456636606014,iv,4,6.92416058187526,4.06456636606014,
,,,,,,,,,,
67,52,I,3,5.30100554209393,4.11175173096645,I,3,5.30100554209393,4.11175173096645,
67,53,iii,3,3.93493748856126,5.26279136418971,iii,3,3.93493748856126,5.26279136418971,
67,54,ii,4,4.07953872296366,4.45979626823093,ii,4,4.07953872296366,4.45979626823093,
67,55,iv,4,6.92416058187526,4.06456636606014,iv,4,6.92416058187526,4.06456636606014,
67,56,I,2,5.22845030610918,5.39107757838806,I,2,5.22845030610918,5.39107757838806,
67,57,VI,2,5.61895852317609,5.41437983856262,ii,2,5.59101540966183,5.41437983856262,0.0279431135142554
67,58,ii,3,4.02059214357369,4.78019409877054,ii,2,4.30853115089422,5.33381770845238,
67,59,I,3,5.30100554209393,4.11175173096645,I,3,3.61641294351991,5.11809345891574,
67,60,I,3,3.61519555536663,5.26279136418971,I,4,3.24966412289142,5.06055121332299,
67,61,I,4,2.30599221062608,4.98511009623961,I,5,3.71951153449284,5.00063058508539,
67,62,I,5,3.4114531562888,4.83269114618023,I,5,2.02338614730605,4.6657467281416,
,,,,,,,,,,
68,116,I,3,5.30100554209393,4.11175173096645,I,3,5.30100554209393,4.11175173096645,
68,117,iii,3,3.93493748856126,5.26279136418971,iii,3,3.93493748856126,5.26279136418971,
68,118,ii,4,4.07953872296366,4.45979626823093,ii,4,4.07953872296366,4.45979626823093,
68,119,iv,4,6.92416058187526,4.06456636606014,iv,4,6.92416058187526,4.06456636606014,
68,120,I,2,5.22845030610918,5.39107757838806,I,2,5.22845030610918,5.39107757838806,
68,121,VI,2,5.61895852317609,5.41437983856262,ii,2,5.59101540966183,5.41437983856262,0.0279431135142554
68,122,ii,3,4.02059214357369,4.78019409877054,ii,2,4.30853115089422,5.33381770845238,
68,123,V,3,1.46437002493279,4.11175173096645,V,3,3.67654990740759,5.11809345891574,
68,124,I,4,2.1193053450094,4.65367391997823,I,4,2.37799096632858,4.10018206431941,
68,125,I,5,3.66143887007834,5.12339978879626,I,5,3.019284721659,5.16364035057277,
68,126,ii,6,3.98548890506167,4.79669912801914,ii,6,2.19286250836617,4.72157136495608,
,,,,,,,,,,
69,165,I,1,5.9648221672267,5.00732945813118,I,1,5.9648221672267,5.00732945813118,
69,166,iii,1,5.56072957589645,5.48583356890646,iii,1,5.56072957589645,5.48583356890646,
69,167,ii,2,4.30422373073332,5.2102968367464,ii,2,4.30422373073332,5.2102968367464,
69,168,iv,3,6.61056782473464,4.59530540743833,iv,3,6.61056782473464,4.59530540743833,
69,169,I,2,5.22845030610918,5.39107757838806,I,2,5.22845030610918,5.39107757838806,
69,170,VI,2,5.61895852317609,5.41437983856262,ii,2,5.59101540966183,5.41437983856262,0.0279431135142554
69,171,ii,3,4.02059214357369,4.78019409877054,ii,2,4.30853115089422,5.33381770845238,
69,172,r,3,3.82837874594247,4.11175173096645,r,3,3.14501630788342,5.11809345891574,
69,173,r,3,0.82018512474458,2.37945204906062,r,4,1.94675512931456,3.63437427366168,
,,,,,,,,,,
70,16,VI,2,5.61895852317609,5.41437983856262,VI,2,5.61895852317609,5.41437983856262,
70,17,ii,3,4.02059214357369,4.78019409877054,ii,3,4.02059214357369,4.78019409877054,
70,18,I,3,5.30100554209393,4.11175173096645,I,3,5.30100554209393,4.11175173096645,
70,19,I,3,3.61519555536663,5.26279136418971,I,3,3.61519555536663,5.26279136418971,
70,20,ii,4,4.97573149675145,4.98511009623961,ii,4,4.97573149675145,4.98511009623961,
70,21,iio,4,5.70358242265872,4.78018068141118,-VI,4,5.66349070376897,4.78018068141118,0.0400917188897578
70,22,ivo,4,7.19907070073294,4.49600943531414,ivo,4,7.69435788722145,3.94852590960524,
70,23,I,1,5.9648221672267,5.00732945813118,I,1,5.9648221672267,5.00732945813118,
70,24,iii,1,5.56072957589645,5.48583356890646,iii,1,5.56072957589645,5.48583356890646,
70,25,ii,2,4.30422373073332,5.2102968367464,ii,2,4.30422373073332,5.2102968367464,
70,26,iv,3,6.61056782473464,4.59530540743833,iv,3,6.61056782473464,4.59530540743833,
,,,,,,,,,,
71,38,V,5,3.35655626513595,3.58236633137624,V,5,3.35655626513595,3.58236633137624,
71,39,V+,5,7.29147279861136,4.41392892232638,V+,5,7.29147279861136,4.41392892232638,
71,40,I,2,1.09740982592607,3.77150238242375,I,2,1.09740982592607,3.77150238242375,
71,41,I,3,4.08334493433918,5.39099383253166,I,3,4.08334493433918,5.39099383253166,
71,42,ii,4,5.4657386054271,4.85152159349412,ii,4,5.4657386054271,4.85152159349412,
71,43,iio,3,5.41614323966244,5.1682105752859,-VI,3,5.37605152077269,5.1682105752859,0.0400917188897578
71,44,ivo,4,7.19907070073294,4.49600943531414,ivo,4,7.69435788722145,3.94852590960524,
71,45,I,1,5.9648221672267,5.00732945813118,I,1,5.9648221672267,5.00732945813118,
71,46,iii,1,5.56072957589645,5.48583356890646,iii,1,5.56072957589645,5.48583356890646,
71,47,ii,2,4.30422373073332,5.2102968367464,ii,2,4.30422373073332,5.2102968367464,
71,48,iv,3,6.61056782473464,4.59530540743833,iv,3,6.61056782473464,4.59530540743833,
,,,,,,,,,,
72,122,ii,3,4.02059214357369,4.78019409877054,ii,3,4.02059214357369,4.78019409877054,
72,123,V,3,1.46437002493279,4.11175173096645,V,3,1.46437002493279,4.11175173096645,
72,124,I,4,2.1193053450094,4.65367391997823,I,4,2.1193053450094,4.65367391997823,
72,125,I,5,3.66143887007834,5.12339978879626,I,5,3.66143887007834,5.12339978879626,
72,126,ii,6,3.98548890506167,4.79669912801914,ii,6,3.98548890506167,4.79669912801914,
72,127,iio,6,6.48285996007011,3.84510036036354,-VI,6,6.44276824118035,3.84510036036354,0.0400917188897578
72,128,ivo,4,7.19907070073294,4.49600943531414,ivo,4,7.69435788722145,3.94852590960524,
72,129,I,1,5.9648221672267,5.00732945813118,I,1,5.9648221672267,5.00732945813118,
72,130,iii,1,5.56072957589645,5.48583356890646,iii,1,5.56072957589645,5.48583356890646,
72,131,ii,2,4.30422373073332,5.2102968367464,ii,2,4.30422373073332,5.2102968367464,
72,132,iv,3,6.61056782473464,4.59530540743833,iv,3,6.61056782473464,4.59530540743833,
,,,,,,,,,,
73,14,iv,3,6.61056782473464,4.59530540743833,iv,3,6.61056782473464,4.59530540743833,
73,15,I,2,5.22845030610918,5.39107757838806,I,2,5.22845030610918,5.39107757838806,
73,16,VI,2,5.61895852317609,5.41437983856262,VI,2,5.61895852317609,5.41437983856262,
73,17,ii,3,4.02059214357369,4.78019409877054,ii,3,4.02059214357369,4.78019409877054,
73,18,I,3,5.30100554209393,4.11175173096645,I,3,5.30100554209393,4.11175173096645,
73,19,I,3,3.61519555536663,5.26279136418971,IV,3,3.65655851662129,5.26279136418971,0.041362961254666
73,20,ii,4,4.97573149675145,4.98511009623961,ii,4,4.65206086366953,4.87395851251966,
73,21,iio,4,5.70358242265872,4.78018068141118,iio,4,7.23682544434606,4.37756148317636,
73,22,ivo,4,7.19907070073294,4.49600943531414,ivo,2,6.8607465839899,5.00273122462739,
73,23,I,1,5.9648221672267,5.00732945813118,I,1,5.9648221672267,5.00732945813118,
73,24,iii,1,5.56072957589645,5.48583356890646,iii,1,5.56072957589645,5.48583356890646,
,,,,,,,,,,
74,55,iv,4,6.92416058187526,4.06456636606014,iv,4,6.92416058187526,4.06456636606014,
74,56,I,2,5.22845030610918,5.39107757838806,I,2,5.22845030610918,5.39107757838806,
74,57,VI,2,5.61895852317609,5.41437983856262,VI,2,5.61895852317609,5.41437983856262,
74,58,ii,3,4.02059214357369,4.78019409877054,ii,3,4.02059214357369,4.78019409877054,
74,59,I,3,5.30100554209393,4.11175173096645,I,3,5.30100554209393,4.11175173096645,
74,60,I,3,3.61519555536663,5.26279136418971,IV,3,3.65655851662129,5.26279136418971,0.041362961254666
74,61,I,4,2.30599221062608,4.98511009623961,I,4,3.89358483335806,4.87395851251966,
74,62,I,5,3.4114531562888,4.83269114618023,I,4,3.44655199778652,5.17861981631509,
74,63,I,5,2.78319632808905,5.00603120869307,I,5,3.08573758028024,4.97856623305836,
74,64,I,6,2.87463108020779,5.0927555818185,I,6,3.56946818621567,4.40722610782489,
74,65,ii,7,4.08890509046577,5.02092899835691,ii,6,4.43297088561434,5.04984796100954,
,,,,,,,,,,
75,5,I,4,1.57905589774719,4.43641306392646,I,4,1.57905589774719,4.43641306392646,
75,6,I,5,1.26112198919573,3.88581248296405,I,5,1.26112198919573,3.88581248296405,
75,7,I,6,1.88910591700517,4.6638081938372,I,6,1.88910591700517,4.6638081938372,
75,8,ii,7,4.69727563573775,4.53671184136733,ii,7,4.69727563573775,4.53671184136733,
75,9,iio,8,6.01817708772602,3.88904477062844,iio,8,6.01817708772602,3.88904477062844,
75,10,ivo,5,7.47293317305342,3.98653930611749,#iio,5,7.52023888783178,3.98653930611749,0.0473057147783571
75,11,I,1,5.9648221672267,5.00732945813118,I,1,5.98109153744994,5.11935605012205,
75,12,iii,1,5.56072957589645,5.48583356890646,iii,1,5.56072957589645,5.48583356890646,
75,13,ii,2,4.30422373073332,5.2102968367464,ii,2,4.30422373073332,5.2102968367464,
75,14,iv,3,6.61056782473464,4.59530540743833,iv,3,6.61056782473464,4.59530540743833,
75,15,I,2,5.22845030610918,5.39107757838806,I,2,5.22845030610918,5.39107757838806,
,,,,,,,,,,
76,5,I,4,1.57905589774719,4.43641306392646,I,4,1.57905589774719,4.43641306392646,
76,6,I,5,1.26112198919573,3.88581248296405,I,5,1.26112198919573,3.88581248296405,
76,7,I,6,1.88910591700517,4.6638081938372,I,6,1.88910591700517,4.6638081938372,
76,8,ii,7,4.69727563573775,4.53671184136733,ii,7,4.69727563573775,4.53671184136733,
76,9,iio,8,6.01817708772602,3.88904477062844,iio,8,6.01817708772602,3.88904477062844,
76,10,ivo,5,7.47293317305342,3.98653930611749,-II+,5,7.52023888783178,3.98653930611749,0.0473057147783571
76,11,I,1,5.9648221672267,5.00732945813118,I,1,2.96571001273533,5.12130676235272,
76,12,iii,1,5.56072957589645,5.48583356890646,iii,2,5.77007390597814,5.20286502930812,
76,13,ii,2,4.30422373073332,5.2102968367464,ii,2,4.30422373073332,5.2102968367464,
76,14,iv,3,6.61056782473464,4.59530540743833,iv,3,6.61056782473464,4.59530540743833,
76,15,I,2,5.22845030610918,5.39107757838806,I,2,5.22845030610918,5.39107757838806,
,,,,,,,,,,
77,5,I,4,1.57905589774719,4.43641306392646,I,4,1.57905589774719,4.43641306392646,
77,6,I,5,1.26112198919573,3.88581248296405,I,5,1.26112198919573,3.88581248296405,
77,7,I,6,1.88910591700517,4.6638081938372,I,6,1.88910591700517,4.6638081938372,
77,8,ii,7,4.69727563573775,4.53671184136733,ii,7,4.69727563573775,4.53671184136733,
77,9,iio,8,6.01817708772602,3.88904477062844,iio,8,6.01817708772602,3.88904477062844,
77,10,ivo,5,7.47293317305342,3.98653930611749,#II,5,7.52023888783178,3.98653930611749,0.0473057147783571
77,11,I,1,5.9648221672267,5.00732945813118,I,1,5.98679014278239,5.12436277855362,
77,12,iii,1,5.56072957589645,5.48583356890646,iii,1,5.56072957589645,5.48583356890646,
77,13,ii,2,4.30422373073332,5.2102968367464,ii,2,4.30422373073332,5.2102968367464,
77,14,iv,3,6.61056782473464,4.59530540743833,iv,3,6.61056782473464,4.59530540743833,
77,15,I,2,5.22845030610918,5.39107757838806,I,2,5.22845030610918,5.39107757838806,
,,,,,,,,,,
78,5,I,4,1.57905589774719,4.43641306392646,I,4,1.57905589774719,4.43641306392646,
78,6,I,5,1.26112198919573,3.88581248296405,I,5,1.26112198919573,3.88581248296405,
78,7,I,6,1.88910591700517,4.6638081938372,I,6,1.88910591700517,4.6638081938372,
78,8,ii,7,4.69727563573775,4.53671184136733,ii,7,4.69727563573775,4.53671184136733,
78,9,iio,8,6.01817708772602,3.88904477062844,iio,8,6.01817708772602,3.88904477062844,
78,10,ivo,5,7.47293317305342,3.98653930611749,-iio,5,7.52023888783178,3.98653930611749,0.0473057147783571
78,11,I,1,5.9648221672267,5.00732945813118,I,1,3.49533106103712,5.21425755170584,
78,12,iii,1,5.56072957589645,5.48583356890646,iii,2,5.76316507676514,5.31221547943962,
78,13,ii,2,4.30422373073332,5.2102968367464,ii,2,4.30422373073332,5.2102968367464,
78,14,iv,3,6.61056782473464,4.59530540743833,iv,3,6.61056782473464,4.59530540743833,
78,15,I,2,5.22845030610918,5.39107757838806,I,2,5.22845030610918,5.39107757838806,
,,,,,,,,,,
79,5,I,4,1.57905589774719,4.43641306392646,I,4,1.57905589774719,4.43641306392646,
79,6,I,5,1.26112198919573,3.88581248296405,I,5,1.26112198919573,3.88581248296405,
79,7,I,6,1.88910591700517,4.6638081938372,I,6,1.88910591700517,4.6638081938372,
79,8,ii,7,4.69727563573775,4.53671184136733,ii,7,4.69727563573775,4.53671184136733,
79,9,iio,8,6.01817708772602,3.88904477062844,iio,8,6.01817708772602,3.88904477062844,
79,10,ivo,5,7.47293317305342,3.98653930611749,io,5,7.52023888783178,3.98653930611749,0.0473057147783571
79,11,I,1,5.9648221672267,5.00732945813118,I,1,6.07740917658642,5.07091328635508,
79,12,iii,1,5.56072957589645,5.48583356890646,iii,1,5.56072957589645,5.48583356890646,
79,13,ii,2,4.30422373073332,5.2102968367464,ii,2,4.30422373073332,5.2102968367464,
79,14,iv,3,6.61056782473464,4.59530540743833,iv,3,6.61056782473464,4.59530540743833,
79,15,I,2,5.22845030610918,5.39107757838806,I,2,5.22845030610918,5.39107757838806,
,,,,,,,,,,
80,5,I,4,1.57905589774719,4.43641306392646,I,4,1.57905589774719,4.43641306392646,
80,6,I,5,1.26112198919573,3.88581248296405,I,5,1.26112198919573,3.88581248296405,
80,7,I,6,1.88910591700517,4.6638081938372,I,6,1.88910591700517,4.6638081938372,
80,8,ii,7,4.69727563573775,4.53671184136733,ii,7,4.69727563573775,4.53671184136733,
80,9,iio,8,6.01817708772602,3.88904477062844,iio,8,6.01817708772602,3.88904477062844,
80,10,ivo,5,7.47293317305342,3.98653930611749,III+,5,7.52023888783178,3.98653930611749,0.0473057147783571
80,11,I,1,5.9648221672267,5.00732945813118,I,1,6.28038414409562,4.3325455822192,
80,12,iii,1,5.56072957589645,5.48583356890646,iii,1,5.56072957589645,5.48583356890646,
80,13,ii,2,4.30422373073332,5.2102968367464,ii,2,4.30422373073332,5.2102968367464,
80,14,iv,3,6.61056782473464,4.59530540743833,iv,3,6.61056782473464,4.59530540743833,
80,15,I,2,5.22845030610918,5.39107757838806,I,2,5.22845030610918,5.39107757838806,
,,,,,,,,,,
81,5,I,4,1.57905589774719,4.43641306392646,I,4,1.57905589774719,4.43641306392646,
81,6,I,5,1.26112198919573,3.88581248296405,I,5,1.26112198919573,3.88581248296405,
81,7,I,6,1.88910591700517,4.6638081938372,I,6,1.88910591700517,4.6638081938372,
81,8,ii,7,4.69727563573775,4.53671184136733,ii,7,4.69727563573775,4.53671184136733,
81,9,iio,8,6.01817708772602,3.88904477062844,iio,8,6.01817708772602,3.88904477062844,
81,10,ivo,5,7.47293317305342,3.98653930611749,-i,5,7.52023888783178,3.98653930611749,0.0473057147783571
81,11,I,1,5.9648221672267,5.00732945813118,I,1,5.9841810758239,5.12239743658056,
81,12,iii,1,5.56072957589645,5.48583356890646,iii,1,5.56072957589645,5.48583356890646,
81,13,ii,2,4.30422373073332,5.2102968367464,ii,2,4.30422373073332,5.2102968367464,
81,14,iv,3,6.61056782473464,4.59530540743833,iv,3,6.61056782473464,4.59530540743833,
81,15,I,2,5.22845030610918,5.39107757838806,I,2,5.22845030610918,5.39107757838806,
,,,,,,,,,,
82,17,ii,3,4.02059214357369,4.78019409877054,ii,3,4.02059214357369,4.78019409877054,
82,18,I,3,5.30100554209393,4.11175173096645,I,3,5.30100554209393,4.11175173096645,
82,19,I,3,3.61519555536663,5.26279136418971,I,3,3.61519555536663,5.26279136418971,
82,20,ii,4,4.97573149675145,4.98511009623961,ii,4,4.97573149675145,4.98511009623961,
82,21,iio,4,5.70358242265872,4.78018068141118,iio,4,5.70358242265872,4.78018068141118,
82,22,ivo,4,7.19907070073294,4.49600943531414,#iio,4,7.2463764155113,4.49600943531414,0.0473057147783571
82,23,I,1,5.9648221672267,5.00732945813118,I,1,5.98109153744994,5.11935605012205,
82,24,iii,1,5.56072957589645,5.48583356890646,iii,1,5.56072957589645,5.48583356890646,
82,25,ii,2,4.30422373073332,5.2102968367464,ii,2,4.30422373073332,5.2102968367464,
82,26,iv,3,6.61056782473464,4.59530540743833,iv,3,6.61056782473464,4.59530540743833,
82,27,I,2,5.22845030610918,5.39107757838806,I,2,5.22845030610918,5.39107757838806,
,,,,,,,,,,
83,17,ii,3,4.02059214357369,4.78019409877054,ii,3,4.02059214357369,4.78019409877054,
83,18,I,3,5.30100554209393,4.11175173096645,I,3,5.30100554209393,4.11175173096645,
83,19,I,3,3.61519555536663,5.26279136418971,I,3,3.61519555536663,5.26279136418971,
83,20,ii,4,4.97573149675145,4.98511009623961,ii,4,4.97573149675145,4.98511009623961,
83,21,iio,4,5.70358242265872,4.78018068141118,iio,4,5.70358242265872,4.78018068141118,
83,22,ivo,4,7.19907070073294,4.49600943531414,-II+,4,7.2463764155113,4.49600943531414,0.0473057147783571
83,23,I,1,5.9648221672267,5.00732945813118,I,1,2.96571001273533,5.12130676235272,
83,24,iii,1,5.56072957589645,5.48583356890646,iii,2,5.77007390597814,5.20286502930812,
83,25,ii,2,4.30422373073332,5.2102968367464,ii,2,4.30422373073332,5.2102968367464,
83,26,iv,3,6.61056782473464,4.59530540743833,iv,3,6.61056782473464,4.59530540743833,
83,27,I,2,5.22845030610918,5.39107757838806,I,2,5.22845030610918,5.39107757838806,
,,,,,,,,,,
84,17,ii,3,4.02059214357369,4.78019409877054,ii,3,4.02059214357369,4.78019409877054,
84,18,I,3,5.30100554209393,4.11175173096645,I,3,5.30100554209393,4.11175173096645,
84,19,I,3,3.61519555536663,5.26279136418971,I,3,3.61519555536663,5.26279136418971,
84,20,ii,4,4.97573149675145,4.98511009623961,ii,4,4.97573149675145,4.98511009623961,
84,21,iio,4,5.70358242265872,4.78018068141118,iio,4,5.70358242265872,4.78018068141118,
84,22,ivo,4,7.19907070073294,4.49600943531414,#II,4,7.2463764155113,4.49600943531414,0.0473057147783571
84,23,I,1,5.9648221672267,5.00732945813118,I,1,5.98679014278239,5.12436277855362,
84,24,iii,1,5.56072957589645,5.48583356890646,iii,1,5.56072957589645,5.48583356890646,
84,25,ii,2,4.30422373073332,5.2102968367464,ii,2,4.30422373073332,5.2102968367464,
84,26,iv,3,6.61056782473464,4.59530540743833,iv,3,6.61056782473464,4.59530540743833,
84,27,I,2,5.22845030610918,5.39107757838806,I,2,5.22845030610918,5.39107757838806,
,,,,,,,,,,
85,17,ii,3,4.02059214357369,4.78019409877054,ii,3,4.02059214357369,4.78019409877054,
85,18,I,3,5.30100554209393,4.11175173096645,I,3,5.30100554209393,4.11175173096645,
85,19,I,3,3.61519555536663,5.26279136418971,I,3,3.61519555536663,5.26279136418971,
85,20,ii,4,4.97573149675145,4.98511009623961,ii,4,4.97573149675145,4.98511009623961,
85,21,iio,4,5.70358242265872,4.78018068141118,iio,4,5.70358242265872,4.78018068141118,
85,22,ivo,4,7.19907070073294,4.49600943531414,-iio,4,7.2463764155113,4.49600943531414,0.0473057147783571
85,23,I,1,5.9648221672267,5.00732945813118,I,1,3.49533106103712,5.21425755170584,
85,24,iii,1,5.56072957589645,5.48583356890646,iii,2,5.76316507676514,5.31221547943962,
85,25,ii,2,4.30422373073332,5.2102968367464,ii,2,4.30422373073332,5.2102968367464,
85,26,iv,3,6.61056782473464,4.59530540743833,iv,3,6.61056782473464,4.59530540743833,
85,27,I,2,5.22845030610918,5.39107757838806,I,2,5.22845030610918,5.39107757838806,
,,,,,,,,,,
86,17,ii,3,4.02059214357369,4.78019409877054,ii,3,4.02059214357369,4.78019409877054,
86,18,I,3,5.30100554209393,4.11175173096645,I,3,5.30100554209393,4.11175173096645,
86,19,I,3,3.61519555536663,5.26279136418971,I,3,3.61519555536663,5.26279136418971,
86,20,ii,4,4.97573149675145,4.98511009623961,ii,4,4.97573149675145,4.98511009623961,
86,21,iio,4,5.70358242265872,4.78018068141118,iio,4,5.70358242265872,4.78018068141118,
86,22,ivo,4,7.19907070073294,4.49600943531414,io,4,7.2463764155113,4.49600943531414,0.0473057147783571
86,23,I,1,5.9648221672267,5.00732945813118,I,1,6.07740917658642,5.07091328635508,
86,24,iii,1,5.56072957589645,5.48583356890646,iii,1,5.56072957589645,5.48583356890646,
86,25,ii,2,4.30422373073332,5.2102968367464,ii,2,4.30422373073332,5.2102968367464,
86,26,iv,3,6.61056782473464,4.59530540743833,iv,3,6.61056782473464,4.59530540743833,
86,27,I,2,5.22845030610918,5.39107757838806,I,2,5.22845030610918,5.39107757838806,
,,,,,,,,,,
87,17,ii,3,4.02059214357369,4.78019409877054,ii,3,4.02059214357369,4.78019409877054,
87,18,I,3,5.30100554209393,4.11175173096645,I,3,5.30100554209393,4.11175173096645,
87,19,I,3,3.61519555536663,5.26279136418971,I,3,3.61519555536663,5.26279136418971,
87,20,ii,4,4.97573149675145,4.98511009623961,ii,4,4.97573149675145,4.98511009623961,
87,21,iio,4,5.70358242265872,4.78018068141118,iio,4,5.70358242265872,4.78018068141118,
87,22,ivo,4,7.19907070073294,4.49600943531414,III+,4,7.2463764155113,4.49600943531414,0.0473057147783571
87,23,I,1,5.9648221672267,5.00732945813118,I,1,6.28038414409562,4.3325455822192,
87,24,iii,1,5.56072957589645,5.48583356890646,iii,1,5.56072957589645,5.48583356890646,
87,25,ii,2,4.30422373073332,5.2102968367464,ii,2,4.30422373073332,5.2102968367464,
87,26,iv,3,6.61056782473464,4.59530540743833,iv,3,6.61056782473464,4.59530540743833,
87,27,I,2,5.22845030610918,5.39107757838806,I,2,5.22845030610918,5.39107757838806,
,,,,,,,,,,
88,17,ii,3,4.02059214357369,4.78019409877054,ii,3,4.02059214357369,4.78019409877054,
88,18,I,3,5.30100554209393,4.11175173096645,I,3,5.30100554209393,4.11175173096645,
88,19,I,3,3.61519555536663,5.26279136418971,I,3,3.61519555536663,5.26279136418971,
88,20,ii,4,4.97573149675145,4.98511009623961,ii,4,4.97573149675145,4.98511009623961,
88,21,iio,4,5.70358242265872,4.78018068141118,iio,4,5.70358242265872,4.78018068141118,
88,22,ivo,4,7.19907070073294,4.49600943531414,-i,4,7.2463764155113,4.49600943531414,0.0473057147783571
88,23,I,1,5.9648221672267,5.00732945813118,I,1,5.9841810758239,5.12239743658056,
88,24,iii,1,5.56072957589645,5.48583356890646,iii,1,5.56072957589645,5.48583356890646,
88,25,ii,2,4.30422373073332,5.2102968367464,ii,2,4.30422373073332,5.2102968367464,
88,26,iv,3,6.61056782473464,4.59530540743833,iv,3,6.61056782473464,4.59530540743833,
88,27,I,2,5.22845030610918,5.39107757838806,I,2,5.22845030610918,5.39107757838806,
,,,,,,,,,,
89,39,V+,5,7.29147279861136,4.41392892232638,V+,5,7.29147279861136,4.41392892232638,
89,40,I,2,1.09740982592607,3.77150238242375,I,2,1.09740982592607,3.77150238242375,
89,41,I,3,4.08334493433918,5.39099383253166,I,3,4.08334493433918,5.39099383253166,
89,42,ii,4,5.4657386054271,4.85152159349412,ii,4,5.4657386054271,4.85152159349412,
89,43,iio,3,5.41614323966244,5.1682105752859,iio,3,5.41614323966244,5.1682105752859,
89,44,ivo,4,7.19907070073294,4.49600943531414,#iio,4,7.2463764155113,4.49600943531414,0.0473057147783571
89,45,I,1,5.9648221672267,5.00732945813118,I,1,5.98109153744994,5.11935605012205,
89,46,iii,1,5.56072957589645,5.48583356890646,iii,1,5.56072957589645,5.48583356890646,
89,47,ii,2,4.30422373073332,5.2102968367464,ii,2,4.30422373073332,5.2102968367464,
89,48,iv,3,6.61056782473464,4.59530540743833,iv,3,6.61056782473464,4.59530540743833,
89,49,I,2,5.22845030610918,5.39107757838806,I,2,5.22845030610918,5.39107757838806,
,,,,,,,,,,
90,39,V+,5,7.29147279861136,4.41392892232638,V+,5,7.29147279861136,4.41392892232638,
90,40,I,2,1.09740982592607,3.77150238242375,I,2,1.09740982592607,3.77150238242375,
90,41,I,3,4.08334493433918,5.39099383253166,I,3,4.08334493433918,5.39099383253166,
90,42,ii,4,5.4657386054271,4.85152159349412,ii,4,5.4657386054271,4.85152159349412,
90,43,iio,3,5.41614323966244,5.1682105752859,iio,3,5.41614323966244,5.1682105752859,
90,44,ivo,4,7.19907070073294,4.49600943531414,-II+,4,7.2463764155113,4.49600943531414,0.0473057147783571
90,45,I,1,5.9648221672267,5.00732945813118,I,1,2.96571001273533,5.12130676235272,
90,46,iii,1,5.56072957589645,5.48583356890646,iii,2,5.77007390597814,5.20286502930812,
90,47,ii,2,4.30422373073332,5.2102968367464,ii,2,4.30422373073332,5.2102968367464,
90,48,iv,3,6.61056782473464,4.59530540743833,iv,3,6.61056782473464,4.59530540743833,
90,49,I,2,5.22845030610918,5.39107757838806,I,2,5.22845030610918,5.39107757838806,
,,,,,,,,,,
91,39,V+,5,7.29147279861136,4.41392892232638,V+,5,7.29147279861136,4.41392892232638,
91,40,I,2,1.09740982592607,3.77150238242375,I,2,1.09740982592607,3.77150238242375,
91,41,I,3,4.08334493433918,5.39099383253166,I,3,4.08334493433918,5.39099383253166,
91,42,ii,4,5.4657386054271,4.85152159349412,ii,4,5.4657386054271,4.85152159349412,
91,43,iio,3,5.41614323966244,5.1682105752859,iio,3,5.41614323966244,5.1682105752859,
91,44,ivo,4,7.19907070073294,4.49600943531414,#II,4,7.2463764155113,4.49600943531414,0.0473057147783571
91,45,I,1,5.9648221672267,5.00732945813118,I,1,5.98679014278239,5.12436277855362,
91,46,iii,1,5.56072957589645,5.48583356890646,iii,1,5.56072957589645,5.48583356890646,
91,47,ii,2,4.30422373073332,5.2102968367464,ii,2,4.30422373073332,5.2102968367464,
91,48,iv,3,6.61056782473464,4.59530540743833,iv,3,6.61056782473464,4.59530540743833,
91,49,I,2,5.22845030610918,5.39107757838806,I,2,5.22845030610918,5.39107757838806,
,,,,,,,,,,
92,39,V+,5,7.29147279861136,4.41392892232638,V+,5,7.29147279861136,4.41392892232638,
92,40,I,2,1.09740982592607,3.77150238242375,I,2,1.09740982592607,3.77150238242375,
92,41,I,3,4.08334493433918,5.39099383253166,I,3,4.08334493433918,5.39099383253166,
92,42,ii,4,5.4657386054271,4.85152159349412,ii,4,5.4657386054271,4.85152159349412,
92,43,iio,3,5.41614323966244,5.1682105752859,iio,3,5.41614323966244,5.1682105752859,
92,44,ivo,4,7.19907070073294,4.49600943531414,-iio,4,7.2463764155113,4.49600943531414,0.0473057147783571
92,45,I,1,5.9648221672267,5.00732945813118,I,1,3.49533106103712,5.21425755170584,
92,46,iii,1,5.56072957589645,5.48583356890646,iii,2,5.76316507676514,5.31221547943962,
92,47,ii,2,4.30422373073332,5.2102968367464,ii,2,4.30422373073332,5.2102968367464,
92,48,iv,3,6.61056782473464,4.59530540743833,iv,3,6.61056782473464,4.59530540743833,
92,49,I,2,5.22845030610918,5.39107757838806,I,2,5.22845030610918,5.39107757838806,
,,,,,,,,,,
93,39,V+,5,7.29147279861136,4.41392892232638,V+,5,7.29147279861136,4.41392892232638,
93,40,I,2,1.09740982592607,3.77150238242375,I,2,1.09740982592607,3.77150238242375,
93,41,I,3,4.08334493433918,5.39099383253166,I,3,4.08334493433918,5.39099383253166,
93,42,ii,4,5.4657386054271,4.85152159349412,ii,4,5.4657386054271,4.85152159349412,
93,43,iio,3,5.41614323966244,5.1682105752859,iio,3,5.41614323966244,5.1682105752859,
93,44,ivo,4,7.19907070073294,4.49600943531414,io,4,7.2463764155113,4.49600943531414,0.0473057147783571
93,45,I,1,5.9648221672267,5.00732945813118,I,1,6.07740917658642,5.07091328635508,
93,46,iii,1,5.56072957589645,5.48583356890646,iii,1,5.56072957589645,5.48583356890646,
93,47,ii,2,4.30422373073332,5.2102968367464,ii,2,4.30422373073332,5.2102968367464,
93,48,iv,3,6.61056782473464,4.59530540743833,iv,3,6.61056782473464,4.59530540743833,
93,49,I,2,5.22845030610918,5.39107757838806,I,2,5.22845030610918,5.39107757838806,
,,,,,,,,,,
94,39,V+,5,7.29147279861136,4.41392892232638,V+,5,7.29147279861136,4.41392892232638,
94,40,I,2,1.09740982592607,3.77150238242375,I,2,1.09740982592607,3.77150238242375,
94,41,I,3,4.08334493433918,5.39099383253166,I,3,4.08334493433918,5.39099383253166,
94,42,ii,4,5.4657386054271,4.85152159349412,ii,4,5.4657386054271,4.85152159349412,
94,43,iio,3,5.41614323966244,5.1682105752859,iio,3,5.41614323966244,5.1682105752859,
94,44,ivo,4,7.19907070073294,4.49600943531414,III+,4,7.2463764155113,4.49600943531414,0.0473057147783571
94,45,I,1,5.9648221672267,5.00732945813118,I,1,6.28038414409562,4.3325455822192,
94,46,iii,1,5.56072957589645,5.48583356890646,iii,1,5.56072957589645,5.48583356890646,
94,47,ii,2,4.30422373073332,5.2102968367464,ii,2,4.30422373073332,5.2102968367464,
94,48,iv,3,6.61056782473464,4.59530540743833,iv,3,6.61056782473464,4.59530540743833,
94,49,I,2,5.22845030610918,5.39107757838806,I,2,5.22845030610918,5.39107757838806,
,,,,,,,,,,
95,39,V+,5,7.29147279861136,4.41392892232638,V+,5,7.29147279861136,4.41392892232638,
95,40,I,2,1.09740982592607,3.77150238242375,I,2,1.09740982592607,3.77150238242375,
95,41,I,3,4.08334493433918,5.39099383253166,I,3,4.08334493433918,5.39099383253166,
95,42,ii,4,5.4657386054271,4.85152159349412,ii,4,5.4657386054271,4.85152159349412,
95,43,iio,3,5.41614323966244,5.1682105752859,iio,3,5.41614323966244,5.1682105752859,
95,44,ivo,4,7.19907070073294,4.49600943531414,-i,4,7.2463764155113,4.49600943531414,0.0473057147783571
95,45,I,1,5.9648221672267,5.00732945813118,I,1,5.9841810758239,5.12239743658056,
95,46,iii,1,5.56072957589645,5.48583356890646,iii,1,5.56072957589645,5.48583356890646,
95,47,ii,2,4.30422373073332,5.2102968367464,ii,2,4.30422373073332,5.2102968367464,
95,48,iv,3,6.61056782473464,4.59530540743833,iv,3,6.61056782473464,4.59530540743833,
95,49,I,2,5.22845030610918,5.39107757838806,I,2,5.22845030610918,5.39107757838806,
,,,,,,,,,,
96,123,V,3,1.46437002493279,4.11175173096645,V,3,1.46437002493279,4.11175173096645,
96,124,I,4,2.1193053450094,4.65367391997823,I,4,2.1193053450094,4.65367391997823,
96,125,I,5,3.66143887007834,5.12339978879626,I,5,3.66143887007834,5.12339978879626,
96,126,ii,6,3.98548890506167,4.79669912801914,ii,6,3.98548890506167,4.79669912801914,
96,127,iio,6,6.48285996007011,3.84510036036354,iio,6,6.48285996007011,3.84510036036354,
96,128,ivo,4,7.19907070073294,4.49600943531414,#iio,4,7.2463764155113,4.49600943531414,0.0473057147783571
96,129,I,1,5.9648221672267,5.00732945813118,I,1,5.98109153744994,5.11935605012205,
96,130,iii,1,5.56072957589645,5.48583356890646,iii,1,5.56072957589645,5.48583356890646,
96,131,ii,2,4.30422373073332,5.2102968367464,ii,2,4.30422373073332,5.2102968367464,
96,132,iv,3,6.61056782473464,4.59530540743833,iv,3,6.61056782473464,4.59530540743833,
96,133,I,2,5.22845030610918,5.39107757838806,I,2,5.22845030610918,5.39107757838806,
,,,,,,,,,,
97,123,V,3,1.46437002493279,4.11175173096645,V,3,1.46437002493279,4.11175173096645,
97,124,I,4,2.1193053450094,4.65367391997823,I,4,2.1193053450094,4.65367391997823,
97,125,I,5,3.66143887007834,5.12339978879626,I,5,3.66143887007834,5.12339978879626,
97,126,ii,6,3.98548890506167,4.79669912801914,ii,6,3.98548890506167,4.79669912801914,
97,127,iio,6,6.48285996007011,3.84510036036354,iio,6,6.48285996007011,3.84510036036354,
97,128,ivo,4,7.19907070073294,4.49600943531414,-II+,4,7.2463764155113,4.49600943531414,0.0473057147783571
97,129,I,1,5.9648221672267,5.00732945813118,I,1,2.96571001273533,5.12130676235272,
97,130,iii,1,5.56072957589645,5.48583356890646,iii,2,5.77007390597814,5.20286502930812,
97,131,ii,2,4.30422373073332,5.2102968367464,ii,2,4.30422373073332,5.2102968367464,
97,132,iv,3,6.61056782473464,4.59530540743833,iv,3,6.61056782473464,4.59530540743833,
97,133,I,2,5.22845030610918,5.39107757838806,I,2,5.22845030610918,5.39107757838806,
,,,,,,,,,,
98,123,V,3,1.46437002493279,4.11175173096645,V,3,1.46437002493279,4.11175173096645,
98,124,I,4,2.1193053450094,4.65367391997823,I,4,2.1193053450094,4.65367391997823,
98,125,I,5,3.66143887007834,5.12339978879626,I,5,3.66143887007834,5.12339978879626,
98,126,ii,6,3.98548890506167,4.79669912801914,ii,6,3.98548890506167,4.79669912801914,
98,127,iio,6,6.48285996007011,3.84510036036354,iio,6,6.48285996007011,3.84510036036354,
98,128,ivo,4,7.19907070073294,4.49600943531414,#II,4,7.2463764155113,4.49600943531414,0.0473057147783571
98,129,I,1,5.9648221672267,5.00732945813118,I,1,5.98679014278239,5.12436277855362,
98,130,iii,1,5.56072957589645,5.48583356890646,iii,1,5.56072957589645,5.48583356890646,
98,131,ii,2,4.30422373073332,5.2102968367464,ii,2,4.30422373073332,5.2102968367464,
98,132,iv,3,6.61056782473464,4.59530540743833,iv,3,6.61056782473464,4.59530540743833,
98,133,I,2,5.22845030610918,5.39107757838806,I,2,5.22845030610918,5.39107757838806,
,,,,,,,,,,
99,123,V,3,1.46437002493279,4.11175173096645,V,3,1.46437002493279,4.11175173096645,
99,124,I,4,2.1193053450094,4.65367391997823,I,4,2.1193053450094,4.65367391997823,
99,125,I,5,3.66143887007834,5.12339978879626,I,5,3.66143887007834,5.12339978879626,
99,126,ii,6,3.98548890506167,4.79669912801914,ii,6,3.98548890506167,4.79669912801914,
99,127,iio,6,6.48285996007011,3.84510036036354,iio,6,6.48285996007011,3.84510036036354,
99,128,ivo,4,7.19907070073294,4.49600943531414,-iio,4,7.2463764155113,4.49600943531414,0.0473057147783571
99,129,I,1,5.9648221672267,5.00732945813118,I,1,3.49533106103712,5.21425755170584,
99,130,iii,1,5.56072957589645,5.48583356890646,iii,2,5.76316507676514,5.31221547943962,
99,131,ii,2,4.30422373073332,5.2102968367464,ii,2,4.30422373073332,5.2102968367464,
99,132,iv,3,6.61056782473464,4.59530540743833,iv,3,6.61056782473464,4.59530540743833,
99,133,I,2,5.22845030610918,5.39107757838806,I,2,5.22845030610918,5.39107757838806,
,,,,,,,,,,
100,123,V,3,1.46437002493279,4.11175173096645,V,3,1.46437002493279,4.11175173096645,
100,124,I,4,2.1193053450094,4.65367391997823,I,4,2.1193053450094,4.65367391997823,
100,125,I,5,3.66143887007834,5.12339978879626,I,5,3.66143887007834,5.12339978879626,
100,126,ii,6,3.98548890506167,4.79669912801914,ii,6,3.98548890506167,4.79669912801914,
100,127,iio,6,6.48285996007011,3.84510036036354,iio,6,6.48285996007011,3.84510036036354,
100,128,ivo,4,7.19907070073294,4.49600943531414,io,4,7.2463764155113,4.49600943531414,0.0473057147783571
100,129,I,1,5.9648221672267,5.00732945813118,I,1,6.07740917658642,5.07091328635508,
100,130,iii,1,5.56072957589645,5.48583356890646,iii,1,5.56072957589645,5.48583356890646,
100,131,ii,2,4.30422373073332,5.2102968367464,ii,2,4.30422373073332,5.2102968367464,
100,132,iv,3,6.61056782473464,4.59530540743833,iv,3,6.61056782473464,4.59530540743833,
100,133,I,2,5.22845030610918,5.39107757838806,I,2,5.22845030610918,5.39107757838806,
,,,,,,,,,,
101,123,V,3,1.46437002493279,4.11175173096645,V,3,1.46437002493279,4.11175173096645,
101,124,I,4,2.1193053450094,4.65367391997823,I,4,2.1193053450094,4.65367391997823,
101,125,I,5,3.66143887007834,5.12339978879626,I,5,3.66143887007834,5.12339978879626,
101,126,ii,6,3.98548890506167,4.79669912801914,ii,6,3.98548890506167,4.79669912801914,
101,127,iio,6,6.48285996007011,3.84510036036354,iio,6,6.48285996007011,3.84510036036354,
101,128,ivo,4,7.19907070073294,4.49600943531414,III+,4,7.2463764155113,4.49600943531414,0.0473057147783571
101,129,I,1,5.9648221672267,5.00732945813118,I,1,6.28038414409562,4.3325455822192,
101,130,iii,1,5.56072957589645,5.48583356890646,iii,1,5.56072957589645,5.48583356890646,
101,131,ii,2,4.30422373073332,5.2102968367464,ii,2,4.30422373073332,5.2102968367464,
101,132,iv,3,6.61056782473464,4.59530540743833,iv,3,6.61056782473464,4.59530540743833,
101,133,I,2,5.22845030610918,5.39107757838806,I,2,5.22845030610918,5.39107757838806,
,,,,,,,,,,
102,123,V,3,1.46437002493279,4.11175173096645,V,3,1.46437002493279,4.11175173096645,
102,124,I,4,2.1193053450094,4.65367391997823,I,4,2.1193053450094,4.65367391997823,
102,125,I,5,3.66143887007834,5.12339978879626,I,5,3.66143887007834,5.12339978879626,
102,126,ii,6,3.98548890506167,4.79669912801914,ii,6,3.98548890506167,4.79669912801914,
102,127,iio,6,6.48285996007011,3.84510036036354,iio,6,6.48285996007011,3.84510036036354,
102,128,ivo,4,7.19907070073294,4.49600943531414,-i,4,7.2463764155113,4.49600943531414,0.0473057147783571
102,129,I,1,5.9648221672267,5.00732945813118,I,1,5.9841810758239,5.12239743658056,
102,130,iii,1,5.56072957589645,5.48583356890646,iii,1,5.56072957589645,5.48583356890646,
102,131,ii,2,4.30422373073332,5.2102968367464,ii,2,4.30422373073332,5.2102968367464,
102,132,iv,3,6.61056782473464,4.59530540743833,iv,3,6.61056782473464,4.59530540743833,
102,133,I,2,5.22845030610918,5.39107757838806,I,2,5.22845030610918,5.39107757838806,
,,,,,,,,,,
103,16,VI,2,5.61895852317609,5.41437983856262,VI,2,5.61895852317609,5.41437983856262,
103,17,ii,3,4.02059214357369,4.78019409877054,ii,3,4.02059214357369,4.78019409877054,
103,18,I,3,5.30100554209393,4.11175173096645,I,3,5.30100554209393,4.11175173096645,
103,19,I,3,3.61519555536663,5.26279136418971,I,3,3.61519555536663,5.26279136418971,
103,20,ii,4,4.97573149675145,4.98511009623961,ii,4,4.97573149675145,4.98511009623961,
103,21,iio,4,5.70358242265872,4.78018068141118,-VII,4,5.75093182002917,4.78018068141118,0.0473493973704437
103,22,ivo,4,7.19907070073294,4.49600943531414,ivo,3,7.1774999132109,4.93971261268647,
103,23,I,1,5.9648221672267,5.00732945813118,I,1,5.9648221672267,5.00732945813118,
103,24,iii,1,5.56072957589645,5.48583356890646,iii,1,5.56072957589645,5.48583356890646,
103,25,ii,2,4.30422373073332,5.2102968367464,ii,2,4.30422373073332,5.2102968367464,
103,26,iv,3,6.61056782473464,4.59530540743833,iv,3,6.61056782473464,4.59530540743833,
,,,,,,,,,,
104,38,V,5,3.35655626513595,3.58236633137624,V,5,3.35655626513595,3.58236633137624,
104,39,V+,5,7.29147279861136,4.41392892232638,V+,5,7.29147279861136,4.41392892232638,
104,40,I,2,1.09740982592607,3.77150238242375,I,2,1.09740982592607,3.77150238242375,
104,41,I,3,4.08334493433918,5.39099383253166,I,3,4.08334493433918,5.39099383253166,
104,42,ii,4,5.4657386054271,4.85152159349412,ii,4,5.4657386054271,4.85152159349412,
104,43,iio,3,5.41614323966244,5.1682105752859,-VII,3,5.46349263703289,5.1682105752859,0.0473493973704437
104,44,ivo,4,7.19907070073294,4.49600943531414,ivo,3,7.1774999132109,4.93971261268647,
104,45,I,1,5.9648221672267,5.00732945813118,I,1,5.9648221672267,5.00732945813118,
104,46,iii,1,5.56072957589645,5.48583356890646,iii,1,5.56072957589645,5.48583356890646,
104,47,ii,2,4.30422373073332,5.2102968367464,ii,2,4.30422373073332,5.2102968367464,
104,48,iv,3,6.61056782473464,4.59530540743833,iv,3,6.61056782473464,4.59530540743833,
,,,,,,,,,,
105,122,ii,3,4.02059214357369,4.78019409877054,ii,3,4.02059214357369,4.78019409877054,
105,123,V,3,1.46437002493279,4.11175173096645,V,3,1.46437002493279,4.11175173096645,
105,124,I,4,2.1193053450094,4.65367391997823,I,4,2.1193053450094,4.65367391997823,
105,125,I,5,3.66143887007834,5.12339978879626,I,5,3.66143887007834,5.12339978879626,
105,126,ii,6,3.98548890506167,4.79669912801914,ii,6,3.98548890506167,4.79669912801914,
105,127,iio,6,6.48285996007011,3.84510036036354,-VII,6,6.53020935744056,3.84510036036354,0.0473493973704437
105,128,ivo,4,7.19907070073294,4.49600943531414,ivo,3,7.1774999132109,4.93971261268647,
105,129,I,1,5.9648221672267,5.00732945813118,I,1,5.9648221672267,5.00732945813118,
105,130,iii,1,5.56072957589645,5.48583356890646,iii,1,5.56072957589645,5.48583356890646,
105,131,ii,2,4.30422373073332,5.2102968367464,ii,2,4.30422373073332,5.2102968367464,
105,132,iv,3,6.61056782473464,4.59530540743833,iv,3,6.61056782473464,4.59530540743833,
,,,,,,,,,,
106,34,I,5,2.07070193296089,4.45148444544347,I,5,2.07070193296089,4.45148444544347,
106,35,V,6,3.70861221818802,4.81489004757467,V,6,3.70861221818802,4.81489004757467,
106,36,I,6,1.79652960846339,4.38028055643652,I,6,1.79652960846339,4.38028055643652,
106,37,ii,6,5.52862278037792,4.59206419891618,ii,6,5.52862278037792,4.59206419891618,
106,38,V,5,3.35655626513595,3.58236633137624,V,5,3.35655626513595,3.58236633137624,
106,39,V+,5,7.29147279861136,4.41392892232638,#vo,5,7.23798544580738,4.41392892232638,0.0534873528039812
106,40,I,2,1.09740982592607,3.77150238242375,I,1,8.12174934425956,1.60607843996847,
106,41,I,3,4.08334493433918,5.39099383253166,I,1,4.84385438446763,5.48583356890646,
106,42,ii,4,5.4657386054271,4.85152159349412,ii,2,5.02828716932982,5.44215701668002,
106,43,iio,3,5.41614323966244,5.1682105752859,iio,3,5.41614323966244,5.1682105752859,
106,44,ivo,4,7.19907070073294,4.49600943531414,ivo,4,7.19907070073294,4.49600943531414,
,,,,,,,,,,
107,34,I,5,2.07070193296089,4.45148444544347,I,5,2.07070193296089,4.45148444544347,
107,35,V,6,3.70861221818802,4.81489004757467,V,6,3.70861221818802,4.81489004757467,
107,36,I,6,1.79652960846339,4.38028055643652,I,6,1.79652960846339,4.38028055643652,
107,37,ii,6,5.52862278037792,4.59206419891618,ii,6,5.52862278037792,4.59206419891618,
107,38,V,5,3.35655626513595,3.58236633137624,V,5,3.35655626513595,3.58236633137624,
107,39,V+,5,7.29147279861136,4.41392892232638,#IV,5,7.34756969126164,4.41392892232638,0.0560968926502792
107,40,I,2,1.09740982592607,3.77150238242375,I,2,3.28099473104786,4.67287320428349,
107,41,I,3,4.08334493433918,5.39099383253166,I,2,2.59781548859088,5.20286502930812,
107,42,ii,4,5.4657386054271,4.85152159349412,ii,3,5.21726957028162,5.17507134156547,
107,43,iio,3,5.41614323966244,5.1682105752859,iio,3,5.41614323966244,5.1682105752859,
107,44,ivo,4,7.19907070073294,4.49600943531414,ivo,4,7.19907070073294,4.49600943531414,
,,,,,,,,,,
108,15,I,2,5.22845030610918,5.39107757838806,I,2,5.22845030610918,5.39107757838806,
108,16,VI,2,5.61895852317609,5.41437983856262,VI,2,5.61895852317609,5.41437983856262,
108,17,ii,3,4.02059214357369,4.78019409877054,ii,3,4.02059214357369,4.78019409877054,
108,18,I,3,5.30100554209393,4.11175173096645,I,3,5.30100554209393,4.11175173096645,
108,19,I,3,3.61519555536663,5.26279136418971,I,3,3.61519555536663,5.26279136418971,
108,20,ii,4,4.97573149675145,4.98511009623961,V,4,4.91716412011202,4.98511009623961,0.0585673766394299
108,21,iio,4,5.70358242265872,4.78018068141118,iio,4,7.1298919328619,4.9554693227883,
108,22,ivo,4,7.19907070073294,4.49600943531414,ivo,1,6.50185002306578,5.38583487242723,
108,23,I,1,5.9648221672267,5.00732945813118,I,1,5.9648221672267,5.00732945813118,
108,24,iii,1,5.56072957589645,5.48583356890646,iii,1,5.56072957589645,5.48583356890646,
108,25,ii,2,4.30422373073332,5.2102968367464,ii,2,4.30422373073332,5.2102968367464,
,,,,,,,,,,
109,6,I,5,1.26112198919573,3.88581248296405,I,5,1.26112198919573,3.88581248296405,
109,7,I,6,1.88910591700517,4.6638081938372,I,6,1.88910591700517,4.6638081938372,
109,8,ii,7,4.69727563573775,4.53671184136733,ii,7,4.69727563573775,4.53671184136733,
109,9,iio,8,6.01817708772602,3.88904477062844,iio,8,6.01817708772602,3.88904477062844,
109,10,ivo,5,7.47293317305342,3.98653930611749,ivo,5,7.47293317305342,3.98653930611749,
109,11,I,1,5.9648221672267,5.00732945813118,V,1,6.02622271189085,5.00732945813118,0.0614005446641439
109,12,iii,1,5.56072957589645,5.48583356890646,iii,1,5.56174487058016,5.46879381097326,
109,13,ii,2,4.30422373073332,5.2102968367464,ii,2,5.08972233091391,5.25282232332597,
109,14,iv,3,6.61056782473464,4.59530540743833,iv,3,6.51874559465666,4.54257255717266,
109,15,I,2,5.22845030610918,5.39107757838806,I,2,5.22845030610918,5.39107757838806,
109,16,VI,2,5.61895852317609,5.41437983856262,VI,2,5.61895852317609,5.41437983856262,
,,,,,,,,,,
110,5,I,4,1.57905589774719,4.43641306392646,I,4,1.57905589774719,4.43641306392646,
110,6,I,5,1.26112198919573,3.88581248296405,I,5,1.26112198919573,3.88581248296405,
110,7,I,6,1.88910591700517,4.6638081938372,I,6,1.88910591700517,4.6638081938372,
110,8,ii,7,4.69727563573775,4.53671184136733,ii,7,4.69727563573775,4.53671184136733,
110,9,iio,8,6.01817708772602,3.88904477062844,iio,8,6.01817708772602,3.88904477062844,
110,10,ivo,5,7.47293317305342,3.98653930611749,-V,5,7.40476167041184,3.98653930611749,0.0681715026415786
110,11,I,1,5.9648221672267,5.00732945813118,I,1,5.04605143722123,5.40249459625283,
110,12,iii,1,5.56072957589645,5.48583356890646,iii,2,5.77007390597814,5.20286502930812,
110,13,ii,2,4.30422373073332,5.2102968367464,ii,2,4.30422373073332,5.2102968367464,
110,14,iv,3,6.61056782473464,4.59530540743833,iv,3,6.61056782473464,4.59530540743833,
110,15,I,2,5.22845030610918,5.39107757838806,I,2,5.22845030610918,5.39107757838806,
,,,,,,,,,,
111,17,ii,3,4.02059214357369,4.78019409877054,ii,3,4.02059214357369,4.78019409877054,
111,18,I,3,5.30100554209393,4.11175173096645,I,3,5.30100554209393,4.11175173096645,
111,19,I,3,3.61519555536663,5.26279136418971,I,3,3.61519555536663,5.26279136418971,
111,20,ii,4,4.97573149675145,4.98511009623961,ii,4,4.97573149675145,4.98511009623961,
111,21,iio,4,5.70358242265872,4.78018068141118,iio,4,5.70358242265872,4.78018068141118,
111,22,ivo,4,7.19907070073294,4.49600943531414,-V,4,7.13089919809136,4.49600943531414,0.0681715026415786
111,23,I,1,5.9648221672267,5.00732945813118,I,1,5.04605143722123,5.40249459625283,
111,24,iii,1,5.56072957589645,5.48583356890646,iii,2,5.77007390597814,5.20286502930812,
111,25,ii,2,4.30422373073332,5.2102968367464,ii,2,4.30422373073332,5.2102968367464,
111,26,iv,3,6.61056782473464,4.59530540743833,iv,3,6.61056782473464,4.59530540743833,
111,27,I,2,5.22845030610918,5.39107757838806,I,2,5.22845030610918,5.39107757838806,
,,,,,,,,,,
112,39,V+,5,7.29147279861136,4.41392892232638,V+,5,7.29147279861136,4.41392892232638,
112,40,I,2,1.09740982592607,3.77150238242375,I,2,1.09740982592607,3.77150238242375,
112,41,I,3,4.08334493433918,5.39099383253166,I,3,4.08334493433918,5.39099383253166,
112,42,ii,4,5.4657386054271,4.85152159349412,ii,4,5.4657386054271,4.85152159349412,
112,43,iio,3,5.41614323966244,5.1682105752859,iio,3,5.41614323966244,5.1682105752859,
112,44,ivo,4,7.19907070073294,4.49600943531414,-V,4,7.13089919809136,4.49600943531414,0.0681715026415786
112,45,I,1,5.9648221672267,5.00732945813118,I,1,5.04605143722123,5.40249459625283,
112,46,iii,1,5.56072957589645,5.48583356890646,iii,2,5.77007390597814,5.20286502930812,
112,47,ii,2,4.30422373073332,5.2102968367464,ii,2,4.30422373073332,5.2102968367464,
112,48,iv,3,6.61056782473464,4.59530540743833,iv,3,6.61056782473464,4.59530540743833,
112,49,I,2,5.22845030610918,5.39107757838806,I,2,5.22845030610918,5.39107757838806,
,,,,,,,,,,
113,123,V,3,1.46437002493279,4.11175173096645,V,3,1.46437002493279,4.11175173096645,
113,124,I,4,2.1193053450094,4.65367391997823,I,4,2.1193053450094,4.65367391997823,
113,125,I,5,3.66143887007834,5.12339978879626,I,5,3.66143887007834,5.12339978879626,
113,126,ii,6,3.98548890506167,4.79669912801914,ii,6,3.98548890506167,4.79669912801914,
113,127,iio,6,6.48285996007011,3.84510036036354,iio,6,6.48285996007011,3.84510036036354,
113,128,ivo,4,7.19907070073294,4.49600943531414,-V,4,7.13089919809136,4.49600943531414,0.0681715026415786
113,129,I,1,5.9648221672267,5.00732945813118,I,1,5.04605143722123,5.40249459625283,
113,130,iii,1,5.56072957589645,5.48583356890646,iii,2,5.77007390597814,5.20286502930812,
113,131,ii,2,4.30422373073332,5.2102968367464,ii,2,4.30422373073332,5.2102968367464,
113,132,iv,3,6.61056782473464,4.59530540743833,iv,3,6.61056782473464,4.59530540743833,
113,133,I,2,5.22845030610918,5.39107757838806,I,2,5.22845030610918,5.39107757838806,
,,,,,,,,,,
114,5,I,4,1.57905589774719,4.43641306392646,I,4,1.57905589774719,4.43641306392646,
114,6,I,5,1.26112198919573,3.88581248296405,I,5,1.26112198919573,3.88581248296405,
114,7,I,6,1.88910591700517,4.6638081938372,I,6,1.88910591700517,4.6638081938372,
114,8,ii,7,4.69727563573775,4.53671184136733,ii,7,4.69727563573775,4.53671184136733,
114,9,iio,8,6.01817708772602,3.88904477062844,iio,8,6.01817708772602,3.88904477062844,
114,10,ivo,5,7.47293317305342,3.98653930611749,-III+,5,7.54448643407846,3.98653930611749,0.0715532610250342
114,11,I,1,5.9648221672267,5.00732945813118,I,1,5.98394365378093,4.93114048768596,
114,12,iii,1,5.56072957589645,5.48583356890646,iii,1,5.56072957589645,5.48583356890646,
114,13,ii,2,4.30422373073332,5.2102968367464,ii,2,4.30422373073332,5.2102968367464,
114,14,iv,3,6.61056782473464,4.59530540743833,iv,3,6.61056782473464,4.59530540743833,
114,15,I,2,5.22845030610918,5.39107757838806,I,2,5.22845030610918,5.39107757838806,
,,,,,,,,,,
115,5,I,4,1.57905589774719,4.43641306392646,I,4,1.57905589774719,4.43641306392646,
115,6,I,5,1.26112198919573,3.88581248296405,I,5,1.26112198919573,3.88581248296405,
115,7,I,6,1.88910591700517,4.6638081938372,I,6,1.88910591700517,4.6638081938372,
115,8,ii,7,4.69727563573775,4.53671184136733,ii,7,4.69727563573775,4.53671184136733,
115,9,iio,8,6.01817708772602,3.88904477062844,iio,8,6.01817708772602,3.88904477062844,
115,10,ivo,5,7.47293317305342,3.98653930611749,VII+,5,7.54448643407846,3.98653930611749,0.0715532610250342
115,11,I,1,5.9648221672267,5.00732945813118,I,1,5.98773772576614,4.93442225529388,
115,12,iii,1,5.56072957589645,5.48583356890646,iii,1,5.56072957589645,5.48583356890646,
115,13,ii,2,4.30422373073332,5.2102968367464,ii,2,4.30422373073332,5.2102968367464,
115,14,iv,3,6.61056782473464,4.59530540743833,iv,3,6.61056782473464,4.59530540743833,
115,15,I,2,5.22845030610918,5.39107757838806,I,2,5.22845030610918,5.39107757838806,
,,,,,,,,,,
116,5,I,4,1.57905589774719,4.43641306392646,I,4,1.57905589774719,4.43641306392646,
116,6,I,5,1.26112198919573,3.88581248296405,I,5,1.26112198919573,3.88581248296405,
116,7,I,6,1.88910591700517,4.6638081938372,I,6,1.88910591700517,4.6638081938372,
116,8,ii,7,4.69727563573775,4.53671184136733,ii,7,4.69727563573775,4.53671184136733,
116,9,iio,8,6.01817708772602,3.88904477062844,iio,8,6.01817708772602,3.88904477062844,
116,10,ivo,5,7.47293317305342,3.98653930611749,#IV+,5,7.54448643407846,3.98653930611749,0.0715532610250342
116,11,I,1,5.9648221672267,5.00732945813118,I,1,5.97656412341533,5.11607970255406,
116,12,iii,1,5.56072957589645,5.48583356890646,iii,1,5.56072957589645,5.48583356890646,
116,13,ii,2,4.30422373073332,5.2102968367464,ii,2,4.30422373073332,5.2102968367464,
116,14,iv,3,6.61056782473464,4.59530540743833,iv,3,6.61056782473464,4.59530540743833,
116,15,I,2,5.22845030610918,5.39107757838806,I,2,5.22845030610918,5.39107757838806,
,,,,,,,,,,
117,5,I,4,1.57905589774719,4.43641306392646,I,4,1.57905589774719,4.43641306392646,
117,6,I,5,1.26112198919573,3.88581248296405,I,5,1.26112198919573,3.88581248296405,
117,7,I,6,1.88910591700517,4.6638081938372,I,6,1.88910591700517,4.6638081938372,
117,8,ii,7,4.69727563573775,4.53671184136733,ii,7,4.69727563573775,4.53671184136733,
117,9,iio,8,6.01817708772602,3.88904477062844,iio,8,6.01817708772602,3.88904477062844,
117,10,ivo,5,7.47293317305342,3.98653930611749,-IV,5,7.54448643407846,3.98653930611749,0.0715532610250342
117,11,I,1,5.9648221672267,5.00732945813118,I,1,5.98679014278239,4.93353358240942,
117,12,iii,1,5.56072957589645,5.48583356890646,iii,1,5.56072957589645,5.48583356890646,
117,13,ii,2,4.30422373073332,5.2102968367464,ii,2,4.30422373073332,5.2102968367464,
117,14,iv,3,6.61056782473464,4.59530540743833,iv,3,6.61056782473464,4.59530540743833,
117,15,I,2,5.22845030610918,5.39107757838806,I,2,5.22845030610918,5.39107757838806,
,,,,,,,,,,
118,5,I,4,1.57905589774719,4.43641306392646,I,4,1.57905589774719,4.43641306392646,
118,6,I,5,1.26112198919573,3.88581248296405,I,5,1.26112198919573,3.88581248296405,
118,7,I,6,1.88910591700517,4.6638081938372,I,6,1.88910591700517,4.6638081938372,
118,8,ii,7,4.69727563573775,4.53671184136733,ii,7,4.69727563573775,4.53671184136733,
118,9,iio,8,6.01817708772602,3.88904477062844,iio,8,6.01817708772602,3.88904477062844,
118,10,ivo,5,7.47293317305342,3.98653930611749,-VII+,5,7.54448643407846,3.98653930611749,0.0715532610250342
118,11,I,1,5.9648221672267,5.00732945813118,I,1,5.98679014278239,4.93353358240942,
118,12,iii,1,5.56072957589645,5.48583356890646,iii,1,5.56072957589645,5.48583356890646,
118,13,ii,2,4.30422373073332,5.2102968367464,ii,2,4.30422373073332,5.2102968367464,
118,14,iv,3,6.61056782473464,4.59530540743833,iv,3,6.61056782473464,4.59530540743833,
118,15,I,2,5.22845030610918,5.39107757838806,I,2,5.22845030610918,5.39107757838806,
,,,,,,,,,,
119,5,I,4,1.57905589774719,4.43641306392646,I,4,1.57905589774719,4.43641306392646,
119,6,I,5,1.26112198919573,3.88581248296405,I,5,1.26112198919573,3.88581248296405,
119,7,I,6,1.88910591700517,4.6638081938372,I,6,1.88910591700517,4.6638081938372,
119,8,ii,7,4.69727563573775,4.53671184136733,ii,7,4.69727563573775,4.53671184136733,
119,9,iio,8,6.01817708772602,3.88904477062844,iio,8,6.01817708772602,3.88904477062844,
119,10,ivo,5,7.47293317305342,3.98653930611749,#v,5,7.54448643407846,3.98653930611749,0.0715532610250342
119,11,I,1,5.9648221672267,5.00732945813118,I,1,2.9670925280599,5.12081830025556,
119,12,iii,1,5.56072957589645,5.48583356890646,iii,2,5.77007390597814,5.20286502930812,
119,13,ii,2,4.30422373073332,5.2102968367464,ii,2,4.30422373073332,5.2102968367464,
119,14,iv,3,6.61056782473464,4.59530540743833,iv,3,6.61056782473464,4.59530540743833,
119,15,I,2,5.22845030610918,5.39107757838806,I,2,5.22845030610918,5.39107757838806,
,,,,,,,,,,
120,5,I,4,1.57905589774719,4.43641306392646,I,4,1.57905589774719,4.43641306392646,
120,6,I,5,1.26112198919573,3.88581248296405,I,5,1.26112198919573,3.88581248296405,
120,7,I,6,1.88910591700517,4.6638081938372,I,6,1.88910591700517,4.6638081938372,
120,8,ii,7,4.69727563573775,4.53671184136733,ii,7,4.69727563573775,4.53671184136733,
120,9,iio,8,6.01817708772602,3.88904477062844,iio,8,6.01817708772602,3.88904477062844,
120,10,ivo,5,7.47293317305342,3.98653930611749,IV+,5,7.54448643407846,3.98653930611749,0.0715532610250342
120,11,I,1,5.9648221672267,5.00732945813118,I,1,5.98465580272549,4.9317022619635,
120,12,iii,1,5.56072957589645,5.48583356890646,iii,1,5.56072957589645,5.48583356890646,
120,13,ii,2,4.30422373073332,5.2102968367464,ii,2,4.30422373073332,5.2102968367464,
120,14,iv,3,6.61056782473464,4.59530540743833,iv,3,6.61056782473464,4.59530540743833,
120,15,I,2,5.22845030610918,5.39107757838806,I,2,5.22845030610918,5.39107757838806,
,,,,,,,,,,
121,5,I,4,1.57905589774719,4.43641306392646,I,4,1.57905589774719,4.43641306392646,
121,6,I,5,1.26112198919573,3.88581248296405,I,5,1.26112198919573,3.88581248296405,
121,7,I,6,1.88910591700517,4.6638081938372,I,6,1.88910591700517,4.6638081938372,
121,8,ii,7,4.69727563573775,4.53671184136733,ii,7,4.69727563573775,4.53671184136733,
121,9,iio,8,6.01817708772602,3.88904477062844,iio,8,6.01817708772602,3.88904477062844,
121,10,ivo,5,7.47293317305342,3.98653930611749,-vo,5,7.54448643407846,3.98653930611749,0.0715532610250342
121,11,I,1,5.9648221672267,5.00732945813118,I,1,5.99104937348562,4.93793920465421,
121,12,iii,1,5.56072957589645,5.48583356890646,iii,1,5.56072957589645,5.48583356890646,
121,13,ii,2,4.30422373073332,5.2102968367464,ii,2,4.30422373073332,5.2102968367464,
121,14,iv,3,6.61056782473464,4.59530540743833,iv,3,6.61056782473464,4.59530540743833,
121,15,I,2,5.22845030610918,5.39107757838806,I,2,5.22845030610918,5.39107757838806,
,,,,,,,,,,
122,17,ii,3,4.02059214357369,4.78019409877054,ii,3,4.02059214357369,4.78019409877054,
122,18,I,3,5.30100554209393,4.11175173096645,I,3,5.30100554209393,4.11175173096645,
122,19,I,3,3.61519555536663,5.26279136418971,I,3,3.61519555536663,5.26279136418971,
122,20,ii,4,4.97573149675145,4.98511009623961,ii,4,4.97573149675145,4.98511009623961,
122,21,iio,4,5.70358242265872,4.78018068141118,iio,4,5.70358242265872,4.78018068141118,
122,22,ivo,4,7.19907070073294,4.49600943531414,-III+,4,7.27062396175797,4.49600943531414,0.0715532610250342
122,23,I,1,5.9648221672267,5.00732945813118,I,1,5.98394365378093,4.93114048768596,
122,24,iii,1,5.56072957589645,5.48583356890646,iii,1,5.56072957589645,5.48583356890646,
122,25,ii,2,4.30422373073332,5.2102968367464,ii,2,4.30422373073332,5.2102968367464,
122,26,iv,3,6.61056782473464,4.59530540743833,iv,3,6.61056782473464,4.59530540743833,
122,27,I,2,5.22845030610918,5.39107757838806,I,2,5.22845030610918,5.39107757838806,
,,,,,,,,,,
123,17,ii,3,4.02059214357369,4.78019409877054,ii,3,4.02059214357369,4.78019409877054,
123,18,I,3,5.30100554209393,4.11175173096645,I,3,5.30100554209393,4.11175173096645,
123,19,I,3,3.61519555536663,5.26279136418971,I,3,3.61519555536663,5.26279136418971,
123,20,ii,4,4.97573149675145,4.98511009623961,ii,4,4.97573149675145,4.98511009623961,
123,21,iio,4,5.70358242265872,4.78018068141118,iio,4,5.70358242265872,4.78018068141118,
123,22,ivo,4,7.19907070073294,4.49600943531414,VII+,4,7.27062396175797,4.49600943531414,0.0715532610250342
123,23,I,1,5.9648221672267,5.00732945813118,I,1,5.98773772576614,4.93442225529388,
123,24,iii,1,5.56072957589645,5.48583356890646,iii,1,5.56072957589645,5.48583356890646,
123,25,ii,2,4.30422373073332,5.2102968367464,ii,2,4.30422373073332,5.2102968367464,
123,26,iv,3,6.61056782473464,4.59530540743833,iv,3,6.61056782473464,4.59530540743833,
123,27,I,2,5.22845030610918,5.39107757838806,I,2,5.22845030610918,5.39107757838806,
,,,,,,,,,,
124,17,ii,3,4.02059214357369,4.78019409877054,ii,3,4.02059214357369,4.78019409877054,
124,18,I,3,5.30100554209393,4.11175173096645,I,3,5.30100554209393,4.11175173096645,
124,19,I,3,3.61519555536663,5.26279136418971,I,3,3.61519555536663,5.26279136418971,
124,20,ii,4,4.97573149675145,4.98511009623961,ii,4,4.97573149675145,4.98511009623961,
124,21,iio,4,5.70358242265872,4.78018068141118,iio,4,5.70358242265872,4.78018068141118,
124,22,ivo,4,7.19907070073294,4.49600943531414,#IV+,4,7.27062396175797,4.49600943531414,0.0715532610250342
124,23,I,1,5.9648221672267,5.00732945813118,I,1,5.97656412341533,5.11607970255406,
124,24,iii,1,5.56072957589645,5.48583356890646,iii,1,5.56072957589645,5.48583356890646,
124,25,ii,2,4.30422373073332,5.2102968367464,ii,2,4.30422373073332,5.2102968367464,
124,26,iv,3,6.61056782473464,4.59530540743833,iv,3,6.61056782473464,4.59530540743833,
124,27,I,2,5.22845030610918,5.39107757838806,I,2,5.22845030610918,5.39107757838806,
,,,,,,,,,,
125,17,ii,3,4.02059214357369,4.78019409877054,ii,3,4.02059214357369,4.78019409877054,
125,18,I,3,5.30100554209393,4.11175173096645,I,3,5.30100554209393,4.11175173096645,
125,19,I,3,3.61519555536663,5.26279136418971,I,3,3.61519555536663,5.26279136418971,
125,20,ii,4,4.97573149675145,4.98511009623961,ii,4,4.97573149675145,4.98511009623961,
125,21,iio,4,5.70358242265872,4.78018068141118,iio,4,5.70358242265872,4.78018068141118,
125,22,ivo,4,7.19907070073294,4.49600943531414,-IV,4,7.27062396175797,4.49600943531414,0.0715532610250342
125,23,I,1,5.9648221672267,5.00732945813118,I,1,5.98679014278239,4.93353358240942,
125,24,iii,1,5.56072957589645,5.48583356890646,iii,1,5.56072957589645,5.48583356890646,
125,25,ii,2,4.30422373073332,5.2102968367464,ii,2,4.30422373073332,5.2102968367464,
125,26,iv,3,6.61056782473464,4.59530540743833,iv,3,6.61056782473464,4.59530540743833,
125,27,I,2,5.22845030610918,5.39107757838806,I,2,5.22845030610918,5.39107757838806,
,,,,,,,,,,
126,17,ii,3,4.02059214357369,4.78019409877054,ii,3,4.02059214357369,4.78019409877054,
126,18,I,3,5.30100554209393,4.11175173096645,I,3,5.30100554209393,4.11175173096645,
126,19,I,3,3.61519555536663,5.26279136418971,I,3,3.61519555536663,5.26279136418971,
126,20,ii,4,4.97573149675145,4.98511009623961,ii,4,4.97573149675145,4.98511009623961,
126,21,iio,4,5.70358242265872,4.78018068141118,iio,4,5.70358242265872,4.78018068141118,
126,22,ivo,4,7.19907070073294,4.49600943531414,-VII+,4,7.27062396175797,4.49600943531414,0.0715532610250342
126,23,I,1,5.9648221672267,5.00732945813118,I,1,5.98679014278239,4.93353358240942,
126,24,iii,1,5.56072957589645,5.48583356890646,iii,1,5.56072957589645,5.48583356890646,
126,25,ii,2,4.30422373073332,5.2102968367464,ii,2,4.30422373073332,5.2102968367464,
126,26,iv,3,6.61056782473464,4.59530540743833,iv,3,6.61056782473464,4.59530540743833,
126,27,I,2,5.22845030610918,5.39107757838806,I,2,5.22845030610918,5.39107757838806,
,,,,,,,,,,
127,17,ii,3,4.02059214357369,4.78019409877054,ii,3,4.02059214357369,4.78019409877054,
127,18,I,3,5.30100554209393,4.11175173096645,I,3,5.30100554209393,4.11175173096645,
127,19,I,3,3.61519555536663,5.26279136418971,I,3,3.61519555536663,5.26279136418971,
127,20,ii,4,4.97573149675145,4.98511009623961,ii,4,4.97573149675145,4.98511009623961,
127,21,iio,4,5.70358242265872,4.78018068141118,iio,4,5.70358242265872,4.78018068141118,
127,22,ivo,4,7.19907070073294,4.49600943531414,#v,4,7.27062396175797,4.49600943531414,0.0715532610250342
127,23,I,1,5.9648221672267,5.00732945813118,I,1,2.9670925280599,5.12081830025556,
127,24,iii,1,5.56072957589645,5.48583356890646,iii,2,5.77007390597814,5.20286502930812,
127,25,ii,2,4.30422373073332,5.2102968367464,ii,2,4.30422373073332,5.2102968367464,
127,26,iv,3,6.61056782473464,4.59530540743833,iv,3,6.61056782473464,4.59530540743833,
127,27,I,2,5.22845030610918,5.39107757838806,I,2,5.22845030610918,5.39107757838806,
,,,,,,,,,,
128,17,ii,3,4.02059214357369,4.78019409877054,ii,3,4.02059214357369,4.78019409877054,
128,18,I,3,5.30100554209393,4.11175173096645,I,3,5.30100554209393,4.11175173096645,
128,19,I,3,3.61519555536663,5.26279136418971,I,3,3.61519555536663,5.26279136418971,
128,20,ii,4,4.97573149675145,4.98511009623961,ii,4,4.97573149675145,4.98511009623961,
128,21,iio,4,5.70358242265872,4.78018068141118,iio,4,5.70358242265872,4.78018068141118,
128,22,ivo,4,7.19907070073294,4.49600943531414,IV+,4,7.27062396175797,4.49600943531414,0.0715532610250342
128,23,I,1,5.9648221672267,5.00732945813118,I,1,5.98465580272549,4.9317022619635,
128,24,iii,1,5.56072957589645,5.48583356890646,iii,1,5.56072957589645,5.48583356890646,
128,25,ii,2,4.30422373073332,5.2102968367464,ii,2,4.30422373073332,5.2102968367464,
128,26,iv,3,6.61056782473464,4.59530540743833,iv,3,6.61056782473464,4.59530540743833,
128,27,I,2,5.22845030610918,5.39107757838806,I,2,5.22845030610918,5.39107757838806,
,,,,,,,,,,
129,17,ii,3,4.02059214357369,4.78019409877054,ii,3,4.02059214357369,4.78019409877054,
129,18,I,3,5.30100554209393,4.11175173096645,I,3,5.30100554209393,4.11175173096645,
129,19,I,3,3.61519555536663,5.26279136418971,I,3,3.61519555536663,5.26279136418971,
129,20,ii,4,4.97573149675145,4.98511009623961,ii,4,4.97573149675145,4.98511009623961,
129,21,iio,4,5.70358242265872,4.78018068141118,iio,4,5.70358242265872,4.78018068141118,
129,22,ivo,4,7.19907070073294,4.49600943531414,-vo,4,7.27062396175797,4.49600943531414,0.0715532610250342
129,23,I,1,5.9648221672267,5.00732945813118,I,1,5.99104937348562,4.93793920465421,
129,24,iii,1,5.56072957589645,5.48583356890646,iii,1,5.56072957589645,5.48583356890646,
129,25,ii,2,4.30422373073332,5.2102968367464,ii,2,4.30422373073332,5.2102968367464,
129,26,iv,3,6.61056782473464,4.59530540743833,iv,3,6.61056782473464,4.59530540743833,
129,27,I,2,5.22845030610918,5.39107757838806,I,2,5.22845030610918,5.39107757838806,
,,,,,,,,,,
130,39,V+,5,7.29147279861136,4.41392892232638,V+,5,7.29147279861136,4.41392892232638,
130,40,I,2,1.09740982592607,3.77150238242375,I,2,1.09740982592607,3.77150238242375,
130,41,I,3,4.08334493433918,5.39099383253166,I,3,4.08334493433918,5.39099383253166,
130,42,ii,4,5.4657386054271,4.85152159349412,ii,4,5.4657386054271,4.85152159349412,
130,43,iio,3,5.41614323966244,5.1682105752859,iio,3,5.41614323966244,5.1682105752859,
130,44,ivo,4,7.19907070073294,4.49600943531414,-III+,4,7.27062396175797,4.49600943531414,0.0715532610250342
130,45,I,1,5.9648221672267,5.00732945813118,I,1,5.98394365378093,4.93114048768596,
130,46,iii,1,5.56072957589645,5.48583356890646,iii,1,5.56072957589645,5.48583356890646,
130,47,ii,2,4.30422373073332,5.2102968367464,ii,2,4.30422373073332,5.2102968367464,
130,48,iv,3,6.61056782473464,4.59530540743833,iv,3,6.61056782473464,4.59530540743833,
130,49,I,2,5.22845030610918,5.39107757838806,I,2,5.22845030610918,5.39107757838806,
,,,,,,,,,,
131,39,V+,5,7.29147279861136,4.41392892232638,V+,5,7.29147279861136,4.41392892232638,
131,40,I,2,1.09740982592607,3.77150238242375,I,2,1.09740982592607,3.77150238242375,
131,41,I,3,4.08334493433918,5.39099383253166,I,3,4.08334493433918,5.39099383253166,
131,42,ii,4,5.4657386054271,4.85152159349412,ii,4,5.4657386054271,4.85152159349412,
131,43,iio,3,5.41614323966244,5.1682105752859,iio,3,5.41614323966244,5.1682105752859,
131,44,ivo,4,7.19907070073294,4.49600943531414,VII+,4,7.27062396175797,4.49600943531414,0.0715532610250342
131,45,I,1,5.9648221672267,5.00732945813118,I,1,5.98773772576614,4.93442225529388,
131,46,iii,1,5.56072957589645,5.48583356890646,iii,1,5.56072957589645,5.48583356890646,
131,47,ii,2,4.30422373073332,5.2102968367464,ii,2,4.30422373073332,5.2102968367464,
131,48,iv,3,6.61056782473464,4.59530540743833,iv,3,6.61056782473464,4.59530540743833,
131,49,I,2,5.22845030610918,5.39107757838806,I,2,5.22845030610918,5.39107757838806,
,,,,,,,,,,
132,39,V+,5,7.29147279861136,4.41392892232638,V+,5,7.29147279861136,4.41392892232638,
132,40,I,2,1.09740982592607,3.77150238242375,I,2,1.09740982592607,3.77150238242375,
132,41,I,3,4.08334493433918,5.39099383253166,I,3,4.08334493433918,5.39099383253166,
132,42,ii,4,5.4657386054271,4.85152159349412,ii,4,5.4657386054271,4.85152159349412,
132,43,iio,3,5.41614323966244,5.1682105752859,iio,3,5.41614323966244,5.1682105752859,
132,44,ivo,4,7.19907070073294,4.49600943531414,#IV+,4,7.27062396175797,4.49600943531414,0.0715532610250342
132,45,I,1,5.9648221672267,5.00732945813118,I,1,5.97656412341533,5.11607970255406,
132,46,iii,1,5.56072957589645,5.48583356890646,iii,1,5.56072957589645,5.48583356890646,
132,47,ii,2,4.30422373073332,5.2102968367464,ii,2,4.30422373073332,5.2102968367464,
132,48,iv,3,6.61056782473464,4.59530540743833,iv,3,6.61056782473464,4.59530540743833,
132,49,I,2,5.22845030610918,5.39107757838806,I,2,5.22845030610918,5.39107757838806,
,,,,,,,,,,
133,39,V+,5,7.29147279861136,4.41392892232638,V+,5,7.29147279861136,4.41392892232638,
133,40,I,2,1.09740982592607,3.77150238242375,I,2,1.09740982592607,3.77150238242375,
133,41,I,3,4.08334493433918,5.39099383253166,I,3,4.08334493433918,5.39099383253166,
133,42,ii,4,5.4657386054271,4.85152159349412,ii,4,5.4657386054271,4.85152159349412,
133,43,iio,3,5.41614323966244,5.1682105752859,iio,3,5.41614323966244,5.1682105752859,
133,44,ivo,4,7.19907070073294,4.49600943531414,-IV,4,7.27062396175797,4.49600943531414,0.0715532610250342
133,45,I,1,5.9648221672267,5.00732945813118,I,1,5.98679014278239,4.93353358240942,
133,46,iii,1,5.56072957589645,5.48583356890646,iii,1,5.56072957589645,5.48583356890646,
133,47,ii,2,4.30422373073332,5.2102968367464,ii,2,4.30422373073332,5.2102968367464,
133,48,iv,3,6.61056782473464,4.59530540743833,iv,3,6.61056782473464,4.59530540743833,
133,49,I,2,5.22845030610918,5.39107757838806,I,2,5.22845030610918,5.39107757838806,
,,,,,,,,,,
134,39,V+,5,7.29147279861136,4.41392892232638,V+,5,7.29147279861136,4.41392892232638,
134,40,I,2,1.09740982592607,3.77150238242375,I,2,1.09740982592607,3.77150238242375,
134,41,I,3,4.08334493433918,5.39099383253166,I,3,4.08334493433918,5.39099383253166,
134,42,ii,4,5.4657386054271,4.85152159349412,ii,4,5.4657386054271,4.85152159349412,
134,43,iio,3,5.41614323966244,5.1682105752859,iio,3,5.41614323966244,5.1682105752859,
134,44,ivo,4,7.19907070073294,4.49600943531414,-VII+,4,7.27062396175797,4.49600943531414,0.0715532610250342
134,45,I,1,5.9648221672267,5.00732945813118,I,1,5.98679014278239,4.93353358240942,
134,46,iii,1,5.56072957589645,5.48583356890646,iii,1,5.56072957589645,5.48583356890646,
134,47,ii,2,4.30422373073332,5.2102968367464,ii,2,4.30422373073332,5.2102968367464,
134,48,iv,3,6.61056782473464,4.59530540743833,iv,3,6.61056782473464,4.59530540743833,
134,49,I,2,5.22845030610918,5.39107757838806,I,2,5.22845030610918,5.39107757838806,
,,,,,,,,,,
135,39,V+,5,7.29147279861136,4.41392892232638,V+,5,7.29147279861136,4.41392892232638,
135,40,I,2,1.09740982592607,3.77150238242375,I,2,1.09740982592607,3.77150238242375,
135,41,I,3,4.08334493433918,5.39099383253166,I,3,4.08334493433918,5.39099383253166,
135,42,ii,4,5.4657386054271,4.85152159349412,ii,4,5.4657386054271,4.85152159349412,
135,43,iio,3,5.41614323966244,5.1682105752859,iio,3,5.41614323966244,5.1682105752859,
135,44,ivo,4,7.19907070073294,4.49600943531414,#v,4,7.27062396175797,4.49600943531414,0.0715532610250342
135,45,I,1,5.9648221672267,5.00732945813118,I,1,2.9670925280599,5.12081830025556,
135,46,iii,1,5.56072957589645,5.48583356890646,iii,2,5.77007390597814,5.20286502930812,
135,47,ii,2,4.30422373073332,5.2102968367464,ii,2,4.30422373073332,5.2102968367464,
135,48,iv,3,6.61056782473464,4.59530540743833,iv,3,6.61056782473464,4.59530540743833,
135,49,I,2,5.22845030610918,5.39107757838806,I,2,5.22845030610918,5.39107757838806,
,,,,,,,,,,
136,39,V+,5,7.29147279861136,4.41392892232638,V+,5,7.29147279861136,4.41392892232638,
136,40,I,2,1.09740982592607,3.77150238242375,I,2,1.09740982592607,3.77150238242375,
136,41,I,3,4.08334493433918,5.39099383253166,I,3,4.08334493433918,5.39099383253166,
136,42,ii,4,5.4657386054271,4.85152159349412,ii,4,5.4657386054271,4.85152159349412,
136,43,iio,3,5.41614323966244,5.1682105752859,iio,3,5.41614323966244,5.1682105752859,
136,44,ivo,4,7.19907070073294,4.49600943531414,IV+,4,7.27062396175797,4.49600943531414,0.0715532610250342
136,45,I,1,5.9648221672267,5.00732945813118,I,1,5.98465580272549,4.9317022619635,
136,46,iii,1,5.56072957589645,5.48583356890646,iii,1,5.56072957589645,5.48583356890646,
136,47,ii,2,4.30422373073332,5.2102968367464,ii,2,4.30422373073332,5.2102968367464,
136,48,iv,3,6.61056782473464,4.59530540743833,iv,3,6.61056782473464,4.59530540743833,
136,49,I,2,5.22845030610918,5.39107757838806,I,2,5.22845030610918,5.39107757838806,
,,,,,,,,,,
137,39,V+,5,7.29147279861136,4.41392892232638,V+,5,7.29147279861136,4.41392892232638,
137,40,I,2,1.09740982592607,3.77150238242375,I,2,1.09740982592607,3.77150238242375,
137,41,I,3,4.08334493433918,5.39099383253166,I,3,4.08334493433918,5.39099383253166,
137,42,ii,4,5.4657386054271,4.85152159349412,ii,4,5.4657386054271,4.85152159349412,
137,43,iio,3,5.41614323966244,5.1682105752859,iio,3,5.41614323966244,5.1682105752859,
137,44,ivo,4,7.19907070073294,4.49600943531414,-vo,4,7.27062396175797,4.49600943531414,0.0715532610250342
137,45,I,1,5.9648221672267,5.00732945813118,I,1,5.99104937348562,4.93793920465421,
137,46,iii,1,5.56072957589645,5.48583356890646,iii,1,5.56072957589645,5.48583356890646,
137,47,ii,2,4.30422373073332,5.2102968367464,ii,2,4.30422373073332,5.2102968367464,
137,48,iv,3,6.61056782473464,4.59530540743833,iv,3,6.61056782473464,4.59530540743833,
137,49,I,2,5.22845030610918,5.39107757838806,I,2,5.22845030610918,5.39107757838806,
,,,,,,,,,,
138,123,V,3,1.46437002493279,4.11175173096645,V,3,1.46437002493279,4.11175173096645,
138,124,I,4,2.1193053450094,4.65367391997823,I,4,2.1193053450094,4.65367391997823,
138,125,I,5,3.66143887007834,5.12339978879626,I,5,3.66143887007834,5.12339978879626,
138,126,ii,6,3.98548890506167,4.79669912801914,ii,6,3.98548890506167,4.79669912801914,
138,127,iio,6,6.48285996007011,3.84510036036354,iio,6,6.48285996007011,3.84510036036354,
138,128,ivo,4,7.19907070073294,4.49600943531414,-III+,4,7.27062396175797,4.49600943531414,0.0715532610250342
138,129,I,1,5.9648221672267,5.00732945813118,I,1,5.98394365378093,4.93114048768596,
138,130,iii,1,5.56072957589645,5.48583356890646,iii,1,5.56072957589645,5.48583356890646,
138,131,ii,2,4.30422373073332,5.2102968367464,ii,2,4.30422373073332,5.2102968367464,
138,132,iv,3,6.61056782473464,4.59530540743833,iv,3,6.61056782473464,4.59530540743833,
138,133,I,2,5.22845030610918,5.39107757838806,I,2,5.22845030610918,5.39107757838806,
,,,,,,,,,,
139,123,V,3,1.46437002493279,4.11175173096645,V,3,1.46437002493279,4.11175173096645,
139,124,I,4,2.1193053450094,4.65367391997823,I,4,2.1193053450094,4.65367391997823,
139,125,I,5,3.66143887007834,5.12339978879626,I,5,3.66143887007834,5.12339978879626,
139,126,ii,6,3.98548890506167,4.79669912801914,ii,6,3.98548890506167,4.79669912801914,
139,127,iio,6,6.48285996007011,3.84510036036354,iio,6,6.48285996007011,3.84510036036354,
139,128,ivo,4,7.19907070073294,4.49600943531414,VII+,4,7.27062396175797,4.49600943531414,0.0715532610250342
139,129,I,1,5.9648221672267,5.00732945813118,I,1,5.98773772576614,4.93442225529388,
139,130,iii,1,5.56072957589645,5.48583356890646,iii,1,5.56072957589645,5.48583356890646,
139,131,ii,2,4.30422373073332,5.2102968367464,ii,2,4.30422373073332,5.2102968367464,
139,132,iv,3,6.61056782473464,4.59530540743833,iv,3,6.61056782473464,4.59530540743833,
139,133,I,2,5.22845030610918,5.39107757838806,I,2,5.22845030610918,5.39107757838806,
,,,,,,,,,,
140,123,V,3,1.46437002493279,4.11175173096645,V,3,1.46437002493279,4.11175173096645,
140,124,I,4,2.1193053450094,4.65367391997823,I,4,2.1193053450094,4.65367391997823,
140,125,I,5,3.66143887007834,5.12339978879626,I,5,3.66143887007834,5.12339978879626,
140,126,ii,6,3.98548890506167,4.79669912801914,ii,6,3.98548890506167,4.79669912801914,
140,127,iio,6,6.48285996007011,3.84510036036354,iio,6,6.48285996007011,3.84510036036354,
140,128,ivo,4,7.19907070073294,4.49600943531414,#IV+,4,7.27062396175797,4.49600943531414,0.0715532610250342
140,129,I,1,5.9648221672267,5.00732945813118,I,1,5.97656412341533,5.11607970255406,
140,130,iii,1,5.56072957589645,5.48583356890646,iii,1,5.56072957589645,5.48583356890646,
140,131,ii,2,4.30422373073332,5.2102968367464,ii,2,4.30422373073332,5.2102968367464,
140,132,iv,3,6.61056782473464,4.59530540743833,iv,3,6.61056782473464,4.59530540743833,
140,133,I,2,5.22845030610918,5.39107757838806,I,2,5.22845030610918,5.39107757838806,
,,,,,,,,,,
141,123,V,3,1.46437002493279,4.11175173096645,V,3,1.46437002493279,4.11175173096645,
141,124,I,4,2.1193053450094,4.65367391997823,I,4,2.1193053450094,4.65367391997823,
141,125,I,5,3.66143887007834,5.12339978879626,I,5,3.66143887007834,5.12339978879626,
141,126,ii,6,3.98548890506167,4.79669912801914,ii,6,3.98548890506167,4.79669912801914,
141,127,iio,6,6.48285996007011,3.84510036036354,iio,6,6.48285996007011,3.84510036036354,
141,128,ivo,4,7.19907070073294,4.49600943531414,-IV,4,7.27062396175797,4.49600943531414,0.0715532610250342
141,129,I,1,5.9648221672267,5.00732945813118,I,1,5.98679014278239,4.93353358240942,
141,130,iii,1,5.56072957589645,5.48583356890646,iii,1,5.56072957589645,5.48583356890646,
141,131,ii,2,4.30422373073332,5.2102968367464,ii,2,4.30422373073332,5.2102968367464,
141,132,iv,3,6.61056782473464,4.59530540743833,iv,3,6.61056782473464,4.59530540743833,
141,133,I,2,5.22845030610918,5.39107757838806,I,2,5.22845030610918,5.39107757838806,
,,,,,,,,,,
142,123,V,3,1.46437002493279,4.11175173096645,V,3,1.46437002493279,4.11175173096645,
142,124,I,4,2.1193053450094,4.65367391997823,I,4,2.1193053450094,4.65367391997823,
142,125,I,5,3.66143887007834,5.12339978879626,I,5,3.66143887007834,5.12339978879626,
142,126,ii,6,3.98548890506167,4.79669912801914,ii,6,3.98548890506167,4.79669912801914,
142,127,iio,6,6.48285996007011,3.84510036036354,iio,6,6.48285996007011,3.84510036036354,
142,128,ivo,4,7.19907070073294,4.49600943531414,-VII+,4,7.27062396175797,4.49600943531414,0.0715532610250342
142,129,I,1,5.9648221672267,5.00732945813118,I,1,5.98679014278239,4.93353358240942,
142,130,iii,1,5.56072957589645,5.48583356890646,iii,1,5.56072957589645,5.48583356890646,
142,131,ii,2,4.30422373073332,5.2102968367464,ii,2,4.30422373073332,5.2102968367464,
142,132,iv,3,6.61056782473464,4.59530540743833,iv,3,6.61056782473464,4.59530540743833,
142,133,I,2,5.22845030610918,5.39107757838806,I,2,5.22845030610918,5.39107757838806,
,,,,,,,,,,
143,123,V,3,1.46437002493279,4.11175173096645,V,3,1.46437002493279,4.11175173096645,
143,124,I,4,2.1193053450094,4.65367391997823,I,4,2.1193053450094,4.65367391997823,
143,125,I,5,3.66143887007834,5.12339978879626,I,5,3.66143887007834,5.12339978879626,
143,126,ii,6,3.98548890506167,4.79669912801914,ii,6,3.98548890506167,4.79669912801914,
143,127,iio,6,6.48285996007011,3.84510036036354,iio,6,6.48285996007011,3.84510036036354,
143,128,ivo,4,7.19907070073294,4.49600943531414,#v,4,7.27062396175797,4.49600943531414,0.0715532610250342
143,129,I,1,5.9648221672267,5.00732945813118,I,1,2.9670925280599,5.12081830025556,
143,130,iii,1,5.56072957589645,5.48583356890646,iii,2,5.77007390597814,5.20286502930812,
143,131,ii,2,4.30422373073332,5.2102968367464,ii,2,4.30422373073332,5.2102968367464,
143,132,iv,3,6.61056782473464,4.59530540743833,iv,3,6.61056782473464,4.59530540743833,
143,133,I,2,5.22845030610918,5.39107757838806,I,2,5.22845030610918,5.39107757838806,
,,,,,,,,,,
144,123,V,3,1.46437002493279,4.11175173096645,V,3,1.46437002493279,4.11175173096645,
144,124,I,4,2.1193053450094,4.65367391997823,I,4,2.1193053450094,4.65367391997823,
144,125,I,5,3.66143887007834,5.12339978879626,I,5,3.66143887007834,5.12339978879626,
144,126,ii,6,3.98548890506167,4.79669912801914,ii,6,3.98548890506167,4.79669912801914,
144,127,iio,6,6.48285996007011,3.84510036036354,iio,6,6.48285996007011,3.84510036036354,
144,128,ivo,4,7.19907070073294,4.49600943531414,IV+,4,7.27062396175797,4.49600943531414,0.0715532610250342
144,129,I,1,5.9648221672267,5.00732945813118,I,1,5.98465580272549,4.9317022619635,
144,130,iii,1,5.56072957589645,5.48583356890646,iii,1,5.56072957589645,5.48583356890646,
144,131,ii,2,4.30422373073332,5.2102968367464,ii,2,4.30422373073332,5.2102968367464,
144,132,iv,3,6.61056782473464,4.59530540743833,iv,3,6.61056782473464,4.59530540743833,
144,133,I,2,5.22845030610918,5.39107757838806,I,2,5.22845030610918,5.39107757838806,
,,,,,,,,,,
145,123,V,3,1.46437002493279,4.11175173096645,V,3,1.46437002493279,4.11175173096645,
145,124,I,4,2.1193053450094,4.65367391997823,I,4,2.1193053450094,4.65367391997823,
145,125,I,5,3.66143887007834,5.12339978879626,I,5,3.66143887007834,5.12339978879626,
145,126,ii,6,3.98548890506167,4.79669912801914,ii,6,3.98548890506167,4.79669912801914,
145,127,iio,6,6.48285996007011,3.84510036036354,iio,6,6.48285996007011,3.84510036036354,
145,128,ivo,4,7.19907070073294,4.49600943531414,-vo,4,7.27062396175797,4.49600943531414,0.0715532610250342
145,129,I,1,5.9648221672267,5.00732945813118,I,1,5.99104937348562,4.93793920465421,
145,130,iii,1,5.56072957589645,5.48583356890646,iii,1,5.56072957589645,5.48583356890646,
145,131,ii,2,4.30422373073332,5.2102968367464,ii,2,4.30422373073332,5.2102968367464,
145,132,iv,3,6.61056782473464,4.59530540743833,iv,3,6.61056782473464,4.59530540743833,
145,133,I,2,5.22845030610918,5.39107757838806,I,2,5.22845030610918,5.39107757838806,
,,,,,,,,,,
146,10,ivo,5,7.47293317305342,3.98653930611749,ivo,5,7.47293317305342,3.98653930611749,
146,11,I,1,5.9648221672267,5.00732945813118,I,1,5.9648221672267,5.00732945813118,
146,12,iii,1,5.56072957589645,5.48583356890646,iii,1,5.56072957589645,5.48583356890646,
146,13,ii,2,4.30422373073332,5.2102968367464,ii,2,4.30422373073332,5.2102968367464,
146,14,iv,3,6.61056782473464,4.59530540743833,iv,3,6.61056782473464,4.59530540743833,
146,15,I,2,5.22845030610918,5.39107757838806,V,2,5.15527690335618,5.39107757838806,0.0731734027529987
146,16,VI,2,5.61895852317609,5.41437983856262,VI,2,6.00382392033554,5.27970610612978,
146,17,ii,3,4.02059214357369,4.78019409877054,ii,2,4.11803388970301,5.16894880638987,
146,18,I,3,5.30100554209393,4.11175173096645,I,3,4.9293582718243,4.77231806449979,
146,19,I,3,3.61519555536663,5.26279136418971,I,3,3.61519555536663,5.26279136418971,
146,20,ii,4,4.97573149675145,4.98511009623961,ii,4,4.97573149675145,4.98511009623961,
,,,,,,,,,,
147,22,ivo,4,7.19907070073294,4.49600943531414,ivo,4,7.19907070073294,4.49600943531414,
147,23,I,1,5.9648221672267,5.00732945813118,I,1,5.9648221672267,5.00732945813118,
147,24,iii,1,5.56072957589645,5.48583356890646,iii,1,5.56072957589645,5.48583356890646,
147,25,ii,2,4.30422373073332,5.2102968367464,ii,2,4.30422373073332,5.2102968367464,
147,26,iv,3,6.61056782473464,4.59530540743833,iv,3,6.61056782473464,4.59530540743833,
147,27,I,2,5.22845030610918,5.39107757838806,V,2,5.15527690335618,5.39107757838806,0.0731734027529987
147,28,VI,2,5.61895852317609,5.41437983856262,VI,2,6.00382392033554,5.27970610612978,
147,29,ii,3,4.02059214357369,4.78019409877054,ii,2,4.11803388970301,5.16894880638987,
147,30,V,3,1.46437002493279,4.11175173096645,V,3,3.69706419539604,4.77231806449979,
147,31,I,4,2.1193053450094,4.65367391997823,I,3,2.78699596551864,5.00959748580437,
147,32,ii,5,5.33892155587432,5.12339978879626,ii,4,5.14829350530952,5.30011217456123,
,,,,,,,,,,
148,44,ivo,4,7.19907070073294,4.49600943531414,ivo,4,7.19907070073294,4.49600943531414,
148,45,I,1,5.9648221672267,5.00732945813118,I,1,5.9648221672267,5.00732945813118,
148,46,iii,1,5.56072957589645,5.48583356890646,iii,1,5.56072957589645,5.48583356890646,
148,47,ii,2,4.30422373073332,5.2102968367464,ii,2,4.30422373073332,5.2102968367464,
148,48,iv,3,6.61056782473464,4.59530540743833,iv,3,6.61056782473464,4.59530540743833,
148,49,I,2,5.22845030610918,5.39107757838806,V,2,5.15527690335618,5.39107757838806,0.0731734027529987
148,50,VI,2,5.61895852317609,5.41437983856262,VI,2,6.00382392033554,5.27970610612978,
148,51,ii,3,4.02059214357369,4.78019409877054,ii,2,4.11803388970301,5.16894880638987,
148,52,I,3,5.30100554209393,4.11175173096645,I,3,4.9293582718243,4.77231806449979,
148,53,iii,3,3.93493748856126,5.26279136418971,iii,3,3.93493748856126,5.26279136418971,
148,54,ii,4,4.07953872296366,4.45979626823093,ii,4,4.07953872296366,4.45979626823093,
,,,,,,,,,,
149,51,ii,3,4.02059214357369,4.78019409877054,ii,3,4.02059214357369,4.78019409877054,
149,52,I,3,5.30100554209393,4.11175173096645,I,3,5.30100554209393,4.11175173096645,
149,53,iii,3,3.93493748856126,5.26279136418971,iii,3,3.93493748856126,5.26279136418971,
149,54,ii,4,4.07953872296366,4.45979626823093,ii,4,4.07953872296366,4.45979626823093,
149,55,iv,4,6.92416058187526,4.06456636606014,iv,4,6.92416058187526,4.06456636606014,
149,56,I,2,5.22845030610918,5.39107757838806,V,2,5.15527690335618,5.39107757838806,0.0731734027529987
149,57,VI,2,5.61895852317609,5.41437983856262,VI,2,6.00382392033554,5.27970610612978,
149,58,ii,3,4.02059214357369,4.78019409877054,ii,2,4.11803388970301,5.16894880638987,
149,59,I,3,5.30100554209393,4.11175173096645,I,3,4.9293582718243,4.77231806449979,
149,60,I,3,3.61519555536663,5.26279136418971,I,3,3.61519555536663,5.26279136418971,
149,61,I,4,2.30599221062608,4.98511009623961,I,4,2.30599221062608,4.98511009623961,
,,,,,,,,,,
150,108,ii,3,4.02059214357369,4.78019409877054,ii,3,4.02059214357369,4.78019409877054,
150,109,I,3,5.30100554209393,4.11175173096645,I,3,5.30100554209393,4.11175173096645,
150,110,iii,3,3.93493748856126,5.26279136418971,iii,3,3.93493748856126,5.26279136418971,
150,111,ii,4,4.07953872296366,4.45979626823093,ii,4,4.07953872296366,4.45979626823093,
150,112,iv,4,6.92416058187526,4.06456636606014,iv,4,6.92416058187526,4.06456636606014,
150,113,I,2,5.22845030610918,5.39107757838806,V,2,5.15527690335618,5.39107757838806,0.0731734027529987
150,114,VI,2,5.61895852317609,5.41437983856262,VI,2,6.00382392033554,5.27970610612978,
150,115,ii,3,4.02059214357369,4.78019409877054,ii,2,4.11803388970301,5.16894880638987,
150,116,I,3,5.30100554209393,4.11175173096645,I,3,4.9293582718243,4.77231806449979,
150,117,iii,3,3.93493748856126,5.26279136418971,iii,3,3.93493748856126,5.26279136418971,
150,118,ii,4,4.07953872296366,4.45979626823093,ii,4,4.07953872296366,4.45979626823093,
,,,,,,,,,,
151,115,ii,3,4.02059214357369,4.78019409877054,ii,3,4.02059214357369,4.78019409877054,
151,116,I,3,5.30100554209393,4.11175173096645,I,3,5.30100554209393,4.11175173096645,
151,117,iii,3,3.93493748856126,5.26279136418971,iii,3,3.93493748856126,5.26279136418971,
151,118,ii,4,4.07953872296366,4.45979626823093,ii,4,4.07953872296366,4.45979626823093,
151,119,iv,4,6.92416058187526,4.06456636606014,iv,4,6.92416058187526,4.06456636606014,
151,120,I,2,5.22845030610918,5.39107757838806,V,2,5.15527690335618,5.39107757838806,0.0731734027529987
151,121,VI,2,5.61895852317609,5.41437983856262,VI,2,6.00382392033554,5.27970610612978,
151,122,ii,3,4.02059214357369,4.78019409877054,ii,2,4.11803388970301,5.16894880638987,
151,123,V,3,1.46437002493279,4.11175173096645,V,3,3.69706419539604,4.77231806449979,
151,124,I,4,2.1193053450094,4.65367391997823,I,3,2.78699596551864,5.00959748580437,
151,125,I,5,3.66143887007834,5.12339978879626,I,4,3.78513284331386,5.30011217456123,
,,,,,,,,,,
152,164,ivo,4,7.19907070073294,4.49600943531414,ivo,4,7.19907070073294,4.49600943531414,
152,165,I,1,5.9648221672267,5.00732945813118,I,1,5.9648221672267,5.00732945813118,
152,166,iii,1,5.56072957589645,5.48583356890646,iii,1,5.56072957589645,5.48583356890646,
152,167,ii,2,4.30422373073332,5.2102968367464,ii,2,4.30422373073332,5.2102968367464,
152,168,iv,3,6.61056782473464,4.59530540743833,iv,3,6.61056782473464,4.59530540743833,
152,169,I,2,5.22845030610918,5.39107757838806,V,2,5.15527690335618,5.39107757838806,0.0731734027529987
152,170,VI,2,5.61895852317609,5.41437983856262,VI,2,6.00382392033554,5.27970610612978,
152,171,ii,3,4.02059214357369,4.78019409877054,ii,2,4.11803388970301,5.16894880638987,
152,172,r,3,3.82837874594247,4.11175173096645,r,3,3.45673147567284,4.77231806449979,
152,173,r,3,0.82018512474458,2.37945204906062,r,3,0.82018512474458,2.37945204906062,
,,,,,,,,,,
153,37,ii,6,5.52862278037792,4.59206419891618,ii,6,5.52862278037792,4.59206419891618,
153,38,V,5,3.35655626513595,3.58236633137624,V,5,3.35655626513595,3.58236633137624,
153,39,V+,5,7.29147279861136,4.41392892232638,V+,5,7.29147279861136,4.41392892232638,
153,40,I,2,1.09740982592607,3.77150238242375,I,2,1.09740982592607,3.77150238242375,
153,41,I,3,4.08334493433918,5.39099383253166,I,3,4.08334493433918,5.39099383253166,
153,42,ii,4,5.4657386054271,4.85152159349412,vi,4,5.54119275671291,4.85152159349412,0.0754541512858111
153,43,iio,3,5.41614323966244,5.1682105752859,iio,3,5.89531450639415,5.19593843936492,
153,44,ivo,4,7.19907070073294,4.49600943531414,ivo,4,6.84127519643087,4.96369965304341,
153,45,I,1,5.9648221672267,5.00732945813118,I,1,5.9648221672267,5.00732945813118,
153,46,iii,1,5.56072957589645,5.48583356890646,iii,1,5.56072957589645,5.48583356890646,
153,47,ii,2,4.30422373073332,5.2102968367464,ii,2,4.30422373073332,5.2102968367464,
,,,,,,,,,,
154,32,ii,5,5.33892155587432,5.12339978879626,ii,5,5.33892155587432,5.12339978879626,
154,33,V,4,3.15586066511273,4.85620005945786,V,4,3.15586066511273,4.85620005945786,
154,34,I,5,2.07070193296089,4.45148444544347,I,5,2.07070193296089,4.45148444544347,
154,35,V,6,3.70861221818802,4.81489004757467,V,6,3.70861221818802,4.81489004757467,
154,36,I,6,1.79652960846339,4.38028055643652,I,6,1.79652960846339,4.38028055643652,
154,37,ii,6,5.52862278037792,4.59206419891618,iv,6,5.61160111946881,4.59206419891618,0.0829783390908903
154,38,V,5,3.35655626513595,3.58236633137624,V,5,5.32870053638503,3.91877830189735,
154,39,V+,5,7.29147279861136,4.41392892232638,V+,4,7.32918921647164,3.97882568332475,
154,40,I,2,1.09740982592607,3.77150238242375,I,2,1.09740982592607,3.77150238242375,
154,41,I,3,4.08334493433918,5.39099383253166,I,3,4.08334493433918,5.39099383253166,
154,42,ii,4,5.4657386054271,4.85152159349412,ii,4,5.4657386054271,4.85152159349412,
,,,,,,,,,,
155,120,I,2,5.22845030610918,5.39107757838806,I,2,5.22845030610918,5.39107757838806,
155,121,VI,2,5.61895852317609,5.41437983856262,VI,2,5.61895852317609,5.41437983856262,
155,122,ii,3,4.02059214357369,4.78019409877054,ii,3,4.02059214357369,4.78019409877054,
155,123,V,3,1.46437002493279,4.11175173096645,V,3,1.46437002493279,4.11175173096645,
155,124,I,4,2.1193053450094,4.65367391997823,I,4,2.1193053450094,4.65367391997823,
155,125,I,5,3.66143887007834,5.12339978879626,VI,5,3.74950967500807,5.12339978879626,0.0880708049297261
155,126,ii,6,3.98548890506167,4.79669912801914,ii,6,1.65586486850338,3.74927268922514,
155,127,iio,6,6.48285996007011,3.84510036036354,iio,4,10.0478289254888,0.833793250894666,
155,128,ivo,4,7.19907070073294,4.49600943531414,ivo,2,6.8607465839899,5.00273122462739,
155,129,I,1,5.9648221672267,5.00732945813118,I,1,5.9648221672267,5.00732945813118,
155,130,iii,1,5.56072957589645,5.48583356890646,iii,1,5.56072957589645,5.48583356890646,
,,,,,,,,,,
156,34,I,5,2.07070193296089,4.45148444544347,I,5,2.07070193296089,4.45148444544347,
156,35,V,6,3.70861221818802,4.81489004757467,V,6,3.70861221818802,4.81489004757467,
156,36,I,6,1.79652960846339,4.38028055643652,I,6,1.79652960846339,4.38028055643652,
156,37,ii,6,5.52862278037792,4.59206419891618,ii,6,5.52862278037792,4.59206419891618,
156,38,V,5,3.35655626513595,3.58236633137624,V,5,3.35655626513595,3.58236633137624,
156,39,V+,5,7.29147279861136,4.41392892232638,-II,5,7.20173997945988,4.41392892232638,0.0897328191514806
156,40,I,2,1.09740982592607,3.77150238242375,I,2,2.95296670986997,5.07418825516151,
156,41,I,3,4.08334493433918,5.39099383253166,I,3,2.72486594580216,5.05237072052434,
156,42,ii,4,5.4657386054271,4.85152159349412,ii,4,4.79988270312377,4.87792056365216,
156,43,iio,3,5.41614323966244,5.1682105752859,iio,4,5.65049444632953,4.7837786489583,
156,44,ivo,4,7.19907070073294,4.49600943531414,ivo,4,7.19907070073294,4.49600943531414,
,,,,,,,,,,
157,5,I,4,1.57905589774719,4.43641306392646,I,4,1.57905589774719,4.43641306392646,
157,6,I,5,1.26112198919573,3.88581248296405,I,5,1.26112198919573,3.88581248296405,
157,7,I,6,1.88910591700517,4.6638081938372,I,6,1.88910591700517,4.6638081938372,
157,8,ii,7,4.69727563573775,4.53671184136733,ii,7,4.69727563573775,4.53671184136733,
157,9,iio,8,6.01817708772602,3.88904477062844,iio,8,6.01817708772602,3.88904477062844,
157,10,ivo,5,7.47293317305342,3.98653930611749,V+,5,7.38273536408184,3.98653930611749,0.0901978089715785
157,11,I,1,5.9648221672267,5.00732945813118,I,1,3.49295488397277,5.17890622809234,
157,12,iii,1,5.56072957589645,5.48583356890646,iii,2,5.84931209385183,5.26250787170587,
157,13,ii,2,4.30422373073332,5.2102968367464,ii,2,4.30422373073332,5.2102968367464,
157,14,iv,3,6.61056782473464,4.59530540743833,iv,3,6.61056782473464,4.59530540743833,
157,15,I,2,5.22845030610918,5.39107757838806,I,2,5.22845030610918,5.39107757838806,
,,,,,,,,,,
158,5,I,4,1.57905589774719,4.43641306392646,I,4,1.57905589774719,4.43641306392646,
158,6,I,5,1.26112198919573,3.88581248296405,I,5,1.26112198919573,3.88581248296405,
158,7,I,6,1.88910591700517,4.6638081938372,I,6,1.88910591700517,4.6638081938372,
158,8,ii,7,4.69727563573775,4.53671184136733,ii,7,4.69727563573775,4.53671184136733,
158,9,iio,8,6.01817708772602,3.88904477062844,iio,8,6.01817708772602,3.88904477062844,
158,10,ivo,5,7.47293317305342,3.98653930611749,#io,5,7.38273536408184,3.98653930611749,0.0901978089715785
158,11,I,1,5.9648221672267,5.00732945813118,I,1,6.30408508211788,4.94133597803982,
158,12,iii,1,5.56072957589645,5.48583356890646,iii,1,5.56072957589645,5.48583356890646,
158,13,ii,2,4.30422373073332,5.2102968367464,ii,2,4.30422373073332,5.2102968367464,
158,14,iv,3,6.61056782473464,4.59530540743833,iv,3,6.61056782473464,4.59530540743833,
158,15,I,2,5.22845030610918,5.39107757838806,I,2,5.22845030610918,5.39107757838806,
,,,,,,,,,,
159,5,I,4,1.57905589774719,4.43641306392646,I,4,1.57905589774719,4.43641306392646,
159,6,I,5,1.26112198919573,3.88581248296405,I,5,1.26112198919573,3.88581248296405,
159,7,I,6,1.88910591700517,4.6638081938372,I,6,1.88910591700517,4.6638081938372,
159,8,ii,7,4.69727563573775,4.53671184136733,ii,7,4.69727563573775,4.53671184136733,
159,9,iio,8,6.01817708772602,3.88904477062844,iio,8,6.01817708772602,3.88904477062844,
159,10,ivo,5,7.47293317305342,3.98653930611749,#ivo,5,7.38273536408184,3.98653930611749,0.0901978089715785
159,11,I,1,5.9648221672267,5.00732945813118,I,1,3.89458126497005,4.95299318763919,
159,12,iii,1,5.56072957589645,5.48583356890646,iii,2,5.8029058876548,5.28774885784457,
159,13,ii,2,4.30422373073332,5.2102968367464,ii,2,4.30422373073332,5.2102968367464,
159,14,iv,3,6.61056782473464,4.59530540743833,iv,3,6.61056782473464,4.59530540743833,
159,15,I,2,5.22845030610918,5.39107757838806,I,2,5.22845030610918,5.39107757838806,
,,,,,,,,,,
160,17,ii,3,4.02059214357369,4.78019409877054,ii,3,4.02059214357369,4.78019409877054,
160,18,I,3,5.30100554209393,4.11175173096645,I,3,5.30100554209393,4.11175173096645,
160,19,I,3,3.61519555536663,5.26279136418971,I,3,3.61519555536663,5.26279136418971,
160,20,ii,4,4.97573149675145,4.98511009623961,ii,4,4.97573149675145,4.98511009623961,
160,21,iio,4,5.70358242265872,4.78018068141118,iio,4,5.70358242265872,4.78018068141118,
160,22,ivo,4,7.19907070073294,4.49600943531414,V+,4,7.10887289176136,4.49600943531414,0.0901978089715785
160,23,I,1,5.9648221672267,5.00732945813118,I,1,3.49295488397277,5.17890622809234,
160,24,iii,1,5.56072957589645,5.48583356890646,iii,2,5.84931209385183,5.26250787170587,
160,25,ii,2,4.30422373073332,5.2102968367464,ii,2,4.30422373073332,5.2102968367464,
160,26,iv,3,6.61056782473464,4.59530540743833,iv,3,6.61056782473464,4.59530540743833,
160,27,I,2,5.22845030610918,5.39107757838806,I,2,5.22845030610918,5.39107757838806,
,,,,,,,,,,
161,17,ii,3,4.02059214357369,4.78019409877054,ii,3,4.02059214357369,4.78019409877054,
161,18,I,3,5.30100554209393,4.11175173096645,I,3,5.30100554209393,4.11175173096645,
161,19,I,3,3.61519555536663,5.26279136418971,I,3,3.61519555536663,5.26279136418971,
161,20,ii,4,4.97573149675145,4.98511009623961,ii,4,4.97573149675145,4.98511009623961,
161,21,iio,4,5.70358242265872,4.78018068141118,iio,4,5.70358242265872,4.78018068141118,
161,22,ivo,4,7.19907070073294,4.49600943531414,#io,4,7.10887289176136,4.49600943531414,0.0901978089715785
161,23,I,1,5.9648221672267,5.00732945813118,I,1,6.30408508211788,4.94133597803982,
161,24,iii,1,5.56072957589645,5.48583356890646,iii,1,5.56072957589645,5.48583356890646,
161,25,ii,2,4.30422373073332,5.2102968367464,ii,2,4.30422373073332,5.2102968367464,
161,26,iv,3,6.61056782473464,4.59530540743833,iv,3,6.61056782473464,4.59530540743833,
161,27,I,2,5.22845030610918,5.39107757838806,I,2,5.22845030610918,5.39107757838806,
,,,,,,,,,,
162,17,ii,3,4.02059214357369,4.78019409877054,ii,3,4.02059214357369,4.78019409877054,
162,18,I,3,5.30100554209393,4.11175173096645,I,3,5.30100554209393,4.11175173096645,
162,19,I,3,3.61519555536663,5.26279136418971,I,3,3.61519555536663,5.26279136418971,
162,20,ii,4,4.97573149675145,4.98511009623961,ii,4,4.97573149675145,4.98511009623961,
162,21,iio,4,5.70358242265872,4.78018068141118,iio,4,5.70358242265872,4.78018068141118,
162,22,ivo,4,7.19907070073294,4.49600943531414,#ivo,4,7.10887289176136,4.49600943531414,0.0901978089715785
162,23,I,1,5.9648221672267,5.00732945813118,I,1,3.89458126497005,4.95299318763919,
162,24,iii,1,5.56072957589645,5.48583356890646,iii,2,5.8029058876548,5.28774885784457,
162,25,ii,2,4.30422373073332,5.2102968367464,ii,2,4.30422373073332,5.2102968367464,
162,26,iv,3,6.61056782473464,4.59530540743833,iv,3,6.61056782473464,4.59530540743833,
162,27,I,2,5.22845030610918,5.39107757838806,I,2,5.22845030610918,5.39107757838806,
,,,,,,,,,,
163,39,V+,5,7.29147279861136,4.41392892232638,V+,5,7.29147279861136,4.41392892232638,
163,40,I,2,1.09740982592607,3.77150238242375,I,2,1.09740982592607,3.77150238242375,
163,41,I,3,4.08334493433918,5.39099383253166,I,3,4.08334493433918,5.39099383253166,
163,42,ii,4,5.4657386054271,4.85152159349412,ii,4,5.4657386054271,4.85152159349412,
163,43,iio,3,5.41614323966244,5.1682105752859,iio,3,5.41614323966244,5.1682105752859,
163,44,ivo,4,7.19907070073294,4.49600943531414,V+,4,7.10887289176136,4.49600943531414,0.0901978089715785
163,45,I,1,5.9648221672267,5.00732945813118,I,1,3.49295488397277,5.17890622809234,
163,46,iii,1,5.56072957589645,5.48583356890646,iii,2,5.84931209385183,5.26250787170587,
163,47,ii,2,4.30422373073332,5.2102968367464,ii,2,4.30422373073332,5.2102968367464,
163,48,iv,3,6.61056782473464,4.59530540743833,iv,3,6.61056782473464,4.59530540743833,
163,49,I,2,5.22845030610918,5.39107757838806,I,2,5.22845030610918,5.39107757838806,
,,,,,,,,,,
164,39,V+,5,7.29147279861136,4.41392892232638,V+,5,7.29147279861136,4.41392892232638,
164,40,I,2,1.09740982592607,3.77150238242375,I,2,1.09740982592607,3.77150238242375,
164,41,I,3,4.08334493433918,5.39099383253166,I,3,4.08334493433918,5.39099383253166,
164,42,ii,4,5.4657386054271,4.85152159349412,ii,4,5.4657386054271,4.85152159349412,
164,43,iio,3,5.41614323966244,5.1682105752859,iio,3,5.41614323966244,5.1682105752859,
164,44,ivo,4,7.19907070073294,4.49600943531414,#io,4,7.10887289176136,4.49600943531414,0.0901978089715785
164,45,I,1,5.9648221672267,5.00732945813118,I,1,6.30408508211788,4.94133597803982,
164,46,iii,1,5.56072957589645,5.48583356890646,iii,1,5.56072957589645,5.48583356890646,
164,47,ii,2,4.30422373073332,5.2102968367464,ii,2,4.30422373073332,5.2102968367464,
164,48,iv,3,6.61056782473464,4.59530540743833,iv,3,6.61056782473464,4.59530540743833,
164,49,I,2,5.22845030610918,5.39107757838806,I,2,5.22845030610918,5.39107757838806,
,,,,,,,,,,
165,39,V+,5,7.29147279861136,4.41392892232638,V+,5,7.29147279861136,4.41392892232638,
165,40,I,2,1.09740982592607,3.77150238242375,I,2,1.09740982592607,3.77150238242375,
165,41,I,3,4.08334493433918,5.39099383253166,I,3,4.08334493433918,5.39099383253166,
165,42,ii,4,5.4657386054271,4.85152159349412,ii,4,5.4657386054271,4.85152159349412,
165,43,iio,3,5.41614323966244,5.1682105752859,iio,3,5.41614323966244,5.1682105752859,
165,44,ivo,4,7.19907070073294,4.49600943531414,#ivo,4,7.10887289176136,4.49600943531414,0.0901978089715785
165,45,I,1,5.9648221672267,5.00732945813118,I,1,3.89458126497005,4.95299318763919,
165,46,iii,1,5.56072957589645,5.48583356890646,iii,2,5.8029058876548,5.28774885784457,
165,47,ii,2,4.30422373073332,5.2102968367464,ii,2,4.30422373073332,5.2102968367464,
165,48,iv,3,6.61056782473464,4.59530540743833,iv,3,6.61056782473464,4.59530540743833,
165,49,I,2,5.22845030610918,5.39107757838806,I,2,5.22845030610918,5.39107757838806,
,,,,,,,,,,
166,123,V,3,1.46437002493279,4.11175173096645,V,3,1.46437002493279,4.11175173096645,
166,124,I,4,2.1193053450094,4.65367391997823,I,4,2.1193053450094,4.65367391997823,
166,125,I,5,3.66143887007834,5.12339978879626,I,5,3.66143887007834,5.12339978879626,
166,126,ii,6,3.98548890506167,4.79669912801914,ii,6,3.98548890506167,4.79669912801914,
166,127,iio,6,6.48285996007011,3.84510036036354,iio,6,6.48285996007011,3.84510036036354,
166,128,ivo,4,7.19907070073294,4.49600943531414,V+,4,7.10887289176136,4.49600943531414,0.0901978089715785
166,129,I,1,5.9648221672267,5.00732945813118,I,1,3.49295488397277,5.17890622809234,
166,130,iii,1,5.56072957589645,5.48583356890646,iii,2,5.84931209385183,5.26250787170587,
166,131,ii,2,4.30422373073332,5.2102968367464,ii,2,4.30422373073332,5.2102968367464,
166,132,iv,3,6.61056782473464,4.59530540743833,iv,3,6.61056782473464,4.59530540743833,
166,133,I,2,5.22845030610918,5.39107757838806,I,2,5.22845030610918,5.39107757838806,
,,,,,,,,,,
167,123,V,3,1.46437002493279,4.11175173096645,V,3,1.46437002493279,4.11175173096645,
167,124,I,4,2.1193053450094,4.65367391997823,I,4,2.1193053450094,4.65367391997823,
167,125,I,5,3.66143887007834,5.12339978879626,I,5,3.66143887007834,5.12339978879626,
167,126,ii,6,3.98548890506167,4.79669912801914,ii,6,3.98548890506167,4.79669912801914,
167,127,iio,6,6.48285996007011,3.84510036036354,iio,6,6.48285996007011,3.84510036036354,
167,128,ivo,4,7.19907070073294,4.49600943531414,#io,4,7.10887289176136,4.49600943531414,0.0901978089715785
167,129,I,1,5.9648221672267,5.00732945813118,I,1,6.30408508211788,4.94133597803982,
167,130,iii,1,5.56072957589645,5.48583356890646,iii,1,5.56072957589645,5.48583356890646,
167,131,ii,2,4.30422373073332,5.2102968367464,ii,2,4.30422373073332,5.2102968367464,
167,132,iv,3,6.61056782473464,4.59530540743833,iv,3,6.61056782473464,4.59530540743833,
167,133,I,2,5.22845030610918,5.39107757838806,I,2,5.22845030610918,5.39107757838806,
,,,,,,,,,,
168,123,V,3,1.46437002493279,4.11175173096645,V,3,1.46437002493279,4.11175173096645,
168,124,I,4,2.1193053450094,4.65367391997823,I,4,2.1193053450094,4.65367391997823,
168,125,I,5,3.66143887007834,5.12339978879626,I,5,3.66143887007834,5.12339978879626,
168,126,ii,6,3.98548890506167,4.79669912801914,ii,6,3.98548890506167,4.79669912801914,
168,127,iio,6,6.48285996007011,3.84510036036354,iio,6,6.48285996007011,3.84510036036354,
168,128,ivo,4,7.19907070073294,4.49600943531414,#ivo,4,7.10887289176136,4.49600943531414,0.0901978089715785
168,129,I,1,5.9648221672267,5.00732945813118,I,1,3.89458126497005,4.95299318763919,
168,130,iii,1,5.56072957589645,5.48583356890646,iii,2,5.8029058876548,5.28774885784457,
168,131,ii,2,4.30422373073332,5.2102968367464,ii,2,4.30422373073332,5.2102968367464,
168,132,iv,3,6.61056782473464,4.59530540743833,iv,3,6.61056782473464,4.59530540743833,
168,133,I,2,5.22845030610918,5.39107757838806,I,2,5.22845030610918,5.39107757838806,
,,,,,,,,,,
169,7,I,6,1.88910591700517,4.6638081938372,I,6,1.88910591700517,4.6638081938372,
169,8,ii,7,4.69727563573775,4.53671184136733,ii,7,4.69727563573775,4.53671184136733,
169,9,iio,8,6.01817708772602,3.88904477062844,iio,8,6.01817708772602,3.88904477062844,
169,10,ivo,5,7.47293317305342,3.98653930611749,ivo,5,7.47293317305342,3.98653930611749,
169,11,I,1,5.9648221672267,5.00732945813118,I,1,5.9648221672267,5.00732945813118,
169,12,iii,1,5.56072957589645,5.48583356890646,-III,1,5.65135245706936,5.48583356890646,0.0906228811729113
169,13,ii,2,4.30422373073332,5.2102968367464,ii,2,5.15184785499438,5.3833097893917,
169,14,iv,3,6.61056782473464,4.59530540743833,iv,3,5.59172579754106,5.02563512803721,
169,15,I,2,5.22845030610918,5.39107757838806,I,3,5.5246717564654,4.94323719494963,
169,16,VI,2,5.61895852317609,5.41437983856262,VI,2,5.61895852317609,5.41437983856262,
169,17,ii,3,4.02059214357369,4.78019409877054,ii,3,4.02059214357369,4.78019409877054,
,,,,,,,,,,
170,7,I,6,1.88910591700517,4.6638081938372,I,6,1.88910591700517,4.6638081938372,
170,8,ii,7,4.69727563573775,4.53671184136733,ii,7,4.69727563573775,4.53671184136733,
170,9,iio,8,6.01817708772602,3.88904477062844,iio,8,6.01817708772602,3.88904477062844,
170,10,ivo,5,7.47293317305342,3.98653930611749,ivo,5,7.47293317305342,3.98653930611749,
170,11,I,1,5.9648221672267,5.00732945813118,I,1,5.9648221672267,5.00732945813118,
170,12,iii,1,5.56072957589645,5.48583356890646,-VI,1,5.65135245706936,5.48583356890646,0.0906228811729113
170,13,ii,2,4.30422373073332,5.2102968367464,ii,2,5.73441792114328,5.30904492748723,
170,14,iv,3,6.61056782473464,4.59530540743833,iv,3,6.33812532241516,4.55620892536228,
170,15,I,2,5.22845030610918,5.39107757838806,I,2,5.22845030610918,5.39107757838806,
170,16,VI,2,5.61895852317609,5.41437983856262,VI,2,5.61895852317609,5.41437983856262,
170,17,ii,3,4.02059214357369,4.78019409877054,ii,3,4.02059214357369,4.78019409877054,
,,,,,,,,,,
171,3,I,2,2.20043919696274,4.79836332769965,I,2,2.20043919696274,4.79836332769965,
171,4,I,3,1.98081245834023,4.76160132448028,I,3,1.98081245834023,4.76160132448028,
171,5,I,4,1.57905589774719,4.43641306392646,I,4,1.57905589774719,4.43641306392646,
171,6,I,5,1.26112198919573,3.88581248296405,I,5,1.26112198919573,3.88581248296405,
171,7,I,6,1.88910591700517,4.6638081938372,I,6,1.88910591700517,4.6638081938372,
171,8,ii,7,4.69727563573775,4.53671184136733,V,7,4.60545247218322,4.53671184136733,0.0918231635545323
171,9,iio,8,6.01817708772602,3.88904477062844,iio,8,7.96965252858303,4.16719497979014,
171,10,ivo,5,7.47293317305342,3.98653930611749,ivo,1,6.50185002306578,5.38583487242723,
171,11,I,1,5.9648221672267,5.00732945813118,I,1,5.9648221672267,5.00732945813118,
171,12,iii,1,5.56072957589645,5.48583356890646,iii,1,5.56072957589645,5.48583356890646,
171,13,ii,2,4.30422373073332,5.2102968367464,ii,2,4.30422373073332,5.2102968367464,
,,,,,,,,,,
172,34,I,5,2.07070193296089,4.45148444544347,I,5,2.07070193296089,4.45148444544347,
172,35,V,6,3.70861221818802,4.81489004757467,V,6,3.70861221818802,4.81489004757467,
172,36,I,6,1.79652960846339,4.38028055643652,I,6,1.79652960846339,4.38028055643652,
172,37,ii,6,5.52862278037792,4.59206419891618,ii,6,5.52862278037792,4.59206419891618,
172,38,V,5,3.35655626513595,3.58236633137624,V,5,3.35655626513595,3.58236633137624,
172,39,V+,5,7.29147279861136,4.41392892232638,vo,5,7.3860289738239,4.41392892232638,0.0945561752125395
172,40,I,2,1.09740982592607,3.77150238242375,I,2,3.02030698332036,4.06543106333268,
172,41,I,3,4.08334493433918,5.39099383253166,I,2,3.95857614652011,5.11685883915098,
172,42,ii,4,5.4657386054271,4.85152159349412,ii,3,5.23975903124849,5.2213910538637,
172,43,iio,3,5.41614323966244,5.1682105752859,iio,3,5.41614323966244,5.1682105752859,
172,44,ivo,4,7.19907070073294,4.49600943531414,ivo,4,7.19907070073294,4.49600943531414,
,,,,,,,,,,
173,120,I,2,5.22845030610918,5.39107757838806,I,2,5.22845030610918,5.39107757838806,
173,121,VI,2,5.61895852317609,5.41437983856262,VI,2,5.61895852317609,5.41437983856262,
173,122,ii,3,4.02059214357369,4.78019409877054,ii,3,4.02059214357369,4.78019409877054,
173,123,V,3,1.46437002493279,4.11175173096645,V,3,1.46437002493279,4.11175173096645,
173,124,I,4,2.1193053450094,4.65367391997823,I,4,2.1193053450094,4.65367391997823,
173,125,I,5,3.66143887007834,5.12339978879626,IV,5,3.56371653612529,5.12339978879626,0.0977223339530537
173,126,ii,6,3.98548890506167,4.79669912801914,ii,6,4.70718385840398,3.54260853266429,
173,127,iio,6,6.48285996007011,3.84510036036354,iio,5,7.39559047198924,4.21879986999853,
173,128,ivo,4,7.19907070073294,4.49600943531414,ivo,2,6.8607465839899,5.00273122462739,
173,129,I,1,5.9648221672267,5.00732945813118,I,1,5.9648221672267,5.00732945813118,
173,130,iii,1,5.56072957589645,5.48583356890646,iii,1,5.56072957589645,5.48583356890646,
,,,,,,,,,,
