"Comparison","Row","Orig_Symbol","Orig_Order","Orig_IC","Orig_Entropy","Swap_Symbol","Swap_Order","Swap_IC","Swap_Entropy","Distance"
1,123,"iv",2,2.30980388612362,4.33538518532882,"iv",2,2.30980388612362,4.33538518532882,
1,124,"V",2,5.37312611206469,4.16512928902508,"V",2,5.37312611206469,4.16512928902508,
1,125,"I",2,3.44583025183754,4.94092735012554,"I",2,3.44583025183754,4.94092735012554,
1,126,"IV",3,4.5923651709761,5.04957688059194,"IV",3,4.5923651709761,5.04957688059194,
1,127,"IV",4,3.97186902212528,4.40473316352327,"IV",4,3.97186902212528,4.40473316352327,
1,128,"I",4,3.32702484757016,4.69239742538466,"IV",4,3.32732938540854,4.69239742538466,0.0003045378383848
1,129,"I",5,2.66168090020326,4.39552480589729,"I",5,2.73000476355595,4.50341306866004,
1,130,"IV",6,3.16620395808311,4.73518921754187,"IV",6,2.46883135739507,4.23583147661919,
1,131,"IV",7,2.21075448089912,4.27189987083306,"IV",7,1.07718573149316,3.08206861072092,
1,132,"I",8,2.14956439540252,4.3900410632328,"I",6,3.96165527086299,1.97783826427221,
1,133,"I",9,2.71972171914787,4.14257514640315,"I",6,3.36008693176249,3.55447012209632,
,,,,,,,,,,
2,200,"iv",2,2.30980388612362,4.33538518532882,"iv",2,2.30980388612362,4.33538518532882,
2,201,"V",2,5.37312611206469,4.16512928902508,"V",2,5.37312611206469,4.16512928902508,
2,202,"I",2,3.44583025183754,4.94092735012554,"I",2,3.44583025183754,4.94092735012554,
2,203,"IV",3,4.5923651709761,5.04957688059194,"IV",3,4.5923651709761,5.04957688059194,
2,204,"IV",4,3.97186902212528,4.40473316352327,"IV",4,3.97186902212528,4.40473316352327,
2,205,"I",4,3.32702484757016,4.69239742538466,"IV",4,3.32732938540854,4.69239742538466,0.0003045378383848
2,206,"I",5,2.66168090020326,4.39552480589729,"I",5,2.73000476355595,4.50341306866004,
2,207,"IV",6,3.16620395808311,4.73518921754187,"IV",6,2.46883135739507,4.23583147661919,
2,208,"IV",7,2.21075448089912,4.27189987083306,"IV",7,1.07718573149316,3.08206861072092,
2,209,"I",8,2.14956439540252,4.3900410632328,"I",6,3.96165527086299,1.97783826427221,
2,210,"I",9,2.71972171914787,4.14257514640315,"I",6,3.36008693176249,3.55447012209632,
,,,,,,,,,,
3,16,"i",2,3.77011381407628,4.82712212086332,"i",2,3.77011381407628,4.82712212086332,
3,17,"iv",3,3.81366888136119,4.84677933644326,"iv",3,3.81366888136119,4.84677933644326,
3,18,"V",4,4.75505411265544,4.55449091793943,"V",4,4.75505411265544,4.55449091793943,
3,19,"i",4,3.43248367445652,3.94710272813741,"i",4,3.43248367445652,3.94710272813741,
3,20,"vio",4,7.81151532125387,3.93250580707735,"vio",4,7.81151532125387,3.93250580707735,
3,21,"iv",2,2.30980388612362,4.33538518532882,"-VII",2,2.31279590179818,4.33538518532882,0.00299201567455576
3,22,"V",2,5.37312611206469,4.16512928902508,"V",2,5.09881286290674,4.4957622247476,
3,23,"I",2,3.44583025183754,4.94092735012554,"I",2,3.16560675112669,4.77198276027617,
3,24,"i",3,5.72186089627526,5.04957688059194,"i",3,5.81737593999839,5.02500050263976,
3,25,"iv",3,4.72011675591629,4.68225593899732,"iv",3,4.72011675591629,4.68225593899732,
3,26,"V",3,4.66477891700184,4.73494275502223,"V",3,4.66477891700184,4.73494275502223,
,,,,,,,,,,
4,24,"i",3,5.72186089627526,5.04957688059194,"i",3,5.72186089627526,5.04957688059194,
4,25,"iv",3,4.72011675591629,4.68225593899732,"iv",3,4.72011675591629,4.68225593899732,
4,26,"V",3,4.66477891700184,4.73494275502223,"V",3,4.66477891700184,4.73494275502223,
4,27,"i",3,2.9944552693329,4.56296535832041,"i",3,2.9944552693329,4.56296535832041,
4,28,"vio",4,7.81151532125387,3.93250580707735,"vio",4,7.81151532125387,3.93250580707735,
4,29,"iv",2,2.30980388612362,4.33538518532882,"-VII",2,2.31279590179818,4.33538518532882,0.00299201567455576
4,30,"V",2,5.37312611206469,4.16512928902508,"V",2,5.09881286290674,4.4957622247476,
4,31,"I",2,3.44583025183754,4.94092735012554,"I",2,3.16560675112669,4.77198276027617,
4,32,"iv",3,5.41490126927062,5.04957688059194,"iv",3,4.08023019870129,5.02500050263976,
4,33,"iv",3,4.64156620559264,4.80233687276538,"iv",4,5.14316779794326,4.22097731253157,
4,34,"i",3,4.69228189134161,4.95099380360449,"i",3,4.69228189134161,4.95099380360449,
,,,,,,,,,,
5,63,"i",3,2.46910965864994,4.55134108689593,"i",3,2.46910965864994,4.55134108689593,
5,64,"iv",4,2.14682033944846,4.24802320940787,"iv",4,2.14682033944846,4.24802320940787,
5,65,"V",5,4.03136399146733,4.4192229958032,"V",5,4.03136399146733,4.4192229958032,
5,66,"i",4,2.29977292746901,4.08311294765072,"i",4,2.29977292746901,4.08311294765072,
5,67,"vio",5,7.5573452960294,4.26861610564278,"vio",5,7.5573452960294,4.26861610564278,
5,68,"iv",2,2.30980388612362,4.33538518532882,"-VII",2,2.31279590179818,4.33538518532882,0.00299201567455576
5,69,"V",2,5.37312611206469,4.16512928902508,"V",2,5.09881286290674,4.4957622247476,
5,70,"I",2,3.44583025183754,4.94092735012554,"I",2,3.16560675112669,4.77198276027617,
5,71,"i",3,5.72186089627526,5.04957688059194,"i",3,5.81737593999839,5.02500050263976,
5,72,"iv",3,4.72011675591629,4.68225593899732,"iv",3,4.72011675591629,4.68225593899732,
5,73,"V",3,4.66477891700184,4.73494275502223,"V",3,4.66477891700184,4.73494275502223,
,,,,,,,,,,
6,71,"i",3,5.72186089627526,5.04957688059194,"i",3,5.72186089627526,5.04957688059194,
6,72,"iv",3,4.72011675591629,4.68225593899732,"iv",3,4.72011675591629,4.68225593899732,
6,73,"V",3,4.66477891700184,4.73494275502223,"V",3,4.66477891700184,4.73494275502223,
6,74,"i",3,2.9944552693329,4.56296535832041,"i",3,2.9944552693329,4.56296535832041,
6,75,"vio",4,7.81151532125387,3.93250580707735,"vio",4,7.81151532125387,3.93250580707735,
6,76,"iv",2,2.30980388612362,4.33538518532882,"-VII",2,2.31279590179818,4.33538518532882,0.00299201567455576
6,77,"V",2,5.37312611206469,4.16512928902508,"V",2,5.09881286290674,4.4957622247476,
6,78,"I",2,3.44583025183754,4.94092735012554,"I",2,3.16560675112669,4.77198276027617,
6,79,"iv",3,5.41490126927062,5.04957688059194,"iv",3,4.08023019870129,5.02500050263976,
6,80,"iv",3,4.64156620559264,4.80233687276538,"iv",4,5.14316779794326,4.22097731253157,
6,81,"i",3,4.69228189134161,4.95099380360449,"i",3,4.69228189134161,4.95099380360449,
,,,,,,,,,,
7,110,"i",3,2.46910965864994,4.55134108689593,"i",3,2.46910965864994,4.55134108689593,
7,111,"iv",4,2.14682033944846,4.24802320940787,"iv",4,2.14682033944846,4.24802320940787,
7,112,"V",5,4.03136399146733,4.4192229958032,"V",5,4.03136399146733,4.4192229958032,
7,113,"i",4,2.29977292746901,4.08311294765072,"i",4,2.29977292746901,4.08311294765072,
7,114,"vio",5,7.5573452960294,4.26861610564278,"vio",5,7.5573452960294,4.26861610564278,
7,115,"iv",2,2.30980388612362,4.33538518532882,"-VII",2,2.31279590179818,4.33538518532882,0.00299201567455576
7,116,"V",2,5.37312611206469,4.16512928902508,"V",2,5.09881286290674,4.4957622247476,
7,117,"I",2,3.44583025183754,4.94092735012554,"I",2,3.16560675112669,4.77198276027617,
7,118,"i",3,5.72186089627526,5.04957688059194,"i",3,5.81737593999839,5.02500050263976,
7,119,"iv",3,4.72011675591629,4.68225593899732,"iv",3,4.72011675591629,4.68225593899732,
7,120,"V",3,4.66477891700184,4.73494275502223,"V",3,4.66477891700184,4.73494275502223,
,,,,,,,,,,
8,118,"i",3,5.72186089627526,5.04957688059194,"i",3,5.72186089627526,5.04957688059194,
8,119,"iv",3,4.72011675591629,4.68225593899732,"iv",3,4.72011675591629,4.68225593899732,
8,120,"V",3,4.66477891700184,4.73494275502223,"V",3,4.66477891700184,4.73494275502223,
8,121,"i",3,2.9944552693329,4.56296535832041,"i",3,2.9944552693329,4.56296535832041,
8,122,"vio",4,7.81151532125387,3.93250580707735,"vio",4,7.81151532125387,3.93250580707735,
8,123,"iv",2,2.30980388612362,4.33538518532882,"-VII",2,2.31279590179818,4.33538518532882,0.00299201567455576
8,124,"V",2,5.37312611206469,4.16512928902508,"V",2,5.09881286290674,4.4957622247476,
8,125,"I",2,3.44583025183754,4.94092735012554,"I",2,3.16560675112669,4.77198276027617,
8,126,"IV",3,4.5923651709761,5.04957688059194,"IV",3,4.34327942515551,5.02500050263976,
8,127,"IV",4,3.97186902212528,4.40473316352327,"IV",4,4.06775645093837,4.38451928609668,
8,128,"I",4,3.32702484757016,4.69239742538466,"I",4,3.32702484757016,4.69239742538466,
,,,,,,,,,,
9,187,"i",3,2.46910965864994,4.55134108689593,"i",3,2.46910965864994,4.55134108689593,
9,188,"iv",4,2.14682033944846,4.24802320940787,"iv",4,2.14682033944846,4.24802320940787,
9,189,"V",5,4.03136399146733,4.4192229958032,"V",5,4.03136399146733,4.4192229958032,
9,190,"i",4,2.29977292746901,4.08311294765072,"i",4,2.29977292746901,4.08311294765072,
9,191,"vio",5,7.5573452960294,4.26861610564278,"vio",5,7.5573452960294,4.26861610564278,
9,192,"iv",2,2.30980388612362,4.33538518532882,"-VII",2,2.31279590179818,4.33538518532882,0.00299201567455576
9,193,"V",2,5.37312611206469,4.16512928902508,"V",2,5.09881286290674,4.4957622247476,
9,194,"I",2,3.44583025183754,4.94092735012554,"I",2,3.16560675112669,4.77198276027617,
9,195,"i",3,5.72186089627526,5.04957688059194,"i",3,5.81737593999839,5.02500050263976,
9,196,"iv",3,4.72011675591629,4.68225593899732,"iv",3,4.72011675591629,4.68225593899732,
9,197,"V",3,4.66477891700184,4.73494275502223,"V",3,4.66477891700184,4.73494275502223,
,,,,,,,,,,
10,195,"i",3,5.72186089627526,5.04957688059194,"i",3,5.72186089627526,5.04957688059194,
10,196,"iv",3,4.72011675591629,4.68225593899732,"iv",3,4.72011675591629,4.68225593899732,
10,197,"V",3,4.66477891700184,4.73494275502223,"V",3,4.66477891700184,4.73494275502223,
10,198,"i",3,2.9944552693329,4.56296535832041,"i",3,2.9944552693329,4.56296535832041,
10,199,"vio",4,7.81151532125387,3.93250580707735,"vio",4,7.81151532125387,3.93250580707735,
10,200,"iv",2,2.30980388612362,4.33538518532882,"-VII",2,2.31279590179818,4.33538518532882,0.00299201567455576
10,201,"V",2,5.37312611206469,4.16512928902508,"V",2,5.09881286290674,4.4957622247476,
10,202,"I",2,3.44583025183754,4.94092735012554,"I",2,3.16560675112669,4.77198276027617,
10,203,"IV",3,4.5923651709761,5.04957688059194,"IV",3,4.34327942515551,5.02500050263976,
10,204,"IV",4,3.97186902212528,4.40473316352327,"IV",4,4.06775645093837,4.38451928609668,
10,205,"I",4,3.32702484757016,4.69239742538466,"I",4,3.32702484757016,4.69239742538466,
,,,,,,,,,,
11,244,"i",3,2.46910965864994,4.55134108689593,"i",3,2.46910965864994,4.55134108689593,
11,245,"iv",4,2.14682033944846,4.24802320940787,"iv",4,2.14682033944846,4.24802320940787,
11,246,"V",5,4.03136399146733,4.4192229958032,"V",5,4.03136399146733,4.4192229958032,
11,247,"i",4,2.29977292746901,4.08311294765072,"i",4,2.29977292746901,4.08311294765072,
11,248,"vio",5,7.5573452960294,4.26861610564278,"vio",5,7.5573452960294,4.26861610564278,
11,249,"iv",2,2.30980388612362,4.33538518532882,"-VII",2,2.31279590179818,4.33538518532882,0.00299201567455576
11,250,"V",2,5.37312611206469,4.16512928902508,"V",2,5.09881286290674,4.4957622247476,
11,251,"I",2,3.44583025183754,4.94092735012554,"I",2,3.16560675112669,4.77198276027617,
11,252,"i",3,5.72186089627526,5.04957688059194,"i",3,5.81737593999839,5.02500050263976,
11,253,"iv",3,4.72011675591629,4.68225593899732,"iv",3,4.72011675591629,4.68225593899732,
11,254,"V",3,4.66477891700184,4.73494275502223,"V",3,4.66477891700184,4.73494275502223,
,,,,,,,,,,
12,252,"i",3,5.72186089627526,5.04957688059194,"i",3,5.72186089627526,5.04957688059194,
12,253,"iv",3,4.72011675591629,4.68225593899732,"iv",3,4.72011675591629,4.68225593899732,
12,254,"V",3,4.66477891700184,4.73494275502223,"V",3,4.66477891700184,4.73494275502223,
12,255,"i",3,2.9944552693329,4.56296535832041,"i",3,2.9944552693329,4.56296535832041,
12,256,"vio",4,7.81151532125387,3.93250580707735,"vio",4,7.81151532125387,3.93250580707735,
12,257,"iv",2,2.30980388612362,4.33538518532882,"-VII",2,2.31279590179818,4.33538518532882,0.00299201567455576
12,258,"V",2,5.37312611206469,4.16512928902508,"V",2,5.09881286290674,4.4957622247476,
12,259,"I",2,3.44583025183754,4.94092735012554,"I",2,3.16560675112669,4.77198276027617,
12,260,"i",3,5.72186089627526,5.04957688059194,"i",3,5.81737593999839,5.02500050263976,
12,261,"iv",3,4.72011675591629,4.68225593899732,"iv",3,4.72011675591629,4.68225593899732,
12,262,"V",3,4.66477891700184,4.73494275502223,"V",3,4.66477891700184,4.73494275502223,
,,,,,,,,,,
13,260,"i",3,5.72186089627526,5.04957688059194,"i",3,5.72186089627526,5.04957688059194,
13,261,"iv",3,4.72011675591629,4.68225593899732,"iv",3,4.72011675591629,4.68225593899732,
13,262,"V",3,4.66477891700184,4.73494275502223,"V",3,4.66477891700184,4.73494275502223,
13,263,"i",3,2.9944552693329,4.56296535832041,"i",3,2.9944552693329,4.56296535832041,
13,264,"vio",4,7.81151532125387,3.93250580707735,"vio",4,7.81151532125387,3.93250580707735,
13,265,"iv",2,2.30980388612362,4.33538518532882,"-VII",2,2.31279590179818,4.33538518532882,0.00299201567455576
13,266,"V",2,5.37312611206469,4.16512928902508,"V",2,5.09881286290674,4.4957622247476,
13,267,"I",2,3.44583025183754,4.94092735012554,"I",2,3.16560675112669,4.77198276027617,
13,268,"i",3,5.72186089627526,5.04957688059194,"i",3,5.81737593999839,5.02500050263976,
13,269,"r",3,3.01090187863354,4.68225593899732,"r",3,3.01090187863354,4.68225593899732,
13,270,"r",2,1.58515932607388,3.34324272889087,"r",2,1.58515932607388,3.34324272889087,
,,,,,,,,,,
14,4,"i",3,4.75763584311266,4.59819904516938,"i",3,4.75763584311266,4.59819904516938,
14,5,"-VII",3,3.58756818339615,4.69646370619056,"-VII",3,3.58756818339615,4.69646370619056,
14,6,"I",4,4.87849803282559,4.68128530850886,"I",4,4.87849803282559,4.68128530850886,
14,7,"-VII",3,4.83094194542555,4.48759105381399,"-VII",3,4.83094194542555,4.48759105381399,
14,8,"i",3,6.35642775656608,4.03706536913297,"i",3,6.35642775656608,4.03706536913297,
14,9,"iv",2,4.10584648692634,4.82712212086332,"v",2,4.10145555322404,4.82712212086332,0.00439093370230204
14,10,"iv",3,5.05433816076318,4.54751829860294,"iv",3,2.98267580477548,4.50954771567328,
14,11,"i",3,3.98849768703304,4.94321863377923,"i",4,3.34713209214471,4.80911228904246,
14,12,"-VII",4,3.89568744456997,4.41021885638688,"-VII",4,4.34018903393602,3.1984083896886,
14,13,"I",4,4.87849803282559,4.68128530850886,"I",4,5.57957101225439,3.69659910851902,
14,14,"-VII",3,4.83094194542555,4.48759105381399,"-VII",3,4.83094194542555,4.48759105381399,
,,,,,,,,,,
15,144,"i",4,5.04899100129851,4.68275528329193,"i",4,5.04899100129851,4.68275528329193,
15,145,"-VII",3,3.58756818339615,4.69646370619056,"-VII",3,3.58756818339615,4.69646370619056,
15,146,"I",4,4.87849803282559,4.68128530850886,"I",4,4.87849803282559,4.68128530850886,
15,147,"-VII",3,4.83094194542555,4.48759105381399,"-VII",3,4.83094194542555,4.48759105381399,
15,148,"i",3,6.35642775656608,4.03706536913297,"i",3,6.35642775656608,4.03706536913297,
15,149,"iv",2,4.10584648692634,4.82712212086332,"v",2,4.10145555322404,4.82712212086332,0.00439093370230204
15,150,"iv",3,5.05433816076318,4.54751829860294,"iv",3,2.98267580477548,4.50954771567328,
15,151,"i",3,3.98849768703304,4.94321863377923,"i",4,3.34713209214471,4.80911228904246,
15,152,"-VII",4,3.89568744456997,4.41021885638688,"-VII",4,4.34018903393602,3.1984083896886,
15,153,"I",4,4.87849803282559,4.68128530850886,"I",4,5.57957101225439,3.69659910851902,
15,154,"-VII",3,4.83094194542555,4.48759105381399,"-VII",3,4.83094194542555,4.48759105381399,
,,,,,,,,,,
16,151,"i",3,3.98849768703304,4.94321863377923,"i",3,3.98849768703304,4.94321863377923,
16,152,"-VII",4,3.89568744456997,4.41021885638688,"-VII",4,3.89568744456997,4.41021885638688,
16,153,"I",4,4.87849803282559,4.68128530850886,"I",4,4.87849803282559,4.68128530850886,
16,154,"-VII",3,4.83094194542555,4.48759105381399,"-VII",3,4.83094194542555,4.48759105381399,
16,155,"i",3,6.35642775656608,4.03706536913297,"i",3,6.35642775656608,4.03706536913297,
16,156,"iv",2,4.10584648692634,4.82712212086332,"v",2,4.10145555322404,4.82712212086332,0.00439093370230204
16,157,"iv",3,5.05433816076318,4.54751829860294,"iv",3,2.98267580477548,4.50954771567328,
16,158,"i",3,3.98849768703304,4.94321863377923,"i",4,3.34713209214471,4.80911228904246,
16,159,"-VII",4,3.89568744456997,4.41021885638688,"-VII",4,4.34018903393602,3.1984083896886,
16,160,"I",4,4.87849803282559,4.68128530850886,"I",4,5.57957101225439,3.69659910851902,
16,161,"-VII",3,4.83094194542555,4.48759105381399,"-VII",3,4.83094194542555,4.48759105381399,
,,,,,,,,,,
17,19,"i",4,3.43248367445652,3.94710272813741,"i",4,3.43248367445652,3.94710272813741,
17,20,"vio",4,7.81151532125387,3.93250580707735,"vio",4,7.81151532125387,3.93250580707735,
17,21,"iv",2,2.30980388612362,4.33538518532882,"iv",2,2.30980388612362,4.33538518532882,
17,22,"V",2,5.37312611206469,4.16512928902508,"V",2,5.37312611206469,4.16512928902508,
17,23,"I",2,3.44583025183754,4.94092735012554,"I",2,3.44583025183754,4.94092735012554,
17,24,"i",3,5.72186089627526,5.04957688059194,"II",3,5.72625404314396,5.04957688059194,0.00439314686869263
17,25,"iv",3,4.72011675591629,4.68225593899732,"iv",3,6.80791214030364,4.47256592127507,
17,26,"V",3,4.66477891700184,4.73494275502223,"V",2,2.91883753621946,4.8522447784435,
17,27,"i",3,2.9944552693329,4.56296535832041,"i",3,4.33049572492124,4.35116460934559,
17,28,"vio",4,7.81151532125387,3.93250580707735,"vio",3,7.24861247822259,4.65268634511531,
17,29,"iv",2,2.30980388612362,4.33538518532882,"iv",2,2.30980388612362,4.33538518532882,
,,,,,,,,,,
18,66,"i",4,2.29977292746901,4.08311294765072,"i",4,2.29977292746901,4.08311294765072,
18,67,"vio",5,7.5573452960294,4.26861610564278,"vio",5,7.5573452960294,4.26861610564278,
18,68,"iv",2,2.30980388612362,4.33538518532882,"iv",2,2.30980388612362,4.33538518532882,
18,69,"V",2,5.37312611206469,4.16512928902508,"V",2,5.37312611206469,4.16512928902508,
18,70,"I",2,3.44583025183754,4.94092735012554,"I",2,3.44583025183754,4.94092735012554,
18,71,"i",3,5.72186089627526,5.04957688059194,"II",3,5.72625404314396,5.04957688059194,0.00439314686869263
18,72,"iv",3,4.72011675591629,4.68225593899732,"iv",3,6.80791214030364,4.47256592127507,
18,73,"V",3,4.66477891700184,4.73494275502223,"V",2,2.91883753621946,4.8522447784435,
18,74,"i",3,2.9944552693329,4.56296535832041,"i",3,4.33049572492124,4.35116460934559,
18,75,"vio",4,7.81151532125387,3.93250580707735,"vio",3,7.24861247822259,4.65268634511531,
18,76,"iv",2,2.30980388612362,4.33538518532882,"iv",2,2.30980388612362,4.33538518532882,
,,,,,,,,,,
19,113,"i",4,2.29977292746901,4.08311294765072,"i",4,2.29977292746901,4.08311294765072,
19,114,"vio",5,7.5573452960294,4.26861610564278,"vio",5,7.5573452960294,4.26861610564278,
19,115,"iv",2,2.30980388612362,4.33538518532882,"iv",2,2.30980388612362,4.33538518532882,
19,116,"V",2,5.37312611206469,4.16512928902508,"V",2,5.37312611206469,4.16512928902508,
19,117,"I",2,3.44583025183754,4.94092735012554,"I",2,3.44583025183754,4.94092735012554,
19,118,"i",3,5.72186089627526,5.04957688059194,"II",3,5.72625404314396,5.04957688059194,0.00439314686869263
19,119,"iv",3,4.72011675591629,4.68225593899732,"iv",3,6.80791214030364,4.47256592127507,
19,120,"V",3,4.66477891700184,4.73494275502223,"V",2,2.91883753621946,4.8522447784435,
19,121,"i",3,2.9944552693329,4.56296535832041,"i",3,4.33049572492124,4.35116460934559,
19,122,"vio",4,7.81151532125387,3.93250580707735,"vio",3,7.24861247822259,4.65268634511531,
19,123,"iv",2,2.30980388612362,4.33538518532882,"iv",2,2.30980388612362,4.33538518532882,
,,,,,,,,,,
20,190,"i",4,2.29977292746901,4.08311294765072,"i",4,2.29977292746901,4.08311294765072,
20,191,"vio",5,7.5573452960294,4.26861610564278,"vio",5,7.5573452960294,4.26861610564278,
20,192,"iv",2,2.30980388612362,4.33538518532882,"iv",2,2.30980388612362,4.33538518532882,
20,193,"V",2,5.37312611206469,4.16512928902508,"V",2,5.37312611206469,4.16512928902508,
20,194,"I",2,3.44583025183754,4.94092735012554,"I",2,3.44583025183754,4.94092735012554,
20,195,"i",3,5.72186089627526,5.04957688059194,"II",3,5.72625404314396,5.04957688059194,0.00439314686869263
20,196,"iv",3,4.72011675591629,4.68225593899732,"iv",3,6.80791214030364,4.47256592127507,
20,197,"V",3,4.66477891700184,4.73494275502223,"V",2,2.91883753621946,4.8522447784435,
20,198,"i",3,2.9944552693329,4.56296535832041,"i",3,4.33049572492124,4.35116460934559,
20,199,"vio",4,7.81151532125387,3.93250580707735,"vio",3,7.24861247822259,4.65268634511531,
20,200,"iv",2,2.30980388612362,4.33538518532882,"iv",2,2.30980388612362,4.33538518532882,
,,,,,,,,,,
21,247,"i",4,2.29977292746901,4.08311294765072,"i",4,2.29977292746901,4.08311294765072,
21,248,"vio",5,7.5573452960294,4.26861610564278,"vio",5,7.5573452960294,4.26861610564278,
21,249,"iv",2,2.30980388612362,4.33538518532882,"iv",2,2.30980388612362,4.33538518532882,
21,250,"V",2,5.37312611206469,4.16512928902508,"V",2,5.37312611206469,4.16512928902508,
21,251,"I",2,3.44583025183754,4.94092735012554,"I",2,3.44583025183754,4.94092735012554,
21,252,"i",3,5.72186089627526,5.04957688059194,"II",3,5.72625404314396,5.04957688059194,0.00439314686869263
21,253,"iv",3,4.72011675591629,4.68225593899732,"iv",3,6.80791214030364,4.47256592127507,
21,254,"V",3,4.66477891700184,4.73494275502223,"V",2,2.91883753621946,4.8522447784435,
21,255,"i",3,2.9944552693329,4.56296535832041,"i",3,4.33049572492124,4.35116460934559,
21,256,"vio",4,7.81151532125387,3.93250580707735,"vio",3,7.24861247822259,4.65268634511531,
21,257,"iv",2,2.30980388612362,4.33538518532882,"iv",2,2.30980388612362,4.33538518532882,
,,,,,,,,,,
22,255,"i",3,2.9944552693329,4.56296535832041,"i",3,2.9944552693329,4.56296535832041,
22,256,"vio",4,7.81151532125387,3.93250580707735,"vio",4,7.81151532125387,3.93250580707735,
22,257,"iv",2,2.30980388612362,4.33538518532882,"iv",2,2.30980388612362,4.33538518532882,
22,258,"V",2,5.37312611206469,4.16512928902508,"V",2,5.37312611206469,4.16512928902508,
22,259,"I",2,3.44583025183754,4.94092735012554,"I",2,3.44583025183754,4.94092735012554,
22,260,"i",3,5.72186089627526,5.04957688059194,"II",3,5.72625404314396,5.04957688059194,0.00439314686869263
22,261,"iv",3,4.72011675591629,4.68225593899732,"iv",3,6.80791214030364,4.47256592127507,
22,262,"V",3,4.66477891700184,4.73494275502223,"V",2,2.91883753621946,4.8522447784435,
22,263,"i",3,2.9944552693329,4.56296535832041,"i",3,4.33049572492124,4.35116460934559,
22,264,"vio",4,7.81151532125387,3.93250580707735,"vio",3,7.24861247822259,4.65268634511531,
22,265,"iv",2,2.30980388612362,4.33538518532882,"iv",2,2.30980388612362,4.33538518532882,
,,,,,,,,,,
23,263,"i",3,2.9944552693329,4.56296535832041,"i",3,2.9944552693329,4.56296535832041,
23,264,"vio",4,7.81151532125387,3.93250580707735,"vio",4,7.81151532125387,3.93250580707735,
23,265,"iv",2,2.30980388612362,4.33538518532882,"iv",2,2.30980388612362,4.33538518532882,
23,266,"V",2,5.37312611206469,4.16512928902508,"V",2,5.37312611206469,4.16512928902508,
23,267,"I",2,3.44583025183754,4.94092735012554,"I",2,3.44583025183754,4.94092735012554,
23,268,"i",3,5.72186089627526,5.04957688059194,"II",3,5.72625404314396,5.04957688059194,0.00439314686869263
23,269,"r",3,3.01090187863354,4.68225593899732,"r",3,2.93427562637793,4.47256592127507,
23,270,"r",2,1.58515932607388,3.34324272889087,"r",3,0.815391236488082,2.34383766854104,
,,,,,,,,,,
24,29,"iv",2,2.30980388612362,4.33538518532882,"iv",2,2.30980388612362,4.33538518532882,
24,30,"V",2,5.37312611206469,4.16512928902508,"V",2,5.37312611206469,4.16512928902508,
24,31,"I",2,3.44583025183754,4.94092735012554,"I",2,3.44583025183754,4.94092735012554,
24,32,"iv",3,5.41490126927062,5.04957688059194,"iv",3,5.41490126927062,5.04957688059194,
24,33,"iv",3,4.64156620559264,4.80233687276538,"iv",3,4.64156620559264,4.80233687276538,
24,34,"i",3,4.69228189134161,4.95099380360449,"V",3,4.67999536019178,4.95099380360449,0.012286531149833
24,35,"-VII",3,3.58756818339615,4.69646370619056,"-VII",3,6.02791937231606,4.25106579703242,
24,36,"I",4,4.87849803282559,4.68128530850886,"I",3,3.98699442192903,4.36555448472093,
24,37,"-VII",3,4.83094194542555,4.48759105381399,"-VII",3,3.71683886207664,4.8191318980324,
24,38,"I",3,2.19237144175324,4.03706536913297,"I",4,1.86203510749592,3.65919652784336,
24,39,"iv",4,5.7766450234513,4.66415506498153,"iv",5,5.98876258448497,4.35642740833754,
,,,,,,,,,,
25,36,"I",4,4.87849803282559,4.68128530850886,"I",4,4.87849803282559,4.68128530850886,
25,37,"-VII",3,4.83094194542555,4.48759105381399,"-VII",3,4.83094194542555,4.48759105381399,
25,38,"I",3,2.19237144175324,4.03706536913297,"I",3,2.19237144175324,4.03706536913297,
25,39,"iv",4,5.7766450234513,4.66415506498153,"iv",4,5.7766450234513,4.66415506498153,
25,40,"iv",3,4.69927081288307,4.71982213815348,"iv",3,4.69927081288307,4.71982213815348,
25,41,"i",3,4.69228189134161,4.95099380360449,"V",3,4.67999536019178,4.95099380360449,0.012286531149833
25,42,"-VII",3,3.58756818339615,4.69646370619056,"-VII",3,6.02791937231606,4.25106579703242,
25,43,"I",4,4.87849803282559,4.68128530850886,"I",3,3.98699442192903,4.36555448472093,
25,44,"-VII",3,4.83094194542555,4.48759105381399,"-VII",3,3.71683886207664,4.8191318980324,
25,45,"I",3,2.19237144175324,4.03706536913297,"I",4,1.86203510749592,3.65919652784336,
25,46,"iv",4,5.7766450234513,4.66415506498153,"iv",5,5.98876258448497,4.35642740833754,
,,,,,,,,,,
26,76,"iv",2,2.30980388612362,4.33538518532882,"iv",2,2.30980388612362,4.33538518532882,
26,77,"V",2,5.37312611206469,4.16512928902508,"V",2,5.37312611206469,4.16512928902508,
26,78,"I",2,3.44583025183754,4.94092735012554,"I",2,3.44583025183754,4.94092735012554,
26,79,"iv",3,5.41490126927062,5.04957688059194,"iv",3,5.41490126927062,5.04957688059194,
26,80,"iv",3,4.64156620559264,4.80233687276538,"iv",3,4.64156620559264,4.80233687276538,
26,81,"i",3,4.69228189134161,4.95099380360449,"V",3,4.67999536019178,4.95099380360449,0.012286531149833
26,82,"-VII",3,3.58756818339615,4.69646370619056,"-VII",3,6.02791937231606,4.25106579703242,
26,83,"I",4,4.87849803282559,4.68128530850886,"I",3,3.98699442192903,4.36555448472093,
26,84,"-VII",3,4.83094194542555,4.48759105381399,"-VII",3,3.71683886207664,4.8191318980324,
26,85,"I",3,2.19237144175324,4.03706536913297,"I",4,1.86203510749592,3.65919652784336,
26,86,"iv",4,5.7766450234513,4.66415506498153,"iv",5,5.98876258448497,4.35642740833754,
,,,,,,,,,,
27,83,"I",4,4.87849803282559,4.68128530850886,"I",4,4.87849803282559,4.68128530850886,
27,84,"-VII",3,4.83094194542555,4.48759105381399,"-VII",3,4.83094194542555,4.48759105381399,
27,85,"I",3,2.19237144175324,4.03706536913297,"I",3,2.19237144175324,4.03706536913297,
27,86,"iv",4,5.7766450234513,4.66415506498153,"iv",4,5.7766450234513,4.66415506498153,
27,87,"iv",3,4.69927081288307,4.71982213815348,"iv",3,4.69927081288307,4.71982213815348,
27,88,"i",3,4.69228189134161,4.95099380360449,"V",3,4.67999536019178,4.95099380360449,0.012286531149833
27,89,"-VII",3,3.58756818339615,4.69646370619056,"-VII",3,6.02791937231606,4.25106579703242,
27,90,"I",4,4.87849803282559,4.68128530850886,"I",3,3.98699442192903,4.36555448472093,
27,91,"-VII",3,4.83094194542555,4.48759105381399,"-VII",3,3.71683886207664,4.8191318980324,
27,92,"I",3,2.19237144175324,4.03706536913297,"I",4,1.86203510749592,3.65919652784336,
27,93,"iv",4,5.7766450234513,4.66415506498153,"iv",5,5.98876258448497,4.35642740833754,
,,,,,,,,,,
28,139,"-II+",0,6.71593189429401,5.10163169593222,"-II+",0,6.71593189429401,5.10163169593222,
28,140,"I",0,5.49353947295756,5.10163169593222,"I",0,5.49353947295756,5.10163169593222,
28,141,"I",1,4.59121477294879,5.1826745041452,"I",1,4.59121477294879,5.1826745041452,
28,142,"iv",2,5.03672053131097,5.15183653934212,"iv",2,5.03672053131097,5.15183653934212,
28,143,"iv",3,3.04595611286263,4.71989833609685,"iv",3,3.04595611286263,4.71989833609685,
28,144,"i",4,5.04899100129851,4.68275528329193,"V",4,5.03670447014867,4.68275528329193,0.012286531149833
28,145,"-VII",3,3.58756818339615,4.69646370619056,"-VII",3,6.02791937231606,4.25106579703242,
28,146,"I",4,4.87849803282559,4.68128530850886,"I",3,3.98699442192903,4.36555448472093,
28,147,"-VII",3,4.83094194542555,4.48759105381399,"-VII",3,3.71683886207664,4.8191318980324,
28,148,"i",3,6.35642775656608,4.03706536913297,"i",4,6.67870708300469,3.65919652784336,
28,149,"iv",2,4.10584648692634,4.82712212086332,"iv",2,4.10584648692634,4.82712212086332,
,,,,,,,,,,
29,160,"I",4,4.87849803282559,4.68128530850886,"I",4,4.87849803282559,4.68128530850886,
29,161,"-VII",3,4.83094194542555,4.48759105381399,"-VII",3,4.83094194542555,4.48759105381399,
29,162,"I",3,2.19237144175324,4.03706536913297,"I",3,2.19237144175324,4.03706536913297,
29,163,"iv",4,5.7766450234513,4.66415506498153,"iv",4,5.7766450234513,4.66415506498153,
29,164,"iv",3,4.69927081288307,4.71982213815348,"iv",3,4.69927081288307,4.71982213815348,
29,165,"i",3,4.69228189134161,4.95099380360449,"V",3,4.67999536019178,4.95099380360449,0.012286531149833
29,166,"-VII",3,3.58756818339615,4.69646370619056,"-VII",3,6.02791937231606,4.25106579703242,
29,167,"I",4,4.87849803282559,4.68128530850886,"I",3,3.98699442192903,4.36555448472093,
29,168,"-VII",3,4.83094194542555,4.48759105381399,"-VII",3,3.71683886207664,4.8191318980324,
29,169,"I",3,2.19237144175324,4.03706536913297,"I",4,1.86203510749592,3.65919652784336,
29,170,"iv",4,5.7766450234513,4.66415506498153,"iv",5,5.98876258448497,4.35642740833754,
,,,,,,,,,,
30,216,"-II+",0,6.71593189429401,5.10163169593222,"-II+",0,6.71593189429401,5.10163169593222,
30,217,"I",0,5.49353947295756,5.10163169593222,"I",0,5.49353947295756,5.10163169593222,
30,218,"I",1,4.59121477294879,5.1826745041452,"I",1,4.59121477294879,5.1826745041452,
30,219,"iv",2,5.03672053131097,5.15183653934212,"iv",2,5.03672053131097,5.15183653934212,
30,220,"iv",3,3.04595611286263,4.71989833609685,"iv",3,3.04595611286263,4.71989833609685,
30,221,"i",4,5.04899100129851,4.68275528329193,"V",4,5.03670447014867,4.68275528329193,0.012286531149833
30,222,"i",3,2.73113785491938,4.69646370619056,"i",3,4.56280961259581,4.25106579703242,
30,223,"iv",4,3.37549282943408,4.37563394860231,"iv",3,3.15542534451125,4.65268634511531,
30,224,"iv",5,1.98434396170342,4.13397125079366,"iv",4,5.22424383227868,4.44534034023424,
30,225,"i",6,2.68563639049407,4.34045132449631,"i",3,3.98849768703304,4.94321863377923,
30,226,"i",7,2.18243731443904,4.17247391450916,"i",4,2.33230302922639,4.41021885638688,
,,,,,,,,,,
31,218,"I",1,4.59121477294879,5.1826745041452,"I",1,4.59121477294879,5.1826745041452,
31,219,"iv",2,5.03672053131097,5.15183653934212,"iv",2,5.03672053131097,5.15183653934212,
31,220,"iv",3,3.04595611286263,4.71989833609685,"iv",3,3.04595611286263,4.71989833609685,
31,221,"i",4,5.04899100129851,4.68275528329193,"i",4,5.04899100129851,4.68275528329193,
31,222,"i",3,2.73113785491938,4.69646370619056,"i",3,2.73113785491938,4.69646370619056,
31,223,"iv",4,3.37549282943408,4.37563394860231,"-VII",4,3.39118247657713,4.37563394860231,0.0156896471430525
31,224,"iv",5,1.98434396170342,4.13397125079366,"iv",5,4.85665090553513,4.15155616957389,
31,225,"i",6,2.68563639049407,4.34045132449631,"i",4,5.37712379900348,4.03966078890882,
31,226,"i",7,2.18243731443904,4.17247391450916,"i",3,4.10549117078333,4.35031059486191,
31,227,"iv",8,1.84657847096343,3.58037665495631,"iv",3,3.94982656351364,4.74078760286442,
31,228,"-VII",8,7.52311223501137,0.915131110678904,"-VII",4,4.27600607849993,4.53918723063958,
,,,,,,,,,,
32,8,"i",3,6.35642775656608,4.03706536913297,"i",3,6.35642775656608,4.03706536913297,
32,9,"iv",2,4.10584648692634,4.82712212086332,"iv",2,4.10584648692634,4.82712212086332,
32,10,"iv",3,5.05433816076318,4.54751829860294,"iv",3,5.05433816076318,4.54751829860294,
32,11,"i",3,3.98849768703304,4.94321863377923,"i",3,3.98849768703304,4.94321863377923,
32,12,"-VII",4,3.89568744456997,4.41021885638688,"-VII",4,3.89568744456997,4.41021885638688,
32,13,"I",4,4.87849803282559,4.68128530850886,"-III",4,4.89685690858154,4.68128530850886,0.0183588757559514
32,14,"-VII",3,4.83094194542555,4.48759105381399,"-VII",3,2.96311281006669,4.73850381667933,
32,15,"i",3,6.35642775656608,4.03706536913297,"i",4,3.05523787112066,4.47727956140837,
32,16,"i",2,3.77011381407628,4.82712212086332,"i",5,3.47107706853518,4.1610139689727,
32,17,"iv",3,3.81366888136119,4.84677933644326,"iv",5,2.69628945616326,4.44056809444147,
32,18,"V",4,4.75505411265544,4.55449091793943,"V",6,5.2922170434668,3.89334108003115,
,,,,,,,,,,
33,31,"I",2,3.44583025183754,4.94092735012554,"I",2,3.44583025183754,4.94092735012554,
33,32,"iv",3,5.41490126927062,5.04957688059194,"iv",3,5.41490126927062,5.04957688059194,
33,33,"iv",3,4.64156620559264,4.80233687276538,"iv",3,4.64156620559264,4.80233687276538,
33,34,"i",3,4.69228189134161,4.95099380360449,"i",3,4.69228189134161,4.95099380360449,
33,35,"-VII",3,3.58756818339615,4.69646370619056,"-VII",3,3.58756818339615,4.69646370619056,
33,36,"I",4,4.87849803282559,4.68128530850886,"-III",4,4.89685690858154,4.68128530850886,0.0183588757559514
33,37,"-VII",3,4.83094194542555,4.48759105381399,"-VII",3,2.96311281006669,4.73850381667933,
33,38,"I",3,2.19237144175324,4.03706536913297,"I",4,3.63133095966991,4.47727956140837,
33,39,"iv",4,5.7766450234513,4.66415506498153,"iv",4,6.19223138592579,4.01873913340405,
33,40,"iv",3,4.69927081288307,4.71982213815348,"iv",3,4.69927081288307,4.71982213815348,
33,41,"i",3,4.69228189134161,4.95099380360449,"i",3,4.69228189134161,4.95099380360449,
,,,,,,,,,,
34,38,"I",3,2.19237144175324,4.03706536913297,"I",3,2.19237144175324,4.03706536913297,
34,39,"iv",4,5.7766450234513,4.66415506498153,"iv",4,5.7766450234513,4.66415506498153,
34,40,"iv",3,4.69927081288307,4.71982213815348,"iv",3,4.69927081288307,4.71982213815348,
34,41,"i",3,4.69228189134161,4.95099380360449,"i",3,4.69228189134161,4.95099380360449,
34,42,"-VII",3,3.58756818339615,4.69646370619056,"-VII",3,3.58756818339615,4.69646370619056,
34,43,"I",4,4.87849803282559,4.68128530850886,"-III",4,4.89685690858154,4.68128530850886,0.0183588757559514
34,44,"-VII",3,4.83094194542555,4.48759105381399,"-VII",3,2.96311281006669,4.73850381667933,
34,45,"I",3,2.19237144175324,4.03706536913297,"I",4,3.63133095966991,4.47727956140837,
34,46,"iv",4,5.7766450234513,4.66415506498153,"iv",4,6.19223138592579,4.01873913340405,
34,47,"-VII",3,3.53651337412809,4.71982213815348,"-VII",3,3.53651337412809,4.71982213815348,
34,48,"viio",4,8.27018065451634,3.31406944197232,"viio",4,8.27018065451634,3.31406944197232,
,,,,,,,,,,
35,78,"I",2,3.44583025183754,4.94092735012554,"I",2,3.44583025183754,4.94092735012554,
35,79,"iv",3,5.41490126927062,5.04957688059194,"iv",3,5.41490126927062,5.04957688059194,
35,80,"iv",3,4.64156620559264,4.80233687276538,"iv",3,4.64156620559264,4.80233687276538,
35,81,"i",3,4.69228189134161,4.95099380360449,"i",3,4.69228189134161,4.95099380360449,
35,82,"-VII",3,3.58756818339615,4.69646370619056,"-VII",3,3.58756818339615,4.69646370619056,
35,83,"I",4,4.87849803282559,4.68128530850886,"-III",4,4.89685690858154,4.68128530850886,0.0183588757559514
35,84,"-VII",3,4.83094194542555,4.48759105381399,"-VII",3,2.96311281006669,4.73850381667933,
35,85,"I",3,2.19237144175324,4.03706536913297,"I",4,3.63133095966991,4.47727956140837,
35,86,"iv",4,5.7766450234513,4.66415506498153,"iv",4,6.19223138592579,4.01873913340405,
35,87,"iv",3,4.69927081288307,4.71982213815348,"iv",3,4.69927081288307,4.71982213815348,
35,88,"i",3,4.69228189134161,4.95099380360449,"i",3,4.69228189134161,4.95099380360449,
,,,,,,,,,,
36,85,"I",3,2.19237144175324,4.03706536913297,"I",3,2.19237144175324,4.03706536913297,
36,86,"iv",4,5.7766450234513,4.66415506498153,"iv",4,5.7766450234513,4.66415506498153,
36,87,"iv",3,4.69927081288307,4.71982213815348,"iv",3,4.69927081288307,4.71982213815348,
36,88,"i",3,4.69228189134161,4.95099380360449,"i",3,4.69228189134161,4.95099380360449,
36,89,"-VII",3,3.58756818339615,4.69646370619056,"-VII",3,3.58756818339615,4.69646370619056,
36,90,"I",4,4.87849803282559,4.68128530850886,"-III",4,4.89685690858154,4.68128530850886,0.0183588757559514
36,91,"-VII",3,4.83094194542555,4.48759105381399,"-VII",3,2.96311281006669,4.73850381667933,
36,92,"I",3,2.19237144175324,4.03706536913297,"I",4,3.63133095966991,4.47727956140837,
36,93,"iv",4,5.7766450234513,4.66415506498153,"iv",4,6.19223138592579,4.01873913340405,
36,94,"-VII",3,3.53651337412809,4.71982213815348,"-VII",3,3.53651337412809,4.71982213815348,
36,95,"viio",4,8.27018065451634,3.31406944197232,"viio",4,8.27018065451634,3.31406944197232,
,,,,,,,,,,
37,141,"I",1,4.59121477294879,5.1826745041452,"I",1,4.59121477294879,5.1826745041452,
37,142,"iv",2,5.03672053131097,5.15183653934212,"iv",2,5.03672053131097,5.15183653934212,
37,143,"iv",3,3.04595611286263,4.71989833609685,"iv",3,3.04595611286263,4.71989833609685,
37,144,"i",4,5.04899100129851,4.68275528329193,"i",4,5.04899100129851,4.68275528329193,
37,145,"-VII",3,3.58756818339615,4.69646370619056,"-VII",3,3.58756818339615,4.69646370619056,
37,146,"I",4,4.87849803282559,4.68128530850886,"-III",4,4.89685690858154,4.68128530850886,0.0183588757559514
37,147,"-VII",3,4.83094194542555,4.48759105381399,"-VII",3,2.96311281006669,4.73850381667933,
37,148,"i",3,6.35642775656608,4.03706536913297,"i",4,3.05523787112066,4.47727956140837,
37,149,"iv",2,4.10584648692634,4.82712212086332,"iv",5,4.0768200655477,4.1610139689727,
37,150,"iv",3,5.05433816076318,4.54751829860294,"iv",4,6.22063394420424,2.73153604655248,
37,151,"i",3,3.98849768703304,4.94321863377923,"i",3,3.98849768703304,4.94321863377923,
,,,,,,,,,,
38,148,"i",3,6.35642775656608,4.03706536913297,"i",3,6.35642775656608,4.03706536913297,
38,149,"iv",2,4.10584648692634,4.82712212086332,"iv",2,4.10584648692634,4.82712212086332,
38,150,"iv",3,5.05433816076318,4.54751829860294,"iv",3,5.05433816076318,4.54751829860294,
38,151,"i",3,3.98849768703304,4.94321863377923,"i",3,3.98849768703304,4.94321863377923,
38,152,"-VII",4,3.89568744456997,4.41021885638688,"-VII",4,3.89568744456997,4.41021885638688,
38,153,"I",4,4.87849803282559,4.68128530850886,"-III",4,4.89685690858154,4.68128530850886,0.0183588757559514
38,154,"-VII",3,4.83094194542555,4.48759105381399,"-VII",3,2.96311281006669,4.73850381667933,
38,155,"i",3,6.35642775656608,4.03706536913297,"i",4,3.05523787112066,4.47727956140837,
38,156,"iv",2,4.10584648692634,4.82712212086332,"iv",5,4.0768200655477,4.1610139689727,
38,157,"iv",3,5.05433816076318,4.54751829860294,"iv",4,6.22063394420424,2.73153604655248,
38,158,"i",3,3.98849768703304,4.94321863377923,"i",3,3.98849768703304,4.94321863377923,
,,,,,,,,,,
39,155,"i",3,6.35642775656608,4.03706536913297,"i",3,6.35642775656608,4.03706536913297,
39,156,"iv",2,4.10584648692634,4.82712212086332,"iv",2,4.10584648692634,4.82712212086332,
39,157,"iv",3,5.05433816076318,4.54751829860294,"iv",3,5.05433816076318,4.54751829860294,
39,158,"i",3,3.98849768703304,4.94321863377923,"i",3,3.98849768703304,4.94321863377923,
39,159,"-VII",4,3.89568744456997,4.41021885638688,"-VII",4,3.89568744456997,4.41021885638688,
39,160,"I",4,4.87849803282559,4.68128530850886,"-III",4,4.89685690858154,4.68128530850886,0.0183588757559514
39,161,"-VII",3,4.83094194542555,4.48759105381399,"-VII",3,2.96311281006669,4.73850381667933,
39,162,"I",3,2.19237144175324,4.03706536913297,"I",4,3.63133095966991,4.47727956140837,
39,163,"iv",4,5.7766450234513,4.66415506498153,"iv",4,6.19223138592579,4.01873913340405,
39,164,"iv",3,4.69927081288307,4.71982213815348,"iv",3,4.69927081288307,4.71982213815348,
39,165,"i",3,4.69228189134161,4.95099380360449,"i",3,4.69228189134161,4.95099380360449,
,,,,,,,,,,
40,162,"I",3,2.19237144175324,4.03706536913297,"I",3,2.19237144175324,4.03706536913297,
40,163,"iv",4,5.7766450234513,4.66415506498153,"iv",4,5.7766450234513,4.66415506498153,
40,164,"iv",3,4.69927081288307,4.71982213815348,"iv",3,4.69927081288307,4.71982213815348,
40,165,"i",3,4.69228189134161,4.95099380360449,"i",3,4.69228189134161,4.95099380360449,
40,166,"-VII",3,3.58756818339615,4.69646370619056,"-VII",3,3.58756818339615,4.69646370619056,
40,167,"I",4,4.87849803282559,4.68128530850886,"-III",4,4.89685690858154,4.68128530850886,0.0183588757559514
40,168,"-VII",3,4.83094194542555,4.48759105381399,"-VII",3,2.96311281006669,4.73850381667933,
40,169,"I",3,2.19237144175324,4.03706536913297,"I",4,3.63133095966991,4.47727956140837,
40,170,"iv",4,5.7766450234513,4.66415506498153,"iv",4,6.19223138592579,4.01873913340405,
40,171,"-VII",3,3.53651337412809,4.71982213815348,"-VII",3,3.53651337412809,4.71982213815348,
40,172,"viio",4,8.27018065451634,3.31406944197232,"viio",4,8.27018065451634,3.31406944197232,
,,,,,,,,,,
41,19,"i",4,3.43248367445652,3.94710272813741,"i",4,3.43248367445652,3.94710272813741,
41,20,"vio",4,7.81151532125387,3.93250580707735,"vio",4,7.81151532125387,3.93250580707735,
41,21,"iv",2,2.30980388612362,4.33538518532882,"iv",2,2.30980388612362,4.33538518532882,
41,22,"V",2,5.37312611206469,4.16512928902508,"V",2,5.37312611206469,4.16512928902508,
41,23,"I",2,3.44583025183754,4.94092735012554,"I",2,3.44583025183754,4.94092735012554,
41,24,"i",3,5.72186089627526,5.04957688059194,"VI",3,5.70136429106267,5.04957688059194,0.0204966052125899
41,25,"iv",3,4.72011675591629,4.68225593899732,"iv",3,6.68757903501255,4.19619092327337,
41,26,"V",3,4.66477891700184,4.73494275502223,"V",2,5.06824142578294,4.8483545783063,
41,27,"i",3,2.9944552693329,4.56296535832041,"i",2,3.95627723301047,4.94092735012554,
41,28,"vio",4,7.81151532125387,3.93250580707735,"vio",3,7.24861247822259,4.65268634511531,
41,29,"iv",2,2.30980388612362,4.33538518532882,"iv",2,2.30980388612362,4.33538518532882,
,,,,,,,,,,
42,66,"i",4,2.29977292746901,4.08311294765072,"i",4,2.29977292746901,4.08311294765072,
42,67,"vio",5,7.5573452960294,4.26861610564278,"vio",5,7.5573452960294,4.26861610564278,
42,68,"iv",2,2.30980388612362,4.33538518532882,"iv",2,2.30980388612362,4.33538518532882,
42,69,"V",2,5.37312611206469,4.16512928902508,"V",2,5.37312611206469,4.16512928902508,
42,70,"I",2,3.44583025183754,4.94092735012554,"I",2,3.44583025183754,4.94092735012554,
42,71,"i",3,5.72186089627526,5.04957688059194,"VI",3,5.70136429106267,5.04957688059194,0.0204966052125899
42,72,"iv",3,4.72011675591629,4.68225593899732,"iv",3,6.68757903501255,4.19619092327337,
42,73,"V",3,4.66477891700184,4.73494275502223,"V",2,5.06824142578294,4.8483545783063,
42,74,"i",3,2.9944552693329,4.56296535832041,"i",2,3.95627723301047,4.94092735012554,
42,75,"vio",4,7.81151532125387,3.93250580707735,"vio",3,7.24861247822259,4.65268634511531,
42,76,"iv",2,2.30980388612362,4.33538518532882,"iv",2,2.30980388612362,4.33538518532882,
,,,,,,,,,,
43,113,"i",4,2.29977292746901,4.08311294765072,"i",4,2.29977292746901,4.08311294765072,
43,114,"vio",5,7.5573452960294,4.26861610564278,"vio",5,7.5573452960294,4.26861610564278,
43,115,"iv",2,2.30980388612362,4.33538518532882,"iv",2,2.30980388612362,4.33538518532882,
43,116,"V",2,5.37312611206469,4.16512928902508,"V",2,5.37312611206469,4.16512928902508,
43,117,"I",2,3.44583025183754,4.94092735012554,"I",2,3.44583025183754,4.94092735012554,
43,118,"i",3,5.72186089627526,5.04957688059194,"VI",3,5.70136429106267,5.04957688059194,0.0204966052125899
43,119,"iv",3,4.72011675591629,4.68225593899732,"iv",3,6.68757903501255,4.19619092327337,
43,120,"V",3,4.66477891700184,4.73494275502223,"V",2,5.06824142578294,4.8483545783063,
43,121,"i",3,2.9944552693329,4.56296535832041,"i",2,3.95627723301047,4.94092735012554,
43,122,"vio",4,7.81151532125387,3.93250580707735,"vio",3,7.24861247822259,4.65268634511531,
43,123,"iv",2,2.30980388612362,4.33538518532882,"iv",2,2.30980388612362,4.33538518532882,
,,,,,,,,,,
44,190,"i",4,2.29977292746901,4.08311294765072,"i",4,2.29977292746901,4.08311294765072,
44,191,"vio",5,7.5573452960294,4.26861610564278,"vio",5,7.5573452960294,4.26861610564278,
44,192,"iv",2,2.30980388612362,4.33538518532882,"iv",2,2.30980388612362,4.33538518532882,
44,193,"V",2,5.37312611206469,4.16512928902508,"V",2,5.37312611206469,4.16512928902508,
44,194,"I",2,3.44583025183754,4.94092735012554,"I",2,3.44583025183754,4.94092735012554,
44,195,"i",3,5.72186089627526,5.04957688059194,"VI",3,5.70136429106267,5.04957688059194,0.0204966052125899
44,196,"iv",3,4.72011675591629,4.68225593899732,"iv",3,6.68757903501255,4.19619092327337,
44,197,"V",3,4.66477891700184,4.73494275502223,"V",2,5.06824142578294,4.8483545783063,
44,198,"i",3,2.9944552693329,4.56296535832041,"i",2,3.95627723301047,4.94092735012554,
44,199,"vio",4,7.81151532125387,3.93250580707735,"vio",3,7.24861247822259,4.65268634511531,
44,200,"iv",2,2.30980388612362,4.33538518532882,"iv",2,2.30980388612362,4.33538518532882,
,,,,,,,,,,
45,247,"i",4,2.29977292746901,4.08311294765072,"i",4,2.29977292746901,4.08311294765072,
45,248,"vio",5,7.5573452960294,4.26861610564278,"vio",5,7.5573452960294,4.26861610564278,
45,249,"iv",2,2.30980388612362,4.33538518532882,"iv",2,2.30980388612362,4.33538518532882,
45,250,"V",2,5.37312611206469,4.16512928902508,"V",2,5.37312611206469,4.16512928902508,
45,251,"I",2,3.44583025183754,4.94092735012554,"I",2,3.44583025183754,4.94092735012554,
45,252,"i",3,5.72186089627526,5.04957688059194,"VI",3,5.70136429106267,5.04957688059194,0.0204966052125899
45,253,"iv",3,4.72011675591629,4.68225593899732,"iv",3,6.68757903501255,4.19619092327337,
45,254,"V",3,4.66477891700184,4.73494275502223,"V",2,5.06824142578294,4.8483545783063,
45,255,"i",3,2.9944552693329,4.56296535832041,"i",2,3.95627723301047,4.94092735012554,
45,256,"vio",4,7.81151532125387,3.93250580707735,"vio",3,7.24861247822259,4.65268634511531,
45,257,"iv",2,2.30980388612362,4.33538518532882,"iv",2,2.30980388612362,4.33538518532882,
,,,,,,,,,,
46,255,"i",3,2.9944552693329,4.56296535832041,"i",3,2.9944552693329,4.56296535832041,
46,256,"vio",4,7.81151532125387,3.93250580707735,"vio",4,7.81151532125387,3.93250580707735,
46,257,"iv",2,2.30980388612362,4.33538518532882,"iv",2,2.30980388612362,4.33538518532882,
46,258,"V",2,5.37312611206469,4.16512928902508,"V",2,5.37312611206469,4.16512928902508,
46,259,"I",2,3.44583025183754,4.94092735012554,"I",2,3.44583025183754,4.94092735012554,
46,260,"i",3,5.72186089627526,5.04957688059194,"VI",3,5.70136429106267,5.04957688059194,0.0204966052125899
46,261,"iv",3,4.72011675591629,4.68225593899732,"iv",3,6.68757903501255,4.19619092327337,
46,262,"V",3,4.66477891700184,4.73494275502223,"V",2,5.06824142578294,4.8483545783063,
46,263,"i",3,2.9944552693329,4.56296535832041,"i",2,3.95627723301047,4.94092735012554,
46,264,"vio",4,7.81151532125387,3.93250580707735,"vio",3,7.24861247822259,4.65268634511531,
46,265,"iv",2,2.30980388612362,4.33538518532882,"iv",2,2.30980388612362,4.33538518532882,
,,,,,,,,,,
47,263,"i",3,2.9944552693329,4.56296535832041,"i",3,2.9944552693329,4.56296535832041,
47,264,"vio",4,7.81151532125387,3.93250580707735,"vio",4,7.81151532125387,3.93250580707735,
47,265,"iv",2,2.30980388612362,4.33538518532882,"iv",2,2.30980388612362,4.33538518532882,
47,266,"V",2,5.37312611206469,4.16512928902508,"V",2,5.37312611206469,4.16512928902508,
47,267,"I",2,3.44583025183754,4.94092735012554,"I",2,3.44583025183754,4.94092735012554,
47,268,"i",3,5.72186089627526,5.04957688059194,"VI",3,5.70136429106267,5.04957688059194,0.0204966052125899
47,269,"r",3,3.01090187863354,4.68225593899732,"r",3,2.84148194930525,4.19619092327337,
47,270,"r",2,1.58515932607388,3.34324272889087,"r",3,0.761096932598023,2.33532893971506,
,,,,,,,,,,
48,17,"iv",3,3.81366888136119,4.84677933644326,"iv",3,3.81366888136119,4.84677933644326,
48,18,"V",4,4.75505411265544,4.55449091793943,"V",4,4.75505411265544,4.55449091793943,
48,19,"i",4,3.43248367445652,3.94710272813741,"i",4,3.43248367445652,3.94710272813741,
48,20,"vio",4,7.81151532125387,3.93250580707735,"vio",4,7.81151532125387,3.93250580707735,
48,21,"iv",2,2.30980388612362,4.33538518532882,"iv",2,2.30980388612362,4.33538518532882,
48,22,"V",2,5.37312611206469,4.16512928902508,"v",2,5.39372549222639,4.16512928902508,0.0205993801617064
48,23,"I",2,3.44583025183754,4.94092735012554,"I",2,3.90093808225542,4.81204521576954,
48,24,"i",3,5.72186089627526,5.04957688059194,"i",3,5.65565690240954,4.58907610202947,
48,25,"iv",3,4.72011675591629,4.68225593899732,"iv",3,4.79085840555537,4.57976000635801,
48,26,"V",3,4.66477891700184,4.73494275502223,"V",3,4.66477891700184,4.73494275502223,
48,27,"i",3,2.9944552693329,4.56296535832041,"i",3,2.9944552693329,4.56296535832041,
,,,,,,,,,,
49,25,"iv",3,4.72011675591629,4.68225593899732,"iv",3,4.72011675591629,4.68225593899732,
49,26,"V",3,4.66477891700184,4.73494275502223,"V",3,4.66477891700184,4.73494275502223,
49,27,"i",3,2.9944552693329,4.56296535832041,"i",3,2.9944552693329,4.56296535832041,
49,28,"vio",4,7.81151532125387,3.93250580707735,"vio",4,7.81151532125387,3.93250580707735,
49,29,"iv",2,2.30980388612362,4.33538518532882,"iv",2,2.30980388612362,4.33538518532882,
49,30,"V",2,5.37312611206469,4.16512928902508,"v",2,5.39372549222639,4.16512928902508,0.0205993801617064
49,31,"I",2,3.44583025183754,4.94092735012554,"I",2,3.90093808225542,4.81204521576954,
49,32,"iv",3,5.41490126927062,5.04957688059194,"iv",3,5.92505400872966,4.58907610202947,
49,33,"iv",3,4.64156620559264,4.80233687276538,"iv",3,2.91840181524248,4.73251945038459,
49,34,"i",3,4.69228189134161,4.95099380360449,"i",4,5.01620788717598,4.51596612746766,
49,35,"-VII",3,3.58756818339615,4.69646370619056,"-VII",3,3.58756818339615,4.69646370619056,
,,,,,,,,,,
50,64,"iv",4,2.14682033944846,4.24802320940787,"iv",4,2.14682033944846,4.24802320940787,
50,65,"V",5,4.03136399146733,4.4192229958032,"V",5,4.03136399146733,4.4192229958032,
50,66,"i",4,2.29977292746901,4.08311294765072,"i",4,2.29977292746901,4.08311294765072,
50,67,"vio",5,7.5573452960294,4.26861610564278,"vio",5,7.5573452960294,4.26861610564278,
50,68,"iv",2,2.30980388612362,4.33538518532882,"iv",2,2.30980388612362,4.33538518532882,
50,69,"V",2,5.37312611206469,4.16512928902508,"v",2,5.39372549222639,4.16512928902508,0.0205993801617064
50,70,"I",2,3.44583025183754,4.94092735012554,"I",2,3.90093808225542,4.81204521576954,
50,71,"i",3,5.72186089627526,5.04957688059194,"i",3,5.65565690240954,4.58907610202947,
50,72,"iv",3,4.72011675591629,4.68225593899732,"iv",3,4.79085840555537,4.57976000635801,
50,73,"V",3,4.66477891700184,4.73494275502223,"V",3,4.66477891700184,4.73494275502223,
50,74,"i",3,2.9944552693329,4.56296535832041,"i",3,2.9944552693329,4.56296535832041,
,,,,,,,,,,
51,72,"iv",3,4.72011675591629,4.68225593899732,"iv",3,4.72011675591629,4.68225593899732,
51,73,"V",3,4.66477891700184,4.73494275502223,"V",3,4.66477891700184,4.73494275502223,
51,74,"i",3,2.9944552693329,4.56296535832041,"i",3,2.9944552693329,4.56296535832041,
51,75,"vio",4,7.81151532125387,3.93250580707735,"vio",4,7.81151532125387,3.93250580707735,
51,76,"iv",2,2.30980388612362,4.33538518532882,"iv",2,2.30980388612362,4.33538518532882,
51,77,"V",2,5.37312611206469,4.16512928902508,"v",2,5.39372549222639,4.16512928902508,0.0205993801617064
51,78,"I",2,3.44583025183754,4.94092735012554,"I",2,3.90093808225542,4.81204521576954,
51,79,"iv",3,5.41490126927062,5.04957688059194,"iv",3,5.92505400872966,4.58907610202947,
51,80,"iv",3,4.64156620559264,4.80233687276538,"iv",3,2.91840181524248,4.73251945038459,
51,81,"i",3,4.69228189134161,4.95099380360449,"i",4,5.01620788717598,4.51596612746766,
51,82,"-VII",3,3.58756818339615,4.69646370619056,"-VII",3,3.58756818339615,4.69646370619056,
,,,,,,,,,,
52,111,"iv",4,2.14682033944846,4.24802320940787,"iv",4,2.14682033944846,4.24802320940787,
52,112,"V",5,4.03136399146733,4.4192229958032,"V",5,4.03136399146733,4.4192229958032,
52,113,"i",4,2.29977292746901,4.08311294765072,"i",4,2.29977292746901,4.08311294765072,
52,114,"vio",5,7.5573452960294,4.26861610564278,"vio",5,7.5573452960294,4.26861610564278,
52,115,"iv",2,2.30980388612362,4.33538518532882,"iv",2,2.30980388612362,4.33538518532882,
52,116,"V",2,5.37312611206469,4.16512928902508,"v",2,5.39372549222639,4.16512928902508,0.0205993801617064
52,117,"I",2,3.44583025183754,4.94092735012554,"I",2,3.90093808225542,4.81204521576954,
52,118,"i",3,5.72186089627526,5.04957688059194,"i",3,5.65565690240954,4.58907610202947,
52,119,"iv",3,4.72011675591629,4.68225593899732,"iv",3,4.79085840555537,4.57976000635801,
52,120,"V",3,4.66477891700184,4.73494275502223,"V",3,4.66477891700184,4.73494275502223,
52,121,"i",3,2.9944552693329,4.56296535832041,"i",3,2.9944552693329,4.56296535832041,
,,,,,,,,,,
53,119,"iv",3,4.72011675591629,4.68225593899732,"iv",3,4.72011675591629,4.68225593899732,
53,120,"V",3,4.66477891700184,4.73494275502223,"V",3,4.66477891700184,4.73494275502223,
53,121,"i",3,2.9944552693329,4.56296535832041,"i",3,2.9944552693329,4.56296535832041,
53,122,"vio",4,7.81151532125387,3.93250580707735,"vio",4,7.81151532125387,3.93250580707735,
53,123,"iv",2,2.30980388612362,4.33538518532882,"iv",2,2.30980388612362,4.33538518532882,
53,124,"V",2,5.37312611206469,4.16512928902508,"v",2,5.39372549222639,4.16512928902508,0.0205993801617064
53,125,"I",2,3.44583025183754,4.94092735012554,"I",2,3.90093808225542,4.81204521576954,
53,126,"IV",3,4.5923651709761,5.04957688059194,"IV",3,4.4256982141806,4.58907610202947,
53,127,"IV",4,3.97186902212528,4.40473316352327,"IV",3,4.07115344220822,4.93534071682213,
53,128,"I",4,3.32702484757016,4.69239742538466,"I",4,4.13527214465199,4.70783706272199,
53,129,"I",5,2.66168090020326,4.39552480589729,"I",4,3.01467925683505,4.68470932070428,
,,,,,,,,,,
54,188,"iv",4,2.14682033944846,4.24802320940787,"iv",4,2.14682033944846,4.24802320940787,
54,189,"V",5,4.03136399146733,4.4192229958032,"V",5,4.03136399146733,4.4192229958032,
54,190,"i",4,2.29977292746901,4.08311294765072,"i",4,2.29977292746901,4.08311294765072,
54,191,"vio",5,7.5573452960294,4.26861610564278,"vio",5,7.5573452960294,4.26861610564278,
54,192,"iv",2,2.30980388612362,4.33538518532882,"iv",2,2.30980388612362,4.33538518532882,
54,193,"V",2,5.37312611206469,4.16512928902508,"v",2,5.39372549222639,4.16512928902508,0.0205993801617064
54,194,"I",2,3.44583025183754,4.94092735012554,"I",2,3.90093808225542,4.81204521576954,
54,195,"i",3,5.72186089627526,5.04957688059194,"i",3,5.65565690240954,4.58907610202947,
54,196,"iv",3,4.72011675591629,4.68225593899732,"iv",3,4.79085840555537,4.57976000635801,
54,197,"V",3,4.66477891700184,4.73494275502223,"V",3,4.66477891700184,4.73494275502223,
54,198,"i",3,2.9944552693329,4.56296535832041,"i",3,2.9944552693329,4.56296535832041,
,,,,,,,,,,
55,196,"iv",3,4.72011675591629,4.68225593899732,"iv",3,4.72011675591629,4.68225593899732,
55,197,"V",3,4.66477891700184,4.73494275502223,"V",3,4.66477891700184,4.73494275502223,
55,198,"i",3,2.9944552693329,4.56296535832041,"i",3,2.9944552693329,4.56296535832041,
55,199,"vio",4,7.81151532125387,3.93250580707735,"vio",4,7.81151532125387,3.93250580707735,
55,200,"iv",2,2.30980388612362,4.33538518532882,"iv",2,2.30980388612362,4.33538518532882,
55,201,"V",2,5.37312611206469,4.16512928902508,"v",2,5.39372549222639,4.16512928902508,0.0205993801617064
55,202,"I",2,3.44583025183754,4.94092735012554,"I",2,3.90093808225542,4.81204521576954,
55,203,"IV",3,4.5923651709761,5.04957688059194,"IV",3,4.4256982141806,4.58907610202947,
55,204,"IV",4,3.97186902212528,4.40473316352327,"IV",3,4.07115344220822,4.93534071682213,
55,205,"I",4,3.32702484757016,4.69239742538466,"I",4,4.13527214465199,4.70783706272199,
55,206,"I",5,2.66168090020326,4.39552480589729,"I",4,3.01467925683505,4.68470932070428,
,,,,,,,,,,
56,245,"iv",4,2.14682033944846,4.24802320940787,"iv",4,2.14682033944846,4.24802320940787,
56,246,"V",5,4.03136399146733,4.4192229958032,"V",5,4.03136399146733,4.4192229958032,
56,247,"i",4,2.29977292746901,4.08311294765072,"i",4,2.29977292746901,4.08311294765072,
56,248,"vio",5,7.5573452960294,4.26861610564278,"vio",5,7.5573452960294,4.26861610564278,
56,249,"iv",2,2.30980388612362,4.33538518532882,"iv",2,2.30980388612362,4.33538518532882,
56,250,"V",2,5.37312611206469,4.16512928902508,"v",2,5.39372549222639,4.16512928902508,0.0205993801617064
56,251,"I",2,3.44583025183754,4.94092735012554,"I",2,3.90093808225542,4.81204521576954,
56,252,"i",3,5.72186089627526,5.04957688059194,"i",3,5.65565690240954,4.58907610202947,
56,253,"iv",3,4.72011675591629,4.68225593899732,"iv",3,4.79085840555537,4.57976000635801,
56,254,"V",3,4.66477891700184,4.73494275502223,"V",3,4.66477891700184,4.73494275502223,
56,255,"i",3,2.9944552693329,4.56296535832041,"i",3,2.9944552693329,4.56296535832041,
,,,,,,,,,,
57,253,"iv",3,4.72011675591629,4.68225593899732,"iv",3,4.72011675591629,4.68225593899732,
57,254,"V",3,4.66477891700184,4.73494275502223,"V",3,4.66477891700184,4.73494275502223,
57,255,"i",3,2.9944552693329,4.56296535832041,"i",3,2.9944552693329,4.56296535832041,
57,256,"vio",4,7.81151532125387,3.93250580707735,"vio",4,7.81151532125387,3.93250580707735,
57,257,"iv",2,2.30980388612362,4.33538518532882,"iv",2,2.30980388612362,4.33538518532882,
57,258,"V",2,5.37312611206469,4.16512928902508,"v",2,5.39372549222639,4.16512928902508,0.0205993801617064
57,259,"I",2,3.44583025183754,4.94092735012554,"I",2,3.90093808225542,4.81204521576954,
57,260,"i",3,5.72186089627526,5.04957688059194,"i",3,5.65565690240954,4.58907610202947,
57,261,"iv",3,4.72011675591629,4.68225593899732,"iv",3,4.79085840555537,4.57976000635801,
57,262,"V",3,4.66477891700184,4.73494275502223,"V",3,4.66477891700184,4.73494275502223,
57,263,"i",3,2.9944552693329,4.56296535832041,"i",3,2.9944552693329,4.56296535832041,
,,,,,,,,,,
58,261,"iv",3,4.72011675591629,4.68225593899732,"iv",3,4.72011675591629,4.68225593899732,
58,262,"V",3,4.66477891700184,4.73494275502223,"V",3,4.66477891700184,4.73494275502223,
58,263,"i",3,2.9944552693329,4.56296535832041,"i",3,2.9944552693329,4.56296535832041,
58,264,"vio",4,7.81151532125387,3.93250580707735,"vio",4,7.81151532125387,3.93250580707735,
58,265,"iv",2,2.30980388612362,4.33538518532882,"iv",2,2.30980388612362,4.33538518532882,
58,266,"V",2,5.37312611206469,4.16512928902508,"v",2,5.39372549222639,4.16512928902508,0.0205993801617064
58,267,"I",2,3.44583025183754,4.94092735012554,"I",2,3.90093808225542,4.81204521576954,
58,268,"i",3,5.72186089627526,5.04957688059194,"i",3,5.65565690240954,4.58907610202947,
58,269,"r",3,3.01090187863354,4.68225593899732,"r",3,3.08164352827262,4.57976000635801,
58,270,"r",2,1.58515932607388,3.34324272889087,"r",2,1.58515932607388,3.34324272889087,
,,,,,,,,,,
59,50,"i",2,4.76018227574531,4.57468533360787,"i",2,4.76018227574531,4.57468533360787,
59,51,"-VII",2,4.369756547924,5.00837089885223,"-VII",2,4.369756547924,5.00837089885223,
59,52,"-VI",3,3.51159507712138,4.48342280442325,"-VI",3,3.51159507712138,4.48342280442325,
59,53,"-III",4,3.8668329764547,4.2967467794104,"-III",4,3.8668329764547,4.2967467794104,
59,54,"IV",4,2.69632312993299,4.14689931681458,"IV",4,2.69632312993299,4.14689931681458,
59,55,"V",5,5.40635887851403,3.35773123977204,"v",5,5.42861813969835,3.35773123977204,0.0222592611843178
59,56,"V",3,3.55256776350706,4.8671759177184,"V",3,3.99627751379434,4.359044901848,
59,57,"i",4,4.63738250011686,4.63633731267907,"i",3,3.40626624956404,4.79964362369633,
59,58,"-VII",4,4.93830958391774,4.42604128541604,"-VII",4,4.43005549042025,4.34625908799512,
59,59,"-VI",3,2.88460431989947,4.70785830444697,"-VI",4,1.81455387200726,4.28482143555048,
59,60,"iv",4,4.05732485858446,4.25141719680528,"iv",5,4.43178044326519,3.72870093595567,
,,,,,,,,,,
60,97,"i",2,4.76018227574531,4.57468533360787,"i",2,4.76018227574531,4.57468533360787,
60,98,"-VII",2,4.369756547924,5.00837089885223,"-VII",2,4.369756547924,5.00837089885223,
60,99,"-VI",3,3.51159507712138,4.48342280442325,"-VI",3,3.51159507712138,4.48342280442325,
60,100,"-III",4,3.8668329764547,4.2967467794104,"-III",4,3.8668329764547,4.2967467794104,
60,101,"IV",4,2.69632312993299,4.14689931681458,"IV",4,2.69632312993299,4.14689931681458,
60,102,"V",5,5.40635887851403,3.35773123977204,"v",5,5.42861813969835,3.35773123977204,0.0222592611843178
60,103,"V",3,3.55256776350706,4.8671759177184,"V",3,3.99627751379434,4.359044901848,
60,104,"i",4,4.63738250011686,4.63633731267907,"i",3,3.40626624956404,4.79964362369633,
60,105,"-VII",4,4.93830958391774,4.42604128541604,"-VII",4,4.43005549042025,4.34625908799512,
60,106,"-VI",3,2.88460431989947,4.70785830444697,"-VI",4,1.81455387200726,4.28482143555048,
60,107,"iv",4,4.05732485858446,4.25141719680528,"iv",5,4.43178044326519,3.72870093595567,
,,,,,,,,,,
61,174,"i",2,4.76018227574531,4.57468533360787,"i",2,4.76018227574531,4.57468533360787,
61,175,"-VII",2,4.369756547924,5.00837089885223,"-VII",2,4.369756547924,5.00837089885223,
61,176,"-VI",3,3.51159507712138,4.48342280442325,"-VI",3,3.51159507712138,4.48342280442325,
61,177,"-III",4,3.8668329764547,4.2967467794104,"-III",4,3.8668329764547,4.2967467794104,
61,178,"IV",4,2.69632312993299,4.14689931681458,"IV",4,2.69632312993299,4.14689931681458,
61,179,"V",5,5.40635887851403,3.35773123977204,"v",5,5.42861813969835,3.35773123977204,0.0222592611843178
61,180,"V",3,3.55256776350706,4.8671759177184,"V",3,3.99627751379434,4.359044901848,
61,181,"i",4,4.63738250011686,4.63633731267907,"i",3,3.40626624956404,4.79964362369633,
61,182,"-VII",4,4.93830958391774,4.42604128541604,"-VII",4,4.43005549042025,4.34625908799512,
61,183,"-VI",3,2.88460431989947,4.70785830444697,"-VI",4,1.81455387200726,4.28482143555048,
61,184,"iv",4,4.05732485858446,4.25141719680528,"iv",5,4.43178044326519,3.72870093595567,
,,,,,,,,,,
62,231,"i",2,4.76018227574531,4.57468533360787,"i",2,4.76018227574531,4.57468533360787,
62,232,"-VII",2,4.369756547924,5.00837089885223,"-VII",2,4.369756547924,5.00837089885223,
62,233,"-VI",3,3.51159507712138,4.48342280442325,"-VI",3,3.51159507712138,4.48342280442325,
62,234,"-III",4,3.8668329764547,4.2967467794104,"-III",4,3.8668329764547,4.2967467794104,
62,235,"IV",4,2.69632312993299,4.14689931681458,"IV",4,2.69632312993299,4.14689931681458,
62,236,"V",5,5.40635887851403,3.35773123977204,"v",5,5.42861813969835,3.35773123977204,0.0222592611843178
62,237,"V",3,3.55256776350706,4.8671759177184,"V",3,3.99627751379434,4.359044901848,
62,238,"i",4,4.63738250011686,4.63633731267907,"i",3,3.40626624956404,4.79964362369633,
62,239,"-VII",4,4.93830958391774,4.42604128541604,"-VII",4,4.43005549042025,4.34625908799512,
62,240,"-VI",3,2.88460431989947,4.70785830444697,"-VI",4,1.81455387200726,4.28482143555048,
62,241,"iv",4,4.05732485858446,4.25141719680528,"iv",5,4.43178044326519,3.72870093595567,
,,,,,,,,,,
63,125,"I",2,3.44583025183754,4.94092735012554,"I",2,3.44583025183754,4.94092735012554,
63,126,"IV",3,4.5923651709761,5.04957688059194,"IV",3,4.5923651709761,5.04957688059194,
63,127,"IV",4,3.97186902212528,4.40473316352327,"IV",4,3.97186902212528,4.40473316352327,
63,128,"I",4,3.32702484757016,4.69239742538466,"I",4,3.32702484757016,4.69239742538466,
63,129,"I",5,2.66168090020326,4.39552480589729,"I",5,2.66168090020326,4.39552480589729,
63,130,"IV",6,3.16620395808311,4.73518921754187,"I",6,3.14159810383752,4.73518921754187,0.0246058542455838
63,131,"IV",7,2.21075448089912,4.27189987083306,"IV",7,3.85587157375526,4.6147272616012,
63,132,"I",8,2.14956439540252,4.3900410632328,"I",7,2.50145171540633,4.43540852456003,
63,133,"I",9,2.71972171914787,4.14257514640315,"I",8,1.77390806972773,3.96143585859693,
63,134,"-III",9,5.81563055115413,4.19158349158548,"-III",9,6.19909555919266,4.33094209000333,
63,135,"-III",7,3.79446788842609,4.2588519480788,"-III",4,3.30424768650276,4.72632372667597,
,,,,,,,,,,
64,202,"I",2,3.44583025183754,4.94092735012554,"I",2,3.44583025183754,4.94092735012554,
64,203,"IV",3,4.5923651709761,5.04957688059194,"IV",3,4.5923651709761,5.04957688059194,
64,204,"IV",4,3.97186902212528,4.40473316352327,"IV",4,3.97186902212528,4.40473316352327,
64,205,"I",4,3.32702484757016,4.69239742538466,"I",4,3.32702484757016,4.69239742538466,
64,206,"I",5,2.66168090020326,4.39552480589729,"I",5,2.66168090020326,4.39552480589729,
64,207,"IV",6,3.16620395808311,4.73518921754187,"I",6,3.14159810383752,4.73518921754187,0.0246058542455838
64,208,"IV",7,2.21075448089912,4.27189987083306,"IV",7,3.85587157375526,4.6147272616012,
64,209,"I",8,2.14956439540252,4.3900410632328,"I",7,2.50145171540633,4.43540852456003,
64,210,"I",9,2.71972171914787,4.14257514640315,"I",8,1.77390806972773,3.96143585859693,
64,211,"-III",9,5.81563055115413,4.19158349158548,"-III",9,6.19909555919266,4.33094209000333,
64,212,"-III",7,3.79446788842609,4.2588519480788,"-III",4,3.30424768650276,4.72632372667597,
,,,,,,,,,,
65,44,"-VII",3,4.83094194542555,4.48759105381399,"-VII",3,4.83094194542555,4.48759105381399,
65,45,"I",3,2.19237144175324,4.03706536913297,"I",3,2.19237144175324,4.03706536913297,
65,46,"iv",4,5.7766450234513,4.66415506498153,"iv",4,5.7766450234513,4.66415506498153,
65,47,"-VII",3,3.53651337412809,4.71982213815348,"-VII",3,3.53651337412809,4.71982213815348,
65,48,"viio",4,8.27018065451634,3.31406944197232,"viio",4,8.27018065451634,3.31406944197232,
65,49,"i",2,5.32770383339152,4.41901061737087,"iv",2,5.35272229342836,4.41901061737087,0.0250184600368399
65,50,"i",2,4.76018227574531,4.57468533360787,"i",2,5.29408597867411,4.67998672498775,
65,51,"-VII",2,4.369756547924,5.00837089885223,"-VII",2,3.99641748993781,4.9751417441513,
65,52,"-VI",3,3.51159507712138,4.48342280442325,"-VI",3,2.16469663564907,4.28236490362542,
65,53,"-III",4,3.8668329764547,4.2967467794104,"-III",4,2.92202094270859,3.61664761205825,
65,54,"IV",4,2.69632312993299,4.14689931681458,"IV",5,3.07253361839087,3.62920113775821,
,,,,,,,,,,
66,91,"-VII",3,4.83094194542555,4.48759105381399,"-VII",3,4.83094194542555,4.48759105381399,
66,92,"I",3,2.19237144175324,4.03706536913297,"I",3,2.19237144175324,4.03706536913297,
66,93,"iv",4,5.7766450234513,4.66415506498153,"iv",4,5.7766450234513,4.66415506498153,
66,94,"-VII",3,3.53651337412809,4.71982213815348,"-VII",3,3.53651337412809,4.71982213815348,
66,95,"viio",4,8.27018065451634,3.31406944197232,"viio",4,8.27018065451634,3.31406944197232,
66,96,"i",2,5.32770383339152,4.41901061737087,"iv",2,5.35272229342836,4.41901061737087,0.0250184600368399
66,97,"i",2,4.76018227574531,4.57468533360787,"i",2,5.29408597867411,4.67998672498775,
66,98,"-VII",2,4.369756547924,5.00837089885223,"-VII",2,3.99641748993781,4.9751417441513,
66,99,"-VI",3,3.51159507712138,4.48342280442325,"-VI",3,2.16469663564907,4.28236490362542,
66,100,"-III",4,3.8668329764547,4.2967467794104,"-III",4,2.92202094270859,3.61664761205825,
66,101,"IV",4,2.69632312993299,4.14689931681458,"IV",5,3.07253361839087,3.62920113775821,
,,,,,,,,,,
67,168,"-VII",3,4.83094194542555,4.48759105381399,"-VII",3,4.83094194542555,4.48759105381399,
67,169,"I",3,2.19237144175324,4.03706536913297,"I",3,2.19237144175324,4.03706536913297,
67,170,"iv",4,5.7766450234513,4.66415506498153,"iv",4,5.7766450234513,4.66415506498153,
67,171,"-VII",3,3.53651337412809,4.71982213815348,"-VII",3,3.53651337412809,4.71982213815348,
67,172,"viio",4,8.27018065451634,3.31406944197232,"viio",4,8.27018065451634,3.31406944197232,
67,173,"i",2,5.32770383339152,4.41901061737087,"iv",2,5.35272229342836,4.41901061737087,0.0250184600368399
67,174,"i",2,4.76018227574531,4.57468533360787,"i",2,5.29408597867411,4.67998672498775,
67,175,"-VII",2,4.369756547924,5.00837089885223,"-VII",2,3.99641748993781,4.9751417441513,
67,176,"-VI",3,3.51159507712138,4.48342280442325,"-VI",3,2.16469663564907,4.28236490362542,
67,177,"-III",4,3.8668329764547,4.2967467794104,"-III",4,2.92202094270859,3.61664761205825,
67,178,"IV",4,2.69632312993299,4.14689931681458,"IV",5,3.07253361839087,3.62920113775821,
,,,,,,,,,,
68,225,"i",6,2.68563639049407,4.34045132449631,"i",6,2.68563639049407,4.34045132449631,
68,226,"i",7,2.18243731443904,4.17247391450916,"i",7,2.18243731443904,4.17247391450916,
68,227,"iv",8,1.84657847096343,3.58037665495631,"iv",8,1.84657847096343,3.58037665495631,
68,228,"-VII",8,7.52311223501137,0.915131110678904,"-VII",8,7.52311223501137,0.915131110678904,
68,229,"viio",4,7.98169684400735,3.73749875910755,"viio",4,7.98169684400735,3.73749875910755,
68,230,"i",2,5.32770383339152,4.41901061737087,"iv",2,5.35272229342836,4.41901061737087,0.0250184600368399
68,231,"i",2,4.76018227574531,4.57468533360787,"i",2,5.29408597867411,4.67998672498775,
68,232,"-VII",2,4.369756547924,5.00837089885223,"-VII",2,3.99641748993781,4.9751417441513,
68,233,"-VI",3,3.51159507712138,4.48342280442325,"-VI",3,2.16469663564907,4.28236490362542,
68,234,"-III",4,3.8668329764547,4.2967467794104,"-III",4,2.92202094270859,3.61664761205825,
68,235,"IV",4,2.69632312993299,4.14689931681458,"IV",5,3.07253361839087,3.62920113775821,
,,,,,,,,,,
69,17,"iv",3,3.81366888136119,4.84677933644326,"iv",3,3.81366888136119,4.84677933644326,
69,18,"V",4,4.75505411265544,4.55449091793943,"V",4,4.75505411265544,4.55449091793943,
69,19,"i",4,3.43248367445652,3.94710272813741,"i",4,3.43248367445652,3.94710272813741,
69,20,"vio",4,7.81151532125387,3.93250580707735,"vio",4,7.81151532125387,3.93250580707735,
69,21,"iv",2,2.30980388612362,4.33538518532882,"iv",2,2.30980388612362,4.33538518532882,
69,22,"V",2,5.37312611206469,4.16512928902508,"iv",2,5.39834335172806,4.16512928902508,0.0252172396633785
69,23,"I",2,3.44583025183754,4.94092735012554,"I",2,4.13659330116161,5.02554738322276,
69,24,"i",3,5.72186089627526,5.04957688059194,"i",3,6.14561761928611,4.81280125058082,
69,25,"iv",3,4.72011675591629,4.68225593899732,"iv",2,4.42627389913958,4.96345625844024,
69,26,"V",3,4.66477891700184,4.73494275502223,"V",3,4.66477891700184,4.73494275502223,
69,27,"i",3,2.9944552693329,4.56296535832041,"i",3,2.9944552693329,4.56296535832041,
,,,,,,,,,,
70,25,"iv",3,4.72011675591629,4.68225593899732,"iv",3,4.72011675591629,4.68225593899732,
70,26,"V",3,4.66477891700184,4.73494275502223,"V",3,4.66477891700184,4.73494275502223,
70,27,"i",3,2.9944552693329,4.56296535832041,"i",3,2.9944552693329,4.56296535832041,
70,28,"vio",4,7.81151532125387,3.93250580707735,"vio",4,7.81151532125387,3.93250580707735,
70,29,"iv",2,2.30980388612362,4.33538518532882,"iv",2,2.30980388612362,4.33538518532882,
70,30,"V",2,5.37312611206469,4.16512928902508,"iv",2,5.39834335172806,4.16512928902508,0.0252172396633785
70,31,"I",2,3.44583025183754,4.94092735012554,"I",2,4.13659330116161,5.02554738322276,
70,32,"iv",3,5.41490126927062,5.04957688059194,"iv",3,3.7023884685106,4.81280125058082,
70,33,"iv",3,4.64156620559264,4.80233687276538,"iv",4,3.16051757336823,4.4517260316384,
70,34,"i",3,4.69228189134161,4.95099380360449,"i",5,5.00162764782355,4.67084336857209,
70,35,"-VII",3,3.58756818339615,4.69646370619056,"-VII",3,3.58756818339615,4.69646370619056,
,,,,,,,,,,
71,64,"iv",4,2.14682033944846,4.24802320940787,"iv",4,2.14682033944846,4.24802320940787,
71,65,"V",5,4.03136399146733,4.4192229958032,"V",5,4.03136399146733,4.4192229958032,
71,66,"i",4,2.29977292746901,4.08311294765072,"i",4,2.29977292746901,4.08311294765072,
71,67,"vio",5,7.5573452960294,4.26861610564278,"vio",5,7.5573452960294,4.26861610564278,
71,68,"iv",2,2.30980388612362,4.33538518532882,"iv",2,2.30980388612362,4.33538518532882,
71,69,"V",2,5.37312611206469,4.16512928902508,"iv",2,5.39834335172806,4.16512928902508,0.0252172396633785
71,70,"I",2,3.44583025183754,4.94092735012554,"I",2,4.13659330116161,5.02554738322276,
71,71,"i",3,5.72186089627526,5.04957688059194,"i",3,6.14561761928611,4.81280125058082,
71,72,"iv",3,4.72011675591629,4.68225593899732,"iv",2,4.42627389913958,4.96345625844024,
71,73,"V",3,4.66477891700184,4.73494275502223,"V",3,4.66477891700184,4.73494275502223,
71,74,"i",3,2.9944552693329,4.56296535832041,"i",3,2.9944552693329,4.56296535832041,
,,,,,,,,,,
72,72,"iv",3,4.72011675591629,4.68225593899732,"iv",3,4.72011675591629,4.68225593899732,
72,73,"V",3,4.66477891700184,4.73494275502223,"V",3,4.66477891700184,4.73494275502223,
72,74,"i",3,2.9944552693329,4.56296535832041,"i",3,2.9944552693329,4.56296535832041,
72,75,"vio",4,7.81151532125387,3.93250580707735,"vio",4,7.81151532125387,3.93250580707735,
72,76,"iv",2,2.30980388612362,4.33538518532882,"iv",2,2.30980388612362,4.33538518532882,
72,77,"V",2,5.37312611206469,4.16512928902508,"iv",2,5.39834335172806,4.16512928902508,0.0252172396633785
72,78,"I",2,3.44583025183754,4.94092735012554,"I",2,4.13659330116161,5.02554738322276,
72,79,"iv",3,5.41490126927062,5.04957688059194,"iv",3,3.7023884685106,4.81280125058082,
72,80,"iv",3,4.64156620559264,4.80233687276538,"iv",4,3.16051757336823,4.4517260316384,
72,81,"i",3,4.69228189134161,4.95099380360449,"i",5,5.00162764782355,4.67084336857209,
72,82,"-VII",3,3.58756818339615,4.69646370619056,"-VII",3,3.58756818339615,4.69646370619056,
,,,,,,,,,,
73,111,"iv",4,2.14682033944846,4.24802320940787,"iv",4,2.14682033944846,4.24802320940787,
73,112,"V",5,4.03136399146733,4.4192229958032,"V",5,4.03136399146733,4.4192229958032,
73,113,"i",4,2.29977292746901,4.08311294765072,"i",4,2.29977292746901,4.08311294765072,
73,114,"vio",5,7.5573452960294,4.26861610564278,"vio",5,7.5573452960294,4.26861610564278,
73,115,"iv",2,2.30980388612362,4.33538518532882,"iv",2,2.30980388612362,4.33538518532882,
73,116,"V",2,5.37312611206469,4.16512928902508,"iv",2,5.39834335172806,4.16512928902508,0.0252172396633785
73,117,"I",2,3.44583025183754,4.94092735012554,"I",2,4.13659330116161,5.02554738322276,
73,118,"i",3,5.72186089627526,5.04957688059194,"i",3,6.14561761928611,4.81280125058082,
73,119,"iv",3,4.72011675591629,4.68225593899732,"iv",2,4.42627389913958,4.96345625844024,
73,120,"V",3,4.66477891700184,4.73494275502223,"V",3,4.66477891700184,4.73494275502223,
73,121,"i",3,2.9944552693329,4.56296535832041,"i",3,2.9944552693329,4.56296535832041,
,,,,,,,,,,
74,119,"iv",3,4.72011675591629,4.68225593899732,"iv",3,4.72011675591629,4.68225593899732,
74,120,"V",3,4.66477891700184,4.73494275502223,"V",3,4.66477891700184,4.73494275502223,
74,121,"i",3,2.9944552693329,4.56296535832041,"i",3,2.9944552693329,4.56296535832041,
74,122,"vio",4,7.81151532125387,3.93250580707735,"vio",4,7.81151532125387,3.93250580707735,
74,123,"iv",2,2.30980388612362,4.33538518532882,"iv",2,2.30980388612362,4.33538518532882,
74,124,"V",2,5.37312611206469,4.16512928902508,"iv",2,5.39834335172806,4.16512928902508,0.0252172396633785
74,125,"I",2,3.44583025183754,4.94092735012554,"I",2,4.13659330116161,5.02554738322276,
74,126,"IV",3,4.5923651709761,5.04957688059194,"IV",3,5.27342505535612,4.81280125058082,
74,127,"IV",4,3.97186902212528,4.40473316352327,"IV",3,3.34288402486202,4.86865107981719,
74,128,"I",4,3.32702484757016,4.69239742538466,"I",4,4.10929141977217,4.81472927377916,
74,129,"I",5,2.66168090020326,4.39552480589729,"I",4,3.01467925683505,4.68470932070428,
,,,,,,,,,,
75,188,"iv",4,2.14682033944846,4.24802320940787,"iv",4,2.14682033944846,4.24802320940787,
75,189,"V",5,4.03136399146733,4.4192229958032,"V",5,4.03136399146733,4.4192229958032,
75,190,"i",4,2.29977292746901,4.08311294765072,"i",4,2.29977292746901,4.08311294765072,
75,191,"vio",5,7.5573452960294,4.26861610564278,"vio",5,7.5573452960294,4.26861610564278,
75,192,"iv",2,2.30980388612362,4.33538518532882,"iv",2,2.30980388612362,4.33538518532882,
75,193,"V",2,5.37312611206469,4.16512928902508,"iv",2,5.39834335172806,4.16512928902508,0.0252172396633785
75,194,"I",2,3.44583025183754,4.94092735012554,"I",2,4.13659330116161,5.02554738322276,
75,195,"i",3,5.72186089627526,5.04957688059194,"i",3,6.14561761928611,4.81280125058082,
75,196,"iv",3,4.72011675591629,4.68225593899732,"iv",2,4.42627389913958,4.96345625844024,
75,197,"V",3,4.66477891700184,4.73494275502223,"V",3,4.66477891700184,4.73494275502223,
75,198,"i",3,2.9944552693329,4.56296535832041,"i",3,2.9944552693329,4.56296535832041,
,,,,,,,,,,
76,196,"iv",3,4.72011675591629,4.68225593899732,"iv",3,4.72011675591629,4.68225593899732,
76,197,"V",3,4.66477891700184,4.73494275502223,"V",3,4.66477891700184,4.73494275502223,
76,198,"i",3,2.9944552693329,4.56296535832041,"i",3,2.9944552693329,4.56296535832041,
76,199,"vio",4,7.81151532125387,3.93250580707735,"vio",4,7.81151532125387,3.93250580707735,
76,200,"iv",2,2.30980388612362,4.33538518532882,"iv",2,2.30980388612362,4.33538518532882,
76,201,"V",2,5.37312611206469,4.16512928902508,"iv",2,5.39834335172806,4.16512928902508,0.0252172396633785
76,202,"I",2,3.44583025183754,4.94092735012554,"I",2,4.13659330116161,5.02554738322276,
76,203,"IV",3,4.5923651709761,5.04957688059194,"IV",3,5.27342505535612,4.81280125058082,
76,204,"IV",4,3.97186902212528,4.40473316352327,"IV",3,3.34288402486202,4.86865107981719,
76,205,"I",4,3.32702484757016,4.69239742538466,"I",4,4.10929141977217,4.81472927377916,
76,206,"I",5,2.66168090020326,4.39552480589729,"I",4,3.01467925683505,4.68470932070428,
,,,,,,,,,,
77,245,"iv",4,2.14682033944846,4.24802320940787,"iv",4,2.14682033944846,4.24802320940787,
77,246,"V",5,4.03136399146733,4.4192229958032,"V",5,4.03136399146733,4.4192229958032,
77,247,"i",4,2.29977292746901,4.08311294765072,"i",4,2.29977292746901,4.08311294765072,
77,248,"vio",5,7.5573452960294,4.26861610564278,"vio",5,7.5573452960294,4.26861610564278,
77,249,"iv",2,2.30980388612362,4.33538518532882,"iv",2,2.30980388612362,4.33538518532882,
77,250,"V",2,5.37312611206469,4.16512928902508,"iv",2,5.39834335172806,4.16512928902508,0.0252172396633785
77,251,"I",2,3.44583025183754,4.94092735012554,"I",2,4.13659330116161,5.02554738322276,
77,252,"i",3,5.72186089627526,5.04957688059194,"i",3,6.14561761928611,4.81280125058082,
77,253,"iv",3,4.72011675591629,4.68225593899732,"iv",2,4.42627389913958,4.96345625844024,
77,254,"V",3,4.66477891700184,4.73494275502223,"V",3,4.66477891700184,4.73494275502223,
77,255,"i",3,2.9944552693329,4.56296535832041,"i",3,2.9944552693329,4.56296535832041,
,,,,,,,,,,
78,253,"iv",3,4.72011675591629,4.68225593899732,"iv",3,4.72011675591629,4.68225593899732,
78,254,"V",3,4.66477891700184,4.73494275502223,"V",3,4.66477891700184,4.73494275502223,
78,255,"i",3,2.9944552693329,4.56296535832041,"i",3,2.9944552693329,4.56296535832041,
78,256,"vio",4,7.81151532125387,3.93250580707735,"vio",4,7.81151532125387,3.93250580707735,
78,257,"iv",2,2.30980388612362,4.33538518532882,"iv",2,2.30980388612362,4.33538518532882,
78,258,"V",2,5.37312611206469,4.16512928902508,"iv",2,5.39834335172806,4.16512928902508,0.0252172396633785
78,259,"I",2,3.44583025183754,4.94092735012554,"I",2,4.13659330116161,5.02554738322276,
78,260,"i",3,5.72186089627526,5.04957688059194,"i",3,6.14561761928611,4.81280125058082,
78,261,"iv",3,4.72011675591629,4.68225593899732,"iv",2,4.42627389913958,4.96345625844024,
78,262,"V",3,4.66477891700184,4.73494275502223,"V",3,4.66477891700184,4.73494275502223,
78,263,"i",3,2.9944552693329,4.56296535832041,"i",3,2.9944552693329,4.56296535832041,
,,,,,,,,,,
79,261,"iv",3,4.72011675591629,4.68225593899732,"iv",3,4.72011675591629,4.68225593899732,
79,262,"V",3,4.66477891700184,4.73494275502223,"V",3,4.66477891700184,4.73494275502223,
79,263,"i",3,2.9944552693329,4.56296535832041,"i",3,2.9944552693329,4.56296535832041,
79,264,"vio",4,7.81151532125387,3.93250580707735,"vio",4,7.81151532125387,3.93250580707735,
79,265,"iv",2,2.30980388612362,4.33538518532882,"iv",2,2.30980388612362,4.33538518532882,
79,266,"V",2,5.37312611206469,4.16512928902508,"iv",2,5.39834335172806,4.16512928902508,0.0252172396633785
79,267,"I",2,3.44583025183754,4.94092735012554,"I",2,4.13659330116161,5.02554738322276,
79,268,"i",3,5.72186089627526,5.04957688059194,"i",3,6.14561761928611,4.81280125058082,
79,269,"r",3,3.01090187863354,4.68225593899732,"r",2,2.71705902185684,4.96345625844024,
79,270,"r",2,1.58515932607388,3.34324272889087,"r",2,1.58515932607388,3.34324272889087,
,,,,,,,,,,
80,21,"iv",2,2.30980388612362,4.33538518532882,"iv",2,2.30980388612362,4.33538518532882,
80,22,"V",2,5.37312611206469,4.16512928902508,"V",2,5.37312611206469,4.16512928902508,
80,23,"I",2,3.44583025183754,4.94092735012554,"I",2,3.44583025183754,4.94092735012554,
80,24,"i",3,5.72186089627526,5.04957688059194,"i",3,5.72186089627526,5.04957688059194,
80,25,"iv",3,4.72011675591629,4.68225593899732,"iv",3,4.72011675591629,4.68225593899732,
80,26,"V",3,4.66477891700184,4.73494275502223,"-VI",3,4.69394843441014,4.73494275502223,0.029169517408306
80,27,"i",3,2.9944552693329,4.56296535832041,"i",3,3.74483806758832,4.4785610231751,
80,28,"vio",4,7.81151532125387,3.93250580707735,"vio",4,7.45681747616799,4.03259488457983,
80,29,"iv",2,2.30980388612362,4.33538518532882,"iv",2,2.30980388612362,4.33538518532882,
80,30,"V",2,5.37312611206469,4.16512928902508,"V",2,5.37312611206469,4.16512928902508,
80,31,"I",2,3.44583025183754,4.94092735012554,"I",2,3.44583025183754,4.94092735012554,
,,,,,,,,,,
81,68,"iv",2,2.30980388612362,4.33538518532882,"iv",2,2.30980388612362,4.33538518532882,
81,69,"V",2,5.37312611206469,4.16512928902508,"V",2,5.37312611206469,4.16512928902508,
81,70,"I",2,3.44583025183754,4.94092735012554,"I",2,3.44583025183754,4.94092735012554,
81,71,"i",3,5.72186089627526,5.04957688059194,"i",3,5.72186089627526,5.04957688059194,
81,72,"iv",3,4.72011675591629,4.68225593899732,"iv",3,4.72011675591629,4.68225593899732,
81,73,"V",3,4.66477891700184,4.73494275502223,"-VI",3,4.69394843441014,4.73494275502223,0.029169517408306
81,74,"i",3,2.9944552693329,4.56296535832041,"i",3,3.74483806758832,4.4785610231751,
81,75,"vio",4,7.81151532125387,3.93250580707735,"vio",4,7.45681747616799,4.03259488457983,
81,76,"iv",2,2.30980388612362,4.33538518532882,"iv",2,2.30980388612362,4.33538518532882,
81,77,"V",2,5.37312611206469,4.16512928902508,"V",2,5.37312611206469,4.16512928902508,
81,78,"I",2,3.44583025183754,4.94092735012554,"I",2,3.44583025183754,4.94092735012554,
,,,,,,,,,,
82,115,"iv",2,2.30980388612362,4.33538518532882,"iv",2,2.30980388612362,4.33538518532882,
82,116,"V",2,5.37312611206469,4.16512928902508,"V",2,5.37312611206469,4.16512928902508,
82,117,"I",2,3.44583025183754,4.94092735012554,"I",2,3.44583025183754,4.94092735012554,
82,118,"i",3,5.72186089627526,5.04957688059194,"i",3,5.72186089627526,5.04957688059194,
82,119,"iv",3,4.72011675591629,4.68225593899732,"iv",3,4.72011675591629,4.68225593899732,
82,120,"V",3,4.66477891700184,4.73494275502223,"-VI",3,4.69394843441014,4.73494275502223,0.029169517408306
82,121,"i",3,2.9944552693329,4.56296535832041,"i",3,3.74483806758832,4.4785610231751,
82,122,"vio",4,7.81151532125387,3.93250580707735,"vio",4,7.45681747616799,4.03259488457983,
82,123,"iv",2,2.30980388612362,4.33538518532882,"iv",2,2.30980388612362,4.33538518532882,
82,124,"V",2,5.37312611206469,4.16512928902508,"V",2,5.37312611206469,4.16512928902508,
82,125,"I",2,3.44583025183754,4.94092735012554,"I",2,3.44583025183754,4.94092735012554,
,,,,,,,,,,
83,192,"iv",2,2.30980388612362,4.33538518532882,"iv",2,2.30980388612362,4.33538518532882,
83,193,"V",2,5.37312611206469,4.16512928902508,"V",2,5.37312611206469,4.16512928902508,
83,194,"I",2,3.44583025183754,4.94092735012554,"I",2,3.44583025183754,4.94092735012554,
83,195,"i",3,5.72186089627526,5.04957688059194,"i",3,5.72186089627526,5.04957688059194,
83,196,"iv",3,4.72011675591629,4.68225593899732,"iv",3,4.72011675591629,4.68225593899732,
83,197,"V",3,4.66477891700184,4.73494275502223,"-VI",3,4.69394843441014,4.73494275502223,0.029169517408306
83,198,"i",3,2.9944552693329,4.56296535832041,"i",3,3.74483806758832,4.4785610231751,
83,199,"vio",4,7.81151532125387,3.93250580707735,"vio",4,7.45681747616799,4.03259488457983,
83,200,"iv",2,2.30980388612362,4.33538518532882,"iv",2,2.30980388612362,4.33538518532882,
83,201,"V",2,5.37312611206469,4.16512928902508,"V",2,5.37312611206469,4.16512928902508,
83,202,"I",2,3.44583025183754,4.94092735012554,"I",2,3.44583025183754,4.94092735012554,
,,,,,,,,,,
84,249,"iv",2,2.30980388612362,4.33538518532882,"iv",2,2.30980388612362,4.33538518532882,
84,250,"V",2,5.37312611206469,4.16512928902508,"V",2,5.37312611206469,4.16512928902508,
84,251,"I",2,3.44583025183754,4.94092735012554,"I",2,3.44583025183754,4.94092735012554,
84,252,"i",3,5.72186089627526,5.04957688059194,"i",3,5.72186089627526,5.04957688059194,
84,253,"iv",3,4.72011675591629,4.68225593899732,"iv",3,4.72011675591629,4.68225593899732,
84,254,"V",3,4.66477891700184,4.73494275502223,"-VI",3,4.69394843441014,4.73494275502223,0.029169517408306
84,255,"i",3,2.9944552693329,4.56296535832041,"i",3,3.74483806758832,4.4785610231751,
84,256,"vio",4,7.81151532125387,3.93250580707735,"vio",4,7.45681747616799,4.03259488457983,
84,257,"iv",2,2.30980388612362,4.33538518532882,"iv",2,2.30980388612362,4.33538518532882,
84,258,"V",2,5.37312611206469,4.16512928902508,"V",2,5.37312611206469,4.16512928902508,
84,259,"I",2,3.44583025183754,4.94092735012554,"I",2,3.44583025183754,4.94092735012554,
,,,,,,,,,,
85,257,"iv",2,2.30980388612362,4.33538518532882,"iv",2,2.30980388612362,4.33538518532882,
85,258,"V",2,5.37312611206469,4.16512928902508,"V",2,5.37312611206469,4.16512928902508,
85,259,"I",2,3.44583025183754,4.94092735012554,"I",2,3.44583025183754,4.94092735012554,
85,260,"i",3,5.72186089627526,5.04957688059194,"i",3,5.72186089627526,5.04957688059194,
85,261,"iv",3,4.72011675591629,4.68225593899732,"iv",3,4.72011675591629,4.68225593899732,
85,262,"V",3,4.66477891700184,4.73494275502223,"-VI",3,4.69394843441014,4.73494275502223,0.029169517408306
85,263,"i",3,2.9944552693329,4.56296535832041,"i",3,3.74483806758832,4.4785610231751,
85,264,"vio",4,7.81151532125387,3.93250580707735,"vio",4,7.45681747616799,4.03259488457983,
85,265,"iv",2,2.30980388612362,4.33538518532882,"iv",2,2.30980388612362,4.33538518532882,
85,266,"V",2,5.37312611206469,4.16512928902508,"V",2,5.37312611206469,4.16512928902508,
85,267,"I",2,3.44583025183754,4.94092735012554,"I",2,3.44583025183754,4.94092735012554,
,,,,,,,,,,
86,19,"i",4,3.43248367445652,3.94710272813741,"i",4,3.43248367445652,3.94710272813741,
86,20,"vio",4,7.81151532125387,3.93250580707735,"vio",4,7.81151532125387,3.93250580707735,
86,21,"iv",2,2.30980388612362,4.33538518532882,"iv",2,2.30980388612362,4.33538518532882,
86,22,"V",2,5.37312611206469,4.16512928902508,"V",2,5.37312611206469,4.16512928902508,
86,23,"I",2,3.44583025183754,4.94092735012554,"I",2,3.44583025183754,4.94092735012554,
86,24,"i",3,5.72186089627526,5.04957688059194,"-VI",3,5.68707152031921,5.04957688059194,0.0347893759560529
86,25,"iv",3,4.72011675591629,4.68225593899732,"iv",3,4.05281627674924,4.78098547591528,
86,26,"V",3,4.66477891700184,4.73494275502223,"V",4,3.71113613688377,4.32883809076453,
86,27,"i",3,2.9944552693329,4.56296535832041,"i",4,3.12073295955894,4.00138882419765,
86,28,"vio",4,7.81151532125387,3.93250580707735,"vio",4,7.72418294519272,4.10100974828374,
86,29,"iv",2,2.30980388612362,4.33538518532882,"iv",2,2.30980388612362,4.33538518532882,
,,,,,,,,,,
87,66,"i",4,2.29977292746901,4.08311294765072,"i",4,2.29977292746901,4.08311294765072,
87,67,"vio",5,7.5573452960294,4.26861610564278,"vio",5,7.5573452960294,4.26861610564278,
87,68,"iv",2,2.30980388612362,4.33538518532882,"iv",2,2.30980388612362,4.33538518532882,
87,69,"V",2,5.37312611206469,4.16512928902508,"V",2,5.37312611206469,4.16512928902508,
87,70,"I",2,3.44583025183754,4.94092735012554,"I",2,3.44583025183754,4.94092735012554,
87,71,"i",3,5.72186089627526,5.04957688059194,"-VI",3,5.68707152031921,5.04957688059194,0.0347893759560529
87,72,"iv",3,4.72011675591629,4.68225593899732,"iv",3,4.05281627674924,4.78098547591528,
87,73,"V",3,4.66477891700184,4.73494275502223,"V",4,3.71113613688377,4.32883809076453,
87,74,"i",3,2.9944552693329,4.56296535832041,"i",4,3.12073295955894,4.00138882419765,
87,75,"vio",4,7.81151532125387,3.93250580707735,"vio",4,7.72418294519272,4.10100974828374,
87,76,"iv",2,2.30980388612362,4.33538518532882,"iv",2,2.30980388612362,4.33538518532882,
,,,,,,,,,,
88,113,"i",4,2.29977292746901,4.08311294765072,"i",4,2.29977292746901,4.08311294765072,
88,114,"vio",5,7.5573452960294,4.26861610564278,"vio",5,7.5573452960294,4.26861610564278,
88,115,"iv",2,2.30980388612362,4.33538518532882,"iv",2,2.30980388612362,4.33538518532882,
88,116,"V",2,5.37312611206469,4.16512928902508,"V",2,5.37312611206469,4.16512928902508,
88,117,"I",2,3.44583025183754,4.94092735012554,"I",2,3.44583025183754,4.94092735012554,
88,118,"i",3,5.72186089627526,5.04957688059194,"-VI",3,5.68707152031921,5.04957688059194,0.0347893759560529
88,119,"iv",3,4.72011675591629,4.68225593899732,"iv",3,4.05281627674924,4.78098547591528,
88,120,"V",3,4.66477891700184,4.73494275502223,"V",4,3.71113613688377,4.32883809076453,
88,121,"i",3,2.9944552693329,4.56296535832041,"i",4,3.12073295955894,4.00138882419765,
88,122,"vio",4,7.81151532125387,3.93250580707735,"vio",4,7.72418294519272,4.10100974828374,
88,123,"iv",2,2.30980388612362,4.33538518532882,"iv",2,2.30980388612362,4.33538518532882,
,,,,,,,,,,
89,190,"i",4,2.29977292746901,4.08311294765072,"i",4,2.29977292746901,4.08311294765072,
89,191,"vio",5,7.5573452960294,4.26861610564278,"vio",5,7.5573452960294,4.26861610564278,
89,192,"iv",2,2.30980388612362,4.33538518532882,"iv",2,2.30980388612362,4.33538518532882,
89,193,"V",2,5.37312611206469,4.16512928902508,"V",2,5.37312611206469,4.16512928902508,
89,194,"I",2,3.44583025183754,4.94092735012554,"I",2,3.44583025183754,4.94092735012554,
89,195,"i",3,5.72186089627526,5.04957688059194,"-VI",3,5.68707152031921,5.04957688059194,0.0347893759560529
89,196,"iv",3,4.72011675591629,4.68225593899732,"iv",3,4.05281627674924,4.78098547591528,
89,197,"V",3,4.66477891700184,4.73494275502223,"V",4,3.71113613688377,4.32883809076453,
89,198,"i",3,2.9944552693329,4.56296535832041,"i",4,3.12073295955894,4.00138882419765,
89,199,"vio",4,7.81151532125387,3.93250580707735,"vio",4,7.72418294519272,4.10100974828374,
89,200,"iv",2,2.30980388612362,4.33538518532882,"iv",2,2.30980388612362,4.33538518532882,
,,,,,,,,,,
90,247,"i",4,2.29977292746901,4.08311294765072,"i",4,2.29977292746901,4.08311294765072,
90,248,"vio",5,7.5573452960294,4.26861610564278,"vio",5,7.5573452960294,4.26861610564278,
90,249,"iv",2,2.30980388612362,4.33538518532882,"iv",2,2.30980388612362,4.33538518532882,
90,250,"V",2,5.37312611206469,4.16512928902508,"V",2,5.37312611206469,4.16512928902508,
90,251,"I",2,3.44583025183754,4.94092735012554,"I",2,3.44583025183754,4.94092735012554,
90,252,"i",3,5.72186089627526,5.04957688059194,"-VI",3,5.68707152031921,5.04957688059194,0.0347893759560529
90,253,"iv",3,4.72011675591629,4.68225593899732,"iv",3,4.05281627674924,4.78098547591528,
90,254,"V",3,4.66477891700184,4.73494275502223,"V",4,3.71113613688377,4.32883809076453,
90,255,"i",3,2.9944552693329,4.56296535832041,"i",4,3.12073295955894,4.00138882419765,
90,256,"vio",4,7.81151532125387,3.93250580707735,"vio",4,7.72418294519272,4.10100974828374,
90,257,"iv",2,2.30980388612362,4.33538518532882,"iv",2,2.30980388612362,4.33538518532882,
,,,,,,,,,,
91,255,"i",3,2.9944552693329,4.56296535832041,"i",3,2.9944552693329,4.56296535832041,
91,256,"vio",4,7.81151532125387,3.93250580707735,"vio",4,7.81151532125387,3.93250580707735,
91,257,"iv",2,2.30980388612362,4.33538518532882,"iv",2,2.30980388612362,4.33538518532882,
91,258,"V",2,5.37312611206469,4.16512928902508,"V",2,5.37312611206469,4.16512928902508,
91,259,"I",2,3.44583025183754,4.94092735012554,"I",2,3.44583025183754,4.94092735012554,
91,260,"i",3,5.72186089627526,5.04957688059194,"-VI",3,5.68707152031921,5.04957688059194,0.0347893759560529
91,261,"iv",3,4.72011675591629,4.68225593899732,"iv",3,4.05281627674924,4.78098547591528,
91,262,"V",3,4.66477891700184,4.73494275502223,"V",4,3.71113613688377,4.32883809076453,
91,263,"i",3,2.9944552693329,4.56296535832041,"i",4,3.12073295955894,4.00138882419765,
91,264,"vio",4,7.81151532125387,3.93250580707735,"vio",4,7.72418294519272,4.10100974828374,
91,265,"iv",2,2.30980388612362,4.33538518532882,"iv",2,2.30980388612362,4.33538518532882,
,,,,,,,,,,
92,263,"i",3,2.9944552693329,4.56296535832041,"i",3,2.9944552693329,4.56296535832041,
92,264,"vio",4,7.81151532125387,3.93250580707735,"vio",4,7.81151532125387,3.93250580707735,
92,265,"iv",2,2.30980388612362,4.33538518532882,"iv",2,2.30980388612362,4.33538518532882,
92,266,"V",2,5.37312611206469,4.16512928902508,"V",2,5.37312611206469,4.16512928902508,
92,267,"I",2,3.44583025183754,4.94092735012554,"I",2,3.44583025183754,4.94092735012554,
92,268,"i",3,5.72186089627526,5.04957688059194,"-VI",3,5.68707152031921,5.04957688059194,0.0347893759560529
92,269,"r",3,3.01090187863354,4.68225593899732,"r",3,3.03386468317103,4.78098547591528,
92,270,"r",2,1.58515932607388,3.34324272889087,"r",2,0.167824536194829,0.898499378412001,
,,,,,,,,,,
93,46,"iv",4,5.7766450234513,4.66415506498153,"iv",4,5.7766450234513,4.66415506498153,
93,47,"-VII",3,3.53651337412809,4.71982213815348,"-VII",3,3.53651337412809,4.71982213815348,
93,48,"viio",4,8.27018065451634,3.31406944197232,"viio",4,8.27018065451634,3.31406944197232,
93,49,"i",2,5.32770383339152,4.41901061737087,"i",2,5.32770383339152,4.41901061737087,
93,50,"i",2,4.76018227574531,4.57468533360787,"i",2,4.76018227574531,4.57468533360787,
93,51,"-VII",2,4.369756547924,5.00837089885223,"-VI",2,4.40668446726794,5.00837089885223,0.0369279193439391
93,52,"-VI",3,3.51159507712138,4.48342280442325,"-VI",3,3.11604144019339,4.60159162869021,
93,53,"-III",4,3.8668329764547,4.2967467794104,"-III",4,3.15685343203498,4.28502801791671,
93,54,"IV",4,2.69632312993299,4.14689931681458,"IV",5,5.03809535398172,3.75479408021342,
93,55,"V",5,5.40635887851403,3.35773123977204,"V",3,4.51717312095178,4.33011691014137,
93,56,"V",3,3.55256776350706,4.8671759177184,"V",3,3.55256776350706,4.8671759177184,
,,,,,,,,,,
94,93,"iv",4,5.7766450234513,4.66415506498153,"iv",4,5.7766450234513,4.66415506498153,
94,94,"-VII",3,3.53651337412809,4.71982213815348,"-VII",3,3.53651337412809,4.71982213815348,
94,95,"viio",4,8.27018065451634,3.31406944197232,"viio",4,8.27018065451634,3.31406944197232,
94,96,"i",2,5.32770383339152,4.41901061737087,"i",2,5.32770383339152,4.41901061737087,
94,97,"i",2,4.76018227574531,4.57468533360787,"i",2,4.76018227574531,4.57468533360787,
94,98,"-VII",2,4.369756547924,5.00837089885223,"-VI",2,4.40668446726794,5.00837089885223,0.0369279193439391
94,99,"-VI",3,3.51159507712138,4.48342280442325,"-VI",3,3.11604144019339,4.60159162869021,
94,100,"-III",4,3.8668329764547,4.2967467794104,"-III",4,3.15685343203498,4.28502801791671,
94,101,"IV",4,2.69632312993299,4.14689931681458,"IV",5,5.03809535398172,3.75479408021342,
94,102,"V",5,5.40635887851403,3.35773123977204,"V",3,4.51717312095178,4.33011691014137,
94,103,"V",3,3.55256776350706,4.8671759177184,"V",3,3.55256776350706,4.8671759177184,
,,,,,,,,,,
95,170,"iv",4,5.7766450234513,4.66415506498153,"iv",4,5.7766450234513,4.66415506498153,
95,171,"-VII",3,3.53651337412809,4.71982213815348,"-VII",3,3.53651337412809,4.71982213815348,
95,172,"viio",4,8.27018065451634,3.31406944197232,"viio",4,8.27018065451634,3.31406944197232,
95,173,"i",2,5.32770383339152,4.41901061737087,"i",2,5.32770383339152,4.41901061737087,
95,174,"i",2,4.76018227574531,4.57468533360787,"i",2,4.76018227574531,4.57468533360787,
95,175,"-VII",2,4.369756547924,5.00837089885223,"-VI",2,4.40668446726794,5.00837089885223,0.0369279193439391
95,176,"-VI",3,3.51159507712138,4.48342280442325,"-VI",3,3.11604144019339,4.60159162869021,
95,177,"-III",4,3.8668329764547,4.2967467794104,"-III",4,3.15685343203498,4.28502801791671,
95,178,"IV",4,2.69632312993299,4.14689931681458,"IV",5,5.03809535398172,3.75479408021342,
95,179,"V",5,5.40635887851403,3.35773123977204,"V",3,4.51717312095178,4.33011691014137,
95,180,"V",3,3.55256776350706,4.8671759177184,"V",3,3.55256776350706,4.8671759177184,
,,,,,,,,,,
96,227,"iv",8,1.84657847096343,3.58037665495631,"iv",8,1.84657847096343,3.58037665495631,
96,228,"-VII",8,7.52311223501137,0.915131110678904,"-VII",8,7.52311223501137,0.915131110678904,
96,229,"viio",4,7.98169684400735,3.73749875910755,"viio",4,7.98169684400735,3.73749875910755,
96,230,"i",2,5.32770383339152,4.41901061737087,"i",2,5.32770383339152,4.41901061737087,
96,231,"i",2,4.76018227574531,4.57468533360787,"i",2,4.76018227574531,4.57468533360787,
96,232,"-VII",2,4.369756547924,5.00837089885223,"-VI",2,4.40668446726794,5.00837089885223,0.0369279193439391
96,233,"-VI",3,3.51159507712138,4.48342280442325,"-VI",3,3.11604144019339,4.60159162869021,
96,234,"-III",4,3.8668329764547,4.2967467794104,"-III",4,3.15685343203498,4.28502801791671,
96,235,"IV",4,2.69632312993299,4.14689931681458,"IV",5,5.03809535398172,3.75479408021342,
96,236,"V",5,5.40635887851403,3.35773123977204,"V",3,4.51717312095178,4.33011691014137,
96,237,"V",3,3.55256776350706,4.8671759177184,"V",3,3.55256776350706,4.8671759177184,
,,,,,,,,,,
97,17,"iv",3,3.81366888136119,4.84677933644326,"iv",3,3.81366888136119,4.84677933644326,
97,18,"V",4,4.75505411265544,4.55449091793943,"V",4,4.75505411265544,4.55449091793943,
97,19,"i",4,3.43248367445652,3.94710272813741,"i",4,3.43248367445652,3.94710272813741,
97,20,"vio",4,7.81151532125387,3.93250580707735,"vio",4,7.81151532125387,3.93250580707735,
97,21,"iv",2,2.30980388612362,4.33538518532882,"iv",2,2.30980388612362,4.33538518532882,
97,22,"V",2,5.37312611206469,4.16512928902508,"I",2,5.33426328972723,4.16512928902508,0.0388628223374541
97,23,"I",2,3.44583025183754,4.94092735012554,"I",2,4.1614772535927,5.10919275716806,
97,24,"i",3,5.72186089627526,5.04957688059194,"i",3,5.18718162389815,5.0846602454463,
97,25,"iv",3,4.72011675591629,4.68225593899732,"iv",4,4.34821666122757,4.06789322886409,
97,26,"V",3,4.66477891700184,4.73494275502223,"V",4,4.95155518101434,4.3821734354407,
97,27,"i",3,2.9944552693329,4.56296535832041,"i",3,2.9944552693329,4.56296535832041,
,,,,,,,,,,
98,25,"iv",3,4.72011675591629,4.68225593899732,"iv",3,4.72011675591629,4.68225593899732,
98,26,"V",3,4.66477891700184,4.73494275502223,"V",3,4.66477891700184,4.73494275502223,
98,27,"i",3,2.9944552693329,4.56296535832041,"i",3,2.9944552693329,4.56296535832041,
98,28,"vio",4,7.81151532125387,3.93250580707735,"vio",4,7.81151532125387,3.93250580707735,
98,29,"iv",2,2.30980388612362,4.33538518532882,"iv",2,2.30980388612362,4.33538518532882,
98,30,"V",2,5.37312611206469,4.16512928902508,"I",2,5.33426328972723,4.16512928902508,0.0388628223374541
98,31,"I",2,3.44583025183754,4.94092735012554,"I",2,4.1614772535927,5.10919275716806,
98,32,"iv",3,5.41490126927062,5.04957688059194,"iv",3,4.59971887306667,5.0846602454463,
98,33,"iv",3,4.64156620559264,4.80233687276538,"iv",4,2.77417343698386,4.40054769752685,
98,34,"i",3,4.69228189134161,4.95099380360449,"i",5,5.29088818172255,4.46750170515473,
98,35,"-VII",3,3.58756818339615,4.69646370619056,"-VII",3,3.58756818339615,4.69646370619056,
,,,,,,,,,,
99,64,"iv",4,2.14682033944846,4.24802320940787,"iv",4,2.14682033944846,4.24802320940787,
99,65,"V",5,4.03136399146733,4.4192229958032,"V",5,4.03136399146733,4.4192229958032,
99,66,"i",4,2.29977292746901,4.08311294765072,"i",4,2.29977292746901,4.08311294765072,
99,67,"vio",5,7.5573452960294,4.26861610564278,"vio",5,7.5573452960294,4.26861610564278,
99,68,"iv",2,2.30980388612362,4.33538518532882,"iv",2,2.30980388612362,4.33538518532882,
99,69,"V",2,5.37312611206469,4.16512928902508,"I",2,5.33426328972723,4.16512928902508,0.0388628223374541
99,70,"I",2,3.44583025183754,4.94092735012554,"I",2,4.1614772535927,5.10919275716806,
99,71,"i",3,5.72186089627526,5.04957688059194,"i",3,5.18718162389815,5.0846602454463,
99,72,"iv",3,4.72011675591629,4.68225593899732,"iv",4,4.34821666122757,4.06789322886409,
99,73,"V",3,4.66477891700184,4.73494275502223,"V",4,4.95155518101434,4.3821734354407,
99,74,"i",3,2.9944552693329,4.56296535832041,"i",3,2.9944552693329,4.56296535832041,
,,,,,,,,,,
100,72,"iv",3,4.72011675591629,4.68225593899732,"iv",3,4.72011675591629,4.68225593899732,
100,73,"V",3,4.66477891700184,4.73494275502223,"V",3,4.66477891700184,4.73494275502223,
100,74,"i",3,2.9944552693329,4.56296535832041,"i",3,2.9944552693329,4.56296535832041,
100,75,"vio",4,7.81151532125387,3.93250580707735,"vio",4,7.81151532125387,3.93250580707735,
100,76,"iv",2,2.30980388612362,4.33538518532882,"iv",2,2.30980388612362,4.33538518532882,
100,77,"V",2,5.37312611206469,4.16512928902508,"I",2,5.33426328972723,4.16512928902508,0.0388628223374541
100,78,"I",2,3.44583025183754,4.94092735012554,"I",2,4.1614772535927,5.10919275716806,
100,79,"iv",3,5.41490126927062,5.04957688059194,"iv",3,4.59971887306667,5.0846602454463,
100,80,"iv",3,4.64156620559264,4.80233687276538,"iv",4,2.77417343698386,4.40054769752685,
100,81,"i",3,4.69228189134161,4.95099380360449,"i",5,5.29088818172255,4.46750170515473,
100,82,"-VII",3,3.58756818339615,4.69646370619056,"-VII",3,3.58756818339615,4.69646370619056,
,,,,,,,,,,
101,111,"iv",4,2.14682033944846,4.24802320940787,"iv",4,2.14682033944846,4.24802320940787,
101,112,"V",5,4.03136399146733,4.4192229958032,"V",5,4.03136399146733,4.4192229958032,
101,113,"i",4,2.29977292746901,4.08311294765072,"i",4,2.29977292746901,4.08311294765072,
101,114,"vio",5,7.5573452960294,4.26861610564278,"vio",5,7.5573452960294,4.26861610564278,
101,115,"iv",2,2.30980388612362,4.33538518532882,"iv",2,2.30980388612362,4.33538518532882,
101,116,"V",2,5.37312611206469,4.16512928902508,"I",2,5.33426328972723,4.16512928902508,0.0388628223374541
101,117,"I",2,3.44583025183754,4.94092735012554,"I",2,4.1614772535927,5.10919275716806,
101,118,"i",3,5.72186089627526,5.04957688059194,"i",3,5.18718162389815,5.0846602454463,
101,119,"iv",3,4.72011675591629,4.68225593899732,"iv",4,4.34821666122757,4.06789322886409,
101,120,"V",3,4.66477891700184,4.73494275502223,"V",4,4.95155518101434,4.3821734354407,
101,121,"i",3,2.9944552693329,4.56296535832041,"i",3,2.9944552693329,4.56296535832041,
,,,,,,,,,,
102,119,"iv",3,4.72011675591629,4.68225593899732,"iv",3,4.72011675591629,4.68225593899732,
102,120,"V",3,4.66477891700184,4.73494275502223,"V",3,4.66477891700184,4.73494275502223,
102,121,"i",3,2.9944552693329,4.56296535832041,"i",3,2.9944552693329,4.56296535832041,
102,122,"vio",4,7.81151532125387,3.93250580707735,"vio",4,7.81151532125387,3.93250580707735,
102,123,"iv",2,2.30980388612362,4.33538518532882,"iv",2,2.30980388612362,4.33538518532882,
102,124,"V",2,5.37312611206469,4.16512928902508,"I",2,5.33426328972723,4.16512928902508,0.0388628223374541
102,125,"I",2,3.44583025183754,4.94092735012554,"I",2,4.1614772535927,5.10919275716806,
102,126,"IV",3,4.5923651709761,5.04957688059194,"IV",3,4.2637366866434,5.0846602454463,
102,127,"IV",4,3.97186902212528,4.40473316352327,"IV",4,4.1009885102873,4.76169338407,
102,128,"I",4,3.32702484757016,4.69239742538466,"I",4,3.55091913410655,4.85525437602134,
102,129,"I",5,2.66168090020326,4.39552480589729,"I",5,2.61977235167975,4.63658131126205,
,,,,,,,,,,
103,188,"iv",4,2.14682033944846,4.24802320940787,"iv",4,2.14682033944846,4.24802320940787,
103,189,"V",5,4.03136399146733,4.4192229958032,"V",5,4.03136399146733,4.4192229958032,
103,190,"i",4,2.29977292746901,4.08311294765072,"i",4,2.29977292746901,4.08311294765072,
103,191,"vio",5,7.5573452960294,4.26861610564278,"vio",5,7.5573452960294,4.26861610564278,
103,192,"iv",2,2.30980388612362,4.33538518532882,"iv",2,2.30980388612362,4.33538518532882,
103,193,"V",2,5.37312611206469,4.16512928902508,"I",2,5.33426328972723,4.16512928902508,0.0388628223374541
103,194,"I",2,3.44583025183754,4.94092735012554,"I",2,4.1614772535927,5.10919275716806,
103,195,"i",3,5.72186089627526,5.04957688059194,"i",3,5.18718162389815,5.0846602454463,
103,196,"iv",3,4.72011675591629,4.68225593899732,"iv",4,4.34821666122757,4.06789322886409,
103,197,"V",3,4.66477891700184,4.73494275502223,"V",4,4.95155518101434,4.3821734354407,
103,198,"i",3,2.9944552693329,4.56296535832041,"i",3,2.9944552693329,4.56296535832041,
,,,,,,,,,,
104,196,"iv",3,4.72011675591629,4.68225593899732,"iv",3,4.72011675591629,4.68225593899732,
104,197,"V",3,4.66477891700184,4.73494275502223,"V",3,4.66477891700184,4.73494275502223,
104,198,"i",3,2.9944552693329,4.56296535832041,"i",3,2.9944552693329,4.56296535832041,
104,199,"vio",4,7.81151532125387,3.93250580707735,"vio",4,7.81151532125387,3.93250580707735,
104,200,"iv",2,2.30980388612362,4.33538518532882,"iv",2,2.30980388612362,4.33538518532882,
104,201,"V",2,5.37312611206469,4.16512928902508,"I",2,5.33426328972723,4.16512928902508,0.0388628223374541
104,202,"I",2,3.44583025183754,4.94092735012554,"I",2,4.1614772535927,5.10919275716806,
104,203,"IV",3,4.5923651709761,5.04957688059194,"IV",3,4.2637366866434,5.0846602454463,
104,204,"IV",4,3.97186902212528,4.40473316352327,"IV",4,4.1009885102873,4.76169338407,
104,205,"I",4,3.32702484757016,4.69239742538466,"I",4,3.55091913410655,4.85525437602134,
104,206,"I",5,2.66168090020326,4.39552480589729,"I",5,2.61977235167975,4.63658131126205,
,,,,,,,,,,
105,245,"iv",4,2.14682033944846,4.24802320940787,"iv",4,2.14682033944846,4.24802320940787,
105,246,"V",5,4.03136399146733,4.4192229958032,"V",5,4.03136399146733,4.4192229958032,
105,247,"i",4,2.29977292746901,4.08311294765072,"i",4,2.29977292746901,4.08311294765072,
105,248,"vio",5,7.5573452960294,4.26861610564278,"vio",5,7.5573452960294,4.26861610564278,
105,249,"iv",2,2.30980388612362,4.33538518532882,"iv",2,2.30980388612362,4.33538518532882,
105,250,"V",2,5.37312611206469,4.16512928902508,"I",2,5.33426328972723,4.16512928902508,0.0388628223374541
105,251,"I",2,3.44583025183754,4.94092735012554,"I",2,4.1614772535927,5.10919275716806,
105,252,"i",3,5.72186089627526,5.04957688059194,"i",3,5.18718162389815,5.0846602454463,
105,253,"iv",3,4.72011675591629,4.68225593899732,"iv",4,4.34821666122757,4.06789322886409,
105,254,"V",3,4.66477891700184,4.73494275502223,"V",4,4.95155518101434,4.3821734354407,
105,255,"i",3,2.9944552693329,4.56296535832041,"i",3,2.9944552693329,4.56296535832041,
,,,,,,,,,,
106,253,"iv",3,4.72011675591629,4.68225593899732,"iv",3,4.72011675591629,4.68225593899732,
106,254,"V",3,4.66477891700184,4.73494275502223,"V",3,4.66477891700184,4.73494275502223,
106,255,"i",3,2.9944552693329,4.56296535832041,"i",3,2.9944552693329,4.56296535832041,
106,256,"vio",4,7.81151532125387,3.93250580707735,"vio",4,7.81151532125387,3.93250580707735,
106,257,"iv",2,2.30980388612362,4.33538518532882,"iv",2,2.30980388612362,4.33538518532882,
106,258,"V",2,5.37312611206469,4.16512928902508,"I",2,5.33426328972723,4.16512928902508,0.0388628223374541
106,259,"I",2,3.44583025183754,4.94092735012554,"I",2,4.1614772535927,5.10919275716806,
106,260,"i",3,5.72186089627526,5.04957688059194,"i",3,5.18718162389815,5.0846602454463,
106,261,"iv",3,4.72011675591629,4.68225593899732,"iv",4,4.34821666122757,4.06789322886409,
106,262,"V",3,4.66477891700184,4.73494275502223,"V",4,4.95155518101434,4.3821734354407,
106,263,"i",3,2.9944552693329,4.56296535832041,"i",3,2.9944552693329,4.56296535832041,
,,,,,,,,,,
107,261,"iv",3,4.72011675591629,4.68225593899732,"iv",3,4.72011675591629,4.68225593899732,
107,262,"V",3,4.66477891700184,4.73494275502223,"V",3,4.66477891700184,4.73494275502223,
107,263,"i",3,2.9944552693329,4.56296535832041,"i",3,2.9944552693329,4.56296535832041,
107,264,"vio",4,7.81151532125387,3.93250580707735,"vio",4,7.81151532125387,3.93250580707735,
107,265,"iv",2,2.30980388612362,4.33538518532882,"iv",2,2.30980388612362,4.33538518532882,
107,266,"V",2,5.37312611206469,4.16512928902508,"I",2,5.33426328972723,4.16512928902508,0.0388628223374541
107,267,"I",2,3.44583025183754,4.94092735012554,"I",2,4.1614772535927,5.10919275716806,
107,268,"i",3,5.72186089627526,5.04957688059194,"i",3,5.18718162389815,5.0846602454463,
107,269,"r",3,3.01090187863354,4.68225593899732,"r",4,3.50917492596008,4.06789322886409,
107,270,"r",2,1.58515932607388,3.34324272889087,"r",2,1.58515932607388,3.34324272889087,
,,,,,,,,,,
108,27,"i",3,2.9944552693329,4.56296535832041,"i",3,2.9944552693329,4.56296535832041,
108,28,"vio",4,7.81151532125387,3.93250580707735,"vio",4,7.81151532125387,3.93250580707735,
108,29,"iv",2,2.30980388612362,4.33538518532882,"iv",2,2.30980388612362,4.33538518532882,
108,30,"V",2,5.37312611206469,4.16512928902508,"V",2,5.37312611206469,4.16512928902508,
108,31,"I",2,3.44583025183754,4.94092735012554,"I",2,3.44583025183754,4.94092735012554,
108,32,"iv",3,5.41490126927062,5.04957688059194,"-VII",3,5.37239033472868,5.04957688059194,0.0425109345419399
108,33,"iv",3,4.64156620559264,4.80233687276538,"iv",3,6.68960430653657,4.28556729997124,
108,34,"i",3,4.69228189134161,4.95099380360449,"i",2,4.52120113078538,5.01004718111802,
108,35,"-VII",3,3.58756818339615,4.69646370619056,"-VII",3,4.50468427569898,4.35031059486191,
108,36,"I",4,4.87849803282559,4.68128530850886,"I",3,5.21273898561563,4.28236490362542,
108,37,"-VII",3,4.83094194542555,4.48759105381399,"-VII",3,4.83094194542555,4.48759105381399,
,,,,,,,,,,
109,74,"i",3,2.9944552693329,4.56296535832041,"i",3,2.9944552693329,4.56296535832041,
109,75,"vio",4,7.81151532125387,3.93250580707735,"vio",4,7.81151532125387,3.93250580707735,
109,76,"iv",2,2.30980388612362,4.33538518532882,"iv",2,2.30980388612362,4.33538518532882,
109,77,"V",2,5.37312611206469,4.16512928902508,"V",2,5.37312611206469,4.16512928902508,
109,78,"I",2,3.44583025183754,4.94092735012554,"I",2,3.44583025183754,4.94092735012554,
109,79,"iv",3,5.41490126927062,5.04957688059194,"-VII",3,5.37239033472868,5.04957688059194,0.0425109345419399
109,80,"iv",3,4.64156620559264,4.80233687276538,"iv",3,6.68960430653657,4.28556729997124,
109,81,"i",3,4.69228189134161,4.95099380360449,"i",2,4.52120113078538,5.01004718111802,
109,82,"-VII",3,3.58756818339615,4.69646370619056,"-VII",3,4.50468427569898,4.35031059486191,
109,83,"I",4,4.87849803282559,4.68128530850886,"I",3,5.21273898561563,4.28236490362542,
109,84,"-VII",3,4.83094194542555,4.48759105381399,"-VII",3,4.83094194542555,4.48759105381399,
,,,,,,,,,,
110,44,"-VII",3,4.83094194542555,4.48759105381399,"-VII",3,4.83094194542555,4.48759105381399,
110,45,"I",3,2.19237144175324,4.03706536913297,"I",3,2.19237144175324,4.03706536913297,
110,46,"iv",4,5.7766450234513,4.66415506498153,"iv",4,5.7766450234513,4.66415506498153,
110,47,"-VII",3,3.53651337412809,4.71982213815348,"-VII",3,3.53651337412809,4.71982213815348,
110,48,"viio",4,8.27018065451634,3.31406944197232,"viio",4,8.27018065451634,3.31406944197232,
110,49,"i",2,5.32770383339152,4.41901061737087,"V",2,5.278932032714,4.41901061737087,0.0487718006775184
110,50,"i",2,4.76018227574531,4.57468533360787,"i",2,5.4631605394597,4.7179497201437,
110,51,"-VII",2,4.369756547924,5.00837089885223,"-VII",2,4.15654745231621,4.94649757727774,
110,52,"-VI",3,3.51159507712138,4.48342280442325,"-VI",3,2.88460431989947,4.70785830444697,
110,53,"-III",4,3.8668329764547,4.2967467794104,"-III",4,3.93456574811208,4.25141719680528,
110,54,"IV",4,2.69632312993299,4.14689931681458,"IV",4,2.69632312993299,4.14689931681458,
,,,,,,,,,,
111,91,"-VII",3,4.83094194542555,4.48759105381399,"-VII",3,4.83094194542555,4.48759105381399,
111,92,"I",3,2.19237144175324,4.03706536913297,"I",3,2.19237144175324,4.03706536913297,
111,93,"iv",4,5.7766450234513,4.66415506498153,"iv",4,5.7766450234513,4.66415506498153,
111,94,"-VII",3,3.53651337412809,4.71982213815348,"-VII",3,3.53651337412809,4.71982213815348,
111,95,"viio",4,8.27018065451634,3.31406944197232,"viio",4,8.27018065451634,3.31406944197232,
111,96,"i",2,5.32770383339152,4.41901061737087,"V",2,5.278932032714,4.41901061737087,0.0487718006775184
111,97,"i",2,4.76018227574531,4.57468533360787,"i",2,5.4631605394597,4.7179497201437,
111,98,"-VII",2,4.369756547924,5.00837089885223,"-VII",2,4.15654745231621,4.94649757727774,
111,99,"-VI",3,3.51159507712138,4.48342280442325,"-VI",3,2.88460431989947,4.70785830444697,
111,100,"-III",4,3.8668329764547,4.2967467794104,"-III",4,3.93456574811208,4.25141719680528,
111,101,"IV",4,2.69632312993299,4.14689931681458,"IV",4,2.69632312993299,4.14689931681458,
,,,,,,,,,,
112,168,"-VII",3,4.83094194542555,4.48759105381399,"-VII",3,4.83094194542555,4.48759105381399,
112,169,"I",3,2.19237144175324,4.03706536913297,"I",3,2.19237144175324,4.03706536913297,
112,170,"iv",4,5.7766450234513,4.66415506498153,"iv",4,5.7766450234513,4.66415506498153,
112,171,"-VII",3,3.53651337412809,4.71982213815348,"-VII",3,3.53651337412809,4.71982213815348,
112,172,"viio",4,8.27018065451634,3.31406944197232,"viio",4,8.27018065451634,3.31406944197232,
112,173,"i",2,5.32770383339152,4.41901061737087,"V",2,5.278932032714,4.41901061737087,0.0487718006775184
112,174,"i",2,4.76018227574531,4.57468533360787,"i",2,5.4631605394597,4.7179497201437,
112,175,"-VII",2,4.369756547924,5.00837089885223,"-VII",2,4.15654745231621,4.94649757727774,
112,176,"-VI",3,3.51159507712138,4.48342280442325,"-VI",3,2.88460431989947,4.70785830444697,
112,177,"-III",4,3.8668329764547,4.2967467794104,"-III",4,3.93456574811208,4.25141719680528,
112,178,"IV",4,2.69632312993299,4.14689931681458,"IV",4,2.69632312993299,4.14689931681458,
,,,,,,,,,,
113,225,"i",6,2.68563639049407,4.34045132449631,"i",6,2.68563639049407,4.34045132449631,
113,226,"i",7,2.18243731443904,4.17247391450916,"i",7,2.18243731443904,4.17247391450916,
113,227,"iv",8,1.84657847096343,3.58037665495631,"iv",8,1.84657847096343,3.58037665495631,
113,228,"-VII",8,7.52311223501137,0.915131110678904,"-VII",8,7.52311223501137,0.915131110678904,
113,229,"viio",4,7.98169684400735,3.73749875910755,"viio",4,7.98169684400735,3.73749875910755,
113,230,"i",2,5.32770383339152,4.41901061737087,"V",2,5.278932032714,4.41901061737087,0.0487718006775184
113,231,"i",2,4.76018227574531,4.57468533360787,"i",2,5.4631605394597,4.7179497201437,
113,232,"-VII",2,4.369756547924,5.00837089885223,"-VII",2,4.15654745231621,4.94649757727774,
113,233,"-VI",3,3.51159507712138,4.48342280442325,"-VI",3,2.88460431989947,4.70785830444697,
113,234,"-III",4,3.8668329764547,4.2967467794104,"-III",4,3.93456574811208,4.25141719680528,
113,235,"IV",4,2.69632312993299,4.14689931681458,"IV",4,2.69632312993299,4.14689931681458,
,,,,,,,,,,
114,133,"I",9,2.71972171914787,4.14257514640315,"I",9,2.71972171914787,4.14257514640315,
114,134,"-III",9,5.81563055115413,4.19158349158548,"-III",9,5.81563055115413,4.19158349158548,
114,135,"-III",7,3.79446788842609,4.2588519480788,"-III",7,3.79446788842609,4.2588519480788,
114,136,"ii",5,4.80044289324473,4.18296039651023,"ii",5,4.80044289324473,4.18296039651023,
114,137,"ii",3,6.71819255177871,2.05342421192301,"ii",3,6.71819255177871,2.05342421192301,
114,138,"-II+",2,7.72132158754962,4.96461428251949,"-III+",2,7.67156855235253,4.96461428251949,0.0497530351970994
114,139,"-II+",0,6.71593189429401,5.10163169593222,"-II+",1,7.25788404047601,4.31589832334875,
114,140,"I",0,5.49353947295756,5.10163169593222,"I",0,5.49353947295756,5.10163169593222,
114,141,"I",1,4.59121477294879,5.1826745041452,"I",1,4.59121477294879,5.1826745041452,
114,142,"iv",2,5.03672053131097,5.15183653934212,"iv",2,5.03672053131097,5.15183653934212,
114,143,"iv",3,3.04595611286263,4.71989833609685,"iv",3,3.04595611286263,4.71989833609685,
,,,,,,,,,,
115,133,"I",9,2.71972171914787,4.14257514640315,"I",9,2.71972171914787,4.14257514640315,
115,134,"-III",9,5.81563055115413,4.19158349158548,"-III",9,5.81563055115413,4.19158349158548,
115,135,"-III",7,3.79446788842609,4.2588519480788,"-III",7,3.79446788842609,4.2588519480788,
115,136,"ii",5,4.80044289324473,4.18296039651023,"ii",5,4.80044289324473,4.18296039651023,
115,137,"ii",3,6.71819255177871,2.05342421192301,"ii",3,6.71819255177871,2.05342421192301,
115,138,"-II+",2,7.72132158754962,4.96461428251949,"VII+",2,7.67156855235253,4.96461428251949,0.0497530351970994
115,139,"-II+",0,6.71593189429401,5.10163169593222,"-II+",1,7.2631662250162,4.32326076796794,
115,140,"I",0,5.49353947295756,5.10163169593222,"I",0,5.49353947295756,5.10163169593222,
115,141,"I",1,4.59121477294879,5.1826745041452,"I",1,4.59121477294879,5.1826745041452,
115,142,"iv",2,5.03672053131097,5.15183653934212,"iv",2,5.03672053131097,5.15183653934212,
115,143,"iv",3,3.04595611286263,4.71989833609685,"iv",3,3.04595611286263,4.71989833609685,
,,,,,,,,,,
116,133,"I",9,2.71972171914787,4.14257514640315,"I",9,2.71972171914787,4.14257514640315,
116,134,"-III",9,5.81563055115413,4.19158349158548,"-III",9,5.81563055115413,4.19158349158548,
116,135,"-III",7,3.79446788842609,4.2588519480788,"-III",7,3.79446788842609,4.2588519480788,
116,136,"ii",5,4.80044289324473,4.18296039651023,"ii",5,4.80044289324473,4.18296039651023,
116,137,"ii",3,6.71819255177871,2.05342421192301,"ii",3,6.71819255177871,2.05342421192301,
116,138,"-II+",2,7.72132158754962,4.96461428251949,"#IV+",2,7.67156855235253,4.96461428251949,0.0497530351970994
116,139,"-II+",0,6.71593189429401,5.10163169593222,"-II+",1,7.24759444290283,4.58880051826105,
116,140,"I",0,5.49353947295756,5.10163169593222,"I",0,5.49353947295756,5.10163169593222,
116,141,"I",1,4.59121477294879,5.1826745041452,"I",1,4.59121477294879,5.1826745041452,
116,142,"iv",2,5.03672053131097,5.15183653934212,"iv",2,5.03672053131097,5.15183653934212,
116,143,"iv",3,3.04595611286263,4.71989833609685,"iv",3,3.04595611286263,4.71989833609685,
,,,,,,,,,,
117,133,"I",9,2.71972171914787,4.14257514640315,"I",9,2.71972171914787,4.14257514640315,
117,134,"-III",9,5.81563055115413,4.19158349158548,"-III",9,5.81563055115413,4.19158349158548,
117,135,"-III",7,3.79446788842609,4.2588519480788,"-III",7,3.79446788842609,4.2588519480788,
117,136,"ii",5,4.80044289324473,4.18296039651023,"ii",5,4.80044289324473,4.18296039651023,
117,137,"ii",3,6.71819255177871,2.05342421192301,"ii",3,6.71819255177871,2.05342421192301,
117,138,"-II+",2,7.72132158754962,4.96461428251949,"-IV",2,7.67156855235253,4.96461428251949,0.0497530351970994
117,139,"-II+",0,6.71593189429401,5.10163169593222,"-II+",1,7.26184749088335,4.3212739070124,
117,140,"I",0,5.49353947295756,5.10163169593222,"I",0,5.49353947295756,5.10163169593222,
117,141,"I",1,4.59121477294879,5.1826745041452,"I",1,4.59121477294879,5.1826745041452,
117,142,"iv",2,5.03672053131097,5.15183653934212,"iv",2,5.03672053131097,5.15183653934212,
117,143,"iv",3,3.04595611286263,4.71989833609685,"iv",3,3.04595611286263,4.71989833609685,
,,,,,,,,,,
118,133,"I",9,2.71972171914787,4.14257514640315,"I",9,2.71972171914787,4.14257514640315,
118,134,"-III",9,5.81563055115413,4.19158349158548,"-III",9,5.81563055115413,4.19158349158548,
118,135,"-III",7,3.79446788842609,4.2588519480788,"-III",7,3.79446788842609,4.2588519480788,
118,136,"ii",5,4.80044289324473,4.18296039651023,"ii",5,4.80044289324473,4.18296039651023,
118,137,"ii",3,6.71819255177871,2.05342421192301,"ii",3,6.71819255177871,2.05342421192301,
118,138,"-II+",2,7.72132158754962,4.96461428251949,"-VII+",2,7.67156855235253,4.96461428251949,0.0497530351970994
118,139,"-II+",0,6.71593189429401,5.10163169593222,"-II+",1,7.26184749088335,4.3212739070124,
118,140,"I",0,5.49353947295756,5.10163169593222,"I",0,5.49353947295756,5.10163169593222,
118,141,"I",1,4.59121477294879,5.1826745041452,"I",1,4.59121477294879,5.1826745041452,
118,142,"iv",2,5.03672053131097,5.15183653934212,"iv",2,5.03672053131097,5.15183653934212,
118,143,"iv",3,3.04595611286263,4.71989833609685,"iv",3,3.04595611286263,4.71989833609685,
,,,,,,,,,,
119,133,"I",9,2.71972171914787,4.14257514640315,"I",9,2.71972171914787,4.14257514640315,
119,134,"-III",9,5.81563055115413,4.19158349158548,"-III",9,5.81563055115413,4.19158349158548,
119,135,"-III",7,3.79446788842609,4.2588519480788,"-III",7,3.79446788842609,4.2588519480788,
119,136,"ii",5,4.80044289324473,4.18296039651023,"ii",5,4.80044289324473,4.18296039651023,
119,137,"ii",3,6.71819255177871,2.05342421192301,"ii",3,6.71819255177871,2.05342421192301,
119,138,"-II+",2,7.72132158754962,4.96461428251949,"#v",2,7.67156855235253,4.96461428251949,0.0497530351970994
119,139,"-II+",0,6.71593189429401,5.10163169593222,"-II+",1,7.25490429062316,4.59911275455317,
119,140,"I",0,5.49353947295756,5.10163169593222,"I",0,5.49353947295756,5.10163169593222,
119,141,"I",1,4.59121477294879,5.1826745041452,"I",1,4.59121477294879,5.1826745041452,
119,142,"iv",2,5.03672053131097,5.15183653934212,"iv",2,5.03672053131097,5.15183653934212,
119,143,"iv",3,3.04595611286263,4.71989833609685,"iv",3,3.04595611286263,4.71989833609685,
,,,,,,,,,,
120,133,"I",9,2.71972171914787,4.14257514640315,"I",9,2.71972171914787,4.14257514640315,
120,134,"-III",9,5.81563055115413,4.19158349158548,"-III",9,5.81563055115413,4.19158349158548,
120,135,"-III",7,3.79446788842609,4.2588519480788,"-III",7,3.79446788842609,4.2588519480788,
120,136,"ii",5,4.80044289324473,4.18296039651023,"ii",5,4.80044289324473,4.18296039651023,
120,137,"ii",3,6.71819255177871,2.05342421192301,"ii",3,6.71819255177871,2.05342421192301,
120,138,"-II+",2,7.72132158754962,4.96461428251949,"IV+",2,7.67156855235253,4.96461428251949,0.0497530351970994
120,139,"-II+",0,6.71593189429401,5.10163169593222,"-II+",1,7.25887592435206,4.31716621325443,
120,140,"I",0,5.49353947295756,5.10163169593222,"I",0,5.49353947295756,5.10163169593222,
120,141,"I",1,4.59121477294879,5.1826745041452,"I",1,4.59121477294879,5.1826745041452,
120,142,"iv",2,5.03672053131097,5.15183653934212,"iv",2,5.03672053131097,5.15183653934212,
120,143,"iv",3,3.04595611286263,4.71989833609685,"iv",3,3.04595611286263,4.71989833609685,
,,,,,,,,,,
121,133,"I",9,2.71972171914787,4.14257514640315,"I",9,2.71972171914787,4.14257514640315,
121,134,"-III",9,5.81563055115413,4.19158349158548,"-III",9,5.81563055115413,4.19158349158548,
121,135,"-III",7,3.79446788842609,4.2588519480788,"-III",7,3.79446788842609,4.2588519480788,
121,136,"ii",5,4.80044289324473,4.18296039651023,"ii",5,4.80044289324473,4.18296039651023,
121,137,"ii",3,6.71819255177871,2.05342421192301,"ii",3,6.71819255177871,2.05342421192301,
121,138,"-II+",2,7.72132158754962,4.96461428251949,"-vo",2,7.67156855235253,4.96461428251949,0.0497530351970994
121,139,"-II+",0,6.71593189429401,5.10163169593222,"-II+",1,7.2674438049618,4.3305420929123,
121,140,"I",0,5.49353947295756,5.10163169593222,"I",0,5.49353947295756,5.10163169593222,
121,141,"I",1,4.59121477294879,5.1826745041452,"I",1,4.59121477294879,5.1826745041452,
121,142,"iv",2,5.03672053131097,5.15183653934212,"iv",2,5.03672053131097,5.15183653934212,
121,143,"iv",3,3.04595611286263,4.71989833609685,"iv",3,3.04595611286263,4.71989833609685,
,,,,,,,,,,
122,210,"I",9,2.71972171914787,4.14257514640315,"I",9,2.71972171914787,4.14257514640315,
122,211,"-III",9,5.81563055115413,4.19158349158548,"-III",9,5.81563055115413,4.19158349158548,
122,212,"-III",7,3.79446788842609,4.2588519480788,"-III",7,3.79446788842609,4.2588519480788,
122,213,"ii",5,4.80044289324473,4.18296039651023,"ii",5,4.80044289324473,4.18296039651023,
122,214,"ii",3,6.71819255177871,2.05342421192301,"ii",3,6.71819255177871,2.05342421192301,
122,215,"-II+",2,7.72132158754962,4.96461428251949,"-III+",2,7.67156855235253,4.96461428251949,0.0497530351970994
122,216,"-II+",0,6.71593189429401,5.10163169593222,"-II+",1,7.25788404047601,4.31589832334875,
122,217,"I",0,5.49353947295756,5.10163169593222,"I",0,5.49353947295756,5.10163169593222,
122,218,"I",1,4.59121477294879,5.1826745041452,"I",1,4.59121477294879,5.1826745041452,
122,219,"iv",2,5.03672053131097,5.15183653934212,"iv",2,5.03672053131097,5.15183653934212,
122,220,"iv",3,3.04595611286263,4.71989833609685,"iv",3,3.04595611286263,4.71989833609685,
,,,,,,,,,,
123,210,"I",9,2.71972171914787,4.14257514640315,"I",9,2.71972171914787,4.14257514640315,
123,211,"-III",9,5.81563055115413,4.19158349158548,"-III",9,5.81563055115413,4.19158349158548,
123,212,"-III",7,3.79446788842609,4.2588519480788,"-III",7,3.79446788842609,4.2588519480788,
123,213,"ii",5,4.80044289324473,4.18296039651023,"ii",5,4.80044289324473,4.18296039651023,
123,214,"ii",3,6.71819255177871,2.05342421192301,"ii",3,6.71819255177871,2.05342421192301,
123,215,"-II+",2,7.72132158754962,4.96461428251949,"VII+",2,7.67156855235253,4.96461428251949,0.0497530351970994
123,216,"-II+",0,6.71593189429401,5.10163169593222,"-II+",1,7.2631662250162,4.32326076796794,
123,217,"I",0,5.49353947295756,5.10163169593222,"I",0,5.49353947295756,5.10163169593222,
123,218,"I",1,4.59121477294879,5.1826745041452,"I",1,4.59121477294879,5.1826745041452,
123,219,"iv",2,5.03672053131097,5.15183653934212,"iv",2,5.03672053131097,5.15183653934212,
123,220,"iv",3,3.04595611286263,4.71989833609685,"iv",3,3.04595611286263,4.71989833609685,
,,,,,,,,,,
124,210,"I",9,2.71972171914787,4.14257514640315,"I",9,2.71972171914787,4.14257514640315,
124,211,"-III",9,5.81563055115413,4.19158349158548,"-III",9,5.81563055115413,4.19158349158548,
124,212,"-III",7,3.79446788842609,4.2588519480788,"-III",7,3.79446788842609,4.2588519480788,
124,213,"ii",5,4.80044289324473,4.18296039651023,"ii",5,4.80044289324473,4.18296039651023,
124,214,"ii",3,6.71819255177871,2.05342421192301,"ii",3,6.71819255177871,2.05342421192301,
124,215,"-II+",2,7.72132158754962,4.96461428251949,"#IV+",2,7.67156855235253,4.96461428251949,0.0497530351970994
124,216,"-II+",0,6.71593189429401,5.10163169593222,"-II+",1,7.24759444290283,4.58880051826105,
124,217,"I",0,5.49353947295756,5.10163169593222,"I",0,5.49353947295756,5.10163169593222,
124,218,"I",1,4.59121477294879,5.1826745041452,"I",1,4.59121477294879,5.1826745041452,
124,219,"iv",2,5.03672053131097,5.15183653934212,"iv",2,5.03672053131097,5.15183653934212,
124,220,"iv",3,3.04595611286263,4.71989833609685,"iv",3,3.04595611286263,4.71989833609685,
,,,,,,,,,,
125,210,"I",9,2.71972171914787,4.14257514640315,"I",9,2.71972171914787,4.14257514640315,
125,211,"-III",9,5.81563055115413,4.19158349158548,"-III",9,5.81563055115413,4.19158349158548,
125,212,"-III",7,3.79446788842609,4.2588519480788,"-III",7,3.79446788842609,4.2588519480788,
125,213,"ii",5,4.80044289324473,4.18296039651023,"ii",5,4.80044289324473,4.18296039651023,
125,214,"ii",3,6.71819255177871,2.05342421192301,"ii",3,6.71819255177871,2.05342421192301,
125,215,"-II+",2,7.72132158754962,4.96461428251949,"-IV",2,7.67156855235253,4.96461428251949,0.0497530351970994
125,216,"-II+",0,6.71593189429401,5.10163169593222,"-II+",1,7.26184749088335,4.3212739070124,
125,217,"I",0,5.49353947295756,5.10163169593222,"I",0,5.49353947295756,5.10163169593222,
125,218,"I",1,4.59121477294879,5.1826745041452,"I",1,4.59121477294879,5.1826745041452,
125,219,"iv",2,5.03672053131097,5.15183653934212,"iv",2,5.03672053131097,5.15183653934212,
125,220,"iv",3,3.04595611286263,4.71989833609685,"iv",3,3.04595611286263,4.71989833609685,
,,,,,,,,,,
126,210,"I",9,2.71972171914787,4.14257514640315,"I",9,2.71972171914787,4.14257514640315,
126,211,"-III",9,5.81563055115413,4.19158349158548,"-III",9,5.81563055115413,4.19158349158548,
126,212,"-III",7,3.79446788842609,4.2588519480788,"-III",7,3.79446788842609,4.2588519480788,
126,213,"ii",5,4.80044289324473,4.18296039651023,"ii",5,4.80044289324473,4.18296039651023,
126,214,"ii",3,6.71819255177871,2.05342421192301,"ii",3,6.71819255177871,2.05342421192301,
126,215,"-II+",2,7.72132158754962,4.96461428251949,"-VII+",2,7.67156855235253,4.96461428251949,0.0497530351970994
126,216,"-II+",0,6.71593189429401,5.10163169593222,"-II+",1,7.26184749088335,4.3212739070124,
126,217,"I",0,5.49353947295756,5.10163169593222,"I",0,5.49353947295756,5.10163169593222,
126,218,"I",1,4.59121477294879,5.1826745041452,"I",1,4.59121477294879,5.1826745041452,
126,219,"iv",2,5.03672053131097,5.15183653934212,"iv",2,5.03672053131097,5.15183653934212,
126,220,"iv",3,3.04595611286263,4.71989833609685,"iv",3,3.04595611286263,4.71989833609685,
,,,,,,,,,,
127,210,"I",9,2.71972171914787,4.14257514640315,"I",9,2.71972171914787,4.14257514640315,
127,211,"-III",9,5.81563055115413,4.19158349158548,"-III",9,5.81563055115413,4.19158349158548,
127,212,"-III",7,3.79446788842609,4.2588519480788,"-III",7,3.79446788842609,4.2588519480788,
127,213,"ii",5,4.80044289324473,4.18296039651023,"ii",5,4.80044289324473,4.18296039651023,
127,214,"ii",3,6.71819255177871,2.05342421192301,"ii",3,6.71819255177871,2.05342421192301,
127,215,"-II+",2,7.72132158754962,4.96461428251949,"#v",2,7.67156855235253,4.96461428251949,0.0497530351970994
127,216,"-II+",0,6.71593189429401,5.10163169593222,"-II+",1,7.25490429062316,4.59911275455317,
127,217,"I",0,5.49353947295756,5.10163169593222,"I",0,5.49353947295756,5.10163169593222,
127,218,"I",1,4.59121477294879,5.1826745041452,"I",1,4.59121477294879,5.1826745041452,
127,219,"iv",2,5.03672053131097,5.15183653934212,"iv",2,5.03672053131097,5.15183653934212,
127,220,"iv",3,3.04595611286263,4.71989833609685,"iv",3,3.04595611286263,4.71989833609685,
,,,,,,,,,,
128,210,"I",9,2.71972171914787,4.14257514640315,"I",9,2.71972171914787,4.14257514640315,
128,211,"-III",9,5.81563055115413,4.19158349158548,"-III",9,5.81563055115413,4.19158349158548,
128,212,"-III",7,3.79446788842609,4.2588519480788,"-III",7,3.79446788842609,4.2588519480788,
128,213,"ii",5,4.80044289324473,4.18296039651023,"ii",5,4.80044289324473,4.18296039651023,
128,214,"ii",3,6.71819255177871,2.05342421192301,"ii",3,6.71819255177871,2.05342421192301,
128,215,"-II+",2,7.72132158754962,4.96461428251949,"IV+",2,7.67156855235253,4.96461428251949,0.0497530351970994
128,216,"-II+",0,6.71593189429401,5.10163169593222,"-II+",1,7.25887592435206,4.31716621325443,
128,217,"I",0,5.49353947295756,5.10163169593222,"I",0,5.49353947295756,5.10163169593222,
128,218,"I",1,4.59121477294879,5.1826745041452,"I",1,4.59121477294879,5.1826745041452,
128,219,"iv",2,5.03672053131097,5.15183653934212,"iv",2,5.03672053131097,5.15183653934212,
128,220,"iv",3,3.04595611286263,4.71989833609685,"iv",3,3.04595611286263,4.71989833609685,
,,,,,,,,,,
129,210,"I",9,2.71972171914787,4.14257514640315,"I",9,2.71972171914787,4.14257514640315,
129,211,"-III",9,5.81563055115413,4.19158349158548,"-III",9,5.81563055115413,4.19158349158548,
129,212,"-III",7,3.79446788842609,4.2588519480788,"-III",7,3.79446788842609,4.2588519480788,
129,213,"ii",5,4.80044289324473,4.18296039651023,"ii",5,4.80044289324473,4.18296039651023,
129,214,"ii",3,6.71819255177871,2.05342421192301,"ii",3,6.71819255177871,2.05342421192301,
129,215,"-II+",2,7.72132158754962,4.96461428251949,"-vo",2,7.67156855235253,4.96461428251949,0.0497530351970994
129,216,"-II+",0,6.71593189429401,5.10163169593222,"-II+",1,7.2674438049618,4.3305420929123,
129,217,"I",0,5.49353947295756,5.10163169593222,"I",0,5.49353947295756,5.10163169593222,
129,218,"I",1,4.59121477294879,5.1826745041452,"I",1,4.59121477294879,5.1826745041452,
129,219,"iv",2,5.03672053131097,5.15183653934212,"iv",2,5.03672053131097,5.15183653934212,
129,220,"iv",3,3.04595611286263,4.71989833609685,"iv",3,3.04595611286263,4.71989833609685,
,,,,,,,,,,
130,134,"-III",9,5.81563055115413,4.19158349158548,"-III",9,5.81563055115413,4.19158349158548,
130,135,"-III",7,3.79446788842609,4.2588519480788,"-III",7,3.79446788842609,4.2588519480788,
130,136,"ii",5,4.80044289324473,4.18296039651023,"ii",5,4.80044289324473,4.18296039651023,
130,137,"ii",3,6.71819255177871,2.05342421192301,"ii",3,6.71819255177871,2.05342421192301,
130,138,"-II+",2,7.72132158754962,4.96461428251949,"-II+",2,7.72132158754962,4.96461428251949,
130,139,"-II+",0,6.71593189429401,5.10163169593222,"-III+",0,6.66617885909691,5.10163169593222,0.0497530351971003
130,140,"I",0,5.49353947295756,5.10163169593222,"I",1,6.03549161913956,4.31589832334875,
130,141,"I",1,4.59121477294879,5.1826745041452,"I",1,4.59121477294879,5.1826745041452,
130,142,"iv",2,5.03672053131097,5.15183653934212,"iv",2,5.03672053131097,5.15183653934212,
130,143,"iv",3,3.04595611286263,4.71989833609685,"iv",3,3.04595611286263,4.71989833609685,
130,144,"i",4,5.04899100129851,4.68275528329193,"i",4,5.04899100129851,4.68275528329193,
,,,,,,,,,,
131,134,"-III",9,5.81563055115413,4.19158349158548,"-III",9,5.81563055115413,4.19158349158548,
131,135,"-III",7,3.79446788842609,4.2588519480788,"-III",7,3.79446788842609,4.2588519480788,
131,136,"ii",5,4.80044289324473,4.18296039651023,"ii",5,4.80044289324473,4.18296039651023,
131,137,"ii",3,6.71819255177871,2.05342421192301,"ii",3,6.71819255177871,2.05342421192301,
131,138,"-II+",2,7.72132158754962,4.96461428251949,"-II+",2,7.72132158754962,4.96461428251949,
131,139,"-II+",0,6.71593189429401,5.10163169593222,"VII+",0,6.66617885909691,5.10163169593222,0.0497530351971003
131,140,"I",0,5.49353947295756,5.10163169593222,"I",1,6.04077380367976,4.32326076796794,
131,141,"I",1,4.59121477294879,5.1826745041452,"I",1,4.59121477294879,5.1826745041452,
131,142,"iv",2,5.03672053131097,5.15183653934212,"iv",2,5.03672053131097,5.15183653934212,
131,143,"iv",3,3.04595611286263,4.71989833609685,"iv",3,3.04595611286263,4.71989833609685,
131,144,"i",4,5.04899100129851,4.68275528329193,"i",4,5.04899100129851,4.68275528329193,
,,,,,,,,,,
132,134,"-III",9,5.81563055115413,4.19158349158548,"-III",9,5.81563055115413,4.19158349158548,
132,135,"-III",7,3.79446788842609,4.2588519480788,"-III",7,3.79446788842609,4.2588519480788,
132,136,"ii",5,4.80044289324473,4.18296039651023,"ii",5,4.80044289324473,4.18296039651023,
132,137,"ii",3,6.71819255177871,2.05342421192301,"ii",3,6.71819255177871,2.05342421192301,
132,138,"-II+",2,7.72132158754962,4.96461428251949,"-II+",2,7.72132158754962,4.96461428251949,
132,139,"-II+",0,6.71593189429401,5.10163169593222,"#IV+",0,6.66617885909691,5.10163169593222,0.0497530351971003
132,140,"I",0,5.49353947295756,5.10163169593222,"I",1,6.02520202156638,4.58880051826105,
132,141,"I",1,4.59121477294879,5.1826745041452,"I",1,4.59121477294879,5.1826745041452,
132,142,"iv",2,5.03672053131097,5.15183653934212,"iv",2,5.03672053131097,5.15183653934212,
132,143,"iv",3,3.04595611286263,4.71989833609685,"iv",3,3.04595611286263,4.71989833609685,
132,144,"i",4,5.04899100129851,4.68275528329193,"i",4,5.04899100129851,4.68275528329193,
,,,,,,,,,,
133,134,"-III",9,5.81563055115413,4.19158349158548,"-III",9,5.81563055115413,4.19158349158548,
133,135,"-III",7,3.79446788842609,4.2588519480788,"-III",7,3.79446788842609,4.2588519480788,
133,136,"ii",5,4.80044289324473,4.18296039651023,"ii",5,4.80044289324473,4.18296039651023,
133,137,"ii",3,6.71819255177871,2.05342421192301,"ii",3,6.71819255177871,2.05342421192301,
133,138,"-II+",2,7.72132158754962,4.96461428251949,"-II+",2,7.72132158754962,4.96461428251949,
133,139,"-II+",0,6.71593189429401,5.10163169593222,"-IV",0,6.66617885909691,5.10163169593222,0.0497530351971003
133,140,"I",0,5.49353947295756,5.10163169593222,"I",1,6.0394550695469,4.3212739070124,
133,141,"I",1,4.59121477294879,5.1826745041452,"I",1,4.59121477294879,5.1826745041452,
133,142,"iv",2,5.03672053131097,5.15183653934212,"iv",2,5.03672053131097,5.15183653934212,
133,143,"iv",3,3.04595611286263,4.71989833609685,"iv",3,3.04595611286263,4.71989833609685,
133,144,"i",4,5.04899100129851,4.68275528329193,"i",4,5.04899100129851,4.68275528329193,
,,,,,,,,,,
134,134,"-III",9,5.81563055115413,4.19158349158548,"-III",9,5.81563055115413,4.19158349158548,
134,135,"-III",7,3.79446788842609,4.2588519480788,"-III",7,3.79446788842609,4.2588519480788,
134,136,"ii",5,4.80044289324473,4.18296039651023,"ii",5,4.80044289324473,4.18296039651023,
134,137,"ii",3,6.71819255177871,2.05342421192301,"ii",3,6.71819255177871,2.05342421192301,
134,138,"-II+",2,7.72132158754962,4.96461428251949,"-II+",2,7.72132158754962,4.96461428251949,
134,139,"-II+",0,6.71593189429401,5.10163169593222,"-VII+",0,6.66617885909691,5.10163169593222,0.0497530351971003
134,140,"I",0,5.49353947295756,5.10163169593222,"I",1,6.0394550695469,4.3212739070124,
134,141,"I",1,4.59121477294879,5.1826745041452,"I",1,4.59121477294879,5.1826745041452,
134,142,"iv",2,5.03672053131097,5.15183653934212,"iv",2,5.03672053131097,5.15183653934212,
134,143,"iv",3,3.04595611286263,4.71989833609685,"iv",3,3.04595611286263,4.71989833609685,
134,144,"i",4,5.04899100129851,4.68275528329193,"i",4,5.04899100129851,4.68275528329193,
,,,,,,,,,,
135,134,"-III",9,5.81563055115413,4.19158349158548,"-III",9,5.81563055115413,4.19158349158548,
135,135,"-III",7,3.79446788842609,4.2588519480788,"-III",7,3.79446788842609,4.2588519480788,
135,136,"ii",5,4.80044289324473,4.18296039651023,"ii",5,4.80044289324473,4.18296039651023,
135,137,"ii",3,6.71819255177871,2.05342421192301,"ii",3,6.71819255177871,2.05342421192301,
135,138,"-II+",2,7.72132158754962,4.96461428251949,"-II+",2,7.72132158754962,4.96461428251949,
135,139,"-II+",0,6.71593189429401,5.10163169593222,"#v",0,6.66617885909691,5.10163169593222,0.0497530351971003
135,140,"I",0,5.49353947295756,5.10163169593222,"I",1,2.54669768943838,4.59911275455317,
135,141,"I",1,4.59121477294879,5.1826745041452,"I",2,2.21608327421399,4.79070312392459,
135,142,"iv",2,5.03672053131097,5.15183653934212,"iv",3,5.29604745948528,4.98339760085706,
135,143,"iv",3,3.04595611286263,4.71989833609685,"iv",3,3.04595611286263,4.71989833609685,
135,144,"i",4,5.04899100129851,4.68275528329193,"i",4,5.04899100129851,4.68275528329193,
,,,,,,,,,,
136,134,"-III",9,5.81563055115413,4.19158349158548,"-III",9,5.81563055115413,4.19158349158548,
136,135,"-III",7,3.79446788842609,4.2588519480788,"-III",7,3.79446788842609,4.2588519480788,
136,136,"ii",5,4.80044289324473,4.18296039651023,"ii",5,4.80044289324473,4.18296039651023,
136,137,"ii",3,6.71819255177871,2.05342421192301,"ii",3,6.71819255177871,2.05342421192301,
136,138,"-II+",2,7.72132158754962,4.96461428251949,"-II+",2,7.72132158754962,4.96461428251949,
136,139,"-II+",0,6.71593189429401,5.10163169593222,"IV+",0,6.66617885909691,5.10163169593222,0.0497530351971003
136,140,"I",0,5.49353947295756,5.10163169593222,"I",1,6.03648350301561,4.31716621325443,
136,141,"I",1,4.59121477294879,5.1826745041452,"I",1,4.59121477294879,5.1826745041452,
136,142,"iv",2,5.03672053131097,5.15183653934212,"iv",2,5.03672053131097,5.15183653934212,
136,143,"iv",3,3.04595611286263,4.71989833609685,"iv",3,3.04595611286263,4.71989833609685,
136,144,"i",4,5.04899100129851,4.68275528329193,"i",4,5.04899100129851,4.68275528329193,
,,,,,,,,,,
137,134,"-III",9,5.81563055115413,4.19158349158548,"-III",9,5.81563055115413,4.19158349158548,
137,135,"-III",7,3.79446788842609,4.2588519480788,"-III",7,3.79446788842609,4.2588519480788,
137,136,"ii",5,4.80044289324473,4.18296039651023,"ii",5,4.80044289324473,4.18296039651023,
137,137,"ii",3,6.71819255177871,2.05342421192301,"ii",3,6.71819255177871,2.05342421192301,
137,138,"-II+",2,7.72132158754962,4.96461428251949,"-II+",2,7.72132158754962,4.96461428251949,
137,139,"-II+",0,6.71593189429401,5.10163169593222,"-vo",0,6.66617885909691,5.10163169593222,0.0497530351971003
137,140,"I",0,5.49353947295756,5.10163169593222,"I",1,6.04505138362535,4.3305420929123,
137,141,"I",1,4.59121477294879,5.1826745041452,"I",1,4.59121477294879,5.1826745041452,
137,142,"iv",2,5.03672053131097,5.15183653934212,"iv",2,5.03672053131097,5.15183653934212,
137,143,"iv",3,3.04595611286263,4.71989833609685,"iv",3,3.04595611286263,4.71989833609685,
137,144,"i",4,5.04899100129851,4.68275528329193,"i",4,5.04899100129851,4.68275528329193,
,,,,,,,,,,
138,211,"-III",9,5.81563055115413,4.19158349158548,"-III",9,5.81563055115413,4.19158349158548,
138,212,"-III",7,3.79446788842609,4.2588519480788,"-III",7,3.79446788842609,4.2588519480788,
138,213,"ii",5,4.80044289324473,4.18296039651023,"ii",5,4.80044289324473,4.18296039651023,
138,214,"ii",3,6.71819255177871,2.05342421192301,"ii",3,6.71819255177871,2.05342421192301,
138,215,"-II+",2,7.72132158754962,4.96461428251949,"-II+",2,7.72132158754962,4.96461428251949,
138,216,"-II+",0,6.71593189429401,5.10163169593222,"-III+",0,6.66617885909691,5.10163169593222,0.0497530351971003
138,217,"I",0,5.49353947295756,5.10163169593222,"I",1,6.03549161913956,4.31589832334875,
138,218,"I",1,4.59121477294879,5.1826745041452,"I",1,4.59121477294879,5.1826745041452,
138,219,"iv",2,5.03672053131097,5.15183653934212,"iv",2,5.03672053131097,5.15183653934212,
138,220,"iv",3,3.04595611286263,4.71989833609685,"iv",3,3.04595611286263,4.71989833609685,
138,221,"i",4,5.04899100129851,4.68275528329193,"i",4,5.04899100129851,4.68275528329193,
,,,,,,,,,,
139,211,"-III",9,5.81563055115413,4.19158349158548,"-III",9,5.81563055115413,4.19158349158548,
139,212,"-III",7,3.79446788842609,4.2588519480788,"-III",7,3.79446788842609,4.2588519480788,
139,213,"ii",5,4.80044289324473,4.18296039651023,"ii",5,4.80044289324473,4.18296039651023,
139,214,"ii",3,6.71819255177871,2.05342421192301,"ii",3,6.71819255177871,2.05342421192301,
139,215,"-II+",2,7.72132158754962,4.96461428251949,"-II+",2,7.72132158754962,4.96461428251949,
139,216,"-II+",0,6.71593189429401,5.10163169593222,"VII+",0,6.66617885909691,5.10163169593222,0.0497530351971003
139,217,"I",0,5.49353947295756,5.10163169593222,"I",1,6.04077380367976,4.32326076796794,
139,218,"I",1,4.59121477294879,5.1826745041452,"I",1,4.59121477294879,5.1826745041452,
139,219,"iv",2,5.03672053131097,5.15183653934212,"iv",2,5.03672053131097,5.15183653934212,
139,220,"iv",3,3.04595611286263,4.71989833609685,"iv",3,3.04595611286263,4.71989833609685,
139,221,"i",4,5.04899100129851,4.68275528329193,"i",4,5.04899100129851,4.68275528329193,
,,,,,,,,,,
140,211,"-III",9,5.81563055115413,4.19158349158548,"-III",9,5.81563055115413,4.19158349158548,
140,212,"-III",7,3.79446788842609,4.2588519480788,"-III",7,3.79446788842609,4.2588519480788,
140,213,"ii",5,4.80044289324473,4.18296039651023,"ii",5,4.80044289324473,4.18296039651023,
140,214,"ii",3,6.71819255177871,2.05342421192301,"ii",3,6.71819255177871,2.05342421192301,
140,215,"-II+",2,7.72132158754962,4.96461428251949,"-II+",2,7.72132158754962,4.96461428251949,
140,216,"-II+",0,6.71593189429401,5.10163169593222,"#IV+",0,6.66617885909691,5.10163169593222,0.0497530351971003
140,217,"I",0,5.49353947295756,5.10163169593222,"I",1,6.02520202156638,4.58880051826105,
140,218,"I",1,4.59121477294879,5.1826745041452,"I",1,4.59121477294879,5.1826745041452,
140,219,"iv",2,5.03672053131097,5.15183653934212,"iv",2,5.03672053131097,5.15183653934212,
140,220,"iv",3,3.04595611286263,4.71989833609685,"iv",3,3.04595611286263,4.71989833609685,
140,221,"i",4,5.04899100129851,4.68275528329193,"i",4,5.04899100129851,4.68275528329193,
,,,,,,,,,,
141,211,"-III",9,5.81563055115413,4.19158349158548,"-III",9,5.81563055115413,4.19158349158548,
141,212,"-III",7,3.79446788842609,4.2588519480788,"-III",7,3.79446788842609,4.2588519480788,
141,213,"ii",5,4.80044289324473,4.18296039651023,"ii",5,4.80044289324473,4.18296039651023,
141,214,"ii",3,6.71819255177871,2.05342421192301,"ii",3,6.71819255177871,2.05342421192301,
141,215,"-II+",2,7.72132158754962,4.96461428251949,"-II+",2,7.72132158754962,4.96461428251949,
141,216,"-II+",0,6.71593189429401,5.10163169593222,"-IV",0,6.66617885909691,5.10163169593222,0.0497530351971003
141,217,"I",0,5.49353947295756,5.10163169593222,"I",1,6.0394550695469,4.3212739070124,
141,218,"I",1,4.59121477294879,5.1826745041452,"I",1,4.59121477294879,5.1826745041452,
141,219,"iv",2,5.03672053131097,5.15183653934212,"iv",2,5.03672053131097,5.15183653934212,
141,220,"iv",3,3.04595611286263,4.71989833609685,"iv",3,3.04595611286263,4.71989833609685,
141,221,"i",4,5.04899100129851,4.68275528329193,"i",4,5.04899100129851,4.68275528329193,
,,,,,,,,,,
142,211,"-III",9,5.81563055115413,4.19158349158548,"-III",9,5.81563055115413,4.19158349158548,
142,212,"-III",7,3.79446788842609,4.2588519480788,"-III",7,3.79446788842609,4.2588519480788,
142,213,"ii",5,4.80044289324473,4.18296039651023,"ii",5,4.80044289324473,4.18296039651023,
142,214,"ii",3,6.71819255177871,2.05342421192301,"ii",3,6.71819255177871,2.05342421192301,
142,215,"-II+",2,7.72132158754962,4.96461428251949,"-II+",2,7.72132158754962,4.96461428251949,
142,216,"-II+",0,6.71593189429401,5.10163169593222,"-VII+",0,6.66617885909691,5.10163169593222,0.0497530351971003
142,217,"I",0,5.49353947295756,5.10163169593222,"I",1,6.0394550695469,4.3212739070124,
142,218,"I",1,4.59121477294879,5.1826745041452,"I",1,4.59121477294879,5.1826745041452,
142,219,"iv",2,5.03672053131097,5.15183653934212,"iv",2,5.03672053131097,5.15183653934212,
142,220,"iv",3,3.04595611286263,4.71989833609685,"iv",3,3.04595611286263,4.71989833609685,
142,221,"i",4,5.04899100129851,4.68275528329193,"i",4,5.04899100129851,4.68275528329193,
,,,,,,,,,,
143,211,"-III",9,5.81563055115413,4.19158349158548,"-III",9,5.81563055115413,4.19158349158548,
143,212,"-III",7,3.79446788842609,4.2588519480788,"-III",7,3.79446788842609,4.2588519480788,
143,213,"ii",5,4.80044289324473,4.18296039651023,"ii",5,4.80044289324473,4.18296039651023,
143,214,"ii",3,6.71819255177871,2.05342421192301,"ii",3,6.71819255177871,2.05342421192301,
143,215,"-II+",2,7.72132158754962,4.96461428251949,"-II+",2,7.72132158754962,4.96461428251949,
143,216,"-II+",0,6.71593189429401,5.10163169593222,"#v",0,6.66617885909691,5.10163169593222,0.0497530351971003
143,217,"I",0,5.49353947295756,5.10163169593222,"I",1,2.54669768943838,4.59911275455317,
143,218,"I",1,4.59121477294879,5.1826745041452,"I",2,2.21608327421399,4.79070312392459,
143,219,"iv",2,5.03672053131097,5.15183653934212,"iv",3,5.29604745948528,4.98339760085706,
143,220,"iv",3,3.04595611286263,4.71989833609685,"iv",3,3.04595611286263,4.71989833609685,
143,221,"i",4,5.04899100129851,4.68275528329193,"i",4,5.04899100129851,4.68275528329193,
,,,,,,,,,,
144,211,"-III",9,5.81563055115413,4.19158349158548,"-III",9,5.81563055115413,4.19158349158548,
144,212,"-III",7,3.79446788842609,4.2588519480788,"-III",7,3.79446788842609,4.2588519480788,
144,213,"ii",5,4.80044289324473,4.18296039651023,"ii",5,4.80044289324473,4.18296039651023,
144,214,"ii",3,6.71819255177871,2.05342421192301,"ii",3,6.71819255177871,2.05342421192301,
144,215,"-II+",2,7.72132158754962,4.96461428251949,"-II+",2,7.72132158754962,4.96461428251949,
144,216,"-II+",0,6.71593189429401,5.10163169593222,"IV+",0,6.66617885909691,5.10163169593222,0.0497530351971003
144,217,"I",0,5.49353947295756,5.10163169593222,"I",1,6.03648350301561,4.31716621325443,
144,218,"I",1,4.59121477294879,5.1826745041452,"I",1,4.59121477294879,5.1826745041452,
144,219,"iv",2,5.03672053131097,5.15183653934212,"iv",2,5.03672053131097,5.15183653934212,
144,220,"iv",3,3.04595611286263,4.71989833609685,"iv",3,3.04595611286263,4.71989833609685,
144,221,"i",4,5.04899100129851,4.68275528329193,"i",4,5.04899100129851,4.68275528329193,
,,,,,,,,,,
145,211,"-III",9,5.81563055115413,4.19158349158548,"-III",9,5.81563055115413,4.19158349158548,
145,212,"-III",7,3.79446788842609,4.2588519480788,"-III",7,3.79446788842609,4.2588519480788,
145,213,"ii",5,4.80044289324473,4.18296039651023,"ii",5,4.80044289324473,4.18296039651023,
145,214,"ii",3,6.71819255177871,2.05342421192301,"ii",3,6.71819255177871,2.05342421192301,
145,215,"-II+",2,7.72132158754962,4.96461428251949,"-II+",2,7.72132158754962,4.96461428251949,
145,216,"-II+",0,6.71593189429401,5.10163169593222,"-vo",0,6.66617885909691,5.10163169593222,0.0497530351971003
145,217,"I",0,5.49353947295756,5.10163169593222,"I",1,6.04505138362535,4.3305420929123,
145,218,"I",1,4.59121477294879,5.1826745041452,"I",1,4.59121477294879,5.1826745041452,
145,219,"iv",2,5.03672053131097,5.15183653934212,"iv",2,5.03672053131097,5.15183653934212,
145,220,"iv",3,3.04595611286263,4.71989833609685,"iv",3,3.04595611286263,4.71989833609685,
145,221,"i",4,5.04899100129851,4.68275528329193,"i",4,5.04899100129851,4.68275528329193,
,,,,,,,,,,
146,46,"iv",4,5.7766450234513,4.66415506498153,"iv",4,5.7766450234513,4.66415506498153,
146,47,"-VII",3,3.53651337412809,4.71982213815348,"-VII",3,3.53651337412809,4.71982213815348,
146,48,"viio",4,8.27018065451634,3.31406944197232,"viio",4,8.27018065451634,3.31406944197232,
146,49,"i",2,5.32770383339152,4.41901061737087,"i",2,5.32770383339152,4.41901061737087,
146,50,"i",2,4.76018227574531,4.57468533360787,"i",2,4.76018227574531,4.57468533360787,
146,51,"-VII",2,4.369756547924,5.00837089885223,"iv",2,4.31889162326192,5.00837089885223,0.0508649246620783
146,52,"-VI",3,3.51159507712138,4.48342280442325,"-VI",3,4.30633434859557,4.74538829813249,
146,53,"-III",4,3.8668329764547,4.2967467794104,"-III",4,5.09748769335234,3.96021501752131,
146,54,"IV",4,2.69632312993299,4.14689931681458,"IV",3,4.35775232286919,4.57162108804831,
146,55,"V",5,5.40635887851403,3.35773123977204,"V",3,4.51717312095178,4.33011691014137,
146,56,"V",3,3.55256776350706,4.8671759177184,"V",3,3.55256776350706,4.8671759177184,
,,,,,,,,,,
147,93,"iv",4,5.7766450234513,4.66415506498153,"iv",4,5.7766450234513,4.66415506498153,
147,94,"-VII",3,3.53651337412809,4.71982213815348,"-VII",3,3.53651337412809,4.71982213815348,
147,95,"viio",4,8.27018065451634,3.31406944197232,"viio",4,8.27018065451634,3.31406944197232,
147,96,"i",2,5.32770383339152,4.41901061737087,"i",2,5.32770383339152,4.41901061737087,
147,97,"i",2,4.76018227574531,4.57468533360787,"i",2,4.76018227574531,4.57468533360787,
147,98,"-VII",2,4.369756547924,5.00837089885223,"iv",2,4.31889162326192,5.00837089885223,0.0508649246620783
147,99,"-VI",3,3.51159507712138,4.48342280442325,"-VI",3,4.30633434859557,4.74538829813249,
147,100,"-III",4,3.8668329764547,4.2967467794104,"-III",4,5.09748769335234,3.96021501752131,
147,101,"IV",4,2.69632312993299,4.14689931681458,"IV",3,4.35775232286919,4.57162108804831,
147,102,"V",5,5.40635887851403,3.35773123977204,"V",3,4.51717312095178,4.33011691014137,
147,103,"V",3,3.55256776350706,4.8671759177184,"V",3,3.55256776350706,4.8671759177184,
,,,,,,,,,,
148,170,"iv",4,5.7766450234513,4.66415506498153,"iv",4,5.7766450234513,4.66415506498153,
148,171,"-VII",3,3.53651337412809,4.71982213815348,"-VII",3,3.53651337412809,4.71982213815348,
148,172,"viio",4,8.27018065451634,3.31406944197232,"viio",4,8.27018065451634,3.31406944197232,
148,173,"i",2,5.32770383339152,4.41901061737087,"i",2,5.32770383339152,4.41901061737087,
148,174,"i",2,4.76018227574531,4.57468533360787,"i",2,4.76018227574531,4.57468533360787,
148,175,"-VII",2,4.369756547924,5.00837089885223,"iv",2,4.31889162326192,5.00837089885223,0.0508649246620783
148,176,"-VI",3,3.51159507712138,4.48342280442325,"-VI",3,4.30633434859557,4.74538829813249,
148,177,"-III",4,3.8668329764547,4.2967467794104,"-III",4,5.09748769335234,3.96021501752131,
148,178,"IV",4,2.69632312993299,4.14689931681458,"IV",3,4.35775232286919,4.57162108804831,
148,179,"V",5,5.40635887851403,3.35773123977204,"V",3,4.51717312095178,4.33011691014137,
148,180,"V",3,3.55256776350706,4.8671759177184,"V",3,3.55256776350706,4.8671759177184,
,,,,,,,,,,
149,227,"iv",8,1.84657847096343,3.58037665495631,"iv",8,1.84657847096343,3.58037665495631,
149,228,"-VII",8,7.52311223501137,0.915131110678904,"-VII",8,7.52311223501137,0.915131110678904,
149,229,"viio",4,7.98169684400735,3.73749875910755,"viio",4,7.98169684400735,3.73749875910755,
149,230,"i",2,5.32770383339152,4.41901061737087,"i",2,5.32770383339152,4.41901061737087,
149,231,"i",2,4.76018227574531,4.57468533360787,"i",2,4.76018227574531,4.57468533360787,
149,232,"-VII",2,4.369756547924,5.00837089885223,"iv",2,4.31889162326192,5.00837089885223,0.0508649246620783
149,233,"-VI",3,3.51159507712138,4.48342280442325,"-VI",3,4.30633434859557,4.74538829813249,
149,234,"-III",4,3.8668329764547,4.2967467794104,"-III",4,5.09748769335234,3.96021501752131,
149,235,"IV",4,2.69632312993299,4.14689931681458,"IV",3,4.35775232286919,4.57162108804831,
149,236,"V",5,5.40635887851403,3.35773123977204,"V",3,4.51717312095178,4.33011691014137,
149,237,"V",3,3.55256776350706,4.8671759177184,"V",3,3.55256776350706,4.8671759177184,
,,,,,,,,,,
150,46,"iv",4,5.7766450234513,4.66415506498153,"iv",4,5.7766450234513,4.66415506498153,
150,47,"-VII",3,3.53651337412809,4.71982213815348,"-VII",3,3.53651337412809,4.71982213815348,
150,48,"viio",4,8.27018065451634,3.31406944197232,"viio",4,8.27018065451634,3.31406944197232,
150,49,"i",2,5.32770383339152,4.41901061737087,"i",2,5.32770383339152,4.41901061737087,
150,50,"i",2,4.76018227574531,4.57468533360787,"i",2,4.76018227574531,4.57468533360787,
150,51,"-VII",2,4.369756547924,5.00837089885223,"IV",2,4.42426934827135,5.00837089885223,0.0545128003473572
150,52,"-VI",3,3.51159507712138,4.48342280442325,"-VI",3,4.47036906850969,4.71409900608393,
150,53,"-III",4,3.8668329764547,4.2967467794104,"-III",4,2.3586774149571,3.78002422646463,
150,54,"IV",4,2.69632312993299,4.14689931681458,"IV",5,4.90715288293473,3.69469914976511,
150,55,"V",5,5.40635887851403,3.35773123977204,"V",3,4.51717312095178,4.33011691014137,
150,56,"V",3,3.55256776350706,4.8671759177184,"V",3,3.55256776350706,4.8671759177184,
,,,,,,,,,,
151,93,"iv",4,5.7766450234513,4.66415506498153,"iv",4,5.7766450234513,4.66415506498153,
151,94,"-VII",3,3.53651337412809,4.71982213815348,"-VII",3,3.53651337412809,4.71982213815348,
151,95,"viio",4,8.27018065451634,3.31406944197232,"viio",4,8.27018065451634,3.31406944197232,
151,96,"i",2,5.32770383339152,4.41901061737087,"i",2,5.32770383339152,4.41901061737087,
151,97,"i",2,4.76018227574531,4.57468533360787,"i",2,4.76018227574531,4.57468533360787,
151,98,"-VII",2,4.369756547924,5.00837089885223,"IV",2,4.42426934827135,5.00837089885223,0.0545128003473572
151,99,"-VI",3,3.51159507712138,4.48342280442325,"-VI",3,4.47036906850969,4.71409900608393,
151,100,"-III",4,3.8668329764547,4.2967467794104,"-III",4,2.3586774149571,3.78002422646463,
151,101,"IV",4,2.69632312993299,4.14689931681458,"IV",5,4.90715288293473,3.69469914976511,
151,102,"V",5,5.40635887851403,3.35773123977204,"V",3,4.51717312095178,4.33011691014137,
151,103,"V",3,3.55256776350706,4.8671759177184,"V",3,3.55256776350706,4.8671759177184,
,,,,,,,,,,
152,170,"iv",4,5.7766450234513,4.66415506498153,"iv",4,5.7766450234513,4.66415506498153,
152,171,"-VII",3,3.53651337412809,4.71982213815348,"-VII",3,3.53651337412809,4.71982213815348,
152,172,"viio",4,8.27018065451634,3.31406944197232,"viio",4,8.27018065451634,3.31406944197232,
152,173,"i",2,5.32770383339152,4.41901061737087,"i",2,5.32770383339152,4.41901061737087,
152,174,"i",2,4.76018227574531,4.57468533360787,"i",2,4.76018227574531,4.57468533360787,
152,175,"-VII",2,4.369756547924,5.00837089885223,"IV",2,4.42426934827135,5.00837089885223,0.0545128003473572
152,176,"-VI",3,3.51159507712138,4.48342280442325,"-VI",3,4.47036906850969,4.71409900608393,
152,177,"-III",4,3.8668329764547,4.2967467794104,"-III",4,2.3586774149571,3.78002422646463,
152,178,"IV",4,2.69632312993299,4.14689931681458,"IV",5,4.90715288293473,3.69469914976511,
152,179,"V",5,5.40635887851403,3.35773123977204,"V",3,4.51717312095178,4.33011691014137,
152,180,"V",3,3.55256776350706,4.8671759177184,"V",3,3.55256776350706,4.8671759177184,
,,,,,,,,,,
153,227,"iv",8,1.84657847096343,3.58037665495631,"iv",8,1.84657847096343,3.58037665495631,
153,228,"-VII",8,7.52311223501137,0.915131110678904,"-VII",8,7.52311223501137,0.915131110678904,
153,229,"viio",4,7.98169684400735,3.73749875910755,"viio",4,7.98169684400735,3.73749875910755,
153,230,"i",2,5.32770383339152,4.41901061737087,"i",2,5.32770383339152,4.41901061737087,
153,231,"i",2,4.76018227574531,4.57468533360787,"i",2,4.76018227574531,4.57468533360787,
153,232,"-VII",2,4.369756547924,5.00837089885223,"IV",2,4.42426934827135,5.00837089885223,0.0545128003473572
153,233,"-VI",3,3.51159507712138,4.48342280442325,"-VI",3,4.47036906850969,4.71409900608393,
153,234,"-III",4,3.8668329764547,4.2967467794104,"-III",4,2.3586774149571,3.78002422646463,
153,235,"IV",4,2.69632312993299,4.14689931681458,"IV",5,4.90715288293473,3.69469914976511,
153,236,"V",5,5.40635887851403,3.35773123977204,"V",3,4.51717312095178,4.33011691014137,
153,237,"V",3,3.55256776350706,4.8671759177184,"V",3,3.55256776350706,4.8671759177184,
,,,,,,,,,,
154,62,"V",4,5.00537392147737,3.69626078415495,"V",4,5.00537392147737,3.69626078415495,
154,63,"i",3,2.46910965864994,4.55134108689593,"i",3,2.46910965864994,4.55134108689593,
154,64,"iv",4,2.14682033944846,4.24802320940787,"iv",4,2.14682033944846,4.24802320940787,
154,65,"V",5,4.03136399146733,4.4192229958032,"V",5,4.03136399146733,4.4192229958032,
154,66,"i",4,2.29977292746901,4.08311294765072,"i",4,2.29977292746901,4.08311294765072,
154,67,"vio",5,7.5573452960294,4.26861610564278,"vii",5,7.50267642625977,4.26861610564278,0.0546688697696309
154,68,"iv",2,2.30980388612362,4.33538518532882,"iv",2,5.94769282791961,4.35039977935629,
154,69,"V",2,5.37312611206469,4.16512928902508,"V",2,5.09827258903591,4.66960973304519,
154,70,"I",2,3.44583025183754,4.94092735012554,"I",2,3.44583025183754,4.94092735012554,
154,71,"i",3,5.72186089627526,5.04957688059194,"i",3,5.72186089627526,5.04957688059194,
154,72,"iv",3,4.72011675591629,4.68225593899732,"iv",3,4.72011675591629,4.68225593899732,
,,,,,,,,,,
155,109,"V",4,5.00537392147737,3.69626078415495,"V",4,5.00537392147737,3.69626078415495,
155,110,"i",3,2.46910965864994,4.55134108689593,"i",3,2.46910965864994,4.55134108689593,
155,111,"iv",4,2.14682033944846,4.24802320940787,"iv",4,2.14682033944846,4.24802320940787,
155,112,"V",5,4.03136399146733,4.4192229958032,"V",5,4.03136399146733,4.4192229958032,
155,113,"i",4,2.29977292746901,4.08311294765072,"i",4,2.29977292746901,4.08311294765072,
155,114,"vio",5,7.5573452960294,4.26861610564278,"vii",5,7.50267642625977,4.26861610564278,0.0546688697696309
155,115,"iv",2,2.30980388612362,4.33538518532882,"iv",2,5.94769282791961,4.35039977935629,
155,116,"V",2,5.37312611206469,4.16512928902508,"V",2,5.09827258903591,4.66960973304519,
155,117,"I",2,3.44583025183754,4.94092735012554,"I",2,3.44583025183754,4.94092735012554,
155,118,"i",3,5.72186089627526,5.04957688059194,"i",3,5.72186089627526,5.04957688059194,
155,119,"iv",3,4.72011675591629,4.68225593899732,"iv",3,4.72011675591629,4.68225593899732,
,,,,,,,,,,
156,186,"V",4,5.00537392147737,3.69626078415495,"V",4,5.00537392147737,3.69626078415495,
156,187,"i",3,2.46910965864994,4.55134108689593,"i",3,2.46910965864994,4.55134108689593,
156,188,"iv",4,2.14682033944846,4.24802320940787,"iv",4,2.14682033944846,4.24802320940787,
156,189,"V",5,4.03136399146733,4.4192229958032,"V",5,4.03136399146733,4.4192229958032,
156,190,"i",4,2.29977292746901,4.08311294765072,"i",4,2.29977292746901,4.08311294765072,
156,191,"vio",5,7.5573452960294,4.26861610564278,"vii",5,7.50267642625977,4.26861610564278,0.0546688697696309
156,192,"iv",2,2.30980388612362,4.33538518532882,"iv",2,5.94769282791961,4.35039977935629,
156,193,"V",2,5.37312611206469,4.16512928902508,"V",2,5.09827258903591,4.66960973304519,
156,194,"I",2,3.44583025183754,4.94092735012554,"I",2,3.44583025183754,4.94092735012554,
156,195,"i",3,5.72186089627526,5.04957688059194,"i",3,5.72186089627526,5.04957688059194,
156,196,"iv",3,4.72011675591629,4.68225593899732,"iv",3,4.72011675591629,4.68225593899732,
,,,,,,,,,,
157,243,"V",4,5.00537392147737,3.69626078415495,"V",4,5.00537392147737,3.69626078415495,
157,244,"i",3,2.46910965864994,4.55134108689593,"i",3,2.46910965864994,4.55134108689593,
157,245,"iv",4,2.14682033944846,4.24802320940787,"iv",4,2.14682033944846,4.24802320940787,
157,246,"V",5,4.03136399146733,4.4192229958032,"V",5,4.03136399146733,4.4192229958032,
157,247,"i",4,2.29977292746901,4.08311294765072,"i",4,2.29977292746901,4.08311294765072,
157,248,"vio",5,7.5573452960294,4.26861610564278,"vii",5,7.50267642625977,4.26861610564278,0.0546688697696309
157,249,"iv",2,2.30980388612362,4.33538518532882,"iv",2,5.94769282791961,4.35039977935629,
157,250,"V",2,5.37312611206469,4.16512928902508,"V",2,5.09827258903591,4.66960973304519,
157,251,"I",2,3.44583025183754,4.94092735012554,"I",2,3.44583025183754,4.94092735012554,
157,252,"i",3,5.72186089627526,5.04957688059194,"i",3,5.72186089627526,5.04957688059194,
157,253,"iv",3,4.72011675591629,4.68225593899732,"iv",3,4.72011675591629,4.68225593899732,
,,,,,,,,,,
158,15,"i",3,6.35642775656608,4.03706536913297,"i",3,6.35642775656608,4.03706536913297,
158,16,"i",2,3.77011381407628,4.82712212086332,"i",2,3.77011381407628,4.82712212086332,
158,17,"iv",3,3.81366888136119,4.84677933644326,"iv",3,3.81366888136119,4.84677933644326,
158,18,"V",4,4.75505411265544,4.55449091793943,"V",4,4.75505411265544,4.55449091793943,
158,19,"i",4,3.43248367445652,3.94710272813741,"i",4,3.43248367445652,3.94710272813741,
158,20,"vio",4,7.81151532125387,3.93250580707735,"vii",4,7.75684645148423,3.93250580707735,0.0546688697696318
158,21,"iv",2,2.30980388612362,4.33538518532882,"iv",2,5.94769282791961,4.35039977935629,
158,22,"V",2,5.37312611206469,4.16512928902508,"V",2,5.09827258903591,4.66960973304519,
158,23,"I",2,3.44583025183754,4.94092735012554,"I",2,3.44583025183754,4.94092735012554,
158,24,"i",3,5.72186089627526,5.04957688059194,"i",3,5.72186089627526,5.04957688059194,
158,25,"iv",3,4.72011675591629,4.68225593899732,"iv",3,4.72011675591629,4.68225593899732,
,,,,,,,,,,
159,23,"I",2,3.44583025183754,4.94092735012554,"I",2,3.44583025183754,4.94092735012554,
159,24,"i",3,5.72186089627526,5.04957688059194,"i",3,5.72186089627526,5.04957688059194,
159,25,"iv",3,4.72011675591629,4.68225593899732,"iv",3,4.72011675591629,4.68225593899732,
159,26,"V",3,4.66477891700184,4.73494275502223,"V",3,4.66477891700184,4.73494275502223,
159,27,"i",3,2.9944552693329,4.56296535832041,"i",3,2.9944552693329,4.56296535832041,
159,28,"vio",4,7.81151532125387,3.93250580707735,"vii",4,7.75684645148423,3.93250580707735,0.0546688697696318
159,29,"iv",2,2.30980388612362,4.33538518532882,"iv",2,5.94769282791961,4.35039977935629,
159,30,"V",2,5.37312611206469,4.16512928902508,"V",2,5.09827258903591,4.66960973304519,
159,31,"I",2,3.44583025183754,4.94092735012554,"I",2,3.44583025183754,4.94092735012554,
159,32,"iv",3,5.41490126927062,5.04957688059194,"iv",3,5.41490126927062,5.04957688059194,
159,33,"iv",3,4.64156620559264,4.80233687276538,"iv",3,4.64156620559264,4.80233687276538,
,,,,,,,,,,
160,70,"I",2,3.44583025183754,4.94092735012554,"I",2,3.44583025183754,4.94092735012554,
160,71,"i",3,5.72186089627526,5.04957688059194,"i",3,5.72186089627526,5.04957688059194,
160,72,"iv",3,4.72011675591629,4.68225593899732,"iv",3,4.72011675591629,4.68225593899732,
160,73,"V",3,4.66477891700184,4.73494275502223,"V",3,4.66477891700184,4.73494275502223,
160,74,"i",3,2.9944552693329,4.56296535832041,"i",3,2.9944552693329,4.56296535832041,
160,75,"vio",4,7.81151532125387,3.93250580707735,"vii",4,7.75684645148423,3.93250580707735,0.0546688697696318
160,76,"iv",2,2.30980388612362,4.33538518532882,"iv",2,5.94769282791961,4.35039977935629,
160,77,"V",2,5.37312611206469,4.16512928902508,"V",2,5.09827258903591,4.66960973304519,
160,78,"I",2,3.44583025183754,4.94092735012554,"I",2,3.44583025183754,4.94092735012554,
160,79,"iv",3,5.41490126927062,5.04957688059194,"iv",3,5.41490126927062,5.04957688059194,
160,80,"iv",3,4.64156620559264,4.80233687276538,"iv",3,4.64156620559264,4.80233687276538,
,,,,,,,,,,
161,117,"I",2,3.44583025183754,4.94092735012554,"I",2,3.44583025183754,4.94092735012554,
161,118,"i",3,5.72186089627526,5.04957688059194,"i",3,5.72186089627526,5.04957688059194,
161,119,"iv",3,4.72011675591629,4.68225593899732,"iv",3,4.72011675591629,4.68225593899732,
161,120,"V",3,4.66477891700184,4.73494275502223,"V",3,4.66477891700184,4.73494275502223,
161,121,"i",3,2.9944552693329,4.56296535832041,"i",3,2.9944552693329,4.56296535832041,
161,122,"vio",4,7.81151532125387,3.93250580707735,"vii",4,7.75684645148423,3.93250580707735,0.0546688697696318
161,123,"iv",2,2.30980388612362,4.33538518532882,"iv",2,5.94769282791961,4.35039977935629,
161,124,"V",2,5.37312611206469,4.16512928902508,"V",2,5.09827258903591,4.66960973304519,
161,125,"I",2,3.44583025183754,4.94092735012554,"I",2,3.44583025183754,4.94092735012554,
161,126,"IV",3,4.5923651709761,5.04957688059194,"IV",3,4.5923651709761,5.04957688059194,
161,127,"IV",4,3.97186902212528,4.40473316352327,"IV",4,3.97186902212528,4.40473316352327,
,,,,,,,,,,
162,194,"I",2,3.44583025183754,4.94092735012554,"I",2,3.44583025183754,4.94092735012554,
162,195,"i",3,5.72186089627526,5.04957688059194,"i",3,5.72186089627526,5.04957688059194,
162,196,"iv",3,4.72011675591629,4.68225593899732,"iv",3,4.72011675591629,4.68225593899732,
162,197,"V",3,4.66477891700184,4.73494275502223,"V",3,4.66477891700184,4.73494275502223,
162,198,"i",3,2.9944552693329,4.56296535832041,"i",3,2.9944552693329,4.56296535832041,
162,199,"vio",4,7.81151532125387,3.93250580707735,"vii",4,7.75684645148423,3.93250580707735,0.0546688697696318
162,200,"iv",2,2.30980388612362,4.33538518532882,"iv",2,5.94769282791961,4.35039977935629,
162,201,"V",2,5.37312611206469,4.16512928902508,"V",2,5.09827258903591,4.66960973304519,
162,202,"I",2,3.44583025183754,4.94092735012554,"I",2,3.44583025183754,4.94092735012554,
162,203,"IV",3,4.5923651709761,5.04957688059194,"IV",3,4.5923651709761,5.04957688059194,
162,204,"IV",4,3.97186902212528,4.40473316352327,"IV",4,3.97186902212528,4.40473316352327,
,,,,,,,,,,
163,251,"I",2,3.44583025183754,4.94092735012554,"I",2,3.44583025183754,4.94092735012554,
163,252,"i",3,5.72186089627526,5.04957688059194,"i",3,5.72186089627526,5.04957688059194,
163,253,"iv",3,4.72011675591629,4.68225593899732,"iv",3,4.72011675591629,4.68225593899732,
163,254,"V",3,4.66477891700184,4.73494275502223,"V",3,4.66477891700184,4.73494275502223,
163,255,"i",3,2.9944552693329,4.56296535832041,"i",3,2.9944552693329,4.56296535832041,
163,256,"vio",4,7.81151532125387,3.93250580707735,"vii",4,7.75684645148423,3.93250580707735,0.0546688697696318
163,257,"iv",2,2.30980388612362,4.33538518532882,"iv",2,5.94769282791961,4.35039977935629,
163,258,"V",2,5.37312611206469,4.16512928902508,"V",2,5.09827258903591,4.66960973304519,
163,259,"I",2,3.44583025183754,4.94092735012554,"I",2,3.44583025183754,4.94092735012554,
163,260,"i",3,5.72186089627526,5.04957688059194,"i",3,5.72186089627526,5.04957688059194,
163,261,"iv",3,4.72011675591629,4.68225593899732,"iv",3,4.72011675591629,4.68225593899732,
,,,,,,,,,,
164,259,"I",2,3.44583025183754,4.94092735012554,"I",2,3.44583025183754,4.94092735012554,
164,260,"i",3,5.72186089627526,5.04957688059194,"i",3,5.72186089627526,5.04957688059194,
164,261,"iv",3,4.72011675591629,4.68225593899732,"iv",3,4.72011675591629,4.68225593899732,
164,262,"V",3,4.66477891700184,4.73494275502223,"V",3,4.66477891700184,4.73494275502223,
164,263,"i",3,2.9944552693329,4.56296535832041,"i",3,2.9944552693329,4.56296535832041,
164,264,"vio",4,7.81151532125387,3.93250580707735,"vii",4,7.75684645148423,3.93250580707735,0.0546688697696318
164,265,"iv",2,2.30980388612362,4.33538518532882,"iv",2,5.94769282791961,4.35039977935629,
164,266,"V",2,5.37312611206469,4.16512928902508,"V",2,5.09827258903591,4.66960973304519,
164,267,"I",2,3.44583025183754,4.94092735012554,"I",2,3.44583025183754,4.94092735012554,
164,268,"i",3,5.72186089627526,5.04957688059194,"i",3,5.72186089627526,5.04957688059194,
164,269,"r",3,3.01090187863354,4.68225593899732,"r",3,3.01090187863354,4.68225593899732,
,,,,,,,,,,
165,20,"vio",4,7.81151532125387,3.93250580707735,"vio",4,7.81151532125387,3.93250580707735,
165,21,"iv",2,2.30980388612362,4.33538518532882,"iv",2,2.30980388612362,4.33538518532882,
165,22,"V",2,5.37312611206469,4.16512928902508,"V",2,5.37312611206469,4.16512928902508,
165,23,"I",2,3.44583025183754,4.94092735012554,"I",2,3.44583025183754,4.94092735012554,
165,24,"i",3,5.72186089627526,5.04957688059194,"i",3,5.72186089627526,5.04957688059194,
165,25,"iv",3,4.72011675591629,4.68225593899732,"-VII",3,4.77706208473858,4.68225593899732,0.056945328822291
165,26,"V",3,4.66477891700184,4.73494275502223,"V",3,5.19258281047698,4.56117917237219,
165,27,"i",3,2.9944552693329,4.56296535832041,"i",3,4.53707441675783,3.90468700842128,
165,28,"vio",4,7.81151532125387,3.93250580707735,"vio",3,7.29118181617397,4.54982547848495,
165,29,"iv",2,2.30980388612362,4.33538518532882,"iv",2,2.30980388612362,4.33538518532882,
165,30,"V",2,5.37312611206469,4.16512928902508,"V",2,5.37312611206469,4.16512928902508,
,,,,,,,,,,
166,67,"vio",5,7.5573452960294,4.26861610564278,"vio",5,7.5573452960294,4.26861610564278,
166,68,"iv",2,2.30980388612362,4.33538518532882,"iv",2,2.30980388612362,4.33538518532882,
166,69,"V",2,5.37312611206469,4.16512928902508,"V",2,5.37312611206469,4.16512928902508,
166,70,"I",2,3.44583025183754,4.94092735012554,"I",2,3.44583025183754,4.94092735012554,
166,71,"i",3,5.72186089627526,5.04957688059194,"i",3,5.72186089627526,5.04957688059194,
166,72,"iv",3,4.72011675591629,4.68225593899732,"-VII",3,4.77706208473858,4.68225593899732,0.056945328822291
166,73,"V",3,4.66477891700184,4.73494275502223,"V",3,5.19258281047698,4.56117917237219,
166,74,"i",3,2.9944552693329,4.56296535832041,"i",3,4.53707441675783,3.90468700842128,
166,75,"vio",4,7.81151532125387,3.93250580707735,"vio",3,7.29118181617397,4.54982547848495,
166,76,"iv",2,2.30980388612362,4.33538518532882,"iv",2,2.30980388612362,4.33538518532882,
166,77,"V",2,5.37312611206469,4.16512928902508,"V",2,5.37312611206469,4.16512928902508,
,,,,,,,,,,
167,114,"vio",5,7.5573452960294,4.26861610564278,"vio",5,7.5573452960294,4.26861610564278,
167,115,"iv",2,2.30980388612362,4.33538518532882,"iv",2,2.30980388612362,4.33538518532882,
167,116,"V",2,5.37312611206469,4.16512928902508,"V",2,5.37312611206469,4.16512928902508,
167,117,"I",2,3.44583025183754,4.94092735012554,"I",2,3.44583025183754,4.94092735012554,
167,118,"i",3,5.72186089627526,5.04957688059194,"i",3,5.72186089627526,5.04957688059194,
167,119,"iv",3,4.72011675591629,4.68225593899732,"-VII",3,4.77706208473858,4.68225593899732,0.056945328822291
167,120,"V",3,4.66477891700184,4.73494275502223,"V",3,5.19258281047698,4.56117917237219,
167,121,"i",3,2.9944552693329,4.56296535832041,"i",3,4.53707441675783,3.90468700842128,
167,122,"vio",4,7.81151532125387,3.93250580707735,"vio",3,7.29118181617397,4.54982547848495,
167,123,"iv",2,2.30980388612362,4.33538518532882,"iv",2,2.30980388612362,4.33538518532882,
167,124,"V",2,5.37312611206469,4.16512928902508,"V",2,5.37312611206469,4.16512928902508,
,,,,,,,,,,
168,191,"vio",5,7.5573452960294,4.26861610564278,"vio",5,7.5573452960294,4.26861610564278,
168,192,"iv",2,2.30980388612362,4.33538518532882,"iv",2,2.30980388612362,4.33538518532882,
168,193,"V",2,5.37312611206469,4.16512928902508,"V",2,5.37312611206469,4.16512928902508,
168,194,"I",2,3.44583025183754,4.94092735012554,"I",2,3.44583025183754,4.94092735012554,
168,195,"i",3,5.72186089627526,5.04957688059194,"i",3,5.72186089627526,5.04957688059194,
168,196,"iv",3,4.72011675591629,4.68225593899732,"-VII",3,4.77706208473858,4.68225593899732,0.056945328822291
168,197,"V",3,4.66477891700184,4.73494275502223,"V",3,5.19258281047698,4.56117917237219,
168,198,"i",3,2.9944552693329,4.56296535832041,"i",3,4.53707441675783,3.90468700842128,
168,199,"vio",4,7.81151532125387,3.93250580707735,"vio",3,7.29118181617397,4.54982547848495,
168,200,"iv",2,2.30980388612362,4.33538518532882,"iv",2,2.30980388612362,4.33538518532882,
168,201,"V",2,5.37312611206469,4.16512928902508,"V",2,5.37312611206469,4.16512928902508,
,,,,,,,,,,
169,248,"vio",5,7.5573452960294,4.26861610564278,"vio",5,7.5573452960294,4.26861610564278,
169,249,"iv",2,2.30980388612362,4.33538518532882,"iv",2,2.30980388612362,4.33538518532882,
169,250,"V",2,5.37312611206469,4.16512928902508,"V",2,5.37312611206469,4.16512928902508,
169,251,"I",2,3.44583025183754,4.94092735012554,"I",2,3.44583025183754,4.94092735012554,
169,252,"i",3,5.72186089627526,5.04957688059194,"i",3,5.72186089627526,5.04957688059194,
169,253,"iv",3,4.72011675591629,4.68225593899732,"-VII",3,4.77706208473858,4.68225593899732,0.056945328822291
169,254,"V",3,4.66477891700184,4.73494275502223,"V",3,5.19258281047698,4.56117917237219,
169,255,"i",3,2.9944552693329,4.56296535832041,"i",3,4.53707441675783,3.90468700842128,
169,256,"vio",4,7.81151532125387,3.93250580707735,"vio",3,7.29118181617397,4.54982547848495,
169,257,"iv",2,2.30980388612362,4.33538518532882,"iv",2,2.30980388612362,4.33538518532882,
169,258,"V",2,5.37312611206469,4.16512928902508,"V",2,5.37312611206469,4.16512928902508,
,,,,,,,,,,
170,256,"vio",4,7.81151532125387,3.93250580707735,"vio",4,7.81151532125387,3.93250580707735,
170,257,"iv",2,2.30980388612362,4.33538518532882,"iv",2,2.30980388612362,4.33538518532882,
170,258,"V",2,5.37312611206469,4.16512928902508,"V",2,5.37312611206469,4.16512928902508,
170,259,"I",2,3.44583025183754,4.94092735012554,"I",2,3.44583025183754,4.94092735012554,
170,260,"i",3,5.72186089627526,5.04957688059194,"i",3,5.72186089627526,5.04957688059194,
170,261,"iv",3,4.72011675591629,4.68225593899732,"-VII",3,4.77706208473858,4.68225593899732,0.056945328822291
170,262,"V",3,4.66477891700184,4.73494275502223,"V",3,5.19258281047698,4.56117917237219,
170,263,"i",3,2.9944552693329,4.56296535832041,"i",3,4.53707441675783,3.90468700842128,
170,264,"vio",4,7.81151532125387,3.93250580707735,"vio",3,7.29118181617397,4.54982547848495,
170,265,"iv",2,2.30980388612362,4.33538518532882,"iv",2,2.30980388612362,4.33538518532882,
170,266,"V",2,5.37312611206469,4.16512928902508,"V",2,5.37312611206469,4.16512928902508,
,,,,,,,,,,
171,48,"viio",4,8.27018065451634,3.31406944197232,"viio",4,8.27018065451634,3.31406944197232,
171,49,"i",2,5.32770383339152,4.41901061737087,"i",2,5.32770383339152,4.41901061737087,
171,50,"i",2,4.76018227574531,4.57468533360787,"i",2,4.76018227574531,4.57468533360787,
171,51,"-VII",2,4.369756547924,5.00837089885223,"-VII",2,4.369756547924,5.00837089885223,
171,52,"-VI",3,3.51159507712138,4.48342280442325,"-VI",3,3.51159507712138,4.48342280442325,
171,53,"-III",4,3.8668329764547,4.2967467794104,"v",4,3.92595324004347,4.2967467794104,0.0591202635887718
171,54,"IV",4,2.69632312993299,4.14689931681458,"IV",4,3.90494518796392,4.22637488662193,
171,55,"V",5,5.40635887851403,3.35773123977204,"V",4,5.2598833552342,4.30589743812431,
171,56,"V",3,3.55256776350706,4.8671759177184,"V",3,4.30921289717708,4.75317617604163,
171,57,"i",4,4.63738250011686,4.63633731267907,"i",3,4.42565687541691,4.827588707056,
171,58,"-VII",4,4.93830958391774,4.42604128541604,"-VII",4,4.93830958391774,4.42604128541604,
,,,,,,,,,,
172,95,"viio",4,8.27018065451634,3.31406944197232,"viio",4,8.27018065451634,3.31406944197232,
172,96,"i",2,5.32770383339152,4.41901061737087,"i",2,5.32770383339152,4.41901061737087,
172,97,"i",2,4.76018227574531,4.57468533360787,"i",2,4.76018227574531,4.57468533360787,
172,98,"-VII",2,4.369756547924,5.00837089885223,"-VII",2,4.369756547924,5.00837089885223,
172,99,"-VI",3,3.51159507712138,4.48342280442325,"-VI",3,3.51159507712138,4.48342280442325,
172,100,"-III",4,3.8668329764547,4.2967467794104,"v",4,3.92595324004347,4.2967467794104,0.0591202635887718
172,101,"IV",4,2.69632312993299,4.14689931681458,"IV",4,3.90494518796392,4.22637488662193,
172,102,"V",5,5.40635887851403,3.35773123977204,"V",4,5.2598833552342,4.30589743812431,
172,103,"V",3,3.55256776350706,4.8671759177184,"V",3,4.30921289717708,4.75317617604163,
172,104,"i",4,4.63738250011686,4.63633731267907,"i",3,4.42565687541691,4.827588707056,
172,105,"-VII",4,4.93830958391774,4.42604128541604,"-VII",4,4.93830958391774,4.42604128541604,
,,,,,,,,,,
173,172,"viio",4,8.27018065451634,3.31406944197232,"viio",4,8.27018065451634,3.31406944197232,
173,173,"i",2,5.32770383339152,4.41901061737087,"i",2,5.32770383339152,4.41901061737087,
173,174,"i",2,4.76018227574531,4.57468533360787,"i",2,4.76018227574531,4.57468533360787,
173,175,"-VII",2,4.369756547924,5.00837089885223,"-VII",2,4.369756547924,5.00837089885223,
173,176,"-VI",3,3.51159507712138,4.48342280442325,"-VI",3,3.51159507712138,4.48342280442325,
173,177,"-III",4,3.8668329764547,4.2967467794104,"v",4,3.92595324004347,4.2967467794104,0.0591202635887718
173,178,"IV",4,2.69632312993299,4.14689931681458,"IV",4,3.90494518796392,4.22637488662193,
173,179,"V",5,5.40635887851403,3.35773123977204,"V",4,5.2598833552342,4.30589743812431,
173,180,"V",3,3.55256776350706,4.8671759177184,"V",3,4.30921289717708,4.75317617604163,
173,181,"i",4,4.63738250011686,4.63633731267907,"i",3,4.42565687541691,4.827588707056,
173,182,"-VII",4,4.93830958391774,4.42604128541604,"-VII",4,4.93830958391774,4.42604128541604,
,,,,,,,,,,
174,229,"viio",4,7.98169684400735,3.73749875910755,"viio",4,7.98169684400735,3.73749875910755,
174,230,"i",2,5.32770383339152,4.41901061737087,"i",2,5.32770383339152,4.41901061737087,
174,231,"i",2,4.76018227574531,4.57468533360787,"i",2,4.76018227574531,4.57468533360787,
174,232,"-VII",2,4.369756547924,5.00837089885223,"-VII",2,4.369756547924,5.00837089885223,
174,233,"-VI",3,3.51159507712138,4.48342280442325,"-VI",3,3.51159507712138,4.48342280442325,
174,234,"-III",4,3.8668329764547,4.2967467794104,"v",4,3.92595324004347,4.2967467794104,0.0591202635887718
174,235,"IV",4,2.69632312993299,4.14689931681458,"IV",4,3.90494518796392,4.22637488662193,
174,236,"V",5,5.40635887851403,3.35773123977204,"V",4,5.2598833552342,4.30589743812431,
174,237,"V",3,3.55256776350706,4.8671759177184,"V",3,4.30921289717708,4.75317617604163,
174,238,"i",4,4.63738250011686,4.63633731267907,"i",3,4.42565687541691,4.827588707056,
174,239,"-VII",4,4.93830958391774,4.42604128541604,"-VII",4,4.93830958391774,4.42604128541604,
,,,,,,,,,,
175,121,"i",3,2.9944552693329,4.56296535832041,"i",3,2.9944552693329,4.56296535832041,
175,122,"vio",4,7.81151532125387,3.93250580707735,"vio",4,7.81151532125387,3.93250580707735,
175,123,"iv",2,2.30980388612362,4.33538518532882,"iv",2,2.30980388612362,4.33538518532882,
175,124,"V",2,5.37312611206469,4.16512928902508,"V",2,5.37312611206469,4.16512928902508,
175,125,"I",2,3.44583025183754,4.94092735012554,"I",2,3.44583025183754,4.94092735012554,
175,126,"IV",3,4.5923651709761,5.04957688059194,"V",3,4.5277322079507,5.04957688059194,0.0646329630254003
175,127,"IV",4,3.97186902212528,4.40473316352327,"IV",4,4.12377143808615,4.4912375279576,
175,128,"I",4,3.32702484757016,4.69239742538466,"I",4,3.12835235985937,4.60281950690462,
175,129,"I",5,2.66168090020326,4.39552480589729,"I",5,3.2909979459021,4.46633905185576,
175,130,"IV",6,3.16620395808311,4.73518921754187,"IV",5,3.52728233459415,4.63258678041901,
175,131,"IV",7,2.21075448089912,4.27189987083306,"IV",6,2.44878948679688,4.23408669793492,
,,,,,,,,,,
176,198,"i",3,2.9944552693329,4.56296535832041,"i",3,2.9944552693329,4.56296535832041,
176,199,"vio",4,7.81151532125387,3.93250580707735,"vio",4,7.81151532125387,3.93250580707735,
176,200,"iv",2,2.30980388612362,4.33538518532882,"iv",2,2.30980388612362,4.33538518532882,
176,201,"V",2,5.37312611206469,4.16512928902508,"V",2,5.37312611206469,4.16512928902508,
176,202,"I",2,3.44583025183754,4.94092735012554,"I",2,3.44583025183754,4.94092735012554,
176,203,"IV",3,4.5923651709761,5.04957688059194,"V",3,4.5277322079507,5.04957688059194,0.0646329630254003
176,204,"IV",4,3.97186902212528,4.40473316352327,"IV",4,4.12377143808615,4.4912375279576,
176,205,"I",4,3.32702484757016,4.69239742538466,"I",4,3.12835235985937,4.60281950690462,
176,206,"I",5,2.66168090020326,4.39552480589729,"I",5,3.2909979459021,4.46633905185576,
176,207,"IV",6,3.16620395808311,4.73518921754187,"IV",5,3.52728233459415,4.63258678041901,
176,208,"IV",7,2.21075448089912,4.27189987083306,"IV",6,2.44878948679688,4.23408669793492,
,,,,,,,,,,
177,15,"i",3,6.35642775656608,4.03706536913297,"i",3,6.35642775656608,4.03706536913297,
177,16,"i",2,3.77011381407628,4.82712212086332,"i",2,3.77011381407628,4.82712212086332,
177,17,"iv",3,3.81366888136119,4.84677933644326,"iv",3,3.81366888136119,4.84677933644326,
177,18,"V",4,4.75505411265544,4.55449091793943,"V",4,4.75505411265544,4.55449091793943,
177,19,"i",4,3.43248367445652,3.94710272813741,"i",4,3.43248367445652,3.94710272813741,
177,20,"vio",4,7.81151532125387,3.93250580707735,"VI",4,7.87664096401895,3.93250580707735,0.065125642765083
177,21,"iv",2,2.30980388612362,4.33538518532882,"iv",1,5.69703150715161,5.06015404197782,
177,22,"V",2,5.37312611206469,4.16512928902508,"V",2,5.06824142578294,4.8483545783063,
177,23,"I",2,3.44583025183754,4.94092735012554,"I",2,3.44583025183754,4.94092735012554,
177,24,"i",3,5.72186089627526,5.04957688059194,"i",3,5.72186089627526,5.04957688059194,
177,25,"iv",3,4.72011675591629,4.68225593899732,"iv",3,4.72011675591629,4.68225593899732,
,,,,,,,,,,
178,23,"I",2,3.44583025183754,4.94092735012554,"I",2,3.44583025183754,4.94092735012554,
178,24,"i",3,5.72186089627526,5.04957688059194,"i",3,5.72186089627526,5.04957688059194,
178,25,"iv",3,4.72011675591629,4.68225593899732,"iv",3,4.72011675591629,4.68225593899732,
178,26,"V",3,4.66477891700184,4.73494275502223,"V",3,4.66477891700184,4.73494275502223,
178,27,"i",3,2.9944552693329,4.56296535832041,"i",3,2.9944552693329,4.56296535832041,
178,28,"vio",4,7.81151532125387,3.93250580707735,"VI",4,7.87664096401895,3.93250580707735,0.065125642765083
178,29,"iv",2,2.30980388612362,4.33538518532882,"iv",1,5.69703150715161,5.06015404197782,
178,30,"V",2,5.37312611206469,4.16512928902508,"V",2,5.06824142578294,4.8483545783063,
178,31,"I",2,3.44583025183754,4.94092735012554,"I",2,3.44583025183754,4.94092735012554,
178,32,"iv",3,5.41490126927062,5.04957688059194,"iv",3,5.41490126927062,5.04957688059194,
178,33,"iv",3,4.64156620559264,4.80233687276538,"iv",3,4.64156620559264,4.80233687276538,
,,,,,,,,,,
179,62,"V",4,5.00537392147737,3.69626078415495,"V",4,5.00537392147737,3.69626078415495,
179,63,"i",3,2.46910965864994,4.55134108689593,"i",3,2.46910965864994,4.55134108689593,
179,64,"iv",4,2.14682033944846,4.24802320940787,"iv",4,2.14682033944846,4.24802320940787,
179,65,"V",5,4.03136399146733,4.4192229958032,"V",5,4.03136399146733,4.4192229958032,
179,66,"i",4,2.29977292746901,4.08311294765072,"i",4,2.29977292746901,4.08311294765072,
179,67,"vio",5,7.5573452960294,4.26861610564278,"VI",5,7.62247093879448,4.26861610564278,0.065125642765083
179,68,"iv",2,2.30980388612362,4.33538518532882,"iv",1,5.69703150715161,5.06015404197782,
179,69,"V",2,5.37312611206469,4.16512928902508,"V",2,5.06824142578294,4.8483545783063,
179,70,"I",2,3.44583025183754,4.94092735012554,"I",2,3.44583025183754,4.94092735012554,
179,71,"i",3,5.72186089627526,5.04957688059194,"i",3,5.72186089627526,5.04957688059194,
179,72,"iv",3,4.72011675591629,4.68225593899732,"iv",3,4.72011675591629,4.68225593899732,
,,,,,,,,,,
180,70,"I",2,3.44583025183754,4.94092735012554,"I",2,3.44583025183754,4.94092735012554,
180,71,"i",3,5.72186089627526,5.04957688059194,"i",3,5.72186089627526,5.04957688059194,
180,72,"iv",3,4.72011675591629,4.68225593899732,"iv",3,4.72011675591629,4.68225593899732,
180,73,"V",3,4.66477891700184,4.73494275502223,"V",3,4.66477891700184,4.73494275502223,
180,74,"i",3,2.9944552693329,4.56296535832041,"i",3,2.9944552693329,4.56296535832041,
180,75,"vio",4,7.81151532125387,3.93250580707735,"VI",4,7.87664096401895,3.93250580707735,0.065125642765083
180,76,"iv",2,2.30980388612362,4.33538518532882,"iv",1,5.69703150715161,5.06015404197782,
180,77,"V",2,5.37312611206469,4.16512928902508,"V",2,5.06824142578294,4.8483545783063,
180,78,"I",2,3.44583025183754,4.94092735012554,"I",2,3.44583025183754,4.94092735012554,
180,79,"iv",3,5.41490126927062,5.04957688059194,"iv",3,5.41490126927062,5.04957688059194,
180,80,"iv",3,4.64156620559264,4.80233687276538,"iv",3,4.64156620559264,4.80233687276538,
,,,,,,,,,,
181,109,"V",4,5.00537392147737,3.69626078415495,"V",4,5.00537392147737,3.69626078415495,
181,110,"i",3,2.46910965864994,4.55134108689593,"i",3,2.46910965864994,4.55134108689593,
181,111,"iv",4,2.14682033944846,4.24802320940787,"iv",4,2.14682033944846,4.24802320940787,
181,112,"V",5,4.03136399146733,4.4192229958032,"V",5,4.03136399146733,4.4192229958032,
181,113,"i",4,2.29977292746901,4.08311294765072,"i",4,2.29977292746901,4.08311294765072,
181,114,"vio",5,7.5573452960294,4.26861610564278,"VI",5,7.62247093879448,4.26861610564278,0.065125642765083
181,115,"iv",2,2.30980388612362,4.33538518532882,"iv",1,5.69703150715161,5.06015404197782,
181,116,"V",2,5.37312611206469,4.16512928902508,"V",2,5.06824142578294,4.8483545783063,
181,117,"I",2,3.44583025183754,4.94092735012554,"I",2,3.44583025183754,4.94092735012554,
181,118,"i",3,5.72186089627526,5.04957688059194,"i",3,5.72186089627526,5.04957688059194,
181,119,"iv",3,4.72011675591629,4.68225593899732,"iv",3,4.72011675591629,4.68225593899732,
,,,,,,,,,,
182,117,"I",2,3.44583025183754,4.94092735012554,"I",2,3.44583025183754,4.94092735012554,
182,118,"i",3,5.72186089627526,5.04957688059194,"i",3,5.72186089627526,5.04957688059194,
182,119,"iv",3,4.72011675591629,4.68225593899732,"iv",3,4.72011675591629,4.68225593899732,
182,120,"V",3,4.66477891700184,4.73494275502223,"V",3,4.66477891700184,4.73494275502223,
182,121,"i",3,2.9944552693329,4.56296535832041,"i",3,2.9944552693329,4.56296535832041,
182,122,"vio",4,7.81151532125387,3.93250580707735,"VI",4,7.87664096401895,3.93250580707735,0.065125642765083
182,123,"iv",2,2.30980388612362,4.33538518532882,"iv",1,5.69703150715161,5.06015404197782,
182,124,"V",2,5.37312611206469,4.16512928902508,"V",2,5.06824142578294,4.8483545783063,
182,125,"I",2,3.44583025183754,4.94092735012554,"I",2,3.44583025183754,4.94092735012554,
182,126,"IV",3,4.5923651709761,5.04957688059194,"IV",3,4.5923651709761,5.04957688059194,
182,127,"IV",4,3.97186902212528,4.40473316352327,"IV",4,3.97186902212528,4.40473316352327,
,,,,,,,,,,
183,186,"V",4,5.00537392147737,3.69626078415495,"V",4,5.00537392147737,3.69626078415495,
183,187,"i",3,2.46910965864994,4.55134108689593,"i",3,2.46910965864994,4.55134108689593,
183,188,"iv",4,2.14682033944846,4.24802320940787,"iv",4,2.14682033944846,4.24802320940787,
183,189,"V",5,4.03136399146733,4.4192229958032,"V",5,4.03136399146733,4.4192229958032,
183,190,"i",4,2.29977292746901,4.08311294765072,"i",4,2.29977292746901,4.08311294765072,
183,191,"vio",5,7.5573452960294,4.26861610564278,"VI",5,7.62247093879448,4.26861610564278,0.065125642765083
183,192,"iv",2,2.30980388612362,4.33538518532882,"iv",1,5.69703150715161,5.06015404197782,
183,193,"V",2,5.37312611206469,4.16512928902508,"V",2,5.06824142578294,4.8483545783063,
183,194,"I",2,3.44583025183754,4.94092735012554,"I",2,3.44583025183754,4.94092735012554,
183,195,"i",3,5.72186089627526,5.04957688059194,"i",3,5.72186089627526,5.04957688059194,
183,196,"iv",3,4.72011675591629,4.68225593899732,"iv",3,4.72011675591629,4.68225593899732,
,,,,,,,,,,
184,194,"I",2,3.44583025183754,4.94092735012554,"I",2,3.44583025183754,4.94092735012554,
184,195,"i",3,5.72186089627526,5.04957688059194,"i",3,5.72186089627526,5.04957688059194,
184,196,"iv",3,4.72011675591629,4.68225593899732,"iv",3,4.72011675591629,4.68225593899732,
184,197,"V",3,4.66477891700184,4.73494275502223,"V",3,4.66477891700184,4.73494275502223,
184,198,"i",3,2.9944552693329,4.56296535832041,"i",3,2.9944552693329,4.56296535832041,
184,199,"vio",4,7.81151532125387,3.93250580707735,"VI",4,7.87664096401895,3.93250580707735,0.065125642765083
184,200,"iv",2,2.30980388612362,4.33538518532882,"iv",1,5.69703150715161,5.06015404197782,
184,201,"V",2,5.37312611206469,4.16512928902508,"V",2,5.06824142578294,4.8483545783063,
184,202,"I",2,3.44583025183754,4.94092735012554,"I",2,3.44583025183754,4.94092735012554,
184,203,"IV",3,4.5923651709761,5.04957688059194,"IV",3,4.5923651709761,5.04957688059194,
184,204,"IV",4,3.97186902212528,4.40473316352327,"IV",4,3.97186902212528,4.40473316352327,
,,,,,,,,,,
185,243,"V",4,5.00537392147737,3.69626078415495,"V",4,5.00537392147737,3.69626078415495,
185,244,"i",3,2.46910965864994,4.55134108689593,"i",3,2.46910965864994,4.55134108689593,
185,245,"iv",4,2.14682033944846,4.24802320940787,"iv",4,2.14682033944846,4.24802320940787,
185,246,"V",5,4.03136399146733,4.4192229958032,"V",5,4.03136399146733,4.4192229958032,
185,247,"i",4,2.29977292746901,4.08311294765072,"i",4,2.29977292746901,4.08311294765072,
185,248,"vio",5,7.5573452960294,4.26861610564278,"VI",5,7.62247093879448,4.26861610564278,0.065125642765083
185,249,"iv",2,2.30980388612362,4.33538518532882,"iv",1,5.69703150715161,5.06015404197782,
185,250,"V",2,5.37312611206469,4.16512928902508,"V",2,5.06824142578294,4.8483545783063,
185,251,"I",2,3.44583025183754,4.94092735012554,"I",2,3.44583025183754,4.94092735012554,
185,252,"i",3,5.72186089627526,5.04957688059194,"i",3,5.72186089627526,5.04957688059194,
185,253,"iv",3,4.72011675591629,4.68225593899732,"iv",3,4.72011675591629,4.68225593899732,
,,,,,,,,,,
186,251,"I",2,3.44583025183754,4.94092735012554,"I",2,3.44583025183754,4.94092735012554,
186,252,"i",3,5.72186089627526,5.04957688059194,"i",3,5.72186089627526,5.04957688059194,
186,253,"iv",3,4.72011675591629,4.68225593899732,"iv",3,4.72011675591629,4.68225593899732,
186,254,"V",3,4.66477891700184,4.73494275502223,"V",3,4.66477891700184,4.73494275502223,
186,255,"i",3,2.9944552693329,4.56296535832041,"i",3,2.9944552693329,4.56296535832041,
186,256,"vio",4,7.81151532125387,3.93250580707735,"VI",4,7.87664096401895,3.93250580707735,0.065125642765083
186,257,"iv",2,2.30980388612362,4.33538518532882,"iv",1,5.69703150715161,5.06015404197782,
186,258,"V",2,5.37312611206469,4.16512928902508,"V",2,5.06824142578294,4.8483545783063,
186,259,"I",2,3.44583025183754,4.94092735012554,"I",2,3.44583025183754,4.94092735012554,
186,260,"i",3,5.72186089627526,5.04957688059194,"i",3,5.72186089627526,5.04957688059194,
186,261,"iv",3,4.72011675591629,4.68225593899732,"iv",3,4.72011675591629,4.68225593899732,
,,,,,,,,,,
187,259,"I",2,3.44583025183754,4.94092735012554,"I",2,3.44583025183754,4.94092735012554,
187,260,"i",3,5.72186089627526,5.04957688059194,"i",3,5.72186089627526,5.04957688059194,
187,261,"iv",3,4.72011675591629,4.68225593899732,"iv",3,4.72011675591629,4.68225593899732,
187,262,"V",3,4.66477891700184,4.73494275502223,"V",3,4.66477891700184,4.73494275502223,
187,263,"i",3,2.9944552693329,4.56296535832041,"i",3,2.9944552693329,4.56296535832041,
187,264,"vio",4,7.81151532125387,3.93250580707735,"VI",4,7.87664096401895,3.93250580707735,0.065125642765083
187,265,"iv",2,2.30980388612362,4.33538518532882,"iv",1,5.69703150715161,5.06015404197782,
187,266,"V",2,5.37312611206469,4.16512928902508,"V",2,5.06824142578294,4.8483545783063,
187,267,"I",2,3.44583025183754,4.94092735012554,"I",2,3.44583025183754,4.94092735012554,
187,268,"i",3,5.72186089627526,5.04957688059194,"i",3,5.72186089627526,5.04957688059194,
187,269,"r",3,3.01090187863354,4.68225593899732,"r",3,3.01090187863354,4.68225593899732,
,,,,,,,,,,
188,43,"I",4,4.87849803282559,4.68128530850886,"I",4,4.87849803282559,4.68128530850886,
188,44,"-VII",3,4.83094194542555,4.48759105381399,"-VII",3,4.83094194542555,4.48759105381399,
188,45,"I",3,2.19237144175324,4.03706536913297,"I",3,2.19237144175324,4.03706536913297,
188,46,"iv",4,5.7766450234513,4.66415506498153,"iv",4,5.7766450234513,4.66415506498153,
188,47,"-VII",3,3.53651337412809,4.71982213815348,"-VII",3,3.53651337412809,4.71982213815348,
188,48,"viio",4,8.27018065451634,3.31406944197232,"III",4,8.20316704045733,3.31406944197232,0.0670136140590127
188,49,"i",2,5.32770383339152,4.41901061737087,"i",2,6.20656694830297,4.43021819352388,
188,50,"i",2,4.76018227574531,4.57468533360787,"i",2,1.88024694344502,4.56598821969005,
188,51,"-VII",2,4.369756547924,5.00837089885223,"-VII",3,4.72612889640721,4.45766619718954,
188,52,"-VI",3,3.51159507712138,4.48342280442325,"-VI",3,3.51159507712138,4.48342280442325,
188,53,"-III",4,3.8668329764547,4.2967467794104,"-III",4,3.8668329764547,4.2967467794104,
,,,,,,,,,,
189,90,"I",4,4.87849803282559,4.68128530850886,"I",4,4.87849803282559,4.68128530850886,
189,91,"-VII",3,4.83094194542555,4.48759105381399,"-VII",3,4.83094194542555,4.48759105381399,
189,92,"I",3,2.19237144175324,4.03706536913297,"I",3,2.19237144175324,4.03706536913297,
189,93,"iv",4,5.7766450234513,4.66415506498153,"iv",4,5.7766450234513,4.66415506498153,
189,94,"-VII",3,3.53651337412809,4.71982213815348,"-VII",3,3.53651337412809,4.71982213815348,
189,95,"viio",4,8.27018065451634,3.31406944197232,"III",4,8.20316704045733,3.31406944197232,0.0670136140590127
189,96,"i",2,5.32770383339152,4.41901061737087,"i",2,6.20656694830297,4.43021819352388,
189,97,"i",2,4.76018227574531,4.57468533360787,"i",2,1.88024694344502,4.56598821969005,
189,98,"-VII",2,4.369756547924,5.00837089885223,"-VII",3,4.72612889640721,4.45766619718954,
189,99,"-VI",3,3.51159507712138,4.48342280442325,"-VI",3,3.51159507712138,4.48342280442325,
189,100,"-III",4,3.8668329764547,4.2967467794104,"-III",4,3.8668329764547,4.2967467794104,
,,,,,,,,,,
190,167,"I",4,4.87849803282559,4.68128530850886,"I",4,4.87849803282559,4.68128530850886,
190,168,"-VII",3,4.83094194542555,4.48759105381399,"-VII",3,4.83094194542555,4.48759105381399,
190,169,"I",3,2.19237144175324,4.03706536913297,"I",3,2.19237144175324,4.03706536913297,
190,170,"iv",4,5.7766450234513,4.66415506498153,"iv",4,5.7766450234513,4.66415506498153,
190,171,"-VII",3,3.53651337412809,4.71982213815348,"-VII",3,3.53651337412809,4.71982213815348,
190,172,"viio",4,8.27018065451634,3.31406944197232,"III",4,8.20316704045733,3.31406944197232,0.0670136140590127
190,173,"i",2,5.32770383339152,4.41901061737087,"i",2,6.20656694830297,4.43021819352388,
190,174,"i",2,4.76018227574531,4.57468533360787,"i",2,1.88024694344502,4.56598821969005,
190,175,"-VII",2,4.369756547924,5.00837089885223,"-VII",3,4.72612889640721,4.45766619718954,
190,176,"-VI",3,3.51159507712138,4.48342280442325,"-VI",3,3.51159507712138,4.48342280442325,
190,177,"-III",4,3.8668329764547,4.2967467794104,"-III",4,3.8668329764547,4.2967467794104,
,,,,,,,,,,
191,224,"iv",5,1.98434396170342,4.13397125079366,"iv",5,1.98434396170342,4.13397125079366,
191,225,"i",6,2.68563639049407,4.34045132449631,"i",6,2.68563639049407,4.34045132449631,
191,226,"i",7,2.18243731443904,4.17247391450916,"i",7,2.18243731443904,4.17247391450916,
191,227,"iv",8,1.84657847096343,3.58037665495631,"iv",8,1.84657847096343,3.58037665495631,
191,228,"-VII",8,7.52311223501137,0.915131110678904,"-VII",8,7.52311223501137,0.915131110678904,
191,229,"viio",4,7.98169684400735,3.73749875910755,"III",4,7.91468322994834,3.73749875910755,0.0670136140590136
191,230,"i",2,5.32770383339152,4.41901061737087,"i",2,6.20656694830297,4.43021819352388,
191,231,"i",2,4.76018227574531,4.57468533360787,"i",2,1.88024694344502,4.56598821969005,
191,232,"-VII",2,4.369756547924,5.00837089885223,"-VII",3,4.72612889640721,4.45766619718954,
191,233,"-VI",3,3.51159507712138,4.48342280442325,"-VI",3,3.51159507712138,4.48342280442325,
191,234,"-III",4,3.8668329764547,4.2967467794104,"-III",4,3.8668329764547,4.2967467794104,
,,,,,,,,,,
192,52,"-VI",3,3.51159507712138,4.48342280442325,"-VI",3,3.51159507712138,4.48342280442325,
192,53,"-III",4,3.8668329764547,4.2967467794104,"-III",4,3.8668329764547,4.2967467794104,
192,54,"IV",4,2.69632312993299,4.14689931681458,"IV",4,2.69632312993299,4.14689931681458,
192,55,"V",5,5.40635887851403,3.35773123977204,"V",5,5.40635887851403,3.35773123977204,
192,56,"V",3,3.55256776350706,4.8671759177184,"V",3,3.55256776350706,4.8671759177184,
192,57,"i",4,4.63738250011686,4.63633731267907,"ii",4,4.70448353831852,4.63633731267907,0.0671010382016641
192,58,"-VII",4,4.93830958391774,4.42604128541604,"-VII",4,5.75268615094799,4.3182149439098,
192,59,"-VI",3,2.88460431989947,4.70785830444697,"-VI",3,5.77892467188578,4.52979119690003,
192,60,"iv",4,4.05732485858446,4.25141719680528,"iv",2,4.1155509742806,4.88524032800264,
192,61,"v",4,3.02149745298127,4.27682081037702,"v",3,3.88397929085318,4.97273301986181,
192,62,"V",4,5.00537392147737,3.69626078415495,"V",4,5.00537392147737,3.69626078415495,
,,,,,,,,,,
193,99,"-VI",3,3.51159507712138,4.48342280442325,"-VI",3,3.51159507712138,4.48342280442325,
193,100,"-III",4,3.8668329764547,4.2967467794104,"-III",4,3.8668329764547,4.2967467794104,
193,101,"IV",4,2.69632312993299,4.14689931681458,"IV",4,2.69632312993299,4.14689931681458,
193,102,"V",5,5.40635887851403,3.35773123977204,"V",5,5.40635887851403,3.35773123977204,
193,103,"V",3,3.55256776350706,4.8671759177184,"V",3,3.55256776350706,4.8671759177184,
193,104,"i",4,4.63738250011686,4.63633731267907,"ii",4,4.70448353831852,4.63633731267907,0.0671010382016641
193,105,"-VII",4,4.93830958391774,4.42604128541604,"-VII",4,5.75268615094799,4.3182149439098,
193,106,"-VI",3,2.88460431989947,4.70785830444697,"-VI",3,5.77892467188578,4.52979119690003,
193,107,"iv",4,4.05732485858446,4.25141719680528,"iv",2,4.1155509742806,4.88524032800264,
193,108,"v",4,3.02149745298127,4.27682081037702,"v",3,3.88397929085318,4.97273301986181,
193,109,"V",4,5.00537392147737,3.69626078415495,"V",4,5.00537392147737,3.69626078415495,
,,,,,,,,,,
194,176,"-VI",3,3.51159507712138,4.48342280442325,"-VI",3,3.51159507712138,4.48342280442325,
194,177,"-III",4,3.8668329764547,4.2967467794104,"-III",4,3.8668329764547,4.2967467794104,
194,178,"IV",4,2.69632312993299,4.14689931681458,"IV",4,2.69632312993299,4.14689931681458,
194,179,"V",5,5.40635887851403,3.35773123977204,"V",5,5.40635887851403,3.35773123977204,
194,180,"V",3,3.55256776350706,4.8671759177184,"V",3,3.55256776350706,4.8671759177184,
194,181,"i",4,4.63738250011686,4.63633731267907,"ii",4,4.70448353831852,4.63633731267907,0.0671010382016641
194,182,"-VII",4,4.93830958391774,4.42604128541604,"-VII",4,5.75268615094799,4.3182149439098,
194,183,"-VI",3,2.88460431989947,4.70785830444697,"-VI",3,5.77892467188578,4.52979119690003,
194,184,"iv",4,4.05732485858446,4.25141719680528,"iv",2,4.1155509742806,4.88524032800264,
194,185,"v",4,3.02149745298127,4.27682081037702,"v",3,3.88397929085318,4.97273301986181,
194,186,"V",4,5.00537392147737,3.69626078415495,"V",4,5.00537392147737,3.69626078415495,
,,,,,,,,,,
195,233,"-VI",3,3.51159507712138,4.48342280442325,"-VI",3,3.51159507712138,4.48342280442325,
195,234,"-III",4,3.8668329764547,4.2967467794104,"-III",4,3.8668329764547,4.2967467794104,
195,235,"IV",4,2.69632312993299,4.14689931681458,"IV",4,2.69632312993299,4.14689931681458,
195,236,"V",5,5.40635887851403,3.35773123977204,"V",5,5.40635887851403,3.35773123977204,
195,237,"V",3,3.55256776350706,4.8671759177184,"V",3,3.55256776350706,4.8671759177184,
195,238,"i",4,4.63738250011686,4.63633731267907,"ii",4,4.70448353831852,4.63633731267907,0.0671010382016641
195,239,"-VII",4,4.93830958391774,4.42604128541604,"-VII",4,5.75268615094799,4.3182149439098,
195,240,"-VI",3,2.88460431989947,4.70785830444697,"-VI",3,5.77892467188578,4.52979119690003,
195,241,"iv",4,4.05732485858446,4.25141719680528,"iv",2,4.1155509742806,4.88524032800264,
195,242,"v",4,3.02149745298127,4.27682081037702,"v",3,3.88397929085318,4.97273301986181,
195,243,"V",4,5.00537392147737,3.69626078415495,"V",4,5.00537392147737,3.69626078415495,
,,,,,,,,,,
196,132,"I",8,2.14956439540252,4.3900410632328,"I",8,2.14956439540252,4.3900410632328,
196,133,"I",9,2.71972171914787,4.14257514640315,"I",9,2.71972171914787,4.14257514640315,
196,134,"-III",9,5.81563055115413,4.19158349158548,"-III",9,5.81563055115413,4.19158349158548,
196,135,"-III",7,3.79446788842609,4.2588519480788,"-III",7,3.79446788842609,4.2588519480788,
196,136,"ii",5,4.80044289324473,4.18296039651023,"ii",5,4.80044289324473,4.18296039651023,
196,137,"ii",3,6.71819255177871,2.05342421192301,"-III",3,6.78738783476828,2.05342421192301,0.0691952829895657
196,138,"-II+",2,7.72132158754962,4.96461428251949,"-II+",3,7.87728574822337,4.47248949499095,
196,139,"-II+",0,6.71593189429401,5.10163169593222,"-II+",0,6.71593189429401,5.10163169593222,
196,140,"I",0,5.49353947295756,5.10163169593222,"I",0,5.49353947295756,5.10163169593222,
196,141,"I",1,4.59121477294879,5.1826745041452,"I",1,4.59121477294879,5.1826745041452,
196,142,"iv",2,5.03672053131097,5.15183653934212,"iv",2,5.03672053131097,5.15183653934212,
,,,,,,,,,,
197,209,"I",8,2.14956439540252,4.3900410632328,"I",8,2.14956439540252,4.3900410632328,
197,210,"I",9,2.71972171914787,4.14257514640315,"I",9,2.71972171914787,4.14257514640315,
197,211,"-III",9,5.81563055115413,4.19158349158548,"-III",9,5.81563055115413,4.19158349158548,
197,212,"-III",7,3.79446788842609,4.2588519480788,"-III",7,3.79446788842609,4.2588519480788,
197,213,"ii",5,4.80044289324473,4.18296039651023,"ii",5,4.80044289324473,4.18296039651023,
197,214,"ii",3,6.71819255177871,2.05342421192301,"-III",3,6.78738783476828,2.05342421192301,0.0691952829895657
197,215,"-II+",2,7.72132158754962,4.96461428251949,"-II+",3,7.87728574822337,4.47248949499095,
197,216,"-II+",0,6.71593189429401,5.10163169593222,"-II+",0,6.71593189429401,5.10163169593222,
197,217,"I",0,5.49353947295756,5.10163169593222,"I",0,5.49353947295756,5.10163169593222,
197,218,"I",1,4.59121477294879,5.1826745041452,"I",1,4.59121477294879,5.1826745041452,
197,219,"iv",2,5.03672053131097,5.15183653934212,"iv",2,5.03672053131097,5.15183653934212,
,,,,,,,,,,
198,9,"iv",2,4.10584648692634,4.82712212086332,"iv",2,4.10584648692634,4.82712212086332,
198,10,"iv",3,5.05433816076318,4.54751829860294,"iv",3,5.05433816076318,4.54751829860294,
198,11,"i",3,3.98849768703304,4.94321863377923,"i",3,3.98849768703304,4.94321863377923,
198,12,"-VII",4,3.89568744456997,4.41021885638688,"-VII",4,3.89568744456997,4.41021885638688,
198,13,"I",4,4.87849803282559,4.68128530850886,"I",4,4.87849803282559,4.68128530850886,
198,14,"-VII",3,4.83094194542555,4.48759105381399,"V",3,4.90169193580835,4.48759105381399,0.0707499903827955
198,15,"i",3,6.35642775656608,4.03706536913297,"i",3,5.60359515936261,4.83294070842374,
198,16,"i",2,3.77011381407628,4.82712212086332,"i",3,2.87574004698647,4.56049206245358,
198,17,"iv",3,3.81366888136119,4.84677933644326,"iv",4,3.91198143057189,4.43075800823809,
198,18,"V",4,4.75505411265544,4.55449091793943,"V",4,4.98180457648545,4.31833861512182,
198,19,"i",4,3.43248367445652,3.94710272813741,"i",4,3.43248367445652,3.94710272813741,
,,,,,,,,,,
199,32,"iv",3,5.41490126927062,5.04957688059194,"iv",3,5.41490126927062,5.04957688059194,
199,33,"iv",3,4.64156620559264,4.80233687276538,"iv",3,4.64156620559264,4.80233687276538,
199,34,"i",3,4.69228189134161,4.95099380360449,"i",3,4.69228189134161,4.95099380360449,
199,35,"-VII",3,3.58756818339615,4.69646370619056,"-VII",3,3.58756818339615,4.69646370619056,
199,36,"I",4,4.87849803282559,4.68128530850886,"I",4,4.87849803282559,4.68128530850886,
199,37,"-VII",3,4.83094194542555,4.48759105381399,"V",3,4.90169193580835,4.48759105381399,0.0707499903827955
199,38,"I",3,2.19237144175324,4.03706536913297,"I",3,3.77804670944941,4.83294070842374,
199,39,"iv",4,5.7766450234513,4.66415506498153,"iv",4,5.27348922026041,4.75826188672491,
199,40,"iv",3,4.69927081288307,4.71982213815348,"iv",4,5.14316779794326,4.06176327133158,
199,41,"i",3,4.69228189134161,4.95099380360449,"i",3,4.69228189134161,4.95099380360449,
199,42,"-VII",3,3.58756818339615,4.69646370619056,"-VII",3,3.58756818339615,4.69646370619056,
,,,,,,,,,,
200,39,"iv",4,5.7766450234513,4.66415506498153,"iv",4,5.7766450234513,4.66415506498153,
200,40,"iv",3,4.69927081288307,4.71982213815348,"iv",3,4.69927081288307,4.71982213815348,
200,41,"i",3,4.69228189134161,4.95099380360449,"i",3,4.69228189134161,4.95099380360449,
200,42,"-VII",3,3.58756818339615,4.69646370619056,"-VII",3,3.58756818339615,4.69646370619056,
200,43,"I",4,4.87849803282559,4.68128530850886,"I",4,4.87849803282559,4.68128530850886,
200,44,"-VII",3,4.83094194542555,4.48759105381399,"V",3,4.90169193580835,4.48759105381399,0.0707499903827955
200,45,"I",3,2.19237144175324,4.03706536913297,"I",3,3.77804670944941,4.83294070842374,
200,46,"iv",4,5.7766450234513,4.66415506498153,"iv",4,5.27348922026041,4.75826188672491,
200,47,"-VII",3,3.53651337412809,4.71982213815348,"-VII",4,4.21890327732453,4.06176327133158,
200,48,"viio",4,8.27018065451634,3.31406944197232,"viio",4,8.27018065451634,3.45300671326755,
200,49,"i",2,5.32770383339152,4.41901061737087,"i",2,5.32770383339152,4.41901061737087,
,,,,,,,,,,
201,79,"iv",3,5.41490126927062,5.04957688059194,"iv",3,5.41490126927062,5.04957688059194,
201,80,"iv",3,4.64156620559264,4.80233687276538,"iv",3,4.64156620559264,4.80233687276538,
201,81,"i",3,4.69228189134161,4.95099380360449,"i",3,4.69228189134161,4.95099380360449,
201,82,"-VII",3,3.58756818339615,4.69646370619056,"-VII",3,3.58756818339615,4.69646370619056,
201,83,"I",4,4.87849803282559,4.68128530850886,"I",4,4.87849803282559,4.68128530850886,
201,84,"-VII",3,4.83094194542555,4.48759105381399,"V",3,4.90169193580835,4.48759105381399,0.0707499903827955
201,85,"I",3,2.19237144175324,4.03706536913297,"I",3,3.77804670944941,4.83294070842374,
201,86,"iv",4,5.7766450234513,4.66415506498153,"iv",4,5.27348922026041,4.75826188672491,
201,87,"iv",3,4.69927081288307,4.71982213815348,"iv",4,5.14316779794326,4.06176327133158,
201,88,"i",3,4.69228189134161,4.95099380360449,"i",3,4.69228189134161,4.95099380360449,
201,89,"-VII",3,3.58756818339615,4.69646370619056,"-VII",3,3.58756818339615,4.69646370619056,
,,,,,,,,,,
202,86,"iv",4,5.7766450234513,4.66415506498153,"iv",4,5.7766450234513,4.66415506498153,
202,87,"iv",3,4.69927081288307,4.71982213815348,"iv",3,4.69927081288307,4.71982213815348,
202,88,"i",3,4.69228189134161,4.95099380360449,"i",3,4.69228189134161,4.95099380360449,
202,89,"-VII",3,3.58756818339615,4.69646370619056,"-VII",3,3.58756818339615,4.69646370619056,
202,90,"I",4,4.87849803282559,4.68128530850886,"I",4,4.87849803282559,4.68128530850886,
202,91,"-VII",3,4.83094194542555,4.48759105381399,"V",3,4.90169193580835,4.48759105381399,0.0707499903827955
202,92,"I",3,2.19237144175324,4.03706536913297,"I",3,3.77804670944941,4.83294070842374,
202,93,"iv",4,5.7766450234513,4.66415506498153,"iv",4,5.27348922026041,4.75826188672491,
202,94,"-VII",3,3.53651337412809,4.71982213815348,"-VII",4,4.21890327732453,4.06176327133158,
202,95,"viio",4,8.27018065451634,3.31406944197232,"viio",4,8.27018065451634,3.45300671326755,
202,96,"i",2,5.32770383339152,4.41901061737087,"i",2,5.32770383339152,4.41901061737087,
,,,,,,,,,,
203,142,"iv",2,5.03672053131097,5.15183653934212,"iv",2,5.03672053131097,5.15183653934212,
203,143,"iv",3,3.04595611286263,4.71989833609685,"iv",3,3.04595611286263,4.71989833609685,
203,144,"i",4,5.04899100129851,4.68275528329193,"i",4,5.04899100129851,4.68275528329193,
203,145,"-VII",3,3.58756818339615,4.69646370619056,"-VII",3,3.58756818339615,4.69646370619056,
203,146,"I",4,4.87849803282559,4.68128530850886,"I",4,4.87849803282559,4.68128530850886,
203,147,"-VII",3,4.83094194542555,4.48759105381399,"V",3,4.90169193580835,4.48759105381399,0.0707499903827955
203,148,"i",3,6.35642775656608,4.03706536913297,"i",3,5.60359515936261,4.83294070842374,
203,149,"iv",2,4.10584648692634,4.82712212086332,"iv",3,4.34960463504924,4.56049206245358,
203,150,"iv",3,5.05433816076318,4.54751829860294,"iv",3,4.91339795899611,4.75175140378609,
203,151,"i",3,3.98849768703304,4.94321863377923,"i",3,3.98849768703304,4.94321863377923,
203,152,"-VII",4,3.89568744456997,4.41021885638688,"-VII",4,3.89568744456997,4.41021885638688,
,,,,,,,,,,
204,149,"iv",2,4.10584648692634,4.82712212086332,"iv",2,4.10584648692634,4.82712212086332,
204,150,"iv",3,5.05433816076318,4.54751829860294,"iv",3,5.05433816076318,4.54751829860294,
204,151,"i",3,3.98849768703304,4.94321863377923,"i",3,3.98849768703304,4.94321863377923,
204,152,"-VII",4,3.89568744456997,4.41021885638688,"-VII",4,3.89568744456997,4.41021885638688,
204,153,"I",4,4.87849803282559,4.68128530850886,"I",4,4.87849803282559,4.68128530850886,
204,154,"-VII",3,4.83094194542555,4.48759105381399,"V",3,4.90169193580835,4.48759105381399,0.0707499903827955
204,155,"i",3,6.35642775656608,4.03706536913297,"i",3,5.60359515936261,4.83294070842374,
204,156,"iv",2,4.10584648692634,4.82712212086332,"iv",3,4.34960463504924,4.56049206245358,
204,157,"iv",3,5.05433816076318,4.54751829860294,"iv",3,4.91339795899611,4.75175140378609,
204,158,"i",3,3.98849768703304,4.94321863377923,"i",3,3.98849768703304,4.94321863377923,
204,159,"-VII",4,3.89568744456997,4.41021885638688,"-VII",4,3.89568744456997,4.41021885638688,
,,,,,,,,,,
205,156,"iv",2,4.10584648692634,4.82712212086332,"iv",2,4.10584648692634,4.82712212086332,
205,157,"iv",3,5.05433816076318,4.54751829860294,"iv",3,5.05433816076318,4.54751829860294,
205,158,"i",3,3.98849768703304,4.94321863377923,"i",3,3.98849768703304,4.94321863377923,
205,159,"-VII",4,3.89568744456997,4.41021885638688,"-VII",4,3.89568744456997,4.41021885638688,
205,160,"I",4,4.87849803282559,4.68128530850886,"I",4,4.87849803282559,4.68128530850886,
205,161,"-VII",3,4.83094194542555,4.48759105381399,"V",3,4.90169193580835,4.48759105381399,0.0707499903827955
205,162,"I",3,2.19237144175324,4.03706536913297,"I",3,3.77804670944941,4.83294070842374,
205,163,"iv",4,5.7766450234513,4.66415506498153,"iv",4,5.27348922026041,4.75826188672491,
205,164,"iv",3,4.69927081288307,4.71982213815348,"iv",4,5.14316779794326,4.06176327133158,
205,165,"i",3,4.69228189134161,4.95099380360449,"i",3,4.69228189134161,4.95099380360449,
205,166,"-VII",3,3.58756818339615,4.69646370619056,"-VII",3,3.58756818339615,4.69646370619056,
,,,,,,,,,,
206,163,"iv",4,5.7766450234513,4.66415506498153,"iv",4,5.7766450234513,4.66415506498153,
206,164,"iv",3,4.69927081288307,4.71982213815348,"iv",3,4.69927081288307,4.71982213815348,
206,165,"i",3,4.69228189134161,4.95099380360449,"i",3,4.69228189134161,4.95099380360449,
206,166,"-VII",3,3.58756818339615,4.69646370619056,"-VII",3,3.58756818339615,4.69646370619056,
206,167,"I",4,4.87849803282559,4.68128530850886,"I",4,4.87849803282559,4.68128530850886,
206,168,"-VII",3,4.83094194542555,4.48759105381399,"V",3,4.90169193580835,4.48759105381399,0.0707499903827955
206,169,"I",3,2.19237144175324,4.03706536913297,"I",3,3.77804670944941,4.83294070842374,
206,170,"iv",4,5.7766450234513,4.66415506498153,"iv",4,5.27348922026041,4.75826188672491,
206,171,"-VII",3,3.53651337412809,4.71982213815348,"-VII",4,4.21890327732453,4.06176327133158,
206,172,"viio",4,8.27018065451634,3.31406944197232,"viio",4,8.27018065451634,3.45300671326755,
206,173,"i",2,5.32770383339152,4.41901061737087,"i",2,5.32770383339152,4.41901061737087,
,,,,,,,,,,
207,60,"iv",4,4.05732485858446,4.25141719680528,"iv",4,4.05732485858446,4.25141719680528,
207,61,"v",4,3.02149745298127,4.27682081037702,"v",4,3.02149745298127,4.27682081037702,
207,62,"V",4,5.00537392147737,3.69626078415495,"V",4,5.00537392147737,3.69626078415495,
207,63,"i",3,2.46910965864994,4.55134108689593,"i",3,2.46910965864994,4.55134108689593,
207,64,"iv",4,2.14682033944846,4.24802320940787,"iv",4,2.14682033944846,4.24802320940787,
207,65,"V",5,4.03136399146733,4.4192229958032,"-III",5,3.95511435579654,4.4192229958032,0.0762496356707936
207,66,"i",4,2.29977292746901,4.08311294765072,"i",4,4.29903734175445,4.74017619908372,
207,67,"vio",5,7.5573452960294,4.26861610564278,"vio",4,6.60457609783898,4.28383825486391,
207,68,"iv",2,2.30980388612362,4.33538518532882,"iv",3,2.93075144315451,3.34689807136003,
207,69,"V",2,5.37312611206469,4.16512928902508,"V",2,5.37312611206469,4.16512928902508,
207,70,"I",2,3.44583025183754,4.94092735012554,"I",2,3.44583025183754,4.94092735012554,
,,,,,,,,,,
208,107,"iv",4,4.05732485858446,4.25141719680528,"iv",4,4.05732485858446,4.25141719680528,
208,108,"v",4,3.02149745298127,4.27682081037702,"v",4,3.02149745298127,4.27682081037702,
208,109,"V",4,5.00537392147737,3.69626078415495,"V",4,5.00537392147737,3.69626078415495,
208,110,"i",3,2.46910965864994,4.55134108689593,"i",3,2.46910965864994,4.55134108689593,
208,111,"iv",4,2.14682033944846,4.24802320940787,"iv",4,2.14682033944846,4.24802320940787,
208,112,"V",5,4.03136399146733,4.4192229958032,"-III",5,3.95511435579654,4.4192229958032,0.0762496356707936
208,113,"i",4,2.29977292746901,4.08311294765072,"i",4,4.29903734175445,4.74017619908372,
208,114,"vio",5,7.5573452960294,4.26861610564278,"vio",4,6.60457609783898,4.28383825486391,
208,115,"iv",2,2.30980388612362,4.33538518532882,"iv",3,2.93075144315451,3.34689807136003,
208,116,"V",2,5.37312611206469,4.16512928902508,"V",2,5.37312611206469,4.16512928902508,
208,117,"I",2,3.44583025183754,4.94092735012554,"I",2,3.44583025183754,4.94092735012554,
,,,,,,,,,,
209,184,"iv",4,4.05732485858446,4.25141719680528,"iv",4,4.05732485858446,4.25141719680528,
209,185,"v",4,3.02149745298127,4.27682081037702,"v",4,3.02149745298127,4.27682081037702,
209,186,"V",4,5.00537392147737,3.69626078415495,"V",4,5.00537392147737,3.69626078415495,
209,187,"i",3,2.46910965864994,4.55134108689593,"i",3,2.46910965864994,4.55134108689593,
209,188,"iv",4,2.14682033944846,4.24802320940787,"iv",4,2.14682033944846,4.24802320940787,
209,189,"V",5,4.03136399146733,4.4192229958032,"-III",5,3.95511435579654,4.4192229958032,0.0762496356707936
209,190,"i",4,2.29977292746901,4.08311294765072,"i",4,4.29903734175445,4.74017619908372,
209,191,"vio",5,7.5573452960294,4.26861610564278,"vio",4,6.60457609783898,4.28383825486391,
209,192,"iv",2,2.30980388612362,4.33538518532882,"iv",3,2.93075144315451,3.34689807136003,
209,193,"V",2,5.37312611206469,4.16512928902508,"V",2,5.37312611206469,4.16512928902508,
209,194,"I",2,3.44583025183754,4.94092735012554,"I",2,3.44583025183754,4.94092735012554,
,,,,,,,,,,
210,241,"iv",4,4.05732485858446,4.25141719680528,"iv",4,4.05732485858446,4.25141719680528,
210,242,"v",4,3.02149745298127,4.27682081037702,"v",4,3.02149745298127,4.27682081037702,
210,243,"V",4,5.00537392147737,3.69626078415495,"V",4,5.00537392147737,3.69626078415495,
210,244,"i",3,2.46910965864994,4.55134108689593,"i",3,2.46910965864994,4.55134108689593,
210,245,"iv",4,2.14682033944846,4.24802320940787,"iv",4,2.14682033944846,4.24802320940787,
210,246,"V",5,4.03136399146733,4.4192229958032,"-III",5,3.95511435579654,4.4192229958032,0.0762496356707936
210,247,"i",4,2.29977292746901,4.08311294765072,"i",4,4.29903734175445,4.74017619908372,
210,248,"vio",5,7.5573452960294,4.26861610564278,"vio",4,6.60457609783898,4.28383825486391,
210,249,"iv",2,2.30980388612362,4.33538518532882,"iv",3,2.93075144315451,3.34689807136003,
210,250,"V",2,5.37312611206469,4.16512928902508,"V",2,5.37312611206469,4.16512928902508,
210,251,"I",2,3.44583025183754,4.94092735012554,"I",2,3.44583025183754,4.94092735012554,
,,,,,,,,,,
211,43,"I",4,4.87849803282559,4.68128530850886,"I",4,4.87849803282559,4.68128530850886,
211,44,"-VII",3,4.83094194542555,4.48759105381399,"-VII",3,4.83094194542555,4.48759105381399,
211,45,"I",3,2.19237144175324,4.03706536913297,"I",3,2.19237144175324,4.03706536913297,
211,46,"iv",4,5.7766450234513,4.66415506498153,"iv",4,5.7766450234513,4.66415506498153,
211,47,"-VII",3,3.53651337412809,4.71982213815348,"-VII",3,3.53651337412809,4.71982213815348,
211,48,"viio",4,8.27018065451634,3.31406944197232,"-vii",4,8.19264405404532,3.31406944197232,0.0775366004710207
211,49,"i",2,5.32770383339152,4.41901061737087,"i",2,4.56068301795428,4.71395394013381,
211,50,"i",2,4.76018227574531,4.57468533360787,"i",2,4.91320887315017,4.52447315698211,
211,51,"-VII",2,4.369756547924,5.00837089885223,"-VII",2,4.369756547924,5.00837089885223,
211,52,"-VI",3,3.51159507712138,4.48342280442325,"-VI",3,3.51159507712138,4.48342280442325,
211,53,"-III",4,3.8668329764547,4.2967467794104,"-III",4,3.8668329764547,4.2967467794104,
,,,,,,,,,,
212,90,"I",4,4.87849803282559,4.68128530850886,"I",4,4.87849803282559,4.68128530850886,
212,91,"-VII",3,4.83094194542555,4.48759105381399,"-VII",3,4.83094194542555,4.48759105381399,
212,92,"I",3,2.19237144175324,4.03706536913297,"I",3,2.19237144175324,4.03706536913297,
212,93,"iv",4,5.7766450234513,4.66415506498153,"iv",4,5.7766450234513,4.66415506498153,
212,94,"-VII",3,3.53651337412809,4.71982213815348,"-VII",3,3.53651337412809,4.71982213815348,
212,95,"viio",4,8.27018065451634,3.31406944197232,"-vii",4,8.19264405404532,3.31406944197232,0.0775366004710207
212,96,"i",2,5.32770383339152,4.41901061737087,"i",2,4.56068301795428,4.71395394013381,
212,97,"i",2,4.76018227574531,4.57468533360787,"i",2,4.91320887315017,4.52447315698211,
212,98,"-VII",2,4.369756547924,5.00837089885223,"-VII",2,4.369756547924,5.00837089885223,
212,99,"-VI",3,3.51159507712138,4.48342280442325,"-VI",3,3.51159507712138,4.48342280442325,
212,100,"-III",4,3.8668329764547,4.2967467794104,"-III",4,3.8668329764547,4.2967467794104,
,,,,,,,,,,
213,167,"I",4,4.87849803282559,4.68128530850886,"I",4,4.87849803282559,4.68128530850886,
213,168,"-VII",3,4.83094194542555,4.48759105381399,"-VII",3,4.83094194542555,4.48759105381399,
213,169,"I",3,2.19237144175324,4.03706536913297,"I",3,2.19237144175324,4.03706536913297,
213,170,"iv",4,5.7766450234513,4.66415506498153,"iv",4,5.7766450234513,4.66415506498153,
213,171,"-VII",3,3.53651337412809,4.71982213815348,"-VII",3,3.53651337412809,4.71982213815348,
213,172,"viio",4,8.27018065451634,3.31406944197232,"-vii",4,8.19264405404532,3.31406944197232,0.0775366004710207
213,173,"i",2,5.32770383339152,4.41901061737087,"i",2,4.56068301795428,4.71395394013381,
213,174,"i",2,4.76018227574531,4.57468533360787,"i",2,4.91320887315017,4.52447315698211,
213,175,"-VII",2,4.369756547924,5.00837089885223,"-VII",2,4.369756547924,5.00837089885223,
213,176,"-VI",3,3.51159507712138,4.48342280442325,"-VI",3,3.51159507712138,4.48342280442325,
213,177,"-III",4,3.8668329764547,4.2967467794104,"-III",4,3.8668329764547,4.2967467794104,
,,,,,,,,,,
214,224,"iv",5,1.98434396170342,4.13397125079366,"iv",5,1.98434396170342,4.13397125079366,
214,225,"i",6,2.68563639049407,4.34045132449631,"i",6,2.68563639049407,4.34045132449631,
214,226,"i",7,2.18243731443904,4.17247391450916,"i",7,2.18243731443904,4.17247391450916,
214,227,"iv",8,1.84657847096343,3.58037665495631,"iv",8,1.84657847096343,3.58037665495631,
214,228,"-VII",8,7.52311223501137,0.915131110678904,"-VII",8,7.52311223501137,0.915131110678904,
214,229,"viio",4,7.98169684400735,3.73749875910755,"-vii",4,7.90416024353633,3.73749875910755,0.0775366004710207
214,230,"i",2,5.32770383339152,4.41901061737087,"i",2,4.56068301795428,4.71395394013381,
214,231,"i",2,4.76018227574531,4.57468533360787,"i",2,4.91320887315017,4.52447315698211,
214,232,"-VII",2,4.369756547924,5.00837089885223,"-VII",2,4.369756547924,5.00837089885223,
214,233,"-VI",3,3.51159507712138,4.48342280442325,"-VI",3,3.51159507712138,4.48342280442325,
214,234,"-III",4,3.8668329764547,4.2967467794104,"-III",4,3.8668329764547,4.2967467794104,
,,,,,,,,,,
215,49,"i",2,5.32770383339152,4.41901061737087,"i",2,5.32770383339152,4.41901061737087,
215,50,"i",2,4.76018227574531,4.57468533360787,"i",2,4.76018227574531,4.57468533360787,
215,51,"-VII",2,4.369756547924,5.00837089885223,"-VII",2,4.369756547924,5.00837089885223,
215,52,"-VI",3,3.51159507712138,4.48342280442325,"-VI",3,3.51159507712138,4.48342280442325,
215,53,"-III",4,3.8668329764547,4.2967467794104,"-III",4,3.8668329764547,4.2967467794104,
215,54,"IV",4,2.69632312993299,4.14689931681458,"-VII",4,2.61774984526704,4.14689931681458,0.0785732846659539
215,55,"V",5,5.40635887851403,3.35773123977204,"V",5,4.68764605404774,3.90038018925744,
215,56,"V",3,3.55256776350706,4.8671759177184,"V",4,2.72530242295025,3.75673540663821,
215,57,"i",4,4.63738250011686,4.63633731267907,"i",4,4.64550439610186,4.23650554337225,
215,58,"-VII",4,4.93830958391774,4.42604128541604,"-VII",4,4.88030344220521,4.24344724638161,
215,59,"-VI",3,2.88460431989947,4.70785830444697,"-VI",3,2.88460431989947,4.70785830444697,
,,,,,,,,,,
216,96,"i",2,5.32770383339152,4.41901061737087,"i",2,5.32770383339152,4.41901061737087,
216,97,"i",2,4.76018227574531,4.57468533360787,"i",2,4.76018227574531,4.57468533360787,
216,98,"-VII",2,4.369756547924,5.00837089885223,"-VII",2,4.369756547924,5.00837089885223,
216,99,"-VI",3,3.51159507712138,4.48342280442325,"-VI",3,3.51159507712138,4.48342280442325,
216,100,"-III",4,3.8668329764547,4.2967467794104,"-III",4,3.8668329764547,4.2967467794104,
216,101,"IV",4,2.69632312993299,4.14689931681458,"-VII",4,2.61774984526704,4.14689931681458,0.0785732846659539
216,102,"V",5,5.40635887851403,3.35773123977204,"V",5,4.68764605404774,3.90038018925744,
216,103,"V",3,3.55256776350706,4.8671759177184,"V",4,2.72530242295025,3.75673540663821,
216,104,"i",4,4.63738250011686,4.63633731267907,"i",4,4.64550439610186,4.23650554337225,
216,105,"-VII",4,4.93830958391774,4.42604128541604,"-VII",4,4.88030344220521,4.24344724638161,
216,106,"-VI",3,2.88460431989947,4.70785830444697,"-VI",3,2.88460431989947,4.70785830444697,
,,,,,,,,,,
217,173,"i",2,5.32770383339152,4.41901061737087,"i",2,5.32770383339152,4.41901061737087,
217,174,"i",2,4.76018227574531,4.57468533360787,"i",2,4.76018227574531,4.57468533360787,
217,175,"-VII",2,4.369756547924,5.00837089885223,"-VII",2,4.369756547924,5.00837089885223,
217,176,"-VI",3,3.51159507712138,4.48342280442325,"-VI",3,3.51159507712138,4.48342280442325,
217,177,"-III",4,3.8668329764547,4.2967467794104,"-III",4,3.8668329764547,4.2967467794104,
217,178,"IV",4,2.69632312993299,4.14689931681458,"-VII",4,2.61774984526704,4.14689931681458,0.0785732846659539
217,179,"V",5,5.40635887851403,3.35773123977204,"V",5,4.68764605404774,3.90038018925744,
217,180,"V",3,3.55256776350706,4.8671759177184,"V",4,2.72530242295025,3.75673540663821,
217,181,"i",4,4.63738250011686,4.63633731267907,"i",4,4.64550439610186,4.23650554337225,
217,182,"-VII",4,4.93830958391774,4.42604128541604,"-VII",4,4.88030344220521,4.24344724638161,
217,183,"-VI",3,2.88460431989947,4.70785830444697,"-VI",3,2.88460431989947,4.70785830444697,
,,,,,,,,,,
218,230,"i",2,5.32770383339152,4.41901061737087,"i",2,5.32770383339152,4.41901061737087,
218,231,"i",2,4.76018227574531,4.57468533360787,"i",2,4.76018227574531,4.57468533360787,
218,232,"-VII",2,4.369756547924,5.00837089885223,"-VII",2,4.369756547924,5.00837089885223,
218,233,"-VI",3,3.51159507712138,4.48342280442325,"-VI",3,3.51159507712138,4.48342280442325,
218,234,"-III",4,3.8668329764547,4.2967467794104,"-III",4,3.8668329764547,4.2967467794104,
218,235,"IV",4,2.69632312993299,4.14689931681458,"-VII",4,2.61774984526704,4.14689931681458,0.0785732846659539
218,236,"V",5,5.40635887851403,3.35773123977204,"V",5,4.68764605404774,3.90038018925744,
218,237,"V",3,3.55256776350706,4.8671759177184,"V",4,2.72530242295025,3.75673540663821,
218,238,"i",4,4.63738250011686,4.63633731267907,"i",4,4.64550439610186,4.23650554337225,
218,239,"-VII",4,4.93830958391774,4.42604128541604,"-VII",4,4.88030344220521,4.24344724638161,
218,240,"-VI",3,2.88460431989947,4.70785830444697,"-VI",3,2.88460431989947,4.70785830444697,
,,,,,,,,,,
219,6,"I",4,4.87849803282559,4.68128530850886,"I",4,4.87849803282559,4.68128530850886,
219,7,"-VII",3,4.83094194542555,4.48759105381399,"-VII",3,4.83094194542555,4.48759105381399,
219,8,"i",3,6.35642775656608,4.03706536913297,"i",3,6.35642775656608,4.03706536913297,
219,9,"iv",2,4.10584648692634,4.82712212086332,"iv",2,4.10584648692634,4.82712212086332,
219,10,"iv",3,5.05433816076318,4.54751829860294,"iv",3,5.05433816076318,4.54751829860294,
219,11,"i",3,3.98849768703304,4.94321863377923,"iv",3,3.90937644907397,4.94321863377923,0.0791212379590758
219,12,"-VII",4,3.89568744456997,4.41021885638688,"-VII",4,4.69691161200759,4.58805607759157,
219,13,"I",4,4.87849803282559,4.68128530850886,"I",4,3.91351344567075,4.23976623104071,
219,14,"-VII",3,4.83094194542555,4.48759105381399,"-VII",3,5.00471365595069,4.45037121446671,
219,15,"i",3,6.35642775656608,4.03706536913297,"i",3,6.35642775656608,4.03706536913297,
219,16,"i",2,3.77011381407628,4.82712212086332,"i",2,3.77011381407628,4.82712212086332,
,,,,,,,,,,
220,146,"I",4,4.87849803282559,4.68128530850886,"I",4,4.87849803282559,4.68128530850886,
220,147,"-VII",3,4.83094194542555,4.48759105381399,"-VII",3,4.83094194542555,4.48759105381399,
220,148,"i",3,6.35642775656608,4.03706536913297,"i",3,6.35642775656608,4.03706536913297,
220,149,"iv",2,4.10584648692634,4.82712212086332,"iv",2,4.10584648692634,4.82712212086332,
220,150,"iv",3,5.05433816076318,4.54751829860294,"iv",3,5.05433816076318,4.54751829860294,
220,151,"i",3,3.98849768703304,4.94321863377923,"iv",3,3.90937644907397,4.94321863377923,0.0791212379590758
220,152,"-VII",4,3.89568744456997,4.41021885638688,"-VII",4,4.69691161200759,4.58805607759157,
220,153,"I",4,4.87849803282559,4.68128530850886,"I",4,3.91351344567075,4.23976623104071,
220,154,"-VII",3,4.83094194542555,4.48759105381399,"-VII",3,5.00471365595069,4.45037121446671,
220,155,"i",3,6.35642775656608,4.03706536913297,"i",3,6.35642775656608,4.03706536913297,
220,156,"iv",2,4.10584648692634,4.82712212086332,"iv",2,4.10584648692634,4.82712212086332,
,,,,,,,,,,
221,153,"I",4,4.87849803282559,4.68128530850886,"I",4,4.87849803282559,4.68128530850886,
221,154,"-VII",3,4.83094194542555,4.48759105381399,"-VII",3,4.83094194542555,4.48759105381399,
221,155,"i",3,6.35642775656608,4.03706536913297,"i",3,6.35642775656608,4.03706536913297,
221,156,"iv",2,4.10584648692634,4.82712212086332,"iv",2,4.10584648692634,4.82712212086332,
221,157,"iv",3,5.05433816076318,4.54751829860294,"iv",3,5.05433816076318,4.54751829860294,
221,158,"i",3,3.98849768703304,4.94321863377923,"iv",3,3.90937644907397,4.94321863377923,0.0791212379590758
221,159,"-VII",4,3.89568744456997,4.41021885638688,"-VII",4,4.69691161200759,4.58805607759157,
221,160,"I",4,4.87849803282559,4.68128530850886,"I",4,3.91351344567075,4.23976623104071,
221,161,"-VII",3,4.83094194542555,4.48759105381399,"-VII",3,5.00471365595069,4.45037121446671,
221,162,"I",3,2.19237144175324,4.03706536913297,"I",3,2.19237144175324,4.03706536913297,
221,163,"iv",4,5.7766450234513,4.66415506498153,"iv",4,5.7766450234513,4.66415506498153,
,,,,,,,,,,
222,15,"i",3,6.35642775656608,4.03706536913297,"i",3,6.35642775656608,4.03706536913297,
222,16,"i",2,3.77011381407628,4.82712212086332,"i",2,3.77011381407628,4.82712212086332,
222,17,"iv",3,3.81366888136119,4.84677933644326,"iv",3,3.81366888136119,4.84677933644326,
222,18,"V",4,4.75505411265544,4.55449091793943,"V",4,4.75505411265544,4.55449091793943,
222,19,"i",4,3.43248367445652,3.94710272813741,"i",4,3.43248367445652,3.94710272813741,
222,20,"vio",4,7.81151532125387,3.93250580707735,"iio",4,7.73026973865323,3.93250580707735,0.0812455826006371
222,21,"iv",2,2.30980388612362,4.33538518532882,"iv",2,5.7316753237925,4.70794474148641,
222,22,"V",2,5.37312611206469,4.16512928902508,"V",2,2.06453447085783,4.6720141526534,
222,23,"I",2,3.44583025183754,4.94092735012554,"I",3,3.81032124964261,4.35416740773344,
222,24,"i",3,5.72186089627526,5.04957688059194,"i",3,5.72186089627526,5.04957688059194,
222,25,"iv",3,4.72011675591629,4.68225593899732,"iv",3,4.72011675591629,4.68225593899732,
,,,,,,,,,,
223,23,"I",2,3.44583025183754,4.94092735012554,"I",2,3.44583025183754,4.94092735012554,
223,24,"i",3,5.72186089627526,5.04957688059194,"i",3,5.72186089627526,5.04957688059194,
223,25,"iv",3,4.72011675591629,4.68225593899732,"iv",3,4.72011675591629,4.68225593899732,
223,26,"V",3,4.66477891700184,4.73494275502223,"V",3,4.66477891700184,4.73494275502223,
223,27,"i",3,2.9944552693329,4.56296535832041,"i",3,2.9944552693329,4.56296535832041,
223,28,"vio",4,7.81151532125387,3.93250580707735,"iio",4,7.73026973865323,3.93250580707735,0.0812455826006371
223,29,"iv",2,2.30980388612362,4.33538518532882,"iv",2,5.7316753237925,4.70794474148641,
223,30,"V",2,5.37312611206469,4.16512928902508,"V",2,2.06453447085783,4.6720141526534,
223,31,"I",2,3.44583025183754,4.94092735012554,"I",3,3.81032124964261,4.35416740773344,
223,32,"iv",3,5.41490126927062,5.04957688059194,"iv",3,5.41490126927062,5.04957688059194,
223,33,"iv",3,4.64156620559264,4.80233687276538,"iv",3,4.64156620559264,4.80233687276538,
,,,,,,,,,,
224,62,"V",4,5.00537392147737,3.69626078415495,"V",4,5.00537392147737,3.69626078415495,
224,63,"i",3,2.46910965864994,4.55134108689593,"i",3,2.46910965864994,4.55134108689593,
224,64,"iv",4,2.14682033944846,4.24802320940787,"iv",4,2.14682033944846,4.24802320940787,
224,65,"V",5,4.03136399146733,4.4192229958032,"V",5,4.03136399146733,4.4192229958032,
224,66,"i",4,2.29977292746901,4.08311294765072,"i",4,2.29977292746901,4.08311294765072,
224,67,"vio",5,7.5573452960294,4.26861610564278,"iio",5,7.47609971342876,4.26861610564278,0.0812455826006371
224,68,"iv",2,2.30980388612362,4.33538518532882,"iv",2,5.7316753237925,4.70794474148641,
224,69,"V",2,5.37312611206469,4.16512928902508,"V",2,2.06453447085783,4.6720141526534,
224,70,"I",2,3.44583025183754,4.94092735012554,"I",3,3.81032124964261,4.35416740773344,
224,71,"i",3,5.72186089627526,5.04957688059194,"i",3,5.72186089627526,5.04957688059194,
224,72,"iv",3,4.72011675591629,4.68225593899732,"iv",3,4.72011675591629,4.68225593899732,
,,,,,,,,,,
225,70,"I",2,3.44583025183754,4.94092735012554,"I",2,3.44583025183754,4.94092735012554,
225,71,"i",3,5.72186089627526,5.04957688059194,"i",3,5.72186089627526,5.04957688059194,
225,72,"iv",3,4.72011675591629,4.68225593899732,"iv",3,4.72011675591629,4.68225593899732,
225,73,"V",3,4.66477891700184,4.73494275502223,"V",3,4.66477891700184,4.73494275502223,
225,74,"i",3,2.9944552693329,4.56296535832041,"i",3,2.9944552693329,4.56296535832041,
225,75,"vio",4,7.81151532125387,3.93250580707735,"iio",4,7.73026973865323,3.93250580707735,0.0812455826006371
225,76,"iv",2,2.30980388612362,4.33538518532882,"iv",2,5.7316753237925,4.70794474148641,
225,77,"V",2,5.37312611206469,4.16512928902508,"V",2,2.06453447085783,4.6720141526534,
225,78,"I",2,3.44583025183754,4.94092735012554,"I",3,3.81032124964261,4.35416740773344,
225,79,"iv",3,5.41490126927062,5.04957688059194,"iv",3,5.41490126927062,5.04957688059194,
225,80,"iv",3,4.64156620559264,4.80233687276538,"iv",3,4.64156620559264,4.80233687276538,
,,,,,,,,,,
226,109,"V",4,5.00537392147737,3.69626078415495,"V",4,5.00537392147737,3.69626078415495,
226,110,"i",3,2.46910965864994,4.55134108689593,"i",3,2.46910965864994,4.55134108689593,
226,111,"iv",4,2.14682033944846,4.24802320940787,"iv",4,2.14682033944846,4.24802320940787,
226,112,"V",5,4.03136399146733,4.4192229958032,"V",5,4.03136399146733,4.4192229958032,
226,113,"i",4,2.29977292746901,4.08311294765072,"i",4,2.29977292746901,4.08311294765072,
226,114,"vio",5,7.5573452960294,4.26861610564278,"iio",5,7.47609971342876,4.26861610564278,0.0812455826006371
226,115,"iv",2,2.30980388612362,4.33538518532882,"iv",2,5.7316753237925,4.70794474148641,
226,116,"V",2,5.37312611206469,4.16512928902508,"V",2,2.06453447085783,4.6720141526534,
226,117,"I",2,3.44583025183754,4.94092735012554,"I",3,3.81032124964261,4.35416740773344,
226,118,"i",3,5.72186089627526,5.04957688059194,"i",3,5.72186089627526,5.04957688059194,
226,119,"iv",3,4.72011675591629,4.68225593899732,"iv",3,4.72011675591629,4.68225593899732,
,,,,,,,,,,
227,117,"I",2,3.44583025183754,4.94092735012554,"I",2,3.44583025183754,4.94092735012554,
227,118,"i",3,5.72186089627526,5.04957688059194,"i",3,5.72186089627526,5.04957688059194,
227,119,"iv",3,4.72011675591629,4.68225593899732,"iv",3,4.72011675591629,4.68225593899732,
227,120,"V",3,4.66477891700184,4.73494275502223,"V",3,4.66477891700184,4.73494275502223,
227,121,"i",3,2.9944552693329,4.56296535832041,"i",3,2.9944552693329,4.56296535832041,
227,122,"vio",4,7.81151532125387,3.93250580707735,"iio",4,7.73026973865323,3.93250580707735,0.0812455826006371
227,123,"iv",2,2.30980388612362,4.33538518532882,"iv",2,5.7316753237925,4.70794474148641,
227,124,"V",2,5.37312611206469,4.16512928902508,"V",2,2.06453447085783,4.6720141526534,
227,125,"I",2,3.44583025183754,4.94092735012554,"I",3,3.81032124964261,4.35416740773344,
227,126,"IV",3,4.5923651709761,5.04957688059194,"IV",3,4.5923651709761,5.04957688059194,
227,127,"IV",4,3.97186902212528,4.40473316352327,"IV",4,3.97186902212528,4.40473316352327,
,,,,,,,,,,
228,186,"V",4,5.00537392147737,3.69626078415495,"V",4,5.00537392147737,3.69626078415495,
228,187,"i",3,2.46910965864994,4.55134108689593,"i",3,2.46910965864994,4.55134108689593,
228,188,"iv",4,2.14682033944846,4.24802320940787,"iv",4,2.14682033944846,4.24802320940787,
228,189,"V",5,4.03136399146733,4.4192229958032,"V",5,4.03136399146733,4.4192229958032,
228,190,"i",4,2.29977292746901,4.08311294765072,"i",4,2.29977292746901,4.08311294765072,
228,191,"vio",5,7.5573452960294,4.26861610564278,"iio",5,7.47609971342876,4.26861610564278,0.0812455826006371
228,192,"iv",2,2.30980388612362,4.33538518532882,"iv",2,5.7316753237925,4.70794474148641,
228,193,"V",2,5.37312611206469,4.16512928902508,"V",2,2.06453447085783,4.6720141526534,
228,194,"I",2,3.44583025183754,4.94092735012554,"I",3,3.81032124964261,4.35416740773344,
228,195,"i",3,5.72186089627526,5.04957688059194,"i",3,5.72186089627526,5.04957688059194,
228,196,"iv",3,4.72011675591629,4.68225593899732,"iv",3,4.72011675591629,4.68225593899732,
,,,,,,,,,,
229,194,"I",2,3.44583025183754,4.94092735012554,"I",2,3.44583025183754,4.94092735012554,
229,195,"i",3,5.72186089627526,5.04957688059194,"i",3,5.72186089627526,5.04957688059194,
229,196,"iv",3,4.72011675591629,4.68225593899732,"iv",3,4.72011675591629,4.68225593899732,
229,197,"V",3,4.66477891700184,4.73494275502223,"V",3,4.66477891700184,4.73494275502223,
229,198,"i",3,2.9944552693329,4.56296535832041,"i",3,2.9944552693329,4.56296535832041,
229,199,"vio",4,7.81151532125387,3.93250580707735,"iio",4,7.73026973865323,3.93250580707735,0.0812455826006371
229,200,"iv",2,2.30980388612362,4.33538518532882,"iv",2,5.7316753237925,4.70794474148641,
229,201,"V",2,5.37312611206469,4.16512928902508,"V",2,2.06453447085783,4.6720141526534,
229,202,"I",2,3.44583025183754,4.94092735012554,"I",3,3.81032124964261,4.35416740773344,
229,203,"IV",3,4.5923651709761,5.04957688059194,"IV",3,4.5923651709761,5.04957688059194,
229,204,"IV",4,3.97186902212528,4.40473316352327,"IV",4,3.97186902212528,4.40473316352327,
,,,,,,,,,,
230,243,"V",4,5.00537392147737,3.69626078415495,"V",4,5.00537392147737,3.69626078415495,
230,244,"i",3,2.46910965864994,4.55134108689593,"i",3,2.46910965864994,4.55134108689593,
230,245,"iv",4,2.14682033944846,4.24802320940787,"iv",4,2.14682033944846,4.24802320940787,
230,246,"V",5,4.03136399146733,4.4192229958032,"V",5,4.03136399146733,4.4192229958032,
230,247,"i",4,2.29977292746901,4.08311294765072,"i",4,2.29977292746901,4.08311294765072,
230,248,"vio",5,7.5573452960294,4.26861610564278,"iio",5,7.47609971342876,4.26861610564278,0.0812455826006371
230,249,"iv",2,2.30980388612362,4.33538518532882,"iv",2,5.7316753237925,4.70794474148641,
230,250,"V",2,5.37312611206469,4.16512928902508,"V",2,2.06453447085783,4.6720141526534,
230,251,"I",2,3.44583025183754,4.94092735012554,"I",3,3.81032124964261,4.35416740773344,
230,252,"i",3,5.72186089627526,5.04957688059194,"i",3,5.72186089627526,5.04957688059194,
230,253,"iv",3,4.72011675591629,4.68225593899732,"iv",3,4.72011675591629,4.68225593899732,
,,,,,,,,,,
231,251,"I",2,3.44583025183754,4.94092735012554,"I",2,3.44583025183754,4.94092735012554,
231,252,"i",3,5.72186089627526,5.04957688059194,"i",3,5.72186089627526,5.04957688059194,
231,253,"iv",3,4.72011675591629,4.68225593899732,"iv",3,4.72011675591629,4.68225593899732,
231,254,"V",3,4.66477891700184,4.73494275502223,"V",3,4.66477891700184,4.73494275502223,
231,255,"i",3,2.9944552693329,4.56296535832041,"i",3,2.9944552693329,4.56296535832041,
231,256,"vio",4,7.81151532125387,3.93250580707735,"iio",4,7.73026973865323,3.93250580707735,0.0812455826006371
231,257,"iv",2,2.30980388612362,4.33538518532882,"iv",2,5.7316753237925,4.70794474148641,
231,258,"V",2,5.37312611206469,4.16512928902508,"V",2,2.06453447085783,4.6720141526534,
231,259,"I",2,3.44583025183754,4.94092735012554,"I",3,3.81032124964261,4.35416740773344,
231,260,"i",3,5.72186089627526,5.04957688059194,"i",3,5.72186089627526,5.04957688059194,
231,261,"iv",3,4.72011675591629,4.68225593899732,"iv",3,4.72011675591629,4.68225593899732,
,,,,,,,,,,
232,259,"I",2,3.44583025183754,4.94092735012554,"I",2,3.44583025183754,4.94092735012554,
232,260,"i",3,5.72186089627526,5.04957688059194,"i",3,5.72186089627526,5.04957688059194,
232,261,"iv",3,4.72011675591629,4.68225593899732,"iv",3,4.72011675591629,4.68225593899732,
232,262,"V",3,4.66477891700184,4.73494275502223,"V",3,4.66477891700184,4.73494275502223,
232,263,"i",3,2.9944552693329,4.56296535832041,"i",3,2.9944552693329,4.56296535832041,
232,264,"vio",4,7.81151532125387,3.93250580707735,"iio",4,7.73026973865323,3.93250580707735,0.0812455826006371
232,265,"iv",2,2.30980388612362,4.33538518532882,"iv",2,5.7316753237925,4.70794474148641,
232,266,"V",2,5.37312611206469,4.16512928902508,"V",2,2.06453447085783,4.6720141526534,
232,267,"I",2,3.44583025183754,4.94092735012554,"I",3,3.81032124964261,4.35416740773344,
232,268,"i",3,5.72186089627526,5.04957688059194,"i",3,5.72186089627526,5.04957688059194,
232,269,"r",3,3.01090187863354,4.68225593899732,"r",3,3.01090187863354,4.68225593899732,
,,,,,,,,,,
233,44,"-VII",3,4.83094194542555,4.48759105381399,"-VII",3,4.83094194542555,4.48759105381399,
233,45,"I",3,2.19237144175324,4.03706536913297,"I",3,2.19237144175324,4.03706536913297,
233,46,"iv",4,5.7766450234513,4.66415506498153,"iv",4,5.7766450234513,4.66415506498153,
233,47,"-VII",3,3.53651337412809,4.71982213815348,"-VII",3,3.53651337412809,4.71982213815348,
233,48,"viio",4,8.27018065451634,3.31406944197232,"viio",4,8.27018065451634,3.31406944197232,
233,49,"i",2,5.32770383339152,4.41901061737087,"iii",2,5.41284328586593,4.41901061737087,0.0851394524744107
233,50,"i",2,4.76018227574531,4.57468533360787,"i",2,6.67131627826565,4.49436484753383,
233,51,"-VII",2,4.369756547924,5.00837089885223,"-VII",1,4.96215444965023,5.14237282942256,
233,52,"-VI",3,3.51159507712138,4.48342280442325,"-VI",2,3.53837674350961,4.90701046353295,
233,53,"-III",4,3.8668329764547,4.2967467794104,"-III",3,3.57192057783592,4.55121598881682,
233,54,"IV",4,2.69632312993299,4.14689931681458,"IV",4,2.69632312993299,4.14689931681458,
,,,,,,,,,,
234,91,"-VII",3,4.83094194542555,4.48759105381399,"-VII",3,4.83094194542555,4.48759105381399,
234,92,"I",3,2.19237144175324,4.03706536913297,"I",3,2.19237144175324,4.03706536913297,
234,93,"iv",4,5.7766450234513,4.66415506498153,"iv",4,5.7766450234513,4.66415506498153,
234,94,"-VII",3,3.53651337412809,4.71982213815348,"-VII",3,3.53651337412809,4.71982213815348,
234,95,"viio",4,8.27018065451634,3.31406944197232,"viio",4,8.27018065451634,3.31406944197232,
234,96,"i",2,5.32770383339152,4.41901061737087,"iii",2,5.41284328586593,4.41901061737087,0.0851394524744107
234,97,"i",2,4.76018227574531,4.57468533360787,"i",2,6.67131627826565,4.49436484753383,
234,98,"-VII",2,4.369756547924,5.00837089885223,"-VII",1,4.96215444965023,5.14237282942256,
234,99,"-VI",3,3.51159507712138,4.48342280442325,"-VI",2,3.53837674350961,4.90701046353295,
234,100,"-III",4,3.8668329764547,4.2967467794104,"-III",3,3.57192057783592,4.55121598881682,
234,101,"IV",4,2.69632312993299,4.14689931681458,"IV",4,2.69632312993299,4.14689931681458,
,,,,,,,,,,
235,168,"-VII",3,4.83094194542555,4.48759105381399,"-VII",3,4.83094194542555,4.48759105381399,
235,169,"I",3,2.19237144175324,4.03706536913297,"I",3,2.19237144175324,4.03706536913297,
235,170,"iv",4,5.7766450234513,4.66415506498153,"iv",4,5.7766450234513,4.66415506498153,
235,171,"-VII",3,3.53651337412809,4.71982213815348,"-VII",3,3.53651337412809,4.71982213815348,
235,172,"viio",4,8.27018065451634,3.31406944197232,"viio",4,8.27018065451634,3.31406944197232,
235,173,"i",2,5.32770383339152,4.41901061737087,"iii",2,5.41284328586593,4.41901061737087,0.0851394524744107
235,174,"i",2,4.76018227574531,4.57468533360787,"i",2,6.67131627826565,4.49436484753383,
235,175,"-VII",2,4.369756547924,5.00837089885223,"-VII",1,4.96215444965023,5.14237282942256,
235,176,"-VI",3,3.51159507712138,4.48342280442325,"-VI",2,3.53837674350961,4.90701046353295,
235,177,"-III",4,3.8668329764547,4.2967467794104,"-III",3,3.57192057783592,4.55121598881682,
235,178,"IV",4,2.69632312993299,4.14689931681458,"IV",4,2.69632312993299,4.14689931681458,
,,,,,,,,,,
236,225,"i",6,2.68563639049407,4.34045132449631,"i",6,2.68563639049407,4.34045132449631,
236,226,"i",7,2.18243731443904,4.17247391450916,"i",7,2.18243731443904,4.17247391450916,
236,227,"iv",8,1.84657847096343,3.58037665495631,"iv",8,1.84657847096343,3.58037665495631,
236,228,"-VII",8,7.52311223501137,0.915131110678904,"-VII",8,7.52311223501137,0.915131110678904,
236,229,"viio",4,7.98169684400735,3.73749875910755,"viio",4,7.98169684400735,3.73749875910755,
236,230,"i",2,5.32770383339152,4.41901061737087,"iii",2,5.41284328586593,4.41901061737087,0.0851394524744107
236,231,"i",2,4.76018227574531,4.57468533360787,"i",2,6.67131627826565,4.49436484753383,
236,232,"-VII",2,4.369756547924,5.00837089885223,"-VII",1,4.96215444965023,5.14237282942256,
236,233,"-VI",3,3.51159507712138,4.48342280442325,"-VI",2,3.53837674350961,4.90701046353295,
236,234,"-III",4,3.8668329764547,4.2967467794104,"-III",3,3.57192057783592,4.55121598881682,
236,235,"IV",4,2.69632312993299,4.14689931681458,"IV",4,2.69632312993299,4.14689931681458,
,,,,,,,,,,
237,135,"-III",7,3.79446788842609,4.2588519480788,"-III",7,3.79446788842609,4.2588519480788,
237,136,"ii",5,4.80044289324473,4.18296039651023,"ii",5,4.80044289324473,4.18296039651023,
237,137,"ii",3,6.71819255177871,2.05342421192301,"ii",3,6.71819255177871,2.05342421192301,
237,138,"-II+",2,7.72132158754962,4.96461428251949,"-II+",2,7.72132158754962,4.96461428251949,
237,139,"-II+",0,6.71593189429401,5.10163169593222,"-II+",0,6.71593189429401,5.10163169593222,
237,140,"I",0,5.49353947295756,5.10163169593222,"V",0,5.58303762379666,5.10163169593222,0.0894981508391028
237,141,"I",1,4.59121477294879,5.1826745041452,"I",1,4.58395459217199,5.15860995937917,
237,142,"iv",2,5.03672053131097,5.15183653934212,"iv",2,5.21368493900435,5.16882452658731,
237,143,"iv",3,3.04595611286263,4.71989833609685,"iv",3,4.64156620559264,4.80233687276538,
237,144,"i",4,5.04899100129851,4.68275528329193,"i",3,4.69228189134161,4.95099380360449,
237,145,"-VII",3,3.58756818339615,4.69646370619056,"-VII",3,3.58756818339615,4.69646370619056,
,,,,,,,,,,
238,212,"-III",7,3.79446788842609,4.2588519480788,"-III",7,3.79446788842609,4.2588519480788,
238,213,"ii",5,4.80044289324473,4.18296039651023,"ii",5,4.80044289324473,4.18296039651023,
238,214,"ii",3,6.71819255177871,2.05342421192301,"ii",3,6.71819255177871,2.05342421192301,
238,215,"-II+",2,7.72132158754962,4.96461428251949,"-II+",2,7.72132158754962,4.96461428251949,
238,216,"-II+",0,6.71593189429401,5.10163169593222,"-II+",0,6.71593189429401,5.10163169593222,
238,217,"I",0,5.49353947295756,5.10163169593222,"V",0,5.58303762379666,5.10163169593222,0.0894981508391028
238,218,"I",1,4.59121477294879,5.1826745041452,"I",1,4.58395459217199,5.15860995937917,
238,219,"iv",2,5.03672053131097,5.15183653934212,"iv",2,5.21368493900435,5.16882452658731,
238,220,"iv",3,3.04595611286263,4.71989833609685,"iv",3,4.64156620559264,4.80233687276538,
238,221,"i",4,5.04899100129851,4.68275528329193,"i",3,4.69228189134161,4.95099380360449,
238,222,"i",3,2.73113785491938,4.69646370619056,"i",3,2.73113785491938,4.69646370619056,
,,,,,,,,,,
239,137,"ii",3,6.71819255177871,2.05342421192301,"ii",3,6.71819255177871,2.05342421192301,
239,138,"-II+",2,7.72132158754962,4.96461428251949,"-II+",2,7.72132158754962,4.96461428251949,
239,139,"-II+",0,6.71593189429401,5.10163169593222,"-II+",0,6.71593189429401,5.10163169593222,
239,140,"I",0,5.49353947295756,5.10163169593222,"I",0,5.49353947295756,5.10163169593222,
239,141,"I",1,4.59121477294879,5.1826745041452,"I",1,4.59121477294879,5.1826745041452,
239,142,"iv",2,5.03672053131097,5.15183653934212,"-VII",2,5.1281304075148,5.15183653934212,0.0914098762038336
239,143,"iv",3,3.04595611286263,4.71989833609685,"iv",3,6.71747593386619,4.34498346272447,
239,144,"i",4,5.04899100129851,4.68275528329193,"i",2,4.52120113078538,5.01004718111802,
239,145,"-VII",3,3.58756818339615,4.69646370619056,"-VII",3,4.50468427569898,4.35031059486191,
239,146,"I",4,4.87849803282559,4.68128530850886,"I",3,5.21273898561563,4.28236490362542,
239,147,"-VII",3,4.83094194542555,4.48759105381399,"-VII",3,4.83094194542555,4.48759105381399,
,,,,,,,,,,
240,214,"ii",3,6.71819255177871,2.05342421192301,"ii",3,6.71819255177871,2.05342421192301,
240,215,"-II+",2,7.72132158754962,4.96461428251949,"-II+",2,7.72132158754962,4.96461428251949,
240,216,"-II+",0,6.71593189429401,5.10163169593222,"-II+",0,6.71593189429401,5.10163169593222,
240,217,"I",0,5.49353947295756,5.10163169593222,"I",0,5.49353947295756,5.10163169593222,
240,218,"I",1,4.59121477294879,5.1826745041452,"I",1,4.59121477294879,5.1826745041452,
240,219,"iv",2,5.03672053131097,5.15183653934212,"-VII",2,5.1281304075148,5.15183653934212,0.0914098762038336
240,220,"iv",3,3.04595611286263,4.71989833609685,"iv",3,6.71747593386619,4.34498346272447,
240,221,"i",4,5.04899100129851,4.68275528329193,"i",2,4.52120113078538,5.01004718111802,
240,222,"i",3,2.73113785491938,4.69646370619056,"i",3,4.10549117078333,4.35031059486191,
240,223,"iv",4,3.37549282943408,4.37563394860231,"iv",3,3.94982656351364,4.74078760286442,
240,224,"iv",5,1.98434396170342,4.13397125079366,"iv",4,2.84372683221446,4.53918723063958,
,,,,,,,,,,
241,122,"vio",4,7.81151532125387,3.93250580707735,"vio",4,7.81151532125387,3.93250580707735,
241,123,"iv",2,2.30980388612362,4.33538518532882,"iv",2,2.30980388612362,4.33538518532882,
241,124,"V",2,5.37312611206469,4.16512928902508,"V",2,5.37312611206469,4.16512928902508,
241,125,"I",2,3.44583025183754,4.94092735012554,"I",2,3.44583025183754,4.94092735012554,
241,126,"IV",3,4.5923651709761,5.04957688059194,"IV",3,4.5923651709761,5.04957688059194,
241,127,"IV",4,3.97186902212528,4.40473316352327,"V",4,4.06443314806043,4.40473316352327,0.0925641259351506
241,128,"I",4,3.32702484757016,4.69239742538466,"I",4,2.86138374902679,4.63898459777888,
241,129,"I",5,2.66168090020326,4.39552480589729,"I",5,3.33015305617404,4.70059181018118,
241,130,"IV",6,3.16620395808311,4.73518921754187,"IV",6,2.61669796843346,4.42595634543379,
241,131,"IV",7,2.21075448089912,4.27189987083306,"IV",7,3.70637258383415,3.87197185807202,
241,132,"I",8,2.14956439540252,4.3900410632328,"I",7,3.12400609167381,4.31826525602659,
,,,,,,,,,,
242,199,"vio",4,7.81151532125387,3.93250580707735,"vio",4,7.81151532125387,3.93250580707735,
242,200,"iv",2,2.30980388612362,4.33538518532882,"iv",2,2.30980388612362,4.33538518532882,
242,201,"V",2,5.37312611206469,4.16512928902508,"V",2,5.37312611206469,4.16512928902508,
242,202,"I",2,3.44583025183754,4.94092735012554,"I",2,3.44583025183754,4.94092735012554,
242,203,"IV",3,4.5923651709761,5.04957688059194,"IV",3,4.5923651709761,5.04957688059194,
242,204,"IV",4,3.97186902212528,4.40473316352327,"V",4,4.06443314806043,4.40473316352327,0.0925641259351506
242,205,"I",4,3.32702484757016,4.69239742538466,"I",4,2.86138374902679,4.63898459777888,
242,206,"I",5,2.66168090020326,4.39552480589729,"I",5,3.33015305617404,4.70059181018118,
242,207,"IV",6,3.16620395808311,4.73518921754187,"IV",6,2.61669796843346,4.42595634543379,
242,208,"IV",7,2.21075448089912,4.27189987083306,"IV",7,3.70637258383415,3.87197185807202,
242,209,"I",8,2.14956439540252,4.3900410632328,"I",7,3.12400609167381,4.31826525602659,
,,,,,,,,,,
243,15,"i",3,6.35642775656608,4.03706536913297,"i",3,6.35642775656608,4.03706536913297,
243,16,"i",2,3.77011381407628,4.82712212086332,"i",2,3.77011381407628,4.82712212086332,
243,17,"iv",3,3.81366888136119,4.84677933644326,"iv",3,3.81366888136119,4.84677933644326,
243,18,"V",4,4.75505411265544,4.55449091793943,"V",4,4.75505411265544,4.55449091793943,
243,19,"i",4,3.43248367445652,3.94710272813741,"i",4,3.43248367445652,3.94710272813741,
243,20,"vio",4,7.81151532125387,3.93250580707735,"III",4,7.90608474191143,3.93250580707735,0.0945694206575647
243,21,"iv",2,2.30980388612362,4.33538518532882,"iv",1,5.8615088362725,5.03483692547089,
243,22,"V",2,5.37312611206469,4.16512928902508,"V",2,5.11856226346811,4.70672184329458,
243,23,"I",2,3.44583025183754,4.94092735012554,"I",2,3.44583025183754,4.94092735012554,
243,24,"i",3,5.72186089627526,5.04957688059194,"i",3,5.72186089627526,5.04957688059194,
243,25,"iv",3,4.72011675591629,4.68225593899732,"iv",3,4.72011675591629,4.68225593899732,
,,,,,,,,,,
244,23,"I",2,3.44583025183754,4.94092735012554,"I",2,3.44583025183754,4.94092735012554,
244,24,"i",3,5.72186089627526,5.04957688059194,"i",3,5.72186089627526,5.04957688059194,
244,25,"iv",3,4.72011675591629,4.68225593899732,"iv",3,4.72011675591629,4.68225593899732,
244,26,"V",3,4.66477891700184,4.73494275502223,"V",3,4.66477891700184,4.73494275502223,
244,27,"i",3,2.9944552693329,4.56296535832041,"i",3,2.9944552693329,4.56296535832041,
244,28,"vio",4,7.81151532125387,3.93250580707735,"III",4,7.90608474191143,3.93250580707735,0.0945694206575647
244,29,"iv",2,2.30980388612362,4.33538518532882,"iv",1,5.8615088362725,5.03483692547089,
244,30,"V",2,5.37312611206469,4.16512928902508,"V",2,5.11856226346811,4.70672184329458,
244,31,"I",2,3.44583025183754,4.94092735012554,"I",2,3.44583025183754,4.94092735012554,
244,32,"iv",3,5.41490126927062,5.04957688059194,"iv",3,5.41490126927062,5.04957688059194,
244,33,"iv",3,4.64156620559264,4.80233687276538,"iv",3,4.64156620559264,4.80233687276538,
,,,,,,,,,,
245,62,"V",4,5.00537392147737,3.69626078415495,"V",4,5.00537392147737,3.69626078415495,
245,63,"i",3,2.46910965864994,4.55134108689593,"i",3,2.46910965864994,4.55134108689593,
245,64,"iv",4,2.14682033944846,4.24802320940787,"iv",4,2.14682033944846,4.24802320940787,
245,65,"V",5,4.03136399146733,4.4192229958032,"V",5,4.03136399146733,4.4192229958032,
245,66,"i",4,2.29977292746901,4.08311294765072,"i",4,2.29977292746901,4.08311294765072,
245,67,"vio",5,7.5573452960294,4.26861610564278,"III",5,7.65191471668696,4.26861610564278,0.0945694206575647
245,68,"iv",2,2.30980388612362,4.33538518532882,"iv",1,5.8615088362725,5.03483692547089,
245,69,"V",2,5.37312611206469,4.16512928902508,"V",2,5.11856226346811,4.70672184329458,
245,70,"I",2,3.44583025183754,4.94092735012554,"I",2,3.44583025183754,4.94092735012554,
245,71,"i",3,5.72186089627526,5.04957688059194,"i",3,5.72186089627526,5.04957688059194,
245,72,"iv",3,4.72011675591629,4.68225593899732,"iv",3,4.72011675591629,4.68225593899732,
,,,,,,,,,,
246,70,"I",2,3.44583025183754,4.94092735012554,"I",2,3.44583025183754,4.94092735012554,
246,71,"i",3,5.72186089627526,5.04957688059194,"i",3,5.72186089627526,5.04957688059194,
246,72,"iv",3,4.72011675591629,4.68225593899732,"iv",3,4.72011675591629,4.68225593899732,
246,73,"V",3,4.66477891700184,4.73494275502223,"V",3,4.66477891700184,4.73494275502223,
246,74,"i",3,2.9944552693329,4.56296535832041,"i",3,2.9944552693329,4.56296535832041,
246,75,"vio",4,7.81151532125387,3.93250580707735,"III",4,7.90608474191143,3.93250580707735,0.0945694206575647
246,76,"iv",2,2.30980388612362,4.33538518532882,"iv",1,5.8615088362725,5.03483692547089,
246,77,"V",2,5.37312611206469,4.16512928902508,"V",2,5.11856226346811,4.70672184329458,
246,78,"I",2,3.44583025183754,4.94092735012554,"I",2,3.44583025183754,4.94092735012554,
246,79,"iv",3,5.41490126927062,5.04957688059194,"iv",3,5.41490126927062,5.04957688059194,
246,80,"iv",3,4.64156620559264,4.80233687276538,"iv",3,4.64156620559264,4.80233687276538,
,,,,,,,,,,
247,109,"V",4,5.00537392147737,3.69626078415495,"V",4,5.00537392147737,3.69626078415495,
247,110,"i",3,2.46910965864994,4.55134108689593,"i",3,2.46910965864994,4.55134108689593,
247,111,"iv",4,2.14682033944846,4.24802320940787,"iv",4,2.14682033944846,4.24802320940787,
247,112,"V",5,4.03136399146733,4.4192229958032,"V",5,4.03136399146733,4.4192229958032,
247,113,"i",4,2.29977292746901,4.08311294765072,"i",4,2.29977292746901,4.08311294765072,
247,114,"vio",5,7.5573452960294,4.26861610564278,"III",5,7.65191471668696,4.26861610564278,0.0945694206575647
247,115,"iv",2,2.30980388612362,4.33538518532882,"iv",1,5.8615088362725,5.03483692547089,
247,116,"V",2,5.37312611206469,4.16512928902508,"V",2,5.11856226346811,4.70672184329458,
247,117,"I",2,3.44583025183754,4.94092735012554,"I",2,3.44583025183754,4.94092735012554,
247,118,"i",3,5.72186089627526,5.04957688059194,"i",3,5.72186089627526,5.04957688059194,
247,119,"iv",3,4.72011675591629,4.68225593899732,"iv",3,4.72011675591629,4.68225593899732,
,,,,,,,,,,
248,117,"I",2,3.44583025183754,4.94092735012554,"I",2,3.44583025183754,4.94092735012554,
248,118,"i",3,5.72186089627526,5.04957688059194,"i",3,5.72186089627526,5.04957688059194,
248,119,"iv",3,4.72011675591629,4.68225593899732,"iv",3,4.72011675591629,4.68225593899732,
248,120,"V",3,4.66477891700184,4.73494275502223,"V",3,4.66477891700184,4.73494275502223,
248,121,"i",3,2.9944552693329,4.56296535832041,"i",3,2.9944552693329,4.56296535832041,
248,122,"vio",4,7.81151532125387,3.93250580707735,"III",4,7.90608474191143,3.93250580707735,0.0945694206575647
248,123,"iv",2,2.30980388612362,4.33538518532882,"iv",1,5.8615088362725,5.03483692547089,
248,124,"V",2,5.37312611206469,4.16512928902508,"V",2,5.11856226346811,4.70672184329458,
248,125,"I",2,3.44583025183754,4.94092735012554,"I",2,3.44583025183754,4.94092735012554,
248,126,"IV",3,4.5923651709761,5.04957688059194,"IV",3,4.5923651709761,5.04957688059194,
248,127,"IV",4,3.97186902212528,4.40473316352327,"IV",4,3.97186902212528,4.40473316352327,
,,,,,,,,,,
249,186,"V",4,5.00537392147737,3.69626078415495,"V",4,5.00537392147737,3.69626078415495,
249,187,"i",3,2.46910965864994,4.55134108689593,"i",3,2.46910965864994,4.55134108689593,
249,188,"iv",4,2.14682033944846,4.24802320940787,"iv",4,2.14682033944846,4.24802320940787,
249,189,"V",5,4.03136399146733,4.4192229958032,"V",5,4.03136399146733,4.4192229958032,
249,190,"i",4,2.29977292746901,4.08311294765072,"i",4,2.29977292746901,4.08311294765072,
249,191,"vio",5,7.5573452960294,4.26861610564278,"III",5,7.65191471668696,4.26861610564278,0.0945694206575647
249,192,"iv",2,2.30980388612362,4.33538518532882,"iv",1,5.8615088362725,5.03483692547089,
249,193,"V",2,5.37312611206469,4.16512928902508,"V",2,5.11856226346811,4.70672184329458,
249,194,"I",2,3.44583025183754,4.94092735012554,"I",2,3.44583025183754,4.94092735012554,
249,195,"i",3,5.72186089627526,5.04957688059194,"i",3,5.72186089627526,5.04957688059194,
249,196,"iv",3,4.72011675591629,4.68225593899732,"iv",3,4.72011675591629,4.68225593899732,
,,,,,,,,,,
250,194,"I",2,3.44583025183754,4.94092735012554,"I",2,3.44583025183754,4.94092735012554,
250,195,"i",3,5.72186089627526,5.04957688059194,"i",3,5.72186089627526,5.04957688059194,
250,196,"iv",3,4.72011675591629,4.68225593899732,"iv",3,4.72011675591629,4.68225593899732,
250,197,"V",3,4.66477891700184,4.73494275502223,"V",3,4.66477891700184,4.73494275502223,
250,198,"i",3,2.9944552693329,4.56296535832041,"i",3,2.9944552693329,4.56296535832041,
250,199,"vio",4,7.81151532125387,3.93250580707735,"III",4,7.90608474191143,3.93250580707735,0.0945694206575647
250,200,"iv",2,2.30980388612362,4.33538518532882,"iv",1,5.8615088362725,5.03483692547089,
250,201,"V",2,5.37312611206469,4.16512928902508,"V",2,5.11856226346811,4.70672184329458,
250,202,"I",2,3.44583025183754,4.94092735012554,"I",2,3.44583025183754,4.94092735012554,
250,203,"IV",3,4.5923651709761,5.04957688059194,"IV",3,4.5923651709761,5.04957688059194,
250,204,"IV",4,3.97186902212528,4.40473316352327,"IV",4,3.97186902212528,4.40473316352327,
,,,,,,,,,,
251,243,"V",4,5.00537392147737,3.69626078415495,"V",4,5.00537392147737,3.69626078415495,
251,244,"i",3,2.46910965864994,4.55134108689593,"i",3,2.46910965864994,4.55134108689593,
251,245,"iv",4,2.14682033944846,4.24802320940787,"iv",4,2.14682033944846,4.24802320940787,
251,246,"V",5,4.03136399146733,4.4192229958032,"V",5,4.03136399146733,4.4192229958032,
251,247,"i",4,2.29977292746901,4.08311294765072,"i",4,2.29977292746901,4.08311294765072,
251,248,"vio",5,7.5573452960294,4.26861610564278,"III",5,7.65191471668696,4.26861610564278,0.0945694206575647
251,249,"iv",2,2.30980388612362,4.33538518532882,"iv",1,5.8615088362725,5.03483692547089,
251,250,"V",2,5.37312611206469,4.16512928902508,"V",2,5.11856226346811,4.70672184329458,
251,251,"I",2,3.44583025183754,4.94092735012554,"I",2,3.44583025183754,4.94092735012554,
251,252,"i",3,5.72186089627526,5.04957688059194,"i",3,5.72186089627526,5.04957688059194,
251,253,"iv",3,4.72011675591629,4.68225593899732,"iv",3,4.72011675591629,4.68225593899732,
,,,,,,,,,,
252,251,"I",2,3.44583025183754,4.94092735012554,"I",2,3.44583025183754,4.94092735012554,
252,252,"i",3,5.72186089627526,5.04957688059194,"i",3,5.72186089627526,5.04957688059194,
252,253,"iv",3,4.72011675591629,4.68225593899732,"iv",3,4.72011675591629,4.68225593899732,
252,254,"V",3,4.66477891700184,4.73494275502223,"V",3,4.66477891700184,4.73494275502223,
252,255,"i",3,2.9944552693329,4.56296535832041,"i",3,2.9944552693329,4.56296535832041,
252,256,"vio",4,7.81151532125387,3.93250580707735,"III",4,7.90608474191143,3.93250580707735,0.0945694206575647
252,257,"iv",2,2.30980388612362,4.33538518532882,"iv",1,5.8615088362725,5.03483692547089,
252,258,"V",2,5.37312611206469,4.16512928902508,"V",2,5.11856226346811,4.70672184329458,
252,259,"I",2,3.44583025183754,4.94092735012554,"I",2,3.44583025183754,4.94092735012554,
252,260,"i",3,5.72186089627526,5.04957688059194,"i",3,5.72186089627526,5.04957688059194,
252,261,"iv",3,4.72011675591629,4.68225593899732,"iv",3,4.72011675591629,4.68225593899732,
,,,,,,,,,,
253,259,"I",2,3.44583025183754,4.94092735012554,"I",2,3.44583025183754,4.94092735012554,
253,260,"i",3,5.72186089627526,5.04957688059194,"i",3,5.72186089627526,5.04957688059194,
253,261,"iv",3,4.72011675591629,4.68225593899732,"iv",3,4.72011675591629,4.68225593899732,
253,262,"V",3,4.66477891700184,4.73494275502223,"V",3,4.66477891700184,4.73494275502223,
253,263,"i",3,2.9944552693329,4.56296535832041,"i",3,2.9944552693329,4.56296535832041,
253,264,"vio",4,7.81151532125387,3.93250580707735,"III",4,7.90608474191143,3.93250580707735,0.0945694206575647
253,265,"iv",2,2.30980388612362,4.33538518532882,"iv",1,5.8615088362725,5.03483692547089,
253,266,"V",2,5.37312611206469,4.16512928902508,"V",2,5.11856226346811,4.70672184329458,
253,267,"I",2,3.44583025183754,4.94092735012554,"I",2,3.44583025183754,4.94092735012554,
253,268,"i",3,5.72186089627526,5.04957688059194,"i",3,5.72186089627526,5.04957688059194,
253,269,"r",3,3.01090187863354,4.68225593899732,"r",3,3.01090187863354,4.68225593899732,
,,,,,,,,,,
254,4,"i",3,4.75763584311266,4.59819904516938,"i",3,4.75763584311266,4.59819904516938,
254,5,"-VII",3,3.58756818339615,4.69646370619056,"-VII",3,3.58756818339615,4.69646370619056,
254,6,"I",4,4.87849803282559,4.68128530850886,"I",4,4.87849803282559,4.68128530850886,
254,7,"-VII",3,4.83094194542555,4.48759105381399,"-VII",3,4.83094194542555,4.48759105381399,
254,8,"i",3,6.35642775656608,4.03706536913297,"i",3,6.35642775656608,4.03706536913297,
254,9,"iv",2,4.10584648692634,4.82712212086332,"-III",2,4.20304781306889,4.82712212086332,0.0972013261425495
254,10,"iv",3,5.05433816076318,4.54751829860294,"iv",3,4.72909198249516,4.74545931853256,
254,11,"i",3,3.98849768703304,4.94321863377923,"i",3,3.92737585365048,4.85176528703585,
254,12,"-VII",4,3.89568744456997,4.41021885638688,"-VII",4,4.79928938712771,4.24087794756546,
254,13,"I",4,4.87849803282559,4.68128530850886,"I",3,5.21273898561563,4.28236490362542,
254,14,"-VII",3,4.83094194542555,4.48759105381399,"-VII",3,4.83094194542555,4.48759105381399,
,,,,,,,,,,
255,144,"i",4,5.04899100129851,4.68275528329193,"i",4,5.04899100129851,4.68275528329193,
255,145,"-VII",3,3.58756818339615,4.69646370619056,"-VII",3,3.58756818339615,4.69646370619056,
255,146,"I",4,4.87849803282559,4.68128530850886,"I",4,4.87849803282559,4.68128530850886,
255,147,"-VII",3,4.83094194542555,4.48759105381399,"-VII",3,4.83094194542555,4.48759105381399,
255,148,"i",3,6.35642775656608,4.03706536913297,"i",3,6.35642775656608,4.03706536913297,
255,149,"iv",2,4.10584648692634,4.82712212086332,"-III",2,4.20304781306889,4.82712212086332,0.0972013261425495
255,150,"iv",3,5.05433816076318,4.54751829860294,"iv",3,4.72909198249516,4.74545931853256,
255,151,"i",3,3.98849768703304,4.94321863377923,"i",3,3.92737585365048,4.85176528703585,
255,152,"-VII",4,3.89568744456997,4.41021885638688,"-VII",4,4.79928938712771,4.24087794756546,
255,153,"I",4,4.87849803282559,4.68128530850886,"I",3,5.21273898561563,4.28236490362542,
255,154,"-VII",3,4.83094194542555,4.48759105381399,"-VII",3,4.83094194542555,4.48759105381399,
,,,,,,,,,,
256,151,"i",3,3.98849768703304,4.94321863377923,"i",3,3.98849768703304,4.94321863377923,
256,152,"-VII",4,3.89568744456997,4.41021885638688,"-VII",4,3.89568744456997,4.41021885638688,
256,153,"I",4,4.87849803282559,4.68128530850886,"I",4,4.87849803282559,4.68128530850886,
256,154,"-VII",3,4.83094194542555,4.48759105381399,"-VII",3,4.83094194542555,4.48759105381399,
256,155,"i",3,6.35642775656608,4.03706536913297,"i",3,6.35642775656608,4.03706536913297,
256,156,"iv",2,4.10584648692634,4.82712212086332,"-III",2,4.20304781306889,4.82712212086332,0.0972013261425495
256,157,"iv",3,5.05433816076318,4.54751829860294,"iv",3,4.72909198249516,4.74545931853256,
256,158,"i",3,3.98849768703304,4.94321863377923,"i",3,3.92737585365048,4.85176528703585,
256,159,"-VII",4,3.89568744456997,4.41021885638688,"-VII",4,4.79928938712771,4.24087794756546,
256,160,"I",4,4.87849803282559,4.68128530850886,"I",3,5.21273898561563,4.28236490362542,
256,161,"-VII",3,4.83094194542555,4.48759105381399,"-VII",3,4.83094194542555,4.48759105381399,
,,,,,,,,,,
257,133,"I",9,2.71972171914787,4.14257514640315,"I",9,2.71972171914787,4.14257514640315,
257,134,"-III",9,5.81563055115413,4.19158349158548,"-III",9,5.81563055115413,4.19158349158548,
257,135,"-III",7,3.79446788842609,4.2588519480788,"-III",7,3.79446788842609,4.2588519480788,
257,136,"ii",5,4.80044289324473,4.18296039651023,"ii",5,4.80044289324473,4.18296039651023,
257,137,"ii",3,6.71819255177871,2.05342421192301,"ii",3,6.71819255177871,2.05342421192301,
257,138,"-II+",2,7.72132158754962,4.96461428251949,"#II",2,7.62347426415148,4.96461428251949,0.0978473233981445
257,139,"-II+",0,6.71593189429401,5.10163169593222,"-II+",1,7.26184749088335,4.60770983934951,
257,140,"I",0,5.49353947295756,5.10163169593222,"I",0,5.49353947295756,5.10163169593222,
257,141,"I",1,4.59121477294879,5.1826745041452,"I",1,4.59121477294879,5.1826745041452,
257,142,"iv",2,5.03672053131097,5.15183653934212,"iv",2,5.03672053131097,5.15183653934212,
257,143,"iv",3,3.04595611286263,4.71989833609685,"iv",3,3.04595611286263,4.71989833609685,
,,,,,,,,,,
258,133,"I",9,2.71972171914787,4.14257514640315,"I",9,2.71972171914787,4.14257514640315,
258,134,"-III",9,5.81563055115413,4.19158349158548,"-III",9,5.81563055115413,4.19158349158548,
258,135,"-III",7,3.79446788842609,4.2588519480788,"-III",7,3.79446788842609,4.2588519480788,
258,136,"ii",5,4.80044289324473,4.18296039651023,"ii",5,4.80044289324473,4.18296039651023,
258,137,"ii",3,6.71819255177871,2.05342421192301,"ii",3,6.71819255177871,2.05342421192301,
258,138,"-II+",2,7.72132158754962,4.96461428251949,"-iio",2,7.62347426415148,4.96461428251949,0.0978473233981445
258,139,"-II+",0,6.71593189429401,5.10163169593222,"-II+",1,7.23991252037947,4.73840819195357,
258,140,"I",0,5.49353947295756,5.10163169593222,"I",0,5.49353947295756,5.10163169593222,
258,141,"I",1,4.59121477294879,5.1826745041452,"I",1,4.59121477294879,5.1826745041452,
258,142,"iv",2,5.03672053131097,5.15183653934212,"iv",2,5.03672053131097,5.15183653934212,
258,143,"iv",3,3.04595611286263,4.71989833609685,"iv",3,3.04595611286263,4.71989833609685,
,,,,,,,,,,
259,133,"I",9,2.71972171914787,4.14257514640315,"I",9,2.71972171914787,4.14257514640315,
259,134,"-III",9,5.81563055115413,4.19158349158548,"-III",9,5.81563055115413,4.19158349158548,
259,135,"-III",7,3.79446788842609,4.2588519480788,"-III",7,3.79446788842609,4.2588519480788,
259,136,"ii",5,4.80044289324473,4.18296039651023,"ii",5,4.80044289324473,4.18296039651023,
259,137,"ii",3,6.71819255177871,2.05342421192301,"ii",3,6.71819255177871,2.05342421192301,
259,138,"-II+",2,7.72132158754962,4.96461428251949,"io",2,7.62347426415148,4.96461428251949,0.0978473233981445
259,139,"-II+",0,6.71593189429401,5.10163169593222,"-II+",1,7.38627850629742,4.55329326592382,
259,140,"I",0,5.49353947295756,5.10163169593222,"I",0,5.49353947295756,5.10163169593222,
259,141,"I",1,4.59121477294879,5.1826745041452,"I",1,4.59121477294879,5.1826745041452,
259,142,"iv",2,5.03672053131097,5.15183653934212,"iv",2,5.03672053131097,5.15183653934212,
259,143,"iv",3,3.04595611286263,4.71989833609685,"iv",3,3.04595611286263,4.71989833609685,
,,,,,,,,,,
260,133,"I",9,2.71972171914787,4.14257514640315,"I",9,2.71972171914787,4.14257514640315,
260,134,"-III",9,5.81563055115413,4.19158349158548,"-III",9,5.81563055115413,4.19158349158548,
260,135,"-III",7,3.79446788842609,4.2588519480788,"-III",7,3.79446788842609,4.2588519480788,
260,136,"ii",5,4.80044289324473,4.18296039651023,"ii",5,4.80044289324473,4.18296039651023,
260,137,"ii",3,6.71819255177871,2.05342421192301,"ii",3,6.71819255177871,2.05342421192301,
260,138,"-II+",2,7.72132158754962,4.96461428251949,"III+",2,7.62347426415148,4.96461428251949,0.0978473233981445
260,139,"-II+",0,6.71593189429401,5.10163169593222,"-II+",1,7.65545226336778,3.59221691515812,
260,140,"I",0,5.49353947295756,5.10163169593222,"I",0,5.49353947295756,5.10163169593222,
260,141,"I",1,4.59121477294879,5.1826745041452,"I",1,4.59121477294879,5.1826745041452,
260,142,"iv",2,5.03672053131097,5.15183653934212,"iv",2,5.03672053131097,5.15183653934212,
260,143,"iv",3,3.04595611286263,4.71989833609685,"iv",3,3.04595611286263,4.71989833609685,
,,,,,,,,,,
261,133,"I",9,2.71972171914787,4.14257514640315,"I",9,2.71972171914787,4.14257514640315,
261,134,"-III",9,5.81563055115413,4.19158349158548,"-III",9,5.81563055115413,4.19158349158548,
261,135,"-III",7,3.79446788842609,4.2588519480788,"-III",7,3.79446788842609,4.2588519480788,
261,136,"ii",5,4.80044289324473,4.18296039651023,"ii",5,4.80044289324473,4.18296039651023,
261,137,"ii",3,6.71819255177871,2.05342421192301,"ii",3,6.71819255177871,2.05342421192301,
261,138,"-II+",2,7.72132158754962,4.96461428251949,"-i",2,7.62347426415148,4.96461428251949,0.0978473233981445
261,139,"-II+",0,6.71593189429401,5.10163169593222,"-II+",1,7.25821474421176,4.60328236297564,
261,140,"I",0,5.49353947295756,5.10163169593222,"I",0,5.49353947295756,5.10163169593222,
261,141,"I",1,4.59121477294879,5.1826745041452,"I",1,4.59121477294879,5.1826745041452,
261,142,"iv",2,5.03672053131097,5.15183653934212,"iv",2,5.03672053131097,5.15183653934212,
261,143,"iv",3,3.04595611286263,4.71989833609685,"iv",3,3.04595611286263,4.71989833609685,
,,,,,,,,,,
262,134,"-III",9,5.81563055115413,4.19158349158548,"-III",9,5.81563055115413,4.19158349158548,
262,135,"-III",7,3.79446788842609,4.2588519480788,"-III",7,3.79446788842609,4.2588519480788,
262,136,"ii",5,4.80044289324473,4.18296039651023,"ii",5,4.80044289324473,4.18296039651023,
262,137,"ii",3,6.71819255177871,2.05342421192301,"ii",3,6.71819255177871,2.05342421192301,
262,138,"-II+",2,7.72132158754962,4.96461428251949,"-II+",2,7.72132158754962,4.96461428251949,
262,139,"-II+",0,6.71593189429401,5.10163169593222,"#iio",0,6.61808457089587,5.10163169593222,0.0978473233981445
262,140,"I",0,5.49353947295756,5.10163169593222,"I",1,6.03151725012226,4.59628925545136,
262,141,"I",1,4.59121477294879,5.1826745041452,"I",1,4.59121477294879,5.1826745041452,
262,142,"iv",2,5.03672053131097,5.15183653934212,"iv",2,5.03672053131097,5.15183653934212,
262,143,"iv",3,3.04595611286263,4.71989833609685,"iv",3,3.04595611286263,4.71989833609685,
262,144,"i",4,5.04899100129851,4.68275528329193,"i",4,5.04899100129851,4.68275528329193,
,,,,,,,,,,
263,134,"-III",9,5.81563055115413,4.19158349158548,"-III",9,5.81563055115413,4.19158349158548,
263,135,"-III",7,3.79446788842609,4.2588519480788,"-III",7,3.79446788842609,4.2588519480788,
263,136,"ii",5,4.80044289324473,4.18296039651023,"ii",5,4.80044289324473,4.18296039651023,
263,137,"ii",3,6.71819255177871,2.05342421192301,"ii",3,6.71819255177871,2.05342421192301,
263,138,"-II+",2,7.72132158754962,4.96461428251949,"-II+",2,7.72132158754962,4.96461428251949,
263,139,"-II+",0,6.71593189429401,5.10163169593222,"#II",0,6.61808457089587,5.10163169593222,0.0978473233981445
263,140,"I",0,5.49353947295756,5.10163169593222,"I",1,6.0394550695469,4.60770983934951,
263,141,"I",1,4.59121477294879,5.1826745041452,"I",1,4.59121477294879,5.1826745041452,
263,142,"iv",2,5.03672053131097,5.15183653934212,"iv",2,5.03672053131097,5.15183653934212,
263,143,"iv",3,3.04595611286263,4.71989833609685,"iv",3,3.04595611286263,4.71989833609685,
263,144,"i",4,5.04899100129851,4.68275528329193,"i",4,5.04899100129851,4.68275528329193,
,,,,,,,,,,
264,134,"-III",9,5.81563055115413,4.19158349158548,"-III",9,5.81563055115413,4.19158349158548,
264,135,"-III",7,3.79446788842609,4.2588519480788,"-III",7,3.79446788842609,4.2588519480788,
264,136,"ii",5,4.80044289324473,4.18296039651023,"ii",5,4.80044289324473,4.18296039651023,
264,137,"ii",3,6.71819255177871,2.05342421192301,"ii",3,6.71819255177871,2.05342421192301,
264,138,"-II+",2,7.72132158754962,4.96461428251949,"-II+",2,7.72132158754962,4.96461428251949,
264,139,"-II+",0,6.71593189429401,5.10163169593222,"-iio",0,6.61808457089587,5.10163169593222,0.0978473233981445
264,140,"I",0,5.49353947295756,5.10163169593222,"I",1,3.09599977163766,4.73840819195357,
264,141,"I",1,4.59121477294879,5.1826745041452,"I",2,3.03290409365982,4.94714742543568,
264,142,"iv",2,5.03672053131097,5.15183653934212,"iv",3,5.28423839518865,4.80405974207002,
264,143,"iv",3,3.04595611286263,4.71989833609685,"iv",3,3.04595611286263,4.71989833609685,
264,144,"i",4,5.04899100129851,4.68275528329193,"i",4,5.04899100129851,4.68275528329193,
,,,,,,,,,,
265,134,"-III",9,5.81563055115413,4.19158349158548,"-III",9,5.81563055115413,4.19158349158548,
265,135,"-III",7,3.79446788842609,4.2588519480788,"-III",7,3.79446788842609,4.2588519480788,
265,136,"ii",5,4.80044289324473,4.18296039651023,"ii",5,4.80044289324473,4.18296039651023,
265,137,"ii",3,6.71819255177871,2.05342421192301,"ii",3,6.71819255177871,2.05342421192301,
265,138,"-II+",2,7.72132158754962,4.96461428251949,"-II+",2,7.72132158754962,4.96461428251949,
265,139,"-II+",0,6.71593189429401,5.10163169593222,"io",0,6.61808457089587,5.10163169593222,0.0978473233981445
265,140,"I",0,5.49353947295756,5.10163169593222,"I",1,6.16388608496097,4.55329326592382,
265,141,"I",1,4.59121477294879,5.1826745041452,"I",1,4.59121477294879,5.1826745041452,
265,142,"iv",2,5.03672053131097,5.15183653934212,"iv",2,5.03672053131097,5.15183653934212,
265,143,"iv",3,3.04595611286263,4.71989833609685,"iv",3,3.04595611286263,4.71989833609685,
265,144,"i",4,5.04899100129851,4.68275528329193,"i",4,5.04899100129851,4.68275528329193,
,,,,,,,,,,
266,134,"-III",9,5.81563055115413,4.19158349158548,"-III",9,5.81563055115413,4.19158349158548,
266,135,"-III",7,3.79446788842609,4.2588519480788,"-III",7,3.79446788842609,4.2588519480788,
266,136,"ii",5,4.80044289324473,4.18296039651023,"ii",5,4.80044289324473,4.18296039651023,
266,137,"ii",3,6.71819255177871,2.05342421192301,"ii",3,6.71819255177871,2.05342421192301,
266,138,"-II+",2,7.72132158754962,4.96461428251949,"-II+",2,7.72132158754962,4.96461428251949,
266,139,"-II+",0,6.71593189429401,5.10163169593222,"III+",0,6.61808457089587,5.10163169593222,0.0978473233981445
266,140,"I",0,5.49353947295756,5.10163169593222,"I",1,6.43305984203133,3.59221691515812,
266,141,"I",1,4.59121477294879,5.1826745041452,"I",1,4.59121477294879,5.1826745041452,
266,142,"iv",2,5.03672053131097,5.15183653934212,"iv",2,5.03672053131097,5.15183653934212,
266,143,"iv",3,3.04595611286263,4.71989833609685,"iv",3,3.04595611286263,4.71989833609685,
266,144,"i",4,5.04899100129851,4.68275528329193,"i",4,5.04899100129851,4.68275528329193,
,,,,,,,,,,
267,134,"-III",9,5.81563055115413,4.19158349158548,"-III",9,5.81563055115413,4.19158349158548,
267,135,"-III",7,3.79446788842609,4.2588519480788,"-III",7,3.79446788842609,4.2588519480788,
267,136,"ii",5,4.80044289324473,4.18296039651023,"ii",5,4.80044289324473,4.18296039651023,
267,137,"ii",3,6.71819255177871,2.05342421192301,"ii",3,6.71819255177871,2.05342421192301,
267,138,"-II+",2,7.72132158754962,4.96461428251949,"-II+",2,7.72132158754962,4.96461428251949,
267,139,"-II+",0,6.71593189429401,5.10163169593222,"-i",0,6.61808457089587,5.10163169593222,0.0978473233981445
267,140,"I",0,5.49353947295756,5.10163169593222,"I",1,6.03582232287531,4.60328236297564,
267,141,"I",1,4.59121477294879,5.1826745041452,"I",1,4.59121477294879,5.1826745041452,
267,142,"iv",2,5.03672053131097,5.15183653934212,"iv",2,5.03672053131097,5.15183653934212,
267,143,"iv",3,3.04595611286263,4.71989833609685,"iv",3,3.04595611286263,4.71989833609685,
267,144,"i",4,5.04899100129851,4.68275528329193,"i",4,5.04899100129851,4.68275528329193,
,,,,,,,,,,
268,210,"I",9,2.71972171914787,4.14257514640315,"I",9,2.71972171914787,4.14257514640315,
268,211,"-III",9,5.81563055115413,4.19158349158548,"-III",9,5.81563055115413,4.19158349158548,
268,212,"-III",7,3.79446788842609,4.2588519480788,"-III",7,3.79446788842609,4.2588519480788,
268,213,"ii",5,4.80044289324473,4.18296039651023,"ii",5,4.80044289324473,4.18296039651023,
268,214,"ii",3,6.71819255177871,2.05342421192301,"ii",3,6.71819255177871,2.05342421192301,
268,215,"-II+",2,7.72132158754962,4.96461428251949,"#II",2,7.62347426415148,4.96461428251949,0.0978473233981445
268,216,"-II+",0,6.71593189429401,5.10163169593222,"-II+",1,7.26184749088335,4.60770983934951,
268,217,"I",0,5.49353947295756,5.10163169593222,"I",0,5.49353947295756,5.10163169593222,
268,218,"I",1,4.59121477294879,5.1826745041452,"I",1,4.59121477294879,5.1826745041452,
268,219,"iv",2,5.03672053131097,5.15183653934212,"iv",2,5.03672053131097,5.15183653934212,
268,220,"iv",3,3.04595611286263,4.71989833609685,"iv",3,3.04595611286263,4.71989833609685,
,,,,,,,,,,
269,210,"I",9,2.71972171914787,4.14257514640315,"I",9,2.71972171914787,4.14257514640315,
269,211,"-III",9,5.81563055115413,4.19158349158548,"-III",9,5.81563055115413,4.19158349158548,
269,212,"-III",7,3.79446788842609,4.2588519480788,"-III",7,3.79446788842609,4.2588519480788,
269,213,"ii",5,4.80044289324473,4.18296039651023,"ii",5,4.80044289324473,4.18296039651023,
269,214,"ii",3,6.71819255177871,2.05342421192301,"ii",3,6.71819255177871,2.05342421192301,
269,215,"-II+",2,7.72132158754962,4.96461428251949,"-iio",2,7.62347426415148,4.96461428251949,0.0978473233981445
269,216,"-II+",0,6.71593189429401,5.10163169593222,"-II+",1,7.23991252037947,4.73840819195357,
269,217,"I",0,5.49353947295756,5.10163169593222,"I",0,5.49353947295756,5.10163169593222,
269,218,"I",1,4.59121477294879,5.1826745041452,"I",1,4.59121477294879,5.1826745041452,
269,219,"iv",2,5.03672053131097,5.15183653934212,"iv",2,5.03672053131097,5.15183653934212,
269,220,"iv",3,3.04595611286263,4.71989833609685,"iv",3,3.04595611286263,4.71989833609685,
,,,,,,,,,,
270,210,"I",9,2.71972171914787,4.14257514640315,"I",9,2.71972171914787,4.14257514640315,
270,211,"-III",9,5.81563055115413,4.19158349158548,"-III",9,5.81563055115413,4.19158349158548,
270,212,"-III",7,3.79446788842609,4.2588519480788,"-III",7,3.79446788842609,4.2588519480788,
270,213,"ii",5,4.80044289324473,4.18296039651023,"ii",5,4.80044289324473,4.18296039651023,
270,214,"ii",3,6.71819255177871,2.05342421192301,"ii",3,6.71819255177871,2.05342421192301,
270,215,"-II+",2,7.72132158754962,4.96461428251949,"io",2,7.62347426415148,4.96461428251949,0.0978473233981445
270,216,"-II+",0,6.71593189429401,5.10163169593222,"-II+",1,7.38627850629742,4.55329326592382,
270,217,"I",0,5.49353947295756,5.10163169593222,"I",0,5.49353947295756,5.10163169593222,
270,218,"I",1,4.59121477294879,5.1826745041452,"I",1,4.59121477294879,5.1826745041452,
270,219,"iv",2,5.03672053131097,5.15183653934212,"iv",2,5.03672053131097,5.15183653934212,
270,220,"iv",3,3.04595611286263,4.71989833609685,"iv",3,3.04595611286263,4.71989833609685,
,,,,,,,,,,
271,210,"I",9,2.71972171914787,4.14257514640315,"I",9,2.71972171914787,4.14257514640315,
271,211,"-III",9,5.81563055115413,4.19158349158548,"-III",9,5.81563055115413,4.19158349158548,
271,212,"-III",7,3.79446788842609,4.2588519480788,"-III",7,3.79446788842609,4.2588519480788,
271,213,"ii",5,4.80044289324473,4.18296039651023,"ii",5,4.80044289324473,4.18296039651023,
271,214,"ii",3,6.71819255177871,2.05342421192301,"ii",3,6.71819255177871,2.05342421192301,
271,215,"-II+",2,7.72132158754962,4.96461428251949,"III+",2,7.62347426415148,4.96461428251949,0.0978473233981445
271,216,"-II+",0,6.71593189429401,5.10163169593222,"-II+",1,7.65545226336778,3.59221691515812,
271,217,"I",0,5.49353947295756,5.10163169593222,"I",0,5.49353947295756,5.10163169593222,
271,218,"I",1,4.59121477294879,5.1826745041452,"I",1,4.59121477294879,5.1826745041452,
271,219,"iv",2,5.03672053131097,5.15183653934212,"iv",2,5.03672053131097,5.15183653934212,
271,220,"iv",3,3.04595611286263,4.71989833609685,"iv",3,3.04595611286263,4.71989833609685,
,,,,,,,,,,
272,210,"I",9,2.71972171914787,4.14257514640315,"I",9,2.71972171914787,4.14257514640315,
272,211,"-III",9,5.81563055115413,4.19158349158548,"-III",9,5.81563055115413,4.19158349158548,
272,212,"-III",7,3.79446788842609,4.2588519480788,"-III",7,3.79446788842609,4.2588519480788,
272,213,"ii",5,4.80044289324473,4.18296039651023,"ii",5,4.80044289324473,4.18296039651023,
272,214,"ii",3,6.71819255177871,2.05342421192301,"ii",3,6.71819255177871,2.05342421192301,
272,215,"-II+",2,7.72132158754962,4.96461428251949,"-i",2,7.62347426415148,4.96461428251949,0.0978473233981445
272,216,"-II+",0,6.71593189429401,5.10163169593222,"-II+",1,7.25821474421176,4.60328236297564,
272,217,"I",0,5.49353947295756,5.10163169593222,"I",0,5.49353947295756,5.10163169593222,
272,218,"I",1,4.59121477294879,5.1826745041452,"I",1,4.59121477294879,5.1826745041452,
272,219,"iv",2,5.03672053131097,5.15183653934212,"iv",2,5.03672053131097,5.15183653934212,
272,220,"iv",3,3.04595611286263,4.71989833609685,"iv",3,3.04595611286263,4.71989833609685,
,,,,,,,,,,
273,211,"-III",9,5.81563055115413,4.19158349158548,"-III",9,5.81563055115413,4.19158349158548,
273,212,"-III",7,3.79446788842609,4.2588519480788,"-III",7,3.79446788842609,4.2588519480788,
273,213,"ii",5,4.80044289324473,4.18296039651023,"ii",5,4.80044289324473,4.18296039651023,
273,214,"ii",3,6.71819255177871,2.05342421192301,"ii",3,6.71819255177871,2.05342421192301,
273,215,"-II+",2,7.72132158754962,4.96461428251949,"-II+",2,7.72132158754962,4.96461428251949,
273,216,"-II+",0,6.71593189429401,5.10163169593222,"#iio",0,6.61808457089587,5.10163169593222,0.0978473233981445
273,217,"I",0,5.49353947295756,5.10163169593222,"I",1,6.03151725012226,4.59628925545136,
273,218,"I",1,4.59121477294879,5.1826745041452,"I",1,4.59121477294879,5.1826745041452,
273,219,"iv",2,5.03672053131097,5.15183653934212,"iv",2,5.03672053131097,5.15183653934212,
273,220,"iv",3,3.04595611286263,4.71989833609685,"iv",3,3.04595611286263,4.71989833609685,
273,221,"i",4,5.04899100129851,4.68275528329193,"i",4,5.04899100129851,4.68275528329193,
,,,,,,,,,,
274,211,"-III",9,5.81563055115413,4.19158349158548,"-III",9,5.81563055115413,4.19158349158548,
274,212,"-III",7,3.79446788842609,4.2588519480788,"-III",7,3.79446788842609,4.2588519480788,
274,213,"ii",5,4.80044289324473,4.18296039651023,"ii",5,4.80044289324473,4.18296039651023,
274,214,"ii",3,6.71819255177871,2.05342421192301,"ii",3,6.71819255177871,2.05342421192301,
274,215,"-II+",2,7.72132158754962,4.96461428251949,"-II+",2,7.72132158754962,4.96461428251949,
274,216,"-II+",0,6.71593189429401,5.10163169593222,"#II",0,6.61808457089587,5.10163169593222,0.0978473233981445
274,217,"I",0,5.49353947295756,5.10163169593222,"I",1,6.0394550695469,4.60770983934951,
274,218,"I",1,4.59121477294879,5.1826745041452,"I",1,4.59121477294879,5.1826745041452,
274,219,"iv",2,5.03672053131097,5.15183653934212,"iv",2,5.03672053131097,5.15183653934212,
274,220,"iv",3,3.04595611286263,4.71989833609685,"iv",3,3.04595611286263,4.71989833609685,
274,221,"i",4,5.04899100129851,4.68275528329193,"i",4,5.04899100129851,4.68275528329193,
,,,,,,,,,,
275,211,"-III",9,5.81563055115413,4.19158349158548,"-III",9,5.81563055115413,4.19158349158548,
275,212,"-III",7,3.79446788842609,4.2588519480788,"-III",7,3.79446788842609,4.2588519480788,
275,213,"ii",5,4.80044289324473,4.18296039651023,"ii",5,4.80044289324473,4.18296039651023,
275,214,"ii",3,6.71819255177871,2.05342421192301,"ii",3,6.71819255177871,2.05342421192301,
275,215,"-II+",2,7.72132158754962,4.96461428251949,"-II+",2,7.72132158754962,4.96461428251949,
275,216,"-II+",0,6.71593189429401,5.10163169593222,"-iio",0,6.61808457089587,5.10163169593222,0.0978473233981445
275,217,"I",0,5.49353947295756,5.10163169593222,"I",1,3.09599977163766,4.73840819195357,
275,218,"I",1,4.59121477294879,5.1826745041452,"I",2,3.03290409365982,4.94714742543568,
275,219,"iv",2,5.03672053131097,5.15183653934212,"iv",3,5.28423839518865,4.80405974207002,
275,220,"iv",3,3.04595611286263,4.71989833609685,"iv",3,3.04595611286263,4.71989833609685,
275,221,"i",4,5.04899100129851,4.68275528329193,"i",4,5.04899100129851,4.68275528329193,
,,,,,,,,,,
276,211,"-III",9,5.81563055115413,4.19158349158548,"-III",9,5.81563055115413,4.19158349158548,
276,212,"-III",7,3.79446788842609,4.2588519480788,"-III",7,3.79446788842609,4.2588519480788,
276,213,"ii",5,4.80044289324473,4.18296039651023,"ii",5,4.80044289324473,4.18296039651023,
276,214,"ii",3,6.71819255177871,2.05342421192301,"ii",3,6.71819255177871,2.05342421192301,
276,215,"-II+",2,7.72132158754962,4.96461428251949,"-II+",2,7.72132158754962,4.96461428251949,
276,216,"-II+",0,6.71593189429401,5.10163169593222,"io",0,6.61808457089587,5.10163169593222,0.0978473233981445
276,217,"I",0,5.49353947295756,5.10163169593222,"I",1,6.16388608496097,4.55329326592382,
276,218,"I",1,4.59121477294879,5.1826745041452,"I",1,4.59121477294879,5.1826745041452,
276,219,"iv",2,5.03672053131097,5.15183653934212,"iv",2,5.03672053131097,5.15183653934212,
276,220,"iv",3,3.04595611286263,4.71989833609685,"iv",3,3.04595611286263,4.71989833609685,
276,221,"i",4,5.04899100129851,4.68275528329193,"i",4,5.04899100129851,4.68275528329193,
,,,,,,,,,,
277,211,"-III",9,5.81563055115413,4.19158349158548,"-III",9,5.81563055115413,4.19158349158548,
277,212,"-III",7,3.79446788842609,4.2588519480788,"-III",7,3.79446788842609,4.2588519480788,
277,213,"ii",5,4.80044289324473,4.18296039651023,"ii",5,4.80044289324473,4.18296039651023,
277,214,"ii",3,6.71819255177871,2.05342421192301,"ii",3,6.71819255177871,2.05342421192301,
277,215,"-II+",2,7.72132158754962,4.96461428251949,"-II+",2,7.72132158754962,4.96461428251949,
277,216,"-II+",0,6.71593189429401,5.10163169593222,"III+",0,6.61808457089587,5.10163169593222,0.0978473233981445
277,217,"I",0,5.49353947295756,5.10163169593222,"I",1,6.43305984203133,3.59221691515812,
277,218,"I",1,4.59121477294879,5.1826745041452,"I",1,4.59121477294879,5.1826745041452,
277,219,"iv",2,5.03672053131097,5.15183653934212,"iv",2,5.03672053131097,5.15183653934212,
277,220,"iv",3,3.04595611286263,4.71989833609685,"iv",3,3.04595611286263,4.71989833609685,
277,221,"i",4,5.04899100129851,4.68275528329193,"i",4,5.04899100129851,4.68275528329193,
,,,,,,,,,,
278,211,"-III",9,5.81563055115413,4.19158349158548,"-III",9,5.81563055115413,4.19158349158548,
278,212,"-III",7,3.79446788842609,4.2588519480788,"-III",7,3.79446788842609,4.2588519480788,
278,213,"ii",5,4.80044289324473,4.18296039651023,"ii",5,4.80044289324473,4.18296039651023,
278,214,"ii",3,6.71819255177871,2.05342421192301,"ii",3,6.71819255177871,2.05342421192301,
278,215,"-II+",2,7.72132158754962,4.96461428251949,"-II+",2,7.72132158754962,4.96461428251949,
278,216,"-II+",0,6.71593189429401,5.10163169593222,"-i",0,6.61808457089587,5.10163169593222,0.0978473233981445
278,217,"I",0,5.49353947295756,5.10163169593222,"I",1,6.03582232287531,4.60328236297564,
278,218,"I",1,4.59121477294879,5.1826745041452,"I",1,4.59121477294879,5.1826745041452,
278,219,"iv",2,5.03672053131097,5.15183653934212,"iv",2,5.03672053131097,5.15183653934212,
278,220,"iv",3,3.04595611286263,4.71989833609685,"iv",3,3.04595611286263,4.71989833609685,
278,221,"i",4,5.04899100129851,4.68275528329193,"i",4,5.04899100129851,4.68275528329193,
,,,,,,,,,,
