"Comparison","Row","Orig_Symbol","Orig_Order","Orig_IC","Orig_Entropy","Swap_Symbol","Swap_Order","Swap_IC","Swap_Entropy","Distance"
1,134,"I",4,2.04276240566398,3.30673084671451,"I",4,2.04276240566398,3.30673084671451,
1,135,"IV",5,3.92219017803512,4.25048251354673,"IV",5,3.92219017803512,4.25048251354673,
1,136,"I",4,1.65818837969468,4.28128570878407,"I",4,1.65818837969468,4.28128570878407,
1,137,"IV",5,2.07823808360828,4.19621314199127,"IV",5,2.07823808360828,4.19621314199127,
1,138,"vi",6,5.37050058312913,4.16061654270914,"vi",6,5.37050058312913,4.16061654270914,
1,139,"IV",5,3.42560377358515,4.77772632204579,"-VII",5,3.42948670232844,4.77772632204579,0.00388292874328311
1,140,"vi",6,4.99362981911703,4.24506496755099,"vi",4,3.78251501292854,2.86940367782198,
1,141,"IV",4,1.79422733192563,4.50225587281183,"IV",4,4.07680104802986,4.28428212497547,
1,142,"vi",5,4.23460070890909,4.4984032236072,"vi",4,5.34906392613888,4.44717043142669,
1,143,"IV",4,0.910691846219984,3.38827116624959,"IV",3,2.84736186121116,4.98030148595096,
1,144,"IV",6,4.58885675644563,4.4984032236072,"IV",4,4.3623774314203,4.78413966101366,
,,,,,,,,,,
2,134,"I",4,2.04276240566398,3.30673084671451,"I",4,2.04276240566398,3.30673084671451,
2,135,"IV",5,3.92219017803512,4.25048251354673,"IV",5,3.92219017803512,4.25048251354673,
2,136,"I",4,1.65818837969468,4.28128570878407,"I",4,1.65818837969468,4.28128570878407,
2,137,"IV",5,2.07823808360828,4.19621314199127,"IV",5,2.07823808360828,4.19621314199127,
2,138,"vi",6,5.37050058312913,4.16061654270914,"vi",6,5.37050058312913,4.16061654270914,
2,139,"IV",5,3.42560377358515,4.77772632204579,"V",5,3.43109721503472,4.77772632204579,0.00549344144956176
2,140,"vi",6,4.99362981911703,4.24506496755099,"vi",4,4.50242716497642,4.53362298345818,
2,141,"IV",4,1.79422733192563,4.50225587281183,"IV",4,4.40306592742918,4.52469364621008,
2,142,"vi",5,4.23460070890909,4.4984032236072,"vi",4,4.38674486656969,4.73294915672179,
2,143,"IV",4,0.910691846219984,3.38827116624959,"IV",4,1.08422622803246,3.69686877415278,
2,144,"IV",6,4.58885675644563,4.4984032236072,"IV",5,4.52769339934887,4.59592005680102,
,,,,,,,,,,
3,45,"V",4,3.68405186489778,4.31703575104712,"V",4,3.68405186489778,4.31703575104712,
3,46,"IV",4,4.06630750929455,4.49998579516202,"IV",4,4.06630750929455,4.49998579516202,
3,47,"V",4,3.83039033358548,4.50344006173686,"V",4,3.83039033358548,4.50344006173686,
3,48,"vi",4,3.42930646206123,4.90979601727449,"vi",4,3.42930646206123,4.90979601727449,
3,49,"V",5,2.23107534750338,4.3618089068026,"V",5,2.23107534750338,4.3618089068026,
3,50,"IV",6,2.42025000851211,4.44187749204739,"I",6,2.41462800356141,4.44187749204739,0.00562200495070364
3,51,"V",6,3.23724374442148,4.23808694767461,"V",6,3.33680737968037,4.08747835683544,
3,52,"vi",6,3.51725418838423,4.32981841581735,"vi",6,1.82828587984382,4.32098766053691,
3,53,"V",6,1.49719265481412,3.90371626927171,"V",6,2.0992282555128,4.6472000423189,
3,54,"IV",7,2.66794311533315,4.05433185142956,"IV",6,1.42427833222093,3.87706182352501,
3,55,"IV",6,3.63513042735832,4.23808694767461,"IV",7,1.85223049335388,3.98742583465473,
,,,,,,,,,,
4,93,"V",4,3.68405186489778,4.31703575104712,"V",4,3.68405186489778,4.31703575104712,
4,94,"IV",4,4.06630750929455,4.49998579516202,"IV",4,4.06630750929455,4.49998579516202,
4,95,"V",4,3.83039033358548,4.50344006173686,"V",4,3.83039033358548,4.50344006173686,
4,96,"vi",4,3.42930646206123,4.90979601727449,"vi",4,3.42930646206123,4.90979601727449,
4,97,"V",5,2.23107534750338,4.3618089068026,"V",5,2.23107534750338,4.3618089068026,
4,98,"IV",6,2.42025000851211,4.44187749204739,"I",6,2.41462800356141,4.44187749204739,0.00562200495070364
4,99,"V",6,3.23724374442148,4.23808694767461,"V",6,3.33680737968037,4.08747835683544,
4,100,"vi",6,3.51725418838423,4.32981841581735,"vi",6,1.82828587984382,4.32098766053691,
4,101,"V",6,1.49719265481412,3.90371626927171,"V",6,2.0992282555128,4.6472000423189,
4,102,"IV",7,2.66794311533315,4.05433185142956,"IV",6,1.42427833222093,3.87706182352501,
4,103,"IV",6,3.63513042735832,4.23808694767461,"IV",7,1.85223049335388,3.98742583465473,
,,,,,,,,,,
5,205,"IV",4,2.54250740769115,4.28505121376682,"IV",4,2.54250740769115,4.28505121376682,
5,206,"IV",5,2.54469049829707,4.2380912772293,"IV",5,2.54469049829707,4.2380912772293,
5,207,"-VII",6,4.88605751640939,3.46413871540186,"-VII",6,4.88605751640939,3.46413871540186,
5,208,"vi",5,5.46314295188294,4.31471758299588,"vi",5,5.46314295188294,4.31471758299588,
5,209,"vi",4,5.13621852635012,4.31703575104712,"vi",4,5.13621852635012,4.31703575104712,
5,210,"iii",3,5.27452589832276,5.06776983180325,"-VII",3,5.28212462813329,5.06776983180325,0.00759872981053267
5,211,"iii",3,2.82464405792975,4.77556087610754,"iii",3,7.04723621906106,4.32927819512859,
5,212,"ii",4,4.95957348871006,4.96349494453327,"ii",2,5.4536537482096,4.92009790809849,
5,213,"IV",3,4.68993325663654,3.65954937558203,"IV",2,3.83210953654832,5.21190800184137,
5,214,"I",3,2.66966973620957,4.6350498652597,"I",3,2.66966973620957,4.6350498652597,
5,215,"I",4,2.88969040501005,5.00902197990155,"I",4,2.88969040501005,5.00902197990155,
,,,,,,,,,,
6,125,"I",7,1.61021109047163,4.03574544581326,"I",7,1.61021109047163,4.03574544581326,
6,126,"IV",8,3.48563895442478,4.9784947889482,"IV",8,3.48563895442478,4.9784947889482,
6,127,"IV",9,1.72853504093878,4.18252361237996,"IV",9,1.72853504093878,4.18252361237996,
6,128,"-VII",10,4.6820366190843,4.65945445001878,"-VII",10,4.6820366190843,4.65945445001878,
6,129,"-VII",8,3.82372398142576,2.39500793569451,"-VII",8,3.82372398142576,2.39500793569451,
6,130,"V",6,4.62615591040983,4.96959195429628,"-VI",6,4.64121339201824,4.96959195429628,0.0150574816084026
6,131,"V",4,3.25352859556702,4.37974082159931,"V",4,4.05514028271677,4.57616189563385,
6,132,"I",4,2.99017676833394,4.87472663174318,"I",4,4.92880168600129,4.2618294544555,
6,133,"r",5,3.58801167342455,4.42813434564878,"r",3,2.75853659336333,5.32161821276566,
6,134,"I",4,2.04276240566398,3.30673084671451,"I",4,2.21082832970428,3.12048576197571,
6,135,"IV",5,3.92219017803512,4.25048251354673,"IV",4,3.6665233078755,4.46640848364588,
,,,,,,,,,,
7,143,"IV",4,0.910691846219984,3.38827116624959,"IV",4,0.910691846219984,3.38827116624959,
7,144,"IV",6,4.58885675644563,4.4984032236072,"IV",6,4.58885675644563,4.4984032236072,
7,145,"IV",4,2.11566865947818,4.77295487946832,"IV",4,2.11566865947818,4.77295487946832,
7,146,"I",5,3.73166867273246,4.58098888416432,"I",5,3.73166867273246,4.58098888416432,
7,147,"I",5,3.52487326608368,4.83163736511136,"I",5,3.52487326608368,4.83163736511136,
7,148,"I",5,3.36366148078635,5.06098644882915,"IV",5,3.34206015070493,5.06098644882915,0.0216013300814235
7,149,"I",6,2.32757287138992,4.79166014731119,"I",6,3.11593983959158,4.33528373237417,
7,150,"-VII",7,4.31376159574113,4.89965161653817,"-VII",7,4.579089020359,4.52485025502323,
7,151,"IV",6,4.71424447395626,1.91405990651994,"IV",6,2.55988772285485,4.11182080925208,
7,152,"IV",6,4.20203909430336,4.02641156942752,"IV",6,4.04524984821509,4.42113324105128,
7,153,"-VII",5,4.42335587534726,4.24840600140764,"-VII",5,4.34872338285401,4.46586444275912,
,,,,,,,,,,
8,51,"V",6,3.23724374442148,4.23808694767461,"V",6,3.23724374442148,4.23808694767461,
8,52,"vi",6,3.51725418838423,4.32981841581735,"vi",6,3.51725418838423,4.32981841581735,
8,53,"V",6,1.49719265481412,3.90371626927171,"V",6,1.49719265481412,3.90371626927171,
8,54,"IV",7,2.66794311533315,4.05433185142956,"IV",7,2.66794311533315,4.05433185142956,
8,55,"IV",6,3.63513042735832,4.23808694767461,"IV",6,3.63513042735832,4.23808694767461,
8,56,"I",5,3.18289131126796,4.84361675382539,"IV",5,3.16116367257437,4.84361675382539,0.0217276386935907
8,57,"I",6,2.20813248119822,3.61548358091568,"I",6,2.56383276135424,4.67389703281854,
8,58,"-VII",6,4.83114452553785,4.79330136135461,"-VII",7,5.03839745830878,4.57316907691114,
8,59,"IV",6,1.30071918434532,3.51737675561142,"IV",5,1.85832787116565,3.81348441376614,
8,60,"IV",7,3.82067281158021,4.49348276747501,"IV",6,1.78310089927055,4.23491760551183,
8,61,"-VII",7,4.22899496591284,4.5499229531705,"-VII",7,4.83228953378186,3.76571718516478,
,,,,,,,,,,
9,99,"V",6,3.23724374442148,4.23808694767461,"V",6,3.23724374442148,4.23808694767461,
9,100,"vi",6,3.51725418838423,4.32981841581735,"vi",6,3.51725418838423,4.32981841581735,
9,101,"V",6,1.49719265481412,3.90371626927171,"V",6,1.49719265481412,3.90371626927171,
9,102,"IV",7,2.66794311533315,4.05433185142956,"IV",7,2.66794311533315,4.05433185142956,
9,103,"IV",6,3.63513042735832,4.23808694767461,"IV",6,3.63513042735832,4.23808694767461,
9,104,"I",5,3.18289131126796,4.84361675382539,"IV",5,3.16116367257437,4.84361675382539,0.0217276386935907
9,105,"I",6,2.20813248119822,3.61548358091568,"I",6,2.56383276135424,4.67389703281854,
9,106,"-VII",6,4.83114452553785,4.79330136135461,"-VII",7,5.03839745830878,4.57316907691114,
9,107,"IV",6,1.30071918434532,3.51737675561142,"IV",5,1.85832787116565,3.81348441376614,
9,108,"IV",7,3.82067281158021,4.49348276747501,"IV",6,1.78310089927055,4.23491760551183,
9,109,"-VII",7,4.22899496591284,4.5499229531705,"-VII",7,4.83228953378186,3.76571718516478,
,,,,,,,,,,
10,123,"IV",6,3.53682923914913,4.65374088365475,"IV",6,3.53682923914913,4.65374088365475,
10,124,"I",6,3.21819531565291,5.01210500413185,"I",6,3.21819531565291,5.01210500413185,
10,125,"I",7,1.61021109047163,4.03574544581326,"I",7,1.61021109047163,4.03574544581326,
10,126,"IV",8,3.48563895442478,4.9784947889482,"IV",8,3.48563895442478,4.9784947889482,
10,127,"IV",9,1.72853504093878,4.18252361237996,"IV",9,1.72853504093878,4.18252361237996,
10,128,"-VII",10,4.6820366190843,4.65945445001878,"ii",10,4.65342225040505,4.65945445001878,0.0286143686792508
10,129,"-VII",8,3.82372398142576,2.39500793569451,"-VII",7,6.41072696517742,3.98798259410438,
10,130,"V",6,4.62615591040983,4.96959195429628,"V",3,4.16393389223886,4.92687467949077,
10,131,"V",4,3.25352859556702,4.37974082159931,"V",3,2.34878630530349,4.2787718279903,
10,132,"I",4,2.99017676833394,4.87472663174318,"I",4,2.18710683939823,4.74613512431493,
10,133,"r",5,3.58801167342455,4.42813434564878,"r",5,3.84667308159283,3.93523235914258,
,,,,,,,,,,
11,134,"I",4,2.04276240566398,3.30673084671451,"I",4,2.04276240566398,3.30673084671451,
11,135,"IV",5,3.92219017803512,4.25048251354673,"IV",5,3.92219017803512,4.25048251354673,
11,136,"I",4,1.65818837969468,4.28128570878407,"I",4,1.65818837969468,4.28128570878407,
11,137,"IV",5,2.07823808360828,4.19621314199127,"IV",5,2.07823808360828,4.19621314199127,
11,138,"vi",6,5.37050058312913,4.16061654270914,"vi",6,5.37050058312913,4.16061654270914,
11,139,"IV",5,3.42560377358515,4.77772632204579,"II",5,3.46247127476267,4.77772632204579,0.0368675011775119
11,140,"vi",6,4.99362981911703,4.24506496755099,"vi",4,6.49290836277143,4.01725502736167,
11,141,"IV",4,1.79422733192563,4.50225587281183,"IV",3,5.67184043009358,4.58203418113361,
11,142,"vi",5,4.23460070890909,4.4984032236072,"vi",2,4.73341156142237,5.33864151539906,
11,143,"IV",4,0.910691846219984,3.38827116624959,"IV",3,2.84736186121116,4.98030148595096,
11,144,"IV",6,4.58885675644563,4.4984032236072,"IV",4,4.3623774314203,4.78413966101366,
,,,,,,,,,,
12,130,"V",6,4.62615591040983,4.96959195429628,"V",6,4.62615591040983,4.96959195429628,
12,131,"V",4,3.25352859556702,4.37974082159931,"V",4,3.25352859556702,4.37974082159931,
12,132,"I",4,2.99017676833394,4.87472663174318,"I",4,2.99017676833394,4.87472663174318,
12,133,"r",5,3.58801167342455,4.42813434564878,"r",5,3.58801167342455,4.42813434564878,
12,134,"I",4,2.04276240566398,3.30673084671451,"I",4,2.04276240566398,3.30673084671451,
12,135,"IV",5,3.92219017803512,4.25048251354673,"vi",5,3.96171285893952,4.25048251354673,0.0395226809044051
12,136,"I",4,1.65818837969468,4.28128570878407,"I",5,4.03968445346037,4.08150454733097,
12,137,"IV",5,2.07823808360828,4.19621314199127,"IV",4,2.99665081745689,3.85619719293261,
12,138,"vi",6,5.37050058312913,4.16061654270914,"vi",5,5.8932486062296,4.50272093236596,
12,139,"IV",5,3.42560377358515,4.77772632204579,"IV",3,3.97996005083746,5.00234044011006,
12,140,"vi",6,4.99362981911703,4.24506496755099,"vi",4,4.632570674743,4.88944602863966,
,,,,,,,,,,
13,3,"I",2,2.20046829427291,4.79859356102467,"I",2,2.20046829427291,4.79859356102467,
13,4,"-VII",3,4.96007613722759,4.75697181832944,"-VII",3,4.96007613722759,4.75697181832944,
13,5,"IV",4,1.9450805890378,3.96853037723603,"IV",4,1.9450805890378,3.96853037723603,
13,6,"IV",5,3.10183498020191,4.18037528711807,"IV",5,3.10183498020191,4.18037528711807,
13,7,"-VII",6,4.67317746294444,3.82361091602095,"-VII",6,4.67317746294444,3.82361091602095,
13,8,"I",5,4.6168480273004,4.31471758299588,"-III",5,4.66050859422919,4.31471758299588,0.0436605669287875
13,9,"I",4,2.89604652411007,4.86772137182311,"I",4,5.64078177004038,4.99992651226441,
13,10,"-VII",5,5.42172066325087,4.33180384476954,"-VII",3,5.47603372705347,4.76216601458613,
13,11,"IV",4,2.54250740769115,4.28505121376682,"IV",3,4.01049123576659,4.47765419820229,
13,12,"IV",5,2.54469049829707,4.2380912772293,"IV",3,3.97907807265353,5.14620260264546,
13,13,"-VII",6,4.88605751640939,3.46413871540186,"-VII",4,4.00431159024216,4.85870136232562,
,,,,,,,,,,
14,9,"I",4,2.89604652411007,4.86772137182311,"I",4,2.89604652411007,4.86772137182311,
14,10,"-VII",5,5.42172066325087,4.33180384476954,"-VII",5,5.42172066325087,4.33180384476954,
14,11,"IV",4,2.54250740769115,4.28505121376682,"IV",4,2.54250740769115,4.28505121376682,
14,12,"IV",5,2.54469049829707,4.2380912772293,"IV",5,2.54469049829707,4.2380912772293,
14,13,"-VII",6,4.88605751640939,3.46413871540186,"-VII",6,4.88605751640939,3.46413871540186,
14,14,"I",5,4.6168480273004,4.31471758299588,"-III",5,4.66050859422919,4.31471758299588,0.0436605669287875
14,15,"I",4,2.89604652411007,4.86772137182311,"I",4,5.64078177004038,4.99992651226441,
14,16,"-VII",5,5.42172066325087,4.33180384476954,"-VII",3,5.47603372705347,4.76216601458613,
14,17,"IV",4,2.54250740769115,4.28505121376682,"IV",3,4.01049123576659,4.47765419820229,
14,18,"IV",5,2.54469049829707,4.2380912772293,"IV",3,3.97907807265353,5.14620260264546,
14,19,"-VII",6,4.88605751640939,3.46413871540186,"-VII",4,4.00431159024216,4.85870136232562,
,,,,,,,,,,
15,15,"I",4,2.89604652411007,4.86772137182311,"I",4,2.89604652411007,4.86772137182311,
15,16,"-VII",5,5.42172066325087,4.33180384476954,"-VII",5,5.42172066325087,4.33180384476954,
15,17,"IV",4,2.54250740769115,4.28505121376682,"IV",4,2.54250740769115,4.28505121376682,
15,18,"IV",5,2.54469049829707,4.2380912772293,"IV",5,2.54469049829707,4.2380912772293,
15,19,"-VII",6,4.88605751640939,3.46413871540186,"-VII",6,4.88605751640939,3.46413871540186,
15,20,"I",5,4.6168480273004,4.31471758299588,"-III",5,4.66050859422919,4.31471758299588,0.0436605669287875
15,21,"I",4,2.89604652411007,4.86772137182311,"I",4,5.64078177004038,4.99992651226441,
15,22,"-VII",5,5.42172066325087,4.33180384476954,"-VII",3,5.47603372705347,4.76216601458613,
15,23,"IV",4,2.54250740769115,4.28505121376682,"IV",3,4.01049123576659,4.47765419820229,
15,24,"IV",5,2.54469049829707,4.2380912772293,"IV",3,3.97907807265353,5.14620260264546,
15,25,"-VII",6,4.88605751640939,3.46413871540186,"-VII",4,4.00431159024216,4.85870136232562,
,,,,,,,,,,
16,21,"I",4,2.89604652411007,4.86772137182311,"I",4,2.89604652411007,4.86772137182311,
16,22,"-VII",5,5.42172066325087,4.33180384476954,"-VII",5,5.42172066325087,4.33180384476954,
16,23,"IV",4,2.54250740769115,4.28505121376682,"IV",4,2.54250740769115,4.28505121376682,
16,24,"IV",5,2.54469049829707,4.2380912772293,"IV",5,2.54469049829707,4.2380912772293,
16,25,"-VII",6,4.88605751640939,3.46413871540186,"-VII",6,4.88605751640939,3.46413871540186,
16,26,"I",5,4.6168480273004,4.31471758299588,"-III",5,4.66050859422919,4.31471758299588,0.0436605669287875
16,27,"I",4,2.89604652411007,4.86772137182311,"I",4,5.64078177004038,4.99992651226441,
16,28,"-VII",5,5.42172066325087,4.33180384476954,"-VII",3,5.47603372705347,4.76216601458613,
16,29,"IV",4,2.54250740769115,4.28505121376682,"IV",3,4.01049123576659,4.47765419820229,
16,30,"IV",5,2.54469049829707,4.2380912772293,"IV",3,3.97907807265353,5.14620260264546,
16,31,"-VII",6,4.88605751640939,3.46413871540186,"-VII",4,4.00431159024216,4.85870136232562,
,,,,,,,,,,
17,27,"I",4,2.89604652411007,4.86772137182311,"I",4,2.89604652411007,4.86772137182311,
17,28,"-VII",5,5.42172066325087,4.33180384476954,"-VII",5,5.42172066325087,4.33180384476954,
17,29,"IV",4,2.54250740769115,4.28505121376682,"IV",4,2.54250740769115,4.28505121376682,
17,30,"IV",5,2.54469049829707,4.2380912772293,"IV",5,2.54469049829707,4.2380912772293,
17,31,"-VII",6,4.88605751640939,3.46413871540186,"-VII",6,4.88605751640939,3.46413871540186,
17,32,"I",5,4.6168480273004,4.31471758299588,"-III",5,4.66050859422919,4.31471758299588,0.0436605669287875
17,33,"I",4,2.89604652411007,4.86772137182311,"I",4,5.64078177004038,4.99992651226441,
17,34,"-VII",5,5.42172066325087,4.33180384476954,"-VII",3,5.47603372705347,4.76216601458613,
17,35,"IV",4,2.54250740769115,4.28505121376682,"IV",3,4.01049123576659,4.47765419820229,
17,36,"IV",5,2.54469049829707,4.2380912772293,"IV",3,3.97907807265353,5.14620260264546,
17,37,"-VII",6,4.88605751640939,3.46413871540186,"-VII",4,4.00431159024216,4.85870136232562,
,,,,,,,,,,
18,33,"I",4,2.89604652411007,4.86772137182311,"I",4,2.89604652411007,4.86772137182311,
18,34,"-VII",5,5.42172066325087,4.33180384476954,"-VII",5,5.42172066325087,4.33180384476954,
18,35,"IV",4,2.54250740769115,4.28505121376682,"IV",4,2.54250740769115,4.28505121376682,
18,36,"IV",5,2.54469049829707,4.2380912772293,"IV",5,2.54469049829707,4.2380912772293,
18,37,"-VII",6,4.88605751640939,3.46413871540186,"-VII",6,4.88605751640939,3.46413871540186,
18,38,"I",5,4.6168480273004,4.31471758299588,"-III",5,4.66050859422919,4.31471758299588,0.0436605669287875
18,39,"I",4,2.89604652411007,4.86772137182311,"I",4,5.64078177004038,4.99992651226441,
18,40,"-VII",5,5.42172066325087,4.33180384476954,"-VII",3,5.47603372705347,4.76216601458613,
18,41,"IV",4,2.54250740769115,4.28505121376682,"IV",3,4.01049123576659,4.47765419820229,
18,42,"IV",5,2.54469049829707,4.2380912772293,"IV",3,3.97907807265353,5.14620260264546,
18,43,"-VII",6,4.88605751640939,3.46413871540186,"-VII",4,4.00431159024216,4.85870136232562,
,,,,,,,,,,
19,57,"I",6,2.20813248119822,3.61548358091568,"I",6,2.20813248119822,3.61548358091568,
19,58,"-VII",6,4.83114452553785,4.79330136135461,"-VII",6,4.83114452553785,4.79330136135461,
19,59,"IV",6,1.30071918434532,3.51737675561142,"IV",6,1.30071918434532,3.51737675561142,
19,60,"IV",7,3.82067281158021,4.49348276747501,"IV",7,3.82067281158021,4.49348276747501,
19,61,"-VII",7,4.22899496591284,4.5499229531705,"-VII",7,4.22899496591284,4.5499229531705,
19,62,"I",5,4.6168480273004,4.31471758299588,"-III",5,4.66050859422919,4.31471758299588,0.0436605669287875
19,63,"I",4,2.89604652411007,4.86772137182311,"I",4,5.64078177004038,4.99992651226441,
19,64,"-VII",5,5.42172066325087,4.33180384476954,"-VII",3,5.47603372705347,4.76216601458613,
19,65,"IV",4,2.54250740769115,4.28505121376682,"IV",3,4.01049123576659,4.47765419820229,
19,66,"IV",5,2.54469049829707,4.2380912772293,"IV",3,3.97907807265353,5.14620260264546,
19,67,"-VII",6,4.88605751640939,3.46413871540186,"-VII",4,4.00431159024216,4.85870136232562,
,,,,,,,,,,
20,63,"I",4,2.89604652411007,4.86772137182311,"I",4,2.89604652411007,4.86772137182311,
20,64,"-VII",5,5.42172066325087,4.33180384476954,"-VII",5,5.42172066325087,4.33180384476954,
20,65,"IV",4,2.54250740769115,4.28505121376682,"IV",4,2.54250740769115,4.28505121376682,
20,66,"IV",5,2.54469049829707,4.2380912772293,"IV",5,2.54469049829707,4.2380912772293,
20,67,"-VII",6,4.88605751640939,3.46413871540186,"-VII",6,4.88605751640939,3.46413871540186,
20,68,"I",5,4.6168480273004,4.31471758299588,"-III",5,4.66050859422919,4.31471758299588,0.0436605669287875
20,69,"I",4,2.89604652411007,4.86772137182311,"I",4,5.64078177004038,4.99992651226441,
20,70,"-VII",5,5.42172066325087,4.33180384476954,"-VII",3,5.47603372705347,4.76216601458613,
20,71,"IV",4,2.54250740769115,4.28505121376682,"IV",3,4.01049123576659,4.47765419820229,
20,72,"IV",5,2.54469049829707,4.2380912772293,"IV",3,3.97907807265353,5.14620260264546,
20,73,"-VII",6,4.88605751640939,3.46413871540186,"-VII",4,4.00431159024216,4.85870136232562,
,,,,,,,,,,
21,69,"I",4,2.89604652411007,4.86772137182311,"I",4,2.89604652411007,4.86772137182311,
21,70,"-VII",5,5.42172066325087,4.33180384476954,"-VII",5,5.42172066325087,4.33180384476954,
21,71,"IV",4,2.54250740769115,4.28505121376682,"IV",4,2.54250740769115,4.28505121376682,
21,72,"IV",5,2.54469049829707,4.2380912772293,"IV",5,2.54469049829707,4.2380912772293,
21,73,"-VII",6,4.88605751640939,3.46413871540186,"-VII",6,4.88605751640939,3.46413871540186,
21,74,"I",5,4.6168480273004,4.31471758299588,"-III",5,4.66050859422919,4.31471758299588,0.0436605669287875
21,75,"I",4,2.89604652411007,4.86772137182311,"I",4,5.64078177004038,4.99992651226441,
21,76,"-VII",5,5.42172066325087,4.33180384476954,"-VII",3,5.47603372705347,4.76216601458613,
21,77,"IV",4,2.54250740769115,4.28505121376682,"IV",3,4.01049123576659,4.47765419820229,
21,78,"IV",5,2.54469049829707,4.2380912772293,"IV",3,3.97907807265353,5.14620260264546,
21,79,"-VII",6,4.88605751640939,3.46413871540186,"-VII",4,4.00431159024216,4.85870136232562,
,,,,,,,,,,
22,75,"I",4,2.89604652411007,4.86772137182311,"I",4,2.89604652411007,4.86772137182311,
22,76,"-VII",5,5.42172066325087,4.33180384476954,"-VII",5,5.42172066325087,4.33180384476954,
22,77,"IV",4,2.54250740769115,4.28505121376682,"IV",4,2.54250740769115,4.28505121376682,
22,78,"IV",5,2.54469049829707,4.2380912772293,"IV",5,2.54469049829707,4.2380912772293,
22,79,"-VII",6,4.88605751640939,3.46413871540186,"-VII",6,4.88605751640939,3.46413871540186,
22,80,"I",5,4.6168480273004,4.31471758299588,"-III",5,4.66050859422919,4.31471758299588,0.0436605669287875
22,81,"I",4,2.89604652411007,4.86772137182311,"I",4,5.64078177004038,4.99992651226441,
22,82,"-VII",5,5.42172066325087,4.33180384476954,"-VII",3,5.47603372705347,4.76216601458613,
22,83,"IV",4,2.54250740769115,4.28505121376682,"IV",3,4.01049123576659,4.47765419820229,
22,84,"IV",5,2.54469049829707,4.2380912772293,"IV",3,3.97907807265353,5.14620260264546,
22,85,"-VII",6,4.88605751640939,3.46413871540186,"-VII",4,4.00431159024216,4.85870136232562,
,,,,,,,,,,
23,81,"I",4,2.89604652411007,4.86772137182311,"I",4,2.89604652411007,4.86772137182311,
23,82,"-VII",5,5.42172066325087,4.33180384476954,"-VII",5,5.42172066325087,4.33180384476954,
23,83,"IV",4,2.54250740769115,4.28505121376682,"IV",4,2.54250740769115,4.28505121376682,
23,84,"IV",5,2.54469049829707,4.2380912772293,"IV",5,2.54469049829707,4.2380912772293,
23,85,"-VII",6,4.88605751640939,3.46413871540186,"-VII",6,4.88605751640939,3.46413871540186,
23,86,"I",5,4.6168480273004,4.31471758299588,"-III",5,4.66050859422919,4.31471758299588,0.0436605669287875
23,87,"I",4,2.89604652411007,4.86772137182311,"I",4,5.64078177004038,4.99992651226441,
23,88,"-VII",5,5.42172066325087,4.33180384476954,"-VII",3,5.47603372705347,4.76216601458613,
23,89,"IV",4,2.54250740769115,4.28505121376682,"IV",3,4.01049123576659,4.47765419820229,
23,90,"IV",5,2.54469049829707,4.2380912772293,"IV",3,3.97907807265353,5.14620260264546,
23,91,"-VII",6,4.88605751640939,3.46413871540186,"-VII",4,4.00431159024216,4.85870136232562,
,,,,,,,,,,
24,105,"I",6,2.20813248119822,3.61548358091568,"I",6,2.20813248119822,3.61548358091568,
24,106,"-VII",6,4.83114452553785,4.79330136135461,"-VII",6,4.83114452553785,4.79330136135461,
24,107,"IV",6,1.30071918434532,3.51737675561142,"IV",6,1.30071918434532,3.51737675561142,
24,108,"IV",7,3.82067281158021,4.49348276747501,"IV",7,3.82067281158021,4.49348276747501,
24,109,"-VII",7,4.22899496591284,4.5499229531705,"-VII",7,4.22899496591284,4.5499229531705,
24,110,"I",5,4.6168480273004,4.31471758299588,"-III",5,4.66050859422919,4.31471758299588,0.0436605669287875
24,111,"I",4,2.89604652411007,4.86772137182311,"I",4,5.64078177004038,4.99992651226441,
24,112,"-VII",5,5.42172066325087,4.33180384476954,"-VII",3,5.47603372705347,4.76216601458613,
24,113,"IV",4,2.54250740769115,4.28505121376682,"IV",3,4.01049123576659,4.47765419820229,
24,114,"IV",5,2.54469049829707,4.2380912772293,"IV",3,3.97907807265353,5.14620260264546,
24,115,"-VII",6,4.88605751640939,3.46413871540186,"-VII",4,4.00431159024216,4.85870136232562,
,,,,,,,,,,
25,149,"I",6,2.32757287138992,4.79166014731119,"I",6,2.32757287138992,4.79166014731119,
25,150,"-VII",7,4.31376159574113,4.89965161653817,"-VII",7,4.31376159574113,4.89965161653817,
25,151,"IV",6,4.71424447395626,1.91405990651994,"IV",6,4.71424447395626,1.91405990651994,
25,152,"IV",6,4.20203909430336,4.02641156942752,"IV",6,4.20203909430336,4.02641156942752,
25,153,"-VII",5,4.42335587534726,4.24840600140764,"-VII",5,4.42335587534726,4.24840600140764,
25,154,"I",5,4.6168480273004,4.31471758299588,"-III",5,4.66050859422919,4.31471758299588,0.0436605669287875
25,155,"I",4,2.89604652411007,4.86772137182311,"I",4,5.64078177004038,4.99992651226441,
25,156,"-VII",5,5.42172066325087,4.33180384476954,"-VII",3,5.47603372705347,4.76216601458613,
25,157,"IV",4,2.54250740769115,4.28505121376682,"IV",3,4.01049123576659,4.47765419820229,
25,158,"IV",5,2.54469049829707,4.2380912772293,"IV",3,3.97907807265353,5.14620260264546,
25,159,"-VII",6,4.88605751640939,3.46413871540186,"-VII",4,4.00431159024216,4.85870136232562,
,,,,,,,,,,
26,155,"I",4,2.89604652411007,4.86772137182311,"I",4,2.89604652411007,4.86772137182311,
26,156,"-VII",5,5.42172066325087,4.33180384476954,"-VII",5,5.42172066325087,4.33180384476954,
26,157,"IV",4,2.54250740769115,4.28505121376682,"IV",4,2.54250740769115,4.28505121376682,
26,158,"IV",5,2.54469049829707,4.2380912772293,"IV",5,2.54469049829707,4.2380912772293,
26,159,"-VII",6,4.88605751640939,3.46413871540186,"-VII",6,4.88605751640939,3.46413871540186,
26,160,"I",5,4.6168480273004,4.31471758299588,"-III",5,4.66050859422919,4.31471758299588,0.0436605669287875
26,161,"I",4,2.89604652411007,4.86772137182311,"I",4,5.64078177004038,4.99992651226441,
26,162,"-VII",5,5.42172066325087,4.33180384476954,"-VII",3,5.47603372705347,4.76216601458613,
26,163,"IV",4,2.54250740769115,4.28505121376682,"IV",3,4.01049123576659,4.47765419820229,
26,164,"IV",5,2.54469049829707,4.2380912772293,"IV",3,3.97907807265353,5.14620260264546,
26,165,"-VII",6,4.88605751640939,3.46413871540186,"-VII",4,4.00431159024216,4.85870136232562,
,,,,,,,,,,
27,161,"I",4,2.89604652411007,4.86772137182311,"I",4,2.89604652411007,4.86772137182311,
27,162,"-VII",5,5.42172066325087,4.33180384476954,"-VII",5,5.42172066325087,4.33180384476954,
27,163,"IV",4,2.54250740769115,4.28505121376682,"IV",4,2.54250740769115,4.28505121376682,
27,164,"IV",5,2.54469049829707,4.2380912772293,"IV",5,2.54469049829707,4.2380912772293,
27,165,"-VII",6,4.88605751640939,3.46413871540186,"-VII",6,4.88605751640939,3.46413871540186,
27,166,"I",5,4.6168480273004,4.31471758299588,"-III",5,4.66050859422919,4.31471758299588,0.0436605669287875
27,167,"I",4,2.89604652411007,4.86772137182311,"I",4,5.64078177004038,4.99992651226441,
27,168,"-VII",5,5.42172066325087,4.33180384476954,"-VII",3,5.47603372705347,4.76216601458613,
27,169,"IV",4,2.54250740769115,4.28505121376682,"IV",3,4.01049123576659,4.47765419820229,
27,170,"IV",5,2.54469049829707,4.2380912772293,"IV",3,3.97907807265353,5.14620260264546,
27,171,"-VII",6,4.88605751640939,3.46413871540186,"-VII",4,4.00431159024216,4.85870136232562,
,,,,,,,,,,
28,167,"I",4,2.89604652411007,4.86772137182311,"I",4,2.89604652411007,4.86772137182311,
28,168,"-VII",5,5.42172066325087,4.33180384476954,"-VII",5,5.42172066325087,4.33180384476954,
28,169,"IV",4,2.54250740769115,4.28505121376682,"IV",4,2.54250740769115,4.28505121376682,
28,170,"IV",5,2.54469049829707,4.2380912772293,"IV",5,2.54469049829707,4.2380912772293,
28,171,"-VII",6,4.88605751640939,3.46413871540186,"-VII",6,4.88605751640939,3.46413871540186,
28,172,"I",5,4.6168480273004,4.31471758299588,"-III",5,4.66050859422919,4.31471758299588,0.0436605669287875
28,173,"I",4,2.89604652411007,4.86772137182311,"I",4,5.64078177004038,4.99992651226441,
28,174,"-VII",5,5.42172066325087,4.33180384476954,"-VII",3,5.47603372705347,4.76216601458613,
28,175,"IV",4,2.54250740769115,4.28505121376682,"IV",3,4.01049123576659,4.47765419820229,
28,176,"IV",5,2.54469049829707,4.2380912772293,"IV",3,3.97907807265353,5.14620260264546,
28,177,"-VII",6,4.88605751640939,3.46413871540186,"-VII",4,4.00431159024216,4.85870136232562,
,,,,,,,,,,
29,173,"I",4,2.89604652411007,4.86772137182311,"I",4,2.89604652411007,4.86772137182311,
29,174,"-VII",5,5.42172066325087,4.33180384476954,"-VII",5,5.42172066325087,4.33180384476954,
29,175,"IV",4,2.54250740769115,4.28505121376682,"IV",4,2.54250740769115,4.28505121376682,
29,176,"IV",5,2.54469049829707,4.2380912772293,"IV",5,2.54469049829707,4.2380912772293,
29,177,"-VII",6,4.88605751640939,3.46413871540186,"-VII",6,4.88605751640939,3.46413871540186,
29,178,"I",5,4.6168480273004,4.31471758299588,"-III",5,4.66050859422919,4.31471758299588,0.0436605669287875
29,179,"I",4,2.89604652411007,4.86772137182311,"I",4,5.64078177004038,4.99992651226441,
29,180,"-VII",5,5.42172066325087,4.33180384476954,"-VII",3,5.47603372705347,4.76216601458613,
29,181,"IV",4,2.54250740769115,4.28505121376682,"IV",3,4.01049123576659,4.47765419820229,
29,182,"IV",5,2.54469049829707,4.2380912772293,"IV",3,3.97907807265353,5.14620260264546,
29,183,"-VII",6,4.88605751640939,3.46413871540186,"-VII",4,4.00431159024216,4.85870136232562,
,,,,,,,,,,
30,179,"I",4,2.89604652411007,4.86772137182311,"I",4,2.89604652411007,4.86772137182311,
30,180,"-VII",5,5.42172066325087,4.33180384476954,"-VII",5,5.42172066325087,4.33180384476954,
30,181,"IV",4,2.54250740769115,4.28505121376682,"IV",4,2.54250740769115,4.28505121376682,
30,182,"IV",5,2.54469049829707,4.2380912772293,"IV",5,2.54469049829707,4.2380912772293,
30,183,"-VII",6,4.88605751640939,3.46413871540186,"-VII",6,4.88605751640939,3.46413871540186,
30,184,"I",5,4.6168480273004,4.31471758299588,"-III",5,4.66050859422919,4.31471758299588,0.0436605669287875
30,185,"I",4,2.89604652411007,4.86772137182311,"I",4,5.64078177004038,4.99992651226441,
30,186,"-VII",5,5.42172066325087,4.33180384476954,"-VII",3,5.47603372705347,4.76216601458613,
30,187,"IV",4,2.54250740769115,4.28505121376682,"IV",3,4.01049123576659,4.47765419820229,
30,188,"IV",5,2.54469049829707,4.2380912772293,"IV",3,3.97907807265353,5.14620260264546,
30,189,"-VII",6,4.88605751640939,3.46413871540186,"-VII",4,4.00431159024216,4.85870136232562,
,,,,,,,,,,
31,185,"I",4,2.89604652411007,4.86772137182311,"I",4,2.89604652411007,4.86772137182311,
31,186,"-VII",5,5.42172066325087,4.33180384476954,"-VII",5,5.42172066325087,4.33180384476954,
31,187,"IV",4,2.54250740769115,4.28505121376682,"IV",4,2.54250740769115,4.28505121376682,
31,188,"IV",5,2.54469049829707,4.2380912772293,"IV",5,2.54469049829707,4.2380912772293,
31,189,"-VII",6,4.88605751640939,3.46413871540186,"-VII",6,4.88605751640939,3.46413871540186,
31,190,"I",5,4.6168480273004,4.31471758299588,"-III",5,4.66050859422919,4.31471758299588,0.0436605669287875
31,191,"I",4,2.89604652411007,4.86772137182311,"I",4,5.64078177004038,4.99992651226441,
31,192,"-VII",5,5.42172066325087,4.33180384476954,"-VII",3,5.47603372705347,4.76216601458613,
31,193,"IV",4,2.54250740769115,4.28505121376682,"IV",3,4.01049123576659,4.47765419820229,
31,194,"IV",5,2.54469049829707,4.2380912772293,"IV",3,3.97907807265353,5.14620260264546,
31,195,"-VII",6,4.88605751640939,3.46413871540186,"-VII",4,4.00431159024216,4.85870136232562,
,,,,,,,,,,
32,191,"I",4,2.89604652411007,4.86772137182311,"I",4,2.89604652411007,4.86772137182311,
32,192,"-VII",5,5.42172066325087,4.33180384476954,"-VII",5,5.42172066325087,4.33180384476954,
32,193,"IV",4,2.54250740769115,4.28505121376682,"IV",4,2.54250740769115,4.28505121376682,
32,194,"IV",5,2.54469049829707,4.2380912772293,"IV",5,2.54469049829707,4.2380912772293,
32,195,"-VII",6,4.88605751640939,3.46413871540186,"-VII",6,4.88605751640939,3.46413871540186,
32,196,"I",5,4.6168480273004,4.31471758299588,"-III",5,4.66050859422919,4.31471758299588,0.0436605669287875
32,197,"I",4,2.89604652411007,4.86772137182311,"I",4,5.64078177004038,4.99992651226441,
32,198,"-VII",5,5.42172066325087,4.33180384476954,"-VII",3,5.47603372705347,4.76216601458613,
32,199,"IV",4,2.54250740769115,4.28505121376682,"IV",3,4.01049123576659,4.47765419820229,
32,200,"IV",5,2.54469049829707,4.2380912772293,"IV",3,3.97907807265353,5.14620260264546,
32,201,"-VII",6,4.88605751640939,3.46413871540186,"-VII",4,4.00431159024216,4.85870136232562,
,,,,,,,,,,
33,197,"I",4,2.89604652411007,4.86772137182311,"I",4,2.89604652411007,4.86772137182311,
33,198,"-VII",5,5.42172066325087,4.33180384476954,"-VII",5,5.42172066325087,4.33180384476954,
33,199,"IV",4,2.54250740769115,4.28505121376682,"IV",4,2.54250740769115,4.28505121376682,
33,200,"IV",5,2.54469049829707,4.2380912772293,"IV",5,2.54469049829707,4.2380912772293,
33,201,"-VII",6,4.88605751640939,3.46413871540186,"-VII",6,4.88605751640939,3.46413871540186,
33,202,"I",5,4.6168480273004,4.31471758299588,"-III",5,4.66050859422919,4.31471758299588,0.0436605669287875
33,203,"I",4,2.89604652411007,4.86772137182311,"I",4,5.64078177004038,4.99992651226441,
33,204,"-VII",5,5.42172066325087,4.33180384476954,"-VII",3,5.47603372705347,4.76216601458613,
33,205,"IV",4,2.54250740769115,4.28505121376682,"IV",3,4.01049123576659,4.47765419820229,
33,206,"IV",5,2.54469049829707,4.2380912772293,"IV",3,3.97907807265353,5.14620260264546,
33,207,"-VII",6,4.88605751640939,3.46413871540186,"-VII",4,4.00431159024216,4.85870136232562,
,,,,,,,,,,
34,209,"vi",4,5.13621852635012,4.31703575104712,"vi",4,5.13621852635012,4.31703575104712,
34,210,"iii",3,5.27452589832276,5.06776983180325,"iii",3,5.27452589832276,5.06776983180325,
34,211,"iii",3,2.82464405792975,4.77556087610754,"iii",3,2.82464405792975,4.77556087610754,
34,212,"ii",4,4.95957348871006,4.96349494453327,"ii",4,4.95957348871006,4.96349494453327,
34,213,"IV",3,4.68993325663654,3.65954937558203,"IV",3,4.68993325663654,3.65954937558203,
34,214,"I",3,2.66966973620957,4.6350498652597,"iii",3,2.71350074356871,4.6350498652597,0.043831007359139
34,215,"I",4,2.88969040501005,5.00902197990155,"I",4,5.05152127612157,4.45115450265158,
34,216,"r",5,3.07946348650767,5.21349140053551,"r",3,3.33560468086244,5.02084852463381,
34,217,"r",5,1.17942664782314,3.06680031000516,"r",2,2.1418261611078,3.91976228748252,
34,218,"r",5,1.63726844086263,3.04340805027629,"r",3,1.3514793225487,3.08502817065639,
,,,,,,,,,,
35,5,"IV",4,1.9450805890378,3.96853037723603,"IV",4,1.9450805890378,3.96853037723603,
35,6,"IV",5,3.10183498020191,4.18037528711807,"IV",5,3.10183498020191,4.18037528711807,
35,7,"-VII",6,4.67317746294444,3.82361091602095,"-VII",6,4.67317746294444,3.82361091602095,
35,8,"I",5,4.6168480273004,4.31471758299588,"I",5,4.6168480273004,4.31471758299588,
35,9,"I",4,2.89604652411007,4.86772137182311,"I",4,2.89604652411007,4.86772137182311,
35,10,"-VII",5,5.42172066325087,4.33180384476954,"V",5,5.4667745503929,4.33180384476954,0.0450538871420276
35,11,"IV",4,2.54250740769115,4.28505121376682,"IV",4,4.24441043531852,4.96157296407666,
35,12,"IV",5,2.54469049829707,4.2380912772293,"IV",4,3.33137558169979,4.89184639755387,
35,13,"-VII",6,4.88605751640939,3.46413871540186,"-VII",5,5.4205987631146,4.44378965744448,
35,14,"I",5,4.6168480273004,4.31471758299588,"I",4,4.40981259948227,4.55066035296639,
35,15,"I",4,2.89604652411007,4.86772137182311,"I",4,2.89604652411007,4.86772137182311,
,,,,,,,,,,
36,11,"IV",4,2.54250740769115,4.28505121376682,"IV",4,2.54250740769115,4.28505121376682,
36,12,"IV",5,2.54469049829707,4.2380912772293,"IV",5,2.54469049829707,4.2380912772293,
36,13,"-VII",6,4.88605751640939,3.46413871540186,"-VII",6,4.88605751640939,3.46413871540186,
36,14,"I",5,4.6168480273004,4.31471758299588,"I",5,4.6168480273004,4.31471758299588,
36,15,"I",4,2.89604652411007,4.86772137182311,"I",4,2.89604652411007,4.86772137182311,
36,16,"-VII",5,5.42172066325087,4.33180384476954,"V",5,5.4667745503929,4.33180384476954,0.0450538871420276
36,17,"IV",4,2.54250740769115,4.28505121376682,"IV",4,4.24441043531852,4.96157296407666,
36,18,"IV",5,2.54469049829707,4.2380912772293,"IV",4,3.33137558169979,4.89184639755387,
36,19,"-VII",6,4.88605751640939,3.46413871540186,"-VII",5,5.4205987631146,4.44378965744448,
36,20,"I",5,4.6168480273004,4.31471758299588,"I",4,4.40981259948227,4.55066035296639,
36,21,"I",4,2.89604652411007,4.86772137182311,"I",4,2.89604652411007,4.86772137182311,
,,,,,,,,,,
37,17,"IV",4,2.54250740769115,4.28505121376682,"IV",4,2.54250740769115,4.28505121376682,
37,18,"IV",5,2.54469049829707,4.2380912772293,"IV",5,2.54469049829707,4.2380912772293,
37,19,"-VII",6,4.88605751640939,3.46413871540186,"-VII",6,4.88605751640939,3.46413871540186,
37,20,"I",5,4.6168480273004,4.31471758299588,"I",5,4.6168480273004,4.31471758299588,
37,21,"I",4,2.89604652411007,4.86772137182311,"I",4,2.89604652411007,4.86772137182311,
37,22,"-VII",5,5.42172066325087,4.33180384476954,"V",5,5.4667745503929,4.33180384476954,0.0450538871420276
37,23,"IV",4,2.54250740769115,4.28505121376682,"IV",4,4.24441043531852,4.96157296407666,
37,24,"IV",5,2.54469049829707,4.2380912772293,"IV",4,3.33137558169979,4.89184639755387,
37,25,"-VII",6,4.88605751640939,3.46413871540186,"-VII",5,5.4205987631146,4.44378965744448,
37,26,"I",5,4.6168480273004,4.31471758299588,"I",4,4.40981259948227,4.55066035296639,
37,27,"I",4,2.89604652411007,4.86772137182311,"I",4,2.89604652411007,4.86772137182311,
,,,,,,,,,,
38,23,"IV",4,2.54250740769115,4.28505121376682,"IV",4,2.54250740769115,4.28505121376682,
38,24,"IV",5,2.54469049829707,4.2380912772293,"IV",5,2.54469049829707,4.2380912772293,
38,25,"-VII",6,4.88605751640939,3.46413871540186,"-VII",6,4.88605751640939,3.46413871540186,
38,26,"I",5,4.6168480273004,4.31471758299588,"I",5,4.6168480273004,4.31471758299588,
38,27,"I",4,2.89604652411007,4.86772137182311,"I",4,2.89604652411007,4.86772137182311,
38,28,"-VII",5,5.42172066325087,4.33180384476954,"V",5,5.4667745503929,4.33180384476954,0.0450538871420276
38,29,"IV",4,2.54250740769115,4.28505121376682,"IV",4,4.24441043531852,4.96157296407666,
38,30,"IV",5,2.54469049829707,4.2380912772293,"IV",4,3.33137558169979,4.89184639755387,
38,31,"-VII",6,4.88605751640939,3.46413871540186,"-VII",5,5.4205987631146,4.44378965744448,
38,32,"I",5,4.6168480273004,4.31471758299588,"I",4,4.40981259948227,4.55066035296639,
38,33,"I",4,2.89604652411007,4.86772137182311,"I",4,2.89604652411007,4.86772137182311,
,,,,,,,,,,
39,29,"IV",4,2.54250740769115,4.28505121376682,"IV",4,2.54250740769115,4.28505121376682,
39,30,"IV",5,2.54469049829707,4.2380912772293,"IV",5,2.54469049829707,4.2380912772293,
39,31,"-VII",6,4.88605751640939,3.46413871540186,"-VII",6,4.88605751640939,3.46413871540186,
39,32,"I",5,4.6168480273004,4.31471758299588,"I",5,4.6168480273004,4.31471758299588,
39,33,"I",4,2.89604652411007,4.86772137182311,"I",4,2.89604652411007,4.86772137182311,
39,34,"-VII",5,5.42172066325087,4.33180384476954,"V",5,5.4667745503929,4.33180384476954,0.0450538871420276
39,35,"IV",4,2.54250740769115,4.28505121376682,"IV",4,4.24441043531852,4.96157296407666,
39,36,"IV",5,2.54469049829707,4.2380912772293,"IV",4,3.33137558169979,4.89184639755387,
39,37,"-VII",6,4.88605751640939,3.46413871540186,"-VII",5,5.4205987631146,4.44378965744448,
39,38,"I",5,4.6168480273004,4.31471758299588,"I",4,4.40981259948227,4.55066035296639,
39,39,"I",4,2.89604652411007,4.86772137182311,"I",4,2.89604652411007,4.86772137182311,
,,,,,,,,,,
40,35,"IV",4,2.54250740769115,4.28505121376682,"IV",4,2.54250740769115,4.28505121376682,
40,36,"IV",5,2.54469049829707,4.2380912772293,"IV",5,2.54469049829707,4.2380912772293,
40,37,"-VII",6,4.88605751640939,3.46413871540186,"-VII",6,4.88605751640939,3.46413871540186,
40,38,"I",5,4.6168480273004,4.31471758299588,"I",5,4.6168480273004,4.31471758299588,
40,39,"I",4,2.89604652411007,4.86772137182311,"I",4,2.89604652411007,4.86772137182311,
40,40,"-VII",5,5.42172066325087,4.33180384476954,"V",5,5.4667745503929,4.33180384476954,0.0450538871420276
40,41,"IV",4,2.54250740769115,4.28505121376682,"IV",4,4.24441043531852,4.96157296407666,
40,42,"IV",5,2.54469049829707,4.2380912772293,"IV",4,3.33137558169979,4.89184639755387,
40,43,"-VII",6,4.88605751640939,3.46413871540186,"-VII",5,5.4205987631146,4.44378965744448,
40,44,"vi",5,5.46314295188294,4.31471758299588,"vi",4,5.25610752406481,4.55066035296639,
40,45,"V",4,3.68405186489778,4.31703575104712,"V",4,3.68405186489778,4.31703575104712,
,,,,,,,,,,
41,59,"IV",6,1.30071918434532,3.51737675561142,"IV",6,1.30071918434532,3.51737675561142,
41,60,"IV",7,3.82067281158021,4.49348276747501,"IV",7,3.82067281158021,4.49348276747501,
41,61,"-VII",7,4.22899496591284,4.5499229531705,"-VII",7,4.22899496591284,4.5499229531705,
41,62,"I",5,4.6168480273004,4.31471758299588,"I",5,4.6168480273004,4.31471758299588,
41,63,"I",4,2.89604652411007,4.86772137182311,"I",4,2.89604652411007,4.86772137182311,
41,64,"-VII",5,5.42172066325087,4.33180384476954,"V",5,5.4667745503929,4.33180384476954,0.0450538871420276
41,65,"IV",4,2.54250740769115,4.28505121376682,"IV",4,4.24441043531852,4.96157296407666,
41,66,"IV",5,2.54469049829707,4.2380912772293,"IV",4,3.33137558169979,4.89184639755387,
41,67,"-VII",6,4.88605751640939,3.46413871540186,"-VII",5,5.4205987631146,4.44378965744448,
41,68,"I",5,4.6168480273004,4.31471758299588,"I",4,4.40981259948227,4.55066035296639,
41,69,"I",4,2.89604652411007,4.86772137182311,"I",4,2.89604652411007,4.86772137182311,
,,,,,,,,,,
42,65,"IV",4,2.54250740769115,4.28505121376682,"IV",4,2.54250740769115,4.28505121376682,
42,66,"IV",5,2.54469049829707,4.2380912772293,"IV",5,2.54469049829707,4.2380912772293,
42,67,"-VII",6,4.88605751640939,3.46413871540186,"-VII",6,4.88605751640939,3.46413871540186,
42,68,"I",5,4.6168480273004,4.31471758299588,"I",5,4.6168480273004,4.31471758299588,
42,69,"I",4,2.89604652411007,4.86772137182311,"I",4,2.89604652411007,4.86772137182311,
42,70,"-VII",5,5.42172066325087,4.33180384476954,"V",5,5.4667745503929,4.33180384476954,0.0450538871420276
42,71,"IV",4,2.54250740769115,4.28505121376682,"IV",4,4.24441043531852,4.96157296407666,
42,72,"IV",5,2.54469049829707,4.2380912772293,"IV",4,3.33137558169979,4.89184639755387,
42,73,"-VII",6,4.88605751640939,3.46413871540186,"-VII",5,5.4205987631146,4.44378965744448,
42,74,"I",5,4.6168480273004,4.31471758299588,"I",4,4.40981259948227,4.55066035296639,
42,75,"I",4,2.89604652411007,4.86772137182311,"I",4,2.89604652411007,4.86772137182311,
,,,,,,,,,,
43,71,"IV",4,2.54250740769115,4.28505121376682,"IV",4,2.54250740769115,4.28505121376682,
43,72,"IV",5,2.54469049829707,4.2380912772293,"IV",5,2.54469049829707,4.2380912772293,
43,73,"-VII",6,4.88605751640939,3.46413871540186,"-VII",6,4.88605751640939,3.46413871540186,
43,74,"I",5,4.6168480273004,4.31471758299588,"I",5,4.6168480273004,4.31471758299588,
43,75,"I",4,2.89604652411007,4.86772137182311,"I",4,2.89604652411007,4.86772137182311,
43,76,"-VII",5,5.42172066325087,4.33180384476954,"V",5,5.4667745503929,4.33180384476954,0.0450538871420276
43,77,"IV",4,2.54250740769115,4.28505121376682,"IV",4,4.24441043531852,4.96157296407666,
43,78,"IV",5,2.54469049829707,4.2380912772293,"IV",4,3.33137558169979,4.89184639755387,
43,79,"-VII",6,4.88605751640939,3.46413871540186,"-VII",5,5.4205987631146,4.44378965744448,
43,80,"I",5,4.6168480273004,4.31471758299588,"I",4,4.40981259948227,4.55066035296639,
43,81,"I",4,2.89604652411007,4.86772137182311,"I",4,2.89604652411007,4.86772137182311,
,,,,,,,,,,
44,77,"IV",4,2.54250740769115,4.28505121376682,"IV",4,2.54250740769115,4.28505121376682,
44,78,"IV",5,2.54469049829707,4.2380912772293,"IV",5,2.54469049829707,4.2380912772293,
44,79,"-VII",6,4.88605751640939,3.46413871540186,"-VII",6,4.88605751640939,3.46413871540186,
44,80,"I",5,4.6168480273004,4.31471758299588,"I",5,4.6168480273004,4.31471758299588,
44,81,"I",4,2.89604652411007,4.86772137182311,"I",4,2.89604652411007,4.86772137182311,
44,82,"-VII",5,5.42172066325087,4.33180384476954,"V",5,5.4667745503929,4.33180384476954,0.0450538871420276
44,83,"IV",4,2.54250740769115,4.28505121376682,"IV",4,4.24441043531852,4.96157296407666,
44,84,"IV",5,2.54469049829707,4.2380912772293,"IV",4,3.33137558169979,4.89184639755387,
44,85,"-VII",6,4.88605751640939,3.46413871540186,"-VII",5,5.4205987631146,4.44378965744448,
44,86,"I",5,4.6168480273004,4.31471758299588,"I",4,4.40981259948227,4.55066035296639,
44,87,"I",4,2.89604652411007,4.86772137182311,"I",4,2.89604652411007,4.86772137182311,
,,,,,,,,,,
45,83,"IV",4,2.54250740769115,4.28505121376682,"IV",4,2.54250740769115,4.28505121376682,
45,84,"IV",5,2.54469049829707,4.2380912772293,"IV",5,2.54469049829707,4.2380912772293,
45,85,"-VII",6,4.88605751640939,3.46413871540186,"-VII",6,4.88605751640939,3.46413871540186,
45,86,"I",5,4.6168480273004,4.31471758299588,"I",5,4.6168480273004,4.31471758299588,
45,87,"I",4,2.89604652411007,4.86772137182311,"I",4,2.89604652411007,4.86772137182311,
45,88,"-VII",5,5.42172066325087,4.33180384476954,"V",5,5.4667745503929,4.33180384476954,0.0450538871420276
45,89,"IV",4,2.54250740769115,4.28505121376682,"IV",4,4.24441043531852,4.96157296407666,
45,90,"IV",5,2.54469049829707,4.2380912772293,"IV",4,3.33137558169979,4.89184639755387,
45,91,"-VII",6,4.88605751640939,3.46413871540186,"-VII",5,5.4205987631146,4.44378965744448,
45,92,"vi",5,5.46314295188294,4.31471758299588,"vi",4,5.25610752406481,4.55066035296639,
45,93,"V",4,3.68405186489778,4.31703575104712,"V",4,3.68405186489778,4.31703575104712,
,,,,,,,,,,
46,107,"IV",6,1.30071918434532,3.51737675561142,"IV",6,1.30071918434532,3.51737675561142,
46,108,"IV",7,3.82067281158021,4.49348276747501,"IV",7,3.82067281158021,4.49348276747501,
46,109,"-VII",7,4.22899496591284,4.5499229531705,"-VII",7,4.22899496591284,4.5499229531705,
46,110,"I",5,4.6168480273004,4.31471758299588,"I",5,4.6168480273004,4.31471758299588,
46,111,"I",4,2.89604652411007,4.86772137182311,"I",4,2.89604652411007,4.86772137182311,
46,112,"-VII",5,5.42172066325087,4.33180384476954,"V",5,5.4667745503929,4.33180384476954,0.0450538871420276
46,113,"IV",4,2.54250740769115,4.28505121376682,"IV",4,4.24441043531852,4.96157296407666,
46,114,"IV",5,2.54469049829707,4.2380912772293,"IV",4,3.33137558169979,4.89184639755387,
46,115,"-VII",6,4.88605751640939,3.46413871540186,"-VII",5,5.4205987631146,4.44378965744448,
46,116,"vi",5,5.46314295188294,4.31471758299588,"vi",4,5.25610752406481,4.55066035296639,
46,117,"vi",4,5.13621852635012,4.31703575104712,"vi",4,5.13621852635012,4.31703575104712,
,,,,,,,,,,
47,151,"IV",6,4.71424447395626,1.91405990651994,"IV",6,4.71424447395626,1.91405990651994,
47,152,"IV",6,4.20203909430336,4.02641156942752,"IV",6,4.20203909430336,4.02641156942752,
47,153,"-VII",5,4.42335587534726,4.24840600140764,"-VII",5,4.42335587534726,4.24840600140764,
47,154,"I",5,4.6168480273004,4.31471758299588,"I",5,4.6168480273004,4.31471758299588,
47,155,"I",4,2.89604652411007,4.86772137182311,"I",4,2.89604652411007,4.86772137182311,
47,156,"-VII",5,5.42172066325087,4.33180384476954,"V",5,5.4667745503929,4.33180384476954,0.0450538871420276
47,157,"IV",4,2.54250740769115,4.28505121376682,"IV",4,4.24441043531852,4.96157296407666,
47,158,"IV",5,2.54469049829707,4.2380912772293,"IV",4,3.33137558169979,4.89184639755387,
47,159,"-VII",6,4.88605751640939,3.46413871540186,"-VII",5,5.4205987631146,4.44378965744448,
47,160,"I",5,4.6168480273004,4.31471758299588,"I",4,4.40981259948227,4.55066035296639,
47,161,"I",4,2.89604652411007,4.86772137182311,"I",4,2.89604652411007,4.86772137182311,
,,,,,,,,,,
48,157,"IV",4,2.54250740769115,4.28505121376682,"IV",4,2.54250740769115,4.28505121376682,
48,158,"IV",5,2.54469049829707,4.2380912772293,"IV",5,2.54469049829707,4.2380912772293,
48,159,"-VII",6,4.88605751640939,3.46413871540186,"-VII",6,4.88605751640939,3.46413871540186,
48,160,"I",5,4.6168480273004,4.31471758299588,"I",5,4.6168480273004,4.31471758299588,
48,161,"I",4,2.89604652411007,4.86772137182311,"I",4,2.89604652411007,4.86772137182311,
48,162,"-VII",5,5.42172066325087,4.33180384476954,"V",5,5.4667745503929,4.33180384476954,0.0450538871420276
48,163,"IV",4,2.54250740769115,4.28505121376682,"IV",4,4.24441043531852,4.96157296407666,
48,164,"IV",5,2.54469049829707,4.2380912772293,"IV",4,3.33137558169979,4.89184639755387,
48,165,"-VII",6,4.88605751640939,3.46413871540186,"-VII",5,5.4205987631146,4.44378965744448,
48,166,"I",5,4.6168480273004,4.31471758299588,"I",4,4.40981259948227,4.55066035296639,
48,167,"I",4,2.89604652411007,4.86772137182311,"I",4,2.89604652411007,4.86772137182311,
,,,,,,,,,,
49,163,"IV",4,2.54250740769115,4.28505121376682,"IV",4,2.54250740769115,4.28505121376682,
49,164,"IV",5,2.54469049829707,4.2380912772293,"IV",5,2.54469049829707,4.2380912772293,
49,165,"-VII",6,4.88605751640939,3.46413871540186,"-VII",6,4.88605751640939,3.46413871540186,
49,166,"I",5,4.6168480273004,4.31471758299588,"I",5,4.6168480273004,4.31471758299588,
49,167,"I",4,2.89604652411007,4.86772137182311,"I",4,2.89604652411007,4.86772137182311,
49,168,"-VII",5,5.42172066325087,4.33180384476954,"V",5,5.4667745503929,4.33180384476954,0.0450538871420276
49,169,"IV",4,2.54250740769115,4.28505121376682,"IV",4,4.24441043531852,4.96157296407666,
49,170,"IV",5,2.54469049829707,4.2380912772293,"IV",4,3.33137558169979,4.89184639755387,
49,171,"-VII",6,4.88605751640939,3.46413871540186,"-VII",5,5.4205987631146,4.44378965744448,
49,172,"I",5,4.6168480273004,4.31471758299588,"I",4,4.40981259948227,4.55066035296639,
49,173,"I",4,2.89604652411007,4.86772137182311,"I",4,2.89604652411007,4.86772137182311,
,,,,,,,,,,
50,169,"IV",4,2.54250740769115,4.28505121376682,"IV",4,2.54250740769115,4.28505121376682,
50,170,"IV",5,2.54469049829707,4.2380912772293,"IV",5,2.54469049829707,4.2380912772293,
50,171,"-VII",6,4.88605751640939,3.46413871540186,"-VII",6,4.88605751640939,3.46413871540186,
50,172,"I",5,4.6168480273004,4.31471758299588,"I",5,4.6168480273004,4.31471758299588,
50,173,"I",4,2.89604652411007,4.86772137182311,"I",4,2.89604652411007,4.86772137182311,
50,174,"-VII",5,5.42172066325087,4.33180384476954,"V",5,5.4667745503929,4.33180384476954,0.0450538871420276
50,175,"IV",4,2.54250740769115,4.28505121376682,"IV",4,4.24441043531852,4.96157296407666,
50,176,"IV",5,2.54469049829707,4.2380912772293,"IV",4,3.33137558169979,4.89184639755387,
50,177,"-VII",6,4.88605751640939,3.46413871540186,"-VII",5,5.4205987631146,4.44378965744448,
50,178,"I",5,4.6168480273004,4.31471758299588,"I",4,4.40981259948227,4.55066035296639,
50,179,"I",4,2.89604652411007,4.86772137182311,"I",4,2.89604652411007,4.86772137182311,
,,,,,,,,,,
51,175,"IV",4,2.54250740769115,4.28505121376682,"IV",4,2.54250740769115,4.28505121376682,
51,176,"IV",5,2.54469049829707,4.2380912772293,"IV",5,2.54469049829707,4.2380912772293,
51,177,"-VII",6,4.88605751640939,3.46413871540186,"-VII",6,4.88605751640939,3.46413871540186,
51,178,"I",5,4.6168480273004,4.31471758299588,"I",5,4.6168480273004,4.31471758299588,
51,179,"I",4,2.89604652411007,4.86772137182311,"I",4,2.89604652411007,4.86772137182311,
51,180,"-VII",5,5.42172066325087,4.33180384476954,"V",5,5.4667745503929,4.33180384476954,0.0450538871420276
51,181,"IV",4,2.54250740769115,4.28505121376682,"IV",4,4.24441043531852,4.96157296407666,
51,182,"IV",5,2.54469049829707,4.2380912772293,"IV",4,3.33137558169979,4.89184639755387,
51,183,"-VII",6,4.88605751640939,3.46413871540186,"-VII",5,5.4205987631146,4.44378965744448,
51,184,"I",5,4.6168480273004,4.31471758299588,"I",4,4.40981259948227,4.55066035296639,
51,185,"I",4,2.89604652411007,4.86772137182311,"I",4,2.89604652411007,4.86772137182311,
,,,,,,,,,,
52,181,"IV",4,2.54250740769115,4.28505121376682,"IV",4,2.54250740769115,4.28505121376682,
52,182,"IV",5,2.54469049829707,4.2380912772293,"IV",5,2.54469049829707,4.2380912772293,
52,183,"-VII",6,4.88605751640939,3.46413871540186,"-VII",6,4.88605751640939,3.46413871540186,
52,184,"I",5,4.6168480273004,4.31471758299588,"I",5,4.6168480273004,4.31471758299588,
52,185,"I",4,2.89604652411007,4.86772137182311,"I",4,2.89604652411007,4.86772137182311,
52,186,"-VII",5,5.42172066325087,4.33180384476954,"V",5,5.4667745503929,4.33180384476954,0.0450538871420276
52,187,"IV",4,2.54250740769115,4.28505121376682,"IV",4,4.24441043531852,4.96157296407666,
52,188,"IV",5,2.54469049829707,4.2380912772293,"IV",4,3.33137558169979,4.89184639755387,
52,189,"-VII",6,4.88605751640939,3.46413871540186,"-VII",5,5.4205987631146,4.44378965744448,
52,190,"I",5,4.6168480273004,4.31471758299588,"I",4,4.40981259948227,4.55066035296639,
52,191,"I",4,2.89604652411007,4.86772137182311,"I",4,2.89604652411007,4.86772137182311,
,,,,,,,,,,
53,187,"IV",4,2.54250740769115,4.28505121376682,"IV",4,2.54250740769115,4.28505121376682,
53,188,"IV",5,2.54469049829707,4.2380912772293,"IV",5,2.54469049829707,4.2380912772293,
53,189,"-VII",6,4.88605751640939,3.46413871540186,"-VII",6,4.88605751640939,3.46413871540186,
53,190,"I",5,4.6168480273004,4.31471758299588,"I",5,4.6168480273004,4.31471758299588,
53,191,"I",4,2.89604652411007,4.86772137182311,"I",4,2.89604652411007,4.86772137182311,
53,192,"-VII",5,5.42172066325087,4.33180384476954,"V",5,5.4667745503929,4.33180384476954,0.0450538871420276
53,193,"IV",4,2.54250740769115,4.28505121376682,"IV",4,4.24441043531852,4.96157296407666,
53,194,"IV",5,2.54469049829707,4.2380912772293,"IV",4,3.33137558169979,4.89184639755387,
53,195,"-VII",6,4.88605751640939,3.46413871540186,"-VII",5,5.4205987631146,4.44378965744448,
53,196,"I",5,4.6168480273004,4.31471758299588,"I",4,4.40981259948227,4.55066035296639,
53,197,"I",4,2.89604652411007,4.86772137182311,"I",4,2.89604652411007,4.86772137182311,
,,,,,,,,,,
54,193,"IV",4,2.54250740769115,4.28505121376682,"IV",4,2.54250740769115,4.28505121376682,
54,194,"IV",5,2.54469049829707,4.2380912772293,"IV",5,2.54469049829707,4.2380912772293,
54,195,"-VII",6,4.88605751640939,3.46413871540186,"-VII",6,4.88605751640939,3.46413871540186,
54,196,"I",5,4.6168480273004,4.31471758299588,"I",5,4.6168480273004,4.31471758299588,
54,197,"I",4,2.89604652411007,4.86772137182311,"I",4,2.89604652411007,4.86772137182311,
54,198,"-VII",5,5.42172066325087,4.33180384476954,"V",5,5.4667745503929,4.33180384476954,0.0450538871420276
54,199,"IV",4,2.54250740769115,4.28505121376682,"IV",4,4.24441043531852,4.96157296407666,
54,200,"IV",5,2.54469049829707,4.2380912772293,"IV",4,3.33137558169979,4.89184639755387,
54,201,"-VII",6,4.88605751640939,3.46413871540186,"-VII",5,5.4205987631146,4.44378965744448,
54,202,"I",5,4.6168480273004,4.31471758299588,"I",4,4.40981259948227,4.55066035296639,
54,203,"I",4,2.89604652411007,4.86772137182311,"I",4,2.89604652411007,4.86772137182311,
,,,,,,,,,,
55,199,"IV",4,2.54250740769115,4.28505121376682,"IV",4,2.54250740769115,4.28505121376682,
55,200,"IV",5,2.54469049829707,4.2380912772293,"IV",5,2.54469049829707,4.2380912772293,
55,201,"-VII",6,4.88605751640939,3.46413871540186,"-VII",6,4.88605751640939,3.46413871540186,
55,202,"I",5,4.6168480273004,4.31471758299588,"I",5,4.6168480273004,4.31471758299588,
55,203,"I",4,2.89604652411007,4.86772137182311,"I",4,2.89604652411007,4.86772137182311,
55,204,"-VII",5,5.42172066325087,4.33180384476954,"V",5,5.4667745503929,4.33180384476954,0.0450538871420276
55,205,"IV",4,2.54250740769115,4.28505121376682,"IV",4,4.24441043531852,4.96157296407666,
55,206,"IV",5,2.54469049829707,4.2380912772293,"IV",4,3.33137558169979,4.89184639755387,
55,207,"-VII",6,4.88605751640939,3.46413871540186,"-VII",5,5.4205987631146,4.44378965744448,
55,208,"vi",5,5.46314295188294,4.31471758299588,"vi",4,5.25610752406481,4.55066035296639,
55,209,"vi",4,5.13621852635012,4.31703575104712,"vi",4,5.13621852635012,4.31703575104712,
,,,,,,,,,,
56,41,"IV",4,2.54250740769115,4.28505121376682,"IV",4,2.54250740769115,4.28505121376682,
56,42,"IV",5,2.54469049829707,4.2380912772293,"IV",5,2.54469049829707,4.2380912772293,
56,43,"-VII",6,4.88605751640939,3.46413871540186,"-VII",6,4.88605751640939,3.46413871540186,
56,44,"vi",5,5.46314295188294,4.31471758299588,"vi",5,5.46314295188294,4.31471758299588,
56,45,"V",4,3.68405186489778,4.31703575104712,"V",4,3.68405186489778,4.31703575104712,
56,46,"IV",4,4.06630750929455,4.49998579516202,"vi",4,4.11401763726706,4.49998579516202,0.0477101279725032
56,47,"V",4,3.83039033358548,4.50344006173686,"V",4,3.17335359921173,4.48758549083179,
56,48,"vi",4,3.42930646206123,4.90979601727449,"vi",4,3.17993386043478,4.41059294196448,
56,49,"V",5,2.23107534750338,4.3618089068026,"V",5,1.20150979386787,3.78970481682305,
56,50,"IV",6,2.42025000851211,4.44187749204739,"IV",6,1.93030945150771,4.11596600404793,
56,51,"V",6,3.23724374442148,4.23808694767461,"V",6,1.26726752612581,3.66663066515709,
,,,,,,,,,,
57,89,"IV",4,2.54250740769115,4.28505121376682,"IV",4,2.54250740769115,4.28505121376682,
57,90,"IV",5,2.54469049829707,4.2380912772293,"IV",5,2.54469049829707,4.2380912772293,
57,91,"-VII",6,4.88605751640939,3.46413871540186,"-VII",6,4.88605751640939,3.46413871540186,
57,92,"vi",5,5.46314295188294,4.31471758299588,"vi",5,5.46314295188294,4.31471758299588,
57,93,"V",4,3.68405186489778,4.31703575104712,"V",4,3.68405186489778,4.31703575104712,
57,94,"IV",4,4.06630750929455,4.49998579516202,"vi",4,4.11401763726706,4.49998579516202,0.0477101279725032
57,95,"V",4,3.83039033358548,4.50344006173686,"V",4,3.17335359921173,4.48758549083179,
57,96,"vi",4,3.42930646206123,4.90979601727449,"vi",4,3.17993386043478,4.41059294196448,
57,97,"V",5,2.23107534750338,4.3618089068026,"V",5,1.20150979386787,3.78970481682305,
57,98,"IV",6,2.42025000851211,4.44187749204739,"IV",6,1.93030945150771,4.11596600404793,
57,99,"V",6,3.23724374442148,4.23808694767461,"V",6,1.26726752612581,3.66663066515709,
,,,,,,,,,,
58,53,"V",6,1.49719265481412,3.90371626927171,"V",6,1.49719265481412,3.90371626927171,
58,54,"IV",7,2.66794311533315,4.05433185142956,"IV",7,2.66794311533315,4.05433185142956,
58,55,"IV",6,3.63513042735832,4.23808694767461,"IV",6,3.63513042735832,4.23808694767461,
58,56,"I",5,3.18289131126796,4.84361675382539,"I",5,3.18289131126796,4.84361675382539,
58,57,"I",6,2.20813248119822,3.61548358091568,"I",6,2.20813248119822,3.61548358091568,
58,58,"-VII",6,4.83114452553785,4.79330136135461,"ii",6,4.89361029267126,4.79330136135461,0.0624657671334061
58,59,"IV",6,1.30071918434532,3.51737675561142,"IV",6,4.55221044805478,4.25669049586035,
58,60,"IV",7,3.82067281158021,4.49348276747501,"IV",5,2.83491731620515,4.21997007336066,
58,61,"-VII",7,4.22899496591284,4.5499229531705,"-VII",6,5.51434213270644,4.38180369205043,
58,62,"I",5,4.6168480273004,4.31471758299588,"I",3,4.09076087598668,5.06941159835014,
58,63,"I",4,2.89604652411007,4.86772137182311,"I",4,2.89604652411007,4.86772137182311,
,,,,,,,,,,
59,101,"V",6,1.49719265481412,3.90371626927171,"V",6,1.49719265481412,3.90371626927171,
59,102,"IV",7,2.66794311533315,4.05433185142956,"IV",7,2.66794311533315,4.05433185142956,
59,103,"IV",6,3.63513042735832,4.23808694767461,"IV",6,3.63513042735832,4.23808694767461,
59,104,"I",5,3.18289131126796,4.84361675382539,"I",5,3.18289131126796,4.84361675382539,
59,105,"I",6,2.20813248119822,3.61548358091568,"I",6,2.20813248119822,3.61548358091568,
59,106,"-VII",6,4.83114452553785,4.79330136135461,"ii",6,4.89361029267126,4.79330136135461,0.0624657671334061
59,107,"IV",6,1.30071918434532,3.51737675561142,"IV",6,4.55221044805478,4.25669049586035,
59,108,"IV",7,3.82067281158021,4.49348276747501,"IV",5,2.83491731620515,4.21997007336066,
59,109,"-VII",7,4.22899496591284,4.5499229531705,"-VII",6,5.51434213270644,4.38180369205043,
59,110,"I",5,4.6168480273004,4.31471758299588,"I",3,4.09076087598668,5.06941159835014,
59,111,"I",4,2.89604652411007,4.86772137182311,"I",4,2.89604652411007,4.86772137182311,
,,,,,,,,,,
60,132,"I",4,2.99017676833394,4.87472663174318,"I",4,2.99017676833394,4.87472663174318,
60,133,"r",5,3.58801167342455,4.42813434564878,"r",5,3.58801167342455,4.42813434564878,
60,134,"I",4,2.04276240566398,3.30673084671451,"I",4,2.04276240566398,3.30673084671451,
60,135,"IV",5,3.92219017803512,4.25048251354673,"IV",5,3.92219017803512,4.25048251354673,
60,136,"I",4,1.65818837969468,4.28128570878407,"I",4,1.65818837969468,4.28128570878407,
60,137,"IV",5,2.07823808360828,4.19621314199127,"I",5,2.14135044290746,4.19621314199127,0.0631123592991782
60,138,"vi",6,5.37050058312913,4.16061654270914,"vi",6,5.63203518012311,3.88134058885997,
60,139,"IV",5,3.42560377358515,4.77772632204579,"IV",5,3.1458190524034,4.93071929021255,
60,140,"vi",6,4.99362981911703,4.24506496755099,"vi",6,2.74315846606486,4.28174065908759,
60,141,"IV",4,1.79422733192563,4.50225587281183,"IV",6,2.69294605495128,3.31197230158131,
60,142,"vi",5,4.23460070890909,4.4984032236072,"vi",6,4.45621352499615,4.12633967261226,
,,,,,,,,,,
61,208,"vi",5,5.46314295188294,4.31471758299588,"vi",5,5.46314295188294,4.31471758299588,
61,209,"vi",4,5.13621852635012,4.31703575104712,"vi",4,5.13621852635012,4.31703575104712,
61,210,"iii",3,5.27452589832276,5.06776983180325,"iii",3,5.27452589832276,5.06776983180325,
61,211,"iii",3,2.82464405792975,4.77556087610754,"iii",3,2.82464405792975,4.77556087610754,
61,212,"ii",4,4.95957348871006,4.96349494453327,"ii",4,4.95957348871006,4.96349494453327,
61,213,"IV",3,4.68993325663654,3.65954937558203,"V",3,4.62290602518857,3.65954937558203,0.0670272314479705
61,214,"I",3,2.66966973620957,4.6350498652597,"I",3,3.23913866568457,5.13480148434745,
61,215,"I",4,2.88969040501005,5.00902197990155,"I",4,3.58332861696195,5.28243592826062,
61,216,"r",5,3.07946348650767,5.21349140053551,"r",5,3.19952518924634,5.14809720248613,
61,217,"r",5,1.17942664782314,3.06680031000516,"r",5,0.859404132822166,2.69895145074867,
61,218,"r",5,1.63726844086263,3.04340805027629,"r",5,1.79324787819886,3.42229886578443,
,,,,,,,,,,
62,5,"IV",4,1.9450805890378,3.96853037723603,"IV",4,1.9450805890378,3.96853037723603,
62,6,"IV",5,3.10183498020191,4.18037528711807,"IV",5,3.10183498020191,4.18037528711807,
62,7,"-VII",6,4.67317746294444,3.82361091602095,"-VII",6,4.67317746294444,3.82361091602095,
62,8,"I",5,4.6168480273004,4.31471758299588,"I",5,4.6168480273004,4.31471758299588,
62,9,"I",4,2.89604652411007,4.86772137182311,"I",4,2.89604652411007,4.86772137182311,
62,10,"-VII",5,5.42172066325087,4.33180384476954,"iv",5,5.49020565860228,4.33180384476954,0.0684849953514135
62,11,"IV",4,2.54250740769115,4.28505121376682,"IV",4,5.49049245938846,3.83959492794758,
62,12,"IV",5,2.54469049829707,4.2380912772293,"IV",4,3.56192261842844,4.15348026863639,
62,13,"-VII",6,4.88605751640939,3.46413871540186,"-VII",4,4.20176220195837,4.50772337140332,
62,14,"I",5,4.6168480273004,4.31471758299588,"I",4,4.37765284720075,4.577064295559,
62,15,"I",4,2.89604652411007,4.86772137182311,"I",4,2.89604652411007,4.86772137182311,
,,,,,,,,,,
63,11,"IV",4,2.54250740769115,4.28505121376682,"IV",4,2.54250740769115,4.28505121376682,
63,12,"IV",5,2.54469049829707,4.2380912772293,"IV",5,2.54469049829707,4.2380912772293,
63,13,"-VII",6,4.88605751640939,3.46413871540186,"-VII",6,4.88605751640939,3.46413871540186,
63,14,"I",5,4.6168480273004,4.31471758299588,"I",5,4.6168480273004,4.31471758299588,
63,15,"I",4,2.89604652411007,4.86772137182311,"I",4,2.89604652411007,4.86772137182311,
63,16,"-VII",5,5.42172066325087,4.33180384476954,"iv",5,5.49020565860228,4.33180384476954,0.0684849953514135
63,17,"IV",4,2.54250740769115,4.28505121376682,"IV",4,5.49049245938846,3.83959492794758,
63,18,"IV",5,2.54469049829707,4.2380912772293,"IV",4,3.56192261842844,4.15348026863639,
63,19,"-VII",6,4.88605751640939,3.46413871540186,"-VII",4,4.20176220195837,4.50772337140332,
63,20,"I",5,4.6168480273004,4.31471758299588,"I",4,4.37765284720075,4.577064295559,
63,21,"I",4,2.89604652411007,4.86772137182311,"I",4,2.89604652411007,4.86772137182311,
,,,,,,,,,,
64,17,"IV",4,2.54250740769115,4.28505121376682,"IV",4,2.54250740769115,4.28505121376682,
64,18,"IV",5,2.54469049829707,4.2380912772293,"IV",5,2.54469049829707,4.2380912772293,
64,19,"-VII",6,4.88605751640939,3.46413871540186,"-VII",6,4.88605751640939,3.46413871540186,
64,20,"I",5,4.6168480273004,4.31471758299588,"I",5,4.6168480273004,4.31471758299588,
64,21,"I",4,2.89604652411007,4.86772137182311,"I",4,2.89604652411007,4.86772137182311,
64,22,"-VII",5,5.42172066325087,4.33180384476954,"iv",5,5.49020565860228,4.33180384476954,0.0684849953514135
64,23,"IV",4,2.54250740769115,4.28505121376682,"IV",4,5.49049245938846,3.83959492794758,
64,24,"IV",5,2.54469049829707,4.2380912772293,"IV",4,3.56192261842844,4.15348026863639,
64,25,"-VII",6,4.88605751640939,3.46413871540186,"-VII",4,4.20176220195837,4.50772337140332,
64,26,"I",5,4.6168480273004,4.31471758299588,"I",4,4.37765284720075,4.577064295559,
64,27,"I",4,2.89604652411007,4.86772137182311,"I",4,2.89604652411007,4.86772137182311,
,,,,,,,,,,
65,23,"IV",4,2.54250740769115,4.28505121376682,"IV",4,2.54250740769115,4.28505121376682,
65,24,"IV",5,2.54469049829707,4.2380912772293,"IV",5,2.54469049829707,4.2380912772293,
65,25,"-VII",6,4.88605751640939,3.46413871540186,"-VII",6,4.88605751640939,3.46413871540186,
65,26,"I",5,4.6168480273004,4.31471758299588,"I",5,4.6168480273004,4.31471758299588,
65,27,"I",4,2.89604652411007,4.86772137182311,"I",4,2.89604652411007,4.86772137182311,
65,28,"-VII",5,5.42172066325087,4.33180384476954,"iv",5,5.49020565860228,4.33180384476954,0.0684849953514135
65,29,"IV",4,2.54250740769115,4.28505121376682,"IV",4,5.49049245938846,3.83959492794758,
65,30,"IV",5,2.54469049829707,4.2380912772293,"IV",4,3.56192261842844,4.15348026863639,
65,31,"-VII",6,4.88605751640939,3.46413871540186,"-VII",4,4.20176220195837,4.50772337140332,
65,32,"I",5,4.6168480273004,4.31471758299588,"I",4,4.37765284720075,4.577064295559,
65,33,"I",4,2.89604652411007,4.86772137182311,"I",4,2.89604652411007,4.86772137182311,
,,,,,,,,,,
66,29,"IV",4,2.54250740769115,4.28505121376682,"IV",4,2.54250740769115,4.28505121376682,
66,30,"IV",5,2.54469049829707,4.2380912772293,"IV",5,2.54469049829707,4.2380912772293,
66,31,"-VII",6,4.88605751640939,3.46413871540186,"-VII",6,4.88605751640939,3.46413871540186,
66,32,"I",5,4.6168480273004,4.31471758299588,"I",5,4.6168480273004,4.31471758299588,
66,33,"I",4,2.89604652411007,4.86772137182311,"I",4,2.89604652411007,4.86772137182311,
66,34,"-VII",5,5.42172066325087,4.33180384476954,"iv",5,5.49020565860228,4.33180384476954,0.0684849953514135
66,35,"IV",4,2.54250740769115,4.28505121376682,"IV",4,5.49049245938846,3.83959492794758,
66,36,"IV",5,2.54469049829707,4.2380912772293,"IV",4,3.56192261842844,4.15348026863639,
66,37,"-VII",6,4.88605751640939,3.46413871540186,"-VII",4,4.20176220195837,4.50772337140332,
66,38,"I",5,4.6168480273004,4.31471758299588,"I",4,4.37765284720075,4.577064295559,
66,39,"I",4,2.89604652411007,4.86772137182311,"I",4,2.89604652411007,4.86772137182311,
,,,,,,,,,,
67,35,"IV",4,2.54250740769115,4.28505121376682,"IV",4,2.54250740769115,4.28505121376682,
67,36,"IV",5,2.54469049829707,4.2380912772293,"IV",5,2.54469049829707,4.2380912772293,
67,37,"-VII",6,4.88605751640939,3.46413871540186,"-VII",6,4.88605751640939,3.46413871540186,
67,38,"I",5,4.6168480273004,4.31471758299588,"I",5,4.6168480273004,4.31471758299588,
67,39,"I",4,2.89604652411007,4.86772137182311,"I",4,2.89604652411007,4.86772137182311,
67,40,"-VII",5,5.42172066325087,4.33180384476954,"iv",5,5.49020565860228,4.33180384476954,0.0684849953514135
67,41,"IV",4,2.54250740769115,4.28505121376682,"IV",4,5.49049245938846,3.83959492794758,
67,42,"IV",5,2.54469049829707,4.2380912772293,"IV",4,3.56192261842844,4.15348026863639,
67,43,"-VII",6,4.88605751640939,3.46413871540186,"-VII",4,4.20176220195837,4.50772337140332,
67,44,"vi",5,5.46314295188294,4.31471758299588,"vi",4,5.22394777178329,4.577064295559,
67,45,"V",4,3.68405186489778,4.31703575104712,"V",4,3.68405186489778,4.31703575104712,
,,,,,,,,,,
68,59,"IV",6,1.30071918434532,3.51737675561142,"IV",6,1.30071918434532,3.51737675561142,
68,60,"IV",7,3.82067281158021,4.49348276747501,"IV",7,3.82067281158021,4.49348276747501,
68,61,"-VII",7,4.22899496591284,4.5499229531705,"-VII",7,4.22899496591284,4.5499229531705,
68,62,"I",5,4.6168480273004,4.31471758299588,"I",5,4.6168480273004,4.31471758299588,
68,63,"I",4,2.89604652411007,4.86772137182311,"I",4,2.89604652411007,4.86772137182311,
68,64,"-VII",5,5.42172066325087,4.33180384476954,"iv",5,5.49020565860228,4.33180384476954,0.0684849953514135
68,65,"IV",4,2.54250740769115,4.28505121376682,"IV",4,5.49049245938846,3.83959492794758,
68,66,"IV",5,2.54469049829707,4.2380912772293,"IV",4,3.56192261842844,4.15348026863639,
68,67,"-VII",6,4.88605751640939,3.46413871540186,"-VII",4,4.20176220195837,4.50772337140332,
68,68,"I",5,4.6168480273004,4.31471758299588,"I",4,4.37765284720075,4.577064295559,
68,69,"I",4,2.89604652411007,4.86772137182311,"I",4,2.89604652411007,4.86772137182311,
,,,,,,,,,,
69,65,"IV",4,2.54250740769115,4.28505121376682,"IV",4,2.54250740769115,4.28505121376682,
69,66,"IV",5,2.54469049829707,4.2380912772293,"IV",5,2.54469049829707,4.2380912772293,
69,67,"-VII",6,4.88605751640939,3.46413871540186,"-VII",6,4.88605751640939,3.46413871540186,
69,68,"I",5,4.6168480273004,4.31471758299588,"I",5,4.6168480273004,4.31471758299588,
69,69,"I",4,2.89604652411007,4.86772137182311,"I",4,2.89604652411007,4.86772137182311,
69,70,"-VII",5,5.42172066325087,4.33180384476954,"iv",5,5.49020565860228,4.33180384476954,0.0684849953514135
69,71,"IV",4,2.54250740769115,4.28505121376682,"IV",4,5.49049245938846,3.83959492794758,
69,72,"IV",5,2.54469049829707,4.2380912772293,"IV",4,3.56192261842844,4.15348026863639,
69,73,"-VII",6,4.88605751640939,3.46413871540186,"-VII",4,4.20176220195837,4.50772337140332,
69,74,"I",5,4.6168480273004,4.31471758299588,"I",4,4.37765284720075,4.577064295559,
69,75,"I",4,2.89604652411007,4.86772137182311,"I",4,2.89604652411007,4.86772137182311,
,,,,,,,,,,
70,71,"IV",4,2.54250740769115,4.28505121376682,"IV",4,2.54250740769115,4.28505121376682,
70,72,"IV",5,2.54469049829707,4.2380912772293,"IV",5,2.54469049829707,4.2380912772293,
70,73,"-VII",6,4.88605751640939,3.46413871540186,"-VII",6,4.88605751640939,3.46413871540186,
70,74,"I",5,4.6168480273004,4.31471758299588,"I",5,4.6168480273004,4.31471758299588,
70,75,"I",4,2.89604652411007,4.86772137182311,"I",4,2.89604652411007,4.86772137182311,
70,76,"-VII",5,5.42172066325087,4.33180384476954,"iv",5,5.49020565860228,4.33180384476954,0.0684849953514135
70,77,"IV",4,2.54250740769115,4.28505121376682,"IV",4,5.49049245938846,3.83959492794758,
70,78,"IV",5,2.54469049829707,4.2380912772293,"IV",4,3.56192261842844,4.15348026863639,
70,79,"-VII",6,4.88605751640939,3.46413871540186,"-VII",4,4.20176220195837,4.50772337140332,
70,80,"I",5,4.6168480273004,4.31471758299588,"I",4,4.37765284720075,4.577064295559,
70,81,"I",4,2.89604652411007,4.86772137182311,"I",4,2.89604652411007,4.86772137182311,
,,,,,,,,,,
71,77,"IV",4,2.54250740769115,4.28505121376682,"IV",4,2.54250740769115,4.28505121376682,
71,78,"IV",5,2.54469049829707,4.2380912772293,"IV",5,2.54469049829707,4.2380912772293,
71,79,"-VII",6,4.88605751640939,3.46413871540186,"-VII",6,4.88605751640939,3.46413871540186,
71,80,"I",5,4.6168480273004,4.31471758299588,"I",5,4.6168480273004,4.31471758299588,
71,81,"I",4,2.89604652411007,4.86772137182311,"I",4,2.89604652411007,4.86772137182311,
71,82,"-VII",5,5.42172066325087,4.33180384476954,"iv",5,5.49020565860228,4.33180384476954,0.0684849953514135
71,83,"IV",4,2.54250740769115,4.28505121376682,"IV",4,5.49049245938846,3.83959492794758,
71,84,"IV",5,2.54469049829707,4.2380912772293,"IV",4,3.56192261842844,4.15348026863639,
71,85,"-VII",6,4.88605751640939,3.46413871540186,"-VII",4,4.20176220195837,4.50772337140332,
71,86,"I",5,4.6168480273004,4.31471758299588,"I",4,4.37765284720075,4.577064295559,
71,87,"I",4,2.89604652411007,4.86772137182311,"I",4,2.89604652411007,4.86772137182311,
,,,,,,,,,,
72,83,"IV",4,2.54250740769115,4.28505121376682,"IV",4,2.54250740769115,4.28505121376682,
72,84,"IV",5,2.54469049829707,4.2380912772293,"IV",5,2.54469049829707,4.2380912772293,
72,85,"-VII",6,4.88605751640939,3.46413871540186,"-VII",6,4.88605751640939,3.46413871540186,
72,86,"I",5,4.6168480273004,4.31471758299588,"I",5,4.6168480273004,4.31471758299588,
72,87,"I",4,2.89604652411007,4.86772137182311,"I",4,2.89604652411007,4.86772137182311,
72,88,"-VII",5,5.42172066325087,4.33180384476954,"iv",5,5.49020565860228,4.33180384476954,0.0684849953514135
72,89,"IV",4,2.54250740769115,4.28505121376682,"IV",4,5.49049245938846,3.83959492794758,
72,90,"IV",5,2.54469049829707,4.2380912772293,"IV",4,3.56192261842844,4.15348026863639,
72,91,"-VII",6,4.88605751640939,3.46413871540186,"-VII",4,4.20176220195837,4.50772337140332,
72,92,"vi",5,5.46314295188294,4.31471758299588,"vi",4,5.22394777178329,4.577064295559,
72,93,"V",4,3.68405186489778,4.31703575104712,"V",4,3.68405186489778,4.31703575104712,
,,,,,,,,,,
73,107,"IV",6,1.30071918434532,3.51737675561142,"IV",6,1.30071918434532,3.51737675561142,
73,108,"IV",7,3.82067281158021,4.49348276747501,"IV",7,3.82067281158021,4.49348276747501,
73,109,"-VII",7,4.22899496591284,4.5499229531705,"-VII",7,4.22899496591284,4.5499229531705,
73,110,"I",5,4.6168480273004,4.31471758299588,"I",5,4.6168480273004,4.31471758299588,
73,111,"I",4,2.89604652411007,4.86772137182311,"I",4,2.89604652411007,4.86772137182311,
73,112,"-VII",5,5.42172066325087,4.33180384476954,"iv",5,5.49020565860228,4.33180384476954,0.0684849953514135
73,113,"IV",4,2.54250740769115,4.28505121376682,"IV",4,5.49049245938846,3.83959492794758,
73,114,"IV",5,2.54469049829707,4.2380912772293,"IV",4,3.56192261842844,4.15348026863639,
73,115,"-VII",6,4.88605751640939,3.46413871540186,"-VII",4,4.20176220195837,4.50772337140332,
73,116,"vi",5,5.46314295188294,4.31471758299588,"vi",4,5.22394777178329,4.577064295559,
73,117,"vi",4,5.13621852635012,4.31703575104712,"vi",4,5.13621852635012,4.31703575104712,
,,,,,,,,,,
74,151,"IV",6,4.71424447395626,1.91405990651994,"IV",6,4.71424447395626,1.91405990651994,
74,152,"IV",6,4.20203909430336,4.02641156942752,"IV",6,4.20203909430336,4.02641156942752,
74,153,"-VII",5,4.42335587534726,4.24840600140764,"-VII",5,4.42335587534726,4.24840600140764,
74,154,"I",5,4.6168480273004,4.31471758299588,"I",5,4.6168480273004,4.31471758299588,
74,155,"I",4,2.89604652411007,4.86772137182311,"I",4,2.89604652411007,4.86772137182311,
74,156,"-VII",5,5.42172066325087,4.33180384476954,"iv",5,5.49020565860228,4.33180384476954,0.0684849953514135
74,157,"IV",4,2.54250740769115,4.28505121376682,"IV",4,5.49049245938846,3.83959492794758,
74,158,"IV",5,2.54469049829707,4.2380912772293,"IV",4,3.56192261842844,4.15348026863639,
74,159,"-VII",6,4.88605751640939,3.46413871540186,"-VII",4,4.20176220195837,4.50772337140332,
74,160,"I",5,4.6168480273004,4.31471758299588,"I",4,4.37765284720075,4.577064295559,
74,161,"I",4,2.89604652411007,4.86772137182311,"I",4,2.89604652411007,4.86772137182311,
,,,,,,,,,,
75,157,"IV",4,2.54250740769115,4.28505121376682,"IV",4,2.54250740769115,4.28505121376682,
75,158,"IV",5,2.54469049829707,4.2380912772293,"IV",5,2.54469049829707,4.2380912772293,
75,159,"-VII",6,4.88605751640939,3.46413871540186,"-VII",6,4.88605751640939,3.46413871540186,
75,160,"I",5,4.6168480273004,4.31471758299588,"I",5,4.6168480273004,4.31471758299588,
75,161,"I",4,2.89604652411007,4.86772137182311,"I",4,2.89604652411007,4.86772137182311,
75,162,"-VII",5,5.42172066325087,4.33180384476954,"iv",5,5.49020565860228,4.33180384476954,0.0684849953514135
75,163,"IV",4,2.54250740769115,4.28505121376682,"IV",4,5.49049245938846,3.83959492794758,
75,164,"IV",5,2.54469049829707,4.2380912772293,"IV",4,3.56192261842844,4.15348026863639,
75,165,"-VII",6,4.88605751640939,3.46413871540186,"-VII",4,4.20176220195837,4.50772337140332,
75,166,"I",5,4.6168480273004,4.31471758299588,"I",4,4.37765284720075,4.577064295559,
75,167,"I",4,2.89604652411007,4.86772137182311,"I",4,2.89604652411007,4.86772137182311,
,,,,,,,,,,
76,163,"IV",4,2.54250740769115,4.28505121376682,"IV",4,2.54250740769115,4.28505121376682,
76,164,"IV",5,2.54469049829707,4.2380912772293,"IV",5,2.54469049829707,4.2380912772293,
76,165,"-VII",6,4.88605751640939,3.46413871540186,"-VII",6,4.88605751640939,3.46413871540186,
76,166,"I",5,4.6168480273004,4.31471758299588,"I",5,4.6168480273004,4.31471758299588,
76,167,"I",4,2.89604652411007,4.86772137182311,"I",4,2.89604652411007,4.86772137182311,
76,168,"-VII",5,5.42172066325087,4.33180384476954,"iv",5,5.49020565860228,4.33180384476954,0.0684849953514135
76,169,"IV",4,2.54250740769115,4.28505121376682,"IV",4,5.49049245938846,3.83959492794758,
76,170,"IV",5,2.54469049829707,4.2380912772293,"IV",4,3.56192261842844,4.15348026863639,
76,171,"-VII",6,4.88605751640939,3.46413871540186,"-VII",4,4.20176220195837,4.50772337140332,
76,172,"I",5,4.6168480273004,4.31471758299588,"I",4,4.37765284720075,4.577064295559,
76,173,"I",4,2.89604652411007,4.86772137182311,"I",4,2.89604652411007,4.86772137182311,
,,,,,,,,,,
77,169,"IV",4,2.54250740769115,4.28505121376682,"IV",4,2.54250740769115,4.28505121376682,
77,170,"IV",5,2.54469049829707,4.2380912772293,"IV",5,2.54469049829707,4.2380912772293,
77,171,"-VII",6,4.88605751640939,3.46413871540186,"-VII",6,4.88605751640939,3.46413871540186,
77,172,"I",5,4.6168480273004,4.31471758299588,"I",5,4.6168480273004,4.31471758299588,
77,173,"I",4,2.89604652411007,4.86772137182311,"I",4,2.89604652411007,4.86772137182311,
77,174,"-VII",5,5.42172066325087,4.33180384476954,"iv",5,5.49020565860228,4.33180384476954,0.0684849953514135
77,175,"IV",4,2.54250740769115,4.28505121376682,"IV",4,5.49049245938846,3.83959492794758,
77,176,"IV",5,2.54469049829707,4.2380912772293,"IV",4,3.56192261842844,4.15348026863639,
77,177,"-VII",6,4.88605751640939,3.46413871540186,"-VII",4,4.20176220195837,4.50772337140332,
77,178,"I",5,4.6168480273004,4.31471758299588,"I",4,4.37765284720075,4.577064295559,
77,179,"I",4,2.89604652411007,4.86772137182311,"I",4,2.89604652411007,4.86772137182311,
,,,,,,,,,,
78,175,"IV",4,2.54250740769115,4.28505121376682,"IV",4,2.54250740769115,4.28505121376682,
78,176,"IV",5,2.54469049829707,4.2380912772293,"IV",5,2.54469049829707,4.2380912772293,
78,177,"-VII",6,4.88605751640939,3.46413871540186,"-VII",6,4.88605751640939,3.46413871540186,
78,178,"I",5,4.6168480273004,4.31471758299588,"I",5,4.6168480273004,4.31471758299588,
78,179,"I",4,2.89604652411007,4.86772137182311,"I",4,2.89604652411007,4.86772137182311,
78,180,"-VII",5,5.42172066325087,4.33180384476954,"iv",5,5.49020565860228,4.33180384476954,0.0684849953514135
78,181,"IV",4,2.54250740769115,4.28505121376682,"IV",4,5.49049245938846,3.83959492794758,
78,182,"IV",5,2.54469049829707,4.2380912772293,"IV",4,3.56192261842844,4.15348026863639,
78,183,"-VII",6,4.88605751640939,3.46413871540186,"-VII",4,4.20176220195837,4.50772337140332,
78,184,"I",5,4.6168480273004,4.31471758299588,"I",4,4.37765284720075,4.577064295559,
78,185,"I",4,2.89604652411007,4.86772137182311,"I",4,2.89604652411007,4.86772137182311,
,,,,,,,,,,
79,181,"IV",4,2.54250740769115,4.28505121376682,"IV",4,2.54250740769115,4.28505121376682,
79,182,"IV",5,2.54469049829707,4.2380912772293,"IV",5,2.54469049829707,4.2380912772293,
79,183,"-VII",6,4.88605751640939,3.46413871540186,"-VII",6,4.88605751640939,3.46413871540186,
79,184,"I",5,4.6168480273004,4.31471758299588,"I",5,4.6168480273004,4.31471758299588,
79,185,"I",4,2.89604652411007,4.86772137182311,"I",4,2.89604652411007,4.86772137182311,
79,186,"-VII",5,5.42172066325087,4.33180384476954,"iv",5,5.49020565860228,4.33180384476954,0.0684849953514135
79,187,"IV",4,2.54250740769115,4.28505121376682,"IV",4,5.49049245938846,3.83959492794758,
79,188,"IV",5,2.54469049829707,4.2380912772293,"IV",4,3.56192261842844,4.15348026863639,
79,189,"-VII",6,4.88605751640939,3.46413871540186,"-VII",4,4.20176220195837,4.50772337140332,
79,190,"I",5,4.6168480273004,4.31471758299588,"I",4,4.37765284720075,4.577064295559,
79,191,"I",4,2.89604652411007,4.86772137182311,"I",4,2.89604652411007,4.86772137182311,
,,,,,,,,,,
80,187,"IV",4,2.54250740769115,4.28505121376682,"IV",4,2.54250740769115,4.28505121376682,
80,188,"IV",5,2.54469049829707,4.2380912772293,"IV",5,2.54469049829707,4.2380912772293,
80,189,"-VII",6,4.88605751640939,3.46413871540186,"-VII",6,4.88605751640939,3.46413871540186,
80,190,"I",5,4.6168480273004,4.31471758299588,"I",5,4.6168480273004,4.31471758299588,
80,191,"I",4,2.89604652411007,4.86772137182311,"I",4,2.89604652411007,4.86772137182311,
80,192,"-VII",5,5.42172066325087,4.33180384476954,"iv",5,5.49020565860228,4.33180384476954,0.0684849953514135
80,193,"IV",4,2.54250740769115,4.28505121376682,"IV",4,5.49049245938846,3.83959492794758,
80,194,"IV",5,2.54469049829707,4.2380912772293,"IV",4,3.56192261842844,4.15348026863639,
80,195,"-VII",6,4.88605751640939,3.46413871540186,"-VII",4,4.20176220195837,4.50772337140332,
80,196,"I",5,4.6168480273004,4.31471758299588,"I",4,4.37765284720075,4.577064295559,
80,197,"I",4,2.89604652411007,4.86772137182311,"I",4,2.89604652411007,4.86772137182311,
,,,,,,,,,,
81,193,"IV",4,2.54250740769115,4.28505121376682,"IV",4,2.54250740769115,4.28505121376682,
81,194,"IV",5,2.54469049829707,4.2380912772293,"IV",5,2.54469049829707,4.2380912772293,
81,195,"-VII",6,4.88605751640939,3.46413871540186,"-VII",6,4.88605751640939,3.46413871540186,
81,196,"I",5,4.6168480273004,4.31471758299588,"I",5,4.6168480273004,4.31471758299588,
81,197,"I",4,2.89604652411007,4.86772137182311,"I",4,2.89604652411007,4.86772137182311,
81,198,"-VII",5,5.42172066325087,4.33180384476954,"iv",5,5.49020565860228,4.33180384476954,0.0684849953514135
81,199,"IV",4,2.54250740769115,4.28505121376682,"IV",4,5.49049245938846,3.83959492794758,
81,200,"IV",5,2.54469049829707,4.2380912772293,"IV",4,3.56192261842844,4.15348026863639,
81,201,"-VII",6,4.88605751640939,3.46413871540186,"-VII",4,4.20176220195837,4.50772337140332,
81,202,"I",5,4.6168480273004,4.31471758299588,"I",4,4.37765284720075,4.577064295559,
81,203,"I",4,2.89604652411007,4.86772137182311,"I",4,2.89604652411007,4.86772137182311,
,,,,,,,,,,
82,199,"IV",4,2.54250740769115,4.28505121376682,"IV",4,2.54250740769115,4.28505121376682,
82,200,"IV",5,2.54469049829707,4.2380912772293,"IV",5,2.54469049829707,4.2380912772293,
82,201,"-VII",6,4.88605751640939,3.46413871540186,"-VII",6,4.88605751640939,3.46413871540186,
82,202,"I",5,4.6168480273004,4.31471758299588,"I",5,4.6168480273004,4.31471758299588,
82,203,"I",4,2.89604652411007,4.86772137182311,"I",4,2.89604652411007,4.86772137182311,
82,204,"-VII",5,5.42172066325087,4.33180384476954,"iv",5,5.49020565860228,4.33180384476954,0.0684849953514135
82,205,"IV",4,2.54250740769115,4.28505121376682,"IV",4,5.49049245938846,3.83959492794758,
82,206,"IV",5,2.54469049829707,4.2380912772293,"IV",4,3.56192261842844,4.15348026863639,
82,207,"-VII",6,4.88605751640939,3.46413871540186,"-VII",4,4.20176220195837,4.50772337140332,
82,208,"vi",5,5.46314295188294,4.31471758299588,"vi",4,5.22394777178329,4.577064295559,
82,209,"vi",4,5.13621852635012,4.31703575104712,"vi",4,5.13621852635012,4.31703575104712,
,,,,,,,,,,
83,39,"I",4,2.89604652411007,4.86772137182311,"I",4,2.89604652411007,4.86772137182311,
83,40,"-VII",5,5.42172066325087,4.33180384476954,"-VII",5,5.42172066325087,4.33180384476954,
83,41,"IV",4,2.54250740769115,4.28505121376682,"IV",4,2.54250740769115,4.28505121376682,
83,42,"IV",5,2.54469049829707,4.2380912772293,"IV",5,2.54469049829707,4.2380912772293,
83,43,"-VII",6,4.88605751640939,3.46413871540186,"-VII",6,4.88605751640939,3.46413871540186,
83,44,"vi",5,5.46314295188294,4.31471758299588,"i",5,5.53756946361656,4.31471758299588,0.0744265117336198
83,45,"V",4,3.68405186489778,4.31703575104712,"V",3,5.94231203341559,4.99265879699022,
83,46,"IV",4,4.06630750929455,4.49998579516202,"IV",2,4.88984977911722,5.24591953493899,
83,47,"V",4,3.83039033358548,4.50344006173686,"V",3,4.42307268413294,4.89505382092011,
83,48,"vi",4,3.42930646206123,4.90979601727449,"vi",3,4.26283632389128,5.1690185754265,
83,49,"V",5,2.23107534750338,4.3618089068026,"V",4,3.53963285734622,4.77644761217597,
,,,,,,,,,,
84,87,"I",4,2.89604652411007,4.86772137182311,"I",4,2.89604652411007,4.86772137182311,
84,88,"-VII",5,5.42172066325087,4.33180384476954,"-VII",5,5.42172066325087,4.33180384476954,
84,89,"IV",4,2.54250740769115,4.28505121376682,"IV",4,2.54250740769115,4.28505121376682,
84,90,"IV",5,2.54469049829707,4.2380912772293,"IV",5,2.54469049829707,4.2380912772293,
84,91,"-VII",6,4.88605751640939,3.46413871540186,"-VII",6,4.88605751640939,3.46413871540186,
84,92,"vi",5,5.46314295188294,4.31471758299588,"i",5,5.53756946361656,4.31471758299588,0.0744265117336198
84,93,"V",4,3.68405186489778,4.31703575104712,"V",3,5.94231203341559,4.99265879699022,
84,94,"IV",4,4.06630750929455,4.49998579516202,"IV",2,4.88984977911722,5.24591953493899,
84,95,"V",4,3.83039033358548,4.50344006173686,"V",3,4.42307268413294,4.89505382092011,
84,96,"vi",4,3.42930646206123,4.90979601727449,"vi",3,4.26283632389128,5.1690185754265,
84,97,"V",5,2.23107534750338,4.3618089068026,"V",4,3.53963285734622,4.77644761217597,
,,,,,,,,,,
85,111,"I",4,2.89604652411007,4.86772137182311,"I",4,2.89604652411007,4.86772137182311,
85,112,"-VII",5,5.42172066325087,4.33180384476954,"-VII",5,5.42172066325087,4.33180384476954,
85,113,"IV",4,2.54250740769115,4.28505121376682,"IV",4,2.54250740769115,4.28505121376682,
85,114,"IV",5,2.54469049829707,4.2380912772293,"IV",5,2.54469049829707,4.2380912772293,
85,115,"-VII",6,4.88605751640939,3.46413871540186,"-VII",6,4.88605751640939,3.46413871540186,
85,116,"vi",5,5.46314295188294,4.31471758299588,"i",5,5.53756946361656,4.31471758299588,0.0744265117336198
85,117,"vi",4,5.13621852635012,4.31703575104712,"vi",3,6.63189792654527,4.99265879699022,
85,118,"I",3,2.73539646252735,5.06776983180325,"I",2,5.31724134275092,5.25887637782884,
85,119,"I",4,1.32394769257761,4.00892149981554,"I",2,3.96770092810983,5.22363801981595,
85,120,"I",5,2.65589528134977,4.65756855823831,"I",3,3.52764729248318,5.19424213748756,
85,121,"I",6,1.5812283268673,4.30838592994853,"I",4,2.54908757540846,4.99520802607338,
,,,,,,,,,,
86,203,"I",4,2.89604652411007,4.86772137182311,"I",4,2.89604652411007,4.86772137182311,
86,204,"-VII",5,5.42172066325087,4.33180384476954,"-VII",5,5.42172066325087,4.33180384476954,
86,205,"IV",4,2.54250740769115,4.28505121376682,"IV",4,2.54250740769115,4.28505121376682,
86,206,"IV",5,2.54469049829707,4.2380912772293,"IV",5,2.54469049829707,4.2380912772293,
86,207,"-VII",6,4.88605751640939,3.46413871540186,"-VII",6,4.88605751640939,3.46413871540186,
86,208,"vi",5,5.46314295188294,4.31471758299588,"i",5,5.53756946361656,4.31471758299588,0.0744265117336198
86,209,"vi",4,5.13621852635012,4.31703575104712,"vi",3,6.63189792654527,4.99265879699022,
86,210,"iii",3,5.27452589832276,5.06776983180325,"iii",2,5.57462128149958,5.25887637782884,
86,211,"iii",3,2.82464405792975,4.77556087610754,"iii",2,4.28711020819207,5.26506346738113,
86,212,"ii",4,4.95957348871006,4.96349494453327,"ii",3,5.02437718248589,4.89046031549428,
86,213,"IV",3,4.68993325663654,3.65954937558203,"IV",3,4.68993325663654,3.65954937558203,
,,,,,,,,,,
87,56,"I",5,3.18289131126796,4.84361675382539,"I",5,3.18289131126796,4.84361675382539,
87,57,"I",6,2.20813248119822,3.61548358091568,"I",6,2.20813248119822,3.61548358091568,
87,58,"-VII",6,4.83114452553785,4.79330136135461,"-VII",6,4.83114452553785,4.79330136135461,
87,59,"IV",6,1.30071918434532,3.51737675561142,"IV",6,1.30071918434532,3.51737675561142,
87,60,"IV",7,3.82067281158021,4.49348276747501,"IV",7,3.82067281158021,4.49348276747501,
87,61,"-VII",7,4.22899496591284,4.5499229531705,"V",7,4.15127901564474,4.5499229531705,0.0777159502681055
87,62,"I",5,4.6168480273004,4.31471758299588,"I",5,3.2188642516544,4.16813861361354,
87,63,"I",4,2.89604652411007,4.86772137182311,"I",5,2.36718466639715,4.958971564803,
87,64,"-VII",5,5.42172066325087,4.33180384476954,"-VII",6,5.5452867801192,4.75606925595602,
87,65,"IV",4,2.54250740769115,4.28505121376682,"IV",5,3.06448617877923,4.00525536790691,
87,66,"IV",5,2.54469049829707,4.2380912772293,"IV",5,4.19202005140046,3.75806490376978,
,,,,,,,,,,
88,104,"I",5,3.18289131126796,4.84361675382539,"I",5,3.18289131126796,4.84361675382539,
88,105,"I",6,2.20813248119822,3.61548358091568,"I",6,2.20813248119822,3.61548358091568,
88,106,"-VII",6,4.83114452553785,4.79330136135461,"-VII",6,4.83114452553785,4.79330136135461,
88,107,"IV",6,1.30071918434532,3.51737675561142,"IV",6,1.30071918434532,3.51737675561142,
88,108,"IV",7,3.82067281158021,4.49348276747501,"IV",7,3.82067281158021,4.49348276747501,
88,109,"-VII",7,4.22899496591284,4.5499229531705,"V",7,4.15127901564474,4.5499229531705,0.0777159502681055
88,110,"I",5,4.6168480273004,4.31471758299588,"I",5,3.2188642516544,4.16813861361354,
88,111,"I",4,2.89604652411007,4.86772137182311,"I",5,2.36718466639715,4.958971564803,
88,112,"-VII",5,5.42172066325087,4.33180384476954,"-VII",6,5.5452867801192,4.75606925595602,
88,113,"IV",4,2.54250740769115,4.28505121376682,"IV",5,3.06448617877923,4.00525536790691,
88,114,"IV",5,2.54469049829707,4.2380912772293,"IV",5,4.19202005140046,3.75806490376978,
,,,,,,,,,,
89,148,"I",5,3.36366148078635,5.06098644882915,"I",5,3.36366148078635,5.06098644882915,
89,149,"I",6,2.32757287138992,4.79166014731119,"I",6,2.32757287138992,4.79166014731119,
89,150,"-VII",7,4.31376159574113,4.89965161653817,"-VII",7,4.31376159574113,4.89965161653817,
89,151,"IV",6,4.71424447395626,1.91405990651994,"IV",6,4.71424447395626,1.91405990651994,
89,152,"IV",6,4.20203909430336,4.02641156942752,"IV",6,4.20203909430336,4.02641156942752,
89,153,"-VII",5,4.42335587534726,4.24840600140764,"V",5,4.34563992507916,4.24840600140764,0.0777159502681055
89,154,"I",5,4.6168480273004,4.31471758299588,"I",5,3.2188642516544,4.16813861361354,
89,155,"I",4,2.89604652411007,4.86772137182311,"I",5,2.36718466639715,4.958971564803,
89,156,"-VII",5,5.42172066325087,4.33180384476954,"-VII",6,5.5452867801192,4.75606925595602,
89,157,"IV",4,2.54250740769115,4.28505121376682,"IV",5,3.06448617877923,4.00525536790691,
89,158,"IV",5,2.54469049829707,4.2380912772293,"IV",5,4.19202005140046,3.75806490376978,
,,,,,,,,,,
90,8,"I",5,4.6168480273004,4.31471758299588,"I",5,4.6168480273004,4.31471758299588,
90,9,"I",4,2.89604652411007,4.86772137182311,"I",4,2.89604652411007,4.86772137182311,
90,10,"-VII",5,5.42172066325087,4.33180384476954,"-VII",5,5.42172066325087,4.33180384476954,
90,11,"IV",4,2.54250740769115,4.28505121376682,"IV",4,2.54250740769115,4.28505121376682,
90,12,"IV",5,2.54469049829707,4.2380912772293,"IV",5,2.54469049829707,4.2380912772293,
90,13,"-VII",6,4.88605751640939,3.46413871540186,"V",6,4.80834156614128,3.46413871540186,0.0777159502681064
90,14,"I",5,4.6168480273004,4.31471758299588,"I",5,3.2188642516544,4.16813861361354,
90,15,"I",4,2.89604652411007,4.86772137182311,"I",5,2.36718466639715,4.958971564803,
90,16,"-VII",5,5.42172066325087,4.33180384476954,"-VII",6,5.5452867801192,4.75606925595602,
90,17,"IV",4,2.54250740769115,4.28505121376682,"IV",5,3.06448617877923,4.00525536790691,
90,18,"IV",5,2.54469049829707,4.2380912772293,"IV",5,4.19202005140046,3.75806490376978,
,,,,,,,,,,
91,14,"I",5,4.6168480273004,4.31471758299588,"I",5,4.6168480273004,4.31471758299588,
91,15,"I",4,2.89604652411007,4.86772137182311,"I",4,2.89604652411007,4.86772137182311,
91,16,"-VII",5,5.42172066325087,4.33180384476954,"-VII",5,5.42172066325087,4.33180384476954,
91,17,"IV",4,2.54250740769115,4.28505121376682,"IV",4,2.54250740769115,4.28505121376682,
91,18,"IV",5,2.54469049829707,4.2380912772293,"IV",5,2.54469049829707,4.2380912772293,
91,19,"-VII",6,4.88605751640939,3.46413871540186,"V",6,4.80834156614128,3.46413871540186,0.0777159502681064
91,20,"I",5,4.6168480273004,4.31471758299588,"I",5,3.2188642516544,4.16813861361354,
91,21,"I",4,2.89604652411007,4.86772137182311,"I",5,2.36718466639715,4.958971564803,
91,22,"-VII",5,5.42172066325087,4.33180384476954,"-VII",6,5.5452867801192,4.75606925595602,
91,23,"IV",4,2.54250740769115,4.28505121376682,"IV",5,3.06448617877923,4.00525536790691,
91,24,"IV",5,2.54469049829707,4.2380912772293,"IV",5,4.19202005140046,3.75806490376978,
,,,,,,,,,,
92,20,"I",5,4.6168480273004,4.31471758299588,"I",5,4.6168480273004,4.31471758299588,
92,21,"I",4,2.89604652411007,4.86772137182311,"I",4,2.89604652411007,4.86772137182311,
92,22,"-VII",5,5.42172066325087,4.33180384476954,"-VII",5,5.42172066325087,4.33180384476954,
92,23,"IV",4,2.54250740769115,4.28505121376682,"IV",4,2.54250740769115,4.28505121376682,
92,24,"IV",5,2.54469049829707,4.2380912772293,"IV",5,2.54469049829707,4.2380912772293,
92,25,"-VII",6,4.88605751640939,3.46413871540186,"V",6,4.80834156614128,3.46413871540186,0.0777159502681064
92,26,"I",5,4.6168480273004,4.31471758299588,"I",5,3.2188642516544,4.16813861361354,
92,27,"I",4,2.89604652411007,4.86772137182311,"I",5,2.36718466639715,4.958971564803,
92,28,"-VII",5,5.42172066325087,4.33180384476954,"-VII",6,5.5452867801192,4.75606925595602,
92,29,"IV",4,2.54250740769115,4.28505121376682,"IV",5,3.06448617877923,4.00525536790691,
92,30,"IV",5,2.54469049829707,4.2380912772293,"IV",5,4.19202005140046,3.75806490376978,
,,,,,,,,,,
93,26,"I",5,4.6168480273004,4.31471758299588,"I",5,4.6168480273004,4.31471758299588,
93,27,"I",4,2.89604652411007,4.86772137182311,"I",4,2.89604652411007,4.86772137182311,
93,28,"-VII",5,5.42172066325087,4.33180384476954,"-VII",5,5.42172066325087,4.33180384476954,
93,29,"IV",4,2.54250740769115,4.28505121376682,"IV",4,2.54250740769115,4.28505121376682,
93,30,"IV",5,2.54469049829707,4.2380912772293,"IV",5,2.54469049829707,4.2380912772293,
93,31,"-VII",6,4.88605751640939,3.46413871540186,"V",6,4.80834156614128,3.46413871540186,0.0777159502681064
93,32,"I",5,4.6168480273004,4.31471758299588,"I",5,3.2188642516544,4.16813861361354,
93,33,"I",4,2.89604652411007,4.86772137182311,"I",5,2.36718466639715,4.958971564803,
93,34,"-VII",5,5.42172066325087,4.33180384476954,"-VII",6,5.5452867801192,4.75606925595602,
93,35,"IV",4,2.54250740769115,4.28505121376682,"IV",5,3.06448617877923,4.00525536790691,
93,36,"IV",5,2.54469049829707,4.2380912772293,"IV",5,4.19202005140046,3.75806490376978,
,,,,,,,,,,
94,32,"I",5,4.6168480273004,4.31471758299588,"I",5,4.6168480273004,4.31471758299588,
94,33,"I",4,2.89604652411007,4.86772137182311,"I",4,2.89604652411007,4.86772137182311,
94,34,"-VII",5,5.42172066325087,4.33180384476954,"-VII",5,5.42172066325087,4.33180384476954,
94,35,"IV",4,2.54250740769115,4.28505121376682,"IV",4,2.54250740769115,4.28505121376682,
94,36,"IV",5,2.54469049829707,4.2380912772293,"IV",5,2.54469049829707,4.2380912772293,
94,37,"-VII",6,4.88605751640939,3.46413871540186,"V",6,4.80834156614128,3.46413871540186,0.0777159502681064
94,38,"I",5,4.6168480273004,4.31471758299588,"I",5,3.2188642516544,4.16813861361354,
94,39,"I",4,2.89604652411007,4.86772137182311,"I",5,2.36718466639715,4.958971564803,
94,40,"-VII",5,5.42172066325087,4.33180384476954,"-VII",6,5.5452867801192,4.75606925595602,
94,41,"IV",4,2.54250740769115,4.28505121376682,"IV",5,3.06448617877923,4.00525536790691,
94,42,"IV",5,2.54469049829707,4.2380912772293,"IV",5,4.19202005140046,3.75806490376978,
,,,,,,,,,,
95,38,"I",5,4.6168480273004,4.31471758299588,"I",5,4.6168480273004,4.31471758299588,
95,39,"I",4,2.89604652411007,4.86772137182311,"I",4,2.89604652411007,4.86772137182311,
95,40,"-VII",5,5.42172066325087,4.33180384476954,"-VII",5,5.42172066325087,4.33180384476954,
95,41,"IV",4,2.54250740769115,4.28505121376682,"IV",4,2.54250740769115,4.28505121376682,
95,42,"IV",5,2.54469049829707,4.2380912772293,"IV",5,2.54469049829707,4.2380912772293,
95,43,"-VII",6,4.88605751640939,3.46413871540186,"V",6,4.80834156614128,3.46413871540186,0.0777159502681064
95,44,"vi",5,5.46314295188294,4.31471758299588,"vi",5,5.27078866108818,4.16813861361354,
95,45,"V",4,3.68405186489778,4.31703575104712,"V",4,2.990583134537,4.69886886594899,
95,46,"IV",4,4.06630750929455,4.49998579516202,"IV",5,3.09445528949893,4.26200050127776,
95,47,"V",4,3.83039033358548,4.50344006173686,"V",5,2.9257012258033,4.61893673988397,
95,48,"vi",4,3.42930646206123,4.90979601727449,"vi",6,3.51725418838423,4.32981841581735,
,,,,,,,,,,
96,62,"I",5,4.6168480273004,4.31471758299588,"I",5,4.6168480273004,4.31471758299588,
96,63,"I",4,2.89604652411007,4.86772137182311,"I",4,2.89604652411007,4.86772137182311,
96,64,"-VII",5,5.42172066325087,4.33180384476954,"-VII",5,5.42172066325087,4.33180384476954,
96,65,"IV",4,2.54250740769115,4.28505121376682,"IV",4,2.54250740769115,4.28505121376682,
96,66,"IV",5,2.54469049829707,4.2380912772293,"IV",5,2.54469049829707,4.2380912772293,
96,67,"-VII",6,4.88605751640939,3.46413871540186,"V",6,4.80834156614128,3.46413871540186,0.0777159502681064
96,68,"I",5,4.6168480273004,4.31471758299588,"I",5,3.2188642516544,4.16813861361354,
96,69,"I",4,2.89604652411007,4.86772137182311,"I",5,2.36718466639715,4.958971564803,
96,70,"-VII",5,5.42172066325087,4.33180384476954,"-VII",6,5.5452867801192,4.75606925595602,
96,71,"IV",4,2.54250740769115,4.28505121376682,"IV",5,3.06448617877923,4.00525536790691,
96,72,"IV",5,2.54469049829707,4.2380912772293,"IV",5,4.19202005140046,3.75806490376978,
,,,,,,,,,,
97,68,"I",5,4.6168480273004,4.31471758299588,"I",5,4.6168480273004,4.31471758299588,
97,69,"I",4,2.89604652411007,4.86772137182311,"I",4,2.89604652411007,4.86772137182311,
97,70,"-VII",5,5.42172066325087,4.33180384476954,"-VII",5,5.42172066325087,4.33180384476954,
97,71,"IV",4,2.54250740769115,4.28505121376682,"IV",4,2.54250740769115,4.28505121376682,
97,72,"IV",5,2.54469049829707,4.2380912772293,"IV",5,2.54469049829707,4.2380912772293,
97,73,"-VII",6,4.88605751640939,3.46413871540186,"V",6,4.80834156614128,3.46413871540186,0.0777159502681064
97,74,"I",5,4.6168480273004,4.31471758299588,"I",5,3.2188642516544,4.16813861361354,
97,75,"I",4,2.89604652411007,4.86772137182311,"I",5,2.36718466639715,4.958971564803,
97,76,"-VII",5,5.42172066325087,4.33180384476954,"-VII",6,5.5452867801192,4.75606925595602,
97,77,"IV",4,2.54250740769115,4.28505121376682,"IV",5,3.06448617877923,4.00525536790691,
97,78,"IV",5,2.54469049829707,4.2380912772293,"IV",5,4.19202005140046,3.75806490376978,
,,,,,,,,,,
98,74,"I",5,4.6168480273004,4.31471758299588,"I",5,4.6168480273004,4.31471758299588,
98,75,"I",4,2.89604652411007,4.86772137182311,"I",4,2.89604652411007,4.86772137182311,
98,76,"-VII",5,5.42172066325087,4.33180384476954,"-VII",5,5.42172066325087,4.33180384476954,
98,77,"IV",4,2.54250740769115,4.28505121376682,"IV",4,2.54250740769115,4.28505121376682,
98,78,"IV",5,2.54469049829707,4.2380912772293,"IV",5,2.54469049829707,4.2380912772293,
98,79,"-VII",6,4.88605751640939,3.46413871540186,"V",6,4.80834156614128,3.46413871540186,0.0777159502681064
98,80,"I",5,4.6168480273004,4.31471758299588,"I",5,3.2188642516544,4.16813861361354,
98,81,"I",4,2.89604652411007,4.86772137182311,"I",5,2.36718466639715,4.958971564803,
98,82,"-VII",5,5.42172066325087,4.33180384476954,"-VII",6,5.5452867801192,4.75606925595602,
98,83,"IV",4,2.54250740769115,4.28505121376682,"IV",5,3.06448617877923,4.00525536790691,
98,84,"IV",5,2.54469049829707,4.2380912772293,"IV",5,4.19202005140046,3.75806490376978,
,,,,,,,,,,
99,80,"I",5,4.6168480273004,4.31471758299588,"I",5,4.6168480273004,4.31471758299588,
99,81,"I",4,2.89604652411007,4.86772137182311,"I",4,2.89604652411007,4.86772137182311,
99,82,"-VII",5,5.42172066325087,4.33180384476954,"-VII",5,5.42172066325087,4.33180384476954,
99,83,"IV",4,2.54250740769115,4.28505121376682,"IV",4,2.54250740769115,4.28505121376682,
99,84,"IV",5,2.54469049829707,4.2380912772293,"IV",5,2.54469049829707,4.2380912772293,
99,85,"-VII",6,4.88605751640939,3.46413871540186,"V",6,4.80834156614128,3.46413871540186,0.0777159502681064
99,86,"I",5,4.6168480273004,4.31471758299588,"I",5,3.2188642516544,4.16813861361354,
99,87,"I",4,2.89604652411007,4.86772137182311,"I",5,2.36718466639715,4.958971564803,
99,88,"-VII",5,5.42172066325087,4.33180384476954,"-VII",6,5.5452867801192,4.75606925595602,
99,89,"IV",4,2.54250740769115,4.28505121376682,"IV",5,3.06448617877923,4.00525536790691,
99,90,"IV",5,2.54469049829707,4.2380912772293,"IV",5,4.19202005140046,3.75806490376978,
,,,,,,,,,,
100,86,"I",5,4.6168480273004,4.31471758299588,"I",5,4.6168480273004,4.31471758299588,
100,87,"I",4,2.89604652411007,4.86772137182311,"I",4,2.89604652411007,4.86772137182311,
100,88,"-VII",5,5.42172066325087,4.33180384476954,"-VII",5,5.42172066325087,4.33180384476954,
100,89,"IV",4,2.54250740769115,4.28505121376682,"IV",4,2.54250740769115,4.28505121376682,
100,90,"IV",5,2.54469049829707,4.2380912772293,"IV",5,2.54469049829707,4.2380912772293,
100,91,"-VII",6,4.88605751640939,3.46413871540186,"V",6,4.80834156614128,3.46413871540186,0.0777159502681064
100,92,"vi",5,5.46314295188294,4.31471758299588,"vi",5,5.27078866108818,4.16813861361354,
100,93,"V",4,3.68405186489778,4.31703575104712,"V",4,2.990583134537,4.69886886594899,
100,94,"IV",4,4.06630750929455,4.49998579516202,"IV",5,3.09445528949893,4.26200050127776,
100,95,"V",4,3.83039033358548,4.50344006173686,"V",5,2.9257012258033,4.61893673988397,
100,96,"vi",4,3.42930646206123,4.90979601727449,"vi",6,3.51725418838423,4.32981841581735,
,,,,,,,,,,
101,110,"I",5,4.6168480273004,4.31471758299588,"I",5,4.6168480273004,4.31471758299588,
101,111,"I",4,2.89604652411007,4.86772137182311,"I",4,2.89604652411007,4.86772137182311,
101,112,"-VII",5,5.42172066325087,4.33180384476954,"-VII",5,5.42172066325087,4.33180384476954,
101,113,"IV",4,2.54250740769115,4.28505121376682,"IV",4,2.54250740769115,4.28505121376682,
101,114,"IV",5,2.54469049829707,4.2380912772293,"IV",5,2.54469049829707,4.2380912772293,
101,115,"-VII",6,4.88605751640939,3.46413871540186,"V",6,4.80834156614128,3.46413871540186,0.0777159502681064
101,116,"vi",5,5.46314295188294,4.31471758299588,"vi",5,5.27078866108818,4.16813861361354,
101,117,"vi",4,5.13621852635012,4.31703575104712,"vi",4,2.88100875374271,4.69886886594899,
101,118,"I",3,2.73539646252735,5.06776983180325,"I",5,4.10117809442408,4.65318568102913,
101,119,"I",4,1.32394769257761,4.00892149981554,"I",5,2.62737680414356,4.55817499813194,
101,120,"I",5,2.65589528134977,4.65756855823831,"I",5,3.67306825710946,4.562728580622,
,,,,,,,,,,
102,154,"I",5,4.6168480273004,4.31471758299588,"I",5,4.6168480273004,4.31471758299588,
102,155,"I",4,2.89604652411007,4.86772137182311,"I",4,2.89604652411007,4.86772137182311,
102,156,"-VII",5,5.42172066325087,4.33180384476954,"-VII",5,5.42172066325087,4.33180384476954,
102,157,"IV",4,2.54250740769115,4.28505121376682,"IV",4,2.54250740769115,4.28505121376682,
102,158,"IV",5,2.54469049829707,4.2380912772293,"IV",5,2.54469049829707,4.2380912772293,
102,159,"-VII",6,4.88605751640939,3.46413871540186,"V",6,4.80834156614128,3.46413871540186,0.0777159502681064
102,160,"I",5,4.6168480273004,4.31471758299588,"I",5,3.2188642516544,4.16813861361354,
102,161,"I",4,2.89604652411007,4.86772137182311,"I",5,2.36718466639715,4.958971564803,
102,162,"-VII",5,5.42172066325087,4.33180384476954,"-VII",6,5.5452867801192,4.75606925595602,
102,163,"IV",4,2.54250740769115,4.28505121376682,"IV",5,3.06448617877923,4.00525536790691,
102,164,"IV",5,2.54469049829707,4.2380912772293,"IV",5,4.19202005140046,3.75806490376978,
,,,,,,,,,,
103,160,"I",5,4.6168480273004,4.31471758299588,"I",5,4.6168480273004,4.31471758299588,
103,161,"I",4,2.89604652411007,4.86772137182311,"I",4,2.89604652411007,4.86772137182311,
103,162,"-VII",5,5.42172066325087,4.33180384476954,"-VII",5,5.42172066325087,4.33180384476954,
103,163,"IV",4,2.54250740769115,4.28505121376682,"IV",4,2.54250740769115,4.28505121376682,
103,164,"IV",5,2.54469049829707,4.2380912772293,"IV",5,2.54469049829707,4.2380912772293,
103,165,"-VII",6,4.88605751640939,3.46413871540186,"V",6,4.80834156614128,3.46413871540186,0.0777159502681064
103,166,"I",5,4.6168480273004,4.31471758299588,"I",5,3.2188642516544,4.16813861361354,
103,167,"I",4,2.89604652411007,4.86772137182311,"I",5,2.36718466639715,4.958971564803,
103,168,"-VII",5,5.42172066325087,4.33180384476954,"-VII",6,5.5452867801192,4.75606925595602,
103,169,"IV",4,2.54250740769115,4.28505121376682,"IV",5,3.06448617877923,4.00525536790691,
103,170,"IV",5,2.54469049829707,4.2380912772293,"IV",5,4.19202005140046,3.75806490376978,
,,,,,,,,,,
104,166,"I",5,4.6168480273004,4.31471758299588,"I",5,4.6168480273004,4.31471758299588,
104,167,"I",4,2.89604652411007,4.86772137182311,"I",4,2.89604652411007,4.86772137182311,
104,168,"-VII",5,5.42172066325087,4.33180384476954,"-VII",5,5.42172066325087,4.33180384476954,
104,169,"IV",4,2.54250740769115,4.28505121376682,"IV",4,2.54250740769115,4.28505121376682,
104,170,"IV",5,2.54469049829707,4.2380912772293,"IV",5,2.54469049829707,4.2380912772293,
104,171,"-VII",6,4.88605751640939,3.46413871540186,"V",6,4.80834156614128,3.46413871540186,0.0777159502681064
104,172,"I",5,4.6168480273004,4.31471758299588,"I",5,3.2188642516544,4.16813861361354,
104,173,"I",4,2.89604652411007,4.86772137182311,"I",5,2.36718466639715,4.958971564803,
104,174,"-VII",5,5.42172066325087,4.33180384476954,"-VII",6,5.5452867801192,4.75606925595602,
104,175,"IV",4,2.54250740769115,4.28505121376682,"IV",5,3.06448617877923,4.00525536790691,
104,176,"IV",5,2.54469049829707,4.2380912772293,"IV",5,4.19202005140046,3.75806490376978,
,,,,,,,,,,
105,172,"I",5,4.6168480273004,4.31471758299588,"I",5,4.6168480273004,4.31471758299588,
105,173,"I",4,2.89604652411007,4.86772137182311,"I",4,2.89604652411007,4.86772137182311,
105,174,"-VII",5,5.42172066325087,4.33180384476954,"-VII",5,5.42172066325087,4.33180384476954,
105,175,"IV",4,2.54250740769115,4.28505121376682,"IV",4,2.54250740769115,4.28505121376682,
105,176,"IV",5,2.54469049829707,4.2380912772293,"IV",5,2.54469049829707,4.2380912772293,
105,177,"-VII",6,4.88605751640939,3.46413871540186,"V",6,4.80834156614128,3.46413871540186,0.0777159502681064
105,178,"I",5,4.6168480273004,4.31471758299588,"I",5,3.2188642516544,4.16813861361354,
105,179,"I",4,2.89604652411007,4.86772137182311,"I",5,2.36718466639715,4.958971564803,
105,180,"-VII",5,5.42172066325087,4.33180384476954,"-VII",6,5.5452867801192,4.75606925595602,
105,181,"IV",4,2.54250740769115,4.28505121376682,"IV",5,3.06448617877923,4.00525536790691,
105,182,"IV",5,2.54469049829707,4.2380912772293,"IV",5,4.19202005140046,3.75806490376978,
,,,,,,,,,,
106,178,"I",5,4.6168480273004,4.31471758299588,"I",5,4.6168480273004,4.31471758299588,
106,179,"I",4,2.89604652411007,4.86772137182311,"I",4,2.89604652411007,4.86772137182311,
106,180,"-VII",5,5.42172066325087,4.33180384476954,"-VII",5,5.42172066325087,4.33180384476954,
106,181,"IV",4,2.54250740769115,4.28505121376682,"IV",4,2.54250740769115,4.28505121376682,
106,182,"IV",5,2.54469049829707,4.2380912772293,"IV",5,2.54469049829707,4.2380912772293,
106,183,"-VII",6,4.88605751640939,3.46413871540186,"V",6,4.80834156614128,3.46413871540186,0.0777159502681064
106,184,"I",5,4.6168480273004,4.31471758299588,"I",5,3.2188642516544,4.16813861361354,
106,185,"I",4,2.89604652411007,4.86772137182311,"I",5,2.36718466639715,4.958971564803,
106,186,"-VII",5,5.42172066325087,4.33180384476954,"-VII",6,5.5452867801192,4.75606925595602,
106,187,"IV",4,2.54250740769115,4.28505121376682,"IV",5,3.06448617877923,4.00525536790691,
106,188,"IV",5,2.54469049829707,4.2380912772293,"IV",5,4.19202005140046,3.75806490376978,
,,,,,,,,,,
107,184,"I",5,4.6168480273004,4.31471758299588,"I",5,4.6168480273004,4.31471758299588,
107,185,"I",4,2.89604652411007,4.86772137182311,"I",4,2.89604652411007,4.86772137182311,
107,186,"-VII",5,5.42172066325087,4.33180384476954,"-VII",5,5.42172066325087,4.33180384476954,
107,187,"IV",4,2.54250740769115,4.28505121376682,"IV",4,2.54250740769115,4.28505121376682,
107,188,"IV",5,2.54469049829707,4.2380912772293,"IV",5,2.54469049829707,4.2380912772293,
107,189,"-VII",6,4.88605751640939,3.46413871540186,"V",6,4.80834156614128,3.46413871540186,0.0777159502681064
107,190,"I",5,4.6168480273004,4.31471758299588,"I",5,3.2188642516544,4.16813861361354,
107,191,"I",4,2.89604652411007,4.86772137182311,"I",5,2.36718466639715,4.958971564803,
107,192,"-VII",5,5.42172066325087,4.33180384476954,"-VII",6,5.5452867801192,4.75606925595602,
107,193,"IV",4,2.54250740769115,4.28505121376682,"IV",5,3.06448617877923,4.00525536790691,
107,194,"IV",5,2.54469049829707,4.2380912772293,"IV",5,4.19202005140046,3.75806490376978,
,,,,,,,,,,
108,190,"I",5,4.6168480273004,4.31471758299588,"I",5,4.6168480273004,4.31471758299588,
108,191,"I",4,2.89604652411007,4.86772137182311,"I",4,2.89604652411007,4.86772137182311,
108,192,"-VII",5,5.42172066325087,4.33180384476954,"-VII",5,5.42172066325087,4.33180384476954,
108,193,"IV",4,2.54250740769115,4.28505121376682,"IV",4,2.54250740769115,4.28505121376682,
108,194,"IV",5,2.54469049829707,4.2380912772293,"IV",5,2.54469049829707,4.2380912772293,
108,195,"-VII",6,4.88605751640939,3.46413871540186,"V",6,4.80834156614128,3.46413871540186,0.0777159502681064
108,196,"I",5,4.6168480273004,4.31471758299588,"I",5,3.2188642516544,4.16813861361354,
108,197,"I",4,2.89604652411007,4.86772137182311,"I",5,2.36718466639715,4.958971564803,
108,198,"-VII",5,5.42172066325087,4.33180384476954,"-VII",6,5.5452867801192,4.75606925595602,
108,199,"IV",4,2.54250740769115,4.28505121376682,"IV",5,3.06448617877923,4.00525536790691,
108,200,"IV",5,2.54469049829707,4.2380912772293,"IV",5,4.19202005140046,3.75806490376978,
,,,,,,,,,,
109,196,"I",5,4.6168480273004,4.31471758299588,"I",5,4.6168480273004,4.31471758299588,
109,197,"I",4,2.89604652411007,4.86772137182311,"I",4,2.89604652411007,4.86772137182311,
109,198,"-VII",5,5.42172066325087,4.33180384476954,"-VII",5,5.42172066325087,4.33180384476954,
109,199,"IV",4,2.54250740769115,4.28505121376682,"IV",4,2.54250740769115,4.28505121376682,
109,200,"IV",5,2.54469049829707,4.2380912772293,"IV",5,2.54469049829707,4.2380912772293,
109,201,"-VII",6,4.88605751640939,3.46413871540186,"V",6,4.80834156614128,3.46413871540186,0.0777159502681064
109,202,"I",5,4.6168480273004,4.31471758299588,"I",5,3.2188642516544,4.16813861361354,
109,203,"I",4,2.89604652411007,4.86772137182311,"I",5,2.36718466639715,4.958971564803,
109,204,"-VII",5,5.42172066325087,4.33180384476954,"-VII",6,5.5452867801192,4.75606925595602,
109,205,"IV",4,2.54250740769115,4.28505121376682,"IV",5,3.06448617877923,4.00525536790691,
109,206,"IV",5,2.54469049829707,4.2380912772293,"IV",5,4.19202005140046,3.75806490376978,
,,,,,,,,,,
110,202,"I",5,4.6168480273004,4.31471758299588,"I",5,4.6168480273004,4.31471758299588,
110,203,"I",4,2.89604652411007,4.86772137182311,"I",4,2.89604652411007,4.86772137182311,
110,204,"-VII",5,5.42172066325087,4.33180384476954,"-VII",5,5.42172066325087,4.33180384476954,
110,205,"IV",4,2.54250740769115,4.28505121376682,"IV",4,2.54250740769115,4.28505121376682,
110,206,"IV",5,2.54469049829707,4.2380912772293,"IV",5,2.54469049829707,4.2380912772293,
110,207,"-VII",6,4.88605751640939,3.46413871540186,"V",6,4.80834156614128,3.46413871540186,0.0777159502681064
110,208,"vi",5,5.46314295188294,4.31471758299588,"vi",5,5.27078866108818,4.16813861361354,
110,209,"vi",4,5.13621852635012,4.31703575104712,"vi",4,2.88100875374271,4.69886886594899,
110,210,"iii",3,5.27452589832276,5.06776983180325,"iii",5,4.89463959936493,4.65318568102913,
110,211,"iii",3,2.82464405792975,4.77556087610754,"iii",4,4.33891758494583,2.32710233253784,
110,212,"ii",4,4.95957348871006,4.96349494453327,"ii",4,4.95957348871006,4.96349494453327,
,,,,,,,,,,
111,146,"I",5,3.73166867273246,4.58098888416432,"I",5,3.73166867273246,4.58098888416432,
111,147,"I",5,3.52487326608368,4.83163736511136,"I",5,3.52487326608368,4.83163736511136,
111,148,"I",5,3.36366148078635,5.06098644882915,"I",5,3.36366148078635,5.06098644882915,
111,149,"I",6,2.32757287138992,4.79166014731119,"I",6,2.32757287138992,4.79166014731119,
111,150,"-VII",7,4.31376159574113,4.89965161653817,"-VII",7,4.31376159574113,4.89965161653817,
111,151,"IV",6,4.71424447395626,1.91405990651994,"I",6,4.63433757570002,1.91405990651994,0.0799068982562394
111,152,"IV",6,4.20203909430336,4.02641156942752,"IV",6,4.28335664465807,4.80433208319978,
111,153,"-VII",5,4.42335587534726,4.24840600140764,"-VII",5,4.97924973208394,4.43102752758777,
111,154,"I",5,4.6168480273004,4.31471758299588,"I",4,3.13285793357712,4.94215785234899,
111,155,"I",4,2.89604652411007,4.86772137182311,"I",5,3.56875537698675,4.38900804517244,
111,156,"-VII",5,5.42172066325087,4.33180384476954,"-VII",5,4.98575411298738,5.12623348927959,
,,,,,,,,,,
112,46,"IV",4,4.06630750929455,4.49998579516202,"IV",4,4.06630750929455,4.49998579516202,
112,47,"V",4,3.83039033358548,4.50344006173686,"V",4,3.83039033358548,4.50344006173686,
112,48,"vi",4,3.42930646206123,4.90979601727449,"vi",4,3.42930646206123,4.90979601727449,
112,49,"V",5,2.23107534750338,4.3618089068026,"V",5,2.23107534750338,4.3618089068026,
112,50,"IV",6,2.42025000851211,4.44187749204739,"IV",6,2.42025000851211,4.44187749204739,
112,51,"V",6,3.23724374442148,4.23808694767461,"iv",6,3.3207407178543,4.23808694767461,0.0834969734328177
112,52,"vi",6,3.51725418838423,4.32981841581735,"vi",4,7.47609174982814,2.59322920985095,
112,53,"V",6,1.49719265481412,3.90371626927171,"V",3,5.62940013993856,4.68613781433105,
112,54,"IV",7,2.66794311533315,4.05433185142956,"IV",2,4.15581696048691,5.25022516642724,
112,55,"IV",6,3.63513042735832,4.23808694767461,"IV",3,3.3365268390442,4.97812389294102,
112,56,"I",5,3.18289131126796,4.84361675382539,"I",4,2.3290176549023,4.5753783180568,
,,,,,,,,,,
113,94,"IV",4,4.06630750929455,4.49998579516202,"IV",4,4.06630750929455,4.49998579516202,
113,95,"V",4,3.83039033358548,4.50344006173686,"V",4,3.83039033358548,4.50344006173686,
113,96,"vi",4,3.42930646206123,4.90979601727449,"vi",4,3.42930646206123,4.90979601727449,
113,97,"V",5,2.23107534750338,4.3618089068026,"V",5,2.23107534750338,4.3618089068026,
113,98,"IV",6,2.42025000851211,4.44187749204739,"IV",6,2.42025000851211,4.44187749204739,
113,99,"V",6,3.23724374442148,4.23808694767461,"iv",6,3.3207407178543,4.23808694767461,0.0834969734328177
113,100,"vi",6,3.51725418838423,4.32981841581735,"vi",4,7.47609174982814,2.59322920985095,
113,101,"V",6,1.49719265481412,3.90371626927171,"V",3,5.62940013993856,4.68613781433105,
113,102,"IV",7,2.66794311533315,4.05433185142956,"IV",2,4.15581696048691,5.25022516642724,
113,103,"IV",6,3.63513042735832,4.23808694767461,"IV",3,3.3365268390442,4.97812389294102,
113,104,"I",5,3.18289131126796,4.84361675382539,"I",4,2.3290176549023,4.5753783180568,
,,,,,,,,,,
114,51,"V",6,3.23724374442148,4.23808694767461,"V",6,3.23724374442148,4.23808694767461,
114,52,"vi",6,3.51725418838423,4.32981841581735,"vi",6,3.51725418838423,4.32981841581735,
114,53,"V",6,1.49719265481412,3.90371626927171,"V",6,1.49719265481412,3.90371626927171,
114,54,"IV",7,2.66794311533315,4.05433185142956,"IV",7,2.66794311533315,4.05433185142956,
114,55,"IV",6,3.63513042735832,4.23808694767461,"IV",6,3.63513042735832,4.23808694767461,
114,56,"I",5,3.18289131126796,4.84361675382539,"V",5,3.09865359951818,4.84361675382539,0.0842377117497852
114,57,"I",6,2.20813248119822,3.61548358091568,"I",6,3.00741851178149,4.31909108678521,
114,58,"-VII",6,4.83114452553785,4.79330136135461,"-VII",6,5.46287454637847,4.8452996570124,
114,59,"IV",6,1.30071918434532,3.51737675561142,"IV",5,1.23553638887731,3.6285265265807,
114,60,"IV",7,3.82067281158021,4.49348276747501,"IV",6,4.77357606965866,4.27008860129124,
114,61,"-VII",7,4.22899496591284,4.5499229531705,"-VII",4,4.00431159024216,4.85870136232562,
,,,,,,,,,,
115,99,"V",6,3.23724374442148,4.23808694767461,"V",6,3.23724374442148,4.23808694767461,
115,100,"vi",6,3.51725418838423,4.32981841581735,"vi",6,3.51725418838423,4.32981841581735,
115,101,"V",6,1.49719265481412,3.90371626927171,"V",6,1.49719265481412,3.90371626927171,
115,102,"IV",7,2.66794311533315,4.05433185142956,"IV",7,2.66794311533315,4.05433185142956,
115,103,"IV",6,3.63513042735832,4.23808694767461,"IV",6,3.63513042735832,4.23808694767461,
115,104,"I",5,3.18289131126796,4.84361675382539,"V",5,3.09865359951818,4.84361675382539,0.0842377117497852
115,105,"I",6,2.20813248119822,3.61548358091568,"I",6,3.00741851178149,4.31909108678521,
115,106,"-VII",6,4.83114452553785,4.79330136135461,"-VII",6,5.46287454637847,4.8452996570124,
115,107,"IV",6,1.30071918434532,3.51737675561142,"IV",5,1.23553638887731,3.6285265265807,
115,108,"IV",7,3.82067281158021,4.49348276747501,"IV",6,4.77357606965866,4.27008860129124,
115,109,"-VII",7,4.22899496591284,4.5499229531705,"-VII",4,4.00431159024216,4.85870136232562,
,,,,,,,,,,
116,112,"-VII",5,5.42172066325087,4.33180384476954,"-VII",5,5.42172066325087,4.33180384476954,
116,113,"IV",4,2.54250740769115,4.28505121376682,"IV",4,2.54250740769115,4.28505121376682,
116,114,"IV",5,2.54469049829707,4.2380912772293,"IV",5,2.54469049829707,4.2380912772293,
116,115,"-VII",6,4.88605751640939,3.46413871540186,"-VII",6,4.88605751640939,3.46413871540186,
116,116,"vi",5,5.46314295188294,4.31471758299588,"vi",5,5.46314295188294,4.31471758299588,
116,117,"vi",4,5.13621852635012,4.31703575104712,"-VI",4,5.04301100947325,4.31703575104712,0.0932075168768725
116,118,"I",3,2.73539646252735,5.06776983180325,"I",3,5.63417807332604,4.87750052230959,
116,119,"I",4,1.32394769257761,4.00892149981554,"I",2,4.19143704408435,5.41141670359726,
116,120,"I",5,2.65589528134977,4.65756855823831,"I",3,4.00775700307202,5.37464737204724,
116,121,"I",6,1.5812283268673,4.30838592994853,"I",4,3.11304827672426,5.09630329953921,
116,122,"IV",7,4.2526978216768,4.30389086015527,"IV",5,4.29662413077312,4.95387250417158,
,,,,,,,,,,
117,204,"-VII",5,5.42172066325087,4.33180384476954,"-VII",5,5.42172066325087,4.33180384476954,
117,205,"IV",4,2.54250740769115,4.28505121376682,"IV",4,2.54250740769115,4.28505121376682,
117,206,"IV",5,2.54469049829707,4.2380912772293,"IV",5,2.54469049829707,4.2380912772293,
117,207,"-VII",6,4.88605751640939,3.46413871540186,"-VII",6,4.88605751640939,3.46413871540186,
117,208,"vi",5,5.46314295188294,4.31471758299588,"vi",5,5.46314295188294,4.31471758299588,
117,209,"vi",4,5.13621852635012,4.31703575104712,"-VI",4,5.04301100947325,4.31703575104712,0.0932075168768725
117,210,"iii",3,5.27452589832276,5.06776983180325,"iii",3,6.93629768713322,4.87750052230959,
117,211,"iii",3,2.82464405792975,4.77556087610754,"iii",1,4.70370675925928,5.43813566654174,
117,212,"ii",4,4.95957348871006,4.96349494453327,"ii",2,4.66662035559074,5.28468670527229,
117,213,"IV",3,4.68993325663654,3.65954937558203,"IV",3,4.68993325663654,3.65954937558203,
117,214,"I",3,2.66966973620957,4.6350498652597,"I",3,2.66966973620957,4.6350498652597,
,,,,,,,,,,
118,118,"I",3,2.73539646252735,5.06776983180325,"I",3,2.73539646252735,5.06776983180325,
118,119,"I",4,1.32394769257761,4.00892149981554,"I",4,1.32394769257761,4.00892149981554,
118,120,"I",5,2.65589528134977,4.65756855823831,"I",5,2.65589528134977,4.65756855823831,
118,121,"I",6,1.5812283268673,4.30838592994853,"I",6,1.5812283268673,4.30838592994853,
118,122,"IV",7,4.2526978216768,4.30389086015527,"IV",7,4.2526978216768,4.30389086015527,
118,123,"IV",6,3.53682923914913,4.65374088365475,"I",6,3.63266421414467,4.65374088365475,0.0958349749955469
118,124,"I",6,3.21819531565291,5.01210500413185,"I",6,2.50038991526626,4.60441858848636,
118,125,"I",7,1.61021109047163,4.03574544581326,"I",7,2.58308972365334,4.79161568112354,
118,126,"IV",8,3.48563895442478,4.9784947889482,"IV",8,2.75114144033566,4.44442454966346,
118,127,"IV",9,1.72853504093878,4.18252361237996,"IV",9,2.96617372345961,4.56578722276467,
118,128,"-VII",10,4.6820366190843,4.65945445001878,"-VII",10,1.31687766334763,3.74117748213249,
,,,,,,,,,,
119,121,"I",6,1.5812283268673,4.30838592994853,"I",6,1.5812283268673,4.30838592994853,
119,122,"IV",7,4.2526978216768,4.30389086015527,"IV",7,4.2526978216768,4.30389086015527,
119,123,"IV",6,3.53682923914913,4.65374088365475,"IV",6,3.53682923914913,4.65374088365475,
119,124,"I",6,3.21819531565291,5.01210500413185,"I",6,3.21819531565291,5.01210500413185,
119,125,"I",7,1.61021109047163,4.03574544581326,"I",7,1.61021109047163,4.03574544581326,
119,126,"IV",8,3.48563895442478,4.9784947889482,"I",8,3.58202825524261,4.9784947889482,0.0963893008178283
119,127,"IV",9,1.72853504093878,4.18252361237996,"IV",9,3.56762122981949,4.81911647296318,
119,128,"-VII",10,4.6820366190843,4.65945445001878,"-VII",9,6.22025134317518,2.19722762500478,
119,129,"-VII",8,3.82372398142576,2.39500793569451,"-VII",6,5.25977182466793,4.30844468066111,
119,130,"V",6,4.62615591040983,4.96959195429628,"V",4,4.79292160985879,4.88784825153062,
119,131,"V",4,3.25352859556702,4.37974082159931,"V",4,3.25352859556702,4.37974082159931,
,,,,,,,,,,
120,207,"-VII",6,4.88605751640939,3.46413871540186,"-VII",6,4.88605751640939,3.46413871540186,
120,208,"vi",5,5.46314295188294,4.31471758299588,"vi",5,5.46314295188294,4.31471758299588,
120,209,"vi",4,5.13621852635012,4.31703575104712,"vi",4,5.13621852635012,4.31703575104712,
120,210,"iii",3,5.27452589832276,5.06776983180325,"iii",3,5.27452589832276,5.06776983180325,
120,211,"iii",3,2.82464405792975,4.77556087610754,"iii",3,2.82464405792975,4.77556087610754,
120,212,"ii",4,4.95957348871006,4.96349494453327,"III",4,4.86311767212918,4.96349494453327,0.0964558165808773
120,213,"IV",3,4.68993325663654,3.65954937558203,"IV",3,4.65673944353542,4.38977679904412,
120,214,"I",3,2.66966973620957,4.6350498652597,"I",3,4.7318741914478,4.68996609306569,
120,215,"I",4,2.88969040501005,5.00902197990155,"I",3,3.13811416512088,5.20672163193404,
120,216,"r",5,3.07946348650767,5.21349140053551,"r",4,3.0905564917288,5.12805686521337,
120,217,"r",5,1.17942664782314,3.06680031000516,"r",4,1.47953886592333,3.32655819867945,
,,,,,,,,,,
