"Comparison","Row","Orig_Symbol","Orig_Order","Orig_IC","Orig_Entropy","Swap_Symbol","Swap_Order","Swap_IC","Swap_Entropy","Distance"
1,163,"iv",3,3.11016507286694,4.86026575559932,"iv",3,3.11016507286694,4.86026575559932,
1,164,"IV",4,5.61719820260734,4.94671721803832,"IV",4,5.61719820260734,4.94671721803832,
1,165,"iv",3,4.48003028956695,4.73276820830125,"iv",3,4.48003028956695,4.73276820830125,
1,166,"-VI",3,5.80772585309331,4.45485913512598,"-VI",3,5.80772585309331,4.45485913512598,
1,167,"-VII",3,2.04734207256218,4.81169144122483,"-VII",3,2.04734207256218,4.81169144122483,
1,168,"-vio",4,8.1080773035881,4.25754135520082,"#vo",4,8.1080773035881,4.25754135520082,0
1,169,"i",1,6.25327743937984,5.07122703826233,"i",1,6.7002765081131,3.84710272197226,
1,170,"-VI",1,5.29609543438466,5.44992395779,"-VI",1,5.29609543438466,5.44992395779,
1,171,"-VII",2,3.81441452470341,5.24642902044712,"-VII",2,3.81441452470341,5.24642902044712,
1,172,"-vio",3,7.72500725212842,4.74614861710058,"-vio",3,7.72500725212842,4.74614861710058,
1,173,"i",1,6.25327743937984,5.07122703826233,"i",1,6.25327743937984,5.07122703826233,
,,,,,,,,,,
2,163,"iv",3,3.11016507286694,4.86026575559932,"iv",3,3.11016507286694,4.86026575559932,
2,164,"IV",4,5.61719820260734,4.94671721803832,"IV",4,5.61719820260734,4.94671721803832,
2,165,"iv",3,4.48003028956695,4.73276820830125,"iv",3,4.48003028956695,4.73276820830125,
2,166,"-VI",3,5.80772585309331,4.45485913512598,"-VI",3,5.80772585309331,4.45485913512598,
2,167,"-VII",3,2.04734207256218,4.81169144122483,"-VII",3,2.04734207256218,4.81169144122483,
2,168,"-vio",4,8.1080773035881,4.25754135520082,"#V",4,8.1080773035881,4.25754135520082,0
2,169,"i",1,6.25327743937984,5.07122703826233,"i",1,6.296025462745,5.10810239393612,
2,170,"-VI",1,5.29609543438466,5.44992395779,"-VI",1,5.29609543438466,5.44992395779,
2,171,"-VII",2,3.81441452470341,5.24642902044712,"-VII",2,3.81441452470341,5.24642902044712,
2,172,"-vio",3,7.72500725212842,4.74614861710058,"-vio",3,7.72500725212842,4.74614861710058,
2,173,"i",1,6.25327743937984,5.07122703826233,"i",1,6.25327743937984,5.07122703826233,
,,,,,,,,,,
3,163,"iv",3,3.11016507286694,4.86026575559932,"iv",3,3.11016507286694,4.86026575559932,
3,164,"IV",4,5.61719820260734,4.94671721803832,"IV",4,5.61719820260734,4.94671721803832,
3,165,"iv",3,4.48003028956695,4.73276820830125,"iv",3,4.48003028956695,4.73276820830125,
3,166,"-VI",3,5.80772585309331,4.45485913512598,"-VI",3,5.80772585309331,4.45485913512598,
3,167,"-VII",3,2.04734207256218,4.81169144122483,"-VII",3,2.04734207256218,4.81169144122483,
3,168,"-vio",4,8.1080773035881,4.25754135520082,"I+",4,8.1080773035881,4.25754135520082,0
3,169,"i",1,6.25327743937984,5.07122703826233,"i",1,6.34779069667901,4.94848743638972,
3,170,"-VI",1,5.29609543438466,5.44992395779,"-VI",1,5.29609543438466,5.44992395779,
3,171,"-VII",2,3.81441452470341,5.24642902044712,"-VII",2,3.81441452470341,5.24642902044712,
3,172,"-vio",3,7.72500725212842,4.74614861710058,"-vio",3,7.72500725212842,4.74614861710058,
3,173,"i",1,6.25327743937984,5.07122703826233,"i",1,6.25327743937984,5.07122703826233,
,,,,,,,,,,
4,163,"iv",3,3.11016507286694,4.86026575559932,"iv",3,3.11016507286694,4.86026575559932,
4,164,"IV",4,5.61719820260734,4.94671721803832,"IV",4,5.61719820260734,4.94671721803832,
4,165,"iv",3,4.48003028956695,4.73276820830125,"iv",3,4.48003028956695,4.73276820830125,
4,166,"-VI",3,5.80772585309331,4.45485913512598,"-VI",3,5.80772585309331,4.45485913512598,
4,167,"-VII",3,2.04734207256218,4.81169144122483,"-VII",3,2.04734207256218,4.81169144122483,
4,168,"-vio",4,8.1080773035881,4.25754135520082,"-I",4,8.1080773035881,4.25754135520082,0
4,169,"i",1,6.25327743937984,5.07122703826233,"i",1,6.15356693319642,5.21942799144532,
4,170,"-VI",1,5.29609543438466,5.44992395779,"-VI",1,5.29609543438466,5.44992395779,
4,171,"-VII",2,3.81441452470341,5.24642902044712,"-VII",2,3.81441452470341,5.24642902044712,
4,172,"-vio",3,7.72500725212842,4.74614861710058,"-vio",3,7.72500725212842,4.74614861710058,
4,173,"i",1,6.25327743937984,5.07122703826233,"i",1,6.25327743937984,5.07122703826233,
,,,,,,,,,,
5,165,"iv",3,4.48003028956695,4.73276820830125,"iv",3,4.48003028956695,4.73276820830125,
5,166,"-VI",3,5.80772585309331,4.45485913512598,"-VI",3,5.80772585309331,4.45485913512598,
5,167,"-VII",3,2.04734207256218,4.81169144122483,"-VII",3,2.04734207256218,4.81169144122483,
5,168,"-vio",4,8.1080773035881,4.25754135520082,"-vio",4,8.1080773035881,4.25754135520082,
5,169,"i",1,6.25327743937984,5.07122703826233,"i",1,6.25327743937984,5.07122703826233,
5,170,"-VI",1,5.29609543438466,5.44992395779,"-III",1,5.29609543438466,5.44992395779,0
5,171,"-VII",2,3.81441452470341,5.24642902044712,"-VII",2,4.50860435510705,5.3249709845191,
5,172,"-vio",3,7.72500725212842,4.74614861710058,"-vio",3,7.59297891981133,4.61801065848489,
5,173,"i",1,6.25327743937984,5.07122703826233,"i",1,6.25327743937984,5.07122703826233,
5,174,"-VI",1,5.29609543438466,5.44992395779,"-VI",1,5.29609543438466,5.44992395779,
5,175,"-VII",2,3.81441452470341,5.24642902044712,"-VII",2,3.81441452470341,5.24642902044712,
,,,,,,,,,,
6,167,"-VII",3,2.04734207256218,4.81169144122483,"-VII",3,2.04734207256218,4.81169144122483,
6,168,"-vio",4,8.1080773035881,4.25754135520082,"-vio",4,8.1080773035881,4.25754135520082,
6,169,"i",1,6.25327743937984,5.07122703826233,"i",1,6.25327743937984,5.07122703826233,
6,170,"-VI",1,5.29609543438466,5.44992395779,"-VI",1,5.29609543438466,5.44992395779,
6,171,"-VII",2,3.81441452470341,5.24642902044712,"-VII",2,3.81441452470341,5.24642902044712,
6,172,"-vio",3,7.72500725212842,4.74614861710058,"#vo",3,7.72500725212842,4.74614861710058,0
6,173,"i",1,6.25327743937984,5.07122703826233,"i",1,6.7002765081131,3.84710272197226,
6,174,"-VI",1,5.29609543438466,5.44992395779,"-VI",1,5.29609543438466,5.44992395779,
6,175,"-VII",2,3.81441452470341,5.24642902044712,"-VII",2,3.81441452470341,5.24642902044712,
6,176,"-vio",3,7.72500725212842,4.74614861710058,"-vio",3,7.72500725212842,4.74614861710058,
6,177,"i",1,6.25327743937984,5.07122703826233,"i",1,6.25327743937984,5.07122703826233,
,,,,,,,,,,
7,167,"-VII",3,2.04734207256218,4.81169144122483,"-VII",3,2.04734207256218,4.81169144122483,
7,168,"-vio",4,8.1080773035881,4.25754135520082,"-vio",4,8.1080773035881,4.25754135520082,
7,169,"i",1,6.25327743937984,5.07122703826233,"i",1,6.25327743937984,5.07122703826233,
7,170,"-VI",1,5.29609543438466,5.44992395779,"-VI",1,5.29609543438466,5.44992395779,
7,171,"-VII",2,3.81441452470341,5.24642902044712,"-VII",2,3.81441452470341,5.24642902044712,
7,172,"-vio",3,7.72500725212842,4.74614861710058,"#V",3,7.72500725212842,4.74614861710058,0
7,173,"i",1,6.25327743937984,5.07122703826233,"i",1,6.296025462745,5.10810239393612,
7,174,"-VI",1,5.29609543438466,5.44992395779,"-VI",1,5.29609543438466,5.44992395779,
7,175,"-VII",2,3.81441452470341,5.24642902044712,"-VII",2,3.81441452470341,5.24642902044712,
7,176,"-vio",3,7.72500725212842,4.74614861710058,"-vio",3,7.72500725212842,4.74614861710058,
7,177,"i",1,6.25327743937984,5.07122703826233,"i",1,6.25327743937984,5.07122703826233,
,,,,,,,,,,
8,167,"-VII",3,2.04734207256218,4.81169144122483,"-VII",3,2.04734207256218,4.81169144122483,
8,168,"-vio",4,8.1080773035881,4.25754135520082,"-vio",4,8.1080773035881,4.25754135520082,
8,169,"i",1,6.25327743937984,5.07122703826233,"i",1,6.25327743937984,5.07122703826233,
8,170,"-VI",1,5.29609543438466,5.44992395779,"-VI",1,5.29609543438466,5.44992395779,
8,171,"-VII",2,3.81441452470341,5.24642902044712,"-VII",2,3.81441452470341,5.24642902044712,
8,172,"-vio",3,7.72500725212842,4.74614861710058,"I+",3,7.72500725212842,4.74614861710058,0
8,173,"i",1,6.25327743937984,5.07122703826233,"i",1,6.34779069667901,4.94848743638972,
8,174,"-VI",1,5.29609543438466,5.44992395779,"-VI",1,5.29609543438466,5.44992395779,
8,175,"-VII",2,3.81441452470341,5.24642902044712,"-VII",2,3.81441452470341,5.24642902044712,
8,176,"-vio",3,7.72500725212842,4.74614861710058,"-vio",3,7.72500725212842,4.74614861710058,
8,177,"i",1,6.25327743937984,5.07122703826233,"i",1,6.25327743937984,5.07122703826233,
,,,,,,,,,,
9,167,"-VII",3,2.04734207256218,4.81169144122483,"-VII",3,2.04734207256218,4.81169144122483,
9,168,"-vio",4,8.1080773035881,4.25754135520082,"-vio",4,8.1080773035881,4.25754135520082,
9,169,"i",1,6.25327743937984,5.07122703826233,"i",1,6.25327743937984,5.07122703826233,
9,170,"-VI",1,5.29609543438466,5.44992395779,"-VI",1,5.29609543438466,5.44992395779,
9,171,"-VII",2,3.81441452470341,5.24642902044712,"-VII",2,3.81441452470341,5.24642902044712,
9,172,"-vio",3,7.72500725212842,4.74614861710058,"-I",3,7.72500725212842,4.74614861710058,0
9,173,"i",1,6.25327743937984,5.07122703826233,"i",1,6.15356693319642,5.21942799144532,
9,174,"-VI",1,5.29609543438466,5.44992395779,"-VI",1,5.29609543438466,5.44992395779,
9,175,"-VII",2,3.81441452470341,5.24642902044712,"-VII",2,3.81441452470341,5.24642902044712,
9,176,"-vio",3,7.72500725212842,4.74614861710058,"-vio",3,7.72500725212842,4.74614861710058,
9,177,"i",1,6.25327743937984,5.07122703826233,"i",1,6.25327743937984,5.07122703826233,
,,,,,,,,,,
10,169,"i",1,6.25327743937984,5.07122703826233,"i",1,6.25327743937984,5.07122703826233,
10,170,"-VI",1,5.29609543438466,5.44992395779,"-VI",1,5.29609543438466,5.44992395779,
10,171,"-VII",2,3.81441452470341,5.24642902044712,"-VII",2,3.81441452470341,5.24642902044712,
10,172,"-vio",3,7.72500725212842,4.74614861710058,"-vio",3,7.72500725212842,4.74614861710058,
10,173,"i",1,6.25327743937984,5.07122703826233,"i",1,6.25327743937984,5.07122703826233,
10,174,"-VI",1,5.29609543438466,5.44992395779,"-III",1,5.29609543438466,5.44992395779,0
10,175,"-VII",2,3.81441452470341,5.24642902044712,"-VII",2,4.50860435510705,5.3249709845191,
10,176,"-vio",3,7.72500725212842,4.74614861710058,"-vio",3,7.59297891981133,4.61801065848489,
10,177,"i",1,6.25327743937984,5.07122703826233,"i",1,6.25327743937984,5.07122703826233,
10,178,"iv",1,5.13962892985595,5.44992395779,"iv",1,5.13962892985595,5.44992395779,
10,179,"-VII",2,4.45121876805448,5.32061032137467,"-VII",2,4.45121876805448,5.32061032137467,
,,,,,,,,,,
11,171,"-VII",2,3.81441452470341,5.24642902044712,"-VII",2,3.81441452470341,5.24642902044712,
11,172,"-vio",3,7.72500725212842,4.74614861710058,"-vio",3,7.72500725212842,4.74614861710058,
11,173,"i",1,6.25327743937984,5.07122703826233,"i",1,6.25327743937984,5.07122703826233,
11,174,"-VI",1,5.29609543438466,5.44992395779,"-VI",1,5.29609543438466,5.44992395779,
11,175,"-VII",2,3.81441452470341,5.24642902044712,"-VII",2,3.81441452470341,5.24642902044712,
11,176,"-vio",3,7.72500725212842,4.74614861710058,"#vo",3,7.72500725212842,4.74614861710058,0
11,177,"i",1,6.25327743937984,5.07122703826233,"i",1,6.7002765081131,3.84710272197226,
11,178,"iv",1,5.13962892985595,5.44992395779,"iv",1,5.13962892985595,5.44992395779,
11,179,"-VII",2,4.45121876805448,5.32061032137467,"-VII",2,4.45121876805448,5.32061032137467,
11,180,"i",3,3.1323092639428,4.82616103089004,"i",3,3.1323092639428,4.82616103089004,
11,181,"-VII",4,4.29872698646288,4.46776146494272,"-VII",4,4.29872698646288,4.46776146494272,
,,,,,,,,,,
12,171,"-VII",2,3.81441452470341,5.24642902044712,"-VII",2,3.81441452470341,5.24642902044712,
12,172,"-vio",3,7.72500725212842,4.74614861710058,"-vio",3,7.72500725212842,4.74614861710058,
12,173,"i",1,6.25327743937984,5.07122703826233,"i",1,6.25327743937984,5.07122703826233,
12,174,"-VI",1,5.29609543438466,5.44992395779,"-VI",1,5.29609543438466,5.44992395779,
12,175,"-VII",2,3.81441452470341,5.24642902044712,"-VII",2,3.81441452470341,5.24642902044712,
12,176,"-vio",3,7.72500725212842,4.74614861710058,"#V",3,7.72500725212842,4.74614861710058,0
12,177,"i",1,6.25327743937984,5.07122703826233,"i",1,6.296025462745,5.10810239393612,
12,178,"iv",1,5.13962892985595,5.44992395779,"iv",1,5.13962892985595,5.44992395779,
12,179,"-VII",2,4.45121876805448,5.32061032137467,"-VII",2,4.45121876805448,5.32061032137467,
12,180,"i",3,3.1323092639428,4.82616103089004,"i",3,3.1323092639428,4.82616103089004,
12,181,"-VII",4,4.29872698646288,4.46776146494272,"-VII",4,4.29872698646288,4.46776146494272,
,,,,,,,,,,
13,171,"-VII",2,3.81441452470341,5.24642902044712,"-VII",2,3.81441452470341,5.24642902044712,
13,172,"-vio",3,7.72500725212842,4.74614861710058,"-vio",3,7.72500725212842,4.74614861710058,
13,173,"i",1,6.25327743937984,5.07122703826233,"i",1,6.25327743937984,5.07122703826233,
13,174,"-VI",1,5.29609543438466,5.44992395779,"-VI",1,5.29609543438466,5.44992395779,
13,175,"-VII",2,3.81441452470341,5.24642902044712,"-VII",2,3.81441452470341,5.24642902044712,
13,176,"-vio",3,7.72500725212842,4.74614861710058,"I+",3,7.72500725212842,4.74614861710058,0
13,177,"i",1,6.25327743937984,5.07122703826233,"i",1,6.34779069667901,4.94848743638972,
13,178,"iv",1,5.13962892985595,5.44992395779,"iv",1,5.13962892985595,5.44992395779,
13,179,"-VII",2,4.45121876805448,5.32061032137467,"-VII",2,4.45121876805448,5.32061032137467,
13,180,"i",3,3.1323092639428,4.82616103089004,"i",3,3.1323092639428,4.82616103089004,
13,181,"-VII",4,4.29872698646288,4.46776146494272,"-VII",4,4.29872698646288,4.46776146494272,
,,,,,,,,,,
14,171,"-VII",2,3.81441452470341,5.24642902044712,"-VII",2,3.81441452470341,5.24642902044712,
14,172,"-vio",3,7.72500725212842,4.74614861710058,"-vio",3,7.72500725212842,4.74614861710058,
14,173,"i",1,6.25327743937984,5.07122703826233,"i",1,6.25327743937984,5.07122703826233,
14,174,"-VI",1,5.29609543438466,5.44992395779,"-VI",1,5.29609543438466,5.44992395779,
14,175,"-VII",2,3.81441452470341,5.24642902044712,"-VII",2,3.81441452470341,5.24642902044712,
14,176,"-vio",3,7.72500725212842,4.74614861710058,"-I",3,7.72500725212842,4.74614861710058,0
14,177,"i",1,6.25327743937984,5.07122703826233,"i",1,6.15356693319642,5.21942799144532,
14,178,"iv",1,5.13962892985595,5.44992395779,"iv",1,5.13962892985595,5.44992395779,
14,179,"-VII",2,4.45121876805448,5.32061032137467,"-VII",2,4.45121876805448,5.32061032137467,
14,180,"i",3,3.1323092639428,4.82616103089004,"i",3,3.1323092639428,4.82616103089004,
14,181,"-VII",4,4.29872698646288,4.46776146494272,"-VII",4,4.29872698646288,4.46776146494272,
,,,,,,,,,,
15,57,"v",3,4.93949919453866,5.08622024836899,"v",3,4.93949919453866,5.08622024836899,
15,58,"i",3,2.97204632422328,4.8499198683613,"i",3,2.97204632422328,4.8499198683613,
15,59,"-VII",4,3.77078957272768,4.54438301589588,"-VII",4,3.77078957272768,4.54438301589588,
15,60,"iv",4,5.61224384111846,4.46600728774397,"iv",4,5.61224384111846,4.46600728774397,
15,61,"v",3,4.93949919453866,5.08622024836899,"v",3,4.93949919453866,5.08622024836899,
15,62,"-III",3,5.45363318280031,4.8499198683613,"IV",3,5.45088257178428,4.8499198683613,0.00275061101603491
15,63,"IV",3,4.51169253687943,4.71666865959078,"IV",2,3.9783037878006,5.35977383501647,
15,64,"i",3,4.55398585213144,4.70585046782857,"i",3,4.50274408313004,5.14229508973973,
15,65,"-VII",3,4.92933386743093,5.191855954283,"-VII",4,4.37192511142919,4.6884813707417,
15,66,"iv",3,5.28892710280831,5.01040228020619,"iv",4,5.53083728686019,4.70462273516829,
15,67,"v",3,4.93949919453866,5.08622024836899,"v",3,4.93949919453866,5.08622024836899,
,,,,,,,,,,
16,121,"v",3,4.93949919453866,5.08622024836899,"v",3,4.93949919453866,5.08622024836899,
16,122,"i",3,2.97204632422328,4.8499198683613,"i",3,2.97204632422328,4.8499198683613,
16,123,"-VII",4,3.77078957272768,4.54438301589588,"-VII",4,3.77078957272768,4.54438301589588,
16,124,"iv",4,5.61224384111846,4.46600728774397,"iv",4,5.61224384111846,4.46600728774397,
16,125,"v",3,4.93949919453866,5.08622024836899,"v",3,4.93949919453866,5.08622024836899,
16,126,"-III",3,5.45363318280031,4.8499198683613,"IV",3,5.45088257178428,4.8499198683613,0.00275061101603491
16,127,"IV",3,4.51169253687943,4.71666865959078,"IV",2,3.9783037878006,5.35977383501647,
16,128,"i",3,4.55398585213144,4.70585046782857,"i",3,4.50274408313004,5.14229508973973,
16,129,"-VII",3,4.92933386743093,5.191855954283,"-VII",4,4.37192511142919,4.6884813707417,
16,130,"iv",3,5.28892710280831,5.01040228020619,"iv",4,5.53083728686019,4.70462273516829,
16,131,"v",3,4.93949919453866,5.08622024836899,"v",3,4.93949919453866,5.08622024836899,
,,,,,,,,,,
17,213,"v",3,4.93949919453866,5.08622024836899,"v",3,4.93949919453866,5.08622024836899,
17,214,"i",3,2.97204632422328,4.8499198683613,"i",3,2.97204632422328,4.8499198683613,
17,215,"-VII",4,3.77078957272768,4.54438301589588,"-VII",4,3.77078957272768,4.54438301589588,
17,216,"iv",4,5.61224384111846,4.46600728774397,"iv",4,5.61224384111846,4.46600728774397,
17,217,"v",3,4.93949919453866,5.08622024836899,"v",3,4.93949919453866,5.08622024836899,
17,218,"-III",3,5.45363318280031,4.8499198683613,"IV",3,5.45088257178428,4.8499198683613,0.00275061101603491
17,219,"IV",3,4.51169253687943,4.71666865959078,"IV",2,3.9783037878006,5.35977383501647,
17,220,"i",3,4.55398585213144,4.70585046782857,"i",3,4.50274408313004,5.14229508973973,
17,221,"-VII",3,4.92933386743093,5.191855954283,"-VII",4,4.37192511142919,4.6884813707417,
17,222,"iv",3,5.28892710280831,5.01040228020619,"iv",4,5.53083728686019,4.70462273516829,
17,223,"v",3,4.93949919453866,5.08622024836899,"v",3,4.93949919453866,5.08622024836899,
,,,,,,,,,,
18,231,"v",3,4.93949919453866,5.08622024836899,"v",3,4.93949919453866,5.08622024836899,
18,232,"i",3,2.97204632422328,4.8499198683613,"i",3,2.97204632422328,4.8499198683613,
18,233,"-VII",4,3.77078957272768,4.54438301589588,"-VII",4,3.77078957272768,4.54438301589588,
18,234,"iv",4,5.61224384111846,4.46600728774397,"iv",4,5.61224384111846,4.46600728774397,
18,235,"v",3,4.93949919453866,5.08622024836899,"v",3,4.93949919453866,5.08622024836899,
18,236,"-III",3,5.45363318280031,4.8499198683613,"IV",3,5.45088257178428,4.8499198683613,0.00275061101603491
18,237,"IV",3,4.51169253687943,4.71666865959078,"IV",2,3.9783037878006,5.35977383501647,
18,238,"i",3,4.55398585213144,4.70585046782857,"i",3,4.50274408313004,5.14229508973973,
18,239,"-VII",3,4.92933386743093,5.191855954283,"-VII",4,4.37192511142919,4.6884813707417,
18,240,"iv",3,5.28892710280831,5.01040228020619,"iv",4,5.53083728686019,4.70462273516829,
18,241,"v",3,4.93949919453866,5.08622024836899,"v",3,4.93949919453866,5.08622024836899,
,,,,,,,,,,
19,249,"v",3,4.93949919453866,5.08622024836899,"v",3,4.93949919453866,5.08622024836899,
19,250,"i",3,2.97204632422328,4.8499198683613,"i",3,2.97204632422328,4.8499198683613,
19,251,"-VII",4,3.77078957272768,4.54438301589588,"-VII",4,3.77078957272768,4.54438301589588,
19,252,"iv",4,5.61224384111846,4.46600728774397,"iv",4,5.61224384111846,4.46600728774397,
19,253,"v",3,4.93949919453866,5.08622024836899,"v",3,4.93949919453866,5.08622024836899,
19,254,"-III",3,5.45363318280031,4.8499198683613,"IV",3,5.45088257178428,4.8499198683613,0.00275061101603491
19,255,"IV",3,4.51169253687943,4.71666865959078,"IV",2,3.9783037878006,5.35977383501647,
19,256,"i",3,4.55398585213144,4.70585046782857,"i",3,4.50274408313004,5.14229508973973,
19,257,"-VII",3,4.92933386743093,5.191855954283,"-VII",4,4.37192511142919,4.6884813707417,
19,258,"iv",3,5.28892710280831,5.01040228020619,"iv",4,5.53083728686019,4.70462273516829,
19,259,"v",3,4.93949919453866,5.08622024836899,"v",3,4.93949919453866,5.08622024836899,
,,,,,,,,,,
20,259,"v",3,4.93949919453866,5.08622024836899,"v",3,4.93949919453866,5.08622024836899,
20,260,"i",3,2.97204632422328,4.8499198683613,"i",3,2.97204632422328,4.8499198683613,
20,261,"-VII",4,3.77078957272768,4.54438301589588,"-VII",4,3.77078957272768,4.54438301589588,
20,262,"iv",4,5.61224384111846,4.46600728774397,"iv",4,5.61224384111846,4.46600728774397,
20,263,"v",3,4.93949919453866,5.08622024836899,"v",3,4.93949919453866,5.08622024836899,
20,264,"-III",3,5.45363318280031,4.8499198683613,"IV",3,5.45088257178428,4.8499198683613,0.00275061101603491
20,265,"IV",3,4.51169253687943,4.71666865959078,"IV",2,3.9783037878006,5.35977383501647,
20,266,"r",3,2.61741617873023,4.70585046782857,"r",3,3.03974308765172,5.14229508973973,
20,267,"r",3,0.617205339920308,2.30730109769773,"r",4,1.05197715319907,2.91951353326144,
,,,,,,,,,,
21,173,"i",1,6.25327743937984,5.07122703826233,"i",1,6.25327743937984,5.07122703826233,
21,174,"-VI",1,5.29609543438466,5.44992395779,"-VI",1,5.29609543438466,5.44992395779,
21,175,"-VII",2,3.81441452470341,5.24642902044712,"-VII",2,3.81441452470341,5.24642902044712,
21,176,"-vio",3,7.72500725212842,4.74614861710058,"-vio",3,7.72500725212842,4.74614861710058,
21,177,"i",1,6.25327743937984,5.07122703826233,"i",1,6.25327743937984,5.07122703826233,
21,178,"iv",1,5.13962892985595,5.44992395779,"I",1,5.14327978386891,5.44992395779,0.00365085401295673
21,179,"-VII",2,4.45121876805448,5.32061032137467,"-VII",2,4.57411810156723,5.39440976372751,
21,180,"i",3,3.1323092639428,4.82616103089004,"i",3,5.79395869080918,4.29473802135047,
21,181,"-VII",4,4.29872698646288,4.46776146494272,"-VII",3,4.46046820805403,4.76016777498379,
21,182,"-VI",4,3.74585343509831,4.72339678060877,"-VI",3,3.494541057407,5.0510412195613,
21,183,"v",4,4.34310876191453,4.78910353703338,"v",4,4.34310876191453,4.78910353703338,
,,,,,,,,,,
22,164,"IV",4,5.61719820260734,4.94671721803832,"IV",4,5.61719820260734,4.94671721803832,
22,165,"iv",3,4.48003028956695,4.73276820830125,"iv",3,4.48003028956695,4.73276820830125,
22,166,"-VI",3,5.80772585309331,4.45485913512598,"-VI",3,5.80772585309331,4.45485913512598,
22,167,"-VII",3,2.04734207256218,4.81169144122483,"-VII",3,2.04734207256218,4.81169144122483,
22,168,"-vio",4,8.1080773035881,4.25754135520082,"-vio",4,8.1080773035881,4.25754135520082,
22,169,"i",1,6.25327743937984,5.07122703826233,"ii",1,6.23640362081544,5.07122703826233,0.0168738185643962
22,170,"-VI",1,5.29609543438466,5.44992395779,"-VI",1,5.47300543673723,5.4477733533856,
22,171,"-VII",2,3.81441452470341,5.24642902044712,"-VII",2,4.18742509250024,4.94333419044751,
22,172,"-vio",3,7.72500725212842,4.74614861710058,"-vio",3,7.98642391049935,4.10171637734334,
22,173,"i",1,6.25327743937984,5.07122703826233,"i",1,6.25327743937984,5.07122703826233,
22,174,"-VI",1,5.29609543438466,5.44992395779,"-VI",1,5.29609543438466,5.44992395779,
,,,,,,,,,,
23,168,"-vio",4,8.1080773035881,4.25754135520082,"-vio",4,8.1080773035881,4.25754135520082,
23,169,"i",1,6.25327743937984,5.07122703826233,"i",1,6.25327743937984,5.07122703826233,
23,170,"-VI",1,5.29609543438466,5.44992395779,"-VI",1,5.29609543438466,5.44992395779,
23,171,"-VII",2,3.81441452470341,5.24642902044712,"-VII",2,3.81441452470341,5.24642902044712,
23,172,"-vio",3,7.72500725212842,4.74614861710058,"-vio",3,7.72500725212842,4.74614861710058,
23,173,"i",1,6.25327743937984,5.07122703826233,"ii",1,6.23640362081544,5.07122703826233,0.0168738185643962
23,174,"-VI",1,5.29609543438466,5.44992395779,"-VI",1,5.47300543673723,5.4477733533856,
23,175,"-VII",2,3.81441452470341,5.24642902044712,"-VII",2,4.18742509250024,4.94333419044751,
23,176,"-vio",3,7.72500725212842,4.74614861710058,"-vio",3,7.98642391049935,4.10171637734334,
23,177,"i",1,6.25327743937984,5.07122703826233,"i",1,6.25327743937984,5.07122703826233,
23,178,"iv",1,5.13962892985595,5.44992395779,"iv",1,5.13962892985595,5.44992395779,
,,,,,,,,,,
24,172,"-vio",3,7.72500725212842,4.74614861710058,"-vio",3,7.72500725212842,4.74614861710058,
24,173,"i",1,6.25327743937984,5.07122703826233,"i",1,6.25327743937984,5.07122703826233,
24,174,"-VI",1,5.29609543438466,5.44992395779,"-VI",1,5.29609543438466,5.44992395779,
24,175,"-VII",2,3.81441452470341,5.24642902044712,"-VII",2,3.81441452470341,5.24642902044712,
24,176,"-vio",3,7.72500725212842,4.74614861710058,"-vio",3,7.72500725212842,4.74614861710058,
24,177,"i",1,6.25327743937984,5.07122703826233,"ii",1,6.23640362081544,5.07122703826233,0.0168738185643962
24,178,"iv",1,5.13962892985595,5.44992395779,"iv",1,5.61919800572819,5.4477733533856,
24,179,"-VII",2,4.45121876805448,5.32061032137467,"-VII",2,4.69777777956742,5.40462908598813,
24,180,"i",3,3.1323092639428,4.82616103089004,"i",3,4.24854973921912,4.46096710230239,
24,181,"-VII",4,4.29872698646288,4.46776146494272,"-VII",3,3.91976271471374,4.89210511327004,
24,182,"-VI",4,3.74585343509831,4.72339678060877,"-VI",4,3.74585343509831,4.72339678060877,
,,,,,,,,,,
25,199,"v",4,2.8156205914114,4.58577153190158,"v",4,2.8156205914114,4.58577153190158,
25,200,"iv",5,3.60089127128266,4.48059357202431,"iv",5,3.60089127128266,4.48059357202431,
25,201,"V",4,4.30566669323483,4.84649170798147,"V",4,4.30566669323483,4.84649170798147,
25,202,"i",4,2.61068765465848,4.67353240853867,"i",4,2.61068765465848,4.67353240853867,
25,203,"-VII",4,5.14480099256562,4.43020309703653,"-VII",4,5.14480099256562,4.43020309703653,
25,204,"iv",3,5.3432477428675,4.98704824427134,"v",3,5.36293083450267,4.98704824427134,0.0196830916351676
25,205,"v",3,4.93949919453866,5.08622024836899,"v",3,4.95639662205559,5.05731342367114,
25,206,"i",3,2.97204632422328,4.8499198683613,"i",3,2.1578482689948,4.8176938392812,
25,207,"-VII",4,3.77078957272768,4.54438301589588,"-VII",4,2.10901016689374,4.62115980754889,
25,208,"iv",4,5.61224384111846,4.46600728774397,"iv",4,5.56445342370915,4.49721365867229,
25,209,"v",3,4.93949919453866,5.08622024836899,"v",3,4.93949919453866,5.08622024836899,
,,,,,,,,,,
26,47,"-VII",3,3.44136812918867,4.98714056772645,"-VII",3,3.44136812918867,4.98714056772645,
26,48,"iv",4,4.69551610849497,4.29591988998608,"iv",4,4.69551610849497,4.29591988998608,
26,49,"v",4,5.24881662527568,4.60323794558646,"v",4,5.24881662527568,4.60323794558646,
26,50,"i",3,2.97204632422328,4.8499198683613,"i",3,2.97204632422328,4.8499198683613,
26,51,"-VII",4,3.77078957272768,4.54438301589588,"-VII",4,3.77078957272768,4.54438301589588,
26,52,"iv",4,5.61224384111846,4.46600728774397,"v",4,5.63192693275363,4.46600728774397,0.0196830916351685
26,53,"v",3,4.93949919453866,5.08622024836899,"v",3,4.95639662205559,5.05731342367114,
26,54,"i",3,2.97204632422328,4.8499198683613,"i",3,2.1578482689948,4.8176938392812,
26,55,"-VII",4,3.77078957272768,4.54438301589588,"-VII",4,2.10901016689374,4.62115980754889,
26,56,"iv",4,5.61224384111846,4.46600728774397,"iv",4,5.56445342370915,4.49721365867229,
26,57,"v",3,4.93949919453866,5.08622024836899,"v",3,4.93949919453866,5.08622024836899,
,,,,,,,,,,
27,51,"-VII",4,3.77078957272768,4.54438301589588,"-VII",4,3.77078957272768,4.54438301589588,
27,52,"iv",4,5.61224384111846,4.46600728774397,"iv",4,5.61224384111846,4.46600728774397,
27,53,"v",3,4.93949919453866,5.08622024836899,"v",3,4.93949919453866,5.08622024836899,
27,54,"i",3,2.97204632422328,4.8499198683613,"i",3,2.97204632422328,4.8499198683613,
27,55,"-VII",4,3.77078957272768,4.54438301589588,"-VII",4,3.77078957272768,4.54438301589588,
27,56,"iv",4,5.61224384111846,4.46600728774397,"v",4,5.63192693275363,4.46600728774397,0.0196830916351685
27,57,"v",3,4.93949919453866,5.08622024836899,"v",3,4.95639662205559,5.05731342367114,
27,58,"i",3,2.97204632422328,4.8499198683613,"i",3,2.1578482689948,4.8176938392812,
27,59,"-VII",4,3.77078957272768,4.54438301589588,"-VII",4,2.10901016689374,4.62115980754889,
27,60,"iv",4,5.61224384111846,4.46600728774397,"iv",4,5.56445342370915,4.49721365867229,
27,61,"v",3,4.93949919453866,5.08622024836899,"v",3,4.93949919453866,5.08622024836899,
,,,,,,,,,,
28,55,"-VII",4,3.77078957272768,4.54438301589588,"-VII",4,3.77078957272768,4.54438301589588,
28,56,"iv",4,5.61224384111846,4.46600728774397,"iv",4,5.61224384111846,4.46600728774397,
28,57,"v",3,4.93949919453866,5.08622024836899,"v",3,4.93949919453866,5.08622024836899,
28,58,"i",3,2.97204632422328,4.8499198683613,"i",3,2.97204632422328,4.8499198683613,
28,59,"-VII",4,3.77078957272768,4.54438301589588,"-VII",4,3.77078957272768,4.54438301589588,
28,60,"iv",4,5.61224384111846,4.46600728774397,"v",4,5.63192693275363,4.46600728774397,0.0196830916351685
28,61,"v",3,4.93949919453866,5.08622024836899,"v",3,4.95639662205559,5.05731342367114,
28,62,"-III",3,5.45363318280031,4.8499198683613,"-III",3,5.18978350523034,4.8176938392812,
28,63,"IV",3,4.51169253687943,4.71666865959078,"IV",3,4.50048837374269,4.90488251867027,
28,64,"i",3,4.55398585213144,4.70585046782857,"i",3,4.55398585213144,4.70585046782857,
28,65,"-VII",3,4.92933386743093,5.191855954283,"-VII",3,4.92933386743093,5.191855954283,
,,,,,,,,,,
29,61,"v",3,4.93949919453866,5.08622024836899,"v",3,4.93949919453866,5.08622024836899,
29,62,"-III",3,5.45363318280031,4.8499198683613,"-III",3,5.45363318280031,4.8499198683613,
29,63,"IV",3,4.51169253687943,4.71666865959078,"IV",3,4.51169253687943,4.71666865959078,
29,64,"i",3,4.55398585213144,4.70585046782857,"i",3,4.55398585213144,4.70585046782857,
29,65,"-VII",3,4.92933386743093,5.191855954283,"-VII",3,4.92933386743093,5.191855954283,
29,66,"iv",3,5.28892710280831,5.01040228020619,"v",3,5.30861019444348,5.01040228020619,0.0196830916351685
29,67,"v",3,4.93949919453866,5.08622024836899,"v",3,4.95639662205559,5.05731342367114,
29,68,"i",3,2.97204632422328,4.8499198683613,"i",3,2.1578482689948,4.8176938392812,
29,69,"-VII",4,3.77078957272768,4.54438301589588,"-VII",4,2.10901016689374,4.62115980754889,
29,70,"iv",4,5.61224384111846,4.46600728774397,"iv",4,5.56445342370915,4.49721365867229,
29,71,"v",3,4.93949919453866,5.08622024836899,"v",3,4.93949919453866,5.08622024836899,
,,,,,,,,,,
30,65,"-VII",3,4.92933386743093,5.191855954283,"-VII",3,4.92933386743093,5.191855954283,
30,66,"iv",3,5.28892710280831,5.01040228020619,"iv",3,5.28892710280831,5.01040228020619,
30,67,"v",3,4.93949919453866,5.08622024836899,"v",3,4.93949919453866,5.08622024836899,
30,68,"i",3,2.97204632422328,4.8499198683613,"i",3,2.97204632422328,4.8499198683613,
30,69,"-VII",4,3.77078957272768,4.54438301589588,"-VII",4,3.77078957272768,4.54438301589588,
30,70,"iv",4,5.61224384111846,4.46600728774397,"v",4,5.63192693275363,4.46600728774397,0.0196830916351685
30,71,"v",3,4.93949919453866,5.08622024836899,"v",3,4.95639662205559,5.05731342367114,
30,72,"i",3,2.97204632422328,4.8499198683613,"i",3,2.1578482689948,4.8176938392812,
30,73,"-VII",4,3.77078957272768,4.54438301589588,"-VII",4,2.10901016689374,4.62115980754889,
30,74,"iv",4,5.61224384111846,4.46600728774397,"iv",4,5.56445342370915,4.49721365867229,
30,75,"v",3,4.93949919453866,5.08622024836899,"v",3,4.93949919453866,5.08622024836899,
,,,,,,,,,,
31,69,"-VII",4,3.77078957272768,4.54438301589588,"-VII",4,3.77078957272768,4.54438301589588,
31,70,"iv",4,5.61224384111846,4.46600728774397,"iv",4,5.61224384111846,4.46600728774397,
31,71,"v",3,4.93949919453866,5.08622024836899,"v",3,4.93949919453866,5.08622024836899,
31,72,"i",3,2.97204632422328,4.8499198683613,"i",3,2.97204632422328,4.8499198683613,
31,73,"-VII",4,3.77078957272768,4.54438301589588,"-VII",4,3.77078957272768,4.54438301589588,
31,74,"iv",4,5.61224384111846,4.46600728774397,"v",4,5.63192693275363,4.46600728774397,0.0196830916351685
31,75,"v",3,4.93949919453866,5.08622024836899,"v",3,4.95639662205559,5.05731342367114,
31,76,"-VI",3,3.522888623656,4.8499198683613,"-VI",3,4.89337337755868,4.8176938392812,
31,77,"v",4,4.10389992064665,4.50066764071149,"v",3,4.9409908776185,5.1103899120494,
31,78,"iv",4,2.20380563933569,4.41058407306692,"iv",3,2.64919579000082,4.75921282264896,
31,79,"IV",5,5.92417897884492,4.44549728971756,"IV",4,5.6350913122219,4.93506078587845,
,,,,,,,,,,
32,111,"-VII",3,3.44136812918867,4.98714056772645,"-VII",3,3.44136812918867,4.98714056772645,
32,112,"iv",4,4.69551610849497,4.29591988998608,"iv",4,4.69551610849497,4.29591988998608,
32,113,"v",4,5.24881662527568,4.60323794558646,"v",4,5.24881662527568,4.60323794558646,
32,114,"i",3,2.97204632422328,4.8499198683613,"i",3,2.97204632422328,4.8499198683613,
32,115,"-VII",4,3.77078957272768,4.54438301589588,"-VII",4,3.77078957272768,4.54438301589588,
32,116,"iv",4,5.61224384111846,4.46600728774397,"v",4,5.63192693275363,4.46600728774397,0.0196830916351685
32,117,"v",3,4.93949919453866,5.08622024836899,"v",3,4.95639662205559,5.05731342367114,
32,118,"i",3,2.97204632422328,4.8499198683613,"i",3,2.1578482689948,4.8176938392812,
32,119,"-VII",4,3.77078957272768,4.54438301589588,"-VII",4,2.10901016689374,4.62115980754889,
32,120,"iv",4,5.61224384111846,4.46600728774397,"iv",4,5.56445342370915,4.49721365867229,
32,121,"v",3,4.93949919453866,5.08622024836899,"v",3,4.93949919453866,5.08622024836899,
,,,,,,,,,,
33,115,"-VII",4,3.77078957272768,4.54438301589588,"-VII",4,3.77078957272768,4.54438301589588,
33,116,"iv",4,5.61224384111846,4.46600728774397,"iv",4,5.61224384111846,4.46600728774397,
33,117,"v",3,4.93949919453866,5.08622024836899,"v",3,4.93949919453866,5.08622024836899,
33,118,"i",3,2.97204632422328,4.8499198683613,"i",3,2.97204632422328,4.8499198683613,
33,119,"-VII",4,3.77078957272768,4.54438301589588,"-VII",4,3.77078957272768,4.54438301589588,
33,120,"iv",4,5.61224384111846,4.46600728774397,"v",4,5.63192693275363,4.46600728774397,0.0196830916351685
33,121,"v",3,4.93949919453866,5.08622024836899,"v",3,4.95639662205559,5.05731342367114,
33,122,"i",3,2.97204632422328,4.8499198683613,"i",3,2.1578482689948,4.8176938392812,
33,123,"-VII",4,3.77078957272768,4.54438301589588,"-VII",4,2.10901016689374,4.62115980754889,
33,124,"iv",4,5.61224384111846,4.46600728774397,"iv",4,5.56445342370915,4.49721365867229,
33,125,"v",3,4.93949919453866,5.08622024836899,"v",3,4.93949919453866,5.08622024836899,
,,,,,,,,,,
34,119,"-VII",4,3.77078957272768,4.54438301589588,"-VII",4,3.77078957272768,4.54438301589588,
34,120,"iv",4,5.61224384111846,4.46600728774397,"iv",4,5.61224384111846,4.46600728774397,
34,121,"v",3,4.93949919453866,5.08622024836899,"v",3,4.93949919453866,5.08622024836899,
34,122,"i",3,2.97204632422328,4.8499198683613,"i",3,2.97204632422328,4.8499198683613,
34,123,"-VII",4,3.77078957272768,4.54438301589588,"-VII",4,3.77078957272768,4.54438301589588,
34,124,"iv",4,5.61224384111846,4.46600728774397,"v",4,5.63192693275363,4.46600728774397,0.0196830916351685
34,125,"v",3,4.93949919453866,5.08622024836899,"v",3,4.95639662205559,5.05731342367114,
34,126,"-III",3,5.45363318280031,4.8499198683613,"-III",3,5.18978350523034,4.8176938392812,
34,127,"IV",3,4.51169253687943,4.71666865959078,"IV",3,4.50048837374269,4.90488251867027,
34,128,"i",3,4.55398585213144,4.70585046782857,"i",3,4.55398585213144,4.70585046782857,
34,129,"-VII",3,4.92933386743093,5.191855954283,"-VII",3,4.92933386743093,5.191855954283,
,,,,,,,,,,
35,125,"v",3,4.93949919453866,5.08622024836899,"v",3,4.93949919453866,5.08622024836899,
35,126,"-III",3,5.45363318280031,4.8499198683613,"-III",3,5.45363318280031,4.8499198683613,
35,127,"IV",3,4.51169253687943,4.71666865959078,"IV",3,4.51169253687943,4.71666865959078,
35,128,"i",3,4.55398585213144,4.70585046782857,"i",3,4.55398585213144,4.70585046782857,
35,129,"-VII",3,4.92933386743093,5.191855954283,"-VII",3,4.92933386743093,5.191855954283,
35,130,"iv",3,5.28892710280831,5.01040228020619,"v",3,5.30861019444348,5.01040228020619,0.0196830916351685
35,131,"v",3,4.93949919453866,5.08622024836899,"v",3,4.95639662205559,5.05731342367114,
35,132,"i",3,2.97204632422328,4.8499198683613,"i",3,2.1578482689948,4.8176938392812,
35,133,"-VII",4,3.77078957272768,4.54438301589588,"-VII",4,2.10901016689374,4.62115980754889,
35,134,"iv",4,5.61224384111846,4.46600728774397,"iv",4,5.56445342370915,4.49721365867229,
35,135,"v",3,4.93949919453866,5.08622024836899,"v",3,4.93949919453866,5.08622024836899,
,,,,,,,,,,
36,129,"-VII",3,4.92933386743093,5.191855954283,"-VII",3,4.92933386743093,5.191855954283,
36,130,"iv",3,5.28892710280831,5.01040228020619,"iv",3,5.28892710280831,5.01040228020619,
36,131,"v",3,4.93949919453866,5.08622024836899,"v",3,4.93949919453866,5.08622024836899,
36,132,"i",3,2.97204632422328,4.8499198683613,"i",3,2.97204632422328,4.8499198683613,
36,133,"-VII",4,3.77078957272768,4.54438301589588,"-VII",4,3.77078957272768,4.54438301589588,
36,134,"iv",4,5.61224384111846,4.46600728774397,"v",4,5.63192693275363,4.46600728774397,0.0196830916351685
36,135,"v",3,4.93949919453866,5.08622024836899,"v",3,4.95639662205559,5.05731342367114,
36,136,"i",3,2.97204632422328,4.8499198683613,"i",3,2.1578482689948,4.8176938392812,
36,137,"-VII",4,3.77078957272768,4.54438301589588,"-VII",4,2.10901016689374,4.62115980754889,
36,138,"iv",4,5.61224384111846,4.46600728774397,"iv",4,5.56445342370915,4.49721365867229,
36,139,"v",3,4.93949919453866,5.08622024836899,"v",3,4.93949919453866,5.08622024836899,
,,,,,,,,,,
37,133,"-VII",4,3.77078957272768,4.54438301589588,"-VII",4,3.77078957272768,4.54438301589588,
37,134,"iv",4,5.61224384111846,4.46600728774397,"iv",4,5.61224384111846,4.46600728774397,
37,135,"v",3,4.93949919453866,5.08622024836899,"v",3,4.93949919453866,5.08622024836899,
37,136,"i",3,2.97204632422328,4.8499198683613,"i",3,2.97204632422328,4.8499198683613,
37,137,"-VII",4,3.77078957272768,4.54438301589588,"-VII",4,3.77078957272768,4.54438301589588,
37,138,"iv",4,5.61224384111846,4.46600728774397,"v",4,5.63192693275363,4.46600728774397,0.0196830916351685
37,139,"v",3,4.93949919453866,5.08622024836899,"v",3,4.95639662205559,5.05731342367114,
37,140,"-VI",3,3.522888623656,4.8499198683613,"-VI",3,4.89337337755868,4.8176938392812,
37,141,"v",4,4.10389992064665,4.50066764071149,"v",3,4.9409908776185,5.1103899120494,
37,142,"iv",4,2.20380563933569,4.41058407306692,"iv",3,2.64919579000082,4.75921282264896,
37,143,"IV",5,5.92417897884492,4.44549728971756,"IV",4,5.6350913122219,4.93506078587845,
,,,,,,,,,,
38,203,"-VII",4,5.14480099256562,4.43020309703653,"-VII",4,5.14480099256562,4.43020309703653,
38,204,"iv",3,5.3432477428675,4.98704824427134,"iv",3,5.3432477428675,4.98704824427134,
38,205,"v",3,4.93949919453866,5.08622024836899,"v",3,4.93949919453866,5.08622024836899,
38,206,"i",3,2.97204632422328,4.8499198683613,"i",3,2.97204632422328,4.8499198683613,
38,207,"-VII",4,3.77078957272768,4.54438301589588,"-VII",4,3.77078957272768,4.54438301589588,
38,208,"iv",4,5.61224384111846,4.46600728774397,"v",4,5.63192693275363,4.46600728774397,0.0196830916351685
38,209,"v",3,4.93949919453866,5.08622024836899,"v",3,4.95639662205559,5.05731342367114,
38,210,"i",3,2.97204632422328,4.8499198683613,"i",3,2.1578482689948,4.8176938392812,
38,211,"-VII",4,3.77078957272768,4.54438301589588,"-VII",4,2.10901016689374,4.62115980754889,
38,212,"iv",4,5.61224384111846,4.46600728774397,"iv",4,5.56445342370915,4.49721365867229,
38,213,"v",3,4.93949919453866,5.08622024836899,"v",3,4.93949919453866,5.08622024836899,
,,,,,,,,,,
39,207,"-VII",4,3.77078957272768,4.54438301589588,"-VII",4,3.77078957272768,4.54438301589588,
39,208,"iv",4,5.61224384111846,4.46600728774397,"iv",4,5.61224384111846,4.46600728774397,
39,209,"v",3,4.93949919453866,5.08622024836899,"v",3,4.93949919453866,5.08622024836899,
39,210,"i",3,2.97204632422328,4.8499198683613,"i",3,2.97204632422328,4.8499198683613,
39,211,"-VII",4,3.77078957272768,4.54438301589588,"-VII",4,3.77078957272768,4.54438301589588,
39,212,"iv",4,5.61224384111846,4.46600728774397,"v",4,5.63192693275363,4.46600728774397,0.0196830916351685
39,213,"v",3,4.93949919453866,5.08622024836899,"v",3,4.95639662205559,5.05731342367114,
39,214,"i",3,2.97204632422328,4.8499198683613,"i",3,2.1578482689948,4.8176938392812,
39,215,"-VII",4,3.77078957272768,4.54438301589588,"-VII",4,2.10901016689374,4.62115980754889,
39,216,"iv",4,5.61224384111846,4.46600728774397,"iv",4,5.56445342370915,4.49721365867229,
39,217,"v",3,4.93949919453866,5.08622024836899,"v",3,4.93949919453866,5.08622024836899,
,,,,,,,,,,
40,211,"-VII",4,3.77078957272768,4.54438301589588,"-VII",4,3.77078957272768,4.54438301589588,
40,212,"iv",4,5.61224384111846,4.46600728774397,"iv",4,5.61224384111846,4.46600728774397,
40,213,"v",3,4.93949919453866,5.08622024836899,"v",3,4.93949919453866,5.08622024836899,
40,214,"i",3,2.97204632422328,4.8499198683613,"i",3,2.97204632422328,4.8499198683613,
40,215,"-VII",4,3.77078957272768,4.54438301589588,"-VII",4,3.77078957272768,4.54438301589588,
40,216,"iv",4,5.61224384111846,4.46600728774397,"v",4,5.63192693275363,4.46600728774397,0.0196830916351685
40,217,"v",3,4.93949919453866,5.08622024836899,"v",3,4.95639662205559,5.05731342367114,
40,218,"-III",3,5.45363318280031,4.8499198683613,"-III",3,5.18978350523034,4.8176938392812,
40,219,"IV",3,4.51169253687943,4.71666865959078,"IV",3,4.50048837374269,4.90488251867027,
40,220,"i",3,4.55398585213144,4.70585046782857,"i",3,4.55398585213144,4.70585046782857,
40,221,"-VII",3,4.92933386743093,5.191855954283,"-VII",3,4.92933386743093,5.191855954283,
,,,,,,,,,,
41,217,"v",3,4.93949919453866,5.08622024836899,"v",3,4.93949919453866,5.08622024836899,
41,218,"-III",3,5.45363318280031,4.8499198683613,"-III",3,5.45363318280031,4.8499198683613,
41,219,"IV",3,4.51169253687943,4.71666865959078,"IV",3,4.51169253687943,4.71666865959078,
41,220,"i",3,4.55398585213144,4.70585046782857,"i",3,4.55398585213144,4.70585046782857,
41,221,"-VII",3,4.92933386743093,5.191855954283,"-VII",3,4.92933386743093,5.191855954283,
41,222,"iv",3,5.28892710280831,5.01040228020619,"v",3,5.30861019444348,5.01040228020619,0.0196830916351685
41,223,"v",3,4.93949919453866,5.08622024836899,"v",3,4.95639662205559,5.05731342367114,
41,224,"i",3,2.97204632422328,4.8499198683613,"i",3,2.1578482689948,4.8176938392812,
41,225,"-VII",4,3.77078957272768,4.54438301589588,"-VII",4,2.10901016689374,4.62115980754889,
41,226,"iv",4,5.61224384111846,4.46600728774397,"iv",4,5.56445342370915,4.49721365867229,
41,227,"v",3,4.93949919453866,5.08622024836899,"v",3,4.93949919453866,5.08622024836899,
,,,,,,,,,,
42,221,"-VII",3,4.92933386743093,5.191855954283,"-VII",3,4.92933386743093,5.191855954283,
42,222,"iv",3,5.28892710280831,5.01040228020619,"iv",3,5.28892710280831,5.01040228020619,
42,223,"v",3,4.93949919453866,5.08622024836899,"v",3,4.93949919453866,5.08622024836899,
42,224,"i",3,2.97204632422328,4.8499198683613,"i",3,2.97204632422328,4.8499198683613,
42,225,"-VII",4,3.77078957272768,4.54438301589588,"-VII",4,3.77078957272768,4.54438301589588,
42,226,"iv",4,5.61224384111846,4.46600728774397,"v",4,5.63192693275363,4.46600728774397,0.0196830916351685
42,227,"v",3,4.93949919453866,5.08622024836899,"v",3,4.95639662205559,5.05731342367114,
42,228,"i",3,2.97204632422328,4.8499198683613,"i",3,2.1578482689948,4.8176938392812,
42,229,"-VII",4,3.77078957272768,4.54438301589588,"-VII",4,2.10901016689374,4.62115980754889,
42,230,"iv",4,5.61224384111846,4.46600728774397,"iv",4,5.56445342370915,4.49721365867229,
42,231,"v",3,4.93949919453866,5.08622024836899,"v",3,4.93949919453866,5.08622024836899,
,,,,,,,,,,
43,225,"-VII",4,3.77078957272768,4.54438301589588,"-VII",4,3.77078957272768,4.54438301589588,
43,226,"iv",4,5.61224384111846,4.46600728774397,"iv",4,5.61224384111846,4.46600728774397,
43,227,"v",3,4.93949919453866,5.08622024836899,"v",3,4.93949919453866,5.08622024836899,
43,228,"i",3,2.97204632422328,4.8499198683613,"i",3,2.97204632422328,4.8499198683613,
43,229,"-VII",4,3.77078957272768,4.54438301589588,"-VII",4,3.77078957272768,4.54438301589588,
43,230,"iv",4,5.61224384111846,4.46600728774397,"v",4,5.63192693275363,4.46600728774397,0.0196830916351685
43,231,"v",3,4.93949919453866,5.08622024836899,"v",3,4.95639662205559,5.05731342367114,
43,232,"i",3,2.97204632422328,4.8499198683613,"i",3,2.1578482689948,4.8176938392812,
43,233,"-VII",4,3.77078957272768,4.54438301589588,"-VII",4,2.10901016689374,4.62115980754889,
43,234,"iv",4,5.61224384111846,4.46600728774397,"iv",4,5.56445342370915,4.49721365867229,
43,235,"v",3,4.93949919453866,5.08622024836899,"v",3,4.93949919453866,5.08622024836899,
,,,,,,,,,,
44,229,"-VII",4,3.77078957272768,4.54438301589588,"-VII",4,3.77078957272768,4.54438301589588,
44,230,"iv",4,5.61224384111846,4.46600728774397,"iv",4,5.61224384111846,4.46600728774397,
44,231,"v",3,4.93949919453866,5.08622024836899,"v",3,4.93949919453866,5.08622024836899,
44,232,"i",3,2.97204632422328,4.8499198683613,"i",3,2.97204632422328,4.8499198683613,
44,233,"-VII",4,3.77078957272768,4.54438301589588,"-VII",4,3.77078957272768,4.54438301589588,
44,234,"iv",4,5.61224384111846,4.46600728774397,"v",4,5.63192693275363,4.46600728774397,0.0196830916351685
44,235,"v",3,4.93949919453866,5.08622024836899,"v",3,4.95639662205559,5.05731342367114,
44,236,"-III",3,5.45363318280031,4.8499198683613,"-III",3,5.18978350523034,4.8176938392812,
44,237,"IV",3,4.51169253687943,4.71666865959078,"IV",3,4.50048837374269,4.90488251867027,
44,238,"i",3,4.55398585213144,4.70585046782857,"i",3,4.55398585213144,4.70585046782857,
44,239,"-VII",3,4.92933386743093,5.191855954283,"-VII",3,4.92933386743093,5.191855954283,
,,,,,,,,,,
45,235,"v",3,4.93949919453866,5.08622024836899,"v",3,4.93949919453866,5.08622024836899,
45,236,"-III",3,5.45363318280031,4.8499198683613,"-III",3,5.45363318280031,4.8499198683613,
45,237,"IV",3,4.51169253687943,4.71666865959078,"IV",3,4.51169253687943,4.71666865959078,
45,238,"i",3,4.55398585213144,4.70585046782857,"i",3,4.55398585213144,4.70585046782857,
45,239,"-VII",3,4.92933386743093,5.191855954283,"-VII",3,4.92933386743093,5.191855954283,
45,240,"iv",3,5.28892710280831,5.01040228020619,"v",3,5.30861019444348,5.01040228020619,0.0196830916351685
45,241,"v",3,4.93949919453866,5.08622024836899,"v",3,4.95639662205559,5.05731342367114,
45,242,"i",3,2.97204632422328,4.8499198683613,"i",3,2.1578482689948,4.8176938392812,
45,243,"-VII",4,3.77078957272768,4.54438301589588,"-VII",4,2.10901016689374,4.62115980754889,
45,244,"iv",4,5.61224384111846,4.46600728774397,"iv",4,5.56445342370915,4.49721365867229,
45,245,"v",3,4.93949919453866,5.08622024836899,"v",3,4.93949919453866,5.08622024836899,
,,,,,,,,,,
46,239,"-VII",3,4.92933386743093,5.191855954283,"-VII",3,4.92933386743093,5.191855954283,
46,240,"iv",3,5.28892710280831,5.01040228020619,"iv",3,5.28892710280831,5.01040228020619,
46,241,"v",3,4.93949919453866,5.08622024836899,"v",3,4.93949919453866,5.08622024836899,
46,242,"i",3,2.97204632422328,4.8499198683613,"i",3,2.97204632422328,4.8499198683613,
46,243,"-VII",4,3.77078957272768,4.54438301589588,"-VII",4,3.77078957272768,4.54438301589588,
46,244,"iv",4,5.61224384111846,4.46600728774397,"v",4,5.63192693275363,4.46600728774397,0.0196830916351685
46,245,"v",3,4.93949919453866,5.08622024836899,"v",3,4.95639662205559,5.05731342367114,
46,246,"i",3,2.97204632422328,4.8499198683613,"i",3,2.1578482689948,4.8176938392812,
46,247,"-VII",4,3.77078957272768,4.54438301589588,"-VII",4,2.10901016689374,4.62115980754889,
46,248,"iv",4,5.61224384111846,4.46600728774397,"iv",4,5.56445342370915,4.49721365867229,
46,249,"v",3,4.93949919453866,5.08622024836899,"v",3,4.93949919453866,5.08622024836899,
,,,,,,,,,,
47,243,"-VII",4,3.77078957272768,4.54438301589588,"-VII",4,3.77078957272768,4.54438301589588,
47,244,"iv",4,5.61224384111846,4.46600728774397,"iv",4,5.61224384111846,4.46600728774397,
47,245,"v",3,4.93949919453866,5.08622024836899,"v",3,4.93949919453866,5.08622024836899,
47,246,"i",3,2.97204632422328,4.8499198683613,"i",3,2.97204632422328,4.8499198683613,
47,247,"-VII",4,3.77078957272768,4.54438301589588,"-VII",4,3.77078957272768,4.54438301589588,
47,248,"iv",4,5.61224384111846,4.46600728774397,"v",4,5.63192693275363,4.46600728774397,0.0196830916351685
47,249,"v",3,4.93949919453866,5.08622024836899,"v",3,4.95639662205559,5.05731342367114,
47,250,"i",3,2.97204632422328,4.8499198683613,"i",3,2.1578482689948,4.8176938392812,
47,251,"-VII",4,3.77078957272768,4.54438301589588,"-VII",4,2.10901016689374,4.62115980754889,
47,252,"iv",4,5.61224384111846,4.46600728774397,"iv",4,5.56445342370915,4.49721365867229,
47,253,"v",3,4.93949919453866,5.08622024836899,"v",3,4.93949919453866,5.08622024836899,
,,,,,,,,,,
48,247,"-VII",4,3.77078957272768,4.54438301589588,"-VII",4,3.77078957272768,4.54438301589588,
48,248,"iv",4,5.61224384111846,4.46600728774397,"iv",4,5.61224384111846,4.46600728774397,
48,249,"v",3,4.93949919453866,5.08622024836899,"v",3,4.93949919453866,5.08622024836899,
48,250,"i",3,2.97204632422328,4.8499198683613,"i",3,2.97204632422328,4.8499198683613,
48,251,"-VII",4,3.77078957272768,4.54438301589588,"-VII",4,3.77078957272768,4.54438301589588,
48,252,"iv",4,5.61224384111846,4.46600728774397,"v",4,5.63192693275363,4.46600728774397,0.0196830916351685
48,253,"v",3,4.93949919453866,5.08622024836899,"v",3,4.95639662205559,5.05731342367114,
48,254,"-III",3,5.45363318280031,4.8499198683613,"-III",3,5.18978350523034,4.8176938392812,
48,255,"IV",3,4.51169253687943,4.71666865959078,"IV",3,4.50048837374269,4.90488251867027,
48,256,"i",3,4.55398585213144,4.70585046782857,"i",3,4.55398585213144,4.70585046782857,
48,257,"-VII",3,4.92933386743093,5.191855954283,"-VII",3,4.92933386743093,5.191855954283,
,,,,,,,,,,
49,253,"v",3,4.93949919453866,5.08622024836899,"v",3,4.93949919453866,5.08622024836899,
49,254,"-III",3,5.45363318280031,4.8499198683613,"-III",3,5.45363318280031,4.8499198683613,
49,255,"IV",3,4.51169253687943,4.71666865959078,"IV",3,4.51169253687943,4.71666865959078,
49,256,"i",3,4.55398585213144,4.70585046782857,"i",3,4.55398585213144,4.70585046782857,
49,257,"-VII",3,4.92933386743093,5.191855954283,"-VII",3,4.92933386743093,5.191855954283,
49,258,"iv",3,5.28892710280831,5.01040228020619,"v",3,5.30861019444348,5.01040228020619,0.0196830916351685
49,259,"v",3,4.93949919453866,5.08622024836899,"v",3,4.95639662205559,5.05731342367114,
49,260,"i",3,2.97204632422328,4.8499198683613,"i",3,2.1578482689948,4.8176938392812,
49,261,"-VII",4,3.77078957272768,4.54438301589588,"-VII",4,2.10901016689374,4.62115980754889,
49,262,"iv",4,5.61224384111846,4.46600728774397,"iv",4,5.56445342370915,4.49721365867229,
49,263,"v",3,4.93949919453866,5.08622024836899,"v",3,4.93949919453866,5.08622024836899,
,,,,,,,,,,
50,257,"-VII",3,4.92933386743093,5.191855954283,"-VII",3,4.92933386743093,5.191855954283,
50,258,"iv",3,5.28892710280831,5.01040228020619,"iv",3,5.28892710280831,5.01040228020619,
50,259,"v",3,4.93949919453866,5.08622024836899,"v",3,4.93949919453866,5.08622024836899,
50,260,"i",3,2.97204632422328,4.8499198683613,"i",3,2.97204632422328,4.8499198683613,
50,261,"-VII",4,3.77078957272768,4.54438301589588,"-VII",4,3.77078957272768,4.54438301589588,
50,262,"iv",4,5.61224384111846,4.46600728774397,"v",4,5.63192693275363,4.46600728774397,0.0196830916351685
50,263,"v",3,4.93949919453866,5.08622024836899,"v",3,4.95639662205559,5.05731342367114,
50,264,"-III",3,5.45363318280031,4.8499198683613,"-III",3,5.18978350523034,4.8176938392812,
50,265,"IV",3,4.51169253687943,4.71666865959078,"IV",3,4.50048837374269,4.90488251867027,
50,266,"r",3,2.61741617873023,4.70585046782857,"r",3,2.61741617873023,4.70585046782857,
50,267,"r",3,0.617205339920308,2.30730109769773,"r",3,0.617205339920308,2.30730109769773,
,,,,,,,,,,
51,13,"i",4,2.61068765465848,4.67353240853867,"i",4,2.61068765465848,4.67353240853867,
51,14,"-VII",4,5.14480099256562,4.43020309703653,"-VII",4,5.14480099256562,4.43020309703653,
51,15,"-VI",3,2.92768197736493,4.98704824427134,"-VI",3,2.92768197736493,4.98704824427134,
51,16,"v",4,4.48975948638789,4.62661776523337,"v",4,4.48975948638789,4.62661776523337,
51,17,"iv",4,3.32033015144841,4.86100081787545,"iv",4,3.32033015144841,4.86100081787545,
51,18,"-VI",4,5.46074609436578,4.84649170798147,"I",4,5.4382655151249,4.84649170798147,0.0224805792408818
51,19,"v",3,4.63253565363929,4.77841931818379,"v",3,5.87537651718913,5.09550337438032,
51,20,"iv",3,3.11016507286694,4.86026575559932,"iv",3,4.98421795234122,4.70775303617511,
51,21,"IV",4,5.61719820260734,4.94671721803832,"IV",3,5.40207793293598,5.15766046636392,
51,22,"iv",3,4.48003028956695,4.73276820830125,"iv",3,4.48003028956695,4.73276820830125,
51,23,"iv",3,5.27639965052637,4.45485913512598,"iv",3,5.27639965052637,4.45485913512598,
,,,,,,,,,,
52,35,"i",4,2.61068765465848,4.67353240853867,"i",4,2.61068765465848,4.67353240853867,
52,36,"-VII",4,5.14480099256562,4.43020309703653,"-VII",4,5.14480099256562,4.43020309703653,
52,37,"-VI",3,2.92768197736493,4.98704824427134,"-VI",3,2.92768197736493,4.98704824427134,
52,38,"v",4,4.48975948638789,4.62661776523337,"v",4,4.48975948638789,4.62661776523337,
52,39,"iv",4,3.32033015144841,4.86100081787545,"iv",4,3.32033015144841,4.86100081787545,
52,40,"-VI",4,5.46074609436578,4.84649170798147,"I",4,5.4382655151249,4.84649170798147,0.0224805792408818
52,41,"v",3,4.63253565363929,4.77841931818379,"v",3,5.87537651718913,5.09550337438032,
52,42,"iv",3,3.11016507286694,4.86026575559932,"iv",3,4.98421795234122,4.70775303617511,
52,43,"IV",4,5.61719820260734,4.94671721803832,"IV",3,5.40207793293598,5.15766046636392,
52,44,"iv",3,4.48003028956695,4.73276820830125,"iv",3,4.48003028956695,4.73276820830125,
52,45,"iv",3,5.27639965052637,4.45485913512598,"iv",3,5.27639965052637,4.45485913512598,
,,,,,,,,,,
53,99,"i",4,2.61068765465848,4.67353240853867,"i",4,2.61068765465848,4.67353240853867,
53,100,"-VII",4,5.14480099256562,4.43020309703653,"-VII",4,5.14480099256562,4.43020309703653,
53,101,"-VI",3,2.92768197736493,4.98704824427134,"-VI",3,2.92768197736493,4.98704824427134,
53,102,"v",4,4.48975948638789,4.62661776523337,"v",4,4.48975948638789,4.62661776523337,
53,103,"iv",4,3.32033015144841,4.86100081787545,"iv",4,3.32033015144841,4.86100081787545,
53,104,"-VI",4,5.46074609436578,4.84649170798147,"I",4,5.4382655151249,4.84649170798147,0.0224805792408818
53,105,"v",3,4.63253565363929,4.77841931818379,"v",3,5.87537651718913,5.09550337438032,
53,106,"iv",3,3.11016507286694,4.86026575559932,"iv",3,4.98421795234122,4.70775303617511,
53,107,"IV",4,5.61719820260734,4.94671721803832,"IV",3,5.40207793293598,5.15766046636392,
53,108,"iv",3,4.48003028956695,4.73276820830125,"iv",3,4.48003028956695,4.73276820830125,
53,109,"iv",3,5.27639965052637,4.45485913512598,"iv",3,5.27639965052637,4.45485913512598,
,,,,,,,,,,
54,156,"i",4,2.61068765465848,4.67353240853867,"i",4,2.61068765465848,4.67353240853867,
54,157,"-VII",4,5.14480099256562,4.43020309703653,"-VII",4,5.14480099256562,4.43020309703653,
54,158,"-VI",3,2.92768197736493,4.98704824427134,"-VI",3,2.92768197736493,4.98704824427134,
54,159,"v",4,4.48975948638789,4.62661776523337,"v",4,4.48975948638789,4.62661776523337,
54,160,"iv",4,3.32033015144841,4.86100081787545,"iv",4,3.32033015144841,4.86100081787545,
54,161,"-VI",4,5.46074609436578,4.84649170798147,"I",4,5.4382655151249,4.84649170798147,0.0224805792408818
54,162,"v",3,4.63253565363929,4.77841931818379,"v",3,5.87537651718913,5.09550337438032,
54,163,"iv",3,3.11016507286694,4.86026575559932,"iv",3,4.98421795234122,4.70775303617511,
54,164,"IV",4,5.61719820260734,4.94671721803832,"IV",3,5.40207793293598,5.15766046636392,
54,165,"iv",3,4.48003028956695,4.73276820830125,"iv",3,4.48003028956695,4.73276820830125,
54,166,"-VI",3,5.80772585309331,4.45485913512598,"-VI",3,5.80772585309331,4.45485913512598,
,,,,,,,,,,
55,167,"-VII",3,2.04734207256218,4.81169144122483,"-VII",3,2.04734207256218,4.81169144122483,
55,168,"-vio",4,8.1080773035881,4.25754135520082,"-vio",4,8.1080773035881,4.25754135520082,
55,169,"i",1,6.25327743937984,5.07122703826233,"i",1,6.25327743937984,5.07122703826233,
55,170,"-VI",1,5.29609543438466,5.44992395779,"-VI",1,5.29609543438466,5.44992395779,
55,171,"-VII",2,3.81441452470341,5.24642902044712,"-VII",2,3.81441452470341,5.24642902044712,
55,172,"-vio",3,7.72500725212842,4.74614861710058,"-iiio",3,7.70154827930443,4.74614861710058,0.0234589728239891
55,173,"i",1,6.25327743937984,5.07122703826233,"i",1,6.4262647547021,4.8122795918414,
55,174,"-VI",1,5.29609543438466,5.44992395779,"-VI",1,5.29609543438466,5.44992395779,
55,175,"-VII",2,3.81441452470341,5.24642902044712,"-VII",2,3.81441452470341,5.24642902044712,
55,176,"-vio",3,7.72500725212842,4.74614861710058,"-vio",3,7.72500725212842,4.74614861710058,
55,177,"i",1,6.25327743937984,5.07122703826233,"i",1,6.25327743937984,5.07122703826233,
,,,,,,,,,,
56,167,"-VII",3,2.04734207256218,4.81169144122483,"-VII",3,2.04734207256218,4.81169144122483,
56,168,"-vio",4,8.1080773035881,4.25754135520082,"-vio",4,8.1080773035881,4.25754135520082,
56,169,"i",1,6.25327743937984,5.07122703826233,"i",1,6.25327743937984,5.07122703826233,
56,170,"-VI",1,5.29609543438466,5.44992395779,"-VI",1,5.29609543438466,5.44992395779,
56,171,"-VII",2,3.81441452470341,5.24642902044712,"-VII",2,3.81441452470341,5.24642902044712,
56,172,"-vio",3,7.72500725212842,4.74614861710058,"-viio",3,7.70154827930443,4.74614861710058,0.0234589728239891
56,173,"i",1,6.25327743937984,5.07122703826233,"i",1,6.14663605658698,5.3303919681567,
56,174,"-VI",1,5.29609543438466,5.44992395779,"-VI",1,5.29609543438466,5.44992395779,
56,175,"-VII",2,3.81441452470341,5.24642902044712,"-VII",2,3.81441452470341,5.24642902044712,
56,176,"-vio",3,7.72500725212842,4.74614861710058,"-vio",3,7.72500725212842,4.74614861710058,
56,177,"i",1,6.25327743937984,5.07122703826233,"i",1,6.25327743937984,5.07122703826233,
,,,,,,,,,,
57,171,"-VII",2,3.81441452470341,5.24642902044712,"-VII",2,3.81441452470341,5.24642902044712,
57,172,"-vio",3,7.72500725212842,4.74614861710058,"-vio",3,7.72500725212842,4.74614861710058,
57,173,"i",1,6.25327743937984,5.07122703826233,"i",1,6.25327743937984,5.07122703826233,
57,174,"-VI",1,5.29609543438466,5.44992395779,"-VI",1,5.29609543438466,5.44992395779,
57,175,"-VII",2,3.81441452470341,5.24642902044712,"-VII",2,3.81441452470341,5.24642902044712,
57,176,"-vio",3,7.72500725212842,4.74614861710058,"-iiio",3,7.70154827930443,4.74614861710058,0.0234589728239891
57,177,"i",1,6.25327743937984,5.07122703826233,"i",1,6.4262647547021,4.8122795918414,
57,178,"iv",1,5.13962892985595,5.44992395779,"iv",1,5.13962892985595,5.44992395779,
57,179,"-VII",2,4.45121876805448,5.32061032137467,"-VII",2,4.45121876805448,5.32061032137467,
57,180,"i",3,3.1323092639428,4.82616103089004,"i",3,3.1323092639428,4.82616103089004,
57,181,"-VII",4,4.29872698646288,4.46776146494272,"-VII",4,4.29872698646288,4.46776146494272,
,,,,,,,,,,
58,171,"-VII",2,3.81441452470341,5.24642902044712,"-VII",2,3.81441452470341,5.24642902044712,
58,172,"-vio",3,7.72500725212842,4.74614861710058,"-vio",3,7.72500725212842,4.74614861710058,
58,173,"i",1,6.25327743937984,5.07122703826233,"i",1,6.25327743937984,5.07122703826233,
58,174,"-VI",1,5.29609543438466,5.44992395779,"-VI",1,5.29609543438466,5.44992395779,
58,175,"-VII",2,3.81441452470341,5.24642902044712,"-VII",2,3.81441452470341,5.24642902044712,
58,176,"-vio",3,7.72500725212842,4.74614861710058,"-viio",3,7.70154827930443,4.74614861710058,0.0234589728239891
58,177,"i",1,6.25327743937984,5.07122703826233,"i",1,6.14663605658698,5.3303919681567,
58,178,"iv",1,5.13962892985595,5.44992395779,"iv",1,5.13962892985595,5.44992395779,
58,179,"-VII",2,4.45121876805448,5.32061032137467,"-VII",2,4.45121876805448,5.32061032137467,
58,180,"i",3,3.1323092639428,4.82616103089004,"i",3,3.1323092639428,4.82616103089004,
58,181,"-VII",4,4.29872698646288,4.46776146494272,"-VII",4,4.29872698646288,4.46776146494272,
,,,,,,,,,,
59,163,"iv",3,3.11016507286694,4.86026575559932,"iv",3,3.11016507286694,4.86026575559932,
59,164,"IV",4,5.61719820260734,4.94671721803832,"IV",4,5.61719820260734,4.94671721803832,
59,165,"iv",3,4.48003028956695,4.73276820830125,"iv",3,4.48003028956695,4.73276820830125,
59,166,"-VI",3,5.80772585309331,4.45485913512598,"-VI",3,5.80772585309331,4.45485913512598,
59,167,"-VII",3,2.04734207256218,4.81169144122483,"-VII",3,2.04734207256218,4.81169144122483,
59,168,"-vio",4,8.1080773035881,4.25754135520082,"-iiio",4,8.08461833076411,4.25754135520082,0.02345897282399
59,169,"i",1,6.25327743937984,5.07122703826233,"i",1,6.4262647547021,4.8122795918414,
59,170,"-VI",1,5.29609543438466,5.44992395779,"-VI",1,5.29609543438466,5.44992395779,
59,171,"-VII",2,3.81441452470341,5.24642902044712,"-VII",2,3.81441452470341,5.24642902044712,
59,172,"-vio",3,7.72500725212842,4.74614861710058,"-vio",3,7.72500725212842,4.74614861710058,
59,173,"i",1,6.25327743937984,5.07122703826233,"i",1,6.25327743937984,5.07122703826233,
,,,,,,,,,,
60,163,"iv",3,3.11016507286694,4.86026575559932,"iv",3,3.11016507286694,4.86026575559932,
60,164,"IV",4,5.61719820260734,4.94671721803832,"IV",4,5.61719820260734,4.94671721803832,
60,165,"iv",3,4.48003028956695,4.73276820830125,"iv",3,4.48003028956695,4.73276820830125,
60,166,"-VI",3,5.80772585309331,4.45485913512598,"-VI",3,5.80772585309331,4.45485913512598,
60,167,"-VII",3,2.04734207256218,4.81169144122483,"-VII",3,2.04734207256218,4.81169144122483,
60,168,"-vio",4,8.1080773035881,4.25754135520082,"-viio",4,8.08461833076411,4.25754135520082,0.02345897282399
60,169,"i",1,6.25327743937984,5.07122703826233,"i",1,6.14663605658698,5.3303919681567,
60,170,"-VI",1,5.29609543438466,5.44992395779,"-VI",1,5.29609543438466,5.44992395779,
60,171,"-VII",2,3.81441452470341,5.24642902044712,"-VII",2,3.81441452470341,5.24642902044712,
60,172,"-vio",3,7.72500725212842,4.74614861710058,"-vio",3,7.72500725212842,4.74614861710058,
60,173,"i",1,6.25327743937984,5.07122703826233,"i",1,6.25327743937984,5.07122703826233,
,,,,,,,,,,
61,163,"iv",3,3.11016507286694,4.86026575559932,"iv",3,3.11016507286694,4.86026575559932,
61,164,"IV",4,5.61719820260734,4.94671721803832,"IV",4,5.61719820260734,4.94671721803832,
61,165,"iv",3,4.48003028956695,4.73276820830125,"iv",3,4.48003028956695,4.73276820830125,
61,166,"-VI",3,5.80772585309331,4.45485913512598,"-VI",3,5.80772585309331,4.45485913512598,
61,167,"-VII",3,2.04734207256218,4.81169144122483,"-VII",3,2.04734207256218,4.81169144122483,
61,168,"-vio",4,8.1080773035881,4.25754135520082,"#iio",4,8.13192404554247,4.25754135520082,0.0238467419543671
61,169,"i",1,6.25327743937984,5.07122703826233,"i",1,6.15666310203339,5.11932341876088,
61,170,"-VI",1,5.29609543438466,5.44992395779,"-VI",1,5.29609543438466,5.44992395779,
61,171,"-VII",2,3.81441452470341,5.24642902044712,"-VII",2,3.81441452470341,5.24642902044712,
61,172,"-vio",3,7.72500725212842,4.74614861710058,"-vio",3,7.72500725212842,4.74614861710058,
61,173,"i",1,6.25327743937984,5.07122703826233,"i",1,6.25327743937984,5.07122703826233,
,,,,,,,,,,
62,163,"iv",3,3.11016507286694,4.86026575559932,"iv",3,3.11016507286694,4.86026575559932,
62,164,"IV",4,5.61719820260734,4.94671721803832,"IV",4,5.61719820260734,4.94671721803832,
62,165,"iv",3,4.48003028956695,4.73276820830125,"iv",3,4.48003028956695,4.73276820830125,
62,166,"-VI",3,5.80772585309331,4.45485913512598,"-VI",3,5.80772585309331,4.45485913512598,
62,167,"-VII",3,2.04734207256218,4.81169144122483,"-VII",3,2.04734207256218,4.81169144122483,
62,168,"-vio",4,8.1080773035881,4.25754135520082,"-II+",4,8.13192404554247,4.25754135520082,0.0238467419543671
62,169,"i",1,6.25327743937984,5.07122703826233,"i",1,6.15785216914174,5.12112779099291,
62,170,"-VI",1,5.29609543438466,5.44992395779,"-VI",1,5.29609543438466,5.44992395779,
62,171,"-VII",2,3.81441452470341,5.24642902044712,"-VII",2,3.81441452470341,5.24642902044712,
62,172,"-vio",3,7.72500725212842,4.74614861710058,"-vio",3,7.72500725212842,4.74614861710058,
62,173,"i",1,6.25327743937984,5.07122703826233,"i",1,6.25327743937984,5.07122703826233,
,,,,,,,,,,
63,163,"iv",3,3.11016507286694,4.86026575559932,"iv",3,3.11016507286694,4.86026575559932,
63,164,"IV",4,5.61719820260734,4.94671721803832,"IV",4,5.61719820260734,4.94671721803832,
63,165,"iv",3,4.48003028956695,4.73276820830125,"iv",3,4.48003028956695,4.73276820830125,
63,166,"-VI",3,5.80772585309331,4.45485913512598,"-VI",3,5.80772585309331,4.45485913512598,
63,167,"-VII",3,2.04734207256218,4.81169144122483,"-VII",3,2.04734207256218,4.81169144122483,
63,168,"-vio",4,8.1080773035881,4.25754135520082,"#II",4,8.13192404554247,4.25754135520082,0.0238467419543671
63,169,"i",1,6.25327743937984,5.07122703826233,"i",1,6.16236170736584,5.1243302758312,
63,170,"-VI",1,5.29609543438466,5.44992395779,"-VI",1,5.29609543438466,5.44992395779,
63,171,"-VII",2,3.81441452470341,5.24642902044712,"-VII",2,3.81441452470341,5.24642902044712,
63,172,"-vio",3,7.72500725212842,4.74614861710058,"-vio",3,7.72500725212842,4.74614861710058,
63,173,"i",1,6.25327743937984,5.07122703826233,"i",1,6.25327743937984,5.07122703826233,
,,,,,,,,,,
64,163,"iv",3,3.11016507286694,4.86026575559932,"iv",3,3.11016507286694,4.86026575559932,
64,164,"IV",4,5.61719820260734,4.94671721803832,"IV",4,5.61719820260734,4.94671721803832,
64,165,"iv",3,4.48003028956695,4.73276820830125,"iv",3,4.48003028956695,4.73276820830125,
64,166,"-VI",3,5.80772585309331,4.45485913512598,"-VI",3,5.80772585309331,4.45485913512598,
64,167,"-VII",3,2.04734207256218,4.81169144122483,"-VII",3,2.04734207256218,4.81169144122483,
64,168,"-vio",4,8.1080773035881,4.25754135520082,"-iio",4,8.13192404554247,4.25754135520082,0.0238467419543671
64,169,"i",1,6.25327743937984,5.07122703826233,"i",1,3.52535985647774,5.21424870569063,
64,170,"-VI",1,5.29609543438466,5.44992395779,"-VI",2,5.59676720163378,5.01592302884859,
64,171,"-VII",2,3.81441452470341,5.24642902044712,"-VII",2,3.81441452470341,5.24642902044712,
64,172,"-vio",3,7.72500725212842,4.74614861710058,"-vio",3,7.72500725212842,4.74614861710058,
64,173,"i",1,6.25327743937984,5.07122703826233,"i",1,6.25327743937984,5.07122703826233,
,,,,,,,,,,
65,163,"iv",3,3.11016507286694,4.86026575559932,"iv",3,3.11016507286694,4.86026575559932,
65,164,"IV",4,5.61719820260734,4.94671721803832,"IV",4,5.61719820260734,4.94671721803832,
65,165,"iv",3,4.48003028956695,4.73276820830125,"iv",3,4.48003028956695,4.73276820830125,
65,166,"-VI",3,5.80772585309331,4.45485913512598,"-VI",3,5.80772585309331,4.45485913512598,
65,167,"-VII",3,2.04734207256218,4.81169144122483,"-VII",3,2.04734207256218,4.81169144122483,
65,168,"-vio",4,8.1080773035881,4.25754135520082,"io",4,8.13192404554247,4.25754135520082,0.0238467419543671
65,169,"i",1,6.25327743937984,5.07122703826233,"i",1,6.25298074116987,5.07088276240802,
65,170,"-VI",1,5.29609543438466,5.44992395779,"-VI",1,5.29609543438466,5.44992395779,
65,171,"-VII",2,3.81441452470341,5.24642902044712,"-VII",2,3.81441452470341,5.24642902044712,
65,172,"-vio",3,7.72500725212842,4.74614861710058,"-vio",3,7.72500725212842,4.74614861710058,
65,173,"i",1,6.25327743937984,5.07122703826233,"i",1,6.25327743937984,5.07122703826233,
,,,,,,,,,,
66,163,"iv",3,3.11016507286694,4.86026575559932,"iv",3,3.11016507286694,4.86026575559932,
66,164,"IV",4,5.61719820260734,4.94671721803832,"IV",4,5.61719820260734,4.94671721803832,
66,165,"iv",3,4.48003028956695,4.73276820830125,"iv",3,4.48003028956695,4.73276820830125,
66,166,"-VI",3,5.80772585309331,4.45485913512598,"-VI",3,5.80772585309331,4.45485913512598,
66,167,"-VII",3,2.04734207256218,4.81169144122483,"-VII",3,2.04734207256218,4.81169144122483,
66,168,"-vio",4,8.1080773035881,4.25754135520082,"III+",4,8.13192404554247,4.25754135520082,0.0238467419543671
66,169,"i",1,6.25327743937984,5.07122703826233,"i",1,6.45595570867908,4.33251906431862,
66,170,"-VI",1,5.29609543438466,5.44992395779,"-VI",1,5.29609543438466,5.44992395779,
66,171,"-VII",2,3.81441452470341,5.24642902044712,"-VII",2,3.81441452470341,5.24642902044712,
66,172,"-vio",3,7.72500725212842,4.74614861710058,"-vio",3,7.72500725212842,4.74614861710058,
66,173,"i",1,6.25327743937984,5.07122703826233,"i",1,6.25327743937984,5.07122703826233,
,,,,,,,,,,
67,163,"iv",3,3.11016507286694,4.86026575559932,"iv",3,3.11016507286694,4.86026575559932,
67,164,"IV",4,5.61719820260734,4.94671721803832,"IV",4,5.61719820260734,4.94671721803832,
67,165,"iv",3,4.48003028956695,4.73276820830125,"iv",3,4.48003028956695,4.73276820830125,
67,166,"-VI",3,5.80772585309331,4.45485913512598,"-VI",3,5.80772585309331,4.45485913512598,
67,167,"-VII",3,2.04734207256218,4.81169144122483,"-VII",3,2.04734207256218,4.81169144122483,
67,168,"-vio",4,8.1080773035881,4.25754135520082,"-i",4,8.13192404554247,4.25754135520082,0.0238467419543671
67,169,"i",1,6.25327743937984,5.07122703826233,"i",1,6.15975264040736,5.12236487502484,
67,170,"-VI",1,5.29609543438466,5.44992395779,"-VI",1,5.29609543438466,5.44992395779,
67,171,"-VII",2,3.81441452470341,5.24642902044712,"-VII",2,3.81441452470341,5.24642902044712,
67,172,"-vio",3,7.72500725212842,4.74614861710058,"-vio",3,7.72500725212842,4.74614861710058,
67,173,"i",1,6.25327743937984,5.07122703826233,"i",1,6.25327743937984,5.07122703826233,
,,,,,,,,,,
68,167,"-VII",3,2.04734207256218,4.81169144122483,"-VII",3,2.04734207256218,4.81169144122483,
68,168,"-vio",4,8.1080773035881,4.25754135520082,"-vio",4,8.1080773035881,4.25754135520082,
68,169,"i",1,6.25327743937984,5.07122703826233,"i",1,6.25327743937984,5.07122703826233,
68,170,"-VI",1,5.29609543438466,5.44992395779,"-VI",1,5.29609543438466,5.44992395779,
68,171,"-VII",2,3.81441452470341,5.24642902044712,"-VII",2,3.81441452470341,5.24642902044712,
68,172,"-vio",3,7.72500725212842,4.74614861710058,"#iio",3,7.74885399408278,4.74614861710058,0.0238467419543671
68,173,"i",1,6.25327743937984,5.07122703826233,"i",1,6.15666310203339,5.11932341876088,
68,174,"-VI",1,5.29609543438466,5.44992395779,"-VI",1,5.29609543438466,5.44992395779,
68,175,"-VII",2,3.81441452470341,5.24642902044712,"-VII",2,3.81441452470341,5.24642902044712,
68,176,"-vio",3,7.72500725212842,4.74614861710058,"-vio",3,7.72500725212842,4.74614861710058,
68,177,"i",1,6.25327743937984,5.07122703826233,"i",1,6.25327743937984,5.07122703826233,
,,,,,,,,,,
69,167,"-VII",3,2.04734207256218,4.81169144122483,"-VII",3,2.04734207256218,4.81169144122483,
69,168,"-vio",4,8.1080773035881,4.25754135520082,"-vio",4,8.1080773035881,4.25754135520082,
69,169,"i",1,6.25327743937984,5.07122703826233,"i",1,6.25327743937984,5.07122703826233,
69,170,"-VI",1,5.29609543438466,5.44992395779,"-VI",1,5.29609543438466,5.44992395779,
69,171,"-VII",2,3.81441452470341,5.24642902044712,"-VII",2,3.81441452470341,5.24642902044712,
69,172,"-vio",3,7.72500725212842,4.74614861710058,"-II+",3,7.74885399408278,4.74614861710058,0.0238467419543671
69,173,"i",1,6.25327743937984,5.07122703826233,"i",1,6.15785216914174,5.12112779099291,
69,174,"-VI",1,5.29609543438466,5.44992395779,"-VI",1,5.29609543438466,5.44992395779,
69,175,"-VII",2,3.81441452470341,5.24642902044712,"-VII",2,3.81441452470341,5.24642902044712,
69,176,"-vio",3,7.72500725212842,4.74614861710058,"-vio",3,7.72500725212842,4.74614861710058,
69,177,"i",1,6.25327743937984,5.07122703826233,"i",1,6.25327743937984,5.07122703826233,
,,,,,,,,,,
70,167,"-VII",3,2.04734207256218,4.81169144122483,"-VII",3,2.04734207256218,4.81169144122483,
70,168,"-vio",4,8.1080773035881,4.25754135520082,"-vio",4,8.1080773035881,4.25754135520082,
70,169,"i",1,6.25327743937984,5.07122703826233,"i",1,6.25327743937984,5.07122703826233,
70,170,"-VI",1,5.29609543438466,5.44992395779,"-VI",1,5.29609543438466,5.44992395779,
70,171,"-VII",2,3.81441452470341,5.24642902044712,"-VII",2,3.81441452470341,5.24642902044712,
70,172,"-vio",3,7.72500725212842,4.74614861710058,"#II",3,7.74885399408278,4.74614861710058,0.0238467419543671
70,173,"i",1,6.25327743937984,5.07122703826233,"i",1,6.16236170736584,5.1243302758312,
70,174,"-VI",1,5.29609543438466,5.44992395779,"-VI",1,5.29609543438466,5.44992395779,
70,175,"-VII",2,3.81441452470341,5.24642902044712,"-VII",2,3.81441452470341,5.24642902044712,
70,176,"-vio",3,7.72500725212842,4.74614861710058,"-vio",3,7.72500725212842,4.74614861710058,
70,177,"i",1,6.25327743937984,5.07122703826233,"i",1,6.25327743937984,5.07122703826233,
,,,,,,,,,,
71,167,"-VII",3,2.04734207256218,4.81169144122483,"-VII",3,2.04734207256218,4.81169144122483,
71,168,"-vio",4,8.1080773035881,4.25754135520082,"-vio",4,8.1080773035881,4.25754135520082,
71,169,"i",1,6.25327743937984,5.07122703826233,"i",1,6.25327743937984,5.07122703826233,
71,170,"-VI",1,5.29609543438466,5.44992395779,"-VI",1,5.29609543438466,5.44992395779,
71,171,"-VII",2,3.81441452470341,5.24642902044712,"-VII",2,3.81441452470341,5.24642902044712,
71,172,"-vio",3,7.72500725212842,4.74614861710058,"-iio",3,7.74885399408278,4.74614861710058,0.0238467419543671
71,173,"i",1,6.25327743937984,5.07122703826233,"i",1,3.52535985647774,5.21424870569063,
71,174,"-VI",1,5.29609543438466,5.44992395779,"-VI",2,5.59676720163378,5.01592302884859,
71,175,"-VII",2,3.81441452470341,5.24642902044712,"-VII",2,3.81441452470341,5.24642902044712,
71,176,"-vio",3,7.72500725212842,4.74614861710058,"-vio",3,7.72500725212842,4.74614861710058,
71,177,"i",1,6.25327743937984,5.07122703826233,"i",1,6.25327743937984,5.07122703826233,
,,,,,,,,,,
72,167,"-VII",3,2.04734207256218,4.81169144122483,"-VII",3,2.04734207256218,4.81169144122483,
72,168,"-vio",4,8.1080773035881,4.25754135520082,"-vio",4,8.1080773035881,4.25754135520082,
72,169,"i",1,6.25327743937984,5.07122703826233,"i",1,6.25327743937984,5.07122703826233,
72,170,"-VI",1,5.29609543438466,5.44992395779,"-VI",1,5.29609543438466,5.44992395779,
72,171,"-VII",2,3.81441452470341,5.24642902044712,"-VII",2,3.81441452470341,5.24642902044712,
72,172,"-vio",3,7.72500725212842,4.74614861710058,"io",3,7.74885399408278,4.74614861710058,0.0238467419543671
72,173,"i",1,6.25327743937984,5.07122703826233,"i",1,6.25298074116987,5.07088276240802,
72,174,"-VI",1,5.29609543438466,5.44992395779,"-VI",1,5.29609543438466,5.44992395779,
72,175,"-VII",2,3.81441452470341,5.24642902044712,"-VII",2,3.81441452470341,5.24642902044712,
72,176,"-vio",3,7.72500725212842,4.74614861710058,"-vio",3,7.72500725212842,4.74614861710058,
72,177,"i",1,6.25327743937984,5.07122703826233,"i",1,6.25327743937984,5.07122703826233,
,,,,,,,,,,
73,167,"-VII",3,2.04734207256218,4.81169144122483,"-VII",3,2.04734207256218,4.81169144122483,
73,168,"-vio",4,8.1080773035881,4.25754135520082,"-vio",4,8.1080773035881,4.25754135520082,
73,169,"i",1,6.25327743937984,5.07122703826233,"i",1,6.25327743937984,5.07122703826233,
73,170,"-VI",1,5.29609543438466,5.44992395779,"-VI",1,5.29609543438466,5.44992395779,
73,171,"-VII",2,3.81441452470341,5.24642902044712,"-VII",2,3.81441452470341,5.24642902044712,
73,172,"-vio",3,7.72500725212842,4.74614861710058,"III+",3,7.74885399408278,4.74614861710058,0.0238467419543671
73,173,"i",1,6.25327743937984,5.07122703826233,"i",1,6.45595570867908,4.33251906431862,
73,174,"-VI",1,5.29609543438466,5.44992395779,"-VI",1,5.29609543438466,5.44992395779,
73,175,"-VII",2,3.81441452470341,5.24642902044712,"-VII",2,3.81441452470341,5.24642902044712,
73,176,"-vio",3,7.72500725212842,4.74614861710058,"-vio",3,7.72500725212842,4.74614861710058,
73,177,"i",1,6.25327743937984,5.07122703826233,"i",1,6.25327743937984,5.07122703826233,
,,,,,,,,,,
74,167,"-VII",3,2.04734207256218,4.81169144122483,"-VII",3,2.04734207256218,4.81169144122483,
74,168,"-vio",4,8.1080773035881,4.25754135520082,"-vio",4,8.1080773035881,4.25754135520082,
74,169,"i",1,6.25327743937984,5.07122703826233,"i",1,6.25327743937984,5.07122703826233,
74,170,"-VI",1,5.29609543438466,5.44992395779,"-VI",1,5.29609543438466,5.44992395779,
74,171,"-VII",2,3.81441452470341,5.24642902044712,"-VII",2,3.81441452470341,5.24642902044712,
74,172,"-vio",3,7.72500725212842,4.74614861710058,"-i",3,7.74885399408278,4.74614861710058,0.0238467419543671
74,173,"i",1,6.25327743937984,5.07122703826233,"i",1,6.15975264040736,5.12236487502484,
74,174,"-VI",1,5.29609543438466,5.44992395779,"-VI",1,5.29609543438466,5.44992395779,
74,175,"-VII",2,3.81441452470341,5.24642902044712,"-VII",2,3.81441452470341,5.24642902044712,
74,176,"-vio",3,7.72500725212842,4.74614861710058,"-vio",3,7.72500725212842,4.74614861710058,
74,177,"i",1,6.25327743937984,5.07122703826233,"i",1,6.25327743937984,5.07122703826233,
,,,,,,,,,,
75,171,"-VII",2,3.81441452470341,5.24642902044712,"-VII",2,3.81441452470341,5.24642902044712,
75,172,"-vio",3,7.72500725212842,4.74614861710058,"-vio",3,7.72500725212842,4.74614861710058,
75,173,"i",1,6.25327743937984,5.07122703826233,"i",1,6.25327743937984,5.07122703826233,
75,174,"-VI",1,5.29609543438466,5.44992395779,"-VI",1,5.29609543438466,5.44992395779,
75,175,"-VII",2,3.81441452470341,5.24642902044712,"-VII",2,3.81441452470341,5.24642902044712,
75,176,"-vio",3,7.72500725212842,4.74614861710058,"#iio",3,7.74885399408278,4.74614861710058,0.0238467419543671
75,177,"i",1,6.25327743937984,5.07122703826233,"i",1,6.15666310203339,5.11932341876088,
75,178,"iv",1,5.13962892985595,5.44992395779,"iv",1,5.13962892985595,5.44992395779,
75,179,"-VII",2,4.45121876805448,5.32061032137467,"-VII",2,4.45121876805448,5.32061032137467,
75,180,"i",3,3.1323092639428,4.82616103089004,"i",3,3.1323092639428,4.82616103089004,
75,181,"-VII",4,4.29872698646288,4.46776146494272,"-VII",4,4.29872698646288,4.46776146494272,
,,,,,,,,,,
76,171,"-VII",2,3.81441452470341,5.24642902044712,"-VII",2,3.81441452470341,5.24642902044712,
76,172,"-vio",3,7.72500725212842,4.74614861710058,"-vio",3,7.72500725212842,4.74614861710058,
76,173,"i",1,6.25327743937984,5.07122703826233,"i",1,6.25327743937984,5.07122703826233,
76,174,"-VI",1,5.29609543438466,5.44992395779,"-VI",1,5.29609543438466,5.44992395779,
76,175,"-VII",2,3.81441452470341,5.24642902044712,"-VII",2,3.81441452470341,5.24642902044712,
76,176,"-vio",3,7.72500725212842,4.74614861710058,"-II+",3,7.74885399408278,4.74614861710058,0.0238467419543671
76,177,"i",1,6.25327743937984,5.07122703826233,"i",1,6.15785216914174,5.12112779099291,
76,178,"iv",1,5.13962892985595,5.44992395779,"iv",1,5.13962892985595,5.44992395779,
76,179,"-VII",2,4.45121876805448,5.32061032137467,"-VII",2,4.45121876805448,5.32061032137467,
76,180,"i",3,3.1323092639428,4.82616103089004,"i",3,3.1323092639428,4.82616103089004,
76,181,"-VII",4,4.29872698646288,4.46776146494272,"-VII",4,4.29872698646288,4.46776146494272,
,,,,,,,,,,
77,171,"-VII",2,3.81441452470341,5.24642902044712,"-VII",2,3.81441452470341,5.24642902044712,
77,172,"-vio",3,7.72500725212842,4.74614861710058,"-vio",3,7.72500725212842,4.74614861710058,
77,173,"i",1,6.25327743937984,5.07122703826233,"i",1,6.25327743937984,5.07122703826233,
77,174,"-VI",1,5.29609543438466,5.44992395779,"-VI",1,5.29609543438466,5.44992395779,
77,175,"-VII",2,3.81441452470341,5.24642902044712,"-VII",2,3.81441452470341,5.24642902044712,
77,176,"-vio",3,7.72500725212842,4.74614861710058,"#II",3,7.74885399408278,4.74614861710058,0.0238467419543671
77,177,"i",1,6.25327743937984,5.07122703826233,"i",1,6.16236170736584,5.1243302758312,
77,178,"iv",1,5.13962892985595,5.44992395779,"iv",1,5.13962892985595,5.44992395779,
77,179,"-VII",2,4.45121876805448,5.32061032137467,"-VII",2,4.45121876805448,5.32061032137467,
77,180,"i",3,3.1323092639428,4.82616103089004,"i",3,3.1323092639428,4.82616103089004,
77,181,"-VII",4,4.29872698646288,4.46776146494272,"-VII",4,4.29872698646288,4.46776146494272,
,,,,,,,,,,
78,171,"-VII",2,3.81441452470341,5.24642902044712,"-VII",2,3.81441452470341,5.24642902044712,
78,172,"-vio",3,7.72500725212842,4.74614861710058,"-vio",3,7.72500725212842,4.74614861710058,
78,173,"i",1,6.25327743937984,5.07122703826233,"i",1,6.25327743937984,5.07122703826233,
78,174,"-VI",1,5.29609543438466,5.44992395779,"-VI",1,5.29609543438466,5.44992395779,
78,175,"-VII",2,3.81441452470341,5.24642902044712,"-VII",2,3.81441452470341,5.24642902044712,
78,176,"-vio",3,7.72500725212842,4.74614861710058,"-iio",3,7.74885399408278,4.74614861710058,0.0238467419543671
78,177,"i",1,6.25327743937984,5.07122703826233,"i",1,3.52535985647774,5.21424870569063,
78,178,"iv",1,5.13962892985595,5.44992395779,"iv",2,5.44030069710508,5.01592302884859,
78,179,"-VII",2,4.45121876805448,5.32061032137467,"-VII",2,4.45121876805448,5.32061032137467,
78,180,"i",3,3.1323092639428,4.82616103089004,"i",3,3.1323092639428,4.82616103089004,
78,181,"-VII",4,4.29872698646288,4.46776146494272,"-VII",4,4.29872698646288,4.46776146494272,
,,,,,,,,,,
79,171,"-VII",2,3.81441452470341,5.24642902044712,"-VII",2,3.81441452470341,5.24642902044712,
79,172,"-vio",3,7.72500725212842,4.74614861710058,"-vio",3,7.72500725212842,4.74614861710058,
79,173,"i",1,6.25327743937984,5.07122703826233,"i",1,6.25327743937984,5.07122703826233,
79,174,"-VI",1,5.29609543438466,5.44992395779,"-VI",1,5.29609543438466,5.44992395779,
79,175,"-VII",2,3.81441452470341,5.24642902044712,"-VII",2,3.81441452470341,5.24642902044712,
79,176,"-vio",3,7.72500725212842,4.74614861710058,"io",3,7.74885399408278,4.74614861710058,0.0238467419543671
79,177,"i",1,6.25327743937984,5.07122703826233,"i",1,6.25298074116987,5.07088276240802,
79,178,"iv",1,5.13962892985595,5.44992395779,"iv",1,5.13962892985595,5.44992395779,
79,179,"-VII",2,4.45121876805448,5.32061032137467,"-VII",2,4.45121876805448,5.32061032137467,
79,180,"i",3,3.1323092639428,4.82616103089004,"i",3,3.1323092639428,4.82616103089004,
79,181,"-VII",4,4.29872698646288,4.46776146494272,"-VII",4,4.29872698646288,4.46776146494272,
,,,,,,,,,,
80,171,"-VII",2,3.81441452470341,5.24642902044712,"-VII",2,3.81441452470341,5.24642902044712,
80,172,"-vio",3,7.72500725212842,4.74614861710058,"-vio",3,7.72500725212842,4.74614861710058,
80,173,"i",1,6.25327743937984,5.07122703826233,"i",1,6.25327743937984,5.07122703826233,
80,174,"-VI",1,5.29609543438466,5.44992395779,"-VI",1,5.29609543438466,5.44992395779,
80,175,"-VII",2,3.81441452470341,5.24642902044712,"-VII",2,3.81441452470341,5.24642902044712,
80,176,"-vio",3,7.72500725212842,4.74614861710058,"III+",3,7.74885399408278,4.74614861710058,0.0238467419543671
80,177,"i",1,6.25327743937984,5.07122703826233,"i",1,6.45595570867908,4.33251906431862,
80,178,"iv",1,5.13962892985595,5.44992395779,"iv",1,5.13962892985595,5.44992395779,
80,179,"-VII",2,4.45121876805448,5.32061032137467,"-VII",2,4.45121876805448,5.32061032137467,
80,180,"i",3,3.1323092639428,4.82616103089004,"i",3,3.1323092639428,4.82616103089004,
80,181,"-VII",4,4.29872698646288,4.46776146494272,"-VII",4,4.29872698646288,4.46776146494272,
,,,,,,,,,,
81,171,"-VII",2,3.81441452470341,5.24642902044712,"-VII",2,3.81441452470341,5.24642902044712,
81,172,"-vio",3,7.72500725212842,4.74614861710058,"-vio",3,7.72500725212842,4.74614861710058,
81,173,"i",1,6.25327743937984,5.07122703826233,"i",1,6.25327743937984,5.07122703826233,
81,174,"-VI",1,5.29609543438466,5.44992395779,"-VI",1,5.29609543438466,5.44992395779,
81,175,"-VII",2,3.81441452470341,5.24642902044712,"-VII",2,3.81441452470341,5.24642902044712,
81,176,"-vio",3,7.72500725212842,4.74614861710058,"-i",3,7.74885399408278,4.74614861710058,0.0238467419543671
81,177,"i",1,6.25327743937984,5.07122703826233,"i",1,6.15975264040736,5.12236487502484,
81,178,"iv",1,5.13962892985595,5.44992395779,"iv",1,5.13962892985595,5.44992395779,
81,179,"-VII",2,4.45121876805448,5.32061032137467,"-VII",2,4.45121876805448,5.32061032137467,
81,180,"i",3,3.1323092639428,4.82616103089004,"i",3,3.1323092639428,4.82616103089004,
81,181,"-VII",4,4.29872698646288,4.46776146494272,"-VII",4,4.29872698646288,4.46776146494272,
,,,,,,,,,,
82,173,"i",1,6.25327743937984,5.07122703826233,"i",1,6.25327743937984,5.07122703826233,
82,174,"-VI",1,5.29609543438466,5.44992395779,"-VI",1,5.29609543438466,5.44992395779,
82,175,"-VII",2,3.81441452470341,5.24642902044712,"-VII",2,3.81441452470341,5.24642902044712,
82,176,"-vio",3,7.72500725212842,4.74614861710058,"-vio",3,7.72500725212842,4.74614861710058,
82,177,"i",1,6.25327743937984,5.07122703826233,"i",1,6.25327743937984,5.07122703826233,
82,178,"iv",1,5.13962892985595,5.44992395779,"ii",1,5.11432841017278,5.44992395779,0.0253005196831726
82,179,"-VII",2,4.45121876805448,5.32061032137467,"-VII",2,4.8746074296273,5.09833008513486,
82,180,"i",3,3.1323092639428,4.82616103089004,"i",3,5.14267796696233,4.73967931819201,
82,181,"-VII",4,4.29872698646288,4.46776146494272,"-VII",3,4.49739866483384,4.58305655392871,
82,182,"-VI",4,3.74585343509831,4.72339678060877,"-VI",3,3.494541057407,5.0510412195613,
82,183,"v",4,4.34310876191453,4.78910353703338,"v",4,4.34310876191453,4.78910353703338,
,,,,,,,,,,
83,173,"i",1,6.25327743937984,5.07122703826233,"i",1,6.25327743937984,5.07122703826233,
83,174,"-VI",1,5.29609543438466,5.44992395779,"-VI",1,5.29609543438466,5.44992395779,
83,175,"-VII",2,3.81441452470341,5.24642902044712,"-VII",2,3.81441452470341,5.24642902044712,
83,176,"-vio",3,7.72500725212842,4.74614861710058,"-vio",3,7.72500725212842,4.74614861710058,
83,177,"i",1,6.25327743937984,5.07122703826233,"i",1,6.25327743937984,5.07122703826233,
83,178,"iv",1,5.13962892985595,5.44992395779,"-VII",1,5.16538107629736,5.44992395779,0.0257521464414099
83,179,"-VII",2,4.45121876805448,5.32061032137467,"-VII",2,4.32138345800015,5.24216813217775,
83,180,"i",3,3.1323092639428,4.82616103089004,"i",3,3.33242876946741,5.06533118783971,
83,181,"-VII",4,4.29872698646288,4.46776146494272,"-VII",4,3.99205717805936,4.54050578620707,
83,182,"-VI",4,3.74585343509831,4.72339678060877,"-VI",4,3.25786949604079,4.91402344763043,
83,183,"v",4,4.34310876191453,4.78910353703338,"v",5,4.54363491352158,4.49751744233349,
,,,,,,,,,,
84,47,"-VII",3,3.44136812918867,4.98714056772645,"-VII",3,3.44136812918867,4.98714056772645,
84,48,"iv",4,4.69551610849497,4.29591988998608,"iv",4,4.69551610849497,4.29591988998608,
84,49,"v",4,5.24881662527568,4.60323794558646,"v",4,5.24881662527568,4.60323794558646,
84,50,"i",3,2.97204632422328,4.8499198683613,"i",3,2.97204632422328,4.8499198683613,
84,51,"-VII",4,3.77078957272768,4.54438301589588,"-VII",4,3.77078957272768,4.54438301589588,
84,52,"iv",4,5.61224384111846,4.46600728774397,"V",4,5.57907697718326,4.46600728774397,0.0331668639351994
84,53,"v",3,4.93949919453866,5.08622024836899,"v",3,6.44056045760742,4.40438142620956,
84,54,"i",3,2.97204632422328,4.8499198683613,"i",2,5.36481865954137,5.12196782998679,
84,55,"-VII",4,3.77078957272768,4.54438301589588,"-VII",2,4.48988890944916,5.27960425878525,
84,56,"iv",4,5.61224384111846,4.46600728774397,"iv",3,5.29841022138439,4.95839986933168,
84,57,"v",3,4.93949919453866,5.08622024836899,"v",3,4.93949919453866,5.08622024836899,
,,,,,,,,,,
85,51,"-VII",4,3.77078957272768,4.54438301589588,"-VII",4,3.77078957272768,4.54438301589588,
85,52,"iv",4,5.61224384111846,4.46600728774397,"iv",4,5.61224384111846,4.46600728774397,
85,53,"v",3,4.93949919453866,5.08622024836899,"v",3,4.93949919453866,5.08622024836899,
85,54,"i",3,2.97204632422328,4.8499198683613,"i",3,2.97204632422328,4.8499198683613,
85,55,"-VII",4,3.77078957272768,4.54438301589588,"-VII",4,3.77078957272768,4.54438301589588,
85,56,"iv",4,5.61224384111846,4.46600728774397,"V",4,5.57907697718326,4.46600728774397,0.0331668639351994
85,57,"v",3,4.93949919453866,5.08622024836899,"v",3,6.44056045760742,4.40438142620956,
85,58,"i",3,2.97204632422328,4.8499198683613,"i",2,5.36481865954137,5.12196782998679,
85,59,"-VII",4,3.77078957272768,4.54438301589588,"-VII",2,4.48988890944916,5.27960425878525,
85,60,"iv",4,5.61224384111846,4.46600728774397,"iv",3,5.29841022138439,4.95839986933168,
85,61,"v",3,4.93949919453866,5.08622024836899,"v",3,4.93949919453866,5.08622024836899,
,,,,,,,,,,
86,55,"-VII",4,3.77078957272768,4.54438301589588,"-VII",4,3.77078957272768,4.54438301589588,
86,56,"iv",4,5.61224384111846,4.46600728774397,"iv",4,5.61224384111846,4.46600728774397,
86,57,"v",3,4.93949919453866,5.08622024836899,"v",3,4.93949919453866,5.08622024836899,
86,58,"i",3,2.97204632422328,4.8499198683613,"i",3,2.97204632422328,4.8499198683613,
86,59,"-VII",4,3.77078957272768,4.54438301589588,"-VII",4,3.77078957272768,4.54438301589588,
86,60,"iv",4,5.61224384111846,4.46600728774397,"V",4,5.57907697718326,4.46600728774397,0.0331668639351994
86,61,"v",3,4.93949919453866,5.08622024836899,"v",3,6.44056045760742,4.40438142620956,
86,62,"-III",3,5.45363318280031,4.8499198683613,"-III",2,5.49922131990905,5.12196782998679,
86,63,"IV",3,4.51169253687943,4.71666865959078,"IV",2,4.17367283859847,5.26767780158337,
86,64,"i",3,4.55398585213144,4.70585046782857,"i",3,4.55398585213144,4.70585046782857,
86,65,"-VII",3,4.92933386743093,5.191855954283,"-VII",3,4.92933386743093,5.191855954283,
,,,,,,,,,,
87,61,"v",3,4.93949919453866,5.08622024836899,"v",3,4.93949919453866,5.08622024836899,
87,62,"-III",3,5.45363318280031,4.8499198683613,"-III",3,5.45363318280031,4.8499198683613,
87,63,"IV",3,4.51169253687943,4.71666865959078,"IV",3,4.51169253687943,4.71666865959078,
87,64,"i",3,4.55398585213144,4.70585046782857,"i",3,4.55398585213144,4.70585046782857,
87,65,"-VII",3,4.92933386743093,5.191855954283,"-VII",3,4.92933386743093,5.191855954283,
87,66,"iv",3,5.28892710280831,5.01040228020619,"V",3,5.25576023887311,5.01040228020619,0.0331668639351994
87,67,"v",3,4.93949919453866,5.08622024836899,"v",3,6.44056045760742,4.40438142620956,
87,68,"i",3,2.97204632422328,4.8499198683613,"i",2,5.36481865954137,5.12196782998679,
87,69,"-VII",4,3.77078957272768,4.54438301589588,"-VII",2,4.48988890944916,5.27960425878525,
87,70,"iv",4,5.61224384111846,4.46600728774397,"iv",3,5.29841022138439,4.95839986933168,
87,71,"v",3,4.93949919453866,5.08622024836899,"v",3,4.93949919453866,5.08622024836899,
,,,,,,,,,,
88,65,"-VII",3,4.92933386743093,5.191855954283,"-VII",3,4.92933386743093,5.191855954283,
88,66,"iv",3,5.28892710280831,5.01040228020619,"iv",3,5.28892710280831,5.01040228020619,
88,67,"v",3,4.93949919453866,5.08622024836899,"v",3,4.93949919453866,5.08622024836899,
88,68,"i",3,2.97204632422328,4.8499198683613,"i",3,2.97204632422328,4.8499198683613,
88,69,"-VII",4,3.77078957272768,4.54438301589588,"-VII",4,3.77078957272768,4.54438301589588,
88,70,"iv",4,5.61224384111846,4.46600728774397,"V",4,5.57907697718326,4.46600728774397,0.0331668639351994
88,71,"v",3,4.93949919453866,5.08622024836899,"v",3,6.44056045760742,4.40438142620956,
88,72,"i",3,2.97204632422328,4.8499198683613,"i",2,5.36481865954137,5.12196782998679,
88,73,"-VII",4,3.77078957272768,4.54438301589588,"-VII",2,4.48988890944916,5.27960425878525,
88,74,"iv",4,5.61224384111846,4.46600728774397,"iv",3,5.29841022138439,4.95839986933168,
88,75,"v",3,4.93949919453866,5.08622024836899,"v",3,4.93949919453866,5.08622024836899,
,,,,,,,,,,
89,69,"-VII",4,3.77078957272768,4.54438301589588,"-VII",4,3.77078957272768,4.54438301589588,
89,70,"iv",4,5.61224384111846,4.46600728774397,"iv",4,5.61224384111846,4.46600728774397,
89,71,"v",3,4.93949919453866,5.08622024836899,"v",3,4.93949919453866,5.08622024836899,
89,72,"i",3,2.97204632422328,4.8499198683613,"i",3,2.97204632422328,4.8499198683613,
89,73,"-VII",4,3.77078957272768,4.54438301589588,"-VII",4,3.77078957272768,4.54438301589588,
89,74,"iv",4,5.61224384111846,4.46600728774397,"V",4,5.57907697718326,4.46600728774397,0.0331668639351994
89,75,"v",3,4.93949919453866,5.08622024836899,"v",3,6.44056045760742,4.40438142620956,
89,76,"-VI",3,3.522888623656,4.8499198683613,"-VI",2,5.60434768907575,5.12196782998679,
89,77,"v",4,4.10389992064665,4.50066764071149,"v",2,4.68895551787073,5.32619101356221,
89,78,"iv",4,2.20380563933569,4.41058407306692,"iv",3,2.64919579000082,4.75921282264896,
89,79,"IV",5,5.92417897884492,4.44549728971756,"IV",4,5.6350913122219,4.93506078587845,
,,,,,,,,,,
90,111,"-VII",3,3.44136812918867,4.98714056772645,"-VII",3,3.44136812918867,4.98714056772645,
90,112,"iv",4,4.69551610849497,4.29591988998608,"iv",4,4.69551610849497,4.29591988998608,
90,113,"v",4,5.24881662527568,4.60323794558646,"v",4,5.24881662527568,4.60323794558646,
90,114,"i",3,2.97204632422328,4.8499198683613,"i",3,2.97204632422328,4.8499198683613,
90,115,"-VII",4,3.77078957272768,4.54438301589588,"-VII",4,3.77078957272768,4.54438301589588,
90,116,"iv",4,5.61224384111846,4.46600728774397,"V",4,5.57907697718326,4.46600728774397,0.0331668639351994
90,117,"v",3,4.93949919453866,5.08622024836899,"v",3,6.44056045760742,4.40438142620956,
90,118,"i",3,2.97204632422328,4.8499198683613,"i",2,5.36481865954137,5.12196782998679,
90,119,"-VII",4,3.77078957272768,4.54438301589588,"-VII",2,4.48988890944916,5.27960425878525,
90,120,"iv",4,5.61224384111846,4.46600728774397,"iv",3,5.29841022138439,4.95839986933168,
90,121,"v",3,4.93949919453866,5.08622024836899,"v",3,4.93949919453866,5.08622024836899,
,,,,,,,,,,
91,115,"-VII",4,3.77078957272768,4.54438301589588,"-VII",4,3.77078957272768,4.54438301589588,
91,116,"iv",4,5.61224384111846,4.46600728774397,"iv",4,5.61224384111846,4.46600728774397,
91,117,"v",3,4.93949919453866,5.08622024836899,"v",3,4.93949919453866,5.08622024836899,
91,118,"i",3,2.97204632422328,4.8499198683613,"i",3,2.97204632422328,4.8499198683613,
91,119,"-VII",4,3.77078957272768,4.54438301589588,"-VII",4,3.77078957272768,4.54438301589588,
91,120,"iv",4,5.61224384111846,4.46600728774397,"V",4,5.57907697718326,4.46600728774397,0.0331668639351994
91,121,"v",3,4.93949919453866,5.08622024836899,"v",3,6.44056045760742,4.40438142620956,
91,122,"i",3,2.97204632422328,4.8499198683613,"i",2,5.36481865954137,5.12196782998679,
91,123,"-VII",4,3.77078957272768,4.54438301589588,"-VII",2,4.48988890944916,5.27960425878525,
91,124,"iv",4,5.61224384111846,4.46600728774397,"iv",3,5.29841022138439,4.95839986933168,
91,125,"v",3,4.93949919453866,5.08622024836899,"v",3,4.93949919453866,5.08622024836899,
,,,,,,,,,,
92,119,"-VII",4,3.77078957272768,4.54438301589588,"-VII",4,3.77078957272768,4.54438301589588,
92,120,"iv",4,5.61224384111846,4.46600728774397,"iv",4,5.61224384111846,4.46600728774397,
92,121,"v",3,4.93949919453866,5.08622024836899,"v",3,4.93949919453866,5.08622024836899,
92,122,"i",3,2.97204632422328,4.8499198683613,"i",3,2.97204632422328,4.8499198683613,
92,123,"-VII",4,3.77078957272768,4.54438301589588,"-VII",4,3.77078957272768,4.54438301589588,
92,124,"iv",4,5.61224384111846,4.46600728774397,"V",4,5.57907697718326,4.46600728774397,0.0331668639351994
92,125,"v",3,4.93949919453866,5.08622024836899,"v",3,6.44056045760742,4.40438142620956,
92,126,"-III",3,5.45363318280031,4.8499198683613,"-III",2,5.49922131990905,5.12196782998679,
92,127,"IV",3,4.51169253687943,4.71666865959078,"IV",2,4.17367283859847,5.26767780158337,
92,128,"i",3,4.55398585213144,4.70585046782857,"i",3,4.55398585213144,4.70585046782857,
92,129,"-VII",3,4.92933386743093,5.191855954283,"-VII",3,4.92933386743093,5.191855954283,
,,,,,,,,,,
93,125,"v",3,4.93949919453866,5.08622024836899,"v",3,4.93949919453866,5.08622024836899,
93,126,"-III",3,5.45363318280031,4.8499198683613,"-III",3,5.45363318280031,4.8499198683613,
93,127,"IV",3,4.51169253687943,4.71666865959078,"IV",3,4.51169253687943,4.71666865959078,
93,128,"i",3,4.55398585213144,4.70585046782857,"i",3,4.55398585213144,4.70585046782857,
93,129,"-VII",3,4.92933386743093,5.191855954283,"-VII",3,4.92933386743093,5.191855954283,
93,130,"iv",3,5.28892710280831,5.01040228020619,"V",3,5.25576023887311,5.01040228020619,0.0331668639351994
93,131,"v",3,4.93949919453866,5.08622024836899,"v",3,6.44056045760742,4.40438142620956,
93,132,"i",3,2.97204632422328,4.8499198683613,"i",2,5.36481865954137,5.12196782998679,
93,133,"-VII",4,3.77078957272768,4.54438301589588,"-VII",2,4.48988890944916,5.27960425878525,
93,134,"iv",4,5.61224384111846,4.46600728774397,"iv",3,5.29841022138439,4.95839986933168,
93,135,"v",3,4.93949919453866,5.08622024836899,"v",3,4.93949919453866,5.08622024836899,
,,,,,,,,,,
94,129,"-VII",3,4.92933386743093,5.191855954283,"-VII",3,4.92933386743093,5.191855954283,
94,130,"iv",3,5.28892710280831,5.01040228020619,"iv",3,5.28892710280831,5.01040228020619,
94,131,"v",3,4.93949919453866,5.08622024836899,"v",3,4.93949919453866,5.08622024836899,
94,132,"i",3,2.97204632422328,4.8499198683613,"i",3,2.97204632422328,4.8499198683613,
94,133,"-VII",4,3.77078957272768,4.54438301589588,"-VII",4,3.77078957272768,4.54438301589588,
94,134,"iv",4,5.61224384111846,4.46600728774397,"V",4,5.57907697718326,4.46600728774397,0.0331668639351994
94,135,"v",3,4.93949919453866,5.08622024836899,"v",3,6.44056045760742,4.40438142620956,
94,136,"i",3,2.97204632422328,4.8499198683613,"i",2,5.36481865954137,5.12196782998679,
94,137,"-VII",4,3.77078957272768,4.54438301589588,"-VII",2,4.48988890944916,5.27960425878525,
94,138,"iv",4,5.61224384111846,4.46600728774397,"iv",3,5.29841022138439,4.95839986933168,
94,139,"v",3,4.93949919453866,5.08622024836899,"v",3,4.93949919453866,5.08622024836899,
,,,,,,,,,,
95,133,"-VII",4,3.77078957272768,4.54438301589588,"-VII",4,3.77078957272768,4.54438301589588,
95,134,"iv",4,5.61224384111846,4.46600728774397,"iv",4,5.61224384111846,4.46600728774397,
95,135,"v",3,4.93949919453866,5.08622024836899,"v",3,4.93949919453866,5.08622024836899,
95,136,"i",3,2.97204632422328,4.8499198683613,"i",3,2.97204632422328,4.8499198683613,
95,137,"-VII",4,3.77078957272768,4.54438301589588,"-VII",4,3.77078957272768,4.54438301589588,
95,138,"iv",4,5.61224384111846,4.46600728774397,"V",4,5.57907697718326,4.46600728774397,0.0331668639351994
95,139,"v",3,4.93949919453866,5.08622024836899,"v",3,6.44056045760742,4.40438142620956,
95,140,"-VI",3,3.522888623656,4.8499198683613,"-VI",2,5.60434768907575,5.12196782998679,
95,141,"v",4,4.10389992064665,4.50066764071149,"v",2,4.68895551787073,5.32619101356221,
95,142,"iv",4,2.20380563933569,4.41058407306692,"iv",3,2.64919579000082,4.75921282264896,
95,143,"IV",5,5.92417897884492,4.44549728971756,"IV",4,5.6350913122219,4.93506078587845,
,,,,,,,,,,
96,199,"v",4,2.8156205914114,4.58577153190158,"v",4,2.8156205914114,4.58577153190158,
96,200,"iv",5,3.60089127128266,4.48059357202431,"iv",5,3.60089127128266,4.48059357202431,
96,201,"V",4,4.30566669323483,4.84649170798147,"V",4,4.30566669323483,4.84649170798147,
96,202,"i",4,2.61068765465848,4.67353240853867,"i",4,2.61068765465848,4.67353240853867,
96,203,"-VII",4,5.14480099256562,4.43020309703653,"-VII",4,5.14480099256562,4.43020309703653,
96,204,"iv",3,5.3432477428675,4.98704824427134,"V",3,5.3100808789323,4.98704824427134,0.0331668639351994
96,205,"v",3,4.93949919453866,5.08622024836899,"v",3,6.44056045760742,4.40438142620956,
96,206,"i",3,2.97204632422328,4.8499198683613,"i",2,5.36481865954137,5.12196782998679,
96,207,"-VII",4,3.77078957272768,4.54438301589588,"-VII",2,4.48988890944916,5.27960425878525,
96,208,"iv",4,5.61224384111846,4.46600728774397,"iv",3,5.29841022138439,4.95839986933168,
96,209,"v",3,4.93949919453866,5.08622024836899,"v",3,4.93949919453866,5.08622024836899,
,,,,,,,,,,
97,203,"-VII",4,5.14480099256562,4.43020309703653,"-VII",4,5.14480099256562,4.43020309703653,
97,204,"iv",3,5.3432477428675,4.98704824427134,"iv",3,5.3432477428675,4.98704824427134,
97,205,"v",3,4.93949919453866,5.08622024836899,"v",3,4.93949919453866,5.08622024836899,
97,206,"i",3,2.97204632422328,4.8499198683613,"i",3,2.97204632422328,4.8499198683613,
97,207,"-VII",4,3.77078957272768,4.54438301589588,"-VII",4,3.77078957272768,4.54438301589588,
97,208,"iv",4,5.61224384111846,4.46600728774397,"V",4,5.57907697718326,4.46600728774397,0.0331668639351994
97,209,"v",3,4.93949919453866,5.08622024836899,"v",3,6.44056045760742,4.40438142620956,
97,210,"i",3,2.97204632422328,4.8499198683613,"i",2,5.36481865954137,5.12196782998679,
97,211,"-VII",4,3.77078957272768,4.54438301589588,"-VII",2,4.48988890944916,5.27960425878525,
97,212,"iv",4,5.61224384111846,4.46600728774397,"iv",3,5.29841022138439,4.95839986933168,
97,213,"v",3,4.93949919453866,5.08622024836899,"v",3,4.93949919453866,5.08622024836899,
,,,,,,,,,,
98,207,"-VII",4,3.77078957272768,4.54438301589588,"-VII",4,3.77078957272768,4.54438301589588,
98,208,"iv",4,5.61224384111846,4.46600728774397,"iv",4,5.61224384111846,4.46600728774397,
98,209,"v",3,4.93949919453866,5.08622024836899,"v",3,4.93949919453866,5.08622024836899,
98,210,"i",3,2.97204632422328,4.8499198683613,"i",3,2.97204632422328,4.8499198683613,
98,211,"-VII",4,3.77078957272768,4.54438301589588,"-VII",4,3.77078957272768,4.54438301589588,
98,212,"iv",4,5.61224384111846,4.46600728774397,"V",4,5.57907697718326,4.46600728774397,0.0331668639351994
98,213,"v",3,4.93949919453866,5.08622024836899,"v",3,6.44056045760742,4.40438142620956,
98,214,"i",3,2.97204632422328,4.8499198683613,"i",2,5.36481865954137,5.12196782998679,
98,215,"-VII",4,3.77078957272768,4.54438301589588,"-VII",2,4.48988890944916,5.27960425878525,
98,216,"iv",4,5.61224384111846,4.46600728774397,"iv",3,5.29841022138439,4.95839986933168,
98,217,"v",3,4.93949919453866,5.08622024836899,"v",3,4.93949919453866,5.08622024836899,
,,,,,,,,,,
99,211,"-VII",4,3.77078957272768,4.54438301589588,"-VII",4,3.77078957272768,4.54438301589588,
99,212,"iv",4,5.61224384111846,4.46600728774397,"iv",4,5.61224384111846,4.46600728774397,
99,213,"v",3,4.93949919453866,5.08622024836899,"v",3,4.93949919453866,5.08622024836899,
99,214,"i",3,2.97204632422328,4.8499198683613,"i",3,2.97204632422328,4.8499198683613,
99,215,"-VII",4,3.77078957272768,4.54438301589588,"-VII",4,3.77078957272768,4.54438301589588,
99,216,"iv",4,5.61224384111846,4.46600728774397,"V",4,5.57907697718326,4.46600728774397,0.0331668639351994
99,217,"v",3,4.93949919453866,5.08622024836899,"v",3,6.44056045760742,4.40438142620956,
99,218,"-III",3,5.45363318280031,4.8499198683613,"-III",2,5.49922131990905,5.12196782998679,
99,219,"IV",3,4.51169253687943,4.71666865959078,"IV",2,4.17367283859847,5.26767780158337,
99,220,"i",3,4.55398585213144,4.70585046782857,"i",3,4.55398585213144,4.70585046782857,
99,221,"-VII",3,4.92933386743093,5.191855954283,"-VII",3,4.92933386743093,5.191855954283,
,,,,,,,,,,
100,217,"v",3,4.93949919453866,5.08622024836899,"v",3,4.93949919453866,5.08622024836899,
100,218,"-III",3,5.45363318280031,4.8499198683613,"-III",3,5.45363318280031,4.8499198683613,
100,219,"IV",3,4.51169253687943,4.71666865959078,"IV",3,4.51169253687943,4.71666865959078,
100,220,"i",3,4.55398585213144,4.70585046782857,"i",3,4.55398585213144,4.70585046782857,
100,221,"-VII",3,4.92933386743093,5.191855954283,"-VII",3,4.92933386743093,5.191855954283,
100,222,"iv",3,5.28892710280831,5.01040228020619,"V",3,5.25576023887311,5.01040228020619,0.0331668639351994
100,223,"v",3,4.93949919453866,5.08622024836899,"v",3,6.44056045760742,4.40438142620956,
100,224,"i",3,2.97204632422328,4.8499198683613,"i",2,5.36481865954137,5.12196782998679,
100,225,"-VII",4,3.77078957272768,4.54438301589588,"-VII",2,4.48988890944916,5.27960425878525,
100,226,"iv",4,5.61224384111846,4.46600728774397,"iv",3,5.29841022138439,4.95839986933168,
100,227,"v",3,4.93949919453866,5.08622024836899,"v",3,4.93949919453866,5.08622024836899,
,,,,,,,,,,
101,221,"-VII",3,4.92933386743093,5.191855954283,"-VII",3,4.92933386743093,5.191855954283,
101,222,"iv",3,5.28892710280831,5.01040228020619,"iv",3,5.28892710280831,5.01040228020619,
101,223,"v",3,4.93949919453866,5.08622024836899,"v",3,4.93949919453866,5.08622024836899,
101,224,"i",3,2.97204632422328,4.8499198683613,"i",3,2.97204632422328,4.8499198683613,
101,225,"-VII",4,3.77078957272768,4.54438301589588,"-VII",4,3.77078957272768,4.54438301589588,
101,226,"iv",4,5.61224384111846,4.46600728774397,"V",4,5.57907697718326,4.46600728774397,0.0331668639351994
101,227,"v",3,4.93949919453866,5.08622024836899,"v",3,6.44056045760742,4.40438142620956,
101,228,"i",3,2.97204632422328,4.8499198683613,"i",2,5.36481865954137,5.12196782998679,
101,229,"-VII",4,3.77078957272768,4.54438301589588,"-VII",2,4.48988890944916,5.27960425878525,
101,230,"iv",4,5.61224384111846,4.46600728774397,"iv",3,5.29841022138439,4.95839986933168,
101,231,"v",3,4.93949919453866,5.08622024836899,"v",3,4.93949919453866,5.08622024836899,
,,,,,,,,,,
102,225,"-VII",4,3.77078957272768,4.54438301589588,"-VII",4,3.77078957272768,4.54438301589588,
102,226,"iv",4,5.61224384111846,4.46600728774397,"iv",4,5.61224384111846,4.46600728774397,
102,227,"v",3,4.93949919453866,5.08622024836899,"v",3,4.93949919453866,5.08622024836899,
102,228,"i",3,2.97204632422328,4.8499198683613,"i",3,2.97204632422328,4.8499198683613,
102,229,"-VII",4,3.77078957272768,4.54438301589588,"-VII",4,3.77078957272768,4.54438301589588,
102,230,"iv",4,5.61224384111846,4.46600728774397,"V",4,5.57907697718326,4.46600728774397,0.0331668639351994
102,231,"v",3,4.93949919453866,5.08622024836899,"v",3,6.44056045760742,4.40438142620956,
102,232,"i",3,2.97204632422328,4.8499198683613,"i",2,5.36481865954137,5.12196782998679,
102,233,"-VII",4,3.77078957272768,4.54438301589588,"-VII",2,4.48988890944916,5.27960425878525,
102,234,"iv",4,5.61224384111846,4.46600728774397,"iv",3,5.29841022138439,4.95839986933168,
102,235,"v",3,4.93949919453866,5.08622024836899,"v",3,4.93949919453866,5.08622024836899,
,,,,,,,,,,
103,229,"-VII",4,3.77078957272768,4.54438301589588,"-VII",4,3.77078957272768,4.54438301589588,
103,230,"iv",4,5.61224384111846,4.46600728774397,"iv",4,5.61224384111846,4.46600728774397,
103,231,"v",3,4.93949919453866,5.08622024836899,"v",3,4.93949919453866,5.08622024836899,
103,232,"i",3,2.97204632422328,4.8499198683613,"i",3,2.97204632422328,4.8499198683613,
103,233,"-VII",4,3.77078957272768,4.54438301589588,"-VII",4,3.77078957272768,4.54438301589588,
103,234,"iv",4,5.61224384111846,4.46600728774397,"V",4,5.57907697718326,4.46600728774397,0.0331668639351994
103,235,"v",3,4.93949919453866,5.08622024836899,"v",3,6.44056045760742,4.40438142620956,
103,236,"-III",3,5.45363318280031,4.8499198683613,"-III",2,5.49922131990905,5.12196782998679,
103,237,"IV",3,4.51169253687943,4.71666865959078,"IV",2,4.17367283859847,5.26767780158337,
103,238,"i",3,4.55398585213144,4.70585046782857,"i",3,4.55398585213144,4.70585046782857,
103,239,"-VII",3,4.92933386743093,5.191855954283,"-VII",3,4.92933386743093,5.191855954283,
,,,,,,,,,,
104,235,"v",3,4.93949919453866,5.08622024836899,"v",3,4.93949919453866,5.08622024836899,
104,236,"-III",3,5.45363318280031,4.8499198683613,"-III",3,5.45363318280031,4.8499198683613,
104,237,"IV",3,4.51169253687943,4.71666865959078,"IV",3,4.51169253687943,4.71666865959078,
104,238,"i",3,4.55398585213144,4.70585046782857,"i",3,4.55398585213144,4.70585046782857,
104,239,"-VII",3,4.92933386743093,5.191855954283,"-VII",3,4.92933386743093,5.191855954283,
104,240,"iv",3,5.28892710280831,5.01040228020619,"V",3,5.25576023887311,5.01040228020619,0.0331668639351994
104,241,"v",3,4.93949919453866,5.08622024836899,"v",3,6.44056045760742,4.40438142620956,
104,242,"i",3,2.97204632422328,4.8499198683613,"i",2,5.36481865954137,5.12196782998679,
104,243,"-VII",4,3.77078957272768,4.54438301589588,"-VII",2,4.48988890944916,5.27960425878525,
104,244,"iv",4,5.61224384111846,4.46600728774397,"iv",3,5.29841022138439,4.95839986933168,
104,245,"v",3,4.93949919453866,5.08622024836899,"v",3,4.93949919453866,5.08622024836899,
,,,,,,,,,,
105,239,"-VII",3,4.92933386743093,5.191855954283,"-VII",3,4.92933386743093,5.191855954283,
105,240,"iv",3,5.28892710280831,5.01040228020619,"iv",3,5.28892710280831,5.01040228020619,
105,241,"v",3,4.93949919453866,5.08622024836899,"v",3,4.93949919453866,5.08622024836899,
105,242,"i",3,2.97204632422328,4.8499198683613,"i",3,2.97204632422328,4.8499198683613,
105,243,"-VII",4,3.77078957272768,4.54438301589588,"-VII",4,3.77078957272768,4.54438301589588,
105,244,"iv",4,5.61224384111846,4.46600728774397,"V",4,5.57907697718326,4.46600728774397,0.0331668639351994
105,245,"v",3,4.93949919453866,5.08622024836899,"v",3,6.44056045760742,4.40438142620956,
105,246,"i",3,2.97204632422328,4.8499198683613,"i",2,5.36481865954137,5.12196782998679,
105,247,"-VII",4,3.77078957272768,4.54438301589588,"-VII",2,4.48988890944916,5.27960425878525,
105,248,"iv",4,5.61224384111846,4.46600728774397,"iv",3,5.29841022138439,4.95839986933168,
105,249,"v",3,4.93949919453866,5.08622024836899,"v",3,4.93949919453866,5.08622024836899,
,,,,,,,,,,
106,243,"-VII",4,3.77078957272768,4.54438301589588,"-VII",4,3.77078957272768,4.54438301589588,
106,244,"iv",4,5.61224384111846,4.46600728774397,"iv",4,5.61224384111846,4.46600728774397,
106,245,"v",3,4.93949919453866,5.08622024836899,"v",3,4.93949919453866,5.08622024836899,
106,246,"i",3,2.97204632422328,4.8499198683613,"i",3,2.97204632422328,4.8499198683613,
106,247,"-VII",4,3.77078957272768,4.54438301589588,"-VII",4,3.77078957272768,4.54438301589588,
106,248,"iv",4,5.61224384111846,4.46600728774397,"V",4,5.57907697718326,4.46600728774397,0.0331668639351994
106,249,"v",3,4.93949919453866,5.08622024836899,"v",3,6.44056045760742,4.40438142620956,
106,250,"i",3,2.97204632422328,4.8499198683613,"i",2,5.36481865954137,5.12196782998679,
106,251,"-VII",4,3.77078957272768,4.54438301589588,"-VII",2,4.48988890944916,5.27960425878525,
106,252,"iv",4,5.61224384111846,4.46600728774397,"iv",3,5.29841022138439,4.95839986933168,
106,253,"v",3,4.93949919453866,5.08622024836899,"v",3,4.93949919453866,5.08622024836899,
,,,,,,,,,,
107,247,"-VII",4,3.77078957272768,4.54438301589588,"-VII",4,3.77078957272768,4.54438301589588,
107,248,"iv",4,5.61224384111846,4.46600728774397,"iv",4,5.61224384111846,4.46600728774397,
107,249,"v",3,4.93949919453866,5.08622024836899,"v",3,4.93949919453866,5.08622024836899,
107,250,"i",3,2.97204632422328,4.8499198683613,"i",3,2.97204632422328,4.8499198683613,
107,251,"-VII",4,3.77078957272768,4.54438301589588,"-VII",4,3.77078957272768,4.54438301589588,
107,252,"iv",4,5.61224384111846,4.46600728774397,"V",4,5.57907697718326,4.46600728774397,0.0331668639351994
107,253,"v",3,4.93949919453866,5.08622024836899,"v",3,6.44056045760742,4.40438142620956,
107,254,"-III",3,5.45363318280031,4.8499198683613,"-III",2,5.49922131990905,5.12196782998679,
107,255,"IV",3,4.51169253687943,4.71666865959078,"IV",2,4.17367283859847,5.26767780158337,
107,256,"i",3,4.55398585213144,4.70585046782857,"i",3,4.55398585213144,4.70585046782857,
107,257,"-VII",3,4.92933386743093,5.191855954283,"-VII",3,4.92933386743093,5.191855954283,
,,,,,,,,,,
108,253,"v",3,4.93949919453866,5.08622024836899,"v",3,4.93949919453866,5.08622024836899,
108,254,"-III",3,5.45363318280031,4.8499198683613,"-III",3,5.45363318280031,4.8499198683613,
108,255,"IV",3,4.51169253687943,4.71666865959078,"IV",3,4.51169253687943,4.71666865959078,
108,256,"i",3,4.55398585213144,4.70585046782857,"i",3,4.55398585213144,4.70585046782857,
108,257,"-VII",3,4.92933386743093,5.191855954283,"-VII",3,4.92933386743093,5.191855954283,
108,258,"iv",3,5.28892710280831,5.01040228020619,"V",3,5.25576023887311,5.01040228020619,0.0331668639351994
108,259,"v",3,4.93949919453866,5.08622024836899,"v",3,6.44056045760742,4.40438142620956,
108,260,"i",3,2.97204632422328,4.8499198683613,"i",2,5.36481865954137,5.12196782998679,
108,261,"-VII",4,3.77078957272768,4.54438301589588,"-VII",2,4.48988890944916,5.27960425878525,
108,262,"iv",4,5.61224384111846,4.46600728774397,"iv",3,5.29841022138439,4.95839986933168,
108,263,"v",3,4.93949919453866,5.08622024836899,"v",3,4.93949919453866,5.08622024836899,
,,,,,,,,,,
109,257,"-VII",3,4.92933386743093,5.191855954283,"-VII",3,4.92933386743093,5.191855954283,
109,258,"iv",3,5.28892710280831,5.01040228020619,"iv",3,5.28892710280831,5.01040228020619,
109,259,"v",3,4.93949919453866,5.08622024836899,"v",3,4.93949919453866,5.08622024836899,
109,260,"i",3,2.97204632422328,4.8499198683613,"i",3,2.97204632422328,4.8499198683613,
109,261,"-VII",4,3.77078957272768,4.54438301589588,"-VII",4,3.77078957272768,4.54438301589588,
109,262,"iv",4,5.61224384111846,4.46600728774397,"V",4,5.57907697718326,4.46600728774397,0.0331668639351994
109,263,"v",3,4.93949919453866,5.08622024836899,"v",3,6.44056045760742,4.40438142620956,
109,264,"-III",3,5.45363318280031,4.8499198683613,"-III",2,5.49922131990905,5.12196782998679,
109,265,"IV",3,4.51169253687943,4.71666865959078,"IV",2,4.17367283859847,5.26767780158337,
109,266,"r",3,2.61741617873023,4.70585046782857,"r",3,2.61741617873023,4.70585046782857,
109,267,"r",3,0.617205339920308,2.30730109769773,"r",3,0.617205339920308,2.30730109769773,
,,,,,,,,,,
110,140,"-VI",3,3.522888623656,4.8499198683613,"-VI",3,3.522888623656,4.8499198683613,
110,141,"v",4,4.10389992064665,4.50066764071149,"v",4,4.10389992064665,4.50066764071149,
110,142,"iv",4,2.20380563933569,4.41058407306692,"iv",4,2.20380563933569,4.41058407306692,
110,143,"IV",5,5.92417897884492,4.44549728971756,"IV",5,5.92417897884492,4.44549728971756,
110,144,"iv",3,4.48003028956695,4.73276820830125,"iv",3,4.48003028956695,4.73276820830125,
110,145,"i",3,5.53920590817579,4.45485913512598,"v",3,5.57327708749383,4.45485913512598,0.0340711793180422
110,146,"-VII",3,2.96398404202349,4.95873227566919,"-VII",3,5.26986008191938,4.64247311083875,
110,147,"-VI",4,1.79164721784915,4.45810430511926,"-VI",3,5.19635266775409,5.03678960218176,
110,148,"v",5,3.18634688326846,3.98738258598592,"v",3,2.0084615787482,4.72262081868156,
110,149,"iv",5,3.60089127128266,4.48059357202431,"iv",4,3.90014231417118,4.68570435755686,
110,150,"i",4,5.1839738877363,4.84649170798147,"i",4,5.1839738877363,4.84649170798147,
,,,,,,,,,,
111,164,"IV",4,5.61719820260734,4.94671721803832,"IV",4,5.61719820260734,4.94671721803832,
111,165,"iv",3,4.48003028956695,4.73276820830125,"iv",3,4.48003028956695,4.73276820830125,
111,166,"-VI",3,5.80772585309331,4.45485913512598,"-VI",3,5.80772585309331,4.45485913512598,
111,167,"-VII",3,2.04734207256218,4.81169144122483,"-VII",3,2.04734207256218,4.81169144122483,
111,168,"-vio",4,8.1080773035881,4.25754135520082,"-vio",4,8.1080773035881,4.25754135520082,
111,169,"i",1,6.25327743937984,5.07122703826233,"iv",1,6.28762894417062,5.07122703826233,0.0343515047907772
111,170,"-VI",1,5.29609543438466,5.44992395779,"-VI",1,5.2918272701716,5.45883368621155,
111,171,"-VII",2,3.81441452470341,5.24642902044712,"-VII",2,3.46296844032095,5.25294051855951,
111,172,"-vio",3,7.72500725212842,4.74614861710058,"-vio",3,7.77285595765138,4.69973186070808,
111,173,"i",1,6.25327743937984,5.07122703826233,"i",1,6.25327743937984,5.07122703826233,
111,174,"-VI",1,5.29609543438466,5.44992395779,"-VI",1,5.29609543438466,5.44992395779,
,,,,,,,,,,
112,168,"-vio",4,8.1080773035881,4.25754135520082,"-vio",4,8.1080773035881,4.25754135520082,
112,169,"i",1,6.25327743937984,5.07122703826233,"i",1,6.25327743937984,5.07122703826233,
112,170,"-VI",1,5.29609543438466,5.44992395779,"-VI",1,5.29609543438466,5.44992395779,
112,171,"-VII",2,3.81441452470341,5.24642902044712,"-VII",2,3.81441452470341,5.24642902044712,
112,172,"-vio",3,7.72500725212842,4.74614861710058,"-vio",3,7.72500725212842,4.74614861710058,
112,173,"i",1,6.25327743937984,5.07122703826233,"iv",1,6.28762894417062,5.07122703826233,0.0343515047907772
112,174,"-VI",1,5.29609543438466,5.44992395779,"-VI",1,5.2918272701716,5.45883368621155,
112,175,"-VII",2,3.81441452470341,5.24642902044712,"-VII",2,3.46296844032095,5.25294051855951,
112,176,"-vio",3,7.72500725212842,4.74614861710058,"-vio",3,7.77285595765138,4.69973186070808,
112,177,"i",1,6.25327743937984,5.07122703826233,"i",1,6.25327743937984,5.07122703826233,
112,178,"iv",1,5.13962892985595,5.44992395779,"iv",1,5.13962892985595,5.44992395779,
,,,,,,,,,,
113,172,"-vio",3,7.72500725212842,4.74614861710058,"-vio",3,7.72500725212842,4.74614861710058,
113,173,"i",1,6.25327743937984,5.07122703826233,"i",1,6.25327743937984,5.07122703826233,
113,174,"-VI",1,5.29609543438466,5.44992395779,"-VI",1,5.29609543438466,5.44992395779,
113,175,"-VII",2,3.81441452470341,5.24642902044712,"-VII",2,3.81441452470341,5.24642902044712,
113,176,"-vio",3,7.72500725212842,4.74614861710058,"-vio",3,7.72500725212842,4.74614861710058,
113,177,"i",1,6.25327743937984,5.07122703826233,"iv",1,6.28762894417062,5.07122703826233,0.0343515047907772
113,178,"iv",1,5.13962892985595,5.44992395779,"iv",1,5.0281568956077,5.45883368621155,
113,179,"-VII",2,4.45121876805448,5.32061032137467,"-VII",2,4.85811815416402,5.35850153831804,
113,180,"i",3,3.1323092639428,4.82616103089004,"i",3,4.71881602735373,3.88487014369101,
113,181,"-VII",4,4.29872698646288,4.46776146494272,"-VII",3,3.91976271471374,4.89210511327004,
113,182,"-VI",4,3.74585343509831,4.72339678060877,"-VI",4,3.74585343509831,4.72339678060877,
,,,,,,,,,,
114,174,"-VI",1,5.29609543438466,5.44992395779,"-VI",1,5.29609543438466,5.44992395779,
114,175,"-VII",2,3.81441452470341,5.24642902044712,"-VII",2,3.81441452470341,5.24642902044712,
114,176,"-vio",3,7.72500725212842,4.74614861710058,"-vio",3,7.72500725212842,4.74614861710058,
114,177,"i",1,6.25327743937984,5.07122703826233,"i",1,6.25327743937984,5.07122703826233,
114,178,"iv",1,5.13962892985595,5.44992395779,"iv",1,5.13962892985595,5.44992395779,
114,179,"-VII",2,4.45121876805448,5.32061032137467,"V",2,4.48772106735666,5.32061032137467,0.0365022993021888
114,180,"i",3,3.1323092639428,4.82616103089004,"i",3,2.62182400783474,4.81110467149815,
114,181,"-VII",4,4.29872698646288,4.46776146494272,"-VII",4,5.33886667652667,4.42315377444318,
114,182,"-VI",4,3.74585343509831,4.72339678060877,"-VI",3,2.92768197736493,4.98704824427134,
114,183,"v",4,4.34310876191453,4.78910353703338,"v",4,4.48975948638789,4.62661776523337,
114,184,"iv",4,3.32033015144841,4.86100081787545,"iv",4,3.32033015144841,4.86100081787545,
,,,,,,,,,,
115,178,"iv",1,5.13962892985595,5.44992395779,"iv",1,5.13962892985595,5.44992395779,
115,179,"-VII",2,4.45121876805448,5.32061032137467,"-VII",2,4.45121876805448,5.32061032137467,
115,180,"i",3,3.1323092639428,4.82616103089004,"i",3,3.1323092639428,4.82616103089004,
115,181,"-VII",4,4.29872698646288,4.46776146494272,"-VII",4,4.29872698646288,4.46776146494272,
115,182,"-VI",4,3.74585343509831,4.72339678060877,"-VI",4,3.74585343509831,4.72339678060877,
115,183,"v",4,4.34310876191453,4.78910353703338,"i",4,4.30154824588132,4.78910353703338,0.0415605160332122
115,184,"iv",4,3.32033015144841,4.86100081787545,"iv",5,5.41255816770665,5.06668260074048,
115,185,"i",4,5.1839738877363,4.84649170798147,"i",3,4.44234326339337,4.88690440981387,
115,186,"-VII",3,4.67911951908257,5.04406532221244,"-VII",3,3.91803992351091,4.83539365779729,
115,187,"-VI",3,3.06544451050228,4.97396702342653,"-VI",4,2.4337219138277,4.6453295591591,
115,188,"v",4,2.8156205914114,4.58577153190158,"v",5,1.57149104940315,4.0120341570323,
,,,,,,,,,,
116,165,"iv",3,4.48003028956695,4.73276820830125,"iv",3,4.48003028956695,4.73276820830125,
116,166,"-VI",3,5.80772585309331,4.45485913512598,"-VI",3,5.80772585309331,4.45485913512598,
116,167,"-VII",3,2.04734207256218,4.81169144122483,"-VII",3,2.04734207256218,4.81169144122483,
116,168,"-vio",4,8.1080773035881,4.25754135520082,"-vio",4,8.1080773035881,4.25754135520082,
116,169,"i",1,6.25327743937984,5.07122703826233,"i",1,6.25327743937984,5.07122703826233,
116,170,"-VI",1,5.29609543438466,5.44992395779,"V",1,5.25141399507458,5.44992395779,0.0446814393100761
116,171,"-VII",2,3.81441452470341,5.24642902044712,"-VII",2,6.04701455515082,5.24600740260083,
116,172,"-vio",3,7.72500725212842,4.74614861710058,"-vio",2,6.9614094697392,5.25738012468346,
116,173,"i",1,6.25327743937984,5.07122703826233,"i",1,6.25327743937984,5.07122703826233,
116,174,"-VI",1,5.29609543438466,5.44992395779,"-VI",1,5.29609543438466,5.44992395779,
116,175,"-VII",2,3.81441452470341,5.24642902044712,"-VII",2,3.81441452470341,5.24642902044712,
,,,,,,,,,,
117,169,"i",1,6.25327743937984,5.07122703826233,"i",1,6.25327743937984,5.07122703826233,
117,170,"-VI",1,5.29609543438466,5.44992395779,"-VI",1,5.29609543438466,5.44992395779,
117,171,"-VII",2,3.81441452470341,5.24642902044712,"-VII",2,3.81441452470341,5.24642902044712,
117,172,"-vio",3,7.72500725212842,4.74614861710058,"-vio",3,7.72500725212842,4.74614861710058,
117,173,"i",1,6.25327743937984,5.07122703826233,"i",1,6.25327743937984,5.07122703826233,
117,174,"-VI",1,5.29609543438466,5.44992395779,"V",1,5.25141399507458,5.44992395779,0.0446814393100761
117,175,"-VII",2,3.81441452470341,5.24642902044712,"-VII",2,6.04701455515082,5.24600740260083,
117,176,"-vio",3,7.72500725212842,4.74614861710058,"-vio",2,6.9614094697392,5.25738012468346,
117,177,"i",1,6.25327743937984,5.07122703826233,"i",1,6.25327743937984,5.07122703826233,
117,178,"iv",1,5.13962892985595,5.44992395779,"iv",1,5.13962892985595,5.44992395779,
117,179,"-VII",2,4.45121876805448,5.32061032137467,"-VII",2,4.45121876805448,5.32061032137467,
,,,,,,,,,,
118,167,"-VII",3,2.04734207256218,4.81169144122483,"-VII",3,2.04734207256218,4.81169144122483,
118,168,"-vio",4,8.1080773035881,4.25754135520082,"-vio",4,8.1080773035881,4.25754135520082,
118,169,"i",1,6.25327743937984,5.07122703826233,"i",1,6.25327743937984,5.07122703826233,
118,170,"-VI",1,5.29609543438466,5.44992395779,"-VI",1,5.29609543438466,5.44992395779,
118,171,"-VII",2,3.81441452470341,5.24642902044712,"-VII",2,3.81441452470341,5.24642902044712,
118,172,"-vio",3,7.72500725212842,4.74614861710058,"#I",3,7.67846466619139,4.74614861710058,0.0465425859370301
118,173,"i",1,6.25327743937984,5.07122703826233,"i",1,3.49476469174958,5.15242358754083,
118,174,"-VI",1,5.29609543438466,5.44992395779,"-VI",2,5.82146110778689,4.53423324218757,
118,175,"-VII",2,3.81441452470341,5.24642902044712,"-VII",2,3.81441452470341,5.24642902044712,
118,176,"-vio",3,7.72500725212842,4.74614861710058,"-vio",3,7.72500725212842,4.74614861710058,
118,177,"i",1,6.25327743937984,5.07122703826233,"i",1,6.25327743937984,5.07122703826233,
,,,,,,,,,,
119,167,"-VII",3,2.04734207256218,4.81169144122483,"-VII",3,2.04734207256218,4.81169144122483,
119,168,"-vio",4,8.1080773035881,4.25754135520082,"-vio",4,8.1080773035881,4.25754135520082,
119,169,"i",1,6.25327743937984,5.07122703826233,"i",1,6.25327743937984,5.07122703826233,
119,170,"-VI",1,5.29609543438466,5.44992395779,"-VI",1,5.29609543438466,5.44992395779,
119,171,"-VII",2,3.81441452470341,5.24642902044712,"-VII",2,3.81441452470341,5.24642902044712,
119,172,"-vio",3,7.72500725212842,4.74614861710058,"iiio",3,7.67846466619139,4.74614861710058,0.0465425859370301
119,173,"i",1,6.25327743937984,5.07122703826233,"i",1,6.35333713069439,4.94919901927356,
119,174,"-VI",1,5.29609543438466,5.44992395779,"-VI",1,5.29609543438466,5.44992395779,
119,175,"-VII",2,3.81441452470341,5.24642902044712,"-VII",2,3.81441452470341,5.24642902044712,
119,176,"-vio",3,7.72500725212842,4.74614861710058,"-vio",3,7.72500725212842,4.74614861710058,
119,177,"i",1,6.25327743937984,5.07122703826233,"i",1,6.25327743937984,5.07122703826233,
,,,,,,,,,,
120,167,"-VII",3,2.04734207256218,4.81169144122483,"-VII",3,2.04734207256218,4.81169144122483,
120,168,"-vio",4,8.1080773035881,4.25754135520082,"-vio",4,8.1080773035881,4.25754135520082,
120,169,"i",1,6.25327743937984,5.07122703826233,"i",1,6.25327743937984,5.07122703826233,
120,170,"-VI",1,5.29609543438466,5.44992395779,"-VI",1,5.29609543438466,5.44992395779,
120,171,"-VII",2,3.81441452470341,5.24642902044712,"-VII",2,3.81441452470341,5.24642902044712,
120,172,"-vio",3,7.72500725212842,4.74614861710058,"#iv",3,7.67846466619139,4.74614861710058,0.0465425859370301
120,173,"i",1,6.25327743937984,5.07122703826233,"i",1,6.29570141938477,5.1037776347783,
120,174,"-VI",1,5.29609543438466,5.44992395779,"-VI",1,5.29609543438466,5.44992395779,
120,175,"-VII",2,3.81441452470341,5.24642902044712,"-VII",2,3.81441452470341,5.24642902044712,
120,176,"-vio",3,7.72500725212842,4.74614861710058,"-vio",3,7.72500725212842,4.74614861710058,
120,177,"i",1,6.25327743937984,5.07122703826233,"i",1,6.25327743937984,5.07122703826233,
,,,,,,,,,,
121,167,"-VII",3,2.04734207256218,4.81169144122483,"-VII",3,2.04734207256218,4.81169144122483,
121,168,"-vio",4,8.1080773035881,4.25754135520082,"-vio",4,8.1080773035881,4.25754135520082,
121,169,"i",1,6.25327743937984,5.07122703826233,"i",1,6.25327743937984,5.07122703826233,
121,170,"-VI",1,5.29609543438466,5.44992395779,"-VI",1,5.29609543438466,5.44992395779,
121,171,"-VII",2,3.81441452470341,5.24642902044712,"-VII",2,3.81441452470341,5.24642902044712,
121,172,"-vio",3,7.72500725212842,4.74614861710058,"-vi",3,7.67846466619139,4.74614861710058,0.0465425859370301
121,173,"i",1,6.25327743937984,5.07122703826233,"i",1,3.48736600228989,5.15252246183853,
121,174,"-VI",1,5.29609543438466,5.44992395779,"-VI",2,5.5464235177365,5.24122679727095,
121,175,"-VII",2,3.81441452470341,5.24642902044712,"-VII",2,3.81441452470341,5.24642902044712,
121,176,"-vio",3,7.72500725212842,4.74614861710058,"-vio",3,7.72500725212842,4.74614861710058,
121,177,"i",1,6.25327743937984,5.07122703826233,"i",1,6.25327743937984,5.07122703826233,
,,,,,,,,,,
122,167,"-VII",3,2.04734207256218,4.81169144122483,"-VII",3,2.04734207256218,4.81169144122483,
122,168,"-vio",4,8.1080773035881,4.25754135520082,"-vio",4,8.1080773035881,4.25754135520082,
122,169,"i",1,6.25327743937984,5.07122703826233,"i",1,6.25327743937984,5.07122703826233,
122,170,"-VI",1,5.29609543438466,5.44992395779,"-VI",1,5.29609543438466,5.44992395779,
122,171,"-VII",2,3.81441452470341,5.24642902044712,"-VII",2,3.81441452470341,5.24642902044712,
122,172,"-vio",3,7.72500725212842,4.74614861710058,"ivo",3,7.67846466619139,4.74614861710058,0.0465425859370301
122,173,"i",1,6.25327743937984,5.07122703826233,"i",1,6.07148339447622,5.19852711020167,
122,174,"-VI",1,5.29609543438466,5.44992395779,"-VI",1,5.29609543438466,5.44992395779,
122,175,"-VII",2,3.81441452470341,5.24642902044712,"-VII",2,3.81441452470341,5.24642902044712,
122,176,"-vio",3,7.72500725212842,4.74614861710058,"-vio",3,7.72500725212842,4.74614861710058,
122,177,"i",1,6.25327743937984,5.07122703826233,"i",1,6.25327743937984,5.07122703826233,
,,,,,,,,,,
123,171,"-VII",2,3.81441452470341,5.24642902044712,"-VII",2,3.81441452470341,5.24642902044712,
123,172,"-vio",3,7.72500725212842,4.74614861710058,"-vio",3,7.72500725212842,4.74614861710058,
123,173,"i",1,6.25327743937984,5.07122703826233,"i",1,6.25327743937984,5.07122703826233,
123,174,"-VI",1,5.29609543438466,5.44992395779,"-VI",1,5.29609543438466,5.44992395779,
123,175,"-VII",2,3.81441452470341,5.24642902044712,"-VII",2,3.81441452470341,5.24642902044712,
123,176,"-vio",3,7.72500725212842,4.74614861710058,"#I",3,7.67846466619139,4.74614861710058,0.0465425859370301
123,177,"i",1,6.25327743937984,5.07122703826233,"i",1,3.49476469174958,5.15242358754083,
123,178,"iv",1,5.13962892985595,5.44992395779,"iv",2,5.66499460325819,4.53423324218757,
123,179,"-VII",2,4.45121876805448,5.32061032137467,"-VII",2,4.45121876805448,5.32061032137467,
123,180,"i",3,3.1323092639428,4.82616103089004,"i",3,3.1323092639428,4.82616103089004,
123,181,"-VII",4,4.29872698646288,4.46776146494272,"-VII",4,4.29872698646288,4.46776146494272,
,,,,,,,,,,
124,171,"-VII",2,3.81441452470341,5.24642902044712,"-VII",2,3.81441452470341,5.24642902044712,
124,172,"-vio",3,7.72500725212842,4.74614861710058,"-vio",3,7.72500725212842,4.74614861710058,
124,173,"i",1,6.25327743937984,5.07122703826233,"i",1,6.25327743937984,5.07122703826233,
124,174,"-VI",1,5.29609543438466,5.44992395779,"-VI",1,5.29609543438466,5.44992395779,
124,175,"-VII",2,3.81441452470341,5.24642902044712,"-VII",2,3.81441452470341,5.24642902044712,
124,176,"-vio",3,7.72500725212842,4.74614861710058,"iiio",3,7.67846466619139,4.74614861710058,0.0465425859370301
124,177,"i",1,6.25327743937984,5.07122703826233,"i",1,6.35333713069439,4.94919901927356,
124,178,"iv",1,5.13962892985595,5.44992395779,"iv",1,5.13962892985595,5.44992395779,
124,179,"-VII",2,4.45121876805448,5.32061032137467,"-VII",2,4.45121876805448,5.32061032137467,
124,180,"i",3,3.1323092639428,4.82616103089004,"i",3,3.1323092639428,4.82616103089004,
124,181,"-VII",4,4.29872698646288,4.46776146494272,"-VII",4,4.29872698646288,4.46776146494272,
,,,,,,,,,,
125,171,"-VII",2,3.81441452470341,5.24642902044712,"-VII",2,3.81441452470341,5.24642902044712,
125,172,"-vio",3,7.72500725212842,4.74614861710058,"-vio",3,7.72500725212842,4.74614861710058,
125,173,"i",1,6.25327743937984,5.07122703826233,"i",1,6.25327743937984,5.07122703826233,
125,174,"-VI",1,5.29609543438466,5.44992395779,"-VI",1,5.29609543438466,5.44992395779,
125,175,"-VII",2,3.81441452470341,5.24642902044712,"-VII",2,3.81441452470341,5.24642902044712,
125,176,"-vio",3,7.72500725212842,4.74614861710058,"#iv",3,7.67846466619139,4.74614861710058,0.0465425859370301
125,177,"i",1,6.25327743937984,5.07122703826233,"i",1,6.29570141938477,5.1037776347783,
125,178,"iv",1,5.13962892985595,5.44992395779,"iv",1,5.13962892985595,5.44992395779,
125,179,"-VII",2,4.45121876805448,5.32061032137467,"-VII",2,4.45121876805448,5.32061032137467,
125,180,"i",3,3.1323092639428,4.82616103089004,"i",3,3.1323092639428,4.82616103089004,
125,181,"-VII",4,4.29872698646288,4.46776146494272,"-VII",4,4.29872698646288,4.46776146494272,
,,,,,,,,,,
126,171,"-VII",2,3.81441452470341,5.24642902044712,"-VII",2,3.81441452470341,5.24642902044712,
126,172,"-vio",3,7.72500725212842,4.74614861710058,"-vio",3,7.72500725212842,4.74614861710058,
126,173,"i",1,6.25327743937984,5.07122703826233,"i",1,6.25327743937984,5.07122703826233,
126,174,"-VI",1,5.29609543438466,5.44992395779,"-VI",1,5.29609543438466,5.44992395779,
126,175,"-VII",2,3.81441452470341,5.24642902044712,"-VII",2,3.81441452470341,5.24642902044712,
126,176,"-vio",3,7.72500725212842,4.74614861710058,"-vi",3,7.67846466619139,4.74614861710058,0.0465425859370301
126,177,"i",1,6.25327743937984,5.07122703826233,"i",1,3.48736600228989,5.15252246183853,
126,178,"iv",1,5.13962892985595,5.44992395779,"iv",2,5.38995701320779,5.24122679727095,
126,179,"-VII",2,4.45121876805448,5.32061032137467,"-VII",2,4.45121876805448,5.32061032137467,
126,180,"i",3,3.1323092639428,4.82616103089004,"i",3,3.1323092639428,4.82616103089004,
126,181,"-VII",4,4.29872698646288,4.46776146494272,"-VII",4,4.29872698646288,4.46776146494272,
,,,,,,,,,,
127,171,"-VII",2,3.81441452470341,5.24642902044712,"-VII",2,3.81441452470341,5.24642902044712,
127,172,"-vio",3,7.72500725212842,4.74614861710058,"-vio",3,7.72500725212842,4.74614861710058,
127,173,"i",1,6.25327743937984,5.07122703826233,"i",1,6.25327743937984,5.07122703826233,
127,174,"-VI",1,5.29609543438466,5.44992395779,"-VI",1,5.29609543438466,5.44992395779,
127,175,"-VII",2,3.81441452470341,5.24642902044712,"-VII",2,3.81441452470341,5.24642902044712,
127,176,"-vio",3,7.72500725212842,4.74614861710058,"ivo",3,7.67846466619139,4.74614861710058,0.0465425859370301
127,177,"i",1,6.25327743937984,5.07122703826233,"i",1,6.07148339447622,5.19852711020167,
127,178,"iv",1,5.13962892985595,5.44992395779,"iv",1,5.13962892985595,5.44992395779,
127,179,"-VII",2,4.45121876805448,5.32061032137467,"-VII",2,4.45121876805448,5.32061032137467,
127,180,"i",3,3.1323092639428,4.82616103089004,"i",3,3.1323092639428,4.82616103089004,
127,181,"-VII",4,4.29872698646288,4.46776146494272,"-VII",4,4.29872698646288,4.46776146494272,
,,,,,,,,,,
128,163,"iv",3,3.11016507286694,4.86026575559932,"iv",3,3.11016507286694,4.86026575559932,
128,164,"IV",4,5.61719820260734,4.94671721803832,"IV",4,5.61719820260734,4.94671721803832,
128,165,"iv",3,4.48003028956695,4.73276820830125,"iv",3,4.48003028956695,4.73276820830125,
128,166,"-VI",3,5.80772585309331,4.45485913512598,"-VI",3,5.80772585309331,4.45485913512598,
128,167,"-VII",3,2.04734207256218,4.81169144122483,"-VII",3,2.04734207256218,4.81169144122483,
128,168,"-vio",4,8.1080773035881,4.25754135520082,"#I",4,8.06153471765107,4.25754135520082,0.046542585937031
128,169,"i",1,6.25327743937984,5.07122703826233,"i",1,3.49476469174958,5.15242358754083,
128,170,"-VI",1,5.29609543438466,5.44992395779,"-VI",2,5.82146110778689,4.53423324218757,
128,171,"-VII",2,3.81441452470341,5.24642902044712,"-VII",2,3.81441452470341,5.24642902044712,
128,172,"-vio",3,7.72500725212842,4.74614861710058,"-vio",3,7.72500725212842,4.74614861710058,
128,173,"i",1,6.25327743937984,5.07122703826233,"i",1,6.25327743937984,5.07122703826233,
,,,,,,,,,,
129,163,"iv",3,3.11016507286694,4.86026575559932,"iv",3,3.11016507286694,4.86026575559932,
129,164,"IV",4,5.61719820260734,4.94671721803832,"IV",4,5.61719820260734,4.94671721803832,
129,165,"iv",3,4.48003028956695,4.73276820830125,"iv",3,4.48003028956695,4.73276820830125,
129,166,"-VI",3,5.80772585309331,4.45485913512598,"-VI",3,5.80772585309331,4.45485913512598,
129,167,"-VII",3,2.04734207256218,4.81169144122483,"-VII",3,2.04734207256218,4.81169144122483,
129,168,"-vio",4,8.1080773035881,4.25754135520082,"iiio",4,8.06153471765107,4.25754135520082,0.046542585937031
129,169,"i",1,6.25327743937984,5.07122703826233,"i",1,6.35333713069439,4.94919901927356,
129,170,"-VI",1,5.29609543438466,5.44992395779,"-VI",1,5.29609543438466,5.44992395779,
129,171,"-VII",2,3.81441452470341,5.24642902044712,"-VII",2,3.81441452470341,5.24642902044712,
129,172,"-vio",3,7.72500725212842,4.74614861710058,"-vio",3,7.72500725212842,4.74614861710058,
129,173,"i",1,6.25327743937984,5.07122703826233,"i",1,6.25327743937984,5.07122703826233,
,,,,,,,,,,
130,163,"iv",3,3.11016507286694,4.86026575559932,"iv",3,3.11016507286694,4.86026575559932,
130,164,"IV",4,5.61719820260734,4.94671721803832,"IV",4,5.61719820260734,4.94671721803832,
130,165,"iv",3,4.48003028956695,4.73276820830125,"iv",3,4.48003028956695,4.73276820830125,
130,166,"-VI",3,5.80772585309331,4.45485913512598,"-VI",3,5.80772585309331,4.45485913512598,
130,167,"-VII",3,2.04734207256218,4.81169144122483,"-VII",3,2.04734207256218,4.81169144122483,
130,168,"-vio",4,8.1080773035881,4.25754135520082,"#iv",4,8.06153471765107,4.25754135520082,0.046542585937031
130,169,"i",1,6.25327743937984,5.07122703826233,"i",1,6.29570141938477,5.1037776347783,
130,170,"-VI",1,5.29609543438466,5.44992395779,"-VI",1,5.29609543438466,5.44992395779,
130,171,"-VII",2,3.81441452470341,5.24642902044712,"-VII",2,3.81441452470341,5.24642902044712,
130,172,"-vio",3,7.72500725212842,4.74614861710058,"-vio",3,7.72500725212842,4.74614861710058,
130,173,"i",1,6.25327743937984,5.07122703826233,"i",1,6.25327743937984,5.07122703826233,
,,,,,,,,,,
131,163,"iv",3,3.11016507286694,4.86026575559932,"iv",3,3.11016507286694,4.86026575559932,
131,164,"IV",4,5.61719820260734,4.94671721803832,"IV",4,5.61719820260734,4.94671721803832,
131,165,"iv",3,4.48003028956695,4.73276820830125,"iv",3,4.48003028956695,4.73276820830125,
131,166,"-VI",3,5.80772585309331,4.45485913512598,"-VI",3,5.80772585309331,4.45485913512598,
131,167,"-VII",3,2.04734207256218,4.81169144122483,"-VII",3,2.04734207256218,4.81169144122483,
131,168,"-vio",4,8.1080773035881,4.25754135520082,"-vi",4,8.06153471765107,4.25754135520082,0.046542585937031
131,169,"i",1,6.25327743937984,5.07122703826233,"i",1,3.48736600228989,5.15252246183853,
131,170,"-VI",1,5.29609543438466,5.44992395779,"-VI",2,5.5464235177365,5.24122679727095,
131,171,"-VII",2,3.81441452470341,5.24642902044712,"-VII",2,3.81441452470341,5.24642902044712,
131,172,"-vio",3,7.72500725212842,4.74614861710058,"-vio",3,7.72500725212842,4.74614861710058,
131,173,"i",1,6.25327743937984,5.07122703826233,"i",1,6.25327743937984,5.07122703826233,
,,,,,,,,,,
132,163,"iv",3,3.11016507286694,4.86026575559932,"iv",3,3.11016507286694,4.86026575559932,
132,164,"IV",4,5.61719820260734,4.94671721803832,"IV",4,5.61719820260734,4.94671721803832,
132,165,"iv",3,4.48003028956695,4.73276820830125,"iv",3,4.48003028956695,4.73276820830125,
132,166,"-VI",3,5.80772585309331,4.45485913512598,"-VI",3,5.80772585309331,4.45485913512598,
132,167,"-VII",3,2.04734207256218,4.81169144122483,"-VII",3,2.04734207256218,4.81169144122483,
132,168,"-vio",4,8.1080773035881,4.25754135520082,"ivo",4,8.06153471765107,4.25754135520082,0.046542585937031
132,169,"i",1,6.25327743937984,5.07122703826233,"i",1,6.07148339447622,5.19852711020167,
132,170,"-VI",1,5.29609543438466,5.44992395779,"-VI",1,5.29609543438466,5.44992395779,
132,171,"-VII",2,3.81441452470341,5.24642902044712,"-VII",2,3.81441452470341,5.24642902044712,
132,172,"-vio",3,7.72500725212842,4.74614861710058,"-vio",3,7.72500725212842,4.74614861710058,
132,173,"i",1,6.25327743937984,5.07122703826233,"i",1,6.25327743937984,5.07122703826233,
,,,,,,,,,,
133,60,"iv",4,5.61224384111846,4.46600728774397,"iv",4,5.61224384111846,4.46600728774397,
133,61,"v",3,4.93949919453866,5.08622024836899,"v",3,4.93949919453866,5.08622024836899,
133,62,"-III",3,5.45363318280031,4.8499198683613,"-III",3,5.45363318280031,4.8499198683613,
133,63,"IV",3,4.51169253687943,4.71666865959078,"IV",3,4.51169253687943,4.71666865959078,
133,64,"i",3,4.55398585213144,4.70585046782857,"i",3,4.55398585213144,4.70585046782857,
133,65,"-VII",3,4.92933386743093,5.191855954283,"IV",3,4.97670501533678,5.191855954283,0.0473711479058476
133,66,"iv",3,5.28892710280831,5.01040228020619,"iv",3,4.85861667909254,5.17496968568481,
133,67,"v",3,4.93949919453866,5.08622024836899,"v",4,5.47170600739119,4.77172956879,
133,68,"i",3,2.97204632422328,4.8499198683613,"i",3,4.33277154363735,4.64247311083875,
133,69,"-VII",4,3.77078957272768,4.54438301589588,"-VII",3,4.24686120787273,4.78570997055045,
133,70,"iv",4,5.61224384111846,4.46600728774397,"iv",4,5.61224384111846,4.46600728774397,
,,,,,,,,,,
134,124,"iv",4,5.61224384111846,4.46600728774397,"iv",4,5.61224384111846,4.46600728774397,
134,125,"v",3,4.93949919453866,5.08622024836899,"v",3,4.93949919453866,5.08622024836899,
134,126,"-III",3,5.45363318280031,4.8499198683613,"-III",3,5.45363318280031,4.8499198683613,
134,127,"IV",3,4.51169253687943,4.71666865959078,"IV",3,4.51169253687943,4.71666865959078,
134,128,"i",3,4.55398585213144,4.70585046782857,"i",3,4.55398585213144,4.70585046782857,
134,129,"-VII",3,4.92933386743093,5.191855954283,"IV",3,4.97670501533678,5.191855954283,0.0473711479058476
134,130,"iv",3,5.28892710280831,5.01040228020619,"iv",3,4.85861667909254,5.17496968568481,
134,131,"v",3,4.93949919453866,5.08622024836899,"v",4,5.47170600739119,4.77172956879,
134,132,"i",3,2.97204632422328,4.8499198683613,"i",3,4.33277154363735,4.64247311083875,
134,133,"-VII",4,3.77078957272768,4.54438301589588,"-VII",3,4.24686120787273,4.78570997055045,
134,134,"iv",4,5.61224384111846,4.46600728774397,"iv",4,5.61224384111846,4.46600728774397,
,,,,,,,,,,
135,216,"iv",4,5.61224384111846,4.46600728774397,"iv",4,5.61224384111846,4.46600728774397,
135,217,"v",3,4.93949919453866,5.08622024836899,"v",3,4.93949919453866,5.08622024836899,
135,218,"-III",3,5.45363318280031,4.8499198683613,"-III",3,5.45363318280031,4.8499198683613,
135,219,"IV",3,4.51169253687943,4.71666865959078,"IV",3,4.51169253687943,4.71666865959078,
135,220,"i",3,4.55398585213144,4.70585046782857,"i",3,4.55398585213144,4.70585046782857,
135,221,"-VII",3,4.92933386743093,5.191855954283,"IV",3,4.97670501533678,5.191855954283,0.0473711479058476
135,222,"iv",3,5.28892710280831,5.01040228020619,"iv",3,4.85861667909254,5.17496968568481,
135,223,"v",3,4.93949919453866,5.08622024836899,"v",4,5.47170600739119,4.77172956879,
135,224,"i",3,2.97204632422328,4.8499198683613,"i",3,4.33277154363735,4.64247311083875,
135,225,"-VII",4,3.77078957272768,4.54438301589588,"-VII",3,4.24686120787273,4.78570997055045,
135,226,"iv",4,5.61224384111846,4.46600728774397,"iv",4,5.61224384111846,4.46600728774397,
,,,,,,,,,,
136,234,"iv",4,5.61224384111846,4.46600728774397,"iv",4,5.61224384111846,4.46600728774397,
136,235,"v",3,4.93949919453866,5.08622024836899,"v",3,4.93949919453866,5.08622024836899,
136,236,"-III",3,5.45363318280031,4.8499198683613,"-III",3,5.45363318280031,4.8499198683613,
136,237,"IV",3,4.51169253687943,4.71666865959078,"IV",3,4.51169253687943,4.71666865959078,
136,238,"i",3,4.55398585213144,4.70585046782857,"i",3,4.55398585213144,4.70585046782857,
136,239,"-VII",3,4.92933386743093,5.191855954283,"IV",3,4.97670501533678,5.191855954283,0.0473711479058476
136,240,"iv",3,5.28892710280831,5.01040228020619,"iv",3,4.85861667909254,5.17496968568481,
136,241,"v",3,4.93949919453866,5.08622024836899,"v",4,5.47170600739119,4.77172956879,
136,242,"i",3,2.97204632422328,4.8499198683613,"i",3,4.33277154363735,4.64247311083875,
136,243,"-VII",4,3.77078957272768,4.54438301589588,"-VII",3,4.24686120787273,4.78570997055045,
136,244,"iv",4,5.61224384111846,4.46600728774397,"iv",4,5.61224384111846,4.46600728774397,
,,,,,,,,,,
137,252,"iv",4,5.61224384111846,4.46600728774397,"iv",4,5.61224384111846,4.46600728774397,
137,253,"v",3,4.93949919453866,5.08622024836899,"v",3,4.93949919453866,5.08622024836899,
137,254,"-III",3,5.45363318280031,4.8499198683613,"-III",3,5.45363318280031,4.8499198683613,
137,255,"IV",3,4.51169253687943,4.71666865959078,"IV",3,4.51169253687943,4.71666865959078,
137,256,"i",3,4.55398585213144,4.70585046782857,"i",3,4.55398585213144,4.70585046782857,
137,257,"-VII",3,4.92933386743093,5.191855954283,"IV",3,4.97670501533678,5.191855954283,0.0473711479058476
137,258,"iv",3,5.28892710280831,5.01040228020619,"iv",3,4.85861667909254,5.17496968568481,
137,259,"v",3,4.93949919453866,5.08622024836899,"v",4,5.47170600739119,4.77172956879,
137,260,"i",3,2.97204632422328,4.8499198683613,"i",3,4.33277154363735,4.64247311083875,
137,261,"-VII",4,3.77078957272768,4.54438301589588,"-VII",3,4.24686120787273,4.78570997055045,
137,262,"iv",4,5.61224384111846,4.46600728774397,"iv",4,5.61224384111846,4.46600728774397,
,,,,,,,,,,
138,163,"iv",3,3.11016507286694,4.86026575559932,"iv",3,3.11016507286694,4.86026575559932,
138,164,"IV",4,5.61719820260734,4.94671721803832,"IV",4,5.61719820260734,4.94671721803832,
138,165,"iv",3,4.48003028956695,4.73276820830125,"iv",3,4.48003028956695,4.73276820830125,
138,166,"-VI",3,5.80772585309331,4.45485913512598,"-VI",3,5.80772585309331,4.45485913512598,
138,167,"-VII",3,2.04734207256218,4.81169144122483,"-VII",3,2.04734207256218,4.81169144122483,
138,168,"-vio",4,8.1080773035881,4.25754135520082,"-III+",4,8.15617159178915,4.25754135520082,0.0480942882010442
138,169,"i",1,6.25327743937984,5.07122703826233,"i",1,6.15951521836438,4.9311079207712,
138,170,"-VI",1,5.29609543438466,5.44992395779,"-VI",1,5.29609543438466,5.44992395779,
138,171,"-VII",2,3.81441452470341,5.24642902044712,"-VII",2,3.81441452470341,5.24642902044712,
138,172,"-vio",3,7.72500725212842,4.74614861710058,"-vio",3,7.72500725212842,4.74614861710058,
138,173,"i",1,6.25327743937984,5.07122703826233,"i",1,6.25327743937984,5.07122703826233,
,,,,,,,,,,
139,163,"iv",3,3.11016507286694,4.86026575559932,"iv",3,3.11016507286694,4.86026575559932,
139,164,"IV",4,5.61719820260734,4.94671721803832,"IV",4,5.61719820260734,4.94671721803832,
139,165,"iv",3,4.48003028956695,4.73276820830125,"iv",3,4.48003028956695,4.73276820830125,
139,166,"-VI",3,5.80772585309331,4.45485913512598,"-VI",3,5.80772585309331,4.45485913512598,
139,167,"-VII",3,2.04734207256218,4.81169144122483,"-VII",3,2.04734207256218,4.81169144122483,
139,168,"-vio",4,8.1080773035881,4.25754135520082,"VII+",4,8.15617159178915,4.25754135520082,0.0480942882010442
139,169,"i",1,6.25327743937984,5.07122703826233,"i",1,6.16330929034959,4.93438977391271,
139,170,"-VI",1,5.29609543438466,5.44992395779,"-VI",1,5.29609543438466,5.44992395779,
139,171,"-VII",2,3.81441452470341,5.24642902044712,"-VII",2,3.81441452470341,5.24642902044712,
139,172,"-vio",3,7.72500725212842,4.74614861710058,"-vio",3,7.72500725212842,4.74614861710058,
139,173,"i",1,6.25327743937984,5.07122703826233,"i",1,6.25327743937984,5.07122703826233,
,,,,,,,,,,
140,163,"iv",3,3.11016507286694,4.86026575559932,"iv",3,3.11016507286694,4.86026575559932,
140,164,"IV",4,5.61719820260734,4.94671721803832,"IV",4,5.61719820260734,4.94671721803832,
140,165,"iv",3,4.48003028956695,4.73276820830125,"iv",3,4.48003028956695,4.73276820830125,
140,166,"-VI",3,5.80772585309331,4.45485913512598,"-VI",3,5.80772585309331,4.45485913512598,
140,167,"-VII",3,2.04734207256218,4.81169144122483,"-VII",3,2.04734207256218,4.81169144122483,
140,168,"-vio",4,8.1080773035881,4.25754135520082,"#IV+",4,8.15617159178915,4.25754135520082,0.0480942882010442
140,169,"i",1,6.25327743937984,5.07122703826233,"i",1,6.15213568799878,5.11604696862948,
140,170,"-VI",1,5.29609543438466,5.44992395779,"-VI",1,5.29609543438466,5.44992395779,
140,171,"-VII",2,3.81441452470341,5.24642902044712,"-VII",2,3.81441452470341,5.24642902044712,
140,172,"-vio",3,7.72500725212842,4.74614861710058,"-vio",3,7.72500725212842,4.74614861710058,
140,173,"i",1,6.25327743937984,5.07122703826233,"i",1,6.25327743937984,5.07122703826233,
,,,,,,,,,,
141,163,"iv",3,3.11016507286694,4.86026575559932,"iv",3,3.11016507286694,4.86026575559932,
141,164,"IV",4,5.61719820260734,4.94671721803832,"IV",4,5.61719820260734,4.94671721803832,
141,165,"iv",3,4.48003028956695,4.73276820830125,"iv",3,4.48003028956695,4.73276820830125,
141,166,"-VI",3,5.80772585309331,4.45485913512598,"-VI",3,5.80772585309331,4.45485913512598,
141,167,"-VII",3,2.04734207256218,4.81169144122483,"-VII",3,2.04734207256218,4.81169144122483,
141,168,"-vio",4,8.1080773035881,4.25754135520082,"-IV",4,8.15617159178915,4.25754135520082,0.0480942882010442
141,169,"i",1,6.25327743937984,5.07122703826233,"i",1,6.16236170736584,4.933501079687,
141,170,"-VI",1,5.29609543438466,5.44992395779,"-VI",1,5.29609543438466,5.44992395779,
141,171,"-VII",2,3.81441452470341,5.24642902044712,"-VII",2,3.81441452470341,5.24642902044712,
141,172,"-vio",3,7.72500725212842,4.74614861710058,"-vio",3,7.72500725212842,4.74614861710058,
141,173,"i",1,6.25327743937984,5.07122703826233,"i",1,6.25327743937984,5.07122703826233,
,,,,,,,,,,
142,163,"iv",3,3.11016507286694,4.86026575559932,"iv",3,3.11016507286694,4.86026575559932,
142,164,"IV",4,5.61719820260734,4.94671721803832,"IV",4,5.61719820260734,4.94671721803832,
142,165,"iv",3,4.48003028956695,4.73276820830125,"iv",3,4.48003028956695,4.73276820830125,
142,166,"-VI",3,5.80772585309331,4.45485913512598,"-VI",3,5.80772585309331,4.45485913512598,
142,167,"-VII",3,2.04734207256218,4.81169144122483,"-VII",3,2.04734207256218,4.81169144122483,
142,168,"-vio",4,8.1080773035881,4.25754135520082,"#v",4,8.15617159178915,4.25754135520082,0.0480942882010442
142,169,"i",1,6.25327743937984,5.07122703826233,"i",1,6.15713884648647,5.12040096499758,
142,170,"-VI",1,5.29609543438466,5.44992395779,"-VI",1,5.29609543438466,5.44992395779,
142,171,"-VII",2,3.81441452470341,5.24642902044712,"-VII",2,3.81441452470341,5.24642902044712,
142,172,"-vio",3,7.72500725212842,4.74614861710058,"-vio",3,7.72500725212842,4.74614861710058,
142,173,"i",1,6.25327743937984,5.07122703826233,"i",1,6.25327743937984,5.07122703826233,
,,,,,,,,,,
143,163,"iv",3,3.11016507286694,4.86026575559932,"iv",3,3.11016507286694,4.86026575559932,
143,164,"IV",4,5.61719820260734,4.94671721803832,"IV",4,5.61719820260734,4.94671721803832,
143,165,"iv",3,4.48003028956695,4.73276820830125,"iv",3,4.48003028956695,4.73276820830125,
143,166,"-VI",3,5.80772585309331,4.45485913512598,"-VI",3,5.80772585309331,4.45485913512598,
143,167,"-VII",3,2.04734207256218,4.81169144122483,"-VII",3,2.04734207256218,4.81169144122483,
143,168,"-vio",4,8.1080773035881,4.25754135520082,"IV+",4,8.15617159178915,4.25754135520082,0.0480942882010442
143,169,"i",1,6.25327743937984,5.07122703826233,"i",1,6.16022736730894,4.93166971112058,
143,170,"-VI",1,5.29609543438466,5.44992395779,"-VI",1,5.29609543438466,5.44992395779,
143,171,"-VII",2,3.81441452470341,5.24642902044712,"-VII",2,3.81441452470341,5.24642902044712,
143,172,"-vio",3,7.72500725212842,4.74614861710058,"-vio",3,7.72500725212842,4.74614861710058,
143,173,"i",1,6.25327743937984,5.07122703826233,"i",1,6.25327743937984,5.07122703826233,
,,,,,,,,,,
144,163,"iv",3,3.11016507286694,4.86026575559932,"iv",3,3.11016507286694,4.86026575559932,
144,164,"IV",4,5.61719820260734,4.94671721803832,"IV",4,5.61719820260734,4.94671721803832,
144,165,"iv",3,4.48003028956695,4.73276820830125,"iv",3,4.48003028956695,4.73276820830125,
144,166,"-VI",3,5.80772585309331,4.45485913512598,"-VI",3,5.80772585309331,4.45485913512598,
144,167,"-VII",3,2.04734207256218,4.81169144122483,"-VII",3,2.04734207256218,4.81169144122483,
144,168,"-vio",4,8.1080773035881,4.25754135520082,"-vo",4,8.15617159178915,4.25754135520082,0.0480942882010442
144,169,"i",1,6.25327743937984,5.07122703826233,"i",1,6.16638464373706,4.93763288815886,
144,170,"-VI",1,5.29609543438466,5.44992395779,"-VI",1,5.29609543438466,5.44992395779,
144,171,"-VII",2,3.81441452470341,5.24642902044712,"-VII",2,3.81441452470341,5.24642902044712,
144,172,"-vio",3,7.72500725212842,4.74614861710058,"-vio",3,7.72500725212842,4.74614861710058,
144,173,"i",1,6.25327743937984,5.07122703826233,"i",1,6.25327743937984,5.07122703826233,
,,,,,,,,,,
145,167,"-VII",3,2.04734207256218,4.81169144122483,"-VII",3,2.04734207256218,4.81169144122483,
145,168,"-vio",4,8.1080773035881,4.25754135520082,"-vio",4,8.1080773035881,4.25754135520082,
145,169,"i",1,6.25327743937984,5.07122703826233,"i",1,6.25327743937984,5.07122703826233,
145,170,"-VI",1,5.29609543438466,5.44992395779,"-VI",1,5.29609543438466,5.44992395779,
145,171,"-VII",2,3.81441452470341,5.24642902044712,"-VII",2,3.81441452470341,5.24642902044712,
145,172,"-vio",3,7.72500725212842,4.74614861710058,"-III+",3,7.77310154032946,4.74614861710058,0.0480942882010451
145,173,"i",1,6.25327743937984,5.07122703826233,"i",1,6.15951521836438,4.9311079207712,
145,174,"-VI",1,5.29609543438466,5.44992395779,"-VI",1,5.29609543438466,5.44992395779,
145,175,"-VII",2,3.81441452470341,5.24642902044712,"-VII",2,3.81441452470341,5.24642902044712,
145,176,"-vio",3,7.72500725212842,4.74614861710058,"-vio",3,7.72500725212842,4.74614861710058,
145,177,"i",1,6.25327743937984,5.07122703826233,"i",1,6.25327743937984,5.07122703826233,
,,,,,,,,,,
146,167,"-VII",3,2.04734207256218,4.81169144122483,"-VII",3,2.04734207256218,4.81169144122483,
146,168,"-vio",4,8.1080773035881,4.25754135520082,"-vio",4,8.1080773035881,4.25754135520082,
146,169,"i",1,6.25327743937984,5.07122703826233,"i",1,6.25327743937984,5.07122703826233,
146,170,"-VI",1,5.29609543438466,5.44992395779,"-VI",1,5.29609543438466,5.44992395779,
146,171,"-VII",2,3.81441452470341,5.24642902044712,"-VII",2,3.81441452470341,5.24642902044712,
146,172,"-vio",3,7.72500725212842,4.74614861710058,"VII+",3,7.77310154032946,4.74614861710058,0.0480942882010451
146,173,"i",1,6.25327743937984,5.07122703826233,"i",1,6.16330929034959,4.93438977391271,
146,174,"-VI",1,5.29609543438466,5.44992395779,"-VI",1,5.29609543438466,5.44992395779,
146,175,"-VII",2,3.81441452470341,5.24642902044712,"-VII",2,3.81441452470341,5.24642902044712,
146,176,"-vio",3,7.72500725212842,4.74614861710058,"-vio",3,7.72500725212842,4.74614861710058,
146,177,"i",1,6.25327743937984,5.07122703826233,"i",1,6.25327743937984,5.07122703826233,
,,,,,,,,,,
147,167,"-VII",3,2.04734207256218,4.81169144122483,"-VII",3,2.04734207256218,4.81169144122483,
147,168,"-vio",4,8.1080773035881,4.25754135520082,"-vio",4,8.1080773035881,4.25754135520082,
147,169,"i",1,6.25327743937984,5.07122703826233,"i",1,6.25327743937984,5.07122703826233,
147,170,"-VI",1,5.29609543438466,5.44992395779,"-VI",1,5.29609543438466,5.44992395779,
147,171,"-VII",2,3.81441452470341,5.24642902044712,"-VII",2,3.81441452470341,5.24642902044712,
147,172,"-vio",3,7.72500725212842,4.74614861710058,"#IV+",3,7.77310154032946,4.74614861710058,0.0480942882010451
147,173,"i",1,6.25327743937984,5.07122703826233,"i",1,6.15213568799878,5.11604696862948,
147,174,"-VI",1,5.29609543438466,5.44992395779,"-VI",1,5.29609543438466,5.44992395779,
147,175,"-VII",2,3.81441452470341,5.24642902044712,"-VII",2,3.81441452470341,5.24642902044712,
147,176,"-vio",3,7.72500725212842,4.74614861710058,"-vio",3,7.72500725212842,4.74614861710058,
147,177,"i",1,6.25327743937984,5.07122703826233,"i",1,6.25327743937984,5.07122703826233,
,,,,,,,,,,
148,167,"-VII",3,2.04734207256218,4.81169144122483,"-VII",3,2.04734207256218,4.81169144122483,
148,168,"-vio",4,8.1080773035881,4.25754135520082,"-vio",4,8.1080773035881,4.25754135520082,
148,169,"i",1,6.25327743937984,5.07122703826233,"i",1,6.25327743937984,5.07122703826233,
148,170,"-VI",1,5.29609543438466,5.44992395779,"-VI",1,5.29609543438466,5.44992395779,
148,171,"-VII",2,3.81441452470341,5.24642902044712,"-VII",2,3.81441452470341,5.24642902044712,
148,172,"-vio",3,7.72500725212842,4.74614861710058,"-IV",3,7.77310154032946,4.74614861710058,0.0480942882010451
148,173,"i",1,6.25327743937984,5.07122703826233,"i",1,6.16236170736584,4.933501079687,
148,174,"-VI",1,5.29609543438466,5.44992395779,"-VI",1,5.29609543438466,5.44992395779,
148,175,"-VII",2,3.81441452470341,5.24642902044712,"-VII",2,3.81441452470341,5.24642902044712,
148,176,"-vio",3,7.72500725212842,4.74614861710058,"-vio",3,7.72500725212842,4.74614861710058,
148,177,"i",1,6.25327743937984,5.07122703826233,"i",1,6.25327743937984,5.07122703826233,
,,,,,,,,,,
149,167,"-VII",3,2.04734207256218,4.81169144122483,"-VII",3,2.04734207256218,4.81169144122483,
149,168,"-vio",4,8.1080773035881,4.25754135520082,"-vio",4,8.1080773035881,4.25754135520082,
149,169,"i",1,6.25327743937984,5.07122703826233,"i",1,6.25327743937984,5.07122703826233,
149,170,"-VI",1,5.29609543438466,5.44992395779,"-VI",1,5.29609543438466,5.44992395779,
149,171,"-VII",2,3.81441452470341,5.24642902044712,"-VII",2,3.81441452470341,5.24642902044712,
149,172,"-vio",3,7.72500725212842,4.74614861710058,"#v",3,7.77310154032946,4.74614861710058,0.0480942882010451
149,173,"i",1,6.25327743937984,5.07122703826233,"i",1,6.15713884648647,5.12040096499758,
149,174,"-VI",1,5.29609543438466,5.44992395779,"-VI",1,5.29609543438466,5.44992395779,
149,175,"-VII",2,3.81441452470341,5.24642902044712,"-VII",2,3.81441452470341,5.24642902044712,
149,176,"-vio",3,7.72500725212842,4.74614861710058,"-vio",3,7.72500725212842,4.74614861710058,
149,177,"i",1,6.25327743937984,5.07122703826233,"i",1,6.25327743937984,5.07122703826233,
,,,,,,,,,,
150,167,"-VII",3,2.04734207256218,4.81169144122483,"-VII",3,2.04734207256218,4.81169144122483,
150,168,"-vio",4,8.1080773035881,4.25754135520082,"-vio",4,8.1080773035881,4.25754135520082,
150,169,"i",1,6.25327743937984,5.07122703826233,"i",1,6.25327743937984,5.07122703826233,
150,170,"-VI",1,5.29609543438466,5.44992395779,"-VI",1,5.29609543438466,5.44992395779,
150,171,"-VII",2,3.81441452470341,5.24642902044712,"-VII",2,3.81441452470341,5.24642902044712,
150,172,"-vio",3,7.72500725212842,4.74614861710058,"IV+",3,7.77310154032946,4.74614861710058,0.0480942882010451
150,173,"i",1,6.25327743937984,5.07122703826233,"i",1,6.16022736730894,4.93166971112058,
150,174,"-VI",1,5.29609543438466,5.44992395779,"-VI",1,5.29609543438466,5.44992395779,
150,175,"-VII",2,3.81441452470341,5.24642902044712,"-VII",2,3.81441452470341,5.24642902044712,
150,176,"-vio",3,7.72500725212842,4.74614861710058,"-vio",3,7.72500725212842,4.74614861710058,
150,177,"i",1,6.25327743937984,5.07122703826233,"i",1,6.25327743937984,5.07122703826233,
,,,,,,,,,,
151,167,"-VII",3,2.04734207256218,4.81169144122483,"-VII",3,2.04734207256218,4.81169144122483,
151,168,"-vio",4,8.1080773035881,4.25754135520082,"-vio",4,8.1080773035881,4.25754135520082,
151,169,"i",1,6.25327743937984,5.07122703826233,"i",1,6.25327743937984,5.07122703826233,
151,170,"-VI",1,5.29609543438466,5.44992395779,"-VI",1,5.29609543438466,5.44992395779,
151,171,"-VII",2,3.81441452470341,5.24642902044712,"-VII",2,3.81441452470341,5.24642902044712,
151,172,"-vio",3,7.72500725212842,4.74614861710058,"-vo",3,7.77310154032946,4.74614861710058,0.0480942882010451
151,173,"i",1,6.25327743937984,5.07122703826233,"i",1,6.16638464373706,4.93763288815886,
151,174,"-VI",1,5.29609543438466,5.44992395779,"-VI",1,5.29609543438466,5.44992395779,
151,175,"-VII",2,3.81441452470341,5.24642902044712,"-VII",2,3.81441452470341,5.24642902044712,
151,176,"-vio",3,7.72500725212842,4.74614861710058,"-vio",3,7.72500725212842,4.74614861710058,
151,177,"i",1,6.25327743937984,5.07122703826233,"i",1,6.25327743937984,5.07122703826233,
,,,,,,,,,,
152,171,"-VII",2,3.81441452470341,5.24642902044712,"-VII",2,3.81441452470341,5.24642902044712,
152,172,"-vio",3,7.72500725212842,4.74614861710058,"-vio",3,7.72500725212842,4.74614861710058,
152,173,"i",1,6.25327743937984,5.07122703826233,"i",1,6.25327743937984,5.07122703826233,
152,174,"-VI",1,5.29609543438466,5.44992395779,"-VI",1,5.29609543438466,5.44992395779,
152,175,"-VII",2,3.81441452470341,5.24642902044712,"-VII",2,3.81441452470341,5.24642902044712,
152,176,"-vio",3,7.72500725212842,4.74614861710058,"-III+",3,7.77310154032946,4.74614861710058,0.0480942882010451
152,177,"i",1,6.25327743937984,5.07122703826233,"i",1,6.15951521836438,4.9311079207712,
152,178,"iv",1,5.13962892985595,5.44992395779,"iv",1,5.13962892985595,5.44992395779,
152,179,"-VII",2,4.45121876805448,5.32061032137467,"-VII",2,4.45121876805448,5.32061032137467,
152,180,"i",3,3.1323092639428,4.82616103089004,"i",3,3.1323092639428,4.82616103089004,
152,181,"-VII",4,4.29872698646288,4.46776146494272,"-VII",4,4.29872698646288,4.46776146494272,
,,,,,,,,,,
153,171,"-VII",2,3.81441452470341,5.24642902044712,"-VII",2,3.81441452470341,5.24642902044712,
153,172,"-vio",3,7.72500725212842,4.74614861710058,"-vio",3,7.72500725212842,4.74614861710058,
153,173,"i",1,6.25327743937984,5.07122703826233,"i",1,6.25327743937984,5.07122703826233,
153,174,"-VI",1,5.29609543438466,5.44992395779,"-VI",1,5.29609543438466,5.44992395779,
153,175,"-VII",2,3.81441452470341,5.24642902044712,"-VII",2,3.81441452470341,5.24642902044712,
153,176,"-vio",3,7.72500725212842,4.74614861710058,"VII+",3,7.77310154032946,4.74614861710058,0.0480942882010451
153,177,"i",1,6.25327743937984,5.07122703826233,"i",1,6.16330929034959,4.93438977391271,
153,178,"iv",1,5.13962892985595,5.44992395779,"iv",1,5.13962892985595,5.44992395779,
153,179,"-VII",2,4.45121876805448,5.32061032137467,"-VII",2,4.45121876805448,5.32061032137467,
153,180,"i",3,3.1323092639428,4.82616103089004,"i",3,3.1323092639428,4.82616103089004,
153,181,"-VII",4,4.29872698646288,4.46776146494272,"-VII",4,4.29872698646288,4.46776146494272,
,,,,,,,,,,
154,171,"-VII",2,3.81441452470341,5.24642902044712,"-VII",2,3.81441452470341,5.24642902044712,
154,172,"-vio",3,7.72500725212842,4.74614861710058,"-vio",3,7.72500725212842,4.74614861710058,
154,173,"i",1,6.25327743937984,5.07122703826233,"i",1,6.25327743937984,5.07122703826233,
154,174,"-VI",1,5.29609543438466,5.44992395779,"-VI",1,5.29609543438466,5.44992395779,
154,175,"-VII",2,3.81441452470341,5.24642902044712,"-VII",2,3.81441452470341,5.24642902044712,
154,176,"-vio",3,7.72500725212842,4.74614861710058,"#IV+",3,7.77310154032946,4.74614861710058,0.0480942882010451
154,177,"i",1,6.25327743937984,5.07122703826233,"i",1,6.15213568799878,5.11604696862948,
154,178,"iv",1,5.13962892985595,5.44992395779,"iv",1,5.13962892985595,5.44992395779,
154,179,"-VII",2,4.45121876805448,5.32061032137467,"-VII",2,4.45121876805448,5.32061032137467,
154,180,"i",3,3.1323092639428,4.82616103089004,"i",3,3.1323092639428,4.82616103089004,
154,181,"-VII",4,4.29872698646288,4.46776146494272,"-VII",4,4.29872698646288,4.46776146494272,
,,,,,,,,,,
155,171,"-VII",2,3.81441452470341,5.24642902044712,"-VII",2,3.81441452470341,5.24642902044712,
155,172,"-vio",3,7.72500725212842,4.74614861710058,"-vio",3,7.72500725212842,4.74614861710058,
155,173,"i",1,6.25327743937984,5.07122703826233,"i",1,6.25327743937984,5.07122703826233,
155,174,"-VI",1,5.29609543438466,5.44992395779,"-VI",1,5.29609543438466,5.44992395779,
155,175,"-VII",2,3.81441452470341,5.24642902044712,"-VII",2,3.81441452470341,5.24642902044712,
155,176,"-vio",3,7.72500725212842,4.74614861710058,"-IV",3,7.77310154032946,4.74614861710058,0.0480942882010451
155,177,"i",1,6.25327743937984,5.07122703826233,"i",1,6.16236170736584,4.933501079687,
155,178,"iv",1,5.13962892985595,5.44992395779,"iv",1,5.13962892985595,5.44992395779,
155,179,"-VII",2,4.45121876805448,5.32061032137467,"-VII",2,4.45121876805448,5.32061032137467,
155,180,"i",3,3.1323092639428,4.82616103089004,"i",3,3.1323092639428,4.82616103089004,
155,181,"-VII",4,4.29872698646288,4.46776146494272,"-VII",4,4.29872698646288,4.46776146494272,
,,,,,,,,,,
156,171,"-VII",2,3.81441452470341,5.24642902044712,"-VII",2,3.81441452470341,5.24642902044712,
156,172,"-vio",3,7.72500725212842,4.74614861710058,"-vio",3,7.72500725212842,4.74614861710058,
156,173,"i",1,6.25327743937984,5.07122703826233,"i",1,6.25327743937984,5.07122703826233,
156,174,"-VI",1,5.29609543438466,5.44992395779,"-VI",1,5.29609543438466,5.44992395779,
156,175,"-VII",2,3.81441452470341,5.24642902044712,"-VII",2,3.81441452470341,5.24642902044712,
156,176,"-vio",3,7.72500725212842,4.74614861710058,"#v",3,7.77310154032946,4.74614861710058,0.0480942882010451
156,177,"i",1,6.25327743937984,5.07122703826233,"i",1,6.15713884648647,5.12040096499758,
156,178,"iv",1,5.13962892985595,5.44992395779,"iv",1,5.13962892985595,5.44992395779,
156,179,"-VII",2,4.45121876805448,5.32061032137467,"-VII",2,4.45121876805448,5.32061032137467,
156,180,"i",3,3.1323092639428,4.82616103089004,"i",3,3.1323092639428,4.82616103089004,
156,181,"-VII",4,4.29872698646288,4.46776146494272,"-VII",4,4.29872698646288,4.46776146494272,
,,,,,,,,,,
157,171,"-VII",2,3.81441452470341,5.24642902044712,"-VII",2,3.81441452470341,5.24642902044712,
157,172,"-vio",3,7.72500725212842,4.74614861710058,"-vio",3,7.72500725212842,4.74614861710058,
157,173,"i",1,6.25327743937984,5.07122703826233,"i",1,6.25327743937984,5.07122703826233,
157,174,"-VI",1,5.29609543438466,5.44992395779,"-VI",1,5.29609543438466,5.44992395779,
157,175,"-VII",2,3.81441452470341,5.24642902044712,"-VII",2,3.81441452470341,5.24642902044712,
157,176,"-vio",3,7.72500725212842,4.74614861710058,"IV+",3,7.77310154032946,4.74614861710058,0.0480942882010451
157,177,"i",1,6.25327743937984,5.07122703826233,"i",1,6.16022736730894,4.93166971112058,
157,178,"iv",1,5.13962892985595,5.44992395779,"iv",1,5.13962892985595,5.44992395779,
157,179,"-VII",2,4.45121876805448,5.32061032137467,"-VII",2,4.45121876805448,5.32061032137467,
157,180,"i",3,3.1323092639428,4.82616103089004,"i",3,3.1323092639428,4.82616103089004,
157,181,"-VII",4,4.29872698646288,4.46776146494272,"-VII",4,4.29872698646288,4.46776146494272,
,,,,,,,,,,
158,171,"-VII",2,3.81441452470341,5.24642902044712,"-VII",2,3.81441452470341,5.24642902044712,
158,172,"-vio",3,7.72500725212842,4.74614861710058,"-vio",3,7.72500725212842,4.74614861710058,
158,173,"i",1,6.25327743937984,5.07122703826233,"i",1,6.25327743937984,5.07122703826233,
158,174,"-VI",1,5.29609543438466,5.44992395779,"-VI",1,5.29609543438466,5.44992395779,
158,175,"-VII",2,3.81441452470341,5.24642902044712,"-VII",2,3.81441452470341,5.24642902044712,
158,176,"-vio",3,7.72500725212842,4.74614861710058,"-vo",3,7.77310154032946,4.74614861710058,0.0480942882010451
158,177,"i",1,6.25327743937984,5.07122703826233,"i",1,6.16638464373706,4.93763288815886,
158,178,"iv",1,5.13962892985595,5.44992395779,"iv",1,5.13962892985595,5.44992395779,
158,179,"-VII",2,4.45121876805448,5.32061032137467,"-VII",2,4.45121876805448,5.32061032137467,
158,180,"i",3,3.1323092639428,4.82616103089004,"i",3,3.1323092639428,4.82616103089004,
158,181,"-VII",4,4.29872698646288,4.46776146494272,"-VII",4,4.29872698646288,4.46776146494272,
,,,,,,,,,,
159,161,"-VI",4,5.46074609436578,4.84649170798147,"-VI",4,5.46074609436578,4.84649170798147,
159,162,"v",3,4.63253565363929,4.77841931818379,"v",3,4.63253565363929,4.77841931818379,
159,163,"iv",3,3.11016507286694,4.86026575559932,"iv",3,3.11016507286694,4.86026575559932,
159,164,"IV",4,5.61719820260734,4.94671721803832,"IV",4,5.61719820260734,4.94671721803832,
159,165,"iv",3,4.48003028956695,4.73276820830125,"iv",3,4.48003028956695,4.73276820830125,
159,166,"-VI",3,5.80772585309331,4.45485913512598,"-III",3,5.7527285756189,4.45485913512598,0.0549972774744161
159,167,"-VII",3,2.04734207256218,4.81169144122483,"-VII",3,2.34861810643716,5.01228025411829,
159,168,"-vio",4,8.1080773035881,4.25754135520082,"-vio",4,7.93260575075014,4.19463137498277,
159,169,"i",1,6.25327743937984,5.07122703826233,"i",1,6.25327743937984,5.07122703826233,
159,170,"-VI",1,5.29609543438466,5.44992395779,"-VI",1,5.29609543438466,5.44992395779,
159,171,"-VII",2,3.81441452470341,5.24642902044712,"-VII",2,3.81441452470341,5.24642902044712,
,,,,,,,,,,
160,140,"-VI",3,3.522888623656,4.8499198683613,"-VI",3,3.522888623656,4.8499198683613,
160,141,"v",4,4.10389992064665,4.50066764071149,"v",4,4.10389992064665,4.50066764071149,
160,142,"iv",4,2.20380563933569,4.41058407306692,"iv",4,2.20380563933569,4.41058407306692,
160,143,"IV",5,5.92417897884492,4.44549728971756,"IV",5,5.92417897884492,4.44549728971756,
160,144,"iv",3,4.48003028956695,4.73276820830125,"iv",3,4.48003028956695,4.73276820830125,
160,145,"i",3,5.53920590817579,4.45485913512598,"-VII",3,5.48283297685248,4.45485913512598,0.0563729313233123
160,146,"-VII",3,2.96398404202349,4.95873227566919,"-VII",3,4.50582169250626,4.67266589401572,
160,147,"-VI",4,1.79164721784915,4.45810430511926,"-VI",3,4.32511628830641,5.14827784339274,
160,148,"v",5,3.18634688326846,3.98738258598592,"v",4,5.10533665542006,4.56663874896316,
160,149,"iv",5,3.60089127128266,4.48059357202431,"iv",3,3.65920102307706,5.03179910672209,
160,150,"i",4,5.1839738877363,4.84649170798147,"i",4,5.1839738877363,4.84649170798147,
,,,,,,,,,,
161,4,"-VI",3,2.18353334301353,4.41987569274867,"-VI",3,2.18353334301353,4.41987569274867,
161,5,"v",4,3.20025286919291,4.63203570425913,"v",4,3.20025286919291,4.63203570425913,
161,6,"iv",5,3.56399981402674,4.56344256271395,"iv",5,3.56399981402674,4.56344256271395,
161,7,"i",4,5.1839738877363,4.84649170798147,"i",4,5.1839738877363,4.84649170798147,
161,8,"-VII",3,4.67911951908257,5.04406532221244,"-VII",3,4.67911951908257,5.04406532221244,
161,9,"-VI",3,3.06544451050228,4.97396702342653,"i",3,3.12189144317815,4.97396702342653,0.0564469326758732
161,10,"v",4,2.8156205914114,4.58577153190158,"v",4,5.42067947737731,3.675230133647,
161,11,"iv",5,3.60089127128266,4.48059357202431,"iv",3,3.20909258977856,4.90342075492961,
161,12,"V",4,4.30566669323483,4.84649170798147,"V",4,4.90485752084895,5.20889357064907,
161,13,"i",4,2.61068765465848,4.67353240853867,"i",3,3.3874341622949,5.04764981809347,
161,14,"-VII",4,5.14480099256562,4.43020309703653,"-VII",4,5.14480099256562,4.43020309703653,
,,,,,,,,,,
162,26,"-VI",4,3.56810121044695,4.29591988998608,"-VI",4,3.56810121044695,4.29591988998608,
162,27,"v",4,2.8156205914114,4.58577153190158,"v",4,2.8156205914114,4.58577153190158,
162,28,"iv",5,3.60089127128266,4.48059357202431,"iv",5,3.60089127128266,4.48059357202431,
162,29,"i",4,5.1839738877363,4.84649170798147,"i",4,5.1839738877363,4.84649170798147,
162,30,"-VII",3,4.67911951908257,5.04406532221244,"-VII",3,4.67911951908257,5.04406532221244,
162,31,"-VI",3,3.06544451050228,4.97396702342653,"i",3,3.12189144317815,4.97396702342653,0.0564469326758732
162,32,"v",4,2.8156205914114,4.58577153190158,"v",4,5.42067947737731,3.675230133647,
162,33,"iv",5,3.60089127128266,4.48059357202431,"iv",3,3.20909258977856,4.90342075492961,
162,34,"V",4,4.30566669323483,4.84649170798147,"V",4,4.90485752084895,5.20889357064907,
162,35,"i",4,2.61068765465848,4.67353240853867,"i",3,3.3874341622949,5.04764981809347,
162,36,"-VII",4,5.14480099256562,4.43020309703653,"-VII",4,5.14480099256562,4.43020309703653,
,,,,,,,,,,
163,90,"-VI",4,3.56810121044695,4.29591988998608,"-VI",4,3.56810121044695,4.29591988998608,
163,91,"v",4,2.8156205914114,4.58577153190158,"v",4,2.8156205914114,4.58577153190158,
163,92,"iv",5,3.60089127128266,4.48059357202431,"iv",5,3.60089127128266,4.48059357202431,
163,93,"i",4,5.1839738877363,4.84649170798147,"i",4,5.1839738877363,4.84649170798147,
163,94,"-VII",3,4.67911951908257,5.04406532221244,"-VII",3,4.67911951908257,5.04406532221244,
163,95,"-VI",3,3.06544451050228,4.97396702342653,"i",3,3.12189144317815,4.97396702342653,0.0564469326758732
163,96,"v",4,2.8156205914114,4.58577153190158,"v",4,5.42067947737731,3.675230133647,
163,97,"iv",5,3.60089127128266,4.48059357202431,"iv",3,3.20909258977856,4.90342075492961,
163,98,"V",4,4.30566669323483,4.84649170798147,"V",4,4.90485752084895,5.20889357064907,
163,99,"i",4,2.61068765465848,4.67353240853867,"i",3,3.3874341622949,5.04764981809347,
163,100,"-VII",4,5.14480099256562,4.43020309703653,"-VII",4,5.14480099256562,4.43020309703653,
,,,,,,,,,,
164,147,"-VI",4,1.79164721784915,4.45810430511926,"-VI",4,1.79164721784915,4.45810430511926,
164,148,"v",5,3.18634688326846,3.98738258598592,"v",5,3.18634688326846,3.98738258598592,
164,149,"iv",5,3.60089127128266,4.48059357202431,"iv",5,3.60089127128266,4.48059357202431,
164,150,"i",4,5.1839738877363,4.84649170798147,"i",4,5.1839738877363,4.84649170798147,
164,151,"-VII",3,4.67911951908257,5.04406532221244,"-VII",3,4.67911951908257,5.04406532221244,
164,152,"-VI",3,3.06544451050228,4.97396702342653,"i",3,3.12189144317815,4.97396702342653,0.0564469326758732
164,153,"v",4,2.8156205914114,4.58577153190158,"v",4,5.42067947737731,3.675230133647,
164,154,"iv",5,3.60089127128266,4.48059357202431,"iv",3,3.20909258977856,4.90342075492961,
164,155,"V",4,4.30566669323483,4.84649170798147,"V",4,4.90485752084895,5.20889357064907,
164,156,"i",4,2.61068765465848,4.67353240853867,"i",3,3.3874341622949,5.04764981809347,
164,157,"-VII",4,5.14480099256562,4.43020309703653,"-VII",4,5.14480099256562,4.43020309703653,
,,,,,,,,,,
165,182,"-VI",4,3.74585343509831,4.72339678060877,"-VI",4,3.74585343509831,4.72339678060877,
165,183,"v",4,4.34310876191453,4.78910353703338,"v",4,4.34310876191453,4.78910353703338,
165,184,"iv",4,3.32033015144841,4.86100081787545,"iv",4,3.32033015144841,4.86100081787545,
165,185,"i",4,5.1839738877363,4.84649170798147,"i",4,5.1839738877363,4.84649170798147,
165,186,"-VII",3,4.67911951908257,5.04406532221244,"-VII",3,4.67911951908257,5.04406532221244,
165,187,"-VI",3,3.06544451050228,4.97396702342653,"i",3,3.12189144317815,4.97396702342653,0.0564469326758732
165,188,"v",4,2.8156205914114,4.58577153190158,"v",4,5.42067947737731,3.675230133647,
165,189,"iv",5,3.60089127128266,4.48059357202431,"iv",3,3.20909258977856,4.90342075492961,
165,190,"V",4,4.30566669323483,4.84649170798147,"V",4,4.90485752084895,5.20889357064907,
165,191,"i",4,2.61068765465848,4.67353240853867,"i",3,3.3874341622949,5.04764981809347,
165,192,"-VII",4,5.14480099256562,4.43020309703653,"-VII",4,5.14480099256562,4.43020309703653,
,,,,,,,,,,
166,193,"-VI",3,2.92768197736493,4.98704824427134,"-VI",3,2.92768197736493,4.98704824427134,
166,194,"v",4,4.48975948638789,4.62661776523337,"v",4,4.48975948638789,4.62661776523337,
166,195,"iv",4,3.32033015144841,4.86100081787545,"iv",4,3.32033015144841,4.86100081787545,
166,196,"i",4,5.1839738877363,4.84649170798147,"i",4,5.1839738877363,4.84649170798147,
166,197,"-VII",3,4.67911951908257,5.04406532221244,"-VII",3,4.67911951908257,5.04406532221244,
166,198,"-VI",3,3.06544451050228,4.97396702342653,"i",3,3.12189144317815,4.97396702342653,0.0564469326758732
166,199,"v",4,2.8156205914114,4.58577153190158,"v",4,5.42067947737731,3.675230133647,
166,200,"iv",5,3.60089127128266,4.48059357202431,"iv",3,3.20909258977856,4.90342075492961,
166,201,"V",4,4.30566669323483,4.84649170798147,"V",4,4.90485752084895,5.20889357064907,
166,202,"i",4,2.61068765465848,4.67353240853867,"i",3,3.3874341622949,5.04764981809347,
166,203,"-VII",4,5.14480099256562,4.43020309703653,"-VII",4,5.14480099256562,4.43020309703653,
,,,,,,,,,,
167,174,"-VI",1,5.29609543438466,5.44992395779,"-VI",1,5.29609543438466,5.44992395779,
167,175,"-VII",2,3.81441452470341,5.24642902044712,"-VII",2,3.81441452470341,5.24642902044712,
167,176,"-vio",3,7.72500725212842,4.74614861710058,"-vio",3,7.72500725212842,4.74614861710058,
167,177,"i",1,6.25327743937984,5.07122703826233,"i",1,6.25327743937984,5.07122703826233,
167,178,"iv",1,5.13962892985595,5.44992395779,"iv",1,5.13962892985595,5.44992395779,
167,179,"-VII",2,4.45121876805448,5.32061032137467,"-III",2,4.51047920896109,5.32061032137467,0.0592604409066118
167,180,"i",3,3.1323092639428,4.82616103089004,"i",3,4.27651837734427,5.28156158674446,
167,181,"-VII",4,4.29872698646288,4.46776146494272,"-VII",4,5.42392328862806,4.71714281282009,
167,182,"-VI",4,3.74585343509831,4.72339678060877,"-VI",3,3.00079523373074,4.8135154948218,
167,183,"v",4,4.34310876191453,4.78910353703338,"v",4,4.45850607246866,4.59705803762094,
167,184,"iv",4,3.32033015144841,4.86100081787545,"iv",4,3.32033015144841,4.86100081787545,
,,,,,,,,,,
168,175,"-VII",2,3.81441452470341,5.24642902044712,"-VII",2,3.81441452470341,5.24642902044712,
168,176,"-vio",3,7.72500725212842,4.74614861710058,"-vio",3,7.72500725212842,4.74614861710058,
168,177,"i",1,6.25327743937984,5.07122703826233,"i",1,6.25327743937984,5.07122703826233,
168,178,"iv",1,5.13962892985595,5.44992395779,"iv",1,5.13962892985595,5.44992395779,
168,179,"-VII",2,4.45121876805448,5.32061032137467,"-VII",2,4.45121876805448,5.32061032137467,
168,180,"i",3,3.1323092639428,4.82616103089004,"-III",3,3.07026761481304,4.82616103089004,0.0620416491297653
168,181,"-VII",4,4.29872698646288,4.46776146494272,"-VII",4,3.46572886134262,4.97864417253039,
168,182,"-VI",4,3.74585343509831,4.72339678060877,"-VI",4,5.83328537376649,3.00834664174446,
168,183,"v",4,4.34310876191453,4.78910353703338,"v",4,5.22633263033962,4.28897277264761,
168,184,"iv",4,3.32033015144841,4.86100081787545,"iv",3,3.65920102307706,5.03179910672209,
168,185,"i",4,5.1839738877363,4.84649170798147,"i",4,5.1839738877363,4.84649170798147,
,,,,,,,,,,
169,164,"IV",4,5.61719820260734,4.94671721803832,"IV",4,5.61719820260734,4.94671721803832,
169,165,"iv",3,4.48003028956695,4.73276820830125,"iv",3,4.48003028956695,4.73276820830125,
169,166,"-VI",3,5.80772585309331,4.45485913512598,"-VI",3,5.80772585309331,4.45485913512598,
169,167,"-VII",3,2.04734207256218,4.81169144122483,"-VII",3,2.04734207256218,4.81169144122483,
169,168,"-vio",4,8.1080773035881,4.25754135520082,"-vio",4,8.1080773035881,4.25754135520082,
169,169,"i",1,6.25327743937984,5.07122703826233,"IV",1,6.18693494455114,5.07122703826233,0.0663424948286959
169,170,"-VI",1,5.29609543438466,5.44992395779,"-VI",1,5.42168374176201,5.45894536790558,
169,171,"-VII",2,3.81441452470341,5.24642902044712,"-VII",2,3.7308696170842,5.17116184631867,
169,172,"-vio",3,7.72500725212842,4.74614861710058,"-vio",3,8.17953318223527,4.11858126925626,
169,173,"i",1,6.25327743937984,5.07122703826233,"i",1,6.25327743937984,5.07122703826233,
169,174,"-VI",1,5.29609543438466,5.44992395779,"-VI",1,5.29609543438466,5.44992395779,
,,,,,,,,,,
170,168,"-vio",4,8.1080773035881,4.25754135520082,"-vio",4,8.1080773035881,4.25754135520082,
170,169,"i",1,6.25327743937984,5.07122703826233,"i",1,6.25327743937984,5.07122703826233,
170,170,"-VI",1,5.29609543438466,5.44992395779,"-VI",1,5.29609543438466,5.44992395779,
170,171,"-VII",2,3.81441452470341,5.24642902044712,"-VII",2,3.81441452470341,5.24642902044712,
170,172,"-vio",3,7.72500725212842,4.74614861710058,"-vio",3,7.72500725212842,4.74614861710058,
170,173,"i",1,6.25327743937984,5.07122703826233,"IV",1,6.18693494455114,5.07122703826233,0.0663424948286959
170,174,"-VI",1,5.29609543438466,5.44992395779,"-VI",1,5.42168374176201,5.45894536790558,
170,175,"-VII",2,3.81441452470341,5.24642902044712,"-VII",2,3.7308696170842,5.17116184631867,
170,176,"-vio",3,7.72500725212842,4.74614861710058,"-vio",3,8.17953318223527,4.11858126925626,
170,177,"i",1,6.25327743937984,5.07122703826233,"i",1,6.25327743937984,5.07122703826233,
170,178,"iv",1,5.13962892985595,5.44992395779,"iv",1,5.13962892985595,5.44992395779,
,,,,,,,,,,
171,172,"-vio",3,7.72500725212842,4.74614861710058,"-vio",3,7.72500725212842,4.74614861710058,
171,173,"i",1,6.25327743937984,5.07122703826233,"i",1,6.25327743937984,5.07122703826233,
171,174,"-VI",1,5.29609543438466,5.44992395779,"-VI",1,5.29609543438466,5.44992395779,
171,175,"-VII",2,3.81441452470341,5.24642902044712,"-VII",2,3.81441452470341,5.24642902044712,
171,176,"-vio",3,7.72500725212842,4.74614861710058,"-vio",3,7.72500725212842,4.74614861710058,
171,177,"i",1,6.25327743937984,5.07122703826233,"IV",1,6.18693494455114,5.07122703826233,0.0663424948286959
171,178,"iv",1,5.13962892985595,5.44992395779,"iv",1,5.18456455028088,5.45894536790558,
171,179,"-VII",2,4.45121876805448,5.32061032137467,"-VII",2,4.92540175132872,5.37428799595146,
171,180,"i",3,3.1323092639428,4.82616103089004,"i",3,4.22225065344213,4.67266589401572,
171,181,"-VII",4,4.29872698646288,4.46776146494272,"-VII",3,3.91976271471374,4.89210511327004,
171,182,"-VI",4,3.74585343509831,4.72339678060877,"-VI",4,3.74585343509831,4.72339678060877,
,,,,,,,,,,
172,166,"-VI",3,5.80772585309331,4.45485913512598,"-VI",3,5.80772585309331,4.45485913512598,
172,167,"-VII",3,2.04734207256218,4.81169144122483,"-VII",3,2.04734207256218,4.81169144122483,
172,168,"-vio",4,8.1080773035881,4.25754135520082,"-vio",4,8.1080773035881,4.25754135520082,
172,169,"i",1,6.25327743937984,5.07122703826233,"i",1,6.25327743937984,5.07122703826233,
172,170,"-VI",1,5.29609543438466,5.44992395779,"-VI",1,5.29609543438466,5.44992395779,
172,171,"-VII",2,3.81441452470341,5.24642902044712,"i",2,3.88111492591093,5.24642902044712,0.0667004012075174
172,172,"-vio",3,7.72500725212842,4.74614861710058,"-vio",3,7.4091416543695,4.71721040422561,
172,173,"i",1,6.25327743937984,5.07122703826233,"i",1,6.25327743937984,5.07122703826233,
172,174,"-VI",1,5.29609543438466,5.44992395779,"-VI",1,5.29609543438466,5.44992395779,
172,175,"-VII",2,3.81441452470341,5.24642902044712,"-VII",2,3.81441452470341,5.24642902044712,
172,176,"-vio",3,7.72500725212842,4.74614861710058,"-vio",3,7.72500725212842,4.74614861710058,
,,,,,,,,,,
173,170,"-VI",1,5.29609543438466,5.44992395779,"-VI",1,5.29609543438466,5.44992395779,
173,171,"-VII",2,3.81441452470341,5.24642902044712,"-VII",2,3.81441452470341,5.24642902044712,
173,172,"-vio",3,7.72500725212842,4.74614861710058,"-vio",3,7.72500725212842,4.74614861710058,
173,173,"i",1,6.25327743937984,5.07122703826233,"i",1,6.25327743937984,5.07122703826233,
173,174,"-VI",1,5.29609543438466,5.44992395779,"-VI",1,5.29609543438466,5.44992395779,
173,175,"-VII",2,3.81441452470341,5.24642902044712,"i",2,3.88111492591093,5.24642902044712,0.0667004012075174
173,176,"-vio",3,7.72500725212842,4.74614861710058,"-vio",3,7.4091416543695,4.71721040422561,
173,177,"i",1,6.25327743937984,5.07122703826233,"i",1,6.25327743937984,5.07122703826233,
173,178,"iv",1,5.13962892985595,5.44992395779,"iv",1,5.13962892985595,5.44992395779,
173,179,"-VII",2,4.45121876805448,5.32061032137467,"-VII",2,4.45121876805448,5.32061032137467,
173,180,"i",3,3.1323092639428,4.82616103089004,"i",3,3.1323092639428,4.82616103089004,
,,,,,,,,,,
174,173,"i",1,6.25327743937984,5.07122703826233,"i",1,6.25327743937984,5.07122703826233,
174,174,"-VI",1,5.29609543438466,5.44992395779,"-VI",1,5.29609543438466,5.44992395779,
174,175,"-VII",2,3.81441452470341,5.24642902044712,"-VII",2,3.81441452470341,5.24642902044712,
174,176,"-vio",3,7.72500725212842,4.74614861710058,"-vio",3,7.72500725212842,4.74614861710058,
174,177,"i",1,6.25327743937984,5.07122703826233,"i",1,6.25327743937984,5.07122703826233,
174,178,"iv",1,5.13962892985595,5.44992395779,"v",1,5.06964479647386,5.44992395779,0.0699841333820954
174,179,"-VII",2,4.45121876805448,5.32061032137467,"-VII",2,4.69834741903558,5.20279579875988,
174,180,"i",3,3.1323092639428,4.82616103089004,"i",3,1.26867875046317,4.08365910769166,
174,181,"-VII",4,4.29872698646288,4.46776146494272,"-VII",4,4.94593899034709,4.16509543199161,
174,182,"-VI",4,3.74585343509831,4.72339678060877,"-VI",3,3.494541057407,5.0510412195613,
174,183,"v",4,4.34310876191453,4.78910353703338,"v",4,4.34310876191453,4.78910353703338,
,,,,,,,,,,
175,71,"v",3,4.93949919453866,5.08622024836899,"v",3,4.93949919453866,5.08622024836899,
175,72,"i",3,2.97204632422328,4.8499198683613,"i",3,2.97204632422328,4.8499198683613,
175,73,"-VII",4,3.77078957272768,4.54438301589588,"-VII",4,3.77078957272768,4.54438301589588,
175,74,"iv",4,5.61224384111846,4.46600728774397,"iv",4,5.61224384111846,4.46600728774397,
175,75,"v",3,4.93949919453866,5.08622024836899,"v",3,4.93949919453866,5.08622024836899,
175,76,"-VI",3,3.522888623656,4.8499198683613,"V",3,3.59660949165786,4.8499198683613,0.0737208680018608
175,77,"v",4,4.10389992064665,4.50066764071149,"v",4,4.09381363170291,4.26202168625059,
175,78,"iv",4,2.20380563933569,4.41058407306692,"iv",4,6.23490684824304,3.92055137537036,
175,79,"IV",5,5.92417897884492,4.44549728971756,"IV",2,5.17874318199698,5.36118408197999,
175,80,"iv",3,4.48003028956695,4.73276820830125,"iv",3,4.48003028956695,4.73276820830125,
175,81,"iv",3,5.27639965052637,4.45485913512598,"iv",3,5.27639965052637,4.45485913512598,
,,,,,,,,,,
176,135,"v",3,4.93949919453866,5.08622024836899,"v",3,4.93949919453866,5.08622024836899,
176,136,"i",3,2.97204632422328,4.8499198683613,"i",3,2.97204632422328,4.8499198683613,
176,137,"-VII",4,3.77078957272768,4.54438301589588,"-VII",4,3.77078957272768,4.54438301589588,
176,138,"iv",4,5.61224384111846,4.46600728774397,"iv",4,5.61224384111846,4.46600728774397,
176,139,"v",3,4.93949919453866,5.08622024836899,"v",3,4.93949919453866,5.08622024836899,
176,140,"-VI",3,3.522888623656,4.8499198683613,"V",3,3.59660949165786,4.8499198683613,0.0737208680018608
176,141,"v",4,4.10389992064665,4.50066764071149,"v",4,4.09381363170291,4.26202168625059,
176,142,"iv",4,2.20380563933569,4.41058407306692,"iv",4,6.23490684824304,3.92055137537036,
176,143,"IV",5,5.92417897884492,4.44549728971756,"IV",2,5.17874318199698,5.36118408197999,
176,144,"iv",3,4.48003028956695,4.73276820830125,"iv",3,4.48003028956695,4.73276820830125,
176,145,"i",3,5.53920590817579,4.45485913512598,"i",3,5.53920590817579,4.45485913512598,
,,,,,,,,,,
177,44,"iv",3,4.48003028956695,4.73276820830125,"iv",3,4.48003028956695,4.73276820830125,
177,45,"iv",3,5.27639965052637,4.45485913512598,"iv",3,5.27639965052637,4.45485913512598,
177,46,"i",3,4.87691551403374,5.12068953837407,"i",3,4.87691551403374,5.12068953837407,
177,47,"-VII",3,3.44136812918867,4.98714056772645,"-VII",3,3.44136812918867,4.98714056772645,
177,48,"iv",4,4.69551610849497,4.29591988998608,"iv",4,4.69551610849497,4.29591988998608,
177,49,"v",4,5.24881662527568,4.60323794558646,"-VI",4,5.17330654543854,4.60323794558646,0.0755100798371373
177,50,"i",3,2.97204632422328,4.8499198683613,"i",3,5.25218978244496,3.99791137279335,
177,51,"-VII",4,3.77078957272768,4.54438301589588,"-VII",3,4.73338271379416,5.02962821390533,
177,52,"iv",4,5.61224384111846,4.46600728774397,"iv",3,5.38834924834829,4.86289825468186,
177,53,"v",3,4.93949919453866,5.08622024836899,"v",3,4.93949919453866,5.08622024836899,
177,54,"i",3,2.97204632422328,4.8499198683613,"i",3,2.97204632422328,4.8499198683613,
,,,,,,,,,,
178,108,"iv",3,4.48003028956695,4.73276820830125,"iv",3,4.48003028956695,4.73276820830125,
178,109,"iv",3,5.27639965052637,4.45485913512598,"iv",3,5.27639965052637,4.45485913512598,
178,110,"i",3,4.87691551403374,5.12068953837407,"i",3,4.87691551403374,5.12068953837407,
178,111,"-VII",3,3.44136812918867,4.98714056772645,"-VII",3,3.44136812918867,4.98714056772645,
178,112,"iv",4,4.69551610849497,4.29591988998608,"iv",4,4.69551610849497,4.29591988998608,
178,113,"v",4,5.24881662527568,4.60323794558646,"-VI",4,5.17330654543854,4.60323794558646,0.0755100798371373
178,114,"i",3,2.97204632422328,4.8499198683613,"i",3,5.25218978244496,3.99791137279335,
178,115,"-VII",4,3.77078957272768,4.54438301589588,"-VII",3,4.73338271379416,5.02962821390533,
178,116,"iv",4,5.61224384111846,4.46600728774397,"iv",3,5.38834924834829,4.86289825468186,
178,117,"v",3,4.93949919453866,5.08622024836899,"v",3,4.93949919453866,5.08622024836899,
178,118,"i",3,2.97204632422328,4.8499198683613,"i",3,2.97204632422328,4.8499198683613,
,,,,,,,,,,
179,48,"iv",4,4.69551610849497,4.29591988998608,"iv",4,4.69551610849497,4.29591988998608,
179,49,"v",4,5.24881662527568,4.60323794558646,"v",4,5.24881662527568,4.60323794558646,
179,50,"i",3,2.97204632422328,4.8499198683613,"i",3,2.97204632422328,4.8499198683613,
179,51,"-VII",4,3.77078957272768,4.54438301589588,"-VII",4,3.77078957272768,4.54438301589588,
179,52,"iv",4,5.61224384111846,4.46600728774397,"iv",4,5.61224384111846,4.46600728774397,
179,53,"v",3,4.93949919453866,5.08622024836899,"-VI",3,4.86398911470152,5.08622024836899,0.0755100798371382
179,54,"i",3,2.97204632422328,4.8499198683613,"i",3,5.25218978244496,3.99791137279335,
179,55,"-VII",4,3.77078957272768,4.54438301589588,"-VII",3,4.73338271379416,5.02962821390533,
179,56,"iv",4,5.61224384111846,4.46600728774397,"iv",3,5.38834924834829,4.86289825468186,
179,57,"v",3,4.93949919453866,5.08622024836899,"v",3,4.93949919453866,5.08622024836899,
179,58,"i",3,2.97204632422328,4.8499198683613,"i",3,2.97204632422328,4.8499198683613,
,,,,,,,,,,
180,52,"iv",4,5.61224384111846,4.46600728774397,"iv",4,5.61224384111846,4.46600728774397,
180,53,"v",3,4.93949919453866,5.08622024836899,"v",3,4.93949919453866,5.08622024836899,
180,54,"i",3,2.97204632422328,4.8499198683613,"i",3,2.97204632422328,4.8499198683613,
180,55,"-VII",4,3.77078957272768,4.54438301589588,"-VII",4,3.77078957272768,4.54438301589588,
180,56,"iv",4,5.61224384111846,4.46600728774397,"iv",4,5.61224384111846,4.46600728774397,
180,57,"v",3,4.93949919453866,5.08622024836899,"-VI",3,4.86398911470152,5.08622024836899,0.0755100798371382
180,58,"i",3,2.97204632422328,4.8499198683613,"i",3,5.25218978244496,3.99791137279335,
180,59,"-VII",4,3.77078957272768,4.54438301589588,"-VII",3,4.73338271379416,5.02962821390533,
180,60,"iv",4,5.61224384111846,4.46600728774397,"iv",3,5.38834924834829,4.86289825468186,
180,61,"v",3,4.93949919453866,5.08622024836899,"v",3,4.93949919453866,5.08622024836899,
180,62,"-III",3,5.45363318280031,4.8499198683613,"-III",3,5.45363318280031,4.8499198683613,
,,,,,,,,,,
181,56,"iv",4,5.61224384111846,4.46600728774397,"iv",4,5.61224384111846,4.46600728774397,
181,57,"v",3,4.93949919453866,5.08622024836899,"v",3,4.93949919453866,5.08622024836899,
181,58,"i",3,2.97204632422328,4.8499198683613,"i",3,2.97204632422328,4.8499198683613,
181,59,"-VII",4,3.77078957272768,4.54438301589588,"-VII",4,3.77078957272768,4.54438301589588,
181,60,"iv",4,5.61224384111846,4.46600728774397,"iv",4,5.61224384111846,4.46600728774397,
181,61,"v",3,4.93949919453866,5.08622024836899,"-VI",3,4.86398911470152,5.08622024836899,0.0755100798371382
181,62,"-III",3,5.45363318280031,4.8499198683613,"-III",3,5.22898239128363,3.99791137279335,
181,63,"IV",3,4.51169253687943,4.71666865959078,"IV",3,4.5440912178443,4.97494987225234,
181,64,"i",3,4.55398585213144,4.70585046782857,"i",3,3.41342230736974,4.79903695476601,
181,65,"-VII",3,4.92933386743093,5.191855954283,"-VII",4,5.15390492325213,4.98470412313354,
181,66,"iv",3,5.28892710280831,5.01040228020619,"iv",3,5.28892710280831,5.01040228020619,
,,,,,,,,,,
182,62,"-III",3,5.45363318280031,4.8499198683613,"-III",3,5.45363318280031,4.8499198683613,
182,63,"IV",3,4.51169253687943,4.71666865959078,"IV",3,4.51169253687943,4.71666865959078,
182,64,"i",3,4.55398585213144,4.70585046782857,"i",3,4.55398585213144,4.70585046782857,
182,65,"-VII",3,4.92933386743093,5.191855954283,"-VII",3,4.92933386743093,5.191855954283,
182,66,"iv",3,5.28892710280831,5.01040228020619,"iv",3,5.28892710280831,5.01040228020619,
182,67,"v",3,4.93949919453866,5.08622024836899,"-VI",3,4.86398911470152,5.08622024836899,0.0755100798371382
182,68,"i",3,2.97204632422328,4.8499198683613,"i",3,5.25218978244496,3.99791137279335,
182,69,"-VII",4,3.77078957272768,4.54438301589588,"-VII",3,4.73338271379416,5.02962821390533,
182,70,"iv",4,5.61224384111846,4.46600728774397,"iv",3,5.38834924834829,4.86289825468186,
182,71,"v",3,4.93949919453866,5.08622024836899,"v",3,4.93949919453866,5.08622024836899,
182,72,"i",3,2.97204632422328,4.8499198683613,"i",3,2.97204632422328,4.8499198683613,
,,,,,,,,,,
183,66,"iv",3,5.28892710280831,5.01040228020619,"iv",3,5.28892710280831,5.01040228020619,
183,67,"v",3,4.93949919453866,5.08622024836899,"v",3,4.93949919453866,5.08622024836899,
183,68,"i",3,2.97204632422328,4.8499198683613,"i",3,2.97204632422328,4.8499198683613,
183,69,"-VII",4,3.77078957272768,4.54438301589588,"-VII",4,3.77078957272768,4.54438301589588,
183,70,"iv",4,5.61224384111846,4.46600728774397,"iv",4,5.61224384111846,4.46600728774397,
183,71,"v",3,4.93949919453866,5.08622024836899,"-VI",3,4.86398911470152,5.08622024836899,0.0755100798371382
183,72,"i",3,2.97204632422328,4.8499198683613,"i",3,5.25218978244496,3.99791137279335,
183,73,"-VII",4,3.77078957272768,4.54438301589588,"-VII",3,4.73338271379416,5.02962821390533,
183,74,"iv",4,5.61224384111846,4.46600728774397,"iv",3,5.38834924834829,4.86289825468186,
183,75,"v",3,4.93949919453866,5.08622024836899,"v",3,4.93949919453866,5.08622024836899,
183,76,"-VI",3,3.522888623656,4.8499198683613,"-VI",3,3.522888623656,4.8499198683613,
,,,,,,,,,,
184,70,"iv",4,5.61224384111846,4.46600728774397,"iv",4,5.61224384111846,4.46600728774397,
184,71,"v",3,4.93949919453866,5.08622024836899,"v",3,4.93949919453866,5.08622024836899,
184,72,"i",3,2.97204632422328,4.8499198683613,"i",3,2.97204632422328,4.8499198683613,
184,73,"-VII",4,3.77078957272768,4.54438301589588,"-VII",4,3.77078957272768,4.54438301589588,
184,74,"iv",4,5.61224384111846,4.46600728774397,"iv",4,5.61224384111846,4.46600728774397,
184,75,"v",3,4.93949919453866,5.08622024836899,"-VI",3,4.86398911470152,5.08622024836899,0.0755100798371382
184,76,"-VI",3,3.522888623656,4.8499198683613,"-VI",3,5.09707071577805,3.99791137279335,
184,77,"v",4,4.10389992064665,4.50066764071149,"v",3,4.78210537107256,4.58467435386639,
184,78,"iv",4,2.20380563933569,4.41058407306692,"iv",3,3.67460384262978,4.53869549407032,
184,79,"IV",5,5.92417897884492,4.44549728971756,"IV",4,5.65276521741822,4.81056838256216,
184,80,"iv",3,4.48003028956695,4.73276820830125,"iv",3,4.48003028956695,4.73276820830125,
,,,,,,,,,,
185,112,"iv",4,4.69551610849497,4.29591988998608,"iv",4,4.69551610849497,4.29591988998608,
185,113,"v",4,5.24881662527568,4.60323794558646,"v",4,5.24881662527568,4.60323794558646,
185,114,"i",3,2.97204632422328,4.8499198683613,"i",3,2.97204632422328,4.8499198683613,
185,115,"-VII",4,3.77078957272768,4.54438301589588,"-VII",4,3.77078957272768,4.54438301589588,
185,116,"iv",4,5.61224384111846,4.46600728774397,"iv",4,5.61224384111846,4.46600728774397,
185,117,"v",3,4.93949919453866,5.08622024836899,"-VI",3,4.86398911470152,5.08622024836899,0.0755100798371382
185,118,"i",3,2.97204632422328,4.8499198683613,"i",3,5.25218978244496,3.99791137279335,
185,119,"-VII",4,3.77078957272768,4.54438301589588,"-VII",3,4.73338271379416,5.02962821390533,
185,120,"iv",4,5.61224384111846,4.46600728774397,"iv",3,5.38834924834829,4.86289825468186,
185,121,"v",3,4.93949919453866,5.08622024836899,"v",3,4.93949919453866,5.08622024836899,
185,122,"i",3,2.97204632422328,4.8499198683613,"i",3,2.97204632422328,4.8499198683613,
,,,,,,,,,,
186,116,"iv",4,5.61224384111846,4.46600728774397,"iv",4,5.61224384111846,4.46600728774397,
186,117,"v",3,4.93949919453866,5.08622024836899,"v",3,4.93949919453866,5.08622024836899,
186,118,"i",3,2.97204632422328,4.8499198683613,"i",3,2.97204632422328,4.8499198683613,
186,119,"-VII",4,3.77078957272768,4.54438301589588,"-VII",4,3.77078957272768,4.54438301589588,
186,120,"iv",4,5.61224384111846,4.46600728774397,"iv",4,5.61224384111846,4.46600728774397,
186,121,"v",3,4.93949919453866,5.08622024836899,"-VI",3,4.86398911470152,5.08622024836899,0.0755100798371382
186,122,"i",3,2.97204632422328,4.8499198683613,"i",3,5.25218978244496,3.99791137279335,
186,123,"-VII",4,3.77078957272768,4.54438301589588,"-VII",3,4.73338271379416,5.02962821390533,
186,124,"iv",4,5.61224384111846,4.46600728774397,"iv",3,5.38834924834829,4.86289825468186,
186,125,"v",3,4.93949919453866,5.08622024836899,"v",3,4.93949919453866,5.08622024836899,
186,126,"-III",3,5.45363318280031,4.8499198683613,"-III",3,5.45363318280031,4.8499198683613,
,,,,,,,,,,
187,120,"iv",4,5.61224384111846,4.46600728774397,"iv",4,5.61224384111846,4.46600728774397,
187,121,"v",3,4.93949919453866,5.08622024836899,"v",3,4.93949919453866,5.08622024836899,
187,122,"i",3,2.97204632422328,4.8499198683613,"i",3,2.97204632422328,4.8499198683613,
187,123,"-VII",4,3.77078957272768,4.54438301589588,"-VII",4,3.77078957272768,4.54438301589588,
187,124,"iv",4,5.61224384111846,4.46600728774397,"iv",4,5.61224384111846,4.46600728774397,
187,125,"v",3,4.93949919453866,5.08622024836899,"-VI",3,4.86398911470152,5.08622024836899,0.0755100798371382
187,126,"-III",3,5.45363318280031,4.8499198683613,"-III",3,5.22898239128363,3.99791137279335,
187,127,"IV",3,4.51169253687943,4.71666865959078,"IV",3,4.5440912178443,4.97494987225234,
187,128,"i",3,4.55398585213144,4.70585046782857,"i",3,3.41342230736974,4.79903695476601,
187,129,"-VII",3,4.92933386743093,5.191855954283,"-VII",4,5.15390492325213,4.98470412313354,
187,130,"iv",3,5.28892710280831,5.01040228020619,"iv",3,5.28892710280831,5.01040228020619,
,,,,,,,,,,
188,126,"-III",3,5.45363318280031,4.8499198683613,"-III",3,5.45363318280031,4.8499198683613,
188,127,"IV",3,4.51169253687943,4.71666865959078,"IV",3,4.51169253687943,4.71666865959078,
188,128,"i",3,4.55398585213144,4.70585046782857,"i",3,4.55398585213144,4.70585046782857,
188,129,"-VII",3,4.92933386743093,5.191855954283,"-VII",3,4.92933386743093,5.191855954283,
188,130,"iv",3,5.28892710280831,5.01040228020619,"iv",3,5.28892710280831,5.01040228020619,
188,131,"v",3,4.93949919453866,5.08622024836899,"-VI",3,4.86398911470152,5.08622024836899,0.0755100798371382
188,132,"i",3,2.97204632422328,4.8499198683613,"i",3,5.25218978244496,3.99791137279335,
188,133,"-VII",4,3.77078957272768,4.54438301589588,"-VII",3,4.73338271379416,5.02962821390533,
188,134,"iv",4,5.61224384111846,4.46600728774397,"iv",3,5.38834924834829,4.86289825468186,
188,135,"v",3,4.93949919453866,5.08622024836899,"v",3,4.93949919453866,5.08622024836899,
188,136,"i",3,2.97204632422328,4.8499198683613,"i",3,2.97204632422328,4.8499198683613,
,,,,,,,,,,
189,130,"iv",3,5.28892710280831,5.01040228020619,"iv",3,5.28892710280831,5.01040228020619,
189,131,"v",3,4.93949919453866,5.08622024836899,"v",3,4.93949919453866,5.08622024836899,
189,132,"i",3,2.97204632422328,4.8499198683613,"i",3,2.97204632422328,4.8499198683613,
189,133,"-VII",4,3.77078957272768,4.54438301589588,"-VII",4,3.77078957272768,4.54438301589588,
189,134,"iv",4,5.61224384111846,4.46600728774397,"iv",4,5.61224384111846,4.46600728774397,
189,135,"v",3,4.93949919453866,5.08622024836899,"-VI",3,4.86398911470152,5.08622024836899,0.0755100798371382
189,136,"i",3,2.97204632422328,4.8499198683613,"i",3,5.25218978244496,3.99791137279335,
189,137,"-VII",4,3.77078957272768,4.54438301589588,"-VII",3,4.73338271379416,5.02962821390533,
189,138,"iv",4,5.61224384111846,4.46600728774397,"iv",3,5.38834924834829,4.86289825468186,
189,139,"v",3,4.93949919453866,5.08622024836899,"v",3,4.93949919453866,5.08622024836899,
189,140,"-VI",3,3.522888623656,4.8499198683613,"-VI",3,3.522888623656,4.8499198683613,
,,,,,,,,,,
190,134,"iv",4,5.61224384111846,4.46600728774397,"iv",4,5.61224384111846,4.46600728774397,
190,135,"v",3,4.93949919453866,5.08622024836899,"v",3,4.93949919453866,5.08622024836899,
190,136,"i",3,2.97204632422328,4.8499198683613,"i",3,2.97204632422328,4.8499198683613,
190,137,"-VII",4,3.77078957272768,4.54438301589588,"-VII",4,3.77078957272768,4.54438301589588,
190,138,"iv",4,5.61224384111846,4.46600728774397,"iv",4,5.61224384111846,4.46600728774397,
190,139,"v",3,4.93949919453866,5.08622024836899,"-VI",3,4.86398911470152,5.08622024836899,0.0755100798371382
190,140,"-VI",3,3.522888623656,4.8499198683613,"-VI",3,5.09707071577805,3.99791137279335,
190,141,"v",4,4.10389992064665,4.50066764071149,"v",3,4.78210537107256,4.58467435386639,
190,142,"iv",4,2.20380563933569,4.41058407306692,"iv",3,3.67460384262978,4.53869549407032,
190,143,"IV",5,5.92417897884492,4.44549728971756,"IV",4,5.65276521741822,4.81056838256216,
190,144,"iv",3,4.48003028956695,4.73276820830125,"iv",3,4.48003028956695,4.73276820830125,
,,,,,,,,,,
191,200,"iv",5,3.60089127128266,4.48059357202431,"iv",5,3.60089127128266,4.48059357202431,
191,201,"V",4,4.30566669323483,4.84649170798147,"V",4,4.30566669323483,4.84649170798147,
191,202,"i",4,2.61068765465848,4.67353240853867,"i",4,2.61068765465848,4.67353240853867,
191,203,"-VII",4,5.14480099256562,4.43020309703653,"-VII",4,5.14480099256562,4.43020309703653,
191,204,"iv",3,5.3432477428675,4.98704824427134,"iv",3,5.3432477428675,4.98704824427134,
191,205,"v",3,4.93949919453866,5.08622024836899,"-VI",3,4.86398911470152,5.08622024836899,0.0755100798371382
191,206,"i",3,2.97204632422328,4.8499198683613,"i",3,5.25218978244496,3.99791137279335,
191,207,"-VII",4,3.77078957272768,4.54438301589588,"-VII",3,4.73338271379416,5.02962821390533,
191,208,"iv",4,5.61224384111846,4.46600728774397,"iv",3,5.38834924834829,4.86289825468186,
191,209,"v",3,4.93949919453866,5.08622024836899,"v",3,4.93949919453866,5.08622024836899,
191,210,"i",3,2.97204632422328,4.8499198683613,"i",3,2.97204632422328,4.8499198683613,
,,,,,,,,,,
192,204,"iv",3,5.3432477428675,4.98704824427134,"iv",3,5.3432477428675,4.98704824427134,
192,205,"v",3,4.93949919453866,5.08622024836899,"v",3,4.93949919453866,5.08622024836899,
192,206,"i",3,2.97204632422328,4.8499198683613,"i",3,2.97204632422328,4.8499198683613,
192,207,"-VII",4,3.77078957272768,4.54438301589588,"-VII",4,3.77078957272768,4.54438301589588,
192,208,"iv",4,5.61224384111846,4.46600728774397,"iv",4,5.61224384111846,4.46600728774397,
192,209,"v",3,4.93949919453866,5.08622024836899,"-VI",3,4.86398911470152,5.08622024836899,0.0755100798371382
192,210,"i",3,2.97204632422328,4.8499198683613,"i",3,5.25218978244496,3.99791137279335,
192,211,"-VII",4,3.77078957272768,4.54438301589588,"-VII",3,4.73338271379416,5.02962821390533,
192,212,"iv",4,5.61224384111846,4.46600728774397,"iv",3,5.38834924834829,4.86289825468186,
192,213,"v",3,4.93949919453866,5.08622024836899,"v",3,4.93949919453866,5.08622024836899,
192,214,"i",3,2.97204632422328,4.8499198683613,"i",3,2.97204632422328,4.8499198683613,
,,,,,,,,,,
193,208,"iv",4,5.61224384111846,4.46600728774397,"iv",4,5.61224384111846,4.46600728774397,
193,209,"v",3,4.93949919453866,5.08622024836899,"v",3,4.93949919453866,5.08622024836899,
193,210,"i",3,2.97204632422328,4.8499198683613,"i",3,2.97204632422328,4.8499198683613,
193,211,"-VII",4,3.77078957272768,4.54438301589588,"-VII",4,3.77078957272768,4.54438301589588,
193,212,"iv",4,5.61224384111846,4.46600728774397,"iv",4,5.61224384111846,4.46600728774397,
193,213,"v",3,4.93949919453866,5.08622024836899,"-VI",3,4.86398911470152,5.08622024836899,0.0755100798371382
193,214,"i",3,2.97204632422328,4.8499198683613,"i",3,5.25218978244496,3.99791137279335,
193,215,"-VII",4,3.77078957272768,4.54438301589588,"-VII",3,4.73338271379416,5.02962821390533,
193,216,"iv",4,5.61224384111846,4.46600728774397,"iv",3,5.38834924834829,4.86289825468186,
193,217,"v",3,4.93949919453866,5.08622024836899,"v",3,4.93949919453866,5.08622024836899,
193,218,"-III",3,5.45363318280031,4.8499198683613,"-III",3,5.45363318280031,4.8499198683613,
,,,,,,,,,,
194,212,"iv",4,5.61224384111846,4.46600728774397,"iv",4,5.61224384111846,4.46600728774397,
194,213,"v",3,4.93949919453866,5.08622024836899,"v",3,4.93949919453866,5.08622024836899,
194,214,"i",3,2.97204632422328,4.8499198683613,"i",3,2.97204632422328,4.8499198683613,
194,215,"-VII",4,3.77078957272768,4.54438301589588,"-VII",4,3.77078957272768,4.54438301589588,
194,216,"iv",4,5.61224384111846,4.46600728774397,"iv",4,5.61224384111846,4.46600728774397,
194,217,"v",3,4.93949919453866,5.08622024836899,"-VI",3,4.86398911470152,5.08622024836899,0.0755100798371382
194,218,"-III",3,5.45363318280031,4.8499198683613,"-III",3,5.22898239128363,3.99791137279335,
194,219,"IV",3,4.51169253687943,4.71666865959078,"IV",3,4.5440912178443,4.97494987225234,
194,220,"i",3,4.55398585213144,4.70585046782857,"i",3,3.41342230736974,4.79903695476601,
194,221,"-VII",3,4.92933386743093,5.191855954283,"-VII",4,5.15390492325213,4.98470412313354,
194,222,"iv",3,5.28892710280831,5.01040228020619,"iv",3,5.28892710280831,5.01040228020619,
,,,,,,,,,,
195,218,"-III",3,5.45363318280031,4.8499198683613,"-III",3,5.45363318280031,4.8499198683613,
195,219,"IV",3,4.51169253687943,4.71666865959078,"IV",3,4.51169253687943,4.71666865959078,
195,220,"i",3,4.55398585213144,4.70585046782857,"i",3,4.55398585213144,4.70585046782857,
195,221,"-VII",3,4.92933386743093,5.191855954283,"-VII",3,4.92933386743093,5.191855954283,
195,222,"iv",3,5.28892710280831,5.01040228020619,"iv",3,5.28892710280831,5.01040228020619,
195,223,"v",3,4.93949919453866,5.08622024836899,"-VI",3,4.86398911470152,5.08622024836899,0.0755100798371382
195,224,"i",3,2.97204632422328,4.8499198683613,"i",3,5.25218978244496,3.99791137279335,
195,225,"-VII",4,3.77078957272768,4.54438301589588,"-VII",3,4.73338271379416,5.02962821390533,
195,226,"iv",4,5.61224384111846,4.46600728774397,"iv",3,5.38834924834829,4.86289825468186,
195,227,"v",3,4.93949919453866,5.08622024836899,"v",3,4.93949919453866,5.08622024836899,
195,228,"i",3,2.97204632422328,4.8499198683613,"i",3,2.97204632422328,4.8499198683613,
,,,,,,,,,,
196,222,"iv",3,5.28892710280831,5.01040228020619,"iv",3,5.28892710280831,5.01040228020619,
196,223,"v",3,4.93949919453866,5.08622024836899,"v",3,4.93949919453866,5.08622024836899,
196,224,"i",3,2.97204632422328,4.8499198683613,"i",3,2.97204632422328,4.8499198683613,
196,225,"-VII",4,3.77078957272768,4.54438301589588,"-VII",4,3.77078957272768,4.54438301589588,
196,226,"iv",4,5.61224384111846,4.46600728774397,"iv",4,5.61224384111846,4.46600728774397,
196,227,"v",3,4.93949919453866,5.08622024836899,"-VI",3,4.86398911470152,5.08622024836899,0.0755100798371382
196,228,"i",3,2.97204632422328,4.8499198683613,"i",3,5.25218978244496,3.99791137279335,
196,229,"-VII",4,3.77078957272768,4.54438301589588,"-VII",3,4.73338271379416,5.02962821390533,
196,230,"iv",4,5.61224384111846,4.46600728774397,"iv",3,5.38834924834829,4.86289825468186,
196,231,"v",3,4.93949919453866,5.08622024836899,"v",3,4.93949919453866,5.08622024836899,
196,232,"i",3,2.97204632422328,4.8499198683613,"i",3,2.97204632422328,4.8499198683613,
,,,,,,,,,,
197,226,"iv",4,5.61224384111846,4.46600728774397,"iv",4,5.61224384111846,4.46600728774397,
197,227,"v",3,4.93949919453866,5.08622024836899,"v",3,4.93949919453866,5.08622024836899,
197,228,"i",3,2.97204632422328,4.8499198683613,"i",3,2.97204632422328,4.8499198683613,
197,229,"-VII",4,3.77078957272768,4.54438301589588,"-VII",4,3.77078957272768,4.54438301589588,
197,230,"iv",4,5.61224384111846,4.46600728774397,"iv",4,5.61224384111846,4.46600728774397,
197,231,"v",3,4.93949919453866,5.08622024836899,"-VI",3,4.86398911470152,5.08622024836899,0.0755100798371382
197,232,"i",3,2.97204632422328,4.8499198683613,"i",3,5.25218978244496,3.99791137279335,
197,233,"-VII",4,3.77078957272768,4.54438301589588,"-VII",3,4.73338271379416,5.02962821390533,
197,234,"iv",4,5.61224384111846,4.46600728774397,"iv",3,5.38834924834829,4.86289825468186,
197,235,"v",3,4.93949919453866,5.08622024836899,"v",3,4.93949919453866,5.08622024836899,
197,236,"-III",3,5.45363318280031,4.8499198683613,"-III",3,5.45363318280031,4.8499198683613,
,,,,,,,,,,
198,230,"iv",4,5.61224384111846,4.46600728774397,"iv",4,5.61224384111846,4.46600728774397,
198,231,"v",3,4.93949919453866,5.08622024836899,"v",3,4.93949919453866,5.08622024836899,
198,232,"i",3,2.97204632422328,4.8499198683613,"i",3,2.97204632422328,4.8499198683613,
198,233,"-VII",4,3.77078957272768,4.54438301589588,"-VII",4,3.77078957272768,4.54438301589588,
198,234,"iv",4,5.61224384111846,4.46600728774397,"iv",4,5.61224384111846,4.46600728774397,
198,235,"v",3,4.93949919453866,5.08622024836899,"-VI",3,4.86398911470152,5.08622024836899,0.0755100798371382
198,236,"-III",3,5.45363318280031,4.8499198683613,"-III",3,5.22898239128363,3.99791137279335,
198,237,"IV",3,4.51169253687943,4.71666865959078,"IV",3,4.5440912178443,4.97494987225234,
198,238,"i",3,4.55398585213144,4.70585046782857,"i",3,3.41342230736974,4.79903695476601,
198,239,"-VII",3,4.92933386743093,5.191855954283,"-VII",4,5.15390492325213,4.98470412313354,
198,240,"iv",3,5.28892710280831,5.01040228020619,"iv",3,5.28892710280831,5.01040228020619,
,,,,,,,,,,
199,236,"-III",3,5.45363318280031,4.8499198683613,"-III",3,5.45363318280031,4.8499198683613,
199,237,"IV",3,4.51169253687943,4.71666865959078,"IV",3,4.51169253687943,4.71666865959078,
199,238,"i",3,4.55398585213144,4.70585046782857,"i",3,4.55398585213144,4.70585046782857,
199,239,"-VII",3,4.92933386743093,5.191855954283,"-VII",3,4.92933386743093,5.191855954283,
199,240,"iv",3,5.28892710280831,5.01040228020619,"iv",3,5.28892710280831,5.01040228020619,
199,241,"v",3,4.93949919453866,5.08622024836899,"-VI",3,4.86398911470152,5.08622024836899,0.0755100798371382
199,242,"i",3,2.97204632422328,4.8499198683613,"i",3,5.25218978244496,3.99791137279335,
199,243,"-VII",4,3.77078957272768,4.54438301589588,"-VII",3,4.73338271379416,5.02962821390533,
199,244,"iv",4,5.61224384111846,4.46600728774397,"iv",3,5.38834924834829,4.86289825468186,
199,245,"v",3,4.93949919453866,5.08622024836899,"v",3,4.93949919453866,5.08622024836899,
199,246,"i",3,2.97204632422328,4.8499198683613,"i",3,2.97204632422328,4.8499198683613,
,,,,,,,,,,
200,240,"iv",3,5.28892710280831,5.01040228020619,"iv",3,5.28892710280831,5.01040228020619,
200,241,"v",3,4.93949919453866,5.08622024836899,"v",3,4.93949919453866,5.08622024836899,
200,242,"i",3,2.97204632422328,4.8499198683613,"i",3,2.97204632422328,4.8499198683613,
200,243,"-VII",4,3.77078957272768,4.54438301589588,"-VII",4,3.77078957272768,4.54438301589588,
200,244,"iv",4,5.61224384111846,4.46600728774397,"iv",4,5.61224384111846,4.46600728774397,
200,245,"v",3,4.93949919453866,5.08622024836899,"-VI",3,4.86398911470152,5.08622024836899,0.0755100798371382
200,246,"i",3,2.97204632422328,4.8499198683613,"i",3,5.25218978244496,3.99791137279335,
200,247,"-VII",4,3.77078957272768,4.54438301589588,"-VII",3,4.73338271379416,5.02962821390533,
200,248,"iv",4,5.61224384111846,4.46600728774397,"iv",3,5.38834924834829,4.86289825468186,
200,249,"v",3,4.93949919453866,5.08622024836899,"v",3,4.93949919453866,5.08622024836899,
200,250,"i",3,2.97204632422328,4.8499198683613,"i",3,2.97204632422328,4.8499198683613,
,,,,,,,,,,
201,244,"iv",4,5.61224384111846,4.46600728774397,"iv",4,5.61224384111846,4.46600728774397,
201,245,"v",3,4.93949919453866,5.08622024836899,"v",3,4.93949919453866,5.08622024836899,
201,246,"i",3,2.97204632422328,4.8499198683613,"i",3,2.97204632422328,4.8499198683613,
201,247,"-VII",4,3.77078957272768,4.54438301589588,"-VII",4,3.77078957272768,4.54438301589588,
201,248,"iv",4,5.61224384111846,4.46600728774397,"iv",4,5.61224384111846,4.46600728774397,
201,249,"v",3,4.93949919453866,5.08622024836899,"-VI",3,4.86398911470152,5.08622024836899,0.0755100798371382
201,250,"i",3,2.97204632422328,4.8499198683613,"i",3,5.25218978244496,3.99791137279335,
201,251,"-VII",4,3.77078957272768,4.54438301589588,"-VII",3,4.73338271379416,5.02962821390533,
201,252,"iv",4,5.61224384111846,4.46600728774397,"iv",3,5.38834924834829,4.86289825468186,
201,253,"v",3,4.93949919453866,5.08622024836899,"v",3,4.93949919453866,5.08622024836899,
201,254,"-III",3,5.45363318280031,4.8499198683613,"-III",3,5.45363318280031,4.8499198683613,
,,,,,,,,,,
202,248,"iv",4,5.61224384111846,4.46600728774397,"iv",4,5.61224384111846,4.46600728774397,
202,249,"v",3,4.93949919453866,5.08622024836899,"v",3,4.93949919453866,5.08622024836899,
202,250,"i",3,2.97204632422328,4.8499198683613,"i",3,2.97204632422328,4.8499198683613,
202,251,"-VII",4,3.77078957272768,4.54438301589588,"-VII",4,3.77078957272768,4.54438301589588,
202,252,"iv",4,5.61224384111846,4.46600728774397,"iv",4,5.61224384111846,4.46600728774397,
202,253,"v",3,4.93949919453866,5.08622024836899,"-VI",3,4.86398911470152,5.08622024836899,0.0755100798371382
202,254,"-III",3,5.45363318280031,4.8499198683613,"-III",3,5.22898239128363,3.99791137279335,
202,255,"IV",3,4.51169253687943,4.71666865959078,"IV",3,4.5440912178443,4.97494987225234,
202,256,"i",3,4.55398585213144,4.70585046782857,"i",3,3.41342230736974,4.79903695476601,
202,257,"-VII",3,4.92933386743093,5.191855954283,"-VII",4,5.15390492325213,4.98470412313354,
202,258,"iv",3,5.28892710280831,5.01040228020619,"iv",3,5.28892710280831,5.01040228020619,
,,,,,,,,,,
203,254,"-III",3,5.45363318280031,4.8499198683613,"-III",3,5.45363318280031,4.8499198683613,
203,255,"IV",3,4.51169253687943,4.71666865959078,"IV",3,4.51169253687943,4.71666865959078,
203,256,"i",3,4.55398585213144,4.70585046782857,"i",3,4.55398585213144,4.70585046782857,
203,257,"-VII",3,4.92933386743093,5.191855954283,"-VII",3,4.92933386743093,5.191855954283,
203,258,"iv",3,5.28892710280831,5.01040228020619,"iv",3,5.28892710280831,5.01040228020619,
203,259,"v",3,4.93949919453866,5.08622024836899,"-VI",3,4.86398911470152,5.08622024836899,0.0755100798371382
203,260,"i",3,2.97204632422328,4.8499198683613,"i",3,5.25218978244496,3.99791137279335,
203,261,"-VII",4,3.77078957272768,4.54438301589588,"-VII",3,4.73338271379416,5.02962821390533,
203,262,"iv",4,5.61224384111846,4.46600728774397,"iv",3,5.38834924834829,4.86289825468186,
203,263,"v",3,4.93949919453866,5.08622024836899,"v",3,4.93949919453866,5.08622024836899,
203,264,"-III",3,5.45363318280031,4.8499198683613,"-III",3,5.45363318280031,4.8499198683613,
,,,,,,,,,,
204,258,"iv",3,5.28892710280831,5.01040228020619,"iv",3,5.28892710280831,5.01040228020619,
204,259,"v",3,4.93949919453866,5.08622024836899,"v",3,4.93949919453866,5.08622024836899,
204,260,"i",3,2.97204632422328,4.8499198683613,"i",3,2.97204632422328,4.8499198683613,
204,261,"-VII",4,3.77078957272768,4.54438301589588,"-VII",4,3.77078957272768,4.54438301589588,
204,262,"iv",4,5.61224384111846,4.46600728774397,"iv",4,5.61224384111846,4.46600728774397,
204,263,"v",3,4.93949919453866,5.08622024836899,"-VI",3,4.86398911470152,5.08622024836899,0.0755100798371382
204,264,"-III",3,5.45363318280031,4.8499198683613,"-III",3,5.22898239128363,3.99791137279335,
204,265,"IV",3,4.51169253687943,4.71666865959078,"IV",3,4.5440912178443,4.97494987225234,
204,266,"r",3,2.61741617873023,4.70585046782857,"r",3,3.61676937575744,4.79903695476601,
204,267,"r",3,0.617205339920308,2.30730109769773,"r",3,1.09266602887744,3.09523419072797,
,,,,,,,,,,
205,18,"-VI",4,5.46074609436578,4.84649170798147,"-VI",4,5.46074609436578,4.84649170798147,
205,19,"v",3,4.63253565363929,4.77841931818379,"v",3,4.63253565363929,4.77841931818379,
205,20,"iv",3,3.11016507286694,4.86026575559932,"iv",3,3.11016507286694,4.86026575559932,
205,21,"IV",4,5.61719820260734,4.94671721803832,"IV",4,5.61719820260734,4.94671721803832,
205,22,"iv",3,4.48003028956695,4.73276820830125,"iv",3,4.48003028956695,4.73276820830125,
205,23,"iv",3,5.27639965052637,4.45485913512598,"V",3,5.3612124947092,4.45485913512598,0.0848128441828271
205,24,"i",3,4.87691551403374,5.12068953837407,"i",3,4.77714799688993,4.30523183473081,
205,25,"-VII",3,3.44136812918867,4.98714056772645,"-VII",3,4.79377332100921,5.02745504007831,
205,26,"-VI",4,3.56810121044695,4.29591988998608,"-VI",3,2.92768197736493,4.98704824427134,
205,27,"v",4,2.8156205914114,4.58577153190158,"v",4,4.48975948638789,4.62661776523337,
205,28,"iv",5,3.60089127128266,4.48059357202431,"iv",4,3.32033015144841,4.86100081787545,
,,,,,,,,,,
206,40,"-VI",4,5.46074609436578,4.84649170798147,"-VI",4,5.46074609436578,4.84649170798147,
206,41,"v",3,4.63253565363929,4.77841931818379,"v",3,4.63253565363929,4.77841931818379,
206,42,"iv",3,3.11016507286694,4.86026575559932,"iv",3,3.11016507286694,4.86026575559932,
206,43,"IV",4,5.61719820260734,4.94671721803832,"IV",4,5.61719820260734,4.94671721803832,
206,44,"iv",3,4.48003028956695,4.73276820830125,"iv",3,4.48003028956695,4.73276820830125,
206,45,"iv",3,5.27639965052637,4.45485913512598,"V",3,5.3612124947092,4.45485913512598,0.0848128441828271
206,46,"i",3,4.87691551403374,5.12068953837407,"i",3,4.77714799688993,4.30523183473081,
206,47,"-VII",3,3.44136812918867,4.98714056772645,"-VII",3,4.79377332100921,5.02745504007831,
206,48,"iv",4,4.69551610849497,4.29591988998608,"iv",3,5.3432477428675,4.98704824427134,
206,49,"v",4,5.24881662527568,4.60323794558646,"v",3,4.93949919453866,5.08622024836899,
206,50,"i",3,2.97204632422328,4.8499198683613,"i",3,2.97204632422328,4.8499198683613,
,,,,,,,,,,
207,76,"-VI",3,3.522888623656,4.8499198683613,"-VI",3,3.522888623656,4.8499198683613,
207,77,"v",4,4.10389992064665,4.50066764071149,"v",4,4.10389992064665,4.50066764071149,
207,78,"iv",4,2.20380563933569,4.41058407306692,"iv",4,2.20380563933569,4.41058407306692,
207,79,"IV",5,5.92417897884492,4.44549728971756,"IV",5,5.92417897884492,4.44549728971756,
207,80,"iv",3,4.48003028956695,4.73276820830125,"iv",3,4.48003028956695,4.73276820830125,
207,81,"iv",3,5.27639965052637,4.45485913512598,"V",3,5.3612124947092,4.45485913512598,0.0848128441828271
207,82,"-VI",3,5.24928194107847,5.12068953837407,"-VI",3,5.53984141369496,4.30523183473081,
207,83,"v",3,3.33524604622643,4.98788880690649,"v",3,5.10252329857349,4.92954754610084,
207,84,"iv",4,1.21143714340971,3.77731777024987,"iv",3,4.08417840625741,4.7506141516379,
207,85,"IV",5,5.71297256156862,4.79420850813719,"IV",3,5.40416638763574,5.20827378462082,
207,86,"iv",3,4.48003028956695,4.73276820830125,"iv",3,4.48003028956695,4.73276820830125,
,,,,,,,,,,
208,82,"-VI",3,5.24928194107847,5.12068953837407,"-VI",3,5.24928194107847,5.12068953837407,
208,83,"v",3,3.33524604622643,4.98788880690649,"v",3,3.33524604622643,4.98788880690649,
208,84,"iv",4,1.21143714340971,3.77731777024987,"iv",4,1.21143714340971,3.77731777024987,
208,85,"IV",5,5.71297256156862,4.79420850813719,"IV",5,5.71297256156862,4.79420850813719,
208,86,"iv",3,4.48003028956695,4.73276820830125,"iv",3,4.48003028956695,4.73276820830125,
208,87,"iv",3,5.27639965052637,4.45485913512598,"V",3,5.3612124947092,4.45485913512598,0.0848128441828271
208,88,"i",3,4.87691551403374,5.12068953837407,"i",3,4.77714799688993,4.30523183473081,
208,89,"-VII",3,3.44136812918867,4.98714056772645,"-VII",3,4.79377332100921,5.02745504007831,
208,90,"-VI",4,3.56810121044695,4.29591988998608,"-VI",3,2.92768197736493,4.98704824427134,
208,91,"v",4,2.8156205914114,4.58577153190158,"v",4,4.48975948638789,4.62661776523337,
208,92,"iv",5,3.60089127128266,4.48059357202431,"iv",4,3.32033015144841,4.86100081787545,
,,,,,,,,,,
209,104,"-VI",4,5.46074609436578,4.84649170798147,"-VI",4,5.46074609436578,4.84649170798147,
209,105,"v",3,4.63253565363929,4.77841931818379,"v",3,4.63253565363929,4.77841931818379,
209,106,"iv",3,3.11016507286694,4.86026575559932,"iv",3,3.11016507286694,4.86026575559932,
209,107,"IV",4,5.61719820260734,4.94671721803832,"IV",4,5.61719820260734,4.94671721803832,
209,108,"iv",3,4.48003028956695,4.73276820830125,"iv",3,4.48003028956695,4.73276820830125,
209,109,"iv",3,5.27639965052637,4.45485913512598,"V",3,5.3612124947092,4.45485913512598,0.0848128441828271
209,110,"i",3,4.87691551403374,5.12068953837407,"i",3,4.77714799688993,4.30523183473081,
209,111,"-VII",3,3.44136812918867,4.98714056772645,"-VII",3,4.79377332100921,5.02745504007831,
209,112,"iv",4,4.69551610849497,4.29591988998608,"iv",3,5.3432477428675,4.98704824427134,
209,113,"v",4,5.24881662527568,4.60323794558646,"v",3,4.93949919453866,5.08622024836899,
209,114,"i",3,2.97204632422328,4.8499198683613,"i",3,2.97204632422328,4.8499198683613,
,,,,,,,,,,
210,19,"v",3,4.63253565363929,4.77841931818379,"v",3,4.63253565363929,4.77841931818379,
210,20,"iv",3,3.11016507286694,4.86026575559932,"iv",3,3.11016507286694,4.86026575559932,
210,21,"IV",4,5.61719820260734,4.94671721803832,"IV",4,5.61719820260734,4.94671721803832,
210,22,"iv",3,4.48003028956695,4.73276820830125,"iv",3,4.48003028956695,4.73276820830125,
210,23,"iv",3,5.27639965052637,4.45485913512598,"iv",3,5.27639965052637,4.45485913512598,
210,24,"i",3,4.87691551403374,5.12068953837407,"v",3,4.96368696362314,5.12068953837407,0.0867714495893983
210,25,"-VII",3,3.44136812918867,4.98714056772645,"-VII",3,5.35324297647129,4.74432338171755,
210,26,"-VI",4,3.56810121044695,4.29591988998608,"-VI",3,5.19635266775409,5.03678960218176,
210,27,"v",4,2.8156205914114,4.58577153190158,"v",3,2.0084615787482,4.72262081868156,
210,28,"iv",5,3.60089127128266,4.48059357202431,"iv",4,3.90014231417118,4.68570435755686,
210,29,"i",4,5.1839738877363,4.84649170798147,"i",4,5.1839738877363,4.84649170798147,
,,,,,,,,,,
211,41,"v",3,4.63253565363929,4.77841931818379,"v",3,4.63253565363929,4.77841931818379,
211,42,"iv",3,3.11016507286694,4.86026575559932,"iv",3,3.11016507286694,4.86026575559932,
211,43,"IV",4,5.61719820260734,4.94671721803832,"IV",4,5.61719820260734,4.94671721803832,
211,44,"iv",3,4.48003028956695,4.73276820830125,"iv",3,4.48003028956695,4.73276820830125,
211,45,"iv",3,5.27639965052637,4.45485913512598,"iv",3,5.27639965052637,4.45485913512598,
211,46,"i",3,4.87691551403374,5.12068953837407,"v",3,4.96368696362314,5.12068953837407,0.0867714495893983
211,47,"-VII",3,3.44136812918867,4.98714056772645,"-VII",3,5.35324297647129,4.74432338171755,
211,48,"iv",4,4.69551610849497,4.29591988998608,"iv",3,5.41534935314149,5.03678960218176,
211,49,"v",4,5.24881662527568,4.60323794558646,"v",3,4.90779155856414,5.01063555509784,
211,50,"i",3,2.97204632422328,4.8499198683613,"i",3,2.97204632422328,4.8499198683613,
211,51,"-VII",4,3.77078957272768,4.54438301589588,"-VII",4,3.77078957272768,4.54438301589588,
,,,,,,,,,,
212,83,"v",3,3.33524604622643,4.98788880690649,"v",3,3.33524604622643,4.98788880690649,
212,84,"iv",4,1.21143714340971,3.77731777024987,"iv",4,1.21143714340971,3.77731777024987,
212,85,"IV",5,5.71297256156862,4.79420850813719,"IV",5,5.71297256156862,4.79420850813719,
212,86,"iv",3,4.48003028956695,4.73276820830125,"iv",3,4.48003028956695,4.73276820830125,
212,87,"iv",3,5.27639965052637,4.45485913512598,"iv",3,5.27639965052637,4.45485913512598,
212,88,"i",3,4.87691551403374,5.12068953837407,"v",3,4.96368696362314,5.12068953837407,0.0867714495893983
212,89,"-VII",3,3.44136812918867,4.98714056772645,"-VII",3,5.35324297647129,4.74432338171755,
212,90,"-VI",4,3.56810121044695,4.29591988998608,"-VI",3,5.19635266775409,5.03678960218176,
212,91,"v",4,2.8156205914114,4.58577153190158,"v",3,2.0084615787482,4.72262081868156,
212,92,"iv",5,3.60089127128266,4.48059357202431,"iv",4,3.90014231417118,4.68570435755686,
212,93,"i",4,5.1839738877363,4.84649170798147,"i",4,5.1839738877363,4.84649170798147,
,,,,,,,,,,
213,105,"v",3,4.63253565363929,4.77841931818379,"v",3,4.63253565363929,4.77841931818379,
213,106,"iv",3,3.11016507286694,4.86026575559932,"iv",3,3.11016507286694,4.86026575559932,
213,107,"IV",4,5.61719820260734,4.94671721803832,"IV",4,5.61719820260734,4.94671721803832,
213,108,"iv",3,4.48003028956695,4.73276820830125,"iv",3,4.48003028956695,4.73276820830125,
213,109,"iv",3,5.27639965052637,4.45485913512598,"iv",3,5.27639965052637,4.45485913512598,
213,110,"i",3,4.87691551403374,5.12068953837407,"v",3,4.96368696362314,5.12068953837407,0.0867714495893983
213,111,"-VII",3,3.44136812918867,4.98714056772645,"-VII",3,5.35324297647129,4.74432338171755,
213,112,"iv",4,4.69551610849497,4.29591988998608,"iv",3,5.41534935314149,5.03678960218176,
213,113,"v",4,5.24881662527568,4.60323794558646,"v",3,4.90779155856414,5.01063555509784,
213,114,"i",3,2.97204632422328,4.8499198683613,"i",3,2.97204632422328,4.8499198683613,
213,115,"-VII",4,3.77078957272768,4.54438301589588,"-VII",4,3.77078957272768,4.54438301589588,
,,,,,,,,,,
214,164,"IV",4,5.61719820260734,4.94671721803832,"IV",4,5.61719820260734,4.94671721803832,
214,165,"iv",3,4.48003028956695,4.73276820830125,"iv",3,4.48003028956695,4.73276820830125,
214,166,"-VI",3,5.80772585309331,4.45485913512598,"-VI",3,5.80772585309331,4.45485913512598,
214,167,"-VII",3,2.04734207256218,4.81169144122483,"-VII",3,2.04734207256218,4.81169144122483,
214,168,"-vio",4,8.1080773035881,4.25754135520082,"-vio",4,8.1080773035881,4.25754135520082,
214,169,"i",1,6.25327743937984,5.07122703826233,"II",1,6.34074028063018,5.07122703826233,0.0874628412503391
214,170,"-VI",1,5.29609543438466,5.44992395779,"-VI",1,5.72524390328317,5.43663375817181,
214,171,"-VII",2,3.81441452470341,5.24642902044712,"-VII",2,5.19337751056436,5.24210138203657,
214,172,"-vio",3,7.72500725212842,4.74614861710058,"-vio",2,7.47447351093073,4.93216525874212,
214,173,"i",1,6.25327743937984,5.07122703826233,"i",1,6.25327743937984,5.07122703826233,
214,174,"-VI",1,5.29609543438466,5.44992395779,"-VI",1,5.29609543438466,5.44992395779,
,,,,,,,,,,
215,164,"IV",4,5.61719820260734,4.94671721803832,"IV",4,5.61719820260734,4.94671721803832,
215,165,"iv",3,4.48003028956695,4.73276820830125,"iv",3,4.48003028956695,4.73276820830125,
215,166,"-VI",3,5.80772585309331,4.45485913512598,"-VI",3,5.80772585309331,4.45485913512598,
215,167,"-VII",3,2.04734207256218,4.81169144122483,"-VII",3,2.04734207256218,4.81169144122483,
215,168,"-vio",4,8.1080773035881,4.25754135520082,"-vio",4,8.1080773035881,4.25754135520082,
215,169,"i",1,6.25327743937984,5.07122703826233,"-VII",1,6.34074028063018,5.07122703826233,0.0874628412503391
215,170,"-VI",1,5.29609543438466,5.44992395779,"-VI",1,5.19131609167037,5.423268495959,
215,171,"-VII",2,3.81441452470341,5.24642902044712,"-VII",2,4.25424128737579,5.24017489311614,
215,172,"-vio",3,7.72500725212842,4.74614861710058,"-vio",3,7.76188026973175,4.71547996174916,
215,173,"i",1,6.25327743937984,5.07122703826233,"i",1,6.25327743937984,5.07122703826233,
215,174,"-VI",1,5.29609543438466,5.44992395779,"-VI",1,5.29609543438466,5.44992395779,
,,,,,,,,,,
216,164,"IV",4,5.61719820260734,4.94671721803832,"IV",4,5.61719820260734,4.94671721803832,
216,165,"iv",3,4.48003028956695,4.73276820830125,"iv",3,4.48003028956695,4.73276820830125,
216,166,"-VI",3,5.80772585309331,4.45485913512598,"-VI",3,5.80772585309331,4.45485913512598,
216,167,"-VII",3,2.04734207256218,4.81169144122483,"-VII",3,2.04734207256218,4.81169144122483,
216,168,"-vio",4,8.1080773035881,4.25754135520082,"-vio",4,8.1080773035881,4.25754135520082,
216,169,"i",1,6.25327743937984,5.07122703826233,"-III",1,6.34074028063018,5.07122703826233,0.0874628412503391
216,170,"-VI",1,5.29609543438466,5.44992395779,"-VI",1,5.11964339571327,5.45519444053068,
216,171,"-VII",2,3.81441452470341,5.24642902044712,"-VII",2,4.51382992667274,5.35322525499698,
216,172,"-vio",3,7.72500725212842,4.74614861710058,"-vio",3,7.80417472872366,4.69289414231616,
216,173,"i",1,6.25327743937984,5.07122703826233,"i",1,6.25327743937984,5.07122703826233,
216,174,"-VI",1,5.29609543438466,5.44992395779,"-VI",1,5.29609543438466,5.44992395779,
,,,,,,,,,,
217,164,"IV",4,5.61719820260734,4.94671721803832,"IV",4,5.61719820260734,4.94671721803832,
217,165,"iv",3,4.48003028956695,4.73276820830125,"iv",3,4.48003028956695,4.73276820830125,
217,166,"-VI",3,5.80772585309331,4.45485913512598,"-VI",3,5.80772585309331,4.45485913512598,
217,167,"-VII",3,2.04734207256218,4.81169144122483,"-VII",3,2.04734207256218,4.81169144122483,
217,168,"-vio",4,8.1080773035881,4.25754135520082,"-vio",4,8.1080773035881,4.25754135520082,
217,169,"i",1,6.25327743937984,5.07122703826233,"-VI",1,6.34074028063018,5.07122703826233,0.0874628412503391
217,170,"-VI",1,5.29609543438466,5.44992395779,"-VI",1,4.84082287366721,5.44423710906039,
217,171,"-VII",2,3.81441452470341,5.24642902044712,"-VII",2,4.12748215314361,5.18949677228957,
217,172,"-vio",3,7.72500725212842,4.74614861710058,"-vio",3,7.9437345647021,4.56257810027157,
217,173,"i",1,6.25327743937984,5.07122703826233,"i",1,6.25327743937984,5.07122703826233,
217,174,"-VI",1,5.29609543438466,5.44992395779,"-VI",1,5.29609543438466,5.44992395779,
,,,,,,,,,,
218,168,"-vio",4,8.1080773035881,4.25754135520082,"-vio",4,8.1080773035881,4.25754135520082,
218,169,"i",1,6.25327743937984,5.07122703826233,"i",1,6.25327743937984,5.07122703826233,
218,170,"-VI",1,5.29609543438466,5.44992395779,"-VI",1,5.29609543438466,5.44992395779,
218,171,"-VII",2,3.81441452470341,5.24642902044712,"-VII",2,3.81441452470341,5.24642902044712,
218,172,"-vio",3,7.72500725212842,4.74614861710058,"-vio",3,7.72500725212842,4.74614861710058,
218,173,"i",1,6.25327743937984,5.07122703826233,"II",1,6.34074028063018,5.07122703826233,0.0874628412503391
218,174,"-VI",1,5.29609543438466,5.44992395779,"-VI",1,5.72524390328317,5.43663375817181,
218,175,"-VII",2,3.81441452470341,5.24642902044712,"-VII",2,5.19337751056436,5.24210138203657,
218,176,"-vio",3,7.72500725212842,4.74614861710058,"-vio",2,7.47447351093073,4.93216525874212,
218,177,"i",1,6.25327743937984,5.07122703826233,"i",1,6.25327743937984,5.07122703826233,
218,178,"iv",1,5.13962892985595,5.44992395779,"iv",1,5.13962892985595,5.44992395779,
,,,,,,,,,,
219,168,"-vio",4,8.1080773035881,4.25754135520082,"-vio",4,8.1080773035881,4.25754135520082,
219,169,"i",1,6.25327743937984,5.07122703826233,"i",1,6.25327743937984,5.07122703826233,
219,170,"-VI",1,5.29609543438466,5.44992395779,"-VI",1,5.29609543438466,5.44992395779,
219,171,"-VII",2,3.81441452470341,5.24642902044712,"-VII",2,3.81441452470341,5.24642902044712,
219,172,"-vio",3,7.72500725212842,4.74614861710058,"-vio",3,7.72500725212842,4.74614861710058,
219,173,"i",1,6.25327743937984,5.07122703826233,"-VII",1,6.34074028063018,5.07122703826233,0.0874628412503391
219,174,"-VI",1,5.29609543438466,5.44992395779,"-VI",1,5.19131609167037,5.423268495959,
219,175,"-VII",2,3.81441452470341,5.24642902044712,"-VII",2,4.25424128737579,5.24017489311614,
219,176,"-vio",3,7.72500725212842,4.74614861710058,"-vio",3,7.76188026973175,4.71547996174916,
219,177,"i",1,6.25327743937984,5.07122703826233,"i",1,6.25327743937984,5.07122703826233,
219,178,"iv",1,5.13962892985595,5.44992395779,"iv",1,5.13962892985595,5.44992395779,
,,,,,,,,,,
220,168,"-vio",4,8.1080773035881,4.25754135520082,"-vio",4,8.1080773035881,4.25754135520082,
220,169,"i",1,6.25327743937984,5.07122703826233,"i",1,6.25327743937984,5.07122703826233,
220,170,"-VI",1,5.29609543438466,5.44992395779,"-VI",1,5.29609543438466,5.44992395779,
220,171,"-VII",2,3.81441452470341,5.24642902044712,"-VII",2,3.81441452470341,5.24642902044712,
220,172,"-vio",3,7.72500725212842,4.74614861710058,"-vio",3,7.72500725212842,4.74614861710058,
220,173,"i",1,6.25327743937984,5.07122703826233,"-III",1,6.34074028063018,5.07122703826233,0.0874628412503391
220,174,"-VI",1,5.29609543438466,5.44992395779,"-VI",1,5.11964339571327,5.45519444053068,
220,175,"-VII",2,3.81441452470341,5.24642902044712,"-VII",2,4.51382992667274,5.35322525499698,
220,176,"-vio",3,7.72500725212842,4.74614861710058,"-vio",3,7.80417472872366,4.69289414231616,
220,177,"i",1,6.25327743937984,5.07122703826233,"i",1,6.25327743937984,5.07122703826233,
220,178,"iv",1,5.13962892985595,5.44992395779,"iv",1,5.13962892985595,5.44992395779,
,,,,,,,,,,
221,168,"-vio",4,8.1080773035881,4.25754135520082,"-vio",4,8.1080773035881,4.25754135520082,
221,169,"i",1,6.25327743937984,5.07122703826233,"i",1,6.25327743937984,5.07122703826233,
221,170,"-VI",1,5.29609543438466,5.44992395779,"-VI",1,5.29609543438466,5.44992395779,
221,171,"-VII",2,3.81441452470341,5.24642902044712,"-VII",2,3.81441452470341,5.24642902044712,
221,172,"-vio",3,7.72500725212842,4.74614861710058,"-vio",3,7.72500725212842,4.74614861710058,
221,173,"i",1,6.25327743937984,5.07122703826233,"-VI",1,6.34074028063018,5.07122703826233,0.0874628412503391
221,174,"-VI",1,5.29609543438466,5.44992395779,"-VI",1,4.84082287366721,5.44423710906039,
221,175,"-VII",2,3.81441452470341,5.24642902044712,"-VII",2,4.12748215314361,5.18949677228957,
221,176,"-vio",3,7.72500725212842,4.74614861710058,"-vio",3,7.9437345647021,4.56257810027157,
221,177,"i",1,6.25327743937984,5.07122703826233,"i",1,6.25327743937984,5.07122703826233,
221,178,"iv",1,5.13962892985595,5.44992395779,"iv",1,5.13962892985595,5.44992395779,
,,,,,,,,,,
222,172,"-vio",3,7.72500725212842,4.74614861710058,"-vio",3,7.72500725212842,4.74614861710058,
222,173,"i",1,6.25327743937984,5.07122703826233,"i",1,6.25327743937984,5.07122703826233,
222,174,"-VI",1,5.29609543438466,5.44992395779,"-VI",1,5.29609543438466,5.44992395779,
222,175,"-VII",2,3.81441452470341,5.24642902044712,"-VII",2,3.81441452470341,5.24642902044712,
222,176,"-vio",3,7.72500725212842,4.74614861710058,"-vio",3,7.72500725212842,4.74614861710058,
222,177,"i",1,6.25327743937984,5.07122703826233,"II",1,6.34074028063018,5.07122703826233,0.0874628412503391
222,178,"iv",1,5.13962892985595,5.44992395779,"iv",1,5.83271829133106,5.43663375817181,
222,179,"-VII",2,4.45121876805448,5.32061032137467,"-VII",2,5.35112353842377,5.24367952453493,
222,180,"i",3,3.1323092639428,4.82616103089004,"i",2,3.83951184300752,5.13505128705525,
222,181,"-VII",4,4.29872698646288,4.46776146494272,"-VII",3,3.91976271471374,4.89210511327004,
222,182,"-VI",4,3.74585343509831,4.72339678060877,"-VI",4,3.74585343509831,4.72339678060877,
,,,,,,,,,,
223,172,"-vio",3,7.72500725212842,4.74614861710058,"-vio",3,7.72500725212842,4.74614861710058,
223,173,"i",1,6.25327743937984,5.07122703826233,"i",1,6.25327743937984,5.07122703826233,
223,174,"-VI",1,5.29609543438466,5.44992395779,"-VI",1,5.29609543438466,5.44992395779,
223,175,"-VII",2,3.81441452470341,5.24642902044712,"-VII",2,3.81441452470341,5.24642902044712,
223,176,"-vio",3,7.72500725212842,4.74614861710058,"-vio",3,7.72500725212842,4.74614861710058,
223,177,"i",1,6.25327743937984,5.07122703826233,"-VII",1,6.34074028063018,5.07122703826233,0.0874628412503391
223,178,"iv",1,5.13962892985595,5.44992395779,"iv",1,5.50361548535995,5.423268495959,
223,179,"-VII",2,4.45121876805448,5.32061032137467,"-VII",2,4.48007020023716,5.35966669311059,
223,180,"i",3,3.1323092639428,4.82616103089004,"i",3,3.55978542112511,4.81223051189748,
223,181,"-VII",4,4.29872698646288,4.46776146494272,"-VII",4,4.2535912043412,4.53525779269575,
223,182,"-VI",4,3.74585343509831,4.72339678060877,"-VI",4,3.74585343509831,4.72339678060877,
,,,,,,,,,,
224,172,"-vio",3,7.72500725212842,4.74614861710058,"-vio",3,7.72500725212842,4.74614861710058,
224,173,"i",1,6.25327743937984,5.07122703826233,"i",1,6.25327743937984,5.07122703826233,
224,174,"-VI",1,5.29609543438466,5.44992395779,"-VI",1,5.29609543438466,5.44992395779,
224,175,"-VII",2,3.81441452470341,5.24642902044712,"-VII",2,3.81441452470341,5.24642902044712,
224,176,"-vio",3,7.72500725212842,4.74614861710058,"-vio",3,7.72500725212842,4.74614861710058,
224,177,"i",1,6.25327743937984,5.07122703826233,"-III",1,6.34074028063018,5.07122703826233,0.0874628412503391
224,178,"iv",1,5.13962892985595,5.44992395779,"iv",1,5.22333552526119,5.45519444053068,
224,179,"-VII",2,4.45121876805448,5.32061032137467,"-VII",2,4.58482248721572,5.33307662111611,
224,180,"i",3,3.1323092639428,4.82616103089004,"i",3,3.11184424208346,4.67052324417102,
224,181,"-VII",4,4.29872698646288,4.46776146494272,"-VII",4,1.82714830993106,4.34990494594868,
224,182,"-VI",4,3.74585343509831,4.72339678060877,"-VI",4,4.31106505551095,3.69465707193824,
,,,,,,,,,,
225,172,"-vio",3,7.72500725212842,4.74614861710058,"-vio",3,7.72500725212842,4.74614861710058,
225,173,"i",1,6.25327743937984,5.07122703826233,"i",1,6.25327743937984,5.07122703826233,
225,174,"-VI",1,5.29609543438466,5.44992395779,"-VI",1,5.29609543438466,5.44992395779,
225,175,"-VII",2,3.81441452470341,5.24642902044712,"-VII",2,3.81441452470341,5.24642902044712,
225,176,"-vio",3,7.72500725212842,4.74614861710058,"-vio",3,7.72500725212842,4.74614861710058,
225,177,"i",1,6.25327743937984,5.07122703826233,"-VI",1,6.34074028063018,5.07122703826233,0.0874628412503391
225,178,"iv",1,5.13962892985595,5.44992395779,"iv",1,5.12044016369661,5.44423710906039,
225,179,"-VII",2,4.45121876805448,5.32061032137467,"-VII",2,4.73421090548621,5.39681473824889,
225,180,"i",3,3.1323092639428,4.82616103089004,"i",3,4.3653118833693,4.53024365722108,
225,181,"-VII",4,4.29872698646288,4.46776146494272,"-VII",3,3.91976271471374,4.89210511327004,
225,182,"-VI",4,3.74585343509831,4.72339678060877,"-VI",4,3.74585343509831,4.72339678060877,
,,,,,,,,,,
226,167,"-VII",3,2.04734207256218,4.81169144122483,"-VII",3,2.04734207256218,4.81169144122483,
226,168,"-vio",4,8.1080773035881,4.25754135520082,"-vio",4,8.1080773035881,4.25754135520082,
226,169,"i",1,6.25327743937984,5.07122703826233,"i",1,6.25327743937984,5.07122703826233,
226,170,"-VI",1,5.29609543438466,5.44992395779,"-VI",1,5.29609543438466,5.44992395779,
226,171,"-VII",2,3.81441452470341,5.24642902044712,"-VII",2,3.81441452470341,5.24642902044712,
226,172,"-vio",3,7.72500725212842,4.74614861710058,"-V",3,7.63337677666285,4.74614861710058,0.0916304754655686
226,173,"i",1,6.25327743937984,5.07122703826233,"i",1,6.00880051802871,5.40256295893296,
226,174,"-VI",1,5.29609543438466,5.44992395779,"-VI",1,5.29609543438466,5.44992395779,
226,175,"-VII",2,3.81441452470341,5.24642902044712,"-VII",2,3.81441452470341,5.24642902044712,
226,176,"-vio",3,7.72500725212842,4.74614861710058,"-vio",3,7.72500725212842,4.74614861710058,
226,177,"i",1,6.25327743937984,5.07122703826233,"i",1,6.25327743937984,5.07122703826233,
,,,,,,,,,,
227,171,"-VII",2,3.81441452470341,5.24642902044712,"-VII",2,3.81441452470341,5.24642902044712,
227,172,"-vio",3,7.72500725212842,4.74614861710058,"-vio",3,7.72500725212842,4.74614861710058,
227,173,"i",1,6.25327743937984,5.07122703826233,"i",1,6.25327743937984,5.07122703826233,
227,174,"-VI",1,5.29609543438466,5.44992395779,"-VI",1,5.29609543438466,5.44992395779,
227,175,"-VII",2,3.81441452470341,5.24642902044712,"-VII",2,3.81441452470341,5.24642902044712,
227,176,"-vio",3,7.72500725212842,4.74614861710058,"-V",3,7.63337677666285,4.74614861710058,0.0916304754655686
227,177,"i",1,6.25327743937984,5.07122703826233,"i",1,6.00880051802871,5.40256295893296,
227,178,"iv",1,5.13962892985595,5.44992395779,"iv",1,5.13962892985595,5.44992395779,
227,179,"-VII",2,4.45121876805448,5.32061032137467,"-VII",2,4.45121876805448,5.32061032137467,
227,180,"i",3,3.1323092639428,4.82616103089004,"i",3,3.1323092639428,4.82616103089004,
227,181,"-VII",4,4.29872698646288,4.46776146494272,"-VII",4,4.29872698646288,4.46776146494272,
,,,,,,,,,,
228,163,"iv",3,3.11016507286694,4.86026575559932,"iv",3,3.11016507286694,4.86026575559932,
228,164,"IV",4,5.61719820260734,4.94671721803832,"IV",4,5.61719820260734,4.94671721803832,
228,165,"iv",3,4.48003028956695,4.73276820830125,"iv",3,4.48003028956695,4.73276820830125,
228,166,"-VI",3,5.80772585309331,4.45485913512598,"-VI",3,5.80772585309331,4.45485913512598,
228,167,"-VII",3,2.04734207256218,4.81169144122483,"-VII",3,2.04734207256218,4.81169144122483,
228,168,"-vio",4,8.1080773035881,4.25754135520082,"-V",4,8.01644682812253,4.25754135520082,0.0916304754655695
228,169,"i",1,6.25327743937984,5.07122703826233,"i",1,6.00880051802871,5.40256295893296,
228,170,"-VI",1,5.29609543438466,5.44992395779,"-VI",1,5.29609543438466,5.44992395779,
228,171,"-VII",2,3.81441452470341,5.24642902044712,"-VII",2,3.81441452470341,5.24642902044712,
228,172,"-vio",3,7.72500725212842,4.74614861710058,"-vio",3,7.72500725212842,4.74614861710058,
228,173,"i",1,6.25327743937984,5.07122703826233,"i",1,6.25327743937984,5.07122703826233,
,,,,,,,,,,
