"Comparison","Row","Orig_Symbol","Orig_Order","Orig_IC","Orig_Entropy","Swap_Symbol","Swap_Order","Swap_IC","Swap_Entropy","Distance"
1,5,"-III",4,4.82829184421805,4.60633312989121,"-III",4,4.82829184421805,4.60633312989121,
1,6,"-VII",5,4.3448772632482,4.02122219105,"-VII",5,4.3448772632482,4.02122219105,
1,7,"I",4,4.26047630829223,4.37553491318353,"I",4,4.26047630829223,4.37553491318353,
1,8,"I",4,4.07248347936687,4.66302229562529,"I",4,4.07248347936687,4.66302229562529,
1,9,"I",4,2.93255527704606,5.10841604082569,"I",4,2.93255527704606,5.10841604082569,
1,10,"IV",5,4.79559619420415,4.40285982252584,"V",5,4.7908068222455,4.40285982252584,0.00478937195865914
1,11,"-III",5,5.11235968512889,4.92022315968156,"-III",5,5.81136330283224,4.79710333054391,
1,12,"-VII",5,4.3448772632482,4.02122219105,"-VII",4,4.81910273404826,3.81555557423582,
1,13,"I",4,4.26047630829223,4.37553491318353,"I",3,4.476909138488,4.62139839983841,
1,14,"I",4,4.07248347936687,4.66302229562529,"I",3,3.75663278031064,5.13642189354138,
1,15,"I",4,2.93255527704606,5.10841604082569,"I",4,2.93255527704606,5.10841604082569,
,,,,,,,,,,
2,78,"-III",5,4.77290234310408,4.87759851823559,"-III",5,4.77290234310408,4.87759851823559,
2,79,"-VII",5,4.44668171192788,3.93285990263289,"-VII",5,4.44668171192788,3.93285990263289,
2,80,"I",4,4.26047630829223,4.37553491318353,"I",4,4.26047630829223,4.37553491318353,
2,81,"I",4,4.07248347936687,4.66302229562529,"I",4,4.07248347936687,4.66302229562529,
2,82,"I",4,2.93255527704606,5.10841604082569,"I",4,2.93255527704606,5.10841604082569,
2,83,"IV",5,4.79559619420415,4.40285982252584,"V",5,4.7908068222455,4.40285982252584,0.00478937195865914
2,84,"-III",5,5.11235968512889,4.92022315968156,"-III",5,5.81136330283224,4.79710333054391,
2,85,"-VII",5,4.3448772632482,4.02122219105,"-VII",4,4.81910273404826,3.81555557423582,
2,86,"I",4,4.26047630829223,4.37553491318353,"I",3,4.476909138488,4.62139839983841,
2,87,"I",4,4.07248347936687,4.66302229562529,"I",3,3.75663278031064,5.13642189354138,
2,88,"I",4,2.93255527704606,5.10841604082569,"I",4,2.93255527704606,5.10841604082569,
,,,,,,,,,,
3,151,"-III",5,4.77290234310408,4.87759851823559,"-III",5,4.77290234310408,4.87759851823559,
3,152,"-VII",5,4.44668171192788,3.93285990263289,"-VII",5,4.44668171192788,3.93285990263289,
3,153,"I",4,4.26047630829223,4.37553491318353,"I",4,4.26047630829223,4.37553491318353,
3,154,"I",4,4.07248347936687,4.66302229562529,"I",4,4.07248347936687,4.66302229562529,
3,155,"I",4,2.93255527704606,5.10841604082569,"I",4,2.93255527704606,5.10841604082569,
3,156,"IV",5,4.79559619420415,4.40285982252584,"V",5,4.7908068222455,4.40285982252584,0.00478937195865914
3,157,"-III",5,5.11235968512889,4.92022315968156,"-III",5,5.81136330283224,4.79710333054391,
3,158,"-VII",5,4.3448772632482,4.02122219105,"-VII",4,4.81910273404826,3.81555557423582,
3,159,"I",4,4.26047630829223,4.37553491318353,"I",3,4.476909138488,4.62139839983841,
3,160,"I",4,4.07248347936687,4.66302229562529,"I",3,3.75663278031064,5.13642189354138,
3,161,"I",4,2.93255527704606,5.10841604082569,"I",4,2.93255527704606,5.10841604082569,
,,,,,,,,,,
4,157,"-III",5,5.11235968512889,4.92022315968156,"-III",5,5.11235968512889,4.92022315968156,
4,158,"-VII",5,4.3448772632482,4.02122219105,"-VII",5,4.3448772632482,4.02122219105,
4,159,"I",4,4.26047630829223,4.37553491318353,"I",4,4.26047630829223,4.37553491318353,
4,160,"I",4,4.07248347936687,4.66302229562529,"I",4,4.07248347936687,4.66302229562529,
4,161,"I",4,2.93255527704606,5.10841604082569,"I",4,2.93255527704606,5.10841604082569,
4,162,"IV",5,4.79559619420415,4.40285982252584,"V",5,4.7908068222455,4.40285982252584,0.00478937195865914
4,163,"I",5,2.41786024990453,4.92022315968156,"I",5,2.77044781001868,4.79710333054391,
4,164,"ii",6,4.43279719273647,4.62965102341101,"ii",6,5.87315856538146,4.41601286104147,
4,165,"I",6,3.11619597909104,4.50102618543439,"I",4,2.26006729098258,4.39311597366934,
4,166,"IV",6,2.11301500784272,4.56537244254004,"IV",5,2.51916642187456,4.73145060129443,
4,167,"V",7,3.34818973710521,4.37677663067273,"V",6,3.37842771748143,4.24100873393351,
,,,,,,,,,,
5,198,"-III",5,4.77290234310408,4.87759851823559,"-III",5,4.77290234310408,4.87759851823559,
5,199,"-VII",5,4.44668171192788,3.93285990263289,"-VII",5,4.44668171192788,3.93285990263289,
5,200,"I",4,4.26047630829223,4.37553491318353,"I",4,4.26047630829223,4.37553491318353,
5,201,"I",4,4.07248347936687,4.66302229562529,"I",4,4.07248347936687,4.66302229562529,
5,202,"I",4,2.93255527704606,5.10841604082569,"I",4,2.93255527704606,5.10841604082569,
5,203,"IV",5,4.79559619420415,4.40285982252584,"V",5,4.7908068222455,4.40285982252584,0.00478937195865914
5,204,"-III",5,5.11235968512889,4.92022315968156,"-III",5,5.81136330283224,4.79710333054391,
5,205,"-VII",5,4.3448772632482,4.02122219105,"-VII",4,4.81910273404826,3.81555557423582,
5,206,"I",4,4.26047630829223,4.37553491318353,"I",3,4.476909138488,4.62139839983841,
5,207,"I",4,4.07248347936687,4.66302229562529,"I",3,3.75663278031064,5.13642189354138,
5,208,"I",4,2.93255527704606,5.10841604082569,"I",4,2.93255527704606,5.10841604082569,
,,,,,,,,,,
6,204,"-III",5,5.11235968512889,4.92022315968156,"-III",5,5.11235968512889,4.92022315968156,
6,205,"-VII",5,4.3448772632482,4.02122219105,"-VII",5,4.3448772632482,4.02122219105,
6,206,"I",4,4.26047630829223,4.37553491318353,"I",4,4.26047630829223,4.37553491318353,
6,207,"I",4,4.07248347936687,4.66302229562529,"I",4,4.07248347936687,4.66302229562529,
6,208,"I",4,2.93255527704606,5.10841604082569,"I",4,2.93255527704606,5.10841604082569,
6,209,"IV",5,4.79559619420415,4.40285982252584,"V",5,4.7908068222455,4.40285982252584,0.00478937195865914
6,210,"-III",5,5.11235968512889,4.92022315968156,"-III",5,5.81136330283224,4.79710333054391,
6,211,"-VII",5,4.3448772632482,4.02122219105,"-VII",4,4.81910273404826,3.81555557423582,
6,212,"I",4,4.26047630829223,4.37553491318353,"I",3,4.476909138488,4.62139839983841,
6,213,"I",4,4.07248347936687,4.66302229562529,"I",3,3.75663278031064,5.13642189354138,
6,214,"I",4,2.93255527704606,5.10841604082569,"I",4,2.93255527704606,5.10841604082569,
,,,,,,,,,,
7,210,"-III",5,5.11235968512889,4.92022315968156,"-III",5,5.11235968512889,4.92022315968156,
7,211,"-VII",5,4.3448772632482,4.02122219105,"-VII",5,4.3448772632482,4.02122219105,
7,212,"I",4,4.26047630829223,4.37553491318353,"I",4,4.26047630829223,4.37553491318353,
7,213,"I",4,4.07248347936687,4.66302229562529,"I",4,4.07248347936687,4.66302229562529,
7,214,"I",4,2.93255527704606,5.10841604082569,"I",4,2.93255527704606,5.10841604082569,
7,215,"IV",5,4.79559619420415,4.40285982252584,"V",5,4.7908068222455,4.40285982252584,0.00478937195865914
7,216,"-III",5,5.11235968512889,4.92022315968156,"-III",5,5.81136330283224,4.79710333054391,
7,217,"-VII",5,4.3448772632482,4.02122219105,"-VII",4,4.81910273404826,3.81555557423582,
7,218,"I",4,4.26047630829223,4.37553491318353,"I",3,4.476909138488,4.62139839983841,
7,219,"I",4,4.07248347936687,4.66302229562529,"I",3,3.75663278031064,5.13642189354138,
7,220,"I",4,2.93255527704606,5.10841604082569,"I",4,2.93255527704606,5.10841604082569,
,,,,,,,,,,
8,216,"-III",5,5.11235968512889,4.92022315968156,"-III",5,5.11235968512889,4.92022315968156,
8,217,"-VII",5,4.3448772632482,4.02122219105,"-VII",5,4.3448772632482,4.02122219105,
8,218,"I",4,4.26047630829223,4.37553491318353,"I",4,4.26047630829223,4.37553491318353,
8,219,"I",4,4.07248347936687,4.66302229562529,"I",4,4.07248347936687,4.66302229562529,
8,220,"I",4,2.93255527704606,5.10841604082569,"I",4,2.93255527704606,5.10841604082569,
8,221,"IV",5,4.79559619420415,4.40285982252584,"V",5,4.7908068222455,4.40285982252584,0.00478937195865914
8,222,"-III",5,5.11235968512889,4.92022315968156,"-III",5,5.81136330283224,4.79710333054391,
8,223,"-VII",5,4.3448772632482,4.02122219105,"-VII",4,4.81910273404826,3.81555557423582,
8,224,"I",4,4.26047630829223,4.37553491318353,"I",3,4.476909138488,4.62139839983841,
8,225,"r",4,3.28020230348749,4.66302229562529,"r",3,2.96435160443125,5.13642189354138,
8,226,"r",4,1.42832010375587,3.48334817720349,"r",4,1.42832010375587,3.48334817720349,
,,,,,,,,,,
9,39,"IV",8,3.56564367216099,4.59069846209551,"IV",8,3.56564367216099,4.59069846209551,
9,40,"I",8,2.37103655485234,4.1993548238376,"I",8,2.37103655485234,4.1993548238376,
9,41,"I",7,0.445936219324428,2.08615750002234,"I",7,0.445936219324428,2.08615750002234,
9,42,"-VII",10,4.14496935464419,4.4268346489115,"-VII",10,4.14496935464419,4.4268346489115,
9,43,"VI",8,5.38500462858787,3.92245316743905,"VI",8,5.38500462858787,3.92245316743905,
9,44,"ii",4,3.11969050179234,4.92269189962293,"VI",4,3.10951201280287,4.92269189962293,0.0101784889894678
9,45,"-VII",5,5.75462618588491,4.39057431452749,"-VII",4,6.75822834855306,3.59009733229375,
9,46,"VI",3,6.04913244373216,4.66690953425424,"VI",2,5.69637752321031,5.18755993332055,
9,47,"-VI",2,4.88260184833828,5.21642274242113,"-VI",2,4.88260184833828,5.21642274242113,
9,48,"IV",2,6.24514312537829,3.42419811060303,"IV",2,6.24514312537829,3.42419811060303,
9,49,"IV",2,3.59887507545762,5.28761804073329,"IV",2,3.59887507545762,5.28761804073329,
,,,,,,,,,,
10,112,"IV",8,3.56564367216099,4.59069846209551,"IV",8,3.56564367216099,4.59069846209551,
10,113,"I",8,2.37103655485234,4.1993548238376,"I",8,2.37103655485234,4.1993548238376,
10,114,"I",7,0.445936219324428,2.08615750002234,"I",7,0.445936219324428,2.08615750002234,
10,115,"-VII",10,4.14496935464419,4.4268346489115,"-VII",10,4.14496935464419,4.4268346489115,
10,116,"VI",8,5.38500462858787,3.92245316743905,"VI",8,5.38500462858787,3.92245316743905,
10,117,"ii",4,3.11969050179234,4.92269189962293,"VI",4,3.10951201280287,4.92269189962293,0.0101784889894678
10,118,"-VII",5,5.75462618588491,4.39057431452749,"-VII",4,6.75822834855306,3.59009733229375,
10,119,"VI",3,6.04913244373216,4.66690953425424,"VI",2,5.69637752321031,5.18755993332055,
10,120,"-VI",2,4.88260184833828,5.21642274242113,"-VI",2,4.88260184833828,5.21642274242113,
10,121,"IV",2,6.24514312537829,3.42419811060303,"IV",2,6.24514312537829,3.42419811060303,
10,122,"IV",2,3.59887507545762,5.28761804073329,"IV",2,3.59887507545762,5.28761804073329,
,,,,,,,,,,
11,39,"IV",8,3.56564367216099,4.59069846209551,"IV",8,3.56564367216099,4.59069846209551,
11,40,"I",8,2.37103655485234,4.1993548238376,"I",8,2.37103655485234,4.1993548238376,
11,41,"I",7,0.445936219324428,2.08615750002234,"I",7,0.445936219324428,2.08615750002234,
11,42,"-VII",10,4.14496935464419,4.4268346489115,"-VII",10,4.14496935464419,4.4268346489115,
11,43,"VI",8,5.38500462858787,3.92245316743905,"VI",8,5.38500462858787,3.92245316743905,
11,44,"ii",4,3.11969050179234,4.92269189962293,"II",4,3.10809571788041,4.92269189962293,0.0115947839119208
11,45,"-VII",5,5.75462618588491,4.39057431452749,"-VII",5,5.62117693494166,4.29031413908029,
11,46,"VI",3,6.04913244373216,4.66690953425424,"VI",3,6.04619720873011,4.71445548135426,
11,47,"-VI",2,4.88260184833828,5.21642274242113,"-VI",2,4.88260184833828,5.21642274242113,
11,48,"IV",2,6.24514312537829,3.42419811060303,"IV",2,6.24514312537829,3.42419811060303,
11,49,"IV",2,3.59887507545762,5.28761804073329,"IV",2,3.59887507545762,5.28761804073329,
,,,,,,,,,,
12,112,"IV",8,3.56564367216099,4.59069846209551,"IV",8,3.56564367216099,4.59069846209551,
12,113,"I",8,2.37103655485234,4.1993548238376,"I",8,2.37103655485234,4.1993548238376,
12,114,"I",7,0.445936219324428,2.08615750002234,"I",7,0.445936219324428,2.08615750002234,
12,115,"-VII",10,4.14496935464419,4.4268346489115,"-VII",10,4.14496935464419,4.4268346489115,
12,116,"VI",8,5.38500462858787,3.92245316743905,"VI",8,5.38500462858787,3.92245316743905,
12,117,"ii",4,3.11969050179234,4.92269189962293,"II",4,3.10809571788041,4.92269189962293,0.0115947839119208
12,118,"-VII",5,5.75462618588491,4.39057431452749,"-VII",5,5.62117693494166,4.29031413908029,
12,119,"VI",3,6.04913244373216,4.66690953425424,"VI",3,6.04619720873011,4.71445548135426,
12,120,"-VI",2,4.88260184833828,5.21642274242113,"-VI",2,4.88260184833828,5.21642274242113,
12,121,"IV",2,6.24514312537829,3.42419811060303,"IV",2,6.24514312537829,3.42419811060303,
12,122,"IV",2,3.59887507545762,5.28761804073329,"IV",2,3.59887507545762,5.28761804073329,
,,,,,,,,,,
13,72,"ii",4,1.60716893587725,4.09011073702856,"ii",4,1.60716893587725,4.09011073702856,
13,73,"ii",5,4.07756340851043,3.91122061310455,"ii",5,4.07756340851043,3.91122061310455,
13,74,"ii",5,4.08223251446269,4.4510782790422,"ii",5,4.08223251446269,4.4510782790422,
13,75,"I",4,4.80872459922655,4.13359657028277,"I",4,4.80872459922655,4.13359657028277,
13,76,"I",4,2.71767310070024,4.99891188473838,"I",4,2.71767310070024,4.99891188473838,
13,77,"IV",5,4.19424037295433,4.91372411764822,"V",5,4.18167973592986,4.91372411764822,0.012560637024464
13,78,"-III",5,4.77290234310408,4.87759851823559,"-III",5,5.97642443467116,4.37871041794593,
13,79,"-VII",5,4.44668171192788,3.93285990263289,"-VII",4,4.81910273404826,3.81555557423582,
13,80,"I",4,4.26047630829223,4.37553491318353,"I",3,4.476909138488,4.62139839983841,
13,81,"I",4,4.07248347936687,4.66302229562529,"I",3,3.75663278031064,5.13642189354138,
13,82,"I",4,2.93255527704606,5.10841604082569,"I",4,2.93255527704606,5.10841604082569,
,,,,,,,,,,
14,145,"ii",4,1.60716893587725,4.09011073702856,"ii",4,1.60716893587725,4.09011073702856,
14,146,"ii",5,4.07756340851043,3.91122061310455,"ii",5,4.07756340851043,3.91122061310455,
14,147,"ii",5,4.08223251446269,4.4510782790422,"ii",5,4.08223251446269,4.4510782790422,
14,148,"I",4,4.80872459922655,4.13359657028277,"I",4,4.80872459922655,4.13359657028277,
14,149,"I",4,2.71767310070024,4.99891188473838,"I",4,2.71767310070024,4.99891188473838,
14,150,"IV",5,4.19424037295433,4.91372411764822,"V",5,4.18167973592986,4.91372411764822,0.012560637024464
14,151,"-III",5,4.77290234310408,4.87759851823559,"-III",5,5.97642443467116,4.37871041794593,
14,152,"-VII",5,4.44668171192788,3.93285990263289,"-VII",4,4.81910273404826,3.81555557423582,
14,153,"I",4,4.26047630829223,4.37553491318353,"I",3,4.476909138488,4.62139839983841,
14,154,"I",4,4.07248347936687,4.66302229562529,"I",3,3.75663278031064,5.13642189354138,
14,155,"I",4,2.93255527704606,5.10841604082569,"I",4,2.93255527704606,5.10841604082569,
,,,,,,,,,,
15,192,"ii",4,3.59395590102387,4.524165359594,"ii",4,3.59395590102387,4.524165359594,
15,193,"ii",4,3.95137711035045,4.2837869872175,"ii",4,3.95137711035045,4.2837869872175,
15,194,"ii",4,3.82577170343365,4.75176100660117,"ii",4,3.82577170343365,4.75176100660117,
15,195,"I",4,4.80872459922655,4.13359657028277,"I",4,4.80872459922655,4.13359657028277,
15,196,"I",4,2.71767310070024,4.99891188473838,"I",4,2.71767310070024,4.99891188473838,
15,197,"IV",5,4.19424037295433,4.91372411764822,"V",5,4.18167973592986,4.91372411764822,0.012560637024464
15,198,"-III",5,4.77290234310408,4.87759851823559,"-III",5,5.97642443467116,4.37871041794593,
15,199,"-VII",5,4.44668171192788,3.93285990263289,"-VII",4,4.81910273404826,3.81555557423582,
15,200,"I",4,4.26047630829223,4.37553491318353,"I",3,4.476909138488,4.62139839983841,
15,201,"I",4,4.07248347936687,4.66302229562529,"I",3,3.75663278031064,5.13642189354138,
15,202,"I",4,2.93255527704606,5.10841604082569,"I",4,2.93255527704606,5.10841604082569,
,,,,,,,,,,
16,47,"-VI",2,4.88260184833828,5.21642274242113,"-VI",2,4.88260184833828,5.21642274242113,
16,48,"IV",2,6.24514312537829,3.42419811060303,"IV",2,6.24514312537829,3.42419811060303,
16,49,"IV",2,3.59887507545762,5.28761804073329,"IV",2,3.59887507545762,5.28761804073329,
16,50,"I",3,3.84949111133829,5.20793903162722,"I",3,3.84949111133829,5.20793903162722,
16,51,"I",4,1.99483709270112,4.72768982063413,"I",4,1.99483709270112,4.72768982063413,
16,52,"IV",5,4.07235191706607,4.98705045108181,"I",5,4.05912056450781,4.98705045108181,0.013231352558261
16,53,"I",5,3.60317907188898,4.95076570308948,"I",5,3.03390240998846,5.13396780257173,
16,54,"ii",6,4.50066563067664,4.74725450168768,"ii",6,4.68888277930487,4.99546529309193,
16,55,"I",6,3.57995283629085,4.57595389858169,"I",6,1.37883985350057,3.83528632219079,
16,56,"IV",6,2.11301500784272,4.56537244254004,"IV",7,3.53985508251202,4.28390049763493,
16,57,"V",7,3.34818973710521,4.37677663067273,"V",6,3.91259391737831,3.61974067144538,
,,,,,,,,,,
17,120,"-VI",2,4.88260184833828,5.21642274242113,"-VI",2,4.88260184833828,5.21642274242113,
17,121,"IV",2,6.24514312537829,3.42419811060303,"IV",2,6.24514312537829,3.42419811060303,
17,122,"IV",2,3.59887507545762,5.28761804073329,"IV",2,3.59887507545762,5.28761804073329,
17,123,"I",3,3.84949111133829,5.20793903162722,"I",3,3.84949111133829,5.20793903162722,
17,124,"I",4,1.99483709270112,4.72768982063413,"I",4,1.99483709270112,4.72768982063413,
17,125,"IV",5,4.07235191706607,4.98705045108181,"I",5,4.05912056450781,4.98705045108181,0.013231352558261
17,126,"I",5,3.60317907188898,4.95076570308948,"I",5,3.03390240998846,5.13396780257173,
17,127,"ii",6,4.50066563067664,4.74725450168768,"ii",6,4.68888277930487,4.99546529309193,
17,128,"I",6,3.57995283629085,4.57595389858169,"I",6,1.37883985350057,3.83528632219079,
17,129,"IV",6,2.11301500784272,4.56537244254004,"IV",7,3.53985508251202,4.28390049763493,
17,130,"V",7,3.34818973710521,4.37677663067273,"V",6,3.91259391737831,3.61974067144538,
,,,,,,,,,,
18,183,"ii",5,4.07756340851043,3.91122061310455,"ii",5,4.07756340851043,3.91122061310455,
18,184,"ii",5,4.08223251446269,4.4510782790422,"ii",5,4.08223251446269,4.4510782790422,
18,185,"IV",4,1.4349843257341,4.13359657028277,"IV",4,1.4349843257341,4.13359657028277,
18,186,"iii",5,4.94412297355377,4.30084875407149,"iii",5,4.94412297355377,4.30084875407149,
18,187,"ii",4,3.59395590102387,4.524165359594,"ii",4,3.59395590102387,4.524165359594,
18,188,"ii",4,3.95137711035045,4.2837869872175,"I",4,3.96953949900037,4.2837869872175,0.0181623886499138
18,189,"ii",4,3.82577170343365,4.75176100660117,"ii",4,4.11384131182809,5.21642662547233,
18,190,"IV",4,1.4349843257341,4.13359657028277,"IV",5,5.10509751984737,3.74650631194028,
18,191,"iii",5,4.94412297355377,4.30084875407149,"iii",4,5.84509036499708,3.87935836554416,
18,192,"ii",4,3.59395590102387,4.524165359594,"ii",3,3.25171013253935,5.00060910852824,
18,193,"ii",4,3.95137711035045,4.2837869872175,"ii",4,3.95137711035045,4.2837869872175,
,,,,,,,,,,
19,188,"ii",4,3.95137711035045,4.2837869872175,"ii",4,3.95137711035045,4.2837869872175,
19,189,"ii",4,3.82577170343365,4.75176100660117,"ii",4,3.82577170343365,4.75176100660117,
19,190,"IV",4,1.4349843257341,4.13359657028277,"IV",4,1.4349843257341,4.13359657028277,
19,191,"iii",5,4.94412297355377,4.30084875407149,"iii",5,4.94412297355377,4.30084875407149,
19,192,"ii",4,3.59395590102387,4.524165359594,"ii",4,3.59395590102387,4.524165359594,
19,193,"ii",4,3.95137711035045,4.2837869872175,"I",4,3.96953949900037,4.2837869872175,0.0181623886499138
19,194,"ii",4,3.82577170343365,4.75176100660117,"ii",4,4.11384131182809,5.21642662547233,
19,195,"I",4,4.80872459922655,4.13359657028277,"I",5,4.27792775170796,3.74650631194028,
19,196,"I",4,2.71767310070024,4.99891188473838,"I",4,3.8250934622496,5.14460017132988,
19,197,"IV",5,4.19424037295433,4.91372411764822,"IV",5,4.20319255586451,4.21396840167956,
19,198,"-III",5,4.77290234310408,4.87759851823559,"-III",5,4.82311537525886,4.80831608887186,
,,,,,,,,,,
20,23,"I",4,4.71260639272897,4.80653829328966,"I",4,4.71260639272897,4.80653829328966,
20,24,"I",3,4.01917809110384,5.37305676642811,"I",3,4.01917809110384,5.37305676642811,
20,25,"I",4,3.37951829938183,5.09761671995303,"I",4,3.37951829938183,5.09761671995303,
20,26,"I",5,2.50999298715165,4.79742784166919,"I",5,2.50999298715165,4.79742784166919,
20,27,"II",6,6.0491867268423,4.63470888975022,"II",6,6.0491867268423,4.63470888975022,
20,28,"-III",5,6.73832149853403,4.41950394498892,"-II",5,6.71321152986987,4.41950394498892,0.02510996866416
20,29,"-VII",2,5.40534041225592,5.18698494203302,"-VII",2,5.53608481307768,5.06966536723052,
20,30,"I",2,3.99298057622861,5.17618242582041,"I",2,3.17429026533448,5.18045379861228,
20,31,"I",3,3.75663278031064,5.13642189354138,"I",3,3.26171341193043,5.11937622499056,
20,32,"IV",4,3.59310165762943,5.10841604082569,"IV",4,2.41431884249041,5.02164007169778,
20,33,"IV",5,3.32184577390948,4.64508245094337,"IV",5,1.99775016604354,4.67482335007274,
,,,,,,,,,,
21,14,"I",4,4.07248347936687,4.66302229562529,"I",4,4.07248347936687,4.66302229562529,
21,15,"I",4,2.93255527704606,5.10841604082569,"I",4,2.93255527704606,5.10841604082569,
21,16,"I",5,1.56472087946623,4.40285982252584,"I",5,1.56472087946623,4.40285982252584,
21,17,"I",6,1.53464685037669,4.29148793563382,"I",6,1.53464685037669,4.29148793563382,
21,18,"II",7,5.85899406614398,4.3992753099091,"II",7,5.85899406614398,4.3992753099091,
21,19,"-III",6,7.03873054266362,4.11960086653536,"-II",6,7.01362057399946,4.11960086653536,0.0251099686641609
21,20,"-VII",2,5.40534041225592,5.18698494203302,"-VII",2,5.53608481307768,5.06966536723052,
21,21,"I",2,3.99298057622861,5.17618242582041,"I",2,3.17429026533448,5.18045379861228,
21,22,"V",3,3.80082194694669,5.13642189354138,"V",3,5.00421152086807,5.11937622499056,
21,23,"I",4,4.71260639272897,4.80653829328966,"I",3,4.46252587216714,5.08417330064151,
21,24,"I",3,4.01917809110384,5.37305676642811,"I",3,4.01917809110384,5.37305676642811,
,,,,,,,,,,
22,87,"I",4,4.07248347936687,4.66302229562529,"I",4,4.07248347936687,4.66302229562529,
22,88,"I",4,2.93255527704606,5.10841604082569,"I",4,2.93255527704606,5.10841604082569,
22,89,"I",5,1.56472087946623,4.40285982252584,"I",5,1.56472087946623,4.40285982252584,
22,90,"I",6,1.53464685037669,4.29148793563382,"I",6,1.53464685037669,4.29148793563382,
22,91,"II",7,5.85899406614398,4.3992753099091,"II",7,5.85899406614398,4.3992753099091,
22,92,"-III",6,7.03873054266362,4.11960086653536,"-II",6,7.01362057399946,4.11960086653536,0.0251099686641609
22,93,"-VII",2,5.40534041225592,5.18698494203302,"-VII",2,5.53608481307768,5.06966536723052,
22,94,"I",2,3.99298057622861,5.17618242582041,"I",2,3.17429026533448,5.18045379861228,
22,95,"I",3,3.75663278031064,5.13642189354138,"I",3,3.26171341193043,5.11937622499056,
22,96,"I",4,2.93255527704606,5.10841604082569,"I",4,4.07611724693145,5.02164007169778,
22,97,"I",5,1.56472087946623,4.40285982252584,"I",4,2.9516959732969,5.13291977155711,
,,,,,,,,,,
23,96,"I",4,2.93255527704606,5.10841604082569,"I",4,2.93255527704606,5.10841604082569,
23,97,"I",5,1.56472087946623,4.40285982252584,"I",5,1.56472087946623,4.40285982252584,
23,98,"I",6,1.53464685037669,4.29148793563382,"I",6,1.53464685037669,4.29148793563382,
23,99,"I",7,1.59072057904941,4.3992753099091,"I",7,1.59072057904941,4.3992753099091,
23,100,"II",8,5.70098754375292,4.31691159945785,"II",8,5.70098754375292,4.31691159945785,
23,101,"-III",7,7.41809042914019,3.68546591808396,"-II",7,7.39298046047603,3.68546591808396,0.0251099686641609
23,102,"-VII",2,5.40534041225592,5.18698494203302,"-VII",2,5.53608481307768,5.06966536723052,
23,103,"I",2,3.99298057622861,5.17618242582041,"I",2,3.17429026533448,5.18045379861228,
23,104,"I",3,3.75663278031064,5.13642189354138,"I",3,3.26171341193043,5.11937622499056,
23,105,"IV",4,3.59310165762943,5.10841604082569,"IV",4,2.41431884249041,5.02164007169778,
23,106,"IV",5,3.32184577390948,4.64508245094337,"IV",5,1.99775016604354,4.67482335007274,
,,,,,,,,,,
24,60,"vi",5,2.30926280303127,4.00142264936661,"vi",5,2.30926280303127,4.00142264936661,
24,61,"ii",4,3.82343578580983,3.44923590560363,"ii",4,3.82343578580983,3.44923590560363,
24,62,"I",4,4.88617689751801,4.59998025796732,"I",4,4.88617689751801,4.59998025796732,
24,63,"IV",4,4.9384834593936,5.06485466704157,"IV",4,4.9384834593936,5.06485466704157,
24,64,"IV",3,4.39282379731285,5.23954596291354,"IV",3,4.39282379731285,5.23954596291354,
24,65,"ii",4,4.04150793157429,5.17587332401821,"iii",4,4.06682116904543,5.17587332401821,0.025313237471134
24,66,"I",5,4.18834933161061,4.13767469480841,"I",5,4.14850110176186,4.58620314852735,
24,67,"IV",4,2.62093106574411,4.87387025355056,"IV",4,1.34604069606651,3.99274476792058,
24,68,"II",5,5.83743776822294,3.89198954653815,"II",4,5.84158480032825,4.12778405375854,
24,69,"V",4,2.10615736868394,4.67990606424781,"V",3,3.20496801580806,5.02183742193717,
24,70,"IV",5,5.71567495753189,3.98216552337961,"IV",4,5.40860860111768,4.46979951313493,
,,,,,,,,,,
25,133,"vi",5,2.30926280303127,4.00142264936661,"vi",5,2.30926280303127,4.00142264936661,
25,134,"ii",4,3.82343578580983,3.44923590560363,"ii",4,3.82343578580983,3.44923590560363,
25,135,"I",4,4.88617689751801,4.59998025796732,"I",4,4.88617689751801,4.59998025796732,
25,136,"IV",4,4.9384834593936,5.06485466704157,"IV",4,4.9384834593936,5.06485466704157,
25,137,"IV",3,4.39282379731285,5.23954596291354,"IV",3,4.39282379731285,5.23954596291354,
25,138,"ii",4,4.04150793157429,5.17587332401821,"iii",4,4.06682116904543,5.17587332401821,0.025313237471134
25,139,"I",5,4.18834933161061,4.13767469480841,"I",5,4.14850110176186,4.58620314852735,
25,140,"IV",4,2.62093106574411,4.87387025355056,"IV",4,1.34604069606651,3.99274476792058,
25,141,"II",5,5.83743776822294,3.89198954653815,"II",4,5.84158480032825,4.12778405375854,
25,142,"V",4,2.10615736868394,4.67990606424781,"V",3,3.20496801580806,5.02183742193717,
25,143,"IV",5,5.71567495753189,3.98216552337961,"IV",4,5.40860860111768,4.46979951313493,
,,,,,,,,,,
26,170,"vi",5,2.30926280303127,4.00142264936661,"vi",5,2.30926280303127,4.00142264936661,
26,171,"ii",4,3.82343578580983,3.44923590560363,"ii",4,3.82343578580983,3.44923590560363,
26,172,"I",4,4.88617689751801,4.59998025796732,"I",4,4.88617689751801,4.59998025796732,
26,173,"IV",4,4.9384834593936,5.06485466704157,"IV",4,4.9384834593936,5.06485466704157,
26,174,"IV",3,4.39282379731285,5.23954596291354,"IV",3,4.39282379731285,5.23954596291354,
26,175,"ii",4,4.04150793157429,5.17587332401821,"iii",4,4.06682116904543,5.17587332401821,0.025313237471134
26,176,"I",5,4.18834933161061,4.13767469480841,"I",5,4.14850110176186,4.58620314852735,
26,177,"IV",4,2.62093106574411,4.87387025355056,"IV",4,1.34604069606651,3.99274476792058,
26,178,"II",5,5.83743776822294,3.89198954653815,"II",4,5.84158480032825,4.12778405375854,
26,179,"V",4,2.10615736868394,4.67990606424781,"V",3,3.20496801580806,5.02183742193717,
26,180,"IV",5,5.71567495753189,3.98216552337961,"IV",4,5.40860860111768,4.46979951313493,
,,,,,,,,,,
27,59,"III",4,3.60203718865402,4.68314990205289,"III",4,3.60203718865402,4.68314990205289,
27,60,"vi",5,2.30926280303127,4.00142264936661,"vi",5,2.30926280303127,4.00142264936661,
27,61,"ii",4,3.82343578580983,3.44923590560363,"ii",4,3.82343578580983,3.44923590560363,
27,62,"I",4,4.88617689751801,4.59998025796732,"I",4,4.88617689751801,4.59998025796732,
27,63,"IV",4,4.9384834593936,5.06485466704157,"IV",4,4.9384834593936,5.06485466704157,
27,64,"IV",3,4.39282379731285,5.23954596291354,"ii",3,4.36687968238573,5.23954596291354,0.0259441149271158
27,65,"ii",4,4.04150793157429,5.17587332401821,"ii",4,2.96257345129886,4.36538798924714,
27,66,"I",5,4.18834933161061,4.13767469480841,"I",5,1.38373283840436,3.68004539239808,
27,67,"IV",4,2.62093106574411,4.87387025355056,"IV",6,4.88151170280714,4.68000372528229,
27,68,"II",5,5.83743776822294,3.89198954653815,"II",4,5.17055127065902,4.88913677894385,
27,69,"V",4,2.10615736868394,4.67990606424781,"V",4,2.10615736868394,4.67990606424781,
,,,,,,,,,,
28,132,"III",4,3.60203718865402,4.68314990205289,"III",4,3.60203718865402,4.68314990205289,
28,133,"vi",5,2.30926280303127,4.00142264936661,"vi",5,2.30926280303127,4.00142264936661,
28,134,"ii",4,3.82343578580983,3.44923590560363,"ii",4,3.82343578580983,3.44923590560363,
28,135,"I",4,4.88617689751801,4.59998025796732,"I",4,4.88617689751801,4.59998025796732,
28,136,"IV",4,4.9384834593936,5.06485466704157,"IV",4,4.9384834593936,5.06485466704157,
28,137,"IV",3,4.39282379731285,5.23954596291354,"ii",3,4.36687968238573,5.23954596291354,0.0259441149271158
28,138,"ii",4,4.04150793157429,5.17587332401821,"ii",4,2.96257345129886,4.36538798924714,
28,139,"I",5,4.18834933161061,4.13767469480841,"I",5,1.38373283840436,3.68004539239808,
28,140,"IV",4,2.62093106574411,4.87387025355056,"IV",6,4.88151170280714,4.68000372528229,
28,141,"II",5,5.83743776822294,3.89198954653815,"II",4,5.17055127065902,4.88913677894385,
28,142,"V",4,2.10615736868394,4.67990606424781,"V",4,2.10615736868394,4.67990606424781,
,,,,,,,,,,
29,169,"III",4,3.60203718865402,4.68314990205289,"III",4,3.60203718865402,4.68314990205289,
29,170,"vi",5,2.30926280303127,4.00142264936661,"vi",5,2.30926280303127,4.00142264936661,
29,171,"ii",4,3.82343578580983,3.44923590560363,"ii",4,3.82343578580983,3.44923590560363,
29,172,"I",4,4.88617689751801,4.59998025796732,"I",4,4.88617689751801,4.59998025796732,
29,173,"IV",4,4.9384834593936,5.06485466704157,"IV",4,4.9384834593936,5.06485466704157,
29,174,"IV",3,4.39282379731285,5.23954596291354,"ii",3,4.36687968238573,5.23954596291354,0.0259441149271158
29,175,"ii",4,4.04150793157429,5.17587332401821,"ii",4,2.96257345129886,4.36538798924714,
29,176,"I",5,4.18834933161061,4.13767469480841,"I",5,1.38373283840436,3.68004539239808,
29,177,"IV",4,2.62093106574411,4.87387025355056,"IV",6,4.88151170280714,4.68000372528229,
29,178,"II",5,5.83743776822294,3.89198954653815,"II",4,5.17055127065902,4.88913677894385,
29,179,"V",4,2.10615736868394,4.67990606424781,"V",4,2.10615736868394,4.67990606424781,
,,,,,,,,,,
30,43,"VI",8,5.38500462858787,3.92245316743905,"VI",8,5.38500462858787,3.92245316743905,
30,44,"ii",4,3.11969050179234,4.92269189962293,"ii",4,3.11969050179234,4.92269189962293,
30,45,"-VII",5,5.75462618588491,4.39057431452749,"-VII",5,5.75462618588491,4.39057431452749,
30,46,"VI",3,6.04913244373216,4.66690953425424,"VI",3,6.04913244373216,4.66690953425424,
30,47,"-VI",2,4.88260184833828,5.21642274242113,"-VI",2,4.88260184833828,5.21642274242113,
30,48,"IV",2,6.24514312537829,3.42419811060303,"iv",2,6.21108774259804,3.42419811060303,0.0340553827802559
30,49,"IV",2,3.59887507545762,5.28761804073329,"IV",2,5.21744098087742,5.3960478935499,
30,50,"I",3,3.84949111133829,5.20793903162722,"I",3,5.11321076217289,4.71589482159041,
30,51,"I",4,1.99483709270112,4.72768982063413,"I",3,4.57575543028264,5.09474137960527,
30,52,"IV",5,4.07235191706607,4.98705045108181,"IV",3,4.45145133883243,5.36392307437511,
30,53,"I",5,3.60317907188898,4.95076570308948,"I",4,3.78683820679255,5.19059581691705,
,,,,,,,,,,
31,116,"VI",8,5.38500462858787,3.92245316743905,"VI",8,5.38500462858787,3.92245316743905,
31,117,"ii",4,3.11969050179234,4.92269189962293,"ii",4,3.11969050179234,4.92269189962293,
31,118,"-VII",5,5.75462618588491,4.39057431452749,"-VII",5,5.75462618588491,4.39057431452749,
31,119,"VI",3,6.04913244373216,4.66690953425424,"VI",3,6.04913244373216,4.66690953425424,
31,120,"-VI",2,4.88260184833828,5.21642274242113,"-VI",2,4.88260184833828,5.21642274242113,
31,121,"IV",2,6.24514312537829,3.42419811060303,"iv",2,6.21108774259804,3.42419811060303,0.0340553827802559
31,122,"IV",2,3.59887507545762,5.28761804073329,"IV",2,5.21744098087742,5.3960478935499,
31,123,"I",3,3.84949111133829,5.20793903162722,"I",3,5.11321076217289,4.71589482159041,
31,124,"I",4,1.99483709270112,4.72768982063413,"I",3,4.57575543028264,5.09474137960527,
31,125,"IV",5,4.07235191706607,4.98705045108181,"IV",3,4.45145133883243,5.36392307437511,
31,126,"I",5,3.60317907188898,4.95076570308948,"I",4,3.78683820679255,5.19059581691705,
,,,,,,,,,,
32,13,"I",4,4.26047630829223,4.37553491318353,"I",4,4.26047630829223,4.37553491318353,
32,14,"I",4,4.07248347936687,4.66302229562529,"I",4,4.07248347936687,4.66302229562529,
32,15,"I",4,2.93255527704606,5.10841604082569,"I",4,2.93255527704606,5.10841604082569,
32,16,"I",5,1.56472087946623,4.40285982252584,"I",5,1.56472087946623,4.40285982252584,
32,17,"I",6,1.53464685037669,4.29148793563382,"I",6,1.53464685037669,4.29148793563382,
32,18,"II",7,5.85899406614398,4.3992753099091,"VI",7,5.89836992700526,4.3992753099091,0.0393758608612842
32,19,"-III",6,7.03873054266362,4.11960086653536,"-III",6,7.48087143782071,4.27184539789194,
32,20,"-VII",2,5.40534041225592,5.18698494203302,"-VII",1,5.05397779504318,5.45554067235291,
32,21,"I",2,3.99298057622861,5.17618242582041,"I",2,3.99298057622861,5.17618242582041,
32,22,"V",3,3.80082194694669,5.13642189354138,"V",3,3.80082194694669,5.13642189354138,
32,23,"I",4,4.71260639272897,4.80653829328966,"I",4,4.71260639272897,4.80653829328966,
,,,,,,,,,,
33,86,"I",4,4.26047630829223,4.37553491318353,"I",4,4.26047630829223,4.37553491318353,
33,87,"I",4,4.07248347936687,4.66302229562529,"I",4,4.07248347936687,4.66302229562529,
33,88,"I",4,2.93255527704606,5.10841604082569,"I",4,2.93255527704606,5.10841604082569,
33,89,"I",5,1.56472087946623,4.40285982252584,"I",5,1.56472087946623,4.40285982252584,
33,90,"I",6,1.53464685037669,4.29148793563382,"I",6,1.53464685037669,4.29148793563382,
33,91,"II",7,5.85899406614398,4.3992753099091,"VI",7,5.89836992700526,4.3992753099091,0.0393758608612842
33,92,"-III",6,7.03873054266362,4.11960086653536,"-III",6,7.48087143782071,4.27184539789194,
33,93,"-VII",2,5.40534041225592,5.18698494203302,"-VII",1,5.05397779504318,5.45554067235291,
33,94,"I",2,3.99298057622861,5.17618242582041,"I",2,3.99298057622861,5.17618242582041,
33,95,"I",3,3.75663278031064,5.13642189354138,"I",3,3.75663278031064,5.13642189354138,
33,96,"I",4,2.93255527704606,5.10841604082569,"I",4,2.93255527704606,5.10841604082569,
,,,,,,,,,,
34,58,"iii",7,5.29857090941136,4.51753200850957,"iii",7,5.29857090941136,4.51753200850957,
34,59,"III",4,3.60203718865402,4.68314990205289,"III",4,3.60203718865402,4.68314990205289,
34,60,"vi",5,2.30926280303127,4.00142264936661,"vi",5,2.30926280303127,4.00142264936661,
34,61,"ii",4,3.82343578580983,3.44923590560363,"ii",4,3.82343578580983,3.44923590560363,
34,62,"I",4,4.88617689751801,4.59998025796732,"I",4,4.88617689751801,4.59998025796732,
34,63,"IV",4,4.9384834593936,5.06485466704157,"iii",4,4.89569032564652,5.06485466704157,0.0427931337470806
34,64,"IV",3,4.39282379731285,5.23954596291354,"IV",4,3.69161535443362,4.37716472681613,
34,65,"ii",4,4.04150793157429,5.17587332401821,"ii",4,4.6518065431731,4.84705312519761,
34,66,"I",5,4.18834933161061,4.13767469480841,"I",4,3.93883330632611,3.12273422146344,
34,67,"IV",4,2.62093106574411,4.87387025355056,"IV",4,2.65240098830506,4.87746527326042,
34,68,"II",5,5.83743776822294,3.89198954653815,"II",5,5.58430349467201,4.35394439655932,
,,,,,,,,,,
35,131,"iii",7,5.29857090941136,4.51753200850957,"iii",7,5.29857090941136,4.51753200850957,
35,132,"III",4,3.60203718865402,4.68314990205289,"III",4,3.60203718865402,4.68314990205289,
35,133,"vi",5,2.30926280303127,4.00142264936661,"vi",5,2.30926280303127,4.00142264936661,
35,134,"ii",4,3.82343578580983,3.44923590560363,"ii",4,3.82343578580983,3.44923590560363,
35,135,"I",4,4.88617689751801,4.59998025796732,"I",4,4.88617689751801,4.59998025796732,
35,136,"IV",4,4.9384834593936,5.06485466704157,"iii",4,4.89569032564652,5.06485466704157,0.0427931337470806
35,137,"IV",3,4.39282379731285,5.23954596291354,"IV",4,3.69161535443362,4.37716472681613,
35,138,"ii",4,4.04150793157429,5.17587332401821,"ii",4,4.6518065431731,4.84705312519761,
35,139,"I",5,4.18834933161061,4.13767469480841,"I",4,3.93883330632611,3.12273422146344,
35,140,"IV",4,2.62093106574411,4.87387025355056,"IV",4,2.65240098830506,4.87746527326042,
35,141,"II",5,5.83743776822294,3.89198954653815,"II",5,5.58430349467201,4.35394439655932,
,,,,,,,,,,
36,168,"iii",7,5.29857090941136,4.51753200850957,"iii",7,5.29857090941136,4.51753200850957,
36,169,"III",4,3.60203718865402,4.68314990205289,"III",4,3.60203718865402,4.68314990205289,
36,170,"vi",5,2.30926280303127,4.00142264936661,"vi",5,2.30926280303127,4.00142264936661,
36,171,"ii",4,3.82343578580983,3.44923590560363,"ii",4,3.82343578580983,3.44923590560363,
36,172,"I",4,4.88617689751801,4.59998025796732,"I",4,4.88617689751801,4.59998025796732,
36,173,"IV",4,4.9384834593936,5.06485466704157,"iii",4,4.89569032564652,5.06485466704157,0.0427931337470806
36,174,"IV",3,4.39282379731285,5.23954596291354,"IV",4,3.69161535443362,4.37716472681613,
36,175,"ii",4,4.04150793157429,5.17587332401821,"ii",4,4.6518065431731,4.84705312519761,
36,176,"I",5,4.18834933161061,4.13767469480841,"I",4,3.93883330632611,3.12273422146344,
36,177,"IV",4,2.62093106574411,4.87387025355056,"IV",4,2.65240098830506,4.87746527326042,
36,178,"II",5,5.83743776822294,3.89198954653815,"II",5,5.58430349467201,4.35394439655932,
,,,,,,,,,,
37,17,"I",6,1.53464685037669,4.29148793563382,"I",6,1.53464685037669,4.29148793563382,
37,18,"II",7,5.85899406614398,4.3992753099091,"II",7,5.85899406614398,4.3992753099091,
37,19,"-III",6,7.03873054266362,4.11960086653536,"-III",6,7.03873054266362,4.11960086653536,
37,20,"-VII",2,5.40534041225592,5.18698494203302,"-VII",2,5.40534041225592,5.18698494203302,
37,21,"I",2,3.99298057622861,5.17618242582041,"I",2,3.99298057622861,5.17618242582041,
37,22,"V",3,3.80082194694669,5.13642189354138,"I",3,3.75663278031064,5.13642189354138,0.0441891666360559
37,23,"I",4,4.71260639272897,4.80653829328966,"I",4,2.93255527704606,5.10841604082569,
37,24,"I",3,4.01917809110384,5.37305676642811,"I",5,1.56472087946623,4.40285982252584,
37,25,"I",4,3.37951829938183,5.09761671995303,"I",6,1.53464685037669,4.29148793563382,
37,26,"I",5,2.50999298715165,4.79742784166919,"I",7,1.59072057904941,4.3992753099091,
37,27,"II",6,6.0491867268423,4.63470888975022,"II",8,5.70098754375292,4.31691159945785,
,,,,,,,,,,
38,26,"I",5,2.50999298715165,4.79742784166919,"I",5,2.50999298715165,4.79742784166919,
38,27,"II",6,6.0491867268423,4.63470888975022,"II",6,6.0491867268423,4.63470888975022,
38,28,"-III",5,6.73832149853403,4.41950394498892,"-III",5,6.73832149853403,4.41950394498892,
38,29,"-VII",2,5.40534041225592,5.18698494203302,"-VII",2,5.40534041225592,5.18698494203302,
38,30,"I",2,3.99298057622861,5.17618242582041,"I",2,3.99298057622861,5.17618242582041,
38,31,"I",3,3.75663278031064,5.13642189354138,"V",3,3.80082194694669,5.13642189354138,0.0441891666360559
38,32,"IV",4,3.59310165762943,5.10841604082569,"IV",4,2.68629570143246,4.80653829328966,
38,33,"IV",5,3.32184577390948,4.64508245094337,"IV",5,4.58925939147295,4.20583220008983,
38,34,"IV",5,3.11623576947176,4.83708760449309,"IV",4,3.67528632045789,4.88998573593347,
38,35,"I",6,3.16902363232345,4.2196070783413,"I",5,2.87087867293245,4.68892962713363,
38,36,"I",6,2.17508838714495,4.42485247024389,"I",6,2.94317680433919,4.58171434177575,
,,,,,,,,,,
39,90,"I",6,1.53464685037669,4.29148793563382,"I",6,1.53464685037669,4.29148793563382,
39,91,"II",7,5.85899406614398,4.3992753099091,"II",7,5.85899406614398,4.3992753099091,
39,92,"-III",6,7.03873054266362,4.11960086653536,"-III",6,7.03873054266362,4.11960086653536,
39,93,"-VII",2,5.40534041225592,5.18698494203302,"-VII",2,5.40534041225592,5.18698494203302,
39,94,"I",2,3.99298057622861,5.17618242582041,"I",2,3.99298057622861,5.17618242582041,
39,95,"I",3,3.75663278031064,5.13642189354138,"V",3,3.80082194694669,5.13642189354138,0.0441891666360559
39,96,"I",4,2.93255527704606,5.10841604082569,"I",4,4.71260639272897,4.80653829328966,
39,97,"I",5,1.56472087946623,4.40285982252584,"I",3,4.01917809110384,5.37305676642811,
39,98,"I",6,1.53464685037669,4.29148793563382,"I",4,3.37951829938183,5.09761671995303,
39,99,"I",7,1.59072057904941,4.3992753099091,"I",5,2.50999298715165,4.79742784166919,
39,100,"II",8,5.70098754375292,4.31691159945785,"II",6,6.0491867268423,4.63470888975022,
,,,,,,,,,,
40,99,"I",7,1.59072057904941,4.3992753099091,"I",7,1.59072057904941,4.3992753099091,
40,100,"II",8,5.70098754375292,4.31691159945785,"II",8,5.70098754375292,4.31691159945785,
40,101,"-III",7,7.41809042914019,3.68546591808396,"-III",7,7.41809042914019,3.68546591808396,
40,102,"-VII",2,5.40534041225592,5.18698494203302,"-VII",2,5.40534041225592,5.18698494203302,
40,103,"I",2,3.99298057622861,5.17618242582041,"I",2,3.99298057622861,5.17618242582041,
40,104,"I",3,3.75663278031064,5.13642189354138,"V",3,3.80082194694669,5.13642189354138,0.0441891666360559
40,105,"IV",4,3.59310165762943,5.10841604082569,"IV",4,2.68629570143246,4.80653829328966,
40,106,"IV",5,3.32184577390948,4.64508245094337,"IV",5,4.58925939147295,4.20583220008983,
40,107,"IV",5,3.11623576947176,4.83708760449309,"IV",4,3.67528632045789,4.88998573593347,
40,108,"I",6,3.16902363232345,4.2196070783413,"I",5,2.87087867293245,4.68892962713363,
40,109,"I",6,2.17508838714495,4.42485247024389,"I",6,2.94317680433919,4.58171434177575,
,,,,,,,,,,
41,3,"I",2,2.20046829427291,4.79859356102467,"I",2,2.20046829427291,4.79859356102467,
41,4,"IV",3,3.99727426306833,4.75856661576346,"IV",3,3.99727426306833,4.75856661576346,
41,5,"-III",4,4.82829184421805,4.60633312989121,"-III",4,4.82829184421805,4.60633312989121,
41,6,"-VII",5,4.3448772632482,4.02122219105,"-VII",5,4.3448772632482,4.02122219105,
41,7,"I",4,4.26047630829223,4.37553491318353,"I",4,4.26047630829223,4.37553491318353,
41,8,"I",4,4.07248347936687,4.66302229562529,"V",4,4.11667264600293,4.66302229562529,0.0441891666360563
41,9,"I",4,2.93255527704606,5.10841604082569,"I",4,4.71260639272897,4.80653829328966,
41,10,"IV",5,4.79559619420415,4.40285982252584,"IV",3,4.52580557305953,5.37305676642811,
41,11,"-III",5,5.11235968512889,4.92022315968156,"-III",4,5.16555752370879,4.97534995131328,
41,12,"-VII",5,4.3448772632482,4.02122219105,"-VII",4,1.41422596515567,4.12357733340245,
41,13,"I",4,4.26047630829223,4.37553491318353,"I",6,4.14955157264908,4.5496368958049,
,,,,,,,,,,
42,9,"I",4,2.93255527704606,5.10841604082569,"I",4,2.93255527704606,5.10841604082569,
42,10,"IV",5,4.79559619420415,4.40285982252584,"IV",5,4.79559619420415,4.40285982252584,
42,11,"-III",5,5.11235968512889,4.92022315968156,"-III",5,5.11235968512889,4.92022315968156,
42,12,"-VII",5,4.3448772632482,4.02122219105,"-VII",5,4.3448772632482,4.02122219105,
42,13,"I",4,4.26047630829223,4.37553491318353,"I",4,4.26047630829223,4.37553491318353,
42,14,"I",4,4.07248347936687,4.66302229562529,"V",4,4.11667264600293,4.66302229562529,0.0441891666360563
42,15,"I",4,2.93255527704606,5.10841604082569,"I",4,4.71260639272897,4.80653829328966,
42,16,"I",5,1.56472087946623,4.40285982252584,"I",3,4.01917809110384,5.37305676642811,
42,17,"I",6,1.53464685037669,4.29148793563382,"I",4,3.37951829938183,5.09761671995303,
42,18,"II",7,5.85899406614398,4.3992753099091,"II",5,6.13736369474383,4.79742784166919,
42,19,"-III",6,7.03873054266362,4.11960086653536,"-III",4,6.70453140617191,4.46067476700561,
,,,,,,,,,,
43,76,"I",4,2.71767310070024,4.99891188473838,"I",4,2.71767310070024,4.99891188473838,
43,77,"IV",5,4.19424037295433,4.91372411764822,"IV",5,4.19424037295433,4.91372411764822,
43,78,"-III",5,4.77290234310408,4.87759851823559,"-III",5,4.77290234310408,4.87759851823559,
43,79,"-VII",5,4.44668171192788,3.93285990263289,"-VII",5,4.44668171192788,3.93285990263289,
43,80,"I",4,4.26047630829223,4.37553491318353,"I",4,4.26047630829223,4.37553491318353,
43,81,"I",4,4.07248347936687,4.66302229562529,"V",4,4.11667264600293,4.66302229562529,0.0441891666360563
43,82,"I",4,2.93255527704606,5.10841604082569,"I",4,4.71260639272897,4.80653829328966,
43,83,"IV",5,4.79559619420415,4.40285982252584,"IV",3,4.52580557305953,5.37305676642811,
43,84,"-III",5,5.11235968512889,4.92022315968156,"-III",4,5.16555752370879,4.97534995131328,
43,85,"-VII",5,4.3448772632482,4.02122219105,"-VII",4,1.41422596515567,4.12357733340245,
43,86,"I",4,4.26047630829223,4.37553491318353,"I",6,4.14955157264908,4.5496368958049,
,,,,,,,,,,
44,82,"I",4,2.93255527704606,5.10841604082569,"I",4,2.93255527704606,5.10841604082569,
44,83,"IV",5,4.79559619420415,4.40285982252584,"IV",5,4.79559619420415,4.40285982252584,
44,84,"-III",5,5.11235968512889,4.92022315968156,"-III",5,5.11235968512889,4.92022315968156,
44,85,"-VII",5,4.3448772632482,4.02122219105,"-VII",5,4.3448772632482,4.02122219105,
44,86,"I",4,4.26047630829223,4.37553491318353,"I",4,4.26047630829223,4.37553491318353,
44,87,"I",4,4.07248347936687,4.66302229562529,"V",4,4.11667264600293,4.66302229562529,0.0441891666360563
44,88,"I",4,2.93255527704606,5.10841604082569,"I",4,4.71260639272897,4.80653829328966,
44,89,"I",5,1.56472087946623,4.40285982252584,"I",3,4.01917809110384,5.37305676642811,
44,90,"I",6,1.53464685037669,4.29148793563382,"I",4,3.37951829938183,5.09761671995303,
44,91,"II",7,5.85899406614398,4.3992753099091,"II",5,6.13736369474383,4.79742784166919,
44,92,"-III",6,7.03873054266362,4.11960086653536,"-III",4,6.70453140617191,4.46067476700561,
,,,,,,,,,,
45,149,"I",4,2.71767310070024,4.99891188473838,"I",4,2.71767310070024,4.99891188473838,
45,150,"IV",5,4.19424037295433,4.91372411764822,"IV",5,4.19424037295433,4.91372411764822,
45,151,"-III",5,4.77290234310408,4.87759851823559,"-III",5,4.77290234310408,4.87759851823559,
45,152,"-VII",5,4.44668171192788,3.93285990263289,"-VII",5,4.44668171192788,3.93285990263289,
45,153,"I",4,4.26047630829223,4.37553491318353,"I",4,4.26047630829223,4.37553491318353,
45,154,"I",4,4.07248347936687,4.66302229562529,"V",4,4.11667264600293,4.66302229562529,0.0441891666360563
45,155,"I",4,2.93255527704606,5.10841604082569,"I",4,4.71260639272897,4.80653829328966,
45,156,"IV",5,4.79559619420415,4.40285982252584,"IV",3,4.52580557305953,5.37305676642811,
45,157,"-III",5,5.11235968512889,4.92022315968156,"-III",4,5.16555752370879,4.97534995131328,
45,158,"-VII",5,4.3448772632482,4.02122219105,"-VII",4,1.41422596515567,4.12357733340245,
45,159,"I",4,4.26047630829223,4.37553491318353,"I",6,4.14955157264908,4.5496368958049,
,,,,,,,,,,
46,155,"I",4,2.93255527704606,5.10841604082569,"I",4,2.93255527704606,5.10841604082569,
46,156,"IV",5,4.79559619420415,4.40285982252584,"IV",5,4.79559619420415,4.40285982252584,
46,157,"-III",5,5.11235968512889,4.92022315968156,"-III",5,5.11235968512889,4.92022315968156,
46,158,"-VII",5,4.3448772632482,4.02122219105,"-VII",5,4.3448772632482,4.02122219105,
46,159,"I",4,4.26047630829223,4.37553491318353,"I",4,4.26047630829223,4.37553491318353,
46,160,"I",4,4.07248347936687,4.66302229562529,"V",4,4.11667264600293,4.66302229562529,0.0441891666360563
46,161,"I",4,2.93255527704606,5.10841604082569,"I",4,4.71260639272897,4.80653829328966,
46,162,"IV",5,4.79559619420415,4.40285982252584,"IV",3,4.52580557305953,5.37305676642811,
46,163,"I",5,2.41786024990453,4.92022315968156,"I",4,3.11838393842787,4.97534995131328,
46,164,"ii",6,4.43279719273647,4.62965102341101,"ii",5,5.10596403231012,4.87635381122687,
46,165,"I",6,3.11619597909104,4.50102618543439,"I",5,3.12168478830534,4.84132063796053,
,,,,,,,,,,
47,196,"I",4,2.71767310070024,4.99891188473838,"I",4,2.71767310070024,4.99891188473838,
47,197,"IV",5,4.19424037295433,4.91372411764822,"IV",5,4.19424037295433,4.91372411764822,
47,198,"-III",5,4.77290234310408,4.87759851823559,"-III",5,4.77290234310408,4.87759851823559,
47,199,"-VII",5,4.44668171192788,3.93285990263289,"-VII",5,4.44668171192788,3.93285990263289,
47,200,"I",4,4.26047630829223,4.37553491318353,"I",4,4.26047630829223,4.37553491318353,
47,201,"I",4,4.07248347936687,4.66302229562529,"V",4,4.11667264600293,4.66302229562529,0.0441891666360563
47,202,"I",4,2.93255527704606,5.10841604082569,"I",4,4.71260639272897,4.80653829328966,
47,203,"IV",5,4.79559619420415,4.40285982252584,"IV",3,4.52580557305953,5.37305676642811,
47,204,"-III",5,5.11235968512889,4.92022315968156,"-III",4,5.16555752370879,4.97534995131328,
47,205,"-VII",5,4.3448772632482,4.02122219105,"-VII",4,1.41422596515567,4.12357733340245,
47,206,"I",4,4.26047630829223,4.37553491318353,"I",6,4.14955157264908,4.5496368958049,
,,,,,,,,,,
48,202,"I",4,2.93255527704606,5.10841604082569,"I",4,2.93255527704606,5.10841604082569,
48,203,"IV",5,4.79559619420415,4.40285982252584,"IV",5,4.79559619420415,4.40285982252584,
48,204,"-III",5,5.11235968512889,4.92022315968156,"-III",5,5.11235968512889,4.92022315968156,
48,205,"-VII",5,4.3448772632482,4.02122219105,"-VII",5,4.3448772632482,4.02122219105,
48,206,"I",4,4.26047630829223,4.37553491318353,"I",4,4.26047630829223,4.37553491318353,
48,207,"I",4,4.07248347936687,4.66302229562529,"V",4,4.11667264600293,4.66302229562529,0.0441891666360563
48,208,"I",4,2.93255527704606,5.10841604082569,"I",4,4.71260639272897,4.80653829328966,
48,209,"IV",5,4.79559619420415,4.40285982252584,"IV",3,4.52580557305953,5.37305676642811,
48,210,"-III",5,5.11235968512889,4.92022315968156,"-III",4,5.16555752370879,4.97534995131328,
48,211,"-VII",5,4.3448772632482,4.02122219105,"-VII",4,1.41422596515567,4.12357733340245,
48,212,"I",4,4.26047630829223,4.37553491318353,"I",6,4.14955157264908,4.5496368958049,
,,,,,,,,,,
49,208,"I",4,2.93255527704606,5.10841604082569,"I",4,2.93255527704606,5.10841604082569,
49,209,"IV",5,4.79559619420415,4.40285982252584,"IV",5,4.79559619420415,4.40285982252584,
49,210,"-III",5,5.11235968512889,4.92022315968156,"-III",5,5.11235968512889,4.92022315968156,
49,211,"-VII",5,4.3448772632482,4.02122219105,"-VII",5,4.3448772632482,4.02122219105,
49,212,"I",4,4.26047630829223,4.37553491318353,"I",4,4.26047630829223,4.37553491318353,
49,213,"I",4,4.07248347936687,4.66302229562529,"V",4,4.11667264600293,4.66302229562529,0.0441891666360563
49,214,"I",4,2.93255527704606,5.10841604082569,"I",4,4.71260639272897,4.80653829328966,
49,215,"IV",5,4.79559619420415,4.40285982252584,"IV",3,4.52580557305953,5.37305676642811,
49,216,"-III",5,5.11235968512889,4.92022315968156,"-III",4,5.16555752370879,4.97534995131328,
49,217,"-VII",5,4.3448772632482,4.02122219105,"-VII",4,1.41422596515567,4.12357733340245,
49,218,"I",4,4.26047630829223,4.37553491318353,"I",6,4.14955157264908,4.5496368958049,
,,,,,,,,,,
50,214,"I",4,2.93255527704606,5.10841604082569,"I",4,2.93255527704606,5.10841604082569,
50,215,"IV",5,4.79559619420415,4.40285982252584,"IV",5,4.79559619420415,4.40285982252584,
50,216,"-III",5,5.11235968512889,4.92022315968156,"-III",5,5.11235968512889,4.92022315968156,
50,217,"-VII",5,4.3448772632482,4.02122219105,"-VII",5,4.3448772632482,4.02122219105,
50,218,"I",4,4.26047630829223,4.37553491318353,"I",4,4.26047630829223,4.37553491318353,
50,219,"I",4,4.07248347936687,4.66302229562529,"V",4,4.11667264600293,4.66302229562529,0.0441891666360563
50,220,"I",4,2.93255527704606,5.10841604082569,"I",4,4.71260639272897,4.80653829328966,
50,221,"IV",5,4.79559619420415,4.40285982252584,"IV",3,4.52580557305953,5.37305676642811,
50,222,"-III",5,5.11235968512889,4.92022315968156,"-III",4,5.16555752370879,4.97534995131328,
50,223,"-VII",5,4.3448772632482,4.02122219105,"-VII",4,1.41422596515567,4.12357733340245,
50,224,"I",4,4.26047630829223,4.37553491318353,"I",6,4.14955157264908,4.5496368958049,
,,,,,,,,,,
51,13,"I",4,4.26047630829223,4.37553491318353,"I",4,4.26047630829223,4.37553491318353,
51,14,"I",4,4.07248347936687,4.66302229562529,"I",4,4.07248347936687,4.66302229562529,
51,15,"I",4,2.93255527704606,5.10841604082569,"I",4,2.93255527704606,5.10841604082569,
51,16,"I",5,1.56472087946623,4.40285982252584,"I",5,1.56472087946623,4.40285982252584,
51,17,"I",6,1.53464685037669,4.29148793563382,"I",6,1.53464685037669,4.29148793563382,
51,18,"II",7,5.85899406614398,4.3992753099091,"iii",7,5.8115950028696,4.3992753099091,0.0473990632743808
51,19,"-III",6,7.03873054266362,4.11960086653536,"-III",6,7.17686572030839,4.21634517221001,
51,20,"-VII",2,5.40534041225592,5.18698494203302,"-VII",2,3.25935989144341,5.20742437868907,
51,21,"I",2,3.99298057622861,5.17618242582041,"I",3,1.83622505207428,4.57181112714676,
51,22,"V",3,3.80082194694669,5.13642189354138,"V",4,4.13234646329877,4.65650984108682,
51,23,"I",4,4.71260639272897,4.80653829328966,"I",4,4.71260639272897,4.80653829328966,
,,,,,,,,,,
52,86,"I",4,4.26047630829223,4.37553491318353,"I",4,4.26047630829223,4.37553491318353,
52,87,"I",4,4.07248347936687,4.66302229562529,"I",4,4.07248347936687,4.66302229562529,
52,88,"I",4,2.93255527704606,5.10841604082569,"I",4,2.93255527704606,5.10841604082569,
52,89,"I",5,1.56472087946623,4.40285982252584,"I",5,1.56472087946623,4.40285982252584,
52,90,"I",6,1.53464685037669,4.29148793563382,"I",6,1.53464685037669,4.29148793563382,
52,91,"II",7,5.85899406614398,4.3992753099091,"iii",7,5.8115950028696,4.3992753099091,0.0473990632743808
52,92,"-III",6,7.03873054266362,4.11960086653536,"-III",6,7.17686572030839,4.21634517221001,
52,93,"-VII",2,5.40534041225592,5.18698494203302,"-VII",2,3.25935989144341,5.20742437868907,
52,94,"I",2,3.99298057622861,5.17618242582041,"I",3,1.83622505207428,4.57181112714676,
52,95,"I",3,3.75663278031064,5.13642189354138,"I",4,4.08815729666272,4.65650984108682,
52,96,"I",4,2.93255527704606,5.10841604082569,"I",4,2.93255527704606,5.10841604082569,
,,,,,,,,,,
53,8,"I",4,4.07248347936687,4.66302229562529,"I",4,4.07248347936687,4.66302229562529,
53,9,"I",4,2.93255527704606,5.10841604082569,"I",4,2.93255527704606,5.10841604082569,
53,10,"IV",5,4.79559619420415,4.40285982252584,"IV",5,4.79559619420415,4.40285982252584,
53,11,"-III",5,5.11235968512889,4.92022315968156,"-III",5,5.11235968512889,4.92022315968156,
53,12,"-VII",5,4.3448772632482,4.02122219105,"-VII",5,4.3448772632482,4.02122219105,
53,13,"I",4,4.26047630829223,4.37553491318353,"-VII",4,4.31290960070098,4.37553491318353,0.0524332924087574
53,14,"I",4,4.07248347936687,4.66302229562529,"I",4,4.94832987792821,4.47491352871558,
53,15,"I",4,2.93255527704606,5.10841604082569,"I",3,3.39219568906767,5.19251354377051,
53,16,"I",5,1.56472087946623,4.40285982252584,"I",4,3.44560340954028,5.2296382068115,
53,17,"I",6,1.53464685037669,4.29148793563382,"I",5,2.38825211832386,4.8481979362659,
53,18,"II",7,5.85899406614398,4.3992753099091,"II",6,5.89216250714108,4.80278207146171,
,,,,,,,,,,
54,75,"I",4,4.80872459922655,4.13359657028277,"I",4,4.80872459922655,4.13359657028277,
54,76,"I",4,2.71767310070024,4.99891188473838,"I",4,2.71767310070024,4.99891188473838,
54,77,"IV",5,4.19424037295433,4.91372411764822,"IV",5,4.19424037295433,4.91372411764822,
54,78,"-III",5,4.77290234310408,4.87759851823559,"-III",5,4.77290234310408,4.87759851823559,
54,79,"-VII",5,4.44668171192788,3.93285990263289,"-VII",5,4.44668171192788,3.93285990263289,
54,80,"I",4,4.26047630829223,4.37553491318353,"-VII",4,4.31290960070098,4.37553491318353,0.0524332924087574
54,81,"I",4,4.07248347936687,4.66302229562529,"I",4,4.94832987792821,4.47491352871558,
54,82,"I",4,2.93255527704606,5.10841604082569,"I",3,3.39219568906767,5.19251354377051,
54,83,"IV",5,4.79559619420415,4.40285982252584,"IV",4,4.03659472867201,5.2296382068115,
54,84,"-III",5,5.11235968512889,4.92022315968156,"-III",5,4.66516224415881,4.79356995447889,
54,85,"-VII",5,4.3448772632482,4.02122219105,"-VII",5,4.3448772632482,4.02122219105,
,,,,,,,,,,
55,81,"I",4,4.07248347936687,4.66302229562529,"I",4,4.07248347936687,4.66302229562529,
55,82,"I",4,2.93255527704606,5.10841604082569,"I",4,2.93255527704606,5.10841604082569,
55,83,"IV",5,4.79559619420415,4.40285982252584,"IV",5,4.79559619420415,4.40285982252584,
55,84,"-III",5,5.11235968512889,4.92022315968156,"-III",5,5.11235968512889,4.92022315968156,
55,85,"-VII",5,4.3448772632482,4.02122219105,"-VII",5,4.3448772632482,4.02122219105,
55,86,"I",4,4.26047630829223,4.37553491318353,"-VII",4,4.31290960070098,4.37553491318353,0.0524332924087574
55,87,"I",4,4.07248347936687,4.66302229562529,"I",4,4.94832987792821,4.47491352871558,
55,88,"I",4,2.93255527704606,5.10841604082569,"I",3,3.39219568906767,5.19251354377051,
55,89,"I",5,1.56472087946623,4.40285982252584,"I",4,3.44560340954028,5.2296382068115,
55,90,"I",6,1.53464685037669,4.29148793563382,"I",5,2.38825211832386,4.8481979362659,
55,91,"II",7,5.85899406614398,4.3992753099091,"II",6,5.89216250714108,4.80278207146171,
,,,,,,,,,,
56,148,"I",4,4.80872459922655,4.13359657028277,"I",4,4.80872459922655,4.13359657028277,
56,149,"I",4,2.71767310070024,4.99891188473838,"I",4,2.71767310070024,4.99891188473838,
56,150,"IV",5,4.19424037295433,4.91372411764822,"IV",5,4.19424037295433,4.91372411764822,
56,151,"-III",5,4.77290234310408,4.87759851823559,"-III",5,4.77290234310408,4.87759851823559,
56,152,"-VII",5,4.44668171192788,3.93285990263289,"-VII",5,4.44668171192788,3.93285990263289,
56,153,"I",4,4.26047630829223,4.37553491318353,"-VII",4,4.31290960070098,4.37553491318353,0.0524332924087574
56,154,"I",4,4.07248347936687,4.66302229562529,"I",4,4.94832987792821,4.47491352871558,
56,155,"I",4,2.93255527704606,5.10841604082569,"I",3,3.39219568906767,5.19251354377051,
56,156,"IV",5,4.79559619420415,4.40285982252584,"IV",4,4.03659472867201,5.2296382068115,
56,157,"-III",5,5.11235968512889,4.92022315968156,"-III",5,4.66516224415881,4.79356995447889,
56,158,"-VII",5,4.3448772632482,4.02122219105,"-VII",5,4.3448772632482,4.02122219105,
,,,,,,,,,,
57,154,"I",4,4.07248347936687,4.66302229562529,"I",4,4.07248347936687,4.66302229562529,
57,155,"I",4,2.93255527704606,5.10841604082569,"I",4,2.93255527704606,5.10841604082569,
57,156,"IV",5,4.79559619420415,4.40285982252584,"IV",5,4.79559619420415,4.40285982252584,
57,157,"-III",5,5.11235968512889,4.92022315968156,"-III",5,5.11235968512889,4.92022315968156,
57,158,"-VII",5,4.3448772632482,4.02122219105,"-VII",5,4.3448772632482,4.02122219105,
57,159,"I",4,4.26047630829223,4.37553491318353,"-VII",4,4.31290960070098,4.37553491318353,0.0524332924087574
57,160,"I",4,4.07248347936687,4.66302229562529,"I",4,4.94832987792821,4.47491352871558,
57,161,"I",4,2.93255527704606,5.10841604082569,"I",3,3.39219568906767,5.19251354377051,
57,162,"IV",5,4.79559619420415,4.40285982252584,"IV",4,4.03659472867201,5.2296382068115,
57,163,"I",5,2.41786024990453,4.92022315968156,"I",5,3.78011124764008,4.79356995447889,
57,164,"ii",6,4.43279719273647,4.62965102341101,"ii",5,4.56150623093732,4.89058030834085,
,,,,,,,,,,
58,195,"I",4,4.80872459922655,4.13359657028277,"I",4,4.80872459922655,4.13359657028277,
58,196,"I",4,2.71767310070024,4.99891188473838,"I",4,2.71767310070024,4.99891188473838,
58,197,"IV",5,4.19424037295433,4.91372411764822,"IV",5,4.19424037295433,4.91372411764822,
58,198,"-III",5,4.77290234310408,4.87759851823559,"-III",5,4.77290234310408,4.87759851823559,
58,199,"-VII",5,4.44668171192788,3.93285990263289,"-VII",5,4.44668171192788,3.93285990263289,
58,200,"I",4,4.26047630829223,4.37553491318353,"-VII",4,4.31290960070098,4.37553491318353,0.0524332924087574
58,201,"I",4,4.07248347936687,4.66302229562529,"I",4,4.94832987792821,4.47491352871558,
58,202,"I",4,2.93255527704606,5.10841604082569,"I",3,3.39219568906767,5.19251354377051,
58,203,"IV",5,4.79559619420415,4.40285982252584,"IV",4,4.03659472867201,5.2296382068115,
58,204,"-III",5,5.11235968512889,4.92022315968156,"-III",5,4.66516224415881,4.79356995447889,
58,205,"-VII",5,4.3448772632482,4.02122219105,"-VII",5,4.3448772632482,4.02122219105,
,,,,,,,,,,
59,201,"I",4,4.07248347936687,4.66302229562529,"I",4,4.07248347936687,4.66302229562529,
59,202,"I",4,2.93255527704606,5.10841604082569,"I",4,2.93255527704606,5.10841604082569,
59,203,"IV",5,4.79559619420415,4.40285982252584,"IV",5,4.79559619420415,4.40285982252584,
59,204,"-III",5,5.11235968512889,4.92022315968156,"-III",5,5.11235968512889,4.92022315968156,
59,205,"-VII",5,4.3448772632482,4.02122219105,"-VII",5,4.3448772632482,4.02122219105,
59,206,"I",4,4.26047630829223,4.37553491318353,"-VII",4,4.31290960070098,4.37553491318353,0.0524332924087574
59,207,"I",4,4.07248347936687,4.66302229562529,"I",4,4.94832987792821,4.47491352871558,
59,208,"I",4,2.93255527704606,5.10841604082569,"I",3,3.39219568906767,5.19251354377051,
59,209,"IV",5,4.79559619420415,4.40285982252584,"IV",4,4.03659472867201,5.2296382068115,
59,210,"-III",5,5.11235968512889,4.92022315968156,"-III",5,4.66516224415881,4.79356995447889,
59,211,"-VII",5,4.3448772632482,4.02122219105,"-VII",5,4.3448772632482,4.02122219105,
,,,,,,,,,,
60,207,"I",4,4.07248347936687,4.66302229562529,"I",4,4.07248347936687,4.66302229562529,
60,208,"I",4,2.93255527704606,5.10841604082569,"I",4,2.93255527704606,5.10841604082569,
60,209,"IV",5,4.79559619420415,4.40285982252584,"IV",5,4.79559619420415,4.40285982252584,
60,210,"-III",5,5.11235968512889,4.92022315968156,"-III",5,5.11235968512889,4.92022315968156,
60,211,"-VII",5,4.3448772632482,4.02122219105,"-VII",5,4.3448772632482,4.02122219105,
60,212,"I",4,4.26047630829223,4.37553491318353,"-VII",4,4.31290960070098,4.37553491318353,0.0524332924087574
60,213,"I",4,4.07248347936687,4.66302229562529,"I",4,4.94832987792821,4.47491352871558,
60,214,"I",4,2.93255527704606,5.10841604082569,"I",3,3.39219568906767,5.19251354377051,
60,215,"IV",5,4.79559619420415,4.40285982252584,"IV",4,4.03659472867201,5.2296382068115,
60,216,"-III",5,5.11235968512889,4.92022315968156,"-III",5,4.66516224415881,4.79356995447889,
60,217,"-VII",5,4.3448772632482,4.02122219105,"-VII",5,4.3448772632482,4.02122219105,
,,,,,,,,,,
61,213,"I",4,4.07248347936687,4.66302229562529,"I",4,4.07248347936687,4.66302229562529,
61,214,"I",4,2.93255527704606,5.10841604082569,"I",4,2.93255527704606,5.10841604082569,
61,215,"IV",5,4.79559619420415,4.40285982252584,"IV",5,4.79559619420415,4.40285982252584,
61,216,"-III",5,5.11235968512889,4.92022315968156,"-III",5,5.11235968512889,4.92022315968156,
61,217,"-VII",5,4.3448772632482,4.02122219105,"-VII",5,4.3448772632482,4.02122219105,
61,218,"I",4,4.26047630829223,4.37553491318353,"-VII",4,4.31290960070098,4.37553491318353,0.0524332924087574
61,219,"I",4,4.07248347936687,4.66302229562529,"I",4,4.94832987792821,4.47491352871558,
61,220,"I",4,2.93255527704606,5.10841604082569,"I",3,3.39219568906767,5.19251354377051,
61,221,"IV",5,4.79559619420415,4.40285982252584,"IV",4,4.03659472867201,5.2296382068115,
61,222,"-III",5,5.11235968512889,4.92022315968156,"-III",5,4.66516224415881,4.79356995447889,
61,223,"-VII",5,4.3448772632482,4.02122219105,"-VII",5,4.3448772632482,4.02122219105,
,,,,,,,,,,
62,219,"I",4,4.07248347936687,4.66302229562529,"I",4,4.07248347936687,4.66302229562529,
62,220,"I",4,2.93255527704606,5.10841604082569,"I",4,2.93255527704606,5.10841604082569,
62,221,"IV",5,4.79559619420415,4.40285982252584,"IV",5,4.79559619420415,4.40285982252584,
62,222,"-III",5,5.11235968512889,4.92022315968156,"-III",5,5.11235968512889,4.92022315968156,
62,223,"-VII",5,4.3448772632482,4.02122219105,"-VII",5,4.3448772632482,4.02122219105,
62,224,"I",4,4.26047630829223,4.37553491318353,"-VII",4,4.31290960070098,4.37553491318353,0.0524332924087574
62,225,"r",4,3.28020230348749,4.66302229562529,"r",4,3.69196197298472,4.47491352871558,
62,226,"r",4,1.42832010375587,3.48334817720349,"r",3,1.73993598091776,3.60908842239805,
,,,,,,,,,,
63,13,"I",4,4.26047630829223,4.37553491318353,"I",4,4.26047630829223,4.37553491318353,
63,14,"I",4,4.07248347936687,4.66302229562529,"I",4,4.07248347936687,4.66302229562529,
63,15,"I",4,2.93255527704606,5.10841604082569,"I",4,2.93255527704606,5.10841604082569,
63,16,"I",5,1.56472087946623,4.40285982252584,"I",5,1.56472087946623,4.40285982252584,
63,17,"I",6,1.53464685037669,4.29148793563382,"I",6,1.53464685037669,4.29148793563382,
63,18,"II",7,5.85899406614398,4.3992753099091,"iv",7,5.80382339298427,4.3992753099091,0.0551706731597061
63,19,"-III",6,7.03873054266362,4.11960086653536,"-III",5,0.770077883647245,2.87343699882608,
63,20,"-VII",2,5.40534041225592,5.18698494203302,"-VII",4,3.63821296255851,3.42202157305582,
63,21,"I",2,3.99298057622861,5.17618242582041,"I",4,5.20056800058996,3.36308635449362,
63,22,"V",3,3.80082194694669,5.13642189354138,"V",3,3.80082194694669,5.13642189354138,
63,23,"I",4,4.71260639272897,4.80653829328966,"I",4,4.71260639272897,4.80653829328966,
,,,,,,,,,,
64,86,"I",4,4.26047630829223,4.37553491318353,"I",4,4.26047630829223,4.37553491318353,
64,87,"I",4,4.07248347936687,4.66302229562529,"I",4,4.07248347936687,4.66302229562529,
64,88,"I",4,2.93255527704606,5.10841604082569,"I",4,2.93255527704606,5.10841604082569,
64,89,"I",5,1.56472087946623,4.40285982252584,"I",5,1.56472087946623,4.40285982252584,
64,90,"I",6,1.53464685037669,4.29148793563382,"I",6,1.53464685037669,4.29148793563382,
64,91,"II",7,5.85899406614398,4.3992753099091,"iv",7,5.80382339298427,4.3992753099091,0.0551706731597061
64,92,"-III",6,7.03873054266362,4.11960086653536,"-III",5,0.770077883647245,2.87343699882608,
64,93,"-VII",2,5.40534041225592,5.18698494203302,"-VII",4,3.63821296255851,3.42202157305582,
64,94,"I",2,3.99298057622861,5.17618242582041,"I",4,5.20056800058996,3.36308635449362,
64,95,"I",3,3.75663278031064,5.13642189354138,"I",3,3.75663278031064,5.13642189354138,
64,96,"I",4,2.93255527704606,5.10841604082569,"I",4,2.93255527704606,5.10841604082569,
,,,,,,,,,,
65,43,"VI",8,5.38500462858787,3.92245316743905,"VI",8,5.38500462858787,3.92245316743905,
65,44,"ii",4,3.11969050179234,4.92269189962293,"ii",4,3.11969050179234,4.92269189962293,
65,45,"-VII",5,5.75462618588491,4.39057431452749,"-VII",5,5.75462618588491,4.39057431452749,
65,46,"VI",3,6.04913244373216,4.66690953425424,"VI",3,6.04913244373216,4.66690953425424,
65,47,"-VI",2,4.88260184833828,5.21642274242113,"-VI",2,4.88260184833828,5.21642274242113,
65,48,"IV",2,6.24514312537829,3.42419811060303,"i",2,6.18634236653448,3.42419811060303,0.0588007588438106
65,49,"IV",2,3.59887507545762,5.28761804073329,"IV",2,5.01922078839569,5.29666849805936,
65,50,"I",3,3.84949111133829,5.20793903162722,"I",3,5.43474066759245,4.72510472933772,
65,51,"I",4,1.99483709270112,4.72768982063413,"I",3,2.42042923950742,5.0839265353044,
65,52,"IV",5,4.07235191706607,4.98705045108181,"IV",4,4.63027347786589,5.22433269475556,
65,53,"I",5,3.60317907188898,4.95076570308948,"I",4,3.78683820679255,5.19059581691705,
,,,,,,,,,,
66,116,"VI",8,5.38500462858787,3.92245316743905,"VI",8,5.38500462858787,3.92245316743905,
66,117,"ii",4,3.11969050179234,4.92269189962293,"ii",4,3.11969050179234,4.92269189962293,
66,118,"-VII",5,5.75462618588491,4.39057431452749,"-VII",5,5.75462618588491,4.39057431452749,
66,119,"VI",3,6.04913244373216,4.66690953425424,"VI",3,6.04913244373216,4.66690953425424,
66,120,"-VI",2,4.88260184833828,5.21642274242113,"-VI",2,4.88260184833828,5.21642274242113,
66,121,"IV",2,6.24514312537829,3.42419811060303,"i",2,6.18634236653448,3.42419811060303,0.0588007588438106
66,122,"IV",2,3.59887507545762,5.28761804073329,"IV",2,5.01922078839569,5.29666849805936,
66,123,"I",3,3.84949111133829,5.20793903162722,"I",3,5.43474066759245,4.72510472933772,
66,124,"I",4,1.99483709270112,4.72768982063413,"I",3,2.42042923950742,5.0839265353044,
66,125,"IV",5,4.07235191706607,4.98705045108181,"IV",4,4.63027347786589,5.22433269475556,
66,126,"I",5,3.60317907188898,4.95076570308948,"I",4,3.78683820679255,5.19059581691705,
,,,,,,,,,,
67,95,"I",3,3.75663278031064,5.13642189354138,"I",3,3.75663278031064,5.13642189354138,
67,96,"I",4,2.93255527704606,5.10841604082569,"I",4,2.93255527704606,5.10841604082569,
67,97,"I",5,1.56472087946623,4.40285982252584,"I",5,1.56472087946623,4.40285982252584,
67,98,"I",6,1.53464685037669,4.29148793563382,"I",6,1.53464685037669,4.29148793563382,
67,99,"I",7,1.59072057904941,4.3992753099091,"I",7,1.59072057904941,4.3992753099091,
67,100,"II",8,5.70098754375292,4.31691159945785,"-VI",8,5.76212627973519,4.31691159945785,0.0611387359822659
67,101,"-III",7,7.41809042914019,3.68546591808396,"-III",7,5.0745119400762,4.34502078091568,
67,102,"-VII",2,5.40534041225592,5.18698494203302,"-VII",4,1.17122046625402,3.82844176047197,
67,103,"I",2,3.99298057622861,5.17618242582041,"I",4,0.310113827243486,1.66398213387826,
67,104,"I",3,3.75663278031064,5.13642189354138,"I",6,1.22435972349503,3.81410366247154,
67,105,"IV",4,3.59310165762943,5.10841604082569,"IV",7,2.83943214721908,4.93706989129298,
,,,,,,,,,,
68,15,"I",4,2.93255527704606,5.10841604082569,"I",4,2.93255527704606,5.10841604082569,
68,16,"I",5,1.56472087946623,4.40285982252584,"I",5,1.56472087946623,4.40285982252584,
68,17,"I",6,1.53464685037669,4.29148793563382,"I",6,1.53464685037669,4.29148793563382,
68,18,"II",7,5.85899406614398,4.3992753099091,"II",7,5.85899406614398,4.3992753099091,
68,19,"-III",6,7.03873054266362,4.11960086653536,"-III",6,7.03873054266362,4.11960086653536,
68,20,"-VII",2,5.40534041225592,5.18698494203302,"-VI",2,5.46708376196882,5.18698494203302,0.0617433497128967
68,21,"I",2,3.99298057622861,5.17618242582041,"I",2,5.03780950958037,5.35277505291918,
68,22,"V",3,3.80082194694669,5.13642189354138,"V",3,5.31142391762251,5.21107673998457,
68,23,"I",4,4.71260639272897,4.80653829328966,"I",3,3.37112258314239,5.17365833593838,
68,24,"I",3,4.01917809110384,5.37305676642811,"I",4,3.2902467397478,5.21647366316005,
68,25,"I",4,3.37951829938183,5.09761671995303,"I",5,2.7143928936669,4.82533368233654,
,,,,,,,,,,
69,24,"I",3,4.01917809110384,5.37305676642811,"I",3,4.01917809110384,5.37305676642811,
69,25,"I",4,3.37951829938183,5.09761671995303,"I",4,3.37951829938183,5.09761671995303,
69,26,"I",5,2.50999298715165,4.79742784166919,"I",5,2.50999298715165,4.79742784166919,
69,27,"II",6,6.0491867268423,4.63470888975022,"II",6,6.0491867268423,4.63470888975022,
69,28,"-III",5,6.73832149853403,4.41950394498892,"-III",5,6.73832149853403,4.41950394498892,
69,29,"-VII",2,5.40534041225592,5.18698494203302,"-VI",2,5.46708376196882,5.18698494203302,0.0617433497128967
69,30,"I",2,3.99298057622861,5.17618242582041,"I",2,5.03780950958037,5.35277505291918,
69,31,"I",3,3.75663278031064,5.13642189354138,"I",3,3.1340131766996,5.21107673998457,
69,32,"IV",4,3.59310165762943,5.10841604082569,"IV",4,5.17774083131321,5.07727280095996,
69,33,"IV",5,3.32184577390948,4.64508245094337,"IV",3,4.03281011696974,5.28786657553085,
69,34,"IV",5,3.11623576947176,4.83708760449309,"IV",4,3.95979619040286,5.1615879179799,
,,,,,,,,,,
70,88,"I",4,2.93255527704606,5.10841604082569,"I",4,2.93255527704606,5.10841604082569,
70,89,"I",5,1.56472087946623,4.40285982252584,"I",5,1.56472087946623,4.40285982252584,
70,90,"I",6,1.53464685037669,4.29148793563382,"I",6,1.53464685037669,4.29148793563382,
70,91,"II",7,5.85899406614398,4.3992753099091,"II",7,5.85899406614398,4.3992753099091,
70,92,"-III",6,7.03873054266362,4.11960086653536,"-III",6,7.03873054266362,4.11960086653536,
70,93,"-VII",2,5.40534041225592,5.18698494203302,"-VI",2,5.46708376196882,5.18698494203302,0.0617433497128967
70,94,"I",2,3.99298057622861,5.17618242582041,"I",2,5.03780950958037,5.35277505291918,
70,95,"I",3,3.75663278031064,5.13642189354138,"I",3,3.1340131766996,5.21107673998457,
70,96,"I",4,2.93255527704606,5.10841604082569,"I",4,4.24006408069467,5.07727280095996,
70,97,"I",5,1.56472087946623,4.40285982252584,"I",4,3.11304827672426,5.09630329953921,
70,98,"I",6,1.53464685037669,4.29148793563382,"I",5,3.63858544270077,4.95610357547044,
,,,,,,,,,,
71,97,"I",5,1.56472087946623,4.40285982252584,"I",5,1.56472087946623,4.40285982252584,
71,98,"I",6,1.53464685037669,4.29148793563382,"I",6,1.53464685037669,4.29148793563382,
71,99,"I",7,1.59072057904941,4.3992753099091,"I",7,1.59072057904941,4.3992753099091,
71,100,"II",8,5.70098754375292,4.31691159945785,"II",8,5.70098754375292,4.31691159945785,
71,101,"-III",7,7.41809042914019,3.68546591808396,"-III",7,7.41809042914019,3.68546591808396,
71,102,"-VII",2,5.40534041225592,5.18698494203302,"-VI",2,5.46708376196882,5.18698494203302,0.0617433497128967
71,103,"I",2,3.99298057622861,5.17618242582041,"I",2,5.03780950958037,5.35277505291918,
71,104,"I",3,3.75663278031064,5.13642189354138,"I",3,3.1340131766996,5.21107673998457,
71,105,"IV",4,3.59310165762943,5.10841604082569,"IV",4,5.17774083131321,5.07727280095996,
71,106,"IV",5,3.32184577390948,4.64508245094337,"IV",3,4.03281011696974,5.28786657553085,
71,107,"IV",5,3.11623576947176,4.83708760449309,"IV",4,3.95979619040286,5.1615879179799,
,,,,,,,,,,
72,43,"VI",8,5.38500462858787,3.92245316743905,"VI",8,5.38500462858787,3.92245316743905,
72,44,"ii",4,3.11969050179234,4.92269189962293,"ii",4,3.11969050179234,4.92269189962293,
72,45,"-VII",5,5.75462618588491,4.39057431452749,"-VII",5,5.75462618588491,4.39057431452749,
72,46,"VI",3,6.04913244373216,4.66690953425424,"VI",3,6.04913244373216,4.66690953425424,
72,47,"-VI",2,4.88260184833828,5.21642274242113,"-VI",2,4.88260184833828,5.21642274242113,
72,48,"IV",2,6.24514312537829,3.42419811060303,"v",2,6.17781774675704,3.42419811060303,0.0673253786212493
72,49,"IV",2,3.59887507545762,5.28761804073329,"IV",2,3.85077774391989,5.12930461517565,
72,50,"I",3,3.84949111133829,5.20793903162722,"I",3,3.73053832824167,5.16297884337364,
72,51,"I",4,1.99483709270112,4.72768982063413,"I",4,2.03972388984513,4.75259275207637,
72,52,"IV",5,4.07235191706607,4.98705045108181,"IV",5,2.2692924490575,4.90673926478859,
72,53,"I",5,3.60317907188898,4.95076570308948,"I",5,4.00988519539972,4.92767950885931,
,,,,,,,,,,
73,116,"VI",8,5.38500462858787,3.92245316743905,"VI",8,5.38500462858787,3.92245316743905,
73,117,"ii",4,3.11969050179234,4.92269189962293,"ii",4,3.11969050179234,4.92269189962293,
73,118,"-VII",5,5.75462618588491,4.39057431452749,"-VII",5,5.75462618588491,4.39057431452749,
73,119,"VI",3,6.04913244373216,4.66690953425424,"VI",3,6.04913244373216,4.66690953425424,
73,120,"-VI",2,4.88260184833828,5.21642274242113,"-VI",2,4.88260184833828,5.21642274242113,
73,121,"IV",2,6.24514312537829,3.42419811060303,"v",2,6.17781774675704,3.42419811060303,0.0673253786212493
73,122,"IV",2,3.59887507545762,5.28761804073329,"IV",2,3.85077774391989,5.12930461517565,
73,123,"I",3,3.84949111133829,5.20793903162722,"I",3,3.73053832824167,5.16297884337364,
73,124,"I",4,1.99483709270112,4.72768982063413,"I",4,2.03972388984513,4.75259275207637,
73,125,"IV",5,4.07235191706607,4.98705045108181,"IV",5,2.2692924490575,4.90673926478859,
73,126,"I",5,3.60317907188898,4.95076570308948,"I",5,4.00988519539972,4.92767950885931,
,,,,,,,,,,
74,73,"ii",5,4.07756340851043,3.91122061310455,"ii",5,4.07756340851043,3.91122061310455,
74,74,"ii",5,4.08223251446269,4.4510782790422,"ii",5,4.08223251446269,4.4510782790422,
74,75,"I",4,4.80872459922655,4.13359657028277,"I",4,4.80872459922655,4.13359657028277,
74,76,"I",4,2.71767310070024,4.99891188473838,"I",4,2.71767310070024,4.99891188473838,
74,77,"IV",5,4.19424037295433,4.91372411764822,"IV",5,4.19424037295433,4.91372411764822,
74,78,"-III",5,4.77290234310408,4.87759851823559,"ii",5,4.70514366947246,4.87759851823559,0.0677586736316274
74,79,"-VII",5,4.44668171192788,3.93285990263289,"-VII",5,4.46736572770762,4.28548068482598,
74,80,"I",4,4.26047630829223,4.37553491318353,"I",5,4.82758206827427,4.23919297160511,
74,81,"I",4,4.07248347936687,4.66302229562529,"I",3,4.39557285100931,5.03917380687182,
74,82,"I",4,2.93255527704606,5.10841604082569,"I",3,3.85767283994026,5.3386872428043,
74,83,"IV",5,4.79559619420415,4.40285982252584,"IV",4,4.40008497490546,5.13291977155711,
,,,,,,,,,,
75,146,"ii",5,4.07756340851043,3.91122061310455,"ii",5,4.07756340851043,3.91122061310455,
75,147,"ii",5,4.08223251446269,4.4510782790422,"ii",5,4.08223251446269,4.4510782790422,
75,148,"I",4,4.80872459922655,4.13359657028277,"I",4,4.80872459922655,4.13359657028277,
75,149,"I",4,2.71767310070024,4.99891188473838,"I",4,2.71767310070024,4.99891188473838,
75,150,"IV",5,4.19424037295433,4.91372411764822,"IV",5,4.19424037295433,4.91372411764822,
75,151,"-III",5,4.77290234310408,4.87759851823559,"ii",5,4.70514366947246,4.87759851823559,0.0677586736316274
75,152,"-VII",5,4.44668171192788,3.93285990263289,"-VII",5,4.46736572770762,4.28548068482598,
75,153,"I",4,4.26047630829223,4.37553491318353,"I",5,4.82758206827427,4.23919297160511,
75,154,"I",4,4.07248347936687,4.66302229562529,"I",3,4.39557285100931,5.03917380687182,
75,155,"I",4,2.93255527704606,5.10841604082569,"I",3,3.85767283994026,5.3386872428043,
75,156,"IV",5,4.79559619420415,4.40285982252584,"IV",4,4.40008497490546,5.13291977155711,
,,,,,,,,,,
76,193,"ii",4,3.95137711035045,4.2837869872175,"ii",4,3.95137711035045,4.2837869872175,
76,194,"ii",4,3.82577170343365,4.75176100660117,"ii",4,3.82577170343365,4.75176100660117,
76,195,"I",4,4.80872459922655,4.13359657028277,"I",4,4.80872459922655,4.13359657028277,
76,196,"I",4,2.71767310070024,4.99891188473838,"I",4,2.71767310070024,4.99891188473838,
76,197,"IV",5,4.19424037295433,4.91372411764822,"IV",5,4.19424037295433,4.91372411764822,
76,198,"-III",5,4.77290234310408,4.87759851823559,"ii",5,4.70514366947246,4.87759851823559,0.0677586736316274
76,199,"-VII",5,4.44668171192788,3.93285990263289,"-VII",5,4.46736572770762,4.28548068482598,
76,200,"I",4,4.26047630829223,4.37553491318353,"I",5,4.82758206827427,4.23919297160511,
76,201,"I",4,4.07248347936687,4.66302229562529,"I",3,4.39557285100931,5.03917380687182,
76,202,"I",4,2.93255527704606,5.10841604082569,"I",3,3.85767283994026,5.3386872428043,
76,203,"IV",5,4.79559619420415,4.40285982252584,"IV",4,4.40008497490546,5.13291977155711,
,,,,,,,,,,
77,16,"I",5,1.56472087946623,4.40285982252584,"I",5,1.56472087946623,4.40285982252584,
77,17,"I",6,1.53464685037669,4.29148793563382,"I",6,1.53464685037669,4.29148793563382,
77,18,"II",7,5.85899406614398,4.3992753099091,"II",7,5.85899406614398,4.3992753099091,
77,19,"-III",6,7.03873054266362,4.11960086653536,"-III",6,7.03873054266362,4.11960086653536,
77,20,"-VII",2,5.40534041225592,5.18698494203302,"-VII",2,5.40534041225592,5.18698494203302,
77,21,"I",2,3.99298057622861,5.17618242582041,"-VII",2,4.0640903870759,5.17618242582041,0.0711098108472878
77,22,"V",3,3.80082194694669,5.13642189354138,"V",3,4.99947136235815,5.06680972261348,
77,23,"I",4,4.71260639272897,4.80653829328966,"I",3,2.76203142731755,4.78073469143238,
77,24,"I",3,4.01917809110384,5.37305676642811,"I",4,2.43425259921172,4.94353987352595,
77,25,"I",4,3.37951829938183,5.09761671995303,"I",5,4.02844770218553,4.48257921778354,
77,26,"I",5,2.50999298715165,4.79742784166919,"I",5,2.7240731483407,4.98075522197475,
,,,,,,,,,,
78,25,"I",4,3.37951829938183,5.09761671995303,"I",4,3.37951829938183,5.09761671995303,
78,26,"I",5,2.50999298715165,4.79742784166919,"I",5,2.50999298715165,4.79742784166919,
78,27,"II",6,6.0491867268423,4.63470888975022,"II",6,6.0491867268423,4.63470888975022,
78,28,"-III",5,6.73832149853403,4.41950394498892,"-III",5,6.73832149853403,4.41950394498892,
78,29,"-VII",2,5.40534041225592,5.18698494203302,"-VII",2,5.40534041225592,5.18698494203302,
78,30,"I",2,3.99298057622861,5.17618242582041,"-VII",2,4.0640903870759,5.17618242582041,0.0711098108472878
78,31,"I",3,3.75663278031064,5.13642189354138,"I",3,4.56771707824409,5.06680972261348,
78,32,"IV",4,3.59310165762943,5.10841604082569,"IV",3,4.31591554330678,5.19251354377051,
78,33,"IV",5,3.32184577390948,4.64508245094337,"IV",4,4.58661754228661,4.2946825110498,
78,34,"IV",5,3.11623576947176,4.83708760449309,"IV",4,3.26158186464819,5.09387875367295,
78,35,"I",6,3.16902363232345,4.2196070783413,"I",5,2.11204309366237,4.68207557006412,
,,,,,,,,,,
79,89,"I",5,1.56472087946623,4.40285982252584,"I",5,1.56472087946623,4.40285982252584,
79,90,"I",6,1.53464685037669,4.29148793563382,"I",6,1.53464685037669,4.29148793563382,
79,91,"II",7,5.85899406614398,4.3992753099091,"II",7,5.85899406614398,4.3992753099091,
79,92,"-III",6,7.03873054266362,4.11960086653536,"-III",6,7.03873054266362,4.11960086653536,
79,93,"-VII",2,5.40534041225592,5.18698494203302,"-VII",2,5.40534041225592,5.18698494203302,
79,94,"I",2,3.99298057622861,5.17618242582041,"-VII",2,4.0640903870759,5.17618242582041,0.0711098108472878
79,95,"I",3,3.75663278031064,5.13642189354138,"I",3,4.56771707824409,5.06680972261348,
79,96,"I",4,2.93255527704606,5.10841604082569,"I",3,3.39219568906767,5.19251354377051,
79,97,"I",5,1.56472087946623,4.40285982252584,"I",4,3.44560340954028,5.2296382068115,
79,98,"I",6,1.53464685037669,4.29148793563382,"I",5,2.38825211832386,4.8481979362659,
79,99,"I",7,1.59072057904941,4.3992753099091,"I",6,2.47152866156335,4.80278207146171,
,,,,,,,,,,
80,98,"I",6,1.53464685037669,4.29148793563382,"I",6,1.53464685037669,4.29148793563382,
80,99,"I",7,1.59072057904941,4.3992753099091,"I",7,1.59072057904941,4.3992753099091,
80,100,"II",8,5.70098754375292,4.31691159945785,"II",8,5.70098754375292,4.31691159945785,
80,101,"-III",7,7.41809042914019,3.68546591808396,"-III",7,7.41809042914019,3.68546591808396,
80,102,"-VII",2,5.40534041225592,5.18698494203302,"-VII",2,5.40534041225592,5.18698494203302,
80,103,"I",2,3.99298057622861,5.17618242582041,"-VII",2,4.0640903870759,5.17618242582041,0.0711098108472878
80,104,"I",3,3.75663278031064,5.13642189354138,"I",3,4.56771707824409,5.06680972261348,
80,105,"IV",4,3.59310165762943,5.10841604082569,"IV",3,4.31591554330678,5.19251354377051,
80,106,"IV",5,3.32184577390948,4.64508245094337,"IV",4,4.58661754228661,4.2946825110498,
80,107,"IV",5,3.11623576947176,4.83708760449309,"IV",4,3.26158186464819,5.09387875367295,
80,108,"I",6,3.16902363232345,4.2196070783413,"I",5,2.11204309366237,4.68207557006412,
,,,,,,,,,,
81,15,"I",4,2.93255527704606,5.10841604082569,"I",4,2.93255527704606,5.10841604082569,
81,16,"I",5,1.56472087946623,4.40285982252584,"I",5,1.56472087946623,4.40285982252584,
81,17,"I",6,1.53464685037669,4.29148793563382,"I",6,1.53464685037669,4.29148793563382,
81,18,"II",7,5.85899406614398,4.3992753099091,"II",7,5.85899406614398,4.3992753099091,
81,19,"-III",6,7.03873054266362,4.11960086653536,"-III",6,7.03873054266362,4.11960086653536,
81,20,"-VII",2,5.40534041225592,5.18698494203302,"i",2,5.47878786610129,5.18698494203302,0.0734474538453647
81,21,"I",2,3.99298057622861,5.17618242582041,"I",2,4.88711515536383,5.35457795335972,
81,22,"V",3,3.80082194694669,5.13642189354138,"V",3,5.9674183811119,4.49461102976222,
81,23,"I",4,4.71260639272897,4.80653829328966,"I",2,4.09723650042124,5.36284490316883,
81,24,"I",3,4.01917809110384,5.37305676642811,"I",3,4.01917809110384,5.37305676642811,
81,25,"I",4,3.37951829938183,5.09761671995303,"I",4,3.37951829938183,5.09761671995303,
,,,,,,,,,,
82,24,"I",3,4.01917809110384,5.37305676642811,"I",3,4.01917809110384,5.37305676642811,
82,25,"I",4,3.37951829938183,5.09761671995303,"I",4,3.37951829938183,5.09761671995303,
82,26,"I",5,2.50999298715165,4.79742784166919,"I",5,2.50999298715165,4.79742784166919,
82,27,"II",6,6.0491867268423,4.63470888975022,"II",6,6.0491867268423,4.63470888975022,
82,28,"-III",5,6.73832149853403,4.41950394498892,"-III",5,6.73832149853403,4.41950394498892,
82,29,"-VII",2,5.40534041225592,5.18698494203302,"i",2,5.47878786610129,5.18698494203302,0.0734474538453647
82,30,"I",2,3.99298057622861,5.17618242582041,"I",2,4.88711515536383,5.35457795335972,
82,31,"I",3,3.75663278031064,5.13642189354138,"I",3,4.57962989500631,4.49461102976222,
82,32,"IV",4,3.59310165762943,5.10841604082569,"IV",3,4.36351037067733,5.27012865028528,
82,33,"IV",5,3.32184577390948,4.64508245094337,"IV",4,2.39413057360813,4.97636982323914,
82,34,"IV",5,3.11623576947176,4.83708760449309,"IV",5,4.15009231996601,4.88837901986853,
,,,,,,,,,,
83,88,"I",4,2.93255527704606,5.10841604082569,"I",4,2.93255527704606,5.10841604082569,
83,89,"I",5,1.56472087946623,4.40285982252584,"I",5,1.56472087946623,4.40285982252584,
83,90,"I",6,1.53464685037669,4.29148793563382,"I",6,1.53464685037669,4.29148793563382,
83,91,"II",7,5.85899406614398,4.3992753099091,"II",7,5.85899406614398,4.3992753099091,
83,92,"-III",6,7.03873054266362,4.11960086653536,"-III",6,7.03873054266362,4.11960086653536,
83,93,"-VII",2,5.40534041225592,5.18698494203302,"i",2,5.47878786610129,5.18698494203302,0.0734474538453647
83,94,"I",2,3.99298057622861,5.17618242582041,"I",2,4.88711515536383,5.35457795335972,
83,95,"I",3,3.75663278031064,5.13642189354138,"I",3,4.57962989500631,4.49461102976222,
83,96,"I",4,2.93255527704606,5.10841604082569,"I",3,3.15814133287617,5.27012865028528,
83,97,"I",5,1.56472087946623,4.40285982252584,"I",4,2.48414023747131,5.02252930928351,
83,98,"I",6,1.53464685037669,4.29148793563382,"I",5,2.168843461919,4.77018480971166,
,,,,,,,,,,
84,97,"I",5,1.56472087946623,4.40285982252584,"I",5,1.56472087946623,4.40285982252584,
84,98,"I",6,1.53464685037669,4.29148793563382,"I",6,1.53464685037669,4.29148793563382,
84,99,"I",7,1.59072057904941,4.3992753099091,"I",7,1.59072057904941,4.3992753099091,
84,100,"II",8,5.70098754375292,4.31691159945785,"II",8,5.70098754375292,4.31691159945785,
84,101,"-III",7,7.41809042914019,3.68546591808396,"-III",7,7.41809042914019,3.68546591808396,
84,102,"-VII",2,5.40534041225592,5.18698494203302,"i",2,5.47878786610129,5.18698494203302,0.0734474538453647
84,103,"I",2,3.99298057622861,5.17618242582041,"I",2,4.88711515536383,5.35457795335972,
84,104,"I",3,3.75663278031064,5.13642189354138,"I",3,4.57962989500631,4.49461102976222,
84,105,"IV",4,3.59310165762943,5.10841604082569,"IV",3,4.36351037067733,5.27012865028528,
84,106,"IV",5,3.32184577390948,4.64508245094337,"IV",4,2.39413057360813,4.97636982323914,
84,107,"IV",5,3.11623576947176,4.83708760449309,"IV",5,4.15009231996601,4.88837901986853,
,,,,,,,,,,
85,13,"I",4,4.26047630829223,4.37553491318353,"I",4,4.26047630829223,4.37553491318353,
85,14,"I",4,4.07248347936687,4.66302229562529,"I",4,4.07248347936687,4.66302229562529,
85,15,"I",4,2.93255527704606,5.10841604082569,"I",4,2.93255527704606,5.10841604082569,
85,16,"I",5,1.56472087946623,4.40285982252584,"I",5,1.56472087946623,4.40285982252584,
85,17,"I",6,1.53464685037669,4.29148793563382,"I",6,1.53464685037669,4.29148793563382,
85,18,"II",7,5.85899406614398,4.3992753099091,"i",7,5.93292979287011,4.3992753099091,0.0739357267261314
85,19,"-III",6,7.03873054266362,4.11960086653536,"-III",6,6.78703293083838,3.93187992029719,
85,20,"-VII",2,5.40534041225592,5.18698494203302,"-VII",2,4.53912580466685,5.32466977213398,
85,21,"I",2,3.99298057622861,5.17618242582041,"I",3,3.34436608878526,4.649701387478,
85,22,"V",3,3.80082194694669,5.13642189354138,"V",4,2.02308551921012,4.67447776792952,
85,23,"I",4,4.71260639272897,4.80653829328966,"I",5,5.05202984778523,4.22380643333997,
,,,,,,,,,,
86,86,"I",4,4.26047630829223,4.37553491318353,"I",4,4.26047630829223,4.37553491318353,
86,87,"I",4,4.07248347936687,4.66302229562529,"I",4,4.07248347936687,4.66302229562529,
86,88,"I",4,2.93255527704606,5.10841604082569,"I",4,2.93255527704606,5.10841604082569,
86,89,"I",5,1.56472087946623,4.40285982252584,"I",5,1.56472087946623,4.40285982252584,
86,90,"I",6,1.53464685037669,4.29148793563382,"I",6,1.53464685037669,4.29148793563382,
86,91,"II",7,5.85899406614398,4.3992753099091,"i",7,5.93292979287011,4.3992753099091,0.0739357267261314
86,92,"-III",6,7.03873054266362,4.11960086653536,"-III",6,6.78703293083838,3.93187992029719,
86,93,"-VII",2,5.40534041225592,5.18698494203302,"-VII",2,4.53912580466685,5.32466977213398,
86,94,"I",2,3.99298057622861,5.17618242582041,"I",3,3.34436608878526,4.649701387478,
86,95,"I",3,3.75663278031064,5.13642189354138,"I",4,4.05663750554361,4.67447776792952,
86,96,"I",4,2.93255527704606,5.10841604082569,"I",4,2.93255527704606,5.10841604082569,
,,,,,,,,,,
87,16,"I",5,1.56472087946623,4.40285982252584,"I",5,1.56472087946623,4.40285982252584,
87,17,"I",6,1.53464685037669,4.29148793563382,"I",6,1.53464685037669,4.29148793563382,
87,18,"II",7,5.85899406614398,4.3992753099091,"II",7,5.85899406614398,4.3992753099091,
87,19,"-III",6,7.03873054266362,4.11960086653536,"-III",6,7.03873054266362,4.11960086653536,
87,20,"-VII",2,5.40534041225592,5.18698494203302,"-VII",2,5.40534041225592,5.18698494203302,
87,21,"I",2,3.99298057622861,5.17618242582041,"-III",2,3.91875620368569,5.17618242582041,0.0742243725429264
87,22,"V",3,3.80082194694669,5.13642189354138,"V",3,4.94706097844938,4.92909813021955,
87,23,"I",4,4.71260639272897,4.80653829328966,"I",3,3.3728478127578,4.84964396197447,
87,24,"I",3,4.01917809110384,5.37305676642811,"I",4,2.17866213316965,4.91916954693031,
87,25,"I",4,3.37951829938183,5.09761671995303,"I",5,3.33826817792955,4.78002024872476,
87,26,"I",5,2.50999298715165,4.79742784166919,"I",5,3.45841339792628,4.77603243747782,
,,,,,,,,,,
88,25,"I",4,3.37951829938183,5.09761671995303,"I",4,3.37951829938183,5.09761671995303,
88,26,"I",5,2.50999298715165,4.79742784166919,"I",5,2.50999298715165,4.79742784166919,
88,27,"II",6,6.0491867268423,4.63470888975022,"II",6,6.0491867268423,4.63470888975022,
88,28,"-III",5,6.73832149853403,4.41950394498892,"-III",5,6.73832149853403,4.41950394498892,
88,29,"-VII",2,5.40534041225592,5.18698494203302,"-VII",2,5.40534041225592,5.18698494203302,
88,30,"I",2,3.99298057622861,5.17618242582041,"-III",2,3.91875620368569,5.17618242582041,0.0742243725429264
88,31,"I",3,3.75663278031064,5.13642189354138,"I",3,5.61915859673464,4.92909813021955,
88,32,"IV",4,3.59310165762943,5.10841604082569,"IV",3,4.93285151040251,4.76216601458613,
88,33,"IV",5,3.32184577390948,4.64508245094337,"IV",3,4.82395060087127,4.62891357224964,
88,34,"IV",5,3.11623576947176,4.83708760449309,"IV",3,4.1246873236449,5.26713816162652,
88,35,"I",6,3.16902363232345,4.2196070783413,"I",4,3.4068088159353,5.04795885700333,
,,,,,,,,,,
89,89,"I",5,1.56472087946623,4.40285982252584,"I",5,1.56472087946623,4.40285982252584,
89,90,"I",6,1.53464685037669,4.29148793563382,"I",6,1.53464685037669,4.29148793563382,
89,91,"II",7,5.85899406614398,4.3992753099091,"II",7,5.85899406614398,4.3992753099091,
89,92,"-III",6,7.03873054266362,4.11960086653536,"-III",6,7.03873054266362,4.11960086653536,
89,93,"-VII",2,5.40534041225592,5.18698494203302,"-VII",2,5.40534041225592,5.18698494203302,
89,94,"I",2,3.99298057622861,5.17618242582041,"-III",2,3.91875620368569,5.17618242582041,0.0742243725429264
89,95,"I",3,3.75663278031064,5.13642189354138,"I",3,5.61915859673464,4.92909813021955,
89,96,"I",4,2.93255527704606,5.10841604082569,"I",3,3.68061096878952,4.76216601458613,
89,97,"I",5,1.56472087946623,4.40285982252584,"I",3,3.55074771189194,5.29667899604765,
89,98,"I",6,1.53464685037669,4.29148793563382,"I",4,2.0711916507083,4.8251685104721,
89,99,"I",7,1.59072057904941,4.3992753099091,"I",5,2.31827792224916,4.85439435695856,
,,,,,,,,,,
90,98,"I",6,1.53464685037669,4.29148793563382,"I",6,1.53464685037669,4.29148793563382,
90,99,"I",7,1.59072057904941,4.3992753099091,"I",7,1.59072057904941,4.3992753099091,
90,100,"II",8,5.70098754375292,4.31691159945785,"II",8,5.70098754375292,4.31691159945785,
90,101,"-III",7,7.41809042914019,3.68546591808396,"-III",7,7.41809042914019,3.68546591808396,
90,102,"-VII",2,5.40534041225592,5.18698494203302,"-VII",2,5.40534041225592,5.18698494203302,
90,103,"I",2,3.99298057622861,5.17618242582041,"-III",2,3.91875620368569,5.17618242582041,0.0742243725429264
90,104,"I",3,3.75663278031064,5.13642189354138,"I",3,5.61915859673464,4.92909813021955,
90,105,"IV",4,3.59310165762943,5.10841604082569,"IV",3,4.93285151040251,4.76216601458613,
90,106,"IV",5,3.32184577390948,4.64508245094337,"IV",3,4.82395060087127,4.62891357224964,
90,107,"IV",5,3.11623576947176,4.83708760449309,"IV",3,4.1246873236449,5.26713816162652,
90,108,"I",6,3.16902363232345,4.2196070783413,"I",4,3.4068088159353,5.04795885700333,
,,,,,,,,,,
91,38,"IV",8,2.4513951133792,4.72547341968627,"IV",8,2.4513951133792,4.72547341968627,
91,39,"IV",8,3.56564367216099,4.59069846209551,"IV",8,3.56564367216099,4.59069846209551,
91,40,"I",8,2.37103655485234,4.1993548238376,"I",8,2.37103655485234,4.1993548238376,
91,41,"I",7,0.445936219324428,2.08615750002234,"I",7,0.445936219324428,2.08615750002234,
91,42,"-VII",10,4.14496935464419,4.4268346489115,"-VII",10,4.14496935464419,4.4268346489115,
91,43,"VI",8,5.38500462858787,3.92245316743905,"-VI",8,5.46301804238829,3.92245316743905,0.0780134138004192
91,44,"ii",4,3.11969050179234,4.92269189962293,"ii",4,6.70347838566414,4.68831489082063,
91,45,"-VII",5,5.75462618588491,4.39057431452749,"-VII",2,5.52015704723142,5.14838311622674,
91,46,"VI",3,6.04913244373216,4.66690953425424,"VI",2,5.71898318187058,5.20436127653142,
91,47,"-VI",2,4.88260184833828,5.21642274242113,"-VI",2,4.88260184833828,5.21642274242113,
91,48,"IV",2,6.24514312537829,3.42419811060303,"IV",2,6.24514312537829,3.42419811060303,
,,,,,,,,,,
92,111,"IV",8,2.4513951133792,4.72547341968627,"IV",8,2.4513951133792,4.72547341968627,
92,112,"IV",8,3.56564367216099,4.59069846209551,"IV",8,3.56564367216099,4.59069846209551,
92,113,"I",8,2.37103655485234,4.1993548238376,"I",8,2.37103655485234,4.1993548238376,
92,114,"I",7,0.445936219324428,2.08615750002234,"I",7,0.445936219324428,2.08615750002234,
92,115,"-VII",10,4.14496935464419,4.4268346489115,"-VII",10,4.14496935464419,4.4268346489115,
92,116,"VI",8,5.38500462858787,3.92245316743905,"-VI",8,5.46301804238829,3.92245316743905,0.0780134138004192
92,117,"ii",4,3.11969050179234,4.92269189962293,"ii",4,6.70347838566414,4.68831489082063,
92,118,"-VII",5,5.75462618588491,4.39057431452749,"-VII",2,5.52015704723142,5.14838311622674,
92,119,"VI",3,6.04913244373216,4.66690953425424,"VI",2,5.71898318187058,5.20436127653142,
92,120,"-VI",2,4.88260184833828,5.21642274242113,"-VI",2,4.88260184833828,5.21642274242113,
92,121,"IV",2,6.24514312537829,3.42419811060303,"IV",2,6.24514312537829,3.42419811060303,
,,,,,,,,,,
93,57,"V",7,3.34818973710521,4.37677663067273,"V",7,3.34818973710521,4.37677663067273,
93,58,"iii",7,5.29857090941136,4.51753200850957,"iii",7,5.29857090941136,4.51753200850957,
93,59,"III",4,3.60203718865402,4.68314990205289,"III",4,3.60203718865402,4.68314990205289,
93,60,"vi",5,2.30926280303127,4.00142264936661,"vi",5,2.30926280303127,4.00142264936661,
93,61,"ii",4,3.82343578580983,3.44923590560363,"ii",4,3.82343578580983,3.44923590560363,
93,62,"I",4,4.88617689751801,4.59998025796732,"iii",4,4.80653739404277,4.59998025796732,0.0796395034752342
93,63,"IV",4,4.9384834593936,5.06485466704157,"IV",4,2.5686170828062,3.36311269056861,
93,64,"IV",3,4.39282379731285,5.23954596291354,"IV",4,4.10967824962828,4.2830999433907,
93,65,"ii",4,4.04150793157429,5.17587332401821,"ii",4,4.45792574238909,4.9120705063078,
93,66,"I",5,4.18834933161061,4.13767469480841,"I",4,3.06642635181938,4.69887778459134,
93,67,"IV",4,2.62093106574411,4.87387025355056,"IV",5,2.93929012222382,4.38873156193629,
,,,,,,,,,,
94,130,"V",7,3.34818973710521,4.37677663067273,"V",7,3.34818973710521,4.37677663067273,
94,131,"iii",7,5.29857090941136,4.51753200850957,"iii",7,5.29857090941136,4.51753200850957,
94,132,"III",4,3.60203718865402,4.68314990205289,"III",4,3.60203718865402,4.68314990205289,
94,133,"vi",5,2.30926280303127,4.00142264936661,"vi",5,2.30926280303127,4.00142264936661,
94,134,"ii",4,3.82343578580983,3.44923590560363,"ii",4,3.82343578580983,3.44923590560363,
94,135,"I",4,4.88617689751801,4.59998025796732,"iii",4,4.80653739404277,4.59998025796732,0.0796395034752342
94,136,"IV",4,4.9384834593936,5.06485466704157,"IV",4,2.5686170828062,3.36311269056861,
94,137,"IV",3,4.39282379731285,5.23954596291354,"IV",4,4.10967824962828,4.2830999433907,
94,138,"ii",4,4.04150793157429,5.17587332401821,"ii",4,4.45792574238909,4.9120705063078,
94,139,"I",5,4.18834933161061,4.13767469480841,"I",4,3.06642635181938,4.69887778459134,
94,140,"IV",4,2.62093106574411,4.87387025355056,"IV",5,2.93929012222382,4.38873156193629,
,,,,,,,,,,
95,167,"V",7,3.34818973710521,4.37677663067273,"V",7,3.34818973710521,4.37677663067273,
95,168,"iii",7,5.29857090941136,4.51753200850957,"iii",7,5.29857090941136,4.51753200850957,
95,169,"III",4,3.60203718865402,4.68314990205289,"III",4,3.60203718865402,4.68314990205289,
95,170,"vi",5,2.30926280303127,4.00142264936661,"vi",5,2.30926280303127,4.00142264936661,
95,171,"ii",4,3.82343578580983,3.44923590560363,"ii",4,3.82343578580983,3.44923590560363,
95,172,"I",4,4.88617689751801,4.59998025796732,"iii",4,4.80653739404277,4.59998025796732,0.0796395034752342
95,173,"IV",4,4.9384834593936,5.06485466704157,"IV",4,2.5686170828062,3.36311269056861,
95,174,"IV",3,4.39282379731285,5.23954596291354,"IV",4,4.10967824962828,4.2830999433907,
95,175,"ii",4,4.04150793157429,5.17587332401821,"ii",4,4.45792574238909,4.9120705063078,
95,176,"I",5,4.18834933161061,4.13767469480841,"I",4,3.06642635181938,4.69887778459134,
95,177,"IV",4,2.62093106574411,4.87387025355056,"IV",5,2.93929012222382,4.38873156193629,
,,,,,,,,,,
96,72,"ii",4,1.60716893587725,4.09011073702856,"ii",4,1.60716893587725,4.09011073702856,
96,73,"ii",5,4.07756340851043,3.91122061310455,"ii",5,4.07756340851043,3.91122061310455,
96,74,"ii",5,4.08223251446269,4.4510782790422,"ii",5,4.08223251446269,4.4510782790422,
96,75,"I",4,4.80872459922655,4.13359657028277,"I",4,4.80872459922655,4.13359657028277,
96,76,"I",4,2.71767310070024,4.99891188473838,"I",4,2.71767310070024,4.99891188473838,
96,77,"IV",5,4.19424037295433,4.91372411764822,"-VI",5,4.11139618820372,4.91372411764822,0.0828441847506127
96,78,"-III",5,4.77290234310408,4.87759851823559,"-III",4,4.49673345810202,4.71405971014661,
96,79,"-VII",5,4.44668171192788,3.93285990263289,"-VII",4,1.17122046625402,3.82844176047197,
96,80,"I",4,4.26047630829223,4.37553491318353,"I",4,0.310113827243486,1.66398213387826,
96,81,"I",4,4.07248347936687,4.66302229562529,"I",6,1.22435972349503,3.81410366247154,
96,82,"I",4,2.93255527704606,5.10841604082569,"I",7,3.54343749849534,4.93706989129298,
,,,,,,,,,,
97,145,"ii",4,1.60716893587725,4.09011073702856,"ii",4,1.60716893587725,4.09011073702856,
97,146,"ii",5,4.07756340851043,3.91122061310455,"ii",5,4.07756340851043,3.91122061310455,
97,147,"ii",5,4.08223251446269,4.4510782790422,"ii",5,4.08223251446269,4.4510782790422,
97,148,"I",4,4.80872459922655,4.13359657028277,"I",4,4.80872459922655,4.13359657028277,
97,149,"I",4,2.71767310070024,4.99891188473838,"I",4,2.71767310070024,4.99891188473838,
97,150,"IV",5,4.19424037295433,4.91372411764822,"-VI",5,4.11139618820372,4.91372411764822,0.0828441847506127
97,151,"-III",5,4.77290234310408,4.87759851823559,"-III",4,4.49673345810202,4.71405971014661,
97,152,"-VII",5,4.44668171192788,3.93285990263289,"-VII",4,1.17122046625402,3.82844176047197,
97,153,"I",4,4.26047630829223,4.37553491318353,"I",4,0.310113827243486,1.66398213387826,
97,154,"I",4,4.07248347936687,4.66302229562529,"I",6,1.22435972349503,3.81410366247154,
97,155,"I",4,2.93255527704606,5.10841604082569,"I",7,3.54343749849534,4.93706989129298,
,,,,,,,,,,
98,192,"ii",4,3.59395590102387,4.524165359594,"ii",4,3.59395590102387,4.524165359594,
98,193,"ii",4,3.95137711035045,4.2837869872175,"ii",4,3.95137711035045,4.2837869872175,
98,194,"ii",4,3.82577170343365,4.75176100660117,"ii",4,3.82577170343365,4.75176100660117,
98,195,"I",4,4.80872459922655,4.13359657028277,"I",4,4.80872459922655,4.13359657028277,
98,196,"I",4,2.71767310070024,4.99891188473838,"I",4,2.71767310070024,4.99891188473838,
98,197,"IV",5,4.19424037295433,4.91372411764822,"-VI",5,4.11139618820372,4.91372411764822,0.0828441847506127
98,198,"-III",5,4.77290234310408,4.87759851823559,"-III",4,4.49673345810202,4.71405971014661,
98,199,"-VII",5,4.44668171192788,3.93285990263289,"-VII",4,1.17122046625402,3.82844176047197,
98,200,"I",4,4.26047630829223,4.37553491318353,"I",4,0.310113827243486,1.66398213387826,
98,201,"I",4,4.07248347936687,4.66302229562529,"I",6,1.22435972349503,3.81410366247154,
98,202,"I",4,2.93255527704606,5.10841604082569,"I",7,3.54343749849534,4.93706989129298,
,,,,,,,,,,
99,49,"IV",2,3.59887507545762,5.28761804073329,"IV",2,3.59887507545762,5.28761804073329,
99,50,"I",3,3.84949111133829,5.20793903162722,"I",3,3.84949111133829,5.20793903162722,
99,51,"I",4,1.99483709270112,4.72768982063413,"I",4,1.99483709270112,4.72768982063413,
99,52,"IV",5,4.07235191706607,4.98705045108181,"IV",5,4.07235191706607,4.98705045108181,
99,53,"I",5,3.60317907188898,4.95076570308948,"I",5,3.60317907188898,4.95076570308948,
99,54,"ii",6,4.50066563067664,4.74725450168768,"-VII",6,4.41736331228979,4.74725450168768,0.0833023183868429
99,55,"I",6,3.57995283629085,4.57595389858169,"I",6,1.94213141879319,4.11103566211642,
99,56,"IV",6,2.11301500784272,4.56537244254004,"IV",7,2.78163869821038,4.10700177040934,
99,57,"V",7,3.34818973710521,4.37677663067273,"V",7,1.43789724012782,3.62355068606792,
99,58,"iii",7,5.29857090941136,4.51753200850957,"iii",6,6.02545096155817,3.0384614812738,
99,59,"III",4,3.60203718865402,4.68314990205289,"III",4,3.60203718865402,4.68314990205289,
,,,,,,,,,,
100,122,"IV",2,3.59887507545762,5.28761804073329,"IV",2,3.59887507545762,5.28761804073329,
100,123,"I",3,3.84949111133829,5.20793903162722,"I",3,3.84949111133829,5.20793903162722,
100,124,"I",4,1.99483709270112,4.72768982063413,"I",4,1.99483709270112,4.72768982063413,
100,125,"IV",5,4.07235191706607,4.98705045108181,"IV",5,4.07235191706607,4.98705045108181,
100,126,"I",5,3.60317907188898,4.95076570308948,"I",5,3.60317907188898,4.95076570308948,
100,127,"ii",6,4.50066563067664,4.74725450168768,"-VII",6,4.41736331228979,4.74725450168768,0.0833023183868429
100,128,"I",6,3.57995283629085,4.57595389858169,"I",6,1.94213141879319,4.11103566211642,
100,129,"IV",6,2.11301500784272,4.56537244254004,"IV",7,2.78163869821038,4.10700177040934,
100,130,"V",7,3.34818973710521,4.37677663067273,"V",7,1.43789724012782,3.62355068606792,
100,131,"iii",7,5.29857090941136,4.51753200850957,"iii",6,6.02545096155817,3.0384614812738,
100,132,"III",4,3.60203718865402,4.68314990205289,"III",4,3.60203718865402,4.68314990205289,
,,,,,,,,,,
101,15,"I",4,2.93255527704606,5.10841604082569,"I",4,2.93255527704606,5.10841604082569,
101,16,"I",5,1.56472087946623,4.40285982252584,"I",5,1.56472087946623,4.40285982252584,
101,17,"I",6,1.53464685037669,4.29148793563382,"I",6,1.53464685037669,4.29148793563382,
101,18,"II",7,5.85899406614398,4.3992753099091,"II",7,5.85899406614398,4.3992753099091,
101,19,"-III",6,7.03873054266362,4.11960086653536,"-III",6,7.03873054266362,4.11960086653536,
101,20,"-VII",2,5.40534041225592,5.18698494203302,"V",2,5.49058769887444,5.18698494203302,0.0852472866185119
101,21,"I",2,3.99298057622861,5.17618242582041,"I",2,3.57091237916377,5.10431570967515,
101,22,"V",3,3.80082194694669,5.13642189354138,"V",3,5.08823352194055,5.305963439942,
101,23,"I",4,4.71260639272897,4.80653829328966,"I",3,3.58804146182263,5.21866643402067,
101,24,"I",3,4.01917809110384,5.37305676642811,"I",4,3.76989611653004,5.28272239696874,
101,25,"I",4,3.37951829938183,5.09761671995303,"I",5,3.05201277522898,4.89434156175306,
,,,,,,,,,,
102,24,"I",3,4.01917809110384,5.37305676642811,"I",3,4.01917809110384,5.37305676642811,
102,25,"I",4,3.37951829938183,5.09761671995303,"I",4,3.37951829938183,5.09761671995303,
102,26,"I",5,2.50999298715165,4.79742784166919,"I",5,2.50999298715165,4.79742784166919,
102,27,"II",6,6.0491867268423,4.63470888975022,"II",6,6.0491867268423,4.63470888975022,
102,28,"-III",5,6.73832149853403,4.41950394498892,"-III",5,6.73832149853403,4.41950394498892,
102,29,"-VII",2,5.40534041225592,5.18698494203302,"V",2,5.49058769887444,5.18698494203302,0.0852472866185119
102,30,"I",2,3.99298057622861,5.17618242582041,"I",2,3.57091237916377,5.10431570967515,
102,31,"I",3,3.75663278031064,5.13642189354138,"I",3,3.59232781809727,5.305963439942,
102,32,"IV",4,3.59310165762943,5.10841604082569,"IV",4,4.61757289122878,5.1713291707301,
102,33,"IV",5,3.32184577390948,4.64508245094337,"IV",4,3.65785406012989,5.18331483954859,
102,34,"IV",5,3.11623576947176,4.83708760449309,"IV",5,3.70081616498839,5.03350872915383,
,,,,,,,,,,
103,88,"I",4,2.93255527704606,5.10841604082569,"I",4,2.93255527704606,5.10841604082569,
103,89,"I",5,1.56472087946623,4.40285982252584,"I",5,1.56472087946623,4.40285982252584,
103,90,"I",6,1.53464685037669,4.29148793563382,"I",6,1.53464685037669,4.29148793563382,
103,91,"II",7,5.85899406614398,4.3992753099091,"II",7,5.85899406614398,4.3992753099091,
103,92,"-III",6,7.03873054266362,4.11960086653536,"-III",6,7.03873054266362,4.11960086653536,
103,93,"-VII",2,5.40534041225592,5.18698494203302,"V",2,5.49058769887444,5.18698494203302,0.0852472866185119
103,94,"I",2,3.99298057622861,5.17618242582041,"I",2,3.57091237916377,5.10431570967515,
103,95,"I",3,3.75663278031064,5.13642189354138,"I",3,3.59232781809727,5.305963439942,
103,96,"I",4,2.93255527704606,5.10841604082569,"I",4,3.08940307881973,5.1713291707301,
103,97,"I",5,1.56472087946623,4.40285982252584,"I",5,3.45841339792628,4.77603243747782,
103,98,"I",6,1.53464685037669,4.29148793563382,"I",5,3.03378889904378,4.99347361630807,
,,,,,,,,,,
104,97,"I",5,1.56472087946623,4.40285982252584,"I",5,1.56472087946623,4.40285982252584,
104,98,"I",6,1.53464685037669,4.29148793563382,"I",6,1.53464685037669,4.29148793563382,
104,99,"I",7,1.59072057904941,4.3992753099091,"I",7,1.59072057904941,4.3992753099091,
104,100,"II",8,5.70098754375292,4.31691159945785,"II",8,5.70098754375292,4.31691159945785,
104,101,"-III",7,7.41809042914019,3.68546591808396,"-III",7,7.41809042914019,3.68546591808396,
104,102,"-VII",2,5.40534041225592,5.18698494203302,"V",2,5.49058769887444,5.18698494203302,0.0852472866185119
104,103,"I",2,3.99298057622861,5.17618242582041,"I",2,3.57091237916377,5.10431570967515,
104,104,"I",3,3.75663278031064,5.13642189354138,"I",3,3.59232781809727,5.305963439942,
104,105,"IV",4,3.59310165762943,5.10841604082569,"IV",4,4.61757289122878,5.1713291707301,
104,106,"IV",5,3.32184577390948,4.64508245094337,"IV",4,3.65785406012989,5.18331483954859,
104,107,"IV",5,3.11623576947176,4.83708760449309,"IV",5,3.70081616498839,5.03350872915383,
,,,,,,,,,,
105,184,"ii",5,4.08223251446269,4.4510782790422,"ii",5,4.08223251446269,4.4510782790422,
105,185,"IV",4,1.4349843257341,4.13359657028277,"IV",4,1.4349843257341,4.13359657028277,
105,186,"iii",5,4.94412297355377,4.30084875407149,"iii",5,4.94412297355377,4.30084875407149,
105,187,"ii",4,3.59395590102387,4.524165359594,"ii",4,3.59395590102387,4.524165359594,
105,188,"ii",4,3.95137711035045,4.2837869872175,"ii",4,3.95137711035045,4.2837869872175,
105,189,"ii",4,3.82577170343365,4.75176100660117,"-VII",4,3.91275753044966,4.75176100660117,0.0869858270160129
105,190,"IV",4,1.4349843257341,4.13359657028277,"IV",4,5.45226952097416,3.36626540248969,
105,191,"iii",5,4.94412297355377,4.30084875407149,"iii",3,5.26574093604301,5.04879979675743,
105,192,"ii",4,3.59395590102387,4.524165359594,"ii",3,2.96094261888463,4.94222942526232,
105,193,"ii",4,3.95137711035045,4.2837869872175,"ii",4,3.91197893134775,4.45136303465724,
105,194,"ii",4,3.82577170343365,4.75176100660117,"ii",4,3.82577170343365,4.75176100660117,
,,,,,,,,,,
106,189,"ii",4,3.82577170343365,4.75176100660117,"ii",4,3.82577170343365,4.75176100660117,
106,190,"IV",4,1.4349843257341,4.13359657028277,"IV",4,1.4349843257341,4.13359657028277,
106,191,"iii",5,4.94412297355377,4.30084875407149,"iii",5,4.94412297355377,4.30084875407149,
106,192,"ii",4,3.59395590102387,4.524165359594,"ii",4,3.59395590102387,4.524165359594,
106,193,"ii",4,3.95137711035045,4.2837869872175,"ii",4,3.95137711035045,4.2837869872175,
106,194,"ii",4,3.82577170343365,4.75176100660117,"-VII",4,3.91275753044966,4.75176100660117,0.0869858270160129
106,195,"I",4,4.80872459922655,4.13359657028277,"I",4,4.16825251140053,3.36626540248969,
106,196,"I",4,2.71767310070024,4.99891188473838,"I",4,4.74432057736701,4.47732216317414,
106,197,"IV",5,4.19424037295433,4.91372411764822,"IV",3,4.19014083133397,5.3386872428043,
106,198,"-III",5,4.77290234310408,4.87759851823559,"-III",4,4.45647180858229,5.06248863486461,
106,199,"-VII",5,4.44668171192788,3.93285990263289,"-VII",5,4.3448772632482,4.02122219105,
,,,,,,,,,,
107,43,"VI",8,5.38500462858787,3.92245316743905,"VI",8,5.38500462858787,3.92245316743905,
107,44,"ii",4,3.11969050179234,4.92269189962293,"ii",4,3.11969050179234,4.92269189962293,
107,45,"-VII",5,5.75462618588491,4.39057431452749,"-VII",5,5.75462618588491,4.39057431452749,
107,46,"VI",3,6.04913244373216,4.66690953425424,"VI",3,6.04913244373216,4.66690953425424,
107,47,"-VI",2,4.88260184833828,5.21642274242113,"-VI",2,4.88260184833828,5.21642274242113,
107,48,"IV",2,6.24514312537829,3.42419811060303,"-III",2,6.15363179228961,3.42419811060303,0.0915113330886825
107,49,"IV",2,3.59887507545762,5.28761804073329,"IV",2,4.23862570932732,5.28033227041135,
107,50,"I",3,3.84949111133829,5.20793903162722,"I",3,4.37867890289459,4.79254161236235,
107,51,"I",4,1.99483709270112,4.72768982063413,"I",3,3.47054534947262,5.25959615911804,
107,52,"IV",5,4.07235191706607,4.98705045108181,"IV",4,4.85686076803942,5.02019704344061,
107,53,"I",5,3.60317907188898,4.95076570308948,"I",4,3.78683820679255,5.19059581691705,
,,,,,,,,,,
108,116,"VI",8,5.38500462858787,3.92245316743905,"VI",8,5.38500462858787,3.92245316743905,
108,117,"ii",4,3.11969050179234,4.92269189962293,"ii",4,3.11969050179234,4.92269189962293,
108,118,"-VII",5,5.75462618588491,4.39057431452749,"-VII",5,5.75462618588491,4.39057431452749,
108,119,"VI",3,6.04913244373216,4.66690953425424,"VI",3,6.04913244373216,4.66690953425424,
108,120,"-VI",2,4.88260184833828,5.21642274242113,"-VI",2,4.88260184833828,5.21642274242113,
108,121,"IV",2,6.24514312537829,3.42419811060303,"-III",2,6.15363179228961,3.42419811060303,0.0915113330886825
108,122,"IV",2,3.59887507545762,5.28761804073329,"IV",2,4.23862570932732,5.28033227041135,
108,123,"I",3,3.84949111133829,5.20793903162722,"I",3,4.37867890289459,4.79254161236235,
108,124,"I",4,1.99483709270112,4.72768982063413,"I",3,3.47054534947262,5.25959615911804,
108,125,"IV",5,4.07235191706607,4.98705045108181,"IV",4,4.85686076803942,5.02019704344061,
108,126,"I",5,3.60317907188898,4.95076570308948,"I",4,3.78683820679255,5.19059581691705,
,,,,,,,,,,
109,45,"-VII",5,5.75462618588491,4.39057431452749,"-VII",5,5.75462618588491,4.39057431452749,
109,46,"VI",3,6.04913244373216,4.66690953425424,"VI",3,6.04913244373216,4.66690953425424,
109,47,"-VI",2,4.88260184833828,5.21642274242113,"-VI",2,4.88260184833828,5.21642274242113,
109,48,"IV",2,6.24514312537829,3.42419811060303,"IV",2,6.24514312537829,3.42419811060303,
109,49,"IV",2,3.59887507545762,5.28761804073329,"IV",2,3.59887507545762,5.28761804073329,
109,50,"I",3,3.84949111133829,5.20793903162722,"V",3,3.94151242468663,5.20793903162722,0.0920213133483458
109,51,"I",4,1.99483709270112,4.72768982063413,"I",4,2.02942856899638,4.71258547437092,
109,52,"IV",5,4.07235191706607,4.98705045108181,"IV",5,4.21983158224885,4.96957856103179,
109,53,"I",5,3.60317907188898,4.95076570308948,"I",5,2.97621477480069,4.5439587498625,
109,54,"ii",6,4.50066563067664,4.74725450168768,"ii",6,4.90981604931836,4.74208922052604,
109,55,"I",6,3.57995283629085,4.57595389858169,"I",6,3.12168478830534,4.84132063796053,
,,,,,,,,,,
110,118,"-VII",5,5.75462618588491,4.39057431452749,"-VII",5,5.75462618588491,4.39057431452749,
110,119,"VI",3,6.04913244373216,4.66690953425424,"VI",3,6.04913244373216,4.66690953425424,
110,120,"-VI",2,4.88260184833828,5.21642274242113,"-VI",2,4.88260184833828,5.21642274242113,
110,121,"IV",2,6.24514312537829,3.42419811060303,"IV",2,6.24514312537829,3.42419811060303,
110,122,"IV",2,3.59887507545762,5.28761804073329,"IV",2,3.59887507545762,5.28761804073329,
110,123,"I",3,3.84949111133829,5.20793903162722,"V",3,3.94151242468663,5.20793903162722,0.0920213133483458
110,124,"I",4,1.99483709270112,4.72768982063413,"I",4,2.02942856899638,4.71258547437092,
110,125,"IV",5,4.07235191706607,4.98705045108181,"IV",5,4.21983158224885,4.96957856103179,
110,126,"I",5,3.60317907188898,4.95076570308948,"I",5,2.97621477480069,4.5439587498625,
110,127,"ii",6,4.50066563067664,4.74725450168768,"ii",6,4.90981604931836,4.74208922052604,
110,128,"I",6,3.57995283629085,4.57595389858169,"I",6,3.12168478830534,4.84132063796053,
,,,,,,,,,,
111,42,"-VII",10,4.14496935464419,4.4268346489115,"-VII",10,4.14496935464419,4.4268346489115,
111,43,"VI",8,5.38500462858787,3.92245316743905,"VI",8,5.38500462858787,3.92245316743905,
111,44,"ii",4,3.11969050179234,4.92269189962293,"ii",4,3.11969050179234,4.92269189962293,
111,45,"-VII",5,5.75462618588491,4.39057431452749,"-VII",5,5.75462618588491,4.39057431452749,
111,46,"VI",3,6.04913244373216,4.66690953425424,"VI",3,6.04913244373216,4.66690953425424,
111,47,"-VI",2,4.88260184833828,5.21642274242113,"vi",2,4.78679826391625,5.21642274242113,0.0958035844220326
111,48,"IV",2,6.24514312537829,3.42419811060303,"IV",3,5.66386930697231,4.67174391784217,
111,49,"IV",2,3.59887507545762,5.28761804073329,"IV",2,4.22965482729518,5.33864151539906,
111,50,"I",3,3.84949111133829,5.20793903162722,"I",3,3.83110805554953,5.20107572943696,
111,51,"I",4,1.99483709270112,4.72768982063413,"I",4,2.67527381758537,4.92968098772773,
111,52,"IV",5,4.07235191706607,4.98705045108181,"IV",5,3.33213586498923,5.04200238085742,
,,,,,,,,,,
112,115,"-VII",10,4.14496935464419,4.4268346489115,"-VII",10,4.14496935464419,4.4268346489115,
112,116,"VI",8,5.38500462858787,3.92245316743905,"VI",8,5.38500462858787,3.92245316743905,
112,117,"ii",4,3.11969050179234,4.92269189962293,"ii",4,3.11969050179234,4.92269189962293,
112,118,"-VII",5,5.75462618588491,4.39057431452749,"-VII",5,5.75462618588491,4.39057431452749,
112,119,"VI",3,6.04913244373216,4.66690953425424,"VI",3,6.04913244373216,4.66690953425424,
112,120,"-VI",2,4.88260184833828,5.21642274242113,"vi",2,4.78679826391625,5.21642274242113,0.0958035844220326
112,121,"IV",2,6.24514312537829,3.42419811060303,"IV",3,5.66386930697231,4.67174391784217,
112,122,"IV",2,3.59887507545762,5.28761804073329,"IV",2,4.22965482729518,5.33864151539906,
112,123,"I",3,3.84949111133829,5.20793903162722,"I",3,3.83110805554953,5.20107572943696,
112,124,"I",4,1.99483709270112,4.72768982063413,"I",4,2.67527381758537,4.92968098772773,
112,125,"IV",5,4.07235191706607,4.98705045108181,"IV",5,3.33213586498923,5.04200238085742,
,,,,,,,,,,
