"Comparison","Row","Orig_Symbol","Orig_Order","Orig_IC","Orig_Entropy","Swap_Symbol","Swap_Order","Swap_IC","Swap_Entropy","Distance"
1,90,"iv",4,5.72959078405229,3.92183301995471,"iv",4,5.72959078405229,3.92183301995471,
1,91,"i",3,3.07642984973929,4.99113985185316,"i",3,3.07642984973929,4.99113985185316,
1,92,"II",4,7.14643735129163,4.32471828102778,"II",4,7.14643735129163,4.32471828102778,
1,93,"V",2,2.82957323679038,5.11153237032286,"V",2,2.82957323679038,5.11153237032286,
1,94,"I",3,2.81107720338561,5.02039127735396,"I",3,2.81107720338561,5.02039127735396,
1,95,"-II",4,6.34837356686697,5.13662678199089,"io",4,6.35504022981559,5.13662678199089,0.00666666294862761
1,96,"-III",3,5.98659308173626,4.68778957886446,"-III",3,6.9718309147805,4.09679425092747,
1,97,"iv",2,5.53618289814147,5.27374130734101,"iv",1,5.2892934892316,5.45525046442142,
1,98,"v",2,5.38871854606945,5.27519358915011,"v",2,5.38871854606945,5.27519358915011,
1,99,"-VI",2,4.17354461841996,5.18047862058646,"-VI",2,4.17354461841996,5.18047862058646,
1,100,"-VII",3,2.82995612083336,4.99017791724168,"-VII",3,2.82995612083336,4.99017791724168,
,,,,,,,,,,
2,217,"iv",4,5.72959078405229,3.92183301995471,"iv",4,5.72959078405229,3.92183301995471,
2,218,"i",3,3.07642984973929,4.99113985185316,"i",3,3.07642984973929,4.99113985185316,
2,219,"II",4,7.14643735129163,4.32471828102778,"II",4,7.14643735129163,4.32471828102778,
2,220,"V",2,2.82957323679038,5.11153237032286,"V",2,2.82957323679038,5.11153237032286,
2,221,"I",3,2.81107720338561,5.02039127735396,"I",3,2.81107720338561,5.02039127735396,
2,222,"-II",4,6.34837356686697,5.13662678199089,"io",4,6.35504022981559,5.13662678199089,0.00666666294862761
2,223,"-III",3,5.98659308173626,4.68778957886446,"-III",3,6.9718309147805,4.09679425092747,
2,224,"iv",2,5.53618289814147,5.27374130734101,"iv",1,5.2892934892316,5.45525046442142,
2,225,"v",2,5.38871854606945,5.27519358915011,"v",2,5.38871854606945,5.27519358915011,
2,226,"-VI",2,4.17354461841996,5.18047862058646,"-VI",2,4.17354461841996,5.18047862058646,
2,227,"-VII",3,2.82995612083336,4.99017791724168,"-VII",3,2.82995612083336,4.99017791724168,
,,,,,,,,,,
3,96,"-III",3,5.98659308173626,4.68778957886446,"-III",3,5.98659308173626,4.68778957886446,
3,97,"iv",2,5.53618289814147,5.27374130734101,"iv",2,5.53618289814147,5.27374130734101,
3,98,"v",2,5.38871854606945,5.27519358915011,"v",2,5.38871854606945,5.27519358915011,
3,99,"-VI",2,4.17354461841996,5.18047862058646,"-VI",2,4.17354461841996,5.18047862058646,
3,100,"-VII",3,2.82995612083336,4.99017791724168,"-VII",3,2.82995612083336,4.99017791724168,
3,101,"I",4,3.41106504221493,4.23680940280804,"-VII",4,3.41937200668499,4.23680940280804,0.0083069644700573
3,102,"I",4,3.90552078118793,4.73188272681839,"I",5,1.88415039639366,4.45089606291829,
3,103,"i",4,5.03718376191236,5.22982266041891,"i",5,7.34695120700937,2.82103986241656,
3,104,"i",4,1.36291170400996,4.12687804726425,"i",3,4.34628532816454,4.89326307134649,
3,105,"V",5,5.80234133294087,4.23572288364235,"V",3,5.21321108299647,5.17112637635525,
3,106,"-VI",3,6.49443542269577,4.45310309186184,"-VI",3,6.49443542269577,4.45310309186184,
,,,,,,,,,,
4,223,"-III",3,5.98659308173626,4.68778957886446,"-III",3,5.98659308173626,4.68778957886446,
4,224,"iv",2,5.53618289814147,5.27374130734101,"iv",2,5.53618289814147,5.27374130734101,
4,225,"v",2,5.38871854606945,5.27519358915011,"v",2,5.38871854606945,5.27519358915011,
4,226,"-VI",2,4.17354461841996,5.18047862058646,"-VI",2,4.17354461841996,5.18047862058646,
4,227,"-VII",3,2.82995612083336,4.99017791724168,"-VII",3,2.82995612083336,4.99017791724168,
4,228,"I",4,3.41106504221493,4.23680940280804,"-VII",4,3.41937200668499,4.23680940280804,0.0083069644700573
4,229,"I",4,3.90552078118793,4.73188272681839,"I",5,1.88415039639366,4.45089606291829,
4,230,"i",4,5.03718376191236,5.22982266041891,"i",5,7.34695120700937,2.82103986241656,
4,231,"i",4,1.36291170400996,4.12687804726425,"i",3,4.34628532816454,4.89326307134649,
4,232,"V",5,5.80234133294087,4.23572288364235,"V",3,5.21321108299647,5.17112637635525,
4,233,"-VI",3,6.49443542269577,4.45310309186184,"-VI",3,6.49443542269577,4.45310309186184,
,,,,,,,,,,
5,65,"V",3,2.69271674935022,4.62338129754034,"V",3,2.69271674935022,4.62338129754034,
5,66,"i",4,5.95928547644459,4.42325777984178,"i",4,5.95928547644459,4.42325777984178,
5,67,"-III",3,5.11167207931877,4.99387019431662,"-III",3,5.11167207931877,4.99387019431662,
5,68,"IV",3,2.56923925731804,4.88520289799751,"IV",3,2.56923925731804,4.88520289799751,
5,69,"IV",4,5.29325152827515,3.7635212379849,"IV",4,5.29325152827515,3.7635212379849,
5,70,"iv",3,5.21842943257505,5.19334545229863,"iii",3,5.2270414203207,5.19334545229863,0.00861198774564986
5,71,"-VI",3,5.45198392391252,5.25181979768232,"-VI",3,6.87442295201713,5.04028709811159,
5,72,"-VII",3,2.03420730540576,4.79536691724101,"-VII",1,4.90678159367874,5.4445475764453,
5,73,"-VII",4,4.38425159960647,4.47240966247851,"-VII",2,4.09128404994532,5.00427980446041,
5,74,"v",4,5.23026207875861,4.90063781709946,"v",3,5.02315594924845,5.12097344995579,
5,75,"r",4,3.57907221578361,4.58421266251642,"r",4,3.57907221578361,4.58421266251642,
,,,,,,,,,,
6,134,"V",3,2.69271674935022,4.62338129754034,"V",3,2.69271674935022,4.62338129754034,
6,135,"i",4,5.95928547644459,4.42325777984178,"i",4,5.95928547644459,4.42325777984178,
6,136,"-III",3,5.11167207931877,4.99387019431662,"-III",3,5.11167207931877,4.99387019431662,
6,137,"IV",3,2.56923925731804,4.88520289799751,"IV",3,2.56923925731804,4.88520289799751,
6,138,"IV",4,5.29325152827515,3.7635212379849,"IV",4,5.29325152827515,3.7635212379849,
6,139,"iv",3,5.21842943257505,5.19334545229863,"iii",3,5.2270414203207,5.19334545229863,0.00861198774564986
6,140,"-VI",3,5.45198392391252,5.25181979768232,"-VI",3,6.87442295201713,5.04028709811159,
6,141,"-VII",3,2.03420730540576,4.79536691724101,"-VII",1,4.90678159367874,5.4445475764453,
6,142,"-VII",4,4.38425159960647,4.47240966247851,"-VII",2,4.09128404994532,5.00427980446041,
6,143,"v",4,5.23026207875861,4.90063781709946,"v",3,5.02315594924845,5.12097344995579,
6,144,"r",4,3.57907221578361,4.58421266251642,"r",4,3.57907221578361,4.58421266251642,
,,,,,,,,,,
7,192,"V",3,2.69271674935022,4.62338129754034,"V",3,2.69271674935022,4.62338129754034,
7,193,"i",4,5.95928547644459,4.42325777984178,"i",4,5.95928547644459,4.42325777984178,
7,194,"-III",3,5.11167207931877,4.99387019431662,"-III",3,5.11167207931877,4.99387019431662,
7,195,"IV",3,2.56923925731804,4.88520289799751,"IV",3,2.56923925731804,4.88520289799751,
7,196,"IV",4,5.29325152827515,3.7635212379849,"IV",4,5.29325152827515,3.7635212379849,
7,197,"iv",3,5.21842943257505,5.19334545229863,"iii",3,5.2270414203207,5.19334545229863,0.00861198774564986
7,198,"-VI",3,5.45198392391252,5.25181979768232,"-VI",3,6.87442295201713,5.04028709811159,
7,199,"-VII",3,2.03420730540576,4.79536691724101,"-VII",1,4.90678159367874,5.4445475764453,
7,200,"-VII",4,4.38425159960647,4.47240966247851,"-VII",2,4.09128404994532,5.00427980446041,
7,201,"v",4,5.23026207875861,4.90063781709946,"v",3,5.02315594924845,5.12097344995579,
7,202,"r",4,3.57907221578361,4.58421266251642,"r",4,3.57907221578361,4.58421266251642,
,,,,,,,,,,
8,261,"V",3,2.69271674935022,4.62338129754034,"V",3,2.69271674935022,4.62338129754034,
8,262,"i",4,5.95928547644459,4.42325777984178,"i",4,5.95928547644459,4.42325777984178,
8,263,"-III",3,5.11167207931877,4.99387019431662,"-III",3,5.11167207931877,4.99387019431662,
8,264,"IV",3,2.56923925731804,4.88520289799751,"IV",3,2.56923925731804,4.88520289799751,
8,265,"IV",4,5.29325152827515,3.7635212379849,"IV",4,5.29325152827515,3.7635212379849,
8,266,"iv",3,5.21842943257505,5.19334545229863,"iii",3,5.2270414203207,5.19334545229863,0.00861198774564986
8,267,"-VI",3,5.45198392391252,5.25181979768232,"-VI",3,6.87442295201713,5.04028709811159,
8,268,"-VII",3,2.03420730540576,4.79536691724101,"-VII",1,4.90678159367874,5.4445475764453,
8,269,"-VII",4,4.38425159960647,4.47240966247851,"-VII",2,4.09128404994532,5.00427980446041,
8,270,"v",4,5.23026207875861,4.90063781709946,"v",3,5.02315594924845,5.12097344995579,
8,271,"r",4,3.57907221578361,4.58421266251642,"r",4,3.57907221578361,4.58421266251642,
,,,,,,,,,,
9,94,"I",3,2.81107720338561,5.02039127735396,"I",3,2.81107720338561,5.02039127735396,
9,95,"-II",4,6.34837356686697,5.13662678199089,"-II",4,6.34837356686697,5.13662678199089,
9,96,"-III",3,5.98659308173626,4.68778957886446,"-III",3,5.98659308173626,4.68778957886446,
9,97,"iv",2,5.53618289814147,5.27374130734101,"iv",2,5.53618289814147,5.27374130734101,
9,98,"v",2,5.38871854606945,5.27519358915011,"v",2,5.38871854606945,5.27519358915011,
9,99,"-VI",2,4.17354461841996,5.18047862058646,"V",2,4.16276823850028,5.18047862058646,0.0107763799196867
9,100,"-VII",3,2.82995612083336,4.99017791724168,"-VII",3,6.39879175794585,4.85624134018884,
9,101,"I",4,3.41106504221493,4.23680940280804,"I",2,3.87929244536651,5.26998561154989,
9,102,"I",4,3.90552078118793,4.73188272681839,"I",3,3.39056721310985,5.15747043969955,
9,103,"i",4,5.03718376191236,5.22982266041891,"i",4,5.61045268533852,5.17922483658926,
9,104,"i",4,1.36291170400996,4.12687804726425,"i",4,1.81752176357045,4.567128345186,
,,,,,,,,,,
10,221,"I",3,2.81107720338561,5.02039127735396,"I",3,2.81107720338561,5.02039127735396,
10,222,"-II",4,6.34837356686697,5.13662678199089,"-II",4,6.34837356686697,5.13662678199089,
10,223,"-III",3,5.98659308173626,4.68778957886446,"-III",3,5.98659308173626,4.68778957886446,
10,224,"iv",2,5.53618289814147,5.27374130734101,"iv",2,5.53618289814147,5.27374130734101,
10,225,"v",2,5.38871854606945,5.27519358915011,"v",2,5.38871854606945,5.27519358915011,
10,226,"-VI",2,4.17354461841996,5.18047862058646,"V",2,4.16276823850028,5.18047862058646,0.0107763799196867
10,227,"-VII",3,2.82995612083336,4.99017791724168,"-VII",3,6.39879175794585,4.85624134018884,
10,228,"I",4,3.41106504221493,4.23680940280804,"I",2,3.87929244536651,5.26998561154989,
10,229,"I",4,3.90552078118793,4.73188272681839,"I",3,3.39056721310985,5.15747043969955,
10,230,"i",4,5.03718376191236,5.22982266041891,"i",4,5.61045268533852,5.17922483658926,
10,231,"i",4,1.36291170400996,4.12687804726425,"i",4,1.81752176357045,4.567128345186,
,,,,,,,,,,
11,17,"V",3,2.69271674935022,4.62338129754034,"V",3,2.69271674935022,4.62338129754034,
11,18,"i",4,5.95928547644459,4.42325777984178,"i",4,5.95928547644459,4.42325777984178,
11,19,"i",3,4.21556632988782,4.99387019431662,"i",3,4.21556632988782,4.99387019431662,
11,20,"V",3,5.04833217239508,5.07291631817395,"V",3,5.04833217239508,5.07291631817395,
11,21,"-VI",4,6.8742848016669,3.84050284797238,"-VI",4,6.8742848016669,3.84050284797238,
11,22,"-III",2,4.71464187100915,5.21162860137978,"v",2,4.72890170985419,5.21162860137978,0.0142598388450406
11,23,"-III",3,2.85303142878154,4.97597381919691,"-III",3,4.99042365197328,4.76207579535824,
11,24,"-II",4,5.93511024212928,4.87200415131871,"-II",3,6.62408208329392,4.15035453900112,
11,25,"i",3,4.71517207412311,4.55158337806905,"i",2,4.25199825895147,5.34725371693309,
11,26,"i",3,4.06064926986031,4.66493896754154,"i",3,4.06064926986031,4.66493896754154,
11,27,"i",3,2.6664380115168,4.98177063680238,"i",3,2.6664380115168,4.98177063680238,
,,,,,,,,,,
12,33,"V",3,2.69271674935022,4.62338129754034,"V",3,2.69271674935022,4.62338129754034,
12,34,"i",4,5.95928547644459,4.42325777984178,"i",4,5.95928547644459,4.42325777984178,
12,35,"i",3,4.21556632988782,4.99387019431662,"i",3,4.21556632988782,4.99387019431662,
12,36,"V",3,5.04833217239508,5.07291631817395,"V",3,5.04833217239508,5.07291631817395,
12,37,"-VI",4,6.8742848016669,3.84050284797238,"-VI",4,6.8742848016669,3.84050284797238,
12,38,"-III",2,4.71464187100915,5.21162860137978,"v",2,4.72890170985419,5.21162860137978,0.0142598388450406
12,39,"-III",3,2.85303142878154,4.97597381919691,"-III",3,4.99042365197328,4.76207579535824,
12,40,"-II",4,5.93511024212928,4.87200415131871,"-II",3,6.62408208329392,4.15035453900112,
12,41,"i",3,4.71517207412311,4.55158337806905,"i",2,4.25199825895147,5.34725371693309,
12,42,"i",3,4.06064926986031,4.66493896754154,"i",3,4.06064926986031,4.66493896754154,
12,43,"i",3,2.6664380115168,4.98177063680238,"i",3,2.6664380115168,4.98177063680238,
,,,,,,,,,,
13,49,"V",3,2.69271674935022,4.62338129754034,"V",3,2.69271674935022,4.62338129754034,
13,50,"i",4,5.95928547644459,4.42325777984178,"i",4,5.95928547644459,4.42325777984178,
13,51,"i",3,4.21556632988782,4.99387019431662,"i",3,4.21556632988782,4.99387019431662,
13,52,"V",3,5.04833217239508,5.07291631817395,"V",3,5.04833217239508,5.07291631817395,
13,53,"-VI",4,6.8742848016669,3.84050284797238,"-VI",4,6.8742848016669,3.84050284797238,
13,54,"-III",2,4.71464187100915,5.21162860137978,"v",2,4.72890170985419,5.21162860137978,0.0142598388450406
13,55,"-III",3,2.85303142878154,4.97597381919691,"-III",3,4.99042365197328,4.76207579535824,
13,56,"-II",4,5.93511024212928,4.87200415131871,"-II",3,6.62408208329392,4.15035453900112,
13,57,"i",3,4.71517207412311,4.55158337806905,"i",2,4.25199825895147,5.34725371693309,
13,58,"i",3,4.06064926986031,4.66493896754154,"i",3,4.06064926986031,4.66493896754154,
13,59,"i",3,2.6664380115168,4.98177063680238,"i",3,2.6664380115168,4.98177063680238,
,,,,,,,,,,
14,102,"I",4,3.90552078118793,4.73188272681839,"I",4,3.90552078118793,4.73188272681839,
14,103,"i",4,5.03718376191236,5.22982266041891,"i",4,5.03718376191236,5.22982266041891,
14,104,"i",4,1.36291170400996,4.12687804726425,"i",4,1.36291170400996,4.12687804726425,
14,105,"V",5,5.80234133294087,4.23572288364235,"V",5,5.80234133294087,4.23572288364235,
14,106,"-VI",3,6.49443542269577,4.45310309186184,"-VI",3,6.49443542269577,4.45310309186184,
14,107,"-III",2,4.71464187100915,5.21162860137978,"v",2,4.72890170985419,5.21162860137978,0.0142598388450406
14,108,"-III",3,2.85303142878154,4.97597381919691,"-III",3,4.99042365197328,4.76207579535824,
14,109,"-II",4,5.93511024212928,4.87200415131871,"-II",3,6.62408208329392,4.15035453900112,
14,110,"i",3,4.71517207412311,4.55158337806905,"i",2,4.25199825895147,5.34725371693309,
14,111,"i",3,4.06064926986031,4.66493896754154,"i",3,4.06064926986031,4.66493896754154,
14,112,"i",3,2.6664380115168,4.98177063680238,"i",3,2.6664380115168,4.98177063680238,
,,,,,,,,,,
15,118,"V",3,2.69271674935022,4.62338129754034,"V",3,2.69271674935022,4.62338129754034,
15,119,"i",4,5.95928547644459,4.42325777984178,"i",4,5.95928547644459,4.42325777984178,
15,120,"i",3,4.21556632988782,4.99387019431662,"i",3,4.21556632988782,4.99387019431662,
15,121,"V",3,5.04833217239508,5.07291631817395,"V",3,5.04833217239508,5.07291631817395,
15,122,"-VI",4,6.8742848016669,3.84050284797238,"-VI",4,6.8742848016669,3.84050284797238,
15,123,"-III",2,4.71464187100915,5.21162860137978,"v",2,4.72890170985419,5.21162860137978,0.0142598388450406
15,124,"-III",3,2.85303142878154,4.97597381919691,"-III",3,4.99042365197328,4.76207579535824,
15,125,"-II",4,5.93511024212928,4.87200415131871,"-II",3,6.62408208329392,4.15035453900112,
15,126,"i",3,4.71517207412311,4.55158337806905,"i",2,4.25199825895147,5.34725371693309,
15,127,"i",3,4.06064926986031,4.66493896754154,"i",3,4.06064926986031,4.66493896754154,
15,128,"i",3,2.6664380115168,4.98177063680238,"i",3,2.6664380115168,4.98177063680238,
,,,,,,,,,,
16,160,"r",10,0.916055715790007,2.67505415932219,"r",10,0.916055715790007,2.67505415932219,
16,161,"i",10,4.10803806686873,2.67505415932219,"i",10,4.10803806686873,2.67505415932219,
16,162,"i",9,0.826044568706881,2.96475914145408,"i",9,0.826044568706881,2.96475914145408,
16,163,"V",10,6.03833796434557,3.40282469649696,"V",10,6.03833796434557,3.40282469649696,
16,164,"-VI",4,6.74327837667736,4.09527043450209,"-VI",4,6.74327837667736,4.09527043450209,
16,165,"-III",2,4.71464187100915,5.21162860137978,"v",2,4.72890170985419,5.21162860137978,0.0142598388450406
16,166,"-III",3,2.85303142878154,4.97597381919691,"-III",3,4.99042365197328,4.76207579535824,
16,167,"-II",4,5.93511024212928,4.87200415131871,"-II",3,6.62408208329392,4.15035453900112,
16,168,"i",3,4.71517207412311,4.55158337806905,"i",2,4.25199825895147,5.34725371693309,
16,169,"i",3,4.06064926986031,4.66493896754154,"i",3,4.06064926986031,4.66493896754154,
16,170,"i",3,2.6664380115168,4.98177063680238,"i",3,2.6664380115168,4.98177063680238,
,,,,,,,,,,
17,176,"V",3,2.69271674935022,4.62338129754034,"V",3,2.69271674935022,4.62338129754034,
17,177,"i",4,5.95928547644459,4.42325777984178,"i",4,5.95928547644459,4.42325777984178,
17,178,"i",3,4.21556632988782,4.99387019431662,"i",3,4.21556632988782,4.99387019431662,
17,179,"V",3,5.04833217239508,5.07291631817395,"V",3,5.04833217239508,5.07291631817395,
17,180,"-VI",4,6.8742848016669,3.84050284797238,"-VI",4,6.8742848016669,3.84050284797238,
17,181,"-III",2,4.71464187100915,5.21162860137978,"v",2,4.72890170985419,5.21162860137978,0.0142598388450406
17,182,"-III",3,2.85303142878154,4.97597381919691,"-III",3,4.99042365197328,4.76207579535824,
17,183,"-II",4,5.93511024212928,4.87200415131871,"-II",3,6.62408208329392,4.15035453900112,
17,184,"i",3,4.71517207412311,4.55158337806905,"i",2,4.25199825895147,5.34725371693309,
17,185,"i",3,4.06064926986031,4.66493896754154,"i",3,4.06064926986031,4.66493896754154,
17,186,"i",3,2.6664380115168,4.98177063680238,"i",3,2.6664380115168,4.98177063680238,
,,,,,,,,,,
18,229,"I",4,3.90552078118793,4.73188272681839,"I",4,3.90552078118793,4.73188272681839,
18,230,"i",4,5.03718376191236,5.22982266041891,"i",4,5.03718376191236,5.22982266041891,
18,231,"i",4,1.36291170400996,4.12687804726425,"i",4,1.36291170400996,4.12687804726425,
18,232,"V",5,5.80234133294087,4.23572288364235,"V",5,5.80234133294087,4.23572288364235,
18,233,"-VI",3,6.49443542269577,4.45310309186184,"-VI",3,6.49443542269577,4.45310309186184,
18,234,"-III",2,4.71464187100915,5.21162860137978,"v",2,4.72890170985419,5.21162860137978,0.0142598388450406
18,235,"-III",3,2.85303142878154,4.97597381919691,"-III",3,4.99042365197328,4.76207579535824,
18,236,"-II",4,5.93511024212928,4.87200415131871,"-II",3,6.62408208329392,4.15035453900112,
18,237,"i",3,4.71517207412311,4.55158337806905,"i",2,4.25199825895147,5.34725371693309,
18,238,"i",3,4.06064926986031,4.66493896754154,"i",3,4.06064926986031,4.66493896754154,
18,239,"i",3,2.6664380115168,4.98177063680238,"i",3,2.6664380115168,4.98177063680238,
,,,,,,,,,,
19,245,"V",3,2.69271674935022,4.62338129754034,"V",3,2.69271674935022,4.62338129754034,
19,246,"i",4,5.95928547644459,4.42325777984178,"i",4,5.95928547644459,4.42325777984178,
19,247,"i",3,4.21556632988782,4.99387019431662,"i",3,4.21556632988782,4.99387019431662,
19,248,"V",3,5.04833217239508,5.07291631817395,"V",3,5.04833217239508,5.07291631817395,
19,249,"-VI",4,6.8742848016669,3.84050284797238,"-VI",4,6.8742848016669,3.84050284797238,
19,250,"-III",2,4.71464187100915,5.21162860137978,"v",2,4.72890170985419,5.21162860137978,0.0142598388450406
19,251,"-III",3,2.85303142878154,4.97597381919691,"-III",3,4.99042365197328,4.76207579535824,
19,252,"-II",4,5.93511024212928,4.87200415131871,"-II",3,6.62408208329392,4.15035453900112,
19,253,"i",3,4.71517207412311,4.55158337806905,"i",2,4.25199825895147,5.34725371693309,
19,254,"i",3,4.06064926986031,4.66493896754154,"i",3,4.06064926986031,4.66493896754154,
19,255,"i",3,2.6664380115168,4.98177063680238,"i",3,2.6664380115168,4.98177063680238,
,,,,,,,,,,
20,66,"i",4,5.95928547644459,4.42325777984178,"i",4,5.95928547644459,4.42325777984178,
20,67,"-III",3,5.11167207931877,4.99387019431662,"-III",3,5.11167207931877,4.99387019431662,
20,68,"IV",3,2.56923925731804,4.88520289799751,"IV",3,2.56923925731804,4.88520289799751,
20,69,"IV",4,5.29325152827515,3.7635212379849,"IV",4,5.29325152827515,3.7635212379849,
20,70,"iv",3,5.21842943257505,5.19334545229863,"iv",3,5.21842943257505,5.19334545229863,
20,71,"-VI",3,5.45198392391252,5.25181979768232,"IV",3,5.43142027540999,5.25181979768232,0.0205636485025291
20,72,"-VII",3,2.03420730540576,4.79536691724101,"-VII",3,3.13428031486051,5.00234958299513,
20,73,"-VII",4,4.38425159960647,4.47240966247851,"-VII",4,3.66656028749626,4.74012042684924,
20,74,"v",4,5.23026207875861,4.90063781709946,"v",4,5.53716064916484,4.9998574120922,
20,75,"r",4,3.57907221578361,4.58421266251642,"r",3,3.26673460192077,5.07285615039483,
20,76,"r",2,1.05755890246442,3.05878835887593,"r",2,1.05755890246442,3.05878835887593,
,,,,,,,,,,
21,135,"i",4,5.95928547644459,4.42325777984178,"i",4,5.95928547644459,4.42325777984178,
21,136,"-III",3,5.11167207931877,4.99387019431662,"-III",3,5.11167207931877,4.99387019431662,
21,137,"IV",3,2.56923925731804,4.88520289799751,"IV",3,2.56923925731804,4.88520289799751,
21,138,"IV",4,5.29325152827515,3.7635212379849,"IV",4,5.29325152827515,3.7635212379849,
21,139,"iv",3,5.21842943257505,5.19334545229863,"iv",3,5.21842943257505,5.19334545229863,
21,140,"-VI",3,5.45198392391252,5.25181979768232,"IV",3,5.43142027540999,5.25181979768232,0.0205636485025291
21,141,"-VII",3,2.03420730540576,4.79536691724101,"-VII",3,3.13428031486051,5.00234958299513,
21,142,"-VII",4,4.38425159960647,4.47240966247851,"-VII",4,3.66656028749626,4.74012042684924,
21,143,"v",4,5.23026207875861,4.90063781709946,"v",4,5.53716064916484,4.9998574120922,
21,144,"r",4,3.57907221578361,4.58421266251642,"r",3,3.26673460192077,5.07285615039483,
21,145,"r",2,1.05755890246442,3.05878835887593,"r",2,1.05755890246442,3.05878835887593,
,,,,,,,,,,
22,193,"i",4,5.95928547644459,4.42325777984178,"i",4,5.95928547644459,4.42325777984178,
22,194,"-III",3,5.11167207931877,4.99387019431662,"-III",3,5.11167207931877,4.99387019431662,
22,195,"IV",3,2.56923925731804,4.88520289799751,"IV",3,2.56923925731804,4.88520289799751,
22,196,"IV",4,5.29325152827515,3.7635212379849,"IV",4,5.29325152827515,3.7635212379849,
22,197,"iv",3,5.21842943257505,5.19334545229863,"iv",3,5.21842943257505,5.19334545229863,
22,198,"-VI",3,5.45198392391252,5.25181979768232,"IV",3,5.43142027540999,5.25181979768232,0.0205636485025291
22,199,"-VII",3,2.03420730540576,4.79536691724101,"-VII",3,3.13428031486051,5.00234958299513,
22,200,"-VII",4,4.38425159960647,4.47240966247851,"-VII",4,3.66656028749626,4.74012042684924,
22,201,"v",4,5.23026207875861,4.90063781709946,"v",4,5.53716064916484,4.9998574120922,
22,202,"r",4,3.57907221578361,4.58421266251642,"r",3,3.26673460192077,5.07285615039483,
22,203,"r",2,1.05755890246442,3.05878835887593,"r",2,1.05755890246442,3.05878835887593,
,,,,,,,,,,
23,262,"i",4,5.95928547644459,4.42325777984178,"i",4,5.95928547644459,4.42325777984178,
23,263,"-III",3,5.11167207931877,4.99387019431662,"-III",3,5.11167207931877,4.99387019431662,
23,264,"IV",3,2.56923925731804,4.88520289799751,"IV",3,2.56923925731804,4.88520289799751,
23,265,"IV",4,5.29325152827515,3.7635212379849,"IV",4,5.29325152827515,3.7635212379849,
23,266,"iv",3,5.21842943257505,5.19334545229863,"iv",3,5.21842943257505,5.19334545229863,
23,267,"-VI",3,5.45198392391252,5.25181979768232,"IV",3,5.43142027540999,5.25181979768232,0.0205636485025291
23,268,"-VII",3,2.03420730540576,4.79536691724101,"-VII",3,3.13428031486051,5.00234958299513,
23,269,"-VII",4,4.38425159960647,4.47240966247851,"-VII",4,3.66656028749626,4.74012042684924,
23,270,"v",4,5.23026207875861,4.90063781709946,"v",4,5.53716064916484,4.9998574120922,
23,271,"r",4,3.57907221578361,4.58421266251642,"r",3,3.26673460192077,5.07285615039483,
23,272,"r",2,1.05755890246442,3.05878835887593,"r",2,1.05755890246442,3.05878835887593,
,,,,,,,,,,
24,13,"-VI",4,6.32151909558273,4.66161339606314,"-VI",4,6.32151909558273,4.66161339606314,
24,14,"IV",2,5.56341296327674,5.21162860137978,"IV",2,5.56341296327674,5.21162860137978,
24,15,"IV",2,3.59887507545762,5.28761804073329,"IV",2,3.59887507545762,5.28761804073329,
24,16,"II",3,5.52325149768519,5.11429752507913,"II",3,5.52325149768519,5.11429752507913,
24,17,"V",3,2.69271674935022,4.62338129754034,"V",3,2.69271674935022,4.62338129754034,
24,18,"i",4,5.95928547644459,4.42325777984178,"ii",4,5.93651983151966,4.42325777984178,0.0227656449249318
24,19,"i",3,4.21556632988782,4.99387019431662,"i",3,6.22756835184117,4.95292398995998,
24,20,"V",3,5.04833217239508,5.07291631817395,"V",2,5.65204411620023,5.14865924640661,
24,21,"-VI",4,6.8742848016669,3.84050284797238,"-VI",2,5.89747022446483,5.17492907583995,
24,22,"-III",2,4.71464187100915,5.21162860137978,"-III",2,4.71464187100915,5.21162860137978,
24,23,"-III",3,2.85303142878154,4.97597381919691,"-III",3,2.85303142878154,4.97597381919691,
,,,,,,,,,,
25,29,"-VI",4,6.32151909558273,4.66161339606314,"-VI",4,6.32151909558273,4.66161339606314,
25,30,"IV",2,5.56341296327674,5.21162860137978,"IV",2,5.56341296327674,5.21162860137978,
25,31,"IV",2,3.59887507545762,5.28761804073329,"IV",2,3.59887507545762,5.28761804073329,
25,32,"II",3,5.52325149768519,5.11429752507913,"II",3,5.52325149768519,5.11429752507913,
25,33,"V",3,2.69271674935022,4.62338129754034,"V",3,2.69271674935022,4.62338129754034,
25,34,"i",4,5.95928547644459,4.42325777984178,"ii",4,5.93651983151966,4.42325777984178,0.0227656449249318
25,35,"i",3,4.21556632988782,4.99387019431662,"i",3,6.22756835184117,4.95292398995998,
25,36,"V",3,5.04833217239508,5.07291631817395,"V",2,5.65204411620023,5.14865924640661,
25,37,"-VI",4,6.8742848016669,3.84050284797238,"-VI",2,5.89747022446483,5.17492907583995,
25,38,"-III",2,4.71464187100915,5.21162860137978,"-III",2,4.71464187100915,5.21162860137978,
25,39,"-III",3,2.85303142878154,4.97597381919691,"-III",3,2.85303142878154,4.97597381919691,
,,,,,,,,,,
26,45,"-VI",4,6.32151909558273,4.66161339606314,"-VI",4,6.32151909558273,4.66161339606314,
26,46,"IV",2,5.56341296327674,5.21162860137978,"IV",2,5.56341296327674,5.21162860137978,
26,47,"IV",2,3.59887507545762,5.28761804073329,"IV",2,3.59887507545762,5.28761804073329,
26,48,"II",3,5.52325149768519,5.11429752507913,"II",3,5.52325149768519,5.11429752507913,
26,49,"V",3,2.69271674935022,4.62338129754034,"V",3,2.69271674935022,4.62338129754034,
26,50,"i",4,5.95928547644459,4.42325777984178,"ii",4,5.93651983151966,4.42325777984178,0.0227656449249318
26,51,"i",3,4.21556632988782,4.99387019431662,"i",3,6.22756835184117,4.95292398995998,
26,52,"V",3,5.04833217239508,5.07291631817395,"V",2,5.65204411620023,5.14865924640661,
26,53,"-VI",4,6.8742848016669,3.84050284797238,"-VI",2,5.89747022446483,5.17492907583995,
26,54,"-III",2,4.71464187100915,5.21162860137978,"-III",2,4.71464187100915,5.21162860137978,
26,55,"-III",3,2.85303142878154,4.97597381919691,"-III",3,2.85303142878154,4.97597381919691,
,,,,,,,,,,
27,61,"-VI",4,6.32151909558273,4.66161339606314,"-VI",4,6.32151909558273,4.66161339606314,
27,62,"IV",2,5.56341296327674,5.21162860137978,"IV",2,5.56341296327674,5.21162860137978,
27,63,"IV",2,3.59887507545762,5.28761804073329,"IV",2,3.59887507545762,5.28761804073329,
27,64,"II",3,5.52325149768519,5.11429752507913,"II",3,5.52325149768519,5.11429752507913,
27,65,"V",3,2.69271674935022,4.62338129754034,"V",3,2.69271674935022,4.62338129754034,
27,66,"i",4,5.95928547644459,4.42325777984178,"ii",4,5.93651983151966,4.42325777984178,0.0227656449249318
27,67,"-III",3,5.11167207931877,4.99387019431662,"-III",3,3.4943620148633,4.95292398995998,
27,68,"IV",3,2.56923925731804,4.88520289799751,"IV",4,5.11197217808314,3.99157202788918,
27,69,"IV",4,5.29325152827515,3.7635212379849,"IV",3,4.50434906565196,4.78523738177225,
27,70,"iv",3,5.21842943257505,5.19334545229863,"iv",3,5.21842943257505,5.19334545229863,
27,71,"-VI",3,5.45198392391252,5.25181979768232,"-VI",3,5.45198392391252,5.25181979768232,
,,,,,,,,,,
28,114,"-VI",4,6.32151909558273,4.66161339606314,"-VI",4,6.32151909558273,4.66161339606314,
28,115,"IV",2,5.56341296327674,5.21162860137978,"IV",2,5.56341296327674,5.21162860137978,
28,116,"IV",2,3.59887507545762,5.28761804073329,"IV",2,3.59887507545762,5.28761804073329,
28,117,"II",3,5.52325149768519,5.11429752507913,"II",3,5.52325149768519,5.11429752507913,
28,118,"V",3,2.69271674935022,4.62338129754034,"V",3,2.69271674935022,4.62338129754034,
28,119,"i",4,5.95928547644459,4.42325777984178,"ii",4,5.93651983151966,4.42325777984178,0.0227656449249318
28,120,"i",3,4.21556632988782,4.99387019431662,"i",3,6.22756835184117,4.95292398995998,
28,121,"V",3,5.04833217239508,5.07291631817395,"V",2,5.65204411620023,5.14865924640661,
28,122,"-VI",4,6.8742848016669,3.84050284797238,"-VI",2,5.89747022446483,5.17492907583995,
28,123,"-III",2,4.71464187100915,5.21162860137978,"-III",2,4.71464187100915,5.21162860137978,
28,124,"-III",3,2.85303142878154,4.97597381919691,"-III",3,2.85303142878154,4.97597381919691,
,,,,,,,,,,
29,130,"-VI",4,6.32151909558273,4.66161339606314,"-VI",4,6.32151909558273,4.66161339606314,
29,131,"IV",2,5.56341296327674,5.21162860137978,"IV",2,5.56341296327674,5.21162860137978,
29,132,"IV",2,3.59887507545762,5.28761804073329,"IV",2,3.59887507545762,5.28761804073329,
29,133,"II",3,5.52325149768519,5.11429752507913,"II",3,5.52325149768519,5.11429752507913,
29,134,"V",3,2.69271674935022,4.62338129754034,"V",3,2.69271674935022,4.62338129754034,
29,135,"i",4,5.95928547644459,4.42325777984178,"ii",4,5.93651983151966,4.42325777984178,0.0227656449249318
29,136,"-III",3,5.11167207931877,4.99387019431662,"-III",3,3.4943620148633,4.95292398995998,
29,137,"IV",3,2.56923925731804,4.88520289799751,"IV",4,5.11197217808314,3.99157202788918,
29,138,"IV",4,5.29325152827515,3.7635212379849,"IV",3,4.50434906565196,4.78523738177225,
29,139,"iv",3,5.21842943257505,5.19334545229863,"iv",3,5.21842943257505,5.19334545229863,
29,140,"-VI",3,5.45198392391252,5.25181979768232,"-VI",3,5.45198392391252,5.25181979768232,
,,,,,,,,,,
30,172,"-VI",4,6.32151909558273,4.66161339606314,"-VI",4,6.32151909558273,4.66161339606314,
30,173,"IV",2,5.56341296327674,5.21162860137978,"IV",2,5.56341296327674,5.21162860137978,
30,174,"IV",2,3.59887507545762,5.28761804073329,"IV",2,3.59887507545762,5.28761804073329,
30,175,"II",3,5.52325149768519,5.11429752507913,"II",3,5.52325149768519,5.11429752507913,
30,176,"V",3,2.69271674935022,4.62338129754034,"V",3,2.69271674935022,4.62338129754034,
30,177,"i",4,5.95928547644459,4.42325777984178,"ii",4,5.93651983151966,4.42325777984178,0.0227656449249318
30,178,"i",3,4.21556632988782,4.99387019431662,"i",3,6.22756835184117,4.95292398995998,
30,179,"V",3,5.04833217239508,5.07291631817395,"V",2,5.65204411620023,5.14865924640661,
30,180,"-VI",4,6.8742848016669,3.84050284797238,"-VI",2,5.89747022446483,5.17492907583995,
30,181,"-III",2,4.71464187100915,5.21162860137978,"-III",2,4.71464187100915,5.21162860137978,
30,182,"-III",3,2.85303142878154,4.97597381919691,"-III",3,2.85303142878154,4.97597381919691,
,,,,,,,,,,
31,188,"-VI",4,6.32151909558273,4.66161339606314,"-VI",4,6.32151909558273,4.66161339606314,
31,189,"IV",2,5.56341296327674,5.21162860137978,"IV",2,5.56341296327674,5.21162860137978,
31,190,"IV",2,3.59887507545762,5.28761804073329,"IV",2,3.59887507545762,5.28761804073329,
31,191,"II",3,5.52325149768519,5.11429752507913,"II",3,5.52325149768519,5.11429752507913,
31,192,"V",3,2.69271674935022,4.62338129754034,"V",3,2.69271674935022,4.62338129754034,
31,193,"i",4,5.95928547644459,4.42325777984178,"ii",4,5.93651983151966,4.42325777984178,0.0227656449249318
31,194,"-III",3,5.11167207931877,4.99387019431662,"-III",3,3.4943620148633,4.95292398995998,
31,195,"IV",3,2.56923925731804,4.88520289799751,"IV",4,5.11197217808314,3.99157202788918,
31,196,"IV",4,5.29325152827515,3.7635212379849,"IV",3,4.50434906565196,4.78523738177225,
31,197,"iv",3,5.21842943257505,5.19334545229863,"iv",3,5.21842943257505,5.19334545229863,
31,198,"-VI",3,5.45198392391252,5.25181979768232,"-VI",3,5.45198392391252,5.25181979768232,
,,,,,,,,,,
32,241,"-VI",4,6.32151909558273,4.66161339606314,"-VI",4,6.32151909558273,4.66161339606314,
32,242,"IV",2,5.56341296327674,5.21162860137978,"IV",2,5.56341296327674,5.21162860137978,
32,243,"IV",2,3.59887507545762,5.28761804073329,"IV",2,3.59887507545762,5.28761804073329,
32,244,"II",3,5.52325149768519,5.11429752507913,"II",3,5.52325149768519,5.11429752507913,
32,245,"V",3,2.69271674935022,4.62338129754034,"V",3,2.69271674935022,4.62338129754034,
32,246,"i",4,5.95928547644459,4.42325777984178,"ii",4,5.93651983151966,4.42325777984178,0.0227656449249318
32,247,"i",3,4.21556632988782,4.99387019431662,"i",3,6.22756835184117,4.95292398995998,
32,248,"V",3,5.04833217239508,5.07291631817395,"V",2,5.65204411620023,5.14865924640661,
32,249,"-VI",4,6.8742848016669,3.84050284797238,"-VI",2,5.89747022446483,5.17492907583995,
32,250,"-III",2,4.71464187100915,5.21162860137978,"-III",2,4.71464187100915,5.21162860137978,
32,251,"-III",3,2.85303142878154,4.97597381919691,"-III",3,2.85303142878154,4.97597381919691,
,,,,,,,,,,
33,257,"-VI",4,6.32151909558273,4.66161339606314,"-VI",4,6.32151909558273,4.66161339606314,
33,258,"IV",2,5.56341296327674,5.21162860137978,"IV",2,5.56341296327674,5.21162860137978,
33,259,"IV",2,3.59887507545762,5.28761804073329,"IV",2,3.59887507545762,5.28761804073329,
33,260,"II",3,5.52325149768519,5.11429752507913,"II",3,5.52325149768519,5.11429752507913,
33,261,"V",3,2.69271674935022,4.62338129754034,"V",3,2.69271674935022,4.62338129754034,
33,262,"i",4,5.95928547644459,4.42325777984178,"ii",4,5.93651983151966,4.42325777984178,0.0227656449249318
33,263,"-III",3,5.11167207931877,4.99387019431662,"-III",3,3.4943620148633,4.95292398995998,
33,264,"IV",3,2.56923925731804,4.88520289799751,"IV",4,5.11197217808314,3.99157202788918,
33,265,"IV",4,5.29325152827515,3.7635212379849,"IV",3,4.50434906565196,4.78523738177225,
33,266,"iv",3,5.21842943257505,5.19334545229863,"iv",3,5.21842943257505,5.19334545229863,
33,267,"-VI",3,5.45198392391252,5.25181979768232,"-VI",3,5.45198392391252,5.25181979768232,
,,,,,,,,,,
34,8,"-II",4,5.93511024212928,4.87200415131871,"-II",4,5.93511024212928,4.87200415131871,
34,9,"i",3,4.71517207412311,4.55158337806905,"i",3,4.71517207412311,4.55158337806905,
34,10,"i",3,4.06064926986031,4.66493896754154,"i",3,4.06064926986031,4.66493896754154,
34,11,"i",3,2.6664380115168,4.98177063680238,"i",3,2.6664380115168,4.98177063680238,
34,12,"V",4,4.99277135292174,5.04717384939525,"V",4,4.99277135292174,5.04717384939525,
34,13,"-VI",4,6.32151909558273,4.66161339606314,"ii",4,6.34436084461687,4.66161339606314,0.0228417490341348
34,14,"IV",2,5.56341296327674,5.21162860137978,"IV",2,4.17332042508367,5.21677257080637,
34,15,"IV",2,3.59887507545762,5.28761804073329,"IV",3,4.4938074258502,4.64421457356954,
34,16,"II",3,5.52325149768519,5.11429752507913,"II",3,5.67409168140896,4.92951307985455,
34,17,"V",3,2.69271674935022,4.62338129754034,"V",3,2.69271674935022,4.62338129754034,
34,18,"i",4,5.95928547644459,4.42325777984178,"i",4,5.95928547644459,4.42325777984178,
,,,,,,,,,,
35,16,"II",3,5.52325149768519,5.11429752507913,"II",3,5.52325149768519,5.11429752507913,
35,17,"V",3,2.69271674935022,4.62338129754034,"V",3,2.69271674935022,4.62338129754034,
35,18,"i",4,5.95928547644459,4.42325777984178,"i",4,5.95928547644459,4.42325777984178,
35,19,"i",3,4.21556632988782,4.99387019431662,"i",3,4.21556632988782,4.99387019431662,
35,20,"V",3,5.04833217239508,5.07291631817395,"V",3,5.04833217239508,5.07291631817395,
35,21,"-VI",4,6.8742848016669,3.84050284797238,"ii",4,6.89712655070103,3.84050284797238,0.0228417490341348
35,22,"-III",2,4.71464187100915,5.21162860137978,"-III",2,4.58129492875814,5.21677257080637,
35,23,"-III",3,2.85303142878154,4.97597381919691,"-III",3,5.04234310092455,4.6787725807568,
35,24,"-II",4,5.93511024212928,4.87200415131871,"-II",3,5.758905023216,4.99608984745283,
35,25,"i",3,4.71517207412311,4.55158337806905,"i",3,4.71517207412311,4.55158337806905,
35,26,"i",3,4.06064926986031,4.66493896754154,"i",3,4.06064926986031,4.66493896754154,
,,,,,,,,,,
36,24,"-II",4,5.93511024212928,4.87200415131871,"-II",4,5.93511024212928,4.87200415131871,
36,25,"i",3,4.71517207412311,4.55158337806905,"i",3,4.71517207412311,4.55158337806905,
36,26,"i",3,4.06064926986031,4.66493896754154,"i",3,4.06064926986031,4.66493896754154,
36,27,"i",3,2.6664380115168,4.98177063680238,"i",3,2.6664380115168,4.98177063680238,
36,28,"V",4,4.99277135292174,5.04717384939525,"V",4,4.99277135292174,5.04717384939525,
36,29,"-VI",4,6.32151909558273,4.66161339606314,"ii",4,6.34436084461687,4.66161339606314,0.0228417490341348
36,30,"IV",2,5.56341296327674,5.21162860137978,"IV",2,4.17332042508367,5.21677257080637,
36,31,"IV",2,3.59887507545762,5.28761804073329,"IV",3,4.4938074258502,4.64421457356954,
36,32,"II",3,5.52325149768519,5.11429752507913,"II",3,5.67409168140896,4.92951307985455,
36,33,"V",3,2.69271674935022,4.62338129754034,"V",3,2.69271674935022,4.62338129754034,
36,34,"i",4,5.95928547644459,4.42325777984178,"i",4,5.95928547644459,4.42325777984178,
,,,,,,,,,,
37,32,"II",3,5.52325149768519,5.11429752507913,"II",3,5.52325149768519,5.11429752507913,
37,33,"V",3,2.69271674935022,4.62338129754034,"V",3,2.69271674935022,4.62338129754034,
37,34,"i",4,5.95928547644459,4.42325777984178,"i",4,5.95928547644459,4.42325777984178,
37,35,"i",3,4.21556632988782,4.99387019431662,"i",3,4.21556632988782,4.99387019431662,
37,36,"V",3,5.04833217239508,5.07291631817395,"V",3,5.04833217239508,5.07291631817395,
37,37,"-VI",4,6.8742848016669,3.84050284797238,"ii",4,6.89712655070103,3.84050284797238,0.0228417490341348
37,38,"-III",2,4.71464187100915,5.21162860137978,"-III",2,4.58129492875814,5.21677257080637,
37,39,"-III",3,2.85303142878154,4.97597381919691,"-III",3,5.04234310092455,4.6787725807568,
37,40,"-II",4,5.93511024212928,4.87200415131871,"-II",3,5.758905023216,4.99608984745283,
37,41,"i",3,4.71517207412311,4.55158337806905,"i",3,4.71517207412311,4.55158337806905,
37,42,"i",3,4.06064926986031,4.66493896754154,"i",3,4.06064926986031,4.66493896754154,
,,,,,,,,,,
38,40,"-II",4,5.93511024212928,4.87200415131871,"-II",4,5.93511024212928,4.87200415131871,
38,41,"i",3,4.71517207412311,4.55158337806905,"i",3,4.71517207412311,4.55158337806905,
38,42,"i",3,4.06064926986031,4.66493896754154,"i",3,4.06064926986031,4.66493896754154,
38,43,"i",3,2.6664380115168,4.98177063680238,"i",3,2.6664380115168,4.98177063680238,
38,44,"V",4,4.99277135292174,5.04717384939525,"V",4,4.99277135292174,5.04717384939525,
38,45,"-VI",4,6.32151909558273,4.66161339606314,"ii",4,6.34436084461687,4.66161339606314,0.0228417490341348
38,46,"IV",2,5.56341296327674,5.21162860137978,"IV",2,4.17332042508367,5.21677257080637,
38,47,"IV",2,3.59887507545762,5.28761804073329,"IV",3,4.4938074258502,4.64421457356954,
38,48,"II",3,5.52325149768519,5.11429752507913,"II",3,5.67409168140896,4.92951307985455,
38,49,"V",3,2.69271674935022,4.62338129754034,"V",3,2.69271674935022,4.62338129754034,
38,50,"i",4,5.95928547644459,4.42325777984178,"i",4,5.95928547644459,4.42325777984178,
,,,,,,,,,,
39,48,"II",3,5.52325149768519,5.11429752507913,"II",3,5.52325149768519,5.11429752507913,
39,49,"V",3,2.69271674935022,4.62338129754034,"V",3,2.69271674935022,4.62338129754034,
39,50,"i",4,5.95928547644459,4.42325777984178,"i",4,5.95928547644459,4.42325777984178,
39,51,"i",3,4.21556632988782,4.99387019431662,"i",3,4.21556632988782,4.99387019431662,
39,52,"V",3,5.04833217239508,5.07291631817395,"V",3,5.04833217239508,5.07291631817395,
39,53,"-VI",4,6.8742848016669,3.84050284797238,"ii",4,6.89712655070103,3.84050284797238,0.0228417490341348
39,54,"-III",2,4.71464187100915,5.21162860137978,"-III",2,4.58129492875814,5.21677257080637,
39,55,"-III",3,2.85303142878154,4.97597381919691,"-III",3,5.04234310092455,4.6787725807568,
39,56,"-II",4,5.93511024212928,4.87200415131871,"-II",3,5.758905023216,4.99608984745283,
39,57,"i",3,4.71517207412311,4.55158337806905,"i",3,4.71517207412311,4.55158337806905,
39,58,"i",3,4.06064926986031,4.66493896754154,"i",3,4.06064926986031,4.66493896754154,
,,,,,,,,,,
40,56,"-II",4,5.93511024212928,4.87200415131871,"-II",4,5.93511024212928,4.87200415131871,
40,57,"i",3,4.71517207412311,4.55158337806905,"i",3,4.71517207412311,4.55158337806905,
40,58,"i",3,4.06064926986031,4.66493896754154,"i",3,4.06064926986031,4.66493896754154,
40,59,"i",3,2.6664380115168,4.98177063680238,"i",3,2.6664380115168,4.98177063680238,
40,60,"V",4,4.99277135292174,5.04717384939525,"V",4,4.99277135292174,5.04717384939525,
40,61,"-VI",4,6.32151909558273,4.66161339606314,"ii",4,6.34436084461687,4.66161339606314,0.0228417490341348
40,62,"IV",2,5.56341296327674,5.21162860137978,"IV",2,4.17332042508367,5.21677257080637,
40,63,"IV",2,3.59887507545762,5.28761804073329,"IV",3,4.4938074258502,4.64421457356954,
40,64,"II",3,5.52325149768519,5.11429752507913,"II",3,5.67409168140896,4.92951307985455,
40,65,"V",3,2.69271674935022,4.62338129754034,"V",3,2.69271674935022,4.62338129754034,
40,66,"i",4,5.95928547644459,4.42325777984178,"i",4,5.95928547644459,4.42325777984178,
,,,,,,,,,,
41,101,"I",4,3.41106504221493,4.23680940280804,"I",4,3.41106504221493,4.23680940280804,
41,102,"I",4,3.90552078118793,4.73188272681839,"I",4,3.90552078118793,4.73188272681839,
41,103,"i",4,5.03718376191236,5.22982266041891,"i",4,5.03718376191236,5.22982266041891,
41,104,"i",4,1.36291170400996,4.12687804726425,"i",4,1.36291170400996,4.12687804726425,
41,105,"V",5,5.80234133294087,4.23572288364235,"V",5,5.80234133294087,4.23572288364235,
41,106,"-VI",3,6.49443542269577,4.45310309186184,"ii",3,6.51727717172991,4.45310309186184,0.0228417490341348
41,107,"-III",2,4.71464187100915,5.21162860137978,"-III",2,4.58129492875814,5.21677257080637,
41,108,"-III",3,2.85303142878154,4.97597381919691,"-III",3,5.04234310092455,4.6787725807568,
41,109,"-II",4,5.93511024212928,4.87200415131871,"-II",3,5.758905023216,4.99608984745283,
41,110,"i",3,4.71517207412311,4.55158337806905,"i",3,4.71517207412311,4.55158337806905,
41,111,"i",3,4.06064926986031,4.66493896754154,"i",3,4.06064926986031,4.66493896754154,
,,,,,,,,,,
42,109,"-II",4,5.93511024212928,4.87200415131871,"-II",4,5.93511024212928,4.87200415131871,
42,110,"i",3,4.71517207412311,4.55158337806905,"i",3,4.71517207412311,4.55158337806905,
42,111,"i",3,4.06064926986031,4.66493896754154,"i",3,4.06064926986031,4.66493896754154,
42,112,"i",3,2.6664380115168,4.98177063680238,"i",3,2.6664380115168,4.98177063680238,
42,113,"V",4,4.99277135292174,5.04717384939525,"V",4,4.99277135292174,5.04717384939525,
42,114,"-VI",4,6.32151909558273,4.66161339606314,"ii",4,6.34436084461687,4.66161339606314,0.0228417490341348
42,115,"IV",2,5.56341296327674,5.21162860137978,"IV",2,4.17332042508367,5.21677257080637,
42,116,"IV",2,3.59887507545762,5.28761804073329,"IV",3,4.4938074258502,4.64421457356954,
42,117,"II",3,5.52325149768519,5.11429752507913,"II",3,5.67409168140896,4.92951307985455,
42,118,"V",3,2.69271674935022,4.62338129754034,"V",3,2.69271674935022,4.62338129754034,
42,119,"i",4,5.95928547644459,4.42325777984178,"i",4,5.95928547644459,4.42325777984178,
,,,,,,,,,,
43,117,"II",3,5.52325149768519,5.11429752507913,"II",3,5.52325149768519,5.11429752507913,
43,118,"V",3,2.69271674935022,4.62338129754034,"V",3,2.69271674935022,4.62338129754034,
43,119,"i",4,5.95928547644459,4.42325777984178,"i",4,5.95928547644459,4.42325777984178,
43,120,"i",3,4.21556632988782,4.99387019431662,"i",3,4.21556632988782,4.99387019431662,
43,121,"V",3,5.04833217239508,5.07291631817395,"V",3,5.04833217239508,5.07291631817395,
43,122,"-VI",4,6.8742848016669,3.84050284797238,"ii",4,6.89712655070103,3.84050284797238,0.0228417490341348
43,123,"-III",2,4.71464187100915,5.21162860137978,"-III",2,4.58129492875814,5.21677257080637,
43,124,"-III",3,2.85303142878154,4.97597381919691,"-III",3,5.04234310092455,4.6787725807568,
43,125,"-II",4,5.93511024212928,4.87200415131871,"-II",3,5.758905023216,4.99608984745283,
43,126,"i",3,4.71517207412311,4.55158337806905,"i",3,4.71517207412311,4.55158337806905,
43,127,"i",3,4.06064926986031,4.66493896754154,"i",3,4.06064926986031,4.66493896754154,
,,,,,,,,,,
44,125,"-II",4,5.93511024212928,4.87200415131871,"-II",4,5.93511024212928,4.87200415131871,
44,126,"i",3,4.71517207412311,4.55158337806905,"i",3,4.71517207412311,4.55158337806905,
44,127,"i",3,4.06064926986031,4.66493896754154,"i",3,4.06064926986031,4.66493896754154,
44,128,"i",3,2.6664380115168,4.98177063680238,"i",3,2.6664380115168,4.98177063680238,
44,129,"V",4,4.99277135292174,5.04717384939525,"V",4,4.99277135292174,5.04717384939525,
44,130,"-VI",4,6.32151909558273,4.66161339606314,"ii",4,6.34436084461687,4.66161339606314,0.0228417490341348
44,131,"IV",2,5.56341296327674,5.21162860137978,"IV",2,4.17332042508367,5.21677257080637,
44,132,"IV",2,3.59887507545762,5.28761804073329,"IV",3,4.4938074258502,4.64421457356954,
44,133,"II",3,5.52325149768519,5.11429752507913,"II",3,5.67409168140896,4.92951307985455,
44,134,"V",3,2.69271674935022,4.62338129754034,"V",3,2.69271674935022,4.62338129754034,
44,135,"i",4,5.95928547644459,4.42325777984178,"i",4,5.95928547644459,4.42325777984178,
,,,,,,,,,,
45,159,"r",10,0.916055715790007,2.67505415932219,"r",10,0.916055715790007,2.67505415932219,
45,160,"r",10,0.916055715790007,2.67505415932219,"r",10,0.916055715790007,2.67505415932219,
45,161,"i",10,4.10803806686873,2.67505415932219,"i",10,4.10803806686873,2.67505415932219,
45,162,"i",9,0.826044568706881,2.96475914145408,"i",9,0.826044568706881,2.96475914145408,
45,163,"V",10,6.03833796434557,3.40282469649696,"V",10,6.03833796434557,3.40282469649696,
45,164,"-VI",4,6.74327837667736,4.09527043450209,"ii",4,6.76612012571149,4.09527043450209,0.0228417490341348
45,165,"-III",2,4.71464187100915,5.21162860137978,"-III",2,4.58129492875814,5.21677257080637,
45,166,"-III",3,2.85303142878154,4.97597381919691,"-III",3,5.04234310092455,4.6787725807568,
45,167,"-II",4,5.93511024212928,4.87200415131871,"-II",3,5.758905023216,4.99608984745283,
45,168,"i",3,4.71517207412311,4.55158337806905,"i",3,4.71517207412311,4.55158337806905,
45,169,"i",3,4.06064926986031,4.66493896754154,"i",3,4.06064926986031,4.66493896754154,
,,,,,,,,,,
46,167,"-II",4,5.93511024212928,4.87200415131871,"-II",4,5.93511024212928,4.87200415131871,
46,168,"i",3,4.71517207412311,4.55158337806905,"i",3,4.71517207412311,4.55158337806905,
46,169,"i",3,4.06064926986031,4.66493896754154,"i",3,4.06064926986031,4.66493896754154,
46,170,"i",3,2.6664380115168,4.98177063680238,"i",3,2.6664380115168,4.98177063680238,
46,171,"V",4,4.99277135292174,5.04717384939525,"V",4,4.99277135292174,5.04717384939525,
46,172,"-VI",4,6.32151909558273,4.66161339606314,"ii",4,6.34436084461687,4.66161339606314,0.0228417490341348
46,173,"IV",2,5.56341296327674,5.21162860137978,"IV",2,4.17332042508367,5.21677257080637,
46,174,"IV",2,3.59887507545762,5.28761804073329,"IV",3,4.4938074258502,4.64421457356954,
46,175,"II",3,5.52325149768519,5.11429752507913,"II",3,5.67409168140896,4.92951307985455,
46,176,"V",3,2.69271674935022,4.62338129754034,"V",3,2.69271674935022,4.62338129754034,
46,177,"i",4,5.95928547644459,4.42325777984178,"i",4,5.95928547644459,4.42325777984178,
,,,,,,,,,,
47,175,"II",3,5.52325149768519,5.11429752507913,"II",3,5.52325149768519,5.11429752507913,
47,176,"V",3,2.69271674935022,4.62338129754034,"V",3,2.69271674935022,4.62338129754034,
47,177,"i",4,5.95928547644459,4.42325777984178,"i",4,5.95928547644459,4.42325777984178,
47,178,"i",3,4.21556632988782,4.99387019431662,"i",3,4.21556632988782,4.99387019431662,
47,179,"V",3,5.04833217239508,5.07291631817395,"V",3,5.04833217239508,5.07291631817395,
47,180,"-VI",4,6.8742848016669,3.84050284797238,"ii",4,6.89712655070103,3.84050284797238,0.0228417490341348
47,181,"-III",2,4.71464187100915,5.21162860137978,"-III",2,4.58129492875814,5.21677257080637,
47,182,"-III",3,2.85303142878154,4.97597381919691,"-III",3,5.04234310092455,4.6787725807568,
47,183,"-II",4,5.93511024212928,4.87200415131871,"-II",3,5.758905023216,4.99608984745283,
47,184,"i",3,4.71517207412311,4.55158337806905,"i",3,4.71517207412311,4.55158337806905,
47,185,"i",3,4.06064926986031,4.66493896754154,"i",3,4.06064926986031,4.66493896754154,
,,,,,,,,,,
48,183,"-II",4,5.93511024212928,4.87200415131871,"-II",4,5.93511024212928,4.87200415131871,
48,184,"i",3,4.71517207412311,4.55158337806905,"i",3,4.71517207412311,4.55158337806905,
48,185,"i",3,4.06064926986031,4.66493896754154,"i",3,4.06064926986031,4.66493896754154,
48,186,"i",3,2.6664380115168,4.98177063680238,"i",3,2.6664380115168,4.98177063680238,
48,187,"V",4,4.99277135292174,5.04717384939525,"V",4,4.99277135292174,5.04717384939525,
48,188,"-VI",4,6.32151909558273,4.66161339606314,"ii",4,6.34436084461687,4.66161339606314,0.0228417490341348
48,189,"IV",2,5.56341296327674,5.21162860137978,"IV",2,4.17332042508367,5.21677257080637,
48,190,"IV",2,3.59887507545762,5.28761804073329,"IV",3,4.4938074258502,4.64421457356954,
48,191,"II",3,5.52325149768519,5.11429752507913,"II",3,5.67409168140896,4.92951307985455,
48,192,"V",3,2.69271674935022,4.62338129754034,"V",3,2.69271674935022,4.62338129754034,
48,193,"i",4,5.95928547644459,4.42325777984178,"i",4,5.95928547644459,4.42325777984178,
,,,,,,,,,,
49,228,"I",4,3.41106504221493,4.23680940280804,"I",4,3.41106504221493,4.23680940280804,
49,229,"I",4,3.90552078118793,4.73188272681839,"I",4,3.90552078118793,4.73188272681839,
49,230,"i",4,5.03718376191236,5.22982266041891,"i",4,5.03718376191236,5.22982266041891,
49,231,"i",4,1.36291170400996,4.12687804726425,"i",4,1.36291170400996,4.12687804726425,
49,232,"V",5,5.80234133294087,4.23572288364235,"V",5,5.80234133294087,4.23572288364235,
49,233,"-VI",3,6.49443542269577,4.45310309186184,"ii",3,6.51727717172991,4.45310309186184,0.0228417490341348
49,234,"-III",2,4.71464187100915,5.21162860137978,"-III",2,4.58129492875814,5.21677257080637,
49,235,"-III",3,2.85303142878154,4.97597381919691,"-III",3,5.04234310092455,4.6787725807568,
49,236,"-II",4,5.93511024212928,4.87200415131871,"-II",3,5.758905023216,4.99608984745283,
49,237,"i",3,4.71517207412311,4.55158337806905,"i",3,4.71517207412311,4.55158337806905,
49,238,"i",3,4.06064926986031,4.66493896754154,"i",3,4.06064926986031,4.66493896754154,
,,,,,,,,,,
50,236,"-II",4,5.93511024212928,4.87200415131871,"-II",4,5.93511024212928,4.87200415131871,
50,237,"i",3,4.71517207412311,4.55158337806905,"i",3,4.71517207412311,4.55158337806905,
50,238,"i",3,4.06064926986031,4.66493896754154,"i",3,4.06064926986031,4.66493896754154,
50,239,"i",3,2.6664380115168,4.98177063680238,"i",3,2.6664380115168,4.98177063680238,
50,240,"V",4,4.99277135292174,5.04717384939525,"V",4,4.99277135292174,5.04717384939525,
50,241,"-VI",4,6.32151909558273,4.66161339606314,"ii",4,6.34436084461687,4.66161339606314,0.0228417490341348
50,242,"IV",2,5.56341296327674,5.21162860137978,"IV",2,4.17332042508367,5.21677257080637,
50,243,"IV",2,3.59887507545762,5.28761804073329,"IV",3,4.4938074258502,4.64421457356954,
50,244,"II",3,5.52325149768519,5.11429752507913,"II",3,5.67409168140896,4.92951307985455,
50,245,"V",3,2.69271674935022,4.62338129754034,"V",3,2.69271674935022,4.62338129754034,
50,246,"i",4,5.95928547644459,4.42325777984178,"i",4,5.95928547644459,4.42325777984178,
,,,,,,,,,,
51,244,"II",3,5.52325149768519,5.11429752507913,"II",3,5.52325149768519,5.11429752507913,
51,245,"V",3,2.69271674935022,4.62338129754034,"V",3,2.69271674935022,4.62338129754034,
51,246,"i",4,5.95928547644459,4.42325777984178,"i",4,5.95928547644459,4.42325777984178,
51,247,"i",3,4.21556632988782,4.99387019431662,"i",3,4.21556632988782,4.99387019431662,
51,248,"V",3,5.04833217239508,5.07291631817395,"V",3,5.04833217239508,5.07291631817395,
51,249,"-VI",4,6.8742848016669,3.84050284797238,"ii",4,6.89712655070103,3.84050284797238,0.0228417490341348
51,250,"-III",2,4.71464187100915,5.21162860137978,"-III",2,4.58129492875814,5.21677257080637,
51,251,"-III",3,2.85303142878154,4.97597381919691,"-III",3,5.04234310092455,4.6787725807568,
51,252,"-II",4,5.93511024212928,4.87200415131871,"-II",3,5.758905023216,4.99608984745283,
51,253,"i",3,4.71517207412311,4.55158337806905,"i",3,4.71517207412311,4.55158337806905,
51,254,"i",3,4.06064926986031,4.66493896754154,"i",3,4.06064926986031,4.66493896754154,
,,,,,,,,,,
52,252,"-II",4,5.93511024212928,4.87200415131871,"-II",4,5.93511024212928,4.87200415131871,
52,253,"i",3,4.71517207412311,4.55158337806905,"i",3,4.71517207412311,4.55158337806905,
52,254,"i",3,4.06064926986031,4.66493896754154,"i",3,4.06064926986031,4.66493896754154,
52,255,"i",3,2.6664380115168,4.98177063680238,"i",3,2.6664380115168,4.98177063680238,
52,256,"V",4,4.99277135292174,5.04717384939525,"V",4,4.99277135292174,5.04717384939525,
52,257,"-VI",4,6.32151909558273,4.66161339606314,"ii",4,6.34436084461687,4.66161339606314,0.0228417490341348
52,258,"IV",2,5.56341296327674,5.21162860137978,"IV",2,4.17332042508367,5.21677257080637,
52,259,"IV",2,3.59887507545762,5.28761804073329,"IV",3,4.4938074258502,4.64421457356954,
52,260,"II",3,5.52325149768519,5.11429752507913,"II",3,5.67409168140896,4.92951307985455,
52,261,"V",3,2.69271674935022,4.62338129754034,"V",3,2.69271674935022,4.62338129754034,
52,262,"i",4,5.95928547644459,4.42325777984178,"i",4,5.95928547644459,4.42325777984178,
,,,,,,,,,,
53,9,"i",3,4.71517207412311,4.55158337806905,"i",3,4.71517207412311,4.55158337806905,
53,10,"i",3,4.06064926986031,4.66493896754154,"i",3,4.06064926986031,4.66493896754154,
53,11,"i",3,2.6664380115168,4.98177063680238,"i",3,2.6664380115168,4.98177063680238,
53,12,"V",4,4.99277135292174,5.04717384939525,"V",4,4.99277135292174,5.04717384939525,
53,13,"-VI",4,6.32151909558273,4.66161339606314,"-VI",4,6.32151909558273,4.66161339606314,
53,14,"IV",2,5.56341296327674,5.21162860137978,"-vii",2,5.53724490941225,5.21162860137978,0.0261680538644891
53,15,"IV",2,3.59887507545762,5.28761804073329,"IV",3,5.54901994423937,4.16631341129826,
53,16,"II",3,5.52325149768519,5.11429752507913,"II",2,5.76935615663361,5.31578370235369,
53,17,"V",3,2.69271674935022,4.62338129754034,"V",2,3.62625053495906,5.17601917665522,
53,18,"i",4,5.95928547644459,4.42325777984178,"i",3,5.67520185022904,4.86326348818026,
53,19,"i",3,4.21556632988782,4.99387019431662,"i",3,4.21556632988782,4.99387019431662,
,,,,,,,,,,
54,25,"i",3,4.71517207412311,4.55158337806905,"i",3,4.71517207412311,4.55158337806905,
54,26,"i",3,4.06064926986031,4.66493896754154,"i",3,4.06064926986031,4.66493896754154,
54,27,"i",3,2.6664380115168,4.98177063680238,"i",3,2.6664380115168,4.98177063680238,
54,28,"V",4,4.99277135292174,5.04717384939525,"V",4,4.99277135292174,5.04717384939525,
54,29,"-VI",4,6.32151909558273,4.66161339606314,"-VI",4,6.32151909558273,4.66161339606314,
54,30,"IV",2,5.56341296327674,5.21162860137978,"-vii",2,5.53724490941225,5.21162860137978,0.0261680538644891
54,31,"IV",2,3.59887507545762,5.28761804073329,"IV",3,5.54901994423937,4.16631341129826,
54,32,"II",3,5.52325149768519,5.11429752507913,"II",2,5.76935615663361,5.31578370235369,
54,33,"V",3,2.69271674935022,4.62338129754034,"V",2,3.62625053495906,5.17601917665522,
54,34,"i",4,5.95928547644459,4.42325777984178,"i",3,5.67520185022904,4.86326348818026,
54,35,"i",3,4.21556632988782,4.99387019431662,"i",3,4.21556632988782,4.99387019431662,
,,,,,,,,,,
55,41,"i",3,4.71517207412311,4.55158337806905,"i",3,4.71517207412311,4.55158337806905,
55,42,"i",3,4.06064926986031,4.66493896754154,"i",3,4.06064926986031,4.66493896754154,
55,43,"i",3,2.6664380115168,4.98177063680238,"i",3,2.6664380115168,4.98177063680238,
55,44,"V",4,4.99277135292174,5.04717384939525,"V",4,4.99277135292174,5.04717384939525,
55,45,"-VI",4,6.32151909558273,4.66161339606314,"-VI",4,6.32151909558273,4.66161339606314,
55,46,"IV",2,5.56341296327674,5.21162860137978,"-vii",2,5.53724490941225,5.21162860137978,0.0261680538644891
55,47,"IV",2,3.59887507545762,5.28761804073329,"IV",3,5.54901994423937,4.16631341129826,
55,48,"II",3,5.52325149768519,5.11429752507913,"II",2,5.76935615663361,5.31578370235369,
55,49,"V",3,2.69271674935022,4.62338129754034,"V",2,3.62625053495906,5.17601917665522,
55,50,"i",4,5.95928547644459,4.42325777984178,"i",3,5.67520185022904,4.86326348818026,
55,51,"i",3,4.21556632988782,4.99387019431662,"i",3,4.21556632988782,4.99387019431662,
,,,,,,,,,,
56,57,"i",3,4.71517207412311,4.55158337806905,"i",3,4.71517207412311,4.55158337806905,
56,58,"i",3,4.06064926986031,4.66493896754154,"i",3,4.06064926986031,4.66493896754154,
56,59,"i",3,2.6664380115168,4.98177063680238,"i",3,2.6664380115168,4.98177063680238,
56,60,"V",4,4.99277135292174,5.04717384939525,"V",4,4.99277135292174,5.04717384939525,
56,61,"-VI",4,6.32151909558273,4.66161339606314,"-VI",4,6.32151909558273,4.66161339606314,
56,62,"IV",2,5.56341296327674,5.21162860137978,"-vii",2,5.53724490941225,5.21162860137978,0.0261680538644891
56,63,"IV",2,3.59887507545762,5.28761804073329,"IV",3,5.54901994423937,4.16631341129826,
56,64,"II",3,5.52325149768519,5.11429752507913,"II",2,5.76935615663361,5.31578370235369,
56,65,"V",3,2.69271674935022,4.62338129754034,"V",2,3.62625053495906,5.17601917665522,
56,66,"i",4,5.95928547644459,4.42325777984178,"i",3,5.67520185022904,4.86326348818026,
56,67,"-III",3,5.11167207931877,4.99387019431662,"-III",3,5.11167207931877,4.99387019431662,
,,,,,,,,,,
57,110,"i",3,4.71517207412311,4.55158337806905,"i",3,4.71517207412311,4.55158337806905,
57,111,"i",3,4.06064926986031,4.66493896754154,"i",3,4.06064926986031,4.66493896754154,
57,112,"i",3,2.6664380115168,4.98177063680238,"i",3,2.6664380115168,4.98177063680238,
57,113,"V",4,4.99277135292174,5.04717384939525,"V",4,4.99277135292174,5.04717384939525,
57,114,"-VI",4,6.32151909558273,4.66161339606314,"-VI",4,6.32151909558273,4.66161339606314,
57,115,"IV",2,5.56341296327674,5.21162860137978,"-vii",2,5.53724490941225,5.21162860137978,0.0261680538644891
57,116,"IV",2,3.59887507545762,5.28761804073329,"IV",3,5.54901994423937,4.16631341129826,
57,117,"II",3,5.52325149768519,5.11429752507913,"II",2,5.76935615663361,5.31578370235369,
57,118,"V",3,2.69271674935022,4.62338129754034,"V",2,3.62625053495906,5.17601917665522,
57,119,"i",4,5.95928547644459,4.42325777984178,"i",3,5.67520185022904,4.86326348818026,
57,120,"i",3,4.21556632988782,4.99387019431662,"i",3,4.21556632988782,4.99387019431662,
,,,,,,,,,,
58,126,"i",3,4.71517207412311,4.55158337806905,"i",3,4.71517207412311,4.55158337806905,
58,127,"i",3,4.06064926986031,4.66493896754154,"i",3,4.06064926986031,4.66493896754154,
58,128,"i",3,2.6664380115168,4.98177063680238,"i",3,2.6664380115168,4.98177063680238,
58,129,"V",4,4.99277135292174,5.04717384939525,"V",4,4.99277135292174,5.04717384939525,
58,130,"-VI",4,6.32151909558273,4.66161339606314,"-VI",4,6.32151909558273,4.66161339606314,
58,131,"IV",2,5.56341296327674,5.21162860137978,"-vii",2,5.53724490941225,5.21162860137978,0.0261680538644891
58,132,"IV",2,3.59887507545762,5.28761804073329,"IV",3,5.54901994423937,4.16631341129826,
58,133,"II",3,5.52325149768519,5.11429752507913,"II",2,5.76935615663361,5.31578370235369,
58,134,"V",3,2.69271674935022,4.62338129754034,"V",2,3.62625053495906,5.17601917665522,
58,135,"i",4,5.95928547644459,4.42325777984178,"i",3,5.67520185022904,4.86326348818026,
58,136,"-III",3,5.11167207931877,4.99387019431662,"-III",3,5.11167207931877,4.99387019431662,
,,,,,,,,,,
59,168,"i",3,4.71517207412311,4.55158337806905,"i",3,4.71517207412311,4.55158337806905,
59,169,"i",3,4.06064926986031,4.66493896754154,"i",3,4.06064926986031,4.66493896754154,
59,170,"i",3,2.6664380115168,4.98177063680238,"i",3,2.6664380115168,4.98177063680238,
59,171,"V",4,4.99277135292174,5.04717384939525,"V",4,4.99277135292174,5.04717384939525,
59,172,"-VI",4,6.32151909558273,4.66161339606314,"-VI",4,6.32151909558273,4.66161339606314,
59,173,"IV",2,5.56341296327674,5.21162860137978,"-vii",2,5.53724490941225,5.21162860137978,0.0261680538644891
59,174,"IV",2,3.59887507545762,5.28761804073329,"IV",3,5.54901994423937,4.16631341129826,
59,175,"II",3,5.52325149768519,5.11429752507913,"II",2,5.76935615663361,5.31578370235369,
59,176,"V",3,2.69271674935022,4.62338129754034,"V",2,3.62625053495906,5.17601917665522,
59,177,"i",4,5.95928547644459,4.42325777984178,"i",3,5.67520185022904,4.86326348818026,
59,178,"i",3,4.21556632988782,4.99387019431662,"i",3,4.21556632988782,4.99387019431662,
,,,,,,,,,,
60,184,"i",3,4.71517207412311,4.55158337806905,"i",3,4.71517207412311,4.55158337806905,
60,185,"i",3,4.06064926986031,4.66493896754154,"i",3,4.06064926986031,4.66493896754154,
60,186,"i",3,2.6664380115168,4.98177063680238,"i",3,2.6664380115168,4.98177063680238,
60,187,"V",4,4.99277135292174,5.04717384939525,"V",4,4.99277135292174,5.04717384939525,
60,188,"-VI",4,6.32151909558273,4.66161339606314,"-VI",4,6.32151909558273,4.66161339606314,
60,189,"IV",2,5.56341296327674,5.21162860137978,"-vii",2,5.53724490941225,5.21162860137978,0.0261680538644891
60,190,"IV",2,3.59887507545762,5.28761804073329,"IV",3,5.54901994423937,4.16631341129826,
60,191,"II",3,5.52325149768519,5.11429752507913,"II",2,5.76935615663361,5.31578370235369,
60,192,"V",3,2.69271674935022,4.62338129754034,"V",2,3.62625053495906,5.17601917665522,
60,193,"i",4,5.95928547644459,4.42325777984178,"i",3,5.67520185022904,4.86326348818026,
60,194,"-III",3,5.11167207931877,4.99387019431662,"-III",3,5.11167207931877,4.99387019431662,
,,,,,,,,,,
61,237,"i",3,4.71517207412311,4.55158337806905,"i",3,4.71517207412311,4.55158337806905,
61,238,"i",3,4.06064926986031,4.66493896754154,"i",3,4.06064926986031,4.66493896754154,
61,239,"i",3,2.6664380115168,4.98177063680238,"i",3,2.6664380115168,4.98177063680238,
61,240,"V",4,4.99277135292174,5.04717384939525,"V",4,4.99277135292174,5.04717384939525,
61,241,"-VI",4,6.32151909558273,4.66161339606314,"-VI",4,6.32151909558273,4.66161339606314,
61,242,"IV",2,5.56341296327674,5.21162860137978,"-vii",2,5.53724490941225,5.21162860137978,0.0261680538644891
61,243,"IV",2,3.59887507545762,5.28761804073329,"IV",3,5.54901994423937,4.16631341129826,
61,244,"II",3,5.52325149768519,5.11429752507913,"II",2,5.76935615663361,5.31578370235369,
61,245,"V",3,2.69271674935022,4.62338129754034,"V",2,3.62625053495906,5.17601917665522,
61,246,"i",4,5.95928547644459,4.42325777984178,"i",3,5.67520185022904,4.86326348818026,
61,247,"i",3,4.21556632988782,4.99387019431662,"i",3,4.21556632988782,4.99387019431662,
,,,,,,,,,,
62,253,"i",3,4.71517207412311,4.55158337806905,"i",3,4.71517207412311,4.55158337806905,
62,254,"i",3,4.06064926986031,4.66493896754154,"i",3,4.06064926986031,4.66493896754154,
62,255,"i",3,2.6664380115168,4.98177063680238,"i",3,2.6664380115168,4.98177063680238,
62,256,"V",4,4.99277135292174,5.04717384939525,"V",4,4.99277135292174,5.04717384939525,
62,257,"-VI",4,6.32151909558273,4.66161339606314,"-VI",4,6.32151909558273,4.66161339606314,
62,258,"IV",2,5.56341296327674,5.21162860137978,"-vii",2,5.53724490941225,5.21162860137978,0.0261680538644891
62,259,"IV",2,3.59887507545762,5.28761804073329,"IV",3,5.54901994423937,4.16631341129826,
62,260,"II",3,5.52325149768519,5.11429752507913,"II",2,5.76935615663361,5.31578370235369,
62,261,"V",3,2.69271674935022,4.62338129754034,"V",2,3.62625053495906,5.17601917665522,
62,262,"i",4,5.95928547644459,4.42325777984178,"i",3,5.67520185022904,4.86326348818026,
62,263,"-III",3,5.11167207931877,4.99387019431662,"-III",3,5.11167207931877,4.99387019431662,
,,,,,,,,,,
63,7,"-III",3,2.85303142878154,4.97597381919691,"-III",3,2.85303142878154,4.97597381919691,
63,8,"-II",4,5.93511024212928,4.87200415131871,"-II",4,5.93511024212928,4.87200415131871,
63,9,"i",3,4.71517207412311,4.55158337806905,"i",3,4.71517207412311,4.55158337806905,
63,10,"i",3,4.06064926986031,4.66493896754154,"i",3,4.06064926986031,4.66493896754154,
63,11,"i",3,2.6664380115168,4.98177063680238,"i",3,2.6664380115168,4.98177063680238,
63,12,"V",4,4.99277135292174,5.04717384939525,"I",4,5.02629228051561,5.04717384939525,0.0335209275938704
63,13,"-VI",4,6.32151909558273,4.66161339606314,"-VI",4,2.9006772185464,4.757945649233,
63,14,"IV",2,5.56341296327674,5.21162860137978,"IV",5,2.86844735802462,4.00089951000119,
63,15,"IV",2,3.59887507545762,5.28761804073329,"IV",4,4.9573956240247,3.18678149278829,
63,16,"II",3,5.52325149768519,5.11429752507913,"II",3,5.52325149768519,5.11429752507913,
63,17,"V",3,2.69271674935022,4.62338129754034,"V",3,2.69271674935022,4.62338129754034,
,,,,,,,,,,
64,23,"-III",3,2.85303142878154,4.97597381919691,"-III",3,2.85303142878154,4.97597381919691,
64,24,"-II",4,5.93511024212928,4.87200415131871,"-II",4,5.93511024212928,4.87200415131871,
64,25,"i",3,4.71517207412311,4.55158337806905,"i",3,4.71517207412311,4.55158337806905,
64,26,"i",3,4.06064926986031,4.66493896754154,"i",3,4.06064926986031,4.66493896754154,
64,27,"i",3,2.6664380115168,4.98177063680238,"i",3,2.6664380115168,4.98177063680238,
64,28,"V",4,4.99277135292174,5.04717384939525,"I",4,5.02629228051561,5.04717384939525,0.0335209275938704
64,29,"-VI",4,6.32151909558273,4.66161339606314,"-VI",4,2.9006772185464,4.757945649233,
64,30,"IV",2,5.56341296327674,5.21162860137978,"IV",5,2.86844735802462,4.00089951000119,
64,31,"IV",2,3.59887507545762,5.28761804073329,"IV",4,4.9573956240247,3.18678149278829,
64,32,"II",3,5.52325149768519,5.11429752507913,"II",3,5.52325149768519,5.11429752507913,
64,33,"V",3,2.69271674935022,4.62338129754034,"V",3,2.69271674935022,4.62338129754034,
,,,,,,,,,,
65,39,"-III",3,2.85303142878154,4.97597381919691,"-III",3,2.85303142878154,4.97597381919691,
65,40,"-II",4,5.93511024212928,4.87200415131871,"-II",4,5.93511024212928,4.87200415131871,
65,41,"i",3,4.71517207412311,4.55158337806905,"i",3,4.71517207412311,4.55158337806905,
65,42,"i",3,4.06064926986031,4.66493896754154,"i",3,4.06064926986031,4.66493896754154,
65,43,"i",3,2.6664380115168,4.98177063680238,"i",3,2.6664380115168,4.98177063680238,
65,44,"V",4,4.99277135292174,5.04717384939525,"I",4,5.02629228051561,5.04717384939525,0.0335209275938704
65,45,"-VI",4,6.32151909558273,4.66161339606314,"-VI",4,2.9006772185464,4.757945649233,
65,46,"IV",2,5.56341296327674,5.21162860137978,"IV",5,2.86844735802462,4.00089951000119,
65,47,"IV",2,3.59887507545762,5.28761804073329,"IV",4,4.9573956240247,3.18678149278829,
65,48,"II",3,5.52325149768519,5.11429752507913,"II",3,5.52325149768519,5.11429752507913,
65,49,"V",3,2.69271674935022,4.62338129754034,"V",3,2.69271674935022,4.62338129754034,
,,,,,,,,,,
66,55,"-III",3,2.85303142878154,4.97597381919691,"-III",3,2.85303142878154,4.97597381919691,
66,56,"-II",4,5.93511024212928,4.87200415131871,"-II",4,5.93511024212928,4.87200415131871,
66,57,"i",3,4.71517207412311,4.55158337806905,"i",3,4.71517207412311,4.55158337806905,
66,58,"i",3,4.06064926986031,4.66493896754154,"i",3,4.06064926986031,4.66493896754154,
66,59,"i",3,2.6664380115168,4.98177063680238,"i",3,2.6664380115168,4.98177063680238,
66,60,"V",4,4.99277135292174,5.04717384939525,"I",4,5.02629228051561,5.04717384939525,0.0335209275938704
66,61,"-VI",4,6.32151909558273,4.66161339606314,"-VI",4,2.9006772185464,4.757945649233,
66,62,"IV",2,5.56341296327674,5.21162860137978,"IV",5,2.86844735802462,4.00089951000119,
66,63,"IV",2,3.59887507545762,5.28761804073329,"IV",4,4.9573956240247,3.18678149278829,
66,64,"II",3,5.52325149768519,5.11429752507913,"II",3,5.52325149768519,5.11429752507913,
66,65,"V",3,2.69271674935022,4.62338129754034,"V",3,2.69271674935022,4.62338129754034,
,,,,,,,,,,
67,108,"-III",3,2.85303142878154,4.97597381919691,"-III",3,2.85303142878154,4.97597381919691,
67,109,"-II",4,5.93511024212928,4.87200415131871,"-II",4,5.93511024212928,4.87200415131871,
67,110,"i",3,4.71517207412311,4.55158337806905,"i",3,4.71517207412311,4.55158337806905,
67,111,"i",3,4.06064926986031,4.66493896754154,"i",3,4.06064926986031,4.66493896754154,
67,112,"i",3,2.6664380115168,4.98177063680238,"i",3,2.6664380115168,4.98177063680238,
67,113,"V",4,4.99277135292174,5.04717384939525,"I",4,5.02629228051561,5.04717384939525,0.0335209275938704
67,114,"-VI",4,6.32151909558273,4.66161339606314,"-VI",4,2.9006772185464,4.757945649233,
67,115,"IV",2,5.56341296327674,5.21162860137978,"IV",5,2.86844735802462,4.00089951000119,
67,116,"IV",2,3.59887507545762,5.28761804073329,"IV",4,4.9573956240247,3.18678149278829,
67,117,"II",3,5.52325149768519,5.11429752507913,"II",3,5.52325149768519,5.11429752507913,
67,118,"V",3,2.69271674935022,4.62338129754034,"V",3,2.69271674935022,4.62338129754034,
,,,,,,,,,,
68,124,"-III",3,2.85303142878154,4.97597381919691,"-III",3,2.85303142878154,4.97597381919691,
68,125,"-II",4,5.93511024212928,4.87200415131871,"-II",4,5.93511024212928,4.87200415131871,
68,126,"i",3,4.71517207412311,4.55158337806905,"i",3,4.71517207412311,4.55158337806905,
68,127,"i",3,4.06064926986031,4.66493896754154,"i",3,4.06064926986031,4.66493896754154,
68,128,"i",3,2.6664380115168,4.98177063680238,"i",3,2.6664380115168,4.98177063680238,
68,129,"V",4,4.99277135292174,5.04717384939525,"I",4,5.02629228051561,5.04717384939525,0.0335209275938704
68,130,"-VI",4,6.32151909558273,4.66161339606314,"-VI",4,2.9006772185464,4.757945649233,
68,131,"IV",2,5.56341296327674,5.21162860137978,"IV",5,2.86844735802462,4.00089951000119,
68,132,"IV",2,3.59887507545762,5.28761804073329,"IV",4,4.9573956240247,3.18678149278829,
68,133,"II",3,5.52325149768519,5.11429752507913,"II",3,5.52325149768519,5.11429752507913,
68,134,"V",3,2.69271674935022,4.62338129754034,"V",3,2.69271674935022,4.62338129754034,
,,,,,,,,,,
69,166,"-III",3,2.85303142878154,4.97597381919691,"-III",3,2.85303142878154,4.97597381919691,
69,167,"-II",4,5.93511024212928,4.87200415131871,"-II",4,5.93511024212928,4.87200415131871,
69,168,"i",3,4.71517207412311,4.55158337806905,"i",3,4.71517207412311,4.55158337806905,
69,169,"i",3,4.06064926986031,4.66493896754154,"i",3,4.06064926986031,4.66493896754154,
69,170,"i",3,2.6664380115168,4.98177063680238,"i",3,2.6664380115168,4.98177063680238,
69,171,"V",4,4.99277135292174,5.04717384939525,"I",4,5.02629228051561,5.04717384939525,0.0335209275938704
69,172,"-VI",4,6.32151909558273,4.66161339606314,"-VI",4,2.9006772185464,4.757945649233,
69,173,"IV",2,5.56341296327674,5.21162860137978,"IV",5,2.86844735802462,4.00089951000119,
69,174,"IV",2,3.59887507545762,5.28761804073329,"IV",4,4.9573956240247,3.18678149278829,
69,175,"II",3,5.52325149768519,5.11429752507913,"II",3,5.52325149768519,5.11429752507913,
69,176,"V",3,2.69271674935022,4.62338129754034,"V",3,2.69271674935022,4.62338129754034,
,,,,,,,,,,
70,182,"-III",3,2.85303142878154,4.97597381919691,"-III",3,2.85303142878154,4.97597381919691,
70,183,"-II",4,5.93511024212928,4.87200415131871,"-II",4,5.93511024212928,4.87200415131871,
70,184,"i",3,4.71517207412311,4.55158337806905,"i",3,4.71517207412311,4.55158337806905,
70,185,"i",3,4.06064926986031,4.66493896754154,"i",3,4.06064926986031,4.66493896754154,
70,186,"i",3,2.6664380115168,4.98177063680238,"i",3,2.6664380115168,4.98177063680238,
70,187,"V",4,4.99277135292174,5.04717384939525,"I",4,5.02629228051561,5.04717384939525,0.0335209275938704
70,188,"-VI",4,6.32151909558273,4.66161339606314,"-VI",4,2.9006772185464,4.757945649233,
70,189,"IV",2,5.56341296327674,5.21162860137978,"IV",5,2.86844735802462,4.00089951000119,
70,190,"IV",2,3.59887507545762,5.28761804073329,"IV",4,4.9573956240247,3.18678149278829,
70,191,"II",3,5.52325149768519,5.11429752507913,"II",3,5.52325149768519,5.11429752507913,
70,192,"V",3,2.69271674935022,4.62338129754034,"V",3,2.69271674935022,4.62338129754034,
,,,,,,,,,,
71,235,"-III",3,2.85303142878154,4.97597381919691,"-III",3,2.85303142878154,4.97597381919691,
71,236,"-II",4,5.93511024212928,4.87200415131871,"-II",4,5.93511024212928,4.87200415131871,
71,237,"i",3,4.71517207412311,4.55158337806905,"i",3,4.71517207412311,4.55158337806905,
71,238,"i",3,4.06064926986031,4.66493896754154,"i",3,4.06064926986031,4.66493896754154,
71,239,"i",3,2.6664380115168,4.98177063680238,"i",3,2.6664380115168,4.98177063680238,
71,240,"V",4,4.99277135292174,5.04717384939525,"I",4,5.02629228051561,5.04717384939525,0.0335209275938704
71,241,"-VI",4,6.32151909558273,4.66161339606314,"-VI",4,2.9006772185464,4.757945649233,
71,242,"IV",2,5.56341296327674,5.21162860137978,"IV",5,2.86844735802462,4.00089951000119,
71,243,"IV",2,3.59887507545762,5.28761804073329,"IV",4,4.9573956240247,3.18678149278829,
71,244,"II",3,5.52325149768519,5.11429752507913,"II",3,5.52325149768519,5.11429752507913,
71,245,"V",3,2.69271674935022,4.62338129754034,"V",3,2.69271674935022,4.62338129754034,
,,,,,,,,,,
72,251,"-III",3,2.85303142878154,4.97597381919691,"-III",3,2.85303142878154,4.97597381919691,
72,252,"-II",4,5.93511024212928,4.87200415131871,"-II",4,5.93511024212928,4.87200415131871,
72,253,"i",3,4.71517207412311,4.55158337806905,"i",3,4.71517207412311,4.55158337806905,
72,254,"i",3,4.06064926986031,4.66493896754154,"i",3,4.06064926986031,4.66493896754154,
72,255,"i",3,2.6664380115168,4.98177063680238,"i",3,2.6664380115168,4.98177063680238,
72,256,"V",4,4.99277135292174,5.04717384939525,"I",4,5.02629228051561,5.04717384939525,0.0335209275938704
72,257,"-VI",4,6.32151909558273,4.66161339606314,"-VI",4,2.9006772185464,4.757945649233,
72,258,"IV",2,5.56341296327674,5.21162860137978,"IV",5,2.86844735802462,4.00089951000119,
72,259,"IV",2,3.59887507545762,5.28761804073329,"IV",4,4.9573956240247,3.18678149278829,
72,260,"II",3,5.52325149768519,5.11429752507913,"II",3,5.52325149768519,5.11429752507913,
72,261,"V",3,2.69271674935022,4.62338129754034,"V",3,2.69271674935022,4.62338129754034,
,,,,,,,,,,
73,17,"V",3,2.69271674935022,4.62338129754034,"V",3,2.69271674935022,4.62338129754034,
73,18,"i",4,5.95928547644459,4.42325777984178,"i",4,5.95928547644459,4.42325777984178,
73,19,"i",3,4.21556632988782,4.99387019431662,"i",3,4.21556632988782,4.99387019431662,
73,20,"V",3,5.04833217239508,5.07291631817395,"V",3,5.04833217239508,5.07291631817395,
73,21,"-VI",4,6.8742848016669,3.84050284797238,"-VI",4,6.8742848016669,3.84050284797238,
73,22,"-III",2,4.71464187100915,5.21162860137978,"iv",2,4.74835682348458,5.21162860137978,0.0337149524754281
73,23,"-III",3,2.85303142878154,4.97597381919691,"-III",3,3.36682097308122,5.20806310965008,
73,24,"-II",4,5.93511024212928,4.87200415131871,"-II",4,6.35842271385169,4.82601301845495,
73,25,"i",3,4.71517207412311,4.55158337806905,"i",2,4.25199825895147,5.34725371693309,
73,26,"i",3,4.06064926986031,4.66493896754154,"i",3,4.06064926986031,4.66493896754154,
73,27,"i",3,2.6664380115168,4.98177063680238,"i",3,2.6664380115168,4.98177063680238,
,,,,,,,,,,
74,33,"V",3,2.69271674935022,4.62338129754034,"V",3,2.69271674935022,4.62338129754034,
74,34,"i",4,5.95928547644459,4.42325777984178,"i",4,5.95928547644459,4.42325777984178,
74,35,"i",3,4.21556632988782,4.99387019431662,"i",3,4.21556632988782,4.99387019431662,
74,36,"V",3,5.04833217239508,5.07291631817395,"V",3,5.04833217239508,5.07291631817395,
74,37,"-VI",4,6.8742848016669,3.84050284797238,"-VI",4,6.8742848016669,3.84050284797238,
74,38,"-III",2,4.71464187100915,5.21162860137978,"iv",2,4.74835682348458,5.21162860137978,0.0337149524754281
74,39,"-III",3,2.85303142878154,4.97597381919691,"-III",3,3.36682097308122,5.20806310965008,
74,40,"-II",4,5.93511024212928,4.87200415131871,"-II",4,6.35842271385169,4.82601301845495,
74,41,"i",3,4.71517207412311,4.55158337806905,"i",2,4.25199825895147,5.34725371693309,
74,42,"i",3,4.06064926986031,4.66493896754154,"i",3,4.06064926986031,4.66493896754154,
74,43,"i",3,2.6664380115168,4.98177063680238,"i",3,2.6664380115168,4.98177063680238,
,,,,,,,,,,
75,49,"V",3,2.69271674935022,4.62338129754034,"V",3,2.69271674935022,4.62338129754034,
75,50,"i",4,5.95928547644459,4.42325777984178,"i",4,5.95928547644459,4.42325777984178,
75,51,"i",3,4.21556632988782,4.99387019431662,"i",3,4.21556632988782,4.99387019431662,
75,52,"V",3,5.04833217239508,5.07291631817395,"V",3,5.04833217239508,5.07291631817395,
75,53,"-VI",4,6.8742848016669,3.84050284797238,"-VI",4,6.8742848016669,3.84050284797238,
75,54,"-III",2,4.71464187100915,5.21162860137978,"iv",2,4.74835682348458,5.21162860137978,0.0337149524754281
75,55,"-III",3,2.85303142878154,4.97597381919691,"-III",3,3.36682097308122,5.20806310965008,
75,56,"-II",4,5.93511024212928,4.87200415131871,"-II",4,6.35842271385169,4.82601301845495,
75,57,"i",3,4.71517207412311,4.55158337806905,"i",2,4.25199825895147,5.34725371693309,
75,58,"i",3,4.06064926986031,4.66493896754154,"i",3,4.06064926986031,4.66493896754154,
75,59,"i",3,2.6664380115168,4.98177063680238,"i",3,2.6664380115168,4.98177063680238,
,,,,,,,,,,
76,102,"I",4,3.90552078118793,4.73188272681839,"I",4,3.90552078118793,4.73188272681839,
76,103,"i",4,5.03718376191236,5.22982266041891,"i",4,5.03718376191236,5.22982266041891,
76,104,"i",4,1.36291170400996,4.12687804726425,"i",4,1.36291170400996,4.12687804726425,
76,105,"V",5,5.80234133294087,4.23572288364235,"V",5,5.80234133294087,4.23572288364235,
76,106,"-VI",3,6.49443542269577,4.45310309186184,"-VI",3,6.49443542269577,4.45310309186184,
76,107,"-III",2,4.71464187100915,5.21162860137978,"iv",2,4.74835682348458,5.21162860137978,0.0337149524754281
76,108,"-III",3,2.85303142878154,4.97597381919691,"-III",3,3.36682097308122,5.20806310965008,
76,109,"-II",4,5.93511024212928,4.87200415131871,"-II",4,6.35842271385169,4.82601301845495,
76,110,"i",3,4.71517207412311,4.55158337806905,"i",2,4.25199825895147,5.34725371693309,
76,111,"i",3,4.06064926986031,4.66493896754154,"i",3,4.06064926986031,4.66493896754154,
76,112,"i",3,2.6664380115168,4.98177063680238,"i",3,2.6664380115168,4.98177063680238,
,,,,,,,,,,
77,118,"V",3,2.69271674935022,4.62338129754034,"V",3,2.69271674935022,4.62338129754034,
77,119,"i",4,5.95928547644459,4.42325777984178,"i",4,5.95928547644459,4.42325777984178,
77,120,"i",3,4.21556632988782,4.99387019431662,"i",3,4.21556632988782,4.99387019431662,
77,121,"V",3,5.04833217239508,5.07291631817395,"V",3,5.04833217239508,5.07291631817395,
77,122,"-VI",4,6.8742848016669,3.84050284797238,"-VI",4,6.8742848016669,3.84050284797238,
77,123,"-III",2,4.71464187100915,5.21162860137978,"iv",2,4.74835682348458,5.21162860137978,0.0337149524754281
77,124,"-III",3,2.85303142878154,4.97597381919691,"-III",3,3.36682097308122,5.20806310965008,
77,125,"-II",4,5.93511024212928,4.87200415131871,"-II",4,6.35842271385169,4.82601301845495,
77,126,"i",3,4.71517207412311,4.55158337806905,"i",2,4.25199825895147,5.34725371693309,
77,127,"i",3,4.06064926986031,4.66493896754154,"i",3,4.06064926986031,4.66493896754154,
77,128,"i",3,2.6664380115168,4.98177063680238,"i",3,2.6664380115168,4.98177063680238,
,,,,,,,,,,
78,160,"r",10,0.916055715790007,2.67505415932219,"r",10,0.916055715790007,2.67505415932219,
78,161,"i",10,4.10803806686873,2.67505415932219,"i",10,4.10803806686873,2.67505415932219,
78,162,"i",9,0.826044568706881,2.96475914145408,"i",9,0.826044568706881,2.96475914145408,
78,163,"V",10,6.03833796434557,3.40282469649696,"V",10,6.03833796434557,3.40282469649696,
78,164,"-VI",4,6.74327837667736,4.09527043450209,"-VI",4,6.74327837667736,4.09527043450209,
78,165,"-III",2,4.71464187100915,5.21162860137978,"iv",2,4.74835682348458,5.21162860137978,0.0337149524754281
78,166,"-III",3,2.85303142878154,4.97597381919691,"-III",3,3.36682097308122,5.20806310965008,
78,167,"-II",4,5.93511024212928,4.87200415131871,"-II",4,6.35842271385169,4.82601301845495,
78,168,"i",3,4.71517207412311,4.55158337806905,"i",2,4.25199825895147,5.34725371693309,
78,169,"i",3,4.06064926986031,4.66493896754154,"i",3,4.06064926986031,4.66493896754154,
78,170,"i",3,2.6664380115168,4.98177063680238,"i",3,2.6664380115168,4.98177063680238,
,,,,,,,,,,
79,176,"V",3,2.69271674935022,4.62338129754034,"V",3,2.69271674935022,4.62338129754034,
79,177,"i",4,5.95928547644459,4.42325777984178,"i",4,5.95928547644459,4.42325777984178,
79,178,"i",3,4.21556632988782,4.99387019431662,"i",3,4.21556632988782,4.99387019431662,
79,179,"V",3,5.04833217239508,5.07291631817395,"V",3,5.04833217239508,5.07291631817395,
79,180,"-VI",4,6.8742848016669,3.84050284797238,"-VI",4,6.8742848016669,3.84050284797238,
79,181,"-III",2,4.71464187100915,5.21162860137978,"iv",2,4.74835682348458,5.21162860137978,0.0337149524754281
79,182,"-III",3,2.85303142878154,4.97597381919691,"-III",3,3.36682097308122,5.20806310965008,
79,183,"-II",4,5.93511024212928,4.87200415131871,"-II",4,6.35842271385169,4.82601301845495,
79,184,"i",3,4.71517207412311,4.55158337806905,"i",2,4.25199825895147,5.34725371693309,
79,185,"i",3,4.06064926986031,4.66493896754154,"i",3,4.06064926986031,4.66493896754154,
79,186,"i",3,2.6664380115168,4.98177063680238,"i",3,2.6664380115168,4.98177063680238,
,,,,,,,,,,
80,229,"I",4,3.90552078118793,4.73188272681839,"I",4,3.90552078118793,4.73188272681839,
80,230,"i",4,5.03718376191236,5.22982266041891,"i",4,5.03718376191236,5.22982266041891,
80,231,"i",4,1.36291170400996,4.12687804726425,"i",4,1.36291170400996,4.12687804726425,
80,232,"V",5,5.80234133294087,4.23572288364235,"V",5,5.80234133294087,4.23572288364235,
80,233,"-VI",3,6.49443542269577,4.45310309186184,"-VI",3,6.49443542269577,4.45310309186184,
80,234,"-III",2,4.71464187100915,5.21162860137978,"iv",2,4.74835682348458,5.21162860137978,0.0337149524754281
80,235,"-III",3,2.85303142878154,4.97597381919691,"-III",3,3.36682097308122,5.20806310965008,
80,236,"-II",4,5.93511024212928,4.87200415131871,"-II",4,6.35842271385169,4.82601301845495,
80,237,"i",3,4.71517207412311,4.55158337806905,"i",2,4.25199825895147,5.34725371693309,
80,238,"i",3,4.06064926986031,4.66493896754154,"i",3,4.06064926986031,4.66493896754154,
80,239,"i",3,2.6664380115168,4.98177063680238,"i",3,2.6664380115168,4.98177063680238,
,,,,,,,,,,
81,245,"V",3,2.69271674935022,4.62338129754034,"V",3,2.69271674935022,4.62338129754034,
81,246,"i",4,5.95928547644459,4.42325777984178,"i",4,5.95928547644459,4.42325777984178,
81,247,"i",3,4.21556632988782,4.99387019431662,"i",3,4.21556632988782,4.99387019431662,
81,248,"V",3,5.04833217239508,5.07291631817395,"V",3,5.04833217239508,5.07291631817395,
81,249,"-VI",4,6.8742848016669,3.84050284797238,"-VI",4,6.8742848016669,3.84050284797238,
81,250,"-III",2,4.71464187100915,5.21162860137978,"iv",2,4.74835682348458,5.21162860137978,0.0337149524754281
81,251,"-III",3,2.85303142878154,4.97597381919691,"-III",3,3.36682097308122,5.20806310965008,
81,252,"-II",4,5.93511024212928,4.87200415131871,"-II",4,6.35842271385169,4.82601301845495,
81,253,"i",3,4.71517207412311,4.55158337806905,"i",2,4.25199825895147,5.34725371693309,
81,254,"i",3,4.06064926986031,4.66493896754154,"i",3,4.06064926986031,4.66493896754154,
81,255,"i",3,2.6664380115168,4.98177063680238,"i",3,2.6664380115168,4.98177063680238,
,,,,,,,,,,
82,8,"-II",4,5.93511024212928,4.87200415131871,"-II",4,5.93511024212928,4.87200415131871,
82,9,"i",3,4.71517207412311,4.55158337806905,"i",3,4.71517207412311,4.55158337806905,
82,10,"i",3,4.06064926986031,4.66493896754154,"i",3,4.06064926986031,4.66493896754154,
82,11,"i",3,2.6664380115168,4.98177063680238,"i",3,2.6664380115168,4.98177063680238,
82,12,"V",4,4.99277135292174,5.04717384939525,"V",4,4.99277135292174,5.04717384939525,
82,13,"-VI",4,6.32151909558273,4.66161339606314,"vi",4,6.28694412592778,4.66161339606314,0.034574969654952
82,14,"IV",2,5.56341296327674,5.21162860137978,"IV",2,4.44776456224614,5.32418688673387,
82,15,"IV",2,3.59887507545762,5.28761804073329,"IV",3,4.00793728834575,5.13289751067257,
82,16,"II",3,5.52325149768519,5.11429752507913,"II",4,5.73177495863711,4.92425537900118,
82,17,"V",3,2.69271674935022,4.62338129754034,"V",3,2.69271674935022,4.62338129754034,
82,18,"i",4,5.95928547644459,4.42325777984178,"i",4,5.95928547644459,4.42325777984178,
,,,,,,,,,,
83,24,"-II",4,5.93511024212928,4.87200415131871,"-II",4,5.93511024212928,4.87200415131871,
83,25,"i",3,4.71517207412311,4.55158337806905,"i",3,4.71517207412311,4.55158337806905,
83,26,"i",3,4.06064926986031,4.66493896754154,"i",3,4.06064926986031,4.66493896754154,
83,27,"i",3,2.6664380115168,4.98177063680238,"i",3,2.6664380115168,4.98177063680238,
83,28,"V",4,4.99277135292174,5.04717384939525,"V",4,4.99277135292174,5.04717384939525,
83,29,"-VI",4,6.32151909558273,4.66161339606314,"vi",4,6.28694412592778,4.66161339606314,0.034574969654952
83,30,"IV",2,5.56341296327674,5.21162860137978,"IV",2,4.44776456224614,5.32418688673387,
83,31,"IV",2,3.59887507545762,5.28761804073329,"IV",3,4.00793728834575,5.13289751067257,
83,32,"II",3,5.52325149768519,5.11429752507913,"II",4,5.73177495863711,4.92425537900118,
83,33,"V",3,2.69271674935022,4.62338129754034,"V",3,2.69271674935022,4.62338129754034,
83,34,"i",4,5.95928547644459,4.42325777984178,"i",4,5.95928547644459,4.42325777984178,
,,,,,,,,,,
84,40,"-II",4,5.93511024212928,4.87200415131871,"-II",4,5.93511024212928,4.87200415131871,
84,41,"i",3,4.71517207412311,4.55158337806905,"i",3,4.71517207412311,4.55158337806905,
84,42,"i",3,4.06064926986031,4.66493896754154,"i",3,4.06064926986031,4.66493896754154,
84,43,"i",3,2.6664380115168,4.98177063680238,"i",3,2.6664380115168,4.98177063680238,
84,44,"V",4,4.99277135292174,5.04717384939525,"V",4,4.99277135292174,5.04717384939525,
84,45,"-VI",4,6.32151909558273,4.66161339606314,"vi",4,6.28694412592778,4.66161339606314,0.034574969654952
84,46,"IV",2,5.56341296327674,5.21162860137978,"IV",2,4.44776456224614,5.32418688673387,
84,47,"IV",2,3.59887507545762,5.28761804073329,"IV",3,4.00793728834575,5.13289751067257,
84,48,"II",3,5.52325149768519,5.11429752507913,"II",4,5.73177495863711,4.92425537900118,
84,49,"V",3,2.69271674935022,4.62338129754034,"V",3,2.69271674935022,4.62338129754034,
84,50,"i",4,5.95928547644459,4.42325777984178,"i",4,5.95928547644459,4.42325777984178,
,,,,,,,,,,
85,56,"-II",4,5.93511024212928,4.87200415131871,"-II",4,5.93511024212928,4.87200415131871,
85,57,"i",3,4.71517207412311,4.55158337806905,"i",3,4.71517207412311,4.55158337806905,
85,58,"i",3,4.06064926986031,4.66493896754154,"i",3,4.06064926986031,4.66493896754154,
85,59,"i",3,2.6664380115168,4.98177063680238,"i",3,2.6664380115168,4.98177063680238,
85,60,"V",4,4.99277135292174,5.04717384939525,"V",4,4.99277135292174,5.04717384939525,
85,61,"-VI",4,6.32151909558273,4.66161339606314,"vi",4,6.28694412592778,4.66161339606314,0.034574969654952
85,62,"IV",2,5.56341296327674,5.21162860137978,"IV",2,4.44776456224614,5.32418688673387,
85,63,"IV",2,3.59887507545762,5.28761804073329,"IV",3,4.00793728834575,5.13289751067257,
85,64,"II",3,5.52325149768519,5.11429752507913,"II",4,5.73177495863711,4.92425537900118,
85,65,"V",3,2.69271674935022,4.62338129754034,"V",3,2.69271674935022,4.62338129754034,
85,66,"i",4,5.95928547644459,4.42325777984178,"i",4,5.95928547644459,4.42325777984178,
,,,,,,,,,,
86,101,"I",4,3.41106504221493,4.23680940280804,"I",4,3.41106504221493,4.23680940280804,
86,102,"I",4,3.90552078118793,4.73188272681839,"I",4,3.90552078118793,4.73188272681839,
86,103,"i",4,5.03718376191236,5.22982266041891,"i",4,5.03718376191236,5.22982266041891,
86,104,"i",4,1.36291170400996,4.12687804726425,"i",4,1.36291170400996,4.12687804726425,
86,105,"V",5,5.80234133294087,4.23572288364235,"V",5,5.80234133294087,4.23572288364235,
86,106,"-VI",3,6.49443542269577,4.45310309186184,"vi",3,6.45986045304082,4.45310309186184,0.034574969654952
86,107,"-III",2,4.71464187100915,5.21162860137978,"-III",2,5.89939708346978,5.32418688673387,
86,108,"-III",3,2.85303142878154,4.97597381919691,"-III",3,3.98087591408457,4.72938478408509,
86,109,"-II",4,5.93511024212928,4.87200415131871,"-II",3,5.75555439382456,4.98947429359933,
86,110,"i",3,4.71517207412311,4.55158337806905,"i",3,4.71517207412311,4.55158337806905,
86,111,"i",3,4.06064926986031,4.66493896754154,"i",3,4.06064926986031,4.66493896754154,
,,,,,,,,,,
87,109,"-II",4,5.93511024212928,4.87200415131871,"-II",4,5.93511024212928,4.87200415131871,
87,110,"i",3,4.71517207412311,4.55158337806905,"i",3,4.71517207412311,4.55158337806905,
87,111,"i",3,4.06064926986031,4.66493896754154,"i",3,4.06064926986031,4.66493896754154,
87,112,"i",3,2.6664380115168,4.98177063680238,"i",3,2.6664380115168,4.98177063680238,
87,113,"V",4,4.99277135292174,5.04717384939525,"V",4,4.99277135292174,5.04717384939525,
87,114,"-VI",4,6.32151909558273,4.66161339606314,"vi",4,6.28694412592778,4.66161339606314,0.034574969654952
87,115,"IV",2,5.56341296327674,5.21162860137978,"IV",2,4.44776456224614,5.32418688673387,
87,116,"IV",2,3.59887507545762,5.28761804073329,"IV",3,4.00793728834575,5.13289751067257,
87,117,"II",3,5.52325149768519,5.11429752507913,"II",4,5.73177495863711,4.92425537900118,
87,118,"V",3,2.69271674935022,4.62338129754034,"V",3,2.69271674935022,4.62338129754034,
87,119,"i",4,5.95928547644459,4.42325777984178,"i",4,5.95928547644459,4.42325777984178,
,,,,,,,,,,
88,125,"-II",4,5.93511024212928,4.87200415131871,"-II",4,5.93511024212928,4.87200415131871,
88,126,"i",3,4.71517207412311,4.55158337806905,"i",3,4.71517207412311,4.55158337806905,
88,127,"i",3,4.06064926986031,4.66493896754154,"i",3,4.06064926986031,4.66493896754154,
88,128,"i",3,2.6664380115168,4.98177063680238,"i",3,2.6664380115168,4.98177063680238,
88,129,"V",4,4.99277135292174,5.04717384939525,"V",4,4.99277135292174,5.04717384939525,
88,130,"-VI",4,6.32151909558273,4.66161339606314,"vi",4,6.28694412592778,4.66161339606314,0.034574969654952
88,131,"IV",2,5.56341296327674,5.21162860137978,"IV",2,4.44776456224614,5.32418688673387,
88,132,"IV",2,3.59887507545762,5.28761804073329,"IV",3,4.00793728834575,5.13289751067257,
88,133,"II",3,5.52325149768519,5.11429752507913,"II",4,5.73177495863711,4.92425537900118,
88,134,"V",3,2.69271674935022,4.62338129754034,"V",3,2.69271674935022,4.62338129754034,
88,135,"i",4,5.95928547644459,4.42325777984178,"i",4,5.95928547644459,4.42325777984178,
,,,,,,,,,,
89,167,"-II",4,5.93511024212928,4.87200415131871,"-II",4,5.93511024212928,4.87200415131871,
89,168,"i",3,4.71517207412311,4.55158337806905,"i",3,4.71517207412311,4.55158337806905,
89,169,"i",3,4.06064926986031,4.66493896754154,"i",3,4.06064926986031,4.66493896754154,
89,170,"i",3,2.6664380115168,4.98177063680238,"i",3,2.6664380115168,4.98177063680238,
89,171,"V",4,4.99277135292174,5.04717384939525,"V",4,4.99277135292174,5.04717384939525,
89,172,"-VI",4,6.32151909558273,4.66161339606314,"vi",4,6.28694412592778,4.66161339606314,0.034574969654952
89,173,"IV",2,5.56341296327674,5.21162860137978,"IV",2,4.44776456224614,5.32418688673387,
89,174,"IV",2,3.59887507545762,5.28761804073329,"IV",3,4.00793728834575,5.13289751067257,
89,175,"II",3,5.52325149768519,5.11429752507913,"II",4,5.73177495863711,4.92425537900118,
89,176,"V",3,2.69271674935022,4.62338129754034,"V",3,2.69271674935022,4.62338129754034,
89,177,"i",4,5.95928547644459,4.42325777984178,"i",4,5.95928547644459,4.42325777984178,
,,,,,,,,,,
90,183,"-II",4,5.93511024212928,4.87200415131871,"-II",4,5.93511024212928,4.87200415131871,
90,184,"i",3,4.71517207412311,4.55158337806905,"i",3,4.71517207412311,4.55158337806905,
90,185,"i",3,4.06064926986031,4.66493896754154,"i",3,4.06064926986031,4.66493896754154,
90,186,"i",3,2.6664380115168,4.98177063680238,"i",3,2.6664380115168,4.98177063680238,
90,187,"V",4,4.99277135292174,5.04717384939525,"V",4,4.99277135292174,5.04717384939525,
90,188,"-VI",4,6.32151909558273,4.66161339606314,"vi",4,6.28694412592778,4.66161339606314,0.034574969654952
90,189,"IV",2,5.56341296327674,5.21162860137978,"IV",2,4.44776456224614,5.32418688673387,
90,190,"IV",2,3.59887507545762,5.28761804073329,"IV",3,4.00793728834575,5.13289751067257,
90,191,"II",3,5.52325149768519,5.11429752507913,"II",4,5.73177495863711,4.92425537900118,
90,192,"V",3,2.69271674935022,4.62338129754034,"V",3,2.69271674935022,4.62338129754034,
90,193,"i",4,5.95928547644459,4.42325777984178,"i",4,5.95928547644459,4.42325777984178,
,,,,,,,,,,
91,228,"I",4,3.41106504221493,4.23680940280804,"I",4,3.41106504221493,4.23680940280804,
91,229,"I",4,3.90552078118793,4.73188272681839,"I",4,3.90552078118793,4.73188272681839,
91,230,"i",4,5.03718376191236,5.22982266041891,"i",4,5.03718376191236,5.22982266041891,
91,231,"i",4,1.36291170400996,4.12687804726425,"i",4,1.36291170400996,4.12687804726425,
91,232,"V",5,5.80234133294087,4.23572288364235,"V",5,5.80234133294087,4.23572288364235,
91,233,"-VI",3,6.49443542269577,4.45310309186184,"vi",3,6.45986045304082,4.45310309186184,0.034574969654952
91,234,"-III",2,4.71464187100915,5.21162860137978,"-III",2,5.89939708346978,5.32418688673387,
91,235,"-III",3,2.85303142878154,4.97597381919691,"-III",3,3.98087591408457,4.72938478408509,
91,236,"-II",4,5.93511024212928,4.87200415131871,"-II",3,5.75555439382456,4.98947429359933,
91,237,"i",3,4.71517207412311,4.55158337806905,"i",3,4.71517207412311,4.55158337806905,
91,238,"i",3,4.06064926986031,4.66493896754154,"i",3,4.06064926986031,4.66493896754154,
,,,,,,,,,,
92,236,"-II",4,5.93511024212928,4.87200415131871,"-II",4,5.93511024212928,4.87200415131871,
92,237,"i",3,4.71517207412311,4.55158337806905,"i",3,4.71517207412311,4.55158337806905,
92,238,"i",3,4.06064926986031,4.66493896754154,"i",3,4.06064926986031,4.66493896754154,
92,239,"i",3,2.6664380115168,4.98177063680238,"i",3,2.6664380115168,4.98177063680238,
92,240,"V",4,4.99277135292174,5.04717384939525,"V",4,4.99277135292174,5.04717384939525,
92,241,"-VI",4,6.32151909558273,4.66161339606314,"vi",4,6.28694412592778,4.66161339606314,0.034574969654952
92,242,"IV",2,5.56341296327674,5.21162860137978,"IV",2,4.44776456224614,5.32418688673387,
92,243,"IV",2,3.59887507545762,5.28761804073329,"IV",3,4.00793728834575,5.13289751067257,
92,244,"II",3,5.52325149768519,5.11429752507913,"II",4,5.73177495863711,4.92425537900118,
92,245,"V",3,2.69271674935022,4.62338129754034,"V",3,2.69271674935022,4.62338129754034,
92,246,"i",4,5.95928547644459,4.42325777984178,"i",4,5.95928547644459,4.42325777984178,
,,,,,,,,,,
93,252,"-II",4,5.93511024212928,4.87200415131871,"-II",4,5.93511024212928,4.87200415131871,
93,253,"i",3,4.71517207412311,4.55158337806905,"i",3,4.71517207412311,4.55158337806905,
93,254,"i",3,4.06064926986031,4.66493896754154,"i",3,4.06064926986031,4.66493896754154,
93,255,"i",3,2.6664380115168,4.98177063680238,"i",3,2.6664380115168,4.98177063680238,
93,256,"V",4,4.99277135292174,5.04717384939525,"V",4,4.99277135292174,5.04717384939525,
93,257,"-VI",4,6.32151909558273,4.66161339606314,"vi",4,6.28694412592778,4.66161339606314,0.034574969654952
93,258,"IV",2,5.56341296327674,5.21162860137978,"IV",2,4.44776456224614,5.32418688673387,
93,259,"IV",2,3.59887507545762,5.28761804073329,"IV",3,4.00793728834575,5.13289751067257,
93,260,"II",3,5.52325149768519,5.11429752507913,"II",4,5.73177495863711,4.92425537900118,
93,261,"V",3,2.69271674935022,4.62338129754034,"V",3,2.69271674935022,4.62338129754034,
93,262,"i",4,5.95928547644459,4.42325777984178,"i",4,5.95928547644459,4.42325777984178,
,,,,,,,,,,
94,16,"II",3,5.52325149768519,5.11429752507913,"II",3,5.52325149768519,5.11429752507913,
94,17,"V",3,2.69271674935022,4.62338129754034,"V",3,2.69271674935022,4.62338129754034,
94,18,"i",4,5.95928547644459,4.42325777984178,"i",4,5.95928547644459,4.42325777984178,
94,19,"i",3,4.21556632988782,4.99387019431662,"i",3,4.21556632988782,4.99387019431662,
94,20,"V",3,5.04833217239508,5.07291631817395,"V",3,5.04833217239508,5.07291631817395,
94,21,"-VI",4,6.8742848016669,3.84050284797238,"vi",4,6.83970983201195,3.84050284797238,0.0345749696549529
94,22,"-III",2,4.71464187100915,5.21162860137978,"-III",2,5.89939708346978,5.32418688673387,
94,23,"-III",3,2.85303142878154,4.97597381919691,"-III",3,3.98087591408457,4.72938478408509,
94,24,"-II",4,5.93511024212928,4.87200415131871,"-II",3,5.75555439382456,4.98947429359933,
94,25,"i",3,4.71517207412311,4.55158337806905,"i",3,4.71517207412311,4.55158337806905,
94,26,"i",3,4.06064926986031,4.66493896754154,"i",3,4.06064926986031,4.66493896754154,
,,,,,,,,,,
95,32,"II",3,5.52325149768519,5.11429752507913,"II",3,5.52325149768519,5.11429752507913,
95,33,"V",3,2.69271674935022,4.62338129754034,"V",3,2.69271674935022,4.62338129754034,
95,34,"i",4,5.95928547644459,4.42325777984178,"i",4,5.95928547644459,4.42325777984178,
95,35,"i",3,4.21556632988782,4.99387019431662,"i",3,4.21556632988782,4.99387019431662,
95,36,"V",3,5.04833217239508,5.07291631817395,"V",3,5.04833217239508,5.07291631817395,
95,37,"-VI",4,6.8742848016669,3.84050284797238,"vi",4,6.83970983201195,3.84050284797238,0.0345749696549529
95,38,"-III",2,4.71464187100915,5.21162860137978,"-III",2,5.89939708346978,5.32418688673387,
95,39,"-III",3,2.85303142878154,4.97597381919691,"-III",3,3.98087591408457,4.72938478408509,
95,40,"-II",4,5.93511024212928,4.87200415131871,"-II",3,5.75555439382456,4.98947429359933,
95,41,"i",3,4.71517207412311,4.55158337806905,"i",3,4.71517207412311,4.55158337806905,
95,42,"i",3,4.06064926986031,4.66493896754154,"i",3,4.06064926986031,4.66493896754154,
,,,,,,,,,,
96,48,"II",3,5.52325149768519,5.11429752507913,"II",3,5.52325149768519,5.11429752507913,
96,49,"V",3,2.69271674935022,4.62338129754034,"V",3,2.69271674935022,4.62338129754034,
96,50,"i",4,5.95928547644459,4.42325777984178,"i",4,5.95928547644459,4.42325777984178,
96,51,"i",3,4.21556632988782,4.99387019431662,"i",3,4.21556632988782,4.99387019431662,
96,52,"V",3,5.04833217239508,5.07291631817395,"V",3,5.04833217239508,5.07291631817395,
96,53,"-VI",4,6.8742848016669,3.84050284797238,"vi",4,6.83970983201195,3.84050284797238,0.0345749696549529
96,54,"-III",2,4.71464187100915,5.21162860137978,"-III",2,5.89939708346978,5.32418688673387,
96,55,"-III",3,2.85303142878154,4.97597381919691,"-III",3,3.98087591408457,4.72938478408509,
96,56,"-II",4,5.93511024212928,4.87200415131871,"-II",3,5.75555439382456,4.98947429359933,
96,57,"i",3,4.71517207412311,4.55158337806905,"i",3,4.71517207412311,4.55158337806905,
96,58,"i",3,4.06064926986031,4.66493896754154,"i",3,4.06064926986031,4.66493896754154,
,,,,,,,,,,
97,117,"II",3,5.52325149768519,5.11429752507913,"II",3,5.52325149768519,5.11429752507913,
97,118,"V",3,2.69271674935022,4.62338129754034,"V",3,2.69271674935022,4.62338129754034,
97,119,"i",4,5.95928547644459,4.42325777984178,"i",4,5.95928547644459,4.42325777984178,
97,120,"i",3,4.21556632988782,4.99387019431662,"i",3,4.21556632988782,4.99387019431662,
97,121,"V",3,5.04833217239508,5.07291631817395,"V",3,5.04833217239508,5.07291631817395,
97,122,"-VI",4,6.8742848016669,3.84050284797238,"vi",4,6.83970983201195,3.84050284797238,0.0345749696549529
97,123,"-III",2,4.71464187100915,5.21162860137978,"-III",2,5.89939708346978,5.32418688673387,
97,124,"-III",3,2.85303142878154,4.97597381919691,"-III",3,3.98087591408457,4.72938478408509,
97,125,"-II",4,5.93511024212928,4.87200415131871,"-II",3,5.75555439382456,4.98947429359933,
97,126,"i",3,4.71517207412311,4.55158337806905,"i",3,4.71517207412311,4.55158337806905,
97,127,"i",3,4.06064926986031,4.66493896754154,"i",3,4.06064926986031,4.66493896754154,
,,,,,,,,,,
98,159,"r",10,0.916055715790007,2.67505415932219,"r",10,0.916055715790007,2.67505415932219,
98,160,"r",10,0.916055715790007,2.67505415932219,"r",10,0.916055715790007,2.67505415932219,
98,161,"i",10,4.10803806686873,2.67505415932219,"i",10,4.10803806686873,2.67505415932219,
98,162,"i",9,0.826044568706881,2.96475914145408,"i",9,0.826044568706881,2.96475914145408,
98,163,"V",10,6.03833796434557,3.40282469649696,"V",10,6.03833796434557,3.40282469649696,
98,164,"-VI",4,6.74327837667736,4.09527043450209,"vi",4,6.70870340702241,4.09527043450209,0.0345749696549529
98,165,"-III",2,4.71464187100915,5.21162860137978,"-III",2,5.89939708346978,5.32418688673387,
98,166,"-III",3,2.85303142878154,4.97597381919691,"-III",3,3.98087591408457,4.72938478408509,
98,167,"-II",4,5.93511024212928,4.87200415131871,"-II",3,5.75555439382456,4.98947429359933,
98,168,"i",3,4.71517207412311,4.55158337806905,"i",3,4.71517207412311,4.55158337806905,
98,169,"i",3,4.06064926986031,4.66493896754154,"i",3,4.06064926986031,4.66493896754154,
,,,,,,,,,,
99,175,"II",3,5.52325149768519,5.11429752507913,"II",3,5.52325149768519,5.11429752507913,
99,176,"V",3,2.69271674935022,4.62338129754034,"V",3,2.69271674935022,4.62338129754034,
99,177,"i",4,5.95928547644459,4.42325777984178,"i",4,5.95928547644459,4.42325777984178,
99,178,"i",3,4.21556632988782,4.99387019431662,"i",3,4.21556632988782,4.99387019431662,
99,179,"V",3,5.04833217239508,5.07291631817395,"V",3,5.04833217239508,5.07291631817395,
99,180,"-VI",4,6.8742848016669,3.84050284797238,"vi",4,6.83970983201195,3.84050284797238,0.0345749696549529
99,181,"-III",2,4.71464187100915,5.21162860137978,"-III",2,5.89939708346978,5.32418688673387,
99,182,"-III",3,2.85303142878154,4.97597381919691,"-III",3,3.98087591408457,4.72938478408509,
99,183,"-II",4,5.93511024212928,4.87200415131871,"-II",3,5.75555439382456,4.98947429359933,
99,184,"i",3,4.71517207412311,4.55158337806905,"i",3,4.71517207412311,4.55158337806905,
99,185,"i",3,4.06064926986031,4.66493896754154,"i",3,4.06064926986031,4.66493896754154,
,,,,,,,,,,
100,244,"II",3,5.52325149768519,5.11429752507913,"II",3,5.52325149768519,5.11429752507913,
100,245,"V",3,2.69271674935022,4.62338129754034,"V",3,2.69271674935022,4.62338129754034,
100,246,"i",4,5.95928547644459,4.42325777984178,"i",4,5.95928547644459,4.42325777984178,
100,247,"i",3,4.21556632988782,4.99387019431662,"i",3,4.21556632988782,4.99387019431662,
100,248,"V",3,5.04833217239508,5.07291631817395,"V",3,5.04833217239508,5.07291631817395,
100,249,"-VI",4,6.8742848016669,3.84050284797238,"vi",4,6.83970983201195,3.84050284797238,0.0345749696549529
100,250,"-III",2,4.71464187100915,5.21162860137978,"-III",2,5.89939708346978,5.32418688673387,
100,251,"-III",3,2.85303142878154,4.97597381919691,"-III",3,3.98087591408457,4.72938478408509,
100,252,"-II",4,5.93511024212928,4.87200415131871,"-II",3,5.75555439382456,4.98947429359933,
100,253,"i",3,4.71517207412311,4.55158337806905,"i",3,4.71517207412311,4.55158337806905,
100,254,"i",3,4.06064926986031,4.66493896754154,"i",3,4.06064926986031,4.66493896754154,
,,,,,,,,,,
101,15,"IV",2,3.59887507545762,5.28761804073329,"IV",2,3.59887507545762,5.28761804073329,
101,16,"II",3,5.52325149768519,5.11429752507913,"II",3,5.52325149768519,5.11429752507913,
101,17,"V",3,2.69271674935022,4.62338129754034,"V",3,2.69271674935022,4.62338129754034,
101,18,"i",4,5.95928547644459,4.42325777984178,"i",4,5.95928547644459,4.42325777984178,
101,19,"i",3,4.21556632988782,4.99387019431662,"i",3,4.21556632988782,4.99387019431662,
101,20,"V",3,5.04833217239508,5.07291631817395,"-II",3,5.08440033471511,5.07291631817395,0.0360681623200376
101,21,"-VI",4,6.8742848016669,3.84050284797238,"-VI",4,7.17782646822951,3.69060604914797,
101,22,"-III",2,4.71464187100915,5.21162860137978,"-III",2,3.09568548003975,5.15624950067728,
101,23,"-III",3,2.85303142878154,4.97597381919691,"-III",3,4.32764510040253,4.82665387088711,
101,24,"-II",4,5.93511024212928,4.87200415131871,"-II",3,5.7043381075464,5.23200446626766,
101,25,"i",3,4.71517207412311,4.55158337806905,"i",3,4.71517207412311,4.55158337806905,
,,,,,,,,,,
102,31,"IV",2,3.59887507545762,5.28761804073329,"IV",2,3.59887507545762,5.28761804073329,
102,32,"II",3,5.52325149768519,5.11429752507913,"II",3,5.52325149768519,5.11429752507913,
102,33,"V",3,2.69271674935022,4.62338129754034,"V",3,2.69271674935022,4.62338129754034,
102,34,"i",4,5.95928547644459,4.42325777984178,"i",4,5.95928547644459,4.42325777984178,
102,35,"i",3,4.21556632988782,4.99387019431662,"i",3,4.21556632988782,4.99387019431662,
102,36,"V",3,5.04833217239508,5.07291631817395,"-II",3,5.08440033471511,5.07291631817395,0.0360681623200376
102,37,"-VI",4,6.8742848016669,3.84050284797238,"-VI",4,7.17782646822951,3.69060604914797,
102,38,"-III",2,4.71464187100915,5.21162860137978,"-III",2,3.09568548003975,5.15624950067728,
102,39,"-III",3,2.85303142878154,4.97597381919691,"-III",3,4.32764510040253,4.82665387088711,
102,40,"-II",4,5.93511024212928,4.87200415131871,"-II",3,5.7043381075464,5.23200446626766,
102,41,"i",3,4.71517207412311,4.55158337806905,"i",3,4.71517207412311,4.55158337806905,
,,,,,,,,,,
103,47,"IV",2,3.59887507545762,5.28761804073329,"IV",2,3.59887507545762,5.28761804073329,
103,48,"II",3,5.52325149768519,5.11429752507913,"II",3,5.52325149768519,5.11429752507913,
103,49,"V",3,2.69271674935022,4.62338129754034,"V",3,2.69271674935022,4.62338129754034,
103,50,"i",4,5.95928547644459,4.42325777984178,"i",4,5.95928547644459,4.42325777984178,
103,51,"i",3,4.21556632988782,4.99387019431662,"i",3,4.21556632988782,4.99387019431662,
103,52,"V",3,5.04833217239508,5.07291631817395,"-II",3,5.08440033471511,5.07291631817395,0.0360681623200376
103,53,"-VI",4,6.8742848016669,3.84050284797238,"-VI",4,7.17782646822951,3.69060604914797,
103,54,"-III",2,4.71464187100915,5.21162860137978,"-III",2,3.09568548003975,5.15624950067728,
103,55,"-III",3,2.85303142878154,4.97597381919691,"-III",3,4.32764510040253,4.82665387088711,
103,56,"-II",4,5.93511024212928,4.87200415131871,"-II",3,5.7043381075464,5.23200446626766,
103,57,"i",3,4.71517207412311,4.55158337806905,"i",3,4.71517207412311,4.55158337806905,
,,,,,,,,,,
104,116,"IV",2,3.59887507545762,5.28761804073329,"IV",2,3.59887507545762,5.28761804073329,
104,117,"II",3,5.52325149768519,5.11429752507913,"II",3,5.52325149768519,5.11429752507913,
104,118,"V",3,2.69271674935022,4.62338129754034,"V",3,2.69271674935022,4.62338129754034,
104,119,"i",4,5.95928547644459,4.42325777984178,"i",4,5.95928547644459,4.42325777984178,
104,120,"i",3,4.21556632988782,4.99387019431662,"i",3,4.21556632988782,4.99387019431662,
104,121,"V",3,5.04833217239508,5.07291631817395,"-II",3,5.08440033471511,5.07291631817395,0.0360681623200376
104,122,"-VI",4,6.8742848016669,3.84050284797238,"-VI",4,7.17782646822951,3.69060604914797,
104,123,"-III",2,4.71464187100915,5.21162860137978,"-III",2,3.09568548003975,5.15624950067728,
104,124,"-III",3,2.85303142878154,4.97597381919691,"-III",3,4.32764510040253,4.82665387088711,
104,125,"-II",4,5.93511024212928,4.87200415131871,"-II",3,5.7043381075464,5.23200446626766,
104,126,"i",3,4.71517207412311,4.55158337806905,"i",3,4.71517207412311,4.55158337806905,
,,,,,,,,,,
105,174,"IV",2,3.59887507545762,5.28761804073329,"IV",2,3.59887507545762,5.28761804073329,
105,175,"II",3,5.52325149768519,5.11429752507913,"II",3,5.52325149768519,5.11429752507913,
105,176,"V",3,2.69271674935022,4.62338129754034,"V",3,2.69271674935022,4.62338129754034,
105,177,"i",4,5.95928547644459,4.42325777984178,"i",4,5.95928547644459,4.42325777984178,
105,178,"i",3,4.21556632988782,4.99387019431662,"i",3,4.21556632988782,4.99387019431662,
105,179,"V",3,5.04833217239508,5.07291631817395,"-II",3,5.08440033471511,5.07291631817395,0.0360681623200376
105,180,"-VI",4,6.8742848016669,3.84050284797238,"-VI",4,7.17782646822951,3.69060604914797,
105,181,"-III",2,4.71464187100915,5.21162860137978,"-III",2,3.09568548003975,5.15624950067728,
105,182,"-III",3,2.85303142878154,4.97597381919691,"-III",3,4.32764510040253,4.82665387088711,
105,183,"-II",4,5.93511024212928,4.87200415131871,"-II",3,5.7043381075464,5.23200446626766,
105,184,"i",3,4.71517207412311,4.55158337806905,"i",3,4.71517207412311,4.55158337806905,
,,,,,,,,,,
106,243,"IV",2,3.59887507545762,5.28761804073329,"IV",2,3.59887507545762,5.28761804073329,
106,244,"II",3,5.52325149768519,5.11429752507913,"II",3,5.52325149768519,5.11429752507913,
106,245,"V",3,2.69271674935022,4.62338129754034,"V",3,2.69271674935022,4.62338129754034,
106,246,"i",4,5.95928547644459,4.42325777984178,"i",4,5.95928547644459,4.42325777984178,
106,247,"i",3,4.21556632988782,4.99387019431662,"i",3,4.21556632988782,4.99387019431662,
106,248,"V",3,5.04833217239508,5.07291631817395,"-II",3,5.08440033471511,5.07291631817395,0.0360681623200376
106,249,"-VI",4,6.8742848016669,3.84050284797238,"-VI",4,7.17782646822951,3.69060604914797,
106,250,"-III",2,4.71464187100915,5.21162860137978,"-III",2,3.09568548003975,5.15624950067728,
106,251,"-III",3,2.85303142878154,4.97597381919691,"-III",3,4.32764510040253,4.82665387088711,
106,252,"-II",4,5.93511024212928,4.87200415131871,"-II",3,5.7043381075464,5.23200446626766,
106,253,"i",3,4.71517207412311,4.55158337806905,"i",3,4.71517207412311,4.55158337806905,
,,,,,,,,,,
107,62,"IV",2,5.56341296327674,5.21162860137978,"IV",2,5.56341296327674,5.21162860137978,
107,63,"IV",2,3.59887507545762,5.28761804073329,"IV",2,3.59887507545762,5.28761804073329,
107,64,"II",3,5.52325149768519,5.11429752507913,"II",3,5.52325149768519,5.11429752507913,
107,65,"V",3,2.69271674935022,4.62338129754034,"V",3,2.69271674935022,4.62338129754034,
107,66,"i",4,5.95928547644459,4.42325777984178,"i",4,5.95928547644459,4.42325777984178,
107,67,"-III",3,5.11167207931877,4.99387019431662,"-VI",3,5.07280686778025,4.99387019431662,0.0388652115385231
107,68,"IV",3,2.56923925731804,4.88520289799751,"IV",3,5.39093773685756,4.73499389343384,
107,69,"IV",4,5.29325152827515,3.7635212379849,"IV",3,3.93758339230698,4.89496006523973,
107,70,"iv",3,5.21842943257505,5.19334545229863,"iv",3,5.25175865581053,5.11429752507913,
107,71,"-VI",3,5.45198392391252,5.25181979768232,"-VI",3,5.45198392391252,5.25181979768232,
107,72,"-VII",3,2.03420730540576,4.79536691724101,"-VII",3,2.03420730540576,4.79536691724101,
,,,,,,,,,,
108,131,"IV",2,5.56341296327674,5.21162860137978,"IV",2,5.56341296327674,5.21162860137978,
108,132,"IV",2,3.59887507545762,5.28761804073329,"IV",2,3.59887507545762,5.28761804073329,
108,133,"II",3,5.52325149768519,5.11429752507913,"II",3,5.52325149768519,5.11429752507913,
108,134,"V",3,2.69271674935022,4.62338129754034,"V",3,2.69271674935022,4.62338129754034,
108,135,"i",4,5.95928547644459,4.42325777984178,"i",4,5.95928547644459,4.42325777984178,
108,136,"-III",3,5.11167207931877,4.99387019431662,"-VI",3,5.07280686778025,4.99387019431662,0.0388652115385231
108,137,"IV",3,2.56923925731804,4.88520289799751,"IV",3,5.39093773685756,4.73499389343384,
108,138,"IV",4,5.29325152827515,3.7635212379849,"IV",3,3.93758339230698,4.89496006523973,
108,139,"iv",3,5.21842943257505,5.19334545229863,"iv",3,5.25175865581053,5.11429752507913,
108,140,"-VI",3,5.45198392391252,5.25181979768232,"-VI",3,5.45198392391252,5.25181979768232,
108,141,"-VII",3,2.03420730540576,4.79536691724101,"-VII",3,2.03420730540576,4.79536691724101,
,,,,,,,,,,
109,189,"IV",2,5.56341296327674,5.21162860137978,"IV",2,5.56341296327674,5.21162860137978,
109,190,"IV",2,3.59887507545762,5.28761804073329,"IV",2,3.59887507545762,5.28761804073329,
109,191,"II",3,5.52325149768519,5.11429752507913,"II",3,5.52325149768519,5.11429752507913,
109,192,"V",3,2.69271674935022,4.62338129754034,"V",3,2.69271674935022,4.62338129754034,
109,193,"i",4,5.95928547644459,4.42325777984178,"i",4,5.95928547644459,4.42325777984178,
109,194,"-III",3,5.11167207931877,4.99387019431662,"-VI",3,5.07280686778025,4.99387019431662,0.0388652115385231
109,195,"IV",3,2.56923925731804,4.88520289799751,"IV",3,5.39093773685756,4.73499389343384,
109,196,"IV",4,5.29325152827515,3.7635212379849,"IV",3,3.93758339230698,4.89496006523973,
109,197,"iv",3,5.21842943257505,5.19334545229863,"iv",3,5.25175865581053,5.11429752507913,
109,198,"-VI",3,5.45198392391252,5.25181979768232,"-VI",3,5.45198392391252,5.25181979768232,
109,199,"-VII",3,2.03420730540576,4.79536691724101,"-VII",3,2.03420730540576,4.79536691724101,
,,,,,,,,,,
110,258,"IV",2,5.56341296327674,5.21162860137978,"IV",2,5.56341296327674,5.21162860137978,
110,259,"IV",2,3.59887507545762,5.28761804073329,"IV",2,3.59887507545762,5.28761804073329,
110,260,"II",3,5.52325149768519,5.11429752507913,"II",3,5.52325149768519,5.11429752507913,
110,261,"V",3,2.69271674935022,4.62338129754034,"V",3,2.69271674935022,4.62338129754034,
110,262,"i",4,5.95928547644459,4.42325777984178,"i",4,5.95928547644459,4.42325777984178,
110,263,"-III",3,5.11167207931877,4.99387019431662,"-VI",3,5.07280686778025,4.99387019431662,0.0388652115385231
110,264,"IV",3,2.56923925731804,4.88520289799751,"IV",3,5.39093773685756,4.73499389343384,
110,265,"IV",4,5.29325152827515,3.7635212379849,"IV",3,3.93758339230698,4.89496006523973,
110,266,"iv",3,5.21842943257505,5.19334545229863,"iv",3,5.25175865581053,5.11429752507913,
110,267,"-VI",3,5.45198392391252,5.25181979768232,"-VI",3,5.45198392391252,5.25181979768232,
110,268,"-VII",3,2.03420730540576,4.79536691724101,"-VII",3,2.03420730540576,4.79536691724101,
,,,,,,,,,,
111,94,"I",3,2.81107720338561,5.02039127735396,"I",3,2.81107720338561,5.02039127735396,
111,95,"-II",4,6.34837356686697,5.13662678199089,"-II",4,6.34837356686697,5.13662678199089,
111,96,"-III",3,5.98659308173626,4.68778957886446,"-III",3,5.98659308173626,4.68778957886446,
111,97,"iv",2,5.53618289814147,5.27374130734101,"iv",2,5.53618289814147,5.27374130734101,
111,98,"v",2,5.38871854606945,5.27519358915011,"v",2,5.38871854606945,5.27519358915011,
111,99,"-VI",2,4.17354461841996,5.18047862058646,"I",2,4.13373147298064,5.18047862058646,0.0398131454393171
111,100,"-VII",3,2.82995612083336,4.99017791724168,"-VII",3,5.60458388558762,4.97995037861501,
111,101,"I",4,3.41106504221493,4.23680940280804,"I",3,2.47211714461902,4.68760559927474,
111,102,"I",4,3.90552078118793,4.73188272681839,"I",4,4.10567785464302,4.84665643937016,
111,103,"i",4,5.03718376191236,5.22982266041891,"i",4,5.72126137713293,5.04730406030988,
111,104,"i",4,1.36291170400996,4.12687804726425,"i",4,1.81752176357045,4.567128345186,
,,,,,,,,,,
112,221,"I",3,2.81107720338561,5.02039127735396,"I",3,2.81107720338561,5.02039127735396,
112,222,"-II",4,6.34837356686697,5.13662678199089,"-II",4,6.34837356686697,5.13662678199089,
112,223,"-III",3,5.98659308173626,4.68778957886446,"-III",3,5.98659308173626,4.68778957886446,
112,224,"iv",2,5.53618289814147,5.27374130734101,"iv",2,5.53618289814147,5.27374130734101,
112,225,"v",2,5.38871854606945,5.27519358915011,"v",2,5.38871854606945,5.27519358915011,
112,226,"-VI",2,4.17354461841996,5.18047862058646,"I",2,4.13373147298064,5.18047862058646,0.0398131454393171
112,227,"-VII",3,2.82995612083336,4.99017791724168,"-VII",3,5.60458388558762,4.97995037861501,
112,228,"I",4,3.41106504221493,4.23680940280804,"I",3,2.47211714461902,4.68760559927474,
112,229,"I",4,3.90552078118793,4.73188272681839,"I",4,4.10567785464302,4.84665643937016,
112,230,"i",4,5.03718376191236,5.22982266041891,"i",4,5.72126137713293,5.04730406030988,
112,231,"i",4,1.36291170400996,4.12687804726425,"i",4,1.81752176357045,4.567128345186,
,,,,,,,,,,
113,90,"iv",4,5.72959078405229,3.92183301995471,"iv",4,5.72959078405229,3.92183301995471,
113,91,"i",3,3.07642984973929,4.99113985185316,"i",3,3.07642984973929,4.99113985185316,
113,92,"II",4,7.14643735129163,4.32471828102778,"II",4,7.14643735129163,4.32471828102778,
113,93,"V",2,2.82957323679038,5.11153237032286,"V",2,2.82957323679038,5.11153237032286,
113,94,"I",3,2.81107720338561,5.02039127735396,"I",3,2.81107720338561,5.02039127735396,
113,95,"-II",4,6.34837356686697,5.13662678199089,"VII",4,6.39013462603094,5.13662678199089,0.0417610591639725
113,96,"-III",3,5.98659308173626,4.68778957886446,"-III",3,7.73687260496564,3.74865345900953,
113,97,"iv",2,5.53618289814147,5.27374130734101,"iv",1,5.2892934892316,5.45525046442142,
113,98,"v",2,5.38871854606945,5.27519358915011,"v",2,5.38871854606945,5.27519358915011,
113,99,"-VI",2,4.17354461841996,5.18047862058646,"-VI",2,4.17354461841996,5.18047862058646,
113,100,"-VII",3,2.82995612083336,4.99017791724168,"-VII",3,2.82995612083336,4.99017791724168,
,,,,,,,,,,
114,217,"iv",4,5.72959078405229,3.92183301995471,"iv",4,5.72959078405229,3.92183301995471,
114,218,"i",3,3.07642984973929,4.99113985185316,"i",3,3.07642984973929,4.99113985185316,
114,219,"II",4,7.14643735129163,4.32471828102778,"II",4,7.14643735129163,4.32471828102778,
114,220,"V",2,2.82957323679038,5.11153237032286,"V",2,2.82957323679038,5.11153237032286,
114,221,"I",3,2.81107720338561,5.02039127735396,"I",3,2.81107720338561,5.02039127735396,
114,222,"-II",4,6.34837356686697,5.13662678199089,"VII",4,6.39013462603094,5.13662678199089,0.0417610591639725
114,223,"-III",3,5.98659308173626,4.68778957886446,"-III",3,7.73687260496564,3.74865345900953,
114,224,"iv",2,5.53618289814147,5.27374130734101,"iv",1,5.2892934892316,5.45525046442142,
114,225,"v",2,5.38871854606945,5.27519358915011,"v",2,5.38871854606945,5.27519358915011,
114,226,"-VI",2,4.17354461841996,5.18047862058646,"-VI",2,4.17354461841996,5.18047862058646,
114,227,"-VII",3,2.82995612083336,4.99017791724168,"-VII",3,2.82995612083336,4.99017791724168,
,,,,,,,,,,
115,92,"II",4,7.14643735129163,4.32471828102778,"II",4,7.14643735129163,4.32471828102778,
115,93,"V",2,2.82957323679038,5.11153237032286,"V",2,2.82957323679038,5.11153237032286,
115,94,"I",3,2.81107720338561,5.02039127735396,"I",3,2.81107720338561,5.02039127735396,
115,95,"-II",4,6.34837356686697,5.13662678199089,"-II",4,6.34837356686697,5.13662678199089,
115,96,"-III",3,5.98659308173626,4.68778957886446,"-III",3,5.98659308173626,4.68778957886446,
115,97,"iv",2,5.53618289814147,5.27374130734101,"ii",2,5.57895871200808,5.27374130734101,0.0427758138666121
115,98,"v",2,5.38871854606945,5.27519358915011,"v",2,5.44021269701053,5.29623646433828,
115,99,"-VI",2,4.17354461841996,5.18047862058646,"-VI",3,5.86941784617302,4.50226258610678,
115,100,"-VII",3,2.82995612083336,4.99017791724168,"-VII",2,4.16708540729576,5.32768879703814,
115,101,"I",4,3.41106504221493,4.23680940280804,"I",3,3.59401019258147,4.70914815740557,
115,102,"I",4,3.90552078118793,4.73188272681839,"I",4,3.90552078118793,4.73188272681839,
,,,,,,,,,,
116,219,"II",4,7.14643735129163,4.32471828102778,"II",4,7.14643735129163,4.32471828102778,
116,220,"V",2,2.82957323679038,5.11153237032286,"V",2,2.82957323679038,5.11153237032286,
116,221,"I",3,2.81107720338561,5.02039127735396,"I",3,2.81107720338561,5.02039127735396,
116,222,"-II",4,6.34837356686697,5.13662678199089,"-II",4,6.34837356686697,5.13662678199089,
116,223,"-III",3,5.98659308173626,4.68778957886446,"-III",3,5.98659308173626,4.68778957886446,
116,224,"iv",2,5.53618289814147,5.27374130734101,"ii",2,5.57895871200808,5.27374130734101,0.0427758138666121
116,225,"v",2,5.38871854606945,5.27519358915011,"v",2,5.44021269701053,5.29623646433828,
116,226,"-VI",2,4.17354461841996,5.18047862058646,"-VI",3,5.86941784617302,4.50226258610678,
116,227,"-VII",3,2.82995612083336,4.99017791724168,"-VII",2,4.16708540729576,5.32768879703814,
116,228,"I",4,3.41106504221493,4.23680940280804,"I",3,3.59401019258147,4.70914815740557,
116,229,"I",4,3.90552078118793,4.73188272681839,"I",4,3.90552078118793,4.73188272681839,
,,,,,,,,,,
117,90,"iv",4,5.72959078405229,3.92183301995471,"iv",4,5.72959078405229,3.92183301995471,
117,91,"i",3,3.07642984973929,4.99113985185316,"i",3,3.07642984973929,4.99113985185316,
117,92,"II",4,7.14643735129163,4.32471828102778,"II",4,7.14643735129163,4.32471828102778,
117,93,"V",2,2.82957323679038,5.11153237032286,"V",2,2.82957323679038,5.11153237032286,
117,94,"I",3,2.81107720338561,5.02039127735396,"I",3,2.81107720338561,5.02039127735396,
117,95,"-II",4,6.34837356686697,5.13662678199089,"I+",4,6.39138913262809,5.13662678199089,0.0430155657611273
117,96,"-III",3,5.98659308173626,4.68778957886446,"-III",3,6.52591226074335,4.80524360034955,
117,97,"iv",2,5.53618289814147,5.27374130734101,"iv",1,5.2892934892316,5.45525046442142,
117,98,"v",2,5.38871854606945,5.27519358915011,"v",2,5.38871854606945,5.27519358915011,
117,99,"-VI",2,4.17354461841996,5.18047862058646,"-VI",2,4.17354461841996,5.18047862058646,
117,100,"-VII",3,2.82995612083336,4.99017791724168,"-VII",3,2.82995612083336,4.99017791724168,
,,,,,,,,,,
118,217,"iv",4,5.72959078405229,3.92183301995471,"iv",4,5.72959078405229,3.92183301995471,
118,218,"i",3,3.07642984973929,4.99113985185316,"i",3,3.07642984973929,4.99113985185316,
118,219,"II",4,7.14643735129163,4.32471828102778,"II",4,7.14643735129163,4.32471828102778,
118,220,"V",2,2.82957323679038,5.11153237032286,"V",2,2.82957323679038,5.11153237032286,
118,221,"I",3,2.81107720338561,5.02039127735396,"I",3,2.81107720338561,5.02039127735396,
118,222,"-II",4,6.34837356686697,5.13662678199089,"I+",4,6.39138913262809,5.13662678199089,0.0430155657611273
118,223,"-III",3,5.98659308173626,4.68778957886446,"-III",3,6.52591226074335,4.80524360034955,
118,224,"iv",2,5.53618289814147,5.27374130734101,"iv",1,5.2892934892316,5.45525046442142,
118,225,"v",2,5.38871854606945,5.27519358915011,"v",2,5.38871854606945,5.27519358915011,
118,226,"-VI",2,4.17354461841996,5.18047862058646,"-VI",2,4.17354461841996,5.18047862058646,
118,227,"-VII",3,2.82995612083336,4.99017791724168,"-VII",3,2.82995612083336,4.99017791724168,
,,,,,,,,,,
119,79,"v",4,4.34046265275037,4.28712823647293,"v",4,4.34046265275037,4.28712823647293,
119,80,"-VI",5,2.35317078557981,4.48862524602171,"-VI",5,2.35317078557981,4.48862524602171,
119,81,"-III",6,4.71009931194861,3.96632970557468,"-III",6,4.71009931194861,3.96632970557468,
119,82,"iv",4,5.72959078405229,3.92183301995471,"iv",4,5.72959078405229,3.92183301995471,
119,83,"i",3,3.07642984973929,4.99113985185316,"i",3,3.07642984973929,4.99113985185316,
119,84,"II",4,7.14643735129163,4.32471828102778,"vi",4,7.10134946176309,4.32471828102778,0.0450878895285376
119,85,"V",2,2.82957323679038,5.11153237032286,"V",2,5.29216780512807,5.25887637782884,
119,86,"i",3,3.18651182603191,5.02039127735396,"i",2,5.40683417616123,5.25206438240579,
119,87,"v",4,5.31706921189078,4.41265081587551,"v",3,4.9875122992182,4.83409171293103,
119,88,"-VI",3,3.00171724294619,4.946897563639,"-VI",3,3.00171724294619,4.946897563639,
119,89,"-III",4,3.24817924752327,4.70670452437972,"-III",4,3.24817924752327,4.70670452437972,
,,,,,,,,,,
120,87,"v",4,5.31706921189078,4.41265081587551,"v",4,5.31706921189078,4.41265081587551,
120,88,"-VI",3,3.00171724294619,4.946897563639,"-VI",3,3.00171724294619,4.946897563639,
120,89,"-III",4,3.24817924752327,4.70670452437972,"-III",4,3.24817924752327,4.70670452437972,
120,90,"iv",4,5.72959078405229,3.92183301995471,"iv",4,5.72959078405229,3.92183301995471,
120,91,"i",3,3.07642984973929,4.99113985185316,"i",3,3.07642984973929,4.99113985185316,
120,92,"II",4,7.14643735129163,4.32471828102778,"vi",4,7.10134946176309,4.32471828102778,0.0450878895285376
120,93,"V",2,2.82957323679038,5.11153237032286,"V",2,5.29216780512807,5.25887637782884,
120,94,"I",3,2.81107720338561,5.02039127735396,"I",2,3.80933863903579,5.25206438240579,
120,95,"-II",4,6.34837356686697,5.13662678199089,"-II",3,6.31808906267949,5.22780831302895,
120,96,"-III",3,5.98659308173626,4.68778957886446,"-III",3,5.98659308173626,4.68778957886446,
120,97,"iv",2,5.53618289814147,5.27374130734101,"iv",2,5.53618289814147,5.27374130734101,
,,,,,,,,,,
121,206,"v",4,4.34046265275037,4.28712823647293,"v",4,4.34046265275037,4.28712823647293,
121,207,"-VI",5,2.35317078557981,4.48862524602171,"-VI",5,2.35317078557981,4.48862524602171,
121,208,"-III",6,4.71009931194861,3.96632970557468,"-III",6,4.71009931194861,3.96632970557468,
121,209,"iv",4,5.72959078405229,3.92183301995471,"iv",4,5.72959078405229,3.92183301995471,
121,210,"i",3,3.07642984973929,4.99113985185316,"i",3,3.07642984973929,4.99113985185316,
121,211,"II",4,7.14643735129163,4.32471828102778,"vi",4,7.10134946176309,4.32471828102778,0.0450878895285376
121,212,"V",2,2.82957323679038,5.11153237032286,"V",2,5.29216780512807,5.25887637782884,
121,213,"i",3,3.18651182603191,5.02039127735396,"i",2,5.40683417616123,5.25206438240579,
121,214,"v",4,5.31706921189078,4.41265081587551,"v",3,4.9875122992182,4.83409171293103,
121,215,"-VI",3,3.00171724294619,4.946897563639,"-VI",3,3.00171724294619,4.946897563639,
121,216,"-III",4,3.24817924752327,4.70670452437972,"-III",4,3.24817924752327,4.70670452437972,
,,,,,,,,,,
122,214,"v",4,5.31706921189078,4.41265081587551,"v",4,5.31706921189078,4.41265081587551,
122,215,"-VI",3,3.00171724294619,4.946897563639,"-VI",3,3.00171724294619,4.946897563639,
122,216,"-III",4,3.24817924752327,4.70670452437972,"-III",4,3.24817924752327,4.70670452437972,
122,217,"iv",4,5.72959078405229,3.92183301995471,"iv",4,5.72959078405229,3.92183301995471,
122,218,"i",3,3.07642984973929,4.99113985185316,"i",3,3.07642984973929,4.99113985185316,
122,219,"II",4,7.14643735129163,4.32471828102778,"vi",4,7.10134946176309,4.32471828102778,0.0450878895285376
122,220,"V",2,2.82957323679038,5.11153237032286,"V",2,5.29216780512807,5.25887637782884,
122,221,"I",3,2.81107720338561,5.02039127735396,"I",2,3.80933863903579,5.25206438240579,
122,222,"-II",4,6.34837356686697,5.13662678199089,"-II",3,6.31808906267949,5.22780831302895,
122,223,"-III",3,5.98659308173626,4.68778957886446,"-III",3,5.98659308173626,4.68778957886446,
122,224,"iv",2,5.53618289814147,5.27374130734101,"iv",2,5.53618289814147,5.27374130734101,
,,,,,,,,,,
123,4,"V",3,5.10734564298243,4.24241724068969,"V",3,5.10734564298243,4.24241724068969,
123,5,"-VI",4,6.74327837667736,4.09527043450209,"-VI",4,6.74327837667736,4.09527043450209,
123,6,"-III",2,4.71464187100915,5.21162860137978,"-III",2,4.71464187100915,5.21162860137978,
123,7,"-III",3,2.85303142878154,4.97597381919691,"-III",3,2.85303142878154,4.97597381919691,
123,8,"-II",4,5.93511024212928,4.87200415131871,"-II",4,5.93511024212928,4.87200415131871,
123,9,"i",3,4.71517207412311,4.55158337806905,"I",3,4.66889695148623,4.55158337806905,0.0462751226368789
123,10,"i",3,4.06064926986031,4.66493896754154,"i",3,5.38156374029116,4.89935691994955,
123,11,"i",3,2.6664380115168,4.98177063680238,"i",3,4.36154616313429,4.91514950211962,
123,12,"V",4,4.99277135292174,5.04717384939525,"V",3,5.21321108299647,5.17112637635525,
123,13,"-VI",4,6.32151909558273,4.66161339606314,"-VI",3,6.49443542269577,4.45310309186184,
123,14,"IV",2,5.56341296327674,5.21162860137978,"IV",2,5.56341296327674,5.21162860137978,
,,,,,,,,,,
124,20,"V",3,5.04833217239508,5.07291631817395,"V",3,5.04833217239508,5.07291631817395,
124,21,"-VI",4,6.8742848016669,3.84050284797238,"-VI",4,6.8742848016669,3.84050284797238,
124,22,"-III",2,4.71464187100915,5.21162860137978,"-III",2,4.71464187100915,5.21162860137978,
124,23,"-III",3,2.85303142878154,4.97597381919691,"-III",3,2.85303142878154,4.97597381919691,
124,24,"-II",4,5.93511024212928,4.87200415131871,"-II",4,5.93511024212928,4.87200415131871,
124,25,"i",3,4.71517207412311,4.55158337806905,"I",3,4.66889695148623,4.55158337806905,0.0462751226368789
124,26,"i",3,4.06064926986031,4.66493896754154,"i",3,5.38156374029116,4.89935691994955,
124,27,"i",3,2.6664380115168,4.98177063680238,"i",3,4.36154616313429,4.91514950211962,
124,28,"V",4,4.99277135292174,5.04717384939525,"V",3,5.21321108299647,5.17112637635525,
124,29,"-VI",4,6.32151909558273,4.66161339606314,"-VI",3,6.49443542269577,4.45310309186184,
124,30,"IV",2,5.56341296327674,5.21162860137978,"IV",2,5.56341296327674,5.21162860137978,
,,,,,,,,,,
125,36,"V",3,5.04833217239508,5.07291631817395,"V",3,5.04833217239508,5.07291631817395,
125,37,"-VI",4,6.8742848016669,3.84050284797238,"-VI",4,6.8742848016669,3.84050284797238,
125,38,"-III",2,4.71464187100915,5.21162860137978,"-III",2,4.71464187100915,5.21162860137978,
125,39,"-III",3,2.85303142878154,4.97597381919691,"-III",3,2.85303142878154,4.97597381919691,
125,40,"-II",4,5.93511024212928,4.87200415131871,"-II",4,5.93511024212928,4.87200415131871,
125,41,"i",3,4.71517207412311,4.55158337806905,"I",3,4.66889695148623,4.55158337806905,0.0462751226368789
125,42,"i",3,4.06064926986031,4.66493896754154,"i",3,5.38156374029116,4.89935691994955,
125,43,"i",3,2.6664380115168,4.98177063680238,"i",3,4.36154616313429,4.91514950211962,
125,44,"V",4,4.99277135292174,5.04717384939525,"V",3,5.21321108299647,5.17112637635525,
125,45,"-VI",4,6.32151909558273,4.66161339606314,"-VI",3,6.49443542269577,4.45310309186184,
125,46,"IV",2,5.56341296327674,5.21162860137978,"IV",2,5.56341296327674,5.21162860137978,
,,,,,,,,,,
126,52,"V",3,5.04833217239508,5.07291631817395,"V",3,5.04833217239508,5.07291631817395,
126,53,"-VI",4,6.8742848016669,3.84050284797238,"-VI",4,6.8742848016669,3.84050284797238,
126,54,"-III",2,4.71464187100915,5.21162860137978,"-III",2,4.71464187100915,5.21162860137978,
126,55,"-III",3,2.85303142878154,4.97597381919691,"-III",3,2.85303142878154,4.97597381919691,
126,56,"-II",4,5.93511024212928,4.87200415131871,"-II",4,5.93511024212928,4.87200415131871,
126,57,"i",3,4.71517207412311,4.55158337806905,"I",3,4.66889695148623,4.55158337806905,0.0462751226368789
126,58,"i",3,4.06064926986031,4.66493896754154,"i",3,5.38156374029116,4.89935691994955,
126,59,"i",3,2.6664380115168,4.98177063680238,"i",3,4.36154616313429,4.91514950211962,
126,60,"V",4,4.99277135292174,5.04717384939525,"V",3,5.21321108299647,5.17112637635525,
126,61,"-VI",4,6.32151909558273,4.66161339606314,"-VI",3,6.49443542269577,4.45310309186184,
126,62,"IV",2,5.56341296327674,5.21162860137978,"IV",2,5.56341296327674,5.21162860137978,
,,,,,,,,,,
127,105,"V",5,5.80234133294087,4.23572288364235,"V",5,5.80234133294087,4.23572288364235,
127,106,"-VI",3,6.49443542269577,4.45310309186184,"-VI",3,6.49443542269577,4.45310309186184,
127,107,"-III",2,4.71464187100915,5.21162860137978,"-III",2,4.71464187100915,5.21162860137978,
127,108,"-III",3,2.85303142878154,4.97597381919691,"-III",3,2.85303142878154,4.97597381919691,
127,109,"-II",4,5.93511024212928,4.87200415131871,"-II",4,5.93511024212928,4.87200415131871,
127,110,"i",3,4.71517207412311,4.55158337806905,"I",3,4.66889695148623,4.55158337806905,0.0462751226368789
127,111,"i",3,4.06064926986031,4.66493896754154,"i",3,5.38156374029116,4.89935691994955,
127,112,"i",3,2.6664380115168,4.98177063680238,"i",3,4.36154616313429,4.91514950211962,
127,113,"V",4,4.99277135292174,5.04717384939525,"V",3,5.21321108299647,5.17112637635525,
127,114,"-VI",4,6.32151909558273,4.66161339606314,"-VI",3,6.49443542269577,4.45310309186184,
127,115,"IV",2,5.56341296327674,5.21162860137978,"IV",2,5.56341296327674,5.21162860137978,
,,,,,,,,,,
128,121,"V",3,5.04833217239508,5.07291631817395,"V",3,5.04833217239508,5.07291631817395,
128,122,"-VI",4,6.8742848016669,3.84050284797238,"-VI",4,6.8742848016669,3.84050284797238,
128,123,"-III",2,4.71464187100915,5.21162860137978,"-III",2,4.71464187100915,5.21162860137978,
128,124,"-III",3,2.85303142878154,4.97597381919691,"-III",3,2.85303142878154,4.97597381919691,
128,125,"-II",4,5.93511024212928,4.87200415131871,"-II",4,5.93511024212928,4.87200415131871,
128,126,"i",3,4.71517207412311,4.55158337806905,"I",3,4.66889695148623,4.55158337806905,0.0462751226368789
128,127,"i",3,4.06064926986031,4.66493896754154,"i",3,5.38156374029116,4.89935691994955,
128,128,"i",3,2.6664380115168,4.98177063680238,"i",3,4.36154616313429,4.91514950211962,
128,129,"V",4,4.99277135292174,5.04717384939525,"V",3,5.21321108299647,5.17112637635525,
128,130,"-VI",4,6.32151909558273,4.66161339606314,"-VI",3,6.49443542269577,4.45310309186184,
128,131,"IV",2,5.56341296327674,5.21162860137978,"IV",2,5.56341296327674,5.21162860137978,
,,,,,,,,,,
129,163,"V",10,6.03833796434557,3.40282469649696,"V",10,6.03833796434557,3.40282469649696,
129,164,"-VI",4,6.74327837667736,4.09527043450209,"-VI",4,6.74327837667736,4.09527043450209,
129,165,"-III",2,4.71464187100915,5.21162860137978,"-III",2,4.71464187100915,5.21162860137978,
129,166,"-III",3,2.85303142878154,4.97597381919691,"-III",3,2.85303142878154,4.97597381919691,
129,167,"-II",4,5.93511024212928,4.87200415131871,"-II",4,5.93511024212928,4.87200415131871,
129,168,"i",3,4.71517207412311,4.55158337806905,"I",3,4.66889695148623,4.55158337806905,0.0462751226368789
129,169,"i",3,4.06064926986031,4.66493896754154,"i",3,5.38156374029116,4.89935691994955,
129,170,"i",3,2.6664380115168,4.98177063680238,"i",3,4.36154616313429,4.91514950211962,
129,171,"V",4,4.99277135292174,5.04717384939525,"V",3,5.21321108299647,5.17112637635525,
129,172,"-VI",4,6.32151909558273,4.66161339606314,"-VI",3,6.49443542269577,4.45310309186184,
129,173,"IV",2,5.56341296327674,5.21162860137978,"IV",2,5.56341296327674,5.21162860137978,
,,,,,,,,,,
130,179,"V",3,5.04833217239508,5.07291631817395,"V",3,5.04833217239508,5.07291631817395,
130,180,"-VI",4,6.8742848016669,3.84050284797238,"-VI",4,6.8742848016669,3.84050284797238,
130,181,"-III",2,4.71464187100915,5.21162860137978,"-III",2,4.71464187100915,5.21162860137978,
130,182,"-III",3,2.85303142878154,4.97597381919691,"-III",3,2.85303142878154,4.97597381919691,
130,183,"-II",4,5.93511024212928,4.87200415131871,"-II",4,5.93511024212928,4.87200415131871,
130,184,"i",3,4.71517207412311,4.55158337806905,"I",3,4.66889695148623,4.55158337806905,0.0462751226368789
130,185,"i",3,4.06064926986031,4.66493896754154,"i",3,5.38156374029116,4.89935691994955,
130,186,"i",3,2.6664380115168,4.98177063680238,"i",3,4.36154616313429,4.91514950211962,
130,187,"V",4,4.99277135292174,5.04717384939525,"V",3,5.21321108299647,5.17112637635525,
130,188,"-VI",4,6.32151909558273,4.66161339606314,"-VI",3,6.49443542269577,4.45310309186184,
130,189,"IV",2,5.56341296327674,5.21162860137978,"IV",2,5.56341296327674,5.21162860137978,
,,,,,,,,,,
131,232,"V",5,5.80234133294087,4.23572288364235,"V",5,5.80234133294087,4.23572288364235,
131,233,"-VI",3,6.49443542269577,4.45310309186184,"-VI",3,6.49443542269577,4.45310309186184,
131,234,"-III",2,4.71464187100915,5.21162860137978,"-III",2,4.71464187100915,5.21162860137978,
131,235,"-III",3,2.85303142878154,4.97597381919691,"-III",3,2.85303142878154,4.97597381919691,
131,236,"-II",4,5.93511024212928,4.87200415131871,"-II",4,5.93511024212928,4.87200415131871,
131,237,"i",3,4.71517207412311,4.55158337806905,"I",3,4.66889695148623,4.55158337806905,0.0462751226368789
131,238,"i",3,4.06064926986031,4.66493896754154,"i",3,5.38156374029116,4.89935691994955,
131,239,"i",3,2.6664380115168,4.98177063680238,"i",3,4.36154616313429,4.91514950211962,
131,240,"V",4,4.99277135292174,5.04717384939525,"V",3,5.21321108299647,5.17112637635525,
131,241,"-VI",4,6.32151909558273,4.66161339606314,"-VI",3,6.49443542269577,4.45310309186184,
131,242,"IV",2,5.56341296327674,5.21162860137978,"IV",2,5.56341296327674,5.21162860137978,
,,,,,,,,,,
132,248,"V",3,5.04833217239508,5.07291631817395,"V",3,5.04833217239508,5.07291631817395,
132,249,"-VI",4,6.8742848016669,3.84050284797238,"-VI",4,6.8742848016669,3.84050284797238,
132,250,"-III",2,4.71464187100915,5.21162860137978,"-III",2,4.71464187100915,5.21162860137978,
132,251,"-III",3,2.85303142878154,4.97597381919691,"-III",3,2.85303142878154,4.97597381919691,
132,252,"-II",4,5.93511024212928,4.87200415131871,"-II",4,5.93511024212928,4.87200415131871,
132,253,"i",3,4.71517207412311,4.55158337806905,"I",3,4.66889695148623,4.55158337806905,0.0462751226368789
132,254,"i",3,4.06064926986031,4.66493896754154,"i",3,5.38156374029116,4.89935691994955,
132,255,"i",3,2.6664380115168,4.98177063680238,"i",3,4.36154616313429,4.91514950211962,
132,256,"V",4,4.99277135292174,5.04717384939525,"V",3,5.21321108299647,5.17112637635525,
132,257,"-VI",4,6.32151909558273,4.66161339606314,"-VI",3,6.49443542269577,4.45310309186184,
132,258,"IV",2,5.56341296327674,5.21162860137978,"IV",2,5.56341296327674,5.21162860137978,
,,,,,,,,,,
133,8,"-II",4,5.93511024212928,4.87200415131871,"-II",4,5.93511024212928,4.87200415131871,
133,9,"i",3,4.71517207412311,4.55158337806905,"i",3,4.71517207412311,4.55158337806905,
133,10,"i",3,4.06064926986031,4.66493896754154,"i",3,4.06064926986031,4.66493896754154,
133,11,"i",3,2.6664380115168,4.98177063680238,"i",3,2.6664380115168,4.98177063680238,
133,12,"V",4,4.99277135292174,5.04717384939525,"V",4,4.99277135292174,5.04717384939525,
133,13,"-VI",4,6.32151909558273,4.66161339606314,"iii",4,6.36894701192857,4.66161339606314,0.0474279163458311
133,14,"IV",2,5.56341296327674,5.21162860137978,"IV",2,3.93435111880898,5.25198190286239,
133,15,"IV",2,3.59887507545762,5.28761804073329,"IV",3,4.71946690246831,4.90703918886016,
133,16,"II",3,5.52325149768519,5.11429752507913,"II",3,5.02776752680695,5.18167089493814,
133,17,"V",3,2.69271674935022,4.62338129754034,"V",4,3.16712686821266,4.01975918708108,
133,18,"i",4,5.95928547644459,4.42325777984178,"i",4,5.95928547644459,4.42325777984178,
,,,,,,,,,,
134,16,"II",3,5.52325149768519,5.11429752507913,"II",3,5.52325149768519,5.11429752507913,
134,17,"V",3,2.69271674935022,4.62338129754034,"V",3,2.69271674935022,4.62338129754034,
134,18,"i",4,5.95928547644459,4.42325777984178,"i",4,5.95928547644459,4.42325777984178,
134,19,"i",3,4.21556632988782,4.99387019431662,"i",3,4.21556632988782,4.99387019431662,
134,20,"V",3,5.04833217239508,5.07291631817395,"V",3,5.04833217239508,5.07291631817395,
134,21,"-VI",4,6.8742848016669,3.84050284797238,"iii",4,6.92171271801273,3.84050284797238,0.0474279163458311
134,22,"-III",2,4.71464187100915,5.21162860137978,"-III",2,5.69616495573691,5.25198190286239,
134,23,"-III",3,2.85303142878154,4.97597381919691,"-III",3,1.84876031792377,4.66771547546769,
134,24,"-II",4,5.93511024212928,4.87200415131871,"-II",3,5.97022297634435,4.58466251846852,
134,25,"i",3,4.71517207412311,4.55158337806905,"i",3,4.71517207412311,4.55158337806905,
134,26,"i",3,4.06064926986031,4.66493896754154,"i",3,4.06064926986031,4.66493896754154,
,,,,,,,,,,
135,24,"-II",4,5.93511024212928,4.87200415131871,"-II",4,5.93511024212928,4.87200415131871,
135,25,"i",3,4.71517207412311,4.55158337806905,"i",3,4.71517207412311,4.55158337806905,
135,26,"i",3,4.06064926986031,4.66493896754154,"i",3,4.06064926986031,4.66493896754154,
135,27,"i",3,2.6664380115168,4.98177063680238,"i",3,2.6664380115168,4.98177063680238,
135,28,"V",4,4.99277135292174,5.04717384939525,"V",4,4.99277135292174,5.04717384939525,
135,29,"-VI",4,6.32151909558273,4.66161339606314,"iii",4,6.36894701192857,4.66161339606314,0.0474279163458311
135,30,"IV",2,5.56341296327674,5.21162860137978,"IV",2,3.93435111880898,5.25198190286239,
135,31,"IV",2,3.59887507545762,5.28761804073329,"IV",3,4.71946690246831,4.90703918886016,
135,32,"II",3,5.52325149768519,5.11429752507913,"II",3,5.02776752680695,5.18167089493814,
135,33,"V",3,2.69271674935022,4.62338129754034,"V",4,3.16712686821266,4.01975918708108,
135,34,"i",4,5.95928547644459,4.42325777984178,"i",4,5.95928547644459,4.42325777984178,
,,,,,,,,,,
136,32,"II",3,5.52325149768519,5.11429752507913,"II",3,5.52325149768519,5.11429752507913,
136,33,"V",3,2.69271674935022,4.62338129754034,"V",3,2.69271674935022,4.62338129754034,
136,34,"i",4,5.95928547644459,4.42325777984178,"i",4,5.95928547644459,4.42325777984178,
136,35,"i",3,4.21556632988782,4.99387019431662,"i",3,4.21556632988782,4.99387019431662,
136,36,"V",3,5.04833217239508,5.07291631817395,"V",3,5.04833217239508,5.07291631817395,
136,37,"-VI",4,6.8742848016669,3.84050284797238,"iii",4,6.92171271801273,3.84050284797238,0.0474279163458311
136,38,"-III",2,4.71464187100915,5.21162860137978,"-III",2,5.69616495573691,5.25198190286239,
136,39,"-III",3,2.85303142878154,4.97597381919691,"-III",3,1.84876031792377,4.66771547546769,
136,40,"-II",4,5.93511024212928,4.87200415131871,"-II",3,5.97022297634435,4.58466251846852,
136,41,"i",3,4.71517207412311,4.55158337806905,"i",3,4.71517207412311,4.55158337806905,
136,42,"i",3,4.06064926986031,4.66493896754154,"i",3,4.06064926986031,4.66493896754154,
,,,,,,,,,,
137,40,"-II",4,5.93511024212928,4.87200415131871,"-II",4,5.93511024212928,4.87200415131871,
137,41,"i",3,4.71517207412311,4.55158337806905,"i",3,4.71517207412311,4.55158337806905,
137,42,"i",3,4.06064926986031,4.66493896754154,"i",3,4.06064926986031,4.66493896754154,
137,43,"i",3,2.6664380115168,4.98177063680238,"i",3,2.6664380115168,4.98177063680238,
137,44,"V",4,4.99277135292174,5.04717384939525,"V",4,4.99277135292174,5.04717384939525,
137,45,"-VI",4,6.32151909558273,4.66161339606314,"iii",4,6.36894701192857,4.66161339606314,0.0474279163458311
137,46,"IV",2,5.56341296327674,5.21162860137978,"IV",2,3.93435111880898,5.25198190286239,
137,47,"IV",2,3.59887507545762,5.28761804073329,"IV",3,4.71946690246831,4.90703918886016,
137,48,"II",3,5.52325149768519,5.11429752507913,"II",3,5.02776752680695,5.18167089493814,
137,49,"V",3,2.69271674935022,4.62338129754034,"V",4,3.16712686821266,4.01975918708108,
137,50,"i",4,5.95928547644459,4.42325777984178,"i",4,5.95928547644459,4.42325777984178,
,,,,,,,,,,
138,48,"II",3,5.52325149768519,5.11429752507913,"II",3,5.52325149768519,5.11429752507913,
138,49,"V",3,2.69271674935022,4.62338129754034,"V",3,2.69271674935022,4.62338129754034,
138,50,"i",4,5.95928547644459,4.42325777984178,"i",4,5.95928547644459,4.42325777984178,
138,51,"i",3,4.21556632988782,4.99387019431662,"i",3,4.21556632988782,4.99387019431662,
138,52,"V",3,5.04833217239508,5.07291631817395,"V",3,5.04833217239508,5.07291631817395,
138,53,"-VI",4,6.8742848016669,3.84050284797238,"iii",4,6.92171271801273,3.84050284797238,0.0474279163458311
138,54,"-III",2,4.71464187100915,5.21162860137978,"-III",2,5.69616495573691,5.25198190286239,
138,55,"-III",3,2.85303142878154,4.97597381919691,"-III",3,1.84876031792377,4.66771547546769,
138,56,"-II",4,5.93511024212928,4.87200415131871,"-II",3,5.97022297634435,4.58466251846852,
138,57,"i",3,4.71517207412311,4.55158337806905,"i",3,4.71517207412311,4.55158337806905,
138,58,"i",3,4.06064926986031,4.66493896754154,"i",3,4.06064926986031,4.66493896754154,
,,,,,,,,,,
139,56,"-II",4,5.93511024212928,4.87200415131871,"-II",4,5.93511024212928,4.87200415131871,
139,57,"i",3,4.71517207412311,4.55158337806905,"i",3,4.71517207412311,4.55158337806905,
139,58,"i",3,4.06064926986031,4.66493896754154,"i",3,4.06064926986031,4.66493896754154,
139,59,"i",3,2.6664380115168,4.98177063680238,"i",3,2.6664380115168,4.98177063680238,
139,60,"V",4,4.99277135292174,5.04717384939525,"V",4,4.99277135292174,5.04717384939525,
139,61,"-VI",4,6.32151909558273,4.66161339606314,"iii",4,6.36894701192857,4.66161339606314,0.0474279163458311
139,62,"IV",2,5.56341296327674,5.21162860137978,"IV",2,3.93435111880898,5.25198190286239,
139,63,"IV",2,3.59887507545762,5.28761804073329,"IV",3,4.71946690246831,4.90703918886016,
139,64,"II",3,5.52325149768519,5.11429752507913,"II",3,5.02776752680695,5.18167089493814,
139,65,"V",3,2.69271674935022,4.62338129754034,"V",4,3.16712686821266,4.01975918708108,
139,66,"i",4,5.95928547644459,4.42325777984178,"i",4,5.95928547644459,4.42325777984178,
,,,,,,,,,,
140,101,"I",4,3.41106504221493,4.23680940280804,"I",4,3.41106504221493,4.23680940280804,
140,102,"I",4,3.90552078118793,4.73188272681839,"I",4,3.90552078118793,4.73188272681839,
140,103,"i",4,5.03718376191236,5.22982266041891,"i",4,5.03718376191236,5.22982266041891,
140,104,"i",4,1.36291170400996,4.12687804726425,"i",4,1.36291170400996,4.12687804726425,
140,105,"V",5,5.80234133294087,4.23572288364235,"V",5,5.80234133294087,4.23572288364235,
140,106,"-VI",3,6.49443542269577,4.45310309186184,"iii",3,6.5418633390416,4.45310309186184,0.0474279163458311
140,107,"-III",2,4.71464187100915,5.21162860137978,"-III",2,5.69616495573691,5.25198190286239,
140,108,"-III",3,2.85303142878154,4.97597381919691,"-III",3,1.84876031792377,4.66771547546769,
140,109,"-II",4,5.93511024212928,4.87200415131871,"-II",3,5.97022297634435,4.58466251846852,
140,110,"i",3,4.71517207412311,4.55158337806905,"i",3,4.71517207412311,4.55158337806905,
140,111,"i",3,4.06064926986031,4.66493896754154,"i",3,4.06064926986031,4.66493896754154,
,,,,,,,,,,
141,109,"-II",4,5.93511024212928,4.87200415131871,"-II",4,5.93511024212928,4.87200415131871,
141,110,"i",3,4.71517207412311,4.55158337806905,"i",3,4.71517207412311,4.55158337806905,
141,111,"i",3,4.06064926986031,4.66493896754154,"i",3,4.06064926986031,4.66493896754154,
141,112,"i",3,2.6664380115168,4.98177063680238,"i",3,2.6664380115168,4.98177063680238,
141,113,"V",4,4.99277135292174,5.04717384939525,"V",4,4.99277135292174,5.04717384939525,
141,114,"-VI",4,6.32151909558273,4.66161339606314,"iii",4,6.36894701192857,4.66161339606314,0.0474279163458311
141,115,"IV",2,5.56341296327674,5.21162860137978,"IV",2,3.93435111880898,5.25198190286239,
141,116,"IV",2,3.59887507545762,5.28761804073329,"IV",3,4.71946690246831,4.90703918886016,
141,117,"II",3,5.52325149768519,5.11429752507913,"II",3,5.02776752680695,5.18167089493814,
141,118,"V",3,2.69271674935022,4.62338129754034,"V",4,3.16712686821266,4.01975918708108,
141,119,"i",4,5.95928547644459,4.42325777984178,"i",4,5.95928547644459,4.42325777984178,
,,,,,,,,,,
142,117,"II",3,5.52325149768519,5.11429752507913,"II",3,5.52325149768519,5.11429752507913,
142,118,"V",3,2.69271674935022,4.62338129754034,"V",3,2.69271674935022,4.62338129754034,
142,119,"i",4,5.95928547644459,4.42325777984178,"i",4,5.95928547644459,4.42325777984178,
142,120,"i",3,4.21556632988782,4.99387019431662,"i",3,4.21556632988782,4.99387019431662,
142,121,"V",3,5.04833217239508,5.07291631817395,"V",3,5.04833217239508,5.07291631817395,
142,122,"-VI",4,6.8742848016669,3.84050284797238,"iii",4,6.92171271801273,3.84050284797238,0.0474279163458311
142,123,"-III",2,4.71464187100915,5.21162860137978,"-III",2,5.69616495573691,5.25198190286239,
142,124,"-III",3,2.85303142878154,4.97597381919691,"-III",3,1.84876031792377,4.66771547546769,
142,125,"-II",4,5.93511024212928,4.87200415131871,"-II",3,5.97022297634435,4.58466251846852,
142,126,"i",3,4.71517207412311,4.55158337806905,"i",3,4.71517207412311,4.55158337806905,
142,127,"i",3,4.06064926986031,4.66493896754154,"i",3,4.06064926986031,4.66493896754154,
,,,,,,,,,,
143,125,"-II",4,5.93511024212928,4.87200415131871,"-II",4,5.93511024212928,4.87200415131871,
143,126,"i",3,4.71517207412311,4.55158337806905,"i",3,4.71517207412311,4.55158337806905,
143,127,"i",3,4.06064926986031,4.66493896754154,"i",3,4.06064926986031,4.66493896754154,
143,128,"i",3,2.6664380115168,4.98177063680238,"i",3,2.6664380115168,4.98177063680238,
143,129,"V",4,4.99277135292174,5.04717384939525,"V",4,4.99277135292174,5.04717384939525,
143,130,"-VI",4,6.32151909558273,4.66161339606314,"iii",4,6.36894701192857,4.66161339606314,0.0474279163458311
143,131,"IV",2,5.56341296327674,5.21162860137978,"IV",2,3.93435111880898,5.25198190286239,
143,132,"IV",2,3.59887507545762,5.28761804073329,"IV",3,4.71946690246831,4.90703918886016,
143,133,"II",3,5.52325149768519,5.11429752507913,"II",3,5.02776752680695,5.18167089493814,
143,134,"V",3,2.69271674935022,4.62338129754034,"V",4,3.16712686821266,4.01975918708108,
143,135,"i",4,5.95928547644459,4.42325777984178,"i",4,5.95928547644459,4.42325777984178,
,,,,,,,,,,
144,159,"r",10,0.916055715790007,2.67505415932219,"r",10,0.916055715790007,2.67505415932219,
144,160,"r",10,0.916055715790007,2.67505415932219,"r",10,0.916055715790007,2.67505415932219,
144,161,"i",10,4.10803806686873,2.67505415932219,"i",10,4.10803806686873,2.67505415932219,
144,162,"i",9,0.826044568706881,2.96475914145408,"i",9,0.826044568706881,2.96475914145408,
144,163,"V",10,6.03833796434557,3.40282469649696,"V",10,6.03833796434557,3.40282469649696,
144,164,"-VI",4,6.74327837667736,4.09527043450209,"iii",4,6.79070629302319,4.09527043450209,0.0474279163458311
144,165,"-III",2,4.71464187100915,5.21162860137978,"-III",2,5.69616495573691,5.25198190286239,
144,166,"-III",3,2.85303142878154,4.97597381919691,"-III",3,1.84876031792377,4.66771547546769,
144,167,"-II",4,5.93511024212928,4.87200415131871,"-II",3,5.97022297634435,4.58466251846852,
144,168,"i",3,4.71517207412311,4.55158337806905,"i",3,4.71517207412311,4.55158337806905,
144,169,"i",3,4.06064926986031,4.66493896754154,"i",3,4.06064926986031,4.66493896754154,
,,,,,,,,,,
145,167,"-II",4,5.93511024212928,4.87200415131871,"-II",4,5.93511024212928,4.87200415131871,
145,168,"i",3,4.71517207412311,4.55158337806905,"i",3,4.71517207412311,4.55158337806905,
145,169,"i",3,4.06064926986031,4.66493896754154,"i",3,4.06064926986031,4.66493896754154,
145,170,"i",3,2.6664380115168,4.98177063680238,"i",3,2.6664380115168,4.98177063680238,
145,171,"V",4,4.99277135292174,5.04717384939525,"V",4,4.99277135292174,5.04717384939525,
145,172,"-VI",4,6.32151909558273,4.66161339606314,"iii",4,6.36894701192857,4.66161339606314,0.0474279163458311
145,173,"IV",2,5.56341296327674,5.21162860137978,"IV",2,3.93435111880898,5.25198190286239,
145,174,"IV",2,3.59887507545762,5.28761804073329,"IV",3,4.71946690246831,4.90703918886016,
145,175,"II",3,5.52325149768519,5.11429752507913,"II",3,5.02776752680695,5.18167089493814,
145,176,"V",3,2.69271674935022,4.62338129754034,"V",4,3.16712686821266,4.01975918708108,
145,177,"i",4,5.95928547644459,4.42325777984178,"i",4,5.95928547644459,4.42325777984178,
,,,,,,,,,,
146,175,"II",3,5.52325149768519,5.11429752507913,"II",3,5.52325149768519,5.11429752507913,
146,176,"V",3,2.69271674935022,4.62338129754034,"V",3,2.69271674935022,4.62338129754034,
146,177,"i",4,5.95928547644459,4.42325777984178,"i",4,5.95928547644459,4.42325777984178,
146,178,"i",3,4.21556632988782,4.99387019431662,"i",3,4.21556632988782,4.99387019431662,
146,179,"V",3,5.04833217239508,5.07291631817395,"V",3,5.04833217239508,5.07291631817395,
146,180,"-VI",4,6.8742848016669,3.84050284797238,"iii",4,6.92171271801273,3.84050284797238,0.0474279163458311
146,181,"-III",2,4.71464187100915,5.21162860137978,"-III",2,5.69616495573691,5.25198190286239,
146,182,"-III",3,2.85303142878154,4.97597381919691,"-III",3,1.84876031792377,4.66771547546769,
146,183,"-II",4,5.93511024212928,4.87200415131871,"-II",3,5.97022297634435,4.58466251846852,
146,184,"i",3,4.71517207412311,4.55158337806905,"i",3,4.71517207412311,4.55158337806905,
146,185,"i",3,4.06064926986031,4.66493896754154,"i",3,4.06064926986031,4.66493896754154,
,,,,,,,,,,
147,183,"-II",4,5.93511024212928,4.87200415131871,"-II",4,5.93511024212928,4.87200415131871,
147,184,"i",3,4.71517207412311,4.55158337806905,"i",3,4.71517207412311,4.55158337806905,
147,185,"i",3,4.06064926986031,4.66493896754154,"i",3,4.06064926986031,4.66493896754154,
147,186,"i",3,2.6664380115168,4.98177063680238,"i",3,2.6664380115168,4.98177063680238,
147,187,"V",4,4.99277135292174,5.04717384939525,"V",4,4.99277135292174,5.04717384939525,
147,188,"-VI",4,6.32151909558273,4.66161339606314,"iii",4,6.36894701192857,4.66161339606314,0.0474279163458311
147,189,"IV",2,5.56341296327674,5.21162860137978,"IV",2,3.93435111880898,5.25198190286239,
147,190,"IV",2,3.59887507545762,5.28761804073329,"IV",3,4.71946690246831,4.90703918886016,
147,191,"II",3,5.52325149768519,5.11429752507913,"II",3,5.02776752680695,5.18167089493814,
147,192,"V",3,2.69271674935022,4.62338129754034,"V",4,3.16712686821266,4.01975918708108,
147,193,"i",4,5.95928547644459,4.42325777984178,"i",4,5.95928547644459,4.42325777984178,
,,,,,,,,,,
148,228,"I",4,3.41106504221493,4.23680940280804,"I",4,3.41106504221493,4.23680940280804,
148,229,"I",4,3.90552078118793,4.73188272681839,"I",4,3.90552078118793,4.73188272681839,
148,230,"i",4,5.03718376191236,5.22982266041891,"i",4,5.03718376191236,5.22982266041891,
148,231,"i",4,1.36291170400996,4.12687804726425,"i",4,1.36291170400996,4.12687804726425,
148,232,"V",5,5.80234133294087,4.23572288364235,"V",5,5.80234133294087,4.23572288364235,
148,233,"-VI",3,6.49443542269577,4.45310309186184,"iii",3,6.5418633390416,4.45310309186184,0.0474279163458311
148,234,"-III",2,4.71464187100915,5.21162860137978,"-III",2,5.69616495573691,5.25198190286239,
148,235,"-III",3,2.85303142878154,4.97597381919691,"-III",3,1.84876031792377,4.66771547546769,
148,236,"-II",4,5.93511024212928,4.87200415131871,"-II",3,5.97022297634435,4.58466251846852,
148,237,"i",3,4.71517207412311,4.55158337806905,"i",3,4.71517207412311,4.55158337806905,
148,238,"i",3,4.06064926986031,4.66493896754154,"i",3,4.06064926986031,4.66493896754154,
,,,,,,,,,,
149,236,"-II",4,5.93511024212928,4.87200415131871,"-II",4,5.93511024212928,4.87200415131871,
149,237,"i",3,4.71517207412311,4.55158337806905,"i",3,4.71517207412311,4.55158337806905,
149,238,"i",3,4.06064926986031,4.66493896754154,"i",3,4.06064926986031,4.66493896754154,
149,239,"i",3,2.6664380115168,4.98177063680238,"i",3,2.6664380115168,4.98177063680238,
149,240,"V",4,4.99277135292174,5.04717384939525,"V",4,4.99277135292174,5.04717384939525,
149,241,"-VI",4,6.32151909558273,4.66161339606314,"iii",4,6.36894701192857,4.66161339606314,0.0474279163458311
149,242,"IV",2,5.56341296327674,5.21162860137978,"IV",2,3.93435111880898,5.25198190286239,
149,243,"IV",2,3.59887507545762,5.28761804073329,"IV",3,4.71946690246831,4.90703918886016,
149,244,"II",3,5.52325149768519,5.11429752507913,"II",3,5.02776752680695,5.18167089493814,
149,245,"V",3,2.69271674935022,4.62338129754034,"V",4,3.16712686821266,4.01975918708108,
149,246,"i",4,5.95928547644459,4.42325777984178,"i",4,5.95928547644459,4.42325777984178,
,,,,,,,,,,
150,244,"II",3,5.52325149768519,5.11429752507913,"II",3,5.52325149768519,5.11429752507913,
150,245,"V",3,2.69271674935022,4.62338129754034,"V",3,2.69271674935022,4.62338129754034,
150,246,"i",4,5.95928547644459,4.42325777984178,"i",4,5.95928547644459,4.42325777984178,
150,247,"i",3,4.21556632988782,4.99387019431662,"i",3,4.21556632988782,4.99387019431662,
150,248,"V",3,5.04833217239508,5.07291631817395,"V",3,5.04833217239508,5.07291631817395,
150,249,"-VI",4,6.8742848016669,3.84050284797238,"iii",4,6.92171271801273,3.84050284797238,0.0474279163458311
150,250,"-III",2,4.71464187100915,5.21162860137978,"-III",2,5.69616495573691,5.25198190286239,
150,251,"-III",3,2.85303142878154,4.97597381919691,"-III",3,1.84876031792377,4.66771547546769,
150,252,"-II",4,5.93511024212928,4.87200415131871,"-II",3,5.97022297634435,4.58466251846852,
150,253,"i",3,4.71517207412311,4.55158337806905,"i",3,4.71517207412311,4.55158337806905,
150,254,"i",3,4.06064926986031,4.66493896754154,"i",3,4.06064926986031,4.66493896754154,
,,,,,,,,,,
151,252,"-II",4,5.93511024212928,4.87200415131871,"-II",4,5.93511024212928,4.87200415131871,
151,253,"i",3,4.71517207412311,4.55158337806905,"i",3,4.71517207412311,4.55158337806905,
151,254,"i",3,4.06064926986031,4.66493896754154,"i",3,4.06064926986031,4.66493896754154,
151,255,"i",3,2.6664380115168,4.98177063680238,"i",3,2.6664380115168,4.98177063680238,
151,256,"V",4,4.99277135292174,5.04717384939525,"V",4,4.99277135292174,5.04717384939525,
151,257,"-VI",4,6.32151909558273,4.66161339606314,"iii",4,6.36894701192857,4.66161339606314,0.0474279163458311
151,258,"IV",2,5.56341296327674,5.21162860137978,"IV",2,3.93435111880898,5.25198190286239,
151,259,"IV",2,3.59887507545762,5.28761804073329,"IV",3,4.71946690246831,4.90703918886016,
151,260,"II",3,5.52325149768519,5.11429752507913,"II",3,5.02776752680695,5.18167089493814,
151,261,"V",3,2.69271674935022,4.62338129754034,"V",4,3.16712686821266,4.01975918708108,
151,262,"i",4,5.95928547644459,4.42325777984178,"i",4,5.95928547644459,4.42325777984178,
,,,,,,,,,,
152,7,"-III",3,2.85303142878154,4.97597381919691,"-III",3,2.85303142878154,4.97597381919691,
152,8,"-II",4,5.93511024212928,4.87200415131871,"-II",4,5.93511024212928,4.87200415131871,
152,9,"i",3,4.71517207412311,4.55158337806905,"i",3,4.71517207412311,4.55158337806905,
152,10,"i",3,4.06064926986031,4.66493896754154,"i",3,4.06064926986031,4.66493896754154,
152,11,"i",3,2.6664380115168,4.98177063680238,"i",3,2.6664380115168,4.98177063680238,
152,12,"V",4,4.99277135292174,5.04717384939525,"v",4,5.04040969848431,5.04717384939525,0.0476383455625644
152,13,"-VI",4,6.32151909558273,4.66161339606314,"-VI",4,2.84474943100214,4.76155542578307,
152,14,"IV",2,5.56341296327674,5.21162860137978,"IV",5,6.74100569785816,3.85875063263594,
152,15,"IV",2,3.59887507545762,5.28761804073329,"IV",2,3.59887507545762,5.28761804073329,
152,16,"II",3,5.52325149768519,5.11429752507913,"II",3,5.52325149768519,5.11429752507913,
152,17,"V",3,2.69271674935022,4.62338129754034,"V",3,2.69271674935022,4.62338129754034,
,,,,,,,,,,
153,23,"-III",3,2.85303142878154,4.97597381919691,"-III",3,2.85303142878154,4.97597381919691,
153,24,"-II",4,5.93511024212928,4.87200415131871,"-II",4,5.93511024212928,4.87200415131871,
153,25,"i",3,4.71517207412311,4.55158337806905,"i",3,4.71517207412311,4.55158337806905,
153,26,"i",3,4.06064926986031,4.66493896754154,"i",3,4.06064926986031,4.66493896754154,
153,27,"i",3,2.6664380115168,4.98177063680238,"i",3,2.6664380115168,4.98177063680238,
153,28,"V",4,4.99277135292174,5.04717384939525,"v",4,5.04040969848431,5.04717384939525,0.0476383455625644
153,29,"-VI",4,6.32151909558273,4.66161339606314,"-VI",4,2.84474943100214,4.76155542578307,
153,30,"IV",2,5.56341296327674,5.21162860137978,"IV",5,6.74100569785816,3.85875063263594,
153,31,"IV",2,3.59887507545762,5.28761804073329,"IV",2,3.59887507545762,5.28761804073329,
153,32,"II",3,5.52325149768519,5.11429752507913,"II",3,5.52325149768519,5.11429752507913,
153,33,"V",3,2.69271674935022,4.62338129754034,"V",3,2.69271674935022,4.62338129754034,
,,,,,,,,,,
154,39,"-III",3,2.85303142878154,4.97597381919691,"-III",3,2.85303142878154,4.97597381919691,
154,40,"-II",4,5.93511024212928,4.87200415131871,"-II",4,5.93511024212928,4.87200415131871,
154,41,"i",3,4.71517207412311,4.55158337806905,"i",3,4.71517207412311,4.55158337806905,
154,42,"i",3,4.06064926986031,4.66493896754154,"i",3,4.06064926986031,4.66493896754154,
154,43,"i",3,2.6664380115168,4.98177063680238,"i",3,2.6664380115168,4.98177063680238,
154,44,"V",4,4.99277135292174,5.04717384939525,"v",4,5.04040969848431,5.04717384939525,0.0476383455625644
154,45,"-VI",4,6.32151909558273,4.66161339606314,"-VI",4,2.84474943100214,4.76155542578307,
154,46,"IV",2,5.56341296327674,5.21162860137978,"IV",5,6.74100569785816,3.85875063263594,
154,47,"IV",2,3.59887507545762,5.28761804073329,"IV",2,3.59887507545762,5.28761804073329,
154,48,"II",3,5.52325149768519,5.11429752507913,"II",3,5.52325149768519,5.11429752507913,
154,49,"V",3,2.69271674935022,4.62338129754034,"V",3,2.69271674935022,4.62338129754034,
,,,,,,,,,,
155,55,"-III",3,2.85303142878154,4.97597381919691,"-III",3,2.85303142878154,4.97597381919691,
155,56,"-II",4,5.93511024212928,4.87200415131871,"-II",4,5.93511024212928,4.87200415131871,
155,57,"i",3,4.71517207412311,4.55158337806905,"i",3,4.71517207412311,4.55158337806905,
155,58,"i",3,4.06064926986031,4.66493896754154,"i",3,4.06064926986031,4.66493896754154,
155,59,"i",3,2.6664380115168,4.98177063680238,"i",3,2.6664380115168,4.98177063680238,
155,60,"V",4,4.99277135292174,5.04717384939525,"v",4,5.04040969848431,5.04717384939525,0.0476383455625644
155,61,"-VI",4,6.32151909558273,4.66161339606314,"-VI",4,2.84474943100214,4.76155542578307,
155,62,"IV",2,5.56341296327674,5.21162860137978,"IV",5,6.74100569785816,3.85875063263594,
155,63,"IV",2,3.59887507545762,5.28761804073329,"IV",2,3.59887507545762,5.28761804073329,
155,64,"II",3,5.52325149768519,5.11429752507913,"II",3,5.52325149768519,5.11429752507913,
155,65,"V",3,2.69271674935022,4.62338129754034,"V",3,2.69271674935022,4.62338129754034,
,,,,,,,,,,
156,108,"-III",3,2.85303142878154,4.97597381919691,"-III",3,2.85303142878154,4.97597381919691,
156,109,"-II",4,5.93511024212928,4.87200415131871,"-II",4,5.93511024212928,4.87200415131871,
156,110,"i",3,4.71517207412311,4.55158337806905,"i",3,4.71517207412311,4.55158337806905,
156,111,"i",3,4.06064926986031,4.66493896754154,"i",3,4.06064926986031,4.66493896754154,
156,112,"i",3,2.6664380115168,4.98177063680238,"i",3,2.6664380115168,4.98177063680238,
156,113,"V",4,4.99277135292174,5.04717384939525,"v",4,5.04040969848431,5.04717384939525,0.0476383455625644
156,114,"-VI",4,6.32151909558273,4.66161339606314,"-VI",4,2.84474943100214,4.76155542578307,
156,115,"IV",2,5.56341296327674,5.21162860137978,"IV",5,6.74100569785816,3.85875063263594,
156,116,"IV",2,3.59887507545762,5.28761804073329,"IV",2,3.59887507545762,5.28761804073329,
156,117,"II",3,5.52325149768519,5.11429752507913,"II",3,5.52325149768519,5.11429752507913,
156,118,"V",3,2.69271674935022,4.62338129754034,"V",3,2.69271674935022,4.62338129754034,
,,,,,,,,,,
157,124,"-III",3,2.85303142878154,4.97597381919691,"-III",3,2.85303142878154,4.97597381919691,
157,125,"-II",4,5.93511024212928,4.87200415131871,"-II",4,5.93511024212928,4.87200415131871,
157,126,"i",3,4.71517207412311,4.55158337806905,"i",3,4.71517207412311,4.55158337806905,
157,127,"i",3,4.06064926986031,4.66493896754154,"i",3,4.06064926986031,4.66493896754154,
157,128,"i",3,2.6664380115168,4.98177063680238,"i",3,2.6664380115168,4.98177063680238,
157,129,"V",4,4.99277135292174,5.04717384939525,"v",4,5.04040969848431,5.04717384939525,0.0476383455625644
157,130,"-VI",4,6.32151909558273,4.66161339606314,"-VI",4,2.84474943100214,4.76155542578307,
157,131,"IV",2,5.56341296327674,5.21162860137978,"IV",5,6.74100569785816,3.85875063263594,
157,132,"IV",2,3.59887507545762,5.28761804073329,"IV",2,3.59887507545762,5.28761804073329,
157,133,"II",3,5.52325149768519,5.11429752507913,"II",3,5.52325149768519,5.11429752507913,
157,134,"V",3,2.69271674935022,4.62338129754034,"V",3,2.69271674935022,4.62338129754034,
,,,,,,,,,,
158,166,"-III",3,2.85303142878154,4.97597381919691,"-III",3,2.85303142878154,4.97597381919691,
158,167,"-II",4,5.93511024212928,4.87200415131871,"-II",4,5.93511024212928,4.87200415131871,
158,168,"i",3,4.71517207412311,4.55158337806905,"i",3,4.71517207412311,4.55158337806905,
158,169,"i",3,4.06064926986031,4.66493896754154,"i",3,4.06064926986031,4.66493896754154,
158,170,"i",3,2.6664380115168,4.98177063680238,"i",3,2.6664380115168,4.98177063680238,
158,171,"V",4,4.99277135292174,5.04717384939525,"v",4,5.04040969848431,5.04717384939525,0.0476383455625644
158,172,"-VI",4,6.32151909558273,4.66161339606314,"-VI",4,2.84474943100214,4.76155542578307,
158,173,"IV",2,5.56341296327674,5.21162860137978,"IV",5,6.74100569785816,3.85875063263594,
158,174,"IV",2,3.59887507545762,5.28761804073329,"IV",2,3.59887507545762,5.28761804073329,
158,175,"II",3,5.52325149768519,5.11429752507913,"II",3,5.52325149768519,5.11429752507913,
158,176,"V",3,2.69271674935022,4.62338129754034,"V",3,2.69271674935022,4.62338129754034,
,,,,,,,,,,
159,182,"-III",3,2.85303142878154,4.97597381919691,"-III",3,2.85303142878154,4.97597381919691,
159,183,"-II",4,5.93511024212928,4.87200415131871,"-II",4,5.93511024212928,4.87200415131871,
159,184,"i",3,4.71517207412311,4.55158337806905,"i",3,4.71517207412311,4.55158337806905,
159,185,"i",3,4.06064926986031,4.66493896754154,"i",3,4.06064926986031,4.66493896754154,
159,186,"i",3,2.6664380115168,4.98177063680238,"i",3,2.6664380115168,4.98177063680238,
159,187,"V",4,4.99277135292174,5.04717384939525,"v",4,5.04040969848431,5.04717384939525,0.0476383455625644
159,188,"-VI",4,6.32151909558273,4.66161339606314,"-VI",4,2.84474943100214,4.76155542578307,
159,189,"IV",2,5.56341296327674,5.21162860137978,"IV",5,6.74100569785816,3.85875063263594,
159,190,"IV",2,3.59887507545762,5.28761804073329,"IV",2,3.59887507545762,5.28761804073329,
159,191,"II",3,5.52325149768519,5.11429752507913,"II",3,5.52325149768519,5.11429752507913,
159,192,"V",3,2.69271674935022,4.62338129754034,"V",3,2.69271674935022,4.62338129754034,
,,,,,,,,,,
160,235,"-III",3,2.85303142878154,4.97597381919691,"-III",3,2.85303142878154,4.97597381919691,
160,236,"-II",4,5.93511024212928,4.87200415131871,"-II",4,5.93511024212928,4.87200415131871,
160,237,"i",3,4.71517207412311,4.55158337806905,"i",3,4.71517207412311,4.55158337806905,
160,238,"i",3,4.06064926986031,4.66493896754154,"i",3,4.06064926986031,4.66493896754154,
160,239,"i",3,2.6664380115168,4.98177063680238,"i",3,2.6664380115168,4.98177063680238,
160,240,"V",4,4.99277135292174,5.04717384939525,"v",4,5.04040969848431,5.04717384939525,0.0476383455625644
160,241,"-VI",4,6.32151909558273,4.66161339606314,"-VI",4,2.84474943100214,4.76155542578307,
160,242,"IV",2,5.56341296327674,5.21162860137978,"IV",5,6.74100569785816,3.85875063263594,
160,243,"IV",2,3.59887507545762,5.28761804073329,"IV",2,3.59887507545762,5.28761804073329,
160,244,"II",3,5.52325149768519,5.11429752507913,"II",3,5.52325149768519,5.11429752507913,
160,245,"V",3,2.69271674935022,4.62338129754034,"V",3,2.69271674935022,4.62338129754034,
,,,,,,,,,,
161,251,"-III",3,2.85303142878154,4.97597381919691,"-III",3,2.85303142878154,4.97597381919691,
161,252,"-II",4,5.93511024212928,4.87200415131871,"-II",4,5.93511024212928,4.87200415131871,
161,253,"i",3,4.71517207412311,4.55158337806905,"i",3,4.71517207412311,4.55158337806905,
161,254,"i",3,4.06064926986031,4.66493896754154,"i",3,4.06064926986031,4.66493896754154,
161,255,"i",3,2.6664380115168,4.98177063680238,"i",3,2.6664380115168,4.98177063680238,
161,256,"V",4,4.99277135292174,5.04717384939525,"v",4,5.04040969848431,5.04717384939525,0.0476383455625644
161,257,"-VI",4,6.32151909558273,4.66161339606314,"-VI",4,2.84474943100214,4.76155542578307,
161,258,"IV",2,5.56341296327674,5.21162860137978,"IV",5,6.74100569785816,3.85875063263594,
161,259,"IV",2,3.59887507545762,5.28761804073329,"IV",2,3.59887507545762,5.28761804073329,
161,260,"II",3,5.52325149768519,5.11429752507913,"II",3,5.52325149768519,5.11429752507913,
161,261,"V",3,2.69271674935022,4.62338129754034,"V",3,2.69271674935022,4.62338129754034,
,,,,,,,,,,
162,64,"II",3,5.52325149768519,5.11429752507913,"II",3,5.52325149768519,5.11429752507913,
162,65,"V",3,2.69271674935022,4.62338129754034,"V",3,2.69271674935022,4.62338129754034,
162,66,"i",4,5.95928547644459,4.42325777984178,"i",4,5.95928547644459,4.42325777984178,
162,67,"-III",3,5.11167207931877,4.99387019431662,"-III",3,5.11167207931877,4.99387019431662,
162,68,"IV",3,2.56923925731804,4.88520289799751,"IV",3,2.56923925731804,4.88520289799751,
162,69,"IV",4,5.29325152827515,3.7635212379849,"-III",4,5.34535712989174,3.7635212379849,0.0521056016165815
162,70,"iv",3,5.21842943257505,5.19334545229863,"iv",3,5.87368236554334,5.02728108223611,
162,71,"-VI",3,5.45198392391252,5.25181979768232,"-VI",2,4.81033469350497,5.27519358915011,
162,72,"-VII",3,2.03420730540576,4.79536691724101,"-VII",3,3.7941464315765,4.91532014722022,
162,73,"-VII",4,4.38425159960647,4.47240966247851,"-VII",3,4.05922849515735,4.81748882394205,
162,74,"v",4,5.23026207875861,4.90063781709946,"v",4,5.23026207875861,4.90063781709946,
,,,,,,,,,,
163,133,"II",3,5.52325149768519,5.11429752507913,"II",3,5.52325149768519,5.11429752507913,
163,134,"V",3,2.69271674935022,4.62338129754034,"V",3,2.69271674935022,4.62338129754034,
163,135,"i",4,5.95928547644459,4.42325777984178,"i",4,5.95928547644459,4.42325777984178,
163,136,"-III",3,5.11167207931877,4.99387019431662,"-III",3,5.11167207931877,4.99387019431662,
163,137,"IV",3,2.56923925731804,4.88520289799751,"IV",3,2.56923925731804,4.88520289799751,
163,138,"IV",4,5.29325152827515,3.7635212379849,"-III",4,5.34535712989174,3.7635212379849,0.0521056016165815
163,139,"iv",3,5.21842943257505,5.19334545229863,"iv",3,5.87368236554334,5.02728108223611,
163,140,"-VI",3,5.45198392391252,5.25181979768232,"-VI",2,4.81033469350497,5.27519358915011,
163,141,"-VII",3,2.03420730540576,4.79536691724101,"-VII",3,3.7941464315765,4.91532014722022,
163,142,"-VII",4,4.38425159960647,4.47240966247851,"-VII",3,4.05922849515735,4.81748882394205,
163,143,"v",4,5.23026207875861,4.90063781709946,"v",4,5.23026207875861,4.90063781709946,
,,,,,,,,,,
164,191,"II",3,5.52325149768519,5.11429752507913,"II",3,5.52325149768519,5.11429752507913,
164,192,"V",3,2.69271674935022,4.62338129754034,"V",3,2.69271674935022,4.62338129754034,
164,193,"i",4,5.95928547644459,4.42325777984178,"i",4,5.95928547644459,4.42325777984178,
164,194,"-III",3,5.11167207931877,4.99387019431662,"-III",3,5.11167207931877,4.99387019431662,
164,195,"IV",3,2.56923925731804,4.88520289799751,"IV",3,2.56923925731804,4.88520289799751,
164,196,"IV",4,5.29325152827515,3.7635212379849,"-III",4,5.34535712989174,3.7635212379849,0.0521056016165815
164,197,"iv",3,5.21842943257505,5.19334545229863,"iv",3,5.87368236554334,5.02728108223611,
164,198,"-VI",3,5.45198392391252,5.25181979768232,"-VI",2,4.81033469350497,5.27519358915011,
164,199,"-VII",3,2.03420730540576,4.79536691724101,"-VII",3,3.7941464315765,4.91532014722022,
164,200,"-VII",4,4.38425159960647,4.47240966247851,"-VII",3,4.05922849515735,4.81748882394205,
164,201,"v",4,5.23026207875861,4.90063781709946,"v",4,5.23026207875861,4.90063781709946,
,,,,,,,,,,
165,260,"II",3,5.52325149768519,5.11429752507913,"II",3,5.52325149768519,5.11429752507913,
165,261,"V",3,2.69271674935022,4.62338129754034,"V",3,2.69271674935022,4.62338129754034,
165,262,"i",4,5.95928547644459,4.42325777984178,"i",4,5.95928547644459,4.42325777984178,
165,263,"-III",3,5.11167207931877,4.99387019431662,"-III",3,5.11167207931877,4.99387019431662,
165,264,"IV",3,2.56923925731804,4.88520289799751,"IV",3,2.56923925731804,4.88520289799751,
165,265,"IV",4,5.29325152827515,3.7635212379849,"-III",4,5.34535712989174,3.7635212379849,0.0521056016165815
165,266,"iv",3,5.21842943257505,5.19334545229863,"iv",3,5.87368236554334,5.02728108223611,
165,267,"-VI",3,5.45198392391252,5.25181979768232,"-VI",2,4.81033469350497,5.27519358915011,
165,268,"-VII",3,2.03420730540576,4.79536691724101,"-VII",3,3.7941464315765,4.91532014722022,
165,269,"-VII",4,4.38425159960647,4.47240966247851,"-VII",3,4.05922849515735,4.81748882394205,
165,270,"v",4,5.23026207875861,4.90063781709946,"v",4,5.23026207875861,4.90063781709946,
,,,,,,,,,,
166,9,"i",3,4.71517207412311,4.55158337806905,"i",3,4.71517207412311,4.55158337806905,
166,10,"i",3,4.06064926986031,4.66493896754154,"i",3,4.06064926986031,4.66493896754154,
166,11,"i",3,2.6664380115168,4.98177063680238,"i",3,2.6664380115168,4.98177063680238,
166,12,"V",4,4.99277135292174,5.04717384939525,"V",4,4.99277135292174,5.04717384939525,
166,13,"-VI",4,6.32151909558273,4.66161339606314,"-VI",4,6.32151909558273,4.66161339606314,
166,14,"IV",2,5.56341296327674,5.21162860137978,"i",2,5.50461220443293,5.21162860137978,0.0588007588438106
166,15,"IV",2,3.59887507545762,5.28761804073329,"IV",2,5.01794685322962,5.29820537629129,
166,16,"II",3,5.52325149768519,5.11429752507913,"II",3,6.20193754994094,4.72510472933772,
166,17,"V",3,2.69271674935022,4.62338129754034,"V",2,3.62625053495906,5.17601917665522,
166,18,"i",4,5.95928547644459,4.42325777984178,"i",3,5.67520185022904,4.86326348818026,
166,19,"i",3,4.21556632988782,4.99387019431662,"i",3,4.21556632988782,4.99387019431662,
,,,,,,,,,,
167,25,"i",3,4.71517207412311,4.55158337806905,"i",3,4.71517207412311,4.55158337806905,
167,26,"i",3,4.06064926986031,4.66493896754154,"i",3,4.06064926986031,4.66493896754154,
167,27,"i",3,2.6664380115168,4.98177063680238,"i",3,2.6664380115168,4.98177063680238,
167,28,"V",4,4.99277135292174,5.04717384939525,"V",4,4.99277135292174,5.04717384939525,
167,29,"-VI",4,6.32151909558273,4.66161339606314,"-VI",4,6.32151909558273,4.66161339606314,
167,30,"IV",2,5.56341296327674,5.21162860137978,"i",2,5.50461220443293,5.21162860137978,0.0588007588438106
167,31,"IV",2,3.59887507545762,5.28761804073329,"IV",2,5.01794685322962,5.29820537629129,
167,32,"II",3,5.52325149768519,5.11429752507913,"II",3,6.20193754994094,4.72510472933772,
167,33,"V",3,2.69271674935022,4.62338129754034,"V",2,3.62625053495906,5.17601917665522,
167,34,"i",4,5.95928547644459,4.42325777984178,"i",3,5.67520185022904,4.86326348818026,
167,35,"i",3,4.21556632988782,4.99387019431662,"i",3,4.21556632988782,4.99387019431662,
,,,,,,,,,,
168,41,"i",3,4.71517207412311,4.55158337806905,"i",3,4.71517207412311,4.55158337806905,
168,42,"i",3,4.06064926986031,4.66493896754154,"i",3,4.06064926986031,4.66493896754154,
168,43,"i",3,2.6664380115168,4.98177063680238,"i",3,2.6664380115168,4.98177063680238,
168,44,"V",4,4.99277135292174,5.04717384939525,"V",4,4.99277135292174,5.04717384939525,
168,45,"-VI",4,6.32151909558273,4.66161339606314,"-VI",4,6.32151909558273,4.66161339606314,
168,46,"IV",2,5.56341296327674,5.21162860137978,"i",2,5.50461220443293,5.21162860137978,0.0588007588438106
168,47,"IV",2,3.59887507545762,5.28761804073329,"IV",2,5.01794685322962,5.29820537629129,
168,48,"II",3,5.52325149768519,5.11429752507913,"II",3,6.20193754994094,4.72510472933772,
168,49,"V",3,2.69271674935022,4.62338129754034,"V",2,3.62625053495906,5.17601917665522,
168,50,"i",4,5.95928547644459,4.42325777984178,"i",3,5.67520185022904,4.86326348818026,
168,51,"i",3,4.21556632988782,4.99387019431662,"i",3,4.21556632988782,4.99387019431662,
,,,,,,,,,,
169,57,"i",3,4.71517207412311,4.55158337806905,"i",3,4.71517207412311,4.55158337806905,
169,58,"i",3,4.06064926986031,4.66493896754154,"i",3,4.06064926986031,4.66493896754154,
169,59,"i",3,2.6664380115168,4.98177063680238,"i",3,2.6664380115168,4.98177063680238,
169,60,"V",4,4.99277135292174,5.04717384939525,"V",4,4.99277135292174,5.04717384939525,
169,61,"-VI",4,6.32151909558273,4.66161339606314,"-VI",4,6.32151909558273,4.66161339606314,
169,62,"IV",2,5.56341296327674,5.21162860137978,"i",2,5.50461220443293,5.21162860137978,0.0588007588438106
169,63,"IV",2,3.59887507545762,5.28761804073329,"IV",2,5.01794685322962,5.29820537629129,
169,64,"II",3,5.52325149768519,5.11429752507913,"II",3,6.20193754994094,4.72510472933772,
169,65,"V",3,2.69271674935022,4.62338129754034,"V",2,3.62625053495906,5.17601917665522,
169,66,"i",4,5.95928547644459,4.42325777984178,"i",3,5.67520185022904,4.86326348818026,
169,67,"-III",3,5.11167207931877,4.99387019431662,"-III",3,5.11167207931877,4.99387019431662,
,,,,,,,,,,
170,110,"i",3,4.71517207412311,4.55158337806905,"i",3,4.71517207412311,4.55158337806905,
170,111,"i",3,4.06064926986031,4.66493896754154,"i",3,4.06064926986031,4.66493896754154,
170,112,"i",3,2.6664380115168,4.98177063680238,"i",3,2.6664380115168,4.98177063680238,
170,113,"V",4,4.99277135292174,5.04717384939525,"V",4,4.99277135292174,5.04717384939525,
170,114,"-VI",4,6.32151909558273,4.66161339606314,"-VI",4,6.32151909558273,4.66161339606314,
170,115,"IV",2,5.56341296327674,5.21162860137978,"i",2,5.50461220443293,5.21162860137978,0.0588007588438106
170,116,"IV",2,3.59887507545762,5.28761804073329,"IV",2,5.01794685322962,5.29820537629129,
170,117,"II",3,5.52325149768519,5.11429752507913,"II",3,6.20193754994094,4.72510472933772,
170,118,"V",3,2.69271674935022,4.62338129754034,"V",2,3.62625053495906,5.17601917665522,
170,119,"i",4,5.95928547644459,4.42325777984178,"i",3,5.67520185022904,4.86326348818026,
170,120,"i",3,4.21556632988782,4.99387019431662,"i",3,4.21556632988782,4.99387019431662,
,,,,,,,,,,
171,126,"i",3,4.71517207412311,4.55158337806905,"i",3,4.71517207412311,4.55158337806905,
171,127,"i",3,4.06064926986031,4.66493896754154,"i",3,4.06064926986031,4.66493896754154,
171,128,"i",3,2.6664380115168,4.98177063680238,"i",3,2.6664380115168,4.98177063680238,
171,129,"V",4,4.99277135292174,5.04717384939525,"V",4,4.99277135292174,5.04717384939525,
171,130,"-VI",4,6.32151909558273,4.66161339606314,"-VI",4,6.32151909558273,4.66161339606314,
171,131,"IV",2,5.56341296327674,5.21162860137978,"i",2,5.50461220443293,5.21162860137978,0.0588007588438106
171,132,"IV",2,3.59887507545762,5.28761804073329,"IV",2,5.01794685322962,5.29820537629129,
171,133,"II",3,5.52325149768519,5.11429752507913,"II",3,6.20193754994094,4.72510472933772,
171,134,"V",3,2.69271674935022,4.62338129754034,"V",2,3.62625053495906,5.17601917665522,
171,135,"i",4,5.95928547644459,4.42325777984178,"i",3,5.67520185022904,4.86326348818026,
171,136,"-III",3,5.11167207931877,4.99387019431662,"-III",3,5.11167207931877,4.99387019431662,
,,,,,,,,,,
172,168,"i",3,4.71517207412311,4.55158337806905,"i",3,4.71517207412311,4.55158337806905,
172,169,"i",3,4.06064926986031,4.66493896754154,"i",3,4.06064926986031,4.66493896754154,
172,170,"i",3,2.6664380115168,4.98177063680238,"i",3,2.6664380115168,4.98177063680238,
172,171,"V",4,4.99277135292174,5.04717384939525,"V",4,4.99277135292174,5.04717384939525,
172,172,"-VI",4,6.32151909558273,4.66161339606314,"-VI",4,6.32151909558273,4.66161339606314,
172,173,"IV",2,5.56341296327674,5.21162860137978,"i",2,5.50461220443293,5.21162860137978,0.0588007588438106
172,174,"IV",2,3.59887507545762,5.28761804073329,"IV",2,5.01794685322962,5.29820537629129,
172,175,"II",3,5.52325149768519,5.11429752507913,"II",3,6.20193754994094,4.72510472933772,
172,176,"V",3,2.69271674935022,4.62338129754034,"V",2,3.62625053495906,5.17601917665522,
172,177,"i",4,5.95928547644459,4.42325777984178,"i",3,5.67520185022904,4.86326348818026,
172,178,"i",3,4.21556632988782,4.99387019431662,"i",3,4.21556632988782,4.99387019431662,
,,,,,,,,,,
173,184,"i",3,4.71517207412311,4.55158337806905,"i",3,4.71517207412311,4.55158337806905,
173,185,"i",3,4.06064926986031,4.66493896754154,"i",3,4.06064926986031,4.66493896754154,
173,186,"i",3,2.6664380115168,4.98177063680238,"i",3,2.6664380115168,4.98177063680238,
173,187,"V",4,4.99277135292174,5.04717384939525,"V",4,4.99277135292174,5.04717384939525,
173,188,"-VI",4,6.32151909558273,4.66161339606314,"-VI",4,6.32151909558273,4.66161339606314,
173,189,"IV",2,5.56341296327674,5.21162860137978,"i",2,5.50461220443293,5.21162860137978,0.0588007588438106
173,190,"IV",2,3.59887507545762,5.28761804073329,"IV",2,5.01794685322962,5.29820537629129,
173,191,"II",3,5.52325149768519,5.11429752507913,"II",3,6.20193754994094,4.72510472933772,
173,192,"V",3,2.69271674935022,4.62338129754034,"V",2,3.62625053495906,5.17601917665522,
173,193,"i",4,5.95928547644459,4.42325777984178,"i",3,5.67520185022904,4.86326348818026,
173,194,"-III",3,5.11167207931877,4.99387019431662,"-III",3,5.11167207931877,4.99387019431662,
,,,,,,,,,,
174,237,"i",3,4.71517207412311,4.55158337806905,"i",3,4.71517207412311,4.55158337806905,
174,238,"i",3,4.06064926986031,4.66493896754154,"i",3,4.06064926986031,4.66493896754154,
174,239,"i",3,2.6664380115168,4.98177063680238,"i",3,2.6664380115168,4.98177063680238,
174,240,"V",4,4.99277135292174,5.04717384939525,"V",4,4.99277135292174,5.04717384939525,
174,241,"-VI",4,6.32151909558273,4.66161339606314,"-VI",4,6.32151909558273,4.66161339606314,
174,242,"IV",2,5.56341296327674,5.21162860137978,"i",2,5.50461220443293,5.21162860137978,0.0588007588438106
174,243,"IV",2,3.59887507545762,5.28761804073329,"IV",2,5.01794685322962,5.29820537629129,
174,244,"II",3,5.52325149768519,5.11429752507913,"II",3,6.20193754994094,4.72510472933772,
174,245,"V",3,2.69271674935022,4.62338129754034,"V",2,3.62625053495906,5.17601917665522,
174,246,"i",4,5.95928547644459,4.42325777984178,"i",3,5.67520185022904,4.86326348818026,
174,247,"i",3,4.21556632988782,4.99387019431662,"i",3,4.21556632988782,4.99387019431662,
,,,,,,,,,,
175,253,"i",3,4.71517207412311,4.55158337806905,"i",3,4.71517207412311,4.55158337806905,
175,254,"i",3,4.06064926986031,4.66493896754154,"i",3,4.06064926986031,4.66493896754154,
175,255,"i",3,2.6664380115168,4.98177063680238,"i",3,2.6664380115168,4.98177063680238,
175,256,"V",4,4.99277135292174,5.04717384939525,"V",4,4.99277135292174,5.04717384939525,
175,257,"-VI",4,6.32151909558273,4.66161339606314,"-VI",4,6.32151909558273,4.66161339606314,
175,258,"IV",2,5.56341296327674,5.21162860137978,"i",2,5.50461220443293,5.21162860137978,0.0588007588438106
175,259,"IV",2,3.59887507545762,5.28761804073329,"IV",2,5.01794685322962,5.29820537629129,
175,260,"II",3,5.52325149768519,5.11429752507913,"II",3,6.20193754994094,4.72510472933772,
175,261,"V",3,2.69271674935022,4.62338129754034,"V",2,3.62625053495906,5.17601917665522,
175,262,"i",4,5.95928547644459,4.42325777984178,"i",3,5.67520185022904,4.86326348818026,
175,263,"-III",3,5.11167207931877,4.99387019431662,"-III",3,5.11167207931877,4.99387019431662,
,,,,,,,,,,
176,92,"II",4,7.14643735129163,4.32471828102778,"II",4,7.14643735129163,4.32471828102778,
176,93,"V",2,2.82957323679038,5.11153237032286,"V",2,2.82957323679038,5.11153237032286,
176,94,"I",3,2.81107720338561,5.02039127735396,"I",3,2.81107720338561,5.02039127735396,
176,95,"-II",4,6.34837356686697,5.13662678199089,"-II",4,6.34837356686697,5.13662678199089,
176,96,"-III",3,5.98659308173626,4.68778957886446,"-III",3,5.98659308173626,4.68778957886446,
176,97,"iv",2,5.53618289814147,5.27374130734101,"v",2,5.59538273963773,5.27374130734101,0.0591998414962553
176,98,"v",2,5.38871854606945,5.27519358915011,"v",2,4.4218805215403,5.28203419269418,
176,99,"-VI",2,4.17354461841996,5.18047862058646,"-VI",3,3.79482755087143,5.06418655701579,
176,100,"-VII",3,2.82995612083336,4.99017791724168,"-VII",4,4.75502463012414,4.63917969838823,
176,101,"I",4,3.41106504221493,4.23680940280804,"I",3,3.59401019258147,4.70914815740557,
176,102,"I",4,3.90552078118793,4.73188272681839,"I",4,3.90552078118793,4.73188272681839,
,,,,,,,,,,
177,219,"II",4,7.14643735129163,4.32471828102778,"II",4,7.14643735129163,4.32471828102778,
177,220,"V",2,2.82957323679038,5.11153237032286,"V",2,2.82957323679038,5.11153237032286,
177,221,"I",3,2.81107720338561,5.02039127735396,"I",3,2.81107720338561,5.02039127735396,
177,222,"-II",4,6.34837356686697,5.13662678199089,"-II",4,6.34837356686697,5.13662678199089,
177,223,"-III",3,5.98659308173626,4.68778957886446,"-III",3,5.98659308173626,4.68778957886446,
177,224,"iv",2,5.53618289814147,5.27374130734101,"v",2,5.59538273963773,5.27374130734101,0.0591998414962553
177,225,"v",2,5.38871854606945,5.27519358915011,"v",2,4.4218805215403,5.28203419269418,
177,226,"-VI",2,4.17354461841996,5.18047862058646,"-VI",3,3.79482755087143,5.06418655701579,
177,227,"-VII",3,2.82995612083336,4.99017791724168,"-VII",4,4.75502463012414,4.63917969838823,
177,228,"I",4,3.41106504221493,4.23680940280804,"I",3,3.59401019258147,4.70914815740557,
177,229,"I",4,3.90552078118793,4.73188272681839,"I",4,3.90552078118793,4.73188272681839,
,,,,,,,,,,
178,13,"-VI",4,6.32151909558273,4.66161339606314,"-VI",4,6.32151909558273,4.66161339606314,
178,14,"IV",2,5.56341296327674,5.21162860137978,"IV",2,5.56341296327674,5.21162860137978,
178,15,"IV",2,3.59887507545762,5.28761804073329,"IV",2,3.59887507545762,5.28761804073329,
178,16,"II",3,5.52325149768519,5.11429752507913,"II",3,5.52325149768519,5.11429752507913,
178,17,"V",3,2.69271674935022,4.62338129754034,"V",3,2.69271674935022,4.62338129754034,
178,18,"i",4,5.95928547644459,4.42325777984178,"vi",4,5.89951602514033,4.42325777984178,0.0597694513042635
178,19,"i",3,4.21556632988782,4.99387019431662,"i",3,5.98762299969924,5.02662564833675,
178,20,"V",3,5.04833217239508,5.07291631817395,"V",3,6.03086447165412,4.21471832726384,
178,21,"-VI",4,6.8742848016669,3.84050284797238,"-VI",2,5.89747022446483,5.17492907583995,
178,22,"-III",2,4.71464187100915,5.21162860137978,"-III",2,4.71464187100915,5.21162860137978,
178,23,"-III",3,2.85303142878154,4.97597381919691,"-III",3,2.85303142878154,4.97597381919691,
,,,,,,,,,,
179,29,"-VI",4,6.32151909558273,4.66161339606314,"-VI",4,6.32151909558273,4.66161339606314,
179,30,"IV",2,5.56341296327674,5.21162860137978,"IV",2,5.56341296327674,5.21162860137978,
179,31,"IV",2,3.59887507545762,5.28761804073329,"IV",2,3.59887507545762,5.28761804073329,
179,32,"II",3,5.52325149768519,5.11429752507913,"II",3,5.52325149768519,5.11429752507913,
179,33,"V",3,2.69271674935022,4.62338129754034,"V",3,2.69271674935022,4.62338129754034,
179,34,"i",4,5.95928547644459,4.42325777984178,"vi",4,5.89951602514033,4.42325777984178,0.0597694513042635
179,35,"i",3,4.21556632988782,4.99387019431662,"i",3,5.98762299969924,5.02662564833675,
179,36,"V",3,5.04833217239508,5.07291631817395,"V",3,6.03086447165412,4.21471832726384,
179,37,"-VI",4,6.8742848016669,3.84050284797238,"-VI",2,5.89747022446483,5.17492907583995,
179,38,"-III",2,4.71464187100915,5.21162860137978,"-III",2,4.71464187100915,5.21162860137978,
179,39,"-III",3,2.85303142878154,4.97597381919691,"-III",3,2.85303142878154,4.97597381919691,
,,,,,,,,,,
180,45,"-VI",4,6.32151909558273,4.66161339606314,"-VI",4,6.32151909558273,4.66161339606314,
180,46,"IV",2,5.56341296327674,5.21162860137978,"IV",2,5.56341296327674,5.21162860137978,
180,47,"IV",2,3.59887507545762,5.28761804073329,"IV",2,3.59887507545762,5.28761804073329,
180,48,"II",3,5.52325149768519,5.11429752507913,"II",3,5.52325149768519,5.11429752507913,
180,49,"V",3,2.69271674935022,4.62338129754034,"V",3,2.69271674935022,4.62338129754034,
180,50,"i",4,5.95928547644459,4.42325777984178,"vi",4,5.89951602514033,4.42325777984178,0.0597694513042635
180,51,"i",3,4.21556632988782,4.99387019431662,"i",3,5.98762299969924,5.02662564833675,
180,52,"V",3,5.04833217239508,5.07291631817395,"V",3,6.03086447165412,4.21471832726384,
180,53,"-VI",4,6.8742848016669,3.84050284797238,"-VI",2,5.89747022446483,5.17492907583995,
180,54,"-III",2,4.71464187100915,5.21162860137978,"-III",2,4.71464187100915,5.21162860137978,
180,55,"-III",3,2.85303142878154,4.97597381919691,"-III",3,2.85303142878154,4.97597381919691,
,,,,,,,,,,
181,61,"-VI",4,6.32151909558273,4.66161339606314,"-VI",4,6.32151909558273,4.66161339606314,
181,62,"IV",2,5.56341296327674,5.21162860137978,"IV",2,5.56341296327674,5.21162860137978,
181,63,"IV",2,3.59887507545762,5.28761804073329,"IV",2,3.59887507545762,5.28761804073329,
181,64,"II",3,5.52325149768519,5.11429752507913,"II",3,5.52325149768519,5.11429752507913,
181,65,"V",3,2.69271674935022,4.62338129754034,"V",3,2.69271674935022,4.62338129754034,
181,66,"i",4,5.95928547644459,4.42325777984178,"vi",4,5.89951602514033,4.42325777984178,0.0597694513042635
181,67,"-III",3,5.11167207931877,4.99387019431662,"-III",3,6.22885802724769,5.02662564833675,
181,68,"IV",3,2.56923925731804,4.88520289799751,"IV",3,1.91772523525004,4.72938478408509,
181,69,"IV",4,5.29325152827515,3.7635212379849,"IV",3,4.58794018911069,4.42923700143686,
181,70,"iv",3,5.21842943257505,5.19334545229863,"iv",3,5.21842943257505,5.19334545229863,
181,71,"-VI",3,5.45198392391252,5.25181979768232,"-VI",3,5.45198392391252,5.25181979768232,
,,,,,,,,,,
182,114,"-VI",4,6.32151909558273,4.66161339606314,"-VI",4,6.32151909558273,4.66161339606314,
182,115,"IV",2,5.56341296327674,5.21162860137978,"IV",2,5.56341296327674,5.21162860137978,
182,116,"IV",2,3.59887507545762,5.28761804073329,"IV",2,3.59887507545762,5.28761804073329,
182,117,"II",3,5.52325149768519,5.11429752507913,"II",3,5.52325149768519,5.11429752507913,
182,118,"V",3,2.69271674935022,4.62338129754034,"V",3,2.69271674935022,4.62338129754034,
182,119,"i",4,5.95928547644459,4.42325777984178,"vi",4,5.89951602514033,4.42325777984178,0.0597694513042635
182,120,"i",3,4.21556632988782,4.99387019431662,"i",3,5.98762299969924,5.02662564833675,
182,121,"V",3,5.04833217239508,5.07291631817395,"V",3,6.03086447165412,4.21471832726384,
182,122,"-VI",4,6.8742848016669,3.84050284797238,"-VI",2,5.89747022446483,5.17492907583995,
182,123,"-III",2,4.71464187100915,5.21162860137978,"-III",2,4.71464187100915,5.21162860137978,
182,124,"-III",3,2.85303142878154,4.97597381919691,"-III",3,2.85303142878154,4.97597381919691,
,,,,,,,,,,
183,130,"-VI",4,6.32151909558273,4.66161339606314,"-VI",4,6.32151909558273,4.66161339606314,
183,131,"IV",2,5.56341296327674,5.21162860137978,"IV",2,5.56341296327674,5.21162860137978,
183,132,"IV",2,3.59887507545762,5.28761804073329,"IV",2,3.59887507545762,5.28761804073329,
183,133,"II",3,5.52325149768519,5.11429752507913,"II",3,5.52325149768519,5.11429752507913,
183,134,"V",3,2.69271674935022,4.62338129754034,"V",3,2.69271674935022,4.62338129754034,
183,135,"i",4,5.95928547644459,4.42325777984178,"vi",4,5.89951602514033,4.42325777984178,0.0597694513042635
183,136,"-III",3,5.11167207931877,4.99387019431662,"-III",3,6.22885802724769,5.02662564833675,
183,137,"IV",3,2.56923925731804,4.88520289799751,"IV",3,1.91772523525004,4.72938478408509,
183,138,"IV",4,5.29325152827515,3.7635212379849,"IV",3,4.58794018911069,4.42923700143686,
183,139,"iv",3,5.21842943257505,5.19334545229863,"iv",3,5.21842943257505,5.19334545229863,
183,140,"-VI",3,5.45198392391252,5.25181979768232,"-VI",3,5.45198392391252,5.25181979768232,
,,,,,,,,,,
184,172,"-VI",4,6.32151909558273,4.66161339606314,"-VI",4,6.32151909558273,4.66161339606314,
184,173,"IV",2,5.56341296327674,5.21162860137978,"IV",2,5.56341296327674,5.21162860137978,
184,174,"IV",2,3.59887507545762,5.28761804073329,"IV",2,3.59887507545762,5.28761804073329,
184,175,"II",3,5.52325149768519,5.11429752507913,"II",3,5.52325149768519,5.11429752507913,
184,176,"V",3,2.69271674935022,4.62338129754034,"V",3,2.69271674935022,4.62338129754034,
184,177,"i",4,5.95928547644459,4.42325777984178,"vi",4,5.89951602514033,4.42325777984178,0.0597694513042635
184,178,"i",3,4.21556632988782,4.99387019431662,"i",3,5.98762299969924,5.02662564833675,
184,179,"V",3,5.04833217239508,5.07291631817395,"V",3,6.03086447165412,4.21471832726384,
184,180,"-VI",4,6.8742848016669,3.84050284797238,"-VI",2,5.89747022446483,5.17492907583995,
184,181,"-III",2,4.71464187100915,5.21162860137978,"-III",2,4.71464187100915,5.21162860137978,
184,182,"-III",3,2.85303142878154,4.97597381919691,"-III",3,2.85303142878154,4.97597381919691,
,,,,,,,,,,
185,188,"-VI",4,6.32151909558273,4.66161339606314,"-VI",4,6.32151909558273,4.66161339606314,
185,189,"IV",2,5.56341296327674,5.21162860137978,"IV",2,5.56341296327674,5.21162860137978,
185,190,"IV",2,3.59887507545762,5.28761804073329,"IV",2,3.59887507545762,5.28761804073329,
185,191,"II",3,5.52325149768519,5.11429752507913,"II",3,5.52325149768519,5.11429752507913,
185,192,"V",3,2.69271674935022,4.62338129754034,"V",3,2.69271674935022,4.62338129754034,
185,193,"i",4,5.95928547644459,4.42325777984178,"vi",4,5.89951602514033,4.42325777984178,0.0597694513042635
185,194,"-III",3,5.11167207931877,4.99387019431662,"-III",3,6.22885802724769,5.02662564833675,
185,195,"IV",3,2.56923925731804,4.88520289799751,"IV",3,1.91772523525004,4.72938478408509,
185,196,"IV",4,5.29325152827515,3.7635212379849,"IV",3,4.58794018911069,4.42923700143686,
185,197,"iv",3,5.21842943257505,5.19334545229863,"iv",3,5.21842943257505,5.19334545229863,
185,198,"-VI",3,5.45198392391252,5.25181979768232,"-VI",3,5.45198392391252,5.25181979768232,
,,,,,,,,,,
186,241,"-VI",4,6.32151909558273,4.66161339606314,"-VI",4,6.32151909558273,4.66161339606314,
186,242,"IV",2,5.56341296327674,5.21162860137978,"IV",2,5.56341296327674,5.21162860137978,
186,243,"IV",2,3.59887507545762,5.28761804073329,"IV",2,3.59887507545762,5.28761804073329,
186,244,"II",3,5.52325149768519,5.11429752507913,"II",3,5.52325149768519,5.11429752507913,
186,245,"V",3,2.69271674935022,4.62338129754034,"V",3,2.69271674935022,4.62338129754034,
186,246,"i",4,5.95928547644459,4.42325777984178,"vi",4,5.89951602514033,4.42325777984178,0.0597694513042635
186,247,"i",3,4.21556632988782,4.99387019431662,"i",3,5.98762299969924,5.02662564833675,
186,248,"V",3,5.04833217239508,5.07291631817395,"V",3,6.03086447165412,4.21471832726384,
186,249,"-VI",4,6.8742848016669,3.84050284797238,"-VI",2,5.89747022446483,5.17492907583995,
186,250,"-III",2,4.71464187100915,5.21162860137978,"-III",2,4.71464187100915,5.21162860137978,
186,251,"-III",3,2.85303142878154,4.97597381919691,"-III",3,2.85303142878154,4.97597381919691,
,,,,,,,,,,
187,257,"-VI",4,6.32151909558273,4.66161339606314,"-VI",4,6.32151909558273,4.66161339606314,
187,258,"IV",2,5.56341296327674,5.21162860137978,"IV",2,5.56341296327674,5.21162860137978,
187,259,"IV",2,3.59887507545762,5.28761804073329,"IV",2,3.59887507545762,5.28761804073329,
187,260,"II",3,5.52325149768519,5.11429752507913,"II",3,5.52325149768519,5.11429752507913,
187,261,"V",3,2.69271674935022,4.62338129754034,"V",3,2.69271674935022,4.62338129754034,
187,262,"i",4,5.95928547644459,4.42325777984178,"vi",4,5.89951602514033,4.42325777984178,0.0597694513042635
187,263,"-III",3,5.11167207931877,4.99387019431662,"-III",3,6.22885802724769,5.02662564833675,
187,264,"IV",3,2.56923925731804,4.88520289799751,"IV",3,1.91772523525004,4.72938478408509,
187,265,"IV",4,5.29325152827515,3.7635212379849,"IV",3,4.58794018911069,4.42923700143686,
187,266,"iv",3,5.21842943257505,5.19334545229863,"iv",3,5.21842943257505,5.19334545229863,
187,267,"-VI",3,5.45198392391252,5.25181979768232,"-VI",3,5.45198392391252,5.25181979768232,
,,,,,,,,,,
188,13,"-VI",4,6.32151909558273,4.66161339606314,"-VI",4,6.32151909558273,4.66161339606314,
188,14,"IV",2,5.56341296327674,5.21162860137978,"IV",2,5.56341296327674,5.21162860137978,
188,15,"IV",2,3.59887507545762,5.28761804073329,"IV",2,3.59887507545762,5.28761804073329,
188,16,"II",3,5.52325149768519,5.11429752507913,"II",3,5.52325149768519,5.11429752507913,
188,17,"V",3,2.69271674935022,4.62338129754034,"V",3,2.69271674935022,4.62338129754034,
188,18,"i",4,5.95928547644459,4.42325777984178,"VI",4,6.02221322727776,4.42325777984178,0.0629277508331674
188,19,"i",3,4.21556632988782,4.99387019431662,"i",3,6.34976748571611,4.90702649129091,
188,20,"V",3,5.04833217239508,5.07291631817395,"V",2,5.78102605562583,4.52565316461656,
188,21,"-VI",4,6.8742848016669,3.84050284797238,"-VI",2,5.89747022446483,5.17492907583995,
188,22,"-III",2,4.71464187100915,5.21162860137978,"-III",2,4.71464187100915,5.21162860137978,
188,23,"-III",3,2.85303142878154,4.97597381919691,"-III",3,2.85303142878154,4.97597381919691,
,,,,,,,,,,
189,29,"-VI",4,6.32151909558273,4.66161339606314,"-VI",4,6.32151909558273,4.66161339606314,
189,30,"IV",2,5.56341296327674,5.21162860137978,"IV",2,5.56341296327674,5.21162860137978,
189,31,"IV",2,3.59887507545762,5.28761804073329,"IV",2,3.59887507545762,5.28761804073329,
189,32,"II",3,5.52325149768519,5.11429752507913,"II",3,5.52325149768519,5.11429752507913,
189,33,"V",3,2.69271674935022,4.62338129754034,"V",3,2.69271674935022,4.62338129754034,
189,34,"i",4,5.95928547644459,4.42325777984178,"VI",4,6.02221322727776,4.42325777984178,0.0629277508331674
189,35,"i",3,4.21556632988782,4.99387019431662,"i",3,6.34976748571611,4.90702649129091,
189,36,"V",3,5.04833217239508,5.07291631817395,"V",2,5.78102605562583,4.52565316461656,
189,37,"-VI",4,6.8742848016669,3.84050284797238,"-VI",2,5.89747022446483,5.17492907583995,
189,38,"-III",2,4.71464187100915,5.21162860137978,"-III",2,4.71464187100915,5.21162860137978,
189,39,"-III",3,2.85303142878154,4.97597381919691,"-III",3,2.85303142878154,4.97597381919691,
,,,,,,,,,,
190,45,"-VI",4,6.32151909558273,4.66161339606314,"-VI",4,6.32151909558273,4.66161339606314,
190,46,"IV",2,5.56341296327674,5.21162860137978,"IV",2,5.56341296327674,5.21162860137978,
190,47,"IV",2,3.59887507545762,5.28761804073329,"IV",2,3.59887507545762,5.28761804073329,
190,48,"II",3,5.52325149768519,5.11429752507913,"II",3,5.52325149768519,5.11429752507913,
190,49,"V",3,2.69271674935022,4.62338129754034,"V",3,2.69271674935022,4.62338129754034,
190,50,"i",4,5.95928547644459,4.42325777984178,"VI",4,6.02221322727776,4.42325777984178,0.0629277508331674
190,51,"i",3,4.21556632988782,4.99387019431662,"i",3,6.34976748571611,4.90702649129091,
190,52,"V",3,5.04833217239508,5.07291631817395,"V",2,5.78102605562583,4.52565316461656,
190,53,"-VI",4,6.8742848016669,3.84050284797238,"-VI",2,5.89747022446483,5.17492907583995,
190,54,"-III",2,4.71464187100915,5.21162860137978,"-III",2,4.71464187100915,5.21162860137978,
190,55,"-III",3,2.85303142878154,4.97597381919691,"-III",3,2.85303142878154,4.97597381919691,
,,,,,,,,,,
191,61,"-VI",4,6.32151909558273,4.66161339606314,"-VI",4,6.32151909558273,4.66161339606314,
191,62,"IV",2,5.56341296327674,5.21162860137978,"IV",2,5.56341296327674,5.21162860137978,
191,63,"IV",2,3.59887507545762,5.28761804073329,"IV",2,3.59887507545762,5.28761804073329,
191,64,"II",3,5.52325149768519,5.11429752507913,"II",3,5.52325149768519,5.11429752507913,
191,65,"V",3,2.69271674935022,4.62338129754034,"V",3,2.69271674935022,4.62338129754034,
191,66,"i",4,5.95928547644459,4.42325777984178,"VI",4,6.02221322727776,4.42325777984178,0.0629277508331674
191,67,"-III",3,5.11167207931877,4.99387019431662,"-III",3,6.86472026518953,4.90702649129091,
191,68,"IV",3,2.56923925731804,4.88520289799751,"IV",1,4.92552091338978,5.45525046442142,
191,69,"IV",4,5.29325152827515,3.7635212379849,"IV",2,4.14825040328997,5.14391156873158,
191,70,"iv",3,5.21842943257505,5.19334545229863,"iv",3,5.21842943257505,5.19334545229863,
191,71,"-VI",3,5.45198392391252,5.25181979768232,"-VI",3,5.45198392391252,5.25181979768232,
,,,,,,,,,,
192,114,"-VI",4,6.32151909558273,4.66161339606314,"-VI",4,6.32151909558273,4.66161339606314,
192,115,"IV",2,5.56341296327674,5.21162860137978,"IV",2,5.56341296327674,5.21162860137978,
192,116,"IV",2,3.59887507545762,5.28761804073329,"IV",2,3.59887507545762,5.28761804073329,
192,117,"II",3,5.52325149768519,5.11429752507913,"II",3,5.52325149768519,5.11429752507913,
192,118,"V",3,2.69271674935022,4.62338129754034,"V",3,2.69271674935022,4.62338129754034,
192,119,"i",4,5.95928547644459,4.42325777984178,"VI",4,6.02221322727776,4.42325777984178,0.0629277508331674
192,120,"i",3,4.21556632988782,4.99387019431662,"i",3,6.34976748571611,4.90702649129091,
192,121,"V",3,5.04833217239508,5.07291631817395,"V",2,5.78102605562583,4.52565316461656,
192,122,"-VI",4,6.8742848016669,3.84050284797238,"-VI",2,5.89747022446483,5.17492907583995,
192,123,"-III",2,4.71464187100915,5.21162860137978,"-III",2,4.71464187100915,5.21162860137978,
192,124,"-III",3,2.85303142878154,4.97597381919691,"-III",3,2.85303142878154,4.97597381919691,
,,,,,,,,,,
193,130,"-VI",4,6.32151909558273,4.66161339606314,"-VI",4,6.32151909558273,4.66161339606314,
193,131,"IV",2,5.56341296327674,5.21162860137978,"IV",2,5.56341296327674,5.21162860137978,
193,132,"IV",2,3.59887507545762,5.28761804073329,"IV",2,3.59887507545762,5.28761804073329,
193,133,"II",3,5.52325149768519,5.11429752507913,"II",3,5.52325149768519,5.11429752507913,
193,134,"V",3,2.69271674935022,4.62338129754034,"V",3,2.69271674935022,4.62338129754034,
193,135,"i",4,5.95928547644459,4.42325777984178,"VI",4,6.02221322727776,4.42325777984178,0.0629277508331674
193,136,"-III",3,5.11167207931877,4.99387019431662,"-III",3,6.86472026518953,4.90702649129091,
193,137,"IV",3,2.56923925731804,4.88520289799751,"IV",1,4.92552091338978,5.45525046442142,
193,138,"IV",4,5.29325152827515,3.7635212379849,"IV",2,4.14825040328997,5.14391156873158,
193,139,"iv",3,5.21842943257505,5.19334545229863,"iv",3,5.21842943257505,5.19334545229863,
193,140,"-VI",3,5.45198392391252,5.25181979768232,"-VI",3,5.45198392391252,5.25181979768232,
,,,,,,,,,,
194,172,"-VI",4,6.32151909558273,4.66161339606314,"-VI",4,6.32151909558273,4.66161339606314,
194,173,"IV",2,5.56341296327674,5.21162860137978,"IV",2,5.56341296327674,5.21162860137978,
194,174,"IV",2,3.59887507545762,5.28761804073329,"IV",2,3.59887507545762,5.28761804073329,
194,175,"II",3,5.52325149768519,5.11429752507913,"II",3,5.52325149768519,5.11429752507913,
194,176,"V",3,2.69271674935022,4.62338129754034,"V",3,2.69271674935022,4.62338129754034,
194,177,"i",4,5.95928547644459,4.42325777984178,"VI",4,6.02221322727776,4.42325777984178,0.0629277508331674
194,178,"i",3,4.21556632988782,4.99387019431662,"i",3,6.34976748571611,4.90702649129091,
194,179,"V",3,5.04833217239508,5.07291631817395,"V",2,5.78102605562583,4.52565316461656,
194,180,"-VI",4,6.8742848016669,3.84050284797238,"-VI",2,5.89747022446483,5.17492907583995,
194,181,"-III",2,4.71464187100915,5.21162860137978,"-III",2,4.71464187100915,5.21162860137978,
194,182,"-III",3,2.85303142878154,4.97597381919691,"-III",3,2.85303142878154,4.97597381919691,
,,,,,,,,,,
195,188,"-VI",4,6.32151909558273,4.66161339606314,"-VI",4,6.32151909558273,4.66161339606314,
195,189,"IV",2,5.56341296327674,5.21162860137978,"IV",2,5.56341296327674,5.21162860137978,
195,190,"IV",2,3.59887507545762,5.28761804073329,"IV",2,3.59887507545762,5.28761804073329,
195,191,"II",3,5.52325149768519,5.11429752507913,"II",3,5.52325149768519,5.11429752507913,
195,192,"V",3,2.69271674935022,4.62338129754034,"V",3,2.69271674935022,4.62338129754034,
195,193,"i",4,5.95928547644459,4.42325777984178,"VI",4,6.02221322727776,4.42325777984178,0.0629277508331674
195,194,"-III",3,5.11167207931877,4.99387019431662,"-III",3,6.86472026518953,4.90702649129091,
195,195,"IV",3,2.56923925731804,4.88520289799751,"IV",1,4.92552091338978,5.45525046442142,
195,196,"IV",4,5.29325152827515,3.7635212379849,"IV",2,4.14825040328997,5.14391156873158,
195,197,"iv",3,5.21842943257505,5.19334545229863,"iv",3,5.21842943257505,5.19334545229863,
195,198,"-VI",3,5.45198392391252,5.25181979768232,"-VI",3,5.45198392391252,5.25181979768232,
,,,,,,,,,,
196,241,"-VI",4,6.32151909558273,4.66161339606314,"-VI",4,6.32151909558273,4.66161339606314,
196,242,"IV",2,5.56341296327674,5.21162860137978,"IV",2,5.56341296327674,5.21162860137978,
196,243,"IV",2,3.59887507545762,5.28761804073329,"IV",2,3.59887507545762,5.28761804073329,
196,244,"II",3,5.52325149768519,5.11429752507913,"II",3,5.52325149768519,5.11429752507913,
196,245,"V",3,2.69271674935022,4.62338129754034,"V",3,2.69271674935022,4.62338129754034,
196,246,"i",4,5.95928547644459,4.42325777984178,"VI",4,6.02221322727776,4.42325777984178,0.0629277508331674
196,247,"i",3,4.21556632988782,4.99387019431662,"i",3,6.34976748571611,4.90702649129091,
196,248,"V",3,5.04833217239508,5.07291631817395,"V",2,5.78102605562583,4.52565316461656,
196,249,"-VI",4,6.8742848016669,3.84050284797238,"-VI",2,5.89747022446483,5.17492907583995,
196,250,"-III",2,4.71464187100915,5.21162860137978,"-III",2,4.71464187100915,5.21162860137978,
196,251,"-III",3,2.85303142878154,4.97597381919691,"-III",3,2.85303142878154,4.97597381919691,
,,,,,,,,,,
197,257,"-VI",4,6.32151909558273,4.66161339606314,"-VI",4,6.32151909558273,4.66161339606314,
197,258,"IV",2,5.56341296327674,5.21162860137978,"IV",2,5.56341296327674,5.21162860137978,
197,259,"IV",2,3.59887507545762,5.28761804073329,"IV",2,3.59887507545762,5.28761804073329,
197,260,"II",3,5.52325149768519,5.11429752507913,"II",3,5.52325149768519,5.11429752507913,
197,261,"V",3,2.69271674935022,4.62338129754034,"V",3,2.69271674935022,4.62338129754034,
197,262,"i",4,5.95928547644459,4.42325777984178,"VI",4,6.02221322727776,4.42325777984178,0.0629277508331674
197,263,"-III",3,5.11167207931877,4.99387019431662,"-III",3,6.86472026518953,4.90702649129091,
197,264,"IV",3,2.56923925731804,4.88520289799751,"IV",1,4.92552091338978,5.45525046442142,
197,265,"IV",4,5.29325152827515,3.7635212379849,"IV",2,4.14825040328997,5.14391156873158,
197,266,"iv",3,5.21842943257505,5.19334545229863,"iv",3,5.21842943257505,5.19334545229863,
197,267,"-VI",3,5.45198392391252,5.25181979768232,"-VI",3,5.45198392391252,5.25181979768232,
,,,,,,,,,,
198,65,"V",3,2.69271674935022,4.62338129754034,"V",3,2.69271674935022,4.62338129754034,
198,66,"i",4,5.95928547644459,4.42325777984178,"i",4,5.95928547644459,4.42325777984178,
198,67,"-III",3,5.11167207931877,4.99387019431662,"-III",3,5.11167207931877,4.99387019431662,
198,68,"IV",3,2.56923925731804,4.88520289799751,"IV",3,2.56923925731804,4.88520289799751,
198,69,"IV",4,5.29325152827515,3.7635212379849,"IV",4,5.29325152827515,3.7635212379849,
198,70,"iv",3,5.21842943257505,5.19334545229863,"vi",3,5.15424102449502,5.19334545229863,0.0641884080800281
198,71,"-VI",3,5.45198392391252,5.25181979768232,"-VI",3,6.69933420120205,4.408012025705,
198,72,"-VII",3,2.03420730540576,4.79536691724101,"-VII",2,3.71190992101999,5.15708463573711,
198,73,"-VII",4,4.38425159960647,4.47240966247851,"-VII",3,4.95358752083459,3.52629941875164,
198,74,"v",4,5.23026207875861,4.90063781709946,"v",3,5.02315594924845,5.12097344995579,
198,75,"r",4,3.57907221578361,4.58421266251642,"r",4,3.57907221578361,4.58421266251642,
,,,,,,,,,,
199,134,"V",3,2.69271674935022,4.62338129754034,"V",3,2.69271674935022,4.62338129754034,
199,135,"i",4,5.95928547644459,4.42325777984178,"i",4,5.95928547644459,4.42325777984178,
199,136,"-III",3,5.11167207931877,4.99387019431662,"-III",3,5.11167207931877,4.99387019431662,
199,137,"IV",3,2.56923925731804,4.88520289799751,"IV",3,2.56923925731804,4.88520289799751,
199,138,"IV",4,5.29325152827515,3.7635212379849,"IV",4,5.29325152827515,3.7635212379849,
199,139,"iv",3,5.21842943257505,5.19334545229863,"vi",3,5.15424102449502,5.19334545229863,0.0641884080800281
199,140,"-VI",3,5.45198392391252,5.25181979768232,"-VI",3,6.69933420120205,4.408012025705,
199,141,"-VII",3,2.03420730540576,4.79536691724101,"-VII",2,3.71190992101999,5.15708463573711,
199,142,"-VII",4,4.38425159960647,4.47240966247851,"-VII",3,4.95358752083459,3.52629941875164,
199,143,"v",4,5.23026207875861,4.90063781709946,"v",3,5.02315594924845,5.12097344995579,
199,144,"r",4,3.57907221578361,4.58421266251642,"r",4,3.57907221578361,4.58421266251642,
,,,,,,,,,,
200,192,"V",3,2.69271674935022,4.62338129754034,"V",3,2.69271674935022,4.62338129754034,
200,193,"i",4,5.95928547644459,4.42325777984178,"i",4,5.95928547644459,4.42325777984178,
200,194,"-III",3,5.11167207931877,4.99387019431662,"-III",3,5.11167207931877,4.99387019431662,
200,195,"IV",3,2.56923925731804,4.88520289799751,"IV",3,2.56923925731804,4.88520289799751,
200,196,"IV",4,5.29325152827515,3.7635212379849,"IV",4,5.29325152827515,3.7635212379849,
200,197,"iv",3,5.21842943257505,5.19334545229863,"vi",3,5.15424102449502,5.19334545229863,0.0641884080800281
200,198,"-VI",3,5.45198392391252,5.25181979768232,"-VI",3,6.69933420120205,4.408012025705,
200,199,"-VII",3,2.03420730540576,4.79536691724101,"-VII",2,3.71190992101999,5.15708463573711,
200,200,"-VII",4,4.38425159960647,4.47240966247851,"-VII",3,4.95358752083459,3.52629941875164,
200,201,"v",4,5.23026207875861,4.90063781709946,"v",3,5.02315594924845,5.12097344995579,
200,202,"r",4,3.57907221578361,4.58421266251642,"r",4,3.57907221578361,4.58421266251642,
,,,,,,,,,,
201,261,"V",3,2.69271674935022,4.62338129754034,"V",3,2.69271674935022,4.62338129754034,
201,262,"i",4,5.95928547644459,4.42325777984178,"i",4,5.95928547644459,4.42325777984178,
201,263,"-III",3,5.11167207931877,4.99387019431662,"-III",3,5.11167207931877,4.99387019431662,
201,264,"IV",3,2.56923925731804,4.88520289799751,"IV",3,2.56923925731804,4.88520289799751,
201,265,"IV",4,5.29325152827515,3.7635212379849,"IV",4,5.29325152827515,3.7635212379849,
201,266,"iv",3,5.21842943257505,5.19334545229863,"vi",3,5.15424102449502,5.19334545229863,0.0641884080800281
201,267,"-VI",3,5.45198392391252,5.25181979768232,"-VI",3,6.69933420120205,4.408012025705,
201,268,"-VII",3,2.03420730540576,4.79536691724101,"-VII",2,3.71190992101999,5.15708463573711,
201,269,"-VII",4,4.38425159960647,4.47240966247851,"-VII",3,4.95358752083459,3.52629941875164,
201,270,"v",4,5.23026207875861,4.90063781709946,"v",3,5.02315594924845,5.12097344995579,
201,271,"r",4,3.57907221578361,4.58421266251642,"r",4,3.57907221578361,4.58421266251642,
,,,,,,,,,,
202,100,"-VII",3,2.82995612083336,4.99017791724168,"-VII",3,2.82995612083336,4.99017791724168,
202,101,"I",4,3.41106504221493,4.23680940280804,"I",4,3.41106504221493,4.23680940280804,
202,102,"I",4,3.90552078118793,4.73188272681839,"I",4,3.90552078118793,4.73188272681839,
202,103,"i",4,5.03718376191236,5.22982266041891,"i",4,5.03718376191236,5.22982266041891,
202,104,"i",4,1.36291170400996,4.12687804726425,"i",4,1.36291170400996,4.12687804726425,
202,105,"V",5,5.80234133294087,4.23572288364235,"ii",5,5.87224920077745,4.23572288364235,0.0699078678365739
202,106,"-VI",3,6.49443542269577,4.45310309186184,"-VI",3,5.57359630661638,4.38977725546865,
202,107,"-III",2,4.71464187100915,5.21162860137978,"-III",3,5.84472196809412,4.34509355274007,
202,108,"-III",3,2.85303142878154,4.97597381919691,"-III",2,4.0392703074168,5.28322732129847,
202,109,"-II",4,5.93511024212928,4.87200415131871,"-II",3,5.7043381075464,5.23200446626766,
202,110,"i",3,4.71517207412311,4.55158337806905,"i",3,4.71517207412311,4.55158337806905,
,,,,,,,,,,
203,227,"-VII",3,2.82995612083336,4.99017791724168,"-VII",3,2.82995612083336,4.99017791724168,
203,228,"I",4,3.41106504221493,4.23680940280804,"I",4,3.41106504221493,4.23680940280804,
203,229,"I",4,3.90552078118793,4.73188272681839,"I",4,3.90552078118793,4.73188272681839,
203,230,"i",4,5.03718376191236,5.22982266041891,"i",4,5.03718376191236,5.22982266041891,
203,231,"i",4,1.36291170400996,4.12687804726425,"i",4,1.36291170400996,4.12687804726425,
203,232,"V",5,5.80234133294087,4.23572288364235,"ii",5,5.87224920077745,4.23572288364235,0.0699078678365739
203,233,"-VI",3,6.49443542269577,4.45310309186184,"-VI",3,5.57359630661638,4.38977725546865,
203,234,"-III",2,4.71464187100915,5.21162860137978,"-III",3,5.84472196809412,4.34509355274007,
203,235,"-III",3,2.85303142878154,4.97597381919691,"-III",2,4.0392703074168,5.28322732129847,
203,236,"-II",4,5.93511024212928,4.87200415131871,"-II",3,5.7043381075464,5.23200446626766,
203,237,"i",3,4.71517207412311,4.55158337806905,"i",3,4.71517207412311,4.55158337806905,
,,,,,,,,,,
204,12,"V",4,4.99277135292174,5.04717384939525,"V",4,4.99277135292174,5.04717384939525,
204,13,"-VI",4,6.32151909558273,4.66161339606314,"-VI",4,6.32151909558273,4.66161339606314,
204,14,"IV",2,5.56341296327674,5.21162860137978,"IV",2,5.56341296327674,5.21162860137978,
204,15,"IV",2,3.59887507545762,5.28761804073329,"IV",2,3.59887507545762,5.28761804073329,
204,16,"II",3,5.52325149768519,5.11429752507913,"II",3,5.52325149768519,5.11429752507913,
204,17,"V",3,2.69271674935022,4.62338129754034,"II",3,2.60646708714994,4.62338129754034,0.0862496622002871
204,18,"i",4,5.95928547644459,4.42325777984178,"i",4,6.14479215255915,5.12146679257799,
204,19,"i",3,4.21556632988782,4.99387019431662,"i",2,5.17656165055574,4.51059435140267,
204,20,"V",3,5.04833217239508,5.07291631817395,"V",2,4.9978099093586,5.31846046315123,
204,21,"-VI",4,6.8742848016669,3.84050284797238,"-VI",3,6.49443542269577,4.45310309186184,
204,22,"-III",2,4.71464187100915,5.21162860137978,"-III",2,4.71464187100915,5.21162860137978,
,,,,,,,,,,
205,28,"V",4,4.99277135292174,5.04717384939525,"V",4,4.99277135292174,5.04717384939525,
205,29,"-VI",4,6.32151909558273,4.66161339606314,"-VI",4,6.32151909558273,4.66161339606314,
205,30,"IV",2,5.56341296327674,5.21162860137978,"IV",2,5.56341296327674,5.21162860137978,
205,31,"IV",2,3.59887507545762,5.28761804073329,"IV",2,3.59887507545762,5.28761804073329,
205,32,"II",3,5.52325149768519,5.11429752507913,"II",3,5.52325149768519,5.11429752507913,
205,33,"V",3,2.69271674935022,4.62338129754034,"II",3,2.60646708714994,4.62338129754034,0.0862496622002871
205,34,"i",4,5.95928547644459,4.42325777984178,"i",4,6.14479215255915,5.12146679257799,
205,35,"i",3,4.21556632988782,4.99387019431662,"i",2,5.17656165055574,4.51059435140267,
205,36,"V",3,5.04833217239508,5.07291631817395,"V",2,4.9978099093586,5.31846046315123,
205,37,"-VI",4,6.8742848016669,3.84050284797238,"-VI",3,6.49443542269577,4.45310309186184,
205,38,"-III",2,4.71464187100915,5.21162860137978,"-III",2,4.71464187100915,5.21162860137978,
,,,,,,,,,,
206,44,"V",4,4.99277135292174,5.04717384939525,"V",4,4.99277135292174,5.04717384939525,
206,45,"-VI",4,6.32151909558273,4.66161339606314,"-VI",4,6.32151909558273,4.66161339606314,
206,46,"IV",2,5.56341296327674,5.21162860137978,"IV",2,5.56341296327674,5.21162860137978,
206,47,"IV",2,3.59887507545762,5.28761804073329,"IV",2,3.59887507545762,5.28761804073329,
206,48,"II",3,5.52325149768519,5.11429752507913,"II",3,5.52325149768519,5.11429752507913,
206,49,"V",3,2.69271674935022,4.62338129754034,"II",3,2.60646708714994,4.62338129754034,0.0862496622002871
206,50,"i",4,5.95928547644459,4.42325777984178,"i",4,6.14479215255915,5.12146679257799,
206,51,"i",3,4.21556632988782,4.99387019431662,"i",2,5.17656165055574,4.51059435140267,
206,52,"V",3,5.04833217239508,5.07291631817395,"V",2,4.9978099093586,5.31846046315123,
206,53,"-VI",4,6.8742848016669,3.84050284797238,"-VI",3,6.49443542269577,4.45310309186184,
206,54,"-III",2,4.71464187100915,5.21162860137978,"-III",2,4.71464187100915,5.21162860137978,
,,,,,,,,,,
207,60,"V",4,4.99277135292174,5.04717384939525,"V",4,4.99277135292174,5.04717384939525,
207,61,"-VI",4,6.32151909558273,4.66161339606314,"-VI",4,6.32151909558273,4.66161339606314,
207,62,"IV",2,5.56341296327674,5.21162860137978,"IV",2,5.56341296327674,5.21162860137978,
207,63,"IV",2,3.59887507545762,5.28761804073329,"IV",2,3.59887507545762,5.28761804073329,
207,64,"II",3,5.52325149768519,5.11429752507913,"II",3,5.52325149768519,5.11429752507913,
207,65,"V",3,2.69271674935022,4.62338129754034,"II",3,2.60646708714994,4.62338129754034,0.0862496622002871
207,66,"i",4,5.95928547644459,4.42325777984178,"i",4,6.14479215255915,5.12146679257799,
207,67,"-III",3,5.11167207931877,4.99387019431662,"-III",2,5.86347543242018,4.51059435140267,
207,68,"IV",3,2.56923925731804,4.88520289799751,"IV",2,4.08879197777544,5.32453184052503,
207,69,"IV",4,5.29325152827515,3.7635212379849,"IV",3,4.75156073425121,4.54886275048289,
207,70,"iv",3,5.21842943257505,5.19334545229863,"iv",3,5.21842943257505,5.19334545229863,
,,,,,,,,,,
208,113,"V",4,4.99277135292174,5.04717384939525,"V",4,4.99277135292174,5.04717384939525,
208,114,"-VI",4,6.32151909558273,4.66161339606314,"-VI",4,6.32151909558273,4.66161339606314,
208,115,"IV",2,5.56341296327674,5.21162860137978,"IV",2,5.56341296327674,5.21162860137978,
208,116,"IV",2,3.59887507545762,5.28761804073329,"IV",2,3.59887507545762,5.28761804073329,
208,117,"II",3,5.52325149768519,5.11429752507913,"II",3,5.52325149768519,5.11429752507913,
208,118,"V",3,2.69271674935022,4.62338129754034,"II",3,2.60646708714994,4.62338129754034,0.0862496622002871
208,119,"i",4,5.95928547644459,4.42325777984178,"i",4,6.14479215255915,5.12146679257799,
208,120,"i",3,4.21556632988782,4.99387019431662,"i",2,5.17656165055574,4.51059435140267,
208,121,"V",3,5.04833217239508,5.07291631817395,"V",2,4.9978099093586,5.31846046315123,
208,122,"-VI",4,6.8742848016669,3.84050284797238,"-VI",3,6.49443542269577,4.45310309186184,
208,123,"-III",2,4.71464187100915,5.21162860137978,"-III",2,4.71464187100915,5.21162860137978,
,,,,,,,,,,
209,129,"V",4,4.99277135292174,5.04717384939525,"V",4,4.99277135292174,5.04717384939525,
209,130,"-VI",4,6.32151909558273,4.66161339606314,"-VI",4,6.32151909558273,4.66161339606314,
209,131,"IV",2,5.56341296327674,5.21162860137978,"IV",2,5.56341296327674,5.21162860137978,
209,132,"IV",2,3.59887507545762,5.28761804073329,"IV",2,3.59887507545762,5.28761804073329,
209,133,"II",3,5.52325149768519,5.11429752507913,"II",3,5.52325149768519,5.11429752507913,
209,134,"V",3,2.69271674935022,4.62338129754034,"II",3,2.60646708714994,4.62338129754034,0.0862496622002871
209,135,"i",4,5.95928547644459,4.42325777984178,"i",4,6.14479215255915,5.12146679257799,
209,136,"-III",3,5.11167207931877,4.99387019431662,"-III",2,5.86347543242018,4.51059435140267,
209,137,"IV",3,2.56923925731804,4.88520289799751,"IV",2,4.08879197777544,5.32453184052503,
209,138,"IV",4,5.29325152827515,3.7635212379849,"IV",3,4.75156073425121,4.54886275048289,
209,139,"iv",3,5.21842943257505,5.19334545229863,"iv",3,5.21842943257505,5.19334545229863,
,,,,,,,,,,
210,171,"V",4,4.99277135292174,5.04717384939525,"V",4,4.99277135292174,5.04717384939525,
210,172,"-VI",4,6.32151909558273,4.66161339606314,"-VI",4,6.32151909558273,4.66161339606314,
210,173,"IV",2,5.56341296327674,5.21162860137978,"IV",2,5.56341296327674,5.21162860137978,
210,174,"IV",2,3.59887507545762,5.28761804073329,"IV",2,3.59887507545762,5.28761804073329,
210,175,"II",3,5.52325149768519,5.11429752507913,"II",3,5.52325149768519,5.11429752507913,
210,176,"V",3,2.69271674935022,4.62338129754034,"II",3,2.60646708714994,4.62338129754034,0.0862496622002871
210,177,"i",4,5.95928547644459,4.42325777984178,"i",4,6.14479215255915,5.12146679257799,
210,178,"i",3,4.21556632988782,4.99387019431662,"i",2,5.17656165055574,4.51059435140267,
210,179,"V",3,5.04833217239508,5.07291631817395,"V",2,4.9978099093586,5.31846046315123,
210,180,"-VI",4,6.8742848016669,3.84050284797238,"-VI",3,6.49443542269577,4.45310309186184,
210,181,"-III",2,4.71464187100915,5.21162860137978,"-III",2,4.71464187100915,5.21162860137978,
,,,,,,,,,,
211,187,"V",4,4.99277135292174,5.04717384939525,"V",4,4.99277135292174,5.04717384939525,
211,188,"-VI",4,6.32151909558273,4.66161339606314,"-VI",4,6.32151909558273,4.66161339606314,
211,189,"IV",2,5.56341296327674,5.21162860137978,"IV",2,5.56341296327674,5.21162860137978,
211,190,"IV",2,3.59887507545762,5.28761804073329,"IV",2,3.59887507545762,5.28761804073329,
211,191,"II",3,5.52325149768519,5.11429752507913,"II",3,5.52325149768519,5.11429752507913,
211,192,"V",3,2.69271674935022,4.62338129754034,"II",3,2.60646708714994,4.62338129754034,0.0862496622002871
211,193,"i",4,5.95928547644459,4.42325777984178,"i",4,6.14479215255915,5.12146679257799,
211,194,"-III",3,5.11167207931877,4.99387019431662,"-III",2,5.86347543242018,4.51059435140267,
211,195,"IV",3,2.56923925731804,4.88520289799751,"IV",2,4.08879197777544,5.32453184052503,
211,196,"IV",4,5.29325152827515,3.7635212379849,"IV",3,4.75156073425121,4.54886275048289,
211,197,"iv",3,5.21842943257505,5.19334545229863,"iv",3,5.21842943257505,5.19334545229863,
,,,,,,,,,,
212,240,"V",4,4.99277135292174,5.04717384939525,"V",4,4.99277135292174,5.04717384939525,
212,241,"-VI",4,6.32151909558273,4.66161339606314,"-VI",4,6.32151909558273,4.66161339606314,
212,242,"IV",2,5.56341296327674,5.21162860137978,"IV",2,5.56341296327674,5.21162860137978,
212,243,"IV",2,3.59887507545762,5.28761804073329,"IV",2,3.59887507545762,5.28761804073329,
212,244,"II",3,5.52325149768519,5.11429752507913,"II",3,5.52325149768519,5.11429752507913,
212,245,"V",3,2.69271674935022,4.62338129754034,"II",3,2.60646708714994,4.62338129754034,0.0862496622002871
212,246,"i",4,5.95928547644459,4.42325777984178,"i",4,6.14479215255915,5.12146679257799,
212,247,"i",3,4.21556632988782,4.99387019431662,"i",2,5.17656165055574,4.51059435140267,
212,248,"V",3,5.04833217239508,5.07291631817395,"V",2,4.9978099093586,5.31846046315123,
212,249,"-VI",4,6.8742848016669,3.84050284797238,"-VI",3,6.49443542269577,4.45310309186184,
212,250,"-III",2,4.71464187100915,5.21162860137978,"-III",2,4.71464187100915,5.21162860137978,
,,,,,,,,,,
213,256,"V",4,4.99277135292174,5.04717384939525,"V",4,4.99277135292174,5.04717384939525,
213,257,"-VI",4,6.32151909558273,4.66161339606314,"-VI",4,6.32151909558273,4.66161339606314,
213,258,"IV",2,5.56341296327674,5.21162860137978,"IV",2,5.56341296327674,5.21162860137978,
213,259,"IV",2,3.59887507545762,5.28761804073329,"IV",2,3.59887507545762,5.28761804073329,
213,260,"II",3,5.52325149768519,5.11429752507913,"II",3,5.52325149768519,5.11429752507913,
213,261,"V",3,2.69271674935022,4.62338129754034,"II",3,2.60646708714994,4.62338129754034,0.0862496622002871
213,262,"i",4,5.95928547644459,4.42325777984178,"i",4,6.14479215255915,5.12146679257799,
213,263,"-III",3,5.11167207931877,4.99387019431662,"-III",2,5.86347543242018,4.51059435140267,
213,264,"IV",3,2.56923925731804,4.88520289799751,"IV",2,4.08879197777544,5.32453184052503,
213,265,"IV",4,5.29325152827515,3.7635212379849,"IV",3,4.75156073425121,4.54886275048289,
213,266,"iv",3,5.21842943257505,5.19334545229863,"iv",3,5.21842943257505,5.19334545229863,
,,,,,,,,,,
214,79,"v",4,4.34046265275037,4.28712823647293,"v",4,4.34046265275037,4.28712823647293,
214,80,"-VI",5,2.35317078557981,4.48862524602171,"-VI",5,2.35317078557981,4.48862524602171,
214,81,"-III",6,4.71009931194861,3.96632970557468,"-III",6,4.71009931194861,3.96632970557468,
214,82,"iv",4,5.72959078405229,3.92183301995471,"iv",4,5.72959078405229,3.92183301995471,
214,83,"i",3,3.07642984973929,4.99113985185316,"i",3,3.07642984973929,4.99113985185316,
214,84,"II",4,7.14643735129163,4.32471828102778,"vio",4,7.23700456112065,4.32471828102778,0.090567209829028
214,85,"V",2,2.82957323679038,5.11153237032286,"V",2,5.05282846768365,4.47231362503105,
214,86,"i",3,3.18651182603191,5.02039127735396,"i",2,3.41070373968989,5.1522877676072,
214,87,"v",4,5.31706921189078,4.41265081587551,"v",3,5.01198587412263,4.85550898662337,
214,88,"-VI",3,3.00171724294619,4.946897563639,"-VI",3,3.00171724294619,4.946897563639,
214,89,"-III",4,3.24817924752327,4.70670452437972,"-III",4,3.24817924752327,4.70670452437972,
,,,,,,,,,,
215,87,"v",4,5.31706921189078,4.41265081587551,"v",4,5.31706921189078,4.41265081587551,
215,88,"-VI",3,3.00171724294619,4.946897563639,"-VI",3,3.00171724294619,4.946897563639,
215,89,"-III",4,3.24817924752327,4.70670452437972,"-III",4,3.24817924752327,4.70670452437972,
215,90,"iv",4,5.72959078405229,3.92183301995471,"iv",4,5.72959078405229,3.92183301995471,
215,91,"i",3,3.07642984973929,4.99113985185316,"i",3,3.07642984973929,4.99113985185316,
215,92,"II",4,7.14643735129163,4.32471828102778,"vio",4,7.23700456112065,4.32471828102778,0.090567209829028
215,93,"V",2,2.82957323679038,5.11153237032286,"V",2,5.05282846768365,4.47231362503105,
215,94,"I",3,2.81107720338561,5.02039127735396,"I",2,5.07499445435801,5.1522877676072,
215,95,"-II",4,6.34837356686697,5.13662678199089,"-II",2,6.00953761815237,5.45500510270213,
215,96,"-III",3,5.98659308173626,4.68778957886446,"-III",3,5.98659308173626,4.68778957886446,
215,97,"iv",2,5.53618289814147,5.27374130734101,"iv",2,5.53618289814147,5.27374130734101,
,,,,,,,,,,
216,206,"v",4,4.34046265275037,4.28712823647293,"v",4,4.34046265275037,4.28712823647293,
216,207,"-VI",5,2.35317078557981,4.48862524602171,"-VI",5,2.35317078557981,4.48862524602171,
216,208,"-III",6,4.71009931194861,3.96632970557468,"-III",6,4.71009931194861,3.96632970557468,
216,209,"iv",4,5.72959078405229,3.92183301995471,"iv",4,5.72959078405229,3.92183301995471,
216,210,"i",3,3.07642984973929,4.99113985185316,"i",3,3.07642984973929,4.99113985185316,
216,211,"II",4,7.14643735129163,4.32471828102778,"vio",4,7.23700456112065,4.32471828102778,0.090567209829028
216,212,"V",2,2.82957323679038,5.11153237032286,"V",2,5.05282846768365,4.47231362503105,
216,213,"i",3,3.18651182603191,5.02039127735396,"i",2,3.41070373968989,5.1522877676072,
216,214,"v",4,5.31706921189078,4.41265081587551,"v",3,5.01198587412263,4.85550898662337,
216,215,"-VI",3,3.00171724294619,4.946897563639,"-VI",3,3.00171724294619,4.946897563639,
216,216,"-III",4,3.24817924752327,4.70670452437972,"-III",4,3.24817924752327,4.70670452437972,
,,,,,,,,,,
217,214,"v",4,5.31706921189078,4.41265081587551,"v",4,5.31706921189078,4.41265081587551,
217,215,"-VI",3,3.00171724294619,4.946897563639,"-VI",3,3.00171724294619,4.946897563639,
217,216,"-III",4,3.24817924752327,4.70670452437972,"-III",4,3.24817924752327,4.70670452437972,
217,217,"iv",4,5.72959078405229,3.92183301995471,"iv",4,5.72959078405229,3.92183301995471,
217,218,"i",3,3.07642984973929,4.99113985185316,"i",3,3.07642984973929,4.99113985185316,
217,219,"II",4,7.14643735129163,4.32471828102778,"vio",4,7.23700456112065,4.32471828102778,0.090567209829028
217,220,"V",2,2.82957323679038,5.11153237032286,"V",2,5.05282846768365,4.47231362503105,
217,221,"I",3,2.81107720338561,5.02039127735396,"I",2,5.07499445435801,5.1522877676072,
217,222,"-II",4,6.34837356686697,5.13662678199089,"-II",2,6.00953761815237,5.45500510270213,
217,223,"-III",3,5.98659308173626,4.68778957886446,"-III",3,5.98659308173626,4.68778957886446,
217,224,"iv",2,5.53618289814147,5.27374130734101,"iv",2,5.53618289814147,5.27374130734101,
,,,,,,,,,,
218,77,"r",3,1.06883568027424,3.05491167304618,"r",3,1.06883568027424,3.05491167304618,
218,78,"i",4,3.61532395999491,3.32749449879648,"i",4,3.61532395999491,3.32749449879648,
218,79,"v",4,4.34046265275037,4.28712823647293,"v",4,4.34046265275037,4.28712823647293,
218,80,"-VI",5,2.35317078557981,4.48862524602171,"-VI",5,2.35317078557981,4.48862524602171,
218,81,"-III",6,4.71009931194861,3.96632970557468,"-III",6,4.71009931194861,3.96632970557468,
218,82,"iv",4,5.72959078405229,3.92183301995471,"V",4,5.63684445292731,3.92183301995471,0.0927463311249852
218,83,"i",3,3.07642984973929,4.99113985185316,"i",3,2.33608037189452,4.40715618979547,
218,84,"II",4,7.14643735129163,4.32471828102778,"II",4,6.9897244782347,4.6905973257708,
218,85,"V",2,2.82957323679038,5.11153237032286,"V",2,2.82957323679038,5.11153237032286,
218,86,"i",3,3.18651182603191,5.02039127735396,"i",3,3.18651182603191,5.02039127735396,
218,87,"v",4,5.31706921189078,4.41265081587551,"v",4,5.31706921189078,4.41265081587551,
,,,,,,,,,,
219,85,"V",2,2.82957323679038,5.11153237032286,"V",2,2.82957323679038,5.11153237032286,
219,86,"i",3,3.18651182603191,5.02039127735396,"i",3,3.18651182603191,5.02039127735396,
219,87,"v",4,5.31706921189078,4.41265081587551,"v",4,5.31706921189078,4.41265081587551,
219,88,"-VI",3,3.00171724294619,4.946897563639,"-VI",3,3.00171724294619,4.946897563639,
219,89,"-III",4,3.24817924752327,4.70670452437972,"-III",4,3.24817924752327,4.70670452437972,
219,90,"iv",4,5.72959078405229,3.92183301995471,"V",4,5.63684445292731,3.92183301995471,0.0927463311249852
219,91,"i",3,3.07642984973929,4.99113985185316,"i",3,2.33608037189452,4.40715618979547,
219,92,"II",4,7.14643735129163,4.32471828102778,"II",4,6.9897244782347,4.6905973257708,
219,93,"V",2,2.82957323679038,5.11153237032286,"V",2,2.82957323679038,5.11153237032286,
219,94,"I",3,2.81107720338561,5.02039127735396,"I",3,2.81107720338561,5.02039127735396,
219,95,"-II",4,6.34837356686697,5.13662678199089,"-II",4,6.34837356686697,5.13662678199089,
,,,,,,,,,,
220,204,"r",3,1.06883568027424,3.05491167304618,"r",3,1.06883568027424,3.05491167304618,
220,205,"i",4,3.61532395999491,3.32749449879648,"i",4,3.61532395999491,3.32749449879648,
220,206,"v",4,4.34046265275037,4.28712823647293,"v",4,4.34046265275037,4.28712823647293,
220,207,"-VI",5,2.35317078557981,4.48862524602171,"-VI",5,2.35317078557981,4.48862524602171,
220,208,"-III",6,4.71009931194861,3.96632970557468,"-III",6,4.71009931194861,3.96632970557468,
220,209,"iv",4,5.72959078405229,3.92183301995471,"V",4,5.63684445292731,3.92183301995471,0.0927463311249852
220,210,"i",3,3.07642984973929,4.99113985185316,"i",3,2.33608037189452,4.40715618979547,
220,211,"II",4,7.14643735129163,4.32471828102778,"II",4,6.9897244782347,4.6905973257708,
220,212,"V",2,2.82957323679038,5.11153237032286,"V",2,2.82957323679038,5.11153237032286,
220,213,"i",3,3.18651182603191,5.02039127735396,"i",3,3.18651182603191,5.02039127735396,
220,214,"v",4,5.31706921189078,4.41265081587551,"v",4,5.31706921189078,4.41265081587551,
,,,,,,,,,,
221,212,"V",2,2.82957323679038,5.11153237032286,"V",2,2.82957323679038,5.11153237032286,
221,213,"i",3,3.18651182603191,5.02039127735396,"i",3,3.18651182603191,5.02039127735396,
221,214,"v",4,5.31706921189078,4.41265081587551,"v",4,5.31706921189078,4.41265081587551,
221,215,"-VI",3,3.00171724294619,4.946897563639,"-VI",3,3.00171724294619,4.946897563639,
221,216,"-III",4,3.24817924752327,4.70670452437972,"-III",4,3.24817924752327,4.70670452437972,
221,217,"iv",4,5.72959078405229,3.92183301995471,"V",4,5.63684445292731,3.92183301995471,0.0927463311249852
221,218,"i",3,3.07642984973929,4.99113985185316,"i",3,2.33608037189452,4.40715618979547,
221,219,"II",4,7.14643735129163,4.32471828102778,"II",4,6.9897244782347,4.6905973257708,
221,220,"V",2,2.82957323679038,5.11153237032286,"V",2,2.82957323679038,5.11153237032286,
221,221,"I",3,2.81107720338561,5.02039127735396,"I",3,2.81107720338561,5.02039127735396,
221,222,"-II",4,6.34837356686697,5.13662678199089,"-II",4,6.34837356686697,5.13662678199089,
,,,,,,,,,,
222,16,"II",3,5.52325149768519,5.11429752507913,"II",3,5.52325149768519,5.11429752507913,
222,17,"V",3,2.69271674935022,4.62338129754034,"V",3,2.69271674935022,4.62338129754034,
222,18,"i",4,5.95928547644459,4.42325777984178,"i",4,5.95928547644459,4.42325777984178,
222,19,"i",3,4.21556632988782,4.99387019431662,"i",3,4.21556632988782,4.99387019431662,
222,20,"V",3,5.04833217239508,5.07291631817395,"V",3,5.04833217239508,5.07291631817395,
222,21,"-VI",4,6.8742848016669,3.84050284797238,"II",4,6.97004051719282,3.84050284797238,0.0957557155259172
222,22,"-III",2,4.71464187100915,5.21162860137978,"-III",2,5.28975480367979,5.27362707229836,
222,23,"-III",3,2.85303142878154,4.97597381919691,"-III",3,5.57452923263559,4.65864905373532,
222,24,"-II",4,5.93511024212928,4.87200415131871,"-II",2,5.51123342964952,5.35865187374749,
222,25,"i",3,4.71517207412311,4.55158337806905,"i",3,4.71517207412311,4.55158337806905,
222,26,"i",3,4.06064926986031,4.66493896754154,"i",3,4.06064926986031,4.66493896754154,
,,,,,,,,,,
223,32,"II",3,5.52325149768519,5.11429752507913,"II",3,5.52325149768519,5.11429752507913,
223,33,"V",3,2.69271674935022,4.62338129754034,"V",3,2.69271674935022,4.62338129754034,
223,34,"i",4,5.95928547644459,4.42325777984178,"i",4,5.95928547644459,4.42325777984178,
223,35,"i",3,4.21556632988782,4.99387019431662,"i",3,4.21556632988782,4.99387019431662,
223,36,"V",3,5.04833217239508,5.07291631817395,"V",3,5.04833217239508,5.07291631817395,
223,37,"-VI",4,6.8742848016669,3.84050284797238,"II",4,6.97004051719282,3.84050284797238,0.0957557155259172
223,38,"-III",2,4.71464187100915,5.21162860137978,"-III",2,5.28975480367979,5.27362707229836,
223,39,"-III",3,2.85303142878154,4.97597381919691,"-III",3,5.57452923263559,4.65864905373532,
223,40,"-II",4,5.93511024212928,4.87200415131871,"-II",2,5.51123342964952,5.35865187374749,
223,41,"i",3,4.71517207412311,4.55158337806905,"i",3,4.71517207412311,4.55158337806905,
223,42,"i",3,4.06064926986031,4.66493896754154,"i",3,4.06064926986031,4.66493896754154,
,,,,,,,,,,
224,48,"II",3,5.52325149768519,5.11429752507913,"II",3,5.52325149768519,5.11429752507913,
224,49,"V",3,2.69271674935022,4.62338129754034,"V",3,2.69271674935022,4.62338129754034,
224,50,"i",4,5.95928547644459,4.42325777984178,"i",4,5.95928547644459,4.42325777984178,
224,51,"i",3,4.21556632988782,4.99387019431662,"i",3,4.21556632988782,4.99387019431662,
224,52,"V",3,5.04833217239508,5.07291631817395,"V",3,5.04833217239508,5.07291631817395,
224,53,"-VI",4,6.8742848016669,3.84050284797238,"II",4,6.97004051719282,3.84050284797238,0.0957557155259172
224,54,"-III",2,4.71464187100915,5.21162860137978,"-III",2,5.28975480367979,5.27362707229836,
224,55,"-III",3,2.85303142878154,4.97597381919691,"-III",3,5.57452923263559,4.65864905373532,
224,56,"-II",4,5.93511024212928,4.87200415131871,"-II",2,5.51123342964952,5.35865187374749,
224,57,"i",3,4.71517207412311,4.55158337806905,"i",3,4.71517207412311,4.55158337806905,
224,58,"i",3,4.06064926986031,4.66493896754154,"i",3,4.06064926986031,4.66493896754154,
,,,,,,,,,,
225,117,"II",3,5.52325149768519,5.11429752507913,"II",3,5.52325149768519,5.11429752507913,
225,118,"V",3,2.69271674935022,4.62338129754034,"V",3,2.69271674935022,4.62338129754034,
225,119,"i",4,5.95928547644459,4.42325777984178,"i",4,5.95928547644459,4.42325777984178,
225,120,"i",3,4.21556632988782,4.99387019431662,"i",3,4.21556632988782,4.99387019431662,
225,121,"V",3,5.04833217239508,5.07291631817395,"V",3,5.04833217239508,5.07291631817395,
225,122,"-VI",4,6.8742848016669,3.84050284797238,"II",4,6.97004051719282,3.84050284797238,0.0957557155259172
225,123,"-III",2,4.71464187100915,5.21162860137978,"-III",2,5.28975480367979,5.27362707229836,
225,124,"-III",3,2.85303142878154,4.97597381919691,"-III",3,5.57452923263559,4.65864905373532,
225,125,"-II",4,5.93511024212928,4.87200415131871,"-II",2,5.51123342964952,5.35865187374749,
225,126,"i",3,4.71517207412311,4.55158337806905,"i",3,4.71517207412311,4.55158337806905,
225,127,"i",3,4.06064926986031,4.66493896754154,"i",3,4.06064926986031,4.66493896754154,
,,,,,,,,,,
226,159,"r",10,0.916055715790007,2.67505415932219,"r",10,0.916055715790007,2.67505415932219,
226,160,"r",10,0.916055715790007,2.67505415932219,"r",10,0.916055715790007,2.67505415932219,
226,161,"i",10,4.10803806686873,2.67505415932219,"i",10,4.10803806686873,2.67505415932219,
226,162,"i",9,0.826044568706881,2.96475914145408,"i",9,0.826044568706881,2.96475914145408,
226,163,"V",10,6.03833796434557,3.40282469649696,"V",10,6.03833796434557,3.40282469649696,
226,164,"-VI",4,6.74327837667736,4.09527043450209,"II",4,6.83903409220328,4.09527043450209,0.0957557155259172
226,165,"-III",2,4.71464187100915,5.21162860137978,"-III",2,5.28975480367979,5.27362707229836,
226,166,"-III",3,2.85303142878154,4.97597381919691,"-III",3,5.57452923263559,4.65864905373532,
226,167,"-II",4,5.93511024212928,4.87200415131871,"-II",2,5.51123342964952,5.35865187374749,
226,168,"i",3,4.71517207412311,4.55158337806905,"i",3,4.71517207412311,4.55158337806905,
226,169,"i",3,4.06064926986031,4.66493896754154,"i",3,4.06064926986031,4.66493896754154,
,,,,,,,,,,
227,175,"II",3,5.52325149768519,5.11429752507913,"II",3,5.52325149768519,5.11429752507913,
227,176,"V",3,2.69271674935022,4.62338129754034,"V",3,2.69271674935022,4.62338129754034,
227,177,"i",4,5.95928547644459,4.42325777984178,"i",4,5.95928547644459,4.42325777984178,
227,178,"i",3,4.21556632988782,4.99387019431662,"i",3,4.21556632988782,4.99387019431662,
227,179,"V",3,5.04833217239508,5.07291631817395,"V",3,5.04833217239508,5.07291631817395,
227,180,"-VI",4,6.8742848016669,3.84050284797238,"II",4,6.97004051719282,3.84050284797238,0.0957557155259172
227,181,"-III",2,4.71464187100915,5.21162860137978,"-III",2,5.28975480367979,5.27362707229836,
227,182,"-III",3,2.85303142878154,4.97597381919691,"-III",3,5.57452923263559,4.65864905373532,
227,183,"-II",4,5.93511024212928,4.87200415131871,"-II",2,5.51123342964952,5.35865187374749,
227,184,"i",3,4.71517207412311,4.55158337806905,"i",3,4.71517207412311,4.55158337806905,
227,185,"i",3,4.06064926986031,4.66493896754154,"i",3,4.06064926986031,4.66493896754154,
,,,,,,,,,,
228,244,"II",3,5.52325149768519,5.11429752507913,"II",3,5.52325149768519,5.11429752507913,
228,245,"V",3,2.69271674935022,4.62338129754034,"V",3,2.69271674935022,4.62338129754034,
228,246,"i",4,5.95928547644459,4.42325777984178,"i",4,5.95928547644459,4.42325777984178,
228,247,"i",3,4.21556632988782,4.99387019431662,"i",3,4.21556632988782,4.99387019431662,
228,248,"V",3,5.04833217239508,5.07291631817395,"V",3,5.04833217239508,5.07291631817395,
228,249,"-VI",4,6.8742848016669,3.84050284797238,"II",4,6.97004051719282,3.84050284797238,0.0957557155259172
228,250,"-III",2,4.71464187100915,5.21162860137978,"-III",2,5.28975480367979,5.27362707229836,
228,251,"-III",3,2.85303142878154,4.97597381919691,"-III",3,5.57452923263559,4.65864905373532,
228,252,"-II",4,5.93511024212928,4.87200415131871,"-II",2,5.51123342964952,5.35865187374749,
228,253,"i",3,4.71517207412311,4.55158337806905,"i",3,4.71517207412311,4.55158337806905,
228,254,"i",3,4.06064926986031,4.66493896754154,"i",3,4.06064926986031,4.66493896754154,
,,,,,,,,,,
229,8,"-II",4,5.93511024212928,4.87200415131871,"-II",4,5.93511024212928,4.87200415131871,
229,9,"i",3,4.71517207412311,4.55158337806905,"i",3,4.71517207412311,4.55158337806905,
229,10,"i",3,4.06064926986031,4.66493896754154,"i",3,4.06064926986031,4.66493896754154,
229,11,"i",3,2.6664380115168,4.98177063680238,"i",3,2.6664380115168,4.98177063680238,
229,12,"V",4,4.99277135292174,5.04717384939525,"V",4,4.99277135292174,5.04717384939525,
229,13,"-VI",4,6.32151909558273,4.66161339606314,"II",4,6.41727481110865,4.66161339606314,0.0957557155259181
229,14,"IV",2,5.56341296327674,5.21162860137978,"IV",2,4.14458708748878,5.27362707229836,
229,15,"IV",2,3.59887507545762,5.28761804073329,"IV",3,3.58109773572744,5.06933526908933,
229,16,"II",3,5.52325149768519,5.11429752507913,"II",4,4.87126342004674,4.46775116230031,
229,17,"V",3,2.69271674935022,4.62338129754034,"V",4,3.0623368057217,4.01659011275416,
229,18,"i",4,5.95928547644459,4.42325777984178,"i",4,5.95928547644459,4.42325777984178,
,,,,,,,,,,
230,24,"-II",4,5.93511024212928,4.87200415131871,"-II",4,5.93511024212928,4.87200415131871,
230,25,"i",3,4.71517207412311,4.55158337806905,"i",3,4.71517207412311,4.55158337806905,
230,26,"i",3,4.06064926986031,4.66493896754154,"i",3,4.06064926986031,4.66493896754154,
230,27,"i",3,2.6664380115168,4.98177063680238,"i",3,2.6664380115168,4.98177063680238,
230,28,"V",4,4.99277135292174,5.04717384939525,"V",4,4.99277135292174,5.04717384939525,
230,29,"-VI",4,6.32151909558273,4.66161339606314,"II",4,6.41727481110865,4.66161339606314,0.0957557155259181
230,30,"IV",2,5.56341296327674,5.21162860137978,"IV",2,4.14458708748878,5.27362707229836,
230,31,"IV",2,3.59887507545762,5.28761804073329,"IV",3,3.58109773572744,5.06933526908933,
230,32,"II",3,5.52325149768519,5.11429752507913,"II",4,4.87126342004674,4.46775116230031,
230,33,"V",3,2.69271674935022,4.62338129754034,"V",4,3.0623368057217,4.01659011275416,
230,34,"i",4,5.95928547644459,4.42325777984178,"i",4,5.95928547644459,4.42325777984178,
,,,,,,,,,,
231,40,"-II",4,5.93511024212928,4.87200415131871,"-II",4,5.93511024212928,4.87200415131871,
231,41,"i",3,4.71517207412311,4.55158337806905,"i",3,4.71517207412311,4.55158337806905,
231,42,"i",3,4.06064926986031,4.66493896754154,"i",3,4.06064926986031,4.66493896754154,
231,43,"i",3,2.6664380115168,4.98177063680238,"i",3,2.6664380115168,4.98177063680238,
231,44,"V",4,4.99277135292174,5.04717384939525,"V",4,4.99277135292174,5.04717384939525,
231,45,"-VI",4,6.32151909558273,4.66161339606314,"II",4,6.41727481110865,4.66161339606314,0.0957557155259181
231,46,"IV",2,5.56341296327674,5.21162860137978,"IV",2,4.14458708748878,5.27362707229836,
231,47,"IV",2,3.59887507545762,5.28761804073329,"IV",3,3.58109773572744,5.06933526908933,
231,48,"II",3,5.52325149768519,5.11429752507913,"II",4,4.87126342004674,4.46775116230031,
231,49,"V",3,2.69271674935022,4.62338129754034,"V",4,3.0623368057217,4.01659011275416,
231,50,"i",4,5.95928547644459,4.42325777984178,"i",4,5.95928547644459,4.42325777984178,
,,,,,,,,,,
232,56,"-II",4,5.93511024212928,4.87200415131871,"-II",4,5.93511024212928,4.87200415131871,
232,57,"i",3,4.71517207412311,4.55158337806905,"i",3,4.71517207412311,4.55158337806905,
232,58,"i",3,4.06064926986031,4.66493896754154,"i",3,4.06064926986031,4.66493896754154,
232,59,"i",3,2.6664380115168,4.98177063680238,"i",3,2.6664380115168,4.98177063680238,
232,60,"V",4,4.99277135292174,5.04717384939525,"V",4,4.99277135292174,5.04717384939525,
232,61,"-VI",4,6.32151909558273,4.66161339606314,"II",4,6.41727481110865,4.66161339606314,0.0957557155259181
232,62,"IV",2,5.56341296327674,5.21162860137978,"IV",2,4.14458708748878,5.27362707229836,
232,63,"IV",2,3.59887507545762,5.28761804073329,"IV",3,3.58109773572744,5.06933526908933,
232,64,"II",3,5.52325149768519,5.11429752507913,"II",4,4.87126342004674,4.46775116230031,
232,65,"V",3,2.69271674935022,4.62338129754034,"V",4,3.0623368057217,4.01659011275416,
232,66,"i",4,5.95928547644459,4.42325777984178,"i",4,5.95928547644459,4.42325777984178,
,,,,,,,,,,
233,101,"I",4,3.41106504221493,4.23680940280804,"I",4,3.41106504221493,4.23680940280804,
233,102,"I",4,3.90552078118793,4.73188272681839,"I",4,3.90552078118793,4.73188272681839,
233,103,"i",4,5.03718376191236,5.22982266041891,"i",4,5.03718376191236,5.22982266041891,
233,104,"i",4,1.36291170400996,4.12687804726425,"i",4,1.36291170400996,4.12687804726425,
233,105,"V",5,5.80234133294087,4.23572288364235,"V",5,5.80234133294087,4.23572288364235,
233,106,"-VI",3,6.49443542269577,4.45310309186184,"II",3,6.59019113822169,4.45310309186184,0.0957557155259181
233,107,"-III",2,4.71464187100915,5.21162860137978,"-III",2,5.28975480367979,5.27362707229836,
233,108,"-III",3,2.85303142878154,4.97597381919691,"-III",3,5.57452923263559,4.65864905373532,
233,109,"-II",4,5.93511024212928,4.87200415131871,"-II",2,5.51123342964952,5.35865187374749,
233,110,"i",3,4.71517207412311,4.55158337806905,"i",3,4.71517207412311,4.55158337806905,
233,111,"i",3,4.06064926986031,4.66493896754154,"i",3,4.06064926986031,4.66493896754154,
,,,,,,,,,,
234,109,"-II",4,5.93511024212928,4.87200415131871,"-II",4,5.93511024212928,4.87200415131871,
234,110,"i",3,4.71517207412311,4.55158337806905,"i",3,4.71517207412311,4.55158337806905,
234,111,"i",3,4.06064926986031,4.66493896754154,"i",3,4.06064926986031,4.66493896754154,
234,112,"i",3,2.6664380115168,4.98177063680238,"i",3,2.6664380115168,4.98177063680238,
234,113,"V",4,4.99277135292174,5.04717384939525,"V",4,4.99277135292174,5.04717384939525,
234,114,"-VI",4,6.32151909558273,4.66161339606314,"II",4,6.41727481110865,4.66161339606314,0.0957557155259181
234,115,"IV",2,5.56341296327674,5.21162860137978,"IV",2,4.14458708748878,5.27362707229836,
234,116,"IV",2,3.59887507545762,5.28761804073329,"IV",3,3.58109773572744,5.06933526908933,
234,117,"II",3,5.52325149768519,5.11429752507913,"II",4,4.87126342004674,4.46775116230031,
234,118,"V",3,2.69271674935022,4.62338129754034,"V",4,3.0623368057217,4.01659011275416,
234,119,"i",4,5.95928547644459,4.42325777984178,"i",4,5.95928547644459,4.42325777984178,
,,,,,,,,,,
235,125,"-II",4,5.93511024212928,4.87200415131871,"-II",4,5.93511024212928,4.87200415131871,
235,126,"i",3,4.71517207412311,4.55158337806905,"i",3,4.71517207412311,4.55158337806905,
235,127,"i",3,4.06064926986031,4.66493896754154,"i",3,4.06064926986031,4.66493896754154,
235,128,"i",3,2.6664380115168,4.98177063680238,"i",3,2.6664380115168,4.98177063680238,
235,129,"V",4,4.99277135292174,5.04717384939525,"V",4,4.99277135292174,5.04717384939525,
235,130,"-VI",4,6.32151909558273,4.66161339606314,"II",4,6.41727481110865,4.66161339606314,0.0957557155259181
235,131,"IV",2,5.56341296327674,5.21162860137978,"IV",2,4.14458708748878,5.27362707229836,
235,132,"IV",2,3.59887507545762,5.28761804073329,"IV",3,3.58109773572744,5.06933526908933,
235,133,"II",3,5.52325149768519,5.11429752507913,"II",4,4.87126342004674,4.46775116230031,
235,134,"V",3,2.69271674935022,4.62338129754034,"V",4,3.0623368057217,4.01659011275416,
235,135,"i",4,5.95928547644459,4.42325777984178,"i",4,5.95928547644459,4.42325777984178,
,,,,,,,,,,
236,167,"-II",4,5.93511024212928,4.87200415131871,"-II",4,5.93511024212928,4.87200415131871,
236,168,"i",3,4.71517207412311,4.55158337806905,"i",3,4.71517207412311,4.55158337806905,
236,169,"i",3,4.06064926986031,4.66493896754154,"i",3,4.06064926986031,4.66493896754154,
236,170,"i",3,2.6664380115168,4.98177063680238,"i",3,2.6664380115168,4.98177063680238,
236,171,"V",4,4.99277135292174,5.04717384939525,"V",4,4.99277135292174,5.04717384939525,
236,172,"-VI",4,6.32151909558273,4.66161339606314,"II",4,6.41727481110865,4.66161339606314,0.0957557155259181
236,173,"IV",2,5.56341296327674,5.21162860137978,"IV",2,4.14458708748878,5.27362707229836,
236,174,"IV",2,3.59887507545762,5.28761804073329,"IV",3,3.58109773572744,5.06933526908933,
236,175,"II",3,5.52325149768519,5.11429752507913,"II",4,4.87126342004674,4.46775116230031,
236,176,"V",3,2.69271674935022,4.62338129754034,"V",4,3.0623368057217,4.01659011275416,
236,177,"i",4,5.95928547644459,4.42325777984178,"i",4,5.95928547644459,4.42325777984178,
,,,,,,,,,,
237,183,"-II",4,5.93511024212928,4.87200415131871,"-II",4,5.93511024212928,4.87200415131871,
237,184,"i",3,4.71517207412311,4.55158337806905,"i",3,4.71517207412311,4.55158337806905,
237,185,"i",3,4.06064926986031,4.66493896754154,"i",3,4.06064926986031,4.66493896754154,
237,186,"i",3,2.6664380115168,4.98177063680238,"i",3,2.6664380115168,4.98177063680238,
237,187,"V",4,4.99277135292174,5.04717384939525,"V",4,4.99277135292174,5.04717384939525,
237,188,"-VI",4,6.32151909558273,4.66161339606314,"II",4,6.41727481110865,4.66161339606314,0.0957557155259181
237,189,"IV",2,5.56341296327674,5.21162860137978,"IV",2,4.14458708748878,5.27362707229836,
237,190,"IV",2,3.59887507545762,5.28761804073329,"IV",3,3.58109773572744,5.06933526908933,
237,191,"II",3,5.52325149768519,5.11429752507913,"II",4,4.87126342004674,4.46775116230031,
237,192,"V",3,2.69271674935022,4.62338129754034,"V",4,3.0623368057217,4.01659011275416,
237,193,"i",4,5.95928547644459,4.42325777984178,"i",4,5.95928547644459,4.42325777984178,
,,,,,,,,,,
238,228,"I",4,3.41106504221493,4.23680940280804,"I",4,3.41106504221493,4.23680940280804,
238,229,"I",4,3.90552078118793,4.73188272681839,"I",4,3.90552078118793,4.73188272681839,
238,230,"i",4,5.03718376191236,5.22982266041891,"i",4,5.03718376191236,5.22982266041891,
238,231,"i",4,1.36291170400996,4.12687804726425,"i",4,1.36291170400996,4.12687804726425,
238,232,"V",5,5.80234133294087,4.23572288364235,"V",5,5.80234133294087,4.23572288364235,
238,233,"-VI",3,6.49443542269577,4.45310309186184,"II",3,6.59019113822169,4.45310309186184,0.0957557155259181
238,234,"-III",2,4.71464187100915,5.21162860137978,"-III",2,5.28975480367979,5.27362707229836,
238,235,"-III",3,2.85303142878154,4.97597381919691,"-III",3,5.57452923263559,4.65864905373532,
238,236,"-II",4,5.93511024212928,4.87200415131871,"-II",2,5.51123342964952,5.35865187374749,
238,237,"i",3,4.71517207412311,4.55158337806905,"i",3,4.71517207412311,4.55158337806905,
238,238,"i",3,4.06064926986031,4.66493896754154,"i",3,4.06064926986031,4.66493896754154,
,,,,,,,,,,
239,236,"-II",4,5.93511024212928,4.87200415131871,"-II",4,5.93511024212928,4.87200415131871,
239,237,"i",3,4.71517207412311,4.55158337806905,"i",3,4.71517207412311,4.55158337806905,
239,238,"i",3,4.06064926986031,4.66493896754154,"i",3,4.06064926986031,4.66493896754154,
239,239,"i",3,2.6664380115168,4.98177063680238,"i",3,2.6664380115168,4.98177063680238,
239,240,"V",4,4.99277135292174,5.04717384939525,"V",4,4.99277135292174,5.04717384939525,
239,241,"-VI",4,6.32151909558273,4.66161339606314,"II",4,6.41727481110865,4.66161339606314,0.0957557155259181
239,242,"IV",2,5.56341296327674,5.21162860137978,"IV",2,4.14458708748878,5.27362707229836,
239,243,"IV",2,3.59887507545762,5.28761804073329,"IV",3,3.58109773572744,5.06933526908933,
239,244,"II",3,5.52325149768519,5.11429752507913,"II",4,4.87126342004674,4.46775116230031,
239,245,"V",3,2.69271674935022,4.62338129754034,"V",4,3.0623368057217,4.01659011275416,
239,246,"i",4,5.95928547644459,4.42325777984178,"i",4,5.95928547644459,4.42325777984178,
,,,,,,,,,,
240,252,"-II",4,5.93511024212928,4.87200415131871,"-II",4,5.93511024212928,4.87200415131871,
240,253,"i",3,4.71517207412311,4.55158337806905,"i",3,4.71517207412311,4.55158337806905,
240,254,"i",3,4.06064926986031,4.66493896754154,"i",3,4.06064926986031,4.66493896754154,
240,255,"i",3,2.6664380115168,4.98177063680238,"i",3,2.6664380115168,4.98177063680238,
240,256,"V",4,4.99277135292174,5.04717384939525,"V",4,4.99277135292174,5.04717384939525,
240,257,"-VI",4,6.32151909558273,4.66161339606314,"II",4,6.41727481110865,4.66161339606314,0.0957557155259181
240,258,"IV",2,5.56341296327674,5.21162860137978,"IV",2,4.14458708748878,5.27362707229836,
240,259,"IV",2,3.59887507545762,5.28761804073329,"IV",3,3.58109773572744,5.06933526908933,
240,260,"II",3,5.52325149768519,5.11429752507913,"II",4,4.87126342004674,4.46775116230031,
240,261,"V",3,2.69271674935022,4.62338129754034,"V",4,3.0623368057217,4.01659011275416,
240,262,"i",4,5.95928547644459,4.42325777984178,"i",4,5.95928547644459,4.42325777984178,
,,,,,,,,,,
241,82,"iv",4,5.72959078405229,3.92183301995471,"iv",4,5.72959078405229,3.92183301995471,
241,83,"i",3,3.07642984973929,4.99113985185316,"i",3,3.07642984973929,4.99113985185316,
241,84,"II",4,7.14643735129163,4.32471828102778,"II",4,7.14643735129163,4.32471828102778,
241,85,"V",2,2.82957323679038,5.11153237032286,"V",2,2.82957323679038,5.11153237032286,
241,86,"i",3,3.18651182603191,5.02039127735396,"i",3,3.18651182603191,5.02039127735396,
241,87,"v",4,5.31706921189078,4.41265081587551,"-VI",4,5.41298089564769,4.41265081587551,0.0959116837569098
241,88,"-VI",3,3.00171724294619,4.946897563639,"-VI",3,4.64639936640305,4.73499389343384,
241,89,"-III",4,3.24817924752327,4.70670452437972,"-III",3,4.11872686713588,4.98198440964791,
241,90,"iv",4,5.72959078405229,3.92183301995471,"iv",4,5.54697536699255,4.48531720583599,
241,91,"i",3,3.07642984973929,4.99113985185316,"i",3,3.07642984973929,4.99113985185316,
241,92,"II",4,7.14643735129163,4.32471828102778,"II",4,7.14643735129163,4.32471828102778,
,,,,,,,,,,
242,209,"iv",4,5.72959078405229,3.92183301995471,"iv",4,5.72959078405229,3.92183301995471,
242,210,"i",3,3.07642984973929,4.99113985185316,"i",3,3.07642984973929,4.99113985185316,
242,211,"II",4,7.14643735129163,4.32471828102778,"II",4,7.14643735129163,4.32471828102778,
242,212,"V",2,2.82957323679038,5.11153237032286,"V",2,2.82957323679038,5.11153237032286,
242,213,"i",3,3.18651182603191,5.02039127735396,"i",3,3.18651182603191,5.02039127735396,
242,214,"v",4,5.31706921189078,4.41265081587551,"-VI",4,5.41298089564769,4.41265081587551,0.0959116837569098
242,215,"-VI",3,3.00171724294619,4.946897563639,"-VI",3,4.64639936640305,4.73499389343384,
242,216,"-III",4,3.24817924752327,4.70670452437972,"-III",3,4.11872686713588,4.98198440964791,
242,217,"iv",4,5.72959078405229,3.92183301995471,"iv",4,5.54697536699255,4.48531720583599,
242,218,"i",3,3.07642984973929,4.99113985185316,"i",3,3.07642984973929,4.99113985185316,
242,219,"II",4,7.14643735129163,4.32471828102778,"II",4,7.14643735129163,4.32471828102778,
,,,,,,,,,,
