"Comparison","Row","Orig_Symbol","Orig_Order","Orig_IC","Orig_Entropy","Swap_Symbol","Swap_Order","Swap_IC","Swap_Entropy","Distance"
1,5,"-VI",3,5.0167862979426,5.02724870129425,"-VI",3,5.0167862979426,5.02724870129425,
1,6,"i",3,4.94855990237496,5.00817401972898,"i",3,4.94855990237496,5.00817401972898,
1,7,"v",3,3.06770530049815,5.02721528191311,"v",3,3.06770530049815,5.02721528191311,
1,8,"v",4,5.14840164913142,4.66725107144045,"v",4,5.14840164913142,4.66725107144045,
1,9,"-VI",3,5.0167862979426,5.02724870129425,"-VI",3,5.0167862979426,5.02724870129425,
1,10,"i",3,4.94855990237496,5.00817401972898,"v",3,4.94342026373325,5.00817401972898,0.00513963864171707
1,11,"v",3,3.06770530049815,5.02721528191311,"v",3,4.82495243337898,4.75689399048951,
1,12,"v",4,5.14840164913142,4.66725107144045,"v",3,4.16479519260228,4.94284786559108,
1,13,"-VI",3,5.0167862979426,5.02724870129425,"-VI",3,5.18075260908794,4.77723881824967,
1,14,"i",3,4.94855990237496,5.00817401972898,"i",3,4.94855990237496,5.00817401972898,
1,15,"v",3,3.06770530049815,5.02721528191311,"v",3,3.06770530049815,5.02721528191311,
,,,,,,,,,,
2,9,"-VI",3,5.0167862979426,5.02724870129425,"-VI",3,5.0167862979426,5.02724870129425,
2,10,"i",3,4.94855990237496,5.00817401972898,"i",3,4.94855990237496,5.00817401972898,
2,11,"v",3,3.06770530049815,5.02721528191311,"v",3,3.06770530049815,5.02721528191311,
2,12,"v",4,5.14840164913142,4.66725107144045,"v",4,5.14840164913142,4.66725107144045,
2,13,"-VI",3,5.0167862979426,5.02724870129425,"-VI",3,5.0167862979426,5.02724870129425,
2,14,"i",3,4.94855990237496,5.00817401972898,"v",3,4.94342026373325,5.00817401972898,0.00513963864171707
2,15,"v",3,3.06770530049815,5.02721528191311,"v",3,4.82495243337898,4.75689399048951,
2,16,"v",4,5.14840164913142,4.66725107144045,"v",3,4.16479519260228,4.94284786559108,
2,17,"-VI",3,5.0167862979426,5.02724870129425,"-VI",3,5.18075260908794,4.77723881824967,
2,18,"i",3,4.94855990237496,5.00817401972898,"i",3,4.94855990237496,5.00817401972898,
2,19,"v",3,3.06770530049815,5.02721528191311,"v",3,3.06770530049815,5.02721528191311,
,,,,,,,,,,
3,13,"-VI",3,5.0167862979426,5.02724870129425,"-VI",3,5.0167862979426,5.02724870129425,
3,14,"i",3,4.94855990237496,5.00817401972898,"i",3,4.94855990237496,5.00817401972898,
3,15,"v",3,3.06770530049815,5.02721528191311,"v",3,3.06770530049815,5.02721528191311,
3,16,"v",4,5.14840164913142,4.66725107144045,"v",4,5.14840164913142,4.66725107144045,
3,17,"-VI",3,5.0167862979426,5.02724870129425,"-VI",3,5.0167862979426,5.02724870129425,
3,18,"i",3,4.94855990237496,5.00817401972898,"v",3,4.94342026373325,5.00817401972898,0.00513963864171707
3,19,"v",3,3.06770530049815,5.02721528191311,"v",3,4.82495243337898,4.75689399048951,
3,20,"v",4,5.14840164913142,4.66725107144045,"v",3,4.16479519260228,4.94284786559108,
3,21,"-VI",3,5.0167862979426,5.02724870129425,"-VI",3,5.18075260908794,4.77723881824967,
3,22,"i",3,4.94855990237496,5.00817401972898,"i",3,4.94855990237496,5.00817401972898,
3,23,"v",3,3.06770530049815,5.02721528191311,"v",3,3.06770530049815,5.02721528191311,
,,,,,,,,,,
4,17,"-VI",3,5.0167862979426,5.02724870129425,"-VI",3,5.0167862979426,5.02724870129425,
4,18,"i",3,4.94855990237496,5.00817401972898,"i",3,4.94855990237496,5.00817401972898,
4,19,"v",3,3.06770530049815,5.02721528191311,"v",3,3.06770530049815,5.02721528191311,
4,20,"v",4,5.14840164913142,4.66725107144045,"v",4,5.14840164913142,4.66725107144045,
4,21,"-VI",3,5.0167862979426,5.02724870129425,"-VI",3,5.0167862979426,5.02724870129425,
4,22,"i",3,4.94855990237496,5.00817401972898,"v",3,4.94342026373325,5.00817401972898,0.00513963864171707
4,23,"v",3,3.06770530049815,5.02721528191311,"v",3,4.82495243337898,4.75689399048951,
4,24,"v",4,5.14840164913142,4.66725107144045,"v",3,4.16479519260228,4.94284786559108,
4,25,"-VI",3,5.0167862979426,5.02724870129425,"-VI",3,5.18075260908794,4.77723881824967,
4,26,"i",3,4.94855990237496,5.00817401972898,"i",3,4.94855990237496,5.00817401972898,
4,27,"v",3,3.06770530049815,5.02721528191311,"v",3,3.06770530049815,5.02721528191311,
,,,,,,,,,,
5,21,"-VI",3,5.0167862979426,5.02724870129425,"-VI",3,5.0167862979426,5.02724870129425,
5,22,"i",3,4.94855990237496,5.00817401972898,"i",3,4.94855990237496,5.00817401972898,
5,23,"v",3,3.06770530049815,5.02721528191311,"v",3,3.06770530049815,5.02721528191311,
5,24,"v",4,5.14840164913142,4.66725107144045,"v",4,5.14840164913142,4.66725107144045,
5,25,"-VI",3,5.0167862979426,5.02724870129425,"-VI",3,5.0167862979426,5.02724870129425,
5,26,"i",3,4.94855990237496,5.00817401972898,"v",3,4.94342026373325,5.00817401972898,0.00513963864171707
5,27,"v",3,3.06770530049815,5.02721528191311,"v",3,4.82495243337898,4.75689399048951,
5,28,"v",4,5.14840164913142,4.66725107144045,"v",3,4.16479519260228,4.94284786559108,
5,29,"-VI",3,5.0167862979426,5.02724870129425,"-VI",3,5.18075260908794,4.77723881824967,
5,30,"i",3,4.94855990237496,5.00817401972898,"i",3,4.94855990237496,5.00817401972898,
5,31,"-VII",3,4.93011710906188,5.02721528191311,"-VII",3,4.93011710906188,5.02721528191311,
,,,,,,,,,,
6,25,"-VI",3,5.0167862979426,5.02724870129425,"-VI",3,5.0167862979426,5.02724870129425,
6,26,"i",3,4.94855990237496,5.00817401972898,"i",3,4.94855990237496,5.00817401972898,
6,27,"v",3,3.06770530049815,5.02721528191311,"v",3,3.06770530049815,5.02721528191311,
6,28,"v",4,5.14840164913142,4.66725107144045,"v",4,5.14840164913142,4.66725107144045,
6,29,"-VI",3,5.0167862979426,5.02724870129425,"-VI",3,5.0167862979426,5.02724870129425,
6,30,"i",3,4.94855990237496,5.00817401972898,"v",3,4.94342026373325,5.00817401972898,0.00513963864171707
6,31,"-VII",3,4.93011710906188,5.02721528191311,"-VII",3,5.02675633478419,4.75689399048951,
6,32,"i",3,3.32659057030381,4.9452018679074,"i",3,4.5210715087018,5.06019099339422,
6,33,"-VII",4,1.61627788369775,4.17536497764294,"-VII",3,4.43782160647151,4.81627153240771,
6,34,"i",5,1.81560721845343,4.44522793553385,"i",3,3.01685881989501,4.91227113400698,
6,35,"-VII",6,2.54176091080275,3.96641548884297,"-VII",4,2.20968419316665,4.40132316620581,
,,,,,,,,,,
7,258,"-VII",4,5.03058280397476,4.70252693479638,"-VII",4,5.03058280397476,4.70252693479638,
7,259,"i",3,3.54186191717096,5.11872980397735,"i",3,3.54186191717096,5.11872980397735,
7,260,"v",4,4.82245694061508,4.18166613693819,"v",4,4.82245694061508,4.18166613693819,
7,261,"v",4,5.37025704405914,4.2648948062516,"v",4,5.37025704405914,4.2648948062516,
7,262,"-VI",3,5.0167862979426,5.02724870129425,"-VI",3,5.0167862979426,5.02724870129425,
7,263,"i",3,4.94855990237496,5.00817401972898,"v",3,4.94342026373325,5.00817401972898,0.00513963864171707
7,264,"v",3,3.06770530049815,5.02721528191311,"v",3,4.82495243337898,4.75689399048951,
7,265,"v",4,5.14840164913142,4.66725107144045,"v",3,4.16479519260228,4.94284786559108,
7,266,"-VI",3,5.0167862979426,5.02724870129425,"-VI",3,5.18075260908794,4.77723881824967,
7,267,"i",3,4.94855990237496,5.00817401972898,"i",3,4.94855990237496,5.00817401972898,
7,268,"v",3,3.06770530049815,5.02721528191311,"v",3,3.06770530049815,5.02721528191311,
,,,,,,,,,,
8,262,"-VI",3,5.0167862979426,5.02724870129425,"-VI",3,5.0167862979426,5.02724870129425,
8,263,"i",3,4.94855990237496,5.00817401972898,"i",3,4.94855990237496,5.00817401972898,
8,264,"v",3,3.06770530049815,5.02721528191311,"v",3,3.06770530049815,5.02721528191311,
8,265,"v",4,5.14840164913142,4.66725107144045,"v",4,5.14840164913142,4.66725107144045,
8,266,"-VI",3,5.0167862979426,5.02724870129425,"-VI",3,5.0167862979426,5.02724870129425,
8,267,"i",3,4.94855990237496,5.00817401972898,"v",3,4.94342026373325,5.00817401972898,0.00513963864171707
8,268,"v",3,3.06770530049815,5.02721528191311,"v",3,4.82495243337898,4.75689399048951,
8,269,"v",4,5.14840164913142,4.66725107144045,"v",3,4.16479519260228,4.94284786559108,
8,270,"-VI",3,5.0167862979426,5.02724870129425,"-VI",3,5.18075260908794,4.77723881824967,
8,271,"i",3,4.94855990237496,5.00817401972898,"i",3,4.94855990237496,5.00817401972898,
8,272,"v",3,3.06770530049815,5.02721528191311,"v",3,3.06770530049815,5.02721528191311,
,,,,,,,,,,
9,266,"-VI",3,5.0167862979426,5.02724870129425,"-VI",3,5.0167862979426,5.02724870129425,
9,267,"i",3,4.94855990237496,5.00817401972898,"i",3,4.94855990237496,5.00817401972898,
9,268,"v",3,3.06770530049815,5.02721528191311,"v",3,3.06770530049815,5.02721528191311,
9,269,"v",4,5.14840164913142,4.66725107144045,"v",4,5.14840164913142,4.66725107144045,
9,270,"-VI",3,5.0167862979426,5.02724870129425,"-VI",3,5.0167862979426,5.02724870129425,
9,271,"i",3,4.94855990237496,5.00817401972898,"v",3,4.94342026373325,5.00817401972898,0.00513963864171707
9,272,"v",3,3.06770530049815,5.02721528191311,"v",3,4.82495243337898,4.75689399048951,
9,273,"v",4,5.14840164913142,4.66725107144045,"v",3,4.16479519260228,4.94284786559108,
9,274,"-VI",3,5.0167862979426,5.02724870129425,"-VI",3,5.18075260908794,4.77723881824967,
9,275,"i",3,4.94855990237496,5.00817401972898,"i",3,4.94855990237496,5.00817401972898,
9,276,"v",3,3.06770530049815,5.02721528191311,"v",3,3.06770530049815,5.02721528191311,
,,,,,,,,,,
10,270,"-VI",3,5.0167862979426,5.02724870129425,"-VI",3,5.0167862979426,5.02724870129425,
10,271,"i",3,4.94855990237496,5.00817401972898,"i",3,4.94855990237496,5.00817401972898,
10,272,"v",3,3.06770530049815,5.02721528191311,"v",3,3.06770530049815,5.02721528191311,
10,273,"v",4,5.14840164913142,4.66725107144045,"v",4,5.14840164913142,4.66725107144045,
10,274,"-VI",3,5.0167862979426,5.02724870129425,"-VI",3,5.0167862979426,5.02724870129425,
10,275,"i",3,4.94855990237496,5.00817401972898,"v",3,4.94342026373325,5.00817401972898,0.00513963864171707
10,276,"v",3,3.06770530049815,5.02721528191311,"v",3,4.82495243337898,4.75689399048951,
10,277,"v",4,5.14840164913142,4.66725107144045,"v",3,4.16479519260228,4.94284786559108,
10,278,"-VI",3,5.0167862979426,5.02724870129425,"-VI",3,5.18075260908794,4.77723881824967,
10,279,"i",3,4.94855990237496,5.00817401972898,"i",3,4.94855990237496,5.00817401972898,
10,280,"v",3,3.06770530049815,5.02721528191311,"v",3,3.06770530049815,5.02721528191311,
,,,,,,,,,,
11,274,"-VI",3,5.0167862979426,5.02724870129425,"-VI",3,5.0167862979426,5.02724870129425,
11,275,"i",3,4.94855990237496,5.00817401972898,"i",3,4.94855990237496,5.00817401972898,
11,276,"v",3,3.06770530049815,5.02721528191311,"v",3,3.06770530049815,5.02721528191311,
11,277,"v",4,5.14840164913142,4.66725107144045,"v",4,5.14840164913142,4.66725107144045,
11,278,"-VI",3,5.0167862979426,5.02724870129425,"-VI",3,5.0167862979426,5.02724870129425,
11,279,"i",3,4.94855990237496,5.00817401972898,"v",3,4.94342026373325,5.00817401972898,0.00513963864171707
11,280,"v",3,3.06770530049815,5.02721528191311,"v",3,4.82495243337898,4.75689399048951,
11,281,"v",4,5.14840164913142,4.66725107144045,"v",3,4.16479519260228,4.94284786559108,
11,282,"-VI",3,5.0167862979426,5.02724870129425,"-VI",3,5.18075260908794,4.77723881824967,
11,283,"i",3,4.94855990237496,5.00817401972898,"i",3,4.94855990237496,5.00817401972898,
11,284,"v",3,3.06770530049815,5.02721528191311,"v",3,3.06770530049815,5.02721528191311,
,,,,,,,,,,
12,278,"-VI",3,5.0167862979426,5.02724870129425,"-VI",3,5.0167862979426,5.02724870129425,
12,279,"i",3,4.94855990237496,5.00817401972898,"i",3,4.94855990237496,5.00817401972898,
12,280,"v",3,3.06770530049815,5.02721528191311,"v",3,3.06770530049815,5.02721528191311,
12,281,"v",4,5.14840164913142,4.66725107144045,"v",4,5.14840164913142,4.66725107144045,
12,282,"-VI",3,5.0167862979426,5.02724870129425,"-VI",3,5.0167862979426,5.02724870129425,
12,283,"i",3,4.94855990237496,5.00817401972898,"v",3,4.94342026373325,5.00817401972898,0.00513963864171707
12,284,"v",3,3.06770530049815,5.02721528191311,"v",3,4.82495243337898,4.75689399048951,
12,285,"v",4,5.14840164913142,4.66725107144045,"v",3,4.16479519260228,4.94284786559108,
12,286,"-VI",3,5.0167862979426,5.02724870129425,"-VI",3,5.18075260908794,4.77723881824967,
12,287,"i",3,4.94855990237496,5.00817401972898,"i",3,4.94855990237496,5.00817401972898,
12,288,"v",3,3.06770530049815,5.02721528191311,"v",3,3.06770530049815,5.02721528191311,
,,,,,,,,,,
13,282,"-VI",3,5.0167862979426,5.02724870129425,"-VI",3,5.0167862979426,5.02724870129425,
13,283,"i",3,4.94855990237496,5.00817401972898,"i",3,4.94855990237496,5.00817401972898,
13,284,"v",3,3.06770530049815,5.02721528191311,"v",3,3.06770530049815,5.02721528191311,
13,285,"v",4,5.14840164913142,4.66725107144045,"v",4,5.14840164913142,4.66725107144045,
13,286,"-VI",3,5.0167862979426,5.02724870129425,"-VI",3,5.0167862979426,5.02724870129425,
13,287,"i",3,4.94855990237496,5.00817401972898,"v",3,4.94342026373325,5.00817401972898,0.00513963864171707
13,288,"v",3,3.06770530049815,5.02721528191311,"v",3,4.82495243337898,4.75689399048951,
13,289,"v",4,5.14840164913142,4.66725107144045,"v",3,4.16479519260228,4.94284786559108,
13,290,"-VI",3,5.0167862979426,5.02724870129425,"-VI",3,5.18075260908794,4.77723881824967,
13,291,"i",3,4.94855990237496,5.00817401972898,"i",3,4.94855990237496,5.00817401972898,
13,292,"v",3,3.06770530049815,5.02721528191311,"v",3,3.06770530049815,5.02721528191311,
,,,,,,,,,,
14,286,"-VI",3,5.0167862979426,5.02724870129425,"-VI",3,5.0167862979426,5.02724870129425,
14,287,"i",3,4.94855990237496,5.00817401972898,"i",3,4.94855990237496,5.00817401972898,
14,288,"v",3,3.06770530049815,5.02721528191311,"v",3,3.06770530049815,5.02721528191311,
14,289,"v",4,5.14840164913142,4.66725107144045,"v",4,5.14840164913142,4.66725107144045,
14,290,"-VI",3,5.0167862979426,5.02724870129425,"-VI",3,5.0167862979426,5.02724870129425,
14,291,"i",3,4.94855990237496,5.00817401972898,"v",3,4.94342026373325,5.00817401972898,0.00513963864171707
14,292,"v",3,3.06770530049815,5.02721528191311,"v",3,4.82495243337898,4.75689399048951,
14,293,"v",4,5.14840164913142,4.66725107144045,"v",3,4.16479519260228,4.94284786559108,
14,294,"-VI",3,5.0167862979426,5.02724870129425,"-VI",3,5.18075260908794,4.77723881824967,
14,295,"i",3,4.94855990237496,5.00817401972898,"i",3,4.94855990237496,5.00817401972898,
14,296,"v",3,3.06770530049815,5.02721528191311,"v",3,3.06770530049815,5.02721528191311,
,,,,,,,,,,
15,290,"-VI",3,5.0167862979426,5.02724870129425,"-VI",3,5.0167862979426,5.02724870129425,
15,291,"i",3,4.94855990237496,5.00817401972898,"i",3,4.94855990237496,5.00817401972898,
15,292,"v",3,3.06770530049815,5.02721528191311,"v",3,3.06770530049815,5.02721528191311,
15,293,"v",4,5.14840164913142,4.66725107144045,"v",4,5.14840164913142,4.66725107144045,
15,294,"-VI",3,5.0167862979426,5.02724870129425,"-VI",3,5.0167862979426,5.02724870129425,
15,295,"i",3,4.94855990237496,5.00817401972898,"v",3,4.94342026373325,5.00817401972898,0.00513963864171707
15,296,"v",3,3.06770530049815,5.02721528191311,"v",3,4.82495243337898,4.75689399048951,
15,297,"v",4,5.14840164913142,4.66725107144045,"v",3,4.16479519260228,4.94284786559108,
15,298,"-VI",3,5.0167862979426,5.02724870129425,"-VI",3,5.18075260908794,4.77723881824967,
15,299,"i",3,4.94855990237496,5.00817401972898,"i",3,4.94855990237496,5.00817401972898,
15,300,"v",3,3.06770530049815,5.02721528191311,"v",3,3.06770530049815,5.02721528191311,
,,,,,,,,,,
16,294,"-VI",3,5.0167862979426,5.02724870129425,"-VI",3,5.0167862979426,5.02724870129425,
16,295,"i",3,4.94855990237496,5.00817401972898,"i",3,4.94855990237496,5.00817401972898,
16,296,"v",3,3.06770530049815,5.02721528191311,"v",3,3.06770530049815,5.02721528191311,
16,297,"v",4,5.14840164913142,4.66725107144045,"v",4,5.14840164913142,4.66725107144045,
16,298,"-VI",3,5.0167862979426,5.02724870129425,"-VI",3,5.0167862979426,5.02724870129425,
16,299,"i",3,4.94855990237496,5.00817401972898,"v",3,4.94342026373325,5.00817401972898,0.00513963864171707
16,300,"v",3,3.06770530049815,5.02721528191311,"v",3,4.82495243337898,4.75689399048951,
16,301,"v",4,5.14840164913142,4.66725107144045,"v",3,4.16479519260228,4.94284786559108,
16,302,"-VI",3,5.0167862979426,5.02724870129425,"-VI",3,5.18075260908794,4.77723881824967,
16,303,"i",3,4.94855990237496,5.00817401972898,"i",3,4.94855990237496,5.00817401972898,
16,304,"v",3,3.06770530049815,5.02721528191311,"v",3,3.06770530049815,5.02721528191311,
,,,,,,,,,,
17,298,"-VI",3,5.0167862979426,5.02724870129425,"-VI",3,5.0167862979426,5.02724870129425,
17,299,"i",3,4.94855990237496,5.00817401972898,"i",3,4.94855990237496,5.00817401972898,
17,300,"v",3,3.06770530049815,5.02721528191311,"v",3,3.06770530049815,5.02721528191311,
17,301,"v",4,5.14840164913142,4.66725107144045,"v",4,5.14840164913142,4.66725107144045,
17,302,"-VI",3,5.0167862979426,5.02724870129425,"-VI",3,5.0167862979426,5.02724870129425,
17,303,"i",3,4.94855990237496,5.00817401972898,"v",3,4.94342026373325,5.00817401972898,0.00513963864171707
17,304,"v",3,3.06770530049815,5.02721528191311,"v",3,4.82495243337898,4.75689399048951,
17,305,"v",4,5.14840164913142,4.66725107144045,"v",3,4.16479519260228,4.94284786559108,
17,306,"-VI",3,5.0167862979426,5.02724870129425,"-VI",3,5.18075260908794,4.77723881824967,
17,307,"r",3,3.40291601497667,5.00817401972898,"r",3,3.40291601497667,5.00817401972898,
17,308,"r",2,0.427326551621149,1.88795188766303,"r",2,0.427326551621149,1.88795188766303,
,,,,,,,,,,
18,81,"i",5,1.64218738867813,4.40894757476599,"i",5,1.64218738867813,4.40894757476599,
18,82,"i",6,3.01982808906125,4.51166177197104,"i",6,3.01982808906125,4.51166177197104,
18,83,"-VI",6,4.55716252131823,4.63864038598482,"-VI",6,4.55716252131823,4.63864038598482,
18,84,"-VI",5,3.47545703983842,4.46346074196985,"-VI",5,3.47545703983842,4.46346074196985,
18,85,"-VI",5,3.46037062891965,4.46770747292112,"-VI",5,3.46037062891965,4.46770747292112,
18,86,"-III",4,5.02416973786649,3.58451737751911,"V",4,5.01393982977926,3.58451737751911,0.0102299080872283
18,87,"-III",4,1.52237712748654,4.20096659189879,"-III",4,7.13324204088885,3.95625787531332,
18,88,"-VI",5,3.16324345048551,4.46688071064673,"-VI",2,4.79181628180756,5.22925442221395,
18,89,"-VI",5,0.696301685106608,2.85461602750634,"-VI",3,4.45985291169398,5.14988582371368,
18,90,"v",6,5.71700836133688,3.92433911574192,"v",3,4.70960595263038,4.98416455740642,
18,91,"i",3,3.39323833878687,4.57671275545491,"i",3,3.39323833878687,4.57671275545491,
,,,,,,,,,,
19,109,"i",5,1.64218738867813,4.40894757476599,"i",5,1.64218738867813,4.40894757476599,
19,110,"i",6,3.01982808906125,4.51166177197104,"i",6,3.01982808906125,4.51166177197104,
19,111,"-VI",6,4.55716252131823,4.63864038598482,"-VI",6,4.55716252131823,4.63864038598482,
19,112,"-VI",5,3.47545703983842,4.46346074196985,"-VI",5,3.47545703983842,4.46346074196985,
19,113,"-VI",5,3.46037062891965,4.46770747292112,"-VI",5,3.46037062891965,4.46770747292112,
19,114,"-III",4,5.02416973786649,3.58451737751911,"V",4,5.01393982977926,3.58451737751911,0.0102299080872283
19,115,"-III",4,1.52237712748654,4.20096659189879,"-III",4,7.13324204088885,3.95625787531332,
19,116,"-VI",5,3.16324345048551,4.46688071064673,"-VI",2,4.79181628180756,5.22925442221395,
19,117,"-VI",5,0.696301685106608,2.85461602750634,"-VI",3,4.45985291169398,5.14988582371368,
19,118,"v",6,5.71700836133688,3.92433911574192,"v",3,4.70960595263038,4.98416455740642,
19,119,"i",3,3.39323833878687,4.57671275545491,"i",3,3.39323833878687,4.57671275545491,
,,,,,,,,,,
20,3,"v",2,4.82782958283829,4.56972548737461,"v",2,4.82782958283829,4.56972548737461,
20,4,"v",3,4.85739660591227,5.03856565752388,"v",3,4.85739660591227,5.03856565752388,
20,5,"-VI",3,5.0167862979426,5.02724870129425,"-VI",3,5.0167862979426,5.02724870129425,
20,6,"i",3,4.94855990237496,5.00817401972898,"i",3,4.94855990237496,5.00817401972898,
20,7,"v",3,3.06770530049815,5.02721528191311,"v",3,3.06770530049815,5.02721528191311,
20,8,"v",4,5.14840164913142,4.66725107144045,"I",4,5.13211774640957,4.66725107144045,0.0162839027218533
20,9,"-VI",3,5.0167862979426,5.02724870129425,"-VI",3,5.40846878954379,4.93890424306494,
20,10,"i",3,4.94855990237496,5.00817401972898,"i",3,5.66151648429722,5.09148940588429,
20,11,"v",3,3.06770530049815,5.02721528191311,"v",2,4.79739962128935,5.30084715211882,
20,12,"v",4,5.14840164913142,4.66725107144045,"v",3,4.87850069651766,5.00591250192181,
20,13,"-VI",3,5.0167862979426,5.02724870129425,"-VI",3,5.0167862979426,5.02724870129425,
,,,,,,,,,,
21,7,"v",3,3.06770530049815,5.02721528191311,"v",3,3.06770530049815,5.02721528191311,
21,8,"v",4,5.14840164913142,4.66725107144045,"v",4,5.14840164913142,4.66725107144045,
21,9,"-VI",3,5.0167862979426,5.02724870129425,"-VI",3,5.0167862979426,5.02724870129425,
21,10,"i",3,4.94855990237496,5.00817401972898,"i",3,4.94855990237496,5.00817401972898,
21,11,"v",3,3.06770530049815,5.02721528191311,"v",3,3.06770530049815,5.02721528191311,
21,12,"v",4,5.14840164913142,4.66725107144045,"I",4,5.13211774640957,4.66725107144045,0.0162839027218533
21,13,"-VI",3,5.0167862979426,5.02724870129425,"-VI",3,5.40846878954379,4.93890424306494,
21,14,"i",3,4.94855990237496,5.00817401972898,"i",3,5.66151648429722,5.09148940588429,
21,15,"v",3,3.06770530049815,5.02721528191311,"v",2,4.79739962128935,5.30084715211882,
21,16,"v",4,5.14840164913142,4.66725107144045,"v",3,4.87850069651766,5.00591250192181,
21,17,"-VI",3,5.0167862979426,5.02724870129425,"-VI",3,5.0167862979426,5.02724870129425,
,,,,,,,,,,
22,11,"v",3,3.06770530049815,5.02721528191311,"v",3,3.06770530049815,5.02721528191311,
22,12,"v",4,5.14840164913142,4.66725107144045,"v",4,5.14840164913142,4.66725107144045,
22,13,"-VI",3,5.0167862979426,5.02724870129425,"-VI",3,5.0167862979426,5.02724870129425,
22,14,"i",3,4.94855990237496,5.00817401972898,"i",3,4.94855990237496,5.00817401972898,
22,15,"v",3,3.06770530049815,5.02721528191311,"v",3,3.06770530049815,5.02721528191311,
22,16,"v",4,5.14840164913142,4.66725107144045,"I",4,5.13211774640957,4.66725107144045,0.0162839027218533
22,17,"-VI",3,5.0167862979426,5.02724870129425,"-VI",3,5.40846878954379,4.93890424306494,
22,18,"i",3,4.94855990237496,5.00817401972898,"i",3,5.66151648429722,5.09148940588429,
22,19,"v",3,3.06770530049815,5.02721528191311,"v",2,4.79739962128935,5.30084715211882,
22,20,"v",4,5.14840164913142,4.66725107144045,"v",3,4.87850069651766,5.00591250192181,
22,21,"-VI",3,5.0167862979426,5.02724870129425,"-VI",3,5.0167862979426,5.02724870129425,
,,,,,,,,,,
23,15,"v",3,3.06770530049815,5.02721528191311,"v",3,3.06770530049815,5.02721528191311,
23,16,"v",4,5.14840164913142,4.66725107144045,"v",4,5.14840164913142,4.66725107144045,
23,17,"-VI",3,5.0167862979426,5.02724870129425,"-VI",3,5.0167862979426,5.02724870129425,
23,18,"i",3,4.94855990237496,5.00817401972898,"i",3,4.94855990237496,5.00817401972898,
23,19,"v",3,3.06770530049815,5.02721528191311,"v",3,3.06770530049815,5.02721528191311,
23,20,"v",4,5.14840164913142,4.66725107144045,"I",4,5.13211774640957,4.66725107144045,0.0162839027218533
23,21,"-VI",3,5.0167862979426,5.02724870129425,"-VI",3,5.40846878954379,4.93890424306494,
23,22,"i",3,4.94855990237496,5.00817401972898,"i",3,5.66151648429722,5.09148940588429,
23,23,"v",3,3.06770530049815,5.02721528191311,"v",2,4.79739962128935,5.30084715211882,
23,24,"v",4,5.14840164913142,4.66725107144045,"v",3,4.87850069651766,5.00591250192181,
23,25,"-VI",3,5.0167862979426,5.02724870129425,"-VI",3,5.0167862979426,5.02724870129425,
,,,,,,,,,,
24,19,"v",3,3.06770530049815,5.02721528191311,"v",3,3.06770530049815,5.02721528191311,
24,20,"v",4,5.14840164913142,4.66725107144045,"v",4,5.14840164913142,4.66725107144045,
24,21,"-VI",3,5.0167862979426,5.02724870129425,"-VI",3,5.0167862979426,5.02724870129425,
24,22,"i",3,4.94855990237496,5.00817401972898,"i",3,4.94855990237496,5.00817401972898,
24,23,"v",3,3.06770530049815,5.02721528191311,"v",3,3.06770530049815,5.02721528191311,
24,24,"v",4,5.14840164913142,4.66725107144045,"I",4,5.13211774640957,4.66725107144045,0.0162839027218533
24,25,"-VI",3,5.0167862979426,5.02724870129425,"-VI",3,5.40846878954379,4.93890424306494,
24,26,"i",3,4.94855990237496,5.00817401972898,"i",3,5.66151648429722,5.09148940588429,
24,27,"v",3,3.06770530049815,5.02721528191311,"v",2,4.79739962128935,5.30084715211882,
24,28,"v",4,5.14840164913142,4.66725107144045,"v",3,4.87850069651766,5.00591250192181,
24,29,"-VI",3,5.0167862979426,5.02724870129425,"-VI",3,5.0167862979426,5.02724870129425,
,,,,,,,,,,
25,23,"v",3,3.06770530049815,5.02721528191311,"v",3,3.06770530049815,5.02721528191311,
25,24,"v",4,5.14840164913142,4.66725107144045,"v",4,5.14840164913142,4.66725107144045,
25,25,"-VI",3,5.0167862979426,5.02724870129425,"-VI",3,5.0167862979426,5.02724870129425,
25,26,"i",3,4.94855990237496,5.00817401972898,"i",3,4.94855990237496,5.00817401972898,
25,27,"v",3,3.06770530049815,5.02721528191311,"v",3,3.06770530049815,5.02721528191311,
25,28,"v",4,5.14840164913142,4.66725107144045,"I",4,5.13211774640957,4.66725107144045,0.0162839027218533
25,29,"-VI",3,5.0167862979426,5.02724870129425,"-VI",3,5.40846878954379,4.93890424306494,
25,30,"i",3,4.94855990237496,5.00817401972898,"i",3,5.66151648429722,5.09148940588429,
25,31,"-VII",3,4.93011710906188,5.02721528191311,"-VII",2,4.64464375191233,5.30084715211882,
25,32,"i",3,3.32659057030381,4.9452018679074,"i",3,3.32659057030381,4.9452018679074,
25,33,"-VII",4,1.61627788369775,4.17536497764294,"-VII",4,1.61627788369775,4.17536497764294,
,,,,,,,,,,
26,66,"i",4,0.220777098655537,1.3255576082142,"i",4,0.220777098655537,1.3255576082142,
26,67,"-VII",5,0.145303198801294,0.914222630628276,"-VII",5,0.145303198801294,0.914222630628276,
26,68,"v",5,0.172673519331898,1.02582735474513,"v",5,0.172673519331898,1.02582735474513,
26,69,"i",10,0.52995154569266,2.19691794606254,"i",10,0.52995154569266,2.19691794606254,
26,70,"v",4,7.66728347938374,1.3255576082142,"v",4,7.66728347938374,1.3255576082142,
26,71,"v",3,4.89800927685532,4.9823290475097,"I",3,4.88172537413347,4.9823290475097,0.0162839027218533
26,72,"i",3,3.66598635581083,5.02724870129425,"i",3,5.57439776204892,4.93890424306494,
26,73,"i",4,1.92545713244285,4.61629864836454,"i",3,4.32176991248784,5.02579868035301,
26,74,"i",5,1.01465896078344,3.45484028198609,"i",3,3.67509253902437,5.19660402951692,
26,75,"i",5,0.287402291696184,1.60404900070439,"i",4,1.72442275092919,4.53092754369029,
26,76,"-VI",7,4.50617162519735,4.30818015860595,"-VI",5,4.49447689144657,4.66775891543409,
,,,,,,,,,,
27,256,"i",4,4.51382716309244,4.80869225773493,"i",4,4.51382716309244,4.80869225773493,
27,257,"-VII",4,3.94749428351661,4.54431136446603,"-VII",4,3.94749428351661,4.54431136446603,
27,258,"-VII",4,5.03058280397476,4.70252693479638,"-VII",4,5.03058280397476,4.70252693479638,
27,259,"i",3,3.54186191717096,5.11872980397735,"i",3,3.54186191717096,5.11872980397735,
27,260,"v",4,4.82245694061508,4.18166613693819,"v",4,4.82245694061508,4.18166613693819,
27,261,"v",4,5.37025704405914,4.2648948062516,"I",4,5.35397314133728,4.2648948062516,0.0162839027218533
27,262,"-VI",3,5.0167862979426,5.02724870129425,"-VI",3,5.40846878954379,4.93890424306494,
27,263,"i",3,4.94855990237496,5.00817401972898,"i",3,5.66151648429722,5.09148940588429,
27,264,"v",3,3.06770530049815,5.02721528191311,"v",2,4.79739962128935,5.30084715211882,
27,265,"v",4,5.14840164913142,4.66725107144045,"v",3,4.87850069651766,5.00591250192181,
27,266,"-VI",3,5.0167862979426,5.02724870129425,"-VI",3,5.0167862979426,5.02724870129425,
,,,,,,,,,,
28,260,"v",4,4.82245694061508,4.18166613693819,"v",4,4.82245694061508,4.18166613693819,
28,261,"v",4,5.37025704405914,4.2648948062516,"v",4,5.37025704405914,4.2648948062516,
28,262,"-VI",3,5.0167862979426,5.02724870129425,"-VI",3,5.0167862979426,5.02724870129425,
28,263,"i",3,4.94855990237496,5.00817401972898,"i",3,4.94855990237496,5.00817401972898,
28,264,"v",3,3.06770530049815,5.02721528191311,"v",3,3.06770530049815,5.02721528191311,
28,265,"v",4,5.14840164913142,4.66725107144045,"I",4,5.13211774640957,4.66725107144045,0.0162839027218533
28,266,"-VI",3,5.0167862979426,5.02724870129425,"-VI",3,5.40846878954379,4.93890424306494,
28,267,"i",3,4.94855990237496,5.00817401972898,"i",3,5.66151648429722,5.09148940588429,
28,268,"v",3,3.06770530049815,5.02721528191311,"v",2,4.79739962128935,5.30084715211882,
28,269,"v",4,5.14840164913142,4.66725107144045,"v",3,4.87850069651766,5.00591250192181,
28,270,"-VI",3,5.0167862979426,5.02724870129425,"-VI",3,5.0167862979426,5.02724870129425,
,,,,,,,,,,
29,264,"v",3,3.06770530049815,5.02721528191311,"v",3,3.06770530049815,5.02721528191311,
29,265,"v",4,5.14840164913142,4.66725107144045,"v",4,5.14840164913142,4.66725107144045,
29,266,"-VI",3,5.0167862979426,5.02724870129425,"-VI",3,5.0167862979426,5.02724870129425,
29,267,"i",3,4.94855990237496,5.00817401972898,"i",3,4.94855990237496,5.00817401972898,
29,268,"v",3,3.06770530049815,5.02721528191311,"v",3,3.06770530049815,5.02721528191311,
29,269,"v",4,5.14840164913142,4.66725107144045,"I",4,5.13211774640957,4.66725107144045,0.0162839027218533
29,270,"-VI",3,5.0167862979426,5.02724870129425,"-VI",3,5.40846878954379,4.93890424306494,
29,271,"i",3,4.94855990237496,5.00817401972898,"i",3,5.66151648429722,5.09148940588429,
29,272,"v",3,3.06770530049815,5.02721528191311,"v",2,4.79739962128935,5.30084715211882,
29,273,"v",4,5.14840164913142,4.66725107144045,"v",3,4.87850069651766,5.00591250192181,
29,274,"-VI",3,5.0167862979426,5.02724870129425,"-VI",3,5.0167862979426,5.02724870129425,
,,,,,,,,,,
30,268,"v",3,3.06770530049815,5.02721528191311,"v",3,3.06770530049815,5.02721528191311,
30,269,"v",4,5.14840164913142,4.66725107144045,"v",4,5.14840164913142,4.66725107144045,
30,270,"-VI",3,5.0167862979426,5.02724870129425,"-VI",3,5.0167862979426,5.02724870129425,
30,271,"i",3,4.94855990237496,5.00817401972898,"i",3,4.94855990237496,5.00817401972898,
30,272,"v",3,3.06770530049815,5.02721528191311,"v",3,3.06770530049815,5.02721528191311,
30,273,"v",4,5.14840164913142,4.66725107144045,"I",4,5.13211774640957,4.66725107144045,0.0162839027218533
30,274,"-VI",3,5.0167862979426,5.02724870129425,"-VI",3,5.40846878954379,4.93890424306494,
30,275,"i",3,4.94855990237496,5.00817401972898,"i",3,5.66151648429722,5.09148940588429,
30,276,"v",3,3.06770530049815,5.02721528191311,"v",2,4.79739962128935,5.30084715211882,
30,277,"v",4,5.14840164913142,4.66725107144045,"v",3,4.87850069651766,5.00591250192181,
30,278,"-VI",3,5.0167862979426,5.02724870129425,"-VI",3,5.0167862979426,5.02724870129425,
,,,,,,,,,,
31,272,"v",3,3.06770530049815,5.02721528191311,"v",3,3.06770530049815,5.02721528191311,
31,273,"v",4,5.14840164913142,4.66725107144045,"v",4,5.14840164913142,4.66725107144045,
31,274,"-VI",3,5.0167862979426,5.02724870129425,"-VI",3,5.0167862979426,5.02724870129425,
31,275,"i",3,4.94855990237496,5.00817401972898,"i",3,4.94855990237496,5.00817401972898,
31,276,"v",3,3.06770530049815,5.02721528191311,"v",3,3.06770530049815,5.02721528191311,
31,277,"v",4,5.14840164913142,4.66725107144045,"I",4,5.13211774640957,4.66725107144045,0.0162839027218533
31,278,"-VI",3,5.0167862979426,5.02724870129425,"-VI",3,5.40846878954379,4.93890424306494,
31,279,"i",3,4.94855990237496,5.00817401972898,"i",3,5.66151648429722,5.09148940588429,
31,280,"v",3,3.06770530049815,5.02721528191311,"v",2,4.79739962128935,5.30084715211882,
31,281,"v",4,5.14840164913142,4.66725107144045,"v",3,4.87850069651766,5.00591250192181,
31,282,"-VI",3,5.0167862979426,5.02724870129425,"-VI",3,5.0167862979426,5.02724870129425,
,,,,,,,,,,
32,276,"v",3,3.06770530049815,5.02721528191311,"v",3,3.06770530049815,5.02721528191311,
32,277,"v",4,5.14840164913142,4.66725107144045,"v",4,5.14840164913142,4.66725107144045,
32,278,"-VI",3,5.0167862979426,5.02724870129425,"-VI",3,5.0167862979426,5.02724870129425,
32,279,"i",3,4.94855990237496,5.00817401972898,"i",3,4.94855990237496,5.00817401972898,
32,280,"v",3,3.06770530049815,5.02721528191311,"v",3,3.06770530049815,5.02721528191311,
32,281,"v",4,5.14840164913142,4.66725107144045,"I",4,5.13211774640957,4.66725107144045,0.0162839027218533
32,282,"-VI",3,5.0167862979426,5.02724870129425,"-VI",3,5.40846878954379,4.93890424306494,
32,283,"i",3,4.94855990237496,5.00817401972898,"i",3,5.66151648429722,5.09148940588429,
32,284,"v",3,3.06770530049815,5.02721528191311,"v",2,4.79739962128935,5.30084715211882,
32,285,"v",4,5.14840164913142,4.66725107144045,"v",3,4.87850069651766,5.00591250192181,
32,286,"-VI",3,5.0167862979426,5.02724870129425,"-VI",3,5.0167862979426,5.02724870129425,
,,,,,,,,,,
33,280,"v",3,3.06770530049815,5.02721528191311,"v",3,3.06770530049815,5.02721528191311,
33,281,"v",4,5.14840164913142,4.66725107144045,"v",4,5.14840164913142,4.66725107144045,
33,282,"-VI",3,5.0167862979426,5.02724870129425,"-VI",3,5.0167862979426,5.02724870129425,
33,283,"i",3,4.94855990237496,5.00817401972898,"i",3,4.94855990237496,5.00817401972898,
33,284,"v",3,3.06770530049815,5.02721528191311,"v",3,3.06770530049815,5.02721528191311,
33,285,"v",4,5.14840164913142,4.66725107144045,"I",4,5.13211774640957,4.66725107144045,0.0162839027218533
33,286,"-VI",3,5.0167862979426,5.02724870129425,"-VI",3,5.40846878954379,4.93890424306494,
33,287,"i",3,4.94855990237496,5.00817401972898,"i",3,5.66151648429722,5.09148940588429,
33,288,"v",3,3.06770530049815,5.02721528191311,"v",2,4.79739962128935,5.30084715211882,
33,289,"v",4,5.14840164913142,4.66725107144045,"v",3,4.87850069651766,5.00591250192181,
33,290,"-VI",3,5.0167862979426,5.02724870129425,"-VI",3,5.0167862979426,5.02724870129425,
,,,,,,,,,,
34,284,"v",3,3.06770530049815,5.02721528191311,"v",3,3.06770530049815,5.02721528191311,
34,285,"v",4,5.14840164913142,4.66725107144045,"v",4,5.14840164913142,4.66725107144045,
34,286,"-VI",3,5.0167862979426,5.02724870129425,"-VI",3,5.0167862979426,5.02724870129425,
34,287,"i",3,4.94855990237496,5.00817401972898,"i",3,4.94855990237496,5.00817401972898,
34,288,"v",3,3.06770530049815,5.02721528191311,"v",3,3.06770530049815,5.02721528191311,
34,289,"v",4,5.14840164913142,4.66725107144045,"I",4,5.13211774640957,4.66725107144045,0.0162839027218533
34,290,"-VI",3,5.0167862979426,5.02724870129425,"-VI",3,5.40846878954379,4.93890424306494,
34,291,"i",3,4.94855990237496,5.00817401972898,"i",3,5.66151648429722,5.09148940588429,
34,292,"v",3,3.06770530049815,5.02721528191311,"v",2,4.79739962128935,5.30084715211882,
34,293,"v",4,5.14840164913142,4.66725107144045,"v",3,4.87850069651766,5.00591250192181,
34,294,"-VI",3,5.0167862979426,5.02724870129425,"-VI",3,5.0167862979426,5.02724870129425,
,,,,,,,,,,
35,288,"v",3,3.06770530049815,5.02721528191311,"v",3,3.06770530049815,5.02721528191311,
35,289,"v",4,5.14840164913142,4.66725107144045,"v",4,5.14840164913142,4.66725107144045,
35,290,"-VI",3,5.0167862979426,5.02724870129425,"-VI",3,5.0167862979426,5.02724870129425,
35,291,"i",3,4.94855990237496,5.00817401972898,"i",3,4.94855990237496,5.00817401972898,
35,292,"v",3,3.06770530049815,5.02721528191311,"v",3,3.06770530049815,5.02721528191311,
35,293,"v",4,5.14840164913142,4.66725107144045,"I",4,5.13211774640957,4.66725107144045,0.0162839027218533
35,294,"-VI",3,5.0167862979426,5.02724870129425,"-VI",3,5.40846878954379,4.93890424306494,
35,295,"i",3,4.94855990237496,5.00817401972898,"i",3,5.66151648429722,5.09148940588429,
35,296,"v",3,3.06770530049815,5.02721528191311,"v",2,4.79739962128935,5.30084715211882,
35,297,"v",4,5.14840164913142,4.66725107144045,"v",3,4.87850069651766,5.00591250192181,
35,298,"-VI",3,5.0167862979426,5.02724870129425,"-VI",3,5.0167862979426,5.02724870129425,
,,,,,,,,,,
36,292,"v",3,3.06770530049815,5.02721528191311,"v",3,3.06770530049815,5.02721528191311,
36,293,"v",4,5.14840164913142,4.66725107144045,"v",4,5.14840164913142,4.66725107144045,
36,294,"-VI",3,5.0167862979426,5.02724870129425,"-VI",3,5.0167862979426,5.02724870129425,
36,295,"i",3,4.94855990237496,5.00817401972898,"i",3,4.94855990237496,5.00817401972898,
36,296,"v",3,3.06770530049815,5.02721528191311,"v",3,3.06770530049815,5.02721528191311,
36,297,"v",4,5.14840164913142,4.66725107144045,"I",4,5.13211774640957,4.66725107144045,0.0162839027218533
36,298,"-VI",3,5.0167862979426,5.02724870129425,"-VI",3,5.40846878954379,4.93890424306494,
36,299,"i",3,4.94855990237496,5.00817401972898,"i",3,5.66151648429722,5.09148940588429,
36,300,"v",3,3.06770530049815,5.02721528191311,"v",2,4.79739962128935,5.30084715211882,
36,301,"v",4,5.14840164913142,4.66725107144045,"v",3,4.87850069651766,5.00591250192181,
36,302,"-VI",3,5.0167862979426,5.02724870129425,"-VI",3,5.0167862979426,5.02724870129425,
,,,,,,,,,,
37,296,"v",3,3.06770530049815,5.02721528191311,"v",3,3.06770530049815,5.02721528191311,
37,297,"v",4,5.14840164913142,4.66725107144045,"v",4,5.14840164913142,4.66725107144045,
37,298,"-VI",3,5.0167862979426,5.02724870129425,"-VI",3,5.0167862979426,5.02724870129425,
37,299,"i",3,4.94855990237496,5.00817401972898,"i",3,4.94855990237496,5.00817401972898,
37,300,"v",3,3.06770530049815,5.02721528191311,"v",3,3.06770530049815,5.02721528191311,
37,301,"v",4,5.14840164913142,4.66725107144045,"I",4,5.13211774640957,4.66725107144045,0.0162839027218533
37,302,"-VI",3,5.0167862979426,5.02724870129425,"-VI",3,5.40846878954379,4.93890424306494,
37,303,"i",3,4.94855990237496,5.00817401972898,"i",3,5.66151648429722,5.09148940588429,
37,304,"v",3,3.06770530049815,5.02721528191311,"v",2,4.79739962128935,5.30084715211882,
37,305,"v",4,5.14840164913142,4.66725107144045,"v",3,4.87850069651766,5.00591250192181,
37,306,"-VI",3,5.0167862979426,5.02724870129425,"-VI",3,5.0167862979426,5.02724870129425,
,,,,,,,,,,
38,300,"v",3,3.06770530049815,5.02721528191311,"v",3,3.06770530049815,5.02721528191311,
38,301,"v",4,5.14840164913142,4.66725107144045,"v",4,5.14840164913142,4.66725107144045,
38,302,"-VI",3,5.0167862979426,5.02724870129425,"-VI",3,5.0167862979426,5.02724870129425,
38,303,"i",3,4.94855990237496,5.00817401972898,"i",3,4.94855990237496,5.00817401972898,
38,304,"v",3,3.06770530049815,5.02721528191311,"v",3,3.06770530049815,5.02721528191311,
38,305,"v",4,5.14840164913142,4.66725107144045,"I",4,5.13211774640957,4.66725107144045,0.0162839027218533
38,306,"-VI",3,5.0167862979426,5.02724870129425,"-VI",3,5.40846878954379,4.93890424306494,
38,307,"r",3,3.40291601497667,5.00817401972898,"r",3,3.27543757989361,5.09148940588429,
38,308,"r",2,0.427326551621149,1.88795188766303,"r",2,0.215421426027843,1.15800595042589,
,,,,,,,,,,
39,81,"i",5,1.64218738867813,4.40894757476599,"i",5,1.64218738867813,4.40894757476599,
39,82,"i",6,3.01982808906125,4.51166177197104,"i",6,3.01982808906125,4.51166177197104,
39,83,"-VI",6,4.55716252131823,4.63864038598482,"-VI",6,4.55716252131823,4.63864038598482,
39,84,"-VI",5,3.47545703983842,4.46346074196985,"-VI",5,3.47545703983842,4.46346074196985,
39,85,"-VI",5,3.46037062891965,4.46770747292112,"-VI",5,3.46037062891965,4.46770747292112,
39,86,"-III",4,5.02416973786649,3.58451737751911,"I",4,5.00462747547988,3.58451737751911,0.0195422623866071
39,87,"-III",4,1.52237712748654,4.20096659189879,"-III",4,3.954096305841,5.00216985853336,
39,88,"-VI",5,3.16324345048551,4.46688071064673,"-VI",3,5.07045275537808,5.0370391982016,
39,89,"-VI",5,0.696301685106608,2.85461602750634,"-VI",3,3.78534199728773,5.18433011276259,
39,90,"v",6,5.71700836133688,3.92433911574192,"v",4,4.98612760539094,4.54448674466169,
39,91,"i",3,3.39323833878687,4.57671275545491,"i",3,3.39323833878687,4.57671275545491,
,,,,,,,,,,
40,109,"i",5,1.64218738867813,4.40894757476599,"i",5,1.64218738867813,4.40894757476599,
40,110,"i",6,3.01982808906125,4.51166177197104,"i",6,3.01982808906125,4.51166177197104,
40,111,"-VI",6,4.55716252131823,4.63864038598482,"-VI",6,4.55716252131823,4.63864038598482,
40,112,"-VI",5,3.47545703983842,4.46346074196985,"-VI",5,3.47545703983842,4.46346074196985,
40,113,"-VI",5,3.46037062891965,4.46770747292112,"-VI",5,3.46037062891965,4.46770747292112,
40,114,"-III",4,5.02416973786649,3.58451737751911,"I",4,5.00462747547988,3.58451737751911,0.0195422623866071
40,115,"-III",4,1.52237712748654,4.20096659189879,"-III",4,3.954096305841,5.00216985853336,
40,116,"-VI",5,3.16324345048551,4.46688071064673,"-VI",3,5.07045275537808,5.0370391982016,
40,117,"-VI",5,0.696301685106608,2.85461602750634,"-VI",3,3.78534199728773,5.18433011276259,
40,118,"v",6,5.71700836133688,3.92433911574192,"v",4,4.98612760539094,4.54448674466169,
40,119,"i",3,3.39323833878687,4.57671275545491,"i",3,3.39323833878687,4.57671275545491,
,,,,,,,,,,
41,5,"-VI",3,5.0167862979426,5.02724870129425,"-VI",3,5.0167862979426,5.02724870129425,
41,6,"i",3,4.94855990237496,5.00817401972898,"i",3,4.94855990237496,5.00817401972898,
41,7,"v",3,3.06770530049815,5.02721528191311,"v",3,3.06770530049815,5.02721528191311,
41,8,"v",4,5.14840164913142,4.66725107144045,"v",4,5.14840164913142,4.66725107144045,
41,9,"-VI",3,5.0167862979426,5.02724870129425,"-VI",3,5.0167862979426,5.02724870129425,
41,10,"i",3,4.94855990237496,5.00817401972898,"-III",3,4.92877258649649,5.00817401972898,0.0197873158784683
41,11,"v",3,3.06770530049815,5.02721528191311,"v",3,5.4967133184661,5.04161799933066,
41,12,"v",4,5.14840164913142,4.66725107144045,"v",3,4.67883403948276,4.90003496027799,
41,13,"-VI",3,5.0167862979426,5.02724870129425,"-VI",3,3.87227345956811,5.06638918546299,
41,14,"i",3,4.94855990237496,5.00817401972898,"i",4,5.33721488107617,4.4153456858294,
41,15,"v",3,3.06770530049815,5.02721528191311,"v",3,3.06770530049815,5.02721528191311,
,,,,,,,,,,
42,9,"-VI",3,5.0167862979426,5.02724870129425,"-VI",3,5.0167862979426,5.02724870129425,
42,10,"i",3,4.94855990237496,5.00817401972898,"i",3,4.94855990237496,5.00817401972898,
42,11,"v",3,3.06770530049815,5.02721528191311,"v",3,3.06770530049815,5.02721528191311,
42,12,"v",4,5.14840164913142,4.66725107144045,"v",4,5.14840164913142,4.66725107144045,
42,13,"-VI",3,5.0167862979426,5.02724870129425,"-VI",3,5.0167862979426,5.02724870129425,
42,14,"i",3,4.94855990237496,5.00817401972898,"-III",3,4.92877258649649,5.00817401972898,0.0197873158784683
42,15,"v",3,3.06770530049815,5.02721528191311,"v",3,5.4967133184661,5.04161799933066,
42,16,"v",4,5.14840164913142,4.66725107144045,"v",3,4.67883403948276,4.90003496027799,
42,17,"-VI",3,5.0167862979426,5.02724870129425,"-VI",3,3.87227345956811,5.06638918546299,
42,18,"i",3,4.94855990237496,5.00817401972898,"i",4,5.33721488107617,4.4153456858294,
42,19,"v",3,3.06770530049815,5.02721528191311,"v",3,3.06770530049815,5.02721528191311,
,,,,,,,,,,
43,13,"-VI",3,5.0167862979426,5.02724870129425,"-VI",3,5.0167862979426,5.02724870129425,
43,14,"i",3,4.94855990237496,5.00817401972898,"i",3,4.94855990237496,5.00817401972898,
43,15,"v",3,3.06770530049815,5.02721528191311,"v",3,3.06770530049815,5.02721528191311,
43,16,"v",4,5.14840164913142,4.66725107144045,"v",4,5.14840164913142,4.66725107144045,
43,17,"-VI",3,5.0167862979426,5.02724870129425,"-VI",3,5.0167862979426,5.02724870129425,
43,18,"i",3,4.94855990237496,5.00817401972898,"-III",3,4.92877258649649,5.00817401972898,0.0197873158784683
43,19,"v",3,3.06770530049815,5.02721528191311,"v",3,5.4967133184661,5.04161799933066,
43,20,"v",4,5.14840164913142,4.66725107144045,"v",3,4.67883403948276,4.90003496027799,
43,21,"-VI",3,5.0167862979426,5.02724870129425,"-VI",3,3.87227345956811,5.06638918546299,
43,22,"i",3,4.94855990237496,5.00817401972898,"i",4,5.33721488107617,4.4153456858294,
43,23,"v",3,3.06770530049815,5.02721528191311,"v",3,3.06770530049815,5.02721528191311,
,,,,,,,,,,
44,17,"-VI",3,5.0167862979426,5.02724870129425,"-VI",3,5.0167862979426,5.02724870129425,
44,18,"i",3,4.94855990237496,5.00817401972898,"i",3,4.94855990237496,5.00817401972898,
44,19,"v",3,3.06770530049815,5.02721528191311,"v",3,3.06770530049815,5.02721528191311,
44,20,"v",4,5.14840164913142,4.66725107144045,"v",4,5.14840164913142,4.66725107144045,
44,21,"-VI",3,5.0167862979426,5.02724870129425,"-VI",3,5.0167862979426,5.02724870129425,
44,22,"i",3,4.94855990237496,5.00817401972898,"-III",3,4.92877258649649,5.00817401972898,0.0197873158784683
44,23,"v",3,3.06770530049815,5.02721528191311,"v",3,5.4967133184661,5.04161799933066,
44,24,"v",4,5.14840164913142,4.66725107144045,"v",3,4.67883403948276,4.90003496027799,
44,25,"-VI",3,5.0167862979426,5.02724870129425,"-VI",3,3.87227345956811,5.06638918546299,
44,26,"i",3,4.94855990237496,5.00817401972898,"i",4,5.33721488107617,4.4153456858294,
44,27,"v",3,3.06770530049815,5.02721528191311,"v",3,3.06770530049815,5.02721528191311,
,,,,,,,,,,
45,21,"-VI",3,5.0167862979426,5.02724870129425,"-VI",3,5.0167862979426,5.02724870129425,
45,22,"i",3,4.94855990237496,5.00817401972898,"i",3,4.94855990237496,5.00817401972898,
45,23,"v",3,3.06770530049815,5.02721528191311,"v",3,3.06770530049815,5.02721528191311,
45,24,"v",4,5.14840164913142,4.66725107144045,"v",4,5.14840164913142,4.66725107144045,
45,25,"-VI",3,5.0167862979426,5.02724870129425,"-VI",3,5.0167862979426,5.02724870129425,
45,26,"i",3,4.94855990237496,5.00817401972898,"-III",3,4.92877258649649,5.00817401972898,0.0197873158784683
45,27,"v",3,3.06770530049815,5.02721528191311,"v",3,5.4967133184661,5.04161799933066,
45,28,"v",4,5.14840164913142,4.66725107144045,"v",3,4.67883403948276,4.90003496027799,
45,29,"-VI",3,5.0167862979426,5.02724870129425,"-VI",3,3.87227345956811,5.06638918546299,
45,30,"i",3,4.94855990237496,5.00817401972898,"i",4,5.33721488107617,4.4153456858294,
45,31,"-VII",3,4.93011710906188,5.02721528191311,"-VII",3,4.93011710906188,5.02721528191311,
,,,,,,,,,,
46,25,"-VI",3,5.0167862979426,5.02724870129425,"-VI",3,5.0167862979426,5.02724870129425,
46,26,"i",3,4.94855990237496,5.00817401972898,"i",3,4.94855990237496,5.00817401972898,
46,27,"v",3,3.06770530049815,5.02721528191311,"v",3,3.06770530049815,5.02721528191311,
46,28,"v",4,5.14840164913142,4.66725107144045,"v",4,5.14840164913142,4.66725107144045,
46,29,"-VI",3,5.0167862979426,5.02724870129425,"-VI",3,5.0167862979426,5.02724870129425,
46,30,"i",3,4.94855990237496,5.00817401972898,"-III",3,4.92877258649649,5.00817401972898,0.0197873158784683
46,31,"-VII",3,4.93011710906188,5.02721528191311,"-VII",3,4.19004045837154,5.04161799933066,
46,32,"i",3,3.32659057030381,4.9452018679074,"i",3,3.56152961547314,4.95271260132982,
46,33,"-VII",4,1.61627788369775,4.17536497764294,"-VII",4,4.2881542233282,4.37677389335477,
46,34,"i",5,1.81560721845343,4.44522793553385,"i",4,1.99049171536786,4.41440067383521,
46,35,"-VII",6,2.54176091080275,3.96641548884297,"-VII",5,1.73728337341545,4.02399775755669,
,,,,,,,,,,
47,258,"-VII",4,5.03058280397476,4.70252693479638,"-VII",4,5.03058280397476,4.70252693479638,
47,259,"i",3,3.54186191717096,5.11872980397735,"i",3,3.54186191717096,5.11872980397735,
47,260,"v",4,4.82245694061508,4.18166613693819,"v",4,4.82245694061508,4.18166613693819,
47,261,"v",4,5.37025704405914,4.2648948062516,"v",4,5.37025704405914,4.2648948062516,
47,262,"-VI",3,5.0167862979426,5.02724870129425,"-VI",3,5.0167862979426,5.02724870129425,
47,263,"i",3,4.94855990237496,5.00817401972898,"-III",3,4.92877258649649,5.00817401972898,0.0197873158784683
47,264,"v",3,3.06770530049815,5.02721528191311,"v",3,5.4967133184661,5.04161799933066,
47,265,"v",4,5.14840164913142,4.66725107144045,"v",3,4.67883403948276,4.90003496027799,
47,266,"-VI",3,5.0167862979426,5.02724870129425,"-VI",3,3.87227345956811,5.06638918546299,
47,267,"i",3,4.94855990237496,5.00817401972898,"i",4,5.33721488107617,4.4153456858294,
47,268,"v",3,3.06770530049815,5.02721528191311,"v",3,3.06770530049815,5.02721528191311,
,,,,,,,,,,
48,262,"-VI",3,5.0167862979426,5.02724870129425,"-VI",3,5.0167862979426,5.02724870129425,
48,263,"i",3,4.94855990237496,5.00817401972898,"i",3,4.94855990237496,5.00817401972898,
48,264,"v",3,3.06770530049815,5.02721528191311,"v",3,3.06770530049815,5.02721528191311,
48,265,"v",4,5.14840164913142,4.66725107144045,"v",4,5.14840164913142,4.66725107144045,
48,266,"-VI",3,5.0167862979426,5.02724870129425,"-VI",3,5.0167862979426,5.02724870129425,
48,267,"i",3,4.94855990237496,5.00817401972898,"-III",3,4.92877258649649,5.00817401972898,0.0197873158784683
48,268,"v",3,3.06770530049815,5.02721528191311,"v",3,5.4967133184661,5.04161799933066,
48,269,"v",4,5.14840164913142,4.66725107144045,"v",3,4.67883403948276,4.90003496027799,
48,270,"-VI",3,5.0167862979426,5.02724870129425,"-VI",3,3.87227345956811,5.06638918546299,
48,271,"i",3,4.94855990237496,5.00817401972898,"i",4,5.33721488107617,4.4153456858294,
48,272,"v",3,3.06770530049815,5.02721528191311,"v",3,3.06770530049815,5.02721528191311,
,,,,,,,,,,
49,266,"-VI",3,5.0167862979426,5.02724870129425,"-VI",3,5.0167862979426,5.02724870129425,
49,267,"i",3,4.94855990237496,5.00817401972898,"i",3,4.94855990237496,5.00817401972898,
49,268,"v",3,3.06770530049815,5.02721528191311,"v",3,3.06770530049815,5.02721528191311,
49,269,"v",4,5.14840164913142,4.66725107144045,"v",4,5.14840164913142,4.66725107144045,
49,270,"-VI",3,5.0167862979426,5.02724870129425,"-VI",3,5.0167862979426,5.02724870129425,
49,271,"i",3,4.94855990237496,5.00817401972898,"-III",3,4.92877258649649,5.00817401972898,0.0197873158784683
49,272,"v",3,3.06770530049815,5.02721528191311,"v",3,5.4967133184661,5.04161799933066,
49,273,"v",4,5.14840164913142,4.66725107144045,"v",3,4.67883403948276,4.90003496027799,
49,274,"-VI",3,5.0167862979426,5.02724870129425,"-VI",3,3.87227345956811,5.06638918546299,
49,275,"i",3,4.94855990237496,5.00817401972898,"i",4,5.33721488107617,4.4153456858294,
49,276,"v",3,3.06770530049815,5.02721528191311,"v",3,3.06770530049815,5.02721528191311,
,,,,,,,,,,
50,270,"-VI",3,5.0167862979426,5.02724870129425,"-VI",3,5.0167862979426,5.02724870129425,
50,271,"i",3,4.94855990237496,5.00817401972898,"i",3,4.94855990237496,5.00817401972898,
50,272,"v",3,3.06770530049815,5.02721528191311,"v",3,3.06770530049815,5.02721528191311,
50,273,"v",4,5.14840164913142,4.66725107144045,"v",4,5.14840164913142,4.66725107144045,
50,274,"-VI",3,5.0167862979426,5.02724870129425,"-VI",3,5.0167862979426,5.02724870129425,
50,275,"i",3,4.94855990237496,5.00817401972898,"-III",3,4.92877258649649,5.00817401972898,0.0197873158784683
50,276,"v",3,3.06770530049815,5.02721528191311,"v",3,5.4967133184661,5.04161799933066,
50,277,"v",4,5.14840164913142,4.66725107144045,"v",3,4.67883403948276,4.90003496027799,
50,278,"-VI",3,5.0167862979426,5.02724870129425,"-VI",3,3.87227345956811,5.06638918546299,
50,279,"i",3,4.94855990237496,5.00817401972898,"i",4,5.33721488107617,4.4153456858294,
50,280,"v",3,3.06770530049815,5.02721528191311,"v",3,3.06770530049815,5.02721528191311,
,,,,,,,,,,
51,274,"-VI",3,5.0167862979426,5.02724870129425,"-VI",3,5.0167862979426,5.02724870129425,
51,275,"i",3,4.94855990237496,5.00817401972898,"i",3,4.94855990237496,5.00817401972898,
51,276,"v",3,3.06770530049815,5.02721528191311,"v",3,3.06770530049815,5.02721528191311,
51,277,"v",4,5.14840164913142,4.66725107144045,"v",4,5.14840164913142,4.66725107144045,
51,278,"-VI",3,5.0167862979426,5.02724870129425,"-VI",3,5.0167862979426,5.02724870129425,
51,279,"i",3,4.94855990237496,5.00817401972898,"-III",3,4.92877258649649,5.00817401972898,0.0197873158784683
51,280,"v",3,3.06770530049815,5.02721528191311,"v",3,5.4967133184661,5.04161799933066,
51,281,"v",4,5.14840164913142,4.66725107144045,"v",3,4.67883403948276,4.90003496027799,
51,282,"-VI",3,5.0167862979426,5.02724870129425,"-VI",3,3.87227345956811,5.06638918546299,
51,283,"i",3,4.94855990237496,5.00817401972898,"i",4,5.33721488107617,4.4153456858294,
51,284,"v",3,3.06770530049815,5.02721528191311,"v",3,3.06770530049815,5.02721528191311,
,,,,,,,,,,
52,278,"-VI",3,5.0167862979426,5.02724870129425,"-VI",3,5.0167862979426,5.02724870129425,
52,279,"i",3,4.94855990237496,5.00817401972898,"i",3,4.94855990237496,5.00817401972898,
52,280,"v",3,3.06770530049815,5.02721528191311,"v",3,3.06770530049815,5.02721528191311,
52,281,"v",4,5.14840164913142,4.66725107144045,"v",4,5.14840164913142,4.66725107144045,
52,282,"-VI",3,5.0167862979426,5.02724870129425,"-VI",3,5.0167862979426,5.02724870129425,
52,283,"i",3,4.94855990237496,5.00817401972898,"-III",3,4.92877258649649,5.00817401972898,0.0197873158784683
52,284,"v",3,3.06770530049815,5.02721528191311,"v",3,5.4967133184661,5.04161799933066,
52,285,"v",4,5.14840164913142,4.66725107144045,"v",3,4.67883403948276,4.90003496027799,
52,286,"-VI",3,5.0167862979426,5.02724870129425,"-VI",3,3.87227345956811,5.06638918546299,
52,287,"i",3,4.94855990237496,5.00817401972898,"i",4,5.33721488107617,4.4153456858294,
52,288,"v",3,3.06770530049815,5.02721528191311,"v",3,3.06770530049815,5.02721528191311,
,,,,,,,,,,
53,282,"-VI",3,5.0167862979426,5.02724870129425,"-VI",3,5.0167862979426,5.02724870129425,
53,283,"i",3,4.94855990237496,5.00817401972898,"i",3,4.94855990237496,5.00817401972898,
53,284,"v",3,3.06770530049815,5.02721528191311,"v",3,3.06770530049815,5.02721528191311,
53,285,"v",4,5.14840164913142,4.66725107144045,"v",4,5.14840164913142,4.66725107144045,
53,286,"-VI",3,5.0167862979426,5.02724870129425,"-VI",3,5.0167862979426,5.02724870129425,
53,287,"i",3,4.94855990237496,5.00817401972898,"-III",3,4.92877258649649,5.00817401972898,0.0197873158784683
53,288,"v",3,3.06770530049815,5.02721528191311,"v",3,5.4967133184661,5.04161799933066,
53,289,"v",4,5.14840164913142,4.66725107144045,"v",3,4.67883403948276,4.90003496027799,
53,290,"-VI",3,5.0167862979426,5.02724870129425,"-VI",3,3.87227345956811,5.06638918546299,
53,291,"i",3,4.94855990237496,5.00817401972898,"i",4,5.33721488107617,4.4153456858294,
53,292,"v",3,3.06770530049815,5.02721528191311,"v",3,3.06770530049815,5.02721528191311,
,,,,,,,,,,
54,286,"-VI",3,5.0167862979426,5.02724870129425,"-VI",3,5.0167862979426,5.02724870129425,
54,287,"i",3,4.94855990237496,5.00817401972898,"i",3,4.94855990237496,5.00817401972898,
54,288,"v",3,3.06770530049815,5.02721528191311,"v",3,3.06770530049815,5.02721528191311,
54,289,"v",4,5.14840164913142,4.66725107144045,"v",4,5.14840164913142,4.66725107144045,
54,290,"-VI",3,5.0167862979426,5.02724870129425,"-VI",3,5.0167862979426,5.02724870129425,
54,291,"i",3,4.94855990237496,5.00817401972898,"-III",3,4.92877258649649,5.00817401972898,0.0197873158784683
54,292,"v",3,3.06770530049815,5.02721528191311,"v",3,5.4967133184661,5.04161799933066,
54,293,"v",4,5.14840164913142,4.66725107144045,"v",3,4.67883403948276,4.90003496027799,
54,294,"-VI",3,5.0167862979426,5.02724870129425,"-VI",3,3.87227345956811,5.06638918546299,
54,295,"i",3,4.94855990237496,5.00817401972898,"i",4,5.33721488107617,4.4153456858294,
54,296,"v",3,3.06770530049815,5.02721528191311,"v",3,3.06770530049815,5.02721528191311,
,,,,,,,,,,
55,290,"-VI",3,5.0167862979426,5.02724870129425,"-VI",3,5.0167862979426,5.02724870129425,
55,291,"i",3,4.94855990237496,5.00817401972898,"i",3,4.94855990237496,5.00817401972898,
55,292,"v",3,3.06770530049815,5.02721528191311,"v",3,3.06770530049815,5.02721528191311,
55,293,"v",4,5.14840164913142,4.66725107144045,"v",4,5.14840164913142,4.66725107144045,
55,294,"-VI",3,5.0167862979426,5.02724870129425,"-VI",3,5.0167862979426,5.02724870129425,
55,295,"i",3,4.94855990237496,5.00817401972898,"-III",3,4.92877258649649,5.00817401972898,0.0197873158784683
55,296,"v",3,3.06770530049815,5.02721528191311,"v",3,5.4967133184661,5.04161799933066,
55,297,"v",4,5.14840164913142,4.66725107144045,"v",3,4.67883403948276,4.90003496027799,
55,298,"-VI",3,5.0167862979426,5.02724870129425,"-VI",3,3.87227345956811,5.06638918546299,
55,299,"i",3,4.94855990237496,5.00817401972898,"i",4,5.33721488107617,4.4153456858294,
55,300,"v",3,3.06770530049815,5.02721528191311,"v",3,3.06770530049815,5.02721528191311,
,,,,,,,,,,
56,294,"-VI",3,5.0167862979426,5.02724870129425,"-VI",3,5.0167862979426,5.02724870129425,
56,295,"i",3,4.94855990237496,5.00817401972898,"i",3,4.94855990237496,5.00817401972898,
56,296,"v",3,3.06770530049815,5.02721528191311,"v",3,3.06770530049815,5.02721528191311,
56,297,"v",4,5.14840164913142,4.66725107144045,"v",4,5.14840164913142,4.66725107144045,
56,298,"-VI",3,5.0167862979426,5.02724870129425,"-VI",3,5.0167862979426,5.02724870129425,
56,299,"i",3,4.94855990237496,5.00817401972898,"-III",3,4.92877258649649,5.00817401972898,0.0197873158784683
56,300,"v",3,3.06770530049815,5.02721528191311,"v",3,5.4967133184661,5.04161799933066,
56,301,"v",4,5.14840164913142,4.66725107144045,"v",3,4.67883403948276,4.90003496027799,
56,302,"-VI",3,5.0167862979426,5.02724870129425,"-VI",3,3.87227345956811,5.06638918546299,
56,303,"i",3,4.94855990237496,5.00817401972898,"i",4,5.33721488107617,4.4153456858294,
56,304,"v",3,3.06770530049815,5.02721528191311,"v",3,3.06770530049815,5.02721528191311,
,,,,,,,,,,
57,298,"-VI",3,5.0167862979426,5.02724870129425,"-VI",3,5.0167862979426,5.02724870129425,
57,299,"i",3,4.94855990237496,5.00817401972898,"i",3,4.94855990237496,5.00817401972898,
57,300,"v",3,3.06770530049815,5.02721528191311,"v",3,3.06770530049815,5.02721528191311,
57,301,"v",4,5.14840164913142,4.66725107144045,"v",4,5.14840164913142,4.66725107144045,
57,302,"-VI",3,5.0167862979426,5.02724870129425,"-VI",3,5.0167862979426,5.02724870129425,
57,303,"i",3,4.94855990237496,5.00817401972898,"-III",3,4.92877258649649,5.00817401972898,0.0197873158784683
57,304,"v",3,3.06770530049815,5.02721528191311,"v",3,5.4967133184661,5.04161799933066,
57,305,"v",4,5.14840164913142,4.66725107144045,"v",3,4.67883403948276,4.90003496027799,
57,306,"-VI",3,5.0167862979426,5.02724870129425,"-VI",3,3.87227345956811,5.06638918546299,
57,307,"r",3,3.40291601497667,5.00817401972898,"r",4,3.79157099367787,4.4153456858294,
57,308,"r",2,0.427326551621149,1.88795188766303,"r",2,0.427326551621149,1.88795188766303,
,,,,,,,,,,
58,232,"i",10,0.529284406876262,2.40093434113601,"i",10,0.529284406876262,2.40093434113601,
58,233,"IV",10,0.213262327579672,1.23955557041258,"IV",10,0.213262327579672,1.23955557041258,
58,234,"v",10,6.74221629989118,2.40093434113601,"v",10,6.74221629989118,2.40093434113601,
58,235,"i",4,5.67265923083181,3.10758371246506,"i",4,5.67265923083181,3.10758371246506,
58,236,"IV",3,4.66463521251178,5.06587031844523,"IV",3,4.66463521251178,5.06587031844523,
58,237,"v",3,5.79661897501703,4.53588692192196,"ii",3,5.77495410521045,4.53588692192196,0.0216648698065782
58,238,"i",3,4.75522443346943,4.67022382222683,"i",3,6.44678932447346,4.51519587116822,
58,239,"IV",3,4.66463521251178,5.06587031844523,"IV",2,4.39795071420978,5.14713642703249,
58,240,"v",3,5.79661897501703,4.53588692192196,"v",3,5.60616204371715,4.75409776754906,
58,241,"i",3,4.75522443346943,4.67022382222683,"i",3,4.75522443346943,4.67022382222683,
58,242,"IV",3,4.66463521251178,5.06587031844523,"IV",3,4.66463521251178,5.06587031844523,
,,,,,,,,,,
59,235,"i",4,5.67265923083181,3.10758371246506,"i",4,5.67265923083181,3.10758371246506,
59,236,"IV",3,4.66463521251178,5.06587031844523,"IV",3,4.66463521251178,5.06587031844523,
59,237,"v",3,5.79661897501703,4.53588692192196,"v",3,5.79661897501703,4.53588692192196,
59,238,"i",3,4.75522443346943,4.67022382222683,"i",3,4.75522443346943,4.67022382222683,
59,239,"IV",3,4.66463521251178,5.06587031844523,"IV",3,4.66463521251178,5.06587031844523,
59,240,"v",3,5.79661897501703,4.53588692192196,"ii",3,5.77495410521045,4.53588692192196,0.0216648698065782
59,241,"i",3,4.75522443346943,4.67022382222683,"i",3,6.44678932447346,4.51519587116822,
59,242,"IV",3,4.66463521251178,5.06587031844523,"IV",2,4.39795071420978,5.14713642703249,
59,243,"v",3,5.79661897501703,4.53588692192196,"v",3,5.60616204371715,4.75409776754906,
59,244,"i",3,4.75522443346943,4.67022382222683,"i",3,4.75522443346943,4.67022382222683,
59,245,"IV",3,4.66463521251178,5.06587031844523,"IV",3,4.66463521251178,5.06587031844523,
,,,,,,,,,,
60,238,"i",3,4.75522443346943,4.67022382222683,"i",3,4.75522443346943,4.67022382222683,
60,239,"IV",3,4.66463521251178,5.06587031844523,"IV",3,4.66463521251178,5.06587031844523,
60,240,"v",3,5.79661897501703,4.53588692192196,"v",3,5.79661897501703,4.53588692192196,
60,241,"i",3,4.75522443346943,4.67022382222683,"i",3,4.75522443346943,4.67022382222683,
60,242,"IV",3,4.66463521251178,5.06587031844523,"IV",3,4.66463521251178,5.06587031844523,
60,243,"v",3,5.79661897501703,4.53588692192196,"ii",3,5.77495410521045,4.53588692192196,0.0216648698065782
60,244,"i",3,4.75522443346943,4.67022382222683,"i",3,6.44678932447346,4.51519587116822,
60,245,"IV",3,4.66463521251178,5.06587031844523,"IV",2,4.39795071420978,5.14713642703249,
60,246,"v",3,5.79661897501703,4.53588692192196,"v",3,5.60616204371715,4.75409776754906,
60,247,"i",3,4.75522443346943,4.67022382222683,"i",3,4.75522443346943,4.67022382222683,
60,248,"IV",3,4.66463521251178,5.06587031844523,"IV",3,4.66463521251178,5.06587031844523,
,,,,,,,,,,
61,241,"i",3,4.75522443346943,4.67022382222683,"i",3,4.75522443346943,4.67022382222683,
61,242,"IV",3,4.66463521251178,5.06587031844523,"IV",3,4.66463521251178,5.06587031844523,
61,243,"v",3,5.79661897501703,4.53588692192196,"v",3,5.79661897501703,4.53588692192196,
61,244,"i",3,4.75522443346943,4.67022382222683,"i",3,4.75522443346943,4.67022382222683,
61,245,"IV",3,4.66463521251178,5.06587031844523,"IV",3,4.66463521251178,5.06587031844523,
61,246,"v",3,5.79661897501703,4.53588692192196,"ii",3,5.77495410521045,4.53588692192196,0.0216648698065782
61,247,"i",3,4.75522443346943,4.67022382222683,"i",3,6.44678932447346,4.51519587116822,
61,248,"IV",3,4.66463521251178,5.06587031844523,"IV",2,4.39795071420978,5.14713642703249,
61,249,"v",3,5.79661897501703,4.53588692192196,"v",3,5.60616204371715,4.75409776754906,
61,250,"i",3,4.75522443346943,4.67022382222683,"i",3,4.75522443346943,4.67022382222683,
61,251,"IV",3,4.66463521251178,5.06587031844523,"IV",3,4.66463521251178,5.06587031844523,
,,,,,,,,,,
62,244,"i",3,4.75522443346943,4.67022382222683,"i",3,4.75522443346943,4.67022382222683,
62,245,"IV",3,4.66463521251178,5.06587031844523,"IV",3,4.66463521251178,5.06587031844523,
62,246,"v",3,5.79661897501703,4.53588692192196,"v",3,5.79661897501703,4.53588692192196,
62,247,"i",3,4.75522443346943,4.67022382222683,"i",3,4.75522443346943,4.67022382222683,
62,248,"IV",3,4.66463521251178,5.06587031844523,"IV",3,4.66463521251178,5.06587031844523,
62,249,"v",3,5.79661897501703,4.53588692192196,"ii",3,5.77495410521045,4.53588692192196,0.0216648698065782
62,250,"i",3,4.75522443346943,4.67022382222683,"i",3,6.44678932447346,4.51519587116822,
62,251,"IV",3,4.66463521251178,5.06587031844523,"IV",2,4.39795071420978,5.14713642703249,
62,252,"i",3,1.89625042100996,4.53588692192196,"i",3,1.99940825960415,4.75409776754906,
62,253,"-VII",4,5.21577099027657,4.82987992719864,"-VII",4,5.13328160257144,4.85715458862579,
62,254,"-VII",3,4.09392797178889,5.10927754773395,"-VII",3,4.09392797178889,5.10927754773395,
,,,,,,,,,,
63,66,"i",4,0.220777098655537,1.3255576082142,"i",4,0.220777098655537,1.3255576082142,
63,67,"-VII",5,0.145303198801294,0.914222630628276,"-VII",5,0.145303198801294,0.914222630628276,
63,68,"v",5,0.172673519331898,1.02582735474513,"v",5,0.172673519331898,1.02582735474513,
63,69,"i",10,0.52995154569266,2.19691794606254,"i",10,0.52995154569266,2.19691794606254,
63,70,"v",4,7.66728347938374,1.3255576082142,"v",4,7.66728347938374,1.3255576082142,
63,71,"v",3,4.89800927685532,4.9823290475097,"-VII",3,4.92741276210582,4.9823290475097,0.0294034852505032
63,72,"i",3,3.66598635581083,5.02724870129425,"i",3,1.2821164434981,4.10857368894011,
63,73,"i",4,1.92545713244285,4.61629864836454,"i",4,2.05937769798105,4.17609978396109,
63,74,"i",5,1.01465896078344,3.45484028198609,"i",5,3.88087089003541,3.66438751768094,
63,75,"i",5,0.287402291696184,1.60404900070439,"i",5,1.87799475722151,4.54559550549407,
63,76,"-VI",7,4.50617162519735,4.30818015860595,"-VI",6,3.90336699505104,4.34376255032666,
,,,,,,,,,,
64,3,"v",2,4.82782958283829,4.56972548737461,"v",2,4.82782958283829,4.56972548737461,
64,4,"v",3,4.85739660591227,5.03856565752388,"v",3,4.85739660591227,5.03856565752388,
64,5,"-VI",3,5.0167862979426,5.02724870129425,"-VI",3,5.0167862979426,5.02724870129425,
64,6,"i",3,4.94855990237496,5.00817401972898,"i",3,4.94855990237496,5.00817401972898,
64,7,"v",3,3.06770530049815,5.02721528191311,"v",3,3.06770530049815,5.02721528191311,
64,8,"v",4,5.14840164913142,4.66725107144045,"-VII",4,5.17780513438192,4.66725107144045,0.0294034852505041
64,9,"-VI",3,5.0167862979426,5.02724870129425,"-VI",3,5.65579623648672,4.10857368894011,
64,10,"i",3,4.94855990237496,5.00817401972898,"i",3,4.69220220356847,4.73379711344566,
64,11,"v",3,3.06770530049815,5.02721528191311,"v",3,4.94444720486719,5.20672859497514,
64,12,"v",4,5.14840164913142,4.66725107144045,"v",3,4.87850069651766,5.00591250192181,
64,13,"-VI",3,5.0167862979426,5.02724870129425,"-VI",3,5.0167862979426,5.02724870129425,
,,,,,,,,,,
65,3,"v",2,4.82782958283829,4.56972548737461,"v",2,4.82782958283829,4.56972548737461,
65,4,"v",3,4.85739660591227,5.03856565752388,"v",3,4.85739660591227,5.03856565752388,
65,5,"-VI",3,5.0167862979426,5.02724870129425,"-VI",3,5.0167862979426,5.02724870129425,
65,6,"i",3,4.94855990237496,5.00817401972898,"i",3,4.94855990237496,5.00817401972898,
65,7,"v",3,3.06770530049815,5.02721528191311,"v",3,3.06770530049815,5.02721528191311,
65,8,"v",4,5.14840164913142,4.66725107144045,"-III",4,5.17780513438192,4.66725107144045,0.0294034852505041
65,9,"-VI",3,5.0167862979426,5.02724870129425,"-VI",3,4.44152568466203,4.63103179284669,
65,10,"i",3,4.94855990237496,5.00817401972898,"i",3,5.28759897382931,5.19686574714519,
65,11,"v",3,3.06770530049815,5.02721528191311,"v",3,5.04246564302095,4.9304535351598,
65,12,"v",4,5.14840164913142,4.66725107144045,"v",3,4.87850069651766,5.00591250192181,
65,13,"-VI",3,5.0167862979426,5.02724870129425,"-VI",3,5.0167862979426,5.02724870129425,
,,,,,,,,,,
66,7,"v",3,3.06770530049815,5.02721528191311,"v",3,3.06770530049815,5.02721528191311,
66,8,"v",4,5.14840164913142,4.66725107144045,"v",4,5.14840164913142,4.66725107144045,
66,9,"-VI",3,5.0167862979426,5.02724870129425,"-VI",3,5.0167862979426,5.02724870129425,
66,10,"i",3,4.94855990237496,5.00817401972898,"i",3,4.94855990237496,5.00817401972898,
66,11,"v",3,3.06770530049815,5.02721528191311,"v",3,3.06770530049815,5.02721528191311,
66,12,"v",4,5.14840164913142,4.66725107144045,"-VII",4,5.17780513438192,4.66725107144045,0.0294034852505041
66,13,"-VI",3,5.0167862979426,5.02724870129425,"-VI",3,5.65579623648672,4.10857368894011,
66,14,"i",3,4.94855990237496,5.00817401972898,"i",3,4.69220220356847,4.73379711344566,
66,15,"v",3,3.06770530049815,5.02721528191311,"v",3,4.94444720486719,5.20672859497514,
66,16,"v",4,5.14840164913142,4.66725107144045,"v",3,4.87850069651766,5.00591250192181,
66,17,"-VI",3,5.0167862979426,5.02724870129425,"-VI",3,5.0167862979426,5.02724870129425,
,,,,,,,,,,
67,7,"v",3,3.06770530049815,5.02721528191311,"v",3,3.06770530049815,5.02721528191311,
67,8,"v",4,5.14840164913142,4.66725107144045,"v",4,5.14840164913142,4.66725107144045,
67,9,"-VI",3,5.0167862979426,5.02724870129425,"-VI",3,5.0167862979426,5.02724870129425,
67,10,"i",3,4.94855990237496,5.00817401972898,"i",3,4.94855990237496,5.00817401972898,
67,11,"v",3,3.06770530049815,5.02721528191311,"v",3,3.06770530049815,5.02721528191311,
67,12,"v",4,5.14840164913142,4.66725107144045,"-III",4,5.17780513438192,4.66725107144045,0.0294034852505041
67,13,"-VI",3,5.0167862979426,5.02724870129425,"-VI",3,4.44152568466203,4.63103179284669,
67,14,"i",3,4.94855990237496,5.00817401972898,"i",3,5.28759897382931,5.19686574714519,
67,15,"v",3,3.06770530049815,5.02721528191311,"v",3,5.04246564302095,4.9304535351598,
67,16,"v",4,5.14840164913142,4.66725107144045,"v",3,4.87850069651766,5.00591250192181,
67,17,"-VI",3,5.0167862979426,5.02724870129425,"-VI",3,5.0167862979426,5.02724870129425,
,,,,,,,,,,
68,11,"v",3,3.06770530049815,5.02721528191311,"v",3,3.06770530049815,5.02721528191311,
68,12,"v",4,5.14840164913142,4.66725107144045,"v",4,5.14840164913142,4.66725107144045,
68,13,"-VI",3,5.0167862979426,5.02724870129425,"-VI",3,5.0167862979426,5.02724870129425,
68,14,"i",3,4.94855990237496,5.00817401972898,"i",3,4.94855990237496,5.00817401972898,
68,15,"v",3,3.06770530049815,5.02721528191311,"v",3,3.06770530049815,5.02721528191311,
68,16,"v",4,5.14840164913142,4.66725107144045,"-VII",4,5.17780513438192,4.66725107144045,0.0294034852505041
68,17,"-VI",3,5.0167862979426,5.02724870129425,"-VI",3,5.65579623648672,4.10857368894011,
68,18,"i",3,4.94855990237496,5.00817401972898,"i",3,4.69220220356847,4.73379711344566,
68,19,"v",3,3.06770530049815,5.02721528191311,"v",3,4.94444720486719,5.20672859497514,
68,20,"v",4,5.14840164913142,4.66725107144045,"v",3,4.87850069651766,5.00591250192181,
68,21,"-VI",3,5.0167862979426,5.02724870129425,"-VI",3,5.0167862979426,5.02724870129425,
,,,,,,,,,,
69,11,"v",3,3.06770530049815,5.02721528191311,"v",3,3.06770530049815,5.02721528191311,
69,12,"v",4,5.14840164913142,4.66725107144045,"v",4,5.14840164913142,4.66725107144045,
69,13,"-VI",3,5.0167862979426,5.02724870129425,"-VI",3,5.0167862979426,5.02724870129425,
69,14,"i",3,4.94855990237496,5.00817401972898,"i",3,4.94855990237496,5.00817401972898,
69,15,"v",3,3.06770530049815,5.02721528191311,"v",3,3.06770530049815,5.02721528191311,
69,16,"v",4,5.14840164913142,4.66725107144045,"-III",4,5.17780513438192,4.66725107144045,0.0294034852505041
69,17,"-VI",3,5.0167862979426,5.02724870129425,"-VI",3,4.44152568466203,4.63103179284669,
69,18,"i",3,4.94855990237496,5.00817401972898,"i",3,5.28759897382931,5.19686574714519,
69,19,"v",3,3.06770530049815,5.02721528191311,"v",3,5.04246564302095,4.9304535351598,
69,20,"v",4,5.14840164913142,4.66725107144045,"v",3,4.87850069651766,5.00591250192181,
69,21,"-VI",3,5.0167862979426,5.02724870129425,"-VI",3,5.0167862979426,5.02724870129425,
,,,,,,,,,,
70,15,"v",3,3.06770530049815,5.02721528191311,"v",3,3.06770530049815,5.02721528191311,
70,16,"v",4,5.14840164913142,4.66725107144045,"v",4,5.14840164913142,4.66725107144045,
70,17,"-VI",3,5.0167862979426,5.02724870129425,"-VI",3,5.0167862979426,5.02724870129425,
70,18,"i",3,4.94855990237496,5.00817401972898,"i",3,4.94855990237496,5.00817401972898,
70,19,"v",3,3.06770530049815,5.02721528191311,"v",3,3.06770530049815,5.02721528191311,
70,20,"v",4,5.14840164913142,4.66725107144045,"-VII",4,5.17780513438192,4.66725107144045,0.0294034852505041
70,21,"-VI",3,5.0167862979426,5.02724870129425,"-VI",3,5.65579623648672,4.10857368894011,
70,22,"i",3,4.94855990237496,5.00817401972898,"i",3,4.69220220356847,4.73379711344566,
70,23,"v",3,3.06770530049815,5.02721528191311,"v",3,4.94444720486719,5.20672859497514,
70,24,"v",4,5.14840164913142,4.66725107144045,"v",3,4.87850069651766,5.00591250192181,
70,25,"-VI",3,5.0167862979426,5.02724870129425,"-VI",3,5.0167862979426,5.02724870129425,
,,,,,,,,,,
71,15,"v",3,3.06770530049815,5.02721528191311,"v",3,3.06770530049815,5.02721528191311,
71,16,"v",4,5.14840164913142,4.66725107144045,"v",4,5.14840164913142,4.66725107144045,
71,17,"-VI",3,5.0167862979426,5.02724870129425,"-VI",3,5.0167862979426,5.02724870129425,
71,18,"i",3,4.94855990237496,5.00817401972898,"i",3,4.94855990237496,5.00817401972898,
71,19,"v",3,3.06770530049815,5.02721528191311,"v",3,3.06770530049815,5.02721528191311,
71,20,"v",4,5.14840164913142,4.66725107144045,"-III",4,5.17780513438192,4.66725107144045,0.0294034852505041
71,21,"-VI",3,5.0167862979426,5.02724870129425,"-VI",3,4.44152568466203,4.63103179284669,
71,22,"i",3,4.94855990237496,5.00817401972898,"i",3,5.28759897382931,5.19686574714519,
71,23,"v",3,3.06770530049815,5.02721528191311,"v",3,5.04246564302095,4.9304535351598,
71,24,"v",4,5.14840164913142,4.66725107144045,"v",3,4.87850069651766,5.00591250192181,
71,25,"-VI",3,5.0167862979426,5.02724870129425,"-VI",3,5.0167862979426,5.02724870129425,
,,,,,,,,,,
72,19,"v",3,3.06770530049815,5.02721528191311,"v",3,3.06770530049815,5.02721528191311,
72,20,"v",4,5.14840164913142,4.66725107144045,"v",4,5.14840164913142,4.66725107144045,
72,21,"-VI",3,5.0167862979426,5.02724870129425,"-VI",3,5.0167862979426,5.02724870129425,
72,22,"i",3,4.94855990237496,5.00817401972898,"i",3,4.94855990237496,5.00817401972898,
72,23,"v",3,3.06770530049815,5.02721528191311,"v",3,3.06770530049815,5.02721528191311,
72,24,"v",4,5.14840164913142,4.66725107144045,"-VII",4,5.17780513438192,4.66725107144045,0.0294034852505041
72,25,"-VI",3,5.0167862979426,5.02724870129425,"-VI",3,5.65579623648672,4.10857368894011,
72,26,"i",3,4.94855990237496,5.00817401972898,"i",3,4.69220220356847,4.73379711344566,
72,27,"v",3,3.06770530049815,5.02721528191311,"v",3,4.94444720486719,5.20672859497514,
72,28,"v",4,5.14840164913142,4.66725107144045,"v",3,4.87850069651766,5.00591250192181,
72,29,"-VI",3,5.0167862979426,5.02724870129425,"-VI",3,5.0167862979426,5.02724870129425,
,,,,,,,,,,
73,19,"v",3,3.06770530049815,5.02721528191311,"v",3,3.06770530049815,5.02721528191311,
73,20,"v",4,5.14840164913142,4.66725107144045,"v",4,5.14840164913142,4.66725107144045,
73,21,"-VI",3,5.0167862979426,5.02724870129425,"-VI",3,5.0167862979426,5.02724870129425,
73,22,"i",3,4.94855990237496,5.00817401972898,"i",3,4.94855990237496,5.00817401972898,
73,23,"v",3,3.06770530049815,5.02721528191311,"v",3,3.06770530049815,5.02721528191311,
73,24,"v",4,5.14840164913142,4.66725107144045,"-III",4,5.17780513438192,4.66725107144045,0.0294034852505041
73,25,"-VI",3,5.0167862979426,5.02724870129425,"-VI",3,4.44152568466203,4.63103179284669,
73,26,"i",3,4.94855990237496,5.00817401972898,"i",3,5.28759897382931,5.19686574714519,
73,27,"v",3,3.06770530049815,5.02721528191311,"v",3,5.04246564302095,4.9304535351598,
73,28,"v",4,5.14840164913142,4.66725107144045,"v",3,4.87850069651766,5.00591250192181,
73,29,"-VI",3,5.0167862979426,5.02724870129425,"-VI",3,5.0167862979426,5.02724870129425,
,,,,,,,,,,
74,23,"v",3,3.06770530049815,5.02721528191311,"v",3,3.06770530049815,5.02721528191311,
74,24,"v",4,5.14840164913142,4.66725107144045,"v",4,5.14840164913142,4.66725107144045,
74,25,"-VI",3,5.0167862979426,5.02724870129425,"-VI",3,5.0167862979426,5.02724870129425,
74,26,"i",3,4.94855990237496,5.00817401972898,"i",3,4.94855990237496,5.00817401972898,
74,27,"v",3,3.06770530049815,5.02721528191311,"v",3,3.06770530049815,5.02721528191311,
74,28,"v",4,5.14840164913142,4.66725107144045,"-VII",4,5.17780513438192,4.66725107144045,0.0294034852505041
74,29,"-VI",3,5.0167862979426,5.02724870129425,"-VI",3,5.65579623648672,4.10857368894011,
74,30,"i",3,4.94855990237496,5.00817401972898,"i",3,4.69220220356847,4.73379711344566,
74,31,"-VII",3,4.93011710906188,5.02721528191311,"-VII",3,4.11683050987053,5.20672859497514,
74,32,"i",3,3.32659057030381,4.9452018679074,"i",4,2.63623203990901,4.60475878905606,
74,33,"-VII",4,1.61627788369775,4.17536497764294,"-VII",4,1.61627788369775,4.17536497764294,
,,,,,,,,,,
75,23,"v",3,3.06770530049815,5.02721528191311,"v",3,3.06770530049815,5.02721528191311,
75,24,"v",4,5.14840164913142,4.66725107144045,"v",4,5.14840164913142,4.66725107144045,
75,25,"-VI",3,5.0167862979426,5.02724870129425,"-VI",3,5.0167862979426,5.02724870129425,
75,26,"i",3,4.94855990237496,5.00817401972898,"i",3,4.94855990237496,5.00817401972898,
75,27,"v",3,3.06770530049815,5.02721528191311,"v",3,3.06770530049815,5.02721528191311,
75,28,"v",4,5.14840164913142,4.66725107144045,"-III",4,5.17780513438192,4.66725107144045,0.0294034852505041
75,29,"-VI",3,5.0167862979426,5.02724870129425,"-VI",3,4.44152568466203,4.63103179284669,
75,30,"i",3,4.94855990237496,5.00817401972898,"i",3,5.28759897382931,5.19686574714519,
75,31,"-VII",3,4.93011710906188,5.02721528191311,"-VII",3,4.88970977364393,4.9304535351598,
75,32,"i",3,3.32659057030381,4.9452018679074,"i",3,3.32659057030381,4.9452018679074,
75,33,"-VII",4,1.61627788369775,4.17536497764294,"-VII",4,1.61627788369775,4.17536497764294,
,,,,,,,,,,
76,256,"i",4,4.51382716309244,4.80869225773493,"i",4,4.51382716309244,4.80869225773493,
76,257,"-VII",4,3.94749428351661,4.54431136446603,"-VII",4,3.94749428351661,4.54431136446603,
76,258,"-VII",4,5.03058280397476,4.70252693479638,"-VII",4,5.03058280397476,4.70252693479638,
76,259,"i",3,3.54186191717096,5.11872980397735,"i",3,3.54186191717096,5.11872980397735,
76,260,"v",4,4.82245694061508,4.18166613693819,"v",4,4.82245694061508,4.18166613693819,
76,261,"v",4,5.37025704405914,4.2648948062516,"-VII",4,5.39966052930964,4.2648948062516,0.0294034852505041
76,262,"-VI",3,5.0167862979426,5.02724870129425,"-VI",3,5.65579623648672,4.10857368894011,
76,263,"i",3,4.94855990237496,5.00817401972898,"i",3,4.69220220356847,4.73379711344566,
76,264,"v",3,3.06770530049815,5.02721528191311,"v",3,4.94444720486719,5.20672859497514,
76,265,"v",4,5.14840164913142,4.66725107144045,"v",3,4.87850069651766,5.00591250192181,
76,266,"-VI",3,5.0167862979426,5.02724870129425,"-VI",3,5.0167862979426,5.02724870129425,
,,,,,,,,,,
77,256,"i",4,4.51382716309244,4.80869225773493,"i",4,4.51382716309244,4.80869225773493,
77,257,"-VII",4,3.94749428351661,4.54431136446603,"-VII",4,3.94749428351661,4.54431136446603,
77,258,"-VII",4,5.03058280397476,4.70252693479638,"-VII",4,5.03058280397476,4.70252693479638,
77,259,"i",3,3.54186191717096,5.11872980397735,"i",3,3.54186191717096,5.11872980397735,
77,260,"v",4,4.82245694061508,4.18166613693819,"v",4,4.82245694061508,4.18166613693819,
77,261,"v",4,5.37025704405914,4.2648948062516,"-III",4,5.39966052930964,4.2648948062516,0.0294034852505041
77,262,"-VI",3,5.0167862979426,5.02724870129425,"-VI",3,4.44152568466203,4.63103179284669,
77,263,"i",3,4.94855990237496,5.00817401972898,"i",3,5.28759897382931,5.19686574714519,
77,264,"v",3,3.06770530049815,5.02721528191311,"v",3,5.04246564302095,4.9304535351598,
77,265,"v",4,5.14840164913142,4.66725107144045,"v",3,4.87850069651766,5.00591250192181,
77,266,"-VI",3,5.0167862979426,5.02724870129425,"-VI",3,5.0167862979426,5.02724870129425,
,,,,,,,,,,
78,260,"v",4,4.82245694061508,4.18166613693819,"v",4,4.82245694061508,4.18166613693819,
78,261,"v",4,5.37025704405914,4.2648948062516,"v",4,5.37025704405914,4.2648948062516,
78,262,"-VI",3,5.0167862979426,5.02724870129425,"-VI",3,5.0167862979426,5.02724870129425,
78,263,"i",3,4.94855990237496,5.00817401972898,"i",3,4.94855990237496,5.00817401972898,
78,264,"v",3,3.06770530049815,5.02721528191311,"v",3,3.06770530049815,5.02721528191311,
78,265,"v",4,5.14840164913142,4.66725107144045,"-VII",4,5.17780513438192,4.66725107144045,0.0294034852505041
78,266,"-VI",3,5.0167862979426,5.02724870129425,"-VI",3,5.65579623648672,4.10857368894011,
78,267,"i",3,4.94855990237496,5.00817401972898,"i",3,4.69220220356847,4.73379711344566,
78,268,"v",3,3.06770530049815,5.02721528191311,"v",3,4.94444720486719,5.20672859497514,
78,269,"v",4,5.14840164913142,4.66725107144045,"v",3,4.87850069651766,5.00591250192181,
78,270,"-VI",3,5.0167862979426,5.02724870129425,"-VI",3,5.0167862979426,5.02724870129425,
,,,,,,,,,,
79,260,"v",4,4.82245694061508,4.18166613693819,"v",4,4.82245694061508,4.18166613693819,
79,261,"v",4,5.37025704405914,4.2648948062516,"v",4,5.37025704405914,4.2648948062516,
79,262,"-VI",3,5.0167862979426,5.02724870129425,"-VI",3,5.0167862979426,5.02724870129425,
79,263,"i",3,4.94855990237496,5.00817401972898,"i",3,4.94855990237496,5.00817401972898,
79,264,"v",3,3.06770530049815,5.02721528191311,"v",3,3.06770530049815,5.02721528191311,
79,265,"v",4,5.14840164913142,4.66725107144045,"-III",4,5.17780513438192,4.66725107144045,0.0294034852505041
79,266,"-VI",3,5.0167862979426,5.02724870129425,"-VI",3,4.44152568466203,4.63103179284669,
79,267,"i",3,4.94855990237496,5.00817401972898,"i",3,5.28759897382931,5.19686574714519,
79,268,"v",3,3.06770530049815,5.02721528191311,"v",3,5.04246564302095,4.9304535351598,
79,269,"v",4,5.14840164913142,4.66725107144045,"v",3,4.87850069651766,5.00591250192181,
79,270,"-VI",3,5.0167862979426,5.02724870129425,"-VI",3,5.0167862979426,5.02724870129425,
,,,,,,,,,,
80,264,"v",3,3.06770530049815,5.02721528191311,"v",3,3.06770530049815,5.02721528191311,
80,265,"v",4,5.14840164913142,4.66725107144045,"v",4,5.14840164913142,4.66725107144045,
80,266,"-VI",3,5.0167862979426,5.02724870129425,"-VI",3,5.0167862979426,5.02724870129425,
80,267,"i",3,4.94855990237496,5.00817401972898,"i",3,4.94855990237496,5.00817401972898,
80,268,"v",3,3.06770530049815,5.02721528191311,"v",3,3.06770530049815,5.02721528191311,
80,269,"v",4,5.14840164913142,4.66725107144045,"-VII",4,5.17780513438192,4.66725107144045,0.0294034852505041
80,270,"-VI",3,5.0167862979426,5.02724870129425,"-VI",3,5.65579623648672,4.10857368894011,
80,271,"i",3,4.94855990237496,5.00817401972898,"i",3,4.69220220356847,4.73379711344566,
80,272,"v",3,3.06770530049815,5.02721528191311,"v",3,4.94444720486719,5.20672859497514,
80,273,"v",4,5.14840164913142,4.66725107144045,"v",3,4.87850069651766,5.00591250192181,
80,274,"-VI",3,5.0167862979426,5.02724870129425,"-VI",3,5.0167862979426,5.02724870129425,
,,,,,,,,,,
81,264,"v",3,3.06770530049815,5.02721528191311,"v",3,3.06770530049815,5.02721528191311,
81,265,"v",4,5.14840164913142,4.66725107144045,"v",4,5.14840164913142,4.66725107144045,
81,266,"-VI",3,5.0167862979426,5.02724870129425,"-VI",3,5.0167862979426,5.02724870129425,
81,267,"i",3,4.94855990237496,5.00817401972898,"i",3,4.94855990237496,5.00817401972898,
81,268,"v",3,3.06770530049815,5.02721528191311,"v",3,3.06770530049815,5.02721528191311,
81,269,"v",4,5.14840164913142,4.66725107144045,"-III",4,5.17780513438192,4.66725107144045,0.0294034852505041
81,270,"-VI",3,5.0167862979426,5.02724870129425,"-VI",3,4.44152568466203,4.63103179284669,
81,271,"i",3,4.94855990237496,5.00817401972898,"i",3,5.28759897382931,5.19686574714519,
81,272,"v",3,3.06770530049815,5.02721528191311,"v",3,5.04246564302095,4.9304535351598,
81,273,"v",4,5.14840164913142,4.66725107144045,"v",3,4.87850069651766,5.00591250192181,
81,274,"-VI",3,5.0167862979426,5.02724870129425,"-VI",3,5.0167862979426,5.02724870129425,
,,,,,,,,,,
82,268,"v",3,3.06770530049815,5.02721528191311,"v",3,3.06770530049815,5.02721528191311,
82,269,"v",4,5.14840164913142,4.66725107144045,"v",4,5.14840164913142,4.66725107144045,
82,270,"-VI",3,5.0167862979426,5.02724870129425,"-VI",3,5.0167862979426,5.02724870129425,
82,271,"i",3,4.94855990237496,5.00817401972898,"i",3,4.94855990237496,5.00817401972898,
82,272,"v",3,3.06770530049815,5.02721528191311,"v",3,3.06770530049815,5.02721528191311,
82,273,"v",4,5.14840164913142,4.66725107144045,"-VII",4,5.17780513438192,4.66725107144045,0.0294034852505041
82,274,"-VI",3,5.0167862979426,5.02724870129425,"-VI",3,5.65579623648672,4.10857368894011,
82,275,"i",3,4.94855990237496,5.00817401972898,"i",3,4.69220220356847,4.73379711344566,
82,276,"v",3,3.06770530049815,5.02721528191311,"v",3,4.94444720486719,5.20672859497514,
82,277,"v",4,5.14840164913142,4.66725107144045,"v",3,4.87850069651766,5.00591250192181,
82,278,"-VI",3,5.0167862979426,5.02724870129425,"-VI",3,5.0167862979426,5.02724870129425,
,,,,,,,,,,
83,268,"v",3,3.06770530049815,5.02721528191311,"v",3,3.06770530049815,5.02721528191311,
83,269,"v",4,5.14840164913142,4.66725107144045,"v",4,5.14840164913142,4.66725107144045,
83,270,"-VI",3,5.0167862979426,5.02724870129425,"-VI",3,5.0167862979426,5.02724870129425,
83,271,"i",3,4.94855990237496,5.00817401972898,"i",3,4.94855990237496,5.00817401972898,
83,272,"v",3,3.06770530049815,5.02721528191311,"v",3,3.06770530049815,5.02721528191311,
83,273,"v",4,5.14840164913142,4.66725107144045,"-III",4,5.17780513438192,4.66725107144045,0.0294034852505041
83,274,"-VI",3,5.0167862979426,5.02724870129425,"-VI",3,4.44152568466203,4.63103179284669,
83,275,"i",3,4.94855990237496,5.00817401972898,"i",3,5.28759897382931,5.19686574714519,
83,276,"v",3,3.06770530049815,5.02721528191311,"v",3,5.04246564302095,4.9304535351598,
83,277,"v",4,5.14840164913142,4.66725107144045,"v",3,4.87850069651766,5.00591250192181,
83,278,"-VI",3,5.0167862979426,5.02724870129425,"-VI",3,5.0167862979426,5.02724870129425,
,,,,,,,,,,
84,272,"v",3,3.06770530049815,5.02721528191311,"v",3,3.06770530049815,5.02721528191311,
84,273,"v",4,5.14840164913142,4.66725107144045,"v",4,5.14840164913142,4.66725107144045,
84,274,"-VI",3,5.0167862979426,5.02724870129425,"-VI",3,5.0167862979426,5.02724870129425,
84,275,"i",3,4.94855990237496,5.00817401972898,"i",3,4.94855990237496,5.00817401972898,
84,276,"v",3,3.06770530049815,5.02721528191311,"v",3,3.06770530049815,5.02721528191311,
84,277,"v",4,5.14840164913142,4.66725107144045,"-VII",4,5.17780513438192,4.66725107144045,0.0294034852505041
84,278,"-VI",3,5.0167862979426,5.02724870129425,"-VI",3,5.65579623648672,4.10857368894011,
84,279,"i",3,4.94855990237496,5.00817401972898,"i",3,4.69220220356847,4.73379711344566,
84,280,"v",3,3.06770530049815,5.02721528191311,"v",3,4.94444720486719,5.20672859497514,
84,281,"v",4,5.14840164913142,4.66725107144045,"v",3,4.87850069651766,5.00591250192181,
84,282,"-VI",3,5.0167862979426,5.02724870129425,"-VI",3,5.0167862979426,5.02724870129425,
,,,,,,,,,,
85,272,"v",3,3.06770530049815,5.02721528191311,"v",3,3.06770530049815,5.02721528191311,
85,273,"v",4,5.14840164913142,4.66725107144045,"v",4,5.14840164913142,4.66725107144045,
85,274,"-VI",3,5.0167862979426,5.02724870129425,"-VI",3,5.0167862979426,5.02724870129425,
85,275,"i",3,4.94855990237496,5.00817401972898,"i",3,4.94855990237496,5.00817401972898,
85,276,"v",3,3.06770530049815,5.02721528191311,"v",3,3.06770530049815,5.02721528191311,
85,277,"v",4,5.14840164913142,4.66725107144045,"-III",4,5.17780513438192,4.66725107144045,0.0294034852505041
85,278,"-VI",3,5.0167862979426,5.02724870129425,"-VI",3,4.44152568466203,4.63103179284669,
85,279,"i",3,4.94855990237496,5.00817401972898,"i",3,5.28759897382931,5.19686574714519,
85,280,"v",3,3.06770530049815,5.02721528191311,"v",3,5.04246564302095,4.9304535351598,
85,281,"v",4,5.14840164913142,4.66725107144045,"v",3,4.87850069651766,5.00591250192181,
85,282,"-VI",3,5.0167862979426,5.02724870129425,"-VI",3,5.0167862979426,5.02724870129425,
,,,,,,,,,,
86,276,"v",3,3.06770530049815,5.02721528191311,"v",3,3.06770530049815,5.02721528191311,
86,277,"v",4,5.14840164913142,4.66725107144045,"v",4,5.14840164913142,4.66725107144045,
86,278,"-VI",3,5.0167862979426,5.02724870129425,"-VI",3,5.0167862979426,5.02724870129425,
86,279,"i",3,4.94855990237496,5.00817401972898,"i",3,4.94855990237496,5.00817401972898,
86,280,"v",3,3.06770530049815,5.02721528191311,"v",3,3.06770530049815,5.02721528191311,
86,281,"v",4,5.14840164913142,4.66725107144045,"-VII",4,5.17780513438192,4.66725107144045,0.0294034852505041
86,282,"-VI",3,5.0167862979426,5.02724870129425,"-VI",3,5.65579623648672,4.10857368894011,
86,283,"i",3,4.94855990237496,5.00817401972898,"i",3,4.69220220356847,4.73379711344566,
86,284,"v",3,3.06770530049815,5.02721528191311,"v",3,4.94444720486719,5.20672859497514,
86,285,"v",4,5.14840164913142,4.66725107144045,"v",3,4.87850069651766,5.00591250192181,
86,286,"-VI",3,5.0167862979426,5.02724870129425,"-VI",3,5.0167862979426,5.02724870129425,
,,,,,,,,,,
87,276,"v",3,3.06770530049815,5.02721528191311,"v",3,3.06770530049815,5.02721528191311,
87,277,"v",4,5.14840164913142,4.66725107144045,"v",4,5.14840164913142,4.66725107144045,
87,278,"-VI",3,5.0167862979426,5.02724870129425,"-VI",3,5.0167862979426,5.02724870129425,
87,279,"i",3,4.94855990237496,5.00817401972898,"i",3,4.94855990237496,5.00817401972898,
87,280,"v",3,3.06770530049815,5.02721528191311,"v",3,3.06770530049815,5.02721528191311,
87,281,"v",4,5.14840164913142,4.66725107144045,"-III",4,5.17780513438192,4.66725107144045,0.0294034852505041
87,282,"-VI",3,5.0167862979426,5.02724870129425,"-VI",3,4.44152568466203,4.63103179284669,
87,283,"i",3,4.94855990237496,5.00817401972898,"i",3,5.28759897382931,5.19686574714519,
87,284,"v",3,3.06770530049815,5.02721528191311,"v",3,5.04246564302095,4.9304535351598,
87,285,"v",4,5.14840164913142,4.66725107144045,"v",3,4.87850069651766,5.00591250192181,
87,286,"-VI",3,5.0167862979426,5.02724870129425,"-VI",3,5.0167862979426,5.02724870129425,
,,,,,,,,,,
88,280,"v",3,3.06770530049815,5.02721528191311,"v",3,3.06770530049815,5.02721528191311,
88,281,"v",4,5.14840164913142,4.66725107144045,"v",4,5.14840164913142,4.66725107144045,
88,282,"-VI",3,5.0167862979426,5.02724870129425,"-VI",3,5.0167862979426,5.02724870129425,
88,283,"i",3,4.94855990237496,5.00817401972898,"i",3,4.94855990237496,5.00817401972898,
88,284,"v",3,3.06770530049815,5.02721528191311,"v",3,3.06770530049815,5.02721528191311,
88,285,"v",4,5.14840164913142,4.66725107144045,"-VII",4,5.17780513438192,4.66725107144045,0.0294034852505041
88,286,"-VI",3,5.0167862979426,5.02724870129425,"-VI",3,5.65579623648672,4.10857368894011,
88,287,"i",3,4.94855990237496,5.00817401972898,"i",3,4.69220220356847,4.73379711344566,
88,288,"v",3,3.06770530049815,5.02721528191311,"v",3,4.94444720486719,5.20672859497514,
88,289,"v",4,5.14840164913142,4.66725107144045,"v",3,4.87850069651766,5.00591250192181,
88,290,"-VI",3,5.0167862979426,5.02724870129425,"-VI",3,5.0167862979426,5.02724870129425,
,,,,,,,,,,
89,280,"v",3,3.06770530049815,5.02721528191311,"v",3,3.06770530049815,5.02721528191311,
89,281,"v",4,5.14840164913142,4.66725107144045,"v",4,5.14840164913142,4.66725107144045,
89,282,"-VI",3,5.0167862979426,5.02724870129425,"-VI",3,5.0167862979426,5.02724870129425,
89,283,"i",3,4.94855990237496,5.00817401972898,"i",3,4.94855990237496,5.00817401972898,
89,284,"v",3,3.06770530049815,5.02721528191311,"v",3,3.06770530049815,5.02721528191311,
89,285,"v",4,5.14840164913142,4.66725107144045,"-III",4,5.17780513438192,4.66725107144045,0.0294034852505041
89,286,"-VI",3,5.0167862979426,5.02724870129425,"-VI",3,4.44152568466203,4.63103179284669,
89,287,"i",3,4.94855990237496,5.00817401972898,"i",3,5.28759897382931,5.19686574714519,
89,288,"v",3,3.06770530049815,5.02721528191311,"v",3,5.04246564302095,4.9304535351598,
89,289,"v",4,5.14840164913142,4.66725107144045,"v",3,4.87850069651766,5.00591250192181,
89,290,"-VI",3,5.0167862979426,5.02724870129425,"-VI",3,5.0167862979426,5.02724870129425,
,,,,,,,,,,
90,284,"v",3,3.06770530049815,5.02721528191311,"v",3,3.06770530049815,5.02721528191311,
90,285,"v",4,5.14840164913142,4.66725107144045,"v",4,5.14840164913142,4.66725107144045,
90,286,"-VI",3,5.0167862979426,5.02724870129425,"-VI",3,5.0167862979426,5.02724870129425,
90,287,"i",3,4.94855990237496,5.00817401972898,"i",3,4.94855990237496,5.00817401972898,
90,288,"v",3,3.06770530049815,5.02721528191311,"v",3,3.06770530049815,5.02721528191311,
90,289,"v",4,5.14840164913142,4.66725107144045,"-VII",4,5.17780513438192,4.66725107144045,0.0294034852505041
90,290,"-VI",3,5.0167862979426,5.02724870129425,"-VI",3,5.65579623648672,4.10857368894011,
90,291,"i",3,4.94855990237496,5.00817401972898,"i",3,4.69220220356847,4.73379711344566,
90,292,"v",3,3.06770530049815,5.02721528191311,"v",3,4.94444720486719,5.20672859497514,
90,293,"v",4,5.14840164913142,4.66725107144045,"v",3,4.87850069651766,5.00591250192181,
90,294,"-VI",3,5.0167862979426,5.02724870129425,"-VI",3,5.0167862979426,5.02724870129425,
,,,,,,,,,,
91,284,"v",3,3.06770530049815,5.02721528191311,"v",3,3.06770530049815,5.02721528191311,
91,285,"v",4,5.14840164913142,4.66725107144045,"v",4,5.14840164913142,4.66725107144045,
91,286,"-VI",3,5.0167862979426,5.02724870129425,"-VI",3,5.0167862979426,5.02724870129425,
91,287,"i",3,4.94855990237496,5.00817401972898,"i",3,4.94855990237496,5.00817401972898,
91,288,"v",3,3.06770530049815,5.02721528191311,"v",3,3.06770530049815,5.02721528191311,
91,289,"v",4,5.14840164913142,4.66725107144045,"-III",4,5.17780513438192,4.66725107144045,0.0294034852505041
91,290,"-VI",3,5.0167862979426,5.02724870129425,"-VI",3,4.44152568466203,4.63103179284669,
91,291,"i",3,4.94855990237496,5.00817401972898,"i",3,5.28759897382931,5.19686574714519,
91,292,"v",3,3.06770530049815,5.02721528191311,"v",3,5.04246564302095,4.9304535351598,
91,293,"v",4,5.14840164913142,4.66725107144045,"v",3,4.87850069651766,5.00591250192181,
91,294,"-VI",3,5.0167862979426,5.02724870129425,"-VI",3,5.0167862979426,5.02724870129425,
,,,,,,,,,,
92,288,"v",3,3.06770530049815,5.02721528191311,"v",3,3.06770530049815,5.02721528191311,
92,289,"v",4,5.14840164913142,4.66725107144045,"v",4,5.14840164913142,4.66725107144045,
92,290,"-VI",3,5.0167862979426,5.02724870129425,"-VI",3,5.0167862979426,5.02724870129425,
92,291,"i",3,4.94855990237496,5.00817401972898,"i",3,4.94855990237496,5.00817401972898,
92,292,"v",3,3.06770530049815,5.02721528191311,"v",3,3.06770530049815,5.02721528191311,
92,293,"v",4,5.14840164913142,4.66725107144045,"-VII",4,5.17780513438192,4.66725107144045,0.0294034852505041
92,294,"-VI",3,5.0167862979426,5.02724870129425,"-VI",3,5.65579623648672,4.10857368894011,
92,295,"i",3,4.94855990237496,5.00817401972898,"i",3,4.69220220356847,4.73379711344566,
92,296,"v",3,3.06770530049815,5.02721528191311,"v",3,4.94444720486719,5.20672859497514,
92,297,"v",4,5.14840164913142,4.66725107144045,"v",3,4.87850069651766,5.00591250192181,
92,298,"-VI",3,5.0167862979426,5.02724870129425,"-VI",3,5.0167862979426,5.02724870129425,
,,,,,,,,,,
93,288,"v",3,3.06770530049815,5.02721528191311,"v",3,3.06770530049815,5.02721528191311,
93,289,"v",4,5.14840164913142,4.66725107144045,"v",4,5.14840164913142,4.66725107144045,
93,290,"-VI",3,5.0167862979426,5.02724870129425,"-VI",3,5.0167862979426,5.02724870129425,
93,291,"i",3,4.94855990237496,5.00817401972898,"i",3,4.94855990237496,5.00817401972898,
93,292,"v",3,3.06770530049815,5.02721528191311,"v",3,3.06770530049815,5.02721528191311,
93,293,"v",4,5.14840164913142,4.66725107144045,"-III",4,5.17780513438192,4.66725107144045,0.0294034852505041
93,294,"-VI",3,5.0167862979426,5.02724870129425,"-VI",3,4.44152568466203,4.63103179284669,
93,295,"i",3,4.94855990237496,5.00817401972898,"i",3,5.28759897382931,5.19686574714519,
93,296,"v",3,3.06770530049815,5.02721528191311,"v",3,5.04246564302095,4.9304535351598,
93,297,"v",4,5.14840164913142,4.66725107144045,"v",3,4.87850069651766,5.00591250192181,
93,298,"-VI",3,5.0167862979426,5.02724870129425,"-VI",3,5.0167862979426,5.02724870129425,
,,,,,,,,,,
94,292,"v",3,3.06770530049815,5.02721528191311,"v",3,3.06770530049815,5.02721528191311,
94,293,"v",4,5.14840164913142,4.66725107144045,"v",4,5.14840164913142,4.66725107144045,
94,294,"-VI",3,5.0167862979426,5.02724870129425,"-VI",3,5.0167862979426,5.02724870129425,
94,295,"i",3,4.94855990237496,5.00817401972898,"i",3,4.94855990237496,5.00817401972898,
94,296,"v",3,3.06770530049815,5.02721528191311,"v",3,3.06770530049815,5.02721528191311,
94,297,"v",4,5.14840164913142,4.66725107144045,"-VII",4,5.17780513438192,4.66725107144045,0.0294034852505041
94,298,"-VI",3,5.0167862979426,5.02724870129425,"-VI",3,5.65579623648672,4.10857368894011,
94,299,"i",3,4.94855990237496,5.00817401972898,"i",3,4.69220220356847,4.73379711344566,
94,300,"v",3,3.06770530049815,5.02721528191311,"v",3,4.94444720486719,5.20672859497514,
94,301,"v",4,5.14840164913142,4.66725107144045,"v",3,4.87850069651766,5.00591250192181,
94,302,"-VI",3,5.0167862979426,5.02724870129425,"-VI",3,5.0167862979426,5.02724870129425,
,,,,,,,,,,
95,292,"v",3,3.06770530049815,5.02721528191311,"v",3,3.06770530049815,5.02721528191311,
95,293,"v",4,5.14840164913142,4.66725107144045,"v",4,5.14840164913142,4.66725107144045,
95,294,"-VI",3,5.0167862979426,5.02724870129425,"-VI",3,5.0167862979426,5.02724870129425,
95,295,"i",3,4.94855990237496,5.00817401972898,"i",3,4.94855990237496,5.00817401972898,
95,296,"v",3,3.06770530049815,5.02721528191311,"v",3,3.06770530049815,5.02721528191311,
95,297,"v",4,5.14840164913142,4.66725107144045,"-III",4,5.17780513438192,4.66725107144045,0.0294034852505041
95,298,"-VI",3,5.0167862979426,5.02724870129425,"-VI",3,4.44152568466203,4.63103179284669,
95,299,"i",3,4.94855990237496,5.00817401972898,"i",3,5.28759897382931,5.19686574714519,
95,300,"v",3,3.06770530049815,5.02721528191311,"v",3,5.04246564302095,4.9304535351598,
95,301,"v",4,5.14840164913142,4.66725107144045,"v",3,4.87850069651766,5.00591250192181,
95,302,"-VI",3,5.0167862979426,5.02724870129425,"-VI",3,5.0167862979426,5.02724870129425,
,,,,,,,,,,
96,296,"v",3,3.06770530049815,5.02721528191311,"v",3,3.06770530049815,5.02721528191311,
96,297,"v",4,5.14840164913142,4.66725107144045,"v",4,5.14840164913142,4.66725107144045,
96,298,"-VI",3,5.0167862979426,5.02724870129425,"-VI",3,5.0167862979426,5.02724870129425,
96,299,"i",3,4.94855990237496,5.00817401972898,"i",3,4.94855990237496,5.00817401972898,
96,300,"v",3,3.06770530049815,5.02721528191311,"v",3,3.06770530049815,5.02721528191311,
96,301,"v",4,5.14840164913142,4.66725107144045,"-VII",4,5.17780513438192,4.66725107144045,0.0294034852505041
96,302,"-VI",3,5.0167862979426,5.02724870129425,"-VI",3,5.65579623648672,4.10857368894011,
96,303,"i",3,4.94855990237496,5.00817401972898,"i",3,4.69220220356847,4.73379711344566,
96,304,"v",3,3.06770530049815,5.02721528191311,"v",3,4.94444720486719,5.20672859497514,
96,305,"v",4,5.14840164913142,4.66725107144045,"v",3,4.87850069651766,5.00591250192181,
96,306,"-VI",3,5.0167862979426,5.02724870129425,"-VI",3,5.0167862979426,5.02724870129425,
,,,,,,,,,,
97,296,"v",3,3.06770530049815,5.02721528191311,"v",3,3.06770530049815,5.02721528191311,
97,297,"v",4,5.14840164913142,4.66725107144045,"v",4,5.14840164913142,4.66725107144045,
97,298,"-VI",3,5.0167862979426,5.02724870129425,"-VI",3,5.0167862979426,5.02724870129425,
97,299,"i",3,4.94855990237496,5.00817401972898,"i",3,4.94855990237496,5.00817401972898,
97,300,"v",3,3.06770530049815,5.02721528191311,"v",3,3.06770530049815,5.02721528191311,
97,301,"v",4,5.14840164913142,4.66725107144045,"-III",4,5.17780513438192,4.66725107144045,0.0294034852505041
97,302,"-VI",3,5.0167862979426,5.02724870129425,"-VI",3,4.44152568466203,4.63103179284669,
97,303,"i",3,4.94855990237496,5.00817401972898,"i",3,5.28759897382931,5.19686574714519,
97,304,"v",3,3.06770530049815,5.02721528191311,"v",3,5.04246564302095,4.9304535351598,
97,305,"v",4,5.14840164913142,4.66725107144045,"v",3,4.87850069651766,5.00591250192181,
97,306,"-VI",3,5.0167862979426,5.02724870129425,"-VI",3,5.0167862979426,5.02724870129425,
,,,,,,,,,,
98,300,"v",3,3.06770530049815,5.02721528191311,"v",3,3.06770530049815,5.02721528191311,
98,301,"v",4,5.14840164913142,4.66725107144045,"v",4,5.14840164913142,4.66725107144045,
98,302,"-VI",3,5.0167862979426,5.02724870129425,"-VI",3,5.0167862979426,5.02724870129425,
98,303,"i",3,4.94855990237496,5.00817401972898,"i",3,4.94855990237496,5.00817401972898,
98,304,"v",3,3.06770530049815,5.02721528191311,"v",3,3.06770530049815,5.02721528191311,
98,305,"v",4,5.14840164913142,4.66725107144045,"-VII",4,5.17780513438192,4.66725107144045,0.0294034852505041
98,306,"-VI",3,5.0167862979426,5.02724870129425,"-VI",3,5.65579623648672,4.10857368894011,
98,307,"r",3,3.40291601497667,5.00817401972898,"r",3,3.52703513373745,4.73379711344566,
98,308,"r",2,0.427326551621149,1.88795188766303,"r",2,0.427326551621149,1.88795188766303,
,,,,,,,,,,
99,300,"v",3,3.06770530049815,5.02721528191311,"v",3,3.06770530049815,5.02721528191311,
99,301,"v",4,5.14840164913142,4.66725107144045,"v",4,5.14840164913142,4.66725107144045,
99,302,"-VI",3,5.0167862979426,5.02724870129425,"-VI",3,5.0167862979426,5.02724870129425,
99,303,"i",3,4.94855990237496,5.00817401972898,"i",3,4.94855990237496,5.00817401972898,
99,304,"v",3,3.06770530049815,5.02721528191311,"v",3,3.06770530049815,5.02721528191311,
99,305,"v",4,5.14840164913142,4.66725107144045,"-III",4,5.17780513438192,4.66725107144045,0.0294034852505041
99,306,"-VI",3,5.0167862979426,5.02724870129425,"-VI",3,4.44152568466203,4.63103179284669,
99,307,"r",3,3.40291601497667,5.00817401972898,"r",3,3.21254752408247,5.19686574714519,
99,308,"r",2,0.427326551621149,1.88795188766303,"r",2,0.427326551621149,1.88795188766303,
,,,,,,,,,,
100,232,"i",10,0.529284406876262,2.40093434113601,"i",10,0.529284406876262,2.40093434113601,
100,233,"IV",10,0.213262327579672,1.23955557041258,"IV",10,0.213262327579672,1.23955557041258,
100,234,"v",10,6.74221629989118,2.40093434113601,"v",10,6.74221629989118,2.40093434113601,
100,235,"i",4,5.67265923083181,3.10758371246506,"i",4,5.67265923083181,3.10758371246506,
100,236,"IV",3,4.66463521251178,5.06587031844523,"IV",3,4.66463521251178,5.06587031844523,
100,237,"v",3,5.79661897501703,4.53588692192196,"vi",3,5.83704046723634,4.53588692192196,0.0404214922193145
100,238,"i",3,4.75522443346943,4.67022382222683,"i",3,5.92390157420634,4.73118423011475,
100,239,"IV",3,4.66463521251178,5.06587031844523,"IV",3,5.9775298327816,4.08667139344516,
100,240,"v",3,5.79661897501703,4.53588692192196,"v",2,5.28860031087607,5.26217983584669,
100,241,"i",3,4.75522443346943,4.67022382222683,"i",3,4.75522443346943,4.67022382222683,
100,242,"IV",3,4.66463521251178,5.06587031844523,"IV",3,4.66463521251178,5.06587031844523,
,,,,,,,,,,
101,235,"i",4,5.67265923083181,3.10758371246506,"i",4,5.67265923083181,3.10758371246506,
101,236,"IV",3,4.66463521251178,5.06587031844523,"IV",3,4.66463521251178,5.06587031844523,
101,237,"v",3,5.79661897501703,4.53588692192196,"v",3,5.79661897501703,4.53588692192196,
101,238,"i",3,4.75522443346943,4.67022382222683,"i",3,4.75522443346943,4.67022382222683,
101,239,"IV",3,4.66463521251178,5.06587031844523,"IV",3,4.66463521251178,5.06587031844523,
101,240,"v",3,5.79661897501703,4.53588692192196,"vi",3,5.83704046723634,4.53588692192196,0.0404214922193145
101,241,"i",3,4.75522443346943,4.67022382222683,"i",3,5.92390157420634,4.73118423011475,
101,242,"IV",3,4.66463521251178,5.06587031844523,"IV",3,5.9775298327816,4.08667139344516,
101,243,"v",3,5.79661897501703,4.53588692192196,"v",2,5.28860031087607,5.26217983584669,
101,244,"i",3,4.75522443346943,4.67022382222683,"i",3,4.75522443346943,4.67022382222683,
101,245,"IV",3,4.66463521251178,5.06587031844523,"IV",3,4.66463521251178,5.06587031844523,
,,,,,,,,,,
102,238,"i",3,4.75522443346943,4.67022382222683,"i",3,4.75522443346943,4.67022382222683,
102,239,"IV",3,4.66463521251178,5.06587031844523,"IV",3,4.66463521251178,5.06587031844523,
102,240,"v",3,5.79661897501703,4.53588692192196,"v",3,5.79661897501703,4.53588692192196,
102,241,"i",3,4.75522443346943,4.67022382222683,"i",3,4.75522443346943,4.67022382222683,
102,242,"IV",3,4.66463521251178,5.06587031844523,"IV",3,4.66463521251178,5.06587031844523,
102,243,"v",3,5.79661897501703,4.53588692192196,"vi",3,5.83704046723634,4.53588692192196,0.0404214922193145
102,244,"i",3,4.75522443346943,4.67022382222683,"i",3,5.92390157420634,4.73118423011475,
102,245,"IV",3,4.66463521251178,5.06587031844523,"IV",3,5.9775298327816,4.08667139344516,
102,246,"v",3,5.79661897501703,4.53588692192196,"v",2,5.28860031087607,5.26217983584669,
102,247,"i",3,4.75522443346943,4.67022382222683,"i",3,4.75522443346943,4.67022382222683,
102,248,"IV",3,4.66463521251178,5.06587031844523,"IV",3,4.66463521251178,5.06587031844523,
,,,,,,,,,,
103,241,"i",3,4.75522443346943,4.67022382222683,"i",3,4.75522443346943,4.67022382222683,
103,242,"IV",3,4.66463521251178,5.06587031844523,"IV",3,4.66463521251178,5.06587031844523,
103,243,"v",3,5.79661897501703,4.53588692192196,"v",3,5.79661897501703,4.53588692192196,
103,244,"i",3,4.75522443346943,4.67022382222683,"i",3,4.75522443346943,4.67022382222683,
103,245,"IV",3,4.66463521251178,5.06587031844523,"IV",3,4.66463521251178,5.06587031844523,
103,246,"v",3,5.79661897501703,4.53588692192196,"vi",3,5.83704046723634,4.53588692192196,0.0404214922193145
103,247,"i",3,4.75522443346943,4.67022382222683,"i",3,5.92390157420634,4.73118423011475,
103,248,"IV",3,4.66463521251178,5.06587031844523,"IV",3,5.9775298327816,4.08667139344516,
103,249,"v",3,5.79661897501703,4.53588692192196,"v",2,5.28860031087607,5.26217983584669,
103,250,"i",3,4.75522443346943,4.67022382222683,"i",3,4.75522443346943,4.67022382222683,
103,251,"IV",3,4.66463521251178,5.06587031844523,"IV",3,4.66463521251178,5.06587031844523,
,,,,,,,,,,
104,244,"i",3,4.75522443346943,4.67022382222683,"i",3,4.75522443346943,4.67022382222683,
104,245,"IV",3,4.66463521251178,5.06587031844523,"IV",3,4.66463521251178,5.06587031844523,
104,246,"v",3,5.79661897501703,4.53588692192196,"v",3,5.79661897501703,4.53588692192196,
104,247,"i",3,4.75522443346943,4.67022382222683,"i",3,4.75522443346943,4.67022382222683,
104,248,"IV",3,4.66463521251178,5.06587031844523,"IV",3,4.66463521251178,5.06587031844523,
104,249,"v",3,5.79661897501703,4.53588692192196,"vi",3,5.83704046723634,4.53588692192196,0.0404214922193145
104,250,"i",3,4.75522443346943,4.67022382222683,"i",3,5.92390157420634,4.73118423011475,
104,251,"IV",3,4.66463521251178,5.06587031844523,"IV",3,5.9775298327816,4.08667139344516,
104,252,"i",3,1.89625042100996,4.53588692192196,"i",2,3.93322277828092,5.26217983584669,
104,253,"-VII",4,5.21577099027657,4.82987992719864,"-VII",3,4.91827911908907,5.20951809912092,
104,254,"-VII",3,4.09392797178889,5.10927754773395,"-VII",3,4.09392797178889,5.10927754773395,
,,,,,,,,,,
105,89,"-VI",5,0.696301685106608,2.85461602750634,"-VI",5,0.696301685106608,2.85461602750634,
105,90,"v",6,5.71700836133688,3.92433911574192,"v",6,5.71700836133688,3.92433911574192,
105,91,"i",3,3.39323833878687,4.57671275545491,"i",3,3.39323833878687,4.57671275545491,
105,92,"IV",4,4.9606680831884,4.62100238484647,"IV",4,4.9606680831884,4.62100238484647,
105,93,"i",3,1.89625042100996,4.53588692192196,"i",3,1.89625042100996,4.53588692192196,
105,94,"-VII",4,5.21577099027657,4.82987992719864,"I",4,5.25675111963445,4.82987992719864,0.0409801293578864
105,95,"-VII",3,4.09392797178889,5.10927754773395,"-VII",3,6.22804625414915,2.50394570329278,
105,96,"-VII",4,4.27728345260538,4.69243245936486,"-VII",3,4.73821483679527,4.31321987988565,
105,97,"i",4,4.51382716309244,4.80869225773493,"i",3,4.88315315538438,5.11535217197798,
105,98,"-VII",4,3.94749428351661,4.54431136446603,"-VII",3,3.63155057314255,4.89076240401257,
105,99,"-VII",4,5.03058280397476,4.70252693479638,"-VII",4,5.03058280397476,4.70252693479638,
,,,,,,,,,,
106,117,"-VI",5,0.696301685106608,2.85461602750634,"-VI",5,0.696301685106608,2.85461602750634,
106,118,"v",6,5.71700836133688,3.92433911574192,"v",6,5.71700836133688,3.92433911574192,
106,119,"i",3,3.39323833878687,4.57671275545491,"i",3,3.39323833878687,4.57671275545491,
106,120,"IV",4,4.9606680831884,4.62100238484647,"IV",4,4.9606680831884,4.62100238484647,
106,121,"i",3,1.89625042100996,4.53588692192196,"i",3,1.89625042100996,4.53588692192196,
106,122,"-VII",4,5.21577099027657,4.82987992719864,"I",4,5.25675111963445,4.82987992719864,0.0409801293578864
106,123,"-VII",3,4.09392797178889,5.10927754773395,"-VII",3,6.22804625414915,2.50394570329278,
106,124,"-VII",4,4.27728345260538,4.69243245936486,"-VII",3,4.73821483679527,4.31321987988565,
106,125,"i",4,4.51382716309244,4.80869225773493,"i",3,4.88315315538438,5.11535217197798,
106,126,"-VII",4,3.94749428351661,4.54431136446603,"-VII",3,3.63155057314255,4.89076240401257,
106,127,"-VII",4,5.03058280397476,4.70252693479638,"-VII",4,5.03058280397476,4.70252693479638,
,,,,,,,,,,
107,248,"IV",3,4.66463521251178,5.06587031844523,"IV",3,4.66463521251178,5.06587031844523,
107,249,"v",3,5.79661897501703,4.53588692192196,"v",3,5.79661897501703,4.53588692192196,
107,250,"i",3,4.75522443346943,4.67022382222683,"i",3,4.75522443346943,4.67022382222683,
107,251,"IV",3,4.66463521251178,5.06587031844523,"IV",3,4.66463521251178,5.06587031844523,
107,252,"i",3,1.89625042100996,4.53588692192196,"i",3,1.89625042100996,4.53588692192196,
107,253,"-VII",4,5.21577099027657,4.82987992719864,"I",4,5.25675111963445,4.82987992719864,0.0409801293578864
107,254,"-VII",3,4.09392797178889,5.10927754773395,"-VII",3,6.22804625414915,2.50394570329278,
107,255,"-VII",4,4.27728345260538,4.69243245936486,"-VII",3,4.73821483679527,4.31321987988565,
107,256,"i",4,4.51382716309244,4.80869225773493,"i",3,4.88315315538438,5.11535217197798,
107,257,"-VII",4,3.94749428351661,4.54431136446603,"-VII",3,3.63155057314255,4.89076240401257,
107,258,"-VII",4,5.03058280397476,4.70252693479638,"-VII",4,5.03058280397476,4.70252693479638,
,,,,,,,,,,
108,51,"-VII",10,0.716708278427988,2.67589025685072,"-VII",10,0.716708278427988,2.67589025685072,
108,52,"i",10,0.972364997703472,3.19981030251546,"i",10,0.972364997703472,3.19981030251546,
108,53,"-VII",10,0.716708278427988,2.67589025685072,"-VII",10,0.716708278427988,2.67589025685072,
108,54,"i",10,0.972364997703472,3.19981030251546,"i",10,0.972364997703472,3.19981030251546,
108,55,"-VII",10,0.716708278427988,2.67589025685072,"-VII",10,0.716708278427988,2.67589025685072,
108,56,"v",10,6.88603945645426,3.19981030251546,"vi",10,6.84237745756917,3.19981030251546,0.0436619988850921
108,57,"i",3,3.4423152015975,5.13279897005662,"i",3,6.35677231996014,4.81217069498809,
108,58,"i",4,2.08757662881124,4.75562443262809,"i",2,2.01516160738905,4.76771073450779,
108,59,"-VII",5,1.59325772297565,4.1168803835134,"-VII",3,4.78180883868506,5.08828152570958,
108,60,"v",5,0.172673519331898,1.02582735474513,"v",3,4.01374099421728,4.82839761970158,
108,61,"i",7,2.09651783476155,4.43388575474611,"i",4,2.48139406523046,4.77582323084872,
,,,,,,,,,,
109,97,"i",4,4.51382716309244,4.80869225773493,"i",4,4.51382716309244,4.80869225773493,
109,98,"-VII",4,3.94749428351661,4.54431136446603,"-VII",4,3.94749428351661,4.54431136446603,
109,99,"-VII",4,5.03058280397476,4.70252693479638,"-VII",4,5.03058280397476,4.70252693479638,
109,100,"i",3,3.54186191717096,5.11872980397735,"i",3,3.54186191717096,5.11872980397735,
109,101,"i",4,1.66394259301163,4.18166613693819,"i",4,1.66394259301163,4.18166613693819,
109,102,"i",5,3.6847801201746,4.72463181065589,"IV",5,3.63792488586185,4.72463181065589,0.0468552343127544
109,103,"i",5,1.8635761940247,4.30220028616865,"i",5,4.32762346465755,3.92436195052213,
109,104,"-VI",6,3.43953915900164,4.59564751418637,"-VI",4,5.59596685454239,4.86345851501451,
109,105,"-VI",7,3.48885075244422,3.47098158154673,"-VI",3,4.81626333743314,4.15965896430828,
109,106,"V",6,4.12616613784722,4.11964963532078,"V",3,4.10447673298528,4.98774085839073,
109,107,"V",4,1.03868812713096,3.51147119218037,"V",4,1.38330049124219,3.97857165159186,
,,,,,,,,,,
110,90,"v",6,5.71700836133688,3.92433911574192,"v",6,5.71700836133688,3.92433911574192,
110,91,"i",3,3.39323833878687,4.57671275545491,"i",3,3.39323833878687,4.57671275545491,
110,92,"IV",4,4.9606680831884,4.62100238484647,"IV",4,4.9606680831884,4.62100238484647,
110,93,"i",3,1.89625042100996,4.53588692192196,"i",3,1.89625042100996,4.53588692192196,
110,94,"-VII",4,5.21577099027657,4.82987992719864,"-VII",4,5.21577099027657,4.82987992719864,
110,95,"-VII",3,4.09392797178889,5.10927754773395,"iv",3,4.14177049124088,5.10927754773395,0.04784251945199
110,96,"-VII",4,4.27728345260538,4.69243245936486,"-VII",4,3.99590865756035,4.52862565205923,
110,97,"i",4,4.51382716309244,4.80869225773493,"i",4,4.0048197464272,4.27415771384228,
110,98,"-VII",4,3.94749428351661,4.54431136446603,"-VII",4,3.91251720068368,4.50207764915002,
110,99,"-VII",4,5.03058280397476,4.70252693479638,"-VII",4,5.11943987145185,4.58555665136349,
110,100,"i",3,3.54186191717096,5.11872980397735,"i",3,3.54186191717096,5.11872980397735,
,,,,,,,,,,
111,118,"v",6,5.71700836133688,3.92433911574192,"v",6,5.71700836133688,3.92433911574192,
111,119,"i",3,3.39323833878687,4.57671275545491,"i",3,3.39323833878687,4.57671275545491,
111,120,"IV",4,4.9606680831884,4.62100238484647,"IV",4,4.9606680831884,4.62100238484647,
111,121,"i",3,1.89625042100996,4.53588692192196,"i",3,1.89625042100996,4.53588692192196,
111,122,"-VII",4,5.21577099027657,4.82987992719864,"-VII",4,5.21577099027657,4.82987992719864,
111,123,"-VII",3,4.09392797178889,5.10927754773395,"iv",3,4.14177049124088,5.10927754773395,0.04784251945199
111,124,"-VII",4,4.27728345260538,4.69243245936486,"-VII",4,3.99590865756035,4.52862565205923,
111,125,"i",4,4.51382716309244,4.80869225773493,"i",4,4.0048197464272,4.27415771384228,
111,126,"-VII",4,3.94749428351661,4.54431136446603,"-VII",4,3.91251720068368,4.50207764915002,
111,127,"-VII",4,5.03058280397476,4.70252693479638,"-VII",4,5.11943987145185,4.58555665136349,
111,128,"i",3,3.54186191717096,5.11872980397735,"i",3,3.54186191717096,5.11872980397735,
,,,,,,,,,,
112,249,"v",3,5.79661897501703,4.53588692192196,"v",3,5.79661897501703,4.53588692192196,
112,250,"i",3,4.75522443346943,4.67022382222683,"i",3,4.75522443346943,4.67022382222683,
112,251,"IV",3,4.66463521251178,5.06587031844523,"IV",3,4.66463521251178,5.06587031844523,
112,252,"i",3,1.89625042100996,4.53588692192196,"i",3,1.89625042100996,4.53588692192196,
112,253,"-VII",4,5.21577099027657,4.82987992719864,"-VII",4,5.21577099027657,4.82987992719864,
112,254,"-VII",3,4.09392797178889,5.10927754773395,"iv",3,4.14177049124088,5.10927754773395,0.04784251945199
112,255,"-VII",4,4.27728345260538,4.69243245936486,"-VII",4,3.99590865756035,4.52862565205923,
112,256,"i",4,4.51382716309244,4.80869225773493,"i",4,4.0048197464272,4.27415771384228,
112,257,"-VII",4,3.94749428351661,4.54431136446603,"-VII",4,3.91251720068368,4.50207764915002,
112,258,"-VII",4,5.03058280397476,4.70252693479638,"-VII",4,5.11943987145185,4.58555665136349,
112,259,"i",3,3.54186191717096,5.11872980397735,"i",3,3.54186191717096,5.11872980397735,
,,,,,,,,,,
113,81,"i",5,1.64218738867813,4.40894757476599,"i",5,1.64218738867813,4.40894757476599,
113,82,"i",6,3.01982808906125,4.51166177197104,"i",6,3.01982808906125,4.51166177197104,
113,83,"-VI",6,4.55716252131823,4.63864038598482,"-VI",6,4.55716252131823,4.63864038598482,
113,84,"-VI",5,3.47545703983842,4.46346074196985,"-VI",5,3.47545703983842,4.46346074196985,
113,85,"-VI",5,3.46037062891965,4.46770747292112,"-VI",5,3.46037062891965,4.46770747292112,
113,86,"-III",4,5.02416973786649,3.58451737751911,"v",4,5.0722911259731,3.58451737751911,0.0481213881066109
113,87,"-III",4,1.52237712748654,4.20096659189879,"-III",4,5.63999266585033,4.10538216996859,
113,88,"-VI",5,3.16324345048551,4.46688071064673,"-VI",3,4.52645001154773,4.15119153345884,
113,89,"-VI",5,0.696301685106608,2.85461602750634,"-VI",3,3.56296398347033,5.19686574714519,
113,90,"v",6,5.71700836133688,3.92433911574192,"v",4,5.02532236185447,4.52978427583007,
113,91,"i",3,3.39323833878687,4.57671275545491,"i",3,3.39323833878687,4.57671275545491,
,,,,,,,,,,
114,109,"i",5,1.64218738867813,4.40894757476599,"i",5,1.64218738867813,4.40894757476599,
114,110,"i",6,3.01982808906125,4.51166177197104,"i",6,3.01982808906125,4.51166177197104,
114,111,"-VI",6,4.55716252131823,4.63864038598482,"-VI",6,4.55716252131823,4.63864038598482,
114,112,"-VI",5,3.47545703983842,4.46346074196985,"-VI",5,3.47545703983842,4.46346074196985,
114,113,"-VI",5,3.46037062891965,4.46770747292112,"-VI",5,3.46037062891965,4.46770747292112,
114,114,"-III",4,5.02416973786649,3.58451737751911,"v",4,5.0722911259731,3.58451737751911,0.0481213881066109
114,115,"-III",4,1.52237712748654,4.20096659189879,"-III",4,5.63999266585033,4.10538216996859,
114,116,"-VI",5,3.16324345048551,4.46688071064673,"-VI",3,4.52645001154773,4.15119153345884,
114,117,"-VI",5,0.696301685106608,2.85461602750634,"-VI",3,3.56296398347033,5.19686574714519,
114,118,"v",6,5.71700836133688,3.92433911574192,"v",4,5.02532236185447,4.52978427583007,
114,119,"i",3,3.39323833878687,4.57671275545491,"i",3,3.39323833878687,4.57671275545491,
,,,,,,,,,,
115,51,"-VII",10,0.716708278427988,2.67589025685072,"-VII",10,0.716708278427988,2.67589025685072,
115,52,"i",10,0.972364997703472,3.19981030251546,"i",10,0.972364997703472,3.19981030251546,
115,53,"-VII",10,0.716708278427988,2.67589025685072,"-VII",10,0.716708278427988,2.67589025685072,
115,54,"i",10,0.972364997703472,3.19981030251546,"i",10,0.972364997703472,3.19981030251546,
115,55,"-VII",10,0.716708278427988,2.67589025685072,"-VII",10,0.716708278427988,2.67589025685072,
115,56,"v",10,6.88603945645426,3.19981030251546,"VI",10,6.93519894595275,3.19981030251546,0.0491594894984875
115,57,"i",3,3.4423152015975,5.13279897005662,"i",3,6.39747963622932,4.64734891793194,
115,58,"i",4,2.08757662881124,4.75562443262809,"i",2,1.57302905994944,4.52233799676154,
115,59,"-VII",5,1.59325772297565,4.1168803835134,"-VII",3,5.06086232832574,4.387668268631,
115,60,"v",5,0.172673519331898,1.02582735474513,"v",3,4.01374099421728,4.82839761970158,
115,61,"i",7,2.09651783476155,4.43388575474611,"i",4,2.48139406523046,4.77582323084872,
,,,,,,,,,,
116,81,"i",5,1.64218738867813,4.40894757476599,"i",5,1.64218738867813,4.40894757476599,
116,82,"i",6,3.01982808906125,4.51166177197104,"i",6,3.01982808906125,4.51166177197104,
116,83,"-VI",6,4.55716252131823,4.63864038598482,"-VI",6,4.55716252131823,4.63864038598482,
116,84,"-VI",5,3.47545703983842,4.46346074196985,"-VI",5,3.47545703983842,4.46346074196985,
116,85,"-VI",5,3.46037062891965,4.46770747292112,"-VI",5,3.46037062891965,4.46770747292112,
116,86,"-III",4,5.02416973786649,3.58451737751911,"i",4,5.0753524030328,3.58451737751911,0.0511826651663148
116,87,"-III",4,1.52237712748654,4.20096659189879,"-III",4,4.73827844715775,4.181325663627,
116,88,"-VI",5,3.16324345048551,4.46688071064673,"-VI",4,4.48039305526743,4.91628536515069,
116,89,"-VI",5,0.696301685106608,2.85461602750634,"-VI",4,4.89695538002898,4.50502744447923,
116,90,"v",6,5.71700836133688,3.92433911574192,"v",3,4.70960595263038,4.98416455740642,
116,91,"i",3,3.39323833878687,4.57671275545491,"i",3,3.39323833878687,4.57671275545491,
,,,,,,,,,,
117,109,"i",5,1.64218738867813,4.40894757476599,"i",5,1.64218738867813,4.40894757476599,
117,110,"i",6,3.01982808906125,4.51166177197104,"i",6,3.01982808906125,4.51166177197104,
117,111,"-VI",6,4.55716252131823,4.63864038598482,"-VI",6,4.55716252131823,4.63864038598482,
117,112,"-VI",5,3.47545703983842,4.46346074196985,"-VI",5,3.47545703983842,4.46346074196985,
117,113,"-VI",5,3.46037062891965,4.46770747292112,"-VI",5,3.46037062891965,4.46770747292112,
117,114,"-III",4,5.02416973786649,3.58451737751911,"i",4,5.0753524030328,3.58451737751911,0.0511826651663148
117,115,"-III",4,1.52237712748654,4.20096659189879,"-III",4,4.73827844715775,4.181325663627,
117,116,"-VI",5,3.16324345048551,4.46688071064673,"-VI",4,4.48039305526743,4.91628536515069,
117,117,"-VI",5,0.696301685106608,2.85461602750634,"-VI",4,4.89695538002898,4.50502744447923,
117,118,"v",6,5.71700836133688,3.92433911574192,"v",3,4.70960595263038,4.98416455740642,
117,119,"i",3,3.39323833878687,4.57671275545491,"i",3,3.39323833878687,4.57671275545491,
,,,,,,,,,,
118,97,"i",4,4.51382716309244,4.80869225773493,"i",4,4.51382716309244,4.80869225773493,
118,98,"-VII",4,3.94749428351661,4.54431136446603,"-VII",4,3.94749428351661,4.54431136446603,
118,99,"-VII",4,5.03058280397476,4.70252693479638,"-VII",4,5.03058280397476,4.70252693479638,
118,100,"i",3,3.54186191717096,5.11872980397735,"i",3,3.54186191717096,5.11872980397735,
118,101,"i",4,1.66394259301163,4.18166613693819,"i",4,1.66394259301163,4.18166613693819,
118,102,"i",5,3.6847801201746,4.72463181065589,"-VI",5,3.6332478550534,4.72463181065589,0.0515322651211965
118,103,"i",5,1.8635761940247,4.30220028616865,"i",6,4.98230766281014,3.8944061732676,
118,104,"-VI",6,3.43953915900164,4.59564751418637,"-VI",4,2.07707250065889,4.33599040749069,
118,105,"-VI",7,3.48885075244422,3.47098158154673,"-VI",5,5.86509580284371,2.99594183935643,
118,106,"V",6,4.12616613784722,4.11964963532078,"V",3,4.10447673298528,4.98774085839073,
118,107,"V",4,1.03868812713096,3.51147119218037,"V",4,1.38330049124219,3.97857165159186,
,,,,,,,,,,
119,231,"IV",10,0.213262327579672,1.23955557041258,"IV",10,0.213262327579672,1.23955557041258,
119,232,"i",10,0.529284406876262,2.40093434113601,"i",10,0.529284406876262,2.40093434113601,
119,233,"IV",10,0.213262327579672,1.23955557041258,"IV",10,0.213262327579672,1.23955557041258,
119,234,"v",10,6.74221629989118,2.40093434113601,"v",10,6.74221629989118,2.40093434113601,
119,235,"i",4,5.67265923083181,3.10758371246506,"i",4,5.67265923083181,3.10758371246506,
119,236,"IV",3,4.66463521251178,5.06587031844523,"-VII",3,4.73322229776919,5.06587031844523,0.0685870852574126
119,237,"v",3,5.79661897501703,4.53588692192196,"v",3,5.51903166704217,5.05378133369624,
119,238,"i",3,4.75522443346943,4.67022382222683,"i",3,3.4423152015975,5.13279897005662,
119,239,"IV",3,4.66463521251178,5.06587031844523,"IV",4,4.39614743920255,4.75562443262809,
119,240,"v",3,5.79661897501703,4.53588692192196,"v",4,6.2518639844991,3.87378452029351,
119,241,"i",3,4.75522443346943,4.67022382222683,"i",3,4.75522443346943,4.67022382222683,
,,,,,,,,,,
120,234,"v",10,6.74221629989118,2.40093434113601,"v",10,6.74221629989118,2.40093434113601,
120,235,"i",4,5.67265923083181,3.10758371246506,"i",4,5.67265923083181,3.10758371246506,
120,236,"IV",3,4.66463521251178,5.06587031844523,"IV",3,4.66463521251178,5.06587031844523,
120,237,"v",3,5.79661897501703,4.53588692192196,"v",3,5.79661897501703,4.53588692192196,
120,238,"i",3,4.75522443346943,4.67022382222683,"i",3,4.75522443346943,4.67022382222683,
120,239,"IV",3,4.66463521251178,5.06587031844523,"-VII",3,4.73322229776919,5.06587031844523,0.0685870852574126
120,240,"v",3,5.79661897501703,4.53588692192196,"v",3,5.51903166704217,5.05378133369624,
120,241,"i",3,4.75522443346943,4.67022382222683,"i",3,3.4423152015975,5.13279897005662,
120,242,"IV",3,4.66463521251178,5.06587031844523,"IV",4,4.39614743920255,4.75562443262809,
120,243,"v",3,5.79661897501703,4.53588692192196,"v",4,6.2518639844991,3.87378452029351,
120,244,"i",3,4.75522443346943,4.67022382222683,"i",3,4.75522443346943,4.67022382222683,
,,,,,,,,,,
121,237,"v",3,5.79661897501703,4.53588692192196,"v",3,5.79661897501703,4.53588692192196,
121,238,"i",3,4.75522443346943,4.67022382222683,"i",3,4.75522443346943,4.67022382222683,
121,239,"IV",3,4.66463521251178,5.06587031844523,"IV",3,4.66463521251178,5.06587031844523,
121,240,"v",3,5.79661897501703,4.53588692192196,"v",3,5.79661897501703,4.53588692192196,
121,241,"i",3,4.75522443346943,4.67022382222683,"i",3,4.75522443346943,4.67022382222683,
121,242,"IV",3,4.66463521251178,5.06587031844523,"-VII",3,4.73322229776919,5.06587031844523,0.0685870852574126
121,243,"v",3,5.79661897501703,4.53588692192196,"v",3,5.51903166704217,5.05378133369624,
121,244,"i",3,4.75522443346943,4.67022382222683,"i",3,3.4423152015975,5.13279897005662,
121,245,"IV",3,4.66463521251178,5.06587031844523,"IV",4,4.39614743920255,4.75562443262809,
121,246,"v",3,5.79661897501703,4.53588692192196,"v",4,6.2518639844991,3.87378452029351,
121,247,"i",3,4.75522443346943,4.67022382222683,"i",3,4.75522443346943,4.67022382222683,
,,,,,,,,,,
122,240,"v",3,5.79661897501703,4.53588692192196,"v",3,5.79661897501703,4.53588692192196,
122,241,"i",3,4.75522443346943,4.67022382222683,"i",3,4.75522443346943,4.67022382222683,
122,242,"IV",3,4.66463521251178,5.06587031844523,"IV",3,4.66463521251178,5.06587031844523,
122,243,"v",3,5.79661897501703,4.53588692192196,"v",3,5.79661897501703,4.53588692192196,
122,244,"i",3,4.75522443346943,4.67022382222683,"i",3,4.75522443346943,4.67022382222683,
122,245,"IV",3,4.66463521251178,5.06587031844523,"-VII",3,4.73322229776919,5.06587031844523,0.0685870852574126
122,246,"v",3,5.79661897501703,4.53588692192196,"v",3,5.51903166704217,5.05378133369624,
122,247,"i",3,4.75522443346943,4.67022382222683,"i",3,3.4423152015975,5.13279897005662,
122,248,"IV",3,4.66463521251178,5.06587031844523,"IV",4,4.39614743920255,4.75562443262809,
122,249,"v",3,5.79661897501703,4.53588692192196,"v",4,6.2518639844991,3.87378452029351,
122,250,"i",3,4.75522443346943,4.67022382222683,"i",3,4.75522443346943,4.67022382222683,
,,,,,,,,,,
123,243,"v",3,5.79661897501703,4.53588692192196,"v",3,5.79661897501703,4.53588692192196,
123,244,"i",3,4.75522443346943,4.67022382222683,"i",3,4.75522443346943,4.67022382222683,
123,245,"IV",3,4.66463521251178,5.06587031844523,"IV",3,4.66463521251178,5.06587031844523,
123,246,"v",3,5.79661897501703,4.53588692192196,"v",3,5.79661897501703,4.53588692192196,
123,247,"i",3,4.75522443346943,4.67022382222683,"i",3,4.75522443346943,4.67022382222683,
123,248,"IV",3,4.66463521251178,5.06587031844523,"-VII",3,4.73322229776919,5.06587031844523,0.0685870852574126
123,249,"v",3,5.79661897501703,4.53588692192196,"v",3,5.51903166704217,5.05378133369624,
123,250,"i",3,4.75522443346943,4.67022382222683,"i",3,3.4423152015975,5.13279897005662,
123,251,"IV",3,4.66463521251178,5.06587031844523,"IV",4,4.39614743920255,4.75562443262809,
123,252,"i",3,1.89625042100996,4.53588692192196,"i",4,2.35149543049203,3.87378452029351,
123,253,"-VII",4,5.21577099027657,4.82987992719864,"-VII",4,5.21577099027657,4.82987992719864,
,,,,,,,,,,
124,246,"v",3,5.79661897501703,4.53588692192196,"v",3,5.79661897501703,4.53588692192196,
124,247,"i",3,4.75522443346943,4.67022382222683,"i",3,4.75522443346943,4.67022382222683,
124,248,"IV",3,4.66463521251178,5.06587031844523,"IV",3,4.66463521251178,5.06587031844523,
124,249,"v",3,5.79661897501703,4.53588692192196,"v",3,5.79661897501703,4.53588692192196,
124,250,"i",3,4.75522443346943,4.67022382222683,"i",3,4.75522443346943,4.67022382222683,
124,251,"IV",3,4.66463521251178,5.06587031844523,"-VII",3,4.73322229776919,5.06587031844523,0.0685870852574126
124,252,"i",3,1.89625042100996,4.53588692192196,"i",3,3.56762468109992,5.05378133369624,
124,253,"-VII",4,5.21577099027657,4.82987992719864,"-VII",4,3.08031146778808,4.12666673976032,
124,254,"-VII",3,4.09392797178889,5.10927754773395,"-VII",4,4.83454612792241,4.90113292149054,
124,255,"-VII",4,4.27728345260538,4.69243245936486,"-VII",3,4.00706202380838,5.11872980397735,
124,256,"i",4,4.51382716309244,4.80869225773493,"i",4,4.51382716309244,4.80869225773493,
,,,,,,,,,,
125,72,"i",3,3.66598635581083,5.02724870129425,"i",3,3.66598635581083,5.02724870129425,
125,73,"i",4,1.92545713244285,4.61629864836454,"i",4,1.92545713244285,4.61629864836454,
125,74,"i",5,1.01465896078344,3.45484028198609,"i",5,1.01465896078344,3.45484028198609,
125,75,"i",5,0.287402291696184,1.60404900070439,"i",5,0.287402291696184,1.60404900070439,
125,76,"-VI",7,4.50617162519735,4.30818015860595,"-VI",7,4.50617162519735,4.30818015860595,
125,77,"-VI",6,3.08730781700078,3.89319162345409,"-VII",6,3.15653660415097,3.89319162345409,0.0692287871501973
125,78,"V",6,4.12616613784722,4.11964963532078,"V",6,5.09104320227365,4.40871122875223,
125,79,"V",4,1.03868812713096,3.51147119218037,"V",4,4.20787330047282,4.1228962811692,
125,80,"i",5,4.38114074395566,4.1555941670628,"i",3,4.43357887251303,5.18321771863555,
125,81,"i",5,1.64218738867813,4.40894757476599,"i",4,2.35305349920465,4.81674662944623,
125,82,"i",6,3.01982808906125,4.51166177197104,"i",5,3.23659630251575,4.69920633310616,
,,,,,,,,,,
126,6,"i",3,4.94855990237496,5.00817401972898,"i",3,4.94855990237496,5.00817401972898,
126,7,"v",3,3.06770530049815,5.02721528191311,"v",3,3.06770530049815,5.02721528191311,
126,8,"v",4,5.14840164913142,4.66725107144045,"v",4,5.14840164913142,4.66725107144045,
126,9,"-VI",3,5.0167862979426,5.02724870129425,"-VI",3,5.0167862979426,5.02724870129425,
126,10,"i",3,4.94855990237496,5.00817401972898,"i",3,4.94855990237496,5.00817401972898,
126,11,"v",3,3.06770530049815,5.02721528191311,"I",3,3.13742491254543,5.02721528191311,0.0697196120472809
126,12,"v",4,5.14840164913142,4.66725107144045,"v",3,6.47793449793696,4.46675865762418,
126,13,"-VI",3,5.0167862979426,5.02724870129425,"-VI",2,5.6613651086068,5.10869707151495,
126,14,"i",3,4.94855990237496,5.00817401972898,"i",2,4.61556209183707,5.32920382913942,
126,15,"v",3,3.06770530049815,5.02721528191311,"v",3,3.06770530049815,5.02721528191311,
126,16,"v",4,5.14840164913142,4.66725107144045,"v",4,5.14840164913142,4.66725107144045,
,,,,,,,,,,
127,10,"i",3,4.94855990237496,5.00817401972898,"i",3,4.94855990237496,5.00817401972898,
127,11,"v",3,3.06770530049815,5.02721528191311,"v",3,3.06770530049815,5.02721528191311,
127,12,"v",4,5.14840164913142,4.66725107144045,"v",4,5.14840164913142,4.66725107144045,
127,13,"-VI",3,5.0167862979426,5.02724870129425,"-VI",3,5.0167862979426,5.02724870129425,
127,14,"i",3,4.94855990237496,5.00817401972898,"i",3,4.94855990237496,5.00817401972898,
127,15,"v",3,3.06770530049815,5.02721528191311,"I",3,3.13742491254543,5.02721528191311,0.0697196120472809
127,16,"v",4,5.14840164913142,4.66725107144045,"v",3,6.47793449793696,4.46675865762418,
127,17,"-VI",3,5.0167862979426,5.02724870129425,"-VI",2,5.6613651086068,5.10869707151495,
127,18,"i",3,4.94855990237496,5.00817401972898,"i",2,4.61556209183707,5.32920382913942,
127,19,"v",3,3.06770530049815,5.02721528191311,"v",3,3.06770530049815,5.02721528191311,
127,20,"v",4,5.14840164913142,4.66725107144045,"v",4,5.14840164913142,4.66725107144045,
,,,,,,,,,,
128,14,"i",3,4.94855990237496,5.00817401972898,"i",3,4.94855990237496,5.00817401972898,
128,15,"v",3,3.06770530049815,5.02721528191311,"v",3,3.06770530049815,5.02721528191311,
128,16,"v",4,5.14840164913142,4.66725107144045,"v",4,5.14840164913142,4.66725107144045,
128,17,"-VI",3,5.0167862979426,5.02724870129425,"-VI",3,5.0167862979426,5.02724870129425,
128,18,"i",3,4.94855990237496,5.00817401972898,"i",3,4.94855990237496,5.00817401972898,
128,19,"v",3,3.06770530049815,5.02721528191311,"I",3,3.13742491254543,5.02721528191311,0.0697196120472809
128,20,"v",4,5.14840164913142,4.66725107144045,"v",3,6.47793449793696,4.46675865762418,
128,21,"-VI",3,5.0167862979426,5.02724870129425,"-VI",2,5.6613651086068,5.10869707151495,
128,22,"i",3,4.94855990237496,5.00817401972898,"i",2,4.61556209183707,5.32920382913942,
128,23,"v",3,3.06770530049815,5.02721528191311,"v",3,3.06770530049815,5.02721528191311,
128,24,"v",4,5.14840164913142,4.66725107144045,"v",4,5.14840164913142,4.66725107144045,
,,,,,,,,,,
129,18,"i",3,4.94855990237496,5.00817401972898,"i",3,4.94855990237496,5.00817401972898,
129,19,"v",3,3.06770530049815,5.02721528191311,"v",3,3.06770530049815,5.02721528191311,
129,20,"v",4,5.14840164913142,4.66725107144045,"v",4,5.14840164913142,4.66725107144045,
129,21,"-VI",3,5.0167862979426,5.02724870129425,"-VI",3,5.0167862979426,5.02724870129425,
129,22,"i",3,4.94855990237496,5.00817401972898,"i",3,4.94855990237496,5.00817401972898,
129,23,"v",3,3.06770530049815,5.02721528191311,"I",3,3.13742491254543,5.02721528191311,0.0697196120472809
129,24,"v",4,5.14840164913142,4.66725107144045,"v",3,6.47793449793696,4.46675865762418,
129,25,"-VI",3,5.0167862979426,5.02724870129425,"-VI",2,5.6613651086068,5.10869707151495,
129,26,"i",3,4.94855990237496,5.00817401972898,"i",2,4.61556209183707,5.32920382913942,
129,27,"v",3,3.06770530049815,5.02721528191311,"v",3,3.06770530049815,5.02721528191311,
129,28,"v",4,5.14840164913142,4.66725107144045,"v",4,5.14840164913142,4.66725107144045,
,,,,,,,,,,
130,22,"i",3,4.94855990237496,5.00817401972898,"i",3,4.94855990237496,5.00817401972898,
130,23,"v",3,3.06770530049815,5.02721528191311,"v",3,3.06770530049815,5.02721528191311,
130,24,"v",4,5.14840164913142,4.66725107144045,"v",4,5.14840164913142,4.66725107144045,
130,25,"-VI",3,5.0167862979426,5.02724870129425,"-VI",3,5.0167862979426,5.02724870129425,
130,26,"i",3,4.94855990237496,5.00817401972898,"i",3,4.94855990237496,5.00817401972898,
130,27,"v",3,3.06770530049815,5.02721528191311,"I",3,3.13742491254543,5.02721528191311,0.0697196120472809
130,28,"v",4,5.14840164913142,4.66725107144045,"v",3,6.47793449793696,4.46675865762418,
130,29,"-VI",3,5.0167862979426,5.02724870129425,"-VI",2,5.6613651086068,5.10869707151495,
130,30,"i",3,4.94855990237496,5.00817401972898,"i",2,4.61556209183707,5.32920382913942,
130,31,"-VII",3,4.93011710906188,5.02721528191311,"-VII",3,4.93011710906188,5.02721528191311,
130,32,"i",3,3.32659057030381,4.9452018679074,"i",3,3.32659057030381,4.9452018679074,
,,,,,,,,,,
131,259,"i",3,3.54186191717096,5.11872980397735,"i",3,3.54186191717096,5.11872980397735,
131,260,"v",4,4.82245694061508,4.18166613693819,"v",4,4.82245694061508,4.18166613693819,
131,261,"v",4,5.37025704405914,4.2648948062516,"v",4,5.37025704405914,4.2648948062516,
131,262,"-VI",3,5.0167862979426,5.02724870129425,"-VI",3,5.0167862979426,5.02724870129425,
131,263,"i",3,4.94855990237496,5.00817401972898,"i",3,4.94855990237496,5.00817401972898,
131,264,"v",3,3.06770530049815,5.02721528191311,"I",3,3.13742491254543,5.02721528191311,0.0697196120472809
131,265,"v",4,5.14840164913142,4.66725107144045,"v",3,6.47793449793696,4.46675865762418,
131,266,"-VI",3,5.0167862979426,5.02724870129425,"-VI",2,5.6613651086068,5.10869707151495,
131,267,"i",3,4.94855990237496,5.00817401972898,"i",2,4.61556209183707,5.32920382913942,
131,268,"v",3,3.06770530049815,5.02721528191311,"v",3,3.06770530049815,5.02721528191311,
131,269,"v",4,5.14840164913142,4.66725107144045,"v",4,5.14840164913142,4.66725107144045,
,,,,,,,,,,
132,263,"i",3,4.94855990237496,5.00817401972898,"i",3,4.94855990237496,5.00817401972898,
132,264,"v",3,3.06770530049815,5.02721528191311,"v",3,3.06770530049815,5.02721528191311,
132,265,"v",4,5.14840164913142,4.66725107144045,"v",4,5.14840164913142,4.66725107144045,
132,266,"-VI",3,5.0167862979426,5.02724870129425,"-VI",3,5.0167862979426,5.02724870129425,
132,267,"i",3,4.94855990237496,5.00817401972898,"i",3,4.94855990237496,5.00817401972898,
132,268,"v",3,3.06770530049815,5.02721528191311,"I",3,3.13742491254543,5.02721528191311,0.0697196120472809
132,269,"v",4,5.14840164913142,4.66725107144045,"v",3,6.47793449793696,4.46675865762418,
132,270,"-VI",3,5.0167862979426,5.02724870129425,"-VI",2,5.6613651086068,5.10869707151495,
132,271,"i",3,4.94855990237496,5.00817401972898,"i",2,4.61556209183707,5.32920382913942,
132,272,"v",3,3.06770530049815,5.02721528191311,"v",3,3.06770530049815,5.02721528191311,
132,273,"v",4,5.14840164913142,4.66725107144045,"v",4,5.14840164913142,4.66725107144045,
,,,,,,,,,,
133,267,"i",3,4.94855990237496,5.00817401972898,"i",3,4.94855990237496,5.00817401972898,
133,268,"v",3,3.06770530049815,5.02721528191311,"v",3,3.06770530049815,5.02721528191311,
133,269,"v",4,5.14840164913142,4.66725107144045,"v",4,5.14840164913142,4.66725107144045,
133,270,"-VI",3,5.0167862979426,5.02724870129425,"-VI",3,5.0167862979426,5.02724870129425,
133,271,"i",3,4.94855990237496,5.00817401972898,"i",3,4.94855990237496,5.00817401972898,
133,272,"v",3,3.06770530049815,5.02721528191311,"I",3,3.13742491254543,5.02721528191311,0.0697196120472809
133,273,"v",4,5.14840164913142,4.66725107144045,"v",3,6.47793449793696,4.46675865762418,
133,274,"-VI",3,5.0167862979426,5.02724870129425,"-VI",2,5.6613651086068,5.10869707151495,
133,275,"i",3,4.94855990237496,5.00817401972898,"i",2,4.61556209183707,5.32920382913942,
133,276,"v",3,3.06770530049815,5.02721528191311,"v",3,3.06770530049815,5.02721528191311,
133,277,"v",4,5.14840164913142,4.66725107144045,"v",4,5.14840164913142,4.66725107144045,
,,,,,,,,,,
134,271,"i",3,4.94855990237496,5.00817401972898,"i",3,4.94855990237496,5.00817401972898,
134,272,"v",3,3.06770530049815,5.02721528191311,"v",3,3.06770530049815,5.02721528191311,
134,273,"v",4,5.14840164913142,4.66725107144045,"v",4,5.14840164913142,4.66725107144045,
134,274,"-VI",3,5.0167862979426,5.02724870129425,"-VI",3,5.0167862979426,5.02724870129425,
134,275,"i",3,4.94855990237496,5.00817401972898,"i",3,4.94855990237496,5.00817401972898,
134,276,"v",3,3.06770530049815,5.02721528191311,"I",3,3.13742491254543,5.02721528191311,0.0697196120472809
134,277,"v",4,5.14840164913142,4.66725107144045,"v",3,6.47793449793696,4.46675865762418,
134,278,"-VI",3,5.0167862979426,5.02724870129425,"-VI",2,5.6613651086068,5.10869707151495,
134,279,"i",3,4.94855990237496,5.00817401972898,"i",2,4.61556209183707,5.32920382913942,
134,280,"v",3,3.06770530049815,5.02721528191311,"v",3,3.06770530049815,5.02721528191311,
134,281,"v",4,5.14840164913142,4.66725107144045,"v",4,5.14840164913142,4.66725107144045,
,,,,,,,,,,
135,275,"i",3,4.94855990237496,5.00817401972898,"i",3,4.94855990237496,5.00817401972898,
135,276,"v",3,3.06770530049815,5.02721528191311,"v",3,3.06770530049815,5.02721528191311,
135,277,"v",4,5.14840164913142,4.66725107144045,"v",4,5.14840164913142,4.66725107144045,
135,278,"-VI",3,5.0167862979426,5.02724870129425,"-VI",3,5.0167862979426,5.02724870129425,
135,279,"i",3,4.94855990237496,5.00817401972898,"i",3,4.94855990237496,5.00817401972898,
135,280,"v",3,3.06770530049815,5.02721528191311,"I",3,3.13742491254543,5.02721528191311,0.0697196120472809
135,281,"v",4,5.14840164913142,4.66725107144045,"v",3,6.47793449793696,4.46675865762418,
135,282,"-VI",3,5.0167862979426,5.02724870129425,"-VI",2,5.6613651086068,5.10869707151495,
135,283,"i",3,4.94855990237496,5.00817401972898,"i",2,4.61556209183707,5.32920382913942,
135,284,"v",3,3.06770530049815,5.02721528191311,"v",3,3.06770530049815,5.02721528191311,
135,285,"v",4,5.14840164913142,4.66725107144045,"v",4,5.14840164913142,4.66725107144045,
,,,,,,,,,,
136,279,"i",3,4.94855990237496,5.00817401972898,"i",3,4.94855990237496,5.00817401972898,
136,280,"v",3,3.06770530049815,5.02721528191311,"v",3,3.06770530049815,5.02721528191311,
136,281,"v",4,5.14840164913142,4.66725107144045,"v",4,5.14840164913142,4.66725107144045,
136,282,"-VI",3,5.0167862979426,5.02724870129425,"-VI",3,5.0167862979426,5.02724870129425,
136,283,"i",3,4.94855990237496,5.00817401972898,"i",3,4.94855990237496,5.00817401972898,
136,284,"v",3,3.06770530049815,5.02721528191311,"I",3,3.13742491254543,5.02721528191311,0.0697196120472809
136,285,"v",4,5.14840164913142,4.66725107144045,"v",3,6.47793449793696,4.46675865762418,
136,286,"-VI",3,5.0167862979426,5.02724870129425,"-VI",2,5.6613651086068,5.10869707151495,
136,287,"i",3,4.94855990237496,5.00817401972898,"i",2,4.61556209183707,5.32920382913942,
136,288,"v",3,3.06770530049815,5.02721528191311,"v",3,3.06770530049815,5.02721528191311,
136,289,"v",4,5.14840164913142,4.66725107144045,"v",4,5.14840164913142,4.66725107144045,
,,,,,,,,,,
137,283,"i",3,4.94855990237496,5.00817401972898,"i",3,4.94855990237496,5.00817401972898,
137,284,"v",3,3.06770530049815,5.02721528191311,"v",3,3.06770530049815,5.02721528191311,
137,285,"v",4,5.14840164913142,4.66725107144045,"v",4,5.14840164913142,4.66725107144045,
137,286,"-VI",3,5.0167862979426,5.02724870129425,"-VI",3,5.0167862979426,5.02724870129425,
137,287,"i",3,4.94855990237496,5.00817401972898,"i",3,4.94855990237496,5.00817401972898,
137,288,"v",3,3.06770530049815,5.02721528191311,"I",3,3.13742491254543,5.02721528191311,0.0697196120472809
137,289,"v",4,5.14840164913142,4.66725107144045,"v",3,6.47793449793696,4.46675865762418,
137,290,"-VI",3,5.0167862979426,5.02724870129425,"-VI",2,5.6613651086068,5.10869707151495,
137,291,"i",3,4.94855990237496,5.00817401972898,"i",2,4.61556209183707,5.32920382913942,
137,292,"v",3,3.06770530049815,5.02721528191311,"v",3,3.06770530049815,5.02721528191311,
137,293,"v",4,5.14840164913142,4.66725107144045,"v",4,5.14840164913142,4.66725107144045,
,,,,,,,,,,
138,287,"i",3,4.94855990237496,5.00817401972898,"i",3,4.94855990237496,5.00817401972898,
138,288,"v",3,3.06770530049815,5.02721528191311,"v",3,3.06770530049815,5.02721528191311,
138,289,"v",4,5.14840164913142,4.66725107144045,"v",4,5.14840164913142,4.66725107144045,
138,290,"-VI",3,5.0167862979426,5.02724870129425,"-VI",3,5.0167862979426,5.02724870129425,
138,291,"i",3,4.94855990237496,5.00817401972898,"i",3,4.94855990237496,5.00817401972898,
138,292,"v",3,3.06770530049815,5.02721528191311,"I",3,3.13742491254543,5.02721528191311,0.0697196120472809
138,293,"v",4,5.14840164913142,4.66725107144045,"v",3,6.47793449793696,4.46675865762418,
138,294,"-VI",3,5.0167862979426,5.02724870129425,"-VI",2,5.6613651086068,5.10869707151495,
138,295,"i",3,4.94855990237496,5.00817401972898,"i",2,4.61556209183707,5.32920382913942,
138,296,"v",3,3.06770530049815,5.02721528191311,"v",3,3.06770530049815,5.02721528191311,
138,297,"v",4,5.14840164913142,4.66725107144045,"v",4,5.14840164913142,4.66725107144045,
,,,,,,,,,,
139,291,"i",3,4.94855990237496,5.00817401972898,"i",3,4.94855990237496,5.00817401972898,
139,292,"v",3,3.06770530049815,5.02721528191311,"v",3,3.06770530049815,5.02721528191311,
139,293,"v",4,5.14840164913142,4.66725107144045,"v",4,5.14840164913142,4.66725107144045,
139,294,"-VI",3,5.0167862979426,5.02724870129425,"-VI",3,5.0167862979426,5.02724870129425,
139,295,"i",3,4.94855990237496,5.00817401972898,"i",3,4.94855990237496,5.00817401972898,
139,296,"v",3,3.06770530049815,5.02721528191311,"I",3,3.13742491254543,5.02721528191311,0.0697196120472809
139,297,"v",4,5.14840164913142,4.66725107144045,"v",3,6.47793449793696,4.46675865762418,
139,298,"-VI",3,5.0167862979426,5.02724870129425,"-VI",2,5.6613651086068,5.10869707151495,
139,299,"i",3,4.94855990237496,5.00817401972898,"i",2,4.61556209183707,5.32920382913942,
139,300,"v",3,3.06770530049815,5.02721528191311,"v",3,3.06770530049815,5.02721528191311,
139,301,"v",4,5.14840164913142,4.66725107144045,"v",4,5.14840164913142,4.66725107144045,
,,,,,,,,,,
140,295,"i",3,4.94855990237496,5.00817401972898,"i",3,4.94855990237496,5.00817401972898,
140,296,"v",3,3.06770530049815,5.02721528191311,"v",3,3.06770530049815,5.02721528191311,
140,297,"v",4,5.14840164913142,4.66725107144045,"v",4,5.14840164913142,4.66725107144045,
140,298,"-VI",3,5.0167862979426,5.02724870129425,"-VI",3,5.0167862979426,5.02724870129425,
140,299,"i",3,4.94855990237496,5.00817401972898,"i",3,4.94855990237496,5.00817401972898,
140,300,"v",3,3.06770530049815,5.02721528191311,"I",3,3.13742491254543,5.02721528191311,0.0697196120472809
140,301,"v",4,5.14840164913142,4.66725107144045,"v",3,6.47793449793696,4.46675865762418,
140,302,"-VI",3,5.0167862979426,5.02724870129425,"-VI",2,5.6613651086068,5.10869707151495,
140,303,"i",3,4.94855990237496,5.00817401972898,"i",2,4.61556209183707,5.32920382913942,
140,304,"v",3,3.06770530049815,5.02721528191311,"v",3,3.06770530049815,5.02721528191311,
140,305,"v",4,5.14840164913142,4.66725107144045,"v",4,5.14840164913142,4.66725107144045,
,,,,,,,,,,
141,299,"i",3,4.94855990237496,5.00817401972898,"i",3,4.94855990237496,5.00817401972898,
141,300,"v",3,3.06770530049815,5.02721528191311,"v",3,3.06770530049815,5.02721528191311,
141,301,"v",4,5.14840164913142,4.66725107144045,"v",4,5.14840164913142,4.66725107144045,
141,302,"-VI",3,5.0167862979426,5.02724870129425,"-VI",3,5.0167862979426,5.02724870129425,
141,303,"i",3,4.94855990237496,5.00817401972898,"i",3,4.94855990237496,5.00817401972898,
141,304,"v",3,3.06770530049815,5.02721528191311,"I",3,3.13742491254543,5.02721528191311,0.0697196120472809
141,305,"v",4,5.14840164913142,4.66725107144045,"v",3,6.47793449793696,4.46675865762418,
141,306,"-VI",3,5.0167862979426,5.02724870129425,"-VI",2,5.6613651086068,5.10869707151495,
141,307,"r",3,3.40291601497667,5.00817401972898,"r",2,3.06991820443877,5.32920382913942,
141,308,"r",2,0.427326551621149,1.88795188766303,"r",2,0.427326551621149,1.88795188766303,
,,,,,,,,,,
142,230,"i",10,0.529284406876262,2.40093434113601,"i",10,0.529284406876262,2.40093434113601,
142,231,"IV",10,0.213262327579672,1.23955557041258,"IV",10,0.213262327579672,1.23955557041258,
142,232,"i",10,0.529284406876262,2.40093434113601,"i",10,0.529284406876262,2.40093434113601,
142,233,"IV",10,0.213262327579672,1.23955557041258,"IV",10,0.213262327579672,1.23955557041258,
142,234,"v",10,6.74221629989118,2.40093434113601,"v",10,6.74221629989118,2.40093434113601,
142,235,"i",4,5.67265923083181,3.10758371246506,"I",4,5.74670820780874,3.10758371246506,0.074048976976929
142,236,"IV",3,4.66463521251178,5.06587031844523,"IV",3,4.51548777146467,5.09448582545445,
142,237,"v",3,5.79661897501703,4.53588692192196,"v",3,5.88715566735437,5.25122354922894,
142,238,"i",3,4.75522443346943,4.67022382222683,"i",3,4.71250571583441,4.81718482634699,
142,239,"IV",3,4.66463521251178,5.06587031844523,"IV",3,4.66463521251178,5.06587031844523,
142,240,"v",3,5.79661897501703,4.53588692192196,"v",3,5.79661897501703,4.53588692192196,
,,,,,,,,,,
143,233,"IV",10,0.213262327579672,1.23955557041258,"IV",10,0.213262327579672,1.23955557041258,
143,234,"v",10,6.74221629989118,2.40093434113601,"v",10,6.74221629989118,2.40093434113601,
143,235,"i",4,5.67265923083181,3.10758371246506,"i",4,5.67265923083181,3.10758371246506,
143,236,"IV",3,4.66463521251178,5.06587031844523,"IV",3,4.66463521251178,5.06587031844523,
143,237,"v",3,5.79661897501703,4.53588692192196,"v",3,5.79661897501703,4.53588692192196,
143,238,"i",3,4.75522443346943,4.67022382222683,"I",3,4.82927341044636,4.67022382222683,0.074048976976929
143,239,"IV",3,4.66463521251178,5.06587031844523,"IV",3,4.51548777146467,5.09448582545445,
143,240,"v",3,5.79661897501703,4.53588692192196,"v",3,5.88715566735437,5.25122354922894,
143,241,"i",3,4.75522443346943,4.67022382222683,"i",3,4.71250571583441,4.81718482634699,
143,242,"IV",3,4.66463521251178,5.06587031844523,"IV",3,4.66463521251178,5.06587031844523,
143,243,"v",3,5.79661897501703,4.53588692192196,"v",3,5.79661897501703,4.53588692192196,
,,,,,,,,,,
144,236,"IV",3,4.66463521251178,5.06587031844523,"IV",3,4.66463521251178,5.06587031844523,
144,237,"v",3,5.79661897501703,4.53588692192196,"v",3,5.79661897501703,4.53588692192196,
144,238,"i",3,4.75522443346943,4.67022382222683,"i",3,4.75522443346943,4.67022382222683,
144,239,"IV",3,4.66463521251178,5.06587031844523,"IV",3,4.66463521251178,5.06587031844523,
144,240,"v",3,5.79661897501703,4.53588692192196,"v",3,5.79661897501703,4.53588692192196,
144,241,"i",3,4.75522443346943,4.67022382222683,"I",3,4.82927341044636,4.67022382222683,0.074048976976929
144,242,"IV",3,4.66463521251178,5.06587031844523,"IV",3,4.51548777146467,5.09448582545445,
144,243,"v",3,5.79661897501703,4.53588692192196,"v",3,5.88715566735437,5.25122354922894,
144,244,"i",3,4.75522443346943,4.67022382222683,"i",3,4.71250571583441,4.81718482634699,
144,245,"IV",3,4.66463521251178,5.06587031844523,"IV",3,4.66463521251178,5.06587031844523,
144,246,"v",3,5.79661897501703,4.53588692192196,"v",3,5.79661897501703,4.53588692192196,
,,,,,,,,,,
145,239,"IV",3,4.66463521251178,5.06587031844523,"IV",3,4.66463521251178,5.06587031844523,
145,240,"v",3,5.79661897501703,4.53588692192196,"v",3,5.79661897501703,4.53588692192196,
145,241,"i",3,4.75522443346943,4.67022382222683,"i",3,4.75522443346943,4.67022382222683,
145,242,"IV",3,4.66463521251178,5.06587031844523,"IV",3,4.66463521251178,5.06587031844523,
145,243,"v",3,5.79661897501703,4.53588692192196,"v",3,5.79661897501703,4.53588692192196,
145,244,"i",3,4.75522443346943,4.67022382222683,"I",3,4.82927341044636,4.67022382222683,0.074048976976929
145,245,"IV",3,4.66463521251178,5.06587031844523,"IV",3,4.51548777146467,5.09448582545445,
145,246,"v",3,5.79661897501703,4.53588692192196,"v",3,5.88715566735437,5.25122354922894,
145,247,"i",3,4.75522443346943,4.67022382222683,"i",3,4.71250571583441,4.81718482634699,
145,248,"IV",3,4.66463521251178,5.06587031844523,"IV",3,4.66463521251178,5.06587031844523,
145,249,"v",3,5.79661897501703,4.53588692192196,"v",3,5.79661897501703,4.53588692192196,
,,,,,,,,,,
146,242,"IV",3,4.66463521251178,5.06587031844523,"IV",3,4.66463521251178,5.06587031844523,
146,243,"v",3,5.79661897501703,4.53588692192196,"v",3,5.79661897501703,4.53588692192196,
146,244,"i",3,4.75522443346943,4.67022382222683,"i",3,4.75522443346943,4.67022382222683,
146,245,"IV",3,4.66463521251178,5.06587031844523,"IV",3,4.66463521251178,5.06587031844523,
146,246,"v",3,5.79661897501703,4.53588692192196,"v",3,5.79661897501703,4.53588692192196,
146,247,"i",3,4.75522443346943,4.67022382222683,"I",3,4.82927341044636,4.67022382222683,0.074048976976929
146,248,"IV",3,4.66463521251178,5.06587031844523,"IV",3,4.51548777146467,5.09448582545445,
146,249,"v",3,5.79661897501703,4.53588692192196,"v",3,5.88715566735437,5.25122354922894,
146,250,"i",3,4.75522443346943,4.67022382222683,"i",3,4.71250571583441,4.81718482634699,
146,251,"IV",3,4.66463521251178,5.06587031844523,"IV",3,4.66463521251178,5.06587031844523,
146,252,"i",3,1.89625042100996,4.53588692192196,"i",3,1.89625042100996,4.53588692192196,
,,,,,,,,,,
147,245,"IV",3,4.66463521251178,5.06587031844523,"IV",3,4.66463521251178,5.06587031844523,
147,246,"v",3,5.79661897501703,4.53588692192196,"v",3,5.79661897501703,4.53588692192196,
147,247,"i",3,4.75522443346943,4.67022382222683,"i",3,4.75522443346943,4.67022382222683,
147,248,"IV",3,4.66463521251178,5.06587031844523,"IV",3,4.66463521251178,5.06587031844523,
147,249,"v",3,5.79661897501703,4.53588692192196,"v",3,5.79661897501703,4.53588692192196,
147,250,"i",3,4.75522443346943,4.67022382222683,"I",3,4.82927341044636,4.67022382222683,0.074048976976929
147,251,"IV",3,4.66463521251178,5.06587031844523,"IV",3,4.51548777146467,5.09448582545445,
147,252,"i",3,1.89625042100996,4.53588692192196,"i",3,5.5564493316591,5.25122354922894,
147,253,"-VII",4,5.21577099027657,4.82987992719864,"-VII",3,4.887637206646,5.16940093749446,
147,254,"-VII",3,4.09392797178889,5.10927754773395,"-VII",3,4.09392797178889,5.10927754773395,
147,255,"-VII",4,4.27728345260538,4.69243245936486,"-VII",4,4.27728345260538,4.69243245936486,
,,,,,,,,,,
148,99,"-VII",4,5.03058280397476,4.70252693479638,"-VII",4,5.03058280397476,4.70252693479638,
148,100,"i",3,3.54186191717096,5.11872980397735,"i",3,3.54186191717096,5.11872980397735,
148,101,"i",4,1.66394259301163,4.18166613693819,"i",4,1.66394259301163,4.18166613693819,
148,102,"i",5,3.6847801201746,4.72463181065589,"i",5,3.6847801201746,4.72463181065589,
148,103,"i",5,1.8635761940247,4.30220028616865,"i",5,1.8635761940247,4.30220028616865,
148,104,"-VI",6,3.43953915900164,4.59564751418637,"-III",6,3.51462508506747,4.59564751418637,0.0750859260658299
148,105,"-VI",7,3.48885075244422,3.47098158154673,"-VI",6,5.3188389708597,2.33003068788345,
148,106,"V",6,4.12616613784722,4.11964963532078,"V",6,5.65299698723132,3.6205950638887,
148,107,"V",4,1.03868812713096,3.51147119218037,"V",3,3.54414083877443,4.97164283837619,
148,108,"i",5,4.38114074395566,4.1555941670628,"i",4,4.35660439111606,4.92942674551315,
148,109,"i",5,1.64218738867813,4.40894757476599,"i",4,2.35910180991642,4.8626591465816,
,,,,,,,,,,
149,99,"-VII",4,5.03058280397476,4.70252693479638,"-VII",4,5.03058280397476,4.70252693479638,
149,100,"i",3,3.54186191717096,5.11872980397735,"i",3,3.54186191717096,5.11872980397735,
149,101,"i",4,1.66394259301163,4.18166613693819,"i",4,1.66394259301163,4.18166613693819,
149,102,"i",5,3.6847801201746,4.72463181065589,"i",5,3.6847801201746,4.72463181065589,
149,103,"i",5,1.8635761940247,4.30220028616865,"i",5,1.8635761940247,4.30220028616865,
149,104,"-VI",6,3.43953915900164,4.59564751418637,"iv",6,3.52596629764014,4.59564751418637,0.0864271386384994
149,105,"-VI",7,3.48885075244422,3.47098158154673,"-VI",7,5.58304879579103,3.85978204518426,
149,106,"V",6,4.12616613784722,4.11964963532078,"V",4,5.16129549399733,4.41914238869504,
149,107,"V",4,1.03868812713096,3.51147119218037,"V",3,4.27029363518994,4.53669456992987,
149,108,"i",5,4.38114074395566,4.1555941670628,"i",3,4.11212926278029,5.18195857872304,
149,109,"i",5,1.64218738867813,4.40894757476599,"i",4,2.35910180991642,4.8626591465816,
,,,,,,,,,,
150,80,"i",5,4.38114074395566,4.1555941670628,"i",5,4.38114074395566,4.1555941670628,
150,81,"i",5,1.64218738867813,4.40894757476599,"i",5,1.64218738867813,4.40894757476599,
150,82,"i",6,3.01982808906125,4.51166177197104,"i",6,3.01982808906125,4.51166177197104,
150,83,"-VI",6,4.55716252131823,4.63864038598482,"-VI",6,4.55716252131823,4.63864038598482,
150,84,"-VI",5,3.47545703983842,4.46346074196985,"-VI",5,3.47545703983842,4.46346074196985,
150,85,"-VI",5,3.46037062891965,4.46770747292112,"-III",5,3.55215041597752,4.46770747292112,0.0917797870578645
150,86,"-III",4,5.02416973786649,3.58451737751911,"-III",5,1.8569991015281,4.19563852251324,
150,87,"-III",4,1.52237712748654,4.20096659189879,"-III",6,3.97194422228922,4.57800940712791,
150,88,"-VI",5,3.16324345048551,4.46688071064673,"-VI",5,4.72890883256408,4.80733792184636,
150,89,"-VI",5,0.696301685106608,2.85461602750634,"-VI",4,1.94544592888993,4.69534743203619,
150,90,"v",6,5.71700836133688,3.92433911574192,"v",5,5.11975191123041,4.59111361965448,
,,,,,,,,,,
151,108,"i",5,4.38114074395566,4.1555941670628,"i",5,4.38114074395566,4.1555941670628,
151,109,"i",5,1.64218738867813,4.40894757476599,"i",5,1.64218738867813,4.40894757476599,
151,110,"i",6,3.01982808906125,4.51166177197104,"i",6,3.01982808906125,4.51166177197104,
151,111,"-VI",6,4.55716252131823,4.63864038598482,"-VI",6,4.55716252131823,4.63864038598482,
151,112,"-VI",5,3.47545703983842,4.46346074196985,"-VI",5,3.47545703983842,4.46346074196985,
151,113,"-VI",5,3.46037062891965,4.46770747292112,"-III",5,3.55215041597752,4.46770747292112,0.0917797870578645
151,114,"-III",4,5.02416973786649,3.58451737751911,"-III",5,1.8569991015281,4.19563852251324,
151,115,"-III",4,1.52237712748654,4.20096659189879,"-III",6,3.97194422228922,4.57800940712791,
151,116,"-VI",5,3.16324345048551,4.46688071064673,"-VI",5,4.72890883256408,4.80733792184636,
151,117,"-VI",5,0.696301685106608,2.85461602750634,"-VI",4,1.94544592888993,4.69534743203619,
151,118,"v",6,5.71700836133688,3.92433911574192,"v",5,5.11975191123041,4.59111361965448,
,,,,,,,,,,
152,100,"i",3,3.54186191717096,5.11872980397735,"i",3,3.54186191717096,5.11872980397735,
152,101,"i",4,1.66394259301163,4.18166613693819,"i",4,1.66394259301163,4.18166613693819,
152,102,"i",5,3.6847801201746,4.72463181065589,"i",5,3.6847801201746,4.72463181065589,
152,103,"i",5,1.8635761940247,4.30220028616865,"i",5,1.8635761940247,4.30220028616865,
152,104,"-VI",6,3.43953915900164,4.59564751418637,"-VI",6,3.43953915900164,4.59564751418637,
152,105,"-VI",7,3.48885075244422,3.47098158154673,"-III",7,3.39156713078575,3.47098158154673,0.0972836216584652
152,106,"V",6,4.12616613784722,4.11964963532078,"V",7,2.93000282881538,3.49123393366269,
152,107,"V",4,1.03868812713096,3.51147119218037,"V",5,3.03345794467898,3.74503373470548,
152,108,"i",5,4.38114074395566,4.1555941670628,"i",5,3.73725774454213,4.41352506052465,
152,109,"i",5,1.64218738867813,4.40894757476599,"i",5,2.96868698902395,4.59218975342968,
152,110,"i",6,3.01982808906125,4.51166177197104,"i",5,2.57893090527355,4.67308589835552,
,,,,,,,,,,
