"Comparison","Row","Orig_Symbol","Orig_Order","Orig_IC","Orig_Entropy","Swap_Symbol","Swap_Order","Swap_IC","Swap_Entropy","Distance"
1,40,"V",3,3.34891899744004,4.56957897531782,"V",3,3.34891899744004,4.56957897531782,
1,41,"I",3,4.17552320717053,4.87555392880673,"I",3,4.17552320717053,4.87555392880673,
1,42,"I",3,4.13190650490478,5.40112686756345,"I",3,4.13190650490478,5.40112686756345,
1,43,"vi",4,4.2950134712079,5.22475882139959,"vi",4,4.2950134712079,5.22475882139959,
1,44,"vi",5,2.60886315194141,4.7839630126665,"vi",5,2.60886315194141,4.7839630126665,
1,45,"VII",6,7.37296275524069,4.6938311359179,"-vii",6,7.37296275524069,4.6938311359179,0
1,46,"VII",1,4.25861632513268,5.35939902495797,"VII",1,6.40146468832667,5.37986897053541,
1,47,"III",2,3.88333701672916,5.03192017417812,"III",1,4.54313152981812,5.35939902495797,
1,48,"III",3,1.55805926843592,4.37890437332967,"III",2,2.35968677723969,4.92323805792392,
1,49,"VI",4,5.16524734787908,4.22288012824419,"VI",3,4.81835683127684,4.87462479662082,
1,50,"VI",3,1.24409566218337,3.99309370604159,"VI",3,1.24409566218337,3.99309370604159,
,,,,,,,,,,
2,51,"ii",4,4.95316286117299,3.88512590342859,"ii",4,4.95316286117299,3.88512590342859,
2,52,"ii",3,3.4145988319353,4.93429568582484,"ii",3,3.4145988319353,4.93429568582484,
2,53,"iv",4,5.03550034249799,4.45666491132189,"iv",4,5.03550034249799,4.45666491132189,
2,54,"iv",3,5.22195527872971,4.24478858687723,"iv",3,5.22195527872971,4.24478858687723,
2,55,"r",3,3.10988469008671,5.03353480566252,"r",3,3.10988469008671,5.03353480566252,
2,56,"iio",3,8.81055533616729,2.65120998784587,"vii",3,8.81055533616729,2.65120998784587,0
2,57,"r",1,3.12207434943258,5.13656897284064,"r",1,3.02730014579521,5.39598526308916,
2,58,"r",1,2.30762052133861,3.97526569652595,"r",1,2.30762052133861,3.97526569652595,
2,59,"r",2,1.86106956925883,3.64601662669941,"r",2,1.86106956925883,3.64601662669941,
2,60,"r",3,1.60950150739252,3.46316021898319,"r",3,1.60950150739252,3.46316021898319,
2,61,"I",4,1.95781871134021,3.48974951660457,"I",4,1.95781871134021,3.48974951660457,
,,,,,,,,,,
3,79,"ii",9,4.51768769015367,3.64432850973758,"ii",9,4.51768769015367,3.64432850973758,
3,80,"ii",5,2.63688710233263,4.70883279483817,"ii",5,2.63688710233263,4.70883279483817,
3,81,"iv",6,6.70726982400881,4.27648332399766,"iv",6,6.70726982400881,4.27648332399766,
3,82,"iii",3,6.52543558353392,5.05757635572413,"iii",3,6.52543558353392,5.05757635572413,
3,83,"iii",2,5.06603227454618,4.93163048383805,"iii",2,5.06603227454618,4.93163048383805,
3,84,"#ivo",2,6.87878192256377,5.24698189499688,"-V",2,6.87878192256377,5.24698189499688,0
3,85,"ii",1,3.38482608022132,5.00280443374801,"ii",1,6.00718042236055,5.40325824165234,
3,86,"ii",2,5.16713963819818,4.95104194077879,"ii",1,4.76314935093105,5.4514812614937,
3,87,"iio",2,6.01375065936197,5.31880210447212,"iio",2,6.01375065936197,5.31880210447212,
3,88,"iio",3,6.30413344716312,3.46946608206286,"iio",3,6.30413344716312,3.46946608206286,
3,89,"iio",2,5.63402967173239,4.2412845030594,"iio",2,5.63402967173239,4.2412845030594,
,,,,,,,,,,
4,106,"ii",1,4.76314935093105,5.4514812614937,"ii",1,4.76314935093105,5.4514812614937,
4,107,"I",2,4.18289480761984,5.31880210447212,"I",2,4.18289480761984,5.31880210447212,
4,108,"I",3,3.42590871013884,5.25388889221325,"I",3,3.42590871013884,5.25388889221325,
4,109,"vi",4,4.3268247454022,5.12467957113559,"vi",4,4.3268247454022,5.12467957113559,
4,110,"vi",5,3.12702258713118,4.84490832433922,"vi",5,3.12702258713118,4.84490832433922,
4,111,"VII",5,7.45227066187122,4.22416088940498,"-vii",5,7.45227066187122,4.22416088940498,0
4,112,"VII",1,4.25861632513268,5.35939902495797,"VII",1,6.40146468832667,5.37986897053541,
4,113,"III",2,3.88333701672916,5.03192017417812,"III",1,4.54313152981812,5.35939902495797,
4,114,"III",3,1.55805926843592,4.37890437332967,"III",2,2.35968677723969,4.92323805792392,
4,115,"VI",4,5.16524734787908,4.22288012824419,"VI",3,4.81835683127684,4.87462479662082,
4,116,"VI",3,1.24409566218337,3.99309370604159,"VI",3,1.24409566218337,3.99309370604159,
,,,,,,,,,,
5,117,"ii",4,4.95316286117299,3.88512590342859,"ii",4,4.95316286117299,3.88512590342859,
5,118,"ii",3,3.4145988319353,4.93429568582484,"ii",3,3.4145988319353,4.93429568582484,
5,119,"iv",4,5.03550034249799,4.45666491132189,"iv",4,5.03550034249799,4.45666491132189,
5,120,"iv",3,5.22195527872971,4.24478858687723,"iv",3,5.22195527872971,4.24478858687723,
5,121,"r",3,3.10988469008671,5.03353480566252,"r",3,3.10988469008671,5.03353480566252,
5,122,"iio",3,8.81055533616729,2.65120998784587,"vii",3,8.81055533616729,2.65120998784587,0
5,123,"r",1,3.12207434943258,5.13656897284064,"r",1,3.02730014579521,5.39598526308916,
5,124,"r",1,2.30762052133861,3.97526569652595,"r",1,2.30762052133861,3.97526569652595,
5,125,"r",2,1.86106956925883,3.64601662669941,"r",2,1.86106956925883,3.64601662669941,
5,126,"r",3,1.60950150739252,3.46316021898319,"r",3,1.60950150739252,3.46316021898319,
5,127,"I",4,1.95781871134021,3.48974951660457,"I",4,1.95781871134021,3.48974951660457,
,,,,,,,,,,
6,145,"IV",9,3.34366141243149,3.64432850973758,"IV",9,3.34366141243149,3.64432850973758,
6,146,"IV",4,1.7956143545287,4.36895493663094,"IV",4,1.7956143545287,4.36895493663094,
6,147,"iv",5,5.64556756063906,4.47865125331656,"iv",5,5.64556756063906,4.47865125331656,
6,148,"iii",3,6.4964482459115,5.22845895593233,"iii",3,6.4964482459115,5.22845895593233,
6,149,"iii",2,5.06603227454618,4.93163048383805,"iii",2,5.06603227454618,4.93163048383805,
6,150,"#ivo",2,6.87878192256377,5.24698189499688,"-V",2,6.87878192256377,5.24698189499688,0
6,151,"ii",1,3.38482608022132,5.00280443374801,"ii",1,6.00718042236055,5.40325824165234,
6,152,"ii",2,5.16713963819818,4.95104194077879,"ii",1,4.76314935093105,5.4514812614937,
6,153,"iio",2,6.01375065936197,5.31880210447212,"iio",2,6.01375065936197,5.31880210447212,
6,154,"iio",3,6.30413344716312,3.46946608206286,"iio",3,6.30413344716312,3.46946608206286,
6,155,"iio",2,5.63402967173239,4.2412845030594,"iio",2,5.63402967173239,4.2412845030594,
,,,,,,,,,,
7,49,"VI",4,5.16524734787908,4.22288012824419,"VI",4,5.16524734787908,4.22288012824419,
7,50,"VI",3,1.24409566218337,3.99309370604159,"VI",3,1.24409566218337,3.99309370604159,
7,51,"ii",4,4.95316286117299,3.88512590342859,"ii",4,4.95316286117299,3.88512590342859,
7,52,"ii",3,3.4145988319353,4.93429568582484,"ii",3,3.4145988319353,4.93429568582484,
7,53,"iv",4,5.03550034249799,4.45666491132189,"iv",4,5.03550034249799,4.45666491132189,
7,54,"iv",3,5.22195527872971,4.24478858687723,"v",3,5.21908889939841,4.24478858687723,0.00286637933129619
7,55,"r",3,3.10988469008671,5.03353480566252,"r",3,3.32561011802193,4.63273905245964,
7,56,"iio",3,8.81055533616729,2.65120998784587,"iio",3,10.0391230260714,1.66304438501699,
7,57,"r",1,3.12207434943258,5.13656897284064,"r",1,3.12207434943258,5.13656897284064,
7,58,"r",1,2.30762052133861,3.97526569652595,"r",1,2.30762052133861,3.97526569652595,
7,59,"r",2,1.86106956925883,3.64601662669941,"r",2,1.86106956925883,3.64601662669941,
,,,,,,,,,,
8,115,"VI",4,5.16524734787908,4.22288012824419,"VI",4,5.16524734787908,4.22288012824419,
8,116,"VI",3,1.24409566218337,3.99309370604159,"VI",3,1.24409566218337,3.99309370604159,
8,117,"ii",4,4.95316286117299,3.88512590342859,"ii",4,4.95316286117299,3.88512590342859,
8,118,"ii",3,3.4145988319353,4.93429568582484,"ii",3,3.4145988319353,4.93429568582484,
8,119,"iv",4,5.03550034249799,4.45666491132189,"iv",4,5.03550034249799,4.45666491132189,
8,120,"iv",3,5.22195527872971,4.24478858687723,"v",3,5.21908889939841,4.24478858687723,0.00286637933129619
8,121,"r",3,3.10988469008671,5.03353480566252,"r",3,3.32561011802193,4.63273905245964,
8,122,"iio",3,8.81055533616729,2.65120998784587,"iio",3,10.0391230260714,1.66304438501699,
8,123,"r",1,3.12207434943258,5.13656897284064,"r",1,3.12207434943258,5.13656897284064,
8,124,"r",1,2.30762052133861,3.97526569652595,"r",1,2.30762052133861,3.97526569652595,
8,125,"r",2,1.86106956925883,3.64601662669941,"r",2,1.86106956925883,3.64601662669941,
,,,,,,,,,,
9,105,"ii",2,6.87808097419861,4.2412845030594,"ii",2,6.87808097419861,4.2412845030594,
9,106,"ii",1,4.76314935093105,5.4514812614937,"ii",1,4.76314935093105,5.4514812614937,
9,107,"I",2,4.18289480761984,5.31880210447212,"I",2,4.18289480761984,5.31880210447212,
9,108,"I",3,3.42590871013884,5.25388889221325,"I",3,3.42590871013884,5.25388889221325,
9,109,"vi",4,4.3268247454022,5.12467957113559,"vi",4,4.3268247454022,5.12467957113559,
9,110,"vi",5,3.12702258713118,4.84490832433922,"IV",5,3.12241184469616,4.84490832433922,0.00461074243501569
9,111,"VII",5,7.45227066187122,4.22416088940498,"VII",5,7.86875175227558,4.06331966923475,
9,112,"VII",1,4.25861632513268,5.35939902495797,"VII",1,4.25861632513268,5.35939902495797,
9,113,"III",2,3.88333701672916,5.03192017417812,"III",2,3.88333701672916,5.03192017417812,
9,114,"III",3,1.55805926843592,4.37890437332967,"III",3,1.55805926843592,4.37890437332967,
9,115,"VI",4,5.16524734787908,4.22288012824419,"VI",4,5.16524734787908,4.22288012824419,
,,,,,,,,,,
10,19,"ii",10,1.92034511496473,4.07157109754438,"ii",10,1.92034511496473,4.07157109754438,
10,20,"ii",9,1.02035722301646,3.41185631099114,"ii",9,1.02035722301646,3.41185631099114,
10,21,"ii",7,0.808378327540961,3.01412522430921,"ii",7,0.808378327540961,3.01412522430921,
10,22,"ii",7,2.93938252498739,3.09963667282344,"ii",7,2.93938252498739,3.09963667282344,
10,23,"ii",7,1.70443780177543,4.01009717496488,"ii",7,1.70443780177543,4.01009717496488,
10,24,"I",8,3.42054561052291,4.09762375075601,"II",8,3.42796267011943,4.09762375075601,0.00741705959652039
10,25,"I",6,0.785774993899771,3.15197228529058,"I",4,5.89309100459251,4.28359814138593,
10,26,"I",8,3.1029557470253,4.76805208907173,"I",2,3.96102660605386,5.37111288311295,
10,27,"I",6,0.699023807181025,2.9266572778572,"I",3,3.74309400284588,5.27918232618893,
10,28,"I",9,1.30004616171904,3.95256916532923,"I",4,2.61386374927559,5.06447490019544,
10,29,"I",8,1.27453290671435,3.98365122899055,"I",5,1.75507291753117,4.58408754350432,
,,,,,,,,,,
11,143,"ii",10,5.3318508384463,3.56914429349208,"ii",10,5.3318508384463,3.56914429349208,
11,144,"ii",8,1.4439031146592,3.53109868570543,"ii",8,1.4439031146592,3.53109868570543,
11,145,"IV",9,3.34366141243149,3.64432850973758,"IV",9,3.34366141243149,3.64432850973758,
11,146,"IV",4,1.7956143545287,4.36895493663094,"IV",4,1.7956143545287,4.36895493663094,
11,147,"iv",5,5.64556756063906,4.47865125331656,"iv",5,5.64556756063906,4.47865125331656,
11,148,"iii",3,6.4964482459115,5.22845895593233,"vii",3,6.50453814584359,5.22845895593233,0.00808989993209686
11,149,"iii",2,5.06603227454618,4.93163048383805,"iii",2,2.6822669866156,4.79485183987003,
11,150,"#ivo",2,6.87878192256377,5.24698189499688,"#ivo",2,6.86734527657284,4.93383209968346,
11,151,"ii",1,3.38482608022132,5.00280443374801,"ii",1,3.38482608022132,5.00280443374801,
11,152,"ii",2,5.16713963819818,4.95104194077879,"ii",2,5.16713963819818,4.95104194077879,
11,153,"iio",2,6.01375065936197,5.31880210447212,"iio",2,6.01375065936197,5.31880210447212,
,,,,,,,,,,
12,77,"ii",10,5.3318508384463,3.56914429349208,"ii",10,5.3318508384463,3.56914429349208,
12,78,"ii",8,1.4439031146592,3.53109868570543,"ii",8,1.4439031146592,3.53109868570543,
12,79,"ii",9,4.51768769015367,3.64432850973758,"ii",9,4.51768769015367,3.64432850973758,
12,80,"ii",5,2.63688710233263,4.70883279483817,"ii",5,2.63688710233263,4.70883279483817,
12,81,"iv",6,6.70726982400881,4.27648332399766,"iv",6,6.70726982400881,4.27648332399766,
12,82,"iii",3,6.52543558353392,5.05757635572413,"vii",3,6.53352548346602,5.05757635572413,0.00808989993209774
12,83,"iii",2,5.06603227454618,4.93163048383805,"iii",2,2.6822669866156,4.79485183987003,
12,84,"#ivo",2,6.87878192256377,5.24698189499688,"#ivo",2,6.86734527657284,4.93383209968346,
12,85,"ii",1,3.38482608022132,5.00280443374801,"ii",1,3.38482608022132,5.00280443374801,
12,86,"ii",2,5.16713963819818,4.95104194077879,"ii",2,5.16713963819818,4.95104194077879,
12,87,"iio",2,6.01375065936197,5.31880210447212,"iio",2,6.01375065936197,5.31880210447212,
,,,,,,,,,,
13,155,"iio",2,5.63402967173239,4.2412845030594,"iio",2,5.63402967173239,4.2412845030594,
13,156,"V",2,3.49630902178129,4.2412845030594,"V",2,3.49630902178129,4.2412845030594,
13,157,"I",2,3.5499808322293,5.33715688987669,"I",2,3.5499808322293,5.33715688987669,
13,158,"I",3,2.93777615845489,5.22119492673301,"I",3,2.93777615845489,5.22119492673301,
13,159,"ii",4,3.78398748530637,5.21823057143639,"ii",4,3.78398748530637,5.21823057143639,
13,160,"ii",5,3.65986320719145,4.46174213687789,"I",5,3.65080030406871,4.46174213687789,0.00906290312273983
13,161,"iio",5,6.84055696269145,4.59295566994238,"iio",5,6.99874812177415,4.90574784770698,
13,162,"iio",3,6.30413344716312,3.46946608206286,"iio",2,5.97283717794668,3.91257940667704,
13,163,"ii",2,6.87808097419861,4.2412845030594,"ii",2,6.87808097419861,4.2412845030594,
13,164,"ii",1,4.76314935093105,5.4514812614937,"ii",1,4.76314935093105,5.4514812614937,
13,165,"I",2,4.18289480761984,5.31880210447212,"I",2,4.18289480761984,5.31880210447212,
,,,,,,,,,,
14,77,"ii",10,5.3318508384463,3.56914429349208,"ii",10,5.3318508384463,3.56914429349208,
14,78,"ii",8,1.4439031146592,3.53109868570543,"ii",8,1.4439031146592,3.53109868570543,
14,79,"ii",9,4.51768769015367,3.64432850973758,"ii",9,4.51768769015367,3.64432850973758,
14,80,"ii",5,2.63688710233263,4.70883279483817,"ii",5,2.63688710233263,4.70883279483817,
14,81,"iv",6,6.70726982400881,4.27648332399766,"iv",6,6.70726982400881,4.27648332399766,
14,82,"iii",3,6.52543558353392,5.05757635572413,"-vii",3,6.51605434723961,5.05757635572413,0.00938123629430887
14,83,"iii",2,5.06603227454618,4.93163048383805,"iii",2,6.59487458366091,4.9237788823171,
14,84,"#ivo",2,6.87878192256377,5.24698189499688,"#ivo",1,6.54727422266321,5.43095943106783,
14,85,"ii",1,3.38482608022132,5.00280443374801,"ii",1,3.38482608022132,5.00280443374801,
14,86,"ii",2,5.16713963819818,4.95104194077879,"ii",2,5.16713963819818,4.95104194077879,
14,87,"iio",2,6.01375065936197,5.31880210447212,"iio",2,6.01375065936197,5.31880210447212,
,,,,,,,,,,
15,143,"ii",10,5.3318508384463,3.56914429349208,"ii",10,5.3318508384463,3.56914429349208,
15,144,"ii",8,1.4439031146592,3.53109868570543,"ii",8,1.4439031146592,3.53109868570543,
15,145,"IV",9,3.34366141243149,3.64432850973758,"IV",9,3.34366141243149,3.64432850973758,
15,146,"IV",4,1.7956143545287,4.36895493663094,"IV",4,1.7956143545287,4.36895493663094,
15,147,"iv",5,5.64556756063906,4.47865125331656,"iv",5,5.64556756063906,4.47865125331656,
15,148,"iii",3,6.4964482459115,5.22845895593233,"-vii",3,6.48706700961719,5.22845895593233,0.00938123629430887
15,149,"iii",2,5.06603227454618,4.93163048383805,"iii",2,6.59487458366091,4.9237788823171,
15,150,"#ivo",2,6.87878192256377,5.24698189499688,"#ivo",1,6.54727422266321,5.43095943106783,
15,151,"ii",1,3.38482608022132,5.00280443374801,"ii",1,3.38482608022132,5.00280443374801,
15,152,"ii",2,5.16713963819818,4.95104194077879,"ii",2,5.16713963819818,4.95104194077879,
15,153,"iio",2,6.01375065936197,5.31880210447212,"iio",2,6.01375065936197,5.31880210447212,
,,,,,,,,,,
16,72,"I",10,0.464820689061083,2.12016058909174,"I",10,0.464820689061083,2.12016058909174,
16,73,"I",10,0.464820689061083,2.12016058909174,"I",10,0.464820689061083,2.12016058909174,
16,74,"I",10,0.464820689061083,2.12016058909174,"I",10,0.464820689061083,2.12016058909174,
16,75,"IV",10,4.27383210806845,2.12016058909174,"IV",10,4.27383210806845,2.12016058909174,
16,76,"IV",10,1.25316939999977,3.51683262673969,"IV",10,1.25316939999977,3.51683262673969,
16,77,"ii",10,5.3318508384463,3.56914429349208,"vi",10,5.31944790488768,3.56914429349208,0.0124029335586293
16,78,"ii",8,1.4439031146592,3.53109868570543,"ii",6,6.5301053680689,2.29539027645397,
16,79,"ii",9,4.51768769015367,3.64432850973758,"ii",3,4.47243839587029,5.12772635905308,
16,80,"ii",5,2.63688710233263,4.70883279483817,"ii",3,3.88568467132137,5.08157748060351,
16,81,"iv",6,6.70726982400881,4.27648332399766,"iv",4,6.31002857348278,4.70690784742531,
16,82,"iii",3,6.52543558353392,5.05757635572413,"iii",3,6.52543558353392,5.05757635572413,
,,,,,,,,,,
17,138,"I",10,0.464820689061083,2.12016058909174,"I",10,0.464820689061083,2.12016058909174,
17,139,"I",10,0.464820689061083,2.12016058909174,"I",10,0.464820689061083,2.12016058909174,
17,140,"I",10,0.464820689061083,2.12016058909174,"I",10,0.464820689061083,2.12016058909174,
17,141,"IV",10,4.27383210806845,2.12016058909174,"IV",10,4.27383210806845,2.12016058909174,
17,142,"IV",10,1.25316939999977,3.51683262673969,"IV",10,1.25316939999977,3.51683262673969,
17,143,"ii",10,5.3318508384463,3.56914429349208,"vi",10,5.31944790488768,3.56914429349208,0.0124029335586293
17,144,"ii",8,1.4439031146592,3.53109868570543,"ii",6,6.5301053680689,2.29539027645397,
17,145,"IV",9,3.34366141243149,3.64432850973758,"IV",3,3.62639788197435,5.12772635905308,
17,146,"IV",4,1.7956143545287,4.36895493663094,"IV",4,4.24362029627195,4.47148070053429,
17,147,"iv",5,5.64556756063906,4.47865125331656,"iv",4,5.82527716787157,4.17972020116999,
17,148,"iii",3,6.4964482459115,5.22845895593233,"iii",3,6.4964482459115,5.22845895593233,
,,,,,,,,,,
18,33,"IV",9,2.77829776329859,4.70150995411031,"IV",9,2.77829776329859,4.70150995411031,
18,34,"IV",10,1.85035301246321,3.56914429349208,"IV",10,1.85035301246321,3.56914429349208,
18,35,"IV",10,0.368956624053195,1.80275035727911,"IV",10,0.368956624053195,1.80275035727911,
18,36,"iv",10,7.80895305633684,2.12694644846139,"iv",10,7.80895305633684,2.12694644846139,
18,37,"I",4,2.11739783694104,4.81431584122313,"I",4,2.11739783694104,4.81431584122313,
18,38,"io",4,7.60167681076924,3.79737567386236,"vo",4,7.58925755151518,3.79737567386236,0.0124192592540675
18,39,"ii",2,3.61671590938521,5.07113943085968,"ii",2,6.90070109388941,4.10895577324689,
18,40,"V",3,3.34891899744004,4.56957897531782,"V",1,4.44179232229737,5.4514812614937,
18,41,"I",3,4.17552320717053,4.87555392880673,"I",2,3.88391692192418,5.32637995012517,
18,42,"I",3,4.13190650490478,5.40112686756345,"I",3,4.13190650490478,5.40112686756345,
18,43,"vi",4,4.2950134712079,5.22475882139959,"vi",4,4.2950134712079,5.22475882139959,
,,,,,,,,,,
19,89,"iio",2,5.63402967173239,4.2412845030594,"iio",2,5.63402967173239,4.2412845030594,
19,90,"iio",2,5.63402967173239,4.2412845030594,"iio",2,5.63402967173239,4.2412845030594,
19,91,"I",2,1.44590756260574,4.2412845030594,"I",2,1.44590756260574,4.2412845030594,
19,92,"I",3,3.50653347100225,4.82718016834977,"I",3,3.50653347100225,4.82718016834977,
19,93,"ii",3,3.98002149785095,5.30785230502309,"ii",3,3.98002149785095,5.30785230502309,
19,94,"ii",4,4.2002145969608,4.95963904862603,"I",4,4.18414789989517,4.95963904862603,0.0160666970656296
19,95,"iio",4,6.6087944170532,4.82613516645091,"iio",4,6.75537373383782,5.18455551805036,
19,96,"iio",3,6.30413344716312,3.46946608206286,"iio",2,5.97283717794668,3.91257940667704,
19,97,"ii",2,6.87808097419861,4.2412845030594,"ii",2,6.87808097419861,4.2412845030594,
19,98,"V",1,4.44179232229737,5.4514812614937,"V",1,4.44179232229737,5.4514812614937,
19,99,"I",2,3.88391692192418,5.32637995012517,"I",2,3.88391692192418,5.32637995012517,
,,,,,,,,,,
20,40,"V",3,3.34891899744004,4.56957897531782,"V",3,3.34891899744004,4.56957897531782,
20,41,"I",3,4.17552320717053,4.87555392880673,"I",3,4.17552320717053,4.87555392880673,
20,42,"I",3,4.13190650490478,5.40112686756345,"I",3,4.13190650490478,5.40112686756345,
20,43,"vi",4,4.2950134712079,5.22475882139959,"vi",4,4.2950134712079,5.22475882139959,
20,44,"vi",5,2.60886315194141,4.7839630126665,"vi",5,2.60886315194141,4.7839630126665,
20,45,"VII",6,7.37296275524069,4.6938311359179,"vo",6,7.39372131540748,4.6938311359179,0.0207585601667963
20,46,"VII",1,4.25861632513268,5.35939902495797,"VII",1,6.72999292041198,4.97284879906394,
20,47,"III",2,3.88333701672916,5.03192017417812,"III",1,4.54313152981812,5.35939902495797,
20,48,"III",3,1.55805926843592,4.37890437332967,"III",2,2.35968677723969,4.92323805792392,
20,49,"VI",4,5.16524734787908,4.22288012824419,"VI",3,4.81835683127684,4.87462479662082,
20,50,"VI",3,1.24409566218337,3.99309370604159,"VI",3,1.24409566218337,3.99309370604159,
,,,,,,,,,,
21,106,"ii",1,4.76314935093105,5.4514812614937,"ii",1,4.76314935093105,5.4514812614937,
21,107,"I",2,4.18289480761984,5.31880210447212,"I",2,4.18289480761984,5.31880210447212,
21,108,"I",3,3.42590871013884,5.25388889221325,"I",3,3.42590871013884,5.25388889221325,
21,109,"vi",4,4.3268247454022,5.12467957113559,"vi",4,4.3268247454022,5.12467957113559,
21,110,"vi",5,3.12702258713118,4.84490832433922,"vi",5,3.12702258713118,4.84490832433922,
21,111,"VII",5,7.45227066187122,4.22416088940498,"vo",5,7.47302922203802,4.22416088940498,0.0207585601667972
21,112,"VII",1,4.25861632513268,5.35939902495797,"VII",1,6.72999292041198,4.97284879906394,
21,113,"III",2,3.88333701672916,5.03192017417812,"III",1,4.54313152981812,5.35939902495797,
21,114,"III",3,1.55805926843592,4.37890437332967,"III",2,2.35968677723969,4.92323805792392,
21,115,"VI",4,5.16524734787908,4.22288012824419,"VI",3,4.81835683127684,4.87462479662082,
21,116,"VI",3,1.24409566218337,3.99309370604159,"VI",3,1.24409566218337,3.99309370604159,
,,,,,,,,,,
22,79,"ii",9,4.51768769015367,3.64432850973758,"ii",9,4.51768769015367,3.64432850973758,
22,80,"ii",5,2.63688710233263,4.70883279483817,"ii",5,2.63688710233263,4.70883279483817,
22,81,"iv",6,6.70726982400881,4.27648332399766,"iv",6,6.70726982400881,4.27648332399766,
22,82,"iii",3,6.52543558353392,5.05757635572413,"iii",3,6.52543558353392,5.05757635572413,
22,83,"iii",2,5.06603227454618,4.93163048383805,"iii",2,5.06603227454618,4.93163048383805,
22,84,"#ivo",2,6.87878192256377,5.24698189499688,"V+",2,6.85675561623377,5.24698189499688,0.0220263063299981
22,85,"ii",1,3.38482608022132,5.00280443374801,"ii",1,6.1450540225557,5.18037920880338,
22,86,"ii",2,5.16713963819818,4.95104194077879,"ii",1,4.76314935093105,5.4514812614937,
22,87,"iio",2,6.01375065936197,5.31880210447212,"iio",2,6.01375065936197,5.31880210447212,
22,88,"iio",3,6.30413344716312,3.46946608206286,"iio",3,6.30413344716312,3.46946608206286,
22,89,"iio",2,5.63402967173239,4.2412845030594,"iio",2,5.63402967173239,4.2412845030594,
,,,,,,,,,,
23,145,"IV",9,3.34366141243149,3.64432850973758,"IV",9,3.34366141243149,3.64432850973758,
23,146,"IV",4,1.7956143545287,4.36895493663094,"IV",4,1.7956143545287,4.36895493663094,
23,147,"iv",5,5.64556756063906,4.47865125331656,"iv",5,5.64556756063906,4.47865125331656,
23,148,"iii",3,6.4964482459115,5.22845895593233,"iii",3,6.4964482459115,5.22845895593233,
23,149,"iii",2,5.06603227454618,4.93163048383805,"iii",2,5.06603227454618,4.93163048383805,
23,150,"#ivo",2,6.87878192256377,5.24698189499688,"V+",2,6.85675561623377,5.24698189499688,0.0220263063299981
23,151,"ii",1,3.38482608022132,5.00280443374801,"ii",1,6.1450540225557,5.18037920880338,
23,152,"ii",2,5.16713963819818,4.95104194077879,"ii",1,4.76314935093105,5.4514812614937,
23,153,"iio",2,6.01375065936197,5.31880210447212,"iio",2,6.01375065936197,5.31880210447212,
23,154,"iio",3,6.30413344716312,3.46946608206286,"iio",3,6.30413344716312,3.46946608206286,
23,155,"iio",2,5.63402967173239,4.2412845030594,"iio",2,5.63402967173239,4.2412845030594,
,,,,,,,,,,
24,41,"I",3,4.17552320717053,4.87555392880673,"I",3,4.17552320717053,4.87555392880673,
24,42,"I",3,4.13190650490478,5.40112686756345,"I",3,4.13190650490478,5.40112686756345,
24,43,"vi",4,4.2950134712079,5.22475882139959,"vi",4,4.2950134712079,5.22475882139959,
24,44,"vi",5,2.60886315194141,4.7839630126665,"vi",5,2.60886315194141,4.7839630126665,
24,45,"VII",6,7.37296275524069,4.6938311359179,"VII",6,7.37296275524069,4.6938311359179,
24,46,"VII",1,4.25861632513268,5.35939902495797,"iii",1,4.23470810837645,5.35939902495797,0.0239082167562277
24,47,"III",2,3.88333701672916,5.03192017417812,"III",2,3.53642335066578,5.08452842990732,
24,48,"III",3,1.55805926843592,4.37890437332967,"III",3,3.82692624995385,4.58510028481071,
24,49,"VI",4,5.16524734787908,4.22288012824419,"VI",3,4.72620594438059,5.01645417780834,
24,50,"VI",3,1.24409566218337,3.99309370604159,"VI",3,1.24409566218337,3.99309370604159,
24,51,"ii",4,4.95316286117299,3.88512590342859,"ii",4,4.95316286117299,3.88512590342859,
,,,,,,,,,,
25,107,"I",2,4.18289480761984,5.31880210447212,"I",2,4.18289480761984,5.31880210447212,
25,108,"I",3,3.42590871013884,5.25388889221325,"I",3,3.42590871013884,5.25388889221325,
25,109,"vi",4,4.3268247454022,5.12467957113559,"vi",4,4.3268247454022,5.12467957113559,
25,110,"vi",5,3.12702258713118,4.84490832433922,"vi",5,3.12702258713118,4.84490832433922,
25,111,"VII",5,7.45227066187122,4.22416088940498,"VII",5,7.45227066187122,4.22416088940498,
25,112,"VII",1,4.25861632513268,5.35939902495797,"iii",1,4.23470810837645,5.35939902495797,0.0239082167562277
25,113,"III",2,3.88333701672916,5.03192017417812,"III",2,3.53642335066578,5.08452842990732,
25,114,"III",3,1.55805926843592,4.37890437332967,"III",3,3.82692624995385,4.58510028481071,
25,115,"VI",4,5.16524734787908,4.22288012824419,"VI",3,4.72620594438059,5.01645417780834,
25,116,"VI",3,1.24409566218337,3.99309370604159,"VI",3,1.24409566218337,3.99309370604159,
25,117,"ii",4,4.95316286117299,3.88512590342859,"ii",4,4.95316286117299,3.88512590342859,
,,,,,,,,,,
26,82,"iii",3,6.52543558353392,5.05757635572413,"iii",3,6.52543558353392,5.05757635572413,
26,83,"iii",2,5.06603227454618,4.93163048383805,"iii",2,5.06603227454618,4.93163048383805,
26,84,"#ivo",2,6.87878192256377,5.24698189499688,"#ivo",2,6.87878192256377,5.24698189499688,
26,85,"ii",1,3.38482608022132,5.00280443374801,"ii",1,3.38482608022132,5.00280443374801,
26,86,"ii",2,5.16713963819818,4.95104194077879,"ii",2,5.16713963819818,4.95104194077879,
26,87,"iio",2,6.01375065936197,5.31880210447212,"-iii",2,6.03893387609901,5.31880210447212,0.0251832167370427
26,88,"iio",3,6.30413344716312,3.46946608206286,"iio",3,7.45907517761241,3.81446575660979,
26,89,"iio",2,5.63402967173239,4.2412845030594,"iio",1,5.1375170950949,5.13656897284064,
26,90,"iio",2,5.63402967173239,4.2412845030594,"iio",2,5.63402967173239,4.2412845030594,
26,91,"I",2,1.44590756260574,4.2412845030594,"I",2,1.44590756260574,4.2412845030594,
26,92,"I",3,3.50653347100225,4.82718016834977,"I",3,3.50653347100225,4.82718016834977,
,,,,,,,,,,
27,98,"V",1,4.44179232229737,5.4514812614937,"V",1,4.44179232229737,5.4514812614937,
27,99,"I",2,3.88391692192418,5.32637995012517,"I",2,3.88391692192418,5.32637995012517,
27,100,"I",3,4.13190650490478,5.40112686756345,"I",3,4.13190650490478,5.40112686756345,
27,101,"ii",4,4.23683400361267,5.22475882139959,"ii",4,4.23683400361267,5.22475882139959,
27,102,"ii",5,3.06588953589311,4.52442555888543,"ii",5,3.06588953589311,4.52442555888543,
27,103,"iio",6,7.15941585517291,4.26772416179408,"-iii",6,7.18459907190995,4.26772416179408,0.0251832167370427
27,104,"iio",3,6.30413344716312,3.46946608206286,"iio",3,7.45907517761241,3.81446575660979,
27,105,"ii",2,6.87808097419861,4.2412845030594,"ii",1,6.38156839756112,5.13656897284064,
27,106,"ii",1,4.76314935093105,5.4514812614937,"ii",1,4.76314935093105,5.4514812614937,
27,107,"I",2,4.18289480761984,5.31880210447212,"I",2,4.18289480761984,5.31880210447212,
27,108,"I",3,3.42590871013884,5.25388889221325,"I",3,3.42590871013884,5.25388889221325,
,,,,,,,,,,
28,148,"iii",3,6.4964482459115,5.22845895593233,"iii",3,6.4964482459115,5.22845895593233,
28,149,"iii",2,5.06603227454618,4.93163048383805,"iii",2,5.06603227454618,4.93163048383805,
28,150,"#ivo",2,6.87878192256377,5.24698189499688,"#ivo",2,6.87878192256377,5.24698189499688,
28,151,"ii",1,3.38482608022132,5.00280443374801,"ii",1,3.38482608022132,5.00280443374801,
28,152,"ii",2,5.16713963819818,4.95104194077879,"ii",2,5.16713963819818,4.95104194077879,
28,153,"iio",2,6.01375065936197,5.31880210447212,"-iii",2,6.03893387609901,5.31880210447212,0.0251832167370427
28,154,"iio",3,6.30413344716312,3.46946608206286,"iio",3,7.45907517761241,3.81446575660979,
28,155,"iio",2,5.63402967173239,4.2412845030594,"iio",1,5.1375170950949,5.13656897284064,
28,156,"V",2,3.49630902178129,4.2412845030594,"V",2,3.49630902178129,4.2412845030594,
28,157,"I",2,3.5499808322293,5.33715688987669,"I",2,3.5499808322293,5.33715688987669,
28,158,"I",3,2.93777615845489,5.22119492673301,"I",3,2.93777615845489,5.22119492673301,
,,,,,,,,,,
29,164,"ii",1,4.76314935093105,5.4514812614937,"ii",1,4.76314935093105,5.4514812614937,
29,165,"I",2,4.18289480761984,5.31880210447212,"I",2,4.18289480761984,5.31880210447212,
29,166,"I",3,3.42590871013884,5.25388889221325,"I",3,3.42590871013884,5.25388889221325,
29,167,"ii",4,3.72682568680353,5.12467957113559,"ii",4,3.72682568680353,5.12467957113559,
29,168,"ii",5,1.48197115727432,4.02697995917804,"ii",5,1.48197115727432,4.02697995917804,
29,169,"iio",6,7.3169412934477,3.84827345740927,"-iii",6,7.34212451018475,3.84827345740927,0.0251832167370427
29,170,"iio",3,6.30413344716312,3.46946608206286,"iio",3,7.45907517761241,3.81446575660979,
29,171,"ii",2,6.87808097419861,4.2412845030594,"ii",1,6.38156839756112,5.13656897284064,
29,172,"ii",1,4.76314935093105,5.4514812614937,"ii",1,4.76314935093105,5.4514812614937,
29,173,"I",2,4.18289480761984,5.31880210447212,"I",2,4.18289480761984,5.31880210447212,
29,174,"I",3,3.42590871013884,5.25388889221325,"I",3,3.42590871013884,5.25388889221325,
,,,,,,,,,,
30,172,"ii",1,4.76314935093105,5.4514812614937,"ii",1,4.76314935093105,5.4514812614937,
30,173,"I",2,4.18289480761984,5.31880210447212,"I",2,4.18289480761984,5.31880210447212,
30,174,"I",3,3.42590871013884,5.25388889221325,"I",3,3.42590871013884,5.25388889221325,
30,175,"ii",4,3.72682568680353,5.12467957113559,"ii",4,3.72682568680353,5.12467957113559,
30,176,"ii",5,1.48197115727432,4.02697995917804,"ii",5,1.48197115727432,4.02697995917804,
30,177,"iio",6,7.3169412934477,3.84827345740927,"-iii",6,7.34212451018475,3.84827345740927,0.0251832167370427
30,178,"iio",3,6.30413344716312,3.46946608206286,"iio",3,7.45907517761241,3.81446575660979,
30,179,"I",2,1.44590756260574,4.2412845030594,"I",1,3.2236369921134,5.13656897284064,
30,180,"I",3,3.50653347100225,4.82718016834977,"I",2,3.1978240900452,5.29452525707598,
30,181,"I",3,4.02719472359701,5.30785230502309,"I",3,4.02719472359701,5.30785230502309,
30,182,"I",4,2.48746044018625,5.08886441969574,"I",4,2.48746044018625,5.08886441969574,
,,,,,,,,,,
31,90,"iio",2,5.63402967173239,4.2412845030594,"iio",2,5.63402967173239,4.2412845030594,
31,91,"I",2,1.44590756260574,4.2412845030594,"I",2,1.44590756260574,4.2412845030594,
31,92,"I",3,3.50653347100225,4.82718016834977,"I",3,3.50653347100225,4.82718016834977,
31,93,"ii",3,3.98002149785095,5.30785230502309,"ii",3,3.98002149785095,5.30785230502309,
31,94,"ii",4,4.2002145969608,4.95963904862603,"ii",4,4.2002145969608,4.95963904862603,
31,95,"iio",4,6.6087944170532,4.82613516645091,"-iii",4,6.63397763379024,4.82613516645091,0.0251832167370436
31,96,"iio",3,6.30413344716312,3.46946608206286,"iio",3,7.45907517761241,3.81446575660979,
31,97,"ii",2,6.87808097419861,4.2412845030594,"ii",1,6.38156839756112,5.13656897284064,
31,98,"V",1,4.44179232229737,5.4514812614937,"V",1,4.44179232229737,5.4514812614937,
31,99,"I",2,3.88391692192418,5.32637995012517,"I",2,3.88391692192418,5.32637995012517,
31,100,"I",3,4.13190650490478,5.40112686756345,"I",3,4.13190650490478,5.40112686756345,
,,,,,,,,,,
32,156,"V",2,3.49630902178129,4.2412845030594,"V",2,3.49630902178129,4.2412845030594,
32,157,"I",2,3.5499808322293,5.33715688987669,"I",2,3.5499808322293,5.33715688987669,
32,158,"I",3,2.93777615845489,5.22119492673301,"I",3,2.93777615845489,5.22119492673301,
32,159,"ii",4,3.78398748530637,5.21823057143639,"ii",4,3.78398748530637,5.21823057143639,
32,160,"ii",5,3.65986320719145,4.46174213687789,"ii",5,3.65986320719145,4.46174213687789,
32,161,"iio",5,6.84055696269145,4.59295566994238,"-iii",5,6.86574017942849,4.59295566994238,0.0251832167370436
32,162,"iio",3,6.30413344716312,3.46946608206286,"iio",3,7.45907517761241,3.81446575660979,
32,163,"ii",2,6.87808097419861,4.2412845030594,"ii",1,6.38156839756112,5.13656897284064,
32,164,"ii",1,4.76314935093105,5.4514812614937,"ii",1,4.76314935093105,5.4514812614937,
32,165,"I",2,4.18289480761984,5.31880210447212,"I",2,4.18289480761984,5.31880210447212,
32,166,"I",3,3.42590871013884,5.25388889221325,"I",3,3.42590871013884,5.25388889221325,
,,,,,,,,,,
33,33,"IV",9,2.77829776329859,4.70150995411031,"IV",9,2.77829776329859,4.70150995411031,
33,34,"IV",10,1.85035301246321,3.56914429349208,"IV",10,1.85035301246321,3.56914429349208,
33,35,"IV",10,0.368956624053195,1.80275035727911,"IV",10,0.368956624053195,1.80275035727911,
33,36,"iv",10,7.80895305633684,2.12694644846139,"iv",10,7.80895305633684,2.12694644846139,
33,37,"I",4,2.11739783694104,4.81431584122313,"I",4,2.11739783694104,4.81431584122313,
33,38,"io",4,7.60167681076924,3.79737567386236,"vio",4,7.63001731184351,3.79737567386236,0.0283405010742674
33,39,"ii",2,3.61671590938521,5.07113943085968,"ii",2,4.90842223528923,4.56161023062017,
33,40,"V",3,3.34891899744004,4.56957897531782,"V",2,1.55347880464785,4.5070067316081,
33,41,"I",3,4.17552320717053,4.87555392880673,"I",3,1.53953621253999,4.42509016457614,
33,42,"I",3,4.13190650490478,5.40112686756345,"I",4,3.32376549163091,5.24752431146355,
33,43,"vi",4,4.2950134712079,5.22475882139959,"vi",5,4.53810442641564,4.96305953241647,
,,,,,,,,,,
34,44,"vi",5,2.60886315194141,4.7839630126665,"vi",5,2.60886315194141,4.7839630126665,
34,45,"VII",6,7.37296275524069,4.6938311359179,"VII",6,7.37296275524069,4.6938311359179,
34,46,"VII",1,4.25861632513268,5.35939902495797,"VII",1,4.25861632513268,5.35939902495797,
34,47,"III",2,3.88333701672916,5.03192017417812,"III",2,3.88333701672916,5.03192017417812,
34,48,"III",3,1.55805926843592,4.37890437332967,"III",3,1.55805926843592,4.37890437332967,
34,49,"VI",4,5.16524734787908,4.22288012824419,"V",4,5.19574329548927,4.22288012824419,0.0304959476101914
34,50,"VI",3,1.24409566218337,3.99309370604159,"VI",3,6.31211681168741,4.83135585932366,
34,51,"ii",4,4.95316286117299,3.88512590342859,"ii",2,4.12306772314482,5.17020582659129,
34,52,"ii",3,3.4145988319353,4.93429568582484,"ii",3,2.53905354532157,4.73733859499694,
34,53,"iv",4,5.03550034249799,4.45666491132189,"iv",4,5.03550034249799,4.43951999218327,
34,54,"iv",3,5.22195527872971,4.24478858687723,"iv",3,5.22195527872971,4.24478858687723,
,,,,,,,,,,
35,110,"vi",5,3.12702258713118,4.84490832433922,"vi",5,3.12702258713118,4.84490832433922,
35,111,"VII",5,7.45227066187122,4.22416088940498,"VII",5,7.45227066187122,4.22416088940498,
35,112,"VII",1,4.25861632513268,5.35939902495797,"VII",1,4.25861632513268,5.35939902495797,
35,113,"III",2,3.88333701672916,5.03192017417812,"III",2,3.88333701672916,5.03192017417812,
35,114,"III",3,1.55805926843592,4.37890437332967,"III",3,1.55805926843592,4.37890437332967,
35,115,"VI",4,5.16524734787908,4.22288012824419,"V",4,5.19574329548927,4.22288012824419,0.0304959476101914
35,116,"VI",3,1.24409566218337,3.99309370604159,"VI",3,6.31211681168741,4.83135585932366,
35,117,"ii",4,4.95316286117299,3.88512590342859,"ii",2,4.12306772314482,5.17020582659129,
35,118,"ii",3,3.4145988319353,4.93429568582484,"ii",3,2.53905354532157,4.73733859499694,
35,119,"iv",4,5.03550034249799,4.45666491132189,"iv",4,5.03550034249799,4.43951999218327,
35,120,"iv",3,5.22195527872971,4.24478858687723,"iv",3,5.22195527872971,4.24478858687723,
,,,,,,,,,,
36,42,"I",3,4.13190650490478,5.40112686756345,"I",3,4.13190650490478,5.40112686756345,
36,43,"vi",4,4.2950134712079,5.22475882139959,"vi",4,4.2950134712079,5.22475882139959,
36,44,"vi",5,2.60886315194141,4.7839630126665,"vi",5,2.60886315194141,4.7839630126665,
36,45,"VII",6,7.37296275524069,4.6938311359179,"VII",6,7.37296275524069,4.6938311359179,
36,46,"VII",1,4.25861632513268,5.35939902495797,"VII",1,4.25861632513268,5.35939902495797,
36,47,"III",2,3.88333701672916,5.03192017417812,"V",2,3.85112239186399,5.03192017417812,0.0322146248651691
36,48,"III",3,1.55805926843592,4.37890437332967,"III",3,6.27062295587079,4.86123013687586,
36,49,"VI",4,5.16524734787908,4.22288012824419,"VI",2,5.23860757584664,4.69290165541268,
36,50,"VI",3,1.24409566218337,3.99309370604159,"VI",2,2.9798140522651,5.09830507648106,
36,51,"ii",4,4.95316286117299,3.88512590342859,"ii",3,4.34134782756388,4.97776767037549,
36,52,"ii",3,3.4145988319353,4.93429568582484,"ii",3,3.4145988319353,4.93429568582484,
,,,,,,,,,,
37,108,"I",3,3.42590871013884,5.25388889221325,"I",3,3.42590871013884,5.25388889221325,
37,109,"vi",4,4.3268247454022,5.12467957113559,"vi",4,4.3268247454022,5.12467957113559,
37,110,"vi",5,3.12702258713118,4.84490832433922,"vi",5,3.12702258713118,4.84490832433922,
37,111,"VII",5,7.45227066187122,4.22416088940498,"VII",5,7.45227066187122,4.22416088940498,
37,112,"VII",1,4.25861632513268,5.35939902495797,"VII",1,4.25861632513268,5.35939902495797,
37,113,"III",2,3.88333701672916,5.03192017417812,"V",2,3.85112239186399,5.03192017417812,0.0322146248651691
37,114,"III",3,1.55805926843592,4.37890437332967,"III",3,6.27062295587079,4.86123013687586,
37,115,"VI",4,5.16524734787908,4.22288012824419,"VI",2,5.23860757584664,4.69290165541268,
37,116,"VI",3,1.24409566218337,3.99309370604159,"VI",2,2.9798140522651,5.09830507648106,
37,117,"ii",4,4.95316286117299,3.88512590342859,"ii",3,4.34134782756388,4.97776767037549,
37,118,"ii",3,3.4145988319353,4.93429568582484,"ii",3,3.4145988319353,4.93429568582484,
,,,,,,,,,,
38,33,"IV",9,2.77829776329859,4.70150995411031,"IV",9,2.77829776329859,4.70150995411031,
38,34,"IV",10,1.85035301246321,3.56914429349208,"IV",10,1.85035301246321,3.56914429349208,
38,35,"IV",10,0.368956624053195,1.80275035727911,"IV",10,0.368956624053195,1.80275035727911,
38,36,"iv",10,7.80895305633684,2.12694644846139,"iv",10,7.80895305633684,2.12694644846139,
38,37,"I",4,2.11739783694104,4.81431584122313,"I",4,2.11739783694104,4.81431584122313,
38,38,"io",4,7.60167681076924,3.79737567386236,"-vii",4,7.56930152962311,3.79737567386236,0.0323752811461304
38,39,"ii",2,3.61671590938521,5.07113943085968,"ii",2,5.86471208839954,4.89106960046568,
38,40,"V",3,3.34891899744004,4.56957897531782,"V",2,4.74690355793077,4.99388833352194,
38,41,"I",3,4.17552320717053,4.87555392880673,"I",2,3.88391692192418,5.32637995012517,
38,42,"I",3,4.13190650490478,5.40112686756345,"I",3,4.13190650490478,5.40112686756345,
38,43,"vi",4,4.2950134712079,5.22475882139959,"vi",4,4.2950134712079,5.22475882139959,
,,,,,,,,,,
39,143,"ii",10,5.3318508384463,3.56914429349208,"ii",10,5.3318508384463,3.56914429349208,
39,144,"ii",8,1.4439031146592,3.53109868570543,"ii",8,1.4439031146592,3.53109868570543,
39,145,"IV",9,3.34366141243149,3.64432850973758,"IV",9,3.34366141243149,3.64432850973758,
39,146,"IV",4,1.7956143545287,4.36895493663094,"IV",4,1.7956143545287,4.36895493663094,
39,147,"iv",5,5.64556756063906,4.47865125331656,"iv",5,5.64556756063906,4.47865125331656,
39,148,"iii",3,6.4964482459115,5.22845895593233,"III",3,6.46190693571879,5.22845895593233,0.0345413101927088
39,149,"iii",2,5.06603227454618,4.93163048383805,"iii",2,6.57156554698176,4.94189119425314,
39,150,"#ivo",2,6.87878192256377,5.24698189499688,"#ivo",1,6.54727422266321,5.43095943106783,
39,151,"ii",1,3.38482608022132,5.00280443374801,"ii",1,3.38482608022132,5.00280443374801,
39,152,"ii",2,5.16713963819818,4.95104194077879,"ii",2,5.16713963819818,4.95104194077879,
39,153,"iio",2,6.01375065936197,5.31880210447212,"iio",2,6.01375065936197,5.31880210447212,
,,,,,,,,,,
40,49,"VI",4,5.16524734787908,4.22288012824419,"VI",4,5.16524734787908,4.22288012824419,
40,50,"VI",3,1.24409566218337,3.99309370604159,"VI",3,1.24409566218337,3.99309370604159,
40,51,"ii",4,4.95316286117299,3.88512590342859,"ii",4,4.95316286117299,3.88512590342859,
40,52,"ii",3,3.4145988319353,4.93429568582484,"ii",3,3.4145988319353,4.93429568582484,
40,53,"iv",4,5.03550034249799,4.45666491132189,"iv",4,5.03550034249799,4.45666491132189,
40,54,"iv",3,5.22195527872971,4.24478858687723,"I",3,5.18273396893199,4.24478858687723,0.0392213097977185
40,55,"r",3,3.10988469008671,5.03353480566252,"r",3,3.03578353701375,5.0660690909874,
40,56,"iio",3,8.81055533616729,2.65120998784587,"iio",3,8.30762650993791,3.42266964896518,
40,57,"r",1,3.12207434943258,5.13656897284064,"r",1,3.12207434943258,5.13656897284064,
40,58,"r",1,2.30762052133861,3.97526569652595,"r",1,2.30762052133861,3.97526569652595,
40,59,"r",2,1.86106956925883,3.64601662669941,"r",2,1.86106956925883,3.64601662669941,
,,,,,,,,,,
41,115,"VI",4,5.16524734787908,4.22288012824419,"VI",4,5.16524734787908,4.22288012824419,
41,116,"VI",3,1.24409566218337,3.99309370604159,"VI",3,1.24409566218337,3.99309370604159,
41,117,"ii",4,4.95316286117299,3.88512590342859,"ii",4,4.95316286117299,3.88512590342859,
41,118,"ii",3,3.4145988319353,4.93429568582484,"ii",3,3.4145988319353,4.93429568582484,
41,119,"iv",4,5.03550034249799,4.45666491132189,"iv",4,5.03550034249799,4.45666491132189,
41,120,"iv",3,5.22195527872971,4.24478858687723,"I",3,5.18273396893199,4.24478858687723,0.0392213097977185
41,121,"r",3,3.10988469008671,5.03353480566252,"r",3,3.03578353701375,5.0660690909874,
41,122,"iio",3,8.81055533616729,2.65120998784587,"iio",3,8.30762650993791,3.42266964896518,
41,123,"r",1,3.12207434943258,5.13656897284064,"r",1,3.12207434943258,5.13656897284064,
41,124,"r",1,2.30762052133861,3.97526569652595,"r",1,2.30762052133861,3.97526569652595,
41,125,"r",2,1.86106956925883,3.64601662669941,"r",2,1.86106956925883,3.64601662669941,
,,,,,,,,,,
42,74,"I",10,0.464820689061083,2.12016058909174,"I",10,0.464820689061083,2.12016058909174,
42,75,"IV",10,4.27383210806845,2.12016058909174,"IV",10,4.27383210806845,2.12016058909174,
42,76,"IV",10,1.25316939999977,3.51683262673969,"IV",10,1.25316939999977,3.51683262673969,
42,77,"ii",10,5.3318508384463,3.56914429349208,"ii",10,5.3318508384463,3.56914429349208,
42,78,"ii",8,1.4439031146592,3.53109868570543,"ii",8,1.4439031146592,3.53109868570543,
42,79,"ii",9,4.51768769015367,3.64432850973758,"iii",9,4.4784381599231,3.64432850973758,0.0392495302305722
42,80,"ii",5,2.63688710233263,4.70883279483817,"ii",4,4.04520946307235,2.77922717525807,
42,81,"iv",6,6.70726982400881,4.27648332399766,"iv",4,6.49401168470184,3.8260535989156,
42,82,"iii",3,6.52543558353392,5.05757635572413,"iii",3,6.52543558353392,5.02296623509841,
42,83,"iii",2,5.06603227454618,4.93163048383805,"iii",2,5.06603227454618,4.93163048383805,
42,84,"#ivo",2,6.87878192256377,5.24698189499688,"#ivo",2,6.87878192256377,5.24698189499688,
,,,,,,,,,,
43,76,"IV",10,1.25316939999977,3.51683262673969,"IV",10,1.25316939999977,3.51683262673969,
43,77,"ii",10,5.3318508384463,3.56914429349208,"ii",10,5.3318508384463,3.56914429349208,
43,78,"ii",8,1.4439031146592,3.53109868570543,"ii",8,1.4439031146592,3.53109868570543,
43,79,"ii",9,4.51768769015367,3.64432850973758,"ii",9,4.51768769015367,3.64432850973758,
43,80,"ii",5,2.63688710233263,4.70883279483817,"ii",5,2.63688710233263,4.70883279483817,
43,81,"iv",6,6.70726982400881,4.27648332399766,"VI",6,6.66743617556211,4.27648332399766,0.0398336484467006
43,82,"iii",3,6.52543558353392,5.05757635572413,"iii",3,6.88100218696332,4.37818749321259,
43,83,"iii",2,5.06603227454618,4.93163048383805,"iii",2,5.06603227454618,4.93163048383805,
43,84,"#ivo",2,6.87878192256377,5.24698189499688,"#ivo",2,6.87878192256377,5.24698189499688,
43,85,"ii",1,3.38482608022132,5.00280443374801,"ii",1,3.38482608022132,5.00280443374801,
43,86,"ii",2,5.16713963819818,4.95104194077879,"ii",2,5.16713963819818,4.95104194077879,
,,,,,,,,,,
44,51,"ii",4,4.95316286117299,3.88512590342859,"ii",4,4.95316286117299,3.88512590342859,
44,52,"ii",3,3.4145988319353,4.93429568582484,"ii",3,3.4145988319353,4.93429568582484,
44,53,"iv",4,5.03550034249799,4.45666491132189,"iv",4,5.03550034249799,4.45666491132189,
44,54,"iv",3,5.22195527872971,4.24478858687723,"iv",3,5.22195527872971,4.24478858687723,
44,55,"r",3,3.10988469008671,5.03353480566252,"r",3,3.10988469008671,5.03353480566252,
44,56,"iio",3,8.81055533616729,2.65120998784587,"-II",3,8.76933267344078,2.65120998784587,0.0412226627265131
44,57,"r",1,3.12207434943258,5.13656897284064,"r",1,2.72924749822551,5.44813719717046,
44,58,"r",1,2.30762052133861,3.97526569652595,"r",2,1.75602727859037,3.45343270835381,
44,59,"r",2,1.86106956925883,3.64601662669941,"r",3,1.36069512863837,3.32103997595309,
44,60,"r",3,1.60950150739252,3.46316021898319,"r",4,1.38888150313466,3.3044985862101,
44,61,"I",4,1.95781871134021,3.48974951660457,"I",5,2.05204600330792,3.36579320508215,
,,,,,,,,,,
45,117,"ii",4,4.95316286117299,3.88512590342859,"ii",4,4.95316286117299,3.88512590342859,
45,118,"ii",3,3.4145988319353,4.93429568582484,"ii",3,3.4145988319353,4.93429568582484,
45,119,"iv",4,5.03550034249799,4.45666491132189,"iv",4,5.03550034249799,4.45666491132189,
45,120,"iv",3,5.22195527872971,4.24478858687723,"iv",3,5.22195527872971,4.24478858687723,
45,121,"r",3,3.10988469008671,5.03353480566252,"r",3,3.10988469008671,5.03353480566252,
45,122,"iio",3,8.81055533616729,2.65120998784587,"-II",3,8.76933267344078,2.65120998784587,0.0412226627265131
45,123,"r",1,3.12207434943258,5.13656897284064,"r",1,2.72924749822551,5.44813719717046,
45,124,"r",1,2.30762052133861,3.97526569652595,"r",2,1.75602727859037,3.45343270835381,
45,125,"r",2,1.86106956925883,3.64601662669941,"r",3,1.36069512863837,3.32103997595309,
45,126,"r",3,1.60950150739252,3.46316021898319,"r",4,1.38888150313466,3.3044985862101,
45,127,"I",4,1.95781871134021,3.48974951660457,"I",5,2.05204600330792,3.36579320508215,
,,,,,,,,,,
46,51,"ii",4,4.95316286117299,3.88512590342859,"ii",4,4.95316286117299,3.88512590342859,
46,52,"ii",3,3.4145988319353,4.93429568582484,"ii",3,3.4145988319353,4.93429568582484,
46,53,"iv",4,5.03550034249799,4.45666491132189,"iv",4,5.03550034249799,4.45666491132189,
46,54,"iv",3,5.22195527872971,4.24478858687723,"iv",3,5.22195527872971,4.24478858687723,
46,55,"r",3,3.10988469008671,5.03353480566252,"r",3,3.10988469008671,5.03353480566252,
46,56,"iio",3,8.81055533616729,2.65120998784587,"viio",3,8.85299060248769,2.65120998784587,0.0424352663203962
46,57,"r",1,3.12207434943258,5.13656897284064,"r",1,3.01713398059325,5.31257334167248,
46,58,"r",1,2.30762052133861,3.97526569652595,"r",1,2.30762052133861,3.97526569652595,
46,59,"r",2,1.86106956925883,3.64601662669941,"r",2,1.86106956925883,3.64601662669941,
46,60,"r",3,1.60950150739252,3.46316021898319,"r",3,1.60950150739252,3.46316021898319,
46,61,"I",4,1.95781871134021,3.48974951660457,"I",4,1.95781871134021,3.48974951660457,
,,,,,,,,,,
47,51,"ii",4,4.95316286117299,3.88512590342859,"ii",4,4.95316286117299,3.88512590342859,
47,52,"ii",3,3.4145988319353,4.93429568582484,"ii",3,3.4145988319353,4.93429568582484,
47,53,"iv",4,5.03550034249799,4.45666491132189,"iv",4,5.03550034249799,4.45666491132189,
47,54,"iv",3,5.22195527872971,4.24478858687723,"iv",3,5.22195527872971,4.24478858687723,
47,55,"r",3,3.10988469008671,5.03353480566252,"r",3,3.10988469008671,5.03353480566252,
47,56,"iio",3,8.81055533616729,2.65120998784587,"vio",3,8.85299060248769,2.65120998784587,0.0424352663203962
47,57,"r",1,3.12207434943258,5.13656897284064,"r",1,2.95547433284757,5.39221459536778,
47,58,"r",1,2.30762052133861,3.97526569652595,"r",1,2.30762052133861,3.97526569652595,
47,59,"r",2,1.86106956925883,3.64601662669941,"r",2,1.86106956925883,3.64601662669941,
47,60,"r",3,1.60950150739252,3.46316021898319,"r",3,1.60950150739252,3.46316021898319,
47,61,"I",4,1.95781871134021,3.48974951660457,"I",4,1.95781871134021,3.48974951660457,
,,,,,,,,,,
48,51,"ii",4,4.95316286117299,3.88512590342859,"ii",4,4.95316286117299,3.88512590342859,
48,52,"ii",3,3.4145988319353,4.93429568582484,"ii",3,3.4145988319353,4.93429568582484,
48,53,"iv",4,5.03550034249799,4.45666491132189,"iv",4,5.03550034249799,4.45666491132189,
48,54,"iv",3,5.22195527872971,4.24478858687723,"iv",3,5.22195527872971,4.24478858687723,
48,55,"r",3,3.10988469008671,5.03353480566252,"r",3,3.10988469008671,5.03353480566252,
48,56,"iio",3,8.81055533616729,2.65120998784587,"#IV",3,8.85299060248769,2.65120998784587,0.0424352663203962
48,57,"r",1,3.12207434943258,5.13656897284064,"r",1,3.01853444305142,5.34374298303996,
48,58,"r",1,2.30762052133861,3.97526569652595,"r",1,2.30762052133861,3.97526569652595,
48,59,"r",2,1.86106956925883,3.64601662669941,"r",2,1.86106956925883,3.64601662669941,
48,60,"r",3,1.60950150739252,3.46316021898319,"r",3,1.60950150739252,3.46316021898319,
48,61,"I",4,1.95781871134021,3.48974951660457,"I",4,1.95781871134021,3.48974951660457,
,,,,,,,,,,
49,117,"ii",4,4.95316286117299,3.88512590342859,"ii",4,4.95316286117299,3.88512590342859,
49,118,"ii",3,3.4145988319353,4.93429568582484,"ii",3,3.4145988319353,4.93429568582484,
49,119,"iv",4,5.03550034249799,4.45666491132189,"iv",4,5.03550034249799,4.45666491132189,
49,120,"iv",3,5.22195527872971,4.24478858687723,"iv",3,5.22195527872971,4.24478858687723,
49,121,"r",3,3.10988469008671,5.03353480566252,"r",3,3.10988469008671,5.03353480566252,
49,122,"iio",3,8.81055533616729,2.65120998784587,"viio",3,8.85299060248769,2.65120998784587,0.0424352663203962
49,123,"r",1,3.12207434943258,5.13656897284064,"r",1,3.01713398059325,5.31257334167248,
49,124,"r",1,2.30762052133861,3.97526569652595,"r",1,2.30762052133861,3.97526569652595,
49,125,"r",2,1.86106956925883,3.64601662669941,"r",2,1.86106956925883,3.64601662669941,
49,126,"r",3,1.60950150739252,3.46316021898319,"r",3,1.60950150739252,3.46316021898319,
49,127,"I",4,1.95781871134021,3.48974951660457,"I",4,1.95781871134021,3.48974951660457,
,,,,,,,,,,
50,117,"ii",4,4.95316286117299,3.88512590342859,"ii",4,4.95316286117299,3.88512590342859,
50,118,"ii",3,3.4145988319353,4.93429568582484,"ii",3,3.4145988319353,4.93429568582484,
50,119,"iv",4,5.03550034249799,4.45666491132189,"iv",4,5.03550034249799,4.45666491132189,
50,120,"iv",3,5.22195527872971,4.24478858687723,"iv",3,5.22195527872971,4.24478858687723,
50,121,"r",3,3.10988469008671,5.03353480566252,"r",3,3.10988469008671,5.03353480566252,
50,122,"iio",3,8.81055533616729,2.65120998784587,"vio",3,8.85299060248769,2.65120998784587,0.0424352663203962
50,123,"r",1,3.12207434943258,5.13656897284064,"r",1,2.95547433284757,5.39221459536778,
50,124,"r",1,2.30762052133861,3.97526569652595,"r",1,2.30762052133861,3.97526569652595,
50,125,"r",2,1.86106956925883,3.64601662669941,"r",2,1.86106956925883,3.64601662669941,
50,126,"r",3,1.60950150739252,3.46316021898319,"r",3,1.60950150739252,3.46316021898319,
50,127,"I",4,1.95781871134021,3.48974951660457,"I",4,1.95781871134021,3.48974951660457,
,,,,,,,,,,
51,117,"ii",4,4.95316286117299,3.88512590342859,"ii",4,4.95316286117299,3.88512590342859,
51,118,"ii",3,3.4145988319353,4.93429568582484,"ii",3,3.4145988319353,4.93429568582484,
51,119,"iv",4,5.03550034249799,4.45666491132189,"iv",4,5.03550034249799,4.45666491132189,
51,120,"iv",3,5.22195527872971,4.24478858687723,"iv",3,5.22195527872971,4.24478858687723,
51,121,"r",3,3.10988469008671,5.03353480566252,"r",3,3.10988469008671,5.03353480566252,
51,122,"iio",3,8.81055533616729,2.65120998784587,"#IV",3,8.85299060248769,2.65120998784587,0.0424352663203962
51,123,"r",1,3.12207434943258,5.13656897284064,"r",1,3.01853444305142,5.34374298303996,
51,124,"r",1,2.30762052133861,3.97526569652595,"r",1,2.30762052133861,3.97526569652595,
51,125,"r",2,1.86106956925883,3.64601662669941,"r",2,1.86106956925883,3.64601662669941,
51,126,"r",3,1.60950150739252,3.46316021898319,"r",3,1.60950150739252,3.46316021898319,
51,127,"I",4,1.95781871134021,3.48974951660457,"I",4,1.95781871134021,3.48974951660457,
,,,,,,,,,,
52,84,"#ivo",2,6.87878192256377,5.24698189499688,"#ivo",2,6.87878192256377,5.24698189499688,
52,85,"ii",1,3.38482608022132,5.00280443374801,"ii",1,3.38482608022132,5.00280443374801,
52,86,"ii",2,5.16713963819818,4.95104194077879,"ii",2,5.16713963819818,4.95104194077879,
52,87,"iio",2,6.01375065936197,5.31880210447212,"iio",2,6.01375065936197,5.31880210447212,
52,88,"iio",3,6.30413344716312,3.46946608206286,"iio",3,6.30413344716312,3.46946608206286,
52,89,"iio",2,5.63402967173239,4.2412845030594,"ivo",2,5.67767755663522,4.2412845030594,0.0436478849028319
52,90,"iio",2,5.63402967173239,4.2412845030594,"iio",2,6.68852906385164,4.72893846471389,
52,91,"I",2,1.44590756260574,4.2412845030594,"I",1,3.2236369921134,5.13656897284064,
52,92,"I",3,3.50653347100225,4.82718016834977,"I",2,3.1978240900452,5.29452525707598,
52,93,"ii",3,3.98002149785095,5.30785230502309,"ii",3,3.98002149785095,5.30785230502309,
52,94,"ii",4,4.2002145969608,4.95963904862603,"ii",4,4.2002145969608,4.95963904862603,
,,,,,,,,,,
53,85,"ii",1,3.38482608022132,5.00280443374801,"ii",1,3.38482608022132,5.00280443374801,
53,86,"ii",2,5.16713963819818,4.95104194077879,"ii",2,5.16713963819818,4.95104194077879,
53,87,"iio",2,6.01375065936197,5.31880210447212,"iio",2,6.01375065936197,5.31880210447212,
53,88,"iio",3,6.30413344716312,3.46946608206286,"iio",3,6.30413344716312,3.46946608206286,
53,89,"iio",2,5.63402967173239,4.2412845030594,"iio",2,5.63402967173239,4.2412845030594,
53,90,"iio",2,5.63402967173239,4.2412845030594,"ivo",2,5.67767755663522,4.2412845030594,0.0436478849028319
53,91,"I",2,1.44590756260574,4.2412845030594,"I",2,2.06149749671827,4.72893846471389,
53,92,"I",3,3.50653347100225,4.82718016834977,"I",2,6.24595242751506,2.95630665332895,
53,93,"ii",3,3.98002149785095,5.30785230502309,"ii",2,5.0048376357752,5.44148809750708,
53,94,"ii",4,4.2002145969608,4.95963904862603,"ii",3,3.93295472300498,5.17141573490288,
53,95,"iio",4,6.6087944170532,4.82613516645091,"iio",4,6.6087944170532,4.82613516645091,
,,,,,,,,,,
54,150,"#ivo",2,6.87878192256377,5.24698189499688,"#ivo",2,6.87878192256377,5.24698189499688,
54,151,"ii",1,3.38482608022132,5.00280443374801,"ii",1,3.38482608022132,5.00280443374801,
54,152,"ii",2,5.16713963819818,4.95104194077879,"ii",2,5.16713963819818,4.95104194077879,
54,153,"iio",2,6.01375065936197,5.31880210447212,"iio",2,6.01375065936197,5.31880210447212,
54,154,"iio",3,6.30413344716312,3.46946608206286,"iio",3,6.30413344716312,3.46946608206286,
54,155,"iio",2,5.63402967173239,4.2412845030594,"ivo",2,5.67767755663522,4.2412845030594,0.0436478849028319
54,156,"V",2,3.49630902178129,4.2412845030594,"V",2,6.27349156457279,4.72893846471389,
54,157,"I",2,3.5499808322293,5.33715688987669,"I",1,4.85180469723334,5.46961272151212,
54,158,"I",3,2.93777615845489,5.22119492673301,"I",2,4.48648948790123,5.45506472622744,
54,159,"ii",4,3.78398748530637,5.21823057143639,"ii",3,4.80334730130322,5.35578873179006,
54,160,"ii",5,3.65986320719145,4.46174213687789,"ii",4,3.40085722843034,4.89906551784532,
,,,,,,,,,,
55,79,"ii",9,4.51768769015367,3.64432850973758,"ii",9,4.51768769015367,3.64432850973758,
55,80,"ii",5,2.63688710233263,4.70883279483817,"ii",5,2.63688710233263,4.70883279483817,
55,81,"iv",6,6.70726982400881,4.27648332399766,"iv",6,6.70726982400881,4.27648332399766,
55,82,"iii",3,6.52543558353392,5.05757635572413,"iii",3,6.52543558353392,5.05757635572413,
55,83,"iii",2,5.06603227454618,4.93163048383805,"iii",2,5.06603227454618,4.93163048383805,
55,84,"#ivo",2,6.87878192256377,5.24698189499688,"viio",2,6.83506054513445,5.24698189499688,0.0437213774293168
55,85,"ii",1,3.38482608022132,5.00280443374801,"ii",1,6.27662802872179,5.31257334167248,
55,86,"ii",2,5.16713963819818,4.95104194077879,"ii",1,4.76314935093105,5.4514812614937,
55,87,"iio",2,6.01375065936197,5.31880210447212,"iio",2,6.01375065936197,5.31880210447212,
55,88,"iio",3,6.30413344716312,3.46946608206286,"iio",3,6.30413344716312,3.46946608206286,
55,89,"iio",2,5.63402967173239,4.2412845030594,"iio",2,5.63402967173239,4.2412845030594,
,,,,,,,,,,
56,79,"ii",9,4.51768769015367,3.64432850973758,"ii",9,4.51768769015367,3.64432850973758,
56,80,"ii",5,2.63688710233263,4.70883279483817,"ii",5,2.63688710233263,4.70883279483817,
56,81,"iv",6,6.70726982400881,4.27648332399766,"iv",6,6.70726982400881,4.27648332399766,
56,82,"iii",3,6.52543558353392,5.05757635572413,"iii",3,6.52543558353392,5.05757635572413,
56,83,"iii",2,5.06603227454618,4.93163048383805,"iii",2,5.06603227454618,4.93163048383805,
56,84,"#ivo",2,6.87878192256377,5.24698189499688,"vio",2,6.83506054513445,5.24698189499688,0.0437213774293168
56,85,"ii",1,3.38482608022132,5.00280443374801,"ii",1,4.3977281858557,5.39221459536778,
56,86,"ii",2,5.16713963819818,4.95104194077879,"ii",2,5.29615558811668,4.5070067316081,
56,87,"iio",2,6.01375065936197,5.31880210447212,"iio",2,6.01375065936197,5.31880210447212,
56,88,"iio",3,6.30413344716312,3.46946608206286,"iio",3,6.30413344716312,3.46946608206286,
56,89,"iio",2,5.63402967173239,4.2412845030594,"iio",2,5.63402967173239,4.2412845030594,
,,,,,,,,,,
57,79,"ii",9,4.51768769015367,3.64432850973758,"ii",9,4.51768769015367,3.64432850973758,
57,80,"ii",5,2.63688710233263,4.70883279483817,"ii",5,2.63688710233263,4.70883279483817,
57,81,"iv",6,6.70726982400881,4.27648332399766,"iv",6,6.70726982400881,4.27648332399766,
57,82,"iii",3,6.52543558353392,5.05757635572413,"iii",3,6.52543558353392,5.05757635572413,
57,83,"iii",2,5.06603227454618,4.93163048383805,"iii",2,5.06603227454618,4.93163048383805,
57,84,"#ivo",2,6.87878192256377,5.24698189499688,"#IV",2,6.83506054513445,5.24698189499688,0.0437213774293168
57,85,"ii",1,3.38482608022132,5.00280443374801,"ii",1,6.27802849117997,5.34374298303996,
57,86,"ii",2,5.16713963819818,4.95104194077879,"ii",1,4.76314935093105,5.4514812614937,
57,87,"iio",2,6.01375065936197,5.31880210447212,"iio",2,6.01375065936197,5.31880210447212,
57,88,"iio",3,6.30413344716312,3.46946608206286,"iio",3,6.30413344716312,3.46946608206286,
57,89,"iio",2,5.63402967173239,4.2412845030594,"iio",2,5.63402967173239,4.2412845030594,
,,,,,,,,,,
58,145,"IV",9,3.34366141243149,3.64432850973758,"IV",9,3.34366141243149,3.64432850973758,
58,146,"IV",4,1.7956143545287,4.36895493663094,"IV",4,1.7956143545287,4.36895493663094,
58,147,"iv",5,5.64556756063906,4.47865125331656,"iv",5,5.64556756063906,4.47865125331656,
58,148,"iii",3,6.4964482459115,5.22845895593233,"iii",3,6.4964482459115,5.22845895593233,
58,149,"iii",2,5.06603227454618,4.93163048383805,"iii",2,5.06603227454618,4.93163048383805,
58,150,"#ivo",2,6.87878192256377,5.24698189499688,"viio",2,6.83506054513445,5.24698189499688,0.0437213774293168
58,151,"ii",1,3.38482608022132,5.00280443374801,"ii",1,6.27662802872179,5.31257334167248,
58,152,"ii",2,5.16713963819818,4.95104194077879,"ii",1,4.76314935093105,5.4514812614937,
58,153,"iio",2,6.01375065936197,5.31880210447212,"iio",2,6.01375065936197,5.31880210447212,
58,154,"iio",3,6.30413344716312,3.46946608206286,"iio",3,6.30413344716312,3.46946608206286,
58,155,"iio",2,5.63402967173239,4.2412845030594,"iio",2,5.63402967173239,4.2412845030594,
,,,,,,,,,,
59,145,"IV",9,3.34366141243149,3.64432850973758,"IV",9,3.34366141243149,3.64432850973758,
59,146,"IV",4,1.7956143545287,4.36895493663094,"IV",4,1.7956143545287,4.36895493663094,
59,147,"iv",5,5.64556756063906,4.47865125331656,"iv",5,5.64556756063906,4.47865125331656,
59,148,"iii",3,6.4964482459115,5.22845895593233,"iii",3,6.4964482459115,5.22845895593233,
59,149,"iii",2,5.06603227454618,4.93163048383805,"iii",2,5.06603227454618,4.93163048383805,
59,150,"#ivo",2,6.87878192256377,5.24698189499688,"vio",2,6.83506054513445,5.24698189499688,0.0437213774293168
59,151,"ii",1,3.38482608022132,5.00280443374801,"ii",1,4.3977281858557,5.39221459536778,
59,152,"ii",2,5.16713963819818,4.95104194077879,"ii",2,5.29615558811668,4.5070067316081,
59,153,"iio",2,6.01375065936197,5.31880210447212,"iio",2,6.01375065936197,5.31880210447212,
59,154,"iio",3,6.30413344716312,3.46946608206286,"iio",3,6.30413344716312,3.46946608206286,
59,155,"iio",2,5.63402967173239,4.2412845030594,"iio",2,5.63402967173239,4.2412845030594,
,,,,,,,,,,
60,145,"IV",9,3.34366141243149,3.64432850973758,"IV",9,3.34366141243149,3.64432850973758,
60,146,"IV",4,1.7956143545287,4.36895493663094,"IV",4,1.7956143545287,4.36895493663094,
60,147,"iv",5,5.64556756063906,4.47865125331656,"iv",5,5.64556756063906,4.47865125331656,
60,148,"iii",3,6.4964482459115,5.22845895593233,"iii",3,6.4964482459115,5.22845895593233,
60,149,"iii",2,5.06603227454618,4.93163048383805,"iii",2,5.06603227454618,4.93163048383805,
60,150,"#ivo",2,6.87878192256377,5.24698189499688,"#IV",2,6.83506054513445,5.24698189499688,0.0437213774293168
60,151,"ii",1,3.38482608022132,5.00280443374801,"ii",1,6.27802849117997,5.34374298303996,
60,152,"ii",2,5.16713963819818,4.95104194077879,"ii",1,4.76314935093105,5.4514812614937,
60,153,"iio",2,6.01375065936197,5.31880210447212,"iio",2,6.01375065936197,5.31880210447212,
60,154,"iio",3,6.30413344716312,3.46946608206286,"iio",3,6.30413344716312,3.46946608206286,
60,155,"iio",2,5.63402967173239,4.2412845030594,"iio",2,5.63402967173239,4.2412845030594,
,,,,,,,,,,
61,142,"IV",10,1.25316939999977,3.51683262673969,"IV",10,1.25316939999977,3.51683262673969,
61,143,"ii",10,5.3318508384463,3.56914429349208,"ii",10,5.3318508384463,3.56914429349208,
61,144,"ii",8,1.4439031146592,3.53109868570543,"ii",8,1.4439031146592,3.53109868570543,
61,145,"IV",9,3.34366141243149,3.64432850973758,"IV",9,3.34366141243149,3.64432850973758,
61,146,"IV",4,1.7956143545287,4.36895493663094,"IV",4,1.7956143545287,4.36895493663094,
61,147,"iv",5,5.64556756063906,4.47865125331656,"ii",5,5.60161463597863,4.47865125331656,0.0439529246604353
61,148,"iii",3,6.4964482459115,5.22845895593233,"iii",3,4.34388618854312,4.88744725430848,
61,149,"iii",2,5.06603227454618,4.93163048383805,"iii",4,5.5791493498944,3.50695517797686,
61,150,"#ivo",2,6.87878192256377,5.24698189499688,"#ivo",3,7.10985877475736,5.05711326456241,
61,151,"ii",1,3.38482608022132,5.00280443374801,"ii",1,3.38482608022132,5.00280443374801,
61,152,"ii",2,5.16713963819818,4.95104194077879,"ii",2,5.16713963819818,4.95104194077879,
,,,,,,,,,,
62,79,"ii",9,4.51768769015367,3.64432850973758,"ii",9,4.51768769015367,3.64432850973758,
62,80,"ii",5,2.63688710233263,4.70883279483817,"ii",5,2.63688710233263,4.70883279483817,
62,81,"iv",6,6.70726982400881,4.27648332399766,"iv",6,6.70726982400881,4.27648332399766,
62,82,"iii",3,6.52543558353392,5.05757635572413,"iii",3,6.52543558353392,5.05757635572413,
62,83,"iii",2,5.06603227454618,4.93163048383805,"iii",2,5.06603227454618,4.93163048383805,
62,84,"#ivo",2,6.87878192256377,5.24698189499688,"#I",2,6.92386981209231,5.24698189499688,0.0450878895285385
62,85,"ii",1,3.38482608022132,5.00280443374801,"ii",1,6.31362999567433,5.15326872225073,
62,86,"ii",2,5.16713963819818,4.95104194077879,"ii",1,4.76314935093105,5.4514812614937,
62,87,"iio",2,6.01375065936197,5.31880210447212,"iio",2,6.01375065936197,5.31880210447212,
62,88,"iio",3,6.30413344716312,3.46946608206286,"iio",3,6.30413344716312,3.46946608206286,
62,89,"iio",2,5.63402967173239,4.2412845030594,"iio",2,5.63402967173239,4.2412845030594,
,,,,,,,,,,
63,79,"ii",9,4.51768769015367,3.64432850973758,"ii",9,4.51768769015367,3.64432850973758,
63,80,"ii",5,2.63688710233263,4.70883279483817,"ii",5,2.63688710233263,4.70883279483817,
63,81,"iv",6,6.70726982400881,4.27648332399766,"iv",6,6.70726982400881,4.27648332399766,
63,82,"iii",3,6.52543558353392,5.05757635572413,"iii",3,6.52543558353392,5.05757635572413,
63,83,"iii",2,5.06603227454618,4.93163048383805,"iii",2,5.06603227454618,4.93163048383805,
63,84,"#ivo",2,6.87878192256377,5.24698189499688,"iiio",2,6.92386981209231,5.24698189499688,0.0450878895285385
63,85,"ii",1,3.38482608022132,5.00280443374801,"ii",1,6.35167543828141,4.95038875995215,
63,86,"ii",2,5.16713963819818,4.95104194077879,"ii",1,4.76314935093105,5.4514812614937,
63,87,"iio",2,6.01375065936197,5.31880210447212,"iio",2,6.01375065936197,5.31880210447212,
63,88,"iio",3,6.30413344716312,3.46946608206286,"iio",3,6.30413344716312,3.46946608206286,
63,89,"iio",2,5.63402967173239,4.2412845030594,"iio",2,5.63402967173239,4.2412845030594,
,,,,,,,,,,
64,79,"ii",9,4.51768769015367,3.64432850973758,"ii",9,4.51768769015367,3.64432850973758,
64,80,"ii",5,2.63688710233263,4.70883279483817,"ii",5,2.63688710233263,4.70883279483817,
64,81,"iv",6,6.70726982400881,4.27648332399766,"iv",6,6.70726982400881,4.27648332399766,
64,82,"iii",3,6.52543558353392,5.05757635572413,"iii",3,6.52543558353392,5.05757635572413,
64,83,"iii",2,5.06603227454618,4.93163048383805,"iii",2,5.06603227454618,4.93163048383805,
64,84,"#ivo",2,6.87878192256377,5.24698189499688,"-vi",2,6.92386981209231,5.24698189499688,0.0450878895285385
64,85,"ii",1,3.38482608022132,5.00280443374801,"ii",1,6.31772117863416,5.1533623530473,
64,86,"ii",2,5.16713963819818,4.95104194077879,"ii",1,4.76314935093105,5.4514812614937,
64,87,"iio",2,6.01375065936197,5.31880210447212,"iio",2,6.01375065936197,5.31880210447212,
64,88,"iio",3,6.30413344716312,3.46946608206286,"iio",3,6.30413344716312,3.46946608206286,
64,89,"iio",2,5.63402967173239,4.2412845030594,"iio",2,5.63402967173239,4.2412845030594,
,,,,,,,,,,
65,79,"ii",9,4.51768769015367,3.64432850973758,"ii",9,4.51768769015367,3.64432850973758,
65,80,"ii",5,2.63688710233263,4.70883279483817,"ii",5,2.63688710233263,4.70883279483817,
65,81,"iv",6,6.70726982400881,4.27648332399766,"iv",6,6.70726982400881,4.27648332399766,
65,82,"iii",3,6.52543558353392,5.05757635572413,"iii",3,6.52543558353392,5.05757635572413,
65,83,"iii",2,5.06603227454618,4.93163048383805,"iii",2,5.06603227454618,4.93163048383805,
65,84,"#ivo",2,6.87878192256377,5.24698189499688,"ivo",2,6.92386981209231,5.24698189499688,0.0450878895285385
65,85,"ii",1,3.38482608022132,5.00280443374801,"ii",1,6.0698840941125,5.19977169377347,
65,86,"ii",2,5.16713963819818,4.95104194077879,"ii",1,4.76314935093105,5.4514812614937,
65,87,"iio",2,6.01375065936197,5.31880210447212,"iio",2,6.01375065936197,5.31880210447212,
65,88,"iio",3,6.30413344716312,3.46946608206286,"iio",3,6.30413344716312,3.46946608206286,
65,89,"iio",2,5.63402967173239,4.2412845030594,"iio",2,5.63402967173239,4.2412845030594,
,,,,,,,,,,
66,145,"IV",9,3.34366141243149,3.64432850973758,"IV",9,3.34366141243149,3.64432850973758,
66,146,"IV",4,1.7956143545287,4.36895493663094,"IV",4,1.7956143545287,4.36895493663094,
66,147,"iv",5,5.64556756063906,4.47865125331656,"iv",5,5.64556756063906,4.47865125331656,
66,148,"iii",3,6.4964482459115,5.22845895593233,"iii",3,6.4964482459115,5.22845895593233,
66,149,"iii",2,5.06603227454618,4.93163048383805,"iii",2,5.06603227454618,4.93163048383805,
66,150,"#ivo",2,6.87878192256377,5.24698189499688,"#I",2,6.92386981209231,5.24698189499688,0.0450878895285385
66,151,"ii",1,3.38482608022132,5.00280443374801,"ii",1,6.31362999567433,5.15326872225073,
66,152,"ii",2,5.16713963819818,4.95104194077879,"ii",1,4.76314935093105,5.4514812614937,
66,153,"iio",2,6.01375065936197,5.31880210447212,"iio",2,6.01375065936197,5.31880210447212,
66,154,"iio",3,6.30413344716312,3.46946608206286,"iio",3,6.30413344716312,3.46946608206286,
66,155,"iio",2,5.63402967173239,4.2412845030594,"iio",2,5.63402967173239,4.2412845030594,
,,,,,,,,,,
67,145,"IV",9,3.34366141243149,3.64432850973758,"IV",9,3.34366141243149,3.64432850973758,
67,146,"IV",4,1.7956143545287,4.36895493663094,"IV",4,1.7956143545287,4.36895493663094,
67,147,"iv",5,5.64556756063906,4.47865125331656,"iv",5,5.64556756063906,4.47865125331656,
67,148,"iii",3,6.4964482459115,5.22845895593233,"iii",3,6.4964482459115,5.22845895593233,
67,149,"iii",2,5.06603227454618,4.93163048383805,"iii",2,5.06603227454618,4.93163048383805,
67,150,"#ivo",2,6.87878192256377,5.24698189499688,"iiio",2,6.92386981209231,5.24698189499688,0.0450878895285385
67,151,"ii",1,3.38482608022132,5.00280443374801,"ii",1,6.35167543828141,4.95038875995215,
67,152,"ii",2,5.16713963819818,4.95104194077879,"ii",1,4.76314935093105,5.4514812614937,
67,153,"iio",2,6.01375065936197,5.31880210447212,"iio",2,6.01375065936197,5.31880210447212,
67,154,"iio",3,6.30413344716312,3.46946608206286,"iio",3,6.30413344716312,3.46946608206286,
67,155,"iio",2,5.63402967173239,4.2412845030594,"iio",2,5.63402967173239,4.2412845030594,
,,,,,,,,,,
68,145,"IV",9,3.34366141243149,3.64432850973758,"IV",9,3.34366141243149,3.64432850973758,
68,146,"IV",4,1.7956143545287,4.36895493663094,"IV",4,1.7956143545287,4.36895493663094,
68,147,"iv",5,5.64556756063906,4.47865125331656,"iv",5,5.64556756063906,4.47865125331656,
68,148,"iii",3,6.4964482459115,5.22845895593233,"iii",3,6.4964482459115,5.22845895593233,
68,149,"iii",2,5.06603227454618,4.93163048383805,"iii",2,5.06603227454618,4.93163048383805,
68,150,"#ivo",2,6.87878192256377,5.24698189499688,"-vi",2,6.92386981209231,5.24698189499688,0.0450878895285385
68,151,"ii",1,3.38482608022132,5.00280443374801,"ii",1,6.31772117863416,5.1533623530473,
68,152,"ii",2,5.16713963819818,4.95104194077879,"ii",1,4.76314935093105,5.4514812614937,
68,153,"iio",2,6.01375065936197,5.31880210447212,"iio",2,6.01375065936197,5.31880210447212,
68,154,"iio",3,6.30413344716312,3.46946608206286,"iio",3,6.30413344716312,3.46946608206286,
68,155,"iio",2,5.63402967173239,4.2412845030594,"iio",2,5.63402967173239,4.2412845030594,
,,,,,,,,,,
69,145,"IV",9,3.34366141243149,3.64432850973758,"IV",9,3.34366141243149,3.64432850973758,
69,146,"IV",4,1.7956143545287,4.36895493663094,"IV",4,1.7956143545287,4.36895493663094,
69,147,"iv",5,5.64556756063906,4.47865125331656,"iv",5,5.64556756063906,4.47865125331656,
69,148,"iii",3,6.4964482459115,5.22845895593233,"iii",3,6.4964482459115,5.22845895593233,
69,149,"iii",2,5.06603227454618,4.93163048383805,"iii",2,5.06603227454618,4.93163048383805,
69,150,"#ivo",2,6.87878192256377,5.24698189499688,"ivo",2,6.92386981209231,5.24698189499688,0.0450878895285385
69,151,"ii",1,3.38482608022132,5.00280443374801,"ii",1,6.0698840941125,5.19977169377347,
69,152,"ii",2,5.16713963819818,4.95104194077879,"ii",1,4.76314935093105,5.4514812614937,
69,153,"iio",2,6.01375065936197,5.31880210447212,"iio",2,6.01375065936197,5.31880210447212,
69,154,"iio",3,6.30413344716312,3.46946608206286,"iio",3,6.30413344716312,3.46946608206286,
69,155,"iio",2,5.63402967173239,4.2412845030594,"iio",2,5.63402967173239,4.2412845030594,
,,,,,,,,,,
70,88,"iio",3,6.30413344716312,3.46946608206286,"iio",3,6.30413344716312,3.46946608206286,
70,89,"iio",2,5.63402967173239,4.2412845030594,"iio",2,5.63402967173239,4.2412845030594,
70,90,"iio",2,5.63402967173239,4.2412845030594,"iio",2,5.63402967173239,4.2412845030594,
70,91,"I",2,1.44590756260574,4.2412845030594,"I",2,1.44590756260574,4.2412845030594,
70,92,"I",3,3.50653347100225,4.82718016834977,"I",3,3.50653347100225,4.82718016834977,
70,93,"ii",3,3.98002149785095,5.30785230502309,"I",3,4.02719472359701,5.30785230502309,0.047173225746064
70,94,"ii",4,4.2002145969608,4.95963904862603,"ii",4,4.96993891951627,5.08886441969574,
70,95,"iio",4,6.6087944170532,4.82613516645091,"iio",4,4.39505253366922,4.96583249862015,
70,96,"iio",3,6.30413344716312,3.46946608206286,"iio",5,6.3819964810003,3.62339806416606,
70,97,"ii",2,6.87808097419861,4.2412845030594,"ii",2,6.87808097419861,4.2412845030594,
70,98,"V",1,4.44179232229737,5.4514812614937,"V",1,4.44179232229737,5.4514812614937,
,,,,,,,,,,
71,176,"ii",5,1.48197115727432,4.02697995917804,"ii",5,1.48197115727432,4.02697995917804,
71,177,"iio",6,7.3169412934477,3.84827345740927,"iio",6,7.3169412934477,3.84827345740927,
71,178,"iio",3,6.30413344716312,3.46946608206286,"iio",3,6.30413344716312,3.46946608206286,
71,179,"I",2,1.44590756260574,4.2412845030594,"I",2,1.44590756260574,4.2412845030594,
71,180,"I",3,3.50653347100225,4.82718016834977,"I",3,3.50653347100225,4.82718016834977,
71,181,"I",3,4.02719472359701,5.30785230502309,"ii",3,3.98002149785095,5.30785230502309,0.047173225746064
71,182,"I",4,2.48746044018625,5.08886441969574,"I",4,4.18414789989517,4.95963904862603,
71,183,"I",5,3.06233637892673,5.08468061921287,"I",4,3.82273669478909,5.18455551805036,
71,184,"I",6,2.4616030891715,5.03110769081706,"I",5,1.16655421819555,3.86648007034523,
71,185,"r",7,3.24892249573611,4.96753990090225,"r",6,3.80423561419483,4.37985497375449,
71,186,"r",7,1.59903627546103,3.47413611824969,"r",4,1.68662746363621,3.5620585206266,
,,,,,,,,,,
72,33,"IV",9,2.77829776329859,4.70150995411031,"IV",9,2.77829776329859,4.70150995411031,
72,34,"IV",10,1.85035301246321,3.56914429349208,"IV",10,1.85035301246321,3.56914429349208,
72,35,"IV",10,0.368956624053195,1.80275035727911,"IV",10,0.368956624053195,1.80275035727911,
72,36,"iv",10,7.80895305633684,2.12694644846139,"iv",10,7.80895305633684,2.12694644846139,
72,37,"I",4,2.11739783694104,4.81431584122313,"I",4,2.11739783694104,4.81431584122313,
72,38,"io",4,7.60167681076924,3.79737567386236,"V+",4,7.65083732408698,3.79737567386236,0.0491605133177409
72,39,"ii",2,3.61671590938521,5.07113943085968,"ii",2,6.45072609080208,4.6723877840474,
72,40,"V",3,3.34891899744004,4.56957897531782,"V",1,4.44179232229737,5.4514812614937,
72,41,"I",3,4.17552320717053,4.87555392880673,"I",2,3.88391692192418,5.32637995012517,
72,42,"I",3,4.13190650490478,5.40112686756345,"I",3,4.13190650490478,5.40112686756345,
72,43,"vi",4,4.2950134712079,5.22475882139959,"vi",4,4.2950134712079,5.22475882139959,
,,,,,,,,,,
73,34,"IV",10,1.85035301246321,3.56914429349208,"IV",10,1.85035301246321,3.56914429349208,
73,35,"IV",10,0.368956624053195,1.80275035727911,"IV",10,0.368956624053195,1.80275035727911,
73,36,"iv",10,7.80895305633684,2.12694644846139,"iv",10,7.80895305633684,2.12694644846139,
73,37,"I",4,2.11739783694104,4.81431584122313,"I",4,2.11739783694104,4.81431584122313,
73,38,"io",4,7.60167681076924,3.79737567386236,"io",4,7.60167681076924,3.79737567386236,
73,39,"ii",2,3.61671590938521,5.07113943085968,"viio",2,3.6667565918848,5.07113943085968,0.0500406824995956
73,40,"V",3,3.34891899744004,4.56957897531782,"V",2,5.5061160941537,4.459463827184,
73,41,"I",3,4.17552320717053,4.87555392880673,"I",2,2.49328161247422,5.14941192587379,
73,42,"I",3,4.13190650490478,5.40112686756345,"I",3,4.6623969416557,5.23639776524066,
73,43,"vi",4,4.2950134712079,5.22475882139959,"vi",3,4.67056701444504,5.35578873179006,
73,44,"vi",5,2.60886315194141,4.7839630126665,"vi",4,3.24073621080098,5.00046317083819,
,,,,,,,,,,
74,77,"ii",10,5.3318508384463,3.56914429349208,"ii",10,5.3318508384463,3.56914429349208,
74,78,"ii",8,1.4439031146592,3.53109868570543,"ii",8,1.4439031146592,3.53109868570543,
74,79,"ii",9,4.51768769015367,3.64432850973758,"ii",9,4.51768769015367,3.64432850973758,
74,80,"ii",5,2.63688710233263,4.70883279483817,"ii",5,2.63688710233263,4.70883279483817,
74,81,"iv",6,6.70726982400881,4.27648332399766,"iv",6,6.70726982400881,4.27648332399766,
74,82,"iii",3,6.52543558353392,5.05757635572413,"VI",3,6.47392887156693,5.05757635572413,0.0515067119669856
74,83,"iii",2,5.06603227454618,4.93163048383805,"iii",2,6.33356969493657,4.96796667981779,
74,84,"#ivo",2,6.87878192256377,5.24698189499688,"#ivo",2,6.87021294880864,4.93163048383805,
74,85,"ii",1,3.38482608022132,5.00280443374801,"ii",1,3.38482608022132,5.00280443374801,
74,86,"ii",2,5.16713963819818,4.95104194077879,"ii",2,5.16713963819818,4.95104194077879,
74,87,"iio",2,6.01375065936197,5.31880210447212,"iio",2,6.01375065936197,5.31880210447212,
,,,,,,,,,,
75,49,"VI",4,5.16524734787908,4.22288012824419,"VI",4,5.16524734787908,4.22288012824419,
75,50,"VI",3,1.24409566218337,3.99309370604159,"VI",3,1.24409566218337,3.99309370604159,
75,51,"ii",4,4.95316286117299,3.88512590342859,"ii",4,4.95316286117299,3.88512590342859,
75,52,"ii",3,3.4145988319353,4.93429568582484,"ii",3,3.4145988319353,4.93429568582484,
75,53,"iv",4,5.03550034249799,4.45666491132189,"iv",4,5.03550034249799,4.45666491132189,
75,54,"iv",3,5.22195527872971,4.24478858687723,"-VII",3,5.27369852485921,4.24478858687723,0.0517432461294964
75,55,"r",3,3.10988469008671,5.03353480566252,"r",3,3.45266329957312,4.49126573433416,
75,56,"iio",3,8.81055533616729,2.65120998784587,"iio",3,8.25610268833946,3.57391229753242,
75,57,"r",1,3.12207434943258,5.13656897284064,"r",1,3.12207434943258,5.13656897284064,
75,58,"r",1,2.30762052133861,3.97526569652595,"r",1,2.30762052133861,3.97526569652595,
75,59,"r",2,1.86106956925883,3.64601662669941,"r",2,1.86106956925883,3.64601662669941,
,,,,,,,,,,
76,115,"VI",4,5.16524734787908,4.22288012824419,"VI",4,5.16524734787908,4.22288012824419,
76,116,"VI",3,1.24409566218337,3.99309370604159,"VI",3,1.24409566218337,3.99309370604159,
76,117,"ii",4,4.95316286117299,3.88512590342859,"ii",4,4.95316286117299,3.88512590342859,
76,118,"ii",3,3.4145988319353,4.93429568582484,"ii",3,3.4145988319353,4.93429568582484,
76,119,"iv",4,5.03550034249799,4.45666491132189,"iv",4,5.03550034249799,4.45666491132189,
76,120,"iv",3,5.22195527872971,4.24478858687723,"-VII",3,5.27369852485921,4.24478858687723,0.0517432461294964
76,121,"r",3,3.10988469008671,5.03353480566252,"r",3,3.45266329957312,4.49126573433416,
76,122,"iio",3,8.81055533616729,2.65120998784587,"iio",3,8.25610268833946,3.57391229753242,
76,123,"r",1,3.12207434943258,5.13656897284064,"r",1,3.12207434943258,5.13656897284064,
76,124,"r",1,2.30762052133861,3.97526569652595,"r",1,2.30762052133861,3.97526569652595,
76,125,"r",2,1.86106956925883,3.64601662669941,"r",2,1.86106956925883,3.64601662669941,
,,,,,,,,,,
77,83,"iii",2,5.06603227454618,4.93163048383805,"iii",2,5.06603227454618,4.93163048383805,
77,84,"#ivo",2,6.87878192256377,5.24698189499688,"#ivo",2,6.87878192256377,5.24698189499688,
77,85,"ii",1,3.38482608022132,5.00280443374801,"ii",1,3.38482608022132,5.00280443374801,
77,86,"ii",2,5.16713963819818,4.95104194077879,"ii",2,5.16713963819818,4.95104194077879,
77,87,"iio",2,6.01375065936197,5.31880210447212,"iio",2,6.01375065936197,5.31880210447212,
77,88,"iio",3,6.30413344716312,3.46946608206286,"v",3,6.24791743759657,3.46946608206286,0.0562160095665476
77,89,"iio",2,5.63402967173239,4.2412845030594,"iio",2,6.35870684187067,4.89841848836723,
77,90,"iio",2,5.63402967173239,4.2412845030594,"iio",2,5.69020616086732,4.53810895105938,
77,91,"I",2,1.44590756260574,4.2412845030594,"I",2,1.44590756260574,4.2412845030594,
77,92,"I",3,3.50653347100225,4.82718016834977,"I",3,3.50653347100225,4.82718016834977,
77,93,"ii",3,3.98002149785095,5.30785230502309,"ii",3,3.98002149785095,5.30785230502309,
,,,,,,,,,,
78,84,"#ivo",2,6.87878192256377,5.24698189499688,"#ivo",2,6.87878192256377,5.24698189499688,
78,85,"ii",1,3.38482608022132,5.00280443374801,"ii",1,3.38482608022132,5.00280443374801,
78,86,"ii",2,5.16713963819818,4.95104194077879,"ii",2,5.16713963819818,4.95104194077879,
78,87,"iio",2,6.01375065936197,5.31880210447212,"iio",2,6.01375065936197,5.31880210447212,
78,88,"iio",3,6.30413344716312,3.46946608206286,"iio",3,6.30413344716312,3.46946608206286,
78,89,"iio",2,5.63402967173239,4.2412845030594,"v",2,5.57781366216584,4.2412845030594,0.0562160095665476
78,90,"iio",2,5.63402967173239,4.2412845030594,"iio",2,6.35870684187067,4.89841848836723,
78,91,"I",2,1.44590756260574,4.2412845030594,"I",2,3.77632605788582,4.53810895105938,
78,92,"I",3,3.50653347100225,4.82718016834977,"I",2,3.1978240900452,5.29452525707598,
78,93,"ii",3,3.98002149785095,5.30785230502309,"ii",3,3.98002149785095,5.30785230502309,
78,94,"ii",4,4.2002145969608,4.95963904862603,"ii",4,4.2002145969608,4.95963904862603,
,,,,,,,,,,
79,85,"ii",1,3.38482608022132,5.00280443374801,"ii",1,3.38482608022132,5.00280443374801,
79,86,"ii",2,5.16713963819818,4.95104194077879,"ii",2,5.16713963819818,4.95104194077879,
79,87,"iio",2,6.01375065936197,5.31880210447212,"iio",2,6.01375065936197,5.31880210447212,
79,88,"iio",3,6.30413344716312,3.46946608206286,"iio",3,6.30413344716312,3.46946608206286,
79,89,"iio",2,5.63402967173239,4.2412845030594,"iio",2,5.63402967173239,4.2412845030594,
79,90,"iio",2,5.63402967173239,4.2412845030594,"v",2,5.57781366216584,4.2412845030594,0.0562160095665476
79,91,"I",2,1.44590756260574,4.2412845030594,"I",2,2.07951420907656,4.89841848836723,
79,92,"I",3,3.50653347100225,4.82718016834977,"I",3,2.93260669035851,5.08915053377793,
79,93,"ii",3,3.98002149785095,5.30785230502309,"ii",4,5.15069777830347,5.14698355319305,
79,94,"ii",4,4.2002145969608,4.95963904862603,"ii",4,4.2002145969608,4.77237249971437,
79,95,"iio",4,6.6087944170532,4.82613516645091,"iio",4,6.6087944170532,4.82613516645091,
,,,,,,,,,,
80,91,"I",2,1.44590756260574,4.2412845030594,"I",2,1.44590756260574,4.2412845030594,
80,92,"I",3,3.50653347100225,4.82718016834977,"I",3,3.50653347100225,4.82718016834977,
80,93,"ii",3,3.98002149785095,5.30785230502309,"ii",3,3.98002149785095,5.30785230502309,
80,94,"ii",4,4.2002145969608,4.95963904862603,"ii",4,4.2002145969608,4.95963904862603,
80,95,"iio",4,6.6087944170532,4.82613516645091,"iio",4,6.6087944170532,4.82613516645091,
80,96,"iio",3,6.30413344716312,3.46946608206286,"v",3,6.24791743759657,3.46946608206286,0.0562160095665476
80,97,"ii",2,6.87808097419861,4.2412845030594,"ii",2,5.58464948378765,4.89841848836723,
80,98,"V",1,4.44179232229737,5.4514812614937,"V",2,3.31248587524311,5.2475307376662,
80,99,"I",2,3.88391692192418,5.32637995012517,"I",3,2.29892469208035,4.85026575988994,
80,100,"I",3,4.13190650490478,5.40112686756345,"I",4,3.29594463040397,5.25611927150654,
80,101,"ii",4,4.23683400361267,5.22475882139959,"ii",5,4.45519762733802,4.88749725251511,
,,,,,,,,,,
81,99,"I",2,3.88391692192418,5.32637995012517,"I",2,3.88391692192418,5.32637995012517,
81,100,"I",3,4.13190650490478,5.40112686756345,"I",3,4.13190650490478,5.40112686756345,
81,101,"ii",4,4.23683400361267,5.22475882139959,"ii",4,4.23683400361267,5.22475882139959,
81,102,"ii",5,3.06588953589311,4.52442555888543,"ii",5,3.06588953589311,4.52442555888543,
81,103,"iio",6,7.15941585517291,4.26772416179408,"iio",6,7.15941585517291,4.26772416179408,
81,104,"iio",3,6.30413344716312,3.46946608206286,"v",3,6.24791743759657,3.46946608206286,0.0562160095665476
81,105,"ii",2,6.87808097419861,4.2412845030594,"ii",2,5.58464948378765,4.89841848836723,
81,106,"ii",1,4.76314935093105,5.4514812614937,"ii",2,3.79416532078634,5.2475307376662,
81,107,"I",2,4.18289480761984,5.31880210447212,"I",3,4.73541523082117,4.42905719611065,
81,108,"I",3,3.42590871013884,5.25388889221325,"I",3,3.42590871013884,5.25388889221325,
81,109,"vi",4,4.3268247454022,5.12467957113559,"vi",4,4.3268247454022,5.12467957113559,
,,,,,,,,,,
82,149,"iii",2,5.06603227454618,4.93163048383805,"iii",2,5.06603227454618,4.93163048383805,
82,150,"#ivo",2,6.87878192256377,5.24698189499688,"#ivo",2,6.87878192256377,5.24698189499688,
82,151,"ii",1,3.38482608022132,5.00280443374801,"ii",1,3.38482608022132,5.00280443374801,
82,152,"ii",2,5.16713963819818,4.95104194077879,"ii",2,5.16713963819818,4.95104194077879,
82,153,"iio",2,6.01375065936197,5.31880210447212,"iio",2,6.01375065936197,5.31880210447212,
82,154,"iio",3,6.30413344716312,3.46946608206286,"v",3,6.24791743759657,3.46946608206286,0.0562160095665476
82,155,"iio",2,5.63402967173239,4.2412845030594,"iio",2,6.35870684187067,4.89841848836723,
82,156,"V",2,3.49630902178129,4.2412845030594,"V",2,3.55248551091623,4.53810895105938,
82,157,"I",2,3.5499808322293,5.33715688987669,"I",2,3.5499808322293,5.33715688987669,
82,158,"I",3,2.93777615845489,5.22119492673301,"I",3,2.93777615845489,5.22119492673301,
82,159,"ii",4,3.78398748530637,5.21823057143639,"ii",4,3.78398748530637,5.21823057143639,
,,,,,,,,,,
83,150,"#ivo",2,6.87878192256377,5.24698189499688,"#ivo",2,6.87878192256377,5.24698189499688,
83,151,"ii",1,3.38482608022132,5.00280443374801,"ii",1,3.38482608022132,5.00280443374801,
83,152,"ii",2,5.16713963819818,4.95104194077879,"ii",2,5.16713963819818,4.95104194077879,
83,153,"iio",2,6.01375065936197,5.31880210447212,"iio",2,6.01375065936197,5.31880210447212,
83,154,"iio",3,6.30413344716312,3.46946608206286,"iio",3,6.30413344716312,3.46946608206286,
83,155,"iio",2,5.63402967173239,4.2412845030594,"v",2,5.57781366216584,4.2412845030594,0.0562160095665476
83,156,"V",2,3.49630902178129,4.2412845030594,"V",2,5.1414847583135,4.89841848836723,
83,157,"I",2,3.5499808322293,5.33715688987669,"I",2,4.4909942756083,5.28994488005498,
83,158,"I",3,2.93777615845489,5.22119492673301,"I",3,2.86525022072167,5.12019957014729,
83,159,"ii",4,3.78398748530637,5.21823057143639,"ii",4,4.95014010489775,5.23946041579817,
83,160,"ii",5,3.65986320719145,4.46174213687789,"ii",4,3.40085722843034,4.89906551784532,
,,,,,,,,,,
84,157,"I",2,3.5499808322293,5.33715688987669,"I",2,3.5499808322293,5.33715688987669,
84,158,"I",3,2.93777615845489,5.22119492673301,"I",3,2.93777615845489,5.22119492673301,
84,159,"ii",4,3.78398748530637,5.21823057143639,"ii",4,3.78398748530637,5.21823057143639,
84,160,"ii",5,3.65986320719145,4.46174213687789,"ii",5,3.65986320719145,4.46174213687789,
84,161,"iio",5,6.84055696269145,4.59295566994238,"iio",5,6.84055696269145,4.59295566994238,
84,162,"iio",3,6.30413344716312,3.46946608206286,"v",3,6.24791743759657,3.46946608206286,0.0562160095665476
84,163,"ii",2,6.87808097419861,4.2412845030594,"ii",2,5.58464948378765,4.89841848836723,
84,164,"ii",1,4.76314935093105,5.4514812614937,"ii",2,3.79416532078634,5.2475307376662,
84,165,"I",2,4.18289480761984,5.31880210447212,"I",3,4.73541523082117,4.42905719611065,
84,166,"I",3,3.42590871013884,5.25388889221325,"I",3,3.42590871013884,5.25388889221325,
84,167,"ii",4,3.72682568680353,5.12467957113559,"ii",4,3.72682568680353,5.12467957113559,
,,,,,,,,,,
85,165,"I",2,4.18289480761984,5.31880210447212,"I",2,4.18289480761984,5.31880210447212,
85,166,"I",3,3.42590871013884,5.25388889221325,"I",3,3.42590871013884,5.25388889221325,
85,167,"ii",4,3.72682568680353,5.12467957113559,"ii",4,3.72682568680353,5.12467957113559,
85,168,"ii",5,1.48197115727432,4.02697995917804,"ii",5,1.48197115727432,4.02697995917804,
85,169,"iio",6,7.3169412934477,3.84827345740927,"iio",6,7.3169412934477,3.84827345740927,
85,170,"iio",3,6.30413344716312,3.46946608206286,"v",3,6.24791743759657,3.46946608206286,0.0562160095665476
85,171,"ii",2,6.87808097419861,4.2412845030594,"ii",2,5.58464948378765,4.89841848836723,
85,172,"ii",1,4.76314935093105,5.4514812614937,"ii",2,3.79416532078634,5.2475307376662,
85,173,"I",2,4.18289480761984,5.31880210447212,"I",3,4.73541523082117,4.42905719611065,
85,174,"I",3,3.42590871013884,5.25388889221325,"I",3,3.42590871013884,5.25388889221325,
85,175,"ii",4,3.72682568680353,5.12467957113559,"ii",4,3.72682568680353,5.12467957113559,
,,,,,,,,,,
86,173,"I",2,4.18289480761984,5.31880210447212,"I",2,4.18289480761984,5.31880210447212,
86,174,"I",3,3.42590871013884,5.25388889221325,"I",3,3.42590871013884,5.25388889221325,
86,175,"ii",4,3.72682568680353,5.12467957113559,"ii",4,3.72682568680353,5.12467957113559,
86,176,"ii",5,1.48197115727432,4.02697995917804,"ii",5,1.48197115727432,4.02697995917804,
86,177,"iio",6,7.3169412934477,3.84827345740927,"iio",6,7.3169412934477,3.84827345740927,
86,178,"iio",3,6.30413344716312,3.46946608206286,"v",3,6.24791743759657,3.46946608206286,0.0562160095665476
86,179,"I",2,1.44590756260574,4.2412845030594,"I",2,2.07951420907656,4.89841848836723,
86,180,"I",3,3.50653347100225,4.82718016834977,"I",3,2.93260669035851,5.08915053377793,
86,181,"I",3,4.02719472359701,5.30785230502309,"I",4,4.34521178068287,5.14698355319305,
86,182,"I",4,2.48746044018625,5.08886441969574,"I",4,2.27246368225157,4.94210544970733,
86,183,"I",5,3.06233637892673,5.08468061921287,"I",5,2.38970956369227,4.89435112023918,
,,,,,,,,,,
87,38,"io",4,7.60167681076924,3.79737567386236,"io",4,7.60167681076924,3.79737567386236,
87,39,"ii",2,3.61671590938521,5.07113943085968,"ii",2,3.61671590938521,5.07113943085968,
87,40,"V",3,3.34891899744004,4.56957897531782,"V",3,3.34891899744004,4.56957897531782,
87,41,"I",3,4.17552320717053,4.87555392880673,"I",3,4.17552320717053,4.87555392880673,
87,42,"I",3,4.13190650490478,5.40112686756345,"I",3,4.13190650490478,5.40112686756345,
87,43,"vi",4,4.2950134712079,5.22475882139959,"ii",4,4.23683400361267,5.22475882139959,0.0581794675952256
87,44,"vi",5,2.60886315194141,4.7839630126665,"vi",5,4.96990041137677,4.52442555888543,
87,45,"VII",6,7.37296275524069,4.6938311359179,"VII",4,8.09570595026129,3.31380379393157,
87,46,"VII",1,4.25861632513268,5.35939902495797,"VII",1,4.25861632513268,5.35939902495797,
87,47,"III",2,3.88333701672916,5.03192017417812,"III",2,3.88333701672916,5.03192017417812,
87,48,"III",3,1.55805926843592,4.37890437332967,"III",3,1.55805926843592,4.37890437332967,
,,,,,,,,,,
88,96,"iio",3,6.30413344716312,3.46946608206286,"iio",3,6.30413344716312,3.46946608206286,
88,97,"ii",2,6.87808097419861,4.2412845030594,"ii",2,6.87808097419861,4.2412845030594,
88,98,"V",1,4.44179232229737,5.4514812614937,"V",1,4.44179232229737,5.4514812614937,
88,99,"I",2,3.88391692192418,5.32637995012517,"I",2,3.88391692192418,5.32637995012517,
88,100,"I",3,4.13190650490478,5.40112686756345,"I",3,4.13190650490478,5.40112686756345,
88,101,"ii",4,4.23683400361267,5.22475882139959,"vi",4,4.2950134712079,5.22475882139959,0.0581794675952256
88,102,"ii",5,3.06588953589311,4.52442555888543,"ii",5,4.2047701893602,4.7839630126665,
88,103,"iio",6,7.15941585517291,4.26772416179408,"iio",5,7.98222686008234,3.34319917733665,
88,104,"iio",3,6.30413344716312,3.46946608206286,"iio",2,5.83566701824935,4.29369984292888,
88,105,"ii",2,6.87808097419861,4.2412845030594,"ii",2,6.87808097419861,4.2412845030594,
88,106,"ii",1,4.76314935093105,5.4514812614937,"ii",1,4.76314935093105,5.4514812614937,
,,,,,,,,,,
89,40,"V",3,3.34891899744004,4.56957897531782,"V",3,3.34891899744004,4.56957897531782,
89,41,"I",3,4.17552320717053,4.87555392880673,"I",3,4.17552320717053,4.87555392880673,
89,42,"I",3,4.13190650490478,5.40112686756345,"I",3,4.13190650490478,5.40112686756345,
89,43,"vi",4,4.2950134712079,5.22475882139959,"vi",4,4.2950134712079,5.22475882139959,
89,44,"vi",5,2.60886315194141,4.7839630126665,"vi",5,2.60886315194141,4.7839630126665,
89,45,"VII",6,7.37296275524069,4.6938311359179,"-iii",6,7.43615658172788,4.6938311359179,0.0631938264871934
89,46,"VII",1,4.25861632513268,5.35939902495797,"VII",1,6.38469125679569,5.46436553144696,
89,47,"III",2,3.88333701672916,5.03192017417812,"III",1,4.54313152981812,5.35939902495797,
89,48,"III",3,1.55805926843592,4.37890437332967,"III",2,2.35968677723969,4.92323805792392,
89,49,"VI",4,5.16524734787908,4.22288012824419,"VI",3,4.81835683127684,4.87462479662082,
89,50,"VI",3,1.24409566218337,3.99309370604159,"VI",3,1.24409566218337,3.99309370604159,
,,,,,,,,,,
90,40,"V",3,3.34891899744004,4.56957897531782,"V",3,3.34891899744004,4.56957897531782,
90,41,"I",3,4.17552320717053,4.87555392880673,"I",3,4.17552320717053,4.87555392880673,
90,42,"I",3,4.13190650490478,5.40112686756345,"I",3,4.13190650490478,5.40112686756345,
90,43,"vi",4,4.2950134712079,5.22475882139959,"vi",4,4.2950134712079,5.22475882139959,
90,44,"vi",5,2.60886315194141,4.7839630126665,"vi",5,2.60886315194141,4.7839630126665,
90,45,"VII",6,7.37296275524069,4.6938311359179,"viio",6,7.43615658172788,4.6938311359179,0.0631938264871934
90,46,"VII",1,4.25861632513268,5.35939902495797,"VII",1,6.55673594791453,5.31257334167248,
90,47,"III",2,3.88333701672916,5.03192017417812,"III",1,4.54313152981812,5.35939902495797,
90,48,"III",3,1.55805926843592,4.37890437332967,"III",2,2.35968677723969,4.92323805792392,
90,49,"VI",4,5.16524734787908,4.22288012824419,"VI",3,4.81835683127684,4.87462479662082,
90,50,"VI",3,1.24409566218337,3.99309370604159,"VI",3,1.24409566218337,3.99309370604159,
,,,,,,,,,,
91,40,"V",3,3.34891899744004,4.56957897531782,"V",3,3.34891899744004,4.56957897531782,
91,41,"I",3,4.17552320717053,4.87555392880673,"I",3,4.17552320717053,4.87555392880673,
91,42,"I",3,4.13190650490478,5.40112686756345,"I",3,4.13190650490478,5.40112686756345,
91,43,"vi",4,4.2950134712079,5.22475882139959,"vi",4,4.2950134712079,5.22475882139959,
91,44,"vi",5,2.60886315194141,4.7839630126665,"vi",5,2.60886315194141,4.7839630126665,
91,45,"VII",6,7.37296275524069,4.6938311359179,"#IV",6,7.43615658172788,4.6938311359179,0.0631938264871934
91,46,"VII",1,4.25861632513268,5.35939902495797,"VII",1,4.42814694028007,5.34374298303996,
91,47,"III",2,3.88333701672916,5.03192017417812,"III",2,2.48822518890938,4.73467974028448,
91,48,"III",3,1.55805926843592,4.37890437332967,"III",3,1.55805926843592,4.37890437332967,
91,49,"VI",4,5.16524734787908,4.22288012824419,"VI",4,5.16524734787908,4.32872085571926,
91,50,"VI",3,1.24409566218337,3.99309370604159,"VI",3,1.24409566218337,3.99309370604159,
,,,,,,,,,,
92,106,"ii",1,4.76314935093105,5.4514812614937,"ii",1,4.76314935093105,5.4514812614937,
92,107,"I",2,4.18289480761984,5.31880210447212,"I",2,4.18289480761984,5.31880210447212,
92,108,"I",3,3.42590871013884,5.25388889221325,"I",3,3.42590871013884,5.25388889221325,
92,109,"vi",4,4.3268247454022,5.12467957113559,"vi",4,4.3268247454022,5.12467957113559,
92,110,"vi",5,3.12702258713118,4.84490832433922,"vi",5,3.12702258713118,4.84490832433922,
92,111,"VII",5,7.45227066187122,4.22416088940498,"-iii",5,7.51546448835841,4.22416088940498,0.0631938264871934
92,112,"VII",1,4.25861632513268,5.35939902495797,"VII",1,6.38469125679569,5.46436553144696,
92,113,"III",2,3.88333701672916,5.03192017417812,"III",1,4.54313152981812,5.35939902495797,
92,114,"III",3,1.55805926843592,4.37890437332967,"III",2,2.35968677723969,4.92323805792392,
92,115,"VI",4,5.16524734787908,4.22288012824419,"VI",3,4.81835683127684,4.87462479662082,
92,116,"VI",3,1.24409566218337,3.99309370604159,"VI",3,1.24409566218337,3.99309370604159,
,,,,,,,,,,
93,106,"ii",1,4.76314935093105,5.4514812614937,"ii",1,4.76314935093105,5.4514812614937,
93,107,"I",2,4.18289480761984,5.31880210447212,"I",2,4.18289480761984,5.31880210447212,
93,108,"I",3,3.42590871013884,5.25388889221325,"I",3,3.42590871013884,5.25388889221325,
93,109,"vi",4,4.3268247454022,5.12467957113559,"vi",4,4.3268247454022,5.12467957113559,
93,110,"vi",5,3.12702258713118,4.84490832433922,"vi",5,3.12702258713118,4.84490832433922,
93,111,"VII",5,7.45227066187122,4.22416088940498,"viio",5,7.51546448835841,4.22416088940498,0.0631938264871934
93,112,"VII",1,4.25861632513268,5.35939902495797,"VII",1,6.55673594791453,5.31257334167248,
93,113,"III",2,3.88333701672916,5.03192017417812,"III",1,4.54313152981812,5.35939902495797,
93,114,"III",3,1.55805926843592,4.37890437332967,"III",2,2.35968677723969,4.92323805792392,
93,115,"VI",4,5.16524734787908,4.22288012824419,"VI",3,4.81835683127684,4.87462479662082,
93,116,"VI",3,1.24409566218337,3.99309370604159,"VI",3,1.24409566218337,3.99309370604159,
,,,,,,,,,,
94,106,"ii",1,4.76314935093105,5.4514812614937,"ii",1,4.76314935093105,5.4514812614937,
94,107,"I",2,4.18289480761984,5.31880210447212,"I",2,4.18289480761984,5.31880210447212,
94,108,"I",3,3.42590871013884,5.25388889221325,"I",3,3.42590871013884,5.25388889221325,
94,109,"vi",4,4.3268247454022,5.12467957113559,"vi",4,4.3268247454022,5.12467957113559,
94,110,"vi",5,3.12702258713118,4.84490832433922,"vi",5,3.12702258713118,4.84490832433922,
94,111,"VII",5,7.45227066187122,4.22416088940498,"#IV",5,7.51546448835841,4.22416088940498,0.0631938264871934
94,112,"VII",1,4.25861632513268,5.35939902495797,"VII",1,4.42814694028007,5.34374298303996,
94,113,"III",2,3.88333701672916,5.03192017417812,"III",2,2.48822518890938,4.73467974028448,
94,114,"III",3,1.55805926843592,4.37890437332967,"III",3,1.55805926843592,4.37890437332967,
94,115,"VI",4,5.16524734787908,4.22288012824419,"VI",4,5.16524734787908,4.32872085571926,
94,116,"VI",3,1.24409566218337,3.99309370604159,"VI",3,1.24409566218337,3.99309370604159,
,,,,,,,,,,
95,142,"IV",10,1.25316939999977,3.51683262673969,"IV",10,1.25316939999977,3.51683262673969,
95,143,"ii",10,5.3318508384463,3.56914429349208,"ii",10,5.3318508384463,3.56914429349208,
95,144,"ii",8,1.4439031146592,3.53109868570543,"ii",8,1.4439031146592,3.53109868570543,
95,145,"IV",9,3.34366141243149,3.64432850973758,"IV",9,3.34366141243149,3.64432850973758,
95,146,"IV",4,1.7956143545287,4.36895493663094,"IV",4,1.7956143545287,4.36895493663094,
95,147,"iv",5,5.64556756063906,4.47865125331656,"vi",5,5.58150384809425,4.47865125331656,0.0640637125448125
95,148,"iii",3,6.4964482459115,5.22845895593233,"iii",3,4.2648344513116,4.35693616198251,
95,149,"iii",2,5.06603227454618,4.93163048383805,"iii",4,5.27370674712493,3.70920497128395,
95,150,"#ivo",2,6.87878192256377,5.24698189499688,"#ivo",3,7.18548539420587,4.95065448568749,
95,151,"ii",1,3.38482608022132,5.00280443374801,"ii",1,3.38482608022132,5.00280443374801,
95,152,"ii",2,5.16713963819818,4.95104194077879,"ii",2,5.16713963819818,4.95104194077879,
,,,,,,,,,,
96,51,"ii",4,4.95316286117299,3.88512590342859,"ii",4,4.95316286117299,3.88512590342859,
96,52,"ii",3,3.4145988319353,4.93429568582484,"ii",3,3.4145988319353,4.93429568582484,
96,53,"iv",4,5.03550034249799,4.45666491132189,"iv",4,5.03550034249799,4.45666491132189,
96,54,"iv",3,5.22195527872971,4.24478858687723,"iv",3,5.22195527872971,4.24478858687723,
96,55,"r",3,3.10988469008671,5.03353480566252,"r",3,3.10988469008671,5.03353480566252,
96,56,"iio",3,8.81055533616729,2.65120998784587,"#io",3,8.87468567358701,2.65120998784587,0.0641303374197157
96,57,"r",1,3.12207434943258,5.13656897284064,"r",1,3.21917327844795,4.94232113210805,
96,58,"r",1,2.30762052133861,3.97526569652595,"r",1,2.30762052133861,3.97526569652595,
96,59,"r",2,1.86106956925883,3.64601662669941,"r",2,1.86106956925883,3.64601662669941,
96,60,"r",3,1.60950150739252,3.46316021898319,"r",3,1.60950150739252,3.46316021898319,
96,61,"I",4,1.95781871134021,3.48974951660457,"I",4,1.95781871134021,3.48974951660457,
,,,,,,,,,,
97,117,"ii",4,4.95316286117299,3.88512590342859,"ii",4,4.95316286117299,3.88512590342859,
97,118,"ii",3,3.4145988319353,4.93429568582484,"ii",3,3.4145988319353,4.93429568582484,
97,119,"iv",4,5.03550034249799,4.45666491132189,"iv",4,5.03550034249799,4.45666491132189,
97,120,"iv",3,5.22195527872971,4.24478858687723,"iv",3,5.22195527872971,4.24478858687723,
97,121,"r",3,3.10988469008671,5.03353480566252,"r",3,3.10988469008671,5.03353480566252,
97,122,"iio",3,8.81055533616729,2.65120998784587,"#io",3,8.87468567358701,2.65120998784587,0.0641303374197157
97,123,"r",1,3.12207434943258,5.13656897284064,"r",1,3.21917327844795,4.94232113210805,
97,124,"r",1,2.30762052133861,3.97526569652595,"r",1,2.30762052133861,3.97526569652595,
97,125,"r",2,1.86106956925883,3.64601662669941,"r",2,1.86106956925883,3.64601662669941,
97,126,"r",3,1.60950150739252,3.46316021898319,"r",3,1.60950150739252,3.46316021898319,
97,127,"I",4,1.95781871134021,3.48974951660457,"I",4,1.95781871134021,3.48974951660457,
,,,,,,,,,,
98,92,"I",3,3.50653347100225,4.82718016834977,"I",3,3.50653347100225,4.82718016834977,
98,93,"ii",3,3.98002149785095,5.30785230502309,"ii",3,3.98002149785095,5.30785230502309,
98,94,"ii",4,4.2002145969608,4.95963904862603,"ii",4,4.2002145969608,4.95963904862603,
98,95,"iio",4,6.6087944170532,4.82613516645091,"iio",4,6.6087944170532,4.82613516645091,
98,96,"iio",3,6.30413344716312,3.46946608206286,"iio",3,6.30413344716312,3.46946608206286,
98,97,"ii",2,6.87808097419861,4.2412845030594,"IV",2,6.81173847936991,4.2412845030594,0.0663424948286959
98,98,"V",1,4.44179232229737,5.4514812614937,"V",1,5.02158523450333,5.459538592037,
98,99,"I",2,3.88391692192418,5.32637995012517,"I",2,4.17408328962477,5.36943448572893,
98,100,"I",3,4.13190650490478,5.40112686756345,"I",3,4.18311600700661,5.37495630900427,
98,101,"ii",4,4.23683400361267,5.22475882139959,"ii",4,4.48680144003923,5.21490971750998,
98,102,"ii",5,3.06588953589311,4.52442555888543,"ii",5,3.29244420534083,4.62754462021431,
,,,,,,,,,,
99,100,"I",3,4.13190650490478,5.40112686756345,"I",3,4.13190650490478,5.40112686756345,
99,101,"ii",4,4.23683400361267,5.22475882139959,"ii",4,4.23683400361267,5.22475882139959,
99,102,"ii",5,3.06588953589311,4.52442555888543,"ii",5,3.06588953589311,4.52442555888543,
99,103,"iio",6,7.15941585517291,4.26772416179408,"iio",6,7.15941585517291,4.26772416179408,
99,104,"iio",3,6.30413344716312,3.46946608206286,"iio",3,6.30413344716312,3.46946608206286,
99,105,"ii",2,6.87808097419861,4.2412845030594,"IV",2,6.81173847936991,4.2412845030594,0.0663424948286959
99,106,"ii",1,4.76314935093105,5.4514812614937,"ii",1,5.21713200312066,5.459538592037,
99,107,"I",2,4.18289480761984,5.31880210447212,"I",2,3.91362775468241,5.13973178056075,
99,108,"I",3,3.42590871013884,5.25388889221325,"I",3,3.7344951739694,5.17411361088438,
99,109,"vi",4,4.3268247454022,5.12467957113559,"vi",4,3.82899881359089,5.08701058109378,
99,110,"vi",5,3.12702258713118,4.84490832433922,"vi",5,3.8246140515939,4.70147951982093,
,,,,,,,,,,
100,158,"I",3,2.93777615845489,5.22119492673301,"I",3,2.93777615845489,5.22119492673301,
100,159,"ii",4,3.78398748530637,5.21823057143639,"ii",4,3.78398748530637,5.21823057143639,
100,160,"ii",5,3.65986320719145,4.46174213687789,"ii",5,3.65986320719145,4.46174213687789,
100,161,"iio",5,6.84055696269145,4.59295566994238,"iio",5,6.84055696269145,4.59295566994238,
100,162,"iio",3,6.30413344716312,3.46946608206286,"iio",3,6.30413344716312,3.46946608206286,
100,163,"ii",2,6.87808097419861,4.2412845030594,"IV",2,6.81173847936991,4.2412845030594,0.0663424948286959
100,164,"ii",1,4.76314935093105,5.4514812614937,"ii",1,5.21713200312066,5.459538592037,
100,165,"I",2,4.18289480761984,5.31880210447212,"I",2,3.91362775468241,5.13973178056075,
100,166,"I",3,3.42590871013884,5.25388889221325,"I",3,3.7344951739694,5.17411361088438,
100,167,"ii",4,3.72682568680353,5.12467957113559,"ii",4,4.78329973303911,5.08701058109378,
100,168,"ii",5,1.48197115727432,4.02697995917804,"ii",4,2.90192934169722,4.91198636832157,
,,,,,,,,,,
101,166,"I",3,3.42590871013884,5.25388889221325,"I",3,3.42590871013884,5.25388889221325,
101,167,"ii",4,3.72682568680353,5.12467957113559,"ii",4,3.72682568680353,5.12467957113559,
101,168,"ii",5,1.48197115727432,4.02697995917804,"ii",5,1.48197115727432,4.02697995917804,
101,169,"iio",6,7.3169412934477,3.84827345740927,"iio",6,7.3169412934477,3.84827345740927,
101,170,"iio",3,6.30413344716312,3.46946608206286,"iio",3,6.30413344716312,3.46946608206286,
101,171,"ii",2,6.87808097419861,4.2412845030594,"IV",2,6.81173847936991,4.2412845030594,0.0663424948286959
101,172,"ii",1,4.76314935093105,5.4514812614937,"ii",1,5.21713200312066,5.459538592037,
101,173,"I",2,4.18289480761984,5.31880210447212,"I",2,3.91362775468241,5.13973178056075,
101,174,"I",3,3.42590871013884,5.25388889221325,"I",3,3.7344951739694,5.17411361088438,
101,175,"ii",4,3.72682568680353,5.12467957113559,"ii",4,4.78329973303911,5.08701058109378,
101,176,"ii",5,1.48197115727432,4.02697995917804,"ii",4,2.90192934169722,4.91198636832157,
,,,,,,,,,,
102,79,"ii",9,4.51768769015367,3.64432850973758,"ii",9,4.51768769015367,3.64432850973758,
102,80,"ii",5,2.63688710233263,4.70883279483817,"ii",5,2.63688710233263,4.70883279483817,
102,81,"iv",6,6.70726982400881,4.27648332399766,"iv",6,6.70726982400881,4.27648332399766,
102,82,"iii",3,6.52543558353392,5.05757635572413,"iii",3,6.52543558353392,5.05757635572413,
102,83,"iii",2,5.06603227454618,4.93163048383805,"iii",2,5.06603227454618,4.93163048383805,
102,84,"#ivo",2,6.87878192256377,5.24698189499688,"-viio",2,6.94695342520535,5.24698189499688,0.0681715026415795
102,85,"ii",1,3.38482608022132,5.00280443374801,"ii",1,6.14519791553994,5.33103534092871,
102,86,"ii",2,5.16713963819818,4.95104194077879,"ii",1,4.76314935093105,5.4514812614937,
102,87,"iio",2,6.01375065936197,5.31880210447212,"iio",2,6.01375065936197,5.31880210447212,
102,88,"iio",3,6.30413344716312,3.46946608206286,"iio",3,6.30413344716312,3.46946608206286,
102,89,"iio",2,5.63402967173239,4.2412845030594,"iio",2,5.63402967173239,4.2412845030594,
,,,,,,,,,,
103,79,"ii",9,4.51768769015367,3.64432850973758,"ii",9,4.51768769015367,3.64432850973758,
103,80,"ii",5,2.63688710233263,4.70883279483817,"ii",5,2.63688710233263,4.70883279483817,
103,81,"iv",6,6.70726982400881,4.27648332399766,"iv",6,6.70726982400881,4.27648332399766,
103,82,"iii",3,6.52543558353392,5.05757635572413,"iii",3,6.52543558353392,5.05757635572413,
103,83,"iii",2,5.06603227454618,4.93163048383805,"iii",2,5.06603227454618,4.93163048383805,
103,84,"#ivo",2,6.87878192256377,5.24698189499688,"-vio",2,6.94695342520535,5.24698189499688,0.0681715026415795
103,85,"ii",1,3.38482608022132,5.00280443374801,"ii",1,6.21888371243816,5.18656497169441,
103,86,"ii",2,5.16713963819818,4.95104194077879,"ii",1,4.76314935093105,5.4514812614937,
103,87,"iio",2,6.01375065936197,5.31880210447212,"iio",2,6.01375065936197,5.31880210447212,
103,88,"iio",3,6.30413344716312,3.46946608206286,"iio",3,6.30413344716312,3.46946608206286,
103,89,"iio",2,5.63402967173239,4.2412845030594,"iio",2,5.63402967173239,4.2412845030594,
,,,,,,,,,,
104,145,"IV",9,3.34366141243149,3.64432850973758,"IV",9,3.34366141243149,3.64432850973758,
104,146,"IV",4,1.7956143545287,4.36895493663094,"IV",4,1.7956143545287,4.36895493663094,
104,147,"iv",5,5.64556756063906,4.47865125331656,"iv",5,5.64556756063906,4.47865125331656,
104,148,"iii",3,6.4964482459115,5.22845895593233,"iii",3,6.4964482459115,5.22845895593233,
104,149,"iii",2,5.06603227454618,4.93163048383805,"iii",2,5.06603227454618,4.93163048383805,
104,150,"#ivo",2,6.87878192256377,5.24698189499688,"-viio",2,6.94695342520535,5.24698189499688,0.0681715026415795
104,151,"ii",1,3.38482608022132,5.00280443374801,"ii",1,6.14519791553994,5.33103534092871,
104,152,"ii",2,5.16713963819818,4.95104194077879,"ii",1,4.76314935093105,5.4514812614937,
104,153,"iio",2,6.01375065936197,5.31880210447212,"iio",2,6.01375065936197,5.31880210447212,
104,154,"iio",3,6.30413344716312,3.46946608206286,"iio",3,6.30413344716312,3.46946608206286,
104,155,"iio",2,5.63402967173239,4.2412845030594,"iio",2,5.63402967173239,4.2412845030594,
,,,,,,,,,,
105,145,"IV",9,3.34366141243149,3.64432850973758,"IV",9,3.34366141243149,3.64432850973758,
105,146,"IV",4,1.7956143545287,4.36895493663094,"IV",4,1.7956143545287,4.36895493663094,
105,147,"iv",5,5.64556756063906,4.47865125331656,"iv",5,5.64556756063906,4.47865125331656,
105,148,"iii",3,6.4964482459115,5.22845895593233,"iii",3,6.4964482459115,5.22845895593233,
105,149,"iii",2,5.06603227454618,4.93163048383805,"iii",2,5.06603227454618,4.93163048383805,
105,150,"#ivo",2,6.87878192256377,5.24698189499688,"-vio",2,6.94695342520535,5.24698189499688,0.0681715026415795
105,151,"ii",1,3.38482608022132,5.00280443374801,"ii",1,6.21888371243816,5.18656497169441,
105,152,"ii",2,5.16713963819818,4.95104194077879,"ii",1,4.76314935093105,5.4514812614937,
105,153,"iio",2,6.01375065936197,5.31880210447212,"iio",2,6.01375065936197,5.31880210447212,
105,154,"iio",3,6.30413344716312,3.46946608206286,"iio",3,6.30413344716312,3.46946608206286,
105,155,"iio",2,5.63402967173239,4.2412845030594,"iio",2,5.63402967173239,4.2412845030594,
,,,,,,,,,,
106,83,"iii",2,5.06603227454618,4.93163048383805,"iii",2,5.06603227454618,4.93163048383805,
106,84,"#ivo",2,6.87878192256377,5.24698189499688,"#ivo",2,6.87878192256377,5.24698189499688,
106,85,"ii",1,3.38482608022132,5.00280443374801,"ii",1,3.38482608022132,5.00280443374801,
106,86,"ii",2,5.16713963819818,4.95104194077879,"ii",2,5.16713963819818,4.95104194077879,
106,87,"iio",2,6.01375065936197,5.31880210447212,"iio",2,6.01375065936197,5.31880210447212,
106,88,"iio",3,6.30413344716312,3.46946608206286,"-VI",3,6.2273886242319,3.46946608206286,0.0767448229312206
106,89,"iio",2,5.63402967173239,4.2412845030594,"iio",2,6.55669024570836,4.99869199041563,
106,90,"iio",2,5.63402967173239,4.2412845030594,"iio",2,5.61480733339057,4.25103702958473,
106,91,"I",2,1.44590756260574,4.2412845030594,"I",2,1.44590756260574,4.2412845030594,
106,92,"I",3,3.50653347100225,4.82718016834977,"I",3,3.50653347100225,4.82718016834977,
106,93,"ii",3,3.98002149785095,5.30785230502309,"ii",3,3.98002149785095,5.30785230502309,
,,,,,,,,,,
107,84,"#ivo",2,6.87878192256377,5.24698189499688,"#ivo",2,6.87878192256377,5.24698189499688,
107,85,"ii",1,3.38482608022132,5.00280443374801,"ii",1,3.38482608022132,5.00280443374801,
107,86,"ii",2,5.16713963819818,4.95104194077879,"ii",2,5.16713963819818,4.95104194077879,
107,87,"iio",2,6.01375065936197,5.31880210447212,"iio",2,6.01375065936197,5.31880210447212,
107,88,"iio",3,6.30413344716312,3.46946608206286,"iio",3,6.30413344716312,3.46946608206286,
107,89,"iio",2,5.63402967173239,4.2412845030594,"-VI",2,5.55728484880117,4.2412845030594,0.0767448229312206
107,90,"iio",2,5.63402967173239,4.2412845030594,"iio",2,6.55669024570836,4.99869199041563,
107,91,"I",2,1.44590756260574,4.2412845030594,"I",2,3.70092723040907,4.25103702958473,
107,92,"I",3,3.50653347100225,4.82718016834977,"I",2,3.1978240900452,5.29452525707598,
107,93,"ii",3,3.98002149785095,5.30785230502309,"ii",3,3.98002149785095,5.30785230502309,
107,94,"ii",4,4.2002145969608,4.95963904862603,"ii",4,4.2002145969608,4.95963904862603,
,,,,,,,,,,
108,85,"ii",1,3.38482608022132,5.00280443374801,"ii",1,3.38482608022132,5.00280443374801,
108,86,"ii",2,5.16713963819818,4.95104194077879,"ii",2,5.16713963819818,4.95104194077879,
108,87,"iio",2,6.01375065936197,5.31880210447212,"iio",2,6.01375065936197,5.31880210447212,
108,88,"iio",3,6.30413344716312,3.46946608206286,"iio",3,6.30413344716312,3.46946608206286,
108,89,"iio",2,5.63402967173239,4.2412845030594,"iio",2,5.63402967173239,4.2412845030594,
108,90,"iio",2,5.63402967173239,4.2412845030594,"-VI",2,5.55728484880117,4.2412845030594,0.0767448229312206
108,91,"I",2,1.44590756260574,4.2412845030594,"I",2,5.31590577775359,4.99869199041563,
108,92,"I",3,3.50653347100225,4.82718016834977,"I",2,4.19291582979093,5.411597400698,
108,93,"ii",3,3.98002149785095,5.30785230502309,"ii",3,5.158860070482,5.37410759619292,
108,94,"ii",4,4.2002145969608,4.95963904862603,"ii",3,3.93295472300498,5.17141573490288,
108,95,"iio",4,6.6087944170532,4.82613516645091,"iio",4,6.6087944170532,4.82613516645091,
,,,,,,,,,,
109,91,"I",2,1.44590756260574,4.2412845030594,"I",2,1.44590756260574,4.2412845030594,
109,92,"I",3,3.50653347100225,4.82718016834977,"I",3,3.50653347100225,4.82718016834977,
109,93,"ii",3,3.98002149785095,5.30785230502309,"ii",3,3.98002149785095,5.30785230502309,
109,94,"ii",4,4.2002145969608,4.95963904862603,"ii",4,4.2002145969608,4.95963904862603,
109,95,"iio",4,6.6087944170532,4.82613516645091,"iio",4,6.6087944170532,4.82613516645091,
109,96,"iio",3,6.30413344716312,3.46946608206286,"-VI",3,6.2273886242319,3.46946608206286,0.0767448229312206
109,97,"ii",2,6.87808097419861,4.2412845030594,"ii",2,6.14664477577327,4.99869199041563,
109,98,"V",1,4.44179232229737,5.4514812614937,"V",2,2.98296728274717,5.15725715051474,
109,99,"I",2,3.88391692192418,5.32637995012517,"I",3,2.12096981614148,4.88249462702459,
109,100,"I",3,4.13190650490478,5.40112686756345,"I",4,2.66118147909302,5.17028506365659,
109,101,"ii",4,4.23683400361267,5.22475882139959,"ii",5,4.45519762733802,4.90758204146641,
,,,,,,,,,,
110,99,"I",2,3.88391692192418,5.32637995012517,"I",2,3.88391692192418,5.32637995012517,
110,100,"I",3,4.13190650490478,5.40112686756345,"I",3,4.13190650490478,5.40112686756345,
110,101,"ii",4,4.23683400361267,5.22475882139959,"ii",4,4.23683400361267,5.22475882139959,
110,102,"ii",5,3.06588953589311,4.52442555888543,"ii",5,3.06588953589311,4.52442555888543,
110,103,"iio",6,7.15941585517291,4.26772416179408,"iio",6,7.15941585517291,4.26772416179408,
110,104,"iio",3,6.30413344716312,3.46946608206286,"-VI",3,6.2273886242319,3.46946608206286,0.0767448229312206
110,105,"ii",2,6.87808097419861,4.2412845030594,"ii",2,6.14664477577327,4.99869199041563,
110,106,"ii",1,4.76314935093105,5.4514812614937,"ii",2,5.04463003116211,5.15725715051474,
110,107,"I",2,4.18289480761984,5.31880210447212,"I",2,4.18289480761984,5.31880210447212,
110,108,"I",3,3.42590871013884,5.25388889221325,"I",3,3.42590871013884,5.25388889221325,
110,109,"vi",4,4.3268247454022,5.12467957113559,"vi",4,4.3268247454022,5.12467957113559,
,,,,,,,,,,
111,149,"iii",2,5.06603227454618,4.93163048383805,"iii",2,5.06603227454618,4.93163048383805,
111,150,"#ivo",2,6.87878192256377,5.24698189499688,"#ivo",2,6.87878192256377,5.24698189499688,
111,151,"ii",1,3.38482608022132,5.00280443374801,"ii",1,3.38482608022132,5.00280443374801,
111,152,"ii",2,5.16713963819818,4.95104194077879,"ii",2,5.16713963819818,4.95104194077879,
111,153,"iio",2,6.01375065936197,5.31880210447212,"iio",2,6.01375065936197,5.31880210447212,
111,154,"iio",3,6.30413344716312,3.46946608206286,"-VI",3,6.2273886242319,3.46946608206286,0.0767448229312206
111,155,"iio",2,5.63402967173239,4.2412845030594,"iio",2,6.55669024570836,4.99869199041563,
111,156,"V",2,3.49630902178129,4.2412845030594,"V",2,1.42865208897332,4.25103702958473,
111,157,"I",2,3.5499808322293,5.33715688987669,"I",3,3.82780874388691,5.02380151770602,
111,158,"I",3,2.93777615845489,5.22119492673301,"I",3,2.93777615845489,5.22119492673301,
111,159,"ii",4,3.78398748530637,5.21823057143639,"ii",4,3.78398748530637,5.21823057143639,
,,,,,,,,,,
112,150,"#ivo",2,6.87878192256377,5.24698189499688,"#ivo",2,6.87878192256377,5.24698189499688,
112,151,"ii",1,3.38482608022132,5.00280443374801,"ii",1,3.38482608022132,5.00280443374801,
112,152,"ii",2,5.16713963819818,4.95104194077879,"ii",2,5.16713963819818,4.95104194077879,
112,153,"iio",2,6.01375065936197,5.31880210447212,"iio",2,6.01375065936197,5.31880210447212,
112,154,"iio",3,6.30413344716312,3.46946608206286,"iio",3,6.30413344716312,3.46946608206286,
112,155,"iio",2,5.63402967173239,4.2412845030594,"-VI",2,5.55728484880117,4.2412845030594,0.0767448229312206
112,156,"V",2,3.49630902178129,4.2412845030594,"V",2,4.8865303840305,4.99869199041563,
112,157,"I",2,3.5499808322293,5.33715688987669,"I",2,4.20422868835659,5.15042220870833,
112,158,"I",3,2.93777615845489,5.22119492673301,"I",3,3.82483101075475,5.32103280926833,
112,159,"ii",4,3.78398748530637,5.21823057143639,"ii",4,4.96166816760964,5.20504773712755,
112,160,"ii",5,3.65986320719145,4.46174213687789,"ii",4,3.40085722843034,4.89906551784532,
,,,,,,,,,,
113,157,"I",2,3.5499808322293,5.33715688987669,"I",2,3.5499808322293,5.33715688987669,
113,158,"I",3,2.93777615845489,5.22119492673301,"I",3,2.93777615845489,5.22119492673301,
113,159,"ii",4,3.78398748530637,5.21823057143639,"ii",4,3.78398748530637,5.21823057143639,
113,160,"ii",5,3.65986320719145,4.46174213687789,"ii",5,3.65986320719145,4.46174213687789,
113,161,"iio",5,6.84055696269145,4.59295566994238,"iio",5,6.84055696269145,4.59295566994238,
113,162,"iio",3,6.30413344716312,3.46946608206286,"-VI",3,6.2273886242319,3.46946608206286,0.0767448229312206
113,163,"ii",2,6.87808097419861,4.2412845030594,"ii",2,6.14664477577327,4.99869199041563,
113,164,"ii",1,4.76314935093105,5.4514812614937,"ii",2,5.04463003116211,5.15725715051474,
113,165,"I",2,4.18289480761984,5.31880210447212,"I",2,4.18289480761984,5.31880210447212,
113,166,"I",3,3.42590871013884,5.25388889221325,"I",3,3.42590871013884,5.25388889221325,
113,167,"ii",4,3.72682568680353,5.12467957113559,"ii",4,3.72682568680353,5.12467957113559,
,,,,,,,,,,
114,165,"I",2,4.18289480761984,5.31880210447212,"I",2,4.18289480761984,5.31880210447212,
114,166,"I",3,3.42590871013884,5.25388889221325,"I",3,3.42590871013884,5.25388889221325,
114,167,"ii",4,3.72682568680353,5.12467957113559,"ii",4,3.72682568680353,5.12467957113559,
114,168,"ii",5,1.48197115727432,4.02697995917804,"ii",5,1.48197115727432,4.02697995917804,
114,169,"iio",6,7.3169412934477,3.84827345740927,"iio",6,7.3169412934477,3.84827345740927,
114,170,"iio",3,6.30413344716312,3.46946608206286,"-VI",3,6.2273886242319,3.46946608206286,0.0767448229312206
114,171,"ii",2,6.87808097419861,4.2412845030594,"ii",2,6.14664477577327,4.99869199041563,
114,172,"ii",1,4.76314935093105,5.4514812614937,"ii",2,5.04463003116211,5.15725715051474,
114,173,"I",2,4.18289480761984,5.31880210447212,"I",2,4.18289480761984,5.31880210447212,
114,174,"I",3,3.42590871013884,5.25388889221325,"I",3,3.42590871013884,5.25388889221325,
114,175,"ii",4,3.72682568680353,5.12467957113559,"ii",4,3.72682568680353,5.12467957113559,
,,,,,,,,,,
115,173,"I",2,4.18289480761984,5.31880210447212,"I",2,4.18289480761984,5.31880210447212,
115,174,"I",3,3.42590871013884,5.25388889221325,"I",3,3.42590871013884,5.25388889221325,
115,175,"ii",4,3.72682568680353,5.12467957113559,"ii",4,3.72682568680353,5.12467957113559,
115,176,"ii",5,1.48197115727432,4.02697995917804,"ii",5,1.48197115727432,4.02697995917804,
115,177,"iio",6,7.3169412934477,3.84827345740927,"iio",6,7.3169412934477,3.84827345740927,
115,178,"iio",3,6.30413344716312,3.46946608206286,"-VI",3,6.2273886242319,3.46946608206286,0.0767448229312206
115,179,"I",2,1.44590756260574,4.2412845030594,"I",2,5.31590577775359,4.99869199041563,
115,180,"I",3,3.50653347100225,4.82718016834977,"I",2,4.19291582979093,5.411597400698,
115,181,"I",3,4.02719472359701,5.30785230502309,"I",3,4.00619166586877,5.37410759619292,
115,182,"I",4,2.48746044018625,5.08886441969574,"I",4,3.11176852643851,5.09545504218968,
115,183,"I",5,3.06233637892673,5.08468061921287,"I",5,3.64110911062897,4.95315141081076,
,,,,,,,,,,
116,162,"iio",3,6.30413344716312,3.46946608206286,"iio",3,6.30413344716312,3.46946608206286,
116,163,"ii",2,6.87808097419861,4.2412845030594,"ii",2,6.87808097419861,4.2412845030594,
116,164,"ii",1,4.76314935093105,5.4514812614937,"ii",1,4.76314935093105,5.4514812614937,
116,165,"I",2,4.18289480761984,5.31880210447212,"I",2,4.18289480761984,5.31880210447212,
116,166,"I",3,3.42590871013884,5.25388889221325,"I",3,3.42590871013884,5.25388889221325,
116,167,"ii",4,3.72682568680353,5.12467957113559,"IV",4,3.80453575924003,5.12467957113559,0.0777100724365027
116,168,"ii",5,1.48197115727432,4.02697995917804,"ii",5,4.69936456621573,4.91885633520744,
116,169,"iio",6,7.3169412934477,3.84827345740927,"iio",5,7.33833011262364,4.28995907134353,
116,170,"iio",3,6.30413344716312,3.46946608206286,"iio",2,5.83566701824935,4.29369984292888,
116,171,"ii",2,6.87808097419861,4.2412845030594,"ii",2,6.87808097419861,4.2412845030594,
116,172,"ii",1,4.76314935093105,5.4514812614937,"ii",1,4.76314935093105,5.4514812614937,
,,,,,,,,,,
117,170,"iio",3,6.30413344716312,3.46946608206286,"iio",3,6.30413344716312,3.46946608206286,
117,171,"ii",2,6.87808097419861,4.2412845030594,"ii",2,6.87808097419861,4.2412845030594,
117,172,"ii",1,4.76314935093105,5.4514812614937,"ii",1,4.76314935093105,5.4514812614937,
117,173,"I",2,4.18289480761984,5.31880210447212,"I",2,4.18289480761984,5.31880210447212,
117,174,"I",3,3.42590871013884,5.25388889221325,"I",3,3.42590871013884,5.25388889221325,
117,175,"ii",4,3.72682568680353,5.12467957113559,"IV",4,3.80453575924003,5.12467957113559,0.0777100724365027
117,176,"ii",5,1.48197115727432,4.02697995917804,"ii",5,4.69936456621573,4.91885633520744,
117,177,"iio",6,7.3169412934477,3.84827345740927,"iio",5,7.33833011262364,4.28995907134353,
117,178,"iio",3,6.30413344716312,3.46946608206286,"iio",2,5.83566701824935,4.29369984292888,
117,179,"I",2,1.44590756260574,4.2412845030594,"I",2,1.44590756260574,4.2412845030594,
117,180,"I",3,3.50653347100225,4.82718016834977,"I",3,3.50653347100225,4.82718016834977,
,,,,,,,,,,
118,31,"I",9,2.60266052449991,4.99592412159331,"I",9,2.60266052449991,4.99592412159331,
118,32,"IV",10,4.65621682057116,4.17360959477901,"IV",10,4.65621682057116,4.17360959477901,
118,33,"IV",9,2.77829776329859,4.70150995411031,"IV",9,2.77829776329859,4.70150995411031,
118,34,"IV",10,1.85035301246321,3.56914429349208,"IV",10,1.85035301246321,3.56914429349208,
118,35,"IV",10,0.368956624053195,1.80275035727911,"IV",10,0.368956624053195,1.80275035727911,
118,36,"iv",10,7.80895305633684,2.12694644846139,"-VI",10,7.88680916921056,2.12694644846139,0.077856112873719
118,37,"I",4,2.11739783694104,4.81431584122313,"I",4,4.58106958894663,4.15495239628761,
118,38,"io",4,7.60167681076924,3.79737567386236,"io",3,6.76101294515749,5.12835777354055,
118,39,"ii",2,3.61671590938521,5.07113943085968,"ii",2,3.61671590938521,5.07113943085968,
118,40,"V",3,3.34891899744004,4.56957897531782,"V",3,3.34891899744004,4.56957897531782,
118,41,"I",3,4.17552320717053,4.87555392880673,"I",3,4.17552320717053,4.87555392880673,
,,,,,,,,,,
119,77,"ii",10,5.3318508384463,3.56914429349208,"ii",10,5.3318508384463,3.56914429349208,
119,78,"ii",8,1.4439031146592,3.53109868570543,"ii",8,1.4439031146592,3.53109868570543,
119,79,"ii",9,4.51768769015367,3.64432850973758,"ii",9,4.51768769015367,3.64432850973758,
119,80,"ii",5,2.63688710233263,4.70883279483817,"ii",5,2.63688710233263,4.70883279483817,
119,81,"iv",6,6.70726982400881,4.27648332399766,"iv",6,6.70726982400881,4.27648332399766,
119,82,"iii",3,6.52543558353392,5.05757635572413,"-V",3,6.6056059322179,5.05757635572413,0.0801703486839838
119,83,"iii",2,5.06603227454618,4.93163048383805,"iii",2,6.6597679329757,4.57164880873144,
119,84,"#ivo",2,6.87878192256377,5.24698189499688,"#ivo",1,6.54727422266321,5.43095943106783,
119,85,"ii",1,3.38482608022132,5.00280443374801,"ii",1,3.38482608022132,5.00280443374801,
119,86,"ii",2,5.16713963819818,4.95104194077879,"ii",2,5.16713963819818,4.95104194077879,
119,87,"iio",2,6.01375065936197,5.31880210447212,"iio",2,6.01375065936197,5.31880210447212,
,,,,,,,,,,
120,143,"ii",10,5.3318508384463,3.56914429349208,"ii",10,5.3318508384463,3.56914429349208,
120,144,"ii",8,1.4439031146592,3.53109868570543,"ii",8,1.4439031146592,3.53109868570543,
120,145,"IV",9,3.34366141243149,3.64432850973758,"IV",9,3.34366141243149,3.64432850973758,
120,146,"IV",4,1.7956143545287,4.36895493663094,"IV",4,1.7956143545287,4.36895493663094,
120,147,"iv",5,5.64556756063906,4.47865125331656,"iv",5,5.64556756063906,4.47865125331656,
120,148,"iii",3,6.4964482459115,5.22845895593233,"-V",3,6.57661859459548,5.22845895593233,0.0801703486839838
120,149,"iii",2,5.06603227454618,4.93163048383805,"iii",2,6.6597679329757,4.57164880873144,
120,150,"#ivo",2,6.87878192256377,5.24698189499688,"#ivo",1,6.54727422266321,5.43095943106783,
120,151,"ii",1,3.38482608022132,5.00280443374801,"ii",1,3.38482608022132,5.00280443374801,
120,152,"ii",2,5.16713963819818,4.95104194077879,"ii",2,5.16713963819818,4.95104194077879,
120,153,"iio",2,6.01375065936197,5.31880210447212,"iio",2,6.01375065936197,5.31880210447212,
,,,,,,,,,,
121,142,"IV",10,1.25316939999977,3.51683262673969,"IV",10,1.25316939999977,3.51683262673969,
121,143,"ii",10,5.3318508384463,3.56914429349208,"ii",10,5.3318508384463,3.56914429349208,
121,144,"ii",8,1.4439031146592,3.53109868570543,"ii",8,1.4439031146592,3.53109868570543,
121,145,"IV",9,3.34366141243149,3.64432850973758,"IV",9,3.34366141243149,3.64432850973758,
121,146,"IV",4,1.7956143545287,4.36895493663094,"IV",4,1.7956143545287,4.36895493663094,
121,147,"iv",5,5.64556756063906,4.47865125331656,"i",5,5.56456398567254,4.47865125331656,0.081003574966525
121,148,"iii",3,6.4964482459115,5.22845895593233,"iii",3,6.79935327076791,5.13370049617936,
121,149,"iii",2,5.06603227454618,4.93163048383805,"iii",1,4.74309354840075,5.43095943106783,
121,150,"#ivo",2,6.87878192256377,5.24698189499688,"#ivo",2,6.87878192256377,5.24698189499688,
121,151,"ii",1,3.38482608022132,5.00280443374801,"ii",1,3.38482608022132,5.00280443374801,
121,152,"ii",2,5.16713963819818,4.95104194077879,"ii",2,5.16713963819818,4.95104194077879,
,,,,,,,,,,
122,101,"ii",4,4.23683400361267,5.22475882139959,"ii",4,4.23683400361267,5.22475882139959,
122,102,"ii",5,3.06588953589311,4.52442555888543,"ii",5,3.06588953589311,4.52442555888543,
122,103,"iio",6,7.15941585517291,4.26772416179408,"iio",6,7.15941585517291,4.26772416179408,
122,104,"iio",3,6.30413344716312,3.46946608206286,"iio",3,6.30413344716312,3.46946608206286,
122,105,"ii",2,6.87808097419861,4.2412845030594,"ii",2,6.87808097419861,4.2412845030594,
122,106,"ii",1,4.76314935093105,5.4514812614937,"I",1,4.84483314852475,5.4514812614937,0.0816837975937075
122,107,"I",2,4.18289480761984,5.31880210447212,"I",2,4.38622791632536,5.41626301419417,
122,108,"I",3,3.42590871013884,5.25388889221325,"I",3,3.77511869939258,5.3206601894854,
122,109,"vi",4,4.3268247454022,5.12467957113559,"vi",4,4.51461967824681,5.15234873480059,
122,110,"vi",5,3.12702258713118,4.84490832433922,"vi",5,3.8955570579931,4.69287874258395,
122,111,"VII",5,7.45227066187122,4.22416088940498,"VII",5,7.03090355965569,5.1097200967288,
,,,,,,,,,,
123,159,"ii",4,3.78398748530637,5.21823057143639,"ii",4,3.78398748530637,5.21823057143639,
123,160,"ii",5,3.65986320719145,4.46174213687789,"ii",5,3.65986320719145,4.46174213687789,
123,161,"iio",5,6.84055696269145,4.59295566994238,"iio",5,6.84055696269145,4.59295566994238,
123,162,"iio",3,6.30413344716312,3.46946608206286,"iio",3,6.30413344716312,3.46946608206286,
123,163,"ii",2,6.87808097419861,4.2412845030594,"ii",2,6.87808097419861,4.2412845030594,
123,164,"ii",1,4.76314935093105,5.4514812614937,"I",1,4.84483314852475,5.4514812614937,0.0816837975937075
123,165,"I",2,4.18289480761984,5.31880210447212,"I",2,4.38622791632536,5.41626301419417,
123,166,"I",3,3.42590871013884,5.25388889221325,"I",3,3.77511869939258,5.3206601894854,
123,167,"ii",4,3.72682568680353,5.12467957113559,"ii",4,4.46499389876704,5.15234873480059,
123,168,"ii",5,1.48197115727432,4.02697995917804,"ii",5,3.58792136123859,4.60515251164884,
123,169,"iio",6,7.3169412934477,3.84827345740927,"iio",5,6.83665888668057,4.61799199887123,
,,,,,,,,,,
124,167,"ii",4,3.72682568680353,5.12467957113559,"ii",4,3.72682568680353,5.12467957113559,
124,168,"ii",5,1.48197115727432,4.02697995917804,"ii",5,1.48197115727432,4.02697995917804,
124,169,"iio",6,7.3169412934477,3.84827345740927,"iio",6,7.3169412934477,3.84827345740927,
124,170,"iio",3,6.30413344716312,3.46946608206286,"iio",3,6.30413344716312,3.46946608206286,
124,171,"ii",2,6.87808097419861,4.2412845030594,"ii",2,6.87808097419861,4.2412845030594,
124,172,"ii",1,4.76314935093105,5.4514812614937,"I",1,4.84483314852475,5.4514812614937,0.0816837975937075
124,173,"I",2,4.18289480761984,5.31880210447212,"I",2,4.38622791632536,5.41626301419417,
124,174,"I",3,3.42590871013884,5.25388889221325,"I",3,3.77511869939258,5.3206601894854,
124,175,"ii",4,3.72682568680353,5.12467957113559,"ii",4,4.46499389876704,5.15234873480059,
124,176,"ii",5,1.48197115727432,4.02697995917804,"ii",5,3.58792136123859,4.60515251164884,
124,177,"iio",6,7.3169412934477,3.84827345740927,"iio",5,6.83665888668057,4.61799199887123,
,,,,,,,,,,
125,81,"iv",6,6.70726982400881,4.27648332399766,"iv",6,6.70726982400881,4.27648332399766,
125,82,"iii",3,6.52543558353392,5.05757635572413,"iii",3,6.52543558353392,5.05757635572413,
125,83,"iii",2,5.06603227454618,4.93163048383805,"iii",2,5.06603227454618,4.93163048383805,
125,84,"#ivo",2,6.87878192256377,5.24698189499688,"#ivo",2,6.87878192256377,5.24698189499688,
125,85,"ii",1,3.38482608022132,5.00280443374801,"ii",1,3.38482608022132,5.00280443374801,
125,86,"ii",2,5.16713963819818,4.95104194077879,"I",2,5.24882343579189,4.95104194077879,0.0816837975937084
125,87,"iio",2,6.01375065936197,5.31880210447212,"iio",2,6.38905558518388,5.41626301419417,
125,88,"iio",3,6.30413344716312,3.46946608206286,"iio",2,5.97283717794668,3.91257940667704,
125,89,"iio",2,5.63402967173239,4.2412845030594,"iio",2,5.63402967173239,4.2412845030594,
125,90,"iio",2,5.63402967173239,4.2412845030594,"iio",2,5.63402967173239,4.2412845030594,
125,91,"I",2,1.44590756260574,4.2412845030594,"I",2,1.44590756260574,4.2412845030594,
,,,,,,,,,,
126,147,"iv",5,5.64556756063906,4.47865125331656,"iv",5,5.64556756063906,4.47865125331656,
126,148,"iii",3,6.4964482459115,5.22845895593233,"iii",3,6.4964482459115,5.22845895593233,
126,149,"iii",2,5.06603227454618,4.93163048383805,"iii",2,5.06603227454618,4.93163048383805,
126,150,"#ivo",2,6.87878192256377,5.24698189499688,"#ivo",2,6.87878192256377,5.24698189499688,
126,151,"ii",1,3.38482608022132,5.00280443374801,"ii",1,3.38482608022132,5.00280443374801,
126,152,"ii",2,5.16713963819818,4.95104194077879,"I",2,5.24882343579189,4.95104194077879,0.0816837975937084
126,153,"iio",2,6.01375065936197,5.31880210447212,"iio",2,6.38905558518388,5.41626301419417,
126,154,"iio",3,6.30413344716312,3.46946608206286,"iio",2,5.97283717794668,3.91257940667704,
126,155,"iio",2,5.63402967173239,4.2412845030594,"iio",2,5.63402967173239,4.2412845030594,
126,156,"V",2,3.49630902178129,4.2412845030594,"V",2,3.49630902178129,4.2412845030594,
126,157,"I",2,3.5499808322293,5.33715688987669,"I",2,3.5499808322293,5.33715688987669,
,,,,,,,,,,
127,47,"III",2,3.88333701672916,5.03192017417812,"III",2,3.88333701672916,5.03192017417812,
127,48,"III",3,1.55805926843592,4.37890437332967,"III",3,1.55805926843592,4.37890437332967,
127,49,"VI",4,5.16524734787908,4.22288012824419,"VI",4,5.16524734787908,4.22288012824419,
127,50,"VI",3,1.24409566218337,3.99309370604159,"VI",3,1.24409566218337,3.99309370604159,
127,51,"ii",4,4.95316286117299,3.88512590342859,"ii",4,4.95316286117299,3.88512590342859,
127,52,"ii",3,3.4145988319353,4.93429568582484,"V",3,3.33157816409894,4.93429568582484,0.0830206678363594
127,53,"iv",4,5.03550034249799,4.45666491132189,"iv",4,6.20877099350502,4.73129370809654,
127,54,"iv",3,5.22195527872971,4.24478858687723,"iv",3,4.7749269862009,5.01488517832443,
127,55,"r",3,3.10988469008671,5.03353480566252,"r",3,3.06441166579157,5.19976461631986,
127,56,"iio",3,8.81055533616729,2.65120998784587,"iio",3,8.81055533616729,2.65120998784587,
127,57,"r",1,3.12207434943258,5.13656897284064,"r",1,3.12207434943258,5.13656897284064,
,,,,,,,,,,
128,113,"III",2,3.88333701672916,5.03192017417812,"III",2,3.88333701672916,5.03192017417812,
128,114,"III",3,1.55805926843592,4.37890437332967,"III",3,1.55805926843592,4.37890437332967,
128,115,"VI",4,5.16524734787908,4.22288012824419,"VI",4,5.16524734787908,4.22288012824419,
128,116,"VI",3,1.24409566218337,3.99309370604159,"VI",3,1.24409566218337,3.99309370604159,
128,117,"ii",4,4.95316286117299,3.88512590342859,"ii",4,4.95316286117299,3.88512590342859,
128,118,"ii",3,3.4145988319353,4.93429568582484,"V",3,3.33157816409894,4.93429568582484,0.0830206678363594
128,119,"iv",4,5.03550034249799,4.45666491132189,"iv",4,6.20877099350502,4.73129370809654,
128,120,"iv",3,5.22195527872971,4.24478858687723,"iv",3,4.7749269862009,5.01488517832443,
128,121,"r",3,3.10988469008671,5.03353480566252,"r",3,3.06441166579157,5.19976461631986,
128,122,"iio",3,8.81055533616729,2.65120998784587,"iio",3,8.81055533616729,2.65120998784587,
128,123,"r",1,3.12207434943258,5.13656897284064,"r",1,3.12207434943258,5.13656897284064,
,,,,,,,,,,
129,40,"V",3,3.34891899744004,4.56957897531782,"V",3,3.34891899744004,4.56957897531782,
129,41,"I",3,4.17552320717053,4.87555392880673,"I",3,4.17552320717053,4.87555392880673,
129,42,"I",3,4.13190650490478,5.40112686756345,"I",3,4.13190650490478,5.40112686756345,
129,43,"vi",4,4.2950134712079,5.22475882139959,"vi",4,4.2950134712079,5.22475882139959,
129,44,"vi",5,2.60886315194141,4.7839630126665,"vi",5,2.60886315194141,4.7839630126665,
129,45,"VII",6,7.37296275524069,4.6938311359179,"V+",6,7.4578516528272,4.6938311359179,0.0848888975865121
129,46,"VII",1,4.25861632513268,5.35939902495797,"VII",1,6.42516194174844,5.18037920880338,
129,47,"III",2,3.88333701672916,5.03192017417812,"III",1,4.54313152981812,5.35939902495797,
129,48,"III",3,1.55805926843592,4.37890437332967,"III",2,2.35968677723969,4.92323805792392,
129,49,"VI",4,5.16524734787908,4.22288012824419,"VI",3,4.81835683127684,4.87462479662082,
129,50,"VI",3,1.24409566218337,3.99309370604159,"VI",3,1.24409566218337,3.99309370604159,
,,,,,,,,,,
130,106,"ii",1,4.76314935093105,5.4514812614937,"ii",1,4.76314935093105,5.4514812614937,
130,107,"I",2,4.18289480761984,5.31880210447212,"I",2,4.18289480761984,5.31880210447212,
130,108,"I",3,3.42590871013884,5.25388889221325,"I",3,3.42590871013884,5.25388889221325,
130,109,"vi",4,4.3268247454022,5.12467957113559,"vi",4,4.3268247454022,5.12467957113559,
130,110,"vi",5,3.12702258713118,4.84490832433922,"vi",5,3.12702258713118,4.84490832433922,
130,111,"VII",5,7.45227066187122,4.22416088940498,"V+",5,7.53715955945773,4.22416088940498,0.084888897586513
130,112,"VII",1,4.25861632513268,5.35939902495797,"VII",1,6.42516194174844,5.18037920880338,
130,113,"III",2,3.88333701672916,5.03192017417812,"III",1,4.54313152981812,5.35939902495797,
130,114,"III",3,1.55805926843592,4.37890437332967,"III",2,2.35968677723969,4.92323805792392,
130,115,"VI",4,5.16524734787908,4.22288012824419,"VI",3,4.81835683127684,4.87462479662082,
130,116,"VI",3,1.24409566218337,3.99309370604159,"VI",3,1.24409566218337,3.99309370604159,
,,,,,,,,,,
131,78,"ii",8,1.4439031146592,3.53109868570543,"ii",8,1.4439031146592,3.53109868570543,
131,79,"ii",9,4.51768769015367,3.64432850973758,"ii",9,4.51768769015367,3.64432850973758,
131,80,"ii",5,2.63688710233263,4.70883279483817,"ii",5,2.63688710233263,4.70883279483817,
131,81,"iv",6,6.70726982400881,4.27648332399766,"iv",6,6.70726982400881,4.27648332399766,
131,82,"iii",3,6.52543558353392,5.05757635572413,"iii",3,6.52543558353392,5.05757635572413,
131,83,"iii",2,5.06603227454618,4.93163048383805,"III",2,5.15178808955941,4.93163048383805,0.0857558150132336
131,84,"#ivo",2,6.87878192256377,5.24698189499688,"#ivo",2,6.99730978019027,4.90128078492856,
131,85,"ii",1,3.38482608022132,5.00280443374801,"ii",1,3.38482608022132,5.00280443374801,
131,86,"ii",2,5.16713963819818,4.95104194077879,"ii",2,5.16713963819818,4.95104194077879,
131,87,"iio",2,6.01375065936197,5.31880210447212,"iio",2,6.01375065936197,5.31880210447212,
131,88,"iio",3,6.30413344716312,3.46946608206286,"iio",3,6.30413344716312,3.46946608206286,
,,,,,,,,,,
132,144,"ii",8,1.4439031146592,3.53109868570543,"ii",8,1.4439031146592,3.53109868570543,
132,145,"IV",9,3.34366141243149,3.64432850973758,"IV",9,3.34366141243149,3.64432850973758,
132,146,"IV",4,1.7956143545287,4.36895493663094,"IV",4,1.7956143545287,4.36895493663094,
132,147,"iv",5,5.64556756063906,4.47865125331656,"iv",5,5.64556756063906,4.47865125331656,
132,148,"iii",3,6.4964482459115,5.22845895593233,"iii",3,6.4964482459115,5.22845895593233,
132,149,"iii",2,5.06603227454618,4.93163048383805,"III",2,5.15178808955941,4.93163048383805,0.0857558150132336
132,150,"#ivo",2,6.87878192256377,5.24698189499688,"#ivo",2,6.99730978019027,4.90128078492856,
132,151,"ii",1,3.38482608022132,5.00280443374801,"ii",1,3.38482608022132,5.00280443374801,
132,152,"ii",2,5.16713963819818,4.95104194077879,"ii",2,5.16713963819818,4.95104194077879,
132,153,"iio",2,6.01375065936197,5.31880210447212,"iio",2,6.01375065936197,5.31880210447212,
132,154,"iio",3,6.30413344716312,3.46946608206286,"iio",3,6.30413344716312,3.46946608206286,
,,,,,,,,,,
133,142,"IV",10,1.25316939999977,3.51683262673969,"IV",10,1.25316939999977,3.51683262673969,
133,143,"ii",10,5.3318508384463,3.56914429349208,"ii",10,5.3318508384463,3.56914429349208,
133,144,"ii",8,1.4439031146592,3.53109868570543,"ii",8,1.4439031146592,3.53109868570543,
133,145,"IV",9,3.34366141243149,3.64432850973758,"IV",9,3.34366141243149,3.64432850973758,
133,146,"IV",4,1.7956143545287,4.36895493663094,"IV",4,1.7956143545287,4.36895493663094,
133,147,"iv",5,5.64556756063906,4.47865125331656,"-VI",5,5.73139125425058,4.47865125331656,0.0858236936115118
133,148,"iii",3,6.4964482459115,5.22845895593233,"iii",3,7.13085456145349,4.80570209240051,
133,149,"iii",2,5.06603227454618,4.93163048383805,"iii",1,4.74309354840075,5.43095943106783,
133,150,"#ivo",2,6.87878192256377,5.24698189499688,"#ivo",2,6.87878192256377,5.24698189499688,
133,151,"ii",1,3.38482608022132,5.00280443374801,"ii",1,3.38482608022132,5.00280443374801,
133,152,"ii",2,5.16713963819818,4.95104194077879,"ii",2,5.16713963819818,4.95104194077879,
,,,,,,,,,,
134,51,"ii",4,4.95316286117299,3.88512590342859,"ii",4,4.95316286117299,3.88512590342859,
134,52,"ii",3,3.4145988319353,4.93429568582484,"ii",3,3.4145988319353,4.93429568582484,
134,53,"iv",4,5.03550034249799,4.45666491132189,"iv",4,5.03550034249799,4.45666491132189,
134,54,"iv",3,5.22195527872971,4.24478858687723,"iv",3,5.22195527872971,4.24478858687723,
134,55,"r",3,3.10988469008671,5.03353480566252,"r",3,3.10988469008671,5.03353480566252,
134,56,"iio",3,8.81055533616729,2.65120998784587,"#ivo",3,8.89671197991701,2.65120998784587,0.0861566437497139
134,57,"r",1,3.12207434943258,5.13656897284064,"r",1,3.18659997001562,5.00280443374801,
134,58,"r",1,2.30762052133861,3.97526569652595,"r",1,2.30762052133861,3.97526569652595,
134,59,"r",2,1.86106956925883,3.64601662669941,"r",2,1.86106956925883,3.64601662669941,
134,60,"r",3,1.60950150739252,3.46316021898319,"r",3,1.60950150739252,3.46316021898319,
134,61,"I",4,1.95781871134021,3.48974951660457,"I",4,1.95781871134021,3.48974951660457,
,,,,,,,,,,
135,51,"ii",4,4.95316286117299,3.88512590342859,"ii",4,4.95316286117299,3.88512590342859,
135,52,"ii",3,3.4145988319353,4.93429568582484,"ii",3,3.4145988319353,4.93429568582484,
135,53,"iv",4,5.03550034249799,4.45666491132189,"iv",4,5.03550034249799,4.45666491132189,
135,54,"iv",3,5.22195527872971,4.24478858687723,"iv",3,5.22195527872971,4.24478858687723,
135,55,"r",3,3.10988469008671,5.03353480566252,"r",3,3.10988469008671,5.03353480566252,
135,56,"iio",3,8.81055533616729,2.65120998784587,"-V",3,8.89671197991701,2.65120998784587,0.0861566437497139
135,57,"r",1,3.12207434943258,5.13656897284064,"r",1,2.62983499029544,5.40325824165234,
135,58,"r",1,2.30762052133861,3.97526569652595,"r",2,1.04875558980123,3.10278582129599,
135,59,"r",2,1.86106956925883,3.64601662669941,"r",2,1.86106956925883,3.64601662669941,
135,60,"r",3,1.60950150739252,3.46316021898319,"r",3,1.60950150739252,3.46316021898319,
135,61,"I",4,1.95781871134021,3.48974951660457,"I",4,1.95781871134021,3.48974951660457,
,,,,,,,,,,
136,79,"ii",9,4.51768769015367,3.64432850973758,"ii",9,4.51768769015367,3.64432850973758,
136,80,"ii",5,2.63688710233263,4.70883279483817,"ii",5,2.63688710233263,4.70883279483817,
136,81,"iv",6,6.70726982400881,4.27648332399766,"iv",6,6.70726982400881,4.27648332399766,
136,82,"iii",3,6.52543558353392,5.05757635572413,"iii",3,6.52543558353392,5.05757635572413,
136,83,"iii",2,5.06603227454618,4.93163048383805,"iii",2,5.06603227454618,4.93163048383805,
136,84,"#ivo",2,6.87878192256377,5.24698189499688,"vii",2,6.79262527881405,5.24698189499688,0.0861566437497139
136,85,"ii",1,3.38482608022132,5.00280443374801,"ii",1,5.40585903255992,5.39598526308916,
136,86,"ii",2,5.16713963819818,4.95104194077879,"ii",2,5.07605220171784,5.00174788518167,
136,87,"iio",2,6.01375065936197,5.31880210447212,"iio",2,6.01375065936197,5.31880210447212,
136,88,"iio",3,6.30413344716312,3.46946608206286,"iio",3,6.30413344716312,3.46946608206286,
136,89,"iio",2,5.63402967173239,4.2412845030594,"iio",2,5.63402967173239,4.2412845030594,
,,,,,,,,,,
137,79,"ii",9,4.51768769015367,3.64432850973758,"ii",9,4.51768769015367,3.64432850973758,
137,80,"ii",5,2.63688710233263,4.70883279483817,"ii",5,2.63688710233263,4.70883279483817,
137,81,"iv",6,6.70726982400881,4.27648332399766,"iv",6,6.70726982400881,4.27648332399766,
137,82,"iii",3,6.52543558353392,5.05757635572413,"iii",3,6.52543558353392,5.05757635572413,
137,83,"iii",2,5.06603227454618,4.93163048383805,"iii",2,5.06603227454618,4.93163048383805,
137,84,"#ivo",2,6.87878192256377,5.24698189499688,"vo",2,6.79262527881405,5.24698189499688,0.0861566437497139
137,85,"ii",1,3.38482608022132,5.00280443374801,"ii",1,6.44988500121925,4.97284879906394,
137,86,"ii",2,5.16713963819818,4.95104194077879,"ii",1,4.76314935093105,5.4514812614937,
137,87,"iio",2,6.01375065936197,5.31880210447212,"iio",2,6.01375065936197,5.31880210447212,
137,88,"iio",3,6.30413344716312,3.46946608206286,"iio",3,6.30413344716312,3.46946608206286,
137,89,"iio",2,5.63402967173239,4.2412845030594,"iio",2,5.63402967173239,4.2412845030594,
,,,,,,,,,,
138,79,"ii",9,4.51768769015367,3.64432850973758,"ii",9,4.51768769015367,3.64432850973758,
138,80,"ii",5,2.63688710233263,4.70883279483817,"ii",5,2.63688710233263,4.70883279483817,
138,81,"iv",6,6.70726982400881,4.27648332399766,"iv",6,6.70726982400881,4.27648332399766,
138,82,"iii",3,6.52543558353392,5.05757635572413,"iii",3,6.52543558353392,5.05757635572413,
138,83,"iii",2,5.06603227454618,4.93163048383805,"iii",2,5.06603227454618,4.93163048383805,
138,84,"#ivo",2,6.87878192256377,5.24698189499688,"iio",2,6.79262527881405,5.24698189499688,0.0861566437497139
138,85,"ii",1,3.38482608022132,5.00280443374801,"ii",1,6.38156839756112,5.13656897284064,
138,86,"ii",2,5.16713963819818,4.95104194077879,"ii",1,4.76314935093105,5.4514812614937,
138,87,"iio",2,6.01375065936197,5.31880210447212,"iio",2,6.01375065936197,5.31880210447212,
138,88,"iio",3,6.30413344716312,3.46946608206286,"iio",3,6.30413344716312,3.46946608206286,
138,89,"iio",2,5.63402967173239,4.2412845030594,"iio",2,5.63402967173239,4.2412845030594,
,,,,,,,,,,
139,117,"ii",4,4.95316286117299,3.88512590342859,"ii",4,4.95316286117299,3.88512590342859,
139,118,"ii",3,3.4145988319353,4.93429568582484,"ii",3,3.4145988319353,4.93429568582484,
139,119,"iv",4,5.03550034249799,4.45666491132189,"iv",4,5.03550034249799,4.45666491132189,
139,120,"iv",3,5.22195527872971,4.24478858687723,"iv",3,5.22195527872971,4.24478858687723,
139,121,"r",3,3.10988469008671,5.03353480566252,"r",3,3.10988469008671,5.03353480566252,
139,122,"iio",3,8.81055533616729,2.65120998784587,"#ivo",3,8.89671197991701,2.65120998784587,0.0861566437497139
139,123,"r",1,3.12207434943258,5.13656897284064,"r",1,3.18659997001562,5.00280443374801,
139,124,"r",1,2.30762052133861,3.97526569652595,"r",1,2.30762052133861,3.97526569652595,
139,125,"r",2,1.86106956925883,3.64601662669941,"r",2,1.86106956925883,3.64601662669941,
139,126,"r",3,1.60950150739252,3.46316021898319,"r",3,1.60950150739252,3.46316021898319,
139,127,"I",4,1.95781871134021,3.48974951660457,"I",4,1.95781871134021,3.48974951660457,
,,,,,,,,,,
140,117,"ii",4,4.95316286117299,3.88512590342859,"ii",4,4.95316286117299,3.88512590342859,
140,118,"ii",3,3.4145988319353,4.93429568582484,"ii",3,3.4145988319353,4.93429568582484,
140,119,"iv",4,5.03550034249799,4.45666491132189,"iv",4,5.03550034249799,4.45666491132189,
140,120,"iv",3,5.22195527872971,4.24478858687723,"iv",3,5.22195527872971,4.24478858687723,
140,121,"r",3,3.10988469008671,5.03353480566252,"r",3,3.10988469008671,5.03353480566252,
140,122,"iio",3,8.81055533616729,2.65120998784587,"-V",3,8.89671197991701,2.65120998784587,0.0861566437497139
140,123,"r",1,3.12207434943258,5.13656897284064,"r",1,2.62983499029544,5.40325824165234,
140,124,"r",1,2.30762052133861,3.97526569652595,"r",2,1.04875558980123,3.10278582129599,
140,125,"r",2,1.86106956925883,3.64601662669941,"r",2,1.86106956925883,3.64601662669941,
140,126,"r",3,1.60950150739252,3.46316021898319,"r",3,1.60950150739252,3.46316021898319,
140,127,"I",4,1.95781871134021,3.48974951660457,"I",4,1.95781871134021,3.48974951660457,
,,,,,,,,,,
141,145,"IV",9,3.34366141243149,3.64432850973758,"IV",9,3.34366141243149,3.64432850973758,
141,146,"IV",4,1.7956143545287,4.36895493663094,"IV",4,1.7956143545287,4.36895493663094,
141,147,"iv",5,5.64556756063906,4.47865125331656,"iv",5,5.64556756063906,4.47865125331656,
141,148,"iii",3,6.4964482459115,5.22845895593233,"iii",3,6.4964482459115,5.22845895593233,
141,149,"iii",2,5.06603227454618,4.93163048383805,"iii",2,5.06603227454618,4.93163048383805,
141,150,"#ivo",2,6.87878192256377,5.24698189499688,"vii",2,6.79262527881405,5.24698189499688,0.0861566437497139
141,151,"ii",1,3.38482608022132,5.00280443374801,"ii",1,5.40585903255992,5.39598526308916,
141,152,"ii",2,5.16713963819818,4.95104194077879,"ii",2,5.07605220171784,5.00174788518167,
141,153,"iio",2,6.01375065936197,5.31880210447212,"iio",2,6.01375065936197,5.31880210447212,
141,154,"iio",3,6.30413344716312,3.46946608206286,"iio",3,6.30413344716312,3.46946608206286,
141,155,"iio",2,5.63402967173239,4.2412845030594,"iio",2,5.63402967173239,4.2412845030594,
,,,,,,,,,,
142,145,"IV",9,3.34366141243149,3.64432850973758,"IV",9,3.34366141243149,3.64432850973758,
142,146,"IV",4,1.7956143545287,4.36895493663094,"IV",4,1.7956143545287,4.36895493663094,
142,147,"iv",5,5.64556756063906,4.47865125331656,"iv",5,5.64556756063906,4.47865125331656,
142,148,"iii",3,6.4964482459115,5.22845895593233,"iii",3,6.4964482459115,5.22845895593233,
142,149,"iii",2,5.06603227454618,4.93163048383805,"iii",2,5.06603227454618,4.93163048383805,
142,150,"#ivo",2,6.87878192256377,5.24698189499688,"vo",2,6.79262527881405,5.24698189499688,0.0861566437497139
142,151,"ii",1,3.38482608022132,5.00280443374801,"ii",1,6.44988500121925,4.97284879906394,
142,152,"ii",2,5.16713963819818,4.95104194077879,"ii",1,4.76314935093105,5.4514812614937,
142,153,"iio",2,6.01375065936197,5.31880210447212,"iio",2,6.01375065936197,5.31880210447212,
142,154,"iio",3,6.30413344716312,3.46946608206286,"iio",3,6.30413344716312,3.46946608206286,
142,155,"iio",2,5.63402967173239,4.2412845030594,"iio",2,5.63402967173239,4.2412845030594,
,,,,,,,,,,
143,145,"IV",9,3.34366141243149,3.64432850973758,"IV",9,3.34366141243149,3.64432850973758,
143,146,"IV",4,1.7956143545287,4.36895493663094,"IV",4,1.7956143545287,4.36895493663094,
143,147,"iv",5,5.64556756063906,4.47865125331656,"iv",5,5.64556756063906,4.47865125331656,
143,148,"iii",3,6.4964482459115,5.22845895593233,"iii",3,6.4964482459115,5.22845895593233,
143,149,"iii",2,5.06603227454618,4.93163048383805,"iii",2,5.06603227454618,4.93163048383805,
143,150,"#ivo",2,6.87878192256377,5.24698189499688,"iio",2,6.79262527881405,5.24698189499688,0.0861566437497139
143,151,"ii",1,3.38482608022132,5.00280443374801,"ii",1,6.38156839756112,5.13656897284064,
143,152,"ii",2,5.16713963819818,4.95104194077879,"ii",1,4.76314935093105,5.4514812614937,
143,153,"iio",2,6.01375065936197,5.31880210447212,"iio",2,6.01375065936197,5.31880210447212,
143,154,"iio",3,6.30413344716312,3.46946608206286,"iio",3,6.30413344716312,3.46946608206286,
143,155,"iio",2,5.63402967173239,4.2412845030594,"iio",2,5.63402967173239,4.2412845030594,
,,,,,,,,,,
144,33,"IV",9,2.77829776329859,4.70150995411031,"IV",9,2.77829776329859,4.70150995411031,
144,34,"IV",10,1.85035301246321,3.56914429349208,"IV",10,1.85035301246321,3.56914429349208,
144,35,"IV",10,0.368956624053195,1.80275035727911,"IV",10,0.368956624053195,1.80275035727911,
144,36,"iv",10,7.80895305633684,2.12694644846139,"iv",10,7.80895305633684,2.12694644846139,
144,37,"I",4,2.11739783694104,4.81431584122313,"I",4,2.11739783694104,4.81431584122313,
144,38,"io",4,7.60167681076924,3.79737567386236,"-iii",4,7.68897725402748,3.79737567386236,0.0873004432582407
144,39,"ii",2,3.61671590938521,5.07113943085968,"ii",1,5.019451990635,5.46436553144696,
144,40,"V",3,3.34891899744004,4.56957897531782,"V",2,3.46115099163921,5.23288522282611,
144,41,"I",3,4.17552320717053,4.87555392880673,"I",3,2.86905595822863,5.03364077024254,
144,42,"I",3,4.13190650490478,5.40112686756345,"I",4,4.30515564710504,5.28857264364032,
144,43,"vi",4,4.2950134712079,5.22475882139959,"vi",4,4.2950134712079,5.22475882139959,
,,,,,,,,,,
145,92,"I",3,3.50653347100225,4.82718016834977,"I",3,3.50653347100225,4.82718016834977,
145,93,"ii",3,3.98002149785095,5.30785230502309,"ii",3,3.98002149785095,5.30785230502309,
145,94,"ii",4,4.2002145969608,4.95963904862603,"ii",4,4.2002145969608,4.95963904862603,
145,95,"iio",4,6.6087944170532,4.82613516645091,"iio",4,6.6087944170532,4.82613516645091,
145,96,"iio",3,6.30413344716312,3.46946608206286,"iio",3,6.30413344716312,3.46946608206286,
145,97,"ii",2,6.87808097419861,4.2412845030594,"II",2,6.96554381544895,4.2412845030594,0.0874628412503391
145,98,"V",1,4.44179232229737,5.4514812614937,"V",1,4.41920154433407,5.43758232512161,
145,99,"I",2,3.88391692192418,5.32637995012517,"I",2,3.93322785626074,5.32777555532581,
145,100,"I",3,4.13190650490478,5.40112686756345,"I",3,4.00462783436403,5.40219378827208,
145,101,"ii",4,4.23683400361267,5.22475882139959,"ii",4,5.06462194109723,5.16537929485653,
145,102,"ii",5,3.06588953589311,4.52442555888543,"ii",4,3.40085722843034,4.89906551784532,
,,,,,,,,,,
146,92,"I",3,3.50653347100225,4.82718016834977,"I",3,3.50653347100225,4.82718016834977,
146,93,"ii",3,3.98002149785095,5.30785230502309,"ii",3,3.98002149785095,5.30785230502309,
146,94,"ii",4,4.2002145969608,4.95963904862603,"ii",4,4.2002145969608,4.95963904862603,
146,95,"iio",4,6.6087944170532,4.82613516645091,"iio",4,6.6087944170532,4.82613516645091,
146,96,"iio",3,6.30413344716312,3.46946608206286,"iio",3,6.30413344716312,3.46946608206286,
146,97,"ii",2,6.87808097419861,4.2412845030594,"-VII",2,6.96554381544895,4.2412845030594,0.0874628412503391
146,98,"V",1,4.44179232229737,5.4514812614937,"V",1,4.92480637916878,5.43129221071029,
146,99,"I",2,3.88391692192418,5.32637995012517,"I",2,3.45713151040036,5.15575443993119,
146,100,"I",3,4.13190650490478,5.40112686756345,"I",3,3.74530534733966,5.33207962257734,
146,101,"ii",4,4.23683400361267,5.22475882139959,"ii",4,4.48969507260653,5.19627590285812,
146,102,"ii",5,3.06588953589311,4.52442555888543,"ii",5,3.68460638273439,4.47344767673097,
,,,,,,,,,,
147,92,"I",3,3.50653347100225,4.82718016834977,"I",3,3.50653347100225,4.82718016834977,
147,93,"ii",3,3.98002149785095,5.30785230502309,"ii",3,3.98002149785095,5.30785230502309,
147,94,"ii",4,4.2002145969608,4.95963904862603,"ii",4,4.2002145969608,4.95963904862603,
147,95,"iio",4,6.6087944170532,4.82613516645091,"iio",4,6.6087944170532,4.82613516645091,
147,96,"iio",3,6.30413344716312,3.46946608206286,"iio",3,6.30413344716312,3.46946608206286,
147,97,"ii",2,6.87808097419861,4.2412845030594,"-III",2,6.96554381544895,4.2412845030594,0.0874628412503391
147,98,"V",1,4.44179232229737,5.4514812614937,"V",1,5.14374726919327,5.45567922163521,
147,99,"I",2,3.88391692192418,5.32637995012517,"I",2,3.57475915108854,5.10676503169773,
147,100,"I",3,4.13190650490478,5.40112686756345,"I",3,3.59078276407308,5.30545468333506,
147,101,"ii",4,4.23683400361267,5.22475882139959,"ii",4,4.9970284853535,5.17055828423054,
147,102,"ii",5,3.06588953589311,4.52442555888543,"ii",4,3.40085722843034,4.89906551784532,
,,,,,,,,,,
148,100,"I",3,4.13190650490478,5.40112686756345,"I",3,4.13190650490478,5.40112686756345,
148,101,"ii",4,4.23683400361267,5.22475882139959,"ii",4,4.23683400361267,5.22475882139959,
148,102,"ii",5,3.06588953589311,4.52442555888543,"ii",5,3.06588953589311,4.52442555888543,
148,103,"iio",6,7.15941585517291,4.26772416179408,"iio",6,7.15941585517291,4.26772416179408,
148,104,"iio",3,6.30413344716312,3.46946608206286,"iio",3,6.30413344716312,3.46946608206286,
148,105,"ii",2,6.87808097419861,4.2412845030594,"II",2,6.96554381544895,4.2412845030594,0.0874628412503391
148,106,"ii",1,4.76314935093105,5.4514812614937,"ii",1,5.53414689260849,5.43758232512161,
148,107,"I",2,4.18289480761984,5.31880210447212,"I",2,5.17473085400343,5.24102218545892,
148,108,"I",3,3.42590871013884,5.25388889221325,"I",2,4.38622791632536,5.41626301419417,
148,109,"vi",4,4.3268247454022,5.12467957113559,"vi",3,4.62378632402787,5.3206601894854,
148,110,"vi",5,3.12702258713118,4.84490832433922,"vi",4,3.58308845662182,5.04237261132976,
,,,,,,,,,,
149,100,"I",3,4.13190650490478,5.40112686756345,"I",3,4.13190650490478,5.40112686756345,
149,101,"ii",4,4.23683400361267,5.22475882139959,"ii",4,4.23683400361267,5.22475882139959,
149,102,"ii",5,3.06588953589311,4.52442555888543,"ii",5,3.06588953589311,4.52442555888543,
149,103,"iio",6,7.15941585517291,4.26772416179408,"iio",6,7.15941585517291,4.26772416179408,
149,104,"iio",3,6.30413344716312,3.46946608206286,"iio",3,6.30413344716312,3.46946608206286,
149,105,"ii",2,6.87808097419861,4.2412845030594,"-VII",2,6.96554381544895,4.2412845030594,0.0874628412503391
149,106,"ii",1,4.76314935093105,5.4514812614937,"ii",1,5.68992447989129,5.43129221071029,
149,107,"I",2,4.18289480761984,5.31880210447212,"I",2,5.05091666724875,5.37479120016283,
149,108,"I",3,3.42590871013884,5.25388889221325,"I",2,4.38622791632536,5.41626301419417,
149,109,"vi",4,4.3268247454022,5.12467957113559,"vi",3,4.62378632402787,5.3206601894854,
149,110,"vi",5,3.12702258713118,4.84490832433922,"vi",4,3.58308845662182,5.04237261132976,
,,,,,,,,,,
150,100,"I",3,4.13190650490478,5.40112686756345,"I",3,4.13190650490478,5.40112686756345,
150,101,"ii",4,4.23683400361267,5.22475882139959,"ii",4,4.23683400361267,5.22475882139959,
150,102,"ii",5,3.06588953589311,4.52442555888543,"ii",5,3.06588953589311,4.52442555888543,
150,103,"iio",6,7.15941585517291,4.26772416179408,"iio",6,7.15941585517291,4.26772416179408,
150,104,"iio",3,6.30413344716312,3.46946608206286,"iio",3,6.30413344716312,3.46946608206286,
150,105,"ii",2,6.87808097419861,4.2412845030594,"-III",2,6.96554381544895,4.2412845030594,0.0874628412503391
150,106,"ii",1,4.76314935093105,5.4514812614937,"ii",1,5.34602908794333,5.45567922163521,
150,107,"I",2,4.18289480761984,5.31880210447212,"I",2,4.13902757159598,5.30069468352534,
150,108,"I",3,3.42590871013884,5.25388889221325,"I",3,4.68102942518387,5.07598961093401,
150,109,"vi",4,4.3268247454022,5.12467957113559,"vi",3,4.62378632402787,5.3206601894854,
150,110,"vi",5,3.12702258713118,4.84490832433922,"vi",4,3.58308845662182,5.04237261132976,
,,,,,,,,,,
151,158,"I",3,2.93777615845489,5.22119492673301,"I",3,2.93777615845489,5.22119492673301,
151,159,"ii",4,3.78398748530637,5.21823057143639,"ii",4,3.78398748530637,5.21823057143639,
151,160,"ii",5,3.65986320719145,4.46174213687789,"ii",5,3.65986320719145,4.46174213687789,
151,161,"iio",5,6.84055696269145,4.59295566994238,"iio",5,6.84055696269145,4.59295566994238,
151,162,"iio",3,6.30413344716312,3.46946608206286,"iio",3,6.30413344716312,3.46946608206286,
151,163,"ii",2,6.87808097419861,4.2412845030594,"II",2,6.96554381544895,4.2412845030594,0.0874628412503391
151,164,"ii",1,4.76314935093105,5.4514812614937,"ii",1,5.53414689260849,5.43758232512161,
151,165,"I",2,4.18289480761984,5.31880210447212,"I",2,5.17473085400343,5.24102218545892,
151,166,"I",3,3.42590871013884,5.25388889221325,"I",2,4.38622791632536,5.41626301419417,
151,167,"ii",4,3.72682568680353,5.12467957113559,"ii",3,4.56183381235801,5.3206601894854,
151,168,"ii",5,1.48197115727432,4.02697995917804,"ii",4,2.90192934169722,4.91198636832157,
,,,,,,,,,,
152,158,"I",3,2.93777615845489,5.22119492673301,"I",3,2.93777615845489,5.22119492673301,
152,159,"ii",4,3.78398748530637,5.21823057143639,"ii",4,3.78398748530637,5.21823057143639,
152,160,"ii",5,3.65986320719145,4.46174213687789,"ii",5,3.65986320719145,4.46174213687789,
152,161,"iio",5,6.84055696269145,4.59295566994238,"iio",5,6.84055696269145,4.59295566994238,
152,162,"iio",3,6.30413344716312,3.46946608206286,"iio",3,6.30413344716312,3.46946608206286,
152,163,"ii",2,6.87808097419861,4.2412845030594,"-VII",2,6.96554381544895,4.2412845030594,0.0874628412503391
152,164,"ii",1,4.76314935093105,5.4514812614937,"ii",1,5.68992447989129,5.43129221071029,
152,165,"I",2,4.18289480761984,5.31880210447212,"I",2,5.05091666724875,5.37479120016283,
152,166,"I",3,3.42590871013884,5.25388889221325,"I",2,4.38622791632536,5.41626301419417,
152,167,"ii",4,3.72682568680353,5.12467957113559,"ii",3,4.56183381235801,5.3206601894854,
152,168,"ii",5,1.48197115727432,4.02697995917804,"ii",4,2.90192934169722,4.91198636832157,
,,,,,,,,,,
153,158,"I",3,2.93777615845489,5.22119492673301,"I",3,2.93777615845489,5.22119492673301,
153,159,"ii",4,3.78398748530637,5.21823057143639,"ii",4,3.78398748530637,5.21823057143639,
153,160,"ii",5,3.65986320719145,4.46174213687789,"ii",5,3.65986320719145,4.46174213687789,
153,161,"iio",5,6.84055696269145,4.59295566994238,"iio",5,6.84055696269145,4.59295566994238,
153,162,"iio",3,6.30413344716312,3.46946608206286,"iio",3,6.30413344716312,3.46946608206286,
153,163,"ii",2,6.87808097419861,4.2412845030594,"-III",2,6.96554381544895,4.2412845030594,0.0874628412503391
153,164,"ii",1,4.76314935093105,5.4514812614937,"ii",1,5.34602908794333,5.45567922163521,
153,165,"I",2,4.18289480761984,5.31880210447212,"I",2,4.13902757159598,5.30069468352534,
153,166,"I",3,3.42590871013884,5.25388889221325,"I",3,4.68102942518387,5.07598961093401,
153,167,"ii",4,3.72682568680353,5.12467957113559,"ii",3,4.56183381235801,5.3206601894854,
153,168,"ii",5,1.48197115727432,4.02697995917804,"ii",4,2.90192934169722,4.91198636832157,
,,,,,,,,,,
154,166,"I",3,3.42590871013884,5.25388889221325,"I",3,3.42590871013884,5.25388889221325,
154,167,"ii",4,3.72682568680353,5.12467957113559,"ii",4,3.72682568680353,5.12467957113559,
154,168,"ii",5,1.48197115727432,4.02697995917804,"ii",5,1.48197115727432,4.02697995917804,
154,169,"iio",6,7.3169412934477,3.84827345740927,"iio",6,7.3169412934477,3.84827345740927,
154,170,"iio",3,6.30413344716312,3.46946608206286,"iio",3,6.30413344716312,3.46946608206286,
154,171,"ii",2,6.87808097419861,4.2412845030594,"II",2,6.96554381544895,4.2412845030594,0.0874628412503391
154,172,"ii",1,4.76314935093105,5.4514812614937,"ii",1,5.53414689260849,5.43758232512161,
154,173,"I",2,4.18289480761984,5.31880210447212,"I",2,5.17473085400343,5.24102218545892,
154,174,"I",3,3.42590871013884,5.25388889221325,"I",2,4.38622791632536,5.41626301419417,
154,175,"ii",4,3.72682568680353,5.12467957113559,"ii",3,4.56183381235801,5.3206601894854,
154,176,"ii",5,1.48197115727432,4.02697995917804,"ii",4,2.90192934169722,4.91198636832157,
,,,,,,,,,,
155,166,"I",3,3.42590871013884,5.25388889221325,"I",3,3.42590871013884,5.25388889221325,
155,167,"ii",4,3.72682568680353,5.12467957113559,"ii",4,3.72682568680353,5.12467957113559,
155,168,"ii",5,1.48197115727432,4.02697995917804,"ii",5,1.48197115727432,4.02697995917804,
155,169,"iio",6,7.3169412934477,3.84827345740927,"iio",6,7.3169412934477,3.84827345740927,
155,170,"iio",3,6.30413344716312,3.46946608206286,"iio",3,6.30413344716312,3.46946608206286,
155,171,"ii",2,6.87808097419861,4.2412845030594,"-VII",2,6.96554381544895,4.2412845030594,0.0874628412503391
155,172,"ii",1,4.76314935093105,5.4514812614937,"ii",1,5.68992447989129,5.43129221071029,
155,173,"I",2,4.18289480761984,5.31880210447212,"I",2,5.05091666724875,5.37479120016283,
155,174,"I",3,3.42590871013884,5.25388889221325,"I",2,4.38622791632536,5.41626301419417,
155,175,"ii",4,3.72682568680353,5.12467957113559,"ii",3,4.56183381235801,5.3206601894854,
155,176,"ii",5,1.48197115727432,4.02697995917804,"ii",4,2.90192934169722,4.91198636832157,
,,,,,,,,,,
156,166,"I",3,3.42590871013884,5.25388889221325,"I",3,3.42590871013884,5.25388889221325,
156,167,"ii",4,3.72682568680353,5.12467957113559,"ii",4,3.72682568680353,5.12467957113559,
156,168,"ii",5,1.48197115727432,4.02697995917804,"ii",5,1.48197115727432,4.02697995917804,
156,169,"iio",6,7.3169412934477,3.84827345740927,"iio",6,7.3169412934477,3.84827345740927,
156,170,"iio",3,6.30413344716312,3.46946608206286,"iio",3,6.30413344716312,3.46946608206286,
156,171,"ii",2,6.87808097419861,4.2412845030594,"-III",2,6.96554381544895,4.2412845030594,0.0874628412503391
156,172,"ii",1,4.76314935093105,5.4514812614937,"ii",1,5.34602908794333,5.45567922163521,
156,173,"I",2,4.18289480761984,5.31880210447212,"I",2,4.13902757159598,5.30069468352534,
156,174,"I",3,3.42590871013884,5.25388889221325,"I",3,4.68102942518387,5.07598961093401,
156,175,"ii",4,3.72682568680353,5.12467957113559,"ii",3,4.56183381235801,5.3206601894854,
156,176,"ii",5,1.48197115727432,4.02697995917804,"ii",4,2.90192934169722,4.91198636832157,
,,,,,,,,,,
157,49,"VI",4,5.16524734787908,4.22288012824419,"VI",4,5.16524734787908,4.22288012824419,
157,50,"VI",3,1.24409566218337,3.99309370604159,"VI",3,1.24409566218337,3.99309370604159,
157,51,"ii",4,4.95316286117299,3.88512590342859,"ii",4,4.95316286117299,3.88512590342859,
157,52,"ii",3,3.4145988319353,4.93429568582484,"ii",3,3.4145988319353,4.93429568582484,
157,53,"iv",4,5.03550034249799,4.45666491132189,"iv",4,5.03550034249799,4.45666491132189,
157,54,"iv",3,5.22195527872971,4.24478858687723,"i",3,5.31332467704689,4.24478858687723,0.0913693983171804
157,55,"r",3,3.10988469008671,5.03353480566252,"r",3,3.41154571146553,4.79097310227496,
157,56,"iio",3,8.81055533616729,2.65120998784587,"iio",2,8.23701246727851,3.63960457616759,
157,57,"r",1,3.12207434943258,5.13656897284064,"r",1,3.12207434943258,5.13656897284064,
157,58,"r",1,2.30762052133861,3.97526569652595,"r",1,2.30762052133861,3.97526569652595,
157,59,"r",2,1.86106956925883,3.64601662669941,"r",2,1.86106956925883,3.64601662669941,
,,,,,,,,,,
158,115,"VI",4,5.16524734787908,4.22288012824419,"VI",4,5.16524734787908,4.22288012824419,
158,116,"VI",3,1.24409566218337,3.99309370604159,"VI",3,1.24409566218337,3.99309370604159,
158,117,"ii",4,4.95316286117299,3.88512590342859,"ii",4,4.95316286117299,3.88512590342859,
158,118,"ii",3,3.4145988319353,4.93429568582484,"ii",3,3.4145988319353,4.93429568582484,
158,119,"iv",4,5.03550034249799,4.45666491132189,"iv",4,5.03550034249799,4.45666491132189,
158,120,"iv",3,5.22195527872971,4.24478858687723,"i",3,5.31332467704689,4.24478858687723,0.0913693983171804
158,121,"r",3,3.10988469008671,5.03353480566252,"r",3,3.41154571146553,4.79097310227496,
158,122,"iio",3,8.81055533616729,2.65120998784587,"iio",2,8.23701246727851,3.63960457616759,
158,123,"r",1,3.12207434943258,5.13656897284064,"r",1,3.12207434943258,5.13656897284064,
158,124,"r",1,2.30762052133861,3.97526569652595,"r",1,2.30762052133861,3.97526569652595,
158,125,"r",2,1.86106956925883,3.64601662669941,"r",2,1.86106956925883,3.64601662669941,
,,,,,,,,,,
159,79,"ii",9,4.51768769015367,3.64432850973758,"ii",9,4.51768769015367,3.64432850973758,
159,80,"ii",5,2.63688710233263,4.70883279483817,"ii",5,2.63688710233263,4.70883279483817,
159,81,"iv",6,6.70726982400881,4.27648332399766,"iv",6,6.70726982400881,4.27648332399766,
159,82,"iii",3,6.52543558353392,5.05757635572413,"iii",3,6.52543558353392,5.05757635572413,
159,83,"iii",2,5.06603227454618,4.93163048383805,"iii",2,5.06603227454618,4.93163048383805,
159,84,"#ivo",2,6.87878192256377,5.24698189499688,"#vo",2,6.97041239802934,5.24698189499688,0.0916304754655686
159,85,"ii",1,3.38482608022132,5.00280443374801,"ii",1,6.69831654624812,3.84928183441436,
159,86,"ii",2,5.16713963819818,4.95104194077879,"ii",1,4.76314935093105,5.4514812614937,
159,87,"iio",2,6.01375065936197,5.31880210447212,"iio",2,6.01375065936197,5.31880210447212,
159,88,"iio",3,6.30413344716312,3.46946608206286,"iio",3,6.30413344716312,3.46946608206286,
159,89,"iio",2,5.63402967173239,4.2412845030594,"iio",2,5.63402967173239,4.2412845030594,
,,,,,,,,,,
160,79,"ii",9,4.51768769015367,3.64432850973758,"ii",9,4.51768769015367,3.64432850973758,
160,80,"ii",5,2.63688710233263,4.70883279483817,"ii",5,2.63688710233263,4.70883279483817,
160,81,"iv",6,6.70726982400881,4.27648332399766,"iv",6,6.70726982400881,4.27648332399766,
160,82,"iii",3,6.52543558353392,5.05757635572413,"iii",3,6.52543558353392,5.05757635572413,
160,83,"iii",2,5.06603227454618,4.93163048383805,"iii",2,5.06603227454618,4.93163048383805,
160,84,"#ivo",2,6.87878192256377,5.24698189499688,"#V",2,6.97041239802934,5.24698189499688,0.0916304754655686
160,85,"ii",1,3.38482608022132,5.00280443374801,"ii",1,6.29440451762011,5.10909458276778,
160,86,"ii",2,5.16713963819818,4.95104194077879,"ii",1,4.76314935093105,5.4514812614937,
160,87,"iio",2,6.01375065936197,5.31880210447212,"iio",2,6.01375065936197,5.31880210447212,
160,88,"iio",3,6.30413344716312,3.46946608206286,"iio",3,6.30413344716312,3.46946608206286,
160,89,"iio",2,5.63402967173239,4.2412845030594,"iio",2,5.63402967173239,4.2412845030594,
,,,,,,,,,,
161,79,"ii",9,4.51768769015367,3.64432850973758,"ii",9,4.51768769015367,3.64432850973758,
161,80,"ii",5,2.63688710233263,4.70883279483817,"ii",5,2.63688710233263,4.70883279483817,
161,81,"iv",6,6.70726982400881,4.27648332399766,"iv",6,6.70726982400881,4.27648332399766,
161,82,"iii",3,6.52543558353392,5.05757635572413,"iii",3,6.52543558353392,5.05757635572413,
161,83,"iii",2,5.06603227454618,4.93163048383805,"iii",2,5.06603227454618,4.93163048383805,
161,84,"#ivo",2,6.87878192256377,5.24698189499688,"I+",2,6.97041239802934,5.24698189499688,0.0916304754655686
161,85,"ii",1,3.38482608022132,5.00280443374801,"ii",1,6.34612259990015,4.94968292846051,
161,86,"ii",2,5.16713963819818,4.95104194077879,"ii",1,4.76314935093105,5.4514812614937,
161,87,"iio",2,6.01375065936197,5.31880210447212,"iio",2,6.01375065936197,5.31880210447212,
161,88,"iio",3,6.30413344716312,3.46946608206286,"iio",3,6.30413344716312,3.46946608206286,
161,89,"iio",2,5.63402967173239,4.2412845030594,"iio",2,5.63402967173239,4.2412845030594,
,,,,,,,,,,
162,79,"ii",9,4.51768769015367,3.64432850973758,"ii",9,4.51768769015367,3.64432850973758,
162,80,"ii",5,2.63688710233263,4.70883279483817,"ii",5,2.63688710233263,4.70883279483817,
162,81,"iv",6,6.70726982400881,4.27648332399766,"iv",6,6.70726982400881,4.27648332399766,
162,82,"iii",3,6.52543558353392,5.05757635572413,"iii",3,6.52543558353392,5.05757635572413,
162,83,"iii",2,5.06603227454618,4.93163048383805,"iii",2,5.06603227454618,4.93163048383805,
162,84,"#ivo",2,6.87878192256377,5.24698189499688,"-ii",2,6.97041239802934,5.24698189499688,0.0916304754655686
162,85,"ii",1,3.38482608022132,5.00280443374801,"ii",1,6.29861519275837,5.10775263158158,
162,86,"ii",2,5.16713963819818,4.95104194077879,"ii",1,4.76314935093105,5.4514812614937,
162,87,"iio",2,6.01375065936197,5.31880210447212,"iio",2,6.01375065936197,5.31880210447212,
162,88,"iio",3,6.30413344716312,3.46946608206286,"iio",3,6.30413344716312,3.46946608206286,
162,89,"iio",2,5.63402967173239,4.2412845030594,"iio",2,5.63402967173239,4.2412845030594,
,,,,,,,,,,
163,79,"ii",9,4.51768769015367,3.64432850973758,"ii",9,4.51768769015367,3.64432850973758,
163,80,"ii",5,2.63688710233263,4.70883279483817,"ii",5,2.63688710233263,4.70883279483817,
163,81,"iv",6,6.70726982400881,4.27648332399766,"iv",6,6.70726982400881,4.27648332399766,
163,82,"iii",3,6.52543558353392,5.05757635572413,"iii",3,6.52543558353392,5.05757635572413,
163,83,"iii",2,5.06603227454618,4.93163048383805,"iii",2,5.06603227454618,4.93163048383805,
163,84,"#ivo",2,6.87878192256377,5.24698189499688,"-I",2,6.97041239802934,5.24698189499688,0.0916304754655686
163,85,"ii",1,3.38482608022132,5.00280443374801,"ii",1,6.15213568799878,5.2202663906073,
163,86,"ii",2,5.16713963819818,4.95104194077879,"ii",1,4.76314935093105,5.4514812614937,
163,87,"iio",2,6.01375065936197,5.31880210447212,"iio",2,6.01375065936197,5.31880210447212,
163,88,"iio",3,6.30413344716312,3.46946608206286,"iio",3,6.30413344716312,3.46946608206286,
163,89,"iio",2,5.63402967173239,4.2412845030594,"iio",2,5.63402967173239,4.2412845030594,
,,,,,,,,,,
164,145,"IV",9,3.34366141243149,3.64432850973758,"IV",9,3.34366141243149,3.64432850973758,
164,146,"IV",4,1.7956143545287,4.36895493663094,"IV",4,1.7956143545287,4.36895493663094,
164,147,"iv",5,5.64556756063906,4.47865125331656,"iv",5,5.64556756063906,4.47865125331656,
164,148,"iii",3,6.4964482459115,5.22845895593233,"iii",3,6.4964482459115,5.22845895593233,
164,149,"iii",2,5.06603227454618,4.93163048383805,"iii",2,5.06603227454618,4.93163048383805,
164,150,"#ivo",2,6.87878192256377,5.24698189499688,"#vo",2,6.97041239802934,5.24698189499688,0.0916304754655686
164,151,"ii",1,3.38482608022132,5.00280443374801,"ii",1,6.69831654624812,3.84928183441436,
164,152,"ii",2,5.16713963819818,4.95104194077879,"ii",1,4.76314935093105,5.4514812614937,
164,153,"iio",2,6.01375065936197,5.31880210447212,"iio",2,6.01375065936197,5.31880210447212,
164,154,"iio",3,6.30413344716312,3.46946608206286,"iio",3,6.30413344716312,3.46946608206286,
164,155,"iio",2,5.63402967173239,4.2412845030594,"iio",2,5.63402967173239,4.2412845030594,
,,,,,,,,,,
165,145,"IV",9,3.34366141243149,3.64432850973758,"IV",9,3.34366141243149,3.64432850973758,
165,146,"IV",4,1.7956143545287,4.36895493663094,"IV",4,1.7956143545287,4.36895493663094,
165,147,"iv",5,5.64556756063906,4.47865125331656,"iv",5,5.64556756063906,4.47865125331656,
165,148,"iii",3,6.4964482459115,5.22845895593233,"iii",3,6.4964482459115,5.22845895593233,
165,149,"iii",2,5.06603227454618,4.93163048383805,"iii",2,5.06603227454618,4.93163048383805,
165,150,"#ivo",2,6.87878192256377,5.24698189499688,"#V",2,6.97041239802934,5.24698189499688,0.0916304754655686
165,151,"ii",1,3.38482608022132,5.00280443374801,"ii",1,6.29440451762011,5.10909458276778,
165,152,"ii",2,5.16713963819818,4.95104194077879,"ii",1,4.76314935093105,5.4514812614937,
165,153,"iio",2,6.01375065936197,5.31880210447212,"iio",2,6.01375065936197,5.31880210447212,
165,154,"iio",3,6.30413344716312,3.46946608206286,"iio",3,6.30413344716312,3.46946608206286,
165,155,"iio",2,5.63402967173239,4.2412845030594,"iio",2,5.63402967173239,4.2412845030594,
,,,,,,,,,,
166,145,"IV",9,3.34366141243149,3.64432850973758,"IV",9,3.34366141243149,3.64432850973758,
166,146,"IV",4,1.7956143545287,4.36895493663094,"IV",4,1.7956143545287,4.36895493663094,
166,147,"iv",5,5.64556756063906,4.47865125331656,"iv",5,5.64556756063906,4.47865125331656,
166,148,"iii",3,6.4964482459115,5.22845895593233,"iii",3,6.4964482459115,5.22845895593233,
166,149,"iii",2,5.06603227454618,4.93163048383805,"iii",2,5.06603227454618,4.93163048383805,
166,150,"#ivo",2,6.87878192256377,5.24698189499688,"I+",2,6.97041239802934,5.24698189499688,0.0916304754655686
166,151,"ii",1,3.38482608022132,5.00280443374801,"ii",1,6.34612259990015,4.94968292846051,
166,152,"ii",2,5.16713963819818,4.95104194077879,"ii",1,4.76314935093105,5.4514812614937,
166,153,"iio",2,6.01375065936197,5.31880210447212,"iio",2,6.01375065936197,5.31880210447212,
166,154,"iio",3,6.30413344716312,3.46946608206286,"iio",3,6.30413344716312,3.46946608206286,
166,155,"iio",2,5.63402967173239,4.2412845030594,"iio",2,5.63402967173239,4.2412845030594,
,,,,,,,,,,
167,145,"IV",9,3.34366141243149,3.64432850973758,"IV",9,3.34366141243149,3.64432850973758,
167,146,"IV",4,1.7956143545287,4.36895493663094,"IV",4,1.7956143545287,4.36895493663094,
167,147,"iv",5,5.64556756063906,4.47865125331656,"iv",5,5.64556756063906,4.47865125331656,
167,148,"iii",3,6.4964482459115,5.22845895593233,"iii",3,6.4964482459115,5.22845895593233,
167,149,"iii",2,5.06603227454618,4.93163048383805,"iii",2,5.06603227454618,4.93163048383805,
167,150,"#ivo",2,6.87878192256377,5.24698189499688,"-ii",2,6.97041239802934,5.24698189499688,0.0916304754655686
167,151,"ii",1,3.38482608022132,5.00280443374801,"ii",1,6.29861519275837,5.10775263158158,
167,152,"ii",2,5.16713963819818,4.95104194077879,"ii",1,4.76314935093105,5.4514812614937,
167,153,"iio",2,6.01375065936197,5.31880210447212,"iio",2,6.01375065936197,5.31880210447212,
167,154,"iio",3,6.30413344716312,3.46946608206286,"iio",3,6.30413344716312,3.46946608206286,
167,155,"iio",2,5.63402967173239,4.2412845030594,"iio",2,5.63402967173239,4.2412845030594,
,,,,,,,,,,
168,145,"IV",9,3.34366141243149,3.64432850973758,"IV",9,3.34366141243149,3.64432850973758,
168,146,"IV",4,1.7956143545287,4.36895493663094,"IV",4,1.7956143545287,4.36895493663094,
168,147,"iv",5,5.64556756063906,4.47865125331656,"iv",5,5.64556756063906,4.47865125331656,
168,148,"iii",3,6.4964482459115,5.22845895593233,"iii",3,6.4964482459115,5.22845895593233,
168,149,"iii",2,5.06603227454618,4.93163048383805,"iii",2,5.06603227454618,4.93163048383805,
168,150,"#ivo",2,6.87878192256377,5.24698189499688,"-I",2,6.97041239802934,5.24698189499688,0.0916304754655686
168,151,"ii",1,3.38482608022132,5.00280443374801,"ii",1,6.15213568799878,5.2202663906073,
168,152,"ii",2,5.16713963819818,4.95104194077879,"ii",1,4.76314935093105,5.4514812614937,
168,153,"iio",2,6.01375065936197,5.31880210447212,"iio",2,6.01375065936197,5.31880210447212,
168,154,"iio",3,6.30413344716312,3.46946608206286,"iio",3,6.30413344716312,3.46946608206286,
168,155,"iio",2,5.63402967173239,4.2412845030594,"iio",2,5.63402967173239,4.2412845030594,
,,,,,,,,,,
169,21,"ii",7,0.808378327540961,3.01412522430921,"ii",7,0.808378327540961,3.01412522430921,
169,22,"ii",7,2.93938252498739,3.09963667282344,"ii",7,2.93938252498739,3.09963667282344,
169,23,"ii",7,1.70443780177543,4.01009717496488,"ii",7,1.70443780177543,4.01009717496488,
169,24,"I",8,3.42054561052291,4.09762375075601,"I",8,3.42054561052291,4.09762375075601,
169,25,"I",6,0.785774993899771,3.15197228529058,"I",6,0.785774993899771,3.15197228529058,
169,26,"I",8,3.1029557470253,4.76805208907173,"ii",8,3.19615238786058,4.76805208907173,0.0931966408352873
169,27,"I",6,0.699023807181025,2.9266572778572,"I",6,4.93557843949493,3.65151794537807,
169,28,"I",9,1.30004616171904,3.95256916532923,"I",4,3.82273669478909,5.18455551805036,
169,29,"I",8,1.27453290671435,3.98365122899055,"I",5,1.16655421819555,3.86648007034523,
169,30,"I",9,3.1392711111925,4.51405788800984,"I",6,2.93635038057129,4.37985497375449,
169,31,"I",9,2.60266052449991,4.99592412159331,"I",6,1.43856726316367,4.20374790489405,
,,,,,,,,,,
170,33,"IV",9,2.77829776329859,4.70150995411031,"IV",9,2.77829776329859,4.70150995411031,
170,34,"IV",10,1.85035301246321,3.56914429349208,"IV",10,1.85035301246321,3.56914429349208,
170,35,"IV",10,0.368956624053195,1.80275035727911,"IV",10,0.368956624053195,1.80275035727911,
170,36,"iv",10,7.80895305633684,2.12694644846139,"iv",10,7.80895305633684,2.12694644846139,
170,37,"I",4,2.11739783694104,4.81431584122313,"I",4,2.11739783694104,4.81431584122313,
170,38,"io",4,7.60167681076924,3.79737567386236,"-iiio",4,7.50762575238622,3.79737567386236,0.0940510583830214
170,39,"ii",2,3.61671590938521,5.07113943085968,"ii",2,1.46299823365749,3.53431959937624,
170,40,"V",3,3.34891899744004,4.56957897531782,"V",3,1.52574093351483,4.12153522500003,
170,41,"I",3,4.17552320717053,4.87555392880673,"I",4,1.74576151857121,4.49415333341315,
170,42,"I",3,4.13190650490478,5.40112686756345,"I",5,3.37272125917143,5.03395913877102,
170,43,"vi",4,4.2950134712079,5.22475882139959,"vi",5,1.03411109517437,3.65996679522843,
,,,,,,,,,,
171,83,"iii",2,5.06603227454618,4.93163048383805,"iii",2,5.06603227454618,4.93163048383805,
171,84,"#ivo",2,6.87878192256377,5.24698189499688,"#ivo",2,6.87878192256377,5.24698189499688,
171,85,"ii",1,3.38482608022132,5.00280443374801,"ii",1,3.38482608022132,5.00280443374801,
171,86,"ii",2,5.16713963819818,4.95104194077879,"ii",2,5.16713963819818,4.95104194077879,
171,87,"iio",2,6.01375065936197,5.31880210447212,"iio",2,6.01375065936197,5.31880210447212,
171,88,"iio",3,6.30413344716312,3.46946608206286,"iv",3,6.20714783179427,3.46946608206286,0.0969856153688458
171,89,"iio",2,5.63402967173239,4.2412845030594,"iio",2,6.24731769300561,5.11862189977135,
171,90,"iio",2,5.63402967173239,4.2412845030594,"iio",2,6.25944709762604,3.08249416273089,
171,91,"I",2,1.44590756260574,4.2412845030594,"I",2,1.44590756260574,4.2412845030594,
171,92,"I",3,3.50653347100225,4.82718016834977,"I",3,3.50653347100225,4.82718016834977,
171,93,"ii",3,3.98002149785095,5.30785230502309,"ii",3,3.98002149785095,5.30785230502309,
,,,,,,,,,,
172,84,"#ivo",2,6.87878192256377,5.24698189499688,"#ivo",2,6.87878192256377,5.24698189499688,
172,85,"ii",1,3.38482608022132,5.00280443374801,"ii",1,3.38482608022132,5.00280443374801,
172,86,"ii",2,5.16713963819818,4.95104194077879,"ii",2,5.16713963819818,4.95104194077879,
172,87,"iio",2,6.01375065936197,5.31880210447212,"iio",2,6.01375065936197,5.31880210447212,
172,88,"iio",3,6.30413344716312,3.46946608206286,"iio",3,6.30413344716312,3.46946608206286,
172,89,"iio",2,5.63402967173239,4.2412845030594,"vi",2,5.53704405636354,4.2412845030594,0.0969856153688458
172,90,"iio",2,5.63402967173239,4.2412845030594,"iio",2,6.58284159884239,4.98909585150208,
172,91,"I",2,1.44590756260574,4.2412845030594,"I",2,2.19935935739569,4.53678815202808,
172,92,"I",3,3.50653347100225,4.82718016834977,"I",3,2.00895511874297,4.85552485189115,
172,93,"ii",3,3.98002149785095,5.30785230502309,"ii",4,4.21603990316069,4.98411397547788,
172,94,"ii",4,4.2002145969608,4.95963904862603,"ii",4,4.2002145969608,4.95963904862603,
,,,,,,,,,,
173,84,"#ivo",2,6.87878192256377,5.24698189499688,"#ivo",2,6.87878192256377,5.24698189499688,
173,85,"ii",1,3.38482608022132,5.00280443374801,"ii",1,3.38482608022132,5.00280443374801,
173,86,"ii",2,5.16713963819818,4.95104194077879,"ii",2,5.16713963819818,4.95104194077879,
173,87,"iio",2,6.01375065936197,5.31880210447212,"iio",2,6.01375065936197,5.31880210447212,
173,88,"iio",3,6.30413344716312,3.46946608206286,"iio",3,6.30413344716312,3.46946608206286,
173,89,"iio",2,5.63402967173239,4.2412845030594,"iv",2,5.53704405636354,4.2412845030594,0.0969856153688458
173,90,"iio",2,5.63402967173239,4.2412845030594,"iio",2,6.24731769300561,5.11862189977135,
173,91,"I",2,1.44590756260574,4.2412845030594,"I",2,4.34556699464454,3.08249416273089,
173,92,"I",3,3.50653347100225,4.82718016834977,"I",2,3.1978240900452,5.29452525707598,
173,93,"ii",3,3.98002149785095,5.30785230502309,"ii",3,3.98002149785095,5.30785230502309,
173,94,"ii",4,4.2002145969608,4.95963904862603,"ii",4,4.2002145969608,4.95963904862603,
,,,,,,,,,,
174,85,"ii",1,3.38482608022132,5.00280443374801,"ii",1,3.38482608022132,5.00280443374801,
174,86,"ii",2,5.16713963819818,4.95104194077879,"ii",2,5.16713963819818,4.95104194077879,
174,87,"iio",2,6.01375065936197,5.31880210447212,"iio",2,6.01375065936197,5.31880210447212,
174,88,"iio",3,6.30413344716312,3.46946608206286,"iio",3,6.30413344716312,3.46946608206286,
174,89,"iio",2,5.63402967173239,4.2412845030594,"iio",2,5.63402967173239,4.2412845030594,
174,90,"iio",2,5.63402967173239,4.2412845030594,"vi",2,5.53704405636354,4.2412845030594,0.0969856153688458
174,91,"I",2,1.44590756260574,4.2412845030594,"I",2,5.321349357817,4.98909585150208,
174,92,"I",3,3.50653347100225,4.82718016834977,"I",2,3.96897503220313,5.22478496889315,
174,93,"ii",3,3.98002149785095,5.30785230502309,"ii",3,4.50112821055644,5.19356173546612,
174,94,"ii",4,4.2002145969608,4.95963904862603,"ii",4,4.39041204440831,4.35834614127877,
174,95,"iio",4,6.6087944170532,4.82613516645091,"iio",4,6.6087944170532,4.82613516645091,
,,,,,,,,,,
175,85,"ii",1,3.38482608022132,5.00280443374801,"ii",1,3.38482608022132,5.00280443374801,
175,86,"ii",2,5.16713963819818,4.95104194077879,"ii",2,5.16713963819818,4.95104194077879,
175,87,"iio",2,6.01375065936197,5.31880210447212,"iio",2,6.01375065936197,5.31880210447212,
175,88,"iio",3,6.30413344716312,3.46946608206286,"iio",3,6.30413344716312,3.46946608206286,
175,89,"iio",2,5.63402967173239,4.2412845030594,"iio",2,5.63402967173239,4.2412845030594,
175,90,"iio",2,5.63402967173239,4.2412845030594,"iv",2,5.53704405636354,4.2412845030594,0.0969856153688458
175,91,"I",2,1.44590756260574,4.2412845030594,"I",2,5.20900833610813,5.11862189977135,
175,92,"I",3,3.50653347100225,4.82718016834977,"I",2,4.38652168317636,5.40236206183806,
175,93,"ii",3,3.98002149785095,5.30785230502309,"ii",3,4.95826185832585,5.38269916270146,
175,94,"ii",4,4.2002145969608,4.95963904862603,"ii",4,4.17973955158742,4.76422113124451,
175,95,"iio",4,6.6087944170532,4.82613516645091,"iio",4,6.6087944170532,4.82613516645091,
,,,,,,,,,,
176,91,"I",2,1.44590756260574,4.2412845030594,"I",2,1.44590756260574,4.2412845030594,
176,92,"I",3,3.50653347100225,4.82718016834977,"I",3,3.50653347100225,4.82718016834977,
176,93,"ii",3,3.98002149785095,5.30785230502309,"ii",3,3.98002149785095,5.30785230502309,
176,94,"ii",4,4.2002145969608,4.95963904862603,"ii",4,4.2002145969608,4.95963904862603,
176,95,"iio",4,6.6087944170532,4.82613516645091,"iio",4,6.6087944170532,4.82613516645091,
176,96,"iio",3,6.30413344716312,3.46946608206286,"iv",3,6.20714783179427,3.46946608206286,0.0969856153688458
176,97,"ii",2,6.87808097419861,4.2412845030594,"ii",2,5.83792675686791,5.11862189977135,
176,98,"V",1,4.44179232229737,5.4514812614937,"V",2,2.85737608305918,5.01745495386459,
176,99,"I",2,3.88391692192418,5.32637995012517,"I",3,2.69494315907427,5.0051446366909,
176,100,"I",3,4.13190650490478,5.40112686756345,"I",4,3.32376549163091,5.24752431146355,
176,101,"ii",4,4.23683400361267,5.22475882139959,"ii",5,4.45519762733802,4.88749725251511,
,,,,,,,,,,
177,99,"I",2,3.88391692192418,5.32637995012517,"I",2,3.88391692192418,5.32637995012517,
177,100,"I",3,4.13190650490478,5.40112686756345,"I",3,4.13190650490478,5.40112686756345,
177,101,"ii",4,4.23683400361267,5.22475882139959,"ii",4,4.23683400361267,5.22475882139959,
177,102,"ii",5,3.06588953589311,4.52442555888543,"ii",5,3.06588953589311,4.52442555888543,
177,103,"iio",6,7.15941585517291,4.26772416179408,"iio",6,7.15941585517291,4.26772416179408,
177,104,"iio",3,6.30413344716312,3.46946608206286,"iv",3,6.20714783179427,3.46946608206286,0.0969856153688458
177,105,"ii",2,6.87808097419861,4.2412845030594,"ii",2,5.83792675686791,5.11862189977135,
177,106,"ii",1,4.76314935093105,5.4514812614937,"ii",2,5.23622205451993,5.01745495386459,
177,107,"I",2,4.18289480761984,5.31880210447212,"I",2,4.18289480761984,5.31880210447212,
177,108,"I",3,3.42590871013884,5.25388889221325,"I",3,3.42590871013884,5.25388889221325,
177,109,"vi",4,4.3268247454022,5.12467957113559,"vi",4,4.3268247454022,5.12467957113559,
,,,,,,,,,,
178,149,"iii",2,5.06603227454618,4.93163048383805,"iii",2,5.06603227454618,4.93163048383805,
178,150,"#ivo",2,6.87878192256377,5.24698189499688,"#ivo",2,6.87878192256377,5.24698189499688,
178,151,"ii",1,3.38482608022132,5.00280443374801,"ii",1,3.38482608022132,5.00280443374801,
178,152,"ii",2,5.16713963819818,4.95104194077879,"ii",2,5.16713963819818,4.95104194077879,
178,153,"iio",2,6.01375065936197,5.31880210447212,"iio",2,6.01375065936197,5.31880210447212,
178,154,"iio",3,6.30413344716312,3.46946608206286,"iv",3,6.20714783179427,3.46946608206286,0.0969856153688458
178,155,"iio",2,5.63402967173239,4.2412845030594,"iio",2,6.24731769300561,5.11862189977135,
178,156,"V",2,3.49630902178129,4.2412845030594,"V",2,0.741868953718029,3.08249416273089,
178,157,"I",2,3.5499808322293,5.33715688987669,"I",3,3.32779721836929,5.20485469719303,
178,158,"I",3,2.93777615845489,5.22119492673301,"I",4,2.01755977002869,4.84429817135247,
178,159,"ii",4,3.78398748530637,5.21823057143639,"ii",5,4.05427004538206,4.81259336164544,
,,,,,,,,,,
179,150,"#ivo",2,6.87878192256377,5.24698189499688,"#ivo",2,6.87878192256377,5.24698189499688,
179,151,"ii",1,3.38482608022132,5.00280443374801,"ii",1,3.38482608022132,5.00280443374801,
179,152,"ii",2,5.16713963819818,4.95104194077879,"ii",2,5.16713963819818,4.95104194077879,
179,153,"iio",2,6.01375065936197,5.31880210447212,"iio",2,6.01375065936197,5.31880210447212,
179,154,"iio",3,6.30413344716312,3.46946608206286,"iio",3,6.30413344716312,3.46946608206286,
179,155,"iio",2,5.63402967173239,4.2412845030594,"vi",2,5.53704405636354,4.2412845030594,0.0969856153688458
179,156,"V",2,3.49630902178129,4.2412845030594,"V",2,5.29081498966889,4.98909585150208,
179,157,"I",2,3.5499808322293,5.33715688987669,"I",2,3.808677182619,5.25195833849605,
179,158,"I",3,2.93777615845489,5.22119492673301,"I",3,3.50299006198321,5.22533511356428,
179,159,"ii",4,3.78398748530637,5.21823057143639,"ii",4,5.08150307701163,5.08241526596012,
179,160,"ii",5,3.65986320719145,4.46174213687789,"ii",4,3.40085722843034,4.89906551784532,
,,,,,,,,,,
180,150,"#ivo",2,6.87878192256377,5.24698189499688,"#ivo",2,6.87878192256377,5.24698189499688,
180,151,"ii",1,3.38482608022132,5.00280443374801,"ii",1,3.38482608022132,5.00280443374801,
180,152,"ii",2,5.16713963819818,4.95104194077879,"ii",2,5.16713963819818,4.95104194077879,
180,153,"iio",2,6.01375065936197,5.31880210447212,"iio",2,6.01375065936197,5.31880210447212,
180,154,"iio",3,6.30413344716312,3.46946608206286,"iio",3,6.30413344716312,3.46946608206286,
180,155,"iio",2,5.63402967173239,4.2412845030594,"iv",2,5.53704405636354,4.2412845030594,0.0969856153688458
180,156,"V",2,3.49630902178129,4.2412845030594,"V",2,2.44507061300712,5.11862189977135,
180,157,"I",2,3.5499808322293,5.33715688987669,"I",3,3.92881415619776,4.79098631529292,
180,158,"I",3,2.93777615845489,5.22119492673301,"I",3,3.83582542683394,5.38503668887654,
180,159,"ii",4,3.78398748530637,5.21823057143639,"ii",4,4.30740471984825,5.20753910425939,
180,160,"ii",5,3.65986320719145,4.46174213687789,"ii",5,3.65986320719145,4.46174213687789,
,,,,,,,,,,
181,157,"I",2,3.5499808322293,5.33715688987669,"I",2,3.5499808322293,5.33715688987669,
181,158,"I",3,2.93777615845489,5.22119492673301,"I",3,2.93777615845489,5.22119492673301,
181,159,"ii",4,3.78398748530637,5.21823057143639,"ii",4,3.78398748530637,5.21823057143639,
181,160,"ii",5,3.65986320719145,4.46174213687789,"ii",5,3.65986320719145,4.46174213687789,
181,161,"iio",5,6.84055696269145,4.59295566994238,"iio",5,6.84055696269145,4.59295566994238,
181,162,"iio",3,6.30413344716312,3.46946608206286,"iv",3,6.20714783179427,3.46946608206286,0.0969856153688458
181,163,"ii",2,6.87808097419861,4.2412845030594,"ii",2,5.83792675686791,5.11862189977135,
181,164,"ii",1,4.76314935093105,5.4514812614937,"ii",2,5.23622205451993,5.01745495386459,
181,165,"I",2,4.18289480761984,5.31880210447212,"I",2,4.18289480761984,5.31880210447212,
181,166,"I",3,3.42590871013884,5.25388889221325,"I",3,3.42590871013884,5.25388889221325,
181,167,"ii",4,3.72682568680353,5.12467957113559,"ii",4,3.72682568680353,5.12467957113559,
,,,,,,,,,,
182,165,"I",2,4.18289480761984,5.31880210447212,"I",2,4.18289480761984,5.31880210447212,
182,166,"I",3,3.42590871013884,5.25388889221325,"I",3,3.42590871013884,5.25388889221325,
182,167,"ii",4,3.72682568680353,5.12467957113559,"ii",4,3.72682568680353,5.12467957113559,
182,168,"ii",5,1.48197115727432,4.02697995917804,"ii",5,1.48197115727432,4.02697995917804,
182,169,"iio",6,7.3169412934477,3.84827345740927,"iio",6,7.3169412934477,3.84827345740927,
182,170,"iio",3,6.30413344716312,3.46946608206286,"iv",3,6.20714783179427,3.46946608206286,0.0969856153688458
182,171,"ii",2,6.87808097419861,4.2412845030594,"ii",2,5.83792675686791,5.11862189977135,
182,172,"ii",1,4.76314935093105,5.4514812614937,"ii",2,5.23622205451993,5.01745495386459,
182,173,"I",2,4.18289480761984,5.31880210447212,"I",2,4.18289480761984,5.31880210447212,
182,174,"I",3,3.42590871013884,5.25388889221325,"I",3,3.42590871013884,5.25388889221325,
182,175,"ii",4,3.72682568680353,5.12467957113559,"ii",4,3.72682568680353,5.12467957113559,
,,,,,,,,,,
183,173,"I",2,4.18289480761984,5.31880210447212,"I",2,4.18289480761984,5.31880210447212,
183,174,"I",3,3.42590871013884,5.25388889221325,"I",3,3.42590871013884,5.25388889221325,
183,175,"ii",4,3.72682568680353,5.12467957113559,"ii",4,3.72682568680353,5.12467957113559,
183,176,"ii",5,1.48197115727432,4.02697995917804,"ii",5,1.48197115727432,4.02697995917804,
183,177,"iio",6,7.3169412934477,3.84827345740927,"iio",6,7.3169412934477,3.84827345740927,
183,178,"iio",3,6.30413344716312,3.46946608206286,"iv",3,6.20714783179427,3.46946608206286,0.0969856153688458
183,179,"I",2,1.44590756260574,4.2412845030594,"I",2,5.20900833610813,5.11862189977135,
183,180,"I",3,3.50653347100225,4.82718016834977,"I",2,4.38652168317636,5.40236206183806,
183,181,"I",3,4.02719472359701,5.30785230502309,"I",3,4.07998619436709,5.38269916270146,
183,182,"I",4,2.48746044018625,5.08886441969574,"I",4,2.91185044504613,5.16117207586915,
183,183,"I",5,3.06233637892673,5.08468061921287,"I",5,3.09375730466322,5.07842648842719,
,,,,,,,,,,
184,46,"VII",1,4.25861632513268,5.35939902495797,"VII",1,4.25861632513268,5.35939902495797,
184,47,"III",2,3.88333701672916,5.03192017417812,"III",2,3.88333701672916,5.03192017417812,
184,48,"III",3,1.55805926843592,4.37890437332967,"III",3,1.55805926843592,4.37890437332967,
184,49,"VI",4,5.16524734787908,4.22288012824419,"VI",4,5.16524734787908,4.22288012824419,
184,50,"VI",3,1.24409566218337,3.99309370604159,"VI",3,1.24409566218337,3.99309370604159,
184,51,"ii",4,4.95316286117299,3.88512590342859,"IV",4,5.0505601705704,3.88512590342859,0.0973973093974108
184,52,"ii",3,3.4145988319353,4.93429568582484,"ii",3,4.91902533160174,5.08644438169982,
184,53,"iv",4,5.03550034249799,4.45666491132189,"iv",3,6.40176741802564,4.72843716490029,
184,54,"iv",3,5.22195527872971,4.24478858687723,"iv",2,4.55234953987625,5.40465982448045,
184,55,"r",3,3.10988469008671,5.03353480566252,"r",3,3.10988469008671,5.03353480566252,
184,56,"iio",3,8.81055533616729,2.65120998784587,"iio",3,8.81055533616729,2.65120998784587,
,,,,,,,,,,
185,112,"VII",1,4.25861632513268,5.35939902495797,"VII",1,4.25861632513268,5.35939902495797,
185,113,"III",2,3.88333701672916,5.03192017417812,"III",2,3.88333701672916,5.03192017417812,
185,114,"III",3,1.55805926843592,4.37890437332967,"III",3,1.55805926843592,4.37890437332967,
185,115,"VI",4,5.16524734787908,4.22288012824419,"VI",4,5.16524734787908,4.22288012824419,
185,116,"VI",3,1.24409566218337,3.99309370604159,"VI",3,1.24409566218337,3.99309370604159,
185,117,"ii",4,4.95316286117299,3.88512590342859,"IV",4,5.0505601705704,3.88512590342859,0.0973973093974108
185,118,"ii",3,3.4145988319353,4.93429568582484,"ii",3,4.91902533160174,5.08644438169982,
185,119,"iv",4,5.03550034249799,4.45666491132189,"iv",3,6.40176741802564,4.72843716490029,
185,120,"iv",3,5.22195527872971,4.24478858687723,"iv",2,4.55234953987625,5.40465982448045,
185,121,"r",3,3.10988469008671,5.03353480566252,"r",3,3.10988469008671,5.03353480566252,
185,122,"iio",3,8.81055533616729,2.65120998784587,"iio",3,8.81055533616729,2.65120998784587,
,,,,,,,,,,
186,40,"V",3,3.34891899744004,4.56957897531782,"V",3,3.34891899744004,4.56957897531782,
186,41,"I",3,4.17552320717053,4.87555392880673,"I",3,4.17552320717053,4.87555392880673,
186,42,"I",3,4.13190650490478,5.40112686756345,"I",3,4.13190650490478,5.40112686756345,
186,43,"vi",4,4.2950134712079,5.22475882139959,"vi",4,4.2950134712079,5.22475882139959,
186,44,"vi",5,2.60886315194141,4.7839630126665,"vi",5,2.60886315194141,4.7839630126665,
186,45,"VII",6,7.37296275524069,4.6938311359179,"#io",6,7.27342708168977,4.6938311359179,0.099535673550915
186,46,"VII",1,4.25861632513268,5.35939902495797,"VII",2,5.0152106204589,4.03580274483754,
186,47,"III",2,3.88333701672916,5.03192017417812,"III",2,1.5731008128154,4.46150305232926,
186,48,"III",3,1.55805926843592,4.37890437332967,"III",3,2.72962703084573,4.32641421299382,
186,49,"VI",4,5.16524734787908,4.22288012824419,"VI",3,4.81835683127684,4.87462479662082,
186,50,"VI",3,1.24409566218337,3.99309370604159,"VI",3,1.24409566218337,3.99309370604159,
,,,,,,,,,,
187,106,"ii",1,4.76314935093105,5.4514812614937,"ii",1,4.76314935093105,5.4514812614937,
187,107,"I",2,4.18289480761984,5.31880210447212,"I",2,4.18289480761984,5.31880210447212,
187,108,"I",3,3.42590871013884,5.25388889221325,"I",3,3.42590871013884,5.25388889221325,
187,109,"vi",4,4.3268247454022,5.12467957113559,"vi",4,4.3268247454022,5.12467957113559,
187,110,"vi",5,3.12702258713118,4.84490832433922,"vi",5,3.12702258713118,4.84490832433922,
187,111,"VII",5,7.45227066187122,4.22416088940498,"#io",5,7.35273498832031,4.22416088940498,0.099535673550915
187,112,"VII",1,4.25861632513268,5.35939902495797,"VII",2,5.0152106204589,4.03580274483754,
187,113,"III",2,3.88333701672916,5.03192017417812,"III",2,1.5731008128154,4.46150305232926,
187,114,"III",3,1.55805926843592,4.37890437332967,"III",3,2.72962703084573,4.32641421299382,
187,115,"VI",4,5.16524734787908,4.22288012824419,"VI",3,4.81835683127684,4.87462479662082,
187,116,"VI",3,1.24409566218337,3.99309370604159,"VI",3,1.24409566218337,3.99309370604159,
,,,,,,,,,,
188,46,"VII",1,4.25861632513268,5.35939902495797,"VII",1,4.25861632513268,5.35939902495797,
188,47,"III",2,3.88333701672916,5.03192017417812,"III",2,3.88333701672916,5.03192017417812,
188,48,"III",3,1.55805926843592,4.37890437332967,"III",3,1.55805926843592,4.37890437332967,
188,49,"VI",4,5.16524734787908,4.22288012824419,"VI",4,5.16524734787908,4.22288012824419,
188,50,"VI",3,1.24409566218337,3.99309370604159,"VI",3,1.24409566218337,3.99309370604159,
188,51,"ii",4,4.95316286117299,3.88512590342859,"VI",4,5.05277232797938,3.88512590342859,0.0996094668063909
188,52,"ii",3,3.4145988319353,4.93429568582484,"ii",3,4.34978978579858,4.93827234182685,
188,53,"iv",4,5.03550034249799,4.45666491132189,"iv",3,6.3387387659533,4.93429568582484,
188,54,"iv",3,5.22195527872971,4.24478858687723,"iv",2,4.55234953987625,5.40465982448045,
188,55,"r",3,3.10988469008671,5.03353480566252,"r",3,3.10988469008671,5.03353480566252,
188,56,"iio",3,8.81055533616729,2.65120998784587,"iio",3,8.81055533616729,2.65120998784587,
,,,,,,,,,,
189,112,"VII",1,4.25861632513268,5.35939902495797,"VII",1,4.25861632513268,5.35939902495797,
189,113,"III",2,3.88333701672916,5.03192017417812,"III",2,3.88333701672916,5.03192017417812,
189,114,"III",3,1.55805926843592,4.37890437332967,"III",3,1.55805926843592,4.37890437332967,
189,115,"VI",4,5.16524734787908,4.22288012824419,"VI",4,5.16524734787908,4.22288012824419,
189,116,"VI",3,1.24409566218337,3.99309370604159,"VI",3,1.24409566218337,3.99309370604159,
189,117,"ii",4,4.95316286117299,3.88512590342859,"VI",4,5.05277232797938,3.88512590342859,0.0996094668063909
189,118,"ii",3,3.4145988319353,4.93429568582484,"ii",3,4.34978978579858,4.93827234182685,
189,119,"iv",4,5.03550034249799,4.45666491132189,"iv",3,6.3387387659533,4.93429568582484,
189,120,"iv",3,5.22195527872971,4.24478858687723,"iv",2,4.55234953987625,5.40465982448045,
189,121,"r",3,3.10988469008671,5.03353480566252,"r",3,3.10988469008671,5.03353480566252,
189,122,"iio",3,8.81055533616729,2.65120998784587,"iio",3,8.81055533616729,2.65120998784587,
,,,,,,,,,,
