"Comparison","Row","Orig_Symbol","Orig_Order","Orig_IC","Orig_Entropy","Swap_Symbol","Swap_Order","Swap_IC","Swap_Entropy","Distance"
1,12,"V",3,5.85213820229533,3.80446690175495,"V",3,5.85213820229533,3.80446690175495,
1,13,"V",2,5.03783795666204,5.23269398767224,"V",2,5.03783795666204,5.23269398767224,
1,14,"II",2,5.21538372051209,5.32929737895077,"II",2,5.21538372051209,5.32929737895077,
1,15,"II",3,3.44788810723644,5.08978370580694,"II",3,3.44788810723644,5.08978370580694,
1,16,"v",4,6.12625671366564,4.8428660666701,"v",4,6.12625671366564,4.8428660666701,
1,17,"-vii",2,6.87423150035143,5.13166539515905,"vii",2,6.87423150035143,5.13166539515905,0
1,18,"IV",1,5.06080720924929,5.38700110669416,"IV",1,5.37847685574783,5.3956301131616,
1,19,"vio",2,6.6994261633786,5.1857877024801,"vio",2,6.69078837279963,5.01807975461569,
1,20,"II",2,5.45995601255144,4.88830254020658,"II",2,5.45995601255144,4.88830254020658,
1,21,"V",2,4.77945834882133,5.00216834269197,"V",2,4.77945834882133,5.00216834269197,
1,22,"V",2,3.89067684379273,5.31953178885263,"V",2,3.89067684379273,5.31953178885263,
,,,,,,,,,,
2,12,"V",3,5.85213820229533,3.80446690175495,"V",3,5.85213820229533,3.80446690175495,
2,13,"V",2,5.03783795666204,5.23269398767224,"V",2,5.03783795666204,5.23269398767224,
2,14,"II",2,5.21538372051209,5.32929737895077,"II",2,5.21538372051209,5.32929737895077,
2,15,"II",3,3.44788810723644,5.08978370580694,"II",3,3.44788810723644,5.08978370580694,
2,16,"v",4,6.12625671366564,4.8428660666701,"v",4,6.12625671366564,4.8428660666701,
2,17,"-vii",2,6.87423150035143,5.13166539515905,"vo",2,6.87423150035143,5.13166539515905,0
2,18,"IV",1,5.06080720924929,5.38700110669416,"IV",1,4.64114253445732,4.97196757894264,
2,19,"vio",2,6.6994261633786,5.1857877024801,"vio",2,6.69078837279963,5.01807975461569,
2,20,"II",2,5.45995601255144,4.88830254020658,"II",2,5.45995601255144,4.88830254020658,
2,21,"V",2,4.77945834882133,5.00216834269197,"V",2,4.77945834882133,5.00216834269197,
2,22,"V",2,3.89067684379273,5.31953178885263,"V",2,3.89067684379273,5.31953178885263,
,,,,,,,,,,
3,14,"II",2,5.21538372051209,5.32929737895077,"II",2,5.21538372051209,5.32929737895077,
3,15,"II",3,3.44788810723644,5.08978370580694,"II",3,3.44788810723644,5.08978370580694,
3,16,"v",4,6.12625671366564,4.8428660666701,"v",4,6.12625671366564,4.8428660666701,
3,17,"-vii",2,6.87423150035143,5.13166539515905,"-vii",2,6.87423150035143,5.13166539515905,
3,18,"IV",1,5.06080720924929,5.38700110669416,"IV",1,5.06080720924929,5.38700110669416,
3,19,"vio",2,6.6994261633786,5.1857877024801,"V+",2,6.6994261633786,5.1857877024801,0
3,20,"II",2,5.45995601255144,4.88830254020658,"II",2,6.58014548442338,4.66866088305713,
3,21,"V",2,4.77945834882133,5.00216834269197,"V",1,4.46945342130979,5.43911862775104,
3,22,"V",2,3.89067684379273,5.31953178885263,"V",2,3.89067684379273,5.31953178885263,
3,23,"V",3,3.26367083253269,4.97159517333618,"V",3,3.26367083253269,4.97159517333618,
3,24,"V",4,2.66371614234224,4.85340782526987,"V",4,2.66371614234224,4.85340782526987,
,,,,,,,,,,
4,15,"II",3,3.44788810723644,5.08978370580694,"II",3,3.44788810723644,5.08978370580694,
4,16,"v",4,6.12625671366564,4.8428660666701,"v",4,6.12625671366564,4.8428660666701,
4,17,"-vii",2,6.87423150035143,5.13166539515905,"-vii",2,6.87423150035143,5.13166539515905,
4,18,"IV",1,5.06080720924929,5.38700110669416,"IV",1,5.06080720924929,5.38700110669416,
4,19,"vio",2,6.6994261633786,5.1857877024801,"vio",2,6.6994261633786,5.1857877024801,
4,20,"II",2,5.45995601255144,4.88830254020658,"-VII",2,5.45995601255144,4.88830254020658,0
4,21,"V",2,4.77945834882133,5.00216834269197,"V",2,5.24210374796419,4.95229781317486,
4,22,"V",2,3.89067684379273,5.31953178885263,"V",2,3.4122215307379,5.13148354268632,
4,23,"V",3,3.26367083253269,4.97159517333618,"V",3,3.9214291726744,5.14707456049472,
4,24,"V",4,2.66371614234224,4.85340782526987,"V",4,1.6805883076961,4.48486861463349,
4,25,"I",5,2.92632366825094,4.95624373022559,"I",5,2.52186610341723,4.85174928053489,
,,,,,,,,,,
5,29,"V",3,5.85213820229533,3.80446690175495,"V",3,5.85213820229533,3.80446690175495,
5,30,"V",2,5.03783795666204,5.23269398767224,"V",2,5.03783795666204,5.23269398767224,
5,31,"II",2,5.21538372051209,5.32929737895077,"II",2,5.21538372051209,5.32929737895077,
5,32,"II",3,3.44788810723644,5.08978370580694,"II",3,3.44788810723644,5.08978370580694,
5,33,"v",4,6.12625671366564,4.8428660666701,"v",4,6.12625671366564,4.8428660666701,
5,34,"-vii",2,6.87423150035143,5.13166539515905,"vii",2,6.87423150035143,5.13166539515905,0
5,35,"I",1,4.98837562746085,5.38700110669416,"I",1,4.78870135626454,5.3956301131616,
5,36,"-VII",2,5.68063134220331,5.30923267788349,"-VII",2,5.67507375935565,5.33716324407035,
5,37,"VI",2,4.90879306906258,5.11540700044428,"VI",2,4.90879306906258,5.11540700044428,
5,38,"II",3,3.32625043684067,4.59290668142539,"II",3,3.32625043684067,4.59290668142539,
5,39,"II",3,4.89024528781963,3.15821159327698,"II",3,4.89024528781963,3.15821159327698,
,,,,,,,,,,
6,29,"V",3,5.85213820229533,3.80446690175495,"V",3,5.85213820229533,3.80446690175495,
6,30,"V",2,5.03783795666204,5.23269398767224,"V",2,5.03783795666204,5.23269398767224,
6,31,"II",2,5.21538372051209,5.32929737895077,"II",2,5.21538372051209,5.32929737895077,
6,32,"II",3,3.44788810723644,5.08978370580694,"II",3,3.44788810723644,5.08978370580694,
6,33,"v",4,6.12625671366564,4.8428660666701,"v",4,6.12625671366564,4.8428660666701,
6,34,"-vii",2,6.87423150035143,5.13166539515905,"vo",2,6.87423150035143,5.13166539515905,0
6,35,"I",1,4.98837562746085,5.38700110669416,"I",1,2.45410604950063,4.97196757894264,
6,36,"-VII",2,5.68063134220331,5.30923267788349,"-VII",2,5.84488639449361,5.11633229217703,
6,37,"VI",2,4.90879306906258,5.11540700044428,"VI",2,4.90879306906258,5.11540700044428,
6,38,"II",3,3.32625043684067,4.59290668142539,"II",3,3.32625043684067,4.59290668142539,
6,39,"II",3,4.89024528781963,3.15821159327698,"II",3,4.89024528781963,3.15821159327698,
,,,,,,,,,,
7,50,"IV",3,7.45132280467711,3.80446690175495,"IV",3,7.45132280467711,3.80446690175495,
7,51,"IV",1,4.8048088119694,5.45885422008702,"IV",1,4.8048088119694,5.45885422008702,
7,52,"II",2,5.24193902585719,5.34495410592221,"II",2,5.24193902585719,5.34495410592221,
7,53,"II",3,2.92524810438353,4.62253006764857,"II",3,2.92524810438353,4.62253006764857,
7,54,"v",4,5.9730967494137,4.96154352304033,"v",4,5.9730967494137,4.96154352304033,
7,55,"-vii",2,6.87423150035143,5.13166539515905,"vii",2,6.87423150035143,5.13166539515905,0
7,56,"IV",1,5.06080720924929,5.38700110669416,"IV",1,5.37847685574783,5.3956301131616,
7,57,"vi",2,5.63549380216579,5.1857877024801,"vi",2,5.62685601158681,5.01807975461569,
7,58,"vio",2,6.72828644933972,5.24719295910164,"vio",2,6.72828644933972,5.24719295910164,
7,59,"II",2,5.47862994494507,4.6455767274109,"II",2,5.47862994494507,4.6455767274109,
7,60,"V",2,4.77945834882133,5.00216834269197,"V",2,4.77945834882133,5.00216834269197,
,,,,,,,,,,
8,50,"IV",3,7.45132280467711,3.80446690175495,"IV",3,7.45132280467711,3.80446690175495,
8,51,"IV",1,4.8048088119694,5.45885422008702,"IV",1,4.8048088119694,5.45885422008702,
8,52,"II",2,5.24193902585719,5.34495410592221,"II",2,5.24193902585719,5.34495410592221,
8,53,"II",3,2.92524810438353,4.62253006764857,"II",3,2.92524810438353,4.62253006764857,
8,54,"v",4,5.9730967494137,4.96154352304033,"v",4,5.9730967494137,4.96154352304033,
8,55,"-vii",2,6.87423150035143,5.13166539515905,"vo",2,6.87423150035143,5.13166539515905,0
8,56,"IV",1,5.06080720924929,5.38700110669416,"IV",1,4.64114253445732,4.97196757894264,
8,57,"vi",2,5.63549380216579,5.1857877024801,"vi",2,5.62685601158681,5.01807975461569,
8,58,"vio",2,6.72828644933972,5.24719295910164,"vio",2,6.72828644933972,5.24719295910164,
8,59,"II",2,5.47862994494507,4.6455767274109,"II",2,5.47862994494507,4.6455767274109,
8,60,"V",2,4.77945834882133,5.00216834269197,"V",2,4.77945834882133,5.00216834269197,
,,,,,,,,,,
9,53,"II",3,2.92524810438353,4.62253006764857,"II",3,2.92524810438353,4.62253006764857,
9,54,"v",4,5.9730967494137,4.96154352304033,"v",4,5.9730967494137,4.96154352304033,
9,55,"-vii",2,6.87423150035143,5.13166539515905,"-vii",2,6.87423150035143,5.13166539515905,
9,56,"IV",1,5.06080720924929,5.38700110669416,"IV",1,5.06080720924929,5.38700110669416,
9,57,"vi",2,5.63549380216579,5.1857877024801,"vi",2,5.63549380216579,5.1857877024801,
9,58,"vio",2,6.72828644933972,5.24719295910164,"#io",2,6.72828644933972,5.24719295910164,0
9,59,"II",2,5.47862994494507,4.6455767274109,"II",2,7.06522762277562,4.03584918775939,
9,60,"V",2,4.77945834882133,5.00216834269197,"V",1,4.46945342130979,5.43911862775104,
9,61,"V",2,3.89067684379273,5.31953178885263,"V",2,3.89067684379273,5.31953178885263,
9,62,"V",3,3.26367083253269,4.97159517333618,"V",3,3.26367083253269,4.97159517333618,
9,63,"#IV",4,6.77492786661953,4.85340782526987,"#IV",4,6.77492786661953,4.85340782526987,
,,,,,,,,,,
10,54,"v",4,5.9730967494137,4.96154352304033,"v",4,5.9730967494137,4.96154352304033,
10,55,"-vii",2,6.87423150035143,5.13166539515905,"-vii",2,6.87423150035143,5.13166539515905,
10,56,"IV",1,5.06080720924929,5.38700110669416,"IV",1,5.06080720924929,5.38700110669416,
10,57,"vi",2,5.63549380216579,5.1857877024801,"vi",2,5.63549380216579,5.1857877024801,
10,58,"vio",2,6.72828644933972,5.24719295910164,"vio",2,6.72828644933972,5.24719295910164,
10,59,"II",2,5.47862994494507,4.6455767274109,"-VII",2,5.47862994494507,4.6455767274109,0
10,60,"V",2,4.77945834882133,5.00216834269197,"V",2,5.24210374796419,4.95229781317486,
10,61,"V",2,3.89067684379273,5.31953178885263,"V",2,3.4122215307379,5.13148354268632,
10,62,"V",3,3.26367083253269,4.97159517333618,"V",3,3.9214291726744,5.14707456049472,
10,63,"#IV",4,6.77492786661953,4.85340782526987,"#IV",4,6.87891756390016,4.48486861463349,
10,64,"V",3,3.29369896422719,4.26054127678385,"V",3,3.29369896422719,4.26054127678385,
,,,,,,,,,,
11,54,"v",4,5.9730967494137,4.96154352304033,"v",4,5.9730967494137,4.96154352304033,
11,55,"-vii",2,6.87423150035143,5.13166539515905,"-vii",2,6.87423150035143,5.13166539515905,
11,56,"IV",1,5.06080720924929,5.38700110669416,"IV",1,5.06080720924929,5.38700110669416,
11,57,"vi",2,5.63549380216579,5.1857877024801,"vi",2,5.63549380216579,5.1857877024801,
11,58,"vio",2,6.72828644933972,5.24719295910164,"vio",2,6.72828644933972,5.24719295910164,
11,59,"II",2,5.47862994494507,4.6455767274109,"-VI",2,5.47862994494507,4.6455767274109,0
11,60,"V",2,4.77945834882133,5.00216834269197,"V",2,2.18322440937422,4.98710821620656,
11,61,"V",2,3.89067684379273,5.31953178885263,"V",3,4.25300009384354,4.49738091212983,
11,62,"V",3,3.26367083253269,4.97159517333618,"V",3,3.99760950255681,5.14723289772851,
11,63,"#IV",4,6.77492786661953,4.85340782526987,"#IV",4,6.74694799482093,4.81492981250351,
11,64,"V",3,3.29369896422719,4.26054127678385,"V",3,3.29369896422719,4.26054127678385,
,,,,,,,,,,
12,61,"V",2,3.89067684379273,5.31953178885263,"V",2,3.89067684379273,5.31953178885263,
12,62,"V",3,3.26367083253269,4.97159517333618,"V",3,3.26367083253269,4.97159517333618,
12,63,"#IV",4,6.77492786661953,4.85340782526987,"#IV",4,6.77492786661953,4.85340782526987,
12,64,"V",3,3.29369896422719,4.26054127678385,"V",3,3.29369896422719,4.26054127678385,
12,65,"V",3,3.99582021835276,4.80679577599555,"V",3,3.99582021835276,4.80679577599555,
12,66,"VII",3,6.77235426001901,4.92735040745287,"-II",3,6.77235426001901,4.92735040745287,0
12,67,"VI",2,7.00688622679325,4.79098401486665,"VI",2,6.48620861912313,5.07580574093271,
12,68,"V",1,4.96082025440837,5.40941716069012,"V",1,4.96082025440837,5.40941716069012,
12,69,"I",2,4.42692184389035,5.2822906390649,"I",2,4.42692184389035,5.2822906390649,
12,70,"I",3,2.72581142354699,5.22580834438567,"I",3,2.72581142354699,5.22580834438567,
12,71,"VII",4,6.48392221929489,5.05999598305749,"VII",4,6.48392221929489,5.05999598305749,
,,,,,,,,,,
13,73,"V",3,5.85213820229533,3.80446690175495,"V",3,5.85213820229533,3.80446690175495,
13,74,"V",2,5.03783795666204,5.23269398767224,"V",2,5.03783795666204,5.23269398767224,
13,75,"II",2,5.21538372051209,5.32929737895077,"II",2,5.21538372051209,5.32929737895077,
13,76,"II",3,3.44788810723644,5.08978370580694,"II",3,3.44788810723644,5.08978370580694,
13,77,"v",4,6.12625671366564,4.8428660666701,"v",4,6.12625671366564,4.8428660666701,
13,78,"-vii",2,6.87423150035143,5.13166539515905,"vii",2,6.87423150035143,5.13166539515905,0
13,79,"I",1,4.98837562746085,5.38700110669416,"I",1,4.78870135626454,5.3956301131616,
13,80,"-VII",2,5.68063134220331,5.30923267788349,"-VII",2,5.67507375935565,5.33716324407035,
13,81,"VI",2,4.90879306906258,5.11540700044428,"VI",2,4.90879306906258,5.11540700044428,
13,82,"ii",3,2.35441217807064,4.59290668142539,"ii",3,2.35441217807064,4.59290668142539,
13,83,"II",4,4.94668534157761,4.91376817852402,"II",4,4.94668534157761,4.91376817852402,
,,,,,,,,,,
14,73,"V",3,5.85213820229533,3.80446690175495,"V",3,5.85213820229533,3.80446690175495,
14,74,"V",2,5.03783795666204,5.23269398767224,"V",2,5.03783795666204,5.23269398767224,
14,75,"II",2,5.21538372051209,5.32929737895077,"II",2,5.21538372051209,5.32929737895077,
14,76,"II",3,3.44788810723644,5.08978370580694,"II",3,3.44788810723644,5.08978370580694,
14,77,"v",4,6.12625671366564,4.8428660666701,"v",4,6.12625671366564,4.8428660666701,
14,78,"-vii",2,6.87423150035143,5.13166539515905,"vo",2,6.87423150035143,5.13166539515905,0
14,79,"I",1,4.98837562746085,5.38700110669416,"I",1,2.45410604950063,4.97196757894264,
14,80,"-VII",2,5.68063134220331,5.30923267788349,"-VII",2,5.84488639449361,5.11633229217703,
14,81,"VI",2,4.90879306906258,5.11540700044428,"VI",2,4.90879306906258,5.11540700044428,
14,82,"ii",3,2.35441217807064,4.59290668142539,"ii",3,2.35441217807064,4.59290668142539,
14,83,"II",4,4.94668534157761,4.91376817852402,"II",4,4.94668534157761,4.91376817852402,
,,,,,,,,,,
15,17,"-vii",2,6.87423150035143,5.13166539515905,"-vii",2,6.87423150035143,5.13166539515905,
15,18,"IV",1,5.06080720924929,5.38700110669416,"IV",1,5.06080720924929,5.38700110669416,
15,19,"vio",2,6.6994261633786,5.1857877024801,"vio",2,6.6994261633786,5.1857877024801,
15,20,"II",2,5.45995601255144,4.88830254020658,"II",2,5.45995601255144,4.88830254020658,
15,21,"V",2,4.77945834882133,5.00216834269197,"V",2,4.77945834882133,5.00216834269197,
15,22,"V",2,3.89067684379273,5.31953178885263,"I",2,3.88860120988968,5.31953178885263,0.00207563390305765
15,23,"V",3,3.26367083253269,4.97159517333618,"V",3,4.8186378533115,5.40238471775632,
15,24,"V",4,2.66371614234224,4.85340782526987,"V",4,3.16658816713075,4.81720919164928,
15,25,"I",5,2.92632366825094,4.95624373022559,"I",5,1.98336581219295,4.59065080174313,
15,26,"I",6,3.07772319486636,4.94650040973717,"I",6,3.15177019337064,4.38819842784051,
15,27,"VII",7,6.24290276678497,4.69189656332248,"VII",6,5.87358386678854,5.02910561209578,
,,,,,,,,,,
16,56,"IV",1,5.06080720924929,5.38700110669416,"IV",1,5.06080720924929,5.38700110669416,
16,57,"vi",2,5.63549380216579,5.1857877024801,"vi",2,5.63549380216579,5.1857877024801,
16,58,"vio",2,6.72828644933972,5.24719295910164,"vio",2,6.72828644933972,5.24719295910164,
16,59,"II",2,5.47862994494507,4.6455767274109,"II",2,5.47862994494507,4.6455767274109,
16,60,"V",2,4.77945834882133,5.00216834269197,"V",2,4.77945834882133,5.00216834269197,
16,61,"V",2,3.89067684379273,5.31953178885263,"I",2,3.88860120988968,5.31953178885263,0.00207563390305765
16,62,"V",3,3.26367083253269,4.97159517333618,"V",3,4.8186378533115,5.40238471775632,
16,63,"#IV",4,6.77492786661953,4.85340782526987,"#IV",4,7.09022942499098,4.81720919164928,
16,64,"V",3,3.29369896422719,4.26054127678385,"V",2,2.85854949417892,4.86132467879342,
16,65,"V",3,3.99582021835276,4.80679577599555,"V",3,3.99582021835276,4.80679577599555,
16,66,"VII",3,6.77235426001901,4.92735040745287,"VII",3,6.77235426001901,4.92735040745287,
,,,,,,,,,,
17,85,"V",4,3.68928753946764,4.93330080966311,"V",4,3.68928753946764,4.93330080966311,
17,86,"I",4,2.4012553101982,4.57494798677307,"I",4,2.4012553101982,4.57494798677307,
17,87,"-III",5,5.90075628702542,4.73528653879666,"-III",5,5.90075628702542,4.73528653879666,
17,88,"-V",4,7.20297408260001,4.7754855396319,"-V",4,7.20297408260001,4.7754855396319,
17,89,"-III",2,5.44538286265369,5.0383317853665,"-III",2,5.44538286265369,5.0383317853665,
17,90,"I",2,5.51338570942502,5.08638909792594,"iv",2,5.50673733341566,5.08638909792594,0.00664837600936519
17,91,"r",2,2.9056293771442,5.28090715549589,"r",2,2.89425402140971,5.33268696595514,
17,92,"r",3,2.37699451270828,3.60075627119418,"r",3,1.24928044501978,3.36217607137328,
,,,,,,,,,,
18,61,"V",2,3.89067684379273,5.31953178885263,"V",2,3.89067684379273,5.31953178885263,
18,62,"V",3,3.26367083253269,4.97159517333618,"V",3,3.26367083253269,4.97159517333618,
18,63,"#IV",4,6.77492786661953,4.85340782526987,"#IV",4,6.77492786661953,4.85340782526987,
18,64,"V",3,3.29369896422719,4.26054127678385,"V",3,3.29369896422719,4.26054127678385,
18,65,"V",3,3.99582021835276,4.80679577599555,"V",3,3.99582021835276,4.80679577599555,
18,66,"VII",3,6.77235426001901,4.92735040745287,"vo",3,6.76183574906466,4.92735040745287,0.0105185109543475
18,67,"VI",2,7.00688622679325,4.79098401486665,"VI",2,8.12106854966704,2.48179133444977,
18,68,"V",1,4.96082025440837,5.40941716069012,"V",1,4.96082025440837,5.40941716069012,
18,69,"I",2,4.42692184389035,5.2822906390649,"I",2,4.42692184389035,5.2822906390649,
18,70,"I",3,2.72581142354699,5.22580834438567,"I",3,2.72581142354699,5.22580834438567,
18,71,"VII",4,6.48392221929489,5.05999598305749,"VII",4,6.48392221929489,5.05999598305749,
,,,,,,,,,,
19,14,"II",2,5.21538372051209,5.32929737895077,"II",2,5.21538372051209,5.32929737895077,
19,15,"II",3,3.44788810723644,5.08978370580694,"II",3,3.44788810723644,5.08978370580694,
19,16,"v",4,6.12625671366564,4.8428660666701,"v",4,6.12625671366564,4.8428660666701,
19,17,"-vii",2,6.87423150035143,5.13166539515905,"-vii",2,6.87423150035143,5.13166539515905,
19,18,"IV",1,5.06080720924929,5.38700110669416,"IV",1,5.06080720924929,5.38700110669416,
19,19,"vio",2,6.6994261633786,5.1857877024801,"VII",2,6.71052638364876,5.1857877024801,0.0111002202701522
19,20,"II",2,5.45995601255144,4.88830254020658,"II",1,6.4819235958796,5.29297440043365,
19,21,"V",2,4.77945834882133,5.00216834269197,"V",1,4.46945342130979,5.43911862775104,
19,22,"V",2,3.89067684379273,5.31953178885263,"V",2,3.89067684379273,5.31953178885263,
19,23,"V",3,3.26367083253269,4.97159517333618,"V",3,3.26367083253269,4.97159517333618,
19,24,"V",4,2.66371614234224,4.85340782526987,"V",4,2.66371614234224,4.85340782526987,
,,,,,,,,,,
20,14,"II",2,5.21538372051209,5.32929737895077,"II",2,5.21538372051209,5.32929737895077,
20,15,"II",3,3.44788810723644,5.08978370580694,"II",3,3.44788810723644,5.08978370580694,
20,16,"v",4,6.12625671366564,4.8428660666701,"v",4,6.12625671366564,4.8428660666701,
20,17,"-vii",2,6.87423150035143,5.13166539515905,"-vii",2,6.87423150035143,5.13166539515905,
20,18,"IV",1,5.06080720924929,5.38700110669416,"IV",1,5.06080720924929,5.38700110669416,
20,19,"vio",2,6.6994261633786,5.1857877024801,"-II",2,6.71052638364876,5.1857877024801,0.0111002202701522
20,20,"II",2,5.45995601255144,4.88830254020658,"II",1,5.33993242440431,5.44766372916666,
20,21,"V",2,4.77945834882133,5.00216834269197,"V",2,3.45106042349797,5.23223810723178,
20,22,"V",2,3.89067684379273,5.31953178885263,"V",3,2.06052414537933,4.84084990844084,
20,23,"V",3,3.26367083253269,4.97159517333618,"V",4,1.70423582571988,4.36307440663161,
20,24,"V",4,2.66371614234224,4.85340782526987,"V",5,1.77954112672423,4.4252769358597,
,,,,,,,,,,
21,61,"V",2,3.89067684379273,5.31953178885263,"V",2,3.89067684379273,5.31953178885263,
21,62,"V",3,3.26367083253269,4.97159517333618,"V",3,3.26367083253269,4.97159517333618,
21,63,"#IV",4,6.77492786661953,4.85340782526987,"#IV",4,6.77492786661953,4.85340782526987,
21,64,"V",3,3.29369896422719,4.26054127678385,"V",3,3.29369896422719,4.26054127678385,
21,65,"V",3,3.99582021835276,4.80679577599555,"V",3,3.99582021835276,4.80679577599555,
21,66,"VII",3,6.77235426001901,4.92735040745287,"V+",3,6.7845461216535,4.92735040745287,0.0121918616344896
21,67,"VI",2,7.00688622679325,4.79098401486665,"VI",2,7.2281773501693,3.43967856018531,
21,68,"V",1,4.96082025440837,5.40941716069012,"V",1,4.96082025440837,5.40941716069012,
21,69,"I",2,4.42692184389035,5.2822906390649,"I",2,4.42692184389035,5.2822906390649,
21,70,"I",3,2.72581142354699,5.22580834438567,"I",3,2.72581142354699,5.22580834438567,
21,71,"VII",4,6.48392221929489,5.05999598305749,"VII",4,6.48392221929489,5.05999598305749,
,,,,,,,,,,
22,9,"I",4,4.27685855466853,5.17988143928346,"I",4,4.27685855466853,5.17988143928346,
22,10,"VII",4,6.5452059710228,5.1991273479262,"VII",4,6.5452059710228,5.1991273479262,
22,11,"VII",4,2.17403486634083,4.08137397146013,"VII",4,2.17403486634083,4.08137397146013,
22,12,"V",3,5.85213820229533,3.80446690175495,"V",3,5.85213820229533,3.80446690175495,
22,13,"V",2,5.03783795666204,5.23269398767224,"V",2,5.03783795666204,5.23269398767224,
22,14,"II",2,5.21538372051209,5.32929737895077,"-VI",2,5.20313427025474,5.32929737895077,0.0122494502573574
22,15,"II",3,3.44788810723644,5.08978370580694,"II",3,6.62640155310004,5.09132918951924,
22,16,"v",4,6.12625671366564,4.8428660666701,"v",2,5.66631381186897,4.99343953220044,
22,17,"-vii",2,6.87423150035143,5.13166539515905,"-vii",2,6.87423150035143,5.13166539515905,
22,18,"IV",1,5.06080720924929,5.38700110669416,"IV",1,5.06080720924929,5.38700110669416,
22,19,"vio",2,6.6994261633786,5.1857877024801,"vio",2,6.6994261633786,5.1857877024801,
,,,,,,,,,,
23,26,"I",6,3.07772319486636,4.94650040973717,"I",6,3.07772319486636,4.94650040973717,
23,27,"VII",7,6.24290276678497,4.69189656332248,"VII",7,6.24290276678497,4.69189656332248,
23,28,"VII",6,2.71120603990827,3.28895360843264,"VII",6,2.71120603990827,3.28895360843264,
23,29,"V",3,5.85213820229533,3.80446690175495,"V",3,5.85213820229533,3.80446690175495,
23,30,"V",2,5.03783795666204,5.23269398767224,"V",2,5.03783795666204,5.23269398767224,
23,31,"II",2,5.21538372051209,5.32929737895077,"-VI",2,5.20313427025474,5.32929737895077,0.0122494502573574
23,32,"II",3,3.44788810723644,5.08978370580694,"II",3,6.62640155310004,5.09132918951924,
23,33,"v",4,6.12625671366564,4.8428660666701,"v",2,5.66631381186897,4.99343953220044,
23,34,"-vii",2,6.87423150035143,5.13166539515905,"-vii",2,6.87423150035143,5.13166539515905,
23,35,"I",1,4.98837562746085,5.38700110669416,"I",1,4.98837562746085,5.38700110669416,
23,36,"-VII",2,5.68063134220331,5.30923267788349,"-VII",2,5.68063134220331,5.30923267788349,
,,,,,,,,,,
24,70,"I",3,2.72581142354699,5.22580834438567,"I",3,2.72581142354699,5.22580834438567,
24,71,"VII",4,6.48392221929489,5.05999598305749,"VII",4,6.48392221929489,5.05999598305749,
24,72,"VII",4,2.17403486634083,4.08137397146013,"VII",4,2.17403486634083,4.08137397146013,
24,73,"V",3,5.85213820229533,3.80446690175495,"V",3,5.85213820229533,3.80446690175495,
24,74,"V",2,5.03783795666204,5.23269398767224,"V",2,5.03783795666204,5.23269398767224,
24,75,"II",2,5.21538372051209,5.32929737895077,"-VI",2,5.20313427025474,5.32929737895077,0.0122494502573574
24,76,"II",3,3.44788810723644,5.08978370580694,"II",3,6.62640155310004,5.09132918951924,
24,77,"v",4,6.12625671366564,4.8428660666701,"v",2,5.66631381186897,4.99343953220044,
24,78,"-vii",2,6.87423150035143,5.13166539515905,"-vii",2,6.87423150035143,5.13166539515905,
24,79,"I",1,4.98837562746085,5.38700110669416,"I",1,4.98837562746085,5.38700110669416,
24,80,"-VII",2,5.68063134220331,5.30923267788349,"-VII",2,5.68063134220331,5.30923267788349,
,,,,,,,,,,
25,15,"II",3,3.44788810723644,5.08978370580694,"II",3,3.44788810723644,5.08978370580694,
25,16,"v",4,6.12625671366564,4.8428660666701,"v",4,6.12625671366564,4.8428660666701,
25,17,"-vii",2,6.87423150035143,5.13166539515905,"-vii",2,6.87423150035143,5.13166539515905,
25,18,"IV",1,5.06080720924929,5.38700110669416,"IV",1,5.06080720924929,5.38700110669416,
25,19,"vio",2,6.6994261633786,5.1857877024801,"vio",2,6.6994261633786,5.1857877024801,
25,20,"II",2,5.45995601255144,4.88830254020658,"VI",2,5.4754236514052,4.88830254020658,0.0154676388537656
25,21,"V",2,4.77945834882133,5.00216834269197,"V",2,5.26493607083907,4.96996609020213,
25,22,"V",2,3.89067684379273,5.31953178885263,"V",2,3.61090660279425,5.2822906390649,
25,23,"V",3,3.26367083253269,4.97159517333618,"V",3,4.53773319503615,4.83129990795558,
25,24,"V",4,2.66371614234224,4.85340782526987,"V",3,3.49055427073676,5.18576487008758,
25,25,"I",5,2.92632366825094,4.95624373022559,"I",4,3.64769121844484,5.19106735374886,
,,,,,,,,,,
26,14,"II",2,5.21538372051209,5.32929737895077,"II",2,5.21538372051209,5.32929737895077,
26,15,"II",3,3.44788810723644,5.08978370580694,"II",3,3.44788810723644,5.08978370580694,
26,16,"v",4,6.12625671366564,4.8428660666701,"v",4,6.12625671366564,4.8428660666701,
26,17,"-vii",2,6.87423150035143,5.13166539515905,"-vii",2,6.87423150035143,5.13166539515905,
26,18,"IV",1,5.06080720924929,5.38700110669416,"IV",1,5.06080720924929,5.38700110669416,
26,19,"vio",2,6.6994261633786,5.1857877024801,"viio",2,6.6794018677625,5.1857877024801,0.020024295616107
26,20,"II",2,5.45995601255144,4.88830254020658,"II",2,5.53662467645347,4.44197423489075,
26,21,"V",2,4.77945834882133,5.00216834269197,"V",2,4.77295625468863,4.99513668386763,
26,22,"V",2,3.89067684379273,5.31953178885263,"V",2,3.89067684379273,5.31953178885263,
26,23,"V",3,3.26367083253269,4.97159517333618,"V",3,3.26367083253269,4.97159517333618,
26,24,"V",4,2.66371614234224,4.85340782526987,"V",4,2.66371614234224,4.85340782526987,
,,,,,,,,,,
27,15,"II",3,3.44788810723644,5.08978370580694,"II",3,3.44788810723644,5.08978370580694,
27,16,"v",4,6.12625671366564,4.8428660666701,"v",4,6.12625671366564,4.8428660666701,
27,17,"-vii",2,6.87423150035143,5.13166539515905,"-vii",2,6.87423150035143,5.13166539515905,
27,18,"IV",1,5.06080720924929,5.38700110669416,"IV",1,5.06080720924929,5.38700110669416,
27,19,"vio",2,6.6994261633786,5.1857877024801,"vio",2,6.6994261633786,5.1857877024801,
27,20,"II",2,5.45995601255144,4.88830254020658,"iv",2,5.43706111690047,4.88830254020658,0.0228948956509658
27,21,"V",2,4.77945834882133,5.00216834269197,"V",2,3.30791248111404,5.24032881643182,
27,22,"V",2,3.89067684379273,5.31953178885263,"V",3,3.89351429242495,4.75254815541537,
27,23,"V",3,3.26367083253269,4.97159517333618,"V",3,3.58224479261139,5.00754370818123,
27,24,"V",4,2.66371614234224,4.85340782526987,"V",4,2.7553225808959,4.93728165233639,
27,25,"I",5,2.92632366825094,4.95624373022559,"I",5,1.71547719127211,4.5067406878793,
,,,,,,,,,,
28,54,"v",4,5.9730967494137,4.96154352304033,"v",4,5.9730967494137,4.96154352304033,
28,55,"-vii",2,6.87423150035143,5.13166539515905,"-vii",2,6.87423150035143,5.13166539515905,
28,56,"IV",1,5.06080720924929,5.38700110669416,"IV",1,5.06080720924929,5.38700110669416,
28,57,"vi",2,5.63549380216579,5.1857877024801,"vi",2,5.63549380216579,5.1857877024801,
28,58,"vio",2,6.72828644933972,5.24719295910164,"vio",2,6.72828644933972,5.24719295910164,
28,59,"II",2,5.47862994494507,4.6455767274109,"iv",2,5.4557350492941,4.6455767274109,0.0228948956509658
28,60,"V",2,4.77945834882133,5.00216834269197,"V",2,3.30791248111404,5.24032881643182,
28,61,"V",2,3.89067684379273,5.31953178885263,"V",3,3.89351429242495,4.75254815541537,
28,62,"V",3,3.26367083253269,4.97159517333618,"V",3,3.58224479261139,5.00754370818123,
28,63,"#IV",4,6.77492786661953,4.85340782526987,"#IV",4,6.69801554681144,4.93728165233639,
28,64,"V",3,3.29369896422719,4.26054127678385,"V",3,3.29369896422719,4.26054127678385,
,,,,,,,,,,
29,61,"V",2,3.89067684379273,5.31953178885263,"V",2,3.89067684379273,5.31953178885263,
29,62,"V",3,3.26367083253269,4.97159517333618,"V",3,3.26367083253269,4.97159517333618,
29,63,"#IV",4,6.77492786661953,4.85340782526987,"#IV",4,6.77492786661953,4.85340782526987,
29,64,"V",3,3.29369896422719,4.26054127678385,"V",3,3.29369896422719,4.26054127678385,
29,65,"V",3,3.99582021835276,4.80679577599555,"V",3,3.99582021835276,4.80679577599555,
29,66,"VII",3,6.77235426001901,4.92735040745287,"#vo",3,6.79684189245227,4.92735040745287,0.0244876324332655
29,67,"VI",2,7.00688622679325,4.79098401486665,"VI",1,8.41947406731118,1.60715692554833,
29,68,"V",1,4.96082025440837,5.40941716069012,"V",1,4.96082025440837,5.40941716069012,
29,69,"I",2,4.42692184389035,5.2822906390649,"I",2,4.42692184389035,5.2822906390649,
29,70,"I",3,2.72581142354699,5.22580834438567,"I",3,2.72581142354699,5.22580834438567,
29,71,"VII",4,6.48392221929489,5.05999598305749,"VII",4,6.48392221929489,5.05999598305749,
,,,,,,,,,,
30,83,"II",4,4.94668534157761,4.91376817852402,"II",4,4.94668534157761,4.91376817852402,
30,84,"V",3,1.82090782293841,4.38437763457622,"V",3,1.82090782293841,4.38437763457622,
30,85,"V",4,3.68928753946764,4.93330080966311,"V",4,3.68928753946764,4.93330080966311,
30,86,"I",4,2.4012553101982,4.57494798677307,"I",4,2.4012553101982,4.57494798677307,
30,87,"-III",5,5.90075628702542,4.73528653879666,"-III",5,5.90075628702542,4.73528653879666,
30,88,"-V",4,7.20297408260001,4.7754855396319,"VII",4,7.23034746594184,4.7754855396319,0.0273733833418346
30,89,"-III",2,5.44538286265369,5.0383317853665,"-III",1,6.4819235958796,5.29297440043365,
30,90,"I",2,5.51338570942502,5.08638909792594,"I",1,5.22368095793675,5.454096818521,
30,91,"r",2,2.9056293771442,5.28090715549589,"r",2,2.9056293771442,5.28090715549589,
30,92,"r",3,2.37699451270828,3.60075627119418,"r",3,2.37699451270828,3.60075627119418,
,,,,,,,,,,
31,14,"II",2,5.21538372051209,5.32929737895077,"II",2,5.21538372051209,5.32929737895077,
31,15,"II",3,3.44788810723644,5.08978370580694,"II",3,3.44788810723644,5.08978370580694,
31,16,"v",4,6.12625671366564,4.8428660666701,"v",4,6.12625671366564,4.8428660666701,
31,17,"-vii",2,6.87423150035143,5.13166539515905,"-vii",2,6.87423150035143,5.13166539515905,
31,18,"IV",1,5.06080720924929,5.38700110669416,"IV",1,5.06080720924929,5.38700110669416,
31,19,"vio",2,6.6994261633786,5.1857877024801,"-IV",2,6.72899735435903,5.1857877024801,0.0295711909804268
31,20,"II",2,5.45995601255144,4.88830254020658,"II",1,6.54341854992942,4.33318912857594,
31,21,"V",2,4.77945834882133,5.00216834269197,"V",1,4.46945342130979,5.43911862775104,
31,22,"V",2,3.89067684379273,5.31953178885263,"V",2,3.89067684379273,5.31953178885263,
31,23,"V",3,3.26367083253269,4.97159517333618,"V",3,3.26367083253269,4.97159517333618,
31,24,"V",4,2.66371614234224,4.85340782526987,"V",4,2.66371614234224,4.85340782526987,
,,,,,,,,,,
32,78,"-vii",2,6.87423150035143,5.13166539515905,"-vii",2,6.87423150035143,5.13166539515905,
32,79,"I",1,4.98837562746085,5.38700110669416,"I",1,4.98837562746085,5.38700110669416,
32,80,"-VII",2,5.68063134220331,5.30923267788349,"-VII",2,5.68063134220331,5.30923267788349,
32,81,"VI",2,4.90879306906258,5.11540700044428,"VI",2,4.90879306906258,5.11540700044428,
32,82,"ii",3,2.35441217807064,4.59290668142539,"ii",3,2.35441217807064,4.59290668142539,
32,83,"II",4,4.94668534157761,4.91376817852402,"IV",4,4.97650412775477,4.91376817852402,0.0298187861771551
32,84,"V",3,1.82090782293841,4.38437763457622,"V",3,2.5759647097158,4.75335865177658,
32,85,"V",4,3.68928753946764,4.93330080966311,"V",4,1.87361425716014,4.59284616244184,
32,86,"I",4,2.4012553101982,4.57494798677307,"I",5,1.39724785171726,3.88831957411894,
32,87,"-III",5,5.90075628702542,4.73528653879666,"-III",6,3.91265552027381,4.14813221451314,
32,88,"-V",4,7.20297408260001,4.7754855396319,"-V",6,7.38643398076943,4.58372417810149,
,,,,,,,,,,
33,63,"#IV",4,6.77492786661953,4.85340782526987,"#IV",4,6.77492786661953,4.85340782526987,
33,64,"V",3,3.29369896422719,4.26054127678385,"V",3,3.29369896422719,4.26054127678385,
33,65,"V",3,3.99582021835276,4.80679577599555,"V",3,3.99582021835276,4.80679577599555,
33,66,"VII",3,6.77235426001901,4.92735040745287,"VII",3,6.77235426001901,4.92735040745287,
33,67,"VI",2,7.00688622679325,4.79098401486665,"VI",2,7.00688622679325,4.79098401486665,
33,68,"V",1,4.96082025440837,5.40941716069012,"IV",1,4.99145700867323,5.40941716069012,0.030636754264858
33,69,"I",2,4.42692184389035,5.2822906390649,"I",2,4.78516478750475,5.34696018727727,
33,70,"I",3,2.72581142354699,5.22580834438567,"I",3,4.57286848654557,5.09649730547348,
33,71,"VII",4,6.48392221929489,5.05999598305749,"VII",3,6.40847436954686,5.36378139188561,
33,72,"VII",4,2.17403486634083,4.08137397146013,"VII",3,2.17403486634083,4.08137397146013,
33,73,"V",3,5.85213820229533,3.80446690175495,"V",3,5.85213820229533,3.80446690175495,
,,,,,,,,,,
34,9,"I",4,4.27685855466853,5.17988143928346,"I",4,4.27685855466853,5.17988143928346,
34,10,"VII",4,6.5452059710228,5.1991273479262,"VII",4,6.5452059710228,5.1991273479262,
34,11,"VII",4,2.17403486634083,4.08137397146013,"VII",4,2.17403486634083,4.08137397146013,
34,12,"V",3,5.85213820229533,3.80446690175495,"V",3,5.85213820229533,3.80446690175495,
34,13,"V",2,5.03783795666204,5.23269398767224,"V",2,5.03783795666204,5.23269398767224,
34,14,"II",2,5.21538372051209,5.32929737895077,"-III",2,5.2471687260995,5.32929737895077,0.031785005587408
34,15,"II",3,3.44788810723644,5.08978370580694,"II",3,6.19273934311474,4.8399192879576,
34,16,"v",4,6.12625671366564,4.8428660666701,"v",2,5.69069505431831,5.23828069942531,
34,17,"-vii",2,6.87423150035143,5.13166539515905,"-vii",2,6.87423150035143,5.13166539515905,
34,18,"IV",1,5.06080720924929,5.38700110669416,"IV",1,5.06080720924929,5.38700110669416,
34,19,"vio",2,6.6994261633786,5.1857877024801,"vio",2,6.6994261633786,5.1857877024801,
,,,,,,,,,,
35,26,"I",6,3.07772319486636,4.94650040973717,"I",6,3.07772319486636,4.94650040973717,
35,27,"VII",7,6.24290276678497,4.69189656332248,"VII",7,6.24290276678497,4.69189656332248,
35,28,"VII",6,2.71120603990827,3.28895360843264,"VII",6,2.71120603990827,3.28895360843264,
35,29,"V",3,5.85213820229533,3.80446690175495,"V",3,5.85213820229533,3.80446690175495,
35,30,"V",2,5.03783795666204,5.23269398767224,"V",2,5.03783795666204,5.23269398767224,
35,31,"II",2,5.21538372051209,5.32929737895077,"-III",2,5.2471687260995,5.32929737895077,0.031785005587408
35,32,"II",3,3.44788810723644,5.08978370580694,"II",3,6.19273934311474,4.8399192879576,
35,33,"v",4,6.12625671366564,4.8428660666701,"v",2,5.69069505431831,5.23828069942531,
35,34,"-vii",2,6.87423150035143,5.13166539515905,"-vii",2,6.87423150035143,5.13166539515905,
35,35,"I",1,4.98837562746085,5.38700110669416,"I",1,4.98837562746085,5.38700110669416,
35,36,"-VII",2,5.68063134220331,5.30923267788349,"-VII",2,5.68063134220331,5.30923267788349,
,,,,,,,,,,
36,70,"I",3,2.72581142354699,5.22580834438567,"I",3,2.72581142354699,5.22580834438567,
36,71,"VII",4,6.48392221929489,5.05999598305749,"VII",4,6.48392221929489,5.05999598305749,
36,72,"VII",4,2.17403486634083,4.08137397146013,"VII",4,2.17403486634083,4.08137397146013,
36,73,"V",3,5.85213820229533,3.80446690175495,"V",3,5.85213820229533,3.80446690175495,
36,74,"V",2,5.03783795666204,5.23269398767224,"V",2,5.03783795666204,5.23269398767224,
36,75,"II",2,5.21538372051209,5.32929737895077,"-III",2,5.2471687260995,5.32929737895077,0.031785005587408
36,76,"II",3,3.44788810723644,5.08978370580694,"II",3,6.19273934311474,4.8399192879576,
36,77,"v",4,6.12625671366564,4.8428660666701,"v",2,5.69069505431831,5.23828069942531,
36,78,"-vii",2,6.87423150035143,5.13166539515905,"-vii",2,6.87423150035143,5.13166539515905,
36,79,"I",1,4.98837562746085,5.38700110669416,"I",1,4.98837562746085,5.38700110669416,
36,80,"-VII",2,5.68063134220331,5.30923267788349,"-VII",2,5.68063134220331,5.30923267788349,
,,,,,,,,,,
37,82,"ii",3,2.35441217807064,4.59290668142539,"ii",3,2.35441217807064,4.59290668142539,
37,83,"II",4,4.94668534157761,4.91376817852402,"II",4,4.94668534157761,4.91376817852402,
37,84,"V",3,1.82090782293841,4.38437763457622,"V",3,1.82090782293841,4.38437763457622,
37,85,"V",4,3.68928753946764,4.93330080966311,"V",4,3.68928753946764,4.93330080966311,
37,86,"I",4,2.4012553101982,4.57494798677307,"I",4,2.4012553101982,4.57494798677307,
37,87,"-III",5,5.90075628702542,4.73528653879666,"III",5,5.86684151243451,4.73528653879666,0.033914774590917
37,88,"-V",4,7.20297408260001,4.7754855396319,"-V",4,7.99505394218455,3.65112105349588,
37,89,"-III",2,5.44538286265369,5.0383317853665,"-III",1,5.17550780880048,5.40936055793854,
37,90,"I",2,5.51338570942502,5.08638909792594,"I",2,5.51338570942502,5.08638909792594,
37,91,"r",2,2.9056293771442,5.28090715549589,"r",2,2.9056293771442,5.28090715549589,
37,92,"r",3,2.37699451270828,3.60075627119418,"r",3,2.37699451270828,3.60075627119418,
,,,,,,,,,,
38,31,"II",2,5.21538372051209,5.32929737895077,"II",2,5.21538372051209,5.32929737895077,
38,32,"II",3,3.44788810723644,5.08978370580694,"II",3,3.44788810723644,5.08978370580694,
38,33,"v",4,6.12625671366564,4.8428660666701,"v",4,6.12625671366564,4.8428660666701,
38,34,"-vii",2,6.87423150035143,5.13166539515905,"-vii",2,6.87423150035143,5.13166539515905,
38,35,"I",1,4.98837562746085,5.38700110669416,"I",1,4.98837562746085,5.38700110669416,
38,36,"-VII",2,5.68063134220331,5.30923267788349,"vi",2,5.64633915997431,5.30923267788349,0.0342921822290014
38,37,"VI",2,4.90879306906258,5.11540700044428,"VI",2,5.34643637112714,5.32978954818831,
38,38,"II",3,3.32625043684067,4.59290668142539,"II",3,2.28476750956651,4.74788534523861,
38,39,"II",3,4.89024528781963,3.15821159327698,"II",4,2.71263154272395,4.84308426351977,
38,40,"V",3,3.2011506228652,5.12428024737131,"V",5,2.78472838736806,4.20324447245682,
38,41,"V",4,2.60695733610822,4.95160901141711,"V",5,2.24155526810461,4.66897448972877,
,,,,,,,,,,
39,75,"II",2,5.21538372051209,5.32929737895077,"II",2,5.21538372051209,5.32929737895077,
39,76,"II",3,3.44788810723644,5.08978370580694,"II",3,3.44788810723644,5.08978370580694,
39,77,"v",4,6.12625671366564,4.8428660666701,"v",4,6.12625671366564,4.8428660666701,
39,78,"-vii",2,6.87423150035143,5.13166539515905,"-vii",2,6.87423150035143,5.13166539515905,
39,79,"I",1,4.98837562746085,5.38700110669416,"I",1,4.98837562746085,5.38700110669416,
39,80,"-VII",2,5.68063134220331,5.30923267788349,"vi",2,5.64633915997431,5.30923267788349,0.0342921822290014
39,81,"VI",2,4.90879306906258,5.11540700044428,"VI",2,5.34643637112714,5.32978954818831,
39,82,"ii",3,2.35441217807064,4.59290668142539,"ii",3,2.97986247469935,4.74788534523861,
39,83,"II",4,4.94668534157761,4.91376817852402,"II",4,4.16033003070103,4.58586350407766,
39,84,"V",3,1.82090782293841,4.38437763457622,"V",4,1.21588679558431,3.78584222678746,
39,85,"V",4,3.68928753946764,4.93330080966311,"V",5,3.99002250205016,4.43336821059957,
,,,,,,,,,,
40,6,"ii",1,4.95338728775274,5.44002271468011,"ii",1,4.95338728775274,5.44002271468011,
40,7,"V",2,2.17357551696145,4.98943227033297,"V",2,2.17357551696145,4.98943227033297,
40,8,"I",3,2.03457622855955,4.8139924548009,"I",3,2.03457622855955,4.8139924548009,
40,9,"I",4,4.27685855466853,5.17988143928346,"I",4,4.27685855466853,5.17988143928346,
40,10,"VII",4,6.5452059710228,5.1991273479262,"VII",4,6.5452059710228,5.1991273479262,
40,11,"VII",4,2.17403486634083,4.08137397146013,"iii",4,2.20997772006579,4.08137397146013,0.0359428537249631
40,12,"V",3,5.85213820229533,3.80446690175495,"V",3,4.26375133490405,3.87882960041767,
40,13,"V",2,5.03783795666204,5.23269398767224,"V",3,4.28709721659941,5.04865653849249,
40,14,"II",2,5.21538372051209,5.32929737895077,"II",3,5.63528670006707,4.89482002815435,
40,15,"II",3,3.44788810723644,5.08978370580694,"II",3,3.44788810723644,5.08978370580694,
40,16,"v",4,6.12625671366564,4.8428660666701,"v",4,6.12625671366564,4.8428660666701,
,,,,,,,,,,
41,44,"ii",6,4.0065754997242,4.31746878625055,"ii",6,4.0065754997242,4.31746878625055,
41,45,"V",5,0.640079442243732,2.64789966955144,"V",5,0.640079442243732,2.64789966955144,
41,46,"I",6,1.2590808385907,3.97955658985967,"I",6,1.2590808385907,3.97955658985967,
41,47,"I",7,4.00679776395096,3.90544281816366,"I",7,4.00679776395096,3.90544281816366,
41,48,"VII",7,7.08434204958101,4.66848007355656,"VII",7,7.08434204958101,4.66848007355656,
41,49,"VII",4,2.17403486634083,4.08137397146013,"iii",4,2.20997772006579,4.08137397146013,0.0359428537249631
41,50,"IV",3,7.45132280467711,3.80446690175495,"IV",3,5.75878815624811,3.87882960041767,
41,51,"IV",1,4.8048088119694,5.45885422008702,"IV",2,4.30049490527601,5.35691487818859,
41,52,"II",2,5.24193902585719,5.34495410592221,"II",3,5.0241397989903,5.17941061395958,
41,53,"II",3,2.92524810438353,4.62253006764857,"II",4,3.39913312917741,4.02001855300035,
41,54,"v",4,5.9730967494137,4.96154352304033,"v",4,5.9730967494137,4.96154352304033,
,,,,,,,,,,
42,67,"VI",2,7.00688622679325,4.79098401486665,"VI",2,7.00688622679325,4.79098401486665,
42,68,"V",1,4.96082025440837,5.40941716069012,"V",1,4.96082025440837,5.40941716069012,
42,69,"I",2,4.42692184389035,5.2822906390649,"I",2,4.42692184389035,5.2822906390649,
42,70,"I",3,2.72581142354699,5.22580834438567,"I",3,2.72581142354699,5.22580834438567,
42,71,"VII",4,6.48392221929489,5.05999598305749,"VII",4,6.48392221929489,5.05999598305749,
42,72,"VII",4,2.17403486634083,4.08137397146013,"iii",4,2.20997772006579,4.08137397146013,0.0359428537249631
42,73,"V",3,5.85213820229533,3.80446690175495,"V",3,4.26375133490405,3.87882960041767,
42,74,"V",2,5.03783795666204,5.23269398767224,"V",3,4.28709721659941,5.04865653849249,
42,75,"II",2,5.21538372051209,5.32929737895077,"II",3,5.63528670006707,4.89482002815435,
42,76,"II",3,3.44788810723644,5.08978370580694,"II",3,3.44788810723644,5.08978370580694,
42,77,"v",4,6.12625671366564,4.8428660666701,"v",4,6.12625671366564,4.8428660666701,
,,,,,,,,,,
43,62,"V",3,3.26367083253269,4.97159517333618,"V",3,3.26367083253269,4.97159517333618,
43,63,"#IV",4,6.77492786661953,4.85340782526987,"#IV",4,6.77492786661953,4.85340782526987,
43,64,"V",3,3.29369896422719,4.26054127678385,"V",3,3.29369896422719,4.26054127678385,
43,65,"V",3,3.99582021835276,4.80679577599555,"V",3,3.99582021835276,4.80679577599555,
43,66,"VII",3,6.77235426001901,4.92735040745287,"VII",3,6.77235426001901,4.92735040745287,
43,67,"VI",2,7.00688622679325,4.79098401486665,"II",2,6.97036035076813,4.79098401486665,0.0365258760251148
43,68,"V",1,4.96082025440837,5.40941716069012,"V",1,4.46945342130979,5.43911862775104,
43,69,"I",2,4.42692184389035,5.2822906390649,"I",2,3.88860120988968,5.31953178885263,
43,70,"I",3,2.72581142354699,5.22580834438567,"I",3,4.00483341734217,5.40238471775632,
43,71,"VII",4,6.48392221929489,5.05999598305749,"VII",4,6.53993315744355,5.17000917098454,
43,72,"VII",4,2.17403486634083,4.08137397146013,"VII",4,2.17403486634083,4.08137397146013,
,,,,,,,,,,
44,62,"V",3,3.26367083253269,4.97159517333618,"V",3,3.26367083253269,4.97159517333618,
44,63,"#IV",4,6.77492786661953,4.85340782526987,"#IV",4,6.77492786661953,4.85340782526987,
44,64,"V",3,3.29369896422719,4.26054127678385,"V",3,3.29369896422719,4.26054127678385,
44,65,"V",3,3.99582021835276,4.80679577599555,"V",3,3.99582021835276,4.80679577599555,
44,66,"VII",3,6.77235426001901,4.92735040745287,"VII",3,6.77235426001901,4.92735040745287,
44,67,"VI",2,7.00688622679325,4.79098401486665,"-III",2,6.97036035076813,4.79098401486665,0.0365258760251148
44,68,"V",1,4.96082025440837,5.40941716069012,"V",1,5.1364141217191,5.454096818521,
44,69,"I",2,4.42692184389035,5.2822906390649,"I",2,3.52819079573004,5.07855458768791,
44,70,"I",3,2.72581142354699,5.22580834438567,"I",3,3.59098107078745,5.30566923795939,
44,71,"VII",4,6.48392221929489,5.05999598305749,"VII",4,6.4773172274476,5.17242569953416,
44,72,"VII",4,2.17403486634083,4.08137397146013,"VII",4,2.17403486634083,4.08137397146013,
,,,,,,,,,,
45,62,"V",3,3.26367083253269,4.97159517333618,"V",3,3.26367083253269,4.97159517333618,
45,63,"#IV",4,6.77492786661953,4.85340782526987,"#IV",4,6.77492786661953,4.85340782526987,
45,64,"V",3,3.29369896422719,4.26054127678385,"V",3,3.29369896422719,4.26054127678385,
45,65,"V",3,3.99582021835276,4.80679577599555,"V",3,3.99582021835276,4.80679577599555,
45,66,"VII",3,6.77235426001901,4.92735040745287,"VII",3,6.77235426001901,4.92735040745287,
45,67,"VI",2,7.00688622679325,4.79098401486665,"-VI",2,6.97036035076813,4.79098401486665,0.0365258760251148
45,68,"V",1,4.96082025440837,5.40941716069012,"V",1,4.57457855413058,5.44377615253544,
45,69,"I",2,4.42692184389035,5.2822906390649,"I",2,4.16576677802049,5.12776819540516,
45,70,"I",3,2.72581142354699,5.22580834438567,"I",3,3.82503082014544,5.32122047513213,
45,71,"VII",4,6.48392221929489,5.05999598305749,"VII",4,6.44111813442658,5.20701498495387,
45,72,"VII",4,2.17403486634083,4.08137397146013,"VII",4,2.17403486634083,4.08137397146013,
,,,,,,,,,,
46,11,"VII",4,2.17403486634083,4.08137397146013,"VII",4,2.17403486634083,4.08137397146013,
46,12,"V",3,5.85213820229533,3.80446690175495,"V",3,5.85213820229533,3.80446690175495,
46,13,"V",2,5.03783795666204,5.23269398767224,"V",2,5.03783795666204,5.23269398767224,
46,14,"II",2,5.21538372051209,5.32929737895077,"II",2,5.21538372051209,5.32929737895077,
46,15,"II",3,3.44788810723644,5.08978370580694,"II",3,3.44788810723644,5.08978370580694,
46,16,"v",4,6.12625671366564,4.8428660666701,"vii",4,6.16536146302458,4.8428660666701,0.0391047493589474
46,17,"-vii",2,6.87423150035143,5.13166539515905,"-vii",3,7.78621753274153,3.77394282217868,
46,18,"IV",1,5.06080720924929,5.38700110669416,"IV",1,5.06080720924929,5.38700110669416,
46,19,"vio",2,6.6994261633786,5.1857877024801,"vio",2,6.6994261633786,5.1857877024801,
46,20,"II",2,5.45995601255144,4.88830254020658,"II",2,5.45995601255144,4.88830254020658,
46,21,"V",2,4.77945834882133,5.00216834269197,"V",2,4.77945834882133,5.00216834269197,
,,,,,,,,,,
47,28,"VII",6,2.71120603990827,3.28895360843264,"VII",6,2.71120603990827,3.28895360843264,
47,29,"V",3,5.85213820229533,3.80446690175495,"V",3,5.85213820229533,3.80446690175495,
47,30,"V",2,5.03783795666204,5.23269398767224,"V",2,5.03783795666204,5.23269398767224,
47,31,"II",2,5.21538372051209,5.32929737895077,"II",2,5.21538372051209,5.32929737895077,
47,32,"II",3,3.44788810723644,5.08978370580694,"II",3,3.44788810723644,5.08978370580694,
47,33,"v",4,6.12625671366564,4.8428660666701,"vii",4,6.16536146302458,4.8428660666701,0.0391047493589474
47,34,"-vii",2,6.87423150035143,5.13166539515905,"-vii",3,7.78621753274153,3.77394282217868,
47,35,"I",1,4.98837562746085,5.38700110669416,"I",1,4.98837562746085,5.38700110669416,
47,36,"-VII",2,5.68063134220331,5.30923267788349,"-VII",2,5.68063134220331,5.30923267788349,
47,37,"VI",2,4.90879306906258,5.11540700044428,"VI",2,4.90879306906258,5.11540700044428,
47,38,"II",3,3.32625043684067,4.59290668142539,"II",3,3.32625043684067,4.59290668142539,
,,,,,,,,,,
48,72,"VII",4,2.17403486634083,4.08137397146013,"VII",4,2.17403486634083,4.08137397146013,
48,73,"V",3,5.85213820229533,3.80446690175495,"V",3,5.85213820229533,3.80446690175495,
48,74,"V",2,5.03783795666204,5.23269398767224,"V",2,5.03783795666204,5.23269398767224,
48,75,"II",2,5.21538372051209,5.32929737895077,"II",2,5.21538372051209,5.32929737895077,
48,76,"II",3,3.44788810723644,5.08978370580694,"II",3,3.44788810723644,5.08978370580694,
48,77,"v",4,6.12625671366564,4.8428660666701,"vii",4,6.16536146302458,4.8428660666701,0.0391047493589474
48,78,"-vii",2,6.87423150035143,5.13166539515905,"-vii",3,7.78621753274153,3.77394282217868,
48,79,"I",1,4.98837562746085,5.38700110669416,"I",1,4.98837562746085,5.38700110669416,
48,80,"-VII",2,5.68063134220331,5.30923267788349,"-VII",2,5.68063134220331,5.30923267788349,
48,81,"VI",2,4.90879306906258,5.11540700044428,"VI",2,4.90879306906258,5.11540700044428,
48,82,"ii",3,2.35441217807064,4.59290668142539,"ii",3,2.35441217807064,4.59290668142539,
,,,,,,,,,,
49,49,"VII",4,2.17403486634083,4.08137397146013,"VII",4,2.17403486634083,4.08137397146013,
49,50,"IV",3,7.45132280467711,3.80446690175495,"IV",3,7.45132280467711,3.80446690175495,
49,51,"IV",1,4.8048088119694,5.45885422008702,"IV",1,4.8048088119694,5.45885422008702,
49,52,"II",2,5.24193902585719,5.34495410592221,"II",2,5.24193902585719,5.34495410592221,
49,53,"II",3,2.92524810438353,4.62253006764857,"II",3,2.92524810438353,4.62253006764857,
49,54,"v",4,5.9730967494137,4.96154352304033,"vii",4,6.01220149877265,4.96154352304033,0.0391047493589483
49,55,"-vii",2,6.87423150035143,5.13166539515905,"-vii",3,7.78621753274153,3.77394282217868,
49,56,"IV",1,5.06080720924929,5.38700110669416,"IV",1,5.06080720924929,5.38700110669416,
49,57,"vi",2,5.63549380216579,5.1857877024801,"vi",2,5.63549380216579,5.1857877024801,
49,58,"vio",2,6.72828644933972,5.24719295910164,"vio",2,6.72828644933972,5.24719295910164,
49,59,"II",2,5.47862994494507,4.6455767274109,"II",2,5.47862994494507,4.6455767274109,
,,,,,,,,,,
50,83,"II",4,4.94668534157761,4.91376817852402,"II",4,4.94668534157761,4.91376817852402,
50,84,"V",3,1.82090782293841,4.38437763457622,"V",3,1.82090782293841,4.38437763457622,
50,85,"V",4,3.68928753946764,4.93330080966311,"V",4,3.68928753946764,4.93330080966311,
50,86,"I",4,2.4012553101982,4.57494798677307,"I",4,2.4012553101982,4.57494798677307,
50,87,"-III",5,5.90075628702542,4.73528653879666,"-III",5,5.90075628702542,4.73528653879666,
50,88,"-V",4,7.20297408260001,4.7754855396319,"-iii",4,7.16363972030177,4.7754855396319,0.0393343622982405
50,89,"-III",2,5.44538286265369,5.0383317853665,"-III",2,6.65153011766015,4.71151283969682,
50,90,"I",2,5.51338570942502,5.08638909792594,"I",1,5.22368095793675,5.454096818521,
50,91,"r",2,2.9056293771442,5.28090715549589,"r",2,2.9056293771442,5.28090715549589,
50,92,"r",3,2.37699451270828,3.60075627119418,"r",3,2.37699451270828,3.60075627119418,
,,,,,,,,,,
51,53,"II",3,2.92524810438353,4.62253006764857,"II",3,2.92524810438353,4.62253006764857,
51,54,"v",4,5.9730967494137,4.96154352304033,"v",4,5.9730967494137,4.96154352304033,
51,55,"-vii",2,6.87423150035143,5.13166539515905,"-vii",2,6.87423150035143,5.13166539515905,
51,56,"IV",1,5.06080720924929,5.38700110669416,"IV",1,5.06080720924929,5.38700110669416,
51,57,"vi",2,5.63549380216579,5.1857877024801,"vi",2,5.63549380216579,5.1857877024801,
51,58,"vio",2,6.72828644933972,5.24719295910164,"III+",2,6.68827570311142,5.24719295910164,0.0400107462283001
51,59,"II",2,5.47862994494507,4.6455767274109,"II",1,6.78643300401928,3.84831667876972,
51,60,"V",2,4.77945834882133,5.00216834269197,"V",1,4.46945342130979,5.43911862775104,
51,61,"V",2,3.89067684379273,5.31953178885263,"V",2,3.89067684379273,5.31953178885263,
51,62,"V",3,3.26367083253269,4.97159517333618,"V",3,3.26367083253269,4.97159517333618,
51,63,"#IV",4,6.77492786661953,4.85340782526987,"#IV",4,6.77492786661953,4.85340782526987,
,,,,,,,,,,
52,49,"VII",4,2.17403486634083,4.08137397146013,"VII",4,2.17403486634083,4.08137397146013,
52,50,"IV",3,7.45132280467711,3.80446690175495,"IV",3,7.45132280467711,3.80446690175495,
52,51,"IV",1,4.8048088119694,5.45885422008702,"IV",1,4.8048088119694,5.45885422008702,
52,52,"II",2,5.24193902585719,5.34495410592221,"II",2,5.24193902585719,5.34495410592221,
52,53,"II",3,2.92524810438353,4.62253006764857,"II",3,2.92524810438353,4.62253006764857,
52,54,"v",4,5.9730967494137,4.96154352304033,"-VI",4,6.01318514054827,4.96154352304033,0.0400883911345655
52,55,"-vii",2,6.87423150035143,5.13166539515905,"-vii",3,6.44378780210201,4.61813384915686,
52,56,"IV",1,5.06080720924929,5.38700110669416,"IV",2,5.49070327530577,4.83505359291454,
52,57,"vi",2,5.63549380216579,5.1857877024801,"vi",2,5.63549380216579,5.1857877024801,
52,58,"vio",2,6.72828644933972,5.24719295910164,"vio",2,6.72828644933972,5.24719295910164,
52,59,"II",2,5.47862994494507,4.6455767274109,"II",2,5.47862994494507,4.6455767274109,
,,,,,,,,,,
53,11,"VII",4,2.17403486634083,4.08137397146013,"VII",4,2.17403486634083,4.08137397146013,
53,12,"V",3,5.85213820229533,3.80446690175495,"V",3,5.85213820229533,3.80446690175495,
53,13,"V",2,5.03783795666204,5.23269398767224,"V",2,5.03783795666204,5.23269398767224,
53,14,"II",2,5.21538372051209,5.32929737895077,"II",2,5.21538372051209,5.32929737895077,
53,15,"II",3,3.44788810723644,5.08978370580694,"II",3,3.44788810723644,5.08978370580694,
53,16,"v",4,6.12625671366564,4.8428660666701,"-VI",4,6.1663451048002,4.8428660666701,0.0400883911345664
53,17,"-vii",2,6.87423150035143,5.13166539515905,"-vii",3,6.44378780210201,4.61813384915686,
53,18,"IV",1,5.06080720924929,5.38700110669416,"IV",2,5.49070327530577,4.83505359291454,
53,19,"vio",2,6.6994261633786,5.1857877024801,"vio",2,6.6994261633786,5.1857877024801,
53,20,"II",2,5.45995601255144,4.88830254020658,"II",2,5.45995601255144,4.88830254020658,
53,21,"V",2,4.77945834882133,5.00216834269197,"V",2,4.77945834882133,5.00216834269197,
,,,,,,,,,,
54,28,"VII",6,2.71120603990827,3.28895360843264,"VII",6,2.71120603990827,3.28895360843264,
54,29,"V",3,5.85213820229533,3.80446690175495,"V",3,5.85213820229533,3.80446690175495,
54,30,"V",2,5.03783795666204,5.23269398767224,"V",2,5.03783795666204,5.23269398767224,
54,31,"II",2,5.21538372051209,5.32929737895077,"II",2,5.21538372051209,5.32929737895077,
54,32,"II",3,3.44788810723644,5.08978370580694,"II",3,3.44788810723644,5.08978370580694,
54,33,"v",4,6.12625671366564,4.8428660666701,"-VI",4,6.1663451048002,4.8428660666701,0.0400883911345664
54,34,"-vii",2,6.87423150035143,5.13166539515905,"-vii",3,6.44378780210201,4.61813384915686,
54,35,"I",1,4.98837562746085,5.38700110669416,"I",2,5.41827169351734,4.83505359291454,
54,36,"-VII",2,5.68063134220331,5.30923267788349,"-VII",2,5.68063134220331,5.30923267788349,
54,37,"VI",2,4.90879306906258,5.11540700044428,"VI",2,4.90879306906258,5.11540700044428,
54,38,"II",3,3.32625043684067,4.59290668142539,"II",3,3.32625043684067,4.59290668142539,
,,,,,,,,,,
55,72,"VII",4,2.17403486634083,4.08137397146013,"VII",4,2.17403486634083,4.08137397146013,
55,73,"V",3,5.85213820229533,3.80446690175495,"V",3,5.85213820229533,3.80446690175495,
55,74,"V",2,5.03783795666204,5.23269398767224,"V",2,5.03783795666204,5.23269398767224,
55,75,"II",2,5.21538372051209,5.32929737895077,"II",2,5.21538372051209,5.32929737895077,
55,76,"II",3,3.44788810723644,5.08978370580694,"II",3,3.44788810723644,5.08978370580694,
55,77,"v",4,6.12625671366564,4.8428660666701,"-VI",4,6.1663451048002,4.8428660666701,0.0400883911345664
55,78,"-vii",2,6.87423150035143,5.13166539515905,"-vii",3,6.44378780210201,4.61813384915686,
55,79,"I",1,4.98837562746085,5.38700110669416,"I",2,5.41827169351734,4.83505359291454,
55,80,"-VII",2,5.68063134220331,5.30923267788349,"-VII",2,5.68063134220331,5.30923267788349,
55,81,"VI",2,4.90879306906258,5.11540700044428,"VI",2,4.90879306906258,5.11540700044428,
55,82,"ii",3,2.35441217807064,4.59290668142539,"ii",3,2.35441217807064,4.59290668142539,
,,,,,,,,,,
56,83,"II",4,4.94668534157761,4.91376817852402,"II",4,4.94668534157761,4.91376817852402,
56,84,"V",3,1.82090782293841,4.38437763457622,"V",3,1.82090782293841,4.38437763457622,
56,85,"V",4,3.68928753946764,4.93330080966311,"V",4,3.68928753946764,4.93330080966311,
56,86,"I",4,2.4012553101982,4.57494798677307,"I",4,2.4012553101982,4.57494798677307,
56,87,"-III",5,5.90075628702542,4.73528653879666,"-III",5,5.90075628702542,4.73528653879666,
56,88,"-V",4,7.20297408260001,4.7754855396319,"iiio",4,7.24341100774929,4.7754855396319,0.0404369251492804
56,89,"-III",2,5.44538286265369,5.0383317853665,"-III",2,6.91254009391725,4.10275961785615,
56,90,"I",2,5.51338570942502,5.08638909792594,"I",1,5.22368095793675,5.454096818521,
56,91,"r",2,2.9056293771442,5.28090715549589,"r",2,2.9056293771442,5.28090715549589,
56,92,"r",3,2.37699451270828,3.60075627119418,"r",3,2.37699451270828,3.60075627119418,
,,,,,,,,,,
57,12,"V",3,5.85213820229533,3.80446690175495,"V",3,5.85213820229533,3.80446690175495,
57,13,"V",2,5.03783795666204,5.23269398767224,"V",2,5.03783795666204,5.23269398767224,
57,14,"II",2,5.21538372051209,5.32929737895077,"II",2,5.21538372051209,5.32929737895077,
57,15,"II",3,3.44788810723644,5.08978370580694,"II",3,3.44788810723644,5.08978370580694,
57,16,"v",4,6.12625671366564,4.8428660666701,"v",4,6.12625671366564,4.8428660666701,
57,17,"-vii",2,6.87423150035143,5.13166539515905,"VII",2,6.83300883762491,5.13166539515905,0.0412226627265122
57,18,"IV",1,5.06080720924929,5.38700110669416,"IV",1,6.34442007212967,5.29297440043365,
57,19,"vio",2,6.6994261633786,5.1857877024801,"vio",1,6.39626117986888,5.45885422008702,
57,20,"II",2,5.45995601255144,4.88830254020658,"II",2,5.45995601255144,4.88830254020658,
57,21,"V",2,4.77945834882133,5.00216834269197,"V",2,4.77945834882133,5.00216834269197,
57,22,"V",2,3.89067684379273,5.31953178885263,"V",2,3.89067684379273,5.31953178885263,
,,,,,,,,,,
58,29,"V",3,5.85213820229533,3.80446690175495,"V",3,5.85213820229533,3.80446690175495,
58,30,"V",2,5.03783795666204,5.23269398767224,"V",2,5.03783795666204,5.23269398767224,
58,31,"II",2,5.21538372051209,5.32929737895077,"II",2,5.21538372051209,5.32929737895077,
58,32,"II",3,3.44788810723644,5.08978370580694,"II",3,3.44788810723644,5.08978370580694,
58,33,"v",4,6.12625671366564,4.8428660666701,"v",4,6.12625671366564,4.8428660666701,
58,34,"-vii",2,6.87423150035143,5.13166539515905,"VII",2,6.83300883762491,5.13166539515905,0.0412226627265122
58,35,"I",1,4.98837562746085,5.38700110669416,"I",1,3.74440322568622,5.29297440043365,
58,36,"-VII",2,5.68063134220331,5.30923267788349,"-VII",2,4.65706368717665,5.27651404843675,
58,37,"VI",2,4.90879306906258,5.11540700044428,"VI",3,5.28875160640845,4.4930192222922,
58,38,"II",3,3.32625043684067,4.59290668142539,"II",3,3.32625043684067,4.59290668142539,
58,39,"II",3,4.89024528781963,3.15821159327698,"II",3,4.89024528781963,3.15821159327698,
,,,,,,,,,,
59,50,"IV",3,7.45132280467711,3.80446690175495,"IV",3,7.45132280467711,3.80446690175495,
59,51,"IV",1,4.8048088119694,5.45885422008702,"IV",1,4.8048088119694,5.45885422008702,
59,52,"II",2,5.24193902585719,5.34495410592221,"II",2,5.24193902585719,5.34495410592221,
59,53,"II",3,2.92524810438353,4.62253006764857,"II",3,2.92524810438353,4.62253006764857,
59,54,"v",4,5.9730967494137,4.96154352304033,"v",4,5.9730967494137,4.96154352304033,
59,55,"-vii",2,6.87423150035143,5.13166539515905,"VII",2,6.83300883762491,5.13166539515905,0.0412226627265122
59,56,"IV",1,5.06080720924929,5.38700110669416,"IV",1,6.34442007212967,5.29297440043365,
59,57,"vi",2,5.63549380216579,5.1857877024801,"vi",1,5.33232881865606,5.45885422008702,
59,58,"vio",2,6.72828644933972,5.24719295910164,"vio",2,6.72828644933972,5.24719295910164,
59,59,"II",2,5.47862994494507,4.6455767274109,"II",2,5.47862994494507,4.6455767274109,
59,60,"V",2,4.77945834882133,5.00216834269197,"V",2,4.77945834882133,5.00216834269197,
,,,,,,,,,,
60,73,"V",3,5.85213820229533,3.80446690175495,"V",3,5.85213820229533,3.80446690175495,
60,74,"V",2,5.03783795666204,5.23269398767224,"V",2,5.03783795666204,5.23269398767224,
60,75,"II",2,5.21538372051209,5.32929737895077,"II",2,5.21538372051209,5.32929737895077,
60,76,"II",3,3.44788810723644,5.08978370580694,"II",3,3.44788810723644,5.08978370580694,
60,77,"v",4,6.12625671366564,4.8428660666701,"v",4,6.12625671366564,4.8428660666701,
60,78,"-vii",2,6.87423150035143,5.13166539515905,"VII",2,6.83300883762491,5.13166539515905,0.0412226627265122
60,79,"I",1,4.98837562746085,5.38700110669416,"I",1,3.74440322568622,5.29297440043365,
60,80,"-VII",2,5.68063134220331,5.30923267788349,"-VII",2,4.65706368717665,5.27651404843675,
60,81,"VI",2,4.90879306906258,5.11540700044428,"VI",3,5.28875160640845,4.4930192222922,
60,82,"ii",3,2.35441217807064,4.59290668142539,"ii",3,2.35441217807064,4.59290668142539,
60,83,"II",4,4.94668534157761,4.91376817852402,"II",4,4.94668534157761,4.91376817852402,
,,,,,,,,,,
61,58,"vio",2,6.72828644933972,5.24719295910164,"vio",2,6.72828644933972,5.24719295910164,
61,59,"II",2,5.47862994494507,4.6455767274109,"II",2,5.47862994494507,4.6455767274109,
61,60,"V",2,4.77945834882133,5.00216834269197,"V",2,4.77945834882133,5.00216834269197,
61,61,"V",2,3.89067684379273,5.31953178885263,"V",2,3.89067684379273,5.31953178885263,
61,62,"V",3,3.26367083253269,4.97159517333618,"V",3,3.26367083253269,4.97159517333618,
61,63,"#IV",4,6.77492786661953,4.85340782526987,"#I",4,6.73273873350389,4.85340782526987,0.042189133115647
61,64,"V",3,3.29369896422719,4.26054127678385,"V",2,6.70417430719723,4.27483279408299,
61,65,"V",3,3.99582021835276,4.80679577599555,"V",1,4.81172389155972,5.46585174773629,
61,66,"VII",3,6.77235426001901,4.92735040745287,"VII",2,6.4475895583199,5.32929737895077,
61,67,"VI",2,7.00688622679325,4.79098401486665,"VI",2,7.00688622679325,4.79098401486665,
61,68,"V",1,4.96082025440837,5.40941716069012,"V",1,4.96082025440837,5.40941716069012,
,,,,,,,,,,
62,12,"V",3,5.85213820229533,3.80446690175495,"V",3,5.85213820229533,3.80446690175495,
62,13,"V",2,5.03783795666204,5.23269398767224,"V",2,5.03783795666204,5.23269398767224,
62,14,"II",2,5.21538372051209,5.32929737895077,"II",2,5.21538372051209,5.32929737895077,
62,15,"II",3,3.44788810723644,5.08978370580694,"II",3,3.44788810723644,5.08978370580694,
62,16,"v",4,6.12625671366564,4.8428660666701,"v",4,6.12625671366564,4.8428660666701,
62,17,"-vii",2,6.87423150035143,5.13166539515905,"-iii",2,6.91666676667182,5.13166539515905,0.0424352663203971
62,18,"IV",1,5.06080720924929,5.38700110669416,"IV",1,6.05478929072083,5.46377168114622,
62,19,"vio",2,6.6994261633786,5.1857877024801,"vio",1,6.39626117986888,5.45885422008702,
62,20,"II",2,5.45995601255144,4.88830254020658,"II",2,5.45995601255144,4.88830254020658,
62,21,"V",2,4.77945834882133,5.00216834269197,"V",2,4.77945834882133,5.00216834269197,
62,22,"V",2,3.89067684379273,5.31953178885263,"V",2,3.89067684379273,5.31953178885263,
,,,,,,,,,,
63,12,"V",3,5.85213820229533,3.80446690175495,"V",3,5.85213820229533,3.80446690175495,
63,13,"V",2,5.03783795666204,5.23269398767224,"V",2,5.03783795666204,5.23269398767224,
63,14,"II",2,5.21538372051209,5.32929737895077,"II",2,5.21538372051209,5.32929737895077,
63,15,"II",3,3.44788810723644,5.08978370580694,"II",3,3.44788810723644,5.08978370580694,
63,16,"v",4,6.12625671366564,4.8428660666701,"v",4,6.12625671366564,4.8428660666701,
63,17,"-vii",2,6.87423150035143,5.13166539515905,"viio",2,6.91666676667182,5.13166539515905,0.0424352663203971
63,18,"IV",1,5.06080720924929,5.38700110669416,"IV",1,6.22715644806483,5.31203536048073,
63,19,"vio",2,6.6994261633786,5.1857877024801,"vio",1,6.39626117986888,5.45885422008702,
63,20,"II",2,5.45995601255144,4.88830254020658,"II",2,5.45995601255144,4.88830254020658,
63,21,"V",2,4.77945834882133,5.00216834269197,"V",2,4.77945834882133,5.00216834269197,
63,22,"V",2,3.89067684379273,5.31953178885263,"V",2,3.89067684379273,5.31953178885263,
,,,,,,,,,,
64,12,"V",3,5.85213820229533,3.80446690175495,"V",3,5.85213820229533,3.80446690175495,
64,13,"V",2,5.03783795666204,5.23269398767224,"V",2,5.03783795666204,5.23269398767224,
64,14,"II",2,5.21538372051209,5.32929737895077,"II",2,5.21538372051209,5.32929737895077,
64,15,"II",3,3.44788810723644,5.08978370580694,"II",3,3.44788810723644,5.08978370580694,
64,16,"v",4,6.12625671366564,4.8428660666701,"v",4,6.12625671366564,4.8428660666701,
64,17,"-vii",2,6.87423150035143,5.13166539515905,"#IV",2,6.91666676667182,5.13166539515905,0.0424352663203971
64,18,"IV",1,5.06080720924929,5.38700110669416,"IV",1,4.34492992024898,5.34318468125253,
64,19,"vio",2,6.6994261633786,5.1857877024801,"vio",2,6.73136494431476,5.14094570371555,
64,20,"II",2,5.45995601255144,4.88830254020658,"II",2,5.45995601255144,4.88830254020658,
64,21,"V",2,4.77945834882133,5.00216834269197,"V",2,4.77945834882133,5.00216834269197,
64,22,"V",2,3.89067684379273,5.31953178885263,"V",2,3.89067684379273,5.31953178885263,
,,,,,,,,,,
65,29,"V",3,5.85213820229533,3.80446690175495,"V",3,5.85213820229533,3.80446690175495,
65,30,"V",2,5.03783795666204,5.23269398767224,"V",2,5.03783795666204,5.23269398767224,
65,31,"II",2,5.21538372051209,5.32929737895077,"II",2,5.21538372051209,5.32929737895077,
65,32,"II",3,3.44788810723644,5.08978370580694,"II",3,3.44788810723644,5.08978370580694,
65,33,"v",4,6.12625671366564,4.8428660666701,"v",4,6.12625671366564,4.8428660666701,
65,34,"-vii",2,6.87423150035143,5.13166539515905,"-iii",2,6.91666676667182,5.13166539515905,0.0424352663203971
65,35,"I",1,4.98837562746085,5.38700110669416,"I",1,4.9267559014338,5.46377168114622,
65,36,"-VII",2,5.68063134220331,5.30923267788349,"-VII",2,5.70004038461463,5.20755153035009,
65,37,"VI",2,4.90879306906258,5.11540700044428,"VI",2,4.90879306906258,5.11540700044428,
65,38,"II",3,3.32625043684067,4.59290668142539,"II",3,3.32625043684067,4.59290668142539,
65,39,"II",3,4.89024528781963,3.15821159327698,"II",3,4.89024528781963,3.15821159327698,
,,,,,,,,,,
66,29,"V",3,5.85213820229533,3.80446690175495,"V",3,5.85213820229533,3.80446690175495,
66,30,"V",2,5.03783795666204,5.23269398767224,"V",2,5.03783795666204,5.23269398767224,
66,31,"II",2,5.21538372051209,5.32929737895077,"II",2,5.21538372051209,5.32929737895077,
66,32,"II",3,3.44788810723644,5.08978370580694,"II",3,3.44788810723644,5.08978370580694,
66,33,"v",4,6.12625671366564,4.8428660666701,"v",4,6.12625671366564,4.8428660666701,
66,34,"-vii",2,6.87423150035143,5.13166539515905,"viio",2,6.91666676667182,5.13166539515905,0.0424352663203971
66,35,"I",1,4.98837562746085,5.38700110669416,"I",1,3.87056442687413,5.31203536048073,
66,36,"-VII",2,5.68063134220331,5.30923267788349,"-VII",2,4.35451916339481,5.39355357227573,
66,37,"VI",2,4.90879306906258,5.11540700044428,"VI",3,5.28875160640845,4.4930192222922,
66,38,"II",3,3.32625043684067,4.59290668142539,"II",3,3.32625043684067,4.59290668142539,
66,39,"II",3,4.89024528781963,3.15821159327698,"II",3,4.89024528781963,3.15821159327698,
,,,,,,,,,,
67,29,"V",3,5.85213820229533,3.80446690175495,"V",3,5.85213820229533,3.80446690175495,
67,30,"V",2,5.03783795666204,5.23269398767224,"V",2,5.03783795666204,5.23269398767224,
67,31,"II",2,5.21538372051209,5.32929737895077,"II",2,5.21538372051209,5.32929737895077,
67,32,"II",3,3.44788810723644,5.08978370580694,"II",3,3.44788810723644,5.08978370580694,
67,33,"v",4,6.12625671366564,4.8428660666701,"v",4,6.12625671366564,4.8428660666701,
67,34,"-vii",2,6.87423150035143,5.13166539515905,"#IV",2,6.91666676667182,5.13166539515905,0.0424352663203971
67,35,"I",1,4.98837562746085,5.38700110669416,"I",1,4.93746330288995,5.34318468125253,
67,36,"-VII",2,5.68063134220331,5.30923267788349,"-VII",2,5.68880243123746,5.20216644703275,
67,37,"VI",2,4.90879306906258,5.11540700044428,"VI",2,4.90879306906258,5.11540700044428,
67,38,"II",3,3.32625043684067,4.59290668142539,"II",3,3.32625043684067,4.59290668142539,
67,39,"II",3,4.89024528781963,3.15821159327698,"II",3,4.89024528781963,3.15821159327698,
,,,,,,,,,,
68,50,"IV",3,7.45132280467711,3.80446690175495,"IV",3,7.45132280467711,3.80446690175495,
68,51,"IV",1,4.8048088119694,5.45885422008702,"IV",1,4.8048088119694,5.45885422008702,
68,52,"II",2,5.24193902585719,5.34495410592221,"II",2,5.24193902585719,5.34495410592221,
68,53,"II",3,2.92524810438353,4.62253006764857,"II",3,2.92524810438353,4.62253006764857,
68,54,"v",4,5.9730967494137,4.96154352304033,"v",4,5.9730967494137,4.96154352304033,
68,55,"-vii",2,6.87423150035143,5.13166539515905,"-iii",2,6.91666676667182,5.13166539515905,0.0424352663203971
68,56,"IV",1,5.06080720924929,5.38700110669416,"IV",1,6.05478929072083,5.46377168114622,
68,57,"vi",2,5.63549380216579,5.1857877024801,"vi",1,5.33232881865606,5.45885422008702,
68,58,"vio",2,6.72828644933972,5.24719295910164,"vio",2,6.72828644933972,5.24719295910164,
68,59,"II",2,5.47862994494507,4.6455767274109,"II",2,5.47862994494507,4.6455767274109,
68,60,"V",2,4.77945834882133,5.00216834269197,"V",2,4.77945834882133,5.00216834269197,
,,,,,,,,,,
69,50,"IV",3,7.45132280467711,3.80446690175495,"IV",3,7.45132280467711,3.80446690175495,
69,51,"IV",1,4.8048088119694,5.45885422008702,"IV",1,4.8048088119694,5.45885422008702,
69,52,"II",2,5.24193902585719,5.34495410592221,"II",2,5.24193902585719,5.34495410592221,
69,53,"II",3,2.92524810438353,4.62253006764857,"II",3,2.92524810438353,4.62253006764857,
69,54,"v",4,5.9730967494137,4.96154352304033,"v",4,5.9730967494137,4.96154352304033,
69,55,"-vii",2,6.87423150035143,5.13166539515905,"viio",2,6.91666676667182,5.13166539515905,0.0424352663203971
69,56,"IV",1,5.06080720924929,5.38700110669416,"IV",1,6.22715644806483,5.31203536048073,
69,57,"vi",2,5.63549380216579,5.1857877024801,"vi",1,5.33232881865606,5.45885422008702,
69,58,"vio",2,6.72828644933972,5.24719295910164,"vio",2,6.72828644933972,5.24719295910164,
69,59,"II",2,5.47862994494507,4.6455767274109,"II",2,5.47862994494507,4.6455767274109,
69,60,"V",2,4.77945834882133,5.00216834269197,"V",2,4.77945834882133,5.00216834269197,
,,,,,,,,,,
70,50,"IV",3,7.45132280467711,3.80446690175495,"IV",3,7.45132280467711,3.80446690175495,
70,51,"IV",1,4.8048088119694,5.45885422008702,"IV",1,4.8048088119694,5.45885422008702,
70,52,"II",2,5.24193902585719,5.34495410592221,"II",2,5.24193902585719,5.34495410592221,
70,53,"II",3,2.92524810438353,4.62253006764857,"II",3,2.92524810438353,4.62253006764857,
70,54,"v",4,5.9730967494137,4.96154352304033,"v",4,5.9730967494137,4.96154352304033,
70,55,"-vii",2,6.87423150035143,5.13166539515905,"#IV",2,6.91666676667182,5.13166539515905,0.0424352663203971
70,56,"IV",1,5.06080720924929,5.38700110669416,"IV",1,4.34492992024898,5.34318468125253,
70,57,"vi",2,5.63549380216579,5.1857877024801,"vi",2,5.66743258310194,5.14094570371555,
70,58,"vio",2,6.72828644933972,5.24719295910164,"vio",2,6.72828644933972,5.24719295910164,
70,59,"II",2,5.47862994494507,4.6455767274109,"II",2,5.47862994494507,4.6455767274109,
70,60,"V",2,4.77945834882133,5.00216834269197,"V",2,4.77945834882133,5.00216834269197,
,,,,,,,,,,
71,73,"V",3,5.85213820229533,3.80446690175495,"V",3,5.85213820229533,3.80446690175495,
71,74,"V",2,5.03783795666204,5.23269398767224,"V",2,5.03783795666204,5.23269398767224,
71,75,"II",2,5.21538372051209,5.32929737895077,"II",2,5.21538372051209,5.32929737895077,
71,76,"II",3,3.44788810723644,5.08978370580694,"II",3,3.44788810723644,5.08978370580694,
71,77,"v",4,6.12625671366564,4.8428660666701,"v",4,6.12625671366564,4.8428660666701,
71,78,"-vii",2,6.87423150035143,5.13166539515905,"-iii",2,6.91666676667182,5.13166539515905,0.0424352663203971
71,79,"I",1,4.98837562746085,5.38700110669416,"I",1,4.9267559014338,5.46377168114622,
71,80,"-VII",2,5.68063134220331,5.30923267788349,"-VII",2,5.70004038461463,5.20755153035009,
71,81,"VI",2,4.90879306906258,5.11540700044428,"VI",2,4.90879306906258,5.11540700044428,
71,82,"ii",3,2.35441217807064,4.59290668142539,"ii",3,2.35441217807064,4.59290668142539,
71,83,"II",4,4.94668534157761,4.91376817852402,"II",4,4.94668534157761,4.91376817852402,
,,,,,,,,,,
72,73,"V",3,5.85213820229533,3.80446690175495,"V",3,5.85213820229533,3.80446690175495,
72,74,"V",2,5.03783795666204,5.23269398767224,"V",2,5.03783795666204,5.23269398767224,
72,75,"II",2,5.21538372051209,5.32929737895077,"II",2,5.21538372051209,5.32929737895077,
72,76,"II",3,3.44788810723644,5.08978370580694,"II",3,3.44788810723644,5.08978370580694,
72,77,"v",4,6.12625671366564,4.8428660666701,"v",4,6.12625671366564,4.8428660666701,
72,78,"-vii",2,6.87423150035143,5.13166539515905,"viio",2,6.91666676667182,5.13166539515905,0.0424352663203971
72,79,"I",1,4.98837562746085,5.38700110669416,"I",1,3.87056442687413,5.31203536048073,
72,80,"-VII",2,5.68063134220331,5.30923267788349,"-VII",2,4.35451916339481,5.39355357227573,
72,81,"VI",2,4.90879306906258,5.11540700044428,"VI",3,5.28875160640845,4.4930192222922,
72,82,"ii",3,2.35441217807064,4.59290668142539,"ii",3,2.35441217807064,4.59290668142539,
72,83,"II",4,4.94668534157761,4.91376817852402,"II",4,4.94668534157761,4.91376817852402,
,,,,,,,,,,
73,73,"V",3,5.85213820229533,3.80446690175495,"V",3,5.85213820229533,3.80446690175495,
73,74,"V",2,5.03783795666204,5.23269398767224,"V",2,5.03783795666204,5.23269398767224,
73,75,"II",2,5.21538372051209,5.32929737895077,"II",2,5.21538372051209,5.32929737895077,
73,76,"II",3,3.44788810723644,5.08978370580694,"II",3,3.44788810723644,5.08978370580694,
73,77,"v",4,6.12625671366564,4.8428660666701,"v",4,6.12625671366564,4.8428660666701,
73,78,"-vii",2,6.87423150035143,5.13166539515905,"#IV",2,6.91666676667182,5.13166539515905,0.0424352663203971
73,79,"I",1,4.98837562746085,5.38700110669416,"I",1,4.93746330288995,5.34318468125253,
73,80,"-VII",2,5.68063134220331,5.30923267788349,"-VII",2,5.68880243123746,5.20216644703275,
73,81,"VI",2,4.90879306906258,5.11540700044428,"VI",2,4.90879306906258,5.11540700044428,
73,82,"ii",3,2.35441217807064,4.59290668142539,"ii",3,2.35441217807064,4.59290668142539,
73,83,"II",4,4.94668534157761,4.91376817852402,"II",4,4.94668534157761,4.91376817852402,
,,,,,,,,,,
74,9,"I",4,4.27685855466853,5.17988143928346,"I",4,4.27685855466853,5.17988143928346,
74,10,"VII",4,6.5452059710228,5.1991273479262,"VII",4,6.5452059710228,5.1991273479262,
74,11,"VII",4,2.17403486634083,4.08137397146013,"VII",4,2.17403486634083,4.08137397146013,
74,12,"V",3,5.85213820229533,3.80446690175495,"V",3,5.85213820229533,3.80446690175495,
74,13,"V",2,5.03783795666204,5.23269398767224,"V",2,5.03783795666204,5.23269398767224,
74,14,"II",2,5.21538372051209,5.32929737895077,"ii",2,5.17211290482112,5.32929737895077,0.043270815690974
74,15,"II",3,3.44788810723644,5.08978370580694,"II",3,5.75541459885414,4.98134411526943,
74,16,"v",4,6.12625671366564,4.8428660666701,"v",3,4.97733823140654,4.37629523345957,
74,17,"-vii",2,6.87423150035143,5.13166539515905,"-vii",3,7.26161802271723,4.46304966580625,
74,18,"IV",1,5.06080720924929,5.38700110669416,"IV",1,5.06080720924929,5.38700110669416,
74,19,"vio",2,6.6994261633786,5.1857877024801,"vio",2,6.6994261633786,5.1857877024801,
,,,,,,,,,,
75,26,"I",6,3.07772319486636,4.94650040973717,"I",6,3.07772319486636,4.94650040973717,
75,27,"VII",7,6.24290276678497,4.69189656332248,"VII",7,6.24290276678497,4.69189656332248,
75,28,"VII",6,2.71120603990827,3.28895360843264,"VII",6,2.71120603990827,3.28895360843264,
75,29,"V",3,5.85213820229533,3.80446690175495,"V",3,5.85213820229533,3.80446690175495,
75,30,"V",2,5.03783795666204,5.23269398767224,"V",2,5.03783795666204,5.23269398767224,
75,31,"II",2,5.21538372051209,5.32929737895077,"ii",2,5.17211290482112,5.32929737895077,0.043270815690974
75,32,"II",3,3.44788810723644,5.08978370580694,"II",3,5.75541459885414,4.98134411526943,
75,33,"v",4,6.12625671366564,4.8428660666701,"v",3,4.97733823140654,4.37629523345957,
75,34,"-vii",2,6.87423150035143,5.13166539515905,"-vii",3,7.26161802271723,4.46304966580625,
75,35,"I",1,4.98837562746085,5.38700110669416,"I",1,4.98837562746085,5.38700110669416,
75,36,"-VII",2,5.68063134220331,5.30923267788349,"-VII",2,5.68063134220331,5.30923267788349,
,,,,,,,,,,
76,70,"I",3,2.72581142354699,5.22580834438567,"I",3,2.72581142354699,5.22580834438567,
76,71,"VII",4,6.48392221929489,5.05999598305749,"VII",4,6.48392221929489,5.05999598305749,
76,72,"VII",4,2.17403486634083,4.08137397146013,"VII",4,2.17403486634083,4.08137397146013,
76,73,"V",3,5.85213820229533,3.80446690175495,"V",3,5.85213820229533,3.80446690175495,
76,74,"V",2,5.03783795666204,5.23269398767224,"V",2,5.03783795666204,5.23269398767224,
76,75,"II",2,5.21538372051209,5.32929737895077,"ii",2,5.17211290482112,5.32929737895077,0.043270815690974
76,76,"II",3,3.44788810723644,5.08978370580694,"II",3,5.75541459885414,4.98134411526943,
76,77,"v",4,6.12625671366564,4.8428660666701,"v",3,4.97733823140654,4.37629523345957,
76,78,"-vii",2,6.87423150035143,5.13166539515905,"-vii",3,7.26161802271723,4.46304966580625,
76,79,"I",1,4.98837562746085,5.38700110669416,"I",1,4.98837562746085,5.38700110669416,
76,80,"-VII",2,5.68063134220331,5.30923267788349,"-VII",2,5.68063134220331,5.30923267788349,
,,,,,,,,,,
77,15,"II",3,3.44788810723644,5.08978370580694,"II",3,3.44788810723644,5.08978370580694,
77,16,"v",4,6.12625671366564,4.8428660666701,"v",4,6.12625671366564,4.8428660666701,
77,17,"-vii",2,6.87423150035143,5.13166539515905,"-vii",2,6.87423150035143,5.13166539515905,
77,18,"IV",1,5.06080720924929,5.38700110669416,"IV",1,5.06080720924929,5.38700110669416,
77,19,"vio",2,6.6994261633786,5.1857877024801,"vio",2,6.6994261633786,5.1857877024801,
77,20,"II",2,5.45995601255144,4.88830254020658,"ii",2,5.41452388398563,4.88830254020658,0.0454321285658095
77,21,"V",2,4.77945834882133,5.00216834269197,"V",2,2.17357551696145,4.98943227033297,
77,22,"V",2,3.89067684379273,5.31953178885263,"V",3,4.43470326980374,4.8139924548009,
77,23,"V",3,3.26367083253269,4.97159517333618,"V",3,3.35802138406329,4.95389061390169,
77,24,"V",4,2.66371614234224,4.85340782526987,"V",4,2.79863504479294,4.86973394392989,
77,25,"I",5,2.92632366825094,4.95624373022559,"I",5,2.28168329478587,4.63474353559478,
,,,,,,,,,,
78,54,"v",4,5.9730967494137,4.96154352304033,"v",4,5.9730967494137,4.96154352304033,
78,55,"-vii",2,6.87423150035143,5.13166539515905,"-vii",2,6.87423150035143,5.13166539515905,
78,56,"IV",1,5.06080720924929,5.38700110669416,"IV",1,5.06080720924929,5.38700110669416,
78,57,"vi",2,5.63549380216579,5.1857877024801,"vi",2,5.63549380216579,5.1857877024801,
78,58,"vio",2,6.72828644933972,5.24719295910164,"vio",2,6.72828644933972,5.24719295910164,
78,59,"II",2,5.47862994494507,4.6455767274109,"ii",2,5.43319781637926,4.6455767274109,0.0454321285658095
78,60,"V",2,4.77945834882133,5.00216834269197,"V",2,2.17357551696145,4.98943227033297,
78,61,"V",2,3.89067684379273,5.31953178885263,"V",3,4.43470326980374,4.8139924548009,
78,62,"V",3,3.26367083253269,4.97159517333618,"V",3,3.35802138406329,4.95389061390169,
78,63,"#IV",4,6.77492786661953,4.85340782526987,"#IV",4,6.79467127715327,4.86973394392989,
78,64,"V",3,3.29369896422719,4.26054127678385,"V",3,3.29369896422719,4.26054127678385,
,,,,,,,,,,
79,31,"II",2,5.21538372051209,5.32929737895077,"II",2,5.21538372051209,5.32929737895077,
79,32,"II",3,3.44788810723644,5.08978370580694,"II",3,3.44788810723644,5.08978370580694,
79,33,"v",4,6.12625671366564,4.8428660666701,"v",4,6.12625671366564,4.8428660666701,
79,34,"-vii",2,6.87423150035143,5.13166539515905,"-vii",2,6.87423150035143,5.13166539515905,
79,35,"I",1,4.98837562746085,5.38700110669416,"I",1,4.98837562746085,5.38700110669416,
79,36,"-VII",2,5.68063134220331,5.30923267788349,"iii",2,5.72766025060845,5.30923267788349,0.0470289084051414
79,37,"VI",2,4.90879306906258,5.11540700044428,"VI",2,4.84048591650558,5.20611194582799,
79,38,"II",3,3.32625043684067,4.59290668142539,"II",3,3.19081637197561,5.01244236973793,
79,39,"II",3,4.89024528781963,3.15821159327698,"II",4,1.45953927941829,3.9609259966101,
79,40,"V",3,3.2011506228652,5.12428024737131,"V",5,2.86187845433891,4.26789449162992,
79,41,"V",4,2.60695733610822,4.95160901141711,"V",5,2.92421568568711,4.5324834844729,
,,,,,,,,,,
80,75,"II",2,5.21538372051209,5.32929737895077,"II",2,5.21538372051209,5.32929737895077,
80,76,"II",3,3.44788810723644,5.08978370580694,"II",3,3.44788810723644,5.08978370580694,
80,77,"v",4,6.12625671366564,4.8428660666701,"v",4,6.12625671366564,4.8428660666701,
80,78,"-vii",2,6.87423150035143,5.13166539515905,"-vii",2,6.87423150035143,5.13166539515905,
80,79,"I",1,4.98837562746085,5.38700110669416,"I",1,4.98837562746085,5.38700110669416,
80,80,"-VII",2,5.68063134220331,5.30923267788349,"iii",2,5.72766025060845,5.30923267788349,0.0470289084051414
80,81,"VI",2,4.90879306906258,5.11540700044428,"VI",2,4.84048591650558,5.20611194582799,
80,82,"ii",3,2.35441217807064,4.59290668142539,"ii",3,3.06890603008685,5.01244236973793,
80,83,"II",4,4.94668534157761,4.91376817852402,"II",4,5.54524604271458,3.88926082767305,
80,84,"V",3,1.82090782293841,4.38437763457622,"V",3,1.82090782293841,4.38437763457622,
80,85,"V",4,3.68928753946764,4.93330080966311,"V",4,3.68928753946764,4.93330080966311,
,,,,,,,,,,
81,61,"V",2,3.89067684379273,5.31953178885263,"V",2,3.89067684379273,5.31953178885263,
81,62,"V",3,3.26367083253269,4.97159517333618,"V",3,3.26367083253269,4.97159517333618,
81,63,"#IV",4,6.77492786661953,4.85340782526987,"#IV",4,6.77492786661953,4.85340782526987,
81,64,"V",3,3.29369896422719,4.26054127678385,"V",3,3.29369896422719,4.26054127678385,
81,65,"V",3,3.99582021835276,4.80679577599555,"V",3,3.99582021835276,4.80679577599555,
81,66,"VII",3,6.77235426001901,4.92735040745287,"viio",3,6.72318808984583,4.92735040745287,0.0491661701731756
81,67,"VI",2,7.00688622679325,4.79098401486665,"VI",2,7.56082271368774,3.19678718249524,
81,68,"V",1,4.96082025440837,5.40941716069012,"V",1,4.96082025440837,5.40941716069012,
81,69,"I",2,4.42692184389035,5.2822906390649,"I",2,4.42692184389035,5.2822906390649,
81,70,"I",3,2.72581142354699,5.22580834438567,"I",3,2.72581142354699,5.22580834438567,
81,71,"VII",4,6.48392221929489,5.05999598305749,"VII",4,6.48392221929489,5.05999598305749,
,,,,,,,,,,
82,32,"II",3,3.44788810723644,5.08978370580694,"II",3,3.44788810723644,5.08978370580694,
82,33,"v",4,6.12625671366564,4.8428660666701,"v",4,6.12625671366564,4.8428660666701,
82,34,"-vii",2,6.87423150035143,5.13166539515905,"-vii",2,6.87423150035143,5.13166539515905,
82,35,"I",1,4.98837562746085,5.38700110669416,"I",1,4.98837562746085,5.38700110669416,
82,36,"-VII",2,5.68063134220331,5.30923267788349,"-VII",2,5.68063134220331,5.30923267788349,
82,37,"VI",2,4.90879306906258,5.11540700044428,"-VI",2,4.8575677457074,5.11540700044428,0.0512253233551734
82,38,"II",3,3.32625043684067,4.59290668142539,"II",3,6.65968744914134,5.03588660450963,
82,39,"II",3,4.89024528781963,3.15821159327698,"II",2,5.17338713536568,4.99343953220044,
82,40,"V",3,3.2011506228652,5.12428024737131,"V",2,3.97325724871486,5.33258968398081,
82,41,"V",4,2.60695733610822,4.95160901141711,"V",3,3.34707265440205,5.20623350544864,
82,42,"I",5,1.75386277164653,4.04657302895726,"I",4,2.46586927481018,4.55062829977533,
,,,,,,,,,,
83,76,"II",3,3.44788810723644,5.08978370580694,"II",3,3.44788810723644,5.08978370580694,
83,77,"v",4,6.12625671366564,4.8428660666701,"v",4,6.12625671366564,4.8428660666701,
83,78,"-vii",2,6.87423150035143,5.13166539515905,"-vii",2,6.87423150035143,5.13166539515905,
83,79,"I",1,4.98837562746085,5.38700110669416,"I",1,4.98837562746085,5.38700110669416,
83,80,"-VII",2,5.68063134220331,5.30923267788349,"-VII",2,5.68063134220331,5.30923267788349,
83,81,"VI",2,4.90879306906258,5.11540700044428,"-VI",2,4.8575677457074,5.11540700044428,0.0512253233551734
83,82,"ii",3,2.35441217807064,4.59290668142539,"ii",3,6.42311176832348,5.03588660450963,
83,83,"II",4,4.94668534157761,4.91376817852402,"II",2,5.84420600584403,5.15164060813192,
83,84,"V",3,1.82090782293841,4.38437763457622,"V",2,2.74665591052119,5.02995338134126,
83,85,"V",4,3.68928753946764,4.93330080966311,"V",3,3.44713944147627,5.17529026808781,
83,86,"I",4,2.4012553101982,4.57494798677307,"I",4,2.4012553101982,4.57494798677307,
,,,,,,,,,,
84,22,"V",2,3.89067684379273,5.31953178885263,"V",2,3.89067684379273,5.31953178885263,
84,23,"V",3,3.26367083253269,4.97159517333618,"V",3,3.26367083253269,4.97159517333618,
84,24,"V",4,2.66371614234224,4.85340782526987,"V",4,2.66371614234224,4.85340782526987,
84,25,"I",5,2.92632366825094,4.95624373022559,"I",5,2.92632366825094,4.95624373022559,
84,26,"I",6,3.07772319486636,4.94650040973717,"I",6,3.07772319486636,4.94650040973717,
84,27,"VII",7,6.24290276678497,4.69189656332248,"III",7,6.19138970654684,4.69189656332248,0.05151306023813
84,28,"VII",6,2.71120603990827,3.28895360843264,"VII",5,7.83346695897914,3.56566050183927,
84,29,"V",3,5.85213820229533,3.80446690175495,"V",1,4.74523546974789,5.29297440043365,
84,30,"V",2,5.03783795666204,5.23269398767224,"V",2,5.03783795666204,5.23269398767224,
84,31,"II",2,5.21538372051209,5.32929737895077,"II",2,5.21538372051209,5.32929737895077,
84,32,"II",3,3.44788810723644,5.08978370580694,"II",3,3.44788810723644,5.08978370580694,
,,,,,,,,,,
85,22,"V",2,3.89067684379273,5.31953178885263,"V",2,3.89067684379273,5.31953178885263,
85,23,"V",3,3.26367083253269,4.97159517333618,"V",3,3.26367083253269,4.97159517333618,
85,24,"V",4,2.66371614234224,4.85340782526987,"V",4,2.66371614234224,4.85340782526987,
85,25,"I",5,2.92632366825094,4.95624373022559,"I",5,2.92632366825094,4.95624373022559,
85,26,"I",6,3.07772319486636,4.94650040973717,"I",6,3.07772319486636,4.94650040973717,
85,27,"VII",7,6.24290276678497,4.69189656332248,"v",7,6.19068786548969,4.69189656332248,0.0522149012952822
85,28,"VII",6,2.71120603990827,3.28895360843264,"VII",4,8.27829675283443,3.49937293711551,
85,29,"V",3,5.85213820229533,3.80446690175495,"V",1,4.74523546974789,5.29297440043365,
85,30,"V",2,5.03783795666204,5.23269398767224,"V",2,5.03783795666204,5.23269398767224,
85,31,"II",2,5.21538372051209,5.32929737895077,"II",2,5.21538372051209,5.32929737895077,
85,32,"II",3,3.44788810723644,5.08978370580694,"II",3,3.44788810723644,5.08978370580694,
,,,,,,,,,,
86,14,"II",2,5.21538372051209,5.32929737895077,"II",2,5.21538372051209,5.32929737895077,
86,15,"II",3,3.44788810723644,5.08978370580694,"II",3,3.44788810723644,5.08978370580694,
86,16,"v",4,6.12625671366564,4.8428660666701,"v",4,6.12625671366564,4.8428660666701,
86,17,"-vii",2,6.87423150035143,5.13166539515905,"-vii",2,6.87423150035143,5.13166539515905,
86,18,"IV",1,5.06080720924929,5.38700110669416,"IV",1,5.06080720924929,5.38700110669416,
86,19,"vio",2,6.6994261633786,5.1857877024801,"vii",2,6.75174904637527,5.1857877024801,0.0523228829966662
86,20,"II",2,5.45995601255144,4.88830254020658,"II",1,6.37486560219545,5.3956301131616,
86,21,"V",2,4.77945834882133,5.00216834269197,"V",1,4.46945342130979,5.43911862775104,
86,22,"V",2,3.89067684379273,5.31953178885263,"V",2,3.89067684379273,5.31953178885263,
86,23,"V",3,3.26367083253269,4.97159517333618,"V",3,3.26367083253269,4.97159517333618,
86,24,"V",4,2.66371614234224,4.85340782526987,"V",4,2.66371614234224,4.85340782526987,
,,,,,,,,,,
87,14,"II",2,5.21538372051209,5.32929737895077,"II",2,5.21538372051209,5.32929737895077,
87,15,"II",3,3.44788810723644,5.08978370580694,"II",3,3.44788810723644,5.08978370580694,
87,16,"v",4,6.12625671366564,4.8428660666701,"v",4,6.12625671366564,4.8428660666701,
87,17,"-vii",2,6.87423150035143,5.13166539515905,"-vii",2,6.87423150035143,5.13166539515905,
87,18,"IV",1,5.06080720924929,5.38700110669416,"IV",1,5.06080720924929,5.38700110669416,
87,19,"vio",2,6.6994261633786,5.1857877024801,"vo",2,6.64016826907268,5.1857877024801,0.0592578943059205
87,20,"II",2,5.45995601255144,4.88830254020658,"II",2,6.98953642056108,4.10749718168582,
87,21,"V",2,4.77945834882133,5.00216834269197,"V",1,4.46945342130979,5.43911862775104,
87,22,"V",2,3.89067684379273,5.31953178885263,"V",2,3.89067684379273,5.31953178885263,
87,23,"V",3,3.26367083253269,4.97159517333618,"V",3,3.26367083253269,4.97159517333618,
87,24,"V",4,2.66371614234224,4.85340782526987,"V",4,2.66371614234224,4.85340782526987,
,,,,,,,,,,
88,15,"II",3,3.44788810723644,5.08978370580694,"II",3,3.44788810723644,5.08978370580694,
88,16,"v",4,6.12625671366564,4.8428660666701,"v",4,6.12625671366564,4.8428660666701,
88,17,"-vii",2,6.87423150035143,5.13166539515905,"-vii",2,6.87423150035143,5.13166539515905,
88,18,"IV",1,5.06080720924929,5.38700110669416,"IV",1,5.06080720924929,5.38700110669416,
88,19,"vio",2,6.6994261633786,5.1857877024801,"vio",2,6.6994261633786,5.1857877024801,
88,20,"II",2,5.45995601255144,4.88830254020658,"IV",2,5.39969230901486,4.88830254020658,0.0602637035365765
88,21,"V",2,4.77945834882133,5.00216834269197,"V",2,5.3207661776851,5.0211344590365,
88,22,"V",2,3.89067684379273,5.31953178885263,"V",2,4.24062706354229,5.36036625095007,
88,23,"V",3,3.26367083253269,4.97159517333618,"V",3,3.60999170548291,5.116085147909,
88,24,"V",4,2.66371614234224,4.85340782526987,"V",4,2.44607964806275,4.74297121288705,
88,25,"I",5,2.92632366825094,4.95624373022559,"I",5,2.8809041412922,4.9063375436549,
,,,,,,,,,,
89,54,"v",4,5.9730967494137,4.96154352304033,"v",4,5.9730967494137,4.96154352304033,
89,55,"-vii",2,6.87423150035143,5.13166539515905,"-vii",2,6.87423150035143,5.13166539515905,
89,56,"IV",1,5.06080720924929,5.38700110669416,"IV",1,5.06080720924929,5.38700110669416,
89,57,"vi",2,5.63549380216579,5.1857877024801,"vi",2,5.63549380216579,5.1857877024801,
89,58,"vio",2,6.72828644933972,5.24719295910164,"vio",2,6.72828644933972,5.24719295910164,
89,59,"II",2,5.47862994494507,4.6455767274109,"IV",2,5.41836624140849,4.6455767274109,0.0602637035365765
89,60,"V",2,4.77945834882133,5.00216834269197,"V",2,5.3207661776851,5.0211344590365,
89,61,"V",2,3.89067684379273,5.31953178885263,"V",2,4.24062706354229,5.36036625095007,
89,62,"V",3,3.26367083253269,4.97159517333618,"V",3,3.60999170548291,5.116085147909,
89,63,"#IV",4,6.77492786661953,4.85340782526987,"#IV",4,6.88078470426905,4.74297121288705,
89,64,"V",3,3.29369896422719,4.26054127678385,"V",3,3.29369896422719,4.26054127678385,
,,,,,,,,,,
90,14,"II",2,5.21538372051209,5.32929737895077,"II",2,5.21538372051209,5.32929737895077,
90,15,"II",3,3.44788810723644,5.08978370580694,"II",3,3.44788810723644,5.08978370580694,
90,16,"v",4,6.12625671366564,4.8428660666701,"v",4,6.12625671366564,4.8428660666701,
90,17,"-vii",2,6.87423150035143,5.13166539515905,"-vii",2,6.87423150035143,5.13166539515905,
90,18,"IV",1,5.06080720924929,5.38700110669416,"IV",1,5.06080720924929,5.38700110669416,
90,19,"vio",2,6.6994261633786,5.1857877024801,"iiio",2,6.76122268762789,5.1857877024801,0.0617965242492833
90,20,"II",2,5.45995601255144,4.88830254020658,"II",2,6.91254009391725,4.10473654032793,
90,21,"V",2,4.77945834882133,5.00216834269197,"V",1,4.46945342130979,5.43911862775104,
90,22,"V",2,3.89067684379273,5.31953178885263,"V",2,3.89067684379273,5.31953178885263,
90,23,"V",3,3.26367083253269,4.97159517333618,"V",3,3.26367083253269,4.97159517333618,
90,24,"V",4,2.66371614234224,4.85340782526987,"V",4,2.66371614234224,4.85340782526987,
,,,,,,,,,,
91,12,"V",3,5.85213820229533,3.80446690175495,"V",3,5.85213820229533,3.80446690175495,
91,13,"V",2,5.03783795666204,5.23269398767224,"V",2,5.03783795666204,5.23269398767224,
91,14,"II",2,5.21538372051209,5.32929737895077,"II",2,5.21538372051209,5.32929737895077,
91,15,"II",3,3.44788810723644,5.08978370580694,"II",3,3.44788810723644,5.08978370580694,
91,16,"v",4,6.12625671366564,4.8428660666701,"v",4,6.12625671366564,4.8428660666701,
91,17,"-vii",2,6.87423150035143,5.13166539515905,"V+",2,6.93836183777114,5.13166539515905,0.0641303374197157
91,18,"IV",1,5.06080720924929,5.38700110669416,"IV",1,6.09525315372392,5.17995426990591,
91,19,"vio",2,6.6994261633786,5.1857877024801,"vio",1,6.39626117986888,5.45885422008702,
91,20,"II",2,5.45995601255144,4.88830254020658,"II",2,5.45995601255144,4.88830254020658,
91,21,"V",2,4.77945834882133,5.00216834269197,"V",2,4.77945834882133,5.00216834269197,
91,22,"V",2,3.89067684379273,5.31953178885263,"V",2,3.89067684379273,5.31953178885263,
,,,,,,,,,,
92,12,"V",3,5.85213820229533,3.80446690175495,"V",3,5.85213820229533,3.80446690175495,
92,13,"V",2,5.03783795666204,5.23269398767224,"V",2,5.03783795666204,5.23269398767224,
92,14,"II",2,5.21538372051209,5.32929737895077,"II",2,5.21538372051209,5.32929737895077,
92,15,"II",3,3.44788810723644,5.08978370580694,"II",3,3.44788810723644,5.08978370580694,
92,16,"v",4,6.12625671366564,4.8428660666701,"v",4,6.12625671366564,4.8428660666701,
92,17,"-vii",2,6.87423150035143,5.13166539515905,"#io",2,6.93836183777114,5.13166539515905,0.0641303374197157
92,18,"IV",1,5.06080720924929,5.38700110669416,"IV",1,6.42839824305673,4.94180269654278,
92,19,"vio",2,6.6994261633786,5.1857877024801,"vio",1,6.39626117986888,5.45885422008702,
92,20,"II",2,5.45995601255144,4.88830254020658,"II",2,5.45995601255144,4.88830254020658,
92,21,"V",2,4.77945834882133,5.00216834269197,"V",2,4.77945834882133,5.00216834269197,
92,22,"V",2,3.89067684379273,5.31953178885263,"V",2,3.89067684379273,5.31953178885263,
,,,,,,,,,,
93,12,"V",3,5.85213820229533,3.80446690175495,"V",3,5.85213820229533,3.80446690175495,
93,13,"V",2,5.03783795666204,5.23269398767224,"V",2,5.03783795666204,5.23269398767224,
93,14,"II",2,5.21538372051209,5.32929737895077,"II",2,5.21538372051209,5.32929737895077,
93,15,"II",3,3.44788810723644,5.08978370580694,"II",3,3.44788810723644,5.08978370580694,
93,16,"v",4,6.12625671366564,4.8428660666701,"v",4,6.12625671366564,4.8428660666701,
93,17,"-vii",2,6.87423150035143,5.13166539515905,"#ivo",2,6.93836183777114,5.13166539515905,0.0641303374197157
93,18,"IV",1,5.06080720924929,5.38700110669416,"IV",1,4.68574320693439,4.95337942005137,
93,19,"vio",2,6.6994261633786,5.1857877024801,"vio",2,6.69834926358277,5.02442456742417,
93,20,"II",2,5.45995601255144,4.88830254020658,"II",2,5.45995601255144,4.88830254020658,
93,21,"V",2,4.77945834882133,5.00216834269197,"V",2,4.77945834882133,5.00216834269197,
93,22,"V",2,3.89067684379273,5.31953178885263,"V",2,3.89067684379273,5.31953178885263,
,,,,,,,,,,
94,12,"V",3,5.85213820229533,3.80446690175495,"V",3,5.85213820229533,3.80446690175495,
94,13,"V",2,5.03783795666204,5.23269398767224,"V",2,5.03783795666204,5.23269398767224,
94,14,"II",2,5.21538372051209,5.32929737895077,"II",2,5.21538372051209,5.32929737895077,
94,15,"II",3,3.44788810723644,5.08978370580694,"II",3,3.44788810723644,5.08978370580694,
94,16,"v",4,6.12625671366564,4.8428660666701,"v",4,6.12625671366564,4.8428660666701,
94,17,"-vii",2,6.87423150035143,5.13166539515905,"vio",2,6.93836183777114,5.13166539515905,0.0641303374197157
94,18,"IV",1,5.06080720924929,5.38700110669416,"IV",1,4.93855571278197,5.44002271468011,
94,19,"vio",2,6.6994261633786,5.1857877024801,"vio",2,6.70157755441057,5.0211344590365,
94,20,"II",2,5.45995601255144,4.88830254020658,"II",2,5.45995601255144,4.88830254020658,
94,21,"V",2,4.77945834882133,5.00216834269197,"V",2,4.77945834882133,5.00216834269197,
94,22,"V",2,3.89067684379273,5.31953178885263,"V",2,3.89067684379273,5.31953178885263,
,,,,,,,,,,
95,29,"V",3,5.85213820229533,3.80446690175495,"V",3,5.85213820229533,3.80446690175495,
95,30,"V",2,5.03783795666204,5.23269398767224,"V",2,5.03783795666204,5.23269398767224,
95,31,"II",2,5.21538372051209,5.32929737895077,"II",2,5.21538372051209,5.32929737895077,
95,32,"II",3,3.44788810723644,5.08978370580694,"II",3,3.44788810723644,5.08978370580694,
95,33,"v",4,6.12625671366564,4.8428660666701,"v",4,6.12625671366564,4.8428660666701,
95,34,"-vii",2,6.87423150035143,5.13166539515905,"V+",2,6.93836183777114,5.13166539515905,0.0641303374197157
95,35,"I",1,4.98837562746085,5.38700110669416,"I",1,3.49452927710661,5.17995426990591,
95,36,"-VII",2,5.68063134220331,5.30923267788349,"-VII",2,5.76806458865905,5.26218221713836,
95,37,"VI",2,4.90879306906258,5.11540700044428,"VI",2,4.90879306906258,5.11540700044428,
95,38,"II",3,3.32625043684067,4.59290668142539,"II",3,3.32625043684067,4.59290668142539,
95,39,"II",3,4.89024528781963,3.15821159327698,"II",3,4.89024528781963,3.15821159327698,
,,,,,,,,,,
96,29,"V",3,5.85213820229533,3.80446690175495,"V",3,5.85213820229533,3.80446690175495,
96,30,"V",2,5.03783795666204,5.23269398767224,"V",2,5.03783795666204,5.23269398767224,
96,31,"II",2,5.21538372051209,5.32929737895077,"II",2,5.21538372051209,5.32929737895077,
96,32,"II",3,3.44788810723644,5.08978370580694,"II",3,3.44788810723644,5.08978370580694,
96,33,"v",4,6.12625671366564,4.8428660666701,"v",4,6.12625671366564,4.8428660666701,
96,34,"-vii",2,6.87423150035143,5.13166539515905,"#io",2,6.93836183777114,5.13166539515905,0.0641303374197157
96,35,"I",1,4.98837562746085,5.38700110669416,"I",1,6.2879170195069,4.94180269654278,
96,36,"-VII",2,5.68063134220331,5.30923267788349,"-VII",1,5.47938805843238,5.48564358075126,
96,37,"VI",2,4.90879306906258,5.11540700044428,"VI",2,4.90879306906258,5.11540700044428,
96,38,"II",3,3.32625043684067,4.59290668142539,"II",3,3.32625043684067,4.59290668142539,
96,39,"II",3,4.89024528781963,3.15821159327698,"II",3,4.89024528781963,3.15821159327698,
,,,,,,,,,,
97,29,"V",3,5.85213820229533,3.80446690175495,"V",3,5.85213820229533,3.80446690175495,
97,30,"V",2,5.03783795666204,5.23269398767224,"V",2,5.03783795666204,5.23269398767224,
97,31,"II",2,5.21538372051209,5.32929737895077,"II",2,5.21538372051209,5.32929737895077,
97,32,"II",3,3.44788810723644,5.08978370580694,"II",3,3.44788810723644,5.08978370580694,
97,33,"v",4,6.12625671366564,4.8428660666701,"v",4,6.12625671366564,4.8428660666701,
97,34,"-vii",2,6.87423150035143,5.13166539515905,"#ivo",2,6.93836183777114,5.13166539515905,0.0641303374197157
97,35,"I",1,4.98837562746085,5.38700110669416,"I",1,3.89238155695628,4.95337942005137,
97,36,"-VII",2,5.68063134220331,5.30923267788349,"-VII",2,5.72164450460895,5.28717256914801,
97,37,"VI",2,4.90879306906258,5.11540700044428,"VI",2,4.90879306906258,5.11540700044428,
97,38,"II",3,3.32625043684067,4.59290668142539,"II",3,3.32625043684067,4.59290668142539,
97,39,"II",3,4.89024528781963,3.15821159327698,"II",3,4.89024528781963,3.15821159327698,
,,,,,,,,,,
98,29,"V",3,5.85213820229533,3.80446690175495,"V",3,5.85213820229533,3.80446690175495,
98,30,"V",2,5.03783795666204,5.23269398767224,"V",2,5.03783795666204,5.23269398767224,
98,31,"II",2,5.21538372051209,5.32929737895077,"II",2,5.21538372051209,5.32929737895077,
98,32,"II",3,3.44788810723644,5.08978370580694,"II",3,3.44788810723644,5.08978370580694,
98,33,"v",4,6.12625671366564,4.8428660666701,"v",4,6.12625671366564,4.8428660666701,
98,34,"-vii",2,6.87423150035143,5.13166539515905,"vio",2,6.93836183777114,5.13166539515905,0.0641303374197157
98,35,"I",1,4.98837562746085,5.38700110669416,"I",1,5.95000306138061,5.44002271468011,
98,36,"-VII",2,5.68063134220331,5.30923267788349,"-VII",1,5.47938805843238,5.48564358075126,
98,37,"VI",2,4.90879306906258,5.11540700044428,"VI",2,4.90879306906258,5.11540700044428,
98,38,"II",3,3.32625043684067,4.59290668142539,"II",3,3.32625043684067,4.59290668142539,
98,39,"II",3,4.89024528781963,3.15821159327698,"II",3,4.89024528781963,3.15821159327698,
,,,,,,,,,,
99,50,"IV",3,7.45132280467711,3.80446690175495,"IV",3,7.45132280467711,3.80446690175495,
99,51,"IV",1,4.8048088119694,5.45885422008702,"IV",1,4.8048088119694,5.45885422008702,
99,52,"II",2,5.24193902585719,5.34495410592221,"II",2,5.24193902585719,5.34495410592221,
99,53,"II",3,2.92524810438353,4.62253006764857,"II",3,2.92524810438353,4.62253006764857,
99,54,"v",4,5.9730967494137,4.96154352304033,"v",4,5.9730967494137,4.96154352304033,
99,55,"-vii",2,6.87423150035143,5.13166539515905,"V+",2,6.93836183777114,5.13166539515905,0.0641303374197157
99,56,"IV",1,5.06080720924929,5.38700110669416,"IV",1,6.09525315372392,5.17995426990591,
99,57,"vi",2,5.63549380216579,5.1857877024801,"vi",1,5.33232881865606,5.45885422008702,
99,58,"vio",2,6.72828644933972,5.24719295910164,"vio",2,6.72828644933972,5.24719295910164,
99,59,"II",2,5.47862994494507,4.6455767274109,"II",2,5.47862994494507,4.6455767274109,
99,60,"V",2,4.77945834882133,5.00216834269197,"V",2,4.77945834882133,5.00216834269197,
,,,,,,,,,,
100,50,"IV",3,7.45132280467711,3.80446690175495,"IV",3,7.45132280467711,3.80446690175495,
100,51,"IV",1,4.8048088119694,5.45885422008702,"IV",1,4.8048088119694,5.45885422008702,
100,52,"II",2,5.24193902585719,5.34495410592221,"II",2,5.24193902585719,5.34495410592221,
100,53,"II",3,2.92524810438353,4.62253006764857,"II",3,2.92524810438353,4.62253006764857,
100,54,"v",4,5.9730967494137,4.96154352304033,"v",4,5.9730967494137,4.96154352304033,
100,55,"-vii",2,6.87423150035143,5.13166539515905,"#io",2,6.93836183777114,5.13166539515905,0.0641303374197157
100,56,"IV",1,5.06080720924929,5.38700110669416,"IV",1,6.42839824305673,4.94180269654278,
100,57,"vi",2,5.63549380216579,5.1857877024801,"vi",1,5.33232881865606,5.45885422008702,
100,58,"vio",2,6.72828644933972,5.24719295910164,"vio",2,6.72828644933972,5.24719295910164,
100,59,"II",2,5.47862994494507,4.6455767274109,"II",2,5.47862994494507,4.6455767274109,
100,60,"V",2,4.77945834882133,5.00216834269197,"V",2,4.77945834882133,5.00216834269197,
,,,,,,,,,,
101,50,"IV",3,7.45132280467711,3.80446690175495,"IV",3,7.45132280467711,3.80446690175495,
101,51,"IV",1,4.8048088119694,5.45885422008702,"IV",1,4.8048088119694,5.45885422008702,
101,52,"II",2,5.24193902585719,5.34495410592221,"II",2,5.24193902585719,5.34495410592221,
101,53,"II",3,2.92524810438353,4.62253006764857,"II",3,2.92524810438353,4.62253006764857,
101,54,"v",4,5.9730967494137,4.96154352304033,"v",4,5.9730967494137,4.96154352304033,
101,55,"-vii",2,6.87423150035143,5.13166539515905,"#ivo",2,6.93836183777114,5.13166539515905,0.0641303374197157
101,56,"IV",1,5.06080720924929,5.38700110669416,"IV",1,4.68574320693439,4.95337942005137,
101,57,"vi",2,5.63549380216579,5.1857877024801,"vi",2,5.63441690236996,5.02442456742417,
101,58,"vio",2,6.72828644933972,5.24719295910164,"vio",2,6.72828644933972,5.24719295910164,
101,59,"II",2,5.47862994494507,4.6455767274109,"II",2,5.47862994494507,4.6455767274109,
101,60,"V",2,4.77945834882133,5.00216834269197,"V",2,4.77945834882133,5.00216834269197,
,,,,,,,,,,
102,50,"IV",3,7.45132280467711,3.80446690175495,"IV",3,7.45132280467711,3.80446690175495,
102,51,"IV",1,4.8048088119694,5.45885422008702,"IV",1,4.8048088119694,5.45885422008702,
102,52,"II",2,5.24193902585719,5.34495410592221,"II",2,5.24193902585719,5.34495410592221,
102,53,"II",3,2.92524810438353,4.62253006764857,"II",3,2.92524810438353,4.62253006764857,
102,54,"v",4,5.9730967494137,4.96154352304033,"v",4,5.9730967494137,4.96154352304033,
102,55,"-vii",2,6.87423150035143,5.13166539515905,"vio",2,6.93836183777114,5.13166539515905,0.0641303374197157
102,56,"IV",1,5.06080720924929,5.38700110669416,"IV",1,4.93855571278197,5.44002271468011,
102,57,"vi",2,5.63549380216579,5.1857877024801,"vi",2,5.63764519319775,5.0211344590365,
102,58,"vio",2,6.72828644933972,5.24719295910164,"vio",2,6.72828644933972,5.24719295910164,
102,59,"II",2,5.47862994494507,4.6455767274109,"II",2,5.47862994494507,4.6455767274109,
102,60,"V",2,4.77945834882133,5.00216834269197,"V",2,4.77945834882133,5.00216834269197,
,,,,,,,,,,
103,73,"V",3,5.85213820229533,3.80446690175495,"V",3,5.85213820229533,3.80446690175495,
103,74,"V",2,5.03783795666204,5.23269398767224,"V",2,5.03783795666204,5.23269398767224,
103,75,"II",2,5.21538372051209,5.32929737895077,"II",2,5.21538372051209,5.32929737895077,
103,76,"II",3,3.44788810723644,5.08978370580694,"II",3,3.44788810723644,5.08978370580694,
103,77,"v",4,6.12625671366564,4.8428660666701,"v",4,6.12625671366564,4.8428660666701,
103,78,"-vii",2,6.87423150035143,5.13166539515905,"V+",2,6.93836183777114,5.13166539515905,0.0641303374197157
103,79,"I",1,4.98837562746085,5.38700110669416,"I",1,3.49452927710661,5.17995426990591,
103,80,"-VII",2,5.68063134220331,5.30923267788349,"-VII",2,5.76806458865905,5.26218221713836,
103,81,"VI",2,4.90879306906258,5.11540700044428,"VI",2,4.90879306906258,5.11540700044428,
103,82,"ii",3,2.35441217807064,4.59290668142539,"ii",3,2.35441217807064,4.59290668142539,
103,83,"II",4,4.94668534157761,4.91376817852402,"II",4,4.94668534157761,4.91376817852402,
,,,,,,,,,,
104,73,"V",3,5.85213820229533,3.80446690175495,"V",3,5.85213820229533,3.80446690175495,
104,74,"V",2,5.03783795666204,5.23269398767224,"V",2,5.03783795666204,5.23269398767224,
104,75,"II",2,5.21538372051209,5.32929737895077,"II",2,5.21538372051209,5.32929737895077,
104,76,"II",3,3.44788810723644,5.08978370580694,"II",3,3.44788810723644,5.08978370580694,
104,77,"v",4,6.12625671366564,4.8428660666701,"v",4,6.12625671366564,4.8428660666701,
104,78,"-vii",2,6.87423150035143,5.13166539515905,"#io",2,6.93836183777114,5.13166539515905,0.0641303374197157
104,79,"I",1,4.98837562746085,5.38700110669416,"I",1,6.2879170195069,4.94180269654278,
104,80,"-VII",2,5.68063134220331,5.30923267788349,"-VII",1,5.47938805843238,5.48564358075126,
104,81,"VI",2,4.90879306906258,5.11540700044428,"VI",2,4.90879306906258,5.11540700044428,
104,82,"ii",3,2.35441217807064,4.59290668142539,"ii",3,2.35441217807064,4.59290668142539,
104,83,"II",4,4.94668534157761,4.91376817852402,"II",4,4.94668534157761,4.91376817852402,
,,,,,,,,,,
105,73,"V",3,5.85213820229533,3.80446690175495,"V",3,5.85213820229533,3.80446690175495,
105,74,"V",2,5.03783795666204,5.23269398767224,"V",2,5.03783795666204,5.23269398767224,
105,75,"II",2,5.21538372051209,5.32929737895077,"II",2,5.21538372051209,5.32929737895077,
105,76,"II",3,3.44788810723644,5.08978370580694,"II",3,3.44788810723644,5.08978370580694,
105,77,"v",4,6.12625671366564,4.8428660666701,"v",4,6.12625671366564,4.8428660666701,
105,78,"-vii",2,6.87423150035143,5.13166539515905,"#ivo",2,6.93836183777114,5.13166539515905,0.0641303374197157
105,79,"I",1,4.98837562746085,5.38700110669416,"I",1,3.89238155695628,4.95337942005137,
105,80,"-VII",2,5.68063134220331,5.30923267788349,"-VII",2,5.72164450460895,5.28717256914801,
105,81,"VI",2,4.90879306906258,5.11540700044428,"VI",2,4.90879306906258,5.11540700044428,
105,82,"ii",3,2.35441217807064,4.59290668142539,"ii",3,2.35441217807064,4.59290668142539,
105,83,"II",4,4.94668534157761,4.91376817852402,"II",4,4.94668534157761,4.91376817852402,
,,,,,,,,,,
106,73,"V",3,5.85213820229533,3.80446690175495,"V",3,5.85213820229533,3.80446690175495,
106,74,"V",2,5.03783795666204,5.23269398767224,"V",2,5.03783795666204,5.23269398767224,
106,75,"II",2,5.21538372051209,5.32929737895077,"II",2,5.21538372051209,5.32929737895077,
106,76,"II",3,3.44788810723644,5.08978370580694,"II",3,3.44788810723644,5.08978370580694,
106,77,"v",4,6.12625671366564,4.8428660666701,"v",4,6.12625671366564,4.8428660666701,
106,78,"-vii",2,6.87423150035143,5.13166539515905,"vio",2,6.93836183777114,5.13166539515905,0.0641303374197157
106,79,"I",1,4.98837562746085,5.38700110669416,"I",1,5.95000306138061,5.44002271468011,
106,80,"-VII",2,5.68063134220331,5.30923267788349,"-VII",1,5.47938805843238,5.48564358075126,
106,81,"VI",2,4.90879306906258,5.11540700044428,"VI",2,4.90879306906258,5.11540700044428,
106,82,"ii",3,2.35441217807064,4.59290668142539,"ii",3,2.35441217807064,4.59290668142539,
106,83,"II",4,4.94668534157761,4.91376817852402,"II",4,4.94668534157761,4.91376817852402,
,,,,,,,,,,
107,13,"V",2,5.03783795666204,5.23269398767224,"V",2,5.03783795666204,5.23269398767224,
107,14,"II",2,5.21538372051209,5.32929737895077,"II",2,5.21538372051209,5.32929737895077,
107,15,"II",3,3.44788810723644,5.08978370580694,"II",3,3.44788810723644,5.08978370580694,
107,16,"v",4,6.12625671366564,4.8428660666701,"v",4,6.12625671366564,4.8428660666701,
107,17,"-vii",2,6.87423150035143,5.13166539515905,"-vii",2,6.87423150035143,5.13166539515905,
107,18,"IV",1,5.06080720924929,5.38700110669416,"-VII",1,5.12839310530522,5.38700110669416,0.0675858960559346
107,19,"vio",2,6.6994261633786,5.1857877024801,"vio",2,6.83853545379518,5.11852639047198,
107,20,"II",2,5.45995601255144,4.88830254020658,"II",1,4.99881941631855,5.44002271468011,
107,21,"V",2,4.77945834882133,5.00216834269197,"V",2,4.77945834882133,5.00216834269197,
107,22,"V",2,3.89067684379273,5.31953178885263,"V",2,3.89067684379273,5.31953178885263,
107,23,"V",3,3.26367083253269,4.97159517333618,"V",3,3.26367083253269,4.97159517333618,
,,,,,,,,,,
108,51,"IV",1,4.8048088119694,5.45885422008702,"IV",1,4.8048088119694,5.45885422008702,
108,52,"II",2,5.24193902585719,5.34495410592221,"II",2,5.24193902585719,5.34495410592221,
108,53,"II",3,2.92524810438353,4.62253006764857,"II",3,2.92524810438353,4.62253006764857,
108,54,"v",4,5.9730967494137,4.96154352304033,"v",4,5.9730967494137,4.96154352304033,
108,55,"-vii",2,6.87423150035143,5.13166539515905,"-vii",2,6.87423150035143,5.13166539515905,
108,56,"IV",1,5.06080720924929,5.38700110669416,"-VII",1,5.12839310530522,5.38700110669416,0.0675858960559346
108,57,"vi",2,5.63549380216579,5.1857877024801,"vi",2,5.49061215037487,5.11852639047198,
108,58,"vio",2,6.72828644933972,5.24719295910164,"vio",2,6.6621426873666,5.30921590118523,
108,59,"II",2,5.47862994494507,4.6455767274109,"II",2,5.47862994494507,4.6455767274109,
108,60,"V",2,4.77945834882133,5.00216834269197,"V",2,4.77945834882133,5.00216834269197,
108,61,"V",2,3.89067684379273,5.31953178885263,"V",2,3.89067684379273,5.31953178885263,
,,,,,,,,,,
109,83,"II",4,4.94668534157761,4.91376817852402,"II",4,4.94668534157761,4.91376817852402,
109,84,"V",3,1.82090782293841,4.38437763457622,"V",3,1.82090782293841,4.38437763457622,
109,85,"V",4,3.68928753946764,4.93330080966311,"V",4,3.68928753946764,4.93330080966311,
109,86,"I",4,2.4012553101982,4.57494798677307,"I",4,2.4012553101982,4.57494798677307,
109,87,"-III",5,5.90075628702542,4.73528653879666,"-III",5,5.90075628702542,4.73528653879666,
109,88,"-V",4,7.20297408260001,4.7754855396319,"vii",4,7.27157012866836,4.7754855396319,0.0685960460683477
109,89,"-III",2,5.44538286265369,5.0383317853665,"-III",1,5.45266775379909,5.3956301131616,
109,90,"I",2,5.51338570942502,5.08638909792594,"I",2,5.49386725883372,5.06781129229563,
109,91,"r",2,2.9056293771442,5.28090715549589,"r",2,2.9056293771442,5.28090715549589,
109,92,"r",3,2.37699451270828,3.60075627119418,"r",3,2.37699451270828,3.60075627119418,
,,,,,,,,,,
110,13,"V",2,5.03783795666204,5.23269398767224,"V",2,5.03783795666204,5.23269398767224,
110,14,"II",2,5.21538372051209,5.32929737895077,"II",2,5.21538372051209,5.32929737895077,
110,15,"II",3,3.44788810723644,5.08978370580694,"II",3,3.44788810723644,5.08978370580694,
110,16,"v",4,6.12625671366564,4.8428660666701,"v",4,6.12625671366564,4.8428660666701,
110,17,"-vii",2,6.87423150035143,5.13166539515905,"-vii",2,6.87423150035143,5.13166539515905,
110,18,"IV",1,5.06080720924929,5.38700110669416,"I",1,4.98837562746085,5.38700110669416,0.072431581788436
110,19,"vio",2,6.6994261633786,5.1857877024801,"vio",2,6.53892751638637,5.30923267788349,
110,20,"II",2,5.45995601255144,4.88830254020658,"II",2,5.47862994494507,4.65386106122328,
110,21,"V",2,4.77945834882133,5.00216834269197,"V",2,4.77945834882133,5.00216834269197,
110,22,"V",2,3.89067684379273,5.31953178885263,"V",2,3.89067684379273,5.31953178885263,
110,23,"V",3,3.26367083253269,4.97159517333618,"V",3,3.26367083253269,4.97159517333618,
,,,,,,,,,,
111,30,"V",2,5.03783795666204,5.23269398767224,"V",2,5.03783795666204,5.23269398767224,
111,31,"II",2,5.21538372051209,5.32929737895077,"II",2,5.21538372051209,5.32929737895077,
111,32,"II",3,3.44788810723644,5.08978370580694,"II",3,3.44788810723644,5.08978370580694,
111,33,"v",4,6.12625671366564,4.8428660666701,"v",4,6.12625671366564,4.8428660666701,
111,34,"-vii",2,6.87423150035143,5.13166539515905,"-vii",2,6.87423150035143,5.13166539515905,
111,35,"I",1,4.98837562746085,5.38700110669416,"IV",1,5.06080720924929,5.38700110669416,0.072431581788436
111,36,"-VII",2,5.68063134220331,5.30923267788349,"-VII",2,5.55944124372158,5.1857877024801,
111,37,"VI",2,4.90879306906258,5.11540700044428,"VI",2,5.38587699837876,5.36102919252363,
111,38,"II",3,3.32625043684067,4.59290668142539,"II",3,4.14267088843534,4.66258655924021,
111,39,"II",3,4.89024528781963,3.15821159327698,"II",3,4.32533321716256,4.18403675938934,
111,40,"V",3,3.2011506228652,5.12428024737131,"V",3,3.2011506228652,5.12428024737131,
,,,,,,,,,,
112,51,"IV",1,4.8048088119694,5.45885422008702,"IV",1,4.8048088119694,5.45885422008702,
112,52,"II",2,5.24193902585719,5.34495410592221,"II",2,5.24193902585719,5.34495410592221,
112,53,"II",3,2.92524810438353,4.62253006764857,"II",3,2.92524810438353,4.62253006764857,
112,54,"v",4,5.9730967494137,4.96154352304033,"v",4,5.9730967494137,4.96154352304033,
112,55,"-vii",2,6.87423150035143,5.13166539515905,"-vii",2,6.87423150035143,5.13166539515905,
112,56,"IV",1,5.06080720924929,5.38700110669416,"I",1,4.98837562746085,5.38700110669416,0.072431581788436
112,57,"vi",2,5.63549380216579,5.1857877024801,"vi",2,5.64633915997431,5.30923267788349,
112,58,"vio",2,6.72828644933972,5.24719295910164,"vio",2,6.64420266990191,5.32978954818831,
112,59,"II",2,5.47862994494507,4.6455767274109,"II",2,5.47862994494507,4.6455767274109,
112,60,"V",2,4.77945834882133,5.00216834269197,"V",2,4.77945834882133,5.00216834269197,
112,61,"V",2,3.89067684379273,5.31953178885263,"V",2,3.89067684379273,5.31953178885263,
,,,,,,,,,,
113,74,"V",2,5.03783795666204,5.23269398767224,"V",2,5.03783795666204,5.23269398767224,
113,75,"II",2,5.21538372051209,5.32929737895077,"II",2,5.21538372051209,5.32929737895077,
113,76,"II",3,3.44788810723644,5.08978370580694,"II",3,3.44788810723644,5.08978370580694,
113,77,"v",4,6.12625671366564,4.8428660666701,"v",4,6.12625671366564,4.8428660666701,
113,78,"-vii",2,6.87423150035143,5.13166539515905,"-vii",2,6.87423150035143,5.13166539515905,
113,79,"I",1,4.98837562746085,5.38700110669416,"IV",1,5.06080720924929,5.38700110669416,0.072431581788436
113,80,"-VII",2,5.68063134220331,5.30923267788349,"-VII",2,5.55944124372158,5.1857877024801,
113,81,"VI",2,4.90879306906258,5.11540700044428,"VI",2,5.38587699837876,5.36102919252363,
113,82,"ii",3,2.35441217807064,4.59290668142539,"ii",3,4.16438516793649,4.66258655924021,
113,83,"II",4,4.94668534157761,4.91376817852402,"II",3,5.00127739246025,4.83841319253655,
113,84,"V",3,1.82090782293841,4.38437763457622,"V",3,1.82090782293841,4.38437763457622,
,,,,,,,,,,
114,53,"II",3,2.92524810438353,4.62253006764857,"II",3,2.92524810438353,4.62253006764857,
114,54,"v",4,5.9730967494137,4.96154352304033,"v",4,5.9730967494137,4.96154352304033,
114,55,"-vii",2,6.87423150035143,5.13166539515905,"-vii",2,6.87423150035143,5.13166539515905,
114,56,"IV",1,5.06080720924929,5.38700110669416,"IV",1,5.06080720924929,5.38700110669416,
114,57,"vi",2,5.63549380216579,5.1857877024801,"vi",2,5.63549380216579,5.1857877024801,
114,58,"vio",2,6.72828644933972,5.24719295910164,"iio",2,6.6524208205103,5.24719295910164,0.0758656288294173
114,59,"II",2,5.47862994494507,4.6455767274109,"II",2,6.34752070957344,5.16270451026278,
114,60,"V",2,4.77945834882133,5.00216834269197,"V",1,4.46945342130979,5.43911862775104,
114,61,"V",2,3.89067684379273,5.31953178885263,"V",2,3.89067684379273,5.31953178885263,
114,62,"V",3,3.26367083253269,4.97159517333618,"V",3,3.26367083253269,4.97159517333618,
114,63,"#IV",4,6.77492786661953,4.85340782526987,"#IV",4,6.77492786661953,4.85340782526987,
,,,,,,,,,,
115,52,"II",2,5.24193902585719,5.34495410592221,"II",2,5.24193902585719,5.34495410592221,
115,53,"II",3,2.92524810438353,4.62253006764857,"II",3,2.92524810438353,4.62253006764857,
115,54,"v",4,5.9730967494137,4.96154352304033,"v",4,5.9730967494137,4.96154352304033,
115,55,"-vii",2,6.87423150035143,5.13166539515905,"-vii",2,6.87423150035143,5.13166539515905,
115,56,"IV",1,5.06080720924929,5.38700110669416,"IV",1,5.06080720924929,5.38700110669416,
115,57,"vi",2,5.63549380216579,5.1857877024801,"-VII",2,5.55944124372158,5.1857877024801,0.0760525584442044
115,58,"vio",2,6.72828644933972,5.24719295910164,"vio",2,6.7597793683799,5.36102919252363,
115,59,"II",2,5.47862994494507,4.6455767274109,"II",1,4.99881941631855,5.44002271468011,
115,60,"V",2,4.77945834882133,5.00216834269197,"V",2,4.77945834882133,5.00216834269197,
115,61,"V",2,3.89067684379273,5.31953178885263,"V",2,3.89067684379273,5.31953178885263,
115,62,"V",3,3.26367083253269,4.97159517333618,"V",3,3.26367083253269,4.97159517333618,
,,,,,,,,,,
116,83,"II",4,4.94668534157761,4.91376817852402,"II",4,4.94668534157761,4.91376817852402,
116,84,"V",3,1.82090782293841,4.38437763457622,"V",3,1.82090782293841,4.38437763457622,
116,85,"V",4,3.68928753946764,4.93330080966311,"V",4,3.68928753946764,4.93330080966311,
116,86,"I",4,2.4012553101982,4.57494798677307,"I",4,2.4012553101982,4.57494798677307,
116,87,"-III",5,5.90075628702542,4.73528653879666,"-III",5,5.90075628702542,4.73528653879666,
116,88,"-V",4,7.20297408260001,4.7754855396319,"vo",4,7.12534938781731,4.7754855396319,0.0776246947826964
116,89,"-III",2,5.44538286265369,5.0383317853665,"-III",2,7.13134253912326,4.0827669178677,
116,90,"I",2,5.51338570942502,5.08638909792594,"I",1,5.22368095793675,5.454096818521,
116,91,"r",2,2.9056293771442,5.28090715549589,"r",2,2.9056293771442,5.28090715549589,
116,92,"r",3,2.37699451270828,3.60075627119418,"r",3,2.37699451270828,3.60075627119418,
,,,,,,,,,,
117,52,"II",2,5.24193902585719,5.34495410592221,"II",2,5.24193902585719,5.34495410592221,
117,53,"II",3,2.92524810438353,4.62253006764857,"II",3,2.92524810438353,4.62253006764857,
117,54,"v",4,5.9730967494137,4.96154352304033,"v",4,5.9730967494137,4.96154352304033,
117,55,"-vii",2,6.87423150035143,5.13166539515905,"-vii",2,6.87423150035143,5.13166539515905,
117,56,"IV",1,5.06080720924929,5.38700110669416,"IV",1,5.06080720924929,5.38700110669416,
117,57,"vi",2,5.63549380216579,5.1857877024801,"i",2,5.55531504467347,5.1857877024801,0.0801787574923143
117,58,"vio",2,6.72828644933972,5.24719295910164,"vio",2,6.30042715256825,5.35717378082831,
117,59,"II",2,5.47862994494507,4.6455767274109,"II",2,5.64492575123819,4.56540644106736,
117,60,"V",2,4.77945834882133,5.00216834269197,"V",2,4.77945834882133,5.00216834269197,
117,61,"V",2,3.89067684379273,5.31953178885263,"V",2,3.89067684379273,5.31953178885263,
117,62,"V",3,3.26367083253269,4.97159517333618,"V",3,3.26367083253269,4.97159517333618,
,,,,,,,,,,
118,14,"II",2,5.21538372051209,5.32929737895077,"II",2,5.21538372051209,5.32929737895077,
118,15,"II",3,3.44788810723644,5.08978370580694,"II",3,3.44788810723644,5.08978370580694,
118,16,"v",4,6.12625671366564,4.8428660666701,"v",4,6.12625671366564,4.8428660666701,
118,17,"-vii",2,6.87423150035143,5.13166539515905,"-vii",2,6.87423150035143,5.13166539515905,
118,18,"IV",1,5.06080720924929,5.38700110669416,"IV",1,5.06080720924929,5.38700110669416,
118,19,"vio",2,6.6994261633786,5.1857877024801,"-iiio",2,6.78242408660951,5.1857877024801,0.0829979232309013
118,20,"II",2,5.45995601255144,4.88830254020658,"II",2,6.9515761390748,4.00554067645643,
118,21,"V",2,4.77945834882133,5.00216834269197,"V",1,4.46945342130979,5.43911862775104,
118,22,"V",2,3.89067684379273,5.31953178885263,"V",2,3.89067684379273,5.31953178885263,
118,23,"V",3,3.26367083253269,4.97159517333618,"V",3,3.26367083253269,4.97159517333618,
118,24,"V",4,2.66371614234224,4.85340782526987,"V",4,2.66371614234224,4.85340782526987,
,,,,,,,,,,
119,14,"II",2,5.21538372051209,5.32929737895077,"II",2,5.21538372051209,5.32929737895077,
119,15,"II",3,3.44788810723644,5.08978370580694,"II",3,3.44788810723644,5.08978370580694,
119,16,"v",4,6.12625671366564,4.8428660666701,"v",4,6.12625671366564,4.8428660666701,
119,17,"-vii",2,6.87423150035143,5.13166539515905,"-vii",2,6.87423150035143,5.13166539515905,
119,18,"IV",1,5.06080720924929,5.38700110669416,"IV",1,5.06080720924929,5.38700110669416,
119,19,"vio",2,6.6994261633786,5.1857877024801,"-vio",2,6.78242408660951,5.1857877024801,0.0829979232309013
119,20,"II",2,5.45995601255144,4.88830254020658,"II",2,6.75020450927987,4.36723719835742,
119,21,"V",2,4.77945834882133,5.00216834269197,"V",1,4.46945342130979,5.43911862775104,
119,22,"V",2,3.89067684379273,5.31953178885263,"V",2,3.89067684379273,5.31953178885263,
119,23,"V",3,3.26367083253269,4.97159517333618,"V",3,3.26367083253269,4.97159517333618,
119,24,"V",4,2.66371614234224,4.85340782526987,"V",4,2.66371614234224,4.85340782526987,
,,,,,,,,,,
120,11,"VII",4,2.17403486634083,4.08137397146013,"VII",4,2.17403486634083,4.08137397146013,
120,12,"V",3,5.85213820229533,3.80446690175495,"V",3,5.85213820229533,3.80446690175495,
120,13,"V",2,5.03783795666204,5.23269398767224,"V",2,5.03783795666204,5.23269398767224,
120,14,"II",2,5.21538372051209,5.32929737895077,"II",2,5.21538372051209,5.32929737895077,
120,15,"II",3,3.44788810723644,5.08978370580694,"II",3,3.44788810723644,5.08978370580694,
120,16,"v",4,6.12625671366564,4.8428660666701,"-III",4,6.20998606325914,4.8428660666701,0.0837293495935025
120,17,"-vii",2,6.87423150035143,5.13166539515905,"-vii",2,6.19171048222611,5.2720366012393,
120,18,"IV",1,5.06080720924929,5.38700110669416,"IV",2,5.39037066464364,5.08050941920698,
120,19,"vio",2,6.6994261633786,5.1857877024801,"vio",2,6.6994261633786,5.1857877024801,
120,20,"II",2,5.45995601255144,4.88830254020658,"II",2,5.45995601255144,4.88830254020658,
120,21,"V",2,4.77945834882133,5.00216834269197,"V",2,4.77945834882133,5.00216834269197,
,,,,,,,,,,
121,28,"VII",6,2.71120603990827,3.28895360843264,"VII",6,2.71120603990827,3.28895360843264,
121,29,"V",3,5.85213820229533,3.80446690175495,"V",3,5.85213820229533,3.80446690175495,
121,30,"V",2,5.03783795666204,5.23269398767224,"V",2,5.03783795666204,5.23269398767224,
121,31,"II",2,5.21538372051209,5.32929737895077,"II",2,5.21538372051209,5.32929737895077,
121,32,"II",3,3.44788810723644,5.08978370580694,"II",3,3.44788810723644,5.08978370580694,
121,33,"v",4,6.12625671366564,4.8428660666701,"-III",4,6.20998606325914,4.8428660666701,0.0837293495935025
121,34,"-vii",2,6.87423150035143,5.13166539515905,"-vii",2,6.19171048222611,5.2720366012393,
121,35,"I",1,4.98837562746085,5.38700110669416,"I",2,4.08054314485847,5.08050941920698,
121,36,"-VII",2,5.68063134220331,5.30923267788349,"-VII",3,5.93800289460521,4.86185342689174,
121,37,"VI",2,4.90879306906258,5.11540700044428,"VI",2,4.90879306906258,5.11540700044428,
121,38,"II",3,3.32625043684067,4.59290668142539,"II",3,3.32625043684067,4.59290668142539,
,,,,,,,,,,
122,72,"VII",4,2.17403486634083,4.08137397146013,"VII",4,2.17403486634083,4.08137397146013,
122,73,"V",3,5.85213820229533,3.80446690175495,"V",3,5.85213820229533,3.80446690175495,
122,74,"V",2,5.03783795666204,5.23269398767224,"V",2,5.03783795666204,5.23269398767224,
122,75,"II",2,5.21538372051209,5.32929737895077,"II",2,5.21538372051209,5.32929737895077,
122,76,"II",3,3.44788810723644,5.08978370580694,"II",3,3.44788810723644,5.08978370580694,
122,77,"v",4,6.12625671366564,4.8428660666701,"-III",4,6.20998606325914,4.8428660666701,0.0837293495935025
122,78,"-vii",2,6.87423150035143,5.13166539515905,"-vii",2,6.19171048222611,5.2720366012393,
122,79,"I",1,4.98837562746085,5.38700110669416,"I",2,4.08054314485847,5.08050941920698,
122,80,"-VII",2,5.68063134220331,5.30923267788349,"-VII",3,5.93800289460521,4.86185342689174,
122,81,"VI",2,4.90879306906258,5.11540700044428,"VI",2,4.90879306906258,5.11540700044428,
122,82,"ii",3,2.35441217807064,4.59290668142539,"ii",3,2.35441217807064,4.59290668142539,
,,,,,,,,,,
123,49,"VII",4,2.17403486634083,4.08137397146013,"VII",4,2.17403486634083,4.08137397146013,
123,50,"IV",3,7.45132280467711,3.80446690175495,"IV",3,7.45132280467711,3.80446690175495,
123,51,"IV",1,4.8048088119694,5.45885422008702,"IV",1,4.8048088119694,5.45885422008702,
123,52,"II",2,5.24193902585719,5.34495410592221,"II",2,5.24193902585719,5.34495410592221,
123,53,"II",3,2.92524810438353,4.62253006764857,"II",3,2.92524810438353,4.62253006764857,
123,54,"v",4,5.9730967494137,4.96154352304033,"-III",4,6.05682609900721,4.96154352304033,0.0837293495935034
123,55,"-vii",2,6.87423150035143,5.13166539515905,"-vii",2,6.19171048222611,5.2720366012393,
123,56,"IV",1,5.06080720924929,5.38700110669416,"IV",2,5.39037066464364,5.08050941920698,
123,57,"vi",2,5.63549380216579,5.1857877024801,"vi",2,5.63549380216579,5.1857877024801,
123,58,"vio",2,6.72828644933972,5.24719295910164,"vio",2,6.72828644933972,5.24719295910164,
123,59,"II",2,5.47862994494507,4.6455767274109,"II",2,5.47862994494507,4.6455767274109,
,,,,,,,,,,
124,45,"V",5,0.640079442243732,2.64789966955144,"V",5,0.640079442243732,2.64789966955144,
124,46,"I",6,1.2590808385907,3.97955658985967,"I",6,1.2590808385907,3.97955658985967,
124,47,"I",7,4.00679776395096,3.90544281816366,"I",7,4.00679776395096,3.90544281816366,
124,48,"VII",7,7.08434204958101,4.66848007355656,"VII",7,7.08434204958101,4.66848007355656,
124,49,"VII",4,2.17403486634083,4.08137397146013,"VII",4,2.17403486634083,4.08137397146013,
124,50,"IV",3,7.45132280467711,3.80446690175495,"iv",3,7.53571499196748,3.80446690175495,0.0843921872903719
124,51,"IV",1,4.8048088119694,5.45885422008702,"IV",1,5.27688968705362,5.45861625257118,
124,52,"II",2,5.24193902585719,5.34495410592221,"II",2,5.81444055824903,5.28741917049335,
124,53,"II",3,2.92524810438353,4.62253006764857,"II",2,4.3624910979453,5.18075456028988,
124,54,"v",4,5.9730967494137,4.96154352304033,"v",3,5.9730967494137,4.96154352304033,
124,55,"-vii",2,6.87423150035143,5.13166539515905,"-vii",2,6.87423150035143,5.13166539515905,
,,,,,,,,,,
125,52,"II",2,5.24193902585719,5.34495410592221,"II",2,5.24193902585719,5.34495410592221,
125,53,"II",3,2.92524810438353,4.62253006764857,"II",3,2.92524810438353,4.62253006764857,
125,54,"v",4,5.9730967494137,4.96154352304033,"v",4,5.9730967494137,4.96154352304033,
125,55,"-vii",2,6.87423150035143,5.13166539515905,"-vii",2,6.87423150035143,5.13166539515905,
125,56,"IV",1,5.06080720924929,5.38700110669416,"IV",1,5.06080720924929,5.38700110669416,
125,57,"vi",2,5.63549380216579,5.1857877024801,"-VI",2,5.72039212786841,5.1857877024801,0.0848983257026212
125,58,"vio",2,6.72828644933972,5.24719295910164,"vio",2,6.54921135952842,5.16915657173888,
125,59,"II",2,5.47862994494507,4.6455767274109,"II",2,5.44103719562188,4.87431386463247,
125,60,"V",2,4.77945834882133,5.00216834269197,"V",2,4.77945834882133,5.00216834269197,
125,61,"V",2,3.89067684379273,5.31953178885263,"V",2,3.89067684379273,5.31953178885263,
125,62,"V",3,3.26367083253269,4.97159517333618,"V",3,3.26367083253269,4.97159517333618,
,,,,,,,,,,
126,85,"V",4,3.68928753946764,4.93330080966311,"V",4,3.68928753946764,4.93330080966311,
126,86,"I",4,2.4012553101982,4.57494798677307,"I",4,2.4012553101982,4.57494798677307,
126,87,"-III",5,5.90075628702542,4.73528653879666,"-III",5,5.90075628702542,4.73528653879666,
126,88,"-V",4,7.20297408260001,4.7754855396319,"-V",4,7.20297408260001,4.7754855396319,
126,89,"-III",2,5.44538286265369,5.0383317853665,"-III",2,5.44538286265369,5.0383317853665,
126,90,"I",2,5.51338570942502,5.08638909792594,"V",2,5.42611887320737,5.08638909792594,0.0872668362176503
126,91,"r",2,2.9056293771442,5.28090715549589,"r",2,3.01262904304254,5.07855458768791,
126,92,"r",3,2.37699451270828,3.60075627119418,"r",3,1.47298017394637,3.46979709035168,
,,,,,,,,,,
127,62,"V",3,3.26367083253269,4.97159517333618,"V",3,3.26367083253269,4.97159517333618,
127,63,"#IV",4,6.77492786661953,4.85340782526987,"#IV",4,6.77492786661953,4.85340782526987,
127,64,"V",3,3.29369896422719,4.26054127678385,"V",3,3.29369896422719,4.26054127678385,
127,65,"V",3,3.99582021835276,4.80679577599555,"V",3,3.99582021835276,4.80679577599555,
127,66,"VII",3,6.77235426001901,4.92735040745287,"VII",3,6.77235426001901,4.92735040745287,
127,67,"VI",2,7.00688622679325,4.79098401486665,"iv",2,6.91724901430857,4.79098401486665,0.0896372124846767
127,68,"V",1,4.96082025440837,5.40941716069012,"V",1,4.95511274676233,5.45861625257118,
127,69,"I",2,4.42692184389035,5.2822906390649,"I",2,3.58879086184183,5.26242898972522,
127,70,"I",3,2.72581142354699,5.22580834438567,"I",3,3.83603400322394,5.38519505932736,
127,71,"VII",4,6.48392221929489,5.05999598305749,"VII",4,6.49540868791955,5.20925469128043,
127,72,"VII",4,2.17403486634083,4.08137397146013,"VII",4,2.17403486634083,4.08137397146013,
,,,,,,,,,,
128,49,"VII",4,2.17403486634083,4.08137397146013,"VII",4,2.17403486634083,4.08137397146013,
128,50,"IV",3,7.45132280467711,3.80446690175495,"IV",3,7.45132280467711,3.80446690175495,
128,51,"IV",1,4.8048088119694,5.45885422008702,"IV",1,4.8048088119694,5.45885422008702,
128,52,"II",2,5.24193902585719,5.34495410592221,"II",2,5.24193902585719,5.34495410592221,
128,53,"II",3,2.92524810438353,4.62253006764857,"II",3,2.92524810438353,4.62253006764857,
128,54,"v",4,5.9730967494137,4.96154352304033,"-II",4,5.88296238010823,4.96154352304033,0.0901343693054724
128,55,"-vii",2,6.87423150035143,5.13166539515905,"-vii",3,6.6883705865341,4.50526692412563,
128,56,"IV",1,5.06080720924929,5.38700110669416,"IV",2,5.37750340342222,4.9211390155836,
128,57,"vi",2,5.63549380216579,5.1857877024801,"vi",2,5.63549380216579,5.1857877024801,
128,58,"vio",2,6.72828644933972,5.24719295910164,"vio",2,6.72828644933972,5.24719295910164,
128,59,"II",2,5.47862994494507,4.6455767274109,"II",2,5.47862994494507,4.6455767274109,
,,,,,,,,,,
129,43,"vi",6,4.26469825971368,4.4884622112521,"vi",6,4.26469825971368,4.4884622112521,
129,44,"ii",6,4.0065754997242,4.31746878625055,"ii",6,4.0065754997242,4.31746878625055,
129,45,"V",5,0.640079442243732,2.64789966955144,"V",5,0.640079442243732,2.64789966955144,
129,46,"I",6,1.2590808385907,3.97955658985967,"I",6,1.2590808385907,3.97955658985967,
129,47,"I",7,4.00679776395096,3.90544281816366,"I",7,4.00679776395096,3.90544281816366,
129,48,"VII",7,7.08434204958101,4.66848007355656,"-I",7,6.993999236874,4.66848007355656,0.0903428127070134
129,49,"VII",4,2.17403486634083,4.08137397146013,"VII",2,6.8660163678652,4.4178254328886,
129,50,"IV",3,7.45132280467711,3.80446690175495,"IV",1,6.34442007212967,5.29297440043365,
129,51,"IV",1,4.8048088119694,5.45885422008702,"IV",1,4.8048088119694,5.45885422008702,
129,52,"II",2,5.24193902585719,5.34495410592221,"II",2,5.24193902585719,5.34495410592221,
129,53,"II",3,2.92524810438353,4.62253006764857,"II",3,2.92524810438353,4.62253006764857,
,,,,,,,,,,
130,5,"vio",4,7.7116715740023,3.93859613580945,"vio",4,7.7116715740023,3.93859613580945,
130,6,"ii",1,4.95338728775274,5.44002271468011,"ii",1,4.95338728775274,5.44002271468011,
130,7,"V",2,2.17357551696145,4.98943227033297,"V",2,2.17357551696145,4.98943227033297,
130,8,"I",3,2.03457622855955,4.8139924548009,"I",3,2.03457622855955,4.8139924548009,
130,9,"I",4,4.27685855466853,5.17988143928346,"I",4,4.27685855466853,5.17988143928346,
130,10,"VII",4,6.5452059710228,5.1991273479262,"-I",4,6.45486315831579,5.1991273479262,0.0903428127070143
130,11,"VII",4,2.17403486634083,4.08137397146013,"VII",2,6.8660163678652,4.4178254328886,
130,12,"V",3,5.85213820229533,3.80446690175495,"V",1,4.74523546974789,5.29297440043365,
130,13,"V",2,5.03783795666204,5.23269398767224,"V",2,5.03783795666204,5.23269398767224,
130,14,"II",2,5.21538372051209,5.32929737895077,"II",2,5.21538372051209,5.32929737895077,
130,15,"II",3,3.44788810723644,5.08978370580694,"II",3,3.44788810723644,5.08978370580694,
,,,,,,,,,,
131,53,"II",3,2.92524810438353,4.62253006764857,"II",3,2.92524810438353,4.62253006764857,
131,54,"v",4,5.9730967494137,4.96154352304033,"v",4,5.9730967494137,4.96154352304033,
131,55,"-vii",2,6.87423150035143,5.13166539515905,"-vii",2,6.87423150035143,5.13166539515905,
131,56,"IV",1,5.06080720924929,5.38700110669416,"IV",1,5.06080720924929,5.38700110669416,
131,57,"vi",2,5.63549380216579,5.1857877024801,"vi",2,5.63549380216579,5.1857877024801,
131,58,"vio",2,6.72828644933972,5.24719295910164,"VII",2,6.63406178114838,5.24719295910164,0.0942246681913401
131,59,"II",2,5.47862994494507,4.6455767274109,"II",2,7.00754484886854,4.35824481800922,
131,60,"V",2,4.77945834882133,5.00216834269197,"V",1,4.46945342130979,5.43911862775104,
131,61,"V",2,3.89067684379273,5.31953178885263,"V",2,3.89067684379273,5.31953178885263,
131,62,"V",3,3.26367083253269,4.97159517333618,"V",3,3.26367083253269,4.97159517333618,
131,63,"#IV",4,6.77492786661953,4.85340782526987,"#IV",4,6.77492786661953,4.85340782526987,
,,,,,,,,,,
132,53,"II",3,2.92524810438353,4.62253006764857,"II",3,2.92524810438353,4.62253006764857,
132,54,"v",4,5.9730967494137,4.96154352304033,"v",4,5.9730967494137,4.96154352304033,
132,55,"-vii",2,6.87423150035143,5.13166539515905,"-vii",2,6.87423150035143,5.13166539515905,
132,56,"IV",1,5.06080720924929,5.38700110669416,"IV",1,5.06080720924929,5.38700110669416,
132,57,"vi",2,5.63549380216579,5.1857877024801,"vi",2,5.63549380216579,5.1857877024801,
132,58,"vio",2,6.72828644933972,5.24719295910164,"-II",2,6.63406178114838,5.24719295910164,0.0942246681913401
132,59,"II",2,5.47862994494507,4.6455767274109,"II",2,5.60804290251085,5.05044594577228,
132,60,"V",2,4.77945834882133,5.00216834269197,"V",2,3.45106042349797,5.23223810723178,
132,61,"V",2,3.89067684379273,5.31953178885263,"V",3,2.06052414537933,4.84084990844084,
132,62,"V",3,3.26367083253269,4.97159517333618,"V",4,1.70423582571988,4.36307440663161,
132,63,"#IV",4,6.77492786661953,4.85340782526987,"#IV",5,7.02384539167342,4.4252769358597,
,,,,,,,,,,
133,14,"II",2,5.21538372051209,5.32929737895077,"II",2,5.21538372051209,5.32929737895077,
133,15,"II",3,3.44788810723644,5.08978370580694,"II",3,3.44788810723644,5.08978370580694,
133,16,"v",4,6.12625671366564,4.8428660666701,"v",4,6.12625671366564,4.8428660666701,
133,17,"-vii",2,6.87423150035143,5.13166539515905,"-vii",2,6.87423150035143,5.13166539515905,
133,18,"IV",1,5.06080720924929,5.38700110669416,"IV",1,5.06080720924929,5.38700110669416,
133,19,"vio",2,6.6994261633786,5.1857877024801,"-iii",2,6.79418431269567,5.1857877024801,0.0947581493170624
133,20,"II",2,5.45995601255144,4.88830254020658,"II",1,5.06026442078698,5.46377168114622,
133,21,"V",2,4.77945834882133,5.00216834269197,"V",2,4.77295625468863,4.99850770807257,
133,22,"V",2,3.89067684379273,5.31953178885263,"V",2,3.89067684379273,5.31953178885263,
133,23,"V",3,3.26367083253269,4.97159517333618,"V",3,3.26367083253269,4.97159517333618,
133,24,"V",4,2.66371614234224,4.85340782526987,"V",4,2.66371614234224,4.85340782526987,
,,,,,,,,,,
134,31,"II",2,5.21538372051209,5.32929737895077,"II",2,5.21538372051209,5.32929737895077,
134,32,"II",3,3.44788810723644,5.08978370580694,"II",3,3.44788810723644,5.08978370580694,
134,33,"v",4,6.12625671366564,4.8428660666701,"v",4,6.12625671366564,4.8428660666701,
134,34,"-vii",2,6.87423150035143,5.13166539515905,"-vii",2,6.87423150035143,5.13166539515905,
134,35,"I",1,4.98837562746085,5.38700110669416,"I",1,4.98837562746085,5.38700110669416,
134,36,"-VII",2,5.68063134220331,5.30923267788349,"i",2,5.77595711162769,5.30923267788349,0.0953257694243872
134,37,"VI",2,4.90879306906258,5.11540700044428,"VI",2,6.53195784687671,5.31237301213271,
134,38,"II",3,3.32625043684067,4.59290668142539,"II",1,4.49628494856265,5.40941716069012,
134,39,"II",3,4.89024528781963,3.15821159327698,"II",2,3.76993336469221,5.19086904960445,
134,40,"V",3,3.2011506228652,5.12428024737131,"V",3,3.2011506228652,5.12428024737131,
134,41,"V",4,2.60695733610822,4.95160901141711,"V",4,2.60695733610822,4.95160901141711,
,,,,,,,,,,
135,75,"II",2,5.21538372051209,5.32929737895077,"II",2,5.21538372051209,5.32929737895077,
135,76,"II",3,3.44788810723644,5.08978370580694,"II",3,3.44788810723644,5.08978370580694,
135,77,"v",4,6.12625671366564,4.8428660666701,"v",4,6.12625671366564,4.8428660666701,
135,78,"-vii",2,6.87423150035143,5.13166539515905,"-vii",2,6.87423150035143,5.13166539515905,
135,79,"I",1,4.98837562746085,5.38700110669416,"I",1,4.98837562746085,5.38700110669416,
135,80,"-VII",2,5.68063134220331,5.30923267788349,"i",2,5.77595711162769,5.30923267788349,0.0953257694243872
135,81,"VI",2,4.90879306906258,5.11540700044428,"VI",2,6.53195784687671,5.31237301213271,
135,82,"ii",3,2.35441217807064,4.59290668142539,"ii",1,4.54120308308422,5.40941716069012,
135,83,"II",4,4.94668534157761,4.91376817852402,"II",2,4.70496881362339,5.13732593266834,
135,84,"V",3,1.82090782293841,4.38437763457622,"V",3,1.82090782293841,4.38437763457622,
135,85,"V",4,3.68928753946764,4.93330080966311,"V",4,3.68928753946764,4.93330080966311,
,,,,,,,,,,
136,61,"V",2,3.89067684379273,5.31953178885263,"V",2,3.89067684379273,5.31953178885263,
136,62,"V",3,3.26367083253269,4.97159517333618,"V",3,3.26367083253269,4.97159517333618,
136,63,"#IV",4,6.77492786661953,4.85340782526987,"#IV",4,6.77492786661953,4.85340782526987,
136,64,"V",3,3.29369896422719,4.26054127678385,"V",3,3.29369896422719,4.26054127678385,
136,65,"V",3,3.99582021835276,4.80679577599555,"V",3,3.99582021835276,4.80679577599555,
136,66,"VII",3,6.77235426001901,4.92735040745287,"#I",3,6.86809944295725,4.92735040745287,0.095745182938237
136,67,"VI",2,7.00688622679325,4.79098401486665,"VI",2,6.94233404439199,4.27483279408299,
136,68,"V",1,4.96082025440837,5.40941716069012,"V",1,4.96082025440837,5.40941716069012,
136,69,"I",2,4.42692184389035,5.2822906390649,"I",2,4.42692184389035,5.2822906390649,
136,70,"I",3,2.72581142354699,5.22580834438567,"I",3,2.72581142354699,5.22580834438567,
136,71,"VII",4,6.48392221929489,5.05999598305749,"VII",4,6.48392221929489,5.05999598305749,
,,,,,,,,,,
137,61,"V",2,3.89067684379273,5.31953178885263,"V",2,3.89067684379273,5.31953178885263,
137,62,"V",3,3.26367083253269,4.97159517333618,"V",3,3.26367083253269,4.97159517333618,
137,63,"#IV",4,6.77492786661953,4.85340782526987,"#IV",4,6.77492786661953,4.85340782526987,
137,64,"V",3,3.29369896422719,4.26054127678385,"V",3,3.29369896422719,4.26054127678385,
137,65,"V",3,3.99582021835276,4.80679577599555,"V",3,3.99582021835276,4.80679577599555,
137,66,"VII",3,6.77235426001901,4.92735040745287,"iiio",3,6.86809944295725,4.92735040745287,0.095745182938237
137,67,"VI",2,7.00688622679325,4.79098401486665,"VI",2,4.53777875967635,2.26388194673551,
137,68,"V",1,4.96082025440837,5.40941716069012,"V",2,5.49250885875805,4.4879442446137,
137,69,"I",2,4.42692184389035,5.2822906390649,"I",2,4.42692184389035,5.2822906390649,
137,70,"I",3,2.72581142354699,5.22580834438567,"I",3,2.72581142354699,5.22580834438567,
137,71,"VII",4,6.48392221929489,5.05999598305749,"VII",4,6.48392221929489,5.05999598305749,
,,,,,,,,,,
138,5,"vio",4,7.7116715740023,3.93859613580945,"vio",4,7.7116715740023,3.93859613580945,
138,6,"ii",1,4.95338728775274,5.44002271468011,"ii",1,4.95338728775274,5.44002271468011,
138,7,"V",2,2.17357551696145,4.98943227033297,"V",2,2.17357551696145,4.98943227033297,
138,8,"I",3,2.03457622855955,4.8139924548009,"I",3,2.03457622855955,4.8139924548009,
138,9,"I",4,4.27685855466853,5.17988143928346,"I",4,4.27685855466853,5.17988143928346,
138,10,"VII",4,6.5452059710228,5.1991273479262,"-iiio",4,6.64129438142673,5.1991273479262,0.096088410403933
138,11,"VII",4,2.17403486634083,4.08137397146013,"VII",3,8.38637865209558,2.49598478096279,
138,12,"V",3,5.85213820229533,3.80446690175495,"V",1,4.74523546974789,5.29297440043365,
138,13,"V",2,5.03783795666204,5.23269398767224,"V",2,5.03783795666204,5.23269398767224,
138,14,"II",2,5.21538372051209,5.32929737895077,"II",2,5.21538372051209,5.32929737895077,
138,15,"II",3,3.44788810723644,5.08978370580694,"II",3,3.44788810723644,5.08978370580694,
,,,,,,,,,,
139,43,"vi",6,4.26469825971368,4.4884622112521,"vi",6,4.26469825971368,4.4884622112521,
139,44,"ii",6,4.0065754997242,4.31746878625055,"ii",6,4.0065754997242,4.31746878625055,
139,45,"V",5,0.640079442243732,2.64789966955144,"V",5,0.640079442243732,2.64789966955144,
139,46,"I",6,1.2590808385907,3.97955658985967,"I",6,1.2590808385907,3.97955658985967,
139,47,"I",7,4.00679776395096,3.90544281816366,"I",7,4.00679776395096,3.90544281816366,
139,48,"VII",7,7.08434204958101,4.66848007355656,"-iiio",7,7.18043045998494,4.66848007355656,0.096088410403933
139,49,"VII",4,2.17403486634083,4.08137397146013,"VII",3,8.38637865209558,2.49598478096279,
139,50,"IV",3,7.45132280467711,3.80446690175495,"IV",1,6.34442007212967,5.29297440043365,
139,51,"IV",1,4.8048088119694,5.45885422008702,"IV",1,4.8048088119694,5.45885422008702,
139,52,"II",2,5.24193902585719,5.34495410592221,"II",2,5.24193902585719,5.34495410592221,
139,53,"II",3,2.92524810438353,4.62253006764857,"II",3,2.92524810438353,4.62253006764857,
,,,,,,,,,,
140,66,"VII",3,6.77235426001901,4.92735040745287,"VII",3,6.77235426001901,4.92735040745287,
140,67,"VI",2,7.00688622679325,4.79098401486665,"VI",2,7.00688622679325,4.79098401486665,
140,68,"V",1,4.96082025440837,5.40941716069012,"V",1,4.96082025440837,5.40941716069012,
140,69,"I",2,4.42692184389035,5.2822906390649,"I",2,4.42692184389035,5.2822906390649,
140,70,"I",3,2.72581142354699,5.22580834438567,"I",3,2.72581142354699,5.22580834438567,
140,71,"VII",4,6.48392221929489,5.05999598305749,"-iiio",4,6.58001062969882,5.05999598305749,0.0960884104039339
140,72,"VII",4,2.17403486634083,4.08137397146013,"VII",3,8.38637865209558,2.49598478096279,
140,73,"V",3,5.85213820229533,3.80446690175495,"V",1,4.74523546974789,5.29297440043365,
140,74,"V",2,5.03783795666204,5.23269398767224,"V",2,5.03783795666204,5.23269398767224,
140,75,"II",2,5.21538372051209,5.32929737895077,"II",2,5.21538372051209,5.32929737895077,
140,76,"II",3,3.44788810723644,5.08978370580694,"II",3,3.44788810723644,5.08978370580694,
,,,,,,,,,,
141,83,"II",4,4.94668534157761,4.91376817852402,"II",4,4.94668534157761,4.91376817852402,
141,84,"V",3,1.82090782293841,4.38437763457622,"V",3,1.82090782293841,4.38437763457622,
141,85,"V",4,3.68928753946764,4.93330080966311,"V",4,3.68928753946764,4.93330080966311,
141,86,"I",4,2.4012553101982,4.57494798677307,"I",4,2.4012553101982,4.57494798677307,
141,87,"-III",5,5.90075628702542,4.73528653879666,"-III",5,5.90075628702542,4.73528653879666,
141,88,"-V",4,7.20297408260001,4.7754855396319,"iio",4,7.10657869574441,4.7754855396319,0.0963953868556002
141,89,"-III",2,5.44538286265369,5.0383317853665,"-III",2,6.35567143727176,5.02838714347861,
141,90,"I",2,5.51338570942502,5.08638909792594,"I",1,5.22368095793675,5.454096818521,
141,91,"r",2,2.9056293771442,5.28090715549589,"r",2,2.9056293771442,5.28090715549589,
141,92,"r",3,2.37699451270828,3.60075627119418,"r",3,2.37699451270828,3.60075627119418,
,,,,,,,,,,
142,31,"II",2,5.21538372051209,5.32929737895077,"II",2,5.21538372051209,5.32929737895077,
142,32,"II",3,3.44788810723644,5.08978370580694,"II",3,3.44788810723644,5.08978370580694,
142,33,"v",4,6.12625671366564,4.8428660666701,"v",4,6.12625671366564,4.8428660666701,
142,34,"-vii",2,6.87423150035143,5.13166539515905,"-vii",2,6.87423150035143,5.13166539515905,
142,35,"I",1,4.98837562746085,5.38700110669416,"I",1,4.98837562746085,5.38700110669416,
142,36,"-VII",2,5.68063134220331,5.30923267788349,"ii",2,5.58232216425664,5.30923267788349,0.0983091779466641
142,37,"VI",2,4.90879306906258,5.11540700044428,"VI",2,5.65600348783,5.33247015969247,
142,38,"II",3,3.32625043684067,4.59290668142539,"II",3,5.1568745421982,4.66401303286741,
142,39,"II",3,4.89024528781963,3.15821159327698,"II",2,3.76993336469221,5.19086904960445,
142,40,"V",3,3.2011506228652,5.12428024737131,"V",3,3.2011506228652,5.12428024737131,
142,41,"V",4,2.60695733610822,4.95160901141711,"V",4,2.60695733610822,4.95160901141711,
,,,,,,,,,,
143,75,"II",2,5.21538372051209,5.32929737895077,"II",2,5.21538372051209,5.32929737895077,
143,76,"II",3,3.44788810723644,5.08978370580694,"II",3,3.44788810723644,5.08978370580694,
143,77,"v",4,6.12625671366564,4.8428660666701,"v",4,6.12625671366564,4.8428660666701,
143,78,"-vii",2,6.87423150035143,5.13166539515905,"-vii",2,6.87423150035143,5.13166539515905,
143,79,"I",1,4.98837562746085,5.38700110669416,"I",1,4.98837562746085,5.38700110669416,
143,80,"-VII",2,5.68063134220331,5.30923267788349,"ii",2,5.58232216425664,5.30923267788349,0.0983091779466641
143,81,"VI",2,4.90879306906258,5.11540700044428,"VI",2,5.65600348783,5.33247015969247,
143,82,"ii",3,2.35441217807064,4.59290668142539,"ii",3,2.24563534665235,4.66401303286741,
143,83,"II",4,4.94668534157761,4.91376817852402,"II",4,5.66280396144731,3.92783991855575,
143,84,"V",3,1.82090782293841,4.38437763457622,"V",3,1.82090782293841,4.38437763457622,
143,85,"V",4,3.68928753946764,4.93330080966311,"V",4,3.68928753946764,4.93330080966311,
,,,,,,,,,,
144,85,"V",4,3.68928753946764,4.93330080966311,"V",4,3.68928753946764,4.93330080966311,
144,86,"I",4,2.4012553101982,4.57494798677307,"I",4,2.4012553101982,4.57494798677307,
144,87,"-III",5,5.90075628702542,4.73528653879666,"-III",5,5.90075628702542,4.73528653879666,
144,88,"-V",4,7.20297408260001,4.7754855396319,"-V",4,7.20297408260001,4.7754855396319,
144,89,"-III",2,5.44538286265369,5.0383317853665,"-III",2,5.44538286265369,5.0383317853665,
144,90,"I",2,5.51338570942502,5.08638909792594,"i",2,5.41431904043422,5.08638909792594,0.0990666689907975
144,91,"r",2,2.9056293771442,5.28090715549589,"r",2,2.85315741274937,5.3552682867423,
144,92,"r",3,2.37699451270828,3.60075627119418,"r",3,0.924522826898031,2.93505312985017,
,,,,,,,,,,
