"Comparison","Row","Orig_Symbol","Orig_Order","Orig_IC","Orig_Entropy","Swap_Symbol","Swap_Order","Swap_IC","Swap_Entropy","Distance"
1,63,"VI",2,5.95563358310909,5.15542005889478,"VI",2,5.95563358310909,5.15542005889478,
1,64,"II",2,4.05450609827878,5.19900432120108,"II",2,4.05450609827878,5.19900432120108,
1,65,"-VII",3,6.07388607729348,4.52609310570391,"-VII",3,6.07388607729348,4.52609310570391,
1,66,"II",2,4.84171962498617,5.22111218595544,"II",2,4.84171962498617,5.22111218595544,
1,67,"-VII",3,5.85373556784809,4.62488592517169,"-VII",3,5.85373556784809,4.62488592517169,
1,68,"-III",2,5.53739935517116,5.22111218595544,"-VI",2,5.53739935517116,5.22111218595544,0
1,69,"-III",2,4.53299718069635,5.32515803837579,"-III",2,4.1429114459933,5.23884668563513,
1,70,"-III",3,3.86844491514367,5.23746878077019,"-III",3,4.41896106721494,4.93303987604262,
1,71,"-III",4,2.98654515735622,5.09729870716709,"-III",3,3.7652267284149,5.25464131552872,
1,72,"r",5,3.29354202175088,4.94192010864657,"r",4,3.21802521128794,5.14261395136332,
1,73,"r",3,0.556995790858415,2.13019004913069,"r",3,0.556995790858415,2.13019004913069,
,,,,,,,,,,
2,7,"V",6,1.51500604146192,3.47464966388383,"V",6,1.51500604146192,3.47464966388383,
2,8,"iii",5,7.03868254844571,2.94320551377216,"iii",5,7.03868254844571,2.94320551377216,
2,9,"II",3,6.11733434910111,5.01448064560795,"II",3,6.11733434910111,5.01448064560795,
2,10,"I",2,4.17008060469873,5.26705662826682,"I",2,4.17008060469873,5.26705662826682,
2,11,"I",3,2.09293117017978,4.89827794823965,"I",3,2.09293117017978,4.89827794823965,
2,12,"VI",4,5.27017026575224,4.87812683349361,"-III",4,5.26401418931803,4.87812683349361,0.00615607643420457
2,13,"VI",4,3.40304234389724,4.52382821895679,"VI",4,5.85078674507527,4.87485478234944,
2,14,"IV",4,4.79308055258711,4.77402358100998,"IV",2,5.27846115857806,4.96150653057884,
2,15,"V",3,4.85883759462217,5.00088406603636,"V",2,4.4696077209243,5.35543988498684,
2,16,"IV",3,5.13273438088123,4.542598849633,"IV",3,5.13273438088123,4.542598849633,
2,17,"V",3,3.30051999937434,4.99467224957682,"V",3,3.30051999937434,4.99467224957682,
,,,,,,,,,,
3,35,"VI",2,5.95563358310909,5.15542005889478,"VI",2,5.95563358310909,5.15542005889478,
3,36,"V",2,3.9538765807652,5.19900432120108,"V",2,3.9538765807652,5.19900432120108,
3,37,"V",3,4.36884280238272,4.9460971050332,"V",3,4.36884280238272,4.9460971050332,
3,38,"I",3,2.97589278920398,5.08524501436401,"I",3,2.97589278920398,5.08524501436401,
3,39,"I",4,2.15908789504544,4.90357390112031,"I",4,2.15908789504544,4.90357390112031,
3,40,"VI",5,5.66472517238366,5.007381749634,"-III",5,5.6572856416283,5.007381749634,0.00743953075536563
3,41,"VI",5,2.61035329600379,3.98658772195431,"VI",5,6.06249410769049,4.62186192220264,
3,42,"IV",5,5.0344465208091,4.44744048327616,"IV",2,5.27846115857806,4.96150653057884,
3,43,"V",3,4.85883759462217,5.00088406603636,"V",2,4.4696077209243,5.35543988498684,
3,44,"IV",3,5.13273438088123,4.542598849633,"IV",3,5.13273438088123,4.542598849633,
3,45,"V",3,3.30051999937434,4.99467224957682,"V",3,3.30051999937434,4.99467224957682,
,,,,,,,,,,
4,32,"II",2,4.05450609827878,5.19900432120108,"II",2,4.05450609827878,5.19900432120108,
4,33,"vii",3,6.86688570637402,4.52609310570391,"vii",3,6.86688570637402,4.52609310570391,
4,34,"V",2,5.81678563336159,4.80480314308967,"V",2,5.81678563336159,4.80480314308967,
4,35,"VI",2,5.95563358310909,5.15542005889478,"VI",2,5.95563358310909,5.15542005889478,
4,36,"V",2,3.9538765807652,5.19900432120108,"V",2,3.9538765807652,5.19900432120108,
4,37,"V",3,4.36884280238272,4.9460971050332,"I",3,4.37860925187041,4.9460971050332,0.0097664494876879
4,38,"I",3,2.97589278920398,5.08524501436401,"I",3,2.08230635475222,4.93992993872952,
4,39,"I",4,2.15908789504544,4.90357390112031,"I",4,3.08703923840021,5.18560385260386,
4,40,"VI",5,5.66472517238366,5.007381749634,"VI",5,5.45452481610262,4.85935373116482,
4,41,"VI",5,2.61035329600379,3.98658772195431,"VI",5,3.26495678896837,4.5593784556204,
4,42,"IV",5,5.0344465208091,4.44744048327616,"IV",5,5.14150229172378,4.26906233240004,
,,,,,,,,,,
5,26,"IV",4,3.36747443300461,4.99907374065539,"IV",4,3.36747443300461,4.99907374065539,
5,27,"V",5,2.23864488090004,4.3891747045051,"V",5,2.23864488090004,4.3891747045051,
5,28,"II",6,5.55395601340954,4.57049013326069,"II",6,5.55395601340954,4.57049013326069,
5,29,"vii",4,7.35634128979105,3.80373184906013,"vii",4,7.35634128979105,3.80373184906013,
5,30,"V",2,5.81678563336159,4.80480314308967,"V",2,5.81678563336159,4.80480314308967,
5,31,"VI",2,5.95563358310909,5.15542005889478,"-VII",2,5.94218805204414,5.15542005889478,0.0134455310649519
5,32,"II",2,4.05450609827878,5.19900432120108,"II",2,6.26388875355361,5.27203047323327,
5,33,"vii",3,6.86688570637402,4.52609310570391,"vii",2,6.29206621564278,5.22999207764409,
5,34,"V",2,5.81678563336159,4.80480314308967,"V",2,5.81678563336159,4.80480314308967,
5,35,"VI",2,5.95563358310909,5.15542005889478,"VI",2,5.95563358310909,5.15542005889478,
5,36,"V",2,3.9538765807652,5.19900432120108,"V",2,3.9538765807652,5.19900432120108,
,,,,,,,,,,
6,30,"V",2,5.81678563336159,4.80480314308967,"V",2,5.81678563336159,4.80480314308967,
6,31,"VI",2,5.95563358310909,5.15542005889478,"VI",2,5.95563358310909,5.15542005889478,
6,32,"II",2,4.05450609827878,5.19900432120108,"II",2,4.05450609827878,5.19900432120108,
6,33,"vii",3,6.86688570637402,4.52609310570391,"vii",3,6.86688570637402,4.52609310570391,
6,34,"V",2,5.81678563336159,4.80480314308967,"V",2,5.81678563336159,4.80480314308967,
6,35,"VI",2,5.95563358310909,5.15542005889478,"-VII",2,5.94218805204414,5.15542005889478,0.0134455310649519
6,36,"V",2,3.9538765807652,5.19900432120108,"V",2,4.47881872069057,5.27203047323327,
6,37,"V",3,4.36884280238272,4.9460971050332,"V",3,3.01178366574531,4.90835902762139,
6,38,"I",3,2.97589278920398,5.08524501436401,"I",4,3.59853184625218,4.92678621012276,
6,39,"I",4,2.15908789504544,4.90357390112031,"I",4,2.99300433842677,5.04234948983498,
6,40,"VI",5,5.66472517238366,5.007381749634,"VI",5,5.69430177509218,5.00383853916243,
,,,,,,,,,,
7,54,"IV",4,3.36747443300461,4.99907374065539,"IV",4,3.36747443300461,4.99907374065539,
7,55,"V",5,2.23864488090004,4.3891747045051,"V",5,2.23864488090004,4.3891747045051,
7,56,"II",6,5.55395601340954,4.57049013326069,"II",6,5.55395601340954,4.57049013326069,
7,57,"vii",4,7.35634128979105,3.80373184906013,"vii",4,7.35634128979105,3.80373184906013,
7,58,"V",2,5.81678563336159,4.80480314308967,"V",2,5.81678563336159,4.80480314308967,
7,59,"VI",2,5.95563358310909,5.15542005889478,"-VII",2,5.94218805204414,5.15542005889478,0.0134455310649519
7,60,"II",2,4.05450609827878,5.19900432120108,"II",2,6.26388875355361,5.27203047323327,
7,61,"vii",3,6.86688570637402,4.52609310570391,"vii",2,6.29206621564278,5.22999207764409,
7,62,"V",2,5.81678563336159,4.80480314308967,"V",2,5.81678563336159,4.80480314308967,
7,63,"VI",2,5.95563358310909,5.15542005889478,"VI",2,5.95563358310909,5.15542005889478,
7,64,"II",2,4.05450609827878,5.19900432120108,"II",2,4.05450609827878,5.19900432120108,
,,,,,,,,,,
8,58,"V",2,5.81678563336159,4.80480314308967,"V",2,5.81678563336159,4.80480314308967,
8,59,"VI",2,5.95563358310909,5.15542005889478,"VI",2,5.95563358310909,5.15542005889478,
8,60,"II",2,4.05450609827878,5.19900432120108,"II",2,4.05450609827878,5.19900432120108,
8,61,"vii",3,6.86688570637402,4.52609310570391,"vii",3,6.86688570637402,4.52609310570391,
8,62,"V",2,5.81678563336159,4.80480314308967,"V",2,5.81678563336159,4.80480314308967,
8,63,"VI",2,5.95563358310909,5.15542005889478,"-VII",2,5.94218805204414,5.15542005889478,0.0134455310649519
8,64,"II",2,4.05450609827878,5.19900432120108,"II",2,6.26388875355361,5.27203047323327,
8,65,"-VII",3,6.07388607729348,4.52609310570391,"-VII",2,5.49906658656225,5.22999207764409,
8,66,"II",2,4.84171962498617,5.22111218595544,"II",2,4.84171962498617,5.22111218595544,
8,67,"-VII",3,5.85373556784809,4.62488592517169,"-VII",3,5.85373556784809,4.62488592517169,
8,68,"-III",2,5.53739935517116,5.22111218595544,"-III",2,5.53739935517116,5.22111218595544,
,,,,,,,,,,
9,92,"IV",4,3.36747443300461,4.99907374065539,"IV",4,3.36747443300461,4.99907374065539,
9,93,"V",5,2.23864488090004,4.3891747045051,"V",5,2.23864488090004,4.3891747045051,
9,94,"II",6,5.55395601340954,4.57049013326069,"II",6,5.55395601340954,4.57049013326069,
9,95,"vii",4,7.35634128979105,3.80373184906013,"vii",4,7.35634128979105,3.80373184906013,
9,96,"V",2,5.81678563336159,4.80480314308967,"V",2,5.81678563336159,4.80480314308967,
9,97,"VI",2,5.95563358310909,5.15542005889478,"-VII",2,5.94218805204414,5.15542005889478,0.0134455310649519
9,98,"II",2,4.05450609827878,5.19900432120108,"II",2,6.26388875355361,5.27203047323327,
9,99,"vii",3,6.86688570637402,4.52609310570391,"vii",2,6.29206621564278,5.22999207764409,
9,100,"V",2,5.81678563336159,4.80480314308967,"V",2,5.81678563336159,4.80480314308967,
9,101,"VI",2,5.95563358310909,5.15542005889478,"VI",2,5.95563358310909,5.15542005889478,
9,102,"II",2,4.05450609827878,5.19900432120108,"II",2,4.05450609827878,5.19900432120108,
,,,,,,,,,,
10,96,"V",2,5.81678563336159,4.80480314308967,"V",2,5.81678563336159,4.80480314308967,
10,97,"VI",2,5.95563358310909,5.15542005889478,"VI",2,5.95563358310909,5.15542005889478,
10,98,"II",2,4.05450609827878,5.19900432120108,"II",2,4.05450609827878,5.19900432120108,
10,99,"vii",3,6.86688570637402,4.52609310570391,"vii",3,6.86688570637402,4.52609310570391,
10,100,"V",2,5.81678563336159,4.80480314308967,"V",2,5.81678563336159,4.80480314308967,
10,101,"VI",2,5.95563358310909,5.15542005889478,"-VII",2,5.94218805204414,5.15542005889478,0.0134455310649519
10,102,"II",2,4.05450609827878,5.19900432120108,"II",2,6.26388875355361,5.27203047323327,
10,103,"vii",3,6.86688570637402,4.52609310570391,"vii",2,6.29206621564278,5.22999207764409,
10,104,"V",2,5.81678563336159,4.80480314308967,"V",2,5.81678563336159,4.80480314308967,
10,105,"VI",2,5.95563358310909,5.15542005889478,"VI",2,5.95563358310909,5.15542005889478,
10,106,"II",2,4.05450609827878,5.19900432120108,"II",2,4.05450609827878,5.19900432120108,
,,,,,,,,,,
11,100,"V",2,5.81678563336159,4.80480314308967,"V",2,5.81678563336159,4.80480314308967,
11,101,"VI",2,5.95563358310909,5.15542005889478,"VI",2,5.95563358310909,5.15542005889478,
11,102,"II",2,4.05450609827878,5.19900432120108,"II",2,4.05450609827878,5.19900432120108,
11,103,"vii",3,6.86688570637402,4.52609310570391,"vii",3,6.86688570637402,4.52609310570391,
11,104,"V",2,5.81678563336159,4.80480314308967,"V",2,5.81678563336159,4.80480314308967,
11,105,"VI",2,5.95563358310909,5.15542005889478,"-VII",2,5.94218805204414,5.15542005889478,0.0134455310649519
11,106,"II",2,4.05450609827878,5.19900432120108,"II",2,6.26388875355361,5.27203047323327,
11,107,"vii",3,6.86688570637402,4.52609310570391,"vii",2,6.29206621564278,5.22999207764409,
11,108,"V",2,5.81678563336159,4.80480314308967,"V",2,5.81678563336159,4.80480314308967,
11,109,"VI",2,5.95563358310909,5.15542005889478,"VI",2,5.95563358310909,5.15542005889478,
11,110,"II",2,4.05450609827878,5.19900432120108,"II",2,4.05450609827878,5.19900432120108,
,,,,,,,,,,
12,104,"V",2,5.81678563336159,4.80480314308967,"V",2,5.81678563336159,4.80480314308967,
12,105,"VI",2,5.95563358310909,5.15542005889478,"VI",2,5.95563358310909,5.15542005889478,
12,106,"II",2,4.05450609827878,5.19900432120108,"II",2,4.05450609827878,5.19900432120108,
12,107,"vii",3,6.86688570637402,4.52609310570391,"vii",3,6.86688570637402,4.52609310570391,
12,108,"V",2,5.81678563336159,4.80480314308967,"V",2,5.81678563336159,4.80480314308967,
12,109,"VI",2,5.95563358310909,5.15542005889478,"-VII",2,5.94218805204414,5.15542005889478,0.0134455310649519
12,110,"II",2,4.05450609827878,5.19900432120108,"II",2,6.26388875355361,5.27203047323327,
12,111,"vii",3,6.86688570637402,4.52609310570391,"vii",2,6.29206621564278,5.22999207764409,
12,112,"V",2,5.81678563336159,4.80480314308967,"V",2,5.81678563336159,4.80480314308967,
12,113,"VI",2,5.95563358310909,5.15542005889478,"VI",2,5.95563358310909,5.15542005889478,
12,114,"II",2,4.05450609827878,5.19900432120108,"II",2,4.05450609827878,5.19900432120108,
,,,,,,,,,,
13,108,"V",2,5.81678563336159,4.80480314308967,"V",2,5.81678563336159,4.80480314308967,
13,109,"VI",2,5.95563358310909,5.15542005889478,"VI",2,5.95563358310909,5.15542005889478,
13,110,"II",2,4.05450609827878,5.19900432120108,"II",2,4.05450609827878,5.19900432120108,
13,111,"vii",3,6.86688570637402,4.52609310570391,"vii",3,6.86688570637402,4.52609310570391,
13,112,"V",2,5.81678563336159,4.80480314308967,"V",2,5.81678563336159,4.80480314308967,
13,113,"VI",2,5.95563358310909,5.15542005889478,"-VII",2,5.94218805204414,5.15542005889478,0.0134455310649519
13,114,"II",2,4.05450609827878,5.19900432120108,"II",2,6.26388875355361,5.27203047323327,
13,115,"vii",3,6.86688570637402,4.52609310570391,"vii",2,6.29206621564278,5.22999207764409,
13,116,"V",2,5.81678563336159,4.80480314308967,"V",2,5.81678563336159,4.80480314308967,
13,117,"r",2,2.27547963399716,5.15542005889478,"r",2,2.27547963399716,5.15542005889478,
13,118,"r",3,1.47459178372921,3.46772226098909,"r",3,1.47459178372921,3.46772226098909,
,,,,,,,,,,
14,3,"r",2,1.8568681331697,3.69441942735652,"r",2,1.8568681331697,3.69441942735652,
14,4,"r",3,1.61043997099644,3.5024200455243,"r",3,1.61043997099644,3.5024200455243,
14,5,"r",4,1.62089453593253,3.53300891039449,"r",4,1.62089453593253,3.53300891039449,
14,6,"V",5,4.26475764533946,3.45365630384688,"V",5,4.26475764533946,3.45365630384688,
14,7,"V",6,1.51500604146192,3.47464966388383,"V",6,1.51500604146192,3.47464966388383,
14,8,"iii",5,7.03868254844571,2.94320551377216,"-VI",5,7.05249555001446,2.94320551377216,0.0138130015687477
14,9,"II",3,6.11733434910111,5.01448064560795,"II",3,6.62705008222956,5.09162261398127,
14,10,"I",2,4.17008060469873,5.26705662826682,"I",2,5.11933612003773,4.99427773137388,
14,11,"I",3,2.09293117017978,4.89827794823965,"I",2,3.95939236858793,5.37074818629743,
14,12,"VI",4,5.27017026575224,4.87812683349361,"VI",3,5.01650587534959,5.28583672678786,
14,13,"VI",4,3.40304234389724,4.52382821895679,"VI",4,3.40304234389724,4.52382821895679,
,,,,,,,,,,
15,64,"II",2,4.05450609827878,5.19900432120108,"II",2,4.05450609827878,5.19900432120108,
15,65,"-VII",3,6.07388607729348,4.52609310570391,"-VII",3,6.07388607729348,4.52609310570391,
15,66,"II",2,4.84171962498617,5.22111218595544,"II",2,4.84171962498617,5.22111218595544,
15,67,"-VII",3,5.85373556784809,4.62488592517169,"-VII",3,5.85373556784809,4.62488592517169,
15,68,"-III",2,5.53739935517116,5.22111218595544,"-III",2,5.53739935517116,5.22111218595544,
15,69,"-III",2,4.53299718069635,5.32515803837579,"i",2,4.54736081330767,5.32515803837579,0.014363632611321
15,70,"-III",3,3.86844491514367,5.23746878077019,"-III",3,3.94876855360226,4.95413184693057,
15,71,"-III",4,2.98654515735622,5.09729870716709,"-III",4,5.31724304273387,4.48745310972023,
15,72,"r",5,3.29354202175088,4.94192010864657,"r",3,3.17811410127357,5.21502638316484,
15,73,"r",3,0.556995790858415,2.13019004913069,"r",3,0.759986527098279,2.54309625836228,
15,74,"r",2,1.8568681331697,3.69441942735652,"r",2,1.8568681331697,3.69441942735652,
,,,,,,,,,,
16,3,"r",2,1.8568681331697,3.69441942735652,"r",2,1.8568681331697,3.69441942735652,
16,4,"r",3,1.61043997099644,3.5024200455243,"r",3,1.61043997099644,3.5024200455243,
16,5,"r",4,1.62089453593253,3.53300891039449,"r",4,1.62089453593253,3.53300891039449,
16,6,"V",5,4.26475764533946,3.45365630384688,"V",5,4.26475764533946,3.45365630384688,
16,7,"V",6,1.51500604146192,3.47464966388383,"V",6,1.51500604146192,3.47464966388383,
16,8,"iii",5,7.03868254844571,2.94320551377216,"ii",5,7.02298423773984,2.94320551377216,0.015698310705873
16,9,"II",3,6.11733434910111,5.01448064560795,"II",3,5.75544060037859,4.97707321716727,
16,10,"I",2,4.17008060469873,5.26705662826682,"I",3,5.64059023580865,4.40016475308563,
16,11,"I",3,2.09293117017978,4.89827794823965,"I",2,3.95939236858793,5.37074818629743,
16,12,"VI",4,5.27017026575224,4.87812683349361,"VI",3,5.01650587534959,5.28583672678786,
16,13,"VI",4,3.40304234389724,4.52382821895679,"VI",4,3.40304234389724,4.52382821895679,
,,,,,,,,,,
17,64,"II",2,4.05450609827878,5.19900432120108,"II",2,4.05450609827878,5.19900432120108,
17,65,"-VII",3,6.07388607729348,4.52609310570391,"-VII",3,6.07388607729348,4.52609310570391,
17,66,"II",2,4.84171962498617,5.22111218595544,"II",2,4.84171962498617,5.22111218595544,
17,67,"-VII",3,5.85373556784809,4.62488592517169,"-VII",3,5.85373556784809,4.62488592517169,
17,68,"-III",2,5.53739935517116,5.22111218595544,"-III",2,5.53739935517116,5.22111218595544,
17,69,"-III",2,4.53299718069635,5.32515803837579,"V",2,4.55379408440784,5.32515803837579,0.0207969037114939
17,70,"-III",3,3.86844491514367,5.23746878077019,"-III",3,5.4902784445508,4.85269037802181,
17,71,"-III",4,2.98654515735622,5.09729870716709,"-III",3,4.00820846577806,4.68107964615698,
17,72,"r",5,3.29354202175088,4.94192010864657,"r",3,3.30772216770835,5.01109700024739,
17,73,"r",3,0.556995790858415,2.13019004913069,"r",3,0.759986527098279,2.54309625836228,
17,74,"r",2,1.8568681331697,3.69441942735652,"r",2,1.8568681331697,3.69441942735652,
,,,,,,,,,,
18,15,"V",3,4.85883759462217,5.00088406603636,"V",3,4.85883759462217,5.00088406603636,
18,16,"IV",3,5.13273438088123,4.542598849633,"IV",3,5.13273438088123,4.542598849633,
18,17,"V",3,3.30051999937434,4.99467224957682,"V",3,3.30051999937434,4.99467224957682,
18,18,"I",4,3.22917761346208,4.99907374065539,"I",4,3.22917761346208,4.99907374065539,
18,19,"I",5,3.58680330018962,5.09632833764688,"I",5,3.58680330018962,5.09632833764688,
18,20,"VI",6,6.14714845131629,4.68877571907221,"i",6,6.12524104938234,4.68877571907221,0.0219074019339507
18,21,"VI",4,2.31995197999965,4.4489397970087,"VI",4,7.20689914245833,4.63866343872988,
18,22,"IV",5,5.0344465208091,4.44744048327616,"IV",1,4.98470613533848,5.4074667874647,
18,23,"V",3,4.85883759462217,5.00088406603636,"V",2,4.4696077209243,5.35543988498684,
18,24,"IV",3,5.13273438088123,4.542598849633,"IV",3,5.13273438088123,4.542598849633,
18,25,"V",3,3.30051999937434,4.99467224957682,"V",3,3.30051999937434,4.99467224957682,
,,,,,,,,,,
19,43,"V",3,4.85883759462217,5.00088406603636,"V",3,4.85883759462217,5.00088406603636,
19,44,"IV",3,5.13273438088123,4.542598849633,"IV",3,5.13273438088123,4.542598849633,
19,45,"V",3,3.30051999937434,4.99467224957682,"V",3,3.30051999937434,4.99467224957682,
19,46,"I",4,3.22917761346208,4.99907374065539,"I",4,3.22917761346208,4.99907374065539,
19,47,"I",5,3.58680330018962,5.09632833764688,"I",5,3.58680330018962,5.09632833764688,
19,48,"VI",6,6.14714845131629,4.68877571907221,"i",6,6.12524104938234,4.68877571907221,0.0219074019339507
19,49,"VI",4,2.31995197999965,4.4489397970087,"VI",4,7.20689914245833,4.63866343872988,
19,50,"IV",5,5.0344465208091,4.44744048327616,"IV",1,4.98470613533848,5.4074667874647,
19,51,"V",3,4.85883759462217,5.00088406603636,"V",2,4.4696077209243,5.35543988498684,
19,52,"IV",3,5.13273438088123,4.542598849633,"IV",3,5.13273438088123,4.542598849633,
19,53,"V",3,3.30051999937434,4.99467224957682,"V",3,3.30051999937434,4.99467224957682,
,,,,,,,,,,
20,81,"V",3,4.85883759462217,5.00088406603636,"V",3,4.85883759462217,5.00088406603636,
20,82,"IV",3,5.13273438088123,4.542598849633,"IV",3,5.13273438088123,4.542598849633,
20,83,"V",3,3.30051999937434,4.99467224957682,"V",3,3.30051999937434,4.99467224957682,
20,84,"I",4,3.22917761346208,4.99907374065539,"I",4,3.22917761346208,4.99907374065539,
20,85,"I",5,3.58680330018962,5.09632833764688,"I",5,3.58680330018962,5.09632833764688,
20,86,"VI",6,6.14714845131629,4.68877571907221,"i",6,6.12524104938234,4.68877571907221,0.0219074019339507
20,87,"VI",4,2.31995197999965,4.4489397970087,"VI",4,7.20689914245833,4.63866343872988,
20,88,"IV",5,5.0344465208091,4.44744048327616,"IV",1,4.98470613533848,5.4074667874647,
20,89,"V",3,4.85883759462217,5.00088406603636,"V",2,4.4696077209243,5.35543988498684,
20,90,"IV",3,5.13273438088123,4.542598849633,"IV",3,5.13273438088123,4.542598849633,
20,91,"V",3,3.30051999937434,4.99467224957682,"V",3,3.30051999937434,4.99467224957682,
,,,,,,,,,,
21,63,"VI",2,5.95563358310909,5.15542005889478,"VI",2,5.95563358310909,5.15542005889478,
21,64,"II",2,4.05450609827878,5.19900432120108,"II",2,4.05450609827878,5.19900432120108,
21,65,"-VII",3,6.07388607729348,4.52609310570391,"-VII",3,6.07388607729348,4.52609310570391,
21,66,"II",2,4.84171962498617,5.22111218595544,"II",2,4.84171962498617,5.22111218595544,
21,67,"-VII",3,5.85373556784809,4.62488592517169,"-VII",3,5.85373556784809,4.62488592517169,
21,68,"-III",2,5.53739935517116,5.22111218595544,"vi",2,5.51146904082175,5.22111218595544,0.0259303143494147
21,69,"-III",2,4.53299718069635,5.32515803837579,"-III",2,6.29364183307195,5.30719171440909,
21,70,"-III",3,3.86844491514367,5.23746878077019,"-III",2,3.65195157453404,5.2773769040074,
21,71,"-III",4,2.98654515735622,5.09729870716709,"-III",3,2.29311193898057,4.98510575900787,
21,72,"r",5,3.29354202175088,4.94192010864657,"r",4,3.23881253813089,5.02236584322653,
21,73,"r",3,0.556995790858415,2.13019004913069,"r",3,0.556995790858415,2.13019004913069,
,,,,,,,,,,
22,73,"r",3,0.556995790858415,2.13019004913069,"r",3,0.556995790858415,2.13019004913069,
22,74,"r",2,1.8568681331697,3.69441942735652,"r",2,1.8568681331697,3.69441942735652,
22,75,"r",3,1.61043997099644,3.5024200455243,"r",3,1.61043997099644,3.5024200455243,
22,76,"I",4,1.99104868912342,3.53300891039449,"I",4,1.99104868912342,3.53300891039449,
22,77,"I",5,2.07130085754559,4.54228720488202,"I",5,2.07130085754559,4.54228720488202,
22,78,"VI",6,6.71822352592651,4.16541513103933,"i",6,6.69199219508657,4.16541513103933,0.0262313308399396
22,79,"VI",3,3.12958060340999,4.94831427731961,"VI",3,6.85582186391728,5.0429603525545,
22,80,"IV",4,4.79308055258711,4.77402358100998,"IV",1,4.98470613533848,5.4074667874647,
22,81,"V",3,4.85883759462217,5.00088406603636,"V",2,4.4696077209243,5.35543988498684,
22,82,"IV",3,5.13273438088123,4.542598849633,"IV",3,5.13273438088123,4.542598849633,
22,83,"V",3,3.30051999937434,4.99467224957682,"V",3,3.30051999937434,4.99467224957682,
,,,,,,,,,,
23,27,"V",5,2.23864488090004,4.3891747045051,"V",5,2.23864488090004,4.3891747045051,
23,28,"II",6,5.55395601340954,4.57049013326069,"II",6,5.55395601340954,4.57049013326069,
23,29,"vii",4,7.35634128979105,3.80373184906013,"vii",4,7.35634128979105,3.80373184906013,
23,30,"V",2,5.81678563336159,4.80480314308967,"V",2,5.81678563336159,4.80480314308967,
23,31,"VI",2,5.95563358310909,5.15542005889478,"VI",2,5.95563358310909,5.15542005889478,
23,32,"II",2,4.05450609827878,5.19900432120108,"ii",2,4.08113412608876,5.19900432120108,0.0266280278099824
23,33,"vii",3,6.86688570637402,4.52609310570391,"vii",3,7.25063209331143,4.73052608643126,
23,34,"V",2,5.81678563336159,4.80480314308967,"V",1,5.32758555731781,5.3992196113685,
23,35,"VI",2,5.95563358310909,5.15542005889478,"VI",2,5.95563358310909,5.15542005889478,
23,36,"V",2,3.9538765807652,5.19900432120108,"V",2,3.9538765807652,5.19900432120108,
23,37,"V",3,4.36884280238272,4.9460971050332,"V",3,4.36884280238272,4.9460971050332,
,,,,,,,,,,
24,55,"V",5,2.23864488090004,4.3891747045051,"V",5,2.23864488090004,4.3891747045051,
24,56,"II",6,5.55395601340954,4.57049013326069,"II",6,5.55395601340954,4.57049013326069,
24,57,"vii",4,7.35634128979105,3.80373184906013,"vii",4,7.35634128979105,3.80373184906013,
24,58,"V",2,5.81678563336159,4.80480314308967,"V",2,5.81678563336159,4.80480314308967,
24,59,"VI",2,5.95563358310909,5.15542005889478,"VI",2,5.95563358310909,5.15542005889478,
24,60,"II",2,4.05450609827878,5.19900432120108,"ii",2,4.08113412608876,5.19900432120108,0.0266280278099824
24,61,"vii",3,6.86688570637402,4.52609310570391,"vii",3,7.25063209331143,4.73052608643126,
24,62,"V",2,5.81678563336159,4.80480314308967,"V",1,5.32758555731781,5.3992196113685,
24,63,"VI",2,5.95563358310909,5.15542005889478,"VI",2,5.95563358310909,5.15542005889478,
24,64,"II",2,4.05450609827878,5.19900432120108,"II",2,4.05450609827878,5.19900432120108,
24,65,"-VII",3,6.07388607729348,4.52609310570391,"-VII",3,6.07388607729348,4.52609310570391,
,,,,,,,,,,
25,59,"VI",2,5.95563358310909,5.15542005889478,"VI",2,5.95563358310909,5.15542005889478,
25,60,"II",2,4.05450609827878,5.19900432120108,"II",2,4.05450609827878,5.19900432120108,
25,61,"vii",3,6.86688570637402,4.52609310570391,"vii",3,6.86688570637402,4.52609310570391,
25,62,"V",2,5.81678563336159,4.80480314308967,"V",2,5.81678563336159,4.80480314308967,
25,63,"VI",2,5.95563358310909,5.15542005889478,"VI",2,5.95563358310909,5.15542005889478,
25,64,"II",2,4.05450609827878,5.19900432120108,"ii",2,4.08113412608876,5.19900432120108,0.0266280278099824
25,65,"-VII",3,6.07388607729348,4.52609310570391,"-VII",3,5.18987288897387,4.73052608643126,
25,66,"II",2,4.84171962498617,5.22111218595544,"II",3,6.56344679721685,4.93731370062439,
25,67,"-VII",3,5.85373556784809,4.62488592517169,"-VII",2,5.49906658656225,5.22999207764409,
25,68,"-III",2,5.53739935517116,5.22111218595544,"-III",2,5.53739935517116,5.22111218595544,
25,69,"-III",2,4.53299718069635,5.32515803837579,"-III",2,4.53299718069635,5.32515803837579,
,,,,,,,,,,
26,93,"V",5,2.23864488090004,4.3891747045051,"V",5,2.23864488090004,4.3891747045051,
26,94,"II",6,5.55395601340954,4.57049013326069,"II",6,5.55395601340954,4.57049013326069,
26,95,"vii",4,7.35634128979105,3.80373184906013,"vii",4,7.35634128979105,3.80373184906013,
26,96,"V",2,5.81678563336159,4.80480314308967,"V",2,5.81678563336159,4.80480314308967,
26,97,"VI",2,5.95563358310909,5.15542005889478,"VI",2,5.95563358310909,5.15542005889478,
26,98,"II",2,4.05450609827878,5.19900432120108,"ii",2,4.08113412608876,5.19900432120108,0.0266280278099824
26,99,"vii",3,6.86688570637402,4.52609310570391,"vii",3,7.25063209331143,4.73052608643126,
26,100,"V",2,5.81678563336159,4.80480314308967,"V",1,5.32758555731781,5.3992196113685,
26,101,"VI",2,5.95563358310909,5.15542005889478,"VI",2,5.95563358310909,5.15542005889478,
26,102,"II",2,4.05450609827878,5.19900432120108,"II",2,4.05450609827878,5.19900432120108,
26,103,"vii",3,6.86688570637402,4.52609310570391,"vii",3,6.86688570637402,4.52609310570391,
,,,,,,,,,,
27,97,"VI",2,5.95563358310909,5.15542005889478,"VI",2,5.95563358310909,5.15542005889478,
27,98,"II",2,4.05450609827878,5.19900432120108,"II",2,4.05450609827878,5.19900432120108,
27,99,"vii",3,6.86688570637402,4.52609310570391,"vii",3,6.86688570637402,4.52609310570391,
27,100,"V",2,5.81678563336159,4.80480314308967,"V",2,5.81678563336159,4.80480314308967,
27,101,"VI",2,5.95563358310909,5.15542005889478,"VI",2,5.95563358310909,5.15542005889478,
27,102,"II",2,4.05450609827878,5.19900432120108,"ii",2,4.08113412608876,5.19900432120108,0.0266280278099824
27,103,"vii",3,6.86688570637402,4.52609310570391,"vii",3,7.25063209331143,4.73052608643126,
27,104,"V",2,5.81678563336159,4.80480314308967,"V",1,5.32758555731781,5.3992196113685,
27,105,"VI",2,5.95563358310909,5.15542005889478,"VI",2,5.95563358310909,5.15542005889478,
27,106,"II",2,4.05450609827878,5.19900432120108,"II",2,4.05450609827878,5.19900432120108,
27,107,"vii",3,6.86688570637402,4.52609310570391,"vii",3,6.86688570637402,4.52609310570391,
,,,,,,,,,,
28,101,"VI",2,5.95563358310909,5.15542005889478,"VI",2,5.95563358310909,5.15542005889478,
28,102,"II",2,4.05450609827878,5.19900432120108,"II",2,4.05450609827878,5.19900432120108,
28,103,"vii",3,6.86688570637402,4.52609310570391,"vii",3,6.86688570637402,4.52609310570391,
28,104,"V",2,5.81678563336159,4.80480314308967,"V",2,5.81678563336159,4.80480314308967,
28,105,"VI",2,5.95563358310909,5.15542005889478,"VI",2,5.95563358310909,5.15542005889478,
28,106,"II",2,4.05450609827878,5.19900432120108,"ii",2,4.08113412608876,5.19900432120108,0.0266280278099824
28,107,"vii",3,6.86688570637402,4.52609310570391,"vii",3,7.25063209331143,4.73052608643126,
28,108,"V",2,5.81678563336159,4.80480314308967,"V",1,5.32758555731781,5.3992196113685,
28,109,"VI",2,5.95563358310909,5.15542005889478,"VI",2,5.95563358310909,5.15542005889478,
28,110,"II",2,4.05450609827878,5.19900432120108,"II",2,4.05450609827878,5.19900432120108,
28,111,"vii",3,6.86688570637402,4.52609310570391,"vii",3,6.86688570637402,4.52609310570391,
,,,,,,,,,,
29,105,"VI",2,5.95563358310909,5.15542005889478,"VI",2,5.95563358310909,5.15542005889478,
29,106,"II",2,4.05450609827878,5.19900432120108,"II",2,4.05450609827878,5.19900432120108,
29,107,"vii",3,6.86688570637402,4.52609310570391,"vii",3,6.86688570637402,4.52609310570391,
29,108,"V",2,5.81678563336159,4.80480314308967,"V",2,5.81678563336159,4.80480314308967,
29,109,"VI",2,5.95563358310909,5.15542005889478,"VI",2,5.95563358310909,5.15542005889478,
29,110,"II",2,4.05450609827878,5.19900432120108,"ii",2,4.08113412608876,5.19900432120108,0.0266280278099824
29,111,"vii",3,6.86688570637402,4.52609310570391,"vii",3,7.25063209331143,4.73052608643126,
29,112,"V",2,5.81678563336159,4.80480314308967,"V",1,5.32758555731781,5.3992196113685,
29,113,"VI",2,5.95563358310909,5.15542005889478,"VI",2,5.95563358310909,5.15542005889478,
29,114,"II",2,4.05450609827878,5.19900432120108,"II",2,4.05450609827878,5.19900432120108,
29,115,"vii",3,6.86688570637402,4.52609310570391,"vii",3,6.86688570637402,4.52609310570391,
,,,,,,,,,,
30,109,"VI",2,5.95563358310909,5.15542005889478,"VI",2,5.95563358310909,5.15542005889478,
30,110,"II",2,4.05450609827878,5.19900432120108,"II",2,4.05450609827878,5.19900432120108,
30,111,"vii",3,6.86688570637402,4.52609310570391,"vii",3,6.86688570637402,4.52609310570391,
30,112,"V",2,5.81678563336159,4.80480314308967,"V",2,5.81678563336159,4.80480314308967,
30,113,"VI",2,5.95563358310909,5.15542005889478,"VI",2,5.95563358310909,5.15542005889478,
30,114,"II",2,4.05450609827878,5.19900432120108,"ii",2,4.08113412608876,5.19900432120108,0.0266280278099824
30,115,"vii",3,6.86688570637402,4.52609310570391,"vii",3,7.25063209331143,4.73052608643126,
30,116,"V",2,5.81678563336159,4.80480314308967,"V",1,5.32758555731781,5.3992196113685,
30,117,"r",2,2.27547963399716,5.15542005889478,"r",2,2.27547963399716,5.15542005889478,
30,118,"r",3,1.47459178372921,3.46772226098909,"r",3,1.47459178372921,3.46772226098909,
,,,,,,,,,,
31,25,"V",3,3.30051999937434,4.99467224957682,"V",3,3.30051999937434,4.99467224957682,
31,26,"IV",4,3.36747443300461,4.99907374065539,"IV",4,3.36747443300461,4.99907374065539,
31,27,"V",5,2.23864488090004,4.3891747045051,"V",5,2.23864488090004,4.3891747045051,
31,28,"II",6,5.55395601340954,4.57049013326069,"II",6,5.55395601340954,4.57049013326069,
31,29,"vii",4,7.35634128979105,3.80373184906013,"vii",4,7.35634128979105,3.80373184906013,
31,30,"V",2,5.81678563336159,4.80480314308967,"IV",2,5.84346454312925,4.80480314308967,0.0266789097676536
31,31,"VI",2,5.95563358310909,5.15542005889478,"VI",2,5.97714827272272,5.0136084933435,
31,32,"II",2,4.05450609827878,5.19900432120108,"II",2,3.40231867251646,5.03850347483578,
31,33,"vii",3,6.86688570637402,4.52609310570391,"vii",3,7.22803326838928,3.83961254137099,
31,34,"V",2,5.81678563336159,4.80480314308967,"V",2,5.81678563336159,4.80480314308967,
31,35,"VI",2,5.95563358310909,5.15542005889478,"VI",2,5.95563358310909,5.15542005889478,
,,,,,,,,,,
32,29,"vii",4,7.35634128979105,3.80373184906013,"vii",4,7.35634128979105,3.80373184906013,
32,30,"V",2,5.81678563336159,4.80480314308967,"V",2,5.81678563336159,4.80480314308967,
32,31,"VI",2,5.95563358310909,5.15542005889478,"VI",2,5.95563358310909,5.15542005889478,
32,32,"II",2,4.05450609827878,5.19900432120108,"II",2,4.05450609827878,5.19900432120108,
32,33,"vii",3,6.86688570637402,4.52609310570391,"vii",3,6.86688570637402,4.52609310570391,
32,34,"V",2,5.81678563336159,4.80480314308967,"IV",2,5.84346454312925,4.80480314308967,0.0266789097676536
32,35,"VI",2,5.95563358310909,5.15542005889478,"VI",2,5.97714827272272,5.0136084933435,
32,36,"V",2,3.9538765807652,5.19900432120108,"V",2,5.26289953220464,5.03850347483578,
32,37,"V",3,4.36884280238272,4.9460971050332,"V",2,3.9957441968074,5.30634351107222,
32,38,"I",3,2.97589278920398,5.08524501436401,"I",3,2.97589278920398,5.08524501436401,
32,39,"I",4,2.15908789504544,4.90357390112031,"I",4,2.15908789504544,4.90357390112031,
,,,,,,,,,,
33,53,"V",3,3.30051999937434,4.99467224957682,"V",3,3.30051999937434,4.99467224957682,
33,54,"IV",4,3.36747443300461,4.99907374065539,"IV",4,3.36747443300461,4.99907374065539,
33,55,"V",5,2.23864488090004,4.3891747045051,"V",5,2.23864488090004,4.3891747045051,
33,56,"II",6,5.55395601340954,4.57049013326069,"II",6,5.55395601340954,4.57049013326069,
33,57,"vii",4,7.35634128979105,3.80373184906013,"vii",4,7.35634128979105,3.80373184906013,
33,58,"V",2,5.81678563336159,4.80480314308967,"IV",2,5.84346454312925,4.80480314308967,0.0266789097676536
33,59,"VI",2,5.95563358310909,5.15542005889478,"VI",2,5.97714827272272,5.0136084933435,
33,60,"II",2,4.05450609827878,5.19900432120108,"II",2,3.40231867251646,5.03850347483578,
33,61,"vii",3,6.86688570637402,4.52609310570391,"vii",3,7.22803326838928,3.83961254137099,
33,62,"V",2,5.81678563336159,4.80480314308967,"V",2,5.81678563336159,4.80480314308967,
33,63,"VI",2,5.95563358310909,5.15542005889478,"VI",2,5.95563358310909,5.15542005889478,
,,,,,,,,,,
34,57,"vii",4,7.35634128979105,3.80373184906013,"vii",4,7.35634128979105,3.80373184906013,
34,58,"V",2,5.81678563336159,4.80480314308967,"V",2,5.81678563336159,4.80480314308967,
34,59,"VI",2,5.95563358310909,5.15542005889478,"VI",2,5.95563358310909,5.15542005889478,
34,60,"II",2,4.05450609827878,5.19900432120108,"II",2,4.05450609827878,5.19900432120108,
34,61,"vii",3,6.86688570637402,4.52609310570391,"vii",3,6.86688570637402,4.52609310570391,
34,62,"V",2,5.81678563336159,4.80480314308967,"IV",2,5.84346454312925,4.80480314308967,0.0266789097676536
34,63,"VI",2,5.95563358310909,5.15542005889478,"VI",2,5.97714827272272,5.0136084933435,
34,64,"II",2,4.05450609827878,5.19900432120108,"II",2,3.40231867251646,5.03850347483578,
34,65,"-VII",3,6.07388607729348,4.52609310570391,"-VII",3,6.43503363930874,3.83961254137099,
34,66,"II",2,4.84171962498617,5.22111218595544,"II",2,4.84171962498617,5.22111218595544,
34,67,"-VII",3,5.85373556784809,4.62488592517169,"-VII",3,5.85373556784809,4.62488592517169,
,,,,,,,,,,
35,91,"V",3,3.30051999937434,4.99467224957682,"V",3,3.30051999937434,4.99467224957682,
35,92,"IV",4,3.36747443300461,4.99907374065539,"IV",4,3.36747443300461,4.99907374065539,
35,93,"V",5,2.23864488090004,4.3891747045051,"V",5,2.23864488090004,4.3891747045051,
35,94,"II",6,5.55395601340954,4.57049013326069,"II",6,5.55395601340954,4.57049013326069,
35,95,"vii",4,7.35634128979105,3.80373184906013,"vii",4,7.35634128979105,3.80373184906013,
35,96,"V",2,5.81678563336159,4.80480314308967,"IV",2,5.84346454312925,4.80480314308967,0.0266789097676536
35,97,"VI",2,5.95563358310909,5.15542005889478,"VI",2,5.97714827272272,5.0136084933435,
35,98,"II",2,4.05450609827878,5.19900432120108,"II",2,3.40231867251646,5.03850347483578,
35,99,"vii",3,6.86688570637402,4.52609310570391,"vii",3,7.22803326838928,3.83961254137099,
35,100,"V",2,5.81678563336159,4.80480314308967,"V",2,5.81678563336159,4.80480314308967,
35,101,"VI",2,5.95563358310909,5.15542005889478,"VI",2,5.95563358310909,5.15542005889478,
,,,,,,,,,,
36,95,"vii",4,7.35634128979105,3.80373184906013,"vii",4,7.35634128979105,3.80373184906013,
36,96,"V",2,5.81678563336159,4.80480314308967,"V",2,5.81678563336159,4.80480314308967,
36,97,"VI",2,5.95563358310909,5.15542005889478,"VI",2,5.95563358310909,5.15542005889478,
36,98,"II",2,4.05450609827878,5.19900432120108,"II",2,4.05450609827878,5.19900432120108,
36,99,"vii",3,6.86688570637402,4.52609310570391,"vii",3,6.86688570637402,4.52609310570391,
36,100,"V",2,5.81678563336159,4.80480314308967,"IV",2,5.84346454312925,4.80480314308967,0.0266789097676536
36,101,"VI",2,5.95563358310909,5.15542005889478,"VI",2,5.97714827272272,5.0136084933435,
36,102,"II",2,4.05450609827878,5.19900432120108,"II",2,3.40231867251646,5.03850347483578,
36,103,"vii",3,6.86688570637402,4.52609310570391,"vii",3,7.22803326838928,3.83961254137099,
36,104,"V",2,5.81678563336159,4.80480314308967,"V",2,5.81678563336159,4.80480314308967,
36,105,"VI",2,5.95563358310909,5.15542005889478,"VI",2,5.95563358310909,5.15542005889478,
,,,,,,,,,,
37,99,"vii",3,6.86688570637402,4.52609310570391,"vii",3,6.86688570637402,4.52609310570391,
37,100,"V",2,5.81678563336159,4.80480314308967,"V",2,5.81678563336159,4.80480314308967,
37,101,"VI",2,5.95563358310909,5.15542005889478,"VI",2,5.95563358310909,5.15542005889478,
37,102,"II",2,4.05450609827878,5.19900432120108,"II",2,4.05450609827878,5.19900432120108,
37,103,"vii",3,6.86688570637402,4.52609310570391,"vii",3,6.86688570637402,4.52609310570391,
37,104,"V",2,5.81678563336159,4.80480314308967,"IV",2,5.84346454312925,4.80480314308967,0.0266789097676536
37,105,"VI",2,5.95563358310909,5.15542005889478,"VI",2,5.97714827272272,5.0136084933435,
37,106,"II",2,4.05450609827878,5.19900432120108,"II",2,3.40231867251646,5.03850347483578,
37,107,"vii",3,6.86688570637402,4.52609310570391,"vii",3,7.22803326838928,3.83961254137099,
37,108,"V",2,5.81678563336159,4.80480314308967,"V",2,5.81678563336159,4.80480314308967,
37,109,"VI",2,5.95563358310909,5.15542005889478,"VI",2,5.95563358310909,5.15542005889478,
,,,,,,,,,,
38,103,"vii",3,6.86688570637402,4.52609310570391,"vii",3,6.86688570637402,4.52609310570391,
38,104,"V",2,5.81678563336159,4.80480314308967,"V",2,5.81678563336159,4.80480314308967,
38,105,"VI",2,5.95563358310909,5.15542005889478,"VI",2,5.95563358310909,5.15542005889478,
38,106,"II",2,4.05450609827878,5.19900432120108,"II",2,4.05450609827878,5.19900432120108,
38,107,"vii",3,6.86688570637402,4.52609310570391,"vii",3,6.86688570637402,4.52609310570391,
38,108,"V",2,5.81678563336159,4.80480314308967,"IV",2,5.84346454312925,4.80480314308967,0.0266789097676536
38,109,"VI",2,5.95563358310909,5.15542005889478,"VI",2,5.97714827272272,5.0136084933435,
38,110,"II",2,4.05450609827878,5.19900432120108,"II",2,3.40231867251646,5.03850347483578,
38,111,"vii",3,6.86688570637402,4.52609310570391,"vii",3,7.22803326838928,3.83961254137099,
38,112,"V",2,5.81678563336159,4.80480314308967,"V",2,5.81678563336159,4.80480314308967,
38,113,"VI",2,5.95563358310909,5.15542005889478,"VI",2,5.95563358310909,5.15542005889478,
,,,,,,,,,,
39,107,"vii",3,6.86688570637402,4.52609310570391,"vii",3,6.86688570637402,4.52609310570391,
39,108,"V",2,5.81678563336159,4.80480314308967,"V",2,5.81678563336159,4.80480314308967,
39,109,"VI",2,5.95563358310909,5.15542005889478,"VI",2,5.95563358310909,5.15542005889478,
39,110,"II",2,4.05450609827878,5.19900432120108,"II",2,4.05450609827878,5.19900432120108,
39,111,"vii",3,6.86688570637402,4.52609310570391,"vii",3,6.86688570637402,4.52609310570391,
39,112,"V",2,5.81678563336159,4.80480314308967,"IV",2,5.84346454312925,4.80480314308967,0.0266789097676536
39,113,"VI",2,5.95563358310909,5.15542005889478,"VI",2,5.97714827272272,5.0136084933435,
39,114,"II",2,4.05450609827878,5.19900432120108,"II",2,3.40231867251646,5.03850347483578,
39,115,"vii",3,6.86688570637402,4.52609310570391,"vii",3,7.22803326838928,3.83961254137099,
39,116,"V",2,5.81678563336159,4.80480314308967,"V",2,5.81678563336159,4.80480314308967,
39,117,"r",2,2.27547963399716,5.15542005889478,"r",2,2.27547963399716,5.15542005889478,
,,,,,,,,,,
40,111,"vii",3,6.86688570637402,4.52609310570391,"vii",3,6.86688570637402,4.52609310570391,
40,112,"V",2,5.81678563336159,4.80480314308967,"V",2,5.81678563336159,4.80480314308967,
40,113,"VI",2,5.95563358310909,5.15542005889478,"VI",2,5.95563358310909,5.15542005889478,
40,114,"II",2,4.05450609827878,5.19900432120108,"II",2,4.05450609827878,5.19900432120108,
40,115,"vii",3,6.86688570637402,4.52609310570391,"vii",3,6.86688570637402,4.52609310570391,
40,116,"V",2,5.81678563336159,4.80480314308967,"IV",2,5.84346454312925,4.80480314308967,0.0266789097676536
40,117,"r",2,2.27547963399716,5.15542005889478,"r",2,3.06481785221397,5.0136084933435,
40,118,"r",3,1.47459178372921,3.46772226098909,"r",2,1.84205754498208,3.69922762326974,
,,,,,,,,,,
41,60,"II",2,4.05450609827878,5.19900432120108,"II",2,4.05450609827878,5.19900432120108,
41,61,"vii",3,6.86688570637402,4.52609310570391,"vii",3,6.86688570637402,4.52609310570391,
41,62,"V",2,5.81678563336159,4.80480314308967,"V",2,5.81678563336159,4.80480314308967,
41,63,"VI",2,5.95563358310909,5.15542005889478,"VI",2,5.95563358310909,5.15542005889478,
41,64,"II",2,4.05450609827878,5.19900432120108,"II",2,4.05450609827878,5.19900432120108,
41,65,"-VII",3,6.07388607729348,4.52609310570391,"v",3,6.10148363585751,4.52609310570391,0.0275975585640298
41,66,"II",2,4.84171962498617,5.22111218595544,"II",2,6.19471602570306,5.22023279503297,
41,67,"-VII",3,5.85373556784809,4.62488592517169,"-VII",2,5.49455035356009,5.13502073940912,
41,68,"-III",2,5.53739935517116,5.22111218595544,"-III",2,5.53739935517116,5.22111218595544,
41,69,"-III",2,4.53299718069635,5.32515803837579,"-III",2,4.53299718069635,5.32515803837579,
41,70,"-III",3,3.86844491514367,5.23746878077019,"-III",3,3.86844491514367,5.23746878077019,
,,,,,,,,,,
42,15,"V",3,4.85883759462217,5.00088406603636,"V",3,4.85883759462217,5.00088406603636,
42,16,"IV",3,5.13273438088123,4.542598849633,"IV",3,5.13273438088123,4.542598849633,
42,17,"V",3,3.30051999937434,4.99467224957682,"V",3,3.30051999937434,4.99467224957682,
42,18,"I",4,3.22917761346208,4.99907374065539,"I",4,3.22917761346208,4.99907374065539,
42,19,"I",5,3.58680330018962,5.09632833764688,"I",5,3.58680330018962,5.09632833764688,
42,20,"VI",6,6.14714845131629,4.68877571907221,"v",6,6.18826745191144,4.68877571907221,0.0411190005951543
42,21,"VI",4,2.31995197999965,4.4489397970087,"VI",4,6.13764312573763,3.54479371302138,
42,22,"IV",5,5.0344465208091,4.44744048327616,"IV",3,5.61393526042955,4.6015775425689,
42,23,"V",3,4.85883759462217,5.00088406603636,"V",2,4.4696077209243,5.35543988498684,
42,24,"IV",3,5.13273438088123,4.542598849633,"IV",3,5.13273438088123,4.542598849633,
42,25,"V",3,3.30051999937434,4.99467224957682,"V",3,3.30051999937434,4.99467224957682,
,,,,,,,,,,
43,43,"V",3,4.85883759462217,5.00088406603636,"V",3,4.85883759462217,5.00088406603636,
43,44,"IV",3,5.13273438088123,4.542598849633,"IV",3,5.13273438088123,4.542598849633,
43,45,"V",3,3.30051999937434,4.99467224957682,"V",3,3.30051999937434,4.99467224957682,
43,46,"I",4,3.22917761346208,4.99907374065539,"I",4,3.22917761346208,4.99907374065539,
43,47,"I",5,3.58680330018962,5.09632833764688,"I",5,3.58680330018962,5.09632833764688,
43,48,"VI",6,6.14714845131629,4.68877571907221,"v",6,6.18826745191144,4.68877571907221,0.0411190005951543
43,49,"VI",4,2.31995197999965,4.4489397970087,"VI",4,6.13764312573763,3.54479371302138,
43,50,"IV",5,5.0344465208091,4.44744048327616,"IV",3,5.61393526042955,4.6015775425689,
43,51,"V",3,4.85883759462217,5.00088406603636,"V",2,4.4696077209243,5.35543988498684,
43,52,"IV",3,5.13273438088123,4.542598849633,"IV",3,5.13273438088123,4.542598849633,
43,53,"V",3,3.30051999937434,4.99467224957682,"V",3,3.30051999937434,4.99467224957682,
,,,,,,,,,,
44,81,"V",3,4.85883759462217,5.00088406603636,"V",3,4.85883759462217,5.00088406603636,
44,82,"IV",3,5.13273438088123,4.542598849633,"IV",3,5.13273438088123,4.542598849633,
44,83,"V",3,3.30051999937434,4.99467224957682,"V",3,3.30051999937434,4.99467224957682,
44,84,"I",4,3.22917761346208,4.99907374065539,"I",4,3.22917761346208,4.99907374065539,
44,85,"I",5,3.58680330018962,5.09632833764688,"I",5,3.58680330018962,5.09632833764688,
44,86,"VI",6,6.14714845131629,4.68877571907221,"v",6,6.18826745191144,4.68877571907221,0.0411190005951543
44,87,"VI",4,2.31995197999965,4.4489397970087,"VI",4,6.13764312573763,3.54479371302138,
44,88,"IV",5,5.0344465208091,4.44744048327616,"IV",3,5.61393526042955,4.6015775425689,
44,89,"V",3,4.85883759462217,5.00088406603636,"V",2,4.4696077209243,5.35543988498684,
44,90,"IV",3,5.13273438088123,4.542598849633,"IV",3,5.13273438088123,4.542598849633,
44,91,"V",3,3.30051999937434,4.99467224957682,"V",3,3.30051999937434,4.99467224957682,
,,,,,,,,,,
45,3,"r",2,1.8568681331697,3.69441942735652,"r",2,1.8568681331697,3.69441942735652,
45,4,"r",3,1.61043997099644,3.5024200455243,"r",3,1.61043997099644,3.5024200455243,
45,5,"r",4,1.62089453593253,3.53300891039449,"r",4,1.62089453593253,3.53300891039449,
45,6,"V",5,4.26475764533946,3.45365630384688,"V",5,4.26475764533946,3.45365630384688,
45,7,"V",6,1.51500604146192,3.47464966388383,"V",6,1.51500604146192,3.47464966388383,
45,8,"iii",5,7.03868254844571,2.94320551377216,"II",5,6.99470229885282,2.94320551377216,0.0439802495928987
45,9,"II",3,6.11733434910111,5.01448064560795,"II",3,3.24591402236096,5.03540288841784,
45,10,"I",2,4.17008060469873,5.26705662826682,"I",4,3.23041426951247,5.02922983085916,
45,11,"I",3,2.09293117017978,4.89827794823965,"I",5,2.33898769948569,4.68586814237196,
45,12,"VI",4,5.27017026575224,4.87812683349361,"VI",5,5.4452021752805,4.78026097198091,
45,13,"VI",4,3.40304234389724,4.52382821895679,"VI",4,3.40304234389724,4.52382821895679,
,,,,,,,,,,
46,14,"IV",4,4.79308055258711,4.77402358100998,"IV",4,4.79308055258711,4.77402358100998,
46,15,"V",3,4.85883759462217,5.00088406603636,"V",3,4.85883759462217,5.00088406603636,
46,16,"IV",3,5.13273438088123,4.542598849633,"IV",3,5.13273438088123,4.542598849633,
46,17,"V",3,3.30051999937434,4.99467224957682,"V",3,3.30051999937434,4.99467224957682,
46,18,"I",4,3.22917761346208,4.99907374065539,"I",4,3.22917761346208,4.99907374065539,
46,19,"I",5,3.58680330018962,5.09632833764688,"V",5,3.53951632322266,5.09632833764688,0.0472869769669635
46,20,"VI",6,6.14714845131629,4.68877571907221,"VI",6,6.96851281925056,4.15477540373224,
46,21,"VI",4,2.31995197999965,4.4489397970087,"VI",3,4.34180586610515,4.22820466382669,
46,22,"IV",5,5.0344465208091,4.44744048327616,"IV",3,4.53333042110896,5.0725679389473,
46,23,"V",3,4.85883759462217,5.00088406603636,"V",3,4.85883759462217,5.00088406603636,
46,24,"IV",3,5.13273438088123,4.542598849633,"IV",3,5.13273438088123,4.542598849633,
,,,,,,,,,,
47,42,"IV",5,5.0344465208091,4.44744048327616,"IV",5,5.0344465208091,4.44744048327616,
47,43,"V",3,4.85883759462217,5.00088406603636,"V",3,4.85883759462217,5.00088406603636,
47,44,"IV",3,5.13273438088123,4.542598849633,"IV",3,5.13273438088123,4.542598849633,
47,45,"V",3,3.30051999937434,4.99467224957682,"V",3,3.30051999937434,4.99467224957682,
47,46,"I",4,3.22917761346208,4.99907374065539,"I",4,3.22917761346208,4.99907374065539,
47,47,"I",5,3.58680330018962,5.09632833764688,"V",5,3.53951632322266,5.09632833764688,0.0472869769669635
47,48,"VI",6,6.14714845131629,4.68877571907221,"VI",6,6.96851281925056,4.15477540373224,
47,49,"VI",4,2.31995197999965,4.4489397970087,"VI",3,4.34180586610515,4.22820466382669,
47,50,"IV",5,5.0344465208091,4.44744048327616,"IV",3,4.53333042110896,5.0725679389473,
47,51,"V",3,4.85883759462217,5.00088406603636,"V",3,4.85883759462217,5.00088406603636,
47,52,"IV",3,5.13273438088123,4.542598849633,"IV",3,5.13273438088123,4.542598849633,
,,,,,,,,,,
48,80,"IV",4,4.79308055258711,4.77402358100998,"IV",4,4.79308055258711,4.77402358100998,
48,81,"V",3,4.85883759462217,5.00088406603636,"V",3,4.85883759462217,5.00088406603636,
48,82,"IV",3,5.13273438088123,4.542598849633,"IV",3,5.13273438088123,4.542598849633,
48,83,"V",3,3.30051999937434,4.99467224957682,"V",3,3.30051999937434,4.99467224957682,
48,84,"I",4,3.22917761346208,4.99907374065539,"I",4,3.22917761346208,4.99907374065539,
48,85,"I",5,3.58680330018962,5.09632833764688,"V",5,3.53951632322266,5.09632833764688,0.0472869769669635
48,86,"VI",6,6.14714845131629,4.68877571907221,"VI",6,6.96851281925056,4.15477540373224,
48,87,"VI",4,2.31995197999965,4.4489397970087,"VI",3,4.34180586610515,4.22820466382669,
48,88,"IV",5,5.0344465208091,4.44744048327616,"IV",3,4.53333042110896,5.0725679389473,
48,89,"V",3,4.85883759462217,5.00088406603636,"V",3,4.85883759462217,5.00088406603636,
48,90,"IV",3,5.13273438088123,4.542598849633,"IV",3,5.13273438088123,4.542598849633,
,,,,,,,,,,
49,25,"V",3,3.30051999937434,4.99467224957682,"V",3,3.30051999937434,4.99467224957682,
49,26,"IV",4,3.36747443300461,4.99907374065539,"IV",4,3.36747443300461,4.99907374065539,
49,27,"V",5,2.23864488090004,4.3891747045051,"V",5,2.23864488090004,4.3891747045051,
49,28,"II",6,5.55395601340954,4.57049013326069,"II",6,5.55395601340954,4.57049013326069,
49,29,"vii",4,7.35634128979105,3.80373184906013,"vii",4,7.35634128979105,3.80373184906013,
49,30,"V",2,5.81678563336159,4.80480314308967,"ii",2,5.87064612039199,4.80480314308967,0.0538604870303914
49,31,"VI",2,5.95563358310909,5.15542005889478,"VI",2,5.88890147624695,4.99043311711294,
49,32,"II",2,4.05450609827878,5.19900432120108,"II",2,4.90987813767912,5.00899133492425,
49,33,"vii",3,6.86688570637402,4.52609310570391,"vii",2,6.520706304886,5.03947582136817,
49,34,"V",2,5.81678563336159,4.80480314308967,"V",2,5.81678563336159,4.80480314308967,
49,35,"VI",2,5.95563358310909,5.15542005889478,"VI",2,5.95563358310909,5.15542005889478,
,,,,,,,,,,
50,29,"vii",4,7.35634128979105,3.80373184906013,"vii",4,7.35634128979105,3.80373184906013,
50,30,"V",2,5.81678563336159,4.80480314308967,"V",2,5.81678563336159,4.80480314308967,
50,31,"VI",2,5.95563358310909,5.15542005889478,"VI",2,5.95563358310909,5.15542005889478,
50,32,"II",2,4.05450609827878,5.19900432120108,"II",2,4.05450609827878,5.19900432120108,
50,33,"vii",3,6.86688570637402,4.52609310570391,"vii",3,6.86688570637402,4.52609310570391,
50,34,"V",2,5.81678563336159,4.80480314308967,"ii",2,5.87064612039199,4.80480314308967,0.0538604870303914
50,35,"VI",2,5.95563358310909,5.15542005889478,"VI",2,5.88890147624695,4.99043311711294,
50,36,"V",2,3.9538765807652,5.19900432120108,"V",2,4.13110879998614,5.00899133492425,
50,37,"V",3,4.36884280238272,4.9460971050332,"V",3,4.32389392318987,4.77493572119512,
50,38,"I",3,2.97589278920398,5.08524501436401,"I",3,2.97589278920398,5.08524501436401,
50,39,"I",4,2.15908789504544,4.90357390112031,"I",4,2.15908789504544,4.90357390112031,
,,,,,,,,,,
51,53,"V",3,3.30051999937434,4.99467224957682,"V",3,3.30051999937434,4.99467224957682,
51,54,"IV",4,3.36747443300461,4.99907374065539,"IV",4,3.36747443300461,4.99907374065539,
51,55,"V",5,2.23864488090004,4.3891747045051,"V",5,2.23864488090004,4.3891747045051,
51,56,"II",6,5.55395601340954,4.57049013326069,"II",6,5.55395601340954,4.57049013326069,
51,57,"vii",4,7.35634128979105,3.80373184906013,"vii",4,7.35634128979105,3.80373184906013,
51,58,"V",2,5.81678563336159,4.80480314308967,"ii",2,5.87064612039199,4.80480314308967,0.0538604870303914
51,59,"VI",2,5.95563358310909,5.15542005889478,"VI",2,5.88890147624695,4.99043311711294,
51,60,"II",2,4.05450609827878,5.19900432120108,"II",2,4.90987813767912,5.00899133492425,
51,61,"vii",3,6.86688570637402,4.52609310570391,"vii",2,6.520706304886,5.03947582136817,
51,62,"V",2,5.81678563336159,4.80480314308967,"V",2,5.81678563336159,4.80480314308967,
51,63,"VI",2,5.95563358310909,5.15542005889478,"VI",2,5.95563358310909,5.15542005889478,
,,,,,,,,,,
52,57,"vii",4,7.35634128979105,3.80373184906013,"vii",4,7.35634128979105,3.80373184906013,
52,58,"V",2,5.81678563336159,4.80480314308967,"V",2,5.81678563336159,4.80480314308967,
52,59,"VI",2,5.95563358310909,5.15542005889478,"VI",2,5.95563358310909,5.15542005889478,
52,60,"II",2,4.05450609827878,5.19900432120108,"II",2,4.05450609827878,5.19900432120108,
52,61,"vii",3,6.86688570637402,4.52609310570391,"vii",3,6.86688570637402,4.52609310570391,
52,62,"V",2,5.81678563336159,4.80480314308967,"ii",2,5.87064612039199,4.80480314308967,0.0538604870303914
52,63,"VI",2,5.95563358310909,5.15542005889478,"VI",2,5.88890147624695,4.99043311711294,
52,64,"II",2,4.05450609827878,5.19900432120108,"II",2,4.90987813767912,5.00899133492425,
52,65,"-VII",3,6.07388607729348,4.52609310570391,"-VII",2,5.72770667580547,5.03947582136817,
52,66,"II",2,4.84171962498617,5.22111218595544,"II",2,4.84171962498617,5.22111218595544,
52,67,"-VII",3,5.85373556784809,4.62488592517169,"-VII",3,5.85373556784809,4.62488592517169,
,,,,,,,,,,
53,91,"V",3,3.30051999937434,4.99467224957682,"V",3,3.30051999937434,4.99467224957682,
53,92,"IV",4,3.36747443300461,4.99907374065539,"IV",4,3.36747443300461,4.99907374065539,
53,93,"V",5,2.23864488090004,4.3891747045051,"V",5,2.23864488090004,4.3891747045051,
53,94,"II",6,5.55395601340954,4.57049013326069,"II",6,5.55395601340954,4.57049013326069,
53,95,"vii",4,7.35634128979105,3.80373184906013,"vii",4,7.35634128979105,3.80373184906013,
53,96,"V",2,5.81678563336159,4.80480314308967,"ii",2,5.87064612039199,4.80480314308967,0.0538604870303914
53,97,"VI",2,5.95563358310909,5.15542005889478,"VI",2,5.88890147624695,4.99043311711294,
53,98,"II",2,4.05450609827878,5.19900432120108,"II",2,4.90987813767912,5.00899133492425,
53,99,"vii",3,6.86688570637402,4.52609310570391,"vii",2,6.520706304886,5.03947582136817,
53,100,"V",2,5.81678563336159,4.80480314308967,"V",2,5.81678563336159,4.80480314308967,
53,101,"VI",2,5.95563358310909,5.15542005889478,"VI",2,5.95563358310909,5.15542005889478,
,,,,,,,,,,
54,95,"vii",4,7.35634128979105,3.80373184906013,"vii",4,7.35634128979105,3.80373184906013,
54,96,"V",2,5.81678563336159,4.80480314308967,"V",2,5.81678563336159,4.80480314308967,
54,97,"VI",2,5.95563358310909,5.15542005889478,"VI",2,5.95563358310909,5.15542005889478,
54,98,"II",2,4.05450609827878,5.19900432120108,"II",2,4.05450609827878,5.19900432120108,
54,99,"vii",3,6.86688570637402,4.52609310570391,"vii",3,6.86688570637402,4.52609310570391,
54,100,"V",2,5.81678563336159,4.80480314308967,"ii",2,5.87064612039199,4.80480314308967,0.0538604870303914
54,101,"VI",2,5.95563358310909,5.15542005889478,"VI",2,5.88890147624695,4.99043311711294,
54,102,"II",2,4.05450609827878,5.19900432120108,"II",2,4.90987813767912,5.00899133492425,
54,103,"vii",3,6.86688570637402,4.52609310570391,"vii",2,6.520706304886,5.03947582136817,
54,104,"V",2,5.81678563336159,4.80480314308967,"V",2,5.81678563336159,4.80480314308967,
54,105,"VI",2,5.95563358310909,5.15542005889478,"VI",2,5.95563358310909,5.15542005889478,
,,,,,,,,,,
55,99,"vii",3,6.86688570637402,4.52609310570391,"vii",3,6.86688570637402,4.52609310570391,
55,100,"V",2,5.81678563336159,4.80480314308967,"V",2,5.81678563336159,4.80480314308967,
55,101,"VI",2,5.95563358310909,5.15542005889478,"VI",2,5.95563358310909,5.15542005889478,
55,102,"II",2,4.05450609827878,5.19900432120108,"II",2,4.05450609827878,5.19900432120108,
55,103,"vii",3,6.86688570637402,4.52609310570391,"vii",3,6.86688570637402,4.52609310570391,
55,104,"V",2,5.81678563336159,4.80480314308967,"ii",2,5.87064612039199,4.80480314308967,0.0538604870303914
55,105,"VI",2,5.95563358310909,5.15542005889478,"VI",2,5.88890147624695,4.99043311711294,
55,106,"II",2,4.05450609827878,5.19900432120108,"II",2,4.90987813767912,5.00899133492425,
55,107,"vii",3,6.86688570637402,4.52609310570391,"vii",2,6.520706304886,5.03947582136817,
55,108,"V",2,5.81678563336159,4.80480314308967,"V",2,5.81678563336159,4.80480314308967,
55,109,"VI",2,5.95563358310909,5.15542005889478,"VI",2,5.95563358310909,5.15542005889478,
,,,,,,,,,,
56,103,"vii",3,6.86688570637402,4.52609310570391,"vii",3,6.86688570637402,4.52609310570391,
56,104,"V",2,5.81678563336159,4.80480314308967,"V",2,5.81678563336159,4.80480314308967,
56,105,"VI",2,5.95563358310909,5.15542005889478,"VI",2,5.95563358310909,5.15542005889478,
56,106,"II",2,4.05450609827878,5.19900432120108,"II",2,4.05450609827878,5.19900432120108,
56,107,"vii",3,6.86688570637402,4.52609310570391,"vii",3,6.86688570637402,4.52609310570391,
56,108,"V",2,5.81678563336159,4.80480314308967,"ii",2,5.87064612039199,4.80480314308967,0.0538604870303914
56,109,"VI",2,5.95563358310909,5.15542005889478,"VI",2,5.88890147624695,4.99043311711294,
56,110,"II",2,4.05450609827878,5.19900432120108,"II",2,4.90987813767912,5.00899133492425,
56,111,"vii",3,6.86688570637402,4.52609310570391,"vii",2,6.520706304886,5.03947582136817,
56,112,"V",2,5.81678563336159,4.80480314308967,"V",2,5.81678563336159,4.80480314308967,
56,113,"VI",2,5.95563358310909,5.15542005889478,"VI",2,5.95563358310909,5.15542005889478,
,,,,,,,,,,
57,107,"vii",3,6.86688570637402,4.52609310570391,"vii",3,6.86688570637402,4.52609310570391,
57,108,"V",2,5.81678563336159,4.80480314308967,"V",2,5.81678563336159,4.80480314308967,
57,109,"VI",2,5.95563358310909,5.15542005889478,"VI",2,5.95563358310909,5.15542005889478,
57,110,"II",2,4.05450609827878,5.19900432120108,"II",2,4.05450609827878,5.19900432120108,
57,111,"vii",3,6.86688570637402,4.52609310570391,"vii",3,6.86688570637402,4.52609310570391,
57,112,"V",2,5.81678563336159,4.80480314308967,"ii",2,5.87064612039199,4.80480314308967,0.0538604870303914
57,113,"VI",2,5.95563358310909,5.15542005889478,"VI",2,5.88890147624695,4.99043311711294,
57,114,"II",2,4.05450609827878,5.19900432120108,"II",2,4.90987813767912,5.00899133492425,
57,115,"vii",3,6.86688570637402,4.52609310570391,"vii",2,6.520706304886,5.03947582136817,
57,116,"V",2,5.81678563336159,4.80480314308967,"V",2,5.81678563336159,4.80480314308967,
57,117,"r",2,2.27547963399716,5.15542005889478,"r",2,2.27547963399716,5.15542005889478,
,,,,,,,,,,
58,111,"vii",3,6.86688570637402,4.52609310570391,"vii",3,6.86688570637402,4.52609310570391,
58,112,"V",2,5.81678563336159,4.80480314308967,"V",2,5.81678563336159,4.80480314308967,
58,113,"VI",2,5.95563358310909,5.15542005889478,"VI",2,5.95563358310909,5.15542005889478,
58,114,"II",2,4.05450609827878,5.19900432120108,"II",2,4.05450609827878,5.19900432120108,
58,115,"vii",3,6.86688570637402,4.52609310570391,"vii",3,6.86688570637402,4.52609310570391,
58,116,"V",2,5.81678563336159,4.80480314308967,"ii",2,5.87064612039199,4.80480314308967,0.0538604870303914
58,117,"r",2,2.27547963399716,5.15542005889478,"r",2,3.13132223771358,4.99043311711294,
58,118,"r",3,1.47459178372921,3.46772226098909,"r",2,1.17851297664686,2.77902868183688,
,,,,,,,,,,
59,3,"r",2,1.8568681331697,3.69441942735652,"r",2,1.8568681331697,3.69441942735652,
59,4,"r",3,1.61043997099644,3.5024200455243,"r",3,1.61043997099644,3.5024200455243,
59,5,"r",4,1.62089453593253,3.53300891039449,"r",4,1.62089453593253,3.53300891039449,
59,6,"V",5,4.26475764533946,3.45365630384688,"V",5,4.26475764533946,3.45365630384688,
59,7,"V",6,1.51500604146192,3.47464966388383,"V",6,1.51500604146192,3.47464966388383,
59,8,"iii",5,7.03868254844571,2.94320551377216,"-III",5,7.10072223688185,2.94320551377216,0.0620396884361325
59,9,"II",3,6.11733434910111,5.01448064560795,"II",3,6.20151155743352,4.83621440432797,
59,10,"I",2,4.17008060469873,5.26705662826682,"I",2,4.15791386850233,5.23661014774361,
59,11,"I",3,2.09293117017978,4.89827794823965,"I",3,4.2559510535277,4.90863739293337,
59,12,"VI",4,5.27017026575224,4.87812683349361,"VI",3,5.01650587534959,5.28583672678786,
59,13,"VI",4,3.40304234389724,4.52382821895679,"VI",4,3.40304234389724,4.52382821895679,
,,,,,,,,,,
60,26,"IV",4,3.36747443300461,4.99907374065539,"IV",4,3.36747443300461,4.99907374065539,
60,27,"V",5,2.23864488090004,4.3891747045051,"V",5,2.23864488090004,4.3891747045051,
60,28,"II",6,5.55395601340954,4.57049013326069,"II",6,5.55395601340954,4.57049013326069,
60,29,"vii",4,7.35634128979105,3.80373184906013,"vii",4,7.35634128979105,3.80373184906013,
60,30,"V",2,5.81678563336159,4.80480314308967,"V",2,5.81678563336159,4.80480314308967,
60,31,"VI",2,5.95563358310909,5.15542005889478,"-III",2,5.88999378190201,5.15542005889478,0.0656398012070758
60,32,"II",2,4.05450609827878,5.19900432120108,"II",2,5.8255186947861,5.22925442221395,
60,33,"vii",3,6.86688570637402,4.52609310570391,"vii",2,6.34039750291475,5.23661014774361,
60,34,"V",2,5.81678563336159,4.80480314308967,"V",2,5.81678563336159,4.80480314308967,
60,35,"VI",2,5.95563358310909,5.15542005889478,"VI",2,5.95563358310909,5.15542005889478,
60,36,"V",2,3.9538765807652,5.19900432120108,"V",2,3.9538765807652,5.19900432120108,
,,,,,,,,,,
61,30,"V",2,5.81678563336159,4.80480314308967,"V",2,5.81678563336159,4.80480314308967,
61,31,"VI",2,5.95563358310909,5.15542005889478,"VI",2,5.95563358310909,5.15542005889478,
61,32,"II",2,4.05450609827878,5.19900432120108,"II",2,4.05450609827878,5.19900432120108,
61,33,"vii",3,6.86688570637402,4.52609310570391,"vii",3,6.86688570637402,4.52609310570391,
61,34,"V",2,5.81678563336159,4.80480314308967,"V",2,5.81678563336159,4.80480314308967,
61,35,"VI",2,5.95563358310909,5.15542005889478,"-III",2,5.88999378190201,5.15542005889478,0.0656398012070758
61,36,"V",2,3.9538765807652,5.19900432120108,"V",2,5.49309822608109,5.22925442221395,
61,37,"V",3,4.36884280238272,4.9460971050332,"V",2,3.06469957752183,5.10624969678198,
61,38,"I",3,2.97589278920398,5.08524501436401,"I",3,3.50040039593585,5.140643276746,
61,39,"I",4,2.15908789504544,4.90357390112031,"I",4,3.32170541992192,5.1697538080687,
61,40,"VI",5,5.66472517238366,5.007381749634,"VI",5,5.6321803751302,5.07790156214736,
,,,,,,,,,,
62,54,"IV",4,3.36747443300461,4.99907374065539,"IV",4,3.36747443300461,4.99907374065539,
62,55,"V",5,2.23864488090004,4.3891747045051,"V",5,2.23864488090004,4.3891747045051,
62,56,"II",6,5.55395601340954,4.57049013326069,"II",6,5.55395601340954,4.57049013326069,
62,57,"vii",4,7.35634128979105,3.80373184906013,"vii",4,7.35634128979105,3.80373184906013,
62,58,"V",2,5.81678563336159,4.80480314308967,"V",2,5.81678563336159,4.80480314308967,
62,59,"VI",2,5.95563358310909,5.15542005889478,"-III",2,5.88999378190201,5.15542005889478,0.0656398012070758
62,60,"II",2,4.05450609827878,5.19900432120108,"II",2,5.8255186947861,5.22925442221395,
62,61,"vii",3,6.86688570637402,4.52609310570391,"vii",2,6.34039750291475,5.23661014774361,
62,62,"V",2,5.81678563336159,4.80480314308967,"V",2,5.81678563336159,4.80480314308967,
62,63,"VI",2,5.95563358310909,5.15542005889478,"VI",2,5.95563358310909,5.15542005889478,
62,64,"II",2,4.05450609827878,5.19900432120108,"II",2,4.05450609827878,5.19900432120108,
,,,,,,,,,,
63,58,"V",2,5.81678563336159,4.80480314308967,"V",2,5.81678563336159,4.80480314308967,
63,59,"VI",2,5.95563358310909,5.15542005889478,"VI",2,5.95563358310909,5.15542005889478,
63,60,"II",2,4.05450609827878,5.19900432120108,"II",2,4.05450609827878,5.19900432120108,
63,61,"vii",3,6.86688570637402,4.52609310570391,"vii",3,6.86688570637402,4.52609310570391,
63,62,"V",2,5.81678563336159,4.80480314308967,"V",2,5.81678563336159,4.80480314308967,
63,63,"VI",2,5.95563358310909,5.15542005889478,"-III",2,5.88999378190201,5.15542005889478,0.0656398012070758
63,64,"II",2,4.05450609827878,5.19900432120108,"II",2,5.8255186947861,5.22925442221395,
63,65,"-VII",3,6.07388607729348,4.52609310570391,"-VII",2,4.34548106655686,5.23661014774361,
63,66,"II",2,4.84171962498617,5.22111218595544,"II",3,5.18295420274049,4.62696321104877,
63,67,"-VII",3,5.85373556784809,4.62488592517169,"-VII",3,5.85373556784809,4.62488592517169,
63,68,"-III",2,5.53739935517116,5.22111218595544,"-III",2,5.53739935517116,5.22111218595544,
,,,,,,,,,,
64,92,"IV",4,3.36747443300461,4.99907374065539,"IV",4,3.36747443300461,4.99907374065539,
64,93,"V",5,2.23864488090004,4.3891747045051,"V",5,2.23864488090004,4.3891747045051,
64,94,"II",6,5.55395601340954,4.57049013326069,"II",6,5.55395601340954,4.57049013326069,
64,95,"vii",4,7.35634128979105,3.80373184906013,"vii",4,7.35634128979105,3.80373184906013,
64,96,"V",2,5.81678563336159,4.80480314308967,"V",2,5.81678563336159,4.80480314308967,
64,97,"VI",2,5.95563358310909,5.15542005889478,"-III",2,5.88999378190201,5.15542005889478,0.0656398012070758
64,98,"II",2,4.05450609827878,5.19900432120108,"II",2,5.8255186947861,5.22925442221395,
64,99,"vii",3,6.86688570637402,4.52609310570391,"vii",2,6.34039750291475,5.23661014774361,
64,100,"V",2,5.81678563336159,4.80480314308967,"V",2,5.81678563336159,4.80480314308967,
64,101,"VI",2,5.95563358310909,5.15542005889478,"VI",2,5.95563358310909,5.15542005889478,
64,102,"II",2,4.05450609827878,5.19900432120108,"II",2,4.05450609827878,5.19900432120108,
,,,,,,,,,,
65,96,"V",2,5.81678563336159,4.80480314308967,"V",2,5.81678563336159,4.80480314308967,
65,97,"VI",2,5.95563358310909,5.15542005889478,"VI",2,5.95563358310909,5.15542005889478,
65,98,"II",2,4.05450609827878,5.19900432120108,"II",2,4.05450609827878,5.19900432120108,
65,99,"vii",3,6.86688570637402,4.52609310570391,"vii",3,6.86688570637402,4.52609310570391,
65,100,"V",2,5.81678563336159,4.80480314308967,"V",2,5.81678563336159,4.80480314308967,
65,101,"VI",2,5.95563358310909,5.15542005889478,"-III",2,5.88999378190201,5.15542005889478,0.0656398012070758
65,102,"II",2,4.05450609827878,5.19900432120108,"II",2,5.8255186947861,5.22925442221395,
65,103,"vii",3,6.86688570637402,4.52609310570391,"vii",2,6.34039750291475,5.23661014774361,
65,104,"V",2,5.81678563336159,4.80480314308967,"V",2,5.81678563336159,4.80480314308967,
65,105,"VI",2,5.95563358310909,5.15542005889478,"VI",2,5.95563358310909,5.15542005889478,
65,106,"II",2,4.05450609827878,5.19900432120108,"II",2,4.05450609827878,5.19900432120108,
,,,,,,,,,,
66,100,"V",2,5.81678563336159,4.80480314308967,"V",2,5.81678563336159,4.80480314308967,
66,101,"VI",2,5.95563358310909,5.15542005889478,"VI",2,5.95563358310909,5.15542005889478,
66,102,"II",2,4.05450609827878,5.19900432120108,"II",2,4.05450609827878,5.19900432120108,
66,103,"vii",3,6.86688570637402,4.52609310570391,"vii",3,6.86688570637402,4.52609310570391,
66,104,"V",2,5.81678563336159,4.80480314308967,"V",2,5.81678563336159,4.80480314308967,
66,105,"VI",2,5.95563358310909,5.15542005889478,"-III",2,5.88999378190201,5.15542005889478,0.0656398012070758
66,106,"II",2,4.05450609827878,5.19900432120108,"II",2,5.8255186947861,5.22925442221395,
66,107,"vii",3,6.86688570637402,4.52609310570391,"vii",2,6.34039750291475,5.23661014774361,
66,108,"V",2,5.81678563336159,4.80480314308967,"V",2,5.81678563336159,4.80480314308967,
66,109,"VI",2,5.95563358310909,5.15542005889478,"VI",2,5.95563358310909,5.15542005889478,
66,110,"II",2,4.05450609827878,5.19900432120108,"II",2,4.05450609827878,5.19900432120108,
,,,,,,,,,,
67,104,"V",2,5.81678563336159,4.80480314308967,"V",2,5.81678563336159,4.80480314308967,
67,105,"VI",2,5.95563358310909,5.15542005889478,"VI",2,5.95563358310909,5.15542005889478,
67,106,"II",2,4.05450609827878,5.19900432120108,"II",2,4.05450609827878,5.19900432120108,
67,107,"vii",3,6.86688570637402,4.52609310570391,"vii",3,6.86688570637402,4.52609310570391,
67,108,"V",2,5.81678563336159,4.80480314308967,"V",2,5.81678563336159,4.80480314308967,
67,109,"VI",2,5.95563358310909,5.15542005889478,"-III",2,5.88999378190201,5.15542005889478,0.0656398012070758
67,110,"II",2,4.05450609827878,5.19900432120108,"II",2,5.8255186947861,5.22925442221395,
67,111,"vii",3,6.86688570637402,4.52609310570391,"vii",2,6.34039750291475,5.23661014774361,
67,112,"V",2,5.81678563336159,4.80480314308967,"V",2,5.81678563336159,4.80480314308967,
67,113,"VI",2,5.95563358310909,5.15542005889478,"VI",2,5.95563358310909,5.15542005889478,
67,114,"II",2,4.05450609827878,5.19900432120108,"II",2,4.05450609827878,5.19900432120108,
,,,,,,,,,,
68,108,"V",2,5.81678563336159,4.80480314308967,"V",2,5.81678563336159,4.80480314308967,
68,109,"VI",2,5.95563358310909,5.15542005889478,"VI",2,5.95563358310909,5.15542005889478,
68,110,"II",2,4.05450609827878,5.19900432120108,"II",2,4.05450609827878,5.19900432120108,
68,111,"vii",3,6.86688570637402,4.52609310570391,"vii",3,6.86688570637402,4.52609310570391,
68,112,"V",2,5.81678563336159,4.80480314308967,"V",2,5.81678563336159,4.80480314308967,
68,113,"VI",2,5.95563358310909,5.15542005889478,"-III",2,5.88999378190201,5.15542005889478,0.0656398012070758
68,114,"II",2,4.05450609827878,5.19900432120108,"II",2,5.8255186947861,5.22925442221395,
68,115,"vii",3,6.86688570637402,4.52609310570391,"vii",2,6.34039750291475,5.23661014774361,
68,116,"V",2,5.81678563336159,4.80480314308967,"V",2,5.81678563336159,4.80480314308967,
68,117,"r",2,2.27547963399716,5.15542005889478,"r",2,2.27547963399716,5.15542005889478,
68,118,"r",3,1.47459178372921,3.46772226098909,"r",3,1.47459178372921,3.46772226098909,
,,,,,,,,,,
69,26,"IV",4,3.36747443300461,4.99907374065539,"IV",4,3.36747443300461,4.99907374065539,
69,27,"V",5,2.23864488090004,4.3891747045051,"V",5,2.23864488090004,4.3891747045051,
69,28,"II",6,5.55395601340954,4.57049013326069,"II",6,5.55395601340954,4.57049013326069,
69,29,"vii",4,7.35634128979105,3.80373184906013,"vii",4,7.35634128979105,3.80373184906013,
69,30,"V",2,5.81678563336159,4.80480314308967,"V",2,5.81678563336159,4.80480314308967,
69,31,"VI",2,5.95563358310909,5.15542005889478,"III",2,6.02440281533233,5.15542005889478,0.0687692322232358
69,32,"II",2,4.05450609827878,5.19900432120108,"II",2,6.48524925576279,4.68684096501572,
69,33,"vii",3,6.86688570637402,4.52609310570391,"vii",2,6.31221611486158,5.14636761111733,
69,34,"V",2,5.81678563336159,4.80480314308967,"V",2,5.81678563336159,4.80480314308967,
69,35,"VI",2,5.95563358310909,5.15542005889478,"VI",2,5.95563358310909,5.15542005889478,
69,36,"V",2,3.9538765807652,5.19900432120108,"V",2,3.9538765807652,5.19900432120108,
,,,,,,,,,,
70,30,"V",2,5.81678563336159,4.80480314308967,"V",2,5.81678563336159,4.80480314308967,
70,31,"VI",2,5.95563358310909,5.15542005889478,"VI",2,5.95563358310909,5.15542005889478,
70,32,"II",2,4.05450609827878,5.19900432120108,"II",2,4.05450609827878,5.19900432120108,
70,33,"vii",3,6.86688570637402,4.52609310570391,"vii",3,6.86688570637402,4.52609310570391,
70,34,"V",2,5.81678563336159,4.80480314308967,"V",2,5.81678563336159,4.80480314308967,
70,35,"VI",2,5.95563358310909,5.15542005889478,"III",2,6.02440281533233,5.15542005889478,0.0687692322232358
70,36,"V",2,3.9538765807652,5.19900432120108,"V",2,3.39573184809426,4.68684096501572,
70,37,"V",3,4.36884280238272,4.9460971050332,"V",3,2.82957497889604,4.99866112887505,
70,38,"I",3,2.97589278920398,5.08524501436401,"I",4,4.83580468327149,4.51111602729214,
70,39,"I",4,2.15908789504544,4.90357390112031,"I",3,3.84158656286558,5.322890501163,
70,40,"VI",5,5.66472517238366,5.007381749634,"VI",4,5.47589713119947,5.25477186000495,
,,,,,,,,,,
71,54,"IV",4,3.36747443300461,4.99907374065539,"IV",4,3.36747443300461,4.99907374065539,
71,55,"V",5,2.23864488090004,4.3891747045051,"V",5,2.23864488090004,4.3891747045051,
71,56,"II",6,5.55395601340954,4.57049013326069,"II",6,5.55395601340954,4.57049013326069,
71,57,"vii",4,7.35634128979105,3.80373184906013,"vii",4,7.35634128979105,3.80373184906013,
71,58,"V",2,5.81678563336159,4.80480314308967,"V",2,5.81678563336159,4.80480314308967,
71,59,"VI",2,5.95563358310909,5.15542005889478,"III",2,6.02440281533233,5.15542005889478,0.0687692322232358
71,60,"II",2,4.05450609827878,5.19900432120108,"II",2,6.48524925576279,4.68684096501572,
71,61,"vii",3,6.86688570637402,4.52609310570391,"vii",2,6.31221611486158,5.14636761111733,
71,62,"V",2,5.81678563336159,4.80480314308967,"V",2,5.81678563336159,4.80480314308967,
71,63,"VI",2,5.95563358310909,5.15542005889478,"VI",2,5.95563358310909,5.15542005889478,
71,64,"II",2,4.05450609827878,5.19900432120108,"II",2,4.05450609827878,5.19900432120108,
,,,,,,,,,,
72,58,"V",2,5.81678563336159,4.80480314308967,"V",2,5.81678563336159,4.80480314308967,
72,59,"VI",2,5.95563358310909,5.15542005889478,"VI",2,5.95563358310909,5.15542005889478,
72,60,"II",2,4.05450609827878,5.19900432120108,"II",2,4.05450609827878,5.19900432120108,
72,61,"vii",3,6.86688570637402,4.52609310570391,"vii",3,6.86688570637402,4.52609310570391,
72,62,"V",2,5.81678563336159,4.80480314308967,"V",2,5.81678563336159,4.80480314308967,
72,63,"VI",2,5.95563358310909,5.15542005889478,"III",2,6.02440281533233,5.15542005889478,0.0687692322232358
72,64,"II",2,4.05450609827878,5.19900432120108,"II",2,6.48524925576279,4.68684096501572,
72,65,"-VII",3,6.07388607729348,4.52609310570391,"-VII",2,3.16893194714417,5.14636761111733,
72,66,"II",2,4.84171962498617,5.22111218595544,"II",3,5.20805796250747,4.61692498263262,
72,67,"-VII",3,5.85373556784809,4.62488592517169,"-VII",3,5.85373556784809,4.62488592517169,
72,68,"-III",2,5.53739935517116,5.22111218595544,"-III",2,5.53739935517116,5.22111218595544,
,,,,,,,,,,
73,92,"IV",4,3.36747443300461,4.99907374065539,"IV",4,3.36747443300461,4.99907374065539,
73,93,"V",5,2.23864488090004,4.3891747045051,"V",5,2.23864488090004,4.3891747045051,
73,94,"II",6,5.55395601340954,4.57049013326069,"II",6,5.55395601340954,4.57049013326069,
73,95,"vii",4,7.35634128979105,3.80373184906013,"vii",4,7.35634128979105,3.80373184906013,
73,96,"V",2,5.81678563336159,4.80480314308967,"V",2,5.81678563336159,4.80480314308967,
73,97,"VI",2,5.95563358310909,5.15542005889478,"III",2,6.02440281533233,5.15542005889478,0.0687692322232358
73,98,"II",2,4.05450609827878,5.19900432120108,"II",2,6.48524925576279,4.68684096501572,
73,99,"vii",3,6.86688570637402,4.52609310570391,"vii",2,6.31221611486158,5.14636761111733,
73,100,"V",2,5.81678563336159,4.80480314308967,"V",2,5.81678563336159,4.80480314308967,
73,101,"VI",2,5.95563358310909,5.15542005889478,"VI",2,5.95563358310909,5.15542005889478,
73,102,"II",2,4.05450609827878,5.19900432120108,"II",2,4.05450609827878,5.19900432120108,
,,,,,,,,,,
74,96,"V",2,5.81678563336159,4.80480314308967,"V",2,5.81678563336159,4.80480314308967,
74,97,"VI",2,5.95563358310909,5.15542005889478,"VI",2,5.95563358310909,5.15542005889478,
74,98,"II",2,4.05450609827878,5.19900432120108,"II",2,4.05450609827878,5.19900432120108,
74,99,"vii",3,6.86688570637402,4.52609310570391,"vii",3,6.86688570637402,4.52609310570391,
74,100,"V",2,5.81678563336159,4.80480314308967,"V",2,5.81678563336159,4.80480314308967,
74,101,"VI",2,5.95563358310909,5.15542005889478,"III",2,6.02440281533233,5.15542005889478,0.0687692322232358
74,102,"II",2,4.05450609827878,5.19900432120108,"II",2,6.48524925576279,4.68684096501572,
74,103,"vii",3,6.86688570637402,4.52609310570391,"vii",2,6.31221611486158,5.14636761111733,
74,104,"V",2,5.81678563336159,4.80480314308967,"V",2,5.81678563336159,4.80480314308967,
74,105,"VI",2,5.95563358310909,5.15542005889478,"VI",2,5.95563358310909,5.15542005889478,
74,106,"II",2,4.05450609827878,5.19900432120108,"II",2,4.05450609827878,5.19900432120108,
,,,,,,,,,,
75,100,"V",2,5.81678563336159,4.80480314308967,"V",2,5.81678563336159,4.80480314308967,
75,101,"VI",2,5.95563358310909,5.15542005889478,"VI",2,5.95563358310909,5.15542005889478,
75,102,"II",2,4.05450609827878,5.19900432120108,"II",2,4.05450609827878,5.19900432120108,
75,103,"vii",3,6.86688570637402,4.52609310570391,"vii",3,6.86688570637402,4.52609310570391,
75,104,"V",2,5.81678563336159,4.80480314308967,"V",2,5.81678563336159,4.80480314308967,
75,105,"VI",2,5.95563358310909,5.15542005889478,"III",2,6.02440281533233,5.15542005889478,0.0687692322232358
75,106,"II",2,4.05450609827878,5.19900432120108,"II",2,6.48524925576279,4.68684096501572,
75,107,"vii",3,6.86688570637402,4.52609310570391,"vii",2,6.31221611486158,5.14636761111733,
75,108,"V",2,5.81678563336159,4.80480314308967,"V",2,5.81678563336159,4.80480314308967,
75,109,"VI",2,5.95563358310909,5.15542005889478,"VI",2,5.95563358310909,5.15542005889478,
75,110,"II",2,4.05450609827878,5.19900432120108,"II",2,4.05450609827878,5.19900432120108,
,,,,,,,,,,
76,104,"V",2,5.81678563336159,4.80480314308967,"V",2,5.81678563336159,4.80480314308967,
76,105,"VI",2,5.95563358310909,5.15542005889478,"VI",2,5.95563358310909,5.15542005889478,
76,106,"II",2,4.05450609827878,5.19900432120108,"II",2,4.05450609827878,5.19900432120108,
76,107,"vii",3,6.86688570637402,4.52609310570391,"vii",3,6.86688570637402,4.52609310570391,
76,108,"V",2,5.81678563336159,4.80480314308967,"V",2,5.81678563336159,4.80480314308967,
76,109,"VI",2,5.95563358310909,5.15542005889478,"III",2,6.02440281533233,5.15542005889478,0.0687692322232358
76,110,"II",2,4.05450609827878,5.19900432120108,"II",2,6.48524925576279,4.68684096501572,
76,111,"vii",3,6.86688570637402,4.52609310570391,"vii",2,6.31221611486158,5.14636761111733,
76,112,"V",2,5.81678563336159,4.80480314308967,"V",2,5.81678563336159,4.80480314308967,
76,113,"VI",2,5.95563358310909,5.15542005889478,"VI",2,5.95563358310909,5.15542005889478,
76,114,"II",2,4.05450609827878,5.19900432120108,"II",2,4.05450609827878,5.19900432120108,
,,,,,,,,,,
77,108,"V",2,5.81678563336159,4.80480314308967,"V",2,5.81678563336159,4.80480314308967,
77,109,"VI",2,5.95563358310909,5.15542005889478,"VI",2,5.95563358310909,5.15542005889478,
77,110,"II",2,4.05450609827878,5.19900432120108,"II",2,4.05450609827878,5.19900432120108,
77,111,"vii",3,6.86688570637402,4.52609310570391,"vii",3,6.86688570637402,4.52609310570391,
77,112,"V",2,5.81678563336159,4.80480314308967,"V",2,5.81678563336159,4.80480314308967,
77,113,"VI",2,5.95563358310909,5.15542005889478,"III",2,6.02440281533233,5.15542005889478,0.0687692322232358
77,114,"II",2,4.05450609827878,5.19900432120108,"II",2,6.48524925576279,4.68684096501572,
77,115,"vii",3,6.86688570637402,4.52609310570391,"vii",2,6.31221611486158,5.14636761111733,
77,116,"V",2,5.81678563336159,4.80480314308967,"V",2,5.81678563336159,4.80480314308967,
77,117,"r",2,2.27547963399716,5.15542005889478,"r",2,2.27547963399716,5.15542005889478,
77,118,"r",3,1.47459178372921,3.46772226098909,"r",3,1.47459178372921,3.46772226098909,
,,,,,,,,,,
78,15,"V",3,4.85883759462217,5.00088406603636,"V",3,4.85883759462217,5.00088406603636,
78,16,"IV",3,5.13273438088123,4.542598849633,"IV",3,5.13273438088123,4.542598849633,
78,17,"V",3,3.30051999937434,4.99467224957682,"V",3,3.30051999937434,4.99467224957682,
78,18,"I",4,3.22917761346208,4.99907374065539,"I",4,3.22917761346208,4.99907374065539,
78,19,"I",5,3.58680330018962,5.09632833764688,"I",5,3.58680330018962,5.09632833764688,
78,20,"VI",6,6.14714845131629,4.68877571907221,"III",6,6.21638777121003,4.68877571907221,0.0692393198937378
78,21,"VI",4,2.31995197999965,4.4489397970087,"VI",5,4.80122028385837,3.95211304887619,
78,22,"IV",5,5.0344465208091,4.44744048327616,"IV",3,2.77098919959705,4.67454200618745,
78,23,"V",3,4.85883759462217,5.00088406603636,"V",3,5.69687534028996,3.16813940226053,
78,24,"IV",3,5.13273438088123,4.542598849633,"IV",3,5.13273438088123,4.542598849633,
78,25,"V",3,3.30051999937434,4.99467224957682,"V",3,3.30051999937434,4.99467224957682,
,,,,,,,,,,
79,43,"V",3,4.85883759462217,5.00088406603636,"V",3,4.85883759462217,5.00088406603636,
79,44,"IV",3,5.13273438088123,4.542598849633,"IV",3,5.13273438088123,4.542598849633,
79,45,"V",3,3.30051999937434,4.99467224957682,"V",3,3.30051999937434,4.99467224957682,
79,46,"I",4,3.22917761346208,4.99907374065539,"I",4,3.22917761346208,4.99907374065539,
79,47,"I",5,3.58680330018962,5.09632833764688,"I",5,3.58680330018962,5.09632833764688,
79,48,"VI",6,6.14714845131629,4.68877571907221,"III",6,6.21638777121003,4.68877571907221,0.0692393198937378
79,49,"VI",4,2.31995197999965,4.4489397970087,"VI",5,4.80122028385837,3.95211304887619,
79,50,"IV",5,5.0344465208091,4.44744048327616,"IV",3,2.77098919959705,4.67454200618745,
79,51,"V",3,4.85883759462217,5.00088406603636,"V",3,5.69687534028996,3.16813940226053,
79,52,"IV",3,5.13273438088123,4.542598849633,"IV",3,5.13273438088123,4.542598849633,
79,53,"V",3,3.30051999937434,4.99467224957682,"V",3,3.30051999937434,4.99467224957682,
,,,,,,,,,,
80,81,"V",3,4.85883759462217,5.00088406603636,"V",3,4.85883759462217,5.00088406603636,
80,82,"IV",3,5.13273438088123,4.542598849633,"IV",3,5.13273438088123,4.542598849633,
80,83,"V",3,3.30051999937434,4.99467224957682,"V",3,3.30051999937434,4.99467224957682,
80,84,"I",4,3.22917761346208,4.99907374065539,"I",4,3.22917761346208,4.99907374065539,
80,85,"I",5,3.58680330018962,5.09632833764688,"I",5,3.58680330018962,5.09632833764688,
80,86,"VI",6,6.14714845131629,4.68877571907221,"III",6,6.21638777121003,4.68877571907221,0.0692393198937378
80,87,"VI",4,2.31995197999965,4.4489397970087,"VI",5,4.80122028385837,3.95211304887619,
80,88,"IV",5,5.0344465208091,4.44744048327616,"IV",3,2.77098919959705,4.67454200618745,
80,89,"V",3,4.85883759462217,5.00088406603636,"V",3,5.69687534028996,3.16813940226053,
80,90,"IV",3,5.13273438088123,4.542598849633,"IV",3,5.13273438088123,4.542598849633,
80,91,"V",3,3.30051999937434,4.99467224957682,"V",3,3.30051999937434,4.99467224957682,
,,,,,,,,,,
81,5,"r",4,1.62089453593253,3.53300891039449,"r",4,1.62089453593253,3.53300891039449,
81,6,"V",5,4.26475764533946,3.45365630384688,"V",5,4.26475764533946,3.45365630384688,
81,7,"V",6,1.51500604146192,3.47464966388383,"V",6,1.51500604146192,3.47464966388383,
81,8,"iii",5,7.03868254844571,2.94320551377216,"iii",5,7.03868254844571,2.94320551377216,
81,9,"II",3,6.11733434910111,5.01448064560795,"II",3,6.11733434910111,5.01448064560795,
81,10,"I",2,4.17008060469873,5.26705662826682,"IV",2,4.24241444289353,5.26705662826682,0.0723338381948029
81,11,"I",3,2.09293117017978,4.89827794823965,"I",3,1.94223702341946,4.73728072044177,
81,12,"VI",4,5.27017026575224,4.87812683349361,"VI",4,6.1013390839377,4.96793500780372,
81,13,"VI",4,3.40304234389724,4.52382821895679,"VI",3,2.9632318865942,4.90920292512401,
81,14,"IV",4,4.79308055258711,4.77402358100998,"IV",4,4.82198148254754,4.57575102914176,
81,15,"V",3,4.85883759462217,5.00088406603636,"V",3,4.85883759462217,5.00088406603636,
,,,,,,,,,,
82,16,"IV",3,5.13273438088123,4.542598849633,"IV",3,5.13273438088123,4.542598849633,
82,17,"V",3,3.30051999937434,4.99467224957682,"V",3,3.30051999937434,4.99467224957682,
82,18,"I",4,3.22917761346208,4.99907374065539,"I",4,3.22917761346208,4.99907374065539,
82,19,"I",5,3.58680330018962,5.09632833764688,"I",5,3.58680330018962,5.09632833764688,
82,20,"VI",6,6.14714845131629,4.68877571907221,"VI",6,6.14714845131629,4.68877571907221,
82,21,"VI",4,2.31995197999965,4.4489397970087,"II",4,2.39421570430861,4.4489397970087,0.0742637243089543
82,22,"IV",5,5.0344465208091,4.44744048327616,"IV",5,5.57472555566271,4.3072613782979,
82,23,"V",3,4.85883759462217,5.00088406603636,"V",3,4.48631657610476,4.73728072044177,
82,24,"IV",3,5.13273438088123,4.542598849633,"IV",3,4.29661254464106,5.19248723897078,
82,25,"V",3,3.30051999937434,4.99467224957682,"V",4,3.59828540718399,4.55196410650361,
82,26,"IV",4,3.36747443300461,4.99907374065539,"IV",4,3.36747443300461,4.99907374065539,
,,,,,,,,,,
83,44,"IV",3,5.13273438088123,4.542598849633,"IV",3,5.13273438088123,4.542598849633,
83,45,"V",3,3.30051999937434,4.99467224957682,"V",3,3.30051999937434,4.99467224957682,
83,46,"I",4,3.22917761346208,4.99907374065539,"I",4,3.22917761346208,4.99907374065539,
83,47,"I",5,3.58680330018962,5.09632833764688,"I",5,3.58680330018962,5.09632833764688,
83,48,"VI",6,6.14714845131629,4.68877571907221,"VI",6,6.14714845131629,4.68877571907221,
83,49,"VI",4,2.31995197999965,4.4489397970087,"II",4,2.39421570430861,4.4489397970087,0.0742637243089543
83,50,"IV",5,5.0344465208091,4.44744048327616,"IV",5,5.57472555566271,4.3072613782979,
83,51,"V",3,4.85883759462217,5.00088406603636,"V",3,4.48631657610476,4.73728072044177,
83,52,"IV",3,5.13273438088123,4.542598849633,"IV",3,4.29661254464106,5.19248723897078,
83,53,"V",3,3.30051999937434,4.99467224957682,"V",4,3.59828540718399,4.55196410650361,
83,54,"IV",4,3.36747443300461,4.99907374065539,"IV",4,3.36747443300461,4.99907374065539,
,,,,,,,,,,
84,82,"IV",3,5.13273438088123,4.542598849633,"IV",3,5.13273438088123,4.542598849633,
84,83,"V",3,3.30051999937434,4.99467224957682,"V",3,3.30051999937434,4.99467224957682,
84,84,"I",4,3.22917761346208,4.99907374065539,"I",4,3.22917761346208,4.99907374065539,
84,85,"I",5,3.58680330018962,5.09632833764688,"I",5,3.58680330018962,5.09632833764688,
84,86,"VI",6,6.14714845131629,4.68877571907221,"VI",6,6.14714845131629,4.68877571907221,
84,87,"VI",4,2.31995197999965,4.4489397970087,"II",4,2.39421570430861,4.4489397970087,0.0742637243089543
84,88,"IV",5,5.0344465208091,4.44744048327616,"IV",5,5.57472555566271,4.3072613782979,
84,89,"V",3,4.85883759462217,5.00088406603636,"V",3,4.48631657610476,4.73728072044177,
84,90,"IV",3,5.13273438088123,4.542598849633,"IV",3,4.29661254464106,5.19248723897078,
84,91,"V",3,3.30051999937434,4.99467224957682,"V",4,3.59828540718399,4.55196410650361,
84,92,"IV",4,3.36747443300461,4.99907374065539,"IV",4,3.36747443300461,4.99907374065539,
,,,,,,,,,,
85,25,"V",3,3.30051999937434,4.99467224957682,"V",3,3.30051999937434,4.99467224957682,
85,26,"IV",4,3.36747443300461,4.99907374065539,"IV",4,3.36747443300461,4.99907374065539,
85,27,"V",5,2.23864488090004,4.3891747045051,"V",5,2.23864488090004,4.3891747045051,
85,28,"II",6,5.55395601340954,4.57049013326069,"II",6,5.55395601340954,4.57049013326069,
85,29,"vii",4,7.35634128979105,3.80373184906013,"vii",4,7.35634128979105,3.80373184906013,
85,30,"V",2,5.81678563336159,4.80480314308967,"vi",2,5.89834967138729,4.80480314308967,0.0815640380256974
85,31,"VI",2,5.95563358310909,5.15542005889478,"VI",2,5.78954959560516,5.25903919810934,
85,32,"II",2,4.05450609827878,5.19900432120108,"II",2,3.48053881712449,5.19692446424691,
85,33,"vii",3,6.86688570637402,4.52609310570391,"vii",3,7.267426997478,3.93981558226387,
85,34,"V",2,5.81678563336159,4.80480314308967,"V",2,5.81678563336159,4.80480314308967,
85,35,"VI",2,5.95563358310909,5.15542005889478,"VI",2,5.95563358310909,5.15542005889478,
,,,,,,,,,,
86,29,"vii",4,7.35634128979105,3.80373184906013,"vii",4,7.35634128979105,3.80373184906013,
86,30,"V",2,5.81678563336159,4.80480314308967,"V",2,5.81678563336159,4.80480314308967,
86,31,"VI",2,5.95563358310909,5.15542005889478,"VI",2,5.95563358310909,5.15542005889478,
86,32,"II",2,4.05450609827878,5.19900432120108,"II",2,4.05450609827878,5.19900432120108,
86,33,"vii",3,6.86688570637402,4.52609310570391,"vii",3,6.86688570637402,4.52609310570391,
86,34,"V",2,5.81678563336159,4.80480314308967,"vi",2,5.89834967138729,4.80480314308967,0.0815640380256974
86,35,"VI",2,5.95563358310909,5.15542005889478,"VI",2,5.78954959560516,5.25903919810934,
86,36,"V",2,3.9538765807652,5.19900432120108,"V",2,5.13078155413041,5.19692446424691,
86,37,"V",3,4.36884280238272,4.9460971050332,"V",2,3.9957441968074,5.30634351107222,
86,38,"I",3,2.97589278920398,5.08524501436401,"I",3,2.97589278920398,5.08524501436401,
86,39,"I",4,2.15908789504544,4.90357390112031,"I",4,2.15908789504544,4.90357390112031,
,,,,,,,,,,
87,53,"V",3,3.30051999937434,4.99467224957682,"V",3,3.30051999937434,4.99467224957682,
87,54,"IV",4,3.36747443300461,4.99907374065539,"IV",4,3.36747443300461,4.99907374065539,
87,55,"V",5,2.23864488090004,4.3891747045051,"V",5,2.23864488090004,4.3891747045051,
87,56,"II",6,5.55395601340954,4.57049013326069,"II",6,5.55395601340954,4.57049013326069,
87,57,"vii",4,7.35634128979105,3.80373184906013,"vii",4,7.35634128979105,3.80373184906013,
87,58,"V",2,5.81678563336159,4.80480314308967,"vi",2,5.89834967138729,4.80480314308967,0.0815640380256974
87,59,"VI",2,5.95563358310909,5.15542005889478,"VI",2,5.78954959560516,5.25903919810934,
87,60,"II",2,4.05450609827878,5.19900432120108,"II",2,3.48053881712449,5.19692446424691,
87,61,"vii",3,6.86688570637402,4.52609310570391,"vii",3,7.267426997478,3.93981558226387,
87,62,"V",2,5.81678563336159,4.80480314308967,"V",2,5.81678563336159,4.80480314308967,
87,63,"VI",2,5.95563358310909,5.15542005889478,"VI",2,5.95563358310909,5.15542005889478,
,,,,,,,,,,
88,57,"vii",4,7.35634128979105,3.80373184906013,"vii",4,7.35634128979105,3.80373184906013,
88,58,"V",2,5.81678563336159,4.80480314308967,"V",2,5.81678563336159,4.80480314308967,
88,59,"VI",2,5.95563358310909,5.15542005889478,"VI",2,5.95563358310909,5.15542005889478,
88,60,"II",2,4.05450609827878,5.19900432120108,"II",2,4.05450609827878,5.19900432120108,
88,61,"vii",3,6.86688570637402,4.52609310570391,"vii",3,6.86688570637402,4.52609310570391,
88,62,"V",2,5.81678563336159,4.80480314308967,"vi",2,5.89834967138729,4.80480314308967,0.0815640380256974
88,63,"VI",2,5.95563358310909,5.15542005889478,"VI",2,5.78954959560516,5.25903919810934,
88,64,"II",2,4.05450609827878,5.19900432120108,"II",2,3.48053881712449,5.19692446424691,
88,65,"-VII",3,6.07388607729348,4.52609310570391,"-VII",3,6.47442736839747,3.93981558226387,
88,66,"II",2,4.84171962498617,5.22111218595544,"II",2,4.84171962498617,5.22111218595544,
88,67,"-VII",3,5.85373556784809,4.62488592517169,"-VII",3,5.85373556784809,4.62488592517169,
,,,,,,,,,,
89,91,"V",3,3.30051999937434,4.99467224957682,"V",3,3.30051999937434,4.99467224957682,
89,92,"IV",4,3.36747443300461,4.99907374065539,"IV",4,3.36747443300461,4.99907374065539,
89,93,"V",5,2.23864488090004,4.3891747045051,"V",5,2.23864488090004,4.3891747045051,
89,94,"II",6,5.55395601340954,4.57049013326069,"II",6,5.55395601340954,4.57049013326069,
89,95,"vii",4,7.35634128979105,3.80373184906013,"vii",4,7.35634128979105,3.80373184906013,
89,96,"V",2,5.81678563336159,4.80480314308967,"vi",2,5.89834967138729,4.80480314308967,0.0815640380256974
89,97,"VI",2,5.95563358310909,5.15542005889478,"VI",2,5.78954959560516,5.25903919810934,
89,98,"II",2,4.05450609827878,5.19900432120108,"II",2,3.48053881712449,5.19692446424691,
89,99,"vii",3,6.86688570637402,4.52609310570391,"vii",3,7.267426997478,3.93981558226387,
89,100,"V",2,5.81678563336159,4.80480314308967,"V",2,5.81678563336159,4.80480314308967,
89,101,"VI",2,5.95563358310909,5.15542005889478,"VI",2,5.95563358310909,5.15542005889478,
,,,,,,,,,,
90,95,"vii",4,7.35634128979105,3.80373184906013,"vii",4,7.35634128979105,3.80373184906013,
90,96,"V",2,5.81678563336159,4.80480314308967,"V",2,5.81678563336159,4.80480314308967,
90,97,"VI",2,5.95563358310909,5.15542005889478,"VI",2,5.95563358310909,5.15542005889478,
90,98,"II",2,4.05450609827878,5.19900432120108,"II",2,4.05450609827878,5.19900432120108,
90,99,"vii",3,6.86688570637402,4.52609310570391,"vii",3,6.86688570637402,4.52609310570391,
90,100,"V",2,5.81678563336159,4.80480314308967,"vi",2,5.89834967138729,4.80480314308967,0.0815640380256974
90,101,"VI",2,5.95563358310909,5.15542005889478,"VI",2,5.78954959560516,5.25903919810934,
90,102,"II",2,4.05450609827878,5.19900432120108,"II",2,3.48053881712449,5.19692446424691,
90,103,"vii",3,6.86688570637402,4.52609310570391,"vii",3,7.267426997478,3.93981558226387,
90,104,"V",2,5.81678563336159,4.80480314308967,"V",2,5.81678563336159,4.80480314308967,
90,105,"VI",2,5.95563358310909,5.15542005889478,"VI",2,5.95563358310909,5.15542005889478,
,,,,,,,,,,
91,99,"vii",3,6.86688570637402,4.52609310570391,"vii",3,6.86688570637402,4.52609310570391,
91,100,"V",2,5.81678563336159,4.80480314308967,"V",2,5.81678563336159,4.80480314308967,
91,101,"VI",2,5.95563358310909,5.15542005889478,"VI",2,5.95563358310909,5.15542005889478,
91,102,"II",2,4.05450609827878,5.19900432120108,"II",2,4.05450609827878,5.19900432120108,
91,103,"vii",3,6.86688570637402,4.52609310570391,"vii",3,6.86688570637402,4.52609310570391,
91,104,"V",2,5.81678563336159,4.80480314308967,"vi",2,5.89834967138729,4.80480314308967,0.0815640380256974
91,105,"VI",2,5.95563358310909,5.15542005889478,"VI",2,5.78954959560516,5.25903919810934,
91,106,"II",2,4.05450609827878,5.19900432120108,"II",2,3.48053881712449,5.19692446424691,
91,107,"vii",3,6.86688570637402,4.52609310570391,"vii",3,7.267426997478,3.93981558226387,
91,108,"V",2,5.81678563336159,4.80480314308967,"V",2,5.81678563336159,4.80480314308967,
91,109,"VI",2,5.95563358310909,5.15542005889478,"VI",2,5.95563358310909,5.15542005889478,
,,,,,,,,,,
92,103,"vii",3,6.86688570637402,4.52609310570391,"vii",3,6.86688570637402,4.52609310570391,
92,104,"V",2,5.81678563336159,4.80480314308967,"V",2,5.81678563336159,4.80480314308967,
92,105,"VI",2,5.95563358310909,5.15542005889478,"VI",2,5.95563358310909,5.15542005889478,
92,106,"II",2,4.05450609827878,5.19900432120108,"II",2,4.05450609827878,5.19900432120108,
92,107,"vii",3,6.86688570637402,4.52609310570391,"vii",3,6.86688570637402,4.52609310570391,
92,108,"V",2,5.81678563336159,4.80480314308967,"vi",2,5.89834967138729,4.80480314308967,0.0815640380256974
92,109,"VI",2,5.95563358310909,5.15542005889478,"VI",2,5.78954959560516,5.25903919810934,
92,110,"II",2,4.05450609827878,5.19900432120108,"II",2,3.48053881712449,5.19692446424691,
92,111,"vii",3,6.86688570637402,4.52609310570391,"vii",3,7.267426997478,3.93981558226387,
92,112,"V",2,5.81678563336159,4.80480314308967,"V",2,5.81678563336159,4.80480314308967,
92,113,"VI",2,5.95563358310909,5.15542005889478,"VI",2,5.95563358310909,5.15542005889478,
,,,,,,,,,,
93,107,"vii",3,6.86688570637402,4.52609310570391,"vii",3,6.86688570637402,4.52609310570391,
93,108,"V",2,5.81678563336159,4.80480314308967,"V",2,5.81678563336159,4.80480314308967,
93,109,"VI",2,5.95563358310909,5.15542005889478,"VI",2,5.95563358310909,5.15542005889478,
93,110,"II",2,4.05450609827878,5.19900432120108,"II",2,4.05450609827878,5.19900432120108,
93,111,"vii",3,6.86688570637402,4.52609310570391,"vii",3,6.86688570637402,4.52609310570391,
93,112,"V",2,5.81678563336159,4.80480314308967,"vi",2,5.89834967138729,4.80480314308967,0.0815640380256974
93,113,"VI",2,5.95563358310909,5.15542005889478,"VI",2,5.78954959560516,5.25903919810934,
93,114,"II",2,4.05450609827878,5.19900432120108,"II",2,3.48053881712449,5.19692446424691,
93,115,"vii",3,6.86688570637402,4.52609310570391,"vii",3,7.267426997478,3.93981558226387,
93,116,"V",2,5.81678563336159,4.80480314308967,"V",2,5.81678563336159,4.80480314308967,
93,117,"r",2,2.27547963399716,5.15542005889478,"r",2,2.27547963399716,5.15542005889478,
,,,,,,,,,,
94,111,"vii",3,6.86688570637402,4.52609310570391,"vii",3,6.86688570637402,4.52609310570391,
94,112,"V",2,5.81678563336159,4.80480314308967,"V",2,5.81678563336159,4.80480314308967,
94,113,"VI",2,5.95563358310909,5.15542005889478,"VI",2,5.95563358310909,5.15542005889478,
94,114,"II",2,4.05450609827878,5.19900432120108,"II",2,4.05450609827878,5.19900432120108,
94,115,"vii",3,6.86688570637402,4.52609310570391,"vii",3,6.86688570637402,4.52609310570391,
94,116,"V",2,5.81678563336159,4.80480314308967,"vi",2,5.89834967138729,4.80480314308967,0.0815640380256974
94,117,"r",2,2.27547963399716,5.15542005889478,"r",2,3.03225908126716,5.25903919810934,
94,118,"r",3,1.47459178372921,3.46772226098909,"r",2,1.07640092198147,3.0577183162166,
,,,,,,,,,,
95,65,"-VII",3,6.07388607729348,4.52609310570391,"-VII",3,6.07388607729348,4.52609310570391,
95,66,"II",2,4.84171962498617,5.22111218595544,"II",2,4.84171962498617,5.22111218595544,
95,67,"-VII",3,5.85373556784809,4.62488592517169,"-VII",3,5.85373556784809,4.62488592517169,
95,68,"-III",2,5.53739935517116,5.22111218595544,"-III",2,5.53739935517116,5.22111218595544,
95,69,"-III",2,4.53299718069635,5.32515803837579,"-III",2,4.53299718069635,5.32515803837579,
95,70,"-III",3,3.86844491514367,5.23746878077019,"-VI",3,3.78428455409994,5.23746878077019,0.0841603610437383
95,71,"-III",4,2.98654515735622,5.09729870716709,"-III",4,4.09679081328632,4.92506720781704,
95,72,"r",5,3.29354202175088,4.94192010864657,"r",4,3.86550851078498,4.32391851462902,
95,73,"r",3,0.556995790858415,2.13019004913069,"r",3,0.759986527098279,2.54309625836228,
95,74,"r",2,1.8568681331697,3.69441942735652,"r",2,1.8568681331697,3.69441942735652,
95,75,"r",3,1.61043997099644,3.5024200455243,"r",3,1.61043997099644,3.5024200455243,
,,,,,,,,,,
96,63,"VI",2,5.95563358310909,5.15542005889478,"VI",2,5.95563358310909,5.15542005889478,
96,64,"II",2,4.05450609827878,5.19900432120108,"II",2,4.05450609827878,5.19900432120108,
96,65,"-VII",3,6.07388607729348,4.52609310570391,"-VII",3,6.07388607729348,4.52609310570391,
96,66,"II",2,4.84171962498617,5.22111218595544,"II",2,4.84171962498617,5.22111218595544,
96,67,"-VII",3,5.85373556784809,4.62488592517169,"-VII",3,5.85373556784809,4.62488592517169,
96,68,"-III",2,5.53739935517116,5.22111218595544,"VI",2,5.62311439665065,5.22111218595544,0.085715041479494
96,69,"-III",2,4.53299718069635,5.32515803837579,"-III",2,6.55329582444263,5.20383512397116,
96,70,"-III",3,3.86844491514367,5.23746878077019,"-III",1,4.88499537211837,5.45499849349864,
96,71,"-III",4,2.98654515735622,5.09729870716709,"-III",2,4.17074479839866,5.35852567247071,
96,72,"r",5,3.29354202175088,4.94192010864657,"r",3,3.08084372804287,5.26567036797142,
96,73,"r",3,0.556995790858415,2.13019004913069,"r",3,0.556995790858415,2.13019004913069,
,,,,,,,,,,
97,24,"IV",3,5.13273438088123,4.542598849633,"IV",3,5.13273438088123,4.542598849633,
97,25,"V",3,3.30051999937434,4.99467224957682,"V",3,3.30051999937434,4.99467224957682,
97,26,"IV",4,3.36747443300461,4.99907374065539,"IV",4,3.36747443300461,4.99907374065539,
97,27,"V",5,2.23864488090004,4.3891747045051,"V",5,2.23864488090004,4.3891747045051,
97,28,"II",6,5.55395601340954,4.57049013326069,"II",6,5.55395601340954,4.57049013326069,
97,29,"vii",4,7.35634128979105,3.80373184906013,"i",4,7.26741981895371,3.80373184906013,0.0889214708373389
97,30,"V",2,5.81678563336159,4.80480314308967,"V",2,5.56620532527911,5.02229028264702,
97,31,"VI",2,5.95563358310909,5.15542005889478,"VI",2,6.05822197321374,5.24718269267729,
97,32,"II",2,4.05450609827878,5.19900432120108,"II",2,4.05450609827878,5.19900432120108,
97,33,"vii",3,6.86688570637402,4.52609310570391,"vii",3,6.86688570637402,4.52609310570391,
97,34,"V",2,5.81678563336159,4.80480314308967,"V",2,5.81678563336159,4.80480314308967,
,,,,,,,,,,
98,28,"II",6,5.55395601340954,4.57049013326069,"II",6,5.55395601340954,4.57049013326069,
98,29,"vii",4,7.35634128979105,3.80373184906013,"vii",4,7.35634128979105,3.80373184906013,
98,30,"V",2,5.81678563336159,4.80480314308967,"V",2,5.81678563336159,4.80480314308967,
98,31,"VI",2,5.95563358310909,5.15542005889478,"VI",2,5.95563358310909,5.15542005889478,
98,32,"II",2,4.05450609827878,5.19900432120108,"II",2,4.05450609827878,5.19900432120108,
98,33,"vii",3,6.86688570637402,4.52609310570391,"i",3,6.77796423553668,4.52609310570391,0.0889214708373389
98,34,"V",2,5.81678563336159,4.80480314308967,"V",2,5.56620532527911,5.02229028264702,
98,35,"VI",2,5.95563358310909,5.15542005889478,"VI",2,6.05822197321374,5.24718269267729,
98,36,"V",2,3.9538765807652,5.19900432120108,"V",2,3.9538765807652,5.19900432120108,
98,37,"V",3,4.36884280238272,4.9460971050332,"V",3,4.36884280238272,4.9460971050332,
98,38,"I",3,2.97589278920398,5.08524501436401,"I",3,2.97589278920398,5.08524501436401,
,,,,,,,,,,
99,52,"IV",3,5.13273438088123,4.542598849633,"IV",3,5.13273438088123,4.542598849633,
99,53,"V",3,3.30051999937434,4.99467224957682,"V",3,3.30051999937434,4.99467224957682,
99,54,"IV",4,3.36747443300461,4.99907374065539,"IV",4,3.36747443300461,4.99907374065539,
99,55,"V",5,2.23864488090004,4.3891747045051,"V",5,2.23864488090004,4.3891747045051,
99,56,"II",6,5.55395601340954,4.57049013326069,"II",6,5.55395601340954,4.57049013326069,
99,57,"vii",4,7.35634128979105,3.80373184906013,"i",4,7.26741981895371,3.80373184906013,0.0889214708373389
99,58,"V",2,5.81678563336159,4.80480314308967,"V",2,5.56620532527911,5.02229028264702,
99,59,"VI",2,5.95563358310909,5.15542005889478,"VI",2,6.05822197321374,5.24718269267729,
99,60,"II",2,4.05450609827878,5.19900432120108,"II",2,4.05450609827878,5.19900432120108,
99,61,"vii",3,6.86688570637402,4.52609310570391,"vii",3,6.86688570637402,4.52609310570391,
99,62,"V",2,5.81678563336159,4.80480314308967,"V",2,5.81678563336159,4.80480314308967,
,,,,,,,,,,
100,56,"II",6,5.55395601340954,4.57049013326069,"II",6,5.55395601340954,4.57049013326069,
100,57,"vii",4,7.35634128979105,3.80373184906013,"vii",4,7.35634128979105,3.80373184906013,
100,58,"V",2,5.81678563336159,4.80480314308967,"V",2,5.81678563336159,4.80480314308967,
100,59,"VI",2,5.95563358310909,5.15542005889478,"VI",2,5.95563358310909,5.15542005889478,
100,60,"II",2,4.05450609827878,5.19900432120108,"II",2,4.05450609827878,5.19900432120108,
100,61,"vii",3,6.86688570637402,4.52609310570391,"i",3,6.77796423553668,4.52609310570391,0.0889214708373389
100,62,"V",2,5.81678563336159,4.80480314308967,"V",2,5.56620532527911,5.02229028264702,
100,63,"VI",2,5.95563358310909,5.15542005889478,"VI",2,6.05822197321374,5.24718269267729,
100,64,"II",2,4.05450609827878,5.19900432120108,"II",2,4.05450609827878,5.19900432120108,
100,65,"-VII",3,6.07388607729348,4.52609310570391,"-VII",3,6.07388607729348,4.52609310570391,
100,66,"II",2,4.84171962498617,5.22111218595544,"II",2,4.84171962498617,5.22111218595544,
,,,,,,,,,,
101,90,"IV",3,5.13273438088123,4.542598849633,"IV",3,5.13273438088123,4.542598849633,
101,91,"V",3,3.30051999937434,4.99467224957682,"V",3,3.30051999937434,4.99467224957682,
101,92,"IV",4,3.36747443300461,4.99907374065539,"IV",4,3.36747443300461,4.99907374065539,
101,93,"V",5,2.23864488090004,4.3891747045051,"V",5,2.23864488090004,4.3891747045051,
101,94,"II",6,5.55395601340954,4.57049013326069,"II",6,5.55395601340954,4.57049013326069,
101,95,"vii",4,7.35634128979105,3.80373184906013,"i",4,7.26741981895371,3.80373184906013,0.0889214708373389
101,96,"V",2,5.81678563336159,4.80480314308967,"V",2,5.56620532527911,5.02229028264702,
101,97,"VI",2,5.95563358310909,5.15542005889478,"VI",2,6.05822197321374,5.24718269267729,
101,98,"II",2,4.05450609827878,5.19900432120108,"II",2,4.05450609827878,5.19900432120108,
101,99,"vii",3,6.86688570637402,4.52609310570391,"vii",3,6.86688570637402,4.52609310570391,
101,100,"V",2,5.81678563336159,4.80480314308967,"V",2,5.81678563336159,4.80480314308967,
,,,,,,,,,,
102,94,"II",6,5.55395601340954,4.57049013326069,"II",6,5.55395601340954,4.57049013326069,
102,95,"vii",4,7.35634128979105,3.80373184906013,"vii",4,7.35634128979105,3.80373184906013,
102,96,"V",2,5.81678563336159,4.80480314308967,"V",2,5.81678563336159,4.80480314308967,
102,97,"VI",2,5.95563358310909,5.15542005889478,"VI",2,5.95563358310909,5.15542005889478,
102,98,"II",2,4.05450609827878,5.19900432120108,"II",2,4.05450609827878,5.19900432120108,
102,99,"vii",3,6.86688570637402,4.52609310570391,"i",3,6.77796423553668,4.52609310570391,0.0889214708373389
102,100,"V",2,5.81678563336159,4.80480314308967,"V",2,5.56620532527911,5.02229028264702,
102,101,"VI",2,5.95563358310909,5.15542005889478,"VI",2,6.05822197321374,5.24718269267729,
102,102,"II",2,4.05450609827878,5.19900432120108,"II",2,4.05450609827878,5.19900432120108,
102,103,"vii",3,6.86688570637402,4.52609310570391,"vii",3,6.86688570637402,4.52609310570391,
102,104,"V",2,5.81678563336159,4.80480314308967,"V",2,5.81678563336159,4.80480314308967,
,,,,,,,,,,
103,98,"II",2,4.05450609827878,5.19900432120108,"II",2,4.05450609827878,5.19900432120108,
103,99,"vii",3,6.86688570637402,4.52609310570391,"vii",3,6.86688570637402,4.52609310570391,
103,100,"V",2,5.81678563336159,4.80480314308967,"V",2,5.81678563336159,4.80480314308967,
103,101,"VI",2,5.95563358310909,5.15542005889478,"VI",2,5.95563358310909,5.15542005889478,
103,102,"II",2,4.05450609827878,5.19900432120108,"II",2,4.05450609827878,5.19900432120108,
103,103,"vii",3,6.86688570637402,4.52609310570391,"i",3,6.77796423553668,4.52609310570391,0.0889214708373389
103,104,"V",2,5.81678563336159,4.80480314308967,"V",2,5.56620532527911,5.02229028264702,
103,105,"VI",2,5.95563358310909,5.15542005889478,"VI",2,6.05822197321374,5.24718269267729,
103,106,"II",2,4.05450609827878,5.19900432120108,"II",2,4.05450609827878,5.19900432120108,
103,107,"vii",3,6.86688570637402,4.52609310570391,"vii",3,6.86688570637402,4.52609310570391,
103,108,"V",2,5.81678563336159,4.80480314308967,"V",2,5.81678563336159,4.80480314308967,
,,,,,,,,,,
104,102,"II",2,4.05450609827878,5.19900432120108,"II",2,4.05450609827878,5.19900432120108,
104,103,"vii",3,6.86688570637402,4.52609310570391,"vii",3,6.86688570637402,4.52609310570391,
104,104,"V",2,5.81678563336159,4.80480314308967,"V",2,5.81678563336159,4.80480314308967,
104,105,"VI",2,5.95563358310909,5.15542005889478,"VI",2,5.95563358310909,5.15542005889478,
104,106,"II",2,4.05450609827878,5.19900432120108,"II",2,4.05450609827878,5.19900432120108,
104,107,"vii",3,6.86688570637402,4.52609310570391,"i",3,6.77796423553668,4.52609310570391,0.0889214708373389
104,108,"V",2,5.81678563336159,4.80480314308967,"V",2,5.56620532527911,5.02229028264702,
104,109,"VI",2,5.95563358310909,5.15542005889478,"VI",2,6.05822197321374,5.24718269267729,
104,110,"II",2,4.05450609827878,5.19900432120108,"II",2,4.05450609827878,5.19900432120108,
104,111,"vii",3,6.86688570637402,4.52609310570391,"vii",3,6.86688570637402,4.52609310570391,
104,112,"V",2,5.81678563336159,4.80480314308967,"V",2,5.81678563336159,4.80480314308967,
,,,,,,,,,,
105,106,"II",2,4.05450609827878,5.19900432120108,"II",2,4.05450609827878,5.19900432120108,
105,107,"vii",3,6.86688570637402,4.52609310570391,"vii",3,6.86688570637402,4.52609310570391,
105,108,"V",2,5.81678563336159,4.80480314308967,"V",2,5.81678563336159,4.80480314308967,
105,109,"VI",2,5.95563358310909,5.15542005889478,"VI",2,5.95563358310909,5.15542005889478,
105,110,"II",2,4.05450609827878,5.19900432120108,"II",2,4.05450609827878,5.19900432120108,
105,111,"vii",3,6.86688570637402,4.52609310570391,"i",3,6.77796423553668,4.52609310570391,0.0889214708373389
105,112,"V",2,5.81678563336159,4.80480314308967,"V",2,5.56620532527911,5.02229028264702,
105,113,"VI",2,5.95563358310909,5.15542005889478,"VI",2,6.05822197321374,5.24718269267729,
105,114,"II",2,4.05450609827878,5.19900432120108,"II",2,4.05450609827878,5.19900432120108,
105,115,"vii",3,6.86688570637402,4.52609310570391,"vii",3,6.86688570637402,4.52609310570391,
105,116,"V",2,5.81678563336159,4.80480314308967,"V",2,5.81678563336159,4.80480314308967,
,,,,,,,,,,
106,110,"II",2,4.05450609827878,5.19900432120108,"II",2,4.05450609827878,5.19900432120108,
106,111,"vii",3,6.86688570637402,4.52609310570391,"vii",3,6.86688570637402,4.52609310570391,
106,112,"V",2,5.81678563336159,4.80480314308967,"V",2,5.81678563336159,4.80480314308967,
106,113,"VI",2,5.95563358310909,5.15542005889478,"VI",2,5.95563358310909,5.15542005889478,
106,114,"II",2,4.05450609827878,5.19900432120108,"II",2,4.05450609827878,5.19900432120108,
106,115,"vii",3,6.86688570637402,4.52609310570391,"i",3,6.77796423553668,4.52609310570391,0.0889214708373389
106,116,"V",2,5.81678563336159,4.80480314308967,"V",2,5.56620532527911,5.02229028264702,
106,117,"r",2,2.27547963399716,5.15542005889478,"r",2,3.01151398801704,5.24718269267729,
106,118,"r",3,1.47459178372921,3.46772226098909,"r",2,2.04271286063372,3.78670973391572,
,,,,,,,,,,
107,24,"IV",3,5.13273438088123,4.542598849633,"IV",3,5.13273438088123,4.542598849633,
107,25,"V",3,3.30051999937434,4.99467224957682,"V",3,3.30051999937434,4.99467224957682,
107,26,"IV",4,3.36747443300461,4.99907374065539,"IV",4,3.36747443300461,4.99907374065539,
107,27,"V",5,2.23864488090004,4.3891747045051,"V",5,2.23864488090004,4.3891747045051,
107,28,"II",6,5.55395601340954,4.57049013326069,"II",6,5.55395601340954,4.57049013326069,
107,29,"vii",4,7.35634128979105,3.80373184906013,"#I",4,7.45432051311806,3.80373184906013,0.0979792233270054
107,30,"V",2,5.81678563336159,4.80480314308967,"V",2,6.62745458283523,4.5536699147895,
107,31,"VI",2,5.95563358310909,5.15542005889478,"VI",1,5.72659449487203,5.46916396334799,
107,32,"II",2,4.05450609827878,5.19900432120108,"II",2,4.05450609827878,5.19900432120108,
107,33,"vii",3,6.86688570637402,4.52609310570391,"vii",3,6.86688570637402,4.52609310570391,
107,34,"V",2,5.81678563336159,4.80480314308967,"V",2,5.81678563336159,4.80480314308967,
,,,,,,,,,,
108,28,"II",6,5.55395601340954,4.57049013326069,"II",6,5.55395601340954,4.57049013326069,
108,29,"vii",4,7.35634128979105,3.80373184906013,"vii",4,7.35634128979105,3.80373184906013,
108,30,"V",2,5.81678563336159,4.80480314308967,"V",2,5.81678563336159,4.80480314308967,
108,31,"VI",2,5.95563358310909,5.15542005889478,"VI",2,5.95563358310909,5.15542005889478,
108,32,"II",2,4.05450609827878,5.19900432120108,"II",2,4.05450609827878,5.19900432120108,
108,33,"vii",3,6.86688570637402,4.52609310570391,"#I",3,6.96486492970102,4.52609310570391,0.0979792233270054
108,34,"V",2,5.81678563336159,4.80480314308967,"V",2,6.62745458283523,4.5536699147895,
108,35,"VI",2,5.95563358310909,5.15542005889478,"VI",1,5.72659449487203,5.46916396334799,
108,36,"V",2,3.9538765807652,5.19900432120108,"V",2,3.9538765807652,5.19900432120108,
108,37,"V",3,4.36884280238272,4.9460971050332,"V",3,4.36884280238272,4.9460971050332,
108,38,"I",3,2.97589278920398,5.08524501436401,"I",3,2.97589278920398,5.08524501436401,
,,,,,,,,,,
109,52,"IV",3,5.13273438088123,4.542598849633,"IV",3,5.13273438088123,4.542598849633,
109,53,"V",3,3.30051999937434,4.99467224957682,"V",3,3.30051999937434,4.99467224957682,
109,54,"IV",4,3.36747443300461,4.99907374065539,"IV",4,3.36747443300461,4.99907374065539,
109,55,"V",5,2.23864488090004,4.3891747045051,"V",5,2.23864488090004,4.3891747045051,
109,56,"II",6,5.55395601340954,4.57049013326069,"II",6,5.55395601340954,4.57049013326069,
109,57,"vii",4,7.35634128979105,3.80373184906013,"#I",4,7.45432051311806,3.80373184906013,0.0979792233270054
109,58,"V",2,5.81678563336159,4.80480314308967,"V",2,6.62745458283523,4.5536699147895,
109,59,"VI",2,5.95563358310909,5.15542005889478,"VI",1,5.72659449487203,5.46916396334799,
109,60,"II",2,4.05450609827878,5.19900432120108,"II",2,4.05450609827878,5.19900432120108,
109,61,"vii",3,6.86688570637402,4.52609310570391,"vii",3,6.86688570637402,4.52609310570391,
109,62,"V",2,5.81678563336159,4.80480314308967,"V",2,5.81678563336159,4.80480314308967,
,,,,,,,,,,
110,56,"II",6,5.55395601340954,4.57049013326069,"II",6,5.55395601340954,4.57049013326069,
110,57,"vii",4,7.35634128979105,3.80373184906013,"vii",4,7.35634128979105,3.80373184906013,
110,58,"V",2,5.81678563336159,4.80480314308967,"V",2,5.81678563336159,4.80480314308967,
110,59,"VI",2,5.95563358310909,5.15542005889478,"VI",2,5.95563358310909,5.15542005889478,
110,60,"II",2,4.05450609827878,5.19900432120108,"II",2,4.05450609827878,5.19900432120108,
110,61,"vii",3,6.86688570637402,4.52609310570391,"#I",3,6.96486492970102,4.52609310570391,0.0979792233270054
110,62,"V",2,5.81678563336159,4.80480314308967,"V",2,6.62745458283523,4.5536699147895,
110,63,"VI",2,5.95563358310909,5.15542005889478,"VI",1,5.72659449487203,5.46916396334799,
110,64,"II",2,4.05450609827878,5.19900432120108,"II",2,4.05450609827878,5.19900432120108,
110,65,"-VII",3,6.07388607729348,4.52609310570391,"-VII",3,6.07388607729348,4.52609310570391,
110,66,"II",2,4.84171962498617,5.22111218595544,"II",2,4.84171962498617,5.22111218595544,
,,,,,,,,,,
111,90,"IV",3,5.13273438088123,4.542598849633,"IV",3,5.13273438088123,4.542598849633,
111,91,"V",3,3.30051999937434,4.99467224957682,"V",3,3.30051999937434,4.99467224957682,
111,92,"IV",4,3.36747443300461,4.99907374065539,"IV",4,3.36747443300461,4.99907374065539,
111,93,"V",5,2.23864488090004,4.3891747045051,"V",5,2.23864488090004,4.3891747045051,
111,94,"II",6,5.55395601340954,4.57049013326069,"II",6,5.55395601340954,4.57049013326069,
111,95,"vii",4,7.35634128979105,3.80373184906013,"#I",4,7.45432051311806,3.80373184906013,0.0979792233270054
111,96,"V",2,5.81678563336159,4.80480314308967,"V",2,6.62745458283523,4.5536699147895,
111,97,"VI",2,5.95563358310909,5.15542005889478,"VI",1,5.72659449487203,5.46916396334799,
111,98,"II",2,4.05450609827878,5.19900432120108,"II",2,4.05450609827878,5.19900432120108,
111,99,"vii",3,6.86688570637402,4.52609310570391,"vii",3,6.86688570637402,4.52609310570391,
111,100,"V",2,5.81678563336159,4.80480314308967,"V",2,5.81678563336159,4.80480314308967,
,,,,,,,,,,
112,94,"II",6,5.55395601340954,4.57049013326069,"II",6,5.55395601340954,4.57049013326069,
112,95,"vii",4,7.35634128979105,3.80373184906013,"vii",4,7.35634128979105,3.80373184906013,
112,96,"V",2,5.81678563336159,4.80480314308967,"V",2,5.81678563336159,4.80480314308967,
112,97,"VI",2,5.95563358310909,5.15542005889478,"VI",2,5.95563358310909,5.15542005889478,
112,98,"II",2,4.05450609827878,5.19900432120108,"II",2,4.05450609827878,5.19900432120108,
112,99,"vii",3,6.86688570637402,4.52609310570391,"#I",3,6.96486492970102,4.52609310570391,0.0979792233270054
112,100,"V",2,5.81678563336159,4.80480314308967,"V",2,6.62745458283523,4.5536699147895,
112,101,"VI",2,5.95563358310909,5.15542005889478,"VI",1,5.72659449487203,5.46916396334799,
112,102,"II",2,4.05450609827878,5.19900432120108,"II",2,4.05450609827878,5.19900432120108,
112,103,"vii",3,6.86688570637402,4.52609310570391,"vii",3,6.86688570637402,4.52609310570391,
112,104,"V",2,5.81678563336159,4.80480314308967,"V",2,5.81678563336159,4.80480314308967,
,,,,,,,,,,
113,98,"II",2,4.05450609827878,5.19900432120108,"II",2,4.05450609827878,5.19900432120108,
113,99,"vii",3,6.86688570637402,4.52609310570391,"vii",3,6.86688570637402,4.52609310570391,
113,100,"V",2,5.81678563336159,4.80480314308967,"V",2,5.81678563336159,4.80480314308967,
113,101,"VI",2,5.95563358310909,5.15542005889478,"VI",2,5.95563358310909,5.15542005889478,
113,102,"II",2,4.05450609827878,5.19900432120108,"II",2,4.05450609827878,5.19900432120108,
113,103,"vii",3,6.86688570637402,4.52609310570391,"#I",3,6.96486492970102,4.52609310570391,0.0979792233270054
113,104,"V",2,5.81678563336159,4.80480314308967,"V",2,6.62745458283523,4.5536699147895,
113,105,"VI",2,5.95563358310909,5.15542005889478,"VI",1,5.72659449487203,5.46916396334799,
113,106,"II",2,4.05450609827878,5.19900432120108,"II",2,4.05450609827878,5.19900432120108,
113,107,"vii",3,6.86688570637402,4.52609310570391,"vii",3,6.86688570637402,4.52609310570391,
113,108,"V",2,5.81678563336159,4.80480314308967,"V",2,5.81678563336159,4.80480314308967,
,,,,,,,,,,
114,102,"II",2,4.05450609827878,5.19900432120108,"II",2,4.05450609827878,5.19900432120108,
114,103,"vii",3,6.86688570637402,4.52609310570391,"vii",3,6.86688570637402,4.52609310570391,
114,104,"V",2,5.81678563336159,4.80480314308967,"V",2,5.81678563336159,4.80480314308967,
114,105,"VI",2,5.95563358310909,5.15542005889478,"VI",2,5.95563358310909,5.15542005889478,
114,106,"II",2,4.05450609827878,5.19900432120108,"II",2,4.05450609827878,5.19900432120108,
114,107,"vii",3,6.86688570637402,4.52609310570391,"#I",3,6.96486492970102,4.52609310570391,0.0979792233270054
114,108,"V",2,5.81678563336159,4.80480314308967,"V",2,6.62745458283523,4.5536699147895,
114,109,"VI",2,5.95563358310909,5.15542005889478,"VI",1,5.72659449487203,5.46916396334799,
114,110,"II",2,4.05450609827878,5.19900432120108,"II",2,4.05450609827878,5.19900432120108,
114,111,"vii",3,6.86688570637402,4.52609310570391,"vii",3,6.86688570637402,4.52609310570391,
114,112,"V",2,5.81678563336159,4.80480314308967,"V",2,5.81678563336159,4.80480314308967,
,,,,,,,,,,
115,106,"II",2,4.05450609827878,5.19900432120108,"II",2,4.05450609827878,5.19900432120108,
115,107,"vii",3,6.86688570637402,4.52609310570391,"vii",3,6.86688570637402,4.52609310570391,
115,108,"V",2,5.81678563336159,4.80480314308967,"V",2,5.81678563336159,4.80480314308967,
115,109,"VI",2,5.95563358310909,5.15542005889478,"VI",2,5.95563358310909,5.15542005889478,
115,110,"II",2,4.05450609827878,5.19900432120108,"II",2,4.05450609827878,5.19900432120108,
115,111,"vii",3,6.86688570637402,4.52609310570391,"#I",3,6.96486492970102,4.52609310570391,0.0979792233270054
115,112,"V",2,5.81678563336159,4.80480314308967,"V",2,6.62745458283523,4.5536699147895,
115,113,"VI",2,5.95563358310909,5.15542005889478,"VI",1,5.72659449487203,5.46916396334799,
115,114,"II",2,4.05450609827878,5.19900432120108,"II",2,4.05450609827878,5.19900432120108,
115,115,"vii",3,6.86688570637402,4.52609310570391,"vii",3,6.86688570637402,4.52609310570391,
115,116,"V",2,5.81678563336159,4.80480314308967,"V",2,5.81678563336159,4.80480314308967,
,,,,,,,,,,
116,110,"II",2,4.05450609827878,5.19900432120108,"II",2,4.05450609827878,5.19900432120108,
116,111,"vii",3,6.86688570637402,4.52609310570391,"vii",3,6.86688570637402,4.52609310570391,
116,112,"V",2,5.81678563336159,4.80480314308967,"V",2,5.81678563336159,4.80480314308967,
116,113,"VI",2,5.95563358310909,5.15542005889478,"VI",2,5.95563358310909,5.15542005889478,
116,114,"II",2,4.05450609827878,5.19900432120108,"II",2,4.05450609827878,5.19900432120108,
116,115,"vii",3,6.86688570637402,4.52609310570391,"#I",3,6.96486492970102,4.52609310570391,0.0979792233270054
116,116,"V",2,5.81678563336159,4.80480314308967,"V",2,6.62745458283523,4.5536699147895,
116,117,"r",2,2.27547963399716,5.15542005889478,"r",1,2.67988650967533,5.46916396334799,
116,118,"r",3,1.47459178372921,3.46772226098909,"r",2,2.04271286063372,3.78670973391572,
,,,,,,,,,,
