"Comparison","Row","Orig_Symbol","Orig_Order","Orig_IC","Orig_Entropy","Swap_Symbol","Swap_Order","Swap_IC","Swap_Entropy","Distance"
1,13,"-III",2,4.82186421338466,5.06679945716411,"-III",2,4.82186421338466,5.06679945716411,
1,14,"-VI",2,3.99237148859034,5.3358630766101,"-VI",2,3.99237148859034,5.3358630766101,
1,15,"-vii",3,3.42244598849515,5.12661624566274,"-vii",3,3.42244598849515,5.12661624566274,
1,16,"-III",3,0.386353103412487,1.98231807131359,"-III",3,0.386353103412487,1.98231807131359,
1,17,"i",5,5.7097964241155,5.00235834196481,"i",5,5.7097964241155,5.00235834196481,
1,18,"-vii",2,6.49716268562771,5.33886430994241,"-vi",2,6.49250130825785,5.33886430994241,0.00466137736986294
1,19,"-III",2,4.82186421338466,5.06679945716411,"-III",2,4.74638603359746,4.55080932326826,
1,20,"-VI",2,3.99237148859034,5.3358630766101,"-VI",2,3.74595624501184,5.27433667156924,
1,21,"-vii",3,3.42244598849515,5.12661624566274,"-vii",3,5.90949527675259,5.01618527742841,
1,22,"-III",3,0.386353103412487,1.98231807131359,"-III",3,1.45319408191677,4.17787982652762,
1,23,"i",5,5.7097964241155,5.00235834196481,"i",4,5.7097964241155,5.00235834196481,
,,,,,,,,,,
2,19,"-III",2,4.82186421338466,5.06679945716411,"-III",2,4.82186421338466,5.06679945716411,
2,20,"-VI",2,3.99237148859034,5.3358630766101,"-VI",2,3.99237148859034,5.3358630766101,
2,21,"-vii",3,3.42244598849515,5.12661624566274,"-vii",3,3.42244598849515,5.12661624566274,
2,22,"-III",3,0.386353103412487,1.98231807131359,"-III",3,0.386353103412487,1.98231807131359,
2,23,"i",5,5.7097964241155,5.00235834196481,"i",5,5.7097964241155,5.00235834196481,
2,24,"-vii",2,6.49716268562771,5.33886430994241,"-vi",2,6.49250130825785,5.33886430994241,0.00466137736986294
2,25,"-III",2,4.82186421338466,5.06679945716411,"-III",2,4.74638603359746,4.55080932326826,
2,26,"-VI",2,3.99237148859034,5.3358630766101,"-VI",2,3.74595624501184,5.27433667156924,
2,27,"-vii",3,3.42244598849515,5.12661624566274,"-vii",3,5.90949527675259,5.01618527742841,
2,28,"-III",3,0.386353103412487,1.98231807131359,"-III",3,1.45319408191677,4.17787982652762,
2,29,"i",5,5.7097964241155,5.00235834196481,"i",4,5.7097964241155,5.00235834196481,
,,,,,,,,,,
3,25,"-III",2,4.82186421338466,5.06679945716411,"-III",2,4.82186421338466,5.06679945716411,
3,26,"-VI",2,3.99237148859034,5.3358630766101,"-VI",2,3.99237148859034,5.3358630766101,
3,27,"-vii",3,3.42244598849515,5.12661624566274,"-vii",3,3.42244598849515,5.12661624566274,
3,28,"-III",3,0.386353103412487,1.98231807131359,"-III",3,0.386353103412487,1.98231807131359,
3,29,"i",5,5.7097964241155,5.00235834196481,"i",5,5.7097964241155,5.00235834196481,
3,30,"-vii",2,6.49716268562771,5.33886430994241,"-vi",2,6.49250130825785,5.33886430994241,0.00466137736986294
3,31,"-III",2,4.82186421338466,5.06679945716411,"-III",2,4.74638603359746,4.55080932326826,
3,32,"-VI",2,3.99237148859034,5.3358630766101,"-VI",2,3.74595624501184,5.27433667156924,
3,33,"-vii",3,3.42244598849515,5.12661624566274,"-vii",3,5.90949527675259,5.01618527742841,
3,34,"-III",3,0.386353103412487,1.98231807131359,"-III",3,1.45319408191677,4.17787982652762,
3,35,"-VI",5,2.845818240425,5.00235834196481,"-VI",4,2.845818240425,5.00235834196481,
,,,,,,,,,,
4,51,"iv",4,4.85733850913158,4.77185097699991,"iv",4,4.85733850913158,4.77185097699991,
4,52,"v",3,5.04311808808584,5.1531085144439,"v",3,5.04311808808584,5.1531085144439,
4,53,"iv",3,3.55895555044727,4.80225801079704,"iv",3,3.55895555044727,4.80225801079704,
4,54,"iv",4,4.3772734935695,4.84133801506281,"iv",4,4.3772734935695,4.84133801506281,
4,55,"i",4,2.02664151064481,4.77185097699991,"i",4,2.02664151064481,4.77185097699991,
4,56,"-vii",5,7.89708118985023,3.68924053253415,"-vi",5,7.89241981248036,3.68924053253415,0.00466137736986294
4,57,"-III",2,4.82186421338466,5.06679945716411,"-III",2,4.74638603359746,4.55080932326826,
4,58,"-VI",2,3.99237148859034,5.3358630766101,"-VI",2,3.74595624501184,5.27433667156924,
4,59,"-vii",3,3.42244598849515,5.12661624566274,"-vii",3,5.90949527675259,5.01618527742841,
4,60,"-III",3,0.386353103412487,1.98231807131359,"-III",3,1.45319408191677,4.17787982652762,
4,61,"-VI",5,2.845818240425,5.00235834196481,"-VI",4,2.845818240425,5.00235834196481,
,,,,,,,,,,
5,79,"iv",4,4.85733850913158,4.77185097699991,"iv",4,4.85733850913158,4.77185097699991,
5,80,"v",3,5.04311808808584,5.1531085144439,"v",3,5.04311808808584,5.1531085144439,
5,81,"iv",3,3.55895555044727,4.80225801079704,"iv",3,3.55895555044727,4.80225801079704,
5,82,"iv",4,4.3772734935695,4.84133801506281,"iv",4,4.3772734935695,4.84133801506281,
5,83,"i",4,2.02664151064481,4.77185097699991,"i",4,2.02664151064481,4.77185097699991,
5,84,"-vii",5,7.89708118985023,3.68924053253415,"-vi",5,7.89241981248036,3.68924053253415,0.00466137736986294
5,85,"-III",2,4.82186421338466,5.06679945716411,"-III",2,4.74638603359746,4.55080932326826,
5,86,"-VI",2,3.99237148859034,5.3358630766101,"-VI",2,3.74595624501184,5.27433667156924,
5,87,"-vii",3,3.42244598849515,5.12661624566274,"-vii",3,5.90949527675259,5.01618527742841,
5,88,"-III",3,0.386353103412487,1.98231807131359,"-III",3,1.45319408191677,4.17787982652762,
5,89,"-VI",5,2.845818240425,5.00235834196481,"-VI",4,2.845818240425,5.00235834196481,
,,,,,,,,,,
6,107,"iv",4,4.85733850913158,4.77185097699991,"iv",4,4.85733850913158,4.77185097699991,
6,108,"v",3,5.04311808808584,5.1531085144439,"v",3,5.04311808808584,5.1531085144439,
6,109,"iv",3,3.55895555044727,4.80225801079704,"iv",3,3.55895555044727,4.80225801079704,
6,110,"iv",4,4.3772734935695,4.84133801506281,"iv",4,4.3772734935695,4.84133801506281,
6,111,"i",4,2.02664151064481,4.77185097699991,"i",4,2.02664151064481,4.77185097699991,
6,112,"-vii",5,7.89708118985023,3.68924053253415,"-vi",5,7.89241981248036,3.68924053253415,0.00466137736986294
6,113,"-III",2,4.82186421338466,5.06679945716411,"-III",2,4.74638603359746,4.55080932326826,
6,114,"-VI",2,3.99237148859034,5.3358630766101,"-VI",2,3.74595624501184,5.27433667156924,
6,115,"-vii",3,3.42244598849515,5.12661624566274,"-vii",3,5.90949527675259,5.01618527742841,
6,116,"-III",3,0.386353103412487,1.98231807131359,"-III",3,1.45319408191677,4.17787982652762,
6,117,"-VI",5,2.845818240425,5.00235834196481,"-VI",4,2.845818240425,5.00235834196481,
,,,,,,,,,,
7,135,"iv",4,4.85733850913158,4.77185097699991,"iv",4,4.85733850913158,4.77185097699991,
7,136,"v",3,5.04311808808584,5.1531085144439,"v",3,5.04311808808584,5.1531085144439,
7,137,"iv",3,3.55895555044727,4.80225801079704,"iv",3,3.55895555044727,4.80225801079704,
7,138,"iv",4,4.3772734935695,4.84133801506281,"iv",4,4.3772734935695,4.84133801506281,
7,139,"i",4,2.02664151064481,4.77185097699991,"i",4,2.02664151064481,4.77185097699991,
7,140,"-vii",5,7.89708118985023,3.68924053253415,"-vi",5,7.89241981248036,3.68924053253415,0.00466137736986294
7,141,"-III",2,4.82186421338466,5.06679945716411,"-III",2,4.74638603359746,4.55080932326826,
7,142,"-VI",2,3.99237148859034,5.3358630766101,"-VI",2,3.74595624501184,5.27433667156924,
7,143,"-vii",3,3.42244598849515,5.12661624566274,"-vii",3,5.90949527675259,5.01618527742841,
7,144,"-III",3,0.386353103412487,1.98231807131359,"-III",3,1.45319408191677,4.17787982652762,
7,145,"i",5,5.7097964241155,5.00235834196481,"i",4,5.7097964241155,5.00235834196481,
,,,,,,,,,,
8,141,"-III",2,4.82186421338466,5.06679945716411,"-III",2,4.82186421338466,5.06679945716411,
8,142,"-VI",2,3.99237148859034,5.3358630766101,"-VI",2,3.99237148859034,5.3358630766101,
8,143,"-vii",3,3.42244598849515,5.12661624566274,"-vii",3,3.42244598849515,5.12661624566274,
8,144,"-III",3,0.386353103412487,1.98231807131359,"-III",3,0.386353103412487,1.98231807131359,
8,145,"i",5,5.7097964241155,5.00235834196481,"i",5,5.7097964241155,5.00235834196481,
8,146,"-vii",2,6.49716268562771,5.33886430994241,"-vi",2,6.49250130825785,5.33886430994241,0.00466137736986294
8,147,"-III",2,4.82186421338466,5.06679945716411,"-III",2,4.74638603359746,4.55080932326826,
8,148,"-VI",2,3.99237148859034,5.3358630766101,"-VI",2,3.74595624501184,5.27433667156924,
8,149,"-vii",3,3.42244598849515,5.12661624566274,"-vii",3,5.90949527675259,5.01618527742841,
8,150,"-III",3,0.386353103412487,1.98231807131359,"-III",3,1.45319408191677,4.17787982652762,
8,151,"i",5,5.7097964241155,5.00235834196481,"i",4,5.7097964241155,5.00235834196481,
,,,,,,,,,,
9,147,"-III",2,4.82186421338466,5.06679945716411,"-III",2,4.82186421338466,5.06679945716411,
9,148,"-VI",2,3.99237148859034,5.3358630766101,"-VI",2,3.99237148859034,5.3358630766101,
9,149,"-vii",3,3.42244598849515,5.12661624566274,"-vii",3,3.42244598849515,5.12661624566274,
9,150,"-III",3,0.386353103412487,1.98231807131359,"-III",3,0.386353103412487,1.98231807131359,
9,151,"i",5,5.7097964241155,5.00235834196481,"i",5,5.7097964241155,5.00235834196481,
9,152,"-vii",2,6.49716268562771,5.33886430994241,"-vi",2,6.49250130825785,5.33886430994241,0.00466137736986294
9,153,"-III",2,4.82186421338466,5.06679945716411,"-III",2,4.74638603359746,4.55080932326826,
9,154,"-VI",2,3.99237148859034,5.3358630766101,"-VI",2,3.74595624501184,5.27433667156924,
9,155,"-vii",3,3.42244598849515,5.12661624566274,"-vii",3,5.90949527675259,5.01618527742841,
9,156,"-III",3,0.386353103412487,1.98231807131359,"-III",3,1.45319408191677,4.17787982652762,
9,157,"i",5,5.7097964241155,5.00235834196481,"i",4,5.7097964241155,5.00235834196481,
,,,,,,,,,,
10,153,"-III",2,4.82186421338466,5.06679945716411,"-III",2,4.82186421338466,5.06679945716411,
10,154,"-VI",2,3.99237148859034,5.3358630766101,"-VI",2,3.99237148859034,5.3358630766101,
10,155,"-vii",3,3.42244598849515,5.12661624566274,"-vii",3,3.42244598849515,5.12661624566274,
10,156,"-III",3,0.386353103412487,1.98231807131359,"-III",3,0.386353103412487,1.98231807131359,
10,157,"i",5,5.7097964241155,5.00235834196481,"i",5,5.7097964241155,5.00235834196481,
10,158,"-vii",2,6.49716268562771,5.33886430994241,"-vi",2,6.49250130825785,5.33886430994241,0.00466137736986294
10,159,"-III",2,4.82186421338466,5.06679945716411,"-III",2,4.74638603359746,4.55080932326826,
10,160,"-VI",2,3.99237148859034,5.3358630766101,"-VI",2,3.74595624501184,5.27433667156924,
10,161,"V",3,3.05699497976885,5.12661624566274,"V",3,4.51322040060592,5.01618527742841,
10,162,"V",4,1.87341019879723,4.46368458716215,"V",3,3.54414083877443,4.97164283837619,
10,163,"iv",4,6.53783544328929,4.30565872493755,"iv",4,6.31733891533127,4.72855246182271,
,,,,,,,,,,
11,7,"i",6,1.23820635977456,3.67100020653669,"i",6,1.23820635977456,3.67100020653669,
11,8,"i",7,0.914167049060387,3.24726190051152,"i",7,0.914167049060387,3.24726190051152,
11,9,"i",8,0.702907846035572,2.83120598530751,"i",8,0.702907846035572,2.83120598530751,
11,10,"i",9,1.55117640085232,4.19287240326934,"i",9,1.55117640085232,4.19287240326934,
11,11,"i",10,0.97754630075751,3.33509458916171,"i",10,0.97754630075751,3.33509458916171,
11,12,"-vii",10,8.5819854926557,2.78079232422396,"-vi",10,8.57732411528583,2.78079232422396,0.00466137736986383
11,13,"-III",2,4.82186421338466,5.06679945716411,"-III",2,4.74638603359746,4.55080932326826,
11,14,"-VI",2,3.99237148859034,5.3358630766101,"-VI",2,3.74595624501184,5.27433667156924,
11,15,"-vii",3,3.42244598849515,5.12661624566274,"-vii",3,5.90949527675259,5.01618527742841,
11,16,"-III",3,0.386353103412487,1.98231807131359,"-III",3,1.45319408191677,4.17787982652762,
11,17,"i",5,5.7097964241155,5.00235834196481,"i",4,5.7097964241155,5.00235834196481,
,,,,,,,,,,
12,44,"-VI",10,3.23705862165092,3.1766216293389,"-VI",10,3.23705862165092,3.1766216293389,
12,45,"V",4,4.67687763580674,2.39758656635524,"V",4,4.67687763580674,2.39758656635524,
12,46,"V",4,1.87341019879723,4.46368458716215,"V",4,1.87341019879723,4.46368458716215,
12,47,"iv",4,6.53783544328929,4.30565872493755,"iv",4,6.53783544328929,4.30565872493755,
12,48,"v",3,5.06852662632692,5.02113867993583,"v",3,5.06852662632692,5.02113867993583,
12,49,"iv",3,4.47195819432485,4.63403190002984,"I",3,4.48179601803757,4.63403190002984,0.00983782371271591
12,50,"iv",3,4.14196147925016,5.2242700771375,"iv",3,5.91388973080712,4.97995037861501,
12,51,"iv",4,4.85733850913158,4.77185097699991,"iv",3,3.14072022386647,5.11188662255866,
12,52,"v",3,5.04311808808584,5.1531085144439,"v",4,4.90244759580608,4.95823993081005,
12,53,"iv",3,3.55895555044727,4.80225801079704,"iv",4,2.56966560344037,4.37128978273734,
12,54,"iv",4,4.3772734935695,4.84133801506281,"iv",4,4.57953290205936,4.44997515960208,
,,,,,,,,,,
13,64,"-VI",8,2.845818240425,5.00235834196481,"-VI",8,2.845818240425,5.00235834196481,
13,65,"V",4,4.67687763580674,2.39758656635524,"V",4,4.67687763580674,2.39758656635524,
13,66,"V",4,1.87341019879723,4.46368458716215,"V",4,1.87341019879723,4.46368458716215,
13,67,"iv",4,6.53783544328929,4.30565872493755,"iv",4,6.53783544328929,4.30565872493755,
13,68,"v",3,5.06852662632692,5.02113867993583,"v",3,5.06852662632692,5.02113867993583,
13,69,"iv",3,4.47195819432485,4.63403190002984,"I",3,4.48179601803757,4.63403190002984,0.00983782371271591
13,70,"iv",3,4.14196147925016,5.2242700771375,"iv",3,5.91388973080712,4.97995037861501,
13,71,"iv",4,4.85733850913158,4.77185097699991,"iv",3,3.14072022386647,5.11188662255866,
13,72,"v",3,5.04311808808584,5.1531085144439,"v",4,4.90244759580608,4.95823993081005,
13,73,"iv",3,3.55895555044727,4.80225801079704,"iv",4,2.56966560344037,4.37128978273734,
13,74,"iv",4,4.3772734935695,4.84133801506281,"iv",4,4.57953290205936,4.44997515960208,
,,,,,,,,,,
14,92,"-VI",8,2.845818240425,5.00235834196481,"-VI",8,2.845818240425,5.00235834196481,
14,93,"V",4,4.67687763580674,2.39758656635524,"V",4,4.67687763580674,2.39758656635524,
14,94,"V",4,1.87341019879723,4.46368458716215,"V",4,1.87341019879723,4.46368458716215,
14,95,"iv",4,6.53783544328929,4.30565872493755,"iv",4,6.53783544328929,4.30565872493755,
14,96,"v",3,5.06852662632692,5.02113867993583,"v",3,5.06852662632692,5.02113867993583,
14,97,"iv",3,4.47195819432485,4.63403190002984,"I",3,4.48179601803757,4.63403190002984,0.00983782371271591
14,98,"iv",3,4.14196147925016,5.2242700771375,"iv",3,5.91388973080712,4.97995037861501,
14,99,"iv",4,4.85733850913158,4.77185097699991,"iv",3,3.14072022386647,5.11188662255866,
14,100,"v",3,5.04311808808584,5.1531085144439,"v",4,4.90244759580608,4.95823993081005,
14,101,"iv",3,3.55895555044727,4.80225801079704,"iv",4,2.56966560344037,4.37128978273734,
14,102,"iv",4,4.3772734935695,4.84133801506281,"iv",4,4.57953290205936,4.44997515960208,
,,,,,,,,,,
15,120,"-VI",8,2.845818240425,5.00235834196481,"-VI",8,2.845818240425,5.00235834196481,
15,121,"V",4,4.67687763580674,2.39758656635524,"V",4,4.67687763580674,2.39758656635524,
15,122,"V",4,1.87341019879723,4.46368458716215,"V",4,1.87341019879723,4.46368458716215,
15,123,"iv",4,6.53783544328929,4.30565872493755,"iv",4,6.53783544328929,4.30565872493755,
15,124,"v",3,5.06852662632692,5.02113867993583,"v",3,5.06852662632692,5.02113867993583,
15,125,"iv",3,4.47195819432485,4.63403190002984,"I",3,4.48179601803757,4.63403190002984,0.00983782371271591
15,126,"iv",3,4.14196147925016,5.2242700771375,"iv",3,5.91388973080712,4.97995037861501,
15,127,"iv",4,4.85733850913158,4.77185097699991,"iv",3,3.14072022386647,5.11188662255866,
15,128,"v",3,5.04311808808584,5.1531085144439,"v",4,4.90244759580608,4.95823993081005,
15,129,"iv",3,3.55895555044727,4.80225801079704,"iv",4,2.56966560344037,4.37128978273734,
15,130,"iv",4,4.3772734935695,4.84133801506281,"iv",4,4.57953290205936,4.44997515960208,
,,,,,,,,,,
16,160,"-VI",2,3.99237148859034,5.3358630766101,"-VI",2,3.99237148859034,5.3358630766101,
16,161,"V",3,3.05699497976885,5.12661624566274,"V",3,3.05699497976885,5.12661624566274,
16,162,"V",4,1.87341019879723,4.46368458716215,"V",4,1.87341019879723,4.46368458716215,
16,163,"iv",4,6.53783544328929,4.30565872493755,"iv",4,6.53783544328929,4.30565872493755,
16,164,"v",3,5.06852662632692,5.02113867993583,"v",3,5.06852662632692,5.02113867993583,
16,165,"iv",3,4.47195819432485,4.63403190002984,"I",3,4.48179601803757,4.63403190002984,0.00983782371271591
16,166,"r",3,3.08056142137262,5.2242700771375,"r",3,3.18758987040162,4.97995037861501,
16,167,"r",3,2.17545014295623,3.54330965554773,"r",3,0.961981590205914,2.97902318032176,
,,,,,,,,,,
17,7,"i",6,1.23820635977456,3.67100020653669,"i",6,1.23820635977456,3.67100020653669,
17,8,"i",7,0.914167049060387,3.24726190051152,"i",7,0.914167049060387,3.24726190051152,
17,9,"i",8,0.702907846035572,2.83120598530751,"i",8,0.702907846035572,2.83120598530751,
17,10,"i",9,1.55117640085232,4.19287240326934,"i",9,1.55117640085232,4.19287240326934,
17,11,"i",10,0.97754630075751,3.33509458916171,"i",10,0.97754630075751,3.33509458916171,
17,12,"-vii",10,8.5819854926557,2.78079232422396,"III",10,8.56804630169782,2.78079232422396,0.0139391909578741
17,13,"-III",2,4.82186421338466,5.06679945716411,"-III",1,5.64361471433004,5.3938329962451,
17,14,"-VI",2,3.99237148859034,5.3358630766101,"-VI",2,5.38693614858027,5.29226040715093,
17,15,"-vii",3,3.42244598849515,5.12661624566274,"-vii",2,5.68313304837292,5.35245712802485,
17,16,"-III",3,0.386353103412487,1.98231807131359,"-III",3,1.45319408191677,4.17787982652762,
17,17,"i",5,5.7097964241155,5.00235834196481,"i",4,5.7097964241155,5.00235834196481,
,,,,,,,,,,
18,13,"-III",2,4.82186421338466,5.06679945716411,"-III",2,4.82186421338466,5.06679945716411,
18,14,"-VI",2,3.99237148859034,5.3358630766101,"-VI",2,3.99237148859034,5.3358630766101,
18,15,"-vii",3,3.42244598849515,5.12661624566274,"-vii",3,3.42244598849515,5.12661624566274,
18,16,"-III",3,0.386353103412487,1.98231807131359,"-III",3,0.386353103412487,1.98231807131359,
18,17,"i",5,5.7097964241155,5.00235834196481,"i",5,5.7097964241155,5.00235834196481,
18,18,"-vii",2,6.49716268562771,5.33886430994241,"III",2,6.48322349466984,5.33886430994241,0.0139391909578741
18,19,"-III",2,4.82186421338466,5.06679945716411,"-III",1,5.64361471433004,5.3938329962451,
18,20,"-VI",2,3.99237148859034,5.3358630766101,"-VI",2,5.38693614858027,5.29226040715093,
18,21,"-vii",3,3.42244598849515,5.12661624566274,"-vii",2,5.68313304837292,5.35245712802485,
18,22,"-III",3,0.386353103412487,1.98231807131359,"-III",3,1.45319408191677,4.17787982652762,
18,23,"i",5,5.7097964241155,5.00235834196481,"i",4,5.7097964241155,5.00235834196481,
,,,,,,,,,,
19,19,"-III",2,4.82186421338466,5.06679945716411,"-III",2,4.82186421338466,5.06679945716411,
19,20,"-VI",2,3.99237148859034,5.3358630766101,"-VI",2,3.99237148859034,5.3358630766101,
19,21,"-vii",3,3.42244598849515,5.12661624566274,"-vii",3,3.42244598849515,5.12661624566274,
19,22,"-III",3,0.386353103412487,1.98231807131359,"-III",3,0.386353103412487,1.98231807131359,
19,23,"i",5,5.7097964241155,5.00235834196481,"i",5,5.7097964241155,5.00235834196481,
19,24,"-vii",2,6.49716268562771,5.33886430994241,"III",2,6.48322349466984,5.33886430994241,0.0139391909578741
19,25,"-III",2,4.82186421338466,5.06679945716411,"-III",1,5.64361471433004,5.3938329962451,
19,26,"-VI",2,3.99237148859034,5.3358630766101,"-VI",2,5.38693614858027,5.29226040715093,
19,27,"-vii",3,3.42244598849515,5.12661624566274,"-vii",2,5.68313304837292,5.35245712802485,
19,28,"-III",3,0.386353103412487,1.98231807131359,"-III",3,1.45319408191677,4.17787982652762,
19,29,"i",5,5.7097964241155,5.00235834196481,"i",4,5.7097964241155,5.00235834196481,
,,,,,,,,,,
20,25,"-III",2,4.82186421338466,5.06679945716411,"-III",2,4.82186421338466,5.06679945716411,
20,26,"-VI",2,3.99237148859034,5.3358630766101,"-VI",2,3.99237148859034,5.3358630766101,
20,27,"-vii",3,3.42244598849515,5.12661624566274,"-vii",3,3.42244598849515,5.12661624566274,
20,28,"-III",3,0.386353103412487,1.98231807131359,"-III",3,0.386353103412487,1.98231807131359,
20,29,"i",5,5.7097964241155,5.00235834196481,"i",5,5.7097964241155,5.00235834196481,
20,30,"-vii",2,6.49716268562771,5.33886430994241,"III",2,6.48322349466984,5.33886430994241,0.0139391909578741
20,31,"-III",2,4.82186421338466,5.06679945716411,"-III",1,5.64361471433004,5.3938329962451,
20,32,"-VI",2,3.99237148859034,5.3358630766101,"-VI",2,5.38693614858027,5.29226040715093,
20,33,"-vii",3,3.42244598849515,5.12661624566274,"-vii",2,5.68313304837292,5.35245712802485,
20,34,"-III",3,0.386353103412487,1.98231807131359,"-III",3,1.45319408191677,4.17787982652762,
20,35,"-VI",5,2.845818240425,5.00235834196481,"-VI",4,2.845818240425,5.00235834196481,
,,,,,,,,,,
21,51,"iv",4,4.85733850913158,4.77185097699991,"iv",4,4.85733850913158,4.77185097699991,
21,52,"v",3,5.04311808808584,5.1531085144439,"v",3,5.04311808808584,5.1531085144439,
21,53,"iv",3,3.55895555044727,4.80225801079704,"iv",3,3.55895555044727,4.80225801079704,
21,54,"iv",4,4.3772734935695,4.84133801506281,"iv",4,4.3772734935695,4.84133801506281,
21,55,"i",4,2.02664151064481,4.77185097699991,"i",4,2.02664151064481,4.77185097699991,
21,56,"-vii",5,7.89708118985023,3.68924053253415,"III",5,7.88314199889235,3.68924053253415,0.0139391909578741
21,57,"-III",2,4.82186421338466,5.06679945716411,"-III",1,5.64361471433004,5.3938329962451,
21,58,"-VI",2,3.99237148859034,5.3358630766101,"-VI",2,5.38693614858027,5.29226040715093,
21,59,"-vii",3,3.42244598849515,5.12661624566274,"-vii",2,5.68313304837292,5.35245712802485,
21,60,"-III",3,0.386353103412487,1.98231807131359,"-III",3,1.45319408191677,4.17787982652762,
21,61,"-VI",5,2.845818240425,5.00235834196481,"-VI",4,2.845818240425,5.00235834196481,
,,,,,,,,,,
22,79,"iv",4,4.85733850913158,4.77185097699991,"iv",4,4.85733850913158,4.77185097699991,
22,80,"v",3,5.04311808808584,5.1531085144439,"v",3,5.04311808808584,5.1531085144439,
22,81,"iv",3,3.55895555044727,4.80225801079704,"iv",3,3.55895555044727,4.80225801079704,
22,82,"iv",4,4.3772734935695,4.84133801506281,"iv",4,4.3772734935695,4.84133801506281,
22,83,"i",4,2.02664151064481,4.77185097699991,"i",4,2.02664151064481,4.77185097699991,
22,84,"-vii",5,7.89708118985023,3.68924053253415,"III",5,7.88314199889235,3.68924053253415,0.0139391909578741
22,85,"-III",2,4.82186421338466,5.06679945716411,"-III",1,5.64361471433004,5.3938329962451,
22,86,"-VI",2,3.99237148859034,5.3358630766101,"-VI",2,5.38693614858027,5.29226040715093,
22,87,"-vii",3,3.42244598849515,5.12661624566274,"-vii",2,5.68313304837292,5.35245712802485,
22,88,"-III",3,0.386353103412487,1.98231807131359,"-III",3,1.45319408191677,4.17787982652762,
22,89,"-VI",5,2.845818240425,5.00235834196481,"-VI",4,2.845818240425,5.00235834196481,
,,,,,,,,,,
23,107,"iv",4,4.85733850913158,4.77185097699991,"iv",4,4.85733850913158,4.77185097699991,
23,108,"v",3,5.04311808808584,5.1531085144439,"v",3,5.04311808808584,5.1531085144439,
23,109,"iv",3,3.55895555044727,4.80225801079704,"iv",3,3.55895555044727,4.80225801079704,
23,110,"iv",4,4.3772734935695,4.84133801506281,"iv",4,4.3772734935695,4.84133801506281,
23,111,"i",4,2.02664151064481,4.77185097699991,"i",4,2.02664151064481,4.77185097699991,
23,112,"-vii",5,7.89708118985023,3.68924053253415,"III",5,7.88314199889235,3.68924053253415,0.0139391909578741
23,113,"-III",2,4.82186421338466,5.06679945716411,"-III",1,5.64361471433004,5.3938329962451,
23,114,"-VI",2,3.99237148859034,5.3358630766101,"-VI",2,5.38693614858027,5.29226040715093,
23,115,"-vii",3,3.42244598849515,5.12661624566274,"-vii",2,5.68313304837292,5.35245712802485,
23,116,"-III",3,0.386353103412487,1.98231807131359,"-III",3,1.45319408191677,4.17787982652762,
23,117,"-VI",5,2.845818240425,5.00235834196481,"-VI",4,2.845818240425,5.00235834196481,
,,,,,,,,,,
24,135,"iv",4,4.85733850913158,4.77185097699991,"iv",4,4.85733850913158,4.77185097699991,
24,136,"v",3,5.04311808808584,5.1531085144439,"v",3,5.04311808808584,5.1531085144439,
24,137,"iv",3,3.55895555044727,4.80225801079704,"iv",3,3.55895555044727,4.80225801079704,
24,138,"iv",4,4.3772734935695,4.84133801506281,"iv",4,4.3772734935695,4.84133801506281,
24,139,"i",4,2.02664151064481,4.77185097699991,"i",4,2.02664151064481,4.77185097699991,
24,140,"-vii",5,7.89708118985023,3.68924053253415,"III",5,7.88314199889235,3.68924053253415,0.0139391909578741
24,141,"-III",2,4.82186421338466,5.06679945716411,"-III",1,5.64361471433004,5.3938329962451,
24,142,"-VI",2,3.99237148859034,5.3358630766101,"-VI",2,5.38693614858027,5.29226040715093,
24,143,"-vii",3,3.42244598849515,5.12661624566274,"-vii",2,5.68313304837292,5.35245712802485,
24,144,"-III",3,0.386353103412487,1.98231807131359,"-III",3,1.45319408191677,4.17787982652762,
24,145,"i",5,5.7097964241155,5.00235834196481,"i",4,5.7097964241155,5.00235834196481,
,,,,,,,,,,
25,141,"-III",2,4.82186421338466,5.06679945716411,"-III",2,4.82186421338466,5.06679945716411,
25,142,"-VI",2,3.99237148859034,5.3358630766101,"-VI",2,3.99237148859034,5.3358630766101,
25,143,"-vii",3,3.42244598849515,5.12661624566274,"-vii",3,3.42244598849515,5.12661624566274,
25,144,"-III",3,0.386353103412487,1.98231807131359,"-III",3,0.386353103412487,1.98231807131359,
25,145,"i",5,5.7097964241155,5.00235834196481,"i",5,5.7097964241155,5.00235834196481,
25,146,"-vii",2,6.49716268562771,5.33886430994241,"III",2,6.48322349466984,5.33886430994241,0.0139391909578741
25,147,"-III",2,4.82186421338466,5.06679945716411,"-III",1,5.64361471433004,5.3938329962451,
25,148,"-VI",2,3.99237148859034,5.3358630766101,"-VI",2,5.38693614858027,5.29226040715093,
25,149,"-vii",3,3.42244598849515,5.12661624566274,"-vii",2,5.68313304837292,5.35245712802485,
25,150,"-III",3,0.386353103412487,1.98231807131359,"-III",3,1.45319408191677,4.17787982652762,
25,151,"i",5,5.7097964241155,5.00235834196481,"i",4,5.7097964241155,5.00235834196481,
,,,,,,,,,,
26,147,"-III",2,4.82186421338466,5.06679945716411,"-III",2,4.82186421338466,5.06679945716411,
26,148,"-VI",2,3.99237148859034,5.3358630766101,"-VI",2,3.99237148859034,5.3358630766101,
26,149,"-vii",3,3.42244598849515,5.12661624566274,"-vii",3,3.42244598849515,5.12661624566274,
26,150,"-III",3,0.386353103412487,1.98231807131359,"-III",3,0.386353103412487,1.98231807131359,
26,151,"i",5,5.7097964241155,5.00235834196481,"i",5,5.7097964241155,5.00235834196481,
26,152,"-vii",2,6.49716268562771,5.33886430994241,"III",2,6.48322349466984,5.33886430994241,0.0139391909578741
26,153,"-III",2,4.82186421338466,5.06679945716411,"-III",1,5.64361471433004,5.3938329962451,
26,154,"-VI",2,3.99237148859034,5.3358630766101,"-VI",2,5.38693614858027,5.29226040715093,
26,155,"-vii",3,3.42244598849515,5.12661624566274,"-vii",2,5.68313304837292,5.35245712802485,
26,156,"-III",3,0.386353103412487,1.98231807131359,"-III",3,1.45319408191677,4.17787982652762,
26,157,"i",5,5.7097964241155,5.00235834196481,"i",4,5.7097964241155,5.00235834196481,
,,,,,,,,,,
27,153,"-III",2,4.82186421338466,5.06679945716411,"-III",2,4.82186421338466,5.06679945716411,
27,154,"-VI",2,3.99237148859034,5.3358630766101,"-VI",2,3.99237148859034,5.3358630766101,
27,155,"-vii",3,3.42244598849515,5.12661624566274,"-vii",3,3.42244598849515,5.12661624566274,
27,156,"-III",3,0.386353103412487,1.98231807131359,"-III",3,0.386353103412487,1.98231807131359,
27,157,"i",5,5.7097964241155,5.00235834196481,"i",5,5.7097964241155,5.00235834196481,
27,158,"-vii",2,6.49716268562771,5.33886430994241,"III",2,6.48322349466984,5.33886430994241,0.0139391909578741
27,159,"-III",2,4.82186421338466,5.06679945716411,"-III",1,5.64361471433004,5.3938329962451,
27,160,"-VI",2,3.99237148859034,5.3358630766101,"-VI",2,5.38693614858027,5.29226040715093,
27,161,"V",3,3.05699497976885,5.12661624566274,"V",2,4.28685817222625,5.35245712802485,
27,162,"V",4,1.87341019879723,4.46368458716215,"V",3,3.54414083877443,4.97164283837619,
27,163,"iv",4,6.53783544328929,4.30565872493755,"iv",4,6.31733891533127,4.72855246182271,
,,,,,,,,,,
28,7,"i",6,1.23820635977456,3.67100020653669,"i",6,1.23820635977456,3.67100020653669,
28,8,"i",7,0.914167049060387,3.24726190051152,"i",7,0.914167049060387,3.24726190051152,
28,9,"i",8,0.702907846035572,2.83120598530751,"i",8,0.702907846035572,2.83120598530751,
28,10,"i",9,1.55117640085232,4.19287240326934,"i",9,1.55117640085232,4.19287240326934,
28,11,"i",10,0.97754630075751,3.33509458916171,"i",10,0.97754630075751,3.33509458916171,
28,12,"-vii",10,8.5819854926557,2.78079232422396,"VII",10,8.56342967362745,2.78079232422396,0.0185558190282435
28,13,"-III",2,4.82186421338466,5.06679945716411,"-III",2,6.99682182139838,4.46096219909602,
28,14,"-VI",2,3.99237148859034,5.3358630766101,"-VI",1,5.11572114475607,5.45536975140832,
28,15,"-vii",3,3.42244598849515,5.12661624566274,"-vii",2,5.68313304837292,5.35245712802485,
28,16,"-III",3,0.386353103412487,1.98231807131359,"-III",3,1.45319408191677,4.17787982652762,
28,17,"i",5,5.7097964241155,5.00235834196481,"i",4,5.7097964241155,5.00235834196481,
,,,,,,,,,,
29,51,"iv",4,4.85733850913158,4.77185097699991,"iv",4,4.85733850913158,4.77185097699991,
29,52,"v",3,5.04311808808584,5.1531085144439,"v",3,5.04311808808584,5.1531085144439,
29,53,"iv",3,3.55895555044727,4.80225801079704,"iv",3,3.55895555044727,4.80225801079704,
29,54,"iv",4,4.3772734935695,4.84133801506281,"iv",4,4.3772734935695,4.84133801506281,
29,55,"i",4,2.02664151064481,4.77185097699991,"i",4,2.02664151064481,4.77185097699991,
29,56,"-vii",5,7.89708118985023,3.68924053253415,"VII",5,7.87852537082198,3.68924053253415,0.0185558190282435
29,57,"-III",2,4.82186421338466,5.06679945716411,"-III",2,6.99682182139838,4.46096219909602,
29,58,"-VI",2,3.99237148859034,5.3358630766101,"-VI",1,5.11572114475607,5.45536975140832,
29,59,"-vii",3,3.42244598849515,5.12661624566274,"-vii",2,5.68313304837292,5.35245712802485,
29,60,"-III",3,0.386353103412487,1.98231807131359,"-III",3,1.45319408191677,4.17787982652762,
29,61,"-VI",5,2.845818240425,5.00235834196481,"-VI",4,2.845818240425,5.00235834196481,
,,,,,,,,,,
30,79,"iv",4,4.85733850913158,4.77185097699991,"iv",4,4.85733850913158,4.77185097699991,
30,80,"v",3,5.04311808808584,5.1531085144439,"v",3,5.04311808808584,5.1531085144439,
30,81,"iv",3,3.55895555044727,4.80225801079704,"iv",3,3.55895555044727,4.80225801079704,
30,82,"iv",4,4.3772734935695,4.84133801506281,"iv",4,4.3772734935695,4.84133801506281,
30,83,"i",4,2.02664151064481,4.77185097699991,"i",4,2.02664151064481,4.77185097699991,
30,84,"-vii",5,7.89708118985023,3.68924053253415,"VII",5,7.87852537082198,3.68924053253415,0.0185558190282435
30,85,"-III",2,4.82186421338466,5.06679945716411,"-III",2,6.99682182139838,4.46096219909602,
30,86,"-VI",2,3.99237148859034,5.3358630766101,"-VI",1,5.11572114475607,5.45536975140832,
30,87,"-vii",3,3.42244598849515,5.12661624566274,"-vii",2,5.68313304837292,5.35245712802485,
30,88,"-III",3,0.386353103412487,1.98231807131359,"-III",3,1.45319408191677,4.17787982652762,
30,89,"-VI",5,2.845818240425,5.00235834196481,"-VI",4,2.845818240425,5.00235834196481,
,,,,,,,,,,
31,107,"iv",4,4.85733850913158,4.77185097699991,"iv",4,4.85733850913158,4.77185097699991,
31,108,"v",3,5.04311808808584,5.1531085144439,"v",3,5.04311808808584,5.1531085144439,
31,109,"iv",3,3.55895555044727,4.80225801079704,"iv",3,3.55895555044727,4.80225801079704,
31,110,"iv",4,4.3772734935695,4.84133801506281,"iv",4,4.3772734935695,4.84133801506281,
31,111,"i",4,2.02664151064481,4.77185097699991,"i",4,2.02664151064481,4.77185097699991,
31,112,"-vii",5,7.89708118985023,3.68924053253415,"VII",5,7.87852537082198,3.68924053253415,0.0185558190282435
31,113,"-III",2,4.82186421338466,5.06679945716411,"-III",2,6.99682182139838,4.46096219909602,
31,114,"-VI",2,3.99237148859034,5.3358630766101,"-VI",1,5.11572114475607,5.45536975140832,
31,115,"-vii",3,3.42244598849515,5.12661624566274,"-vii",2,5.68313304837292,5.35245712802485,
31,116,"-III",3,0.386353103412487,1.98231807131359,"-III",3,1.45319408191677,4.17787982652762,
31,117,"-VI",5,2.845818240425,5.00235834196481,"-VI",4,2.845818240425,5.00235834196481,
,,,,,,,,,,
32,135,"iv",4,4.85733850913158,4.77185097699991,"iv",4,4.85733850913158,4.77185097699991,
32,136,"v",3,5.04311808808584,5.1531085144439,"v",3,5.04311808808584,5.1531085144439,
32,137,"iv",3,3.55895555044727,4.80225801079704,"iv",3,3.55895555044727,4.80225801079704,
32,138,"iv",4,4.3772734935695,4.84133801506281,"iv",4,4.3772734935695,4.84133801506281,
32,139,"i",4,2.02664151064481,4.77185097699991,"i",4,2.02664151064481,4.77185097699991,
32,140,"-vii",5,7.89708118985023,3.68924053253415,"VII",5,7.87852537082198,3.68924053253415,0.0185558190282435
32,141,"-III",2,4.82186421338466,5.06679945716411,"-III",2,6.99682182139838,4.46096219909602,
32,142,"-VI",2,3.99237148859034,5.3358630766101,"-VI",1,5.11572114475607,5.45536975140832,
32,143,"-vii",3,3.42244598849515,5.12661624566274,"-vii",2,5.68313304837292,5.35245712802485,
32,144,"-III",3,0.386353103412487,1.98231807131359,"-III",3,1.45319408191677,4.17787982652762,
32,145,"i",5,5.7097964241155,5.00235834196481,"i",4,5.7097964241155,5.00235834196481,
,,,,,,,,,,
33,13,"-III",2,4.82186421338466,5.06679945716411,"-III",2,4.82186421338466,5.06679945716411,
33,14,"-VI",2,3.99237148859034,5.3358630766101,"-VI",2,3.99237148859034,5.3358630766101,
33,15,"-vii",3,3.42244598849515,5.12661624566274,"-vii",3,3.42244598849515,5.12661624566274,
33,16,"-III",3,0.386353103412487,1.98231807131359,"-III",3,0.386353103412487,1.98231807131359,
33,17,"i",5,5.7097964241155,5.00235834196481,"i",5,5.7097964241155,5.00235834196481,
33,18,"-vii",2,6.49716268562771,5.33886430994241,"VII",2,6.47860686659947,5.33886430994241,0.0185558190282444
33,19,"-III",2,4.82186421338466,5.06679945716411,"-III",2,6.99682182139838,4.46096219909602,
33,20,"-VI",2,3.99237148859034,5.3358630766101,"-VI",1,5.11572114475607,5.45536975140832,
33,21,"-vii",3,3.42244598849515,5.12661624566274,"-vii",2,5.68313304837292,5.35245712802485,
33,22,"-III",3,0.386353103412487,1.98231807131359,"-III",3,1.45319408191677,4.17787982652762,
33,23,"i",5,5.7097964241155,5.00235834196481,"i",4,5.7097964241155,5.00235834196481,
,,,,,,,,,,
34,19,"-III",2,4.82186421338466,5.06679945716411,"-III",2,4.82186421338466,5.06679945716411,
34,20,"-VI",2,3.99237148859034,5.3358630766101,"-VI",2,3.99237148859034,5.3358630766101,
34,21,"-vii",3,3.42244598849515,5.12661624566274,"-vii",3,3.42244598849515,5.12661624566274,
34,22,"-III",3,0.386353103412487,1.98231807131359,"-III",3,0.386353103412487,1.98231807131359,
34,23,"i",5,5.7097964241155,5.00235834196481,"i",5,5.7097964241155,5.00235834196481,
34,24,"-vii",2,6.49716268562771,5.33886430994241,"VII",2,6.47860686659947,5.33886430994241,0.0185558190282444
34,25,"-III",2,4.82186421338466,5.06679945716411,"-III",2,6.99682182139838,4.46096219909602,
34,26,"-VI",2,3.99237148859034,5.3358630766101,"-VI",1,5.11572114475607,5.45536975140832,
34,27,"-vii",3,3.42244598849515,5.12661624566274,"-vii",2,5.68313304837292,5.35245712802485,
34,28,"-III",3,0.386353103412487,1.98231807131359,"-III",3,1.45319408191677,4.17787982652762,
34,29,"i",5,5.7097964241155,5.00235834196481,"i",4,5.7097964241155,5.00235834196481,
,,,,,,,,,,
35,25,"-III",2,4.82186421338466,5.06679945716411,"-III",2,4.82186421338466,5.06679945716411,
35,26,"-VI",2,3.99237148859034,5.3358630766101,"-VI",2,3.99237148859034,5.3358630766101,
35,27,"-vii",3,3.42244598849515,5.12661624566274,"-vii",3,3.42244598849515,5.12661624566274,
35,28,"-III",3,0.386353103412487,1.98231807131359,"-III",3,0.386353103412487,1.98231807131359,
35,29,"i",5,5.7097964241155,5.00235834196481,"i",5,5.7097964241155,5.00235834196481,
35,30,"-vii",2,6.49716268562771,5.33886430994241,"VII",2,6.47860686659947,5.33886430994241,0.0185558190282444
35,31,"-III",2,4.82186421338466,5.06679945716411,"-III",2,6.99682182139838,4.46096219909602,
35,32,"-VI",2,3.99237148859034,5.3358630766101,"-VI",1,5.11572114475607,5.45536975140832,
35,33,"-vii",3,3.42244598849515,5.12661624566274,"-vii",2,5.68313304837292,5.35245712802485,
35,34,"-III",3,0.386353103412487,1.98231807131359,"-III",3,1.45319408191677,4.17787982652762,
35,35,"-VI",5,2.845818240425,5.00235834196481,"-VI",4,2.845818240425,5.00235834196481,
,,,,,,,,,,
36,141,"-III",2,4.82186421338466,5.06679945716411,"-III",2,4.82186421338466,5.06679945716411,
36,142,"-VI",2,3.99237148859034,5.3358630766101,"-VI",2,3.99237148859034,5.3358630766101,
36,143,"-vii",3,3.42244598849515,5.12661624566274,"-vii",3,3.42244598849515,5.12661624566274,
36,144,"-III",3,0.386353103412487,1.98231807131359,"-III",3,0.386353103412487,1.98231807131359,
36,145,"i",5,5.7097964241155,5.00235834196481,"i",5,5.7097964241155,5.00235834196481,
36,146,"-vii",2,6.49716268562771,5.33886430994241,"VII",2,6.47860686659947,5.33886430994241,0.0185558190282444
36,147,"-III",2,4.82186421338466,5.06679945716411,"-III",2,6.99682182139838,4.46096219909602,
36,148,"-VI",2,3.99237148859034,5.3358630766101,"-VI",1,5.11572114475607,5.45536975140832,
36,149,"-vii",3,3.42244598849515,5.12661624566274,"-vii",2,5.68313304837292,5.35245712802485,
36,150,"-III",3,0.386353103412487,1.98231807131359,"-III",3,1.45319408191677,4.17787982652762,
36,151,"i",5,5.7097964241155,5.00235834196481,"i",4,5.7097964241155,5.00235834196481,
,,,,,,,,,,
37,147,"-III",2,4.82186421338466,5.06679945716411,"-III",2,4.82186421338466,5.06679945716411,
37,148,"-VI",2,3.99237148859034,5.3358630766101,"-VI",2,3.99237148859034,5.3358630766101,
37,149,"-vii",3,3.42244598849515,5.12661624566274,"-vii",3,3.42244598849515,5.12661624566274,
37,150,"-III",3,0.386353103412487,1.98231807131359,"-III",3,0.386353103412487,1.98231807131359,
37,151,"i",5,5.7097964241155,5.00235834196481,"i",5,5.7097964241155,5.00235834196481,
37,152,"-vii",2,6.49716268562771,5.33886430994241,"VII",2,6.47860686659947,5.33886430994241,0.0185558190282444
37,153,"-III",2,4.82186421338466,5.06679945716411,"-III",2,6.99682182139838,4.46096219909602,
37,154,"-VI",2,3.99237148859034,5.3358630766101,"-VI",1,5.11572114475607,5.45536975140832,
37,155,"-vii",3,3.42244598849515,5.12661624566274,"-vii",2,5.68313304837292,5.35245712802485,
37,156,"-III",3,0.386353103412487,1.98231807131359,"-III",3,1.45319408191677,4.17787982652762,
37,157,"i",5,5.7097964241155,5.00235834196481,"i",4,5.7097964241155,5.00235834196481,
,,,,,,,,,,
38,153,"-III",2,4.82186421338466,5.06679945716411,"-III",2,4.82186421338466,5.06679945716411,
38,154,"-VI",2,3.99237148859034,5.3358630766101,"-VI",2,3.99237148859034,5.3358630766101,
38,155,"-vii",3,3.42244598849515,5.12661624566274,"-vii",3,3.42244598849515,5.12661624566274,
38,156,"-III",3,0.386353103412487,1.98231807131359,"-III",3,0.386353103412487,1.98231807131359,
38,157,"i",5,5.7097964241155,5.00235834196481,"i",5,5.7097964241155,5.00235834196481,
38,158,"-vii",2,6.49716268562771,5.33886430994241,"VII",2,6.47860686659947,5.33886430994241,0.0185558190282444
38,159,"-III",2,4.82186421338466,5.06679945716411,"-III",2,6.99682182139838,4.46096219909602,
38,160,"-VI",2,3.99237148859034,5.3358630766101,"-VI",1,5.11572114475607,5.45536975140832,
38,161,"V",3,3.05699497976885,5.12661624566274,"V",2,4.28685817222625,5.35245712802485,
38,162,"V",4,1.87341019879723,4.46368458716215,"V",3,3.54414083877443,4.97164283837619,
38,163,"iv",4,6.53783544328929,4.30565872493755,"iv",4,6.31733891533127,4.72855246182271,
,,,,,,,,,,
39,13,"-III",2,4.82186421338466,5.06679945716411,"-III",2,4.82186421338466,5.06679945716411,
39,14,"-VI",2,3.99237148859034,5.3358630766101,"-VI",2,3.99237148859034,5.3358630766101,
39,15,"-vii",3,3.42244598849515,5.12661624566274,"-vii",3,3.42244598849515,5.12661624566274,
39,16,"-III",3,0.386353103412487,1.98231807131359,"-III",3,0.386353103412487,1.98231807131359,
39,17,"i",5,5.7097964241155,5.00235834196481,"i",5,5.7097964241155,5.00235834196481,
39,18,"-vii",2,6.49716268562771,5.33886430994241,"vo",2,6.51596028108184,5.33886430994241,0.0187975954541262
39,19,"-III",2,4.82186421338466,5.06679945716411,"-III",2,6.99194693915176,4.10608582993449,
39,20,"-VI",2,3.99237148859034,5.3358630766101,"-VI",1,5.11572114475607,5.45536975140832,
39,21,"-vii",3,3.42244598849515,5.12661624566274,"-vii",2,5.68313304837292,5.35245712802485,
39,22,"-III",3,0.386353103412487,1.98231807131359,"-III",3,1.45319408191677,4.17787982652762,
39,23,"i",5,5.7097964241155,5.00235834196481,"i",4,5.7097964241155,5.00235834196481,
,,,,,,,,,,
40,19,"-III",2,4.82186421338466,5.06679945716411,"-III",2,4.82186421338466,5.06679945716411,
40,20,"-VI",2,3.99237148859034,5.3358630766101,"-VI",2,3.99237148859034,5.3358630766101,
40,21,"-vii",3,3.42244598849515,5.12661624566274,"-vii",3,3.42244598849515,5.12661624566274,
40,22,"-III",3,0.386353103412487,1.98231807131359,"-III",3,0.386353103412487,1.98231807131359,
40,23,"i",5,5.7097964241155,5.00235834196481,"i",5,5.7097964241155,5.00235834196481,
40,24,"-vii",2,6.49716268562771,5.33886430994241,"vo",2,6.51596028108184,5.33886430994241,0.0187975954541262
40,25,"-III",2,4.82186421338466,5.06679945716411,"-III",2,6.99194693915176,4.10608582993449,
40,26,"-VI",2,3.99237148859034,5.3358630766101,"-VI",1,5.11572114475607,5.45536975140832,
40,27,"-vii",3,3.42244598849515,5.12661624566274,"-vii",2,5.68313304837292,5.35245712802485,
40,28,"-III",3,0.386353103412487,1.98231807131359,"-III",3,1.45319408191677,4.17787982652762,
40,29,"i",5,5.7097964241155,5.00235834196481,"i",4,5.7097964241155,5.00235834196481,
,,,,,,,,,,
41,25,"-III",2,4.82186421338466,5.06679945716411,"-III",2,4.82186421338466,5.06679945716411,
41,26,"-VI",2,3.99237148859034,5.3358630766101,"-VI",2,3.99237148859034,5.3358630766101,
41,27,"-vii",3,3.42244598849515,5.12661624566274,"-vii",3,3.42244598849515,5.12661624566274,
41,28,"-III",3,0.386353103412487,1.98231807131359,"-III",3,0.386353103412487,1.98231807131359,
41,29,"i",5,5.7097964241155,5.00235834196481,"i",5,5.7097964241155,5.00235834196481,
41,30,"-vii",2,6.49716268562771,5.33886430994241,"vo",2,6.51596028108184,5.33886430994241,0.0187975954541262
41,31,"-III",2,4.82186421338466,5.06679945716411,"-III",2,6.99194693915176,4.10608582993449,
41,32,"-VI",2,3.99237148859034,5.3358630766101,"-VI",1,5.11572114475607,5.45536975140832,
41,33,"-vii",3,3.42244598849515,5.12661624566274,"-vii",2,5.68313304837292,5.35245712802485,
41,34,"-III",3,0.386353103412487,1.98231807131359,"-III",3,1.45319408191677,4.17787982652762,
41,35,"-VI",5,2.845818240425,5.00235834196481,"-VI",4,2.845818240425,5.00235834196481,
,,,,,,,,,,
42,51,"iv",4,4.85733850913158,4.77185097699991,"iv",4,4.85733850913158,4.77185097699991,
42,52,"v",3,5.04311808808584,5.1531085144439,"v",3,5.04311808808584,5.1531085144439,
42,53,"iv",3,3.55895555044727,4.80225801079704,"iv",3,3.55895555044727,4.80225801079704,
42,54,"iv",4,4.3772734935695,4.84133801506281,"iv",4,4.3772734935695,4.84133801506281,
42,55,"i",4,2.02664151064481,4.77185097699991,"i",4,2.02664151064481,4.77185097699991,
42,56,"-vii",5,7.89708118985023,3.68924053253415,"vo",5,7.91587878530435,3.68924053253415,0.0187975954541262
42,57,"-III",2,4.82186421338466,5.06679945716411,"-III",2,6.99194693915176,4.10608582993449,
42,58,"-VI",2,3.99237148859034,5.3358630766101,"-VI",1,5.11572114475607,5.45536975140832,
42,59,"-vii",3,3.42244598849515,5.12661624566274,"-vii",2,5.68313304837292,5.35245712802485,
42,60,"-III",3,0.386353103412487,1.98231807131359,"-III",3,1.45319408191677,4.17787982652762,
42,61,"-VI",5,2.845818240425,5.00235834196481,"-VI",4,2.845818240425,5.00235834196481,
,,,,,,,,,,
43,79,"iv",4,4.85733850913158,4.77185097699991,"iv",4,4.85733850913158,4.77185097699991,
43,80,"v",3,5.04311808808584,5.1531085144439,"v",3,5.04311808808584,5.1531085144439,
43,81,"iv",3,3.55895555044727,4.80225801079704,"iv",3,3.55895555044727,4.80225801079704,
43,82,"iv",4,4.3772734935695,4.84133801506281,"iv",4,4.3772734935695,4.84133801506281,
43,83,"i",4,2.02664151064481,4.77185097699991,"i",4,2.02664151064481,4.77185097699991,
43,84,"-vii",5,7.89708118985023,3.68924053253415,"vo",5,7.91587878530435,3.68924053253415,0.0187975954541262
43,85,"-III",2,4.82186421338466,5.06679945716411,"-III",2,6.99194693915176,4.10608582993449,
43,86,"-VI",2,3.99237148859034,5.3358630766101,"-VI",1,5.11572114475607,5.45536975140832,
43,87,"-vii",3,3.42244598849515,5.12661624566274,"-vii",2,5.68313304837292,5.35245712802485,
43,88,"-III",3,0.386353103412487,1.98231807131359,"-III",3,1.45319408191677,4.17787982652762,
43,89,"-VI",5,2.845818240425,5.00235834196481,"-VI",4,2.845818240425,5.00235834196481,
,,,,,,,,,,
44,107,"iv",4,4.85733850913158,4.77185097699991,"iv",4,4.85733850913158,4.77185097699991,
44,108,"v",3,5.04311808808584,5.1531085144439,"v",3,5.04311808808584,5.1531085144439,
44,109,"iv",3,3.55895555044727,4.80225801079704,"iv",3,3.55895555044727,4.80225801079704,
44,110,"iv",4,4.3772734935695,4.84133801506281,"iv",4,4.3772734935695,4.84133801506281,
44,111,"i",4,2.02664151064481,4.77185097699991,"i",4,2.02664151064481,4.77185097699991,
44,112,"-vii",5,7.89708118985023,3.68924053253415,"vo",5,7.91587878530435,3.68924053253415,0.0187975954541262
44,113,"-III",2,4.82186421338466,5.06679945716411,"-III",2,6.99194693915176,4.10608582993449,
44,114,"-VI",2,3.99237148859034,5.3358630766101,"-VI",1,5.11572114475607,5.45536975140832,
44,115,"-vii",3,3.42244598849515,5.12661624566274,"-vii",2,5.68313304837292,5.35245712802485,
44,116,"-III",3,0.386353103412487,1.98231807131359,"-III",3,1.45319408191677,4.17787982652762,
44,117,"-VI",5,2.845818240425,5.00235834196481,"-VI",4,2.845818240425,5.00235834196481,
,,,,,,,,,,
45,135,"iv",4,4.85733850913158,4.77185097699991,"iv",4,4.85733850913158,4.77185097699991,
45,136,"v",3,5.04311808808584,5.1531085144439,"v",3,5.04311808808584,5.1531085144439,
45,137,"iv",3,3.55895555044727,4.80225801079704,"iv",3,3.55895555044727,4.80225801079704,
45,138,"iv",4,4.3772734935695,4.84133801506281,"iv",4,4.3772734935695,4.84133801506281,
45,139,"i",4,2.02664151064481,4.77185097699991,"i",4,2.02664151064481,4.77185097699991,
45,140,"-vii",5,7.89708118985023,3.68924053253415,"vo",5,7.91587878530435,3.68924053253415,0.0187975954541262
45,141,"-III",2,4.82186421338466,5.06679945716411,"-III",2,6.99194693915176,4.10608582993449,
45,142,"-VI",2,3.99237148859034,5.3358630766101,"-VI",1,5.11572114475607,5.45536975140832,
45,143,"-vii",3,3.42244598849515,5.12661624566274,"-vii",2,5.68313304837292,5.35245712802485,
45,144,"-III",3,0.386353103412487,1.98231807131359,"-III",3,1.45319408191677,4.17787982652762,
45,145,"i",5,5.7097964241155,5.00235834196481,"i",4,5.7097964241155,5.00235834196481,
,,,,,,,,,,
46,141,"-III",2,4.82186421338466,5.06679945716411,"-III",2,4.82186421338466,5.06679945716411,
46,142,"-VI",2,3.99237148859034,5.3358630766101,"-VI",2,3.99237148859034,5.3358630766101,
46,143,"-vii",3,3.42244598849515,5.12661624566274,"-vii",3,3.42244598849515,5.12661624566274,
46,144,"-III",3,0.386353103412487,1.98231807131359,"-III",3,0.386353103412487,1.98231807131359,
46,145,"i",5,5.7097964241155,5.00235834196481,"i",5,5.7097964241155,5.00235834196481,
46,146,"-vii",2,6.49716268562771,5.33886430994241,"vo",2,6.51596028108184,5.33886430994241,0.0187975954541262
46,147,"-III",2,4.82186421338466,5.06679945716411,"-III",2,6.99194693915176,4.10608582993449,
46,148,"-VI",2,3.99237148859034,5.3358630766101,"-VI",1,5.11572114475607,5.45536975140832,
46,149,"-vii",3,3.42244598849515,5.12661624566274,"-vii",2,5.68313304837292,5.35245712802485,
46,150,"-III",3,0.386353103412487,1.98231807131359,"-III",3,1.45319408191677,4.17787982652762,
46,151,"i",5,5.7097964241155,5.00235834196481,"i",4,5.7097964241155,5.00235834196481,
,,,,,,,,,,
47,147,"-III",2,4.82186421338466,5.06679945716411,"-III",2,4.82186421338466,5.06679945716411,
47,148,"-VI",2,3.99237148859034,5.3358630766101,"-VI",2,3.99237148859034,5.3358630766101,
47,149,"-vii",3,3.42244598849515,5.12661624566274,"-vii",3,3.42244598849515,5.12661624566274,
47,150,"-III",3,0.386353103412487,1.98231807131359,"-III",3,0.386353103412487,1.98231807131359,
47,151,"i",5,5.7097964241155,5.00235834196481,"i",5,5.7097964241155,5.00235834196481,
47,152,"-vii",2,6.49716268562771,5.33886430994241,"vo",2,6.51596028108184,5.33886430994241,0.0187975954541262
47,153,"-III",2,4.82186421338466,5.06679945716411,"-III",2,6.99194693915176,4.10608582993449,
47,154,"-VI",2,3.99237148859034,5.3358630766101,"-VI",1,5.11572114475607,5.45536975140832,
47,155,"-vii",3,3.42244598849515,5.12661624566274,"-vii",2,5.68313304837292,5.35245712802485,
47,156,"-III",3,0.386353103412487,1.98231807131359,"-III",3,1.45319408191677,4.17787982652762,
47,157,"i",5,5.7097964241155,5.00235834196481,"i",4,5.7097964241155,5.00235834196481,
,,,,,,,,,,
48,153,"-III",2,4.82186421338466,5.06679945716411,"-III",2,4.82186421338466,5.06679945716411,
48,154,"-VI",2,3.99237148859034,5.3358630766101,"-VI",2,3.99237148859034,5.3358630766101,
48,155,"-vii",3,3.42244598849515,5.12661624566274,"-vii",3,3.42244598849515,5.12661624566274,
48,156,"-III",3,0.386353103412487,1.98231807131359,"-III",3,0.386353103412487,1.98231807131359,
48,157,"i",5,5.7097964241155,5.00235834196481,"i",5,5.7097964241155,5.00235834196481,
48,158,"-vii",2,6.49716268562771,5.33886430994241,"vo",2,6.51596028108184,5.33886430994241,0.0187975954541262
48,159,"-III",2,4.82186421338466,5.06679945716411,"-III",2,6.99194693915176,4.10608582993449,
48,160,"-VI",2,3.99237148859034,5.3358630766101,"-VI",1,5.11572114475607,5.45536975140832,
48,161,"V",3,3.05699497976885,5.12661624566274,"V",2,4.28685817222625,5.35245712802485,
48,162,"V",4,1.87341019879723,4.46368458716215,"V",3,3.54414083877443,4.97164283837619,
48,163,"iv",4,6.53783544328929,4.30565872493755,"iv",4,6.31733891533127,4.72855246182271,
,,,,,,,,,,
49,48,"v",3,5.06852662632692,5.02113867993583,"v",3,5.06852662632692,5.02113867993583,
49,49,"iv",3,4.47195819432485,4.63403190002984,"iv",3,4.47195819432485,4.63403190002984,
49,50,"iv",3,4.14196147925016,5.2242700771375,"iv",3,4.14196147925016,5.2242700771375,
49,51,"iv",4,4.85733850913158,4.77185097699991,"iv",4,4.85733850913158,4.77185097699991,
49,52,"v",3,5.04311808808584,5.1531085144439,"v",3,5.04311808808584,5.1531085144439,
49,53,"iv",3,3.55895555044727,4.80225801079704,"V",3,3.57844682425031,4.80225801079704,0.0194912738030379
49,54,"iv",4,4.3772734935695,4.84133801506281,"iv",4,6.05688933713078,4.28872889314073,
49,55,"i",4,2.02664151064481,4.77185097699991,"i",3,5.1599819988472,5.03112130396154,
49,56,"-vii",5,7.89708118985023,3.68924053253415,"-vii",3,6.99177615825119,4.74371167258479,
49,57,"-III",2,4.82186421338466,5.06679945716411,"-III",2,4.82186421338466,5.06679945716411,
49,58,"-VI",2,3.99237148859034,5.3358630766101,"-VI",2,3.99237148859034,5.3358630766101,
,,,,,,,,,,
50,68,"v",3,5.06852662632692,5.02113867993583,"v",3,5.06852662632692,5.02113867993583,
50,69,"iv",3,4.47195819432485,4.63403190002984,"iv",3,4.47195819432485,4.63403190002984,
50,70,"iv",3,4.14196147925016,5.2242700771375,"iv",3,4.14196147925016,5.2242700771375,
50,71,"iv",4,4.85733850913158,4.77185097699991,"iv",4,4.85733850913158,4.77185097699991,
50,72,"v",3,5.04311808808584,5.1531085144439,"v",3,5.04311808808584,5.1531085144439,
50,73,"iv",3,3.55895555044727,4.80225801079704,"V",3,3.57844682425031,4.80225801079704,0.0194912738030379
50,74,"iv",4,4.3772734935695,4.84133801506281,"iv",4,6.05688933713078,4.28872889314073,
50,75,"iv",4,4.85733850913158,4.77185097699991,"iv",3,4.7400237146565,5.03112130396154,
50,76,"v",3,5.04311808808584,5.1531085144439,"v",3,3.75164926580847,5.18483227216494,
50,77,"iv",3,3.55895555044727,4.80225801079704,"iv",4,4.02172919931498,4.1544273115167,
50,78,"iv",4,4.3772734935695,4.84133801506281,"iv",4,4.3772734935695,4.84133801506281,
,,,,,,,,,,
51,72,"v",3,5.04311808808584,5.1531085144439,"v",3,5.04311808808584,5.1531085144439,
51,73,"iv",3,3.55895555044727,4.80225801079704,"iv",3,3.55895555044727,4.80225801079704,
51,74,"iv",4,4.3772734935695,4.84133801506281,"iv",4,4.3772734935695,4.84133801506281,
51,75,"iv",4,4.85733850913158,4.77185097699991,"iv",4,4.85733850913158,4.77185097699991,
51,76,"v",3,5.04311808808584,5.1531085144439,"v",3,5.04311808808584,5.1531085144439,
51,77,"iv",3,3.55895555044727,4.80225801079704,"V",3,3.57844682425031,4.80225801079704,0.0194912738030379
51,78,"iv",4,4.3772734935695,4.84133801506281,"iv",4,6.05688933713078,4.28872889314073,
51,79,"iv",4,4.85733850913158,4.77185097699991,"iv",3,4.7400237146565,5.03112130396154,
51,80,"v",3,5.04311808808584,5.1531085144439,"v",3,3.75164926580847,5.18483227216494,
51,81,"iv",3,3.55895555044727,4.80225801079704,"iv",4,4.02172919931498,4.1544273115167,
51,82,"iv",4,4.3772734935695,4.84133801506281,"iv",4,4.3772734935695,4.84133801506281,
,,,,,,,,,,
52,76,"v",3,5.04311808808584,5.1531085144439,"v",3,5.04311808808584,5.1531085144439,
52,77,"iv",3,3.55895555044727,4.80225801079704,"iv",3,3.55895555044727,4.80225801079704,
52,78,"iv",4,4.3772734935695,4.84133801506281,"iv",4,4.3772734935695,4.84133801506281,
52,79,"iv",4,4.85733850913158,4.77185097699991,"iv",4,4.85733850913158,4.77185097699991,
52,80,"v",3,5.04311808808584,5.1531085144439,"v",3,5.04311808808584,5.1531085144439,
52,81,"iv",3,3.55895555044727,4.80225801079704,"V",3,3.57844682425031,4.80225801079704,0.0194912738030379
52,82,"iv",4,4.3772734935695,4.84133801506281,"iv",4,6.05688933713078,4.28872889314073,
52,83,"i",4,2.02664151064481,4.77185097699991,"i",3,5.1599819988472,5.03112130396154,
52,84,"-vii",5,7.89708118985023,3.68924053253415,"-vii",3,6.99177615825119,4.74371167258479,
52,85,"-III",2,4.82186421338466,5.06679945716411,"-III",2,4.82186421338466,5.06679945716411,
52,86,"-VI",2,3.99237148859034,5.3358630766101,"-VI",2,3.99237148859034,5.3358630766101,
,,,,,,,,,,
53,96,"v",3,5.06852662632692,5.02113867993583,"v",3,5.06852662632692,5.02113867993583,
53,97,"iv",3,4.47195819432485,4.63403190002984,"iv",3,4.47195819432485,4.63403190002984,
53,98,"iv",3,4.14196147925016,5.2242700771375,"iv",3,4.14196147925016,5.2242700771375,
53,99,"iv",4,4.85733850913158,4.77185097699991,"iv",4,4.85733850913158,4.77185097699991,
53,100,"v",3,5.04311808808584,5.1531085144439,"v",3,5.04311808808584,5.1531085144439,
53,101,"iv",3,3.55895555044727,4.80225801079704,"V",3,3.57844682425031,4.80225801079704,0.0194912738030379
53,102,"iv",4,4.3772734935695,4.84133801506281,"iv",4,6.05688933713078,4.28872889314073,
53,103,"iv",4,4.85733850913158,4.77185097699991,"iv",3,4.7400237146565,5.03112130396154,
53,104,"v",3,5.04311808808584,5.1531085144439,"v",3,3.75164926580847,5.18483227216494,
53,105,"iv",3,3.55895555044727,4.80225801079704,"iv",4,4.02172919931498,4.1544273115167,
53,106,"iv",4,4.3772734935695,4.84133801506281,"iv",4,4.3772734935695,4.84133801506281,
,,,,,,,,,,
54,100,"v",3,5.04311808808584,5.1531085144439,"v",3,5.04311808808584,5.1531085144439,
54,101,"iv",3,3.55895555044727,4.80225801079704,"iv",3,3.55895555044727,4.80225801079704,
54,102,"iv",4,4.3772734935695,4.84133801506281,"iv",4,4.3772734935695,4.84133801506281,
54,103,"iv",4,4.85733850913158,4.77185097699991,"iv",4,4.85733850913158,4.77185097699991,
54,104,"v",3,5.04311808808584,5.1531085144439,"v",3,5.04311808808584,5.1531085144439,
54,105,"iv",3,3.55895555044727,4.80225801079704,"V",3,3.57844682425031,4.80225801079704,0.0194912738030379
54,106,"iv",4,4.3772734935695,4.84133801506281,"iv",4,6.05688933713078,4.28872889314073,
54,107,"iv",4,4.85733850913158,4.77185097699991,"iv",3,4.7400237146565,5.03112130396154,
54,108,"v",3,5.04311808808584,5.1531085144439,"v",3,3.75164926580847,5.18483227216494,
54,109,"iv",3,3.55895555044727,4.80225801079704,"iv",4,4.02172919931498,4.1544273115167,
54,110,"iv",4,4.3772734935695,4.84133801506281,"iv",4,4.3772734935695,4.84133801506281,
,,,,,,,,,,
55,104,"v",3,5.04311808808584,5.1531085144439,"v",3,5.04311808808584,5.1531085144439,
55,105,"iv",3,3.55895555044727,4.80225801079704,"iv",3,3.55895555044727,4.80225801079704,
55,106,"iv",4,4.3772734935695,4.84133801506281,"iv",4,4.3772734935695,4.84133801506281,
55,107,"iv",4,4.85733850913158,4.77185097699991,"iv",4,4.85733850913158,4.77185097699991,
55,108,"v",3,5.04311808808584,5.1531085144439,"v",3,5.04311808808584,5.1531085144439,
55,109,"iv",3,3.55895555044727,4.80225801079704,"V",3,3.57844682425031,4.80225801079704,0.0194912738030379
55,110,"iv",4,4.3772734935695,4.84133801506281,"iv",4,6.05688933713078,4.28872889314073,
55,111,"i",4,2.02664151064481,4.77185097699991,"i",3,5.1599819988472,5.03112130396154,
55,112,"-vii",5,7.89708118985023,3.68924053253415,"-vii",3,6.99177615825119,4.74371167258479,
55,113,"-III",2,4.82186421338466,5.06679945716411,"-III",2,4.82186421338466,5.06679945716411,
55,114,"-VI",2,3.99237148859034,5.3358630766101,"-VI",2,3.99237148859034,5.3358630766101,
,,,,,,,,,,
56,124,"v",3,5.06852662632692,5.02113867993583,"v",3,5.06852662632692,5.02113867993583,
56,125,"iv",3,4.47195819432485,4.63403190002984,"iv",3,4.47195819432485,4.63403190002984,
56,126,"iv",3,4.14196147925016,5.2242700771375,"iv",3,4.14196147925016,5.2242700771375,
56,127,"iv",4,4.85733850913158,4.77185097699991,"iv",4,4.85733850913158,4.77185097699991,
56,128,"v",3,5.04311808808584,5.1531085144439,"v",3,5.04311808808584,5.1531085144439,
56,129,"iv",3,3.55895555044727,4.80225801079704,"V",3,3.57844682425031,4.80225801079704,0.0194912738030379
56,130,"iv",4,4.3772734935695,4.84133801506281,"iv",4,6.05688933713078,4.28872889314073,
56,131,"iv",4,4.85733850913158,4.77185097699991,"iv",3,4.7400237146565,5.03112130396154,
56,132,"v",3,5.04311808808584,5.1531085144439,"v",3,3.75164926580847,5.18483227216494,
56,133,"iv",3,3.55895555044727,4.80225801079704,"iv",4,4.02172919931498,4.1544273115167,
56,134,"iv",4,4.3772734935695,4.84133801506281,"iv",4,4.3772734935695,4.84133801506281,
,,,,,,,,,,
57,128,"v",3,5.04311808808584,5.1531085144439,"v",3,5.04311808808584,5.1531085144439,
57,129,"iv",3,3.55895555044727,4.80225801079704,"iv",3,3.55895555044727,4.80225801079704,
57,130,"iv",4,4.3772734935695,4.84133801506281,"iv",4,4.3772734935695,4.84133801506281,
57,131,"iv",4,4.85733850913158,4.77185097699991,"iv",4,4.85733850913158,4.77185097699991,
57,132,"v",3,5.04311808808584,5.1531085144439,"v",3,5.04311808808584,5.1531085144439,
57,133,"iv",3,3.55895555044727,4.80225801079704,"V",3,3.57844682425031,4.80225801079704,0.0194912738030379
57,134,"iv",4,4.3772734935695,4.84133801506281,"iv",4,6.05688933713078,4.28872889314073,
57,135,"iv",4,4.85733850913158,4.77185097699991,"iv",3,4.7400237146565,5.03112130396154,
57,136,"v",3,5.04311808808584,5.1531085144439,"v",3,3.75164926580847,5.18483227216494,
57,137,"iv",3,3.55895555044727,4.80225801079704,"iv",4,4.02172919931498,4.1544273115167,
57,138,"iv",4,4.3772734935695,4.84133801506281,"iv",4,4.3772734935695,4.84133801506281,
,,,,,,,,,,
58,132,"v",3,5.04311808808584,5.1531085144439,"v",3,5.04311808808584,5.1531085144439,
58,133,"iv",3,3.55895555044727,4.80225801079704,"iv",3,3.55895555044727,4.80225801079704,
58,134,"iv",4,4.3772734935695,4.84133801506281,"iv",4,4.3772734935695,4.84133801506281,
58,135,"iv",4,4.85733850913158,4.77185097699991,"iv",4,4.85733850913158,4.77185097699991,
58,136,"v",3,5.04311808808584,5.1531085144439,"v",3,5.04311808808584,5.1531085144439,
58,137,"iv",3,3.55895555044727,4.80225801079704,"V",3,3.57844682425031,4.80225801079704,0.0194912738030379
58,138,"iv",4,4.3772734935695,4.84133801506281,"iv",4,6.05688933713078,4.28872889314073,
58,139,"i",4,2.02664151064481,4.77185097699991,"i",3,5.1599819988472,5.03112130396154,
58,140,"-vii",5,7.89708118985023,3.68924053253415,"-vii",3,6.99177615825119,4.74371167258479,
58,141,"-III",2,4.82186421338466,5.06679945716411,"-III",2,4.82186421338466,5.06679945716411,
58,142,"-VI",2,3.99237148859034,5.3358630766101,"-VI",2,3.99237148859034,5.3358630766101,
,,,,,,,,,,
59,7,"i",6,1.23820635977456,3.67100020653669,"i",6,1.23820635977456,3.67100020653669,
59,8,"i",7,0.914167049060387,3.24726190051152,"i",7,0.914167049060387,3.24726190051152,
59,9,"i",8,0.702907846035572,2.83120598530751,"i",8,0.702907846035572,2.83120598530751,
59,10,"i",9,1.55117640085232,4.19287240326934,"i",9,1.55117640085232,4.19287240326934,
59,11,"i",10,0.97754630075751,3.33509458916171,"i",10,0.97754630075751,3.33509458916171,
59,12,"-vii",10,8.5819854926557,2.78079232422396,"iii",10,8.60552100711649,2.78079232422396,0.0235355144607894
59,13,"-III",2,4.82186421338466,5.06679945716411,"-III",1,5.79832347487511,5.43813566654174,
59,14,"-VI",2,3.99237148859034,5.3358630766101,"-VI",2,5.36261055366595,5.20723108911846,
59,15,"-vii",3,3.42244598849515,5.12661624566274,"-vii",2,5.68313304837292,5.35245712802485,
59,16,"-III",3,0.386353103412487,1.98231807131359,"-III",3,1.45319408191677,4.17787982652762,
59,17,"i",5,5.7097964241155,5.00235834196481,"i",4,5.7097964241155,5.00235834196481,
,,,,,,,,,,
60,13,"-III",2,4.82186421338466,5.06679945716411,"-III",2,4.82186421338466,5.06679945716411,
60,14,"-VI",2,3.99237148859034,5.3358630766101,"-VI",2,3.99237148859034,5.3358630766101,
60,15,"-vii",3,3.42244598849515,5.12661624566274,"-vii",3,3.42244598849515,5.12661624566274,
60,16,"-III",3,0.386353103412487,1.98231807131359,"-III",3,0.386353103412487,1.98231807131359,
60,17,"i",5,5.7097964241155,5.00235834196481,"i",5,5.7097964241155,5.00235834196481,
60,18,"-vii",2,6.49716268562771,5.33886430994241,"iii",2,6.5206982000885,5.33886430994241,0.0235355144607894
60,19,"-III",2,4.82186421338466,5.06679945716411,"-III",1,5.79832347487511,5.43813566654174,
60,20,"-VI",2,3.99237148859034,5.3358630766101,"-VI",2,5.36261055366595,5.20723108911846,
60,21,"-vii",3,3.42244598849515,5.12661624566274,"-vii",2,5.68313304837292,5.35245712802485,
60,22,"-III",3,0.386353103412487,1.98231807131359,"-III",3,1.45319408191677,4.17787982652762,
60,23,"i",5,5.7097964241155,5.00235834196481,"i",4,5.7097964241155,5.00235834196481,
,,,,,,,,,,
61,19,"-III",2,4.82186421338466,5.06679945716411,"-III",2,4.82186421338466,5.06679945716411,
61,20,"-VI",2,3.99237148859034,5.3358630766101,"-VI",2,3.99237148859034,5.3358630766101,
61,21,"-vii",3,3.42244598849515,5.12661624566274,"-vii",3,3.42244598849515,5.12661624566274,
61,22,"-III",3,0.386353103412487,1.98231807131359,"-III",3,0.386353103412487,1.98231807131359,
61,23,"i",5,5.7097964241155,5.00235834196481,"i",5,5.7097964241155,5.00235834196481,
61,24,"-vii",2,6.49716268562771,5.33886430994241,"iii",2,6.5206982000885,5.33886430994241,0.0235355144607894
61,25,"-III",2,4.82186421338466,5.06679945716411,"-III",1,5.79832347487511,5.43813566654174,
61,26,"-VI",2,3.99237148859034,5.3358630766101,"-VI",2,5.36261055366595,5.20723108911846,
61,27,"-vii",3,3.42244598849515,5.12661624566274,"-vii",2,5.68313304837292,5.35245712802485,
61,28,"-III",3,0.386353103412487,1.98231807131359,"-III",3,1.45319408191677,4.17787982652762,
61,29,"i",5,5.7097964241155,5.00235834196481,"i",4,5.7097964241155,5.00235834196481,
,,,,,,,,,,
62,25,"-III",2,4.82186421338466,5.06679945716411,"-III",2,4.82186421338466,5.06679945716411,
62,26,"-VI",2,3.99237148859034,5.3358630766101,"-VI",2,3.99237148859034,5.3358630766101,
62,27,"-vii",3,3.42244598849515,5.12661624566274,"-vii",3,3.42244598849515,5.12661624566274,
62,28,"-III",3,0.386353103412487,1.98231807131359,"-III",3,0.386353103412487,1.98231807131359,
62,29,"i",5,5.7097964241155,5.00235834196481,"i",5,5.7097964241155,5.00235834196481,
62,30,"-vii",2,6.49716268562771,5.33886430994241,"iii",2,6.5206982000885,5.33886430994241,0.0235355144607894
62,31,"-III",2,4.82186421338466,5.06679945716411,"-III",1,5.79832347487511,5.43813566654174,
62,32,"-VI",2,3.99237148859034,5.3358630766101,"-VI",2,5.36261055366595,5.20723108911846,
62,33,"-vii",3,3.42244598849515,5.12661624566274,"-vii",2,5.68313304837292,5.35245712802485,
62,34,"-III",3,0.386353103412487,1.98231807131359,"-III",3,1.45319408191677,4.17787982652762,
62,35,"-VI",5,2.845818240425,5.00235834196481,"-VI",4,2.845818240425,5.00235834196481,
,,,,,,,,,,
63,51,"iv",4,4.85733850913158,4.77185097699991,"iv",4,4.85733850913158,4.77185097699991,
63,52,"v",3,5.04311808808584,5.1531085144439,"v",3,5.04311808808584,5.1531085144439,
63,53,"iv",3,3.55895555044727,4.80225801079704,"iv",3,3.55895555044727,4.80225801079704,
63,54,"iv",4,4.3772734935695,4.84133801506281,"iv",4,4.3772734935695,4.84133801506281,
63,55,"i",4,2.02664151064481,4.77185097699991,"i",4,2.02664151064481,4.77185097699991,
63,56,"-vii",5,7.89708118985023,3.68924053253415,"iii",5,7.92061670431102,3.68924053253415,0.0235355144607894
63,57,"-III",2,4.82186421338466,5.06679945716411,"-III",1,5.79832347487511,5.43813566654174,
63,58,"-VI",2,3.99237148859034,5.3358630766101,"-VI",2,5.36261055366595,5.20723108911846,
63,59,"-vii",3,3.42244598849515,5.12661624566274,"-vii",2,5.68313304837292,5.35245712802485,
63,60,"-III",3,0.386353103412487,1.98231807131359,"-III",3,1.45319408191677,4.17787982652762,
63,61,"-VI",5,2.845818240425,5.00235834196481,"-VI",4,2.845818240425,5.00235834196481,
,,,,,,,,,,
64,79,"iv",4,4.85733850913158,4.77185097699991,"iv",4,4.85733850913158,4.77185097699991,
64,80,"v",3,5.04311808808584,5.1531085144439,"v",3,5.04311808808584,5.1531085144439,
64,81,"iv",3,3.55895555044727,4.80225801079704,"iv",3,3.55895555044727,4.80225801079704,
64,82,"iv",4,4.3772734935695,4.84133801506281,"iv",4,4.3772734935695,4.84133801506281,
64,83,"i",4,2.02664151064481,4.77185097699991,"i",4,2.02664151064481,4.77185097699991,
64,84,"-vii",5,7.89708118985023,3.68924053253415,"iii",5,7.92061670431102,3.68924053253415,0.0235355144607894
64,85,"-III",2,4.82186421338466,5.06679945716411,"-III",1,5.79832347487511,5.43813566654174,
64,86,"-VI",2,3.99237148859034,5.3358630766101,"-VI",2,5.36261055366595,5.20723108911846,
64,87,"-vii",3,3.42244598849515,5.12661624566274,"-vii",2,5.68313304837292,5.35245712802485,
64,88,"-III",3,0.386353103412487,1.98231807131359,"-III",3,1.45319408191677,4.17787982652762,
64,89,"-VI",5,2.845818240425,5.00235834196481,"-VI",4,2.845818240425,5.00235834196481,
,,,,,,,,,,
65,107,"iv",4,4.85733850913158,4.77185097699991,"iv",4,4.85733850913158,4.77185097699991,
65,108,"v",3,5.04311808808584,5.1531085144439,"v",3,5.04311808808584,5.1531085144439,
65,109,"iv",3,3.55895555044727,4.80225801079704,"iv",3,3.55895555044727,4.80225801079704,
65,110,"iv",4,4.3772734935695,4.84133801506281,"iv",4,4.3772734935695,4.84133801506281,
65,111,"i",4,2.02664151064481,4.77185097699991,"i",4,2.02664151064481,4.77185097699991,
65,112,"-vii",5,7.89708118985023,3.68924053253415,"iii",5,7.92061670431102,3.68924053253415,0.0235355144607894
65,113,"-III",2,4.82186421338466,5.06679945716411,"-III",1,5.79832347487511,5.43813566654174,
65,114,"-VI",2,3.99237148859034,5.3358630766101,"-VI",2,5.36261055366595,5.20723108911846,
65,115,"-vii",3,3.42244598849515,5.12661624566274,"-vii",2,5.68313304837292,5.35245712802485,
65,116,"-III",3,0.386353103412487,1.98231807131359,"-III",3,1.45319408191677,4.17787982652762,
65,117,"-VI",5,2.845818240425,5.00235834196481,"-VI",4,2.845818240425,5.00235834196481,
,,,,,,,,,,
66,135,"iv",4,4.85733850913158,4.77185097699991,"iv",4,4.85733850913158,4.77185097699991,
66,136,"v",3,5.04311808808584,5.1531085144439,"v",3,5.04311808808584,5.1531085144439,
66,137,"iv",3,3.55895555044727,4.80225801079704,"iv",3,3.55895555044727,4.80225801079704,
66,138,"iv",4,4.3772734935695,4.84133801506281,"iv",4,4.3772734935695,4.84133801506281,
66,139,"i",4,2.02664151064481,4.77185097699991,"i",4,2.02664151064481,4.77185097699991,
66,140,"-vii",5,7.89708118985023,3.68924053253415,"iii",5,7.92061670431102,3.68924053253415,0.0235355144607894
66,141,"-III",2,4.82186421338466,5.06679945716411,"-III",1,5.79832347487511,5.43813566654174,
66,142,"-VI",2,3.99237148859034,5.3358630766101,"-VI",2,5.36261055366595,5.20723108911846,
66,143,"-vii",3,3.42244598849515,5.12661624566274,"-vii",2,5.68313304837292,5.35245712802485,
66,144,"-III",3,0.386353103412487,1.98231807131359,"-III",3,1.45319408191677,4.17787982652762,
66,145,"i",5,5.7097964241155,5.00235834196481,"i",4,5.7097964241155,5.00235834196481,
,,,,,,,,,,
67,141,"-III",2,4.82186421338466,5.06679945716411,"-III",2,4.82186421338466,5.06679945716411,
67,142,"-VI",2,3.99237148859034,5.3358630766101,"-VI",2,3.99237148859034,5.3358630766101,
67,143,"-vii",3,3.42244598849515,5.12661624566274,"-vii",3,3.42244598849515,5.12661624566274,
67,144,"-III",3,0.386353103412487,1.98231807131359,"-III",3,0.386353103412487,1.98231807131359,
67,145,"i",5,5.7097964241155,5.00235834196481,"i",5,5.7097964241155,5.00235834196481,
67,146,"-vii",2,6.49716268562771,5.33886430994241,"iii",2,6.5206982000885,5.33886430994241,0.0235355144607894
67,147,"-III",2,4.82186421338466,5.06679945716411,"-III",1,5.79832347487511,5.43813566654174,
67,148,"-VI",2,3.99237148859034,5.3358630766101,"-VI",2,5.36261055366595,5.20723108911846,
67,149,"-vii",3,3.42244598849515,5.12661624566274,"-vii",2,5.68313304837292,5.35245712802485,
67,150,"-III",3,0.386353103412487,1.98231807131359,"-III",3,1.45319408191677,4.17787982652762,
67,151,"i",5,5.7097964241155,5.00235834196481,"i",4,5.7097964241155,5.00235834196481,
,,,,,,,,,,
68,147,"-III",2,4.82186421338466,5.06679945716411,"-III",2,4.82186421338466,5.06679945716411,
68,148,"-VI",2,3.99237148859034,5.3358630766101,"-VI",2,3.99237148859034,5.3358630766101,
68,149,"-vii",3,3.42244598849515,5.12661624566274,"-vii",3,3.42244598849515,5.12661624566274,
68,150,"-III",3,0.386353103412487,1.98231807131359,"-III",3,0.386353103412487,1.98231807131359,
68,151,"i",5,5.7097964241155,5.00235834196481,"i",5,5.7097964241155,5.00235834196481,
68,152,"-vii",2,6.49716268562771,5.33886430994241,"iii",2,6.5206982000885,5.33886430994241,0.0235355144607894
68,153,"-III",2,4.82186421338466,5.06679945716411,"-III",1,5.79832347487511,5.43813566654174,
68,154,"-VI",2,3.99237148859034,5.3358630766101,"-VI",2,5.36261055366595,5.20723108911846,
68,155,"-vii",3,3.42244598849515,5.12661624566274,"-vii",2,5.68313304837292,5.35245712802485,
68,156,"-III",3,0.386353103412487,1.98231807131359,"-III",3,1.45319408191677,4.17787982652762,
68,157,"i",5,5.7097964241155,5.00235834196481,"i",4,5.7097964241155,5.00235834196481,
,,,,,,,,,,
69,153,"-III",2,4.82186421338466,5.06679945716411,"-III",2,4.82186421338466,5.06679945716411,
69,154,"-VI",2,3.99237148859034,5.3358630766101,"-VI",2,3.99237148859034,5.3358630766101,
69,155,"-vii",3,3.42244598849515,5.12661624566274,"-vii",3,3.42244598849515,5.12661624566274,
69,156,"-III",3,0.386353103412487,1.98231807131359,"-III",3,0.386353103412487,1.98231807131359,
69,157,"i",5,5.7097964241155,5.00235834196481,"i",5,5.7097964241155,5.00235834196481,
69,158,"-vii",2,6.49716268562771,5.33886430994241,"iii",2,6.5206982000885,5.33886430994241,0.0235355144607894
69,159,"-III",2,4.82186421338466,5.06679945716411,"-III",1,5.79832347487511,5.43813566654174,
69,160,"-VI",2,3.99237148859034,5.3358630766101,"-VI",2,5.36261055366595,5.20723108911846,
69,161,"V",3,3.05699497976885,5.12661624566274,"V",2,4.28685817222625,5.35245712802485,
69,162,"V",4,1.87341019879723,4.46368458716215,"V",3,3.54414083877443,4.97164283837619,
69,163,"iv",4,6.53783544328929,4.30565872493755,"iv",4,6.31733891533127,4.72855246182271,
,,,,,,,,,,
70,42,"-vii",4,0.504336517816472,2.39758656635524,"-vii",4,0.504336517816472,2.39758656635524,
70,43,"-III",3,0.386353103412487,1.98231807131359,"-III",3,0.386353103412487,1.98231807131359,
70,44,"-VI",10,3.23705862165092,3.1766216293389,"-VI",10,3.23705862165092,3.1766216293389,
70,45,"V",4,4.67687763580674,2.39758656635524,"V",4,4.67687763580674,2.39758656635524,
70,46,"V",4,1.87341019879723,4.46368458716215,"V",4,1.87341019879723,4.46368458716215,
70,47,"iv",4,6.53783544328929,4.30565872493755,"III",4,6.50880644792514,4.30565872493755,0.029028995364146
70,48,"v",3,5.06852662632692,5.02113867993583,"v",3,6.88122069388738,4.15176166664692,
70,49,"iv",3,4.47195819432485,4.63403190002984,"iv",2,5.41573519909062,4.91249441082442,
70,50,"iv",3,4.14196147925016,5.2242700771375,"iv",2,4.42560782829642,5.3649085882049,
70,51,"iv",4,4.85733850913158,4.77185097699991,"iv",3,4.59109666345051,5.2168273047406,
70,52,"v",3,5.04311808808584,5.1531085144439,"v",3,5.04311808808584,5.1531085144439,
,,,,,,,,,,
71,62,"-vii",4,0.504336517816472,2.39758656635524,"-vii",4,0.504336517816472,2.39758656635524,
71,63,"-III",3,0.386353103412487,1.98231807131359,"-III",3,0.386353103412487,1.98231807131359,
71,64,"-VI",8,2.845818240425,5.00235834196481,"-VI",8,2.845818240425,5.00235834196481,
71,65,"V",4,4.67687763580674,2.39758656635524,"V",4,4.67687763580674,2.39758656635524,
71,66,"V",4,1.87341019879723,4.46368458716215,"V",4,1.87341019879723,4.46368458716215,
71,67,"iv",4,6.53783544328929,4.30565872493755,"III",4,6.50880644792514,4.30565872493755,0.029028995364146
71,68,"v",3,5.06852662632692,5.02113867993583,"v",3,6.88122069388738,4.15176166664692,
71,69,"iv",3,4.47195819432485,4.63403190002984,"iv",2,5.41573519909062,4.91249441082442,
71,70,"iv",3,4.14196147925016,5.2242700771375,"iv",2,4.42560782829642,5.3649085882049,
71,71,"iv",4,4.85733850913158,4.77185097699991,"iv",3,4.59109666345051,5.2168273047406,
71,72,"v",3,5.04311808808584,5.1531085144439,"v",3,5.04311808808584,5.1531085144439,
,,,,,,,,,,
72,90,"-vii",4,0.504336517816472,2.39758656635524,"-vii",4,0.504336517816472,2.39758656635524,
72,91,"-III",3,0.386353103412487,1.98231807131359,"-III",3,0.386353103412487,1.98231807131359,
72,92,"-VI",8,2.845818240425,5.00235834196481,"-VI",8,2.845818240425,5.00235834196481,
72,93,"V",4,4.67687763580674,2.39758656635524,"V",4,4.67687763580674,2.39758656635524,
72,94,"V",4,1.87341019879723,4.46368458716215,"V",4,1.87341019879723,4.46368458716215,
72,95,"iv",4,6.53783544328929,4.30565872493755,"III",4,6.50880644792514,4.30565872493755,0.029028995364146
72,96,"v",3,5.06852662632692,5.02113867993583,"v",3,6.88122069388738,4.15176166664692,
72,97,"iv",3,4.47195819432485,4.63403190002984,"iv",2,5.41573519909062,4.91249441082442,
72,98,"iv",3,4.14196147925016,5.2242700771375,"iv",2,4.42560782829642,5.3649085882049,
72,99,"iv",4,4.85733850913158,4.77185097699991,"iv",3,4.59109666345051,5.2168273047406,
72,100,"v",3,5.04311808808584,5.1531085144439,"v",3,5.04311808808584,5.1531085144439,
,,,,,,,,,,
73,118,"-vii",4,0.504336517816472,2.39758656635524,"-vii",4,0.504336517816472,2.39758656635524,
73,119,"-III",3,0.386353103412487,1.98231807131359,"-III",3,0.386353103412487,1.98231807131359,
73,120,"-VI",8,2.845818240425,5.00235834196481,"-VI",8,2.845818240425,5.00235834196481,
73,121,"V",4,4.67687763580674,2.39758656635524,"V",4,4.67687763580674,2.39758656635524,
73,122,"V",4,1.87341019879723,4.46368458716215,"V",4,1.87341019879723,4.46368458716215,
73,123,"iv",4,6.53783544328929,4.30565872493755,"III",4,6.50880644792514,4.30565872493755,0.029028995364146
73,124,"v",3,5.06852662632692,5.02113867993583,"v",3,6.88122069388738,4.15176166664692,
73,125,"iv",3,4.47195819432485,4.63403190002984,"iv",2,5.41573519909062,4.91249441082442,
73,126,"iv",3,4.14196147925016,5.2242700771375,"iv",2,4.42560782829642,5.3649085882049,
73,127,"iv",4,4.85733850913158,4.77185097699991,"iv",3,4.59109666345051,5.2168273047406,
73,128,"v",3,5.04311808808584,5.1531085144439,"v",3,5.04311808808584,5.1531085144439,
,,,,,,,,,,
74,158,"-vii",2,6.49716268562771,5.33886430994241,"-vii",2,6.49716268562771,5.33886430994241,
74,159,"-III",2,4.82186421338466,5.06679945716411,"-III",2,4.82186421338466,5.06679945716411,
74,160,"-VI",2,3.99237148859034,5.3358630766101,"-VI",2,3.99237148859034,5.3358630766101,
74,161,"V",3,3.05699497976885,5.12661624566274,"V",3,3.05699497976885,5.12661624566274,
74,162,"V",4,1.87341019879723,4.46368458716215,"V",4,1.87341019879723,4.46368458716215,
74,163,"iv",4,6.53783544328929,4.30565872493755,"III",4,6.50880644792514,4.30565872493755,0.029028995364146
74,164,"v",3,5.06852662632692,5.02113867993583,"v",3,6.88122069388738,4.15176166664692,
74,165,"iv",3,4.47195819432485,4.63403190002984,"iv",2,5.41573519909062,4.91249441082442,
74,166,"r",3,3.08056142137262,5.2242700771375,"r",2,2.88156345595311,5.3649085882049,
74,167,"r",3,2.17545014295623,3.54330965554773,"r",3,2.17545014295623,3.54330965554773,
,,,,,,,,,,
75,7,"i",6,1.23820635977456,3.67100020653669,"i",6,1.23820635977456,3.67100020653669,
75,8,"i",7,0.914167049060387,3.24726190051152,"i",7,0.914167049060387,3.24726190051152,
75,9,"i",8,0.702907846035572,2.83120598530751,"i",8,0.702907846035572,2.83120598530751,
75,10,"i",9,1.55117640085232,4.19287240326934,"i",9,1.55117640085232,4.19287240326934,
75,11,"i",10,0.97754630075751,3.33509458916171,"i",10,0.97754630075751,3.33509458916171,
75,12,"-vii",10,8.5819854926557,2.78079232422396,"VI",10,8.54966777238297,2.78079232422396,0.0323177202727276
75,13,"-III",2,4.82186421338466,5.06679945716411,"-III",1,6.21817444604902,5.4074667874647,
75,14,"-VI",2,3.99237148859034,5.3358630766101,"-VI",1,5.11572114475607,5.45536975140832,
75,15,"-vii",3,3.42244598849515,5.12661624566274,"-vii",2,5.68313304837292,5.35245712802485,
75,16,"-III",3,0.386353103412487,1.98231807131359,"-III",3,1.45319408191677,4.17787982652762,
75,17,"i",5,5.7097964241155,5.00235834196481,"i",4,5.7097964241155,5.00235834196481,
,,,,,,,,,,
76,13,"-III",2,4.82186421338466,5.06679945716411,"-III",2,4.82186421338466,5.06679945716411,
76,14,"-VI",2,3.99237148859034,5.3358630766101,"-VI",2,3.99237148859034,5.3358630766101,
76,15,"-vii",3,3.42244598849515,5.12661624566274,"-vii",3,3.42244598849515,5.12661624566274,
76,16,"-III",3,0.386353103412487,1.98231807131359,"-III",3,0.386353103412487,1.98231807131359,
76,17,"i",5,5.7097964241155,5.00235834196481,"i",5,5.7097964241155,5.00235834196481,
76,18,"-vii",2,6.49716268562771,5.33886430994241,"VI",2,6.46484496535498,5.33886430994241,0.0323177202727285
76,19,"-III",2,4.82186421338466,5.06679945716411,"-III",1,6.21817444604902,5.4074667874647,
76,20,"-VI",2,3.99237148859034,5.3358630766101,"-VI",1,5.11572114475607,5.45536975140832,
76,21,"-vii",3,3.42244598849515,5.12661624566274,"-vii",2,5.68313304837292,5.35245712802485,
76,22,"-III",3,0.386353103412487,1.98231807131359,"-III",3,1.45319408191677,4.17787982652762,
76,23,"i",5,5.7097964241155,5.00235834196481,"i",4,5.7097964241155,5.00235834196481,
,,,,,,,,,,
77,19,"-III",2,4.82186421338466,5.06679945716411,"-III",2,4.82186421338466,5.06679945716411,
77,20,"-VI",2,3.99237148859034,5.3358630766101,"-VI",2,3.99237148859034,5.3358630766101,
77,21,"-vii",3,3.42244598849515,5.12661624566274,"-vii",3,3.42244598849515,5.12661624566274,
77,22,"-III",3,0.386353103412487,1.98231807131359,"-III",3,0.386353103412487,1.98231807131359,
77,23,"i",5,5.7097964241155,5.00235834196481,"i",5,5.7097964241155,5.00235834196481,
77,24,"-vii",2,6.49716268562771,5.33886430994241,"VI",2,6.46484496535498,5.33886430994241,0.0323177202727285
77,25,"-III",2,4.82186421338466,5.06679945716411,"-III",1,6.21817444604902,5.4074667874647,
77,26,"-VI",2,3.99237148859034,5.3358630766101,"-VI",1,5.11572114475607,5.45536975140832,
77,27,"-vii",3,3.42244598849515,5.12661624566274,"-vii",2,5.68313304837292,5.35245712802485,
77,28,"-III",3,0.386353103412487,1.98231807131359,"-III",3,1.45319408191677,4.17787982652762,
77,29,"i",5,5.7097964241155,5.00235834196481,"i",4,5.7097964241155,5.00235834196481,
,,,,,,,,,,
78,25,"-III",2,4.82186421338466,5.06679945716411,"-III",2,4.82186421338466,5.06679945716411,
78,26,"-VI",2,3.99237148859034,5.3358630766101,"-VI",2,3.99237148859034,5.3358630766101,
78,27,"-vii",3,3.42244598849515,5.12661624566274,"-vii",3,3.42244598849515,5.12661624566274,
78,28,"-III",3,0.386353103412487,1.98231807131359,"-III",3,0.386353103412487,1.98231807131359,
78,29,"i",5,5.7097964241155,5.00235834196481,"i",5,5.7097964241155,5.00235834196481,
78,30,"-vii",2,6.49716268562771,5.33886430994241,"VI",2,6.46484496535498,5.33886430994241,0.0323177202727285
78,31,"-III",2,4.82186421338466,5.06679945716411,"-III",1,6.21817444604902,5.4074667874647,
78,32,"-VI",2,3.99237148859034,5.3358630766101,"-VI",1,5.11572114475607,5.45536975140832,
78,33,"-vii",3,3.42244598849515,5.12661624566274,"-vii",2,5.68313304837292,5.35245712802485,
78,34,"-III",3,0.386353103412487,1.98231807131359,"-III",3,1.45319408191677,4.17787982652762,
78,35,"-VI",5,2.845818240425,5.00235834196481,"-VI",4,2.845818240425,5.00235834196481,
,,,,,,,,,,
79,51,"iv",4,4.85733850913158,4.77185097699991,"iv",4,4.85733850913158,4.77185097699991,
79,52,"v",3,5.04311808808584,5.1531085144439,"v",3,5.04311808808584,5.1531085144439,
79,53,"iv",3,3.55895555044727,4.80225801079704,"iv",3,3.55895555044727,4.80225801079704,
79,54,"iv",4,4.3772734935695,4.84133801506281,"iv",4,4.3772734935695,4.84133801506281,
79,55,"i",4,2.02664151064481,4.77185097699991,"i",4,2.02664151064481,4.77185097699991,
79,56,"-vii",5,7.89708118985023,3.68924053253415,"VI",5,7.8647634695775,3.68924053253415,0.0323177202727285
79,57,"-III",2,4.82186421338466,5.06679945716411,"-III",1,6.21817444604902,5.4074667874647,
79,58,"-VI",2,3.99237148859034,5.3358630766101,"-VI",1,5.11572114475607,5.45536975140832,
79,59,"-vii",3,3.42244598849515,5.12661624566274,"-vii",2,5.68313304837292,5.35245712802485,
79,60,"-III",3,0.386353103412487,1.98231807131359,"-III",3,1.45319408191677,4.17787982652762,
79,61,"-VI",5,2.845818240425,5.00235834196481,"-VI",4,2.845818240425,5.00235834196481,
,,,,,,,,,,
80,79,"iv",4,4.85733850913158,4.77185097699991,"iv",4,4.85733850913158,4.77185097699991,
80,80,"v",3,5.04311808808584,5.1531085144439,"v",3,5.04311808808584,5.1531085144439,
80,81,"iv",3,3.55895555044727,4.80225801079704,"iv",3,3.55895555044727,4.80225801079704,
80,82,"iv",4,4.3772734935695,4.84133801506281,"iv",4,4.3772734935695,4.84133801506281,
80,83,"i",4,2.02664151064481,4.77185097699991,"i",4,2.02664151064481,4.77185097699991,
80,84,"-vii",5,7.89708118985023,3.68924053253415,"VI",5,7.8647634695775,3.68924053253415,0.0323177202727285
80,85,"-III",2,4.82186421338466,5.06679945716411,"-III",1,6.21817444604902,5.4074667874647,
80,86,"-VI",2,3.99237148859034,5.3358630766101,"-VI",1,5.11572114475607,5.45536975140832,
80,87,"-vii",3,3.42244598849515,5.12661624566274,"-vii",2,5.68313304837292,5.35245712802485,
80,88,"-III",3,0.386353103412487,1.98231807131359,"-III",3,1.45319408191677,4.17787982652762,
80,89,"-VI",5,2.845818240425,5.00235834196481,"-VI",4,2.845818240425,5.00235834196481,
,,,,,,,,,,
81,107,"iv",4,4.85733850913158,4.77185097699991,"iv",4,4.85733850913158,4.77185097699991,
81,108,"v",3,5.04311808808584,5.1531085144439,"v",3,5.04311808808584,5.1531085144439,
81,109,"iv",3,3.55895555044727,4.80225801079704,"iv",3,3.55895555044727,4.80225801079704,
81,110,"iv",4,4.3772734935695,4.84133801506281,"iv",4,4.3772734935695,4.84133801506281,
81,111,"i",4,2.02664151064481,4.77185097699991,"i",4,2.02664151064481,4.77185097699991,
81,112,"-vii",5,7.89708118985023,3.68924053253415,"VI",5,7.8647634695775,3.68924053253415,0.0323177202727285
81,113,"-III",2,4.82186421338466,5.06679945716411,"-III",1,6.21817444604902,5.4074667874647,
81,114,"-VI",2,3.99237148859034,5.3358630766101,"-VI",1,5.11572114475607,5.45536975140832,
81,115,"-vii",3,3.42244598849515,5.12661624566274,"-vii",2,5.68313304837292,5.35245712802485,
81,116,"-III",3,0.386353103412487,1.98231807131359,"-III",3,1.45319408191677,4.17787982652762,
81,117,"-VI",5,2.845818240425,5.00235834196481,"-VI",4,2.845818240425,5.00235834196481,
,,,,,,,,,,
82,135,"iv",4,4.85733850913158,4.77185097699991,"iv",4,4.85733850913158,4.77185097699991,
82,136,"v",3,5.04311808808584,5.1531085144439,"v",3,5.04311808808584,5.1531085144439,
82,137,"iv",3,3.55895555044727,4.80225801079704,"iv",3,3.55895555044727,4.80225801079704,
82,138,"iv",4,4.3772734935695,4.84133801506281,"iv",4,4.3772734935695,4.84133801506281,
82,139,"i",4,2.02664151064481,4.77185097699991,"i",4,2.02664151064481,4.77185097699991,
82,140,"-vii",5,7.89708118985023,3.68924053253415,"VI",5,7.8647634695775,3.68924053253415,0.0323177202727285
82,141,"-III",2,4.82186421338466,5.06679945716411,"-III",1,6.21817444604902,5.4074667874647,
82,142,"-VI",2,3.99237148859034,5.3358630766101,"-VI",1,5.11572114475607,5.45536975140832,
82,143,"-vii",3,3.42244598849515,5.12661624566274,"-vii",2,5.68313304837292,5.35245712802485,
82,144,"-III",3,0.386353103412487,1.98231807131359,"-III",3,1.45319408191677,4.17787982652762,
82,145,"i",5,5.7097964241155,5.00235834196481,"i",4,5.7097964241155,5.00235834196481,
,,,,,,,,,,
83,141,"-III",2,4.82186421338466,5.06679945716411,"-III",2,4.82186421338466,5.06679945716411,
83,142,"-VI",2,3.99237148859034,5.3358630766101,"-VI",2,3.99237148859034,5.3358630766101,
83,143,"-vii",3,3.42244598849515,5.12661624566274,"-vii",3,3.42244598849515,5.12661624566274,
83,144,"-III",3,0.386353103412487,1.98231807131359,"-III",3,0.386353103412487,1.98231807131359,
83,145,"i",5,5.7097964241155,5.00235834196481,"i",5,5.7097964241155,5.00235834196481,
83,146,"-vii",2,6.49716268562771,5.33886430994241,"VI",2,6.46484496535498,5.33886430994241,0.0323177202727285
83,147,"-III",2,4.82186421338466,5.06679945716411,"-III",1,6.21817444604902,5.4074667874647,
83,148,"-VI",2,3.99237148859034,5.3358630766101,"-VI",1,5.11572114475607,5.45536975140832,
83,149,"-vii",3,3.42244598849515,5.12661624566274,"-vii",2,5.68313304837292,5.35245712802485,
83,150,"-III",3,0.386353103412487,1.98231807131359,"-III",3,1.45319408191677,4.17787982652762,
83,151,"i",5,5.7097964241155,5.00235834196481,"i",4,5.7097964241155,5.00235834196481,
,,,,,,,,,,
84,147,"-III",2,4.82186421338466,5.06679945716411,"-III",2,4.82186421338466,5.06679945716411,
84,148,"-VI",2,3.99237148859034,5.3358630766101,"-VI",2,3.99237148859034,5.3358630766101,
84,149,"-vii",3,3.42244598849515,5.12661624566274,"-vii",3,3.42244598849515,5.12661624566274,
84,150,"-III",3,0.386353103412487,1.98231807131359,"-III",3,0.386353103412487,1.98231807131359,
84,151,"i",5,5.7097964241155,5.00235834196481,"i",5,5.7097964241155,5.00235834196481,
84,152,"-vii",2,6.49716268562771,5.33886430994241,"VI",2,6.46484496535498,5.33886430994241,0.0323177202727285
84,153,"-III",2,4.82186421338466,5.06679945716411,"-III",1,6.21817444604902,5.4074667874647,
84,154,"-VI",2,3.99237148859034,5.3358630766101,"-VI",1,5.11572114475607,5.45536975140832,
84,155,"-vii",3,3.42244598849515,5.12661624566274,"-vii",2,5.68313304837292,5.35245712802485,
84,156,"-III",3,0.386353103412487,1.98231807131359,"-III",3,1.45319408191677,4.17787982652762,
84,157,"i",5,5.7097964241155,5.00235834196481,"i",4,5.7097964241155,5.00235834196481,
,,,,,,,,,,
85,153,"-III",2,4.82186421338466,5.06679945716411,"-III",2,4.82186421338466,5.06679945716411,
85,154,"-VI",2,3.99237148859034,5.3358630766101,"-VI",2,3.99237148859034,5.3358630766101,
85,155,"-vii",3,3.42244598849515,5.12661624566274,"-vii",3,3.42244598849515,5.12661624566274,
85,156,"-III",3,0.386353103412487,1.98231807131359,"-III",3,0.386353103412487,1.98231807131359,
85,157,"i",5,5.7097964241155,5.00235834196481,"i",5,5.7097964241155,5.00235834196481,
85,158,"-vii",2,6.49716268562771,5.33886430994241,"VI",2,6.46484496535498,5.33886430994241,0.0323177202727285
85,159,"-III",2,4.82186421338466,5.06679945716411,"-III",1,6.21817444604902,5.4074667874647,
85,160,"-VI",2,3.99237148859034,5.3358630766101,"-VI",1,5.11572114475607,5.45536975140832,
85,161,"V",3,3.05699497976885,5.12661624566274,"V",2,4.28685817222625,5.35245712802485,
85,162,"V",4,1.87341019879723,4.46368458716215,"V",3,3.54414083877443,4.97164283837619,
85,163,"iv",4,6.53783544328929,4.30565872493755,"iv",4,6.31733891533127,4.72855246182271,
,,,,,,,,,,
86,12,"-vii",10,8.5819854926557,2.78079232422396,"-vii",10,8.5819854926557,2.78079232422396,
86,13,"-III",2,4.82186421338466,5.06679945716411,"-III",2,4.82186421338466,5.06679945716411,
86,14,"-VI",2,3.99237148859034,5.3358630766101,"-VI",2,3.99237148859034,5.3358630766101,
86,15,"-vii",3,3.42244598849515,5.12661624566274,"-vii",3,3.42244598849515,5.12661624566274,
86,16,"-III",3,0.386353103412487,1.98231807131359,"-III",3,0.386353103412487,1.98231807131359,
86,17,"i",5,5.7097964241155,5.00235834196481,"I",5,5.6772624599671,5.00235834196481,0.0325339641483922
86,18,"-vii",2,6.49716268562771,5.33886430994241,"-vii",2,6.59671424470363,5.25712310873912,
86,19,"-III",2,4.82186421338466,5.06679945716411,"-III",2,4.86492585850684,4.90454076639356,
86,20,"-VI",2,3.99237148859034,5.3358630766101,"-VI",2,3.99237148859034,5.3358630766101,
86,21,"-vii",3,3.42244598849515,5.12661624566274,"-vii",3,3.42244598849515,5.12661624566274,
86,22,"-III",3,0.386353103412487,1.98231807131359,"-III",3,0.386353103412487,1.98231807131359,
,,,,,,,,,,
87,18,"-vii",2,6.49716268562771,5.33886430994241,"-vii",2,6.49716268562771,5.33886430994241,
87,19,"-III",2,4.82186421338466,5.06679945716411,"-III",2,4.82186421338466,5.06679945716411,
87,20,"-VI",2,3.99237148859034,5.3358630766101,"-VI",2,3.99237148859034,5.3358630766101,
87,21,"-vii",3,3.42244598849515,5.12661624566274,"-vii",3,3.42244598849515,5.12661624566274,
87,22,"-III",3,0.386353103412487,1.98231807131359,"-III",3,0.386353103412487,1.98231807131359,
87,23,"i",5,5.7097964241155,5.00235834196481,"I",5,5.6772624599671,5.00235834196481,0.0325339641483922
87,24,"-vii",2,6.49716268562771,5.33886430994241,"-vii",2,6.59671424470363,5.25712310873912,
87,25,"-III",2,4.82186421338466,5.06679945716411,"-III",2,4.86492585850684,4.90454076639356,
87,26,"-VI",2,3.99237148859034,5.3358630766101,"-VI",2,3.99237148859034,5.3358630766101,
87,27,"-vii",3,3.42244598849515,5.12661624566274,"-vii",3,3.42244598849515,5.12661624566274,
87,28,"-III",3,0.386353103412487,1.98231807131359,"-III",3,0.386353103412487,1.98231807131359,
,,,,,,,,,,
88,24,"-vii",2,6.49716268562771,5.33886430994241,"-vii",2,6.49716268562771,5.33886430994241,
88,25,"-III",2,4.82186421338466,5.06679945716411,"-III",2,4.82186421338466,5.06679945716411,
88,26,"-VI",2,3.99237148859034,5.3358630766101,"-VI",2,3.99237148859034,5.3358630766101,
88,27,"-vii",3,3.42244598849515,5.12661624566274,"-vii",3,3.42244598849515,5.12661624566274,
88,28,"-III",3,0.386353103412487,1.98231807131359,"-III",3,0.386353103412487,1.98231807131359,
88,29,"i",5,5.7097964241155,5.00235834196481,"I",5,5.6772624599671,5.00235834196481,0.0325339641483922
88,30,"-vii",2,6.49716268562771,5.33886430994241,"-vii",2,6.59671424470363,5.25712310873912,
88,31,"-III",2,4.82186421338466,5.06679945716411,"-III",2,4.86492585850684,4.90454076639356,
88,32,"-VI",2,3.99237148859034,5.3358630766101,"-VI",2,3.99237148859034,5.3358630766101,
88,33,"-vii",3,3.42244598849515,5.12661624566274,"-vii",3,3.42244598849515,5.12661624566274,
88,34,"-III",3,0.386353103412487,1.98231807131359,"-III",3,0.386353103412487,1.98231807131359,
,,,,,,,,,,
89,140,"-vii",5,7.89708118985023,3.68924053253415,"-vii",5,7.89708118985023,3.68924053253415,
89,141,"-III",2,4.82186421338466,5.06679945716411,"-III",2,4.82186421338466,5.06679945716411,
89,142,"-VI",2,3.99237148859034,5.3358630766101,"-VI",2,3.99237148859034,5.3358630766101,
89,143,"-vii",3,3.42244598849515,5.12661624566274,"-vii",3,3.42244598849515,5.12661624566274,
89,144,"-III",3,0.386353103412487,1.98231807131359,"-III",3,0.386353103412487,1.98231807131359,
89,145,"i",5,5.7097964241155,5.00235834196481,"I",5,5.6772624599671,5.00235834196481,0.0325339641483922
89,146,"-vii",2,6.49716268562771,5.33886430994241,"-vii",2,6.59671424470363,5.25712310873912,
89,147,"-III",2,4.82186421338466,5.06679945716411,"-III",2,4.86492585850684,4.90454076639356,
89,148,"-VI",2,3.99237148859034,5.3358630766101,"-VI",2,3.99237148859034,5.3358630766101,
89,149,"-vii",3,3.42244598849515,5.12661624566274,"-vii",3,3.42244598849515,5.12661624566274,
89,150,"-III",3,0.386353103412487,1.98231807131359,"-III",3,0.386353103412487,1.98231807131359,
,,,,,,,,,,
90,146,"-vii",2,6.49716268562771,5.33886430994241,"-vii",2,6.49716268562771,5.33886430994241,
90,147,"-III",2,4.82186421338466,5.06679945716411,"-III",2,4.82186421338466,5.06679945716411,
90,148,"-VI",2,3.99237148859034,5.3358630766101,"-VI",2,3.99237148859034,5.3358630766101,
90,149,"-vii",3,3.42244598849515,5.12661624566274,"-vii",3,3.42244598849515,5.12661624566274,
90,150,"-III",3,0.386353103412487,1.98231807131359,"-III",3,0.386353103412487,1.98231807131359,
90,151,"i",5,5.7097964241155,5.00235834196481,"I",5,5.6772624599671,5.00235834196481,0.0325339641483922
90,152,"-vii",2,6.49716268562771,5.33886430994241,"-vii",2,6.59671424470363,5.25712310873912,
90,153,"-III",2,4.82186421338466,5.06679945716411,"-III",2,4.86492585850684,4.90454076639356,
90,154,"-VI",2,3.99237148859034,5.3358630766101,"-VI",2,3.99237148859034,5.3358630766101,
90,155,"-vii",3,3.42244598849515,5.12661624566274,"-vii",3,3.42244598849515,5.12661624566274,
90,156,"-III",3,0.386353103412487,1.98231807131359,"-III",3,0.386353103412487,1.98231807131359,
,,,,,,,,,,
91,152,"-vii",2,6.49716268562771,5.33886430994241,"-vii",2,6.49716268562771,5.33886430994241,
91,153,"-III",2,4.82186421338466,5.06679945716411,"-III",2,4.82186421338466,5.06679945716411,
91,154,"-VI",2,3.99237148859034,5.3358630766101,"-VI",2,3.99237148859034,5.3358630766101,
91,155,"-vii",3,3.42244598849515,5.12661624566274,"-vii",3,3.42244598849515,5.12661624566274,
91,156,"-III",3,0.386353103412487,1.98231807131359,"-III",3,0.386353103412487,1.98231807131359,
91,157,"i",5,5.7097964241155,5.00235834196481,"I",5,5.6772624599671,5.00235834196481,0.0325339641483922
91,158,"-vii",2,6.49716268562771,5.33886430994241,"-vii",2,6.59671424470363,5.25712310873912,
91,159,"-III",2,4.82186421338466,5.06679945716411,"-III",2,4.86492585850684,4.90454076639356,
91,160,"-VI",2,3.99237148859034,5.3358630766101,"-VI",2,3.99237148859034,5.3358630766101,
91,161,"V",3,3.05699497976885,5.12661624566274,"V",3,3.05699497976885,5.12661624566274,
91,162,"V",4,1.87341019879723,4.46368458716215,"V",4,1.87341019879723,4.46368458716215,
,,,,,,,,,,
92,13,"-III",2,4.82186421338466,5.06679945716411,"-III",2,4.82186421338466,5.06679945716411,
92,14,"-VI",2,3.99237148859034,5.3358630766101,"-VI",2,3.99237148859034,5.3358630766101,
92,15,"-vii",3,3.42244598849515,5.12661624566274,"-vii",3,3.42244598849515,5.12661624566274,
92,16,"-III",3,0.386353103412487,1.98231807131359,"-III",3,0.386353103412487,1.98231807131359,
92,17,"i",5,5.7097964241155,5.00235834196481,"i",5,5.7097964241155,5.00235834196481,
92,18,"-vii",2,6.49716268562771,5.33886430994241,"-ii",2,6.53022097420701,5.33886430994241,0.033058288579296
92,19,"-III",2,4.82186421338466,5.06679945716411,"-III",2,6.76437402389519,4.5493455476957,
92,20,"-VI",2,3.99237148859034,5.3358630766101,"-VI",1,5.11572114475607,5.45536975140832,
92,21,"-vii",3,3.42244598849515,5.12661624566274,"-vii",2,5.68313304837292,5.35245712802485,
92,22,"-III",3,0.386353103412487,1.98231807131359,"-III",3,1.45319408191677,4.17787982652762,
92,23,"i",5,5.7097964241155,5.00235834196481,"i",4,5.7097964241155,5.00235834196481,
,,,,,,,,,,
93,19,"-III",2,4.82186421338466,5.06679945716411,"-III",2,4.82186421338466,5.06679945716411,
93,20,"-VI",2,3.99237148859034,5.3358630766101,"-VI",2,3.99237148859034,5.3358630766101,
93,21,"-vii",3,3.42244598849515,5.12661624566274,"-vii",3,3.42244598849515,5.12661624566274,
93,22,"-III",3,0.386353103412487,1.98231807131359,"-III",3,0.386353103412487,1.98231807131359,
93,23,"i",5,5.7097964241155,5.00235834196481,"i",5,5.7097964241155,5.00235834196481,
93,24,"-vii",2,6.49716268562771,5.33886430994241,"-ii",2,6.53022097420701,5.33886430994241,0.033058288579296
93,25,"-III",2,4.82186421338466,5.06679945716411,"-III",2,6.76437402389519,4.5493455476957,
93,26,"-VI",2,3.99237148859034,5.3358630766101,"-VI",1,5.11572114475607,5.45536975140832,
93,27,"-vii",3,3.42244598849515,5.12661624566274,"-vii",2,5.68313304837292,5.35245712802485,
93,28,"-III",3,0.386353103412487,1.98231807131359,"-III",3,1.45319408191677,4.17787982652762,
93,29,"i",5,5.7097964241155,5.00235834196481,"i",4,5.7097964241155,5.00235834196481,
,,,,,,,,,,
94,25,"-III",2,4.82186421338466,5.06679945716411,"-III",2,4.82186421338466,5.06679945716411,
94,26,"-VI",2,3.99237148859034,5.3358630766101,"-VI",2,3.99237148859034,5.3358630766101,
94,27,"-vii",3,3.42244598849515,5.12661624566274,"-vii",3,3.42244598849515,5.12661624566274,
94,28,"-III",3,0.386353103412487,1.98231807131359,"-III",3,0.386353103412487,1.98231807131359,
94,29,"i",5,5.7097964241155,5.00235834196481,"i",5,5.7097964241155,5.00235834196481,
94,30,"-vii",2,6.49716268562771,5.33886430994241,"-ii",2,6.53022097420701,5.33886430994241,0.033058288579296
94,31,"-III",2,4.82186421338466,5.06679945716411,"-III",2,6.76437402389519,4.5493455476957,
94,32,"-VI",2,3.99237148859034,5.3358630766101,"-VI",1,5.11572114475607,5.45536975140832,
94,33,"-vii",3,3.42244598849515,5.12661624566274,"-vii",2,5.68313304837292,5.35245712802485,
94,34,"-III",3,0.386353103412487,1.98231807131359,"-III",3,1.45319408191677,4.17787982652762,
94,35,"-VI",5,2.845818240425,5.00235834196481,"-VI",4,2.845818240425,5.00235834196481,
,,,,,,,,,,
95,51,"iv",4,4.85733850913158,4.77185097699991,"iv",4,4.85733850913158,4.77185097699991,
95,52,"v",3,5.04311808808584,5.1531085144439,"v",3,5.04311808808584,5.1531085144439,
95,53,"iv",3,3.55895555044727,4.80225801079704,"iv",3,3.55895555044727,4.80225801079704,
95,54,"iv",4,4.3772734935695,4.84133801506281,"iv",4,4.3772734935695,4.84133801506281,
95,55,"i",4,2.02664151064481,4.77185097699991,"i",4,2.02664151064481,4.77185097699991,
95,56,"-vii",5,7.89708118985023,3.68924053253415,"-ii",5,7.93013947842952,3.68924053253415,0.033058288579296
95,57,"-III",2,4.82186421338466,5.06679945716411,"-III",2,6.76437402389519,4.5493455476957,
95,58,"-VI",2,3.99237148859034,5.3358630766101,"-VI",1,5.11572114475607,5.45536975140832,
95,59,"-vii",3,3.42244598849515,5.12661624566274,"-vii",2,5.68313304837292,5.35245712802485,
95,60,"-III",3,0.386353103412487,1.98231807131359,"-III",3,1.45319408191677,4.17787982652762,
95,61,"-VI",5,2.845818240425,5.00235834196481,"-VI",4,2.845818240425,5.00235834196481,
,,,,,,,,,,
96,79,"iv",4,4.85733850913158,4.77185097699991,"iv",4,4.85733850913158,4.77185097699991,
96,80,"v",3,5.04311808808584,5.1531085144439,"v",3,5.04311808808584,5.1531085144439,
96,81,"iv",3,3.55895555044727,4.80225801079704,"iv",3,3.55895555044727,4.80225801079704,
96,82,"iv",4,4.3772734935695,4.84133801506281,"iv",4,4.3772734935695,4.84133801506281,
96,83,"i",4,2.02664151064481,4.77185097699991,"i",4,2.02664151064481,4.77185097699991,
96,84,"-vii",5,7.89708118985023,3.68924053253415,"-ii",5,7.93013947842952,3.68924053253415,0.033058288579296
96,85,"-III",2,4.82186421338466,5.06679945716411,"-III",2,6.76437402389519,4.5493455476957,
96,86,"-VI",2,3.99237148859034,5.3358630766101,"-VI",1,5.11572114475607,5.45536975140832,
96,87,"-vii",3,3.42244598849515,5.12661624566274,"-vii",2,5.68313304837292,5.35245712802485,
96,88,"-III",3,0.386353103412487,1.98231807131359,"-III",3,1.45319408191677,4.17787982652762,
96,89,"-VI",5,2.845818240425,5.00235834196481,"-VI",4,2.845818240425,5.00235834196481,
,,,,,,,,,,
97,107,"iv",4,4.85733850913158,4.77185097699991,"iv",4,4.85733850913158,4.77185097699991,
97,108,"v",3,5.04311808808584,5.1531085144439,"v",3,5.04311808808584,5.1531085144439,
97,109,"iv",3,3.55895555044727,4.80225801079704,"iv",3,3.55895555044727,4.80225801079704,
97,110,"iv",4,4.3772734935695,4.84133801506281,"iv",4,4.3772734935695,4.84133801506281,
97,111,"i",4,2.02664151064481,4.77185097699991,"i",4,2.02664151064481,4.77185097699991,
97,112,"-vii",5,7.89708118985023,3.68924053253415,"-ii",5,7.93013947842952,3.68924053253415,0.033058288579296
97,113,"-III",2,4.82186421338466,5.06679945716411,"-III",2,6.76437402389519,4.5493455476957,
97,114,"-VI",2,3.99237148859034,5.3358630766101,"-VI",1,5.11572114475607,5.45536975140832,
97,115,"-vii",3,3.42244598849515,5.12661624566274,"-vii",2,5.68313304837292,5.35245712802485,
97,116,"-III",3,0.386353103412487,1.98231807131359,"-III",3,1.45319408191677,4.17787982652762,
97,117,"-VI",5,2.845818240425,5.00235834196481,"-VI",4,2.845818240425,5.00235834196481,
,,,,,,,,,,
98,135,"iv",4,4.85733850913158,4.77185097699991,"iv",4,4.85733850913158,4.77185097699991,
98,136,"v",3,5.04311808808584,5.1531085144439,"v",3,5.04311808808584,5.1531085144439,
98,137,"iv",3,3.55895555044727,4.80225801079704,"iv",3,3.55895555044727,4.80225801079704,
98,138,"iv",4,4.3772734935695,4.84133801506281,"iv",4,4.3772734935695,4.84133801506281,
98,139,"i",4,2.02664151064481,4.77185097699991,"i",4,2.02664151064481,4.77185097699991,
98,140,"-vii",5,7.89708118985023,3.68924053253415,"-ii",5,7.93013947842952,3.68924053253415,0.033058288579296
98,141,"-III",2,4.82186421338466,5.06679945716411,"-III",2,6.76437402389519,4.5493455476957,
98,142,"-VI",2,3.99237148859034,5.3358630766101,"-VI",1,5.11572114475607,5.45536975140832,
98,143,"-vii",3,3.42244598849515,5.12661624566274,"-vii",2,5.68313304837292,5.35245712802485,
98,144,"-III",3,0.386353103412487,1.98231807131359,"-III",3,1.45319408191677,4.17787982652762,
98,145,"i",5,5.7097964241155,5.00235834196481,"i",4,5.7097964241155,5.00235834196481,
,,,,,,,,,,
99,141,"-III",2,4.82186421338466,5.06679945716411,"-III",2,4.82186421338466,5.06679945716411,
99,142,"-VI",2,3.99237148859034,5.3358630766101,"-VI",2,3.99237148859034,5.3358630766101,
99,143,"-vii",3,3.42244598849515,5.12661624566274,"-vii",3,3.42244598849515,5.12661624566274,
99,144,"-III",3,0.386353103412487,1.98231807131359,"-III",3,0.386353103412487,1.98231807131359,
99,145,"i",5,5.7097964241155,5.00235834196481,"i",5,5.7097964241155,5.00235834196481,
99,146,"-vii",2,6.49716268562771,5.33886430994241,"-ii",2,6.53022097420701,5.33886430994241,0.033058288579296
99,147,"-III",2,4.82186421338466,5.06679945716411,"-III",2,6.76437402389519,4.5493455476957,
99,148,"-VI",2,3.99237148859034,5.3358630766101,"-VI",1,5.11572114475607,5.45536975140832,
99,149,"-vii",3,3.42244598849515,5.12661624566274,"-vii",2,5.68313304837292,5.35245712802485,
99,150,"-III",3,0.386353103412487,1.98231807131359,"-III",3,1.45319408191677,4.17787982652762,
99,151,"i",5,5.7097964241155,5.00235834196481,"i",4,5.7097964241155,5.00235834196481,
,,,,,,,,,,
100,147,"-III",2,4.82186421338466,5.06679945716411,"-III",2,4.82186421338466,5.06679945716411,
100,148,"-VI",2,3.99237148859034,5.3358630766101,"-VI",2,3.99237148859034,5.3358630766101,
100,149,"-vii",3,3.42244598849515,5.12661624566274,"-vii",3,3.42244598849515,5.12661624566274,
100,150,"-III",3,0.386353103412487,1.98231807131359,"-III",3,0.386353103412487,1.98231807131359,
100,151,"i",5,5.7097964241155,5.00235834196481,"i",5,5.7097964241155,5.00235834196481,
100,152,"-vii",2,6.49716268562771,5.33886430994241,"-ii",2,6.53022097420701,5.33886430994241,0.033058288579296
100,153,"-III",2,4.82186421338466,5.06679945716411,"-III",2,6.76437402389519,4.5493455476957,
100,154,"-VI",2,3.99237148859034,5.3358630766101,"-VI",1,5.11572114475607,5.45536975140832,
100,155,"-vii",3,3.42244598849515,5.12661624566274,"-vii",2,5.68313304837292,5.35245712802485,
100,156,"-III",3,0.386353103412487,1.98231807131359,"-III",3,1.45319408191677,4.17787982652762,
100,157,"i",5,5.7097964241155,5.00235834196481,"i",4,5.7097964241155,5.00235834196481,
,,,,,,,,,,
101,153,"-III",2,4.82186421338466,5.06679945716411,"-III",2,4.82186421338466,5.06679945716411,
101,154,"-VI",2,3.99237148859034,5.3358630766101,"-VI",2,3.99237148859034,5.3358630766101,
101,155,"-vii",3,3.42244598849515,5.12661624566274,"-vii",3,3.42244598849515,5.12661624566274,
101,156,"-III",3,0.386353103412487,1.98231807131359,"-III",3,0.386353103412487,1.98231807131359,
101,157,"i",5,5.7097964241155,5.00235834196481,"i",5,5.7097964241155,5.00235834196481,
101,158,"-vii",2,6.49716268562771,5.33886430994241,"-ii",2,6.53022097420701,5.33886430994241,0.033058288579296
101,159,"-III",2,4.82186421338466,5.06679945716411,"-III",2,6.76437402389519,4.5493455476957,
101,160,"-VI",2,3.99237148859034,5.3358630766101,"-VI",1,5.11572114475607,5.45536975140832,
101,161,"V",3,3.05699497976885,5.12661624566274,"V",2,4.28685817222625,5.35245712802485,
101,162,"V",4,1.87341019879723,4.46368458716215,"V",3,3.54414083877443,4.97164283837619,
101,163,"iv",4,6.53783544328929,4.30565872493755,"iv",4,6.31733891533127,4.72855246182271,
,,,,,,,,,,
102,44,"-VI",10,3.23705862165092,3.1766216293389,"-VI",10,3.23705862165092,3.1766216293389,
102,45,"V",4,4.67687763580674,2.39758656635524,"V",4,4.67687763580674,2.39758656635524,
102,46,"V",4,1.87341019879723,4.46368458716215,"V",4,1.87341019879723,4.46368458716215,
102,47,"iv",4,6.53783544328929,4.30565872493755,"iv",4,6.53783544328929,4.30565872493755,
102,48,"v",3,5.06852662632692,5.02113867993583,"v",3,5.06852662632692,5.02113867993583,
102,49,"iv",3,4.47195819432485,4.63403190002984,"V",3,4.5108327835572,4.63403190002984,0.0388745892323472
102,50,"iv",3,4.14196147925016,5.2242700771375,"iv",3,5.66979062223556,4.85604986821475,
102,51,"iv",4,4.85733850913158,4.77185097699991,"iv",3,4.7400237146565,5.03112130396154,
102,52,"v",3,5.04311808808584,5.1531085144439,"v",3,3.75164926580847,5.18483227216494,
102,53,"iv",3,3.55895555044727,4.80225801079704,"iv",4,4.02172919931498,4.1544273115167,
102,54,"iv",4,4.3772734935695,4.84133801506281,"iv",4,4.3772734935695,4.84133801506281,
,,,,,,,,,,
103,64,"-VI",8,2.845818240425,5.00235834196481,"-VI",8,2.845818240425,5.00235834196481,
103,65,"V",4,4.67687763580674,2.39758656635524,"V",4,4.67687763580674,2.39758656635524,
103,66,"V",4,1.87341019879723,4.46368458716215,"V",4,1.87341019879723,4.46368458716215,
103,67,"iv",4,6.53783544328929,4.30565872493755,"iv",4,6.53783544328929,4.30565872493755,
103,68,"v",3,5.06852662632692,5.02113867993583,"v",3,5.06852662632692,5.02113867993583,
103,69,"iv",3,4.47195819432485,4.63403190002984,"V",3,4.5108327835572,4.63403190002984,0.0388745892323472
103,70,"iv",3,4.14196147925016,5.2242700771375,"iv",3,5.66979062223556,4.85604986821475,
103,71,"iv",4,4.85733850913158,4.77185097699991,"iv",3,4.7400237146565,5.03112130396154,
103,72,"v",3,5.04311808808584,5.1531085144439,"v",3,3.75164926580847,5.18483227216494,
103,73,"iv",3,3.55895555044727,4.80225801079704,"iv",4,4.02172919931498,4.1544273115167,
103,74,"iv",4,4.3772734935695,4.84133801506281,"iv",4,4.3772734935695,4.84133801506281,
,,,,,,,,,,
104,92,"-VI",8,2.845818240425,5.00235834196481,"-VI",8,2.845818240425,5.00235834196481,
104,93,"V",4,4.67687763580674,2.39758656635524,"V",4,4.67687763580674,2.39758656635524,
104,94,"V",4,1.87341019879723,4.46368458716215,"V",4,1.87341019879723,4.46368458716215,
104,95,"iv",4,6.53783544328929,4.30565872493755,"iv",4,6.53783544328929,4.30565872493755,
104,96,"v",3,5.06852662632692,5.02113867993583,"v",3,5.06852662632692,5.02113867993583,
104,97,"iv",3,4.47195819432485,4.63403190002984,"V",3,4.5108327835572,4.63403190002984,0.0388745892323472
104,98,"iv",3,4.14196147925016,5.2242700771375,"iv",3,5.66979062223556,4.85604986821475,
104,99,"iv",4,4.85733850913158,4.77185097699991,"iv",3,4.7400237146565,5.03112130396154,
104,100,"v",3,5.04311808808584,5.1531085144439,"v",3,3.75164926580847,5.18483227216494,
104,101,"iv",3,3.55895555044727,4.80225801079704,"iv",4,4.02172919931498,4.1544273115167,
104,102,"iv",4,4.3772734935695,4.84133801506281,"iv",4,4.3772734935695,4.84133801506281,
,,,,,,,,,,
105,120,"-VI",8,2.845818240425,5.00235834196481,"-VI",8,2.845818240425,5.00235834196481,
105,121,"V",4,4.67687763580674,2.39758656635524,"V",4,4.67687763580674,2.39758656635524,
105,122,"V",4,1.87341019879723,4.46368458716215,"V",4,1.87341019879723,4.46368458716215,
105,123,"iv",4,6.53783544328929,4.30565872493755,"iv",4,6.53783544328929,4.30565872493755,
105,124,"v",3,5.06852662632692,5.02113867993583,"v",3,5.06852662632692,5.02113867993583,
105,125,"iv",3,4.47195819432485,4.63403190002984,"V",3,4.5108327835572,4.63403190002984,0.0388745892323472
105,126,"iv",3,4.14196147925016,5.2242700771375,"iv",3,5.66979062223556,4.85604986821475,
105,127,"iv",4,4.85733850913158,4.77185097699991,"iv",3,4.7400237146565,5.03112130396154,
105,128,"v",3,5.04311808808584,5.1531085144439,"v",3,3.75164926580847,5.18483227216494,
105,129,"iv",3,3.55895555044727,4.80225801079704,"iv",4,4.02172919931498,4.1544273115167,
105,130,"iv",4,4.3772734935695,4.84133801506281,"iv",4,4.3772734935695,4.84133801506281,
,,,,,,,,,,
106,160,"-VI",2,3.99237148859034,5.3358630766101,"-VI",2,3.99237148859034,5.3358630766101,
106,161,"V",3,3.05699497976885,5.12661624566274,"V",3,3.05699497976885,5.12661624566274,
106,162,"V",4,1.87341019879723,4.46368458716215,"V",4,1.87341019879723,4.46368458716215,
106,163,"iv",4,6.53783544328929,4.30565872493755,"iv",4,6.53783544328929,4.30565872493755,
106,164,"v",3,5.06852662632692,5.02113867993583,"v",3,5.06852662632692,5.02113867993583,
106,165,"iv",3,4.47195819432485,4.63403190002984,"V",3,4.5108327835572,4.63403190002984,0.0388745892323472
106,166,"r",3,3.08056142137262,5.2242700771375,"r",3,3.27124477974868,4.85604986821475,
106,167,"r",3,2.17545014295623,3.54330965554773,"r",3,2.35764649462007,3.5289536376662,
,,,,,,,,,,
107,46,"V",4,1.87341019879723,4.46368458716215,"V",4,1.87341019879723,4.46368458716215,
107,47,"iv",4,6.53783544328929,4.30565872493755,"iv",4,6.53783544328929,4.30565872493755,
107,48,"v",3,5.06852662632692,5.02113867993583,"v",3,5.06852662632692,5.02113867993583,
107,49,"iv",3,4.47195819432485,4.63403190002984,"iv",3,4.47195819432485,4.63403190002984,
107,50,"iv",3,4.14196147925016,5.2242700771375,"iv",3,4.14196147925016,5.2242700771375,
107,51,"iv",4,4.85733850913158,4.77185097699991,"I",4,4.90095623575655,4.77185097699991,0.0436177266249755
107,52,"v",3,5.04311808808584,5.1531085144439,"v",3,5.939087197617,5.16827958658289,
107,53,"iv",3,3.55895555044727,4.80225801079704,"iv",3,4.98334481160521,4.70555025191493,
107,54,"iv",4,4.3772734935695,4.84133801506281,"iv",3,4.65387915042627,5.14766685119599,
107,55,"i",4,2.02664151064481,4.77185097699991,"i",3,3.43447232833435,5.2168273047406,
107,56,"-vii",5,7.89708118985023,3.68924053253415,"-vii",4,7.48067247588827,4.26005765677633,
,,,,,,,,,,
108,66,"V",4,1.87341019879723,4.46368458716215,"V",4,1.87341019879723,4.46368458716215,
108,67,"iv",4,6.53783544328929,4.30565872493755,"iv",4,6.53783544328929,4.30565872493755,
108,68,"v",3,5.06852662632692,5.02113867993583,"v",3,5.06852662632692,5.02113867993583,
108,69,"iv",3,4.47195819432485,4.63403190002984,"iv",3,4.47195819432485,4.63403190002984,
108,70,"iv",3,4.14196147925016,5.2242700771375,"iv",3,4.14196147925016,5.2242700771375,
108,71,"iv",4,4.85733850913158,4.77185097699991,"I",4,4.90095623575655,4.77185097699991,0.0436177266249755
108,72,"v",3,5.04311808808584,5.1531085144439,"v",3,5.939087197617,5.16827958658289,
108,73,"iv",3,3.55895555044727,4.80225801079704,"iv",3,4.98334481160521,4.70555025191493,
108,74,"iv",4,4.3772734935695,4.84133801506281,"iv",3,4.65387915042627,5.14766685119599,
108,75,"iv",4,4.85733850913158,4.77185097699991,"iv",3,4.59109666345051,5.2168273047406,
108,76,"v",3,5.04311808808584,5.1531085144439,"v",3,5.04311808808584,5.1531085144439,
,,,,,,,,,,
109,70,"iv",3,4.14196147925016,5.2242700771375,"iv",3,4.14196147925016,5.2242700771375,
109,71,"iv",4,4.85733850913158,4.77185097699991,"iv",4,4.85733850913158,4.77185097699991,
109,72,"v",3,5.04311808808584,5.1531085144439,"v",3,5.04311808808584,5.1531085144439,
109,73,"iv",3,3.55895555044727,4.80225801079704,"iv",3,3.55895555044727,4.80225801079704,
109,74,"iv",4,4.3772734935695,4.84133801506281,"iv",4,4.3772734935695,4.84133801506281,
109,75,"iv",4,4.85733850913158,4.77185097699991,"I",4,4.90095623575655,4.77185097699991,0.0436177266249755
109,76,"v",3,5.04311808808584,5.1531085144439,"v",3,5.939087197617,5.16827958658289,
109,77,"iv",3,3.55895555044727,4.80225801079704,"iv",3,4.98334481160521,4.70555025191493,
109,78,"iv",4,4.3772734935695,4.84133801506281,"iv",3,4.65387915042627,5.14766685119599,
109,79,"iv",4,4.85733850913158,4.77185097699991,"iv",3,4.59109666345051,5.2168273047406,
109,80,"v",3,5.04311808808584,5.1531085144439,"v",3,5.04311808808584,5.1531085144439,
,,,,,,,,,,
110,74,"iv",4,4.3772734935695,4.84133801506281,"iv",4,4.3772734935695,4.84133801506281,
110,75,"iv",4,4.85733850913158,4.77185097699991,"iv",4,4.85733850913158,4.77185097699991,
110,76,"v",3,5.04311808808584,5.1531085144439,"v",3,5.04311808808584,5.1531085144439,
110,77,"iv",3,3.55895555044727,4.80225801079704,"iv",3,3.55895555044727,4.80225801079704,
110,78,"iv",4,4.3772734935695,4.84133801506281,"iv",4,4.3772734935695,4.84133801506281,
110,79,"iv",4,4.85733850913158,4.77185097699991,"I",4,4.90095623575655,4.77185097699991,0.0436177266249755
110,80,"v",3,5.04311808808584,5.1531085144439,"v",3,5.939087197617,5.16827958658289,
110,81,"iv",3,3.55895555044727,4.80225801079704,"iv",3,4.98334481160521,4.70555025191493,
110,82,"iv",4,4.3772734935695,4.84133801506281,"iv",3,4.65387915042627,5.14766685119599,
110,83,"i",4,2.02664151064481,4.77185097699991,"i",3,3.43447232833435,5.2168273047406,
110,84,"-vii",5,7.89708118985023,3.68924053253415,"-vii",4,7.48067247588827,4.26005765677633,
,,,,,,,,,,
111,94,"V",4,1.87341019879723,4.46368458716215,"V",4,1.87341019879723,4.46368458716215,
111,95,"iv",4,6.53783544328929,4.30565872493755,"iv",4,6.53783544328929,4.30565872493755,
111,96,"v",3,5.06852662632692,5.02113867993583,"v",3,5.06852662632692,5.02113867993583,
111,97,"iv",3,4.47195819432485,4.63403190002984,"iv",3,4.47195819432485,4.63403190002984,
111,98,"iv",3,4.14196147925016,5.2242700771375,"iv",3,4.14196147925016,5.2242700771375,
111,99,"iv",4,4.85733850913158,4.77185097699991,"I",4,4.90095623575655,4.77185097699991,0.0436177266249755
111,100,"v",3,5.04311808808584,5.1531085144439,"v",3,5.939087197617,5.16827958658289,
111,101,"iv",3,3.55895555044727,4.80225801079704,"iv",3,4.98334481160521,4.70555025191493,
111,102,"iv",4,4.3772734935695,4.84133801506281,"iv",3,4.65387915042627,5.14766685119599,
111,103,"iv",4,4.85733850913158,4.77185097699991,"iv",3,4.59109666345051,5.2168273047406,
111,104,"v",3,5.04311808808584,5.1531085144439,"v",3,5.04311808808584,5.1531085144439,
,,,,,,,,,,
112,98,"iv",3,4.14196147925016,5.2242700771375,"iv",3,4.14196147925016,5.2242700771375,
112,99,"iv",4,4.85733850913158,4.77185097699991,"iv",4,4.85733850913158,4.77185097699991,
112,100,"v",3,5.04311808808584,5.1531085144439,"v",3,5.04311808808584,5.1531085144439,
112,101,"iv",3,3.55895555044727,4.80225801079704,"iv",3,3.55895555044727,4.80225801079704,
112,102,"iv",4,4.3772734935695,4.84133801506281,"iv",4,4.3772734935695,4.84133801506281,
112,103,"iv",4,4.85733850913158,4.77185097699991,"I",4,4.90095623575655,4.77185097699991,0.0436177266249755
112,104,"v",3,5.04311808808584,5.1531085144439,"v",3,5.939087197617,5.16827958658289,
112,105,"iv",3,3.55895555044727,4.80225801079704,"iv",3,4.98334481160521,4.70555025191493,
112,106,"iv",4,4.3772734935695,4.84133801506281,"iv",3,4.65387915042627,5.14766685119599,
112,107,"iv",4,4.85733850913158,4.77185097699991,"iv",3,4.59109666345051,5.2168273047406,
112,108,"v",3,5.04311808808584,5.1531085144439,"v",3,5.04311808808584,5.1531085144439,
,,,,,,,,,,
113,102,"iv",4,4.3772734935695,4.84133801506281,"iv",4,4.3772734935695,4.84133801506281,
113,103,"iv",4,4.85733850913158,4.77185097699991,"iv",4,4.85733850913158,4.77185097699991,
113,104,"v",3,5.04311808808584,5.1531085144439,"v",3,5.04311808808584,5.1531085144439,
113,105,"iv",3,3.55895555044727,4.80225801079704,"iv",3,3.55895555044727,4.80225801079704,
113,106,"iv",4,4.3772734935695,4.84133801506281,"iv",4,4.3772734935695,4.84133801506281,
113,107,"iv",4,4.85733850913158,4.77185097699991,"I",4,4.90095623575655,4.77185097699991,0.0436177266249755
113,108,"v",3,5.04311808808584,5.1531085144439,"v",3,5.939087197617,5.16827958658289,
113,109,"iv",3,3.55895555044727,4.80225801079704,"iv",3,4.98334481160521,4.70555025191493,
113,110,"iv",4,4.3772734935695,4.84133801506281,"iv",3,4.65387915042627,5.14766685119599,
113,111,"i",4,2.02664151064481,4.77185097699991,"i",3,3.43447232833435,5.2168273047406,
113,112,"-vii",5,7.89708118985023,3.68924053253415,"-vii",4,7.48067247588827,4.26005765677633,
,,,,,,,,,,
114,122,"V",4,1.87341019879723,4.46368458716215,"V",4,1.87341019879723,4.46368458716215,
114,123,"iv",4,6.53783544328929,4.30565872493755,"iv",4,6.53783544328929,4.30565872493755,
114,124,"v",3,5.06852662632692,5.02113867993583,"v",3,5.06852662632692,5.02113867993583,
114,125,"iv",3,4.47195819432485,4.63403190002984,"iv",3,4.47195819432485,4.63403190002984,
114,126,"iv",3,4.14196147925016,5.2242700771375,"iv",3,4.14196147925016,5.2242700771375,
114,127,"iv",4,4.85733850913158,4.77185097699991,"I",4,4.90095623575655,4.77185097699991,0.0436177266249755
114,128,"v",3,5.04311808808584,5.1531085144439,"v",3,5.939087197617,5.16827958658289,
114,129,"iv",3,3.55895555044727,4.80225801079704,"iv",3,4.98334481160521,4.70555025191493,
114,130,"iv",4,4.3772734935695,4.84133801506281,"iv",3,4.65387915042627,5.14766685119599,
114,131,"iv",4,4.85733850913158,4.77185097699991,"iv",3,4.59109666345051,5.2168273047406,
114,132,"v",3,5.04311808808584,5.1531085144439,"v",3,5.04311808808584,5.1531085144439,
,,,,,,,,,,
115,126,"iv",3,4.14196147925016,5.2242700771375,"iv",3,4.14196147925016,5.2242700771375,
115,127,"iv",4,4.85733850913158,4.77185097699991,"iv",4,4.85733850913158,4.77185097699991,
115,128,"v",3,5.04311808808584,5.1531085144439,"v",3,5.04311808808584,5.1531085144439,
115,129,"iv",3,3.55895555044727,4.80225801079704,"iv",3,3.55895555044727,4.80225801079704,
115,130,"iv",4,4.3772734935695,4.84133801506281,"iv",4,4.3772734935695,4.84133801506281,
115,131,"iv",4,4.85733850913158,4.77185097699991,"I",4,4.90095623575655,4.77185097699991,0.0436177266249755
115,132,"v",3,5.04311808808584,5.1531085144439,"v",3,5.939087197617,5.16827958658289,
115,133,"iv",3,3.55895555044727,4.80225801079704,"iv",3,4.98334481160521,4.70555025191493,
115,134,"iv",4,4.3772734935695,4.84133801506281,"iv",3,4.65387915042627,5.14766685119599,
115,135,"iv",4,4.85733850913158,4.77185097699991,"iv",3,4.59109666345051,5.2168273047406,
115,136,"v",3,5.04311808808584,5.1531085144439,"v",3,5.04311808808584,5.1531085144439,
,,,,,,,,,,
116,130,"iv",4,4.3772734935695,4.84133801506281,"iv",4,4.3772734935695,4.84133801506281,
116,131,"iv",4,4.85733850913158,4.77185097699991,"iv",4,4.85733850913158,4.77185097699991,
116,132,"v",3,5.04311808808584,5.1531085144439,"v",3,5.04311808808584,5.1531085144439,
116,133,"iv",3,3.55895555044727,4.80225801079704,"iv",3,3.55895555044727,4.80225801079704,
116,134,"iv",4,4.3772734935695,4.84133801506281,"iv",4,4.3772734935695,4.84133801506281,
116,135,"iv",4,4.85733850913158,4.77185097699991,"I",4,4.90095623575655,4.77185097699991,0.0436177266249755
116,136,"v",3,5.04311808808584,5.1531085144439,"v",3,5.939087197617,5.16827958658289,
116,137,"iv",3,3.55895555044727,4.80225801079704,"iv",3,4.98334481160521,4.70555025191493,
116,138,"iv",4,4.3772734935695,4.84133801506281,"iv",3,4.65387915042627,5.14766685119599,
116,139,"i",4,2.02664151064481,4.77185097699991,"i",3,3.43447232833435,5.2168273047406,
116,140,"-vii",5,7.89708118985023,3.68924053253415,"-vii",4,7.48067247588827,4.26005765677633,
,,,,,,,,,,
117,43,"-III",3,0.386353103412487,1.98231807131359,"-III",3,0.386353103412487,1.98231807131359,
117,44,"-VI",10,3.23705862165092,3.1766216293389,"-VI",10,3.23705862165092,3.1766216293389,
117,45,"V",4,4.67687763580674,2.39758656635524,"V",4,4.67687763580674,2.39758656635524,
117,46,"V",4,1.87341019879723,4.46368458716215,"V",4,1.87341019879723,4.46368458716215,
117,47,"iv",4,6.53783544328929,4.30565872493755,"iv",4,6.53783544328929,4.30565872493755,
117,48,"v",3,5.06852662632692,5.02113867993583,"V",3,5.01689948313717,5.02113867993583,0.0516271431897461
117,49,"iv",3,4.47195819432485,4.63403190002984,"iv",3,5.67734926584288,4.96062228358031,
117,50,"iv",3,4.14196147925016,5.2242700771375,"iv",3,4.77112023772696,5.01729827190505,
117,51,"iv",4,4.85733850913158,4.77185097699991,"iv",3,3.55224724890056,5.18483227216494,
117,52,"v",3,5.04311808808584,5.1531085144439,"v",4,5.3373178430988,4.75774419397079,
117,53,"iv",3,3.55895555044727,4.80225801079704,"iv",3,3.55895555044727,4.80225801079704,
,,,,,,,,,,
118,63,"-III",3,0.386353103412487,1.98231807131359,"-III",3,0.386353103412487,1.98231807131359,
118,64,"-VI",8,2.845818240425,5.00235834196481,"-VI",8,2.845818240425,5.00235834196481,
118,65,"V",4,4.67687763580674,2.39758656635524,"V",4,4.67687763580674,2.39758656635524,
118,66,"V",4,1.87341019879723,4.46368458716215,"V",4,1.87341019879723,4.46368458716215,
118,67,"iv",4,6.53783544328929,4.30565872493755,"iv",4,6.53783544328929,4.30565872493755,
118,68,"v",3,5.06852662632692,5.02113867993583,"V",3,5.01689948313717,5.02113867993583,0.0516271431897461
118,69,"iv",3,4.47195819432485,4.63403190002984,"iv",3,5.67734926584288,4.96062228358031,
118,70,"iv",3,4.14196147925016,5.2242700771375,"iv",3,4.77112023772696,5.01729827190505,
118,71,"iv",4,4.85733850913158,4.77185097699991,"iv",3,3.55224724890056,5.18483227216494,
118,72,"v",3,5.04311808808584,5.1531085144439,"v",4,5.3373178430988,4.75774419397079,
118,73,"iv",3,3.55895555044727,4.80225801079704,"iv",3,3.55895555044727,4.80225801079704,
,,,,,,,,,,
119,91,"-III",3,0.386353103412487,1.98231807131359,"-III",3,0.386353103412487,1.98231807131359,
119,92,"-VI",8,2.845818240425,5.00235834196481,"-VI",8,2.845818240425,5.00235834196481,
119,93,"V",4,4.67687763580674,2.39758656635524,"V",4,4.67687763580674,2.39758656635524,
119,94,"V",4,1.87341019879723,4.46368458716215,"V",4,1.87341019879723,4.46368458716215,
119,95,"iv",4,6.53783544328929,4.30565872493755,"iv",4,6.53783544328929,4.30565872493755,
119,96,"v",3,5.06852662632692,5.02113867993583,"V",3,5.01689948313717,5.02113867993583,0.0516271431897461
119,97,"iv",3,4.47195819432485,4.63403190002984,"iv",3,5.67734926584288,4.96062228358031,
119,98,"iv",3,4.14196147925016,5.2242700771375,"iv",3,4.77112023772696,5.01729827190505,
119,99,"iv",4,4.85733850913158,4.77185097699991,"iv",3,3.55224724890056,5.18483227216494,
119,100,"v",3,5.04311808808584,5.1531085144439,"v",4,5.3373178430988,4.75774419397079,
119,101,"iv",3,3.55895555044727,4.80225801079704,"iv",3,3.55895555044727,4.80225801079704,
,,,,,,,,,,
120,119,"-III",3,0.386353103412487,1.98231807131359,"-III",3,0.386353103412487,1.98231807131359,
120,120,"-VI",8,2.845818240425,5.00235834196481,"-VI",8,2.845818240425,5.00235834196481,
120,121,"V",4,4.67687763580674,2.39758656635524,"V",4,4.67687763580674,2.39758656635524,
120,122,"V",4,1.87341019879723,4.46368458716215,"V",4,1.87341019879723,4.46368458716215,
120,123,"iv",4,6.53783544328929,4.30565872493755,"iv",4,6.53783544328929,4.30565872493755,
120,124,"v",3,5.06852662632692,5.02113867993583,"V",3,5.01689948313717,5.02113867993583,0.0516271431897461
120,125,"iv",3,4.47195819432485,4.63403190002984,"iv",3,5.67734926584288,4.96062228358031,
120,126,"iv",3,4.14196147925016,5.2242700771375,"iv",3,4.77112023772696,5.01729827190505,
120,127,"iv",4,4.85733850913158,4.77185097699991,"iv",3,3.55224724890056,5.18483227216494,
120,128,"v",3,5.04311808808584,5.1531085144439,"v",4,5.3373178430988,4.75774419397079,
120,129,"iv",3,3.55895555044727,4.80225801079704,"iv",3,3.55895555044727,4.80225801079704,
,,,,,,,,,,
121,159,"-III",2,4.82186421338466,5.06679945716411,"-III",2,4.82186421338466,5.06679945716411,
121,160,"-VI",2,3.99237148859034,5.3358630766101,"-VI",2,3.99237148859034,5.3358630766101,
121,161,"V",3,3.05699497976885,5.12661624566274,"V",3,3.05699497976885,5.12661624566274,
121,162,"V",4,1.87341019879723,4.46368458716215,"V",4,1.87341019879723,4.46368458716215,
121,163,"iv",4,6.53783544328929,4.30565872493755,"iv",4,6.53783544328929,4.30565872493755,
121,164,"v",3,5.06852662632692,5.02113867993583,"V",3,5.01689948313717,5.02113867993583,0.0516271431897461
121,165,"iv",3,4.47195819432485,4.63403190002984,"iv",3,5.67734926584288,4.96062228358031,
121,166,"r",3,3.08056142137262,5.2242700771375,"r",3,3.17085560060233,5.01729827190505,
121,167,"r",3,2.17545014295623,3.54330965554773,"r",2,1.78248600229412,3.78033885739548,
,,,,,,,,,,
122,12,"-vii",10,8.5819854926557,2.78079232422396,"-vii",10,8.5819854926557,2.78079232422396,
122,13,"-III",2,4.82186421338466,5.06679945716411,"-III",2,4.82186421338466,5.06679945716411,
122,14,"-VI",2,3.99237148859034,5.3358630766101,"-VI",2,3.99237148859034,5.3358630766101,
122,15,"-vii",3,3.42244598849515,5.12661624566274,"-vii",3,3.42244598849515,5.12661624566274,
122,16,"-III",3,0.386353103412487,1.98231807131359,"-III",3,0.386353103412487,1.98231807131359,
122,17,"i",5,5.7097964241155,5.00235834196481,"V",5,5.65655440283852,5.00235834196481,0.0532420212769793
122,18,"-vii",2,6.49716268562771,5.33886430994241,"-vii",2,6.79256854376523,5.10431570967515,
122,19,"-III",2,4.82186421338466,5.06679945716411,"-III",1,4.5324110639944,5.38597655398638,
122,20,"-VI",2,3.99237148859034,5.3358630766101,"-VI",2,3.99237148859034,5.3358630766101,
122,21,"-vii",3,3.42244598849515,5.12661624566274,"-vii",3,3.42244598849515,5.12661624566274,
122,22,"-III",3,0.386353103412487,1.98231807131359,"-III",3,0.386353103412487,1.98231807131359,
,,,,,,,,,,
123,18,"-vii",2,6.49716268562771,5.33886430994241,"-vii",2,6.49716268562771,5.33886430994241,
123,19,"-III",2,4.82186421338466,5.06679945716411,"-III",2,4.82186421338466,5.06679945716411,
123,20,"-VI",2,3.99237148859034,5.3358630766101,"-VI",2,3.99237148859034,5.3358630766101,
123,21,"-vii",3,3.42244598849515,5.12661624566274,"-vii",3,3.42244598849515,5.12661624566274,
123,22,"-III",3,0.386353103412487,1.98231807131359,"-III",3,0.386353103412487,1.98231807131359,
123,23,"i",5,5.7097964241155,5.00235834196481,"V",5,5.65655440283852,5.00235834196481,0.0532420212769793
123,24,"-vii",2,6.49716268562771,5.33886430994241,"-vii",2,6.79256854376523,5.10431570967515,
123,25,"-III",2,4.82186421338466,5.06679945716411,"-III",1,4.5324110639944,5.38597655398638,
123,26,"-VI",2,3.99237148859034,5.3358630766101,"-VI",2,3.99237148859034,5.3358630766101,
123,27,"-vii",3,3.42244598849515,5.12661624566274,"-vii",3,3.42244598849515,5.12661624566274,
123,28,"-III",3,0.386353103412487,1.98231807131359,"-III",3,0.386353103412487,1.98231807131359,
,,,,,,,,,,
124,24,"-vii",2,6.49716268562771,5.33886430994241,"-vii",2,6.49716268562771,5.33886430994241,
124,25,"-III",2,4.82186421338466,5.06679945716411,"-III",2,4.82186421338466,5.06679945716411,
124,26,"-VI",2,3.99237148859034,5.3358630766101,"-VI",2,3.99237148859034,5.3358630766101,
124,27,"-vii",3,3.42244598849515,5.12661624566274,"-vii",3,3.42244598849515,5.12661624566274,
124,28,"-III",3,0.386353103412487,1.98231807131359,"-III",3,0.386353103412487,1.98231807131359,
124,29,"i",5,5.7097964241155,5.00235834196481,"V",5,5.65655440283852,5.00235834196481,0.0532420212769793
124,30,"-vii",2,6.49716268562771,5.33886430994241,"-vii",2,6.79256854376523,5.10431570967515,
124,31,"-III",2,4.82186421338466,5.06679945716411,"-III",1,4.5324110639944,5.38597655398638,
124,32,"-VI",2,3.99237148859034,5.3358630766101,"-VI",2,3.99237148859034,5.3358630766101,
124,33,"-vii",3,3.42244598849515,5.12661624566274,"-vii",3,3.42244598849515,5.12661624566274,
124,34,"-III",3,0.386353103412487,1.98231807131359,"-III",3,0.386353103412487,1.98231807131359,
,,,,,,,,,,
125,140,"-vii",5,7.89708118985023,3.68924053253415,"-vii",5,7.89708118985023,3.68924053253415,
125,141,"-III",2,4.82186421338466,5.06679945716411,"-III",2,4.82186421338466,5.06679945716411,
125,142,"-VI",2,3.99237148859034,5.3358630766101,"-VI",2,3.99237148859034,5.3358630766101,
125,143,"-vii",3,3.42244598849515,5.12661624566274,"-vii",3,3.42244598849515,5.12661624566274,
125,144,"-III",3,0.386353103412487,1.98231807131359,"-III",3,0.386353103412487,1.98231807131359,
125,145,"i",5,5.7097964241155,5.00235834196481,"V",5,5.65655440283852,5.00235834196481,0.0532420212769793
125,146,"-vii",2,6.49716268562771,5.33886430994241,"-vii",2,6.79256854376523,5.10431570967515,
125,147,"-III",2,4.82186421338466,5.06679945716411,"-III",1,4.5324110639944,5.38597655398638,
125,148,"-VI",2,3.99237148859034,5.3358630766101,"-VI",2,3.99237148859034,5.3358630766101,
125,149,"-vii",3,3.42244598849515,5.12661624566274,"-vii",3,3.42244598849515,5.12661624566274,
125,150,"-III",3,0.386353103412487,1.98231807131359,"-III",3,0.386353103412487,1.98231807131359,
,,,,,,,,,,
126,146,"-vii",2,6.49716268562771,5.33886430994241,"-vii",2,6.49716268562771,5.33886430994241,
126,147,"-III",2,4.82186421338466,5.06679945716411,"-III",2,4.82186421338466,5.06679945716411,
126,148,"-VI",2,3.99237148859034,5.3358630766101,"-VI",2,3.99237148859034,5.3358630766101,
126,149,"-vii",3,3.42244598849515,5.12661624566274,"-vii",3,3.42244598849515,5.12661624566274,
126,150,"-III",3,0.386353103412487,1.98231807131359,"-III",3,0.386353103412487,1.98231807131359,
126,151,"i",5,5.7097964241155,5.00235834196481,"V",5,5.65655440283852,5.00235834196481,0.0532420212769793
126,152,"-vii",2,6.49716268562771,5.33886430994241,"-vii",2,6.79256854376523,5.10431570967515,
126,153,"-III",2,4.82186421338466,5.06679945716411,"-III",1,4.5324110639944,5.38597655398638,
126,154,"-VI",2,3.99237148859034,5.3358630766101,"-VI",2,3.99237148859034,5.3358630766101,
126,155,"-vii",3,3.42244598849515,5.12661624566274,"-vii",3,3.42244598849515,5.12661624566274,
126,156,"-III",3,0.386353103412487,1.98231807131359,"-III",3,0.386353103412487,1.98231807131359,
,,,,,,,,,,
127,152,"-vii",2,6.49716268562771,5.33886430994241,"-vii",2,6.49716268562771,5.33886430994241,
127,153,"-III",2,4.82186421338466,5.06679945716411,"-III",2,4.82186421338466,5.06679945716411,
127,154,"-VI",2,3.99237148859034,5.3358630766101,"-VI",2,3.99237148859034,5.3358630766101,
127,155,"-vii",3,3.42244598849515,5.12661624566274,"-vii",3,3.42244598849515,5.12661624566274,
127,156,"-III",3,0.386353103412487,1.98231807131359,"-III",3,0.386353103412487,1.98231807131359,
127,157,"i",5,5.7097964241155,5.00235834196481,"V",5,5.65655440283852,5.00235834196481,0.0532420212769793
127,158,"-vii",2,6.49716268562771,5.33886430994241,"-vii",2,6.79256854376523,5.10431570967515,
127,159,"-III",2,4.82186421338466,5.06679945716411,"-III",1,4.5324110639944,5.38597655398638,
127,160,"-VI",2,3.99237148859034,5.3358630766101,"-VI",2,3.99237148859034,5.3358630766101,
127,161,"V",3,3.05699497976885,5.12661624566274,"V",3,3.05699497976885,5.12661624566274,
127,162,"V",4,1.87341019879723,4.46368458716215,"V",4,1.87341019879723,4.46368458716215,
,,,,,,,,,,
128,45,"V",4,4.67687763580674,2.39758656635524,"V",4,4.67687763580674,2.39758656635524,
128,46,"V",4,1.87341019879723,4.46368458716215,"V",4,1.87341019879723,4.46368458716215,
128,47,"iv",4,6.53783544328929,4.30565872493755,"iv",4,6.53783544328929,4.30565872493755,
128,48,"v",3,5.06852662632692,5.02113867993583,"v",3,5.06852662632692,5.02113867993583,
128,49,"iv",3,4.47195819432485,4.63403190002984,"iv",3,4.47195819432485,4.63403190002984,
128,50,"iv",3,4.14196147925016,5.2242700771375,"i",3,4.19897593645036,5.2242700771375,0.0570144572001912
128,51,"iv",4,4.85733850913158,4.77185097699991,"iv",4,4.56160206927495,4.51581965745152,
128,52,"v",3,5.04311808808584,5.1531085144439,"v",3,3.74018909871356,5.19503167161001,
128,53,"iv",3,3.55895555044727,4.80225801079704,"iv",4,3.39486654054384,4.59958772452813,
128,54,"iv",4,4.3772734935695,4.84133801506281,"iv",5,1.69122846049499,4.36375869746371,
128,55,"i",4,2.02664151064481,4.77185097699991,"i",4,0.864445623200541,3.36320270203232,
,,,,,,,,,,
129,49,"iv",3,4.47195819432485,4.63403190002984,"iv",3,4.47195819432485,4.63403190002984,
129,50,"iv",3,4.14196147925016,5.2242700771375,"iv",3,4.14196147925016,5.2242700771375,
129,51,"iv",4,4.85733850913158,4.77185097699991,"iv",4,4.85733850913158,4.77185097699991,
129,52,"v",3,5.04311808808584,5.1531085144439,"v",3,5.04311808808584,5.1531085144439,
129,53,"iv",3,3.55895555044727,4.80225801079704,"iv",3,3.55895555044727,4.80225801079704,
129,54,"iv",4,4.3772734935695,4.84133801506281,"i",4,4.43428795076969,4.84133801506281,0.0570144572001912
129,55,"i",4,2.02664151064481,4.77185097699991,"i",4,3.66851341000767,4.51581965745152,
129,56,"-vii",5,7.89708118985023,3.68924053253415,"-vii",4,7.2061924833269,4.60346412012288,
129,57,"-III",2,4.82186421338466,5.06679945716411,"-III",2,4.82186421338466,5.06679945716411,
129,58,"-VI",2,3.99237148859034,5.3358630766101,"-VI",2,3.99237148859034,5.3358630766101,
129,59,"-vii",3,3.42244598849515,5.12661624566274,"-vii",3,3.42244598849515,5.12661624566274,
,,,,,,,,,,
130,65,"V",4,4.67687763580674,2.39758656635524,"V",4,4.67687763580674,2.39758656635524,
130,66,"V",4,1.87341019879723,4.46368458716215,"V",4,1.87341019879723,4.46368458716215,
130,67,"iv",4,6.53783544328929,4.30565872493755,"iv",4,6.53783544328929,4.30565872493755,
130,68,"v",3,5.06852662632692,5.02113867993583,"v",3,5.06852662632692,5.02113867993583,
130,69,"iv",3,4.47195819432485,4.63403190002984,"iv",3,4.47195819432485,4.63403190002984,
130,70,"iv",3,4.14196147925016,5.2242700771375,"i",3,4.19897593645036,5.2242700771375,0.0570144572001912
130,71,"iv",4,4.85733850913158,4.77185097699991,"iv",4,4.56160206927495,4.51581965745152,
130,72,"v",3,5.04311808808584,5.1531085144439,"v",3,3.74018909871356,5.19503167161001,
130,73,"iv",3,3.55895555044727,4.80225801079704,"iv",4,3.39486654054384,4.59958772452813,
130,74,"iv",4,4.3772734935695,4.84133801506281,"iv",5,1.69122846049499,4.36375869746371,
130,75,"iv",4,4.85733850913158,4.77185097699991,"iv",4,5.60069766932632,3.36320270203232,
,,,,,,,,,,
131,69,"iv",3,4.47195819432485,4.63403190002984,"iv",3,4.47195819432485,4.63403190002984,
131,70,"iv",3,4.14196147925016,5.2242700771375,"iv",3,4.14196147925016,5.2242700771375,
131,71,"iv",4,4.85733850913158,4.77185097699991,"iv",4,4.85733850913158,4.77185097699991,
131,72,"v",3,5.04311808808584,5.1531085144439,"v",3,5.04311808808584,5.1531085144439,
131,73,"iv",3,3.55895555044727,4.80225801079704,"iv",3,3.55895555044727,4.80225801079704,
131,74,"iv",4,4.3772734935695,4.84133801506281,"i",4,4.43428795076969,4.84133801506281,0.0570144572001912
131,75,"iv",4,4.85733850913158,4.77185097699991,"iv",4,4.56160206927495,4.51581965745152,
131,76,"v",3,5.04311808808584,5.1531085144439,"v",3,3.74018909871356,5.19503167161001,
131,77,"iv",3,3.55895555044727,4.80225801079704,"iv",4,3.39486654054384,4.59958772452813,
131,78,"iv",4,4.3772734935695,4.84133801506281,"iv",5,1.69122846049499,4.36375869746371,
131,79,"iv",4,4.85733850913158,4.77185097699991,"iv",4,5.60069766932632,3.36320270203232,
,,,,,,,,,,
132,73,"iv",3,3.55895555044727,4.80225801079704,"iv",3,3.55895555044727,4.80225801079704,
132,74,"iv",4,4.3772734935695,4.84133801506281,"iv",4,4.3772734935695,4.84133801506281,
132,75,"iv",4,4.85733850913158,4.77185097699991,"iv",4,4.85733850913158,4.77185097699991,
132,76,"v",3,5.04311808808584,5.1531085144439,"v",3,5.04311808808584,5.1531085144439,
132,77,"iv",3,3.55895555044727,4.80225801079704,"iv",3,3.55895555044727,4.80225801079704,
132,78,"iv",4,4.3772734935695,4.84133801506281,"i",4,4.43428795076969,4.84133801506281,0.0570144572001912
132,79,"iv",4,4.85733850913158,4.77185097699991,"iv",4,4.56160206927495,4.51581965745152,
132,80,"v",3,5.04311808808584,5.1531085144439,"v",3,3.74018909871356,5.19503167161001,
132,81,"iv",3,3.55895555044727,4.80225801079704,"iv",4,3.39486654054384,4.59958772452813,
132,82,"iv",4,4.3772734935695,4.84133801506281,"iv",5,1.69122846049499,4.36375869746371,
132,83,"i",4,2.02664151064481,4.77185097699991,"i",4,0.864445623200541,3.36320270203232,
,,,,,,,,,,
133,77,"iv",3,3.55895555044727,4.80225801079704,"iv",3,3.55895555044727,4.80225801079704,
133,78,"iv",4,4.3772734935695,4.84133801506281,"iv",4,4.3772734935695,4.84133801506281,
133,79,"iv",4,4.85733850913158,4.77185097699991,"iv",4,4.85733850913158,4.77185097699991,
133,80,"v",3,5.04311808808584,5.1531085144439,"v",3,5.04311808808584,5.1531085144439,
133,81,"iv",3,3.55895555044727,4.80225801079704,"iv",3,3.55895555044727,4.80225801079704,
133,82,"iv",4,4.3772734935695,4.84133801506281,"i",4,4.43428795076969,4.84133801506281,0.0570144572001912
133,83,"i",4,2.02664151064481,4.77185097699991,"i",4,3.66851341000767,4.51581965745152,
133,84,"-vii",5,7.89708118985023,3.68924053253415,"-vii",4,7.2061924833269,4.60346412012288,
133,85,"-III",2,4.82186421338466,5.06679945716411,"-III",2,4.82186421338466,5.06679945716411,
133,86,"-VI",2,3.99237148859034,5.3358630766101,"-VI",2,3.99237148859034,5.3358630766101,
133,87,"-vii",3,3.42244598849515,5.12661624566274,"-vii",3,3.42244598849515,5.12661624566274,
,,,,,,,,,,
134,93,"V",4,4.67687763580674,2.39758656635524,"V",4,4.67687763580674,2.39758656635524,
134,94,"V",4,1.87341019879723,4.46368458716215,"V",4,1.87341019879723,4.46368458716215,
134,95,"iv",4,6.53783544328929,4.30565872493755,"iv",4,6.53783544328929,4.30565872493755,
134,96,"v",3,5.06852662632692,5.02113867993583,"v",3,5.06852662632692,5.02113867993583,
134,97,"iv",3,4.47195819432485,4.63403190002984,"iv",3,4.47195819432485,4.63403190002984,
134,98,"iv",3,4.14196147925016,5.2242700771375,"i",3,4.19897593645036,5.2242700771375,0.0570144572001912
134,99,"iv",4,4.85733850913158,4.77185097699991,"iv",4,4.56160206927495,4.51581965745152,
134,100,"v",3,5.04311808808584,5.1531085144439,"v",3,3.74018909871356,5.19503167161001,
134,101,"iv",3,3.55895555044727,4.80225801079704,"iv",4,3.39486654054384,4.59958772452813,
134,102,"iv",4,4.3772734935695,4.84133801506281,"iv",5,1.69122846049499,4.36375869746371,
134,103,"iv",4,4.85733850913158,4.77185097699991,"iv",4,5.60069766932632,3.36320270203232,
,,,,,,,,,,
135,97,"iv",3,4.47195819432485,4.63403190002984,"iv",3,4.47195819432485,4.63403190002984,
135,98,"iv",3,4.14196147925016,5.2242700771375,"iv",3,4.14196147925016,5.2242700771375,
135,99,"iv",4,4.85733850913158,4.77185097699991,"iv",4,4.85733850913158,4.77185097699991,
135,100,"v",3,5.04311808808584,5.1531085144439,"v",3,5.04311808808584,5.1531085144439,
135,101,"iv",3,3.55895555044727,4.80225801079704,"iv",3,3.55895555044727,4.80225801079704,
135,102,"iv",4,4.3772734935695,4.84133801506281,"i",4,4.43428795076969,4.84133801506281,0.0570144572001912
135,103,"iv",4,4.85733850913158,4.77185097699991,"iv",4,4.56160206927495,4.51581965745152,
135,104,"v",3,5.04311808808584,5.1531085144439,"v",3,3.74018909871356,5.19503167161001,
135,105,"iv",3,3.55895555044727,4.80225801079704,"iv",4,3.39486654054384,4.59958772452813,
135,106,"iv",4,4.3772734935695,4.84133801506281,"iv",5,1.69122846049499,4.36375869746371,
135,107,"iv",4,4.85733850913158,4.77185097699991,"iv",4,5.60069766932632,3.36320270203232,
,,,,,,,,,,
136,101,"iv",3,3.55895555044727,4.80225801079704,"iv",3,3.55895555044727,4.80225801079704,
136,102,"iv",4,4.3772734935695,4.84133801506281,"iv",4,4.3772734935695,4.84133801506281,
136,103,"iv",4,4.85733850913158,4.77185097699991,"iv",4,4.85733850913158,4.77185097699991,
136,104,"v",3,5.04311808808584,5.1531085144439,"v",3,5.04311808808584,5.1531085144439,
136,105,"iv",3,3.55895555044727,4.80225801079704,"iv",3,3.55895555044727,4.80225801079704,
136,106,"iv",4,4.3772734935695,4.84133801506281,"i",4,4.43428795076969,4.84133801506281,0.0570144572001912
136,107,"iv",4,4.85733850913158,4.77185097699991,"iv",4,4.56160206927495,4.51581965745152,
136,108,"v",3,5.04311808808584,5.1531085144439,"v",3,3.74018909871356,5.19503167161001,
136,109,"iv",3,3.55895555044727,4.80225801079704,"iv",4,3.39486654054384,4.59958772452813,
136,110,"iv",4,4.3772734935695,4.84133801506281,"iv",5,1.69122846049499,4.36375869746371,
136,111,"i",4,2.02664151064481,4.77185097699991,"i",4,0.864445623200541,3.36320270203232,
,,,,,,,,,,
137,105,"iv",3,3.55895555044727,4.80225801079704,"iv",3,3.55895555044727,4.80225801079704,
137,106,"iv",4,4.3772734935695,4.84133801506281,"iv",4,4.3772734935695,4.84133801506281,
137,107,"iv",4,4.85733850913158,4.77185097699991,"iv",4,4.85733850913158,4.77185097699991,
137,108,"v",3,5.04311808808584,5.1531085144439,"v",3,5.04311808808584,5.1531085144439,
137,109,"iv",3,3.55895555044727,4.80225801079704,"iv",3,3.55895555044727,4.80225801079704,
137,110,"iv",4,4.3772734935695,4.84133801506281,"i",4,4.43428795076969,4.84133801506281,0.0570144572001912
137,111,"i",4,2.02664151064481,4.77185097699991,"i",4,3.66851341000767,4.51581965745152,
137,112,"-vii",5,7.89708118985023,3.68924053253415,"-vii",4,7.2061924833269,4.60346412012288,
137,113,"-III",2,4.82186421338466,5.06679945716411,"-III",2,4.82186421338466,5.06679945716411,
137,114,"-VI",2,3.99237148859034,5.3358630766101,"-VI",2,3.99237148859034,5.3358630766101,
137,115,"-vii",3,3.42244598849515,5.12661624566274,"-vii",3,3.42244598849515,5.12661624566274,
,,,,,,,,,,
138,121,"V",4,4.67687763580674,2.39758656635524,"V",4,4.67687763580674,2.39758656635524,
138,122,"V",4,1.87341019879723,4.46368458716215,"V",4,1.87341019879723,4.46368458716215,
138,123,"iv",4,6.53783544328929,4.30565872493755,"iv",4,6.53783544328929,4.30565872493755,
138,124,"v",3,5.06852662632692,5.02113867993583,"v",3,5.06852662632692,5.02113867993583,
138,125,"iv",3,4.47195819432485,4.63403190002984,"iv",3,4.47195819432485,4.63403190002984,
138,126,"iv",3,4.14196147925016,5.2242700771375,"i",3,4.19897593645036,5.2242700771375,0.0570144572001912
138,127,"iv",4,4.85733850913158,4.77185097699991,"iv",4,4.56160206927495,4.51581965745152,
138,128,"v",3,5.04311808808584,5.1531085144439,"v",3,3.74018909871356,5.19503167161001,
138,129,"iv",3,3.55895555044727,4.80225801079704,"iv",4,3.39486654054384,4.59958772452813,
138,130,"iv",4,4.3772734935695,4.84133801506281,"iv",5,1.69122846049499,4.36375869746371,
138,131,"iv",4,4.85733850913158,4.77185097699991,"iv",4,5.60069766932632,3.36320270203232,
,,,,,,,,,,
139,125,"iv",3,4.47195819432485,4.63403190002984,"iv",3,4.47195819432485,4.63403190002984,
139,126,"iv",3,4.14196147925016,5.2242700771375,"iv",3,4.14196147925016,5.2242700771375,
139,127,"iv",4,4.85733850913158,4.77185097699991,"iv",4,4.85733850913158,4.77185097699991,
139,128,"v",3,5.04311808808584,5.1531085144439,"v",3,5.04311808808584,5.1531085144439,
139,129,"iv",3,3.55895555044727,4.80225801079704,"iv",3,3.55895555044727,4.80225801079704,
139,130,"iv",4,4.3772734935695,4.84133801506281,"i",4,4.43428795076969,4.84133801506281,0.0570144572001912
139,131,"iv",4,4.85733850913158,4.77185097699991,"iv",4,4.56160206927495,4.51581965745152,
139,132,"v",3,5.04311808808584,5.1531085144439,"v",3,3.74018909871356,5.19503167161001,
139,133,"iv",3,3.55895555044727,4.80225801079704,"iv",4,3.39486654054384,4.59958772452813,
139,134,"iv",4,4.3772734935695,4.84133801506281,"iv",5,1.69122846049499,4.36375869746371,
139,135,"iv",4,4.85733850913158,4.77185097699991,"iv",4,5.60069766932632,3.36320270203232,
,,,,,,,,,,
140,129,"iv",3,3.55895555044727,4.80225801079704,"iv",3,3.55895555044727,4.80225801079704,
140,130,"iv",4,4.3772734935695,4.84133801506281,"iv",4,4.3772734935695,4.84133801506281,
140,131,"iv",4,4.85733850913158,4.77185097699991,"iv",4,4.85733850913158,4.77185097699991,
140,132,"v",3,5.04311808808584,5.1531085144439,"v",3,5.04311808808584,5.1531085144439,
140,133,"iv",3,3.55895555044727,4.80225801079704,"iv",3,3.55895555044727,4.80225801079704,
140,134,"iv",4,4.3772734935695,4.84133801506281,"i",4,4.43428795076969,4.84133801506281,0.0570144572001912
140,135,"iv",4,4.85733850913158,4.77185097699991,"iv",4,4.56160206927495,4.51581965745152,
140,136,"v",3,5.04311808808584,5.1531085144439,"v",3,3.74018909871356,5.19503167161001,
140,137,"iv",3,3.55895555044727,4.80225801079704,"iv",4,3.39486654054384,4.59958772452813,
140,138,"iv",4,4.3772734935695,4.84133801506281,"iv",5,1.69122846049499,4.36375869746371,
140,139,"i",4,2.02664151064481,4.77185097699991,"i",4,0.864445623200541,3.36320270203232,
,,,,,,,,,,
141,133,"iv",3,3.55895555044727,4.80225801079704,"iv",3,3.55895555044727,4.80225801079704,
141,134,"iv",4,4.3772734935695,4.84133801506281,"iv",4,4.3772734935695,4.84133801506281,
141,135,"iv",4,4.85733850913158,4.77185097699991,"iv",4,4.85733850913158,4.77185097699991,
141,136,"v",3,5.04311808808584,5.1531085144439,"v",3,5.04311808808584,5.1531085144439,
141,137,"iv",3,3.55895555044727,4.80225801079704,"iv",3,3.55895555044727,4.80225801079704,
141,138,"iv",4,4.3772734935695,4.84133801506281,"i",4,4.43428795076969,4.84133801506281,0.0570144572001912
141,139,"i",4,2.02664151064481,4.77185097699991,"i",4,3.66851341000767,4.51581965745152,
141,140,"-vii",5,7.89708118985023,3.68924053253415,"-vii",4,7.2061924833269,4.60346412012288,
141,141,"-III",2,4.82186421338466,5.06679945716411,"-III",2,4.82186421338466,5.06679945716411,
141,142,"-VI",2,3.99237148859034,5.3358630766101,"-VI",2,3.99237148859034,5.3358630766101,
141,143,"-vii",3,3.42244598849515,5.12661624566274,"-vii",3,3.42244598849515,5.12661624566274,
,,,,,,,,,,
142,47,"iv",4,6.53783544328929,4.30565872493755,"iv",4,6.53783544328929,4.30565872493755,
142,48,"v",3,5.06852662632692,5.02113867993583,"v",3,5.06852662632692,5.02113867993583,
142,49,"iv",3,4.47195819432485,4.63403190002984,"iv",3,4.47195819432485,4.63403190002984,
142,50,"iv",3,4.14196147925016,5.2242700771375,"iv",3,4.14196147925016,5.2242700771375,
142,51,"iv",4,4.85733850913158,4.77185097699991,"iv",4,4.85733850913158,4.77185097699991,
142,52,"v",3,5.04311808808584,5.1531085144439,"-VI",3,5.11950748521089,5.1531085144439,0.0763893971250447
142,53,"iv",3,3.55895555044727,4.80225801079704,"iv",3,5.25672617827127,4.92144155194194,
142,54,"iv",4,4.3772734935695,4.84133801506281,"iv",3,5.04525788263996,5.2142818869045,
142,55,"i",4,2.02664151064481,4.77185097699991,"i",3,3.91019471699291,5.22519667923164,
142,56,"-vii",5,7.89708118985023,3.68924053253415,"-vii",4,7.39178845149355,4.28095056672178,
142,57,"-III",2,4.82186421338466,5.06679945716411,"-III",2,4.82186421338466,5.06679945716411,
,,,,,,,,,,
143,67,"iv",4,6.53783544328929,4.30565872493755,"iv",4,6.53783544328929,4.30565872493755,
143,68,"v",3,5.06852662632692,5.02113867993583,"v",3,5.06852662632692,5.02113867993583,
143,69,"iv",3,4.47195819432485,4.63403190002984,"iv",3,4.47195819432485,4.63403190002984,
143,70,"iv",3,4.14196147925016,5.2242700771375,"iv",3,4.14196147925016,5.2242700771375,
143,71,"iv",4,4.85733850913158,4.77185097699991,"iv",4,4.85733850913158,4.77185097699991,
143,72,"v",3,5.04311808808584,5.1531085144439,"-VI",3,5.11950748521089,5.1531085144439,0.0763893971250447
143,73,"iv",3,3.55895555044727,4.80225801079704,"iv",3,5.25672617827127,4.92144155194194,
143,74,"iv",4,4.3772734935695,4.84133801506281,"iv",3,5.04525788263996,5.2142818869045,
143,75,"iv",4,4.85733850913158,4.77185097699991,"iv",3,3.81673438079699,5.22519667923164,
143,76,"v",3,5.04311808808584,5.1531085144439,"v",4,5.25518090343996,4.78708479445171,
143,77,"iv",3,3.55895555044727,4.80225801079704,"iv",3,3.55895555044727,4.80225801079704,
,,,,,,,,,,
144,71,"iv",4,4.85733850913158,4.77185097699991,"iv",4,4.85733850913158,4.77185097699991,
144,72,"v",3,5.04311808808584,5.1531085144439,"v",3,5.04311808808584,5.1531085144439,
144,73,"iv",3,3.55895555044727,4.80225801079704,"iv",3,3.55895555044727,4.80225801079704,
144,74,"iv",4,4.3772734935695,4.84133801506281,"iv",4,4.3772734935695,4.84133801506281,
144,75,"iv",4,4.85733850913158,4.77185097699991,"iv",4,4.85733850913158,4.77185097699991,
144,76,"v",3,5.04311808808584,5.1531085144439,"-VI",3,5.11950748521089,5.1531085144439,0.0763893971250447
144,77,"iv",3,3.55895555044727,4.80225801079704,"iv",3,5.25672617827127,4.92144155194194,
144,78,"iv",4,4.3772734935695,4.84133801506281,"iv",3,5.04525788263996,5.2142818869045,
144,79,"iv",4,4.85733850913158,4.77185097699991,"iv",3,3.81673438079699,5.22519667923164,
144,80,"v",3,5.04311808808584,5.1531085144439,"v",4,5.25518090343996,4.78708479445171,
144,81,"iv",3,3.55895555044727,4.80225801079704,"iv",3,3.55895555044727,4.80225801079704,
,,,,,,,,,,
145,75,"iv",4,4.85733850913158,4.77185097699991,"iv",4,4.85733850913158,4.77185097699991,
145,76,"v",3,5.04311808808584,5.1531085144439,"v",3,5.04311808808584,5.1531085144439,
145,77,"iv",3,3.55895555044727,4.80225801079704,"iv",3,3.55895555044727,4.80225801079704,
145,78,"iv",4,4.3772734935695,4.84133801506281,"iv",4,4.3772734935695,4.84133801506281,
145,79,"iv",4,4.85733850913158,4.77185097699991,"iv",4,4.85733850913158,4.77185097699991,
145,80,"v",3,5.04311808808584,5.1531085144439,"-VI",3,5.11950748521089,5.1531085144439,0.0763893971250447
145,81,"iv",3,3.55895555044727,4.80225801079704,"iv",3,5.25672617827127,4.92144155194194,
145,82,"iv",4,4.3772734935695,4.84133801506281,"iv",3,5.04525788263996,5.2142818869045,
145,83,"i",4,2.02664151064481,4.77185097699991,"i",3,3.91019471699291,5.22519667923164,
145,84,"-vii",5,7.89708118985023,3.68924053253415,"-vii",4,7.39178845149355,4.28095056672178,
145,85,"-III",2,4.82186421338466,5.06679945716411,"-III",2,4.82186421338466,5.06679945716411,
,,,,,,,,,,
146,95,"iv",4,6.53783544328929,4.30565872493755,"iv",4,6.53783544328929,4.30565872493755,
146,96,"v",3,5.06852662632692,5.02113867993583,"v",3,5.06852662632692,5.02113867993583,
146,97,"iv",3,4.47195819432485,4.63403190002984,"iv",3,4.47195819432485,4.63403190002984,
146,98,"iv",3,4.14196147925016,5.2242700771375,"iv",3,4.14196147925016,5.2242700771375,
146,99,"iv",4,4.85733850913158,4.77185097699991,"iv",4,4.85733850913158,4.77185097699991,
146,100,"v",3,5.04311808808584,5.1531085144439,"-VI",3,5.11950748521089,5.1531085144439,0.0763893971250447
146,101,"iv",3,3.55895555044727,4.80225801079704,"iv",3,5.25672617827127,4.92144155194194,
146,102,"iv",4,4.3772734935695,4.84133801506281,"iv",3,5.04525788263996,5.2142818869045,
146,103,"iv",4,4.85733850913158,4.77185097699991,"iv",3,3.81673438079699,5.22519667923164,
146,104,"v",3,5.04311808808584,5.1531085144439,"v",4,5.25518090343996,4.78708479445171,
146,105,"iv",3,3.55895555044727,4.80225801079704,"iv",3,3.55895555044727,4.80225801079704,
,,,,,,,,,,
147,99,"iv",4,4.85733850913158,4.77185097699991,"iv",4,4.85733850913158,4.77185097699991,
147,100,"v",3,5.04311808808584,5.1531085144439,"v",3,5.04311808808584,5.1531085144439,
147,101,"iv",3,3.55895555044727,4.80225801079704,"iv",3,3.55895555044727,4.80225801079704,
147,102,"iv",4,4.3772734935695,4.84133801506281,"iv",4,4.3772734935695,4.84133801506281,
147,103,"iv",4,4.85733850913158,4.77185097699991,"iv",4,4.85733850913158,4.77185097699991,
147,104,"v",3,5.04311808808584,5.1531085144439,"-VI",3,5.11950748521089,5.1531085144439,0.0763893971250447
147,105,"iv",3,3.55895555044727,4.80225801079704,"iv",3,5.25672617827127,4.92144155194194,
147,106,"iv",4,4.3772734935695,4.84133801506281,"iv",3,5.04525788263996,5.2142818869045,
147,107,"iv",4,4.85733850913158,4.77185097699991,"iv",3,3.81673438079699,5.22519667923164,
147,108,"v",3,5.04311808808584,5.1531085144439,"v",4,5.25518090343996,4.78708479445171,
147,109,"iv",3,3.55895555044727,4.80225801079704,"iv",3,3.55895555044727,4.80225801079704,
,,,,,,,,,,
148,103,"iv",4,4.85733850913158,4.77185097699991,"iv",4,4.85733850913158,4.77185097699991,
148,104,"v",3,5.04311808808584,5.1531085144439,"v",3,5.04311808808584,5.1531085144439,
148,105,"iv",3,3.55895555044727,4.80225801079704,"iv",3,3.55895555044727,4.80225801079704,
148,106,"iv",4,4.3772734935695,4.84133801506281,"iv",4,4.3772734935695,4.84133801506281,
148,107,"iv",4,4.85733850913158,4.77185097699991,"iv",4,4.85733850913158,4.77185097699991,
148,108,"v",3,5.04311808808584,5.1531085144439,"-VI",3,5.11950748521089,5.1531085144439,0.0763893971250447
148,109,"iv",3,3.55895555044727,4.80225801079704,"iv",3,5.25672617827127,4.92144155194194,
148,110,"iv",4,4.3772734935695,4.84133801506281,"iv",3,5.04525788263996,5.2142818869045,
148,111,"i",4,2.02664151064481,4.77185097699991,"i",3,3.91019471699291,5.22519667923164,
148,112,"-vii",5,7.89708118985023,3.68924053253415,"-vii",4,7.39178845149355,4.28095056672178,
148,113,"-III",2,4.82186421338466,5.06679945716411,"-III",2,4.82186421338466,5.06679945716411,
,,,,,,,,,,
149,123,"iv",4,6.53783544328929,4.30565872493755,"iv",4,6.53783544328929,4.30565872493755,
149,124,"v",3,5.06852662632692,5.02113867993583,"v",3,5.06852662632692,5.02113867993583,
149,125,"iv",3,4.47195819432485,4.63403190002984,"iv",3,4.47195819432485,4.63403190002984,
149,126,"iv",3,4.14196147925016,5.2242700771375,"iv",3,4.14196147925016,5.2242700771375,
149,127,"iv",4,4.85733850913158,4.77185097699991,"iv",4,4.85733850913158,4.77185097699991,
149,128,"v",3,5.04311808808584,5.1531085144439,"-VI",3,5.11950748521089,5.1531085144439,0.0763893971250447
149,129,"iv",3,3.55895555044727,4.80225801079704,"iv",3,5.25672617827127,4.92144155194194,
149,130,"iv",4,4.3772734935695,4.84133801506281,"iv",3,5.04525788263996,5.2142818869045,
149,131,"iv",4,4.85733850913158,4.77185097699991,"iv",3,3.81673438079699,5.22519667923164,
149,132,"v",3,5.04311808808584,5.1531085144439,"v",4,5.25518090343996,4.78708479445171,
149,133,"iv",3,3.55895555044727,4.80225801079704,"iv",3,3.55895555044727,4.80225801079704,
,,,,,,,,,,
150,127,"iv",4,4.85733850913158,4.77185097699991,"iv",4,4.85733850913158,4.77185097699991,
150,128,"v",3,5.04311808808584,5.1531085144439,"v",3,5.04311808808584,5.1531085144439,
150,129,"iv",3,3.55895555044727,4.80225801079704,"iv",3,3.55895555044727,4.80225801079704,
150,130,"iv",4,4.3772734935695,4.84133801506281,"iv",4,4.3772734935695,4.84133801506281,
150,131,"iv",4,4.85733850913158,4.77185097699991,"iv",4,4.85733850913158,4.77185097699991,
150,132,"v",3,5.04311808808584,5.1531085144439,"-VI",3,5.11950748521089,5.1531085144439,0.0763893971250447
150,133,"iv",3,3.55895555044727,4.80225801079704,"iv",3,5.25672617827127,4.92144155194194,
150,134,"iv",4,4.3772734935695,4.84133801506281,"iv",3,5.04525788263996,5.2142818869045,
150,135,"iv",4,4.85733850913158,4.77185097699991,"iv",3,3.81673438079699,5.22519667923164,
150,136,"v",3,5.04311808808584,5.1531085144439,"v",4,5.25518090343996,4.78708479445171,
150,137,"iv",3,3.55895555044727,4.80225801079704,"iv",3,3.55895555044727,4.80225801079704,
,,,,,,,,,,
151,131,"iv",4,4.85733850913158,4.77185097699991,"iv",4,4.85733850913158,4.77185097699991,
151,132,"v",3,5.04311808808584,5.1531085144439,"v",3,5.04311808808584,5.1531085144439,
151,133,"iv",3,3.55895555044727,4.80225801079704,"iv",3,3.55895555044727,4.80225801079704,
151,134,"iv",4,4.3772734935695,4.84133801506281,"iv",4,4.3772734935695,4.84133801506281,
151,135,"iv",4,4.85733850913158,4.77185097699991,"iv",4,4.85733850913158,4.77185097699991,
151,136,"v",3,5.04311808808584,5.1531085144439,"-VI",3,5.11950748521089,5.1531085144439,0.0763893971250447
151,137,"iv",3,3.55895555044727,4.80225801079704,"iv",3,5.25672617827127,4.92144155194194,
151,138,"iv",4,4.3772734935695,4.84133801506281,"iv",3,5.04525788263996,5.2142818869045,
151,139,"i",4,2.02664151064481,4.77185097699991,"i",3,3.91019471699291,5.22519667923164,
151,140,"-vii",5,7.89708118985023,3.68924053253415,"-vii",4,7.39178845149355,4.28095056672178,
151,141,"-III",2,4.82186421338466,5.06679945716411,"-III",2,4.82186421338466,5.06679945716411,
,,,,,,,,,,
152,7,"i",6,1.23820635977456,3.67100020653669,"i",6,1.23820635977456,3.67100020653669,
152,8,"i",7,0.914167049060387,3.24726190051152,"i",7,0.914167049060387,3.24726190051152,
152,9,"i",8,0.702907846035572,2.83120598530751,"i",8,0.702907846035572,2.83120598530751,
152,10,"i",9,1.55117640085232,4.19287240326934,"i",9,1.55117640085232,4.19287240326934,
152,11,"i",10,0.97754630075751,3.33509458916171,"i",10,0.97754630075751,3.33509458916171,
152,12,"-vii",10,8.5819854926557,2.78079232422396,"#io",10,8.65869166613782,2.78079232422396,0.0767061734821262
152,13,"-III",2,4.82186421338466,5.06679945716411,"-III",2,7.10302547637368,4.01849893275049,
152,14,"-VI",2,3.99237148859034,5.3358630766101,"-VI",1,5.11572114475607,5.45536975140832,
152,15,"-vii",3,3.42244598849515,5.12661624566274,"-vii",2,5.68313304837292,5.35245712802485,
152,16,"-III",3,0.386353103412487,1.98231807131359,"-III",3,1.45319408191677,4.17787982652762,
152,17,"i",5,5.7097964241155,5.00235834196481,"i",4,5.7097964241155,5.00235834196481,
,,,,,,,,,,
153,13,"-III",2,4.82186421338466,5.06679945716411,"-III",2,4.82186421338466,5.06679945716411,
153,14,"-VI",2,3.99237148859034,5.3358630766101,"-VI",2,3.99237148859034,5.3358630766101,
153,15,"-vii",3,3.42244598849515,5.12661624566274,"-vii",3,3.42244598849515,5.12661624566274,
153,16,"-III",3,0.386353103412487,1.98231807131359,"-III",3,0.386353103412487,1.98231807131359,
153,17,"i",5,5.7097964241155,5.00235834196481,"i",5,5.7097964241155,5.00235834196481,
153,18,"-vii",2,6.49716268562771,5.33886430994241,"V+",2,6.57386885910984,5.33886430994241,0.0767061734821262
153,19,"-III",2,4.82186421338466,5.06679945716411,"-III",2,6.52160043972373,4.76062626329116,
153,20,"-VI",2,3.99237148859034,5.3358630766101,"-VI",1,5.11572114475607,5.45536975140832,
153,21,"-vii",3,3.42244598849515,5.12661624566274,"-vii",2,5.68313304837292,5.35245712802485,
153,22,"-III",3,0.386353103412487,1.98231807131359,"-III",3,1.45319408191677,4.17787982652762,
153,23,"i",5,5.7097964241155,5.00235834196481,"i",4,5.7097964241155,5.00235834196481,
,,,,,,,,,,
154,13,"-III",2,4.82186421338466,5.06679945716411,"-III",2,4.82186421338466,5.06679945716411,
154,14,"-VI",2,3.99237148859034,5.3358630766101,"-VI",2,3.99237148859034,5.3358630766101,
154,15,"-vii",3,3.42244598849515,5.12661624566274,"-vii",3,3.42244598849515,5.12661624566274,
154,16,"-III",3,0.386353103412487,1.98231807131359,"-III",3,0.386353103412487,1.98231807131359,
154,17,"i",5,5.7097964241155,5.00235834196481,"i",5,5.7097964241155,5.00235834196481,
154,18,"-vii",2,6.49716268562771,5.33886430994241,"#io",2,6.57386885910984,5.33886430994241,0.0767061734821262
154,19,"-III",2,4.82186421338466,5.06679945716411,"-III",2,7.10302547637368,4.01849893275049,
154,20,"-VI",2,3.99237148859034,5.3358630766101,"-VI",1,5.11572114475607,5.45536975140832,
154,21,"-vii",3,3.42244598849515,5.12661624566274,"-vii",2,5.68313304837292,5.35245712802485,
154,22,"-III",3,0.386353103412487,1.98231807131359,"-III",3,1.45319408191677,4.17787982652762,
154,23,"i",5,5.7097964241155,5.00235834196481,"i",4,5.7097964241155,5.00235834196481,
,,,,,,,,,,
155,19,"-III",2,4.82186421338466,5.06679945716411,"-III",2,4.82186421338466,5.06679945716411,
155,20,"-VI",2,3.99237148859034,5.3358630766101,"-VI",2,3.99237148859034,5.3358630766101,
155,21,"-vii",3,3.42244598849515,5.12661624566274,"-vii",3,3.42244598849515,5.12661624566274,
155,22,"-III",3,0.386353103412487,1.98231807131359,"-III",3,0.386353103412487,1.98231807131359,
155,23,"i",5,5.7097964241155,5.00235834196481,"i",5,5.7097964241155,5.00235834196481,
155,24,"-vii",2,6.49716268562771,5.33886430994241,"V+",2,6.57386885910984,5.33886430994241,0.0767061734821262
155,25,"-III",2,4.82186421338466,5.06679945716411,"-III",2,6.52160043972373,4.76062626329116,
155,26,"-VI",2,3.99237148859034,5.3358630766101,"-VI",1,5.11572114475607,5.45536975140832,
155,27,"-vii",3,3.42244598849515,5.12661624566274,"-vii",2,5.68313304837292,5.35245712802485,
155,28,"-III",3,0.386353103412487,1.98231807131359,"-III",3,1.45319408191677,4.17787982652762,
155,29,"i",5,5.7097964241155,5.00235834196481,"i",4,5.7097964241155,5.00235834196481,
,,,,,,,,,,
156,19,"-III",2,4.82186421338466,5.06679945716411,"-III",2,4.82186421338466,5.06679945716411,
156,20,"-VI",2,3.99237148859034,5.3358630766101,"-VI",2,3.99237148859034,5.3358630766101,
156,21,"-vii",3,3.42244598849515,5.12661624566274,"-vii",3,3.42244598849515,5.12661624566274,
156,22,"-III",3,0.386353103412487,1.98231807131359,"-III",3,0.386353103412487,1.98231807131359,
156,23,"i",5,5.7097964241155,5.00235834196481,"i",5,5.7097964241155,5.00235834196481,
156,24,"-vii",2,6.49716268562771,5.33886430994241,"#io",2,6.57386885910984,5.33886430994241,0.0767061734821262
156,25,"-III",2,4.82186421338466,5.06679945716411,"-III",2,7.10302547637368,4.01849893275049,
156,26,"-VI",2,3.99237148859034,5.3358630766101,"-VI",1,5.11572114475607,5.45536975140832,
156,27,"-vii",3,3.42244598849515,5.12661624566274,"-vii",2,5.68313304837292,5.35245712802485,
156,28,"-III",3,0.386353103412487,1.98231807131359,"-III",3,1.45319408191677,4.17787982652762,
156,29,"i",5,5.7097964241155,5.00235834196481,"i",4,5.7097964241155,5.00235834196481,
,,,,,,,,,,
157,25,"-III",2,4.82186421338466,5.06679945716411,"-III",2,4.82186421338466,5.06679945716411,
157,26,"-VI",2,3.99237148859034,5.3358630766101,"-VI",2,3.99237148859034,5.3358630766101,
157,27,"-vii",3,3.42244598849515,5.12661624566274,"-vii",3,3.42244598849515,5.12661624566274,
157,28,"-III",3,0.386353103412487,1.98231807131359,"-III",3,0.386353103412487,1.98231807131359,
157,29,"i",5,5.7097964241155,5.00235834196481,"i",5,5.7097964241155,5.00235834196481,
157,30,"-vii",2,6.49716268562771,5.33886430994241,"V+",2,6.57386885910984,5.33886430994241,0.0767061734821262
157,31,"-III",2,4.82186421338466,5.06679945716411,"-III",2,6.52160043972373,4.76062626329116,
157,32,"-VI",2,3.99237148859034,5.3358630766101,"-VI",1,5.11572114475607,5.45536975140832,
157,33,"-vii",3,3.42244598849515,5.12661624566274,"-vii",2,5.68313304837292,5.35245712802485,
157,34,"-III",3,0.386353103412487,1.98231807131359,"-III",3,1.45319408191677,4.17787982652762,
157,35,"-VI",5,2.845818240425,5.00235834196481,"-VI",4,2.845818240425,5.00235834196481,
,,,,,,,,,,
158,25,"-III",2,4.82186421338466,5.06679945716411,"-III",2,4.82186421338466,5.06679945716411,
158,26,"-VI",2,3.99237148859034,5.3358630766101,"-VI",2,3.99237148859034,5.3358630766101,
158,27,"-vii",3,3.42244598849515,5.12661624566274,"-vii",3,3.42244598849515,5.12661624566274,
158,28,"-III",3,0.386353103412487,1.98231807131359,"-III",3,0.386353103412487,1.98231807131359,
158,29,"i",5,5.7097964241155,5.00235834196481,"i",5,5.7097964241155,5.00235834196481,
158,30,"-vii",2,6.49716268562771,5.33886430994241,"#io",2,6.57386885910984,5.33886430994241,0.0767061734821262
158,31,"-III",2,4.82186421338466,5.06679945716411,"-III",2,7.10302547637368,4.01849893275049,
158,32,"-VI",2,3.99237148859034,5.3358630766101,"-VI",1,5.11572114475607,5.45536975140832,
158,33,"-vii",3,3.42244598849515,5.12661624566274,"-vii",2,5.68313304837292,5.35245712802485,
158,34,"-III",3,0.386353103412487,1.98231807131359,"-III",3,1.45319408191677,4.17787982652762,
158,35,"-VI",5,2.845818240425,5.00235834196481,"-VI",4,2.845818240425,5.00235834196481,
,,,,,,,,,,
159,141,"-III",2,4.82186421338466,5.06679945716411,"-III",2,4.82186421338466,5.06679945716411,
159,142,"-VI",2,3.99237148859034,5.3358630766101,"-VI",2,3.99237148859034,5.3358630766101,
159,143,"-vii",3,3.42244598849515,5.12661624566274,"-vii",3,3.42244598849515,5.12661624566274,
159,144,"-III",3,0.386353103412487,1.98231807131359,"-III",3,0.386353103412487,1.98231807131359,
159,145,"i",5,5.7097964241155,5.00235834196481,"i",5,5.7097964241155,5.00235834196481,
159,146,"-vii",2,6.49716268562771,5.33886430994241,"V+",2,6.57386885910984,5.33886430994241,0.0767061734821262
159,147,"-III",2,4.82186421338466,5.06679945716411,"-III",2,6.52160043972373,4.76062626329116,
159,148,"-VI",2,3.99237148859034,5.3358630766101,"-VI",1,5.11572114475607,5.45536975140832,
159,149,"-vii",3,3.42244598849515,5.12661624566274,"-vii",2,5.68313304837292,5.35245712802485,
159,150,"-III",3,0.386353103412487,1.98231807131359,"-III",3,1.45319408191677,4.17787982652762,
159,151,"i",5,5.7097964241155,5.00235834196481,"i",4,5.7097964241155,5.00235834196481,
,,,,,,,,,,
160,141,"-III",2,4.82186421338466,5.06679945716411,"-III",2,4.82186421338466,5.06679945716411,
160,142,"-VI",2,3.99237148859034,5.3358630766101,"-VI",2,3.99237148859034,5.3358630766101,
160,143,"-vii",3,3.42244598849515,5.12661624566274,"-vii",3,3.42244598849515,5.12661624566274,
160,144,"-III",3,0.386353103412487,1.98231807131359,"-III",3,0.386353103412487,1.98231807131359,
160,145,"i",5,5.7097964241155,5.00235834196481,"i",5,5.7097964241155,5.00235834196481,
160,146,"-vii",2,6.49716268562771,5.33886430994241,"#io",2,6.57386885910984,5.33886430994241,0.0767061734821262
160,147,"-III",2,4.82186421338466,5.06679945716411,"-III",2,7.10302547637368,4.01849893275049,
160,148,"-VI",2,3.99237148859034,5.3358630766101,"-VI",1,5.11572114475607,5.45536975140832,
160,149,"-vii",3,3.42244598849515,5.12661624566274,"-vii",2,5.68313304837292,5.35245712802485,
160,150,"-III",3,0.386353103412487,1.98231807131359,"-III",3,1.45319408191677,4.17787982652762,
160,151,"i",5,5.7097964241155,5.00235834196481,"i",4,5.7097964241155,5.00235834196481,
,,,,,,,,,,
161,147,"-III",2,4.82186421338466,5.06679945716411,"-III",2,4.82186421338466,5.06679945716411,
161,148,"-VI",2,3.99237148859034,5.3358630766101,"-VI",2,3.99237148859034,5.3358630766101,
161,149,"-vii",3,3.42244598849515,5.12661624566274,"-vii",3,3.42244598849515,5.12661624566274,
161,150,"-III",3,0.386353103412487,1.98231807131359,"-III",3,0.386353103412487,1.98231807131359,
161,151,"i",5,5.7097964241155,5.00235834196481,"i",5,5.7097964241155,5.00235834196481,
161,152,"-vii",2,6.49716268562771,5.33886430994241,"V+",2,6.57386885910984,5.33886430994241,0.0767061734821262
161,153,"-III",2,4.82186421338466,5.06679945716411,"-III",2,6.52160043972373,4.76062626329116,
161,154,"-VI",2,3.99237148859034,5.3358630766101,"-VI",1,5.11572114475607,5.45536975140832,
161,155,"-vii",3,3.42244598849515,5.12661624566274,"-vii",2,5.68313304837292,5.35245712802485,
161,156,"-III",3,0.386353103412487,1.98231807131359,"-III",3,1.45319408191677,4.17787982652762,
161,157,"i",5,5.7097964241155,5.00235834196481,"i",4,5.7097964241155,5.00235834196481,
,,,,,,,,,,
162,147,"-III",2,4.82186421338466,5.06679945716411,"-III",2,4.82186421338466,5.06679945716411,
162,148,"-VI",2,3.99237148859034,5.3358630766101,"-VI",2,3.99237148859034,5.3358630766101,
162,149,"-vii",3,3.42244598849515,5.12661624566274,"-vii",3,3.42244598849515,5.12661624566274,
162,150,"-III",3,0.386353103412487,1.98231807131359,"-III",3,0.386353103412487,1.98231807131359,
162,151,"i",5,5.7097964241155,5.00235834196481,"i",5,5.7097964241155,5.00235834196481,
162,152,"-vii",2,6.49716268562771,5.33886430994241,"#io",2,6.57386885910984,5.33886430994241,0.0767061734821262
162,153,"-III",2,4.82186421338466,5.06679945716411,"-III",2,7.10302547637368,4.01849893275049,
162,154,"-VI",2,3.99237148859034,5.3358630766101,"-VI",1,5.11572114475607,5.45536975140832,
162,155,"-vii",3,3.42244598849515,5.12661624566274,"-vii",2,5.68313304837292,5.35245712802485,
162,156,"-III",3,0.386353103412487,1.98231807131359,"-III",3,1.45319408191677,4.17787982652762,
162,157,"i",5,5.7097964241155,5.00235834196481,"i",4,5.7097964241155,5.00235834196481,
,,,,,,,,,,
163,153,"-III",2,4.82186421338466,5.06679945716411,"-III",2,4.82186421338466,5.06679945716411,
163,154,"-VI",2,3.99237148859034,5.3358630766101,"-VI",2,3.99237148859034,5.3358630766101,
163,155,"-vii",3,3.42244598849515,5.12661624566274,"-vii",3,3.42244598849515,5.12661624566274,
163,156,"-III",3,0.386353103412487,1.98231807131359,"-III",3,0.386353103412487,1.98231807131359,
163,157,"i",5,5.7097964241155,5.00235834196481,"i",5,5.7097964241155,5.00235834196481,
163,158,"-vii",2,6.49716268562771,5.33886430994241,"V+",2,6.57386885910984,5.33886430994241,0.0767061734821262
163,159,"-III",2,4.82186421338466,5.06679945716411,"-III",2,6.52160043972373,4.76062626329116,
163,160,"-VI",2,3.99237148859034,5.3358630766101,"-VI",1,5.11572114475607,5.45536975140832,
163,161,"V",3,3.05699497976885,5.12661624566274,"V",2,4.28685817222625,5.35245712802485,
163,162,"V",4,1.87341019879723,4.46368458716215,"V",3,3.54414083877443,4.97164283837619,
163,163,"iv",4,6.53783544328929,4.30565872493755,"iv",4,6.31733891533127,4.72855246182271,
,,,,,,,,,,
164,153,"-III",2,4.82186421338466,5.06679945716411,"-III",2,4.82186421338466,5.06679945716411,
164,154,"-VI",2,3.99237148859034,5.3358630766101,"-VI",2,3.99237148859034,5.3358630766101,
164,155,"-vii",3,3.42244598849515,5.12661624566274,"-vii",3,3.42244598849515,5.12661624566274,
164,156,"-III",3,0.386353103412487,1.98231807131359,"-III",3,0.386353103412487,1.98231807131359,
164,157,"i",5,5.7097964241155,5.00235834196481,"i",5,5.7097964241155,5.00235834196481,
164,158,"-vii",2,6.49716268562771,5.33886430994241,"#io",2,6.57386885910984,5.33886430994241,0.0767061734821262
164,159,"-III",2,4.82186421338466,5.06679945716411,"-III",2,7.10302547637368,4.01849893275049,
164,160,"-VI",2,3.99237148859034,5.3358630766101,"-VI",1,5.11572114475607,5.45536975140832,
164,161,"V",3,3.05699497976885,5.12661624566274,"V",2,4.28685817222625,5.35245712802485,
164,162,"V",4,1.87341019879723,4.46368458716215,"V",3,3.54414083877443,4.97164283837619,
164,163,"iv",4,6.53783544328929,4.30565872493755,"iv",4,6.31733891533127,4.72855246182271,
,,,,,,,,,,
165,51,"iv",4,4.85733850913158,4.77185097699991,"iv",4,4.85733850913158,4.77185097699991,
165,52,"v",3,5.04311808808584,5.1531085144439,"v",3,5.04311808808584,5.1531085144439,
165,53,"iv",3,3.55895555044727,4.80225801079704,"iv",3,3.55895555044727,4.80225801079704,
165,54,"iv",4,4.3772734935695,4.84133801506281,"iv",4,4.3772734935695,4.84133801506281,
165,55,"i",4,2.02664151064481,4.77185097699991,"i",4,2.02664151064481,4.77185097699991,
165,56,"-vii",5,7.89708118985023,3.68924053253415,"V+",5,7.97378736333235,3.68924053253415,0.076706173482127
165,57,"-III",2,4.82186421338466,5.06679945716411,"-III",2,6.52160043972373,4.76062626329116,
165,58,"-VI",2,3.99237148859034,5.3358630766101,"-VI",1,5.11572114475607,5.45536975140832,
165,59,"-vii",3,3.42244598849515,5.12661624566274,"-vii",2,5.68313304837292,5.35245712802485,
165,60,"-III",3,0.386353103412487,1.98231807131359,"-III",3,1.45319408191677,4.17787982652762,
165,61,"-VI",5,2.845818240425,5.00235834196481,"-VI",4,2.845818240425,5.00235834196481,
,,,,,,,,,,
166,51,"iv",4,4.85733850913158,4.77185097699991,"iv",4,4.85733850913158,4.77185097699991,
166,52,"v",3,5.04311808808584,5.1531085144439,"v",3,5.04311808808584,5.1531085144439,
166,53,"iv",3,3.55895555044727,4.80225801079704,"iv",3,3.55895555044727,4.80225801079704,
166,54,"iv",4,4.3772734935695,4.84133801506281,"iv",4,4.3772734935695,4.84133801506281,
166,55,"i",4,2.02664151064481,4.77185097699991,"i",4,2.02664151064481,4.77185097699991,
166,56,"-vii",5,7.89708118985023,3.68924053253415,"#io",5,7.97378736333235,3.68924053253415,0.076706173482127
166,57,"-III",2,4.82186421338466,5.06679945716411,"-III",2,7.10302547637368,4.01849893275049,
166,58,"-VI",2,3.99237148859034,5.3358630766101,"-VI",1,5.11572114475607,5.45536975140832,
166,59,"-vii",3,3.42244598849515,5.12661624566274,"-vii",2,5.68313304837292,5.35245712802485,
166,60,"-III",3,0.386353103412487,1.98231807131359,"-III",3,1.45319408191677,4.17787982652762,
166,61,"-VI",5,2.845818240425,5.00235834196481,"-VI",4,2.845818240425,5.00235834196481,
,,,,,,,,,,
167,79,"iv",4,4.85733850913158,4.77185097699991,"iv",4,4.85733850913158,4.77185097699991,
167,80,"v",3,5.04311808808584,5.1531085144439,"v",3,5.04311808808584,5.1531085144439,
167,81,"iv",3,3.55895555044727,4.80225801079704,"iv",3,3.55895555044727,4.80225801079704,
167,82,"iv",4,4.3772734935695,4.84133801506281,"iv",4,4.3772734935695,4.84133801506281,
167,83,"i",4,2.02664151064481,4.77185097699991,"i",4,2.02664151064481,4.77185097699991,
167,84,"-vii",5,7.89708118985023,3.68924053253415,"V+",5,7.97378736333235,3.68924053253415,0.076706173482127
167,85,"-III",2,4.82186421338466,5.06679945716411,"-III",2,6.52160043972373,4.76062626329116,
167,86,"-VI",2,3.99237148859034,5.3358630766101,"-VI",1,5.11572114475607,5.45536975140832,
167,87,"-vii",3,3.42244598849515,5.12661624566274,"-vii",2,5.68313304837292,5.35245712802485,
167,88,"-III",3,0.386353103412487,1.98231807131359,"-III",3,1.45319408191677,4.17787982652762,
167,89,"-VI",5,2.845818240425,5.00235834196481,"-VI",4,2.845818240425,5.00235834196481,
,,,,,,,,,,
168,79,"iv",4,4.85733850913158,4.77185097699991,"iv",4,4.85733850913158,4.77185097699991,
168,80,"v",3,5.04311808808584,5.1531085144439,"v",3,5.04311808808584,5.1531085144439,
168,81,"iv",3,3.55895555044727,4.80225801079704,"iv",3,3.55895555044727,4.80225801079704,
168,82,"iv",4,4.3772734935695,4.84133801506281,"iv",4,4.3772734935695,4.84133801506281,
168,83,"i",4,2.02664151064481,4.77185097699991,"i",4,2.02664151064481,4.77185097699991,
168,84,"-vii",5,7.89708118985023,3.68924053253415,"#io",5,7.97378736333235,3.68924053253415,0.076706173482127
168,85,"-III",2,4.82186421338466,5.06679945716411,"-III",2,7.10302547637368,4.01849893275049,
168,86,"-VI",2,3.99237148859034,5.3358630766101,"-VI",1,5.11572114475607,5.45536975140832,
168,87,"-vii",3,3.42244598849515,5.12661624566274,"-vii",2,5.68313304837292,5.35245712802485,
168,88,"-III",3,0.386353103412487,1.98231807131359,"-III",3,1.45319408191677,4.17787982652762,
168,89,"-VI",5,2.845818240425,5.00235834196481,"-VI",4,2.845818240425,5.00235834196481,
,,,,,,,,,,
169,107,"iv",4,4.85733850913158,4.77185097699991,"iv",4,4.85733850913158,4.77185097699991,
169,108,"v",3,5.04311808808584,5.1531085144439,"v",3,5.04311808808584,5.1531085144439,
169,109,"iv",3,3.55895555044727,4.80225801079704,"iv",3,3.55895555044727,4.80225801079704,
169,110,"iv",4,4.3772734935695,4.84133801506281,"iv",4,4.3772734935695,4.84133801506281,
169,111,"i",4,2.02664151064481,4.77185097699991,"i",4,2.02664151064481,4.77185097699991,
169,112,"-vii",5,7.89708118985023,3.68924053253415,"V+",5,7.97378736333235,3.68924053253415,0.076706173482127
169,113,"-III",2,4.82186421338466,5.06679945716411,"-III",2,6.52160043972373,4.76062626329116,
169,114,"-VI",2,3.99237148859034,5.3358630766101,"-VI",1,5.11572114475607,5.45536975140832,
169,115,"-vii",3,3.42244598849515,5.12661624566274,"-vii",2,5.68313304837292,5.35245712802485,
169,116,"-III",3,0.386353103412487,1.98231807131359,"-III",3,1.45319408191677,4.17787982652762,
169,117,"-VI",5,2.845818240425,5.00235834196481,"-VI",4,2.845818240425,5.00235834196481,
,,,,,,,,,,
170,107,"iv",4,4.85733850913158,4.77185097699991,"iv",4,4.85733850913158,4.77185097699991,
170,108,"v",3,5.04311808808584,5.1531085144439,"v",3,5.04311808808584,5.1531085144439,
170,109,"iv",3,3.55895555044727,4.80225801079704,"iv",3,3.55895555044727,4.80225801079704,
170,110,"iv",4,4.3772734935695,4.84133801506281,"iv",4,4.3772734935695,4.84133801506281,
170,111,"i",4,2.02664151064481,4.77185097699991,"i",4,2.02664151064481,4.77185097699991,
170,112,"-vii",5,7.89708118985023,3.68924053253415,"#io",5,7.97378736333235,3.68924053253415,0.076706173482127
170,113,"-III",2,4.82186421338466,5.06679945716411,"-III",2,7.10302547637368,4.01849893275049,
170,114,"-VI",2,3.99237148859034,5.3358630766101,"-VI",1,5.11572114475607,5.45536975140832,
170,115,"-vii",3,3.42244598849515,5.12661624566274,"-vii",2,5.68313304837292,5.35245712802485,
170,116,"-III",3,0.386353103412487,1.98231807131359,"-III",3,1.45319408191677,4.17787982652762,
170,117,"-VI",5,2.845818240425,5.00235834196481,"-VI",4,2.845818240425,5.00235834196481,
,,,,,,,,,,
171,135,"iv",4,4.85733850913158,4.77185097699991,"iv",4,4.85733850913158,4.77185097699991,
171,136,"v",3,5.04311808808584,5.1531085144439,"v",3,5.04311808808584,5.1531085144439,
171,137,"iv",3,3.55895555044727,4.80225801079704,"iv",3,3.55895555044727,4.80225801079704,
171,138,"iv",4,4.3772734935695,4.84133801506281,"iv",4,4.3772734935695,4.84133801506281,
171,139,"i",4,2.02664151064481,4.77185097699991,"i",4,2.02664151064481,4.77185097699991,
171,140,"-vii",5,7.89708118985023,3.68924053253415,"V+",5,7.97378736333235,3.68924053253415,0.076706173482127
171,141,"-III",2,4.82186421338466,5.06679945716411,"-III",2,6.52160043972373,4.76062626329116,
171,142,"-VI",2,3.99237148859034,5.3358630766101,"-VI",1,5.11572114475607,5.45536975140832,
171,143,"-vii",3,3.42244598849515,5.12661624566274,"-vii",2,5.68313304837292,5.35245712802485,
171,144,"-III",3,0.386353103412487,1.98231807131359,"-III",3,1.45319408191677,4.17787982652762,
171,145,"i",5,5.7097964241155,5.00235834196481,"i",4,5.7097964241155,5.00235834196481,
,,,,,,,,,,
172,135,"iv",4,4.85733850913158,4.77185097699991,"iv",4,4.85733850913158,4.77185097699991,
172,136,"v",3,5.04311808808584,5.1531085144439,"v",3,5.04311808808584,5.1531085144439,
172,137,"iv",3,3.55895555044727,4.80225801079704,"iv",3,3.55895555044727,4.80225801079704,
172,138,"iv",4,4.3772734935695,4.84133801506281,"iv",4,4.3772734935695,4.84133801506281,
172,139,"i",4,2.02664151064481,4.77185097699991,"i",4,2.02664151064481,4.77185097699991,
172,140,"-vii",5,7.89708118985023,3.68924053253415,"#io",5,7.97378736333235,3.68924053253415,0.076706173482127
172,141,"-III",2,4.82186421338466,5.06679945716411,"-III",2,7.10302547637368,4.01849893275049,
172,142,"-VI",2,3.99237148859034,5.3358630766101,"-VI",1,5.11572114475607,5.45536975140832,
172,143,"-vii",3,3.42244598849515,5.12661624566274,"-vii",2,5.68313304837292,5.35245712802485,
172,144,"-III",3,0.386353103412487,1.98231807131359,"-III",3,1.45319408191677,4.17787982652762,
172,145,"i",5,5.7097964241155,5.00235834196481,"i",4,5.7097964241155,5.00235834196481,
,,,,,,,,,,
173,51,"iv",4,4.85733850913158,4.77185097699991,"iv",4,4.85733850913158,4.77185097699991,
173,52,"v",3,5.04311808808584,5.1531085144439,"v",3,5.04311808808584,5.1531085144439,
173,53,"iv",3,3.55895555044727,4.80225801079704,"iv",3,3.55895555044727,4.80225801079704,
173,54,"iv",4,4.3772734935695,4.84133801506281,"iv",4,4.3772734935695,4.84133801506281,
173,55,"i",4,2.02664151064481,4.77185097699991,"i",4,2.02664151064481,4.77185097699991,
173,56,"-vii",5,7.89708118985023,3.68924053253415,"viio",5,7.81981606352352,3.68924053253415,0.0772651263267026
173,57,"-III",2,4.82186421338466,5.06679945716411,"-III",2,5.57333590026251,4.71675472849966,
173,58,"-VI",2,3.99237148859034,5.3358630766101,"-VI",2,5.40491490418386,5.07923016641805,
173,59,"-vii",3,3.42244598849515,5.12661624566274,"-vii",2,5.68313304837292,5.35245712802485,
173,60,"-III",3,0.386353103412487,1.98231807131359,"-III",3,1.45319408191677,4.17787982652762,
173,61,"-VI",5,2.845818240425,5.00235834196481,"-VI",4,2.845818240425,5.00235834196481,
,,,,,,,,,,
174,79,"iv",4,4.85733850913158,4.77185097699991,"iv",4,4.85733850913158,4.77185097699991,
174,80,"v",3,5.04311808808584,5.1531085144439,"v",3,5.04311808808584,5.1531085144439,
174,81,"iv",3,3.55895555044727,4.80225801079704,"iv",3,3.55895555044727,4.80225801079704,
174,82,"iv",4,4.3772734935695,4.84133801506281,"iv",4,4.3772734935695,4.84133801506281,
174,83,"i",4,2.02664151064481,4.77185097699991,"i",4,2.02664151064481,4.77185097699991,
174,84,"-vii",5,7.89708118985023,3.68924053253415,"viio",5,7.81981606352352,3.68924053253415,0.0772651263267026
174,85,"-III",2,4.82186421338466,5.06679945716411,"-III",2,5.57333590026251,4.71675472849966,
174,86,"-VI",2,3.99237148859034,5.3358630766101,"-VI",2,5.40491490418386,5.07923016641805,
174,87,"-vii",3,3.42244598849515,5.12661624566274,"-vii",2,5.68313304837292,5.35245712802485,
174,88,"-III",3,0.386353103412487,1.98231807131359,"-III",3,1.45319408191677,4.17787982652762,
174,89,"-VI",5,2.845818240425,5.00235834196481,"-VI",4,2.845818240425,5.00235834196481,
,,,,,,,,,,
175,107,"iv",4,4.85733850913158,4.77185097699991,"iv",4,4.85733850913158,4.77185097699991,
175,108,"v",3,5.04311808808584,5.1531085144439,"v",3,5.04311808808584,5.1531085144439,
175,109,"iv",3,3.55895555044727,4.80225801079704,"iv",3,3.55895555044727,4.80225801079704,
175,110,"iv",4,4.3772734935695,4.84133801506281,"iv",4,4.3772734935695,4.84133801506281,
175,111,"i",4,2.02664151064481,4.77185097699991,"i",4,2.02664151064481,4.77185097699991,
175,112,"-vii",5,7.89708118985023,3.68924053253415,"viio",5,7.81981606352352,3.68924053253415,0.0772651263267026
175,113,"-III",2,4.82186421338466,5.06679945716411,"-III",2,5.57333590026251,4.71675472849966,
175,114,"-VI",2,3.99237148859034,5.3358630766101,"-VI",2,5.40491490418386,5.07923016641805,
175,115,"-vii",3,3.42244598849515,5.12661624566274,"-vii",2,5.68313304837292,5.35245712802485,
175,116,"-III",3,0.386353103412487,1.98231807131359,"-III",3,1.45319408191677,4.17787982652762,
175,117,"-VI",5,2.845818240425,5.00235834196481,"-VI",4,2.845818240425,5.00235834196481,
,,,,,,,,,,
176,135,"iv",4,4.85733850913158,4.77185097699991,"iv",4,4.85733850913158,4.77185097699991,
176,136,"v",3,5.04311808808584,5.1531085144439,"v",3,5.04311808808584,5.1531085144439,
176,137,"iv",3,3.55895555044727,4.80225801079704,"iv",3,3.55895555044727,4.80225801079704,
176,138,"iv",4,4.3772734935695,4.84133801506281,"iv",4,4.3772734935695,4.84133801506281,
176,139,"i",4,2.02664151064481,4.77185097699991,"i",4,2.02664151064481,4.77185097699991,
176,140,"-vii",5,7.89708118985023,3.68924053253415,"viio",5,7.81981606352352,3.68924053253415,0.0772651263267026
176,141,"-III",2,4.82186421338466,5.06679945716411,"-III",2,5.57333590026251,4.71675472849966,
176,142,"-VI",2,3.99237148859034,5.3358630766101,"-VI",2,5.40491490418386,5.07923016641805,
176,143,"-vii",3,3.42244598849515,5.12661624566274,"-vii",2,5.68313304837292,5.35245712802485,
176,144,"-III",3,0.386353103412487,1.98231807131359,"-III",3,1.45319408191677,4.17787982652762,
176,145,"i",5,5.7097964241155,5.00235834196481,"i",4,5.7097964241155,5.00235834196481,
,,,,,,,,,,
177,13,"-III",2,4.82186421338466,5.06679945716411,"-III",2,4.82186421338466,5.06679945716411,
177,14,"-VI",2,3.99237148859034,5.3358630766101,"-VI",2,3.99237148859034,5.3358630766101,
177,15,"-vii",3,3.42244598849515,5.12661624566274,"-vii",3,3.42244598849515,5.12661624566274,
177,16,"-III",3,0.386353103412487,1.98231807131359,"-III",3,0.386353103412487,1.98231807131359,
177,17,"i",5,5.7097964241155,5.00235834196481,"i",5,5.7097964241155,5.00235834196481,
177,18,"-vii",2,6.49716268562771,5.33886430994241,"viio",2,6.41989755930101,5.33886430994241,0.0772651263267035
177,19,"-III",2,4.82186421338466,5.06679945716411,"-III",2,5.57333590026251,4.71675472849966,
177,20,"-VI",2,3.99237148859034,5.3358630766101,"-VI",2,5.40491490418386,5.07923016641805,
177,21,"-vii",3,3.42244598849515,5.12661624566274,"-vii",2,5.68313304837292,5.35245712802485,
177,22,"-III",3,0.386353103412487,1.98231807131359,"-III",3,1.45319408191677,4.17787982652762,
177,23,"i",5,5.7097964241155,5.00235834196481,"i",4,5.7097964241155,5.00235834196481,
,,,,,,,,,,
178,19,"-III",2,4.82186421338466,5.06679945716411,"-III",2,4.82186421338466,5.06679945716411,
178,20,"-VI",2,3.99237148859034,5.3358630766101,"-VI",2,3.99237148859034,5.3358630766101,
178,21,"-vii",3,3.42244598849515,5.12661624566274,"-vii",3,3.42244598849515,5.12661624566274,
178,22,"-III",3,0.386353103412487,1.98231807131359,"-III",3,0.386353103412487,1.98231807131359,
178,23,"i",5,5.7097964241155,5.00235834196481,"i",5,5.7097964241155,5.00235834196481,
178,24,"-vii",2,6.49716268562771,5.33886430994241,"viio",2,6.41989755930101,5.33886430994241,0.0772651263267035
178,25,"-III",2,4.82186421338466,5.06679945716411,"-III",2,5.57333590026251,4.71675472849966,
178,26,"-VI",2,3.99237148859034,5.3358630766101,"-VI",2,5.40491490418386,5.07923016641805,
178,27,"-vii",3,3.42244598849515,5.12661624566274,"-vii",2,5.68313304837292,5.35245712802485,
178,28,"-III",3,0.386353103412487,1.98231807131359,"-III",3,1.45319408191677,4.17787982652762,
178,29,"i",5,5.7097964241155,5.00235834196481,"i",4,5.7097964241155,5.00235834196481,
,,,,,,,,,,
179,25,"-III",2,4.82186421338466,5.06679945716411,"-III",2,4.82186421338466,5.06679945716411,
179,26,"-VI",2,3.99237148859034,5.3358630766101,"-VI",2,3.99237148859034,5.3358630766101,
179,27,"-vii",3,3.42244598849515,5.12661624566274,"-vii",3,3.42244598849515,5.12661624566274,
179,28,"-III",3,0.386353103412487,1.98231807131359,"-III",3,0.386353103412487,1.98231807131359,
179,29,"i",5,5.7097964241155,5.00235834196481,"i",5,5.7097964241155,5.00235834196481,
179,30,"-vii",2,6.49716268562771,5.33886430994241,"viio",2,6.41989755930101,5.33886430994241,0.0772651263267035
179,31,"-III",2,4.82186421338466,5.06679945716411,"-III",2,5.57333590026251,4.71675472849966,
179,32,"-VI",2,3.99237148859034,5.3358630766101,"-VI",2,5.40491490418386,5.07923016641805,
179,33,"-vii",3,3.42244598849515,5.12661624566274,"-vii",2,5.68313304837292,5.35245712802485,
179,34,"-III",3,0.386353103412487,1.98231807131359,"-III",3,1.45319408191677,4.17787982652762,
179,35,"-VI",5,2.845818240425,5.00235834196481,"-VI",4,2.845818240425,5.00235834196481,
,,,,,,,,,,
180,141,"-III",2,4.82186421338466,5.06679945716411,"-III",2,4.82186421338466,5.06679945716411,
180,142,"-VI",2,3.99237148859034,5.3358630766101,"-VI",2,3.99237148859034,5.3358630766101,
180,143,"-vii",3,3.42244598849515,5.12661624566274,"-vii",3,3.42244598849515,5.12661624566274,
180,144,"-III",3,0.386353103412487,1.98231807131359,"-III",3,0.386353103412487,1.98231807131359,
180,145,"i",5,5.7097964241155,5.00235834196481,"i",5,5.7097964241155,5.00235834196481,
180,146,"-vii",2,6.49716268562771,5.33886430994241,"viio",2,6.41989755930101,5.33886430994241,0.0772651263267035
180,147,"-III",2,4.82186421338466,5.06679945716411,"-III",2,5.57333590026251,4.71675472849966,
180,148,"-VI",2,3.99237148859034,5.3358630766101,"-VI",2,5.40491490418386,5.07923016641805,
180,149,"-vii",3,3.42244598849515,5.12661624566274,"-vii",2,5.68313304837292,5.35245712802485,
180,150,"-III",3,0.386353103412487,1.98231807131359,"-III",3,1.45319408191677,4.17787982652762,
180,151,"i",5,5.7097964241155,5.00235834196481,"i",4,5.7097964241155,5.00235834196481,
,,,,,,,,,,
181,147,"-III",2,4.82186421338466,5.06679945716411,"-III",2,4.82186421338466,5.06679945716411,
181,148,"-VI",2,3.99237148859034,5.3358630766101,"-VI",2,3.99237148859034,5.3358630766101,
181,149,"-vii",3,3.42244598849515,5.12661624566274,"-vii",3,3.42244598849515,5.12661624566274,
181,150,"-III",3,0.386353103412487,1.98231807131359,"-III",3,0.386353103412487,1.98231807131359,
181,151,"i",5,5.7097964241155,5.00235834196481,"i",5,5.7097964241155,5.00235834196481,
181,152,"-vii",2,6.49716268562771,5.33886430994241,"viio",2,6.41989755930101,5.33886430994241,0.0772651263267035
181,153,"-III",2,4.82186421338466,5.06679945716411,"-III",2,5.57333590026251,4.71675472849966,
181,154,"-VI",2,3.99237148859034,5.3358630766101,"-VI",2,5.40491490418386,5.07923016641805,
181,155,"-vii",3,3.42244598849515,5.12661624566274,"-vii",2,5.68313304837292,5.35245712802485,
181,156,"-III",3,0.386353103412487,1.98231807131359,"-III",3,1.45319408191677,4.17787982652762,
181,157,"i",5,5.7097964241155,5.00235834196481,"i",4,5.7097964241155,5.00235834196481,
,,,,,,,,,,
182,153,"-III",2,4.82186421338466,5.06679945716411,"-III",2,4.82186421338466,5.06679945716411,
182,154,"-VI",2,3.99237148859034,5.3358630766101,"-VI",2,3.99237148859034,5.3358630766101,
182,155,"-vii",3,3.42244598849515,5.12661624566274,"-vii",3,3.42244598849515,5.12661624566274,
182,156,"-III",3,0.386353103412487,1.98231807131359,"-III",3,0.386353103412487,1.98231807131359,
182,157,"i",5,5.7097964241155,5.00235834196481,"i",5,5.7097964241155,5.00235834196481,
182,158,"-vii",2,6.49716268562771,5.33886430994241,"viio",2,6.41989755930101,5.33886430994241,0.0772651263267035
182,159,"-III",2,4.82186421338466,5.06679945716411,"-III",2,5.57333590026251,4.71675472849966,
182,160,"-VI",2,3.99237148859034,5.3358630766101,"-VI",2,5.40491490418386,5.07923016641805,
182,161,"V",3,3.05699497976885,5.12661624566274,"V",2,4.28685817222625,5.35245712802485,
182,162,"V",4,1.87341019879723,4.46368458716215,"V",3,3.54414083877443,4.97164283837619,
182,163,"iv",4,6.53783544328929,4.30565872493755,"iv",4,6.31733891533127,4.72855246182271,
,,,,,,,,,,
183,7,"i",6,1.23820635977456,3.67100020653669,"i",6,1.23820635977456,3.67100020653669,
183,8,"i",7,0.914167049060387,3.24726190051152,"i",7,0.914167049060387,3.24726190051152,
183,9,"i",8,0.702907846035572,2.83120598530751,"i",8,0.702907846035572,2.83120598530751,
183,10,"i",9,1.55117640085232,4.19287240326934,"i",9,1.55117640085232,4.19287240326934,
183,11,"i",10,0.97754630075751,3.33509458916171,"i",10,0.97754630075751,3.33509458916171,
183,12,"-vii",10,8.5819854926557,2.78079232422396,"-i",10,8.50030169506199,2.78079232422396,0.0816837975937084
183,13,"-III",2,4.82186421338466,5.06679945716411,"-III",2,6.99350454301801,3.73368269173065,
183,14,"-VI",2,3.99237148859034,5.3358630766101,"-VI",1,5.11572114475607,5.45536975140832,
183,15,"-vii",3,3.42244598849515,5.12661624566274,"-vii",2,5.68313304837292,5.35245712802485,
183,16,"-III",3,0.386353103412487,1.98231807131359,"-III",3,1.45319408191677,4.17787982652762,
183,17,"i",5,5.7097964241155,5.00235834196481,"i",4,5.7097964241155,5.00235834196481,
,,,,,,,,,,
184,42,"-vii",4,0.504336517816472,2.39758656635524,"-vii",4,0.504336517816472,2.39758656635524,
184,43,"-III",3,0.386353103412487,1.98231807131359,"-III",3,0.386353103412487,1.98231807131359,
184,44,"-VI",10,3.23705862165092,3.1766216293389,"-VI",10,3.23705862165092,3.1766216293389,
184,45,"V",4,4.67687763580674,2.39758656635524,"V",4,4.67687763580674,2.39758656635524,
184,46,"V",4,1.87341019879723,4.46368458716215,"V",4,1.87341019879723,4.46368458716215,
184,47,"iv",4,6.53783544328929,4.30565872493755,"v",4,6.45351524704985,4.30565872493755,0.0843201962394371
184,48,"v",3,5.06852662632692,5.02113867993583,"v",3,2.82141925208927,4.67754838909068,
184,49,"iv",3,4.47195819432485,4.63403190002984,"iv",3,5.17201972879008,4.80867434115192,
184,50,"iv",3,4.14196147925016,5.2242700771375,"iv",3,3.37632903779245,5.13864231257155,
184,51,"iv",4,4.85733850913158,4.77185097699991,"iv",4,4.78946128365873,5.05040304722841,
184,52,"v",3,5.04311808808584,5.1531085144439,"v",3,5.04311808808584,5.1531085144439,
,,,,,,,,,,
185,62,"-vii",4,0.504336517816472,2.39758656635524,"-vii",4,0.504336517816472,2.39758656635524,
185,63,"-III",3,0.386353103412487,1.98231807131359,"-III",3,0.386353103412487,1.98231807131359,
185,64,"-VI",8,2.845818240425,5.00235834196481,"-VI",8,2.845818240425,5.00235834196481,
185,65,"V",4,4.67687763580674,2.39758656635524,"V",4,4.67687763580674,2.39758656635524,
185,66,"V",4,1.87341019879723,4.46368458716215,"V",4,1.87341019879723,4.46368458716215,
185,67,"iv",4,6.53783544328929,4.30565872493755,"v",4,6.45351524704985,4.30565872493755,0.0843201962394371
185,68,"v",3,5.06852662632692,5.02113867993583,"v",3,2.82141925208927,4.67754838909068,
185,69,"iv",3,4.47195819432485,4.63403190002984,"iv",3,5.17201972879008,4.80867434115192,
185,70,"iv",3,4.14196147925016,5.2242700771375,"iv",3,3.37632903779245,5.13864231257155,
185,71,"iv",4,4.85733850913158,4.77185097699991,"iv",4,4.78946128365873,5.05040304722841,
185,72,"v",3,5.04311808808584,5.1531085144439,"v",3,5.04311808808584,5.1531085144439,
,,,,,,,,,,
186,90,"-vii",4,0.504336517816472,2.39758656635524,"-vii",4,0.504336517816472,2.39758656635524,
186,91,"-III",3,0.386353103412487,1.98231807131359,"-III",3,0.386353103412487,1.98231807131359,
186,92,"-VI",8,2.845818240425,5.00235834196481,"-VI",8,2.845818240425,5.00235834196481,
186,93,"V",4,4.67687763580674,2.39758656635524,"V",4,4.67687763580674,2.39758656635524,
186,94,"V",4,1.87341019879723,4.46368458716215,"V",4,1.87341019879723,4.46368458716215,
186,95,"iv",4,6.53783544328929,4.30565872493755,"v",4,6.45351524704985,4.30565872493755,0.0843201962394371
186,96,"v",3,5.06852662632692,5.02113867993583,"v",3,2.82141925208927,4.67754838909068,
186,97,"iv",3,4.47195819432485,4.63403190002984,"iv",3,5.17201972879008,4.80867434115192,
186,98,"iv",3,4.14196147925016,5.2242700771375,"iv",3,3.37632903779245,5.13864231257155,
186,99,"iv",4,4.85733850913158,4.77185097699991,"iv",4,4.78946128365873,5.05040304722841,
186,100,"v",3,5.04311808808584,5.1531085144439,"v",3,5.04311808808584,5.1531085144439,
,,,,,,,,,,
187,118,"-vii",4,0.504336517816472,2.39758656635524,"-vii",4,0.504336517816472,2.39758656635524,
187,119,"-III",3,0.386353103412487,1.98231807131359,"-III",3,0.386353103412487,1.98231807131359,
187,120,"-VI",8,2.845818240425,5.00235834196481,"-VI",8,2.845818240425,5.00235834196481,
187,121,"V",4,4.67687763580674,2.39758656635524,"V",4,4.67687763580674,2.39758656635524,
187,122,"V",4,1.87341019879723,4.46368458716215,"V",4,1.87341019879723,4.46368458716215,
187,123,"iv",4,6.53783544328929,4.30565872493755,"v",4,6.45351524704985,4.30565872493755,0.0843201962394371
187,124,"v",3,5.06852662632692,5.02113867993583,"v",3,2.82141925208927,4.67754838909068,
187,125,"iv",3,4.47195819432485,4.63403190002984,"iv",3,5.17201972879008,4.80867434115192,
187,126,"iv",3,4.14196147925016,5.2242700771375,"iv",3,3.37632903779245,5.13864231257155,
187,127,"iv",4,4.85733850913158,4.77185097699991,"iv",4,4.78946128365873,5.05040304722841,
187,128,"v",3,5.04311808808584,5.1531085144439,"v",3,5.04311808808584,5.1531085144439,
,,,,,,,,,,
188,158,"-vii",2,6.49716268562771,5.33886430994241,"-vii",2,6.49716268562771,5.33886430994241,
188,159,"-III",2,4.82186421338466,5.06679945716411,"-III",2,4.82186421338466,5.06679945716411,
188,160,"-VI",2,3.99237148859034,5.3358630766101,"-VI",2,3.99237148859034,5.3358630766101,
188,161,"V",3,3.05699497976885,5.12661624566274,"V",3,3.05699497976885,5.12661624566274,
188,162,"V",4,1.87341019879723,4.46368458716215,"V",4,1.87341019879723,4.46368458716215,
188,163,"iv",4,6.53783544328929,4.30565872493755,"v",4,6.45351524704985,4.30565872493755,0.0843201962394371
188,164,"v",3,5.06852662632692,5.02113867993583,"v",3,2.82141925208927,4.67754838909068,
188,165,"iv",3,4.47195819432485,4.63403190002984,"iv",3,5.17201972879008,4.80867434115192,
188,166,"r",3,3.08056142137262,5.2242700771375,"r",3,2.78837847768182,5.13864231257155,
188,167,"r",3,2.17545014295623,3.54330965554773,"r",3,2.17545014295623,3.54330965554773,
,,,,,,,,,,
189,44,"-VI",10,3.23705862165092,3.1766216293389,"-VI",10,3.23705862165092,3.1766216293389,
189,45,"V",4,4.67687763580674,2.39758656635524,"V",4,4.67687763580674,2.39758656635524,
189,46,"V",4,1.87341019879723,4.46368458716215,"V",4,1.87341019879723,4.46368458716215,
189,47,"iv",4,6.53783544328929,4.30565872493755,"iv",4,6.53783544328929,4.30565872493755,
189,48,"v",3,5.06852662632692,5.02113867993583,"v",3,5.06852662632692,5.02113867993583,
189,49,"iv",3,4.47195819432485,4.63403190002984,"-VI",3,4.37866698981457,4.63403190002984,0.0932912045102876
189,50,"iv",3,4.14196147925016,5.2242700771375,"iv",3,5.37476161204124,4.93934079027999,
189,51,"iv",4,4.85733850913158,4.77185097699991,"iv",3,5.04525788263996,5.10925930507078,
189,52,"v",3,5.04311808808584,5.1531085144439,"v",3,4.96380112976546,5.22519667923164,
189,53,"iv",3,3.55895555044727,4.80225801079704,"iv",3,3.55895555044727,4.80225801079704,
189,54,"iv",4,4.3772734935695,4.84133801506281,"iv",4,4.3772734935695,4.84133801506281,
,,,,,,,,,,
190,64,"-VI",8,2.845818240425,5.00235834196481,"-VI",8,2.845818240425,5.00235834196481,
190,65,"V",4,4.67687763580674,2.39758656635524,"V",4,4.67687763580674,2.39758656635524,
190,66,"V",4,1.87341019879723,4.46368458716215,"V",4,1.87341019879723,4.46368458716215,
190,67,"iv",4,6.53783544328929,4.30565872493755,"iv",4,6.53783544328929,4.30565872493755,
190,68,"v",3,5.06852662632692,5.02113867993583,"v",3,5.06852662632692,5.02113867993583,
190,69,"iv",3,4.47195819432485,4.63403190002984,"-VI",3,4.37866698981457,4.63403190002984,0.0932912045102876
190,70,"iv",3,4.14196147925016,5.2242700771375,"iv",3,5.37476161204124,4.93934079027999,
190,71,"iv",4,4.85733850913158,4.77185097699991,"iv",3,5.04525788263996,5.10925930507078,
190,72,"v",3,5.04311808808584,5.1531085144439,"v",3,4.96380112976546,5.22519667923164,
190,73,"iv",3,3.55895555044727,4.80225801079704,"iv",3,3.55895555044727,4.80225801079704,
190,74,"iv",4,4.3772734935695,4.84133801506281,"iv",4,4.3772734935695,4.84133801506281,
,,,,,,,,,,
191,92,"-VI",8,2.845818240425,5.00235834196481,"-VI",8,2.845818240425,5.00235834196481,
191,93,"V",4,4.67687763580674,2.39758656635524,"V",4,4.67687763580674,2.39758656635524,
191,94,"V",4,1.87341019879723,4.46368458716215,"V",4,1.87341019879723,4.46368458716215,
191,95,"iv",4,6.53783544328929,4.30565872493755,"iv",4,6.53783544328929,4.30565872493755,
191,96,"v",3,5.06852662632692,5.02113867993583,"v",3,5.06852662632692,5.02113867993583,
191,97,"iv",3,4.47195819432485,4.63403190002984,"-VI",3,4.37866698981457,4.63403190002984,0.0932912045102876
191,98,"iv",3,4.14196147925016,5.2242700771375,"iv",3,5.37476161204124,4.93934079027999,
191,99,"iv",4,4.85733850913158,4.77185097699991,"iv",3,5.04525788263996,5.10925930507078,
191,100,"v",3,5.04311808808584,5.1531085144439,"v",3,4.96380112976546,5.22519667923164,
191,101,"iv",3,3.55895555044727,4.80225801079704,"iv",3,3.55895555044727,4.80225801079704,
191,102,"iv",4,4.3772734935695,4.84133801506281,"iv",4,4.3772734935695,4.84133801506281,
,,,,,,,,,,
192,120,"-VI",8,2.845818240425,5.00235834196481,"-VI",8,2.845818240425,5.00235834196481,
192,121,"V",4,4.67687763580674,2.39758656635524,"V",4,4.67687763580674,2.39758656635524,
192,122,"V",4,1.87341019879723,4.46368458716215,"V",4,1.87341019879723,4.46368458716215,
192,123,"iv",4,6.53783544328929,4.30565872493755,"iv",4,6.53783544328929,4.30565872493755,
192,124,"v",3,5.06852662632692,5.02113867993583,"v",3,5.06852662632692,5.02113867993583,
192,125,"iv",3,4.47195819432485,4.63403190002984,"-VI",3,4.37866698981457,4.63403190002984,0.0932912045102876
192,126,"iv",3,4.14196147925016,5.2242700771375,"iv",3,5.37476161204124,4.93934079027999,
192,127,"iv",4,4.85733850913158,4.77185097699991,"iv",3,5.04525788263996,5.10925930507078,
192,128,"v",3,5.04311808808584,5.1531085144439,"v",3,4.96380112976546,5.22519667923164,
192,129,"iv",3,3.55895555044727,4.80225801079704,"iv",3,3.55895555044727,4.80225801079704,
192,130,"iv",4,4.3772734935695,4.84133801506281,"iv",4,4.3772734935695,4.84133801506281,
,,,,,,,,,,
193,160,"-VI",2,3.99237148859034,5.3358630766101,"-VI",2,3.99237148859034,5.3358630766101,
193,161,"V",3,3.05699497976885,5.12661624566274,"V",3,3.05699497976885,5.12661624566274,
193,162,"V",4,1.87341019879723,4.46368458716215,"V",4,1.87341019879723,4.46368458716215,
193,163,"iv",4,6.53783544328929,4.30565872493755,"iv",4,6.53783544328929,4.30565872493755,
193,164,"v",3,5.06852662632692,5.02113867993583,"v",3,5.06852662632692,5.02113867993583,
193,165,"iv",3,4.47195819432485,4.63403190002984,"-VI",3,4.37866698981457,4.63403190002984,0.0932912045102876
193,166,"r",3,3.08056142137262,5.2242700771375,"r",3,3.33696471345613,4.93934079027999,
193,167,"r",3,2.17545014295623,3.54330965554773,"r",2,0.195963211096304,1.07756257577613,
,,,,,,,,,,
