6 1 6 1 6 1 6 1 6 1 2 20 3 1 37 1 37 1 2 20 3 1 6 1 6 1 2 20 3 1 37 1 37 1 2 20 3 1 6 1 6 1 6
56 9 4 56 9 4 56 9 4 56 9 4 56 9 4 56 9 4 56 9 2 11 4 2 9 2 11 4 2 56 9 2 11 4 2 9 2 11 4 2 56 9 4 56 9 4 56 9 4 56 9 2 11 4 2 9 2 11 4 2 9 2 11 4 2 9 2 11 4 2
1 6 1 6 1 7 1 6 1 6 1 7 1 6 1 6 1 7 1 6 1 6 1 7 1 6 1 6 1 7 1 6 1 6 1 7 1 6 1 6 1 7 1 6 1 6 1 7 1 6 1 6 1 7 1 6 1 6 1 7 1 6 1 6 1 7 1 6 1 6 1 7 1 6 1 6 1 7 1
1 6 2 3 1 6 2 3 1 2 1 3 2 1 3 2 1 2 1 3 2 1 3 2 1 2 1 2 3 54 3 1 2 1 3 2 1 3 2 1 2 3 1
1 2 1 2 10 1 22 1 6 2 10 3 2 18 10 1 2 10 3 240 6 138 10 28 1 2 10 3 240 6 138 10 28 1 2 1 2 10 1 22 1 6 2 10 3 2 18 10 1 2 10 3 240 6 138 10 28 1 2 10 3 240 6 138 10 28 1 2 10 3 240 6 138 10 28 1 2 10 3 240 6 138 10 28 1 2 10 3 650 6 138 10 28
1 12 48 1 12 48 1 12 48 13 2 1 10 26 3 1 12 48 13 2 1 3 1 88 19 2 1 7 1 12 1 12 48 1 2 1 10 3 1 12 48 13 2 1 3 1 88 19 2 1 7 1 12 1 12 48 13 2 1 10 3 1 12 48 13 2 1 7 1 12 48 13 2 1 10 3 1 12 48 13 2 1 3 1 88 19 2 1 3 1 88 19 2 1 3 1 12 48 1
1 111 35 111 35 111 4 1 111 35 111 35 111 4 1 3 222 15 3 222 15 8 15 8 15 8 15 8 15 1 8 1 8 1 8 1 2 8 15 8 15 8 15 8 111 4 1 111 35 111 35 111 4 1 8 15 8 15 8 15 8 15 1 8 1 8 1 8 1 2 8 15 8 15 8 15 8 111 4 1 111 4 1 111 4 1 111 4 1 111 4 1 111 4 1 111 4 1
1 13 594 13 1 13 594 13 1 2 1 2 1 2 1 2 1 2 1 2 3 26 1 26 2 196 2 196 2 196 2 1 13 1 3 2 1 2 164 203 3 2 3 1 2 1 23 48 28 3 2 3 1 2 1 23 48 3 2 3 2 3 1 2 1 2 1 2 1 2 1 2 1 2 3 26 1 26 2 196 2 196 2 196 2 1 13 1 3 2 1 2 164 203 3 2 3 1 2 1 23 48 28 3 2 3 1 2 1 23 48 3 2 28 3 2 3 1 2 1 23 48 28 3 2 3 1 2 1 23 48 28 3 2 3
1 38 187 38 1 38 187 38 1 38 187 38 15 18 2 3 1 38 187 38 15 18 2 3 2 3 18 15 3 2 3 18 15 3 2 3 18 15 3 10 3 1 10 2 3 1 10 2 3 1 10 2 3 1 10 3 1 2 10 3 1 2 10 3 1 38 187 38 15 18 2 3 1 38 187 38 15 18 2 3 2 3 18 15 3 2 3 18 15 3 2 3 18 15 3 10 3 1 10 2 3 1 10 2 3 1 10 2 3 1 10 3 1 2 10 3 1 2 10 3 1 38 187 38 15 18 2 3 15 18 2 3 10 3 1 10 2 3 1 10 2 3 1 10 2 3 1 10 2 3 1 10 2 3 1 10 3 1 10 2 3 1 10 2 3 1 10 2 3 1 10 3 1 2 10 3 1 2 10 3 1 2 10 3 1 2 10 3 1 2 10 3 1 2 10 3 1 2 3 2 3 1
36 73 2 36 73 2 36 73 2 36 73 2 36 73 2 36 73 2 36 73 2 36 73 2 6 2 3 1 7 1 7 1 6 2 3 1 7 1 7 1 6 2 3 1 7 1 7 36 73 2 36 73 2 36 73 2 36 73 2 36 73 2 36 73 2 36 73 2 36 73 2 36 73 2 36 73 2 36 73 2 36 73 2 6 2 3 1 7 1 7 1 6 2 3 1 7 1 7 36 73 2 36 73 2 36 73 2 36 73 2 36 73 2 36 73 2 36 73 2 36 73 2 36 73 2 36 73 2 36 73 2 36 73 2 36 73 2 36 73 2 36 73 2 36 73 2 36 73 2 36 73 2 36
5 16 5 16 5 16 5 16 5 16 5 16 5 16 5 16 5 16 5 16 5 16 5 16 5 16 5 16 5 16 5 16 5 16 5 16 5 16 5 16 7 5 16 5 16 5 16 5 16 5 16 5 16 5 16 5 16 5 16 5 16 5 16 5 16 5 16 5 16 5 16 5 16 7 5 16 5 16 5 16 5 16 5 16 5 16 5 16 5 16 5 16 5 16 5 16 5 16 5 16 5 16 5 16 5 16 5 16 5 16 5 16 5 16 5 16 5 16 5 16 5 16 5 16 5 16 5 16 5 16 5 16 5 16 5 16 5 16 5 16 5 16 5 16 5 16 5 16 5 16 5 16 5 16 7 5 16 5 16 5 16 5 16 5 16 5 16 5 16 5 16 5 16 5 16 5 16 5 16 5 16 5 16 5 16 5 16 5 16 5 16 5 16 5 16 5 16 5 16 5 16 5 16 5 16 5 16 5 16 5 16 5 16 5 16 5 16 5 16
1 311 48 7 10 3 10 3 1 10 3 10 3 1 2 432 39 16 4 270 2 11 2 11 2 1 10 3 10 3 1 10 3 10 3 1 2 432 39 16 4 270 2 11 2 11 2 1 10 3 10 3 1 10 3 10 3 1 2 432 39 16 4 270 2 11 2 11 2 11 2 11
21 28 101 21 28 101 262 55 262 55 21 42 3 1 28 200 1 28 200 262 55 262 55 26 200 3 2 3 354 2 3 354 2 3 55 446 21 1 28 200 1 28 200 262 55 262 55 26 200 3 2 3 354 2 3 354 2 3 55 446 10 47 4 255 29 33 11 29 2 3 354 2 3 354 2 3 55 446 2 3 354 2 3 354 2 3 55 446 1 22 8 262 2
1 4 13 1 4 2 1 4 13 1 4 2 1 223 2 1 223 2 126 1 4 13 1 4 13 1 223 2 1 223 2 126 1 4 13 1 4 13 1 4 13 1 223 2 1 223 2 126 1 4 13 1 4 13 1
1 30 1 30 1 8 19 2 1 15 33 3 1 8 19 2 1 15 33 3 1 40 1 10 1 40 15 2 3 18 2 3 6 2 1 2 1 33 7 1 8 19 2 1 15 33 3 1 8 19 2 1 15 33 3 1 40 1 10 1 40 15 2 3 18 2 3 6 2 1 2 1 33 7 1 30 1 30 2 3 18 2 3 6 2 1 2 1 33 7 2 3 18 2 3 6 2 1 2 1 33 7
7 12 1 10 1 10 1 8 17 2 17 8 17 2 3 1 10 1 10 1 10 1 18 10 1 12 13 12 13 12 1 10 1 10 1 8 17 2 17 8 17 2 3 1 10 1 10 1 10 1 18 10 12 13 12 13 12 1 10 1 10 1 8 17 2 17 8 17 2 3 1 10 1 10 1 10 1 10 1 10 1 10 1 10 1 10 1 10 1 10 1 10 1 10 1 10 1
1 6 1 6 2 1 2 3 1 6 1 6 2 1 2 3 1 6 1 6 2 1 2 3 2 1 3 1 2 1 3 2 1 6 1 6 2 1 2 3 2 1 3 1 2 1 3 2 1 6 1 6 2 1 2 3 2 1 3 1 2 1 3 2 1 3 2 1 3 2 1 82 55 102 7 12
2 50 11 20 30 1 14 58 1 14 58 1 14 58 1 14 58 4 2 4 2 4 2 4 2 1 14 58 1 14 58 6 4 30 6 4 30 1 14 58 1 14 58 1 14 58 1 14 58 6 4 30 6 4 30 1 14 58 1 14 58 2 50 11 20 30 1 14 58 1 14 58 6 4 30 6 4 30 1 14 58 1 14 58 1 14 58 1 14 58 1 14 58 1 14 58 1 14 58 1 14 58 4 2 4 2 4 2 4 2 1 14 58 1 14 58 4 2 4 2 4 2 4 2 1 14 58 1 14 58 4 2 4 2 4 2 4 2 1 14 58 1 14 58 4 2 4 2 4 2 4 2 1 14 58 1 14 58 4 2 4 2 4 2 4 2
3 147 18 20 1 37 2 3 2 3 1 37 2 3 2 3 2 3 20 120 3 37 20 120 3 37 3 1 37 2 3 2 3 1 37 2 3 2 3 2 3 20 120 3 37 20 120 3 37 20 4 20 4 11 571 1 37 2 3 2 3 1 37 2 3 2 3 2 3 20 120 3 37 20 120 3 37 20 120 3 37 20 120 3 37 20 120 3 37 20 120 3
1 2 10 52 1 13 18 2 10 52 1 13 18 2 10 52 1 47 2 262 156 205 102 589 1 10 18 2 18 247 10 7 1 47 2 262 156 107 102 589 1 47 2 262 156 1 47 2 262 156 7 1 47 2 262 156 7
1 2 1 2 1 2 1 2 15 2 1 2 1 2 15 2 1 2 1 3 1 2 1 2 15 2 1 2 1 2 15 2 1 2 1 3 1 2 1 3 1 2 1 2 1 2 1 2 1 2 1 2
1 3 6 2 3 1 3 6 2 3 1 3 6 2 3 1 3 6 2 3 1 6 2 3 6 2 3 6 2 3 371 6 40 1 6 2 3 6 2 3 6 2 3 371 6 40 1 3 6 2 3 1 3 6 2 3 1 3 6 2 3 1 3 6 2 3 1 2 3 2 3 2 3 6 1 3 6 2 3 1 3 6 2 3 1 6 2 3 6 2 3 6 2 3 371 6 40 1 6 2 3 6 2 3 6 2 3 371 6 40 1 2 3 2 3 2 3 6 1 3 6 2 3 1 3 6 2 3 1 3 6 2 3 1 3 6 2 3 1
1 2 3 1 2 3 1 2 3 1 2 3 1 2 3 1 2 3 1 2 1 2 1 2 1 2 1 2 1 2 1 2 1 2 1 2 3 1 2 3 1 2 3 1 2 3 1 2 1 2 1 2 1 2 1 2 1 2 1 2 1 2 1 2 3 1 2 1 2 3 1 2 3 10 2 1 3 10 2 30 1 2 1 2 1 2 1 2 1 2 1 2 1 2 1 2 1
1 6 1 6 1 6 1 6 1 6 1 6 1 6 2 3 1 6 1 6 1 6 1 6 1 6 1 6 2 3 1 6 1 6 3 2 3 2 3 2 3 2 3 2 3 2 3 2 1 6 1 6 1 6 1 6 1 6 1 6 2 3 1 6 1 6 3 2 3 2 3 2 3 2 3 2 3 2 3 2 1 6 1 6 1 6 1 6 1 6 1 6 2 3 1 6 2 3 1 6 2 3 1 6 2 3
5 2 7 5 2 7 5 2 7 5 2 7 5 2 7 5 2 7 5 2 7 5 2 7 11 2 5 120 5 120 11 2 5 120 5 2 3 5 2 7 5 2 7 5 2 7 5 2 7 5 2 7 5 2 7 5 2 7 5 2 7 11 2 5 120 5 120 11 2 5 120 5 2 3 5 2 7 5 2 7 5 2 7
33 7 33 7 33 7 1 247 8 7 23 6 23 164 8 438 10 47 501 10 8 7 1 247 8 7 23 6 32 12 22 52 6 17 6 17 33 7 1 247 8 7 23 6 23 164 8 438 10 47 501 10 8 7 1 247 8 7 23 6 32 12 22 52 6 17 6 17 33 7 1 247 8 7 23 6 32 12 22 52 6 17 6 17 33 7 33 7 33 7 1 19 2 164 30 666 1
93 1 93 1 93 1 93 1 101 2 93 1 93 1 101 2 101 2 3 55 8 93 1 93 1 93 1 101 2 93 1 93 1 101 2 101 2 3 55 8 93 1 2 1 3 10 2 6 3 2 1 3 10 6 20 3 93 1 93 1 101 2 10 2 3 1 61 67 6 15 2 8 3 55 8 93 1 3 55 8 93 1 93 1 93 1 93 1 93 1 93 1 93 1 93 1 93 1 93 1
1 36 1 36 66 15 66 15 1 36 1 36 66 15 66 15 1 36 1 36 66 15 66 15 2 43 2 43 8 171 8 171 2 43 2 43 8 171 21 1 36 1 36 66 15 66 15 1 36 1 36 66 15 66 15 1 36 1 36 66 15 66 15 2 43 2 43 8 171 8 171 2 43 2 43 8 171 8 3 96 3 96 3 96 3 96 1 36 1 36 9 101 2 101 2 9 101 2 11 45 577 553 4 9 386 131 519 29 525 584 24 87 212 197 1 36 1 36 66 15 66 15 1 36 1 36 66 15 66 15 2 43 2 43 8 171 8 171 2 43 2 43 8 171 8 3 96 3 96 3 96 3 96 1 36 1 36 1 36 1 36 1 36 1
6 2 6 2 26 3 2 19 10 35 1 19 2 6 10 2 4 2 1 19 2 6 10 2 1 19 2 6 10 2 4 2 1 19 2 6 10 2 1 6 2 6 2 26 3 2 19 10 35 1 19 2 6 10 2 4 2 1 19 2 6 10 2 1 19 2 6 10 2 4 2 1 19 2 6 10 2 1 6 2 6 2 26 3 2 19 10 35 6 138 22 138 6 138 22 138 6 161 15 2 26 3 2 19 10 35 1 19 2 6 10 2 4 2 1 19 2 6 10 2 1 6 2 6 2 26 3 2 19 10 35 6 2 6 2 26 3 2 19 10 35 6
72 294 32 244 27 30 72 294 32 244 27 30 23 17 22 244 23 17 22 244 291 52 15 33 29 12 22 378 291 52 15 33 35 15 22 8 208 15 22 8 30 72 294 32 244 27 30 23 17 22 244 23 17 22 244 291 52 15 33 29 12 22 378 291 52 15 33 35 15 22 8 208 15 22 8 208 15 22 8 30 72 294 32 244 27 30 72 294 32 244 27 30 291 52 15 33 29 12 22 378 291 52 15 33 35 15 22 8 208 15 22 8 208 15 22 8 208 15 22 8 208 15 22 8 208 15 22 8 208 15 22 8 208 15 22 8 208 15 22 8 208 15 22 8 208
1 130 6 10 4 3 1 130 6 10 4 3 1 130 6 10 4 3 1 130 6 10 4 3 1 130 6 10 4 3 1 130 6 10 4 3 1 130 6 10 4 3 1 130 6 10 4 3 1 130 6 10 4 3 1 130 6 10 4 3 1 130 6 10 4 3 1 130 6 10 4 3 1 130 6 2 1
2 17 338 575 48 8 7 1 48 23 48 8 7 1 48 23 1 2 7 1 2 8 7 35 23 3 7 1 8 7 1 72 8 12 59 39 307 24 7 382 7 97 23 35 1 8 7 1 23 48 1 8 30 7 1 23 48 1 2 7 1 23 48 1 2 8 7 35 23 3 7 1 8 7 1 72 8 12 59 39 307 24 7 382 7 97 23 35 1 35 1
25 1 33 7 1 47 1 3 1 2 1 2 3 1 33 7 1 47 1 3 1 33 7 1 47 1 3 1 2 1 2 3 1 33 7 1 47 1 3 139
1 2 1 2 1 2 1 2 1 40 6 18 2 8 1 2 1 2 1 40 6 18 2 8 18 6 2 19 8 1 2 19 8 67 2 19 67 2 19 67 2 19 2 3 1 13 1 13 1 13 1 2 1 40 6 18 2 8 1 13 1 2 1 40 6 18 2 8 18 6 2 19 8 1 2 19 8 67 2 19 67 2 19 67 2 19 2 3 67 2 19 67 2 19 67 2 19 2 3 1 13 1 13 1 13 1 13 1 13 1 13 1 13 1 13 1 13 1 13
1 25 10 3 1 10 3 1 99 77 25 99 77 25 1 10 3 1 10 3 1 10 3 1 10 3 1 10 3 1 10 3 1 10 3 1 10 3 1 10 3 1 10 3 1 10 3 1 10 3 1 10 3 1 10 3 1 10
1 17 6 2 10 1 17 6 2 1 18 2 10 3 1 2 1 2 10 3 1 17 6 2 10 1 2 11 2 11 18 3 18 3 18 11 9 3 6 2 10 1 17 6 2 1 18 2 10 3 1 2 1 2 10 3 1 17 6 2 10 1 2 11 2 11 18 3 18 3 18 11 9 1 18 6 2 10 1 18 6 2 10 1 17 6 2 10 1 17 6 2 10 1 17 6 2 10 1 17 6 2 10
2 51 21 86 2 51 21 86 2 51 21 86 2 51 21 86 2 51 21 86 2 51 21 86 2 51 21 86 2 51 21 86 2 51 21 86 2 51 21 15 2 180 1 15 2 180 1 15 2 180 1 15 2 180 127 301 1 417 127 301 1 417 127 301 1 417 127 301 1 417 127 301 1 15 127 301 1 417 127 301 1 15 127 1 127 1 2 180 1 15 2 180 15 2 180 1 15 2 180 90 1 100 1 90 1 100 1 90 1 100 1 52 2 164 3 2 51 21 86 2 51 21 86 2 51 21 86 2 51 21 86 2 51 21 86 2 51 21 86 127 301 1 15 127 301 1 417 127 301 1 15 127 1 2 180 1 15 2 180 15 2 180 1 15 2 17 1 15 2 180 1 15 2 180 15 2 180 1 15 2 180 1 2 51 21 86 2 51 21 86 2 51 21 86 2 51 21 86 2 51 21 86 2 51 21 86 2 51 21 15 2 3 2 51 21 86 2 51 21 86 2 51 21 86 2 3 1
1 2 3 1 2 3 1 2 3 1 2 3 1 2 3 1 2 3 1 2 1 2 1 2 1 2 1 2 1 2 1 2 1 2 1 2 3 1 2 3 1 2 3 1 2 3 1 2 1 2 1 2 1 2 1 2 1 2 1 2 1 2 1 2 3 1 2 1 2 3 1 2 3 10 2 1 3 10 2 30 1 2 1 2 1 2 1 2 1 2 1 2 1 2 1 2 1
1 13 1 13 1 2 3 1 2 3 1 8 2 3 2 1 2 3 1 18 2 3 2 3 1 13 1 2 3 1 2 3 1 8 2 3 2 1 2 3 1 18 2 3 2 3 1 13 1 228 3 228 3 228 3 2 3 4 2 1 2 3 1 2 3 1 8 2 3 2 1 2 3 1 18 2 3 2 3 1 18 2 3 2 3 4 2 1
7 12 16 12 7 16 12 16 12 7 16 12 16 12 7 16 12 16 12 7 16 12 16 12 7 16 12 16 12 7 16 12 16 12 7 16 12
1 3 2 3 1 3 2 3 1 3 2 3 2 3 2 3 6 20 6 20 2 3 2 3 1 3 2 3 1 3 2 3 1 3 2 3 1 3 2 3 2 3 2 3 6 20 6 20 2 3 2 3 2 3 2 3 2 3 2 3 6 20 6 20 2 3 2 3 2 3 1 3 2 3 1 3 2 3 1 3 2 3 1 3 2 3
7 1 16 1 7 1 16 1 7 1 7 1 16 1 7 1 16 1 7 1 7 1 16 1 7 1 16 1 7 1 16 1 7 1
1 3 1 3 1 3 1 2 1 3 1 3 1 2 1 3 2 3 1 40 6 28 3 6 2 6 2 6 2 1 3 1 3 1 2 1 3 1 3 1 2 1 3 2 3 1 40 6 28 3 6 2 6 2 6 2 1 3 1 3 1 2 1 2 1 2 1 3 12 2 1 3 1
4 2 1 2 1 4 1 4 2 3 18 214 3 18 214 3 18 214 3 18 214 4 2 1 2 1 4 1 4 2 3 18 214 3 18 214 3 18 214 3 18 214 4 2 1 18 214 3 18 214 3 18 214 3 18 214 3 18 214 3 18 214 4 2 4 51 194
7 1 23 48 1 7 1 61 1 12 2 1 7 1 7 1 23 48 1 7 1 61 1 12 2 1 7 1 26 1 23 48 1 7 1 61 1 12 2 1 7 1 7 1 23 48 1 7 1 61 1 12 2 1 7 1 7 1
23 31 62 149 7 23 31 62 149 7 23 62 31 32 149 7 23 62 31 149 7 23 62 31 149 7 23 62 31 149 7 23 62 31 32 149 7 23 62 31 149 7 23 62 31 149 7 23 62 31 149 7 27 90 12 27 90 12 27 90 12 197 14 75 23 62 31 32 149 7 23 62 31 149 7 23 62 31 149 7 23 62 31 149 7 23 62 31 149 7 23 62 31 149 7 23 62 31 149 7 23 62 31 149 7 23 62 31 149 7 23 62 31 149 7 23 62 31 149 7 23 62 31 149 7
24 191 182 124 46 4 127 122 252 229 118 97 46 4 127 122 252 229 118 97 191 293 32 67 118 7 100 191 293 32 67 118 7 100 191 293 32 67 118 7 100 191 293 32 67 604 150 46 4 127 122 252 229 118 97 46 4 127 122 252 229 118 97 191 293 32 67 118 7 100 191 293 32 67 118 7 100 191 293 32 67 118 7 100 191 293 32 67 604 150 46 4 127 122 252 229 118 97 46 4 127 122 252 229 118 97 127 46 127 46 127 46 127 111 97 46 4 127 122 252 229 118 97 46 4 127 122 252 229 118 97 46 4 127 122 252 229 118 97 46 4 127 122 252 229 118 97 46 4 127 122 252 229 118 97 46 4 127 122 252 229 118 97 14 27 111
5 29 2 5 29 2 5 29 2 5 29 2 29 11 2 29 11 2 29 11 2 29 5 29 2 5 29 2 29 11 2 29 11 2 29 11 2 29 5 29 2 5 29 2 29 11 2 29 11 2 29 11 2 29 14 32 16 14 32 16 29 11 2 29 11 2 29 11 2 29 11 2 29 11 2 29 11 2 29 11 2 29 11 2 29 11 2 29 11 2 29 11 2 29 11 2 29 11 2 29 11 2 29 11 2 29 11 2 29 11 2 29 11 2 29 11 2 29 11 2 29 11 2 29 11 2 29 11 2 29 11 2 29 11 2 29 11 2 29 11 2 29 11 2 29 11 2 29 11 2
1 2 1 2 1 25 44 25 77 44 1 2 1 2 1 7 2 1 2 1 2 1 2 1 2 1 2 1 2 1 2 1 7 2 1 2 1 2 1 2 1 2 1 2 1 2 1 2
1 13 38 13 1 13 38 13 1 40 405 1 40 405 1 28 3 2 1 3 2 1 2 1 2 1 3 1 2 3 2 1 2 3 2 1 28 3 2 1 28 3 2 1 3 2 1 3 2 1 2 1 2 1 3 1 2 1 3 2 1 3 2 1 2 3 2 3 1 2 28 3 1 2 1 3 2 1 3 2 1 2 28 3 2 3 2 3 1 2 3 2 1 2 3 2 1 2 3 2 1
1 38 13 38 1 38 13 6 17 2 28 1 38 13 38 1 38 13 38 1 38 13 38 6 17 2 3 1 13 38 1 13 38 1 13 38 1 2 19 8 28 2 19 8 30 1 38 13 38 1 38 13 38 1 38 13 172 6 2 30 1 38 13 38 1 38 13 38 1 38 13 172 6 17 2 30 1 13 38 1 13 38 1 13 38 1 2 19 8 28 2 19 8 30 1 38 13 38 1 38 13 1 38 13 38 1 38 13 25 2 19 8 28 1 13 38 1 13 38 1 13 38 1 2 19 8 28 1 13 413 1 13 413 1
1 2 1 2 1 2 1 2 3 1 4 1 4 1 4 1 4 1 2 11 2 11 2 11 2 11 2 3 1 2 1 2 1 2 1 2 3 1 4 1 4 1 4 1 4 1 2 11 2 11 2 11 2 11 2 3 1 44 3 1 4 1 4 1 4 1 4 1 2 11 2 11 2 11 2 11 2 3
1 11 2 1 11 2 1 11 24 11 24 11 24 1 11 24 11 24 11 24 1 11 2 1 11 2 1 11 2 1 11 2 1 11 24 11 24 11 24 1 11 24 11 24 11 24 1
1 8 7 72 8 17 8 3 72 8 3 72 8 7 72 8 17 8 3 72 8 3 23 8 7 72 8 17 8 3 72 8 23 8 7 72 8 17 8 3 72 8 17 8 3
1 12 2 1 7 1 7 1 7 1 12 2 1 7 1 7 1 7 1 12 2 1 7 1 12 2 1 7 1 7 1 7 1 12 2 1 7 1 7 1 7 1 12 2 1 7 1
3 2 1 3 2 3 2 6 1 2 3 2 3 2 1 18 2 1 6 3 18 2 1 6 3 2 1 3 2 3 2 6 1 2 3 2 3 2 1 18 2 1 6 3 18 2 1 6 3 2 6 2 1 18 2 3 6 2 1 18 2 3 2 3 2 1 18 2 1 6 3 18 2 1 6 3 2 1 6 3 2 3 2 6 2 1 18 2 3 6 2 1 18 2 3
1 12 1 12 1 12 2 12 2 3 1 2 3 1 2 3 1 12 2 12 2 3 1 2 3 1 2 3 1 12 2 12 2 3 1 2 3 1 2 3 1 2 3 1 2 3 1 12
11 5 1 11 5 1 11 5 21 53 129 42 3 4 21 53 129 42 3 4 5 4 9 2 3 5 4 9 2 51 3 5 10 11 2 3 9 3 5 10 11 2 3 9 3 5 11 5 11 21 53 129 42 3 4 21 53 129 42 3 4 5 4 9 2 3 5 4 9 2 51 3 5 10 11 2 3 9 3 5 10 11 2 3 9 3 5 11 5 11 4 1 3 2 11 45 5 4 37 4 1 3 2 74 49 77 99 25 77 3 25 92 44 77 44 74 254 25 92 44 51 3 5 10 11 2 3 9 3 5 11 2 9 3 5 11 2 9 3 5 11 2 9 3 5 11 2 9 3 5 11 2 9 3 5 11 2 9 3 5 11 2 9 3 5 11 2 9 3 5
1 257 219 312 301 1 257 219 312 21 1 257 219 312 21 1 257 219 312 21 4 5 4 5 4 5 4 9 3 5 9 4 5 9 4 1 257 219 312 21 1 257 219 312 21 1 257 219 312 21 4 5 4 5 4 5 34 9 3 5 9 4 5 9 4 9 4 9 4 1 257 219 312 21 1 257 219 312 21 1 257 219 312 21 4 5 4 5 4 5 4 9 3 5 9 4 5 9 4 5 9 4 5 9 4 5 9 4
75 23 15 75 17 223 75 6 201 406 386 26 271 2 18 6 162 75 23 15 75 17 223 75 6 201 406 386 26 271 2 18 6 162 75 12 281 119 12 281 119 12 281 119 12 281 119 23 15 75 17 223 75 6 201 406 386 26 271 2 18 6 162 75 12 281 119 12 281 119 12 281 119 12 281 119 12 281 119 12 281 119 12 281 119 12 281 119 12 281 119
26 17 43 30 1 8 19 22 8 30 36 24 36 185 36 251 229 568 36 185 36 185 36 251 229 111 26 36 185 36 185 36 251 229 111 26 36 442 36 17 6 22 161 41 7 36 442 36 17 66 101 167 30 474 59 17 15 105 72 435 315 569 107 253 209 124 46 62 463 213 207 218 107 27 124 46 62 463 213 207 218 107 27 258 148 95 46 62 263 268 253 267 209 148 95 46 62 263 268 253 267 209 148 95 46 62 263 268 253 267 209 148 95 46 62 263 268 253 267 209 148 95 46 62 263 268 253 267 209 148 95 46 62 263 268 253 267 209 148 95 46 62 263 268 253 267 209 148 95 46 62 263 268 253 267 209 148 95 46
6 50 6 1 6 1 6 2 1 6 2 1 6 1 6 2 1 6 2 1 6 1 6 2 1 6 2 1 6 1 6 2 1 6 2 1 6 1 6 2 1 6 2 1 6 1 6 2 1 6 2 1 6 1 6 2 1 6 2 1 6 1 6 2 1 6 2 1 2 1 6 2 1 6
1 2 1 2 1 2 1 2 1 2 1 2 1 2 1 2 1 2 1 2 1 2 1 2 1 2 1 2 1 2 1 2 1 2 1 2 1 2 4 2 4 2 4 2 4 2 4 2 4 7 1 2 1 2 1 2 1 2 1 2 1 2 1 2 1 2 1 2 1 2 1 2 1 2 1 2 1 2 1 2 1 2 1 2 1 2 1 2 1 2 1 2 1 2 1 2 1 2 4 2 4 2 4 2 4 2 4 2 4 7 1 2 1 2 1 2 1 2 1 2 1 2 1 2 1 2 1 2 1 2 1 2 1 2 1 2 1 2 1 2 1 2 1 2 1 2
1 34 1 34 1 4 1 4 1 4 2 3 1 2 3 1 4 1 4 1 4 2 3 1 2 3 1 2 3 1 2 3 1 4 1 4 1 4 2 3 1 2 3 1 34 1 34 1 4 1 4 1 4 2 3 1 2 3 1 2 3 1 2 3 1 2 3 1 2 3 1
1 2 1 2 1 2 1 2 1 2 1 2 1 2 1 2 1 2 1 2 1 2 1 2 1 2 1 2 1 2 1 2 1 2 1 2 1 2 1 2 1 2 1 2 1 2 1 2 1 2 1 2 1 2 1 2 1 2 1 2 1 2 1 2 1 2 1 2 1 2 1 2 1 2 1 2 1 2 1 2 1 2
1 21 42 21 42 21 3 6 3 2 3 1 39 7 1 39 7 1 39 7 1 39 7 21 42 21 3 6 3 2 3 1 39 7 1 39 7 1 39 7 1 39 7 21 42 21 3 6 3 2 3 1 39 7 1 39 7 1 39 7 1 39 7 1 39 7 1 39 7 1 39 7 1 39 7 1 39 7 1 39 7 1 39 7 1 39 7 1 39 7 1 39 7 1 39 7 1 39 7
14 112 14 112 14 112 14 112 14 112 14 112 14 112 14 112 14 112 14 112 14 112 14 112 14 112 14 112 14 112 14 112 14 112 14 112 14 112 14 112 161 87 161 239 161 87 161 15 33 32 12 117 16 14 112 14 112 14 112 14 112 14 112 14 112 14 112 14 112 14 112 14 112 14 112 14 112 14 112 14 112 14 112 14 112 14 112 14 112 14 112 14 112 14 112 14 112 14 112 14 112 14 112 14 112 14 112 14 112 14 112 14 112 14 112 14 112 14 112 14 112 14 112 14 112 14 112 14 112
1 130 35 12 2 1 130 35 12 2 30 1 8 7 1 130 35 12 2 1 130 35 12 2 30 1 8 7 1 2 7 1 2 7 1 2 3 1 40 15 2 30 3 7 1 130 35 12 2 1 130 35 12 2 1 130 35 12 2 30 1 40 8 7 1 130 35 12 2 30 1 40 8 7 1 130 1
1 2 3 1 106 50 6 2 3 1 2 3 1 106 50 6 2 3 1 2 18 2 1 2 18 6 33 2 3 1 2 3 1 106 50 6 2 3 1 2 3 1 106 50 6 2 3 1 2 3 1 2 3 1
2 6 2 6 2 6 2 3 2 1 3 37 1 3 37 1 3 20 1 3 52 3 20 37 144 2 6 2 3 2 1 3 37 1 3 37 1 3 20 1 3 52 3 20 37 20 37 2 6 2 3 2 1 3 37 1 3 37 1 3 20 1 3 52 3 20 37 1 3 37 1 3 20 1 3 52 3 20 37 20 37 20 37 20 37 20 37 20 37 20 37 20 37 20 37 20 37
5 9 4 11 5 9 4 11 24 4 5 24 4 5 9 4 11 5 9 4 11 24 4 5 24 4 5 9 4 11 5 9 4 11 24 4 5 24 4 5 11 5 11 24 4 5 24 4 5 9 4 11 5 9 4 11 24 4 5 24 4 5 11 5 11 24 4 5 24 4 5 11 5 11 5 11 5 11 5 11 5 11 5 11 5 11 5 11 5
72 256 72 256 1 6 18 2 10 1 13 1 13 1 6 18 2 10 1 13 1 13 1 10 6 155 39 2 39 2 10 6 155 39 2 39 2 81 3 81 3 72 256 72 256 1 393 141 2 75 3 480 530 496 72 256 72 256 1 6 18 2 10 1 13 1 13 1 10 6 155 39 2 39 2 10 6 155 39 2 39 2 81 3 81 3 72 256 72 256 1 393 141 2 75 3 480 530 496 72 256 72 256 1 393 141 2 75 3 480 530 496 72 256 72 256
5 9 4 5 9 4 5 9 4 5 9 4 5 9 4 5 9 4 5 9 4 5 9 4 5 9 4 5 9 4 5 9 4 5 9 4 5 9 4 5 9 4 5 9 4 5 9 4 5 9 4 5 9 4 5 9 4 5 9 4 5 9 4 5 9 4 5 9 4 5 9 4 5 9 4 5 9 4 5 9 4 5 9 4 5 9 4 5 9 4 5 9 4 5 9 4 5 9 4 5 9 4 5 9 4 5 9 4 5 9 4 5 9 4 5 9 4 5 9 4 5 9 4 5 9 4 5 9 4 5 9 4 5 9 4 5 9 4 5 9 4 5 9 4 5 9 4
1 11 2 1 11 2 1 11 24 11 24 11 24 1 11 24 11 24 11 24 1 11 2 1 11 2 1 11 2 1 11 2 1 11 24 11 24 11 24 1 11 24 11 24 11 24 1
5 277 31 30 7 5 277 31 30 7 9 95 11 9 95 11 9 95 11 9 95 11 126 24 1 206 25 5 277 31 30 7 5 277 31 30 7 9 95 11 9 95 11 9 95 11 9 95 11 126 24 1 206 25 9 95 11 9 95 11 9 95 11 9 95 11 126 24 1 206 25 5 277 31 30 7 5 277 31 30 7 5 277 31 30 7
5 2 11 5 11 2 14 5 21 53 42 21 53 42 21 53 21 4 2 5 2 11 5 2 11 5 4 2 5 4 2 5 4 5 4 2 5 2 11 5 2 11 5 2 11 5 11 2 5 117 5 11 2 46 4 2 5 4 2 5 4 2 5 4 5 4 2 5 2 11 5 2 11 5 2 11 5 11 2 5 2 11 5 2 11 5 2 11
1 2 1 2 4 3 1 2 1 2 1 2 1 2 1 2 1 2 1 2 1 2 4 11 20 7 5 24 11 1 2 1 2 1 2 1 2 1 2 1 2 1 2 4 11 20 3 1 2 4 3 1 2 4 3 1 2 4 3 1 2 4 3 1 2 1 2 1 2 1 2 1 2 1 2 1 2 4 11 20 3 1 2 4 11 20 3 1 13 1 13 1 13 4 2 1
1 66 59 17 1 66 59 17 1 66 59 17 10 166 77 1 18 2 9 1 18 2 15 2 1 108 2 1 2 109 1 2 109 1 2 109 2 19 167 1 66 59 17 1 66 59 17 10 166 77 1 18 2 9 1 18 2 15 2 1 108 2 1 2 109 1 2 109 1 2 109 2 19 167 1 66 59 17 1 66 59 17 10 166 9 45 9 45 9 45 9 45 9 45 9 45 9 45 1 2 109 1 2 1 10 19 2 109 1 2 19 167 1 66 59 17 1 66 59 17 8 66 15 8 66 15 8 166 1 66 59 17 1 66 59 17 1 66 59 17 1 66 59 17 1 66 59 17 1 66 59 17 1
14 5 9 7 5 9 97 7 5 9 7 5 9 97 7 5 555 27 28 27 7 31 4 110 5 9 7 5 9 97 7 5 9 7 5 9 97 7 5 555 27 28 27 7 31 4 110 5 9 7 5 9 97 7 5 9 7 5 9 7 5 9 7 5 9 97 7 5 97 7 5
21 51 86 42 51 21 51 86 42 51 21 51 86 42 51 21 51 86 42 51 21 51 86 42 51 21 51 86 42 51 21 51 86 42 51 21 51 86 42 51 21 51 86 42 51 21 3 26 1 6 26 1 6 2 3 1 6 3 21 51 86 42 51 21 51 86 42 51 21 51 86 42 51 21 51 86 42 51 21 51 86 42 51 21 51 86 42 51 21 51 86 42 51 21 3 26 1 6 26 1 6 2 3 1 6 3 26 1 6 26 1 6 144 6 144 2 3 1 2 3 1 2 3 1 6 3 42 3 375 37 221 264 221 264 375 37 221 264 221 264 375 37 221 264 221 264 375 37 221 264 221 264 2 3 1 6 3 21 51 86 42 51 21 51 86 42 51 21 51 86 42 51 21 51 86 42 51 21 3 26 1 6 26 1 6 26 1 6 26 1 6 2 3 1 6 3 26 1 6 144 6 144 26 1 6 144 6 144 26 1 6 144 6 144 26 1 26 1 2 1
1 6 1 6 1 6 1 6 10 3 10 3 1 19 1 19 237 369 237 369 1 19 1 19 237 369 237 369 2 1 6 1 6 2 1 6 1 6 1 6 1 6 10 3 10 3 1 19 1 19 237 369 237 369 1 19 1 19 237 369 237 369 2 1 6 1 6 2 1 6 1 6 1 6 1 6 10 3 10 3 1 6 1 6 1 6 1 6 10 3 10 3 1 6 1 6 1 6 1 6 10 3 10 3
2 50 6 40 152 23 2 50 6 40 2 50 6 40 23 2 50 37 2 50 6 40 152 23 2 50 6 40 2 50 6 40 23 2 50 37 8 3 1 8 3 6 3 8 3 1 8 7 37 2 50 6 40 152 23 2 50 6 40 2 50 6 40 23 2 50 37 8 3 1 8 3 6 3 8 3 1 8 7 37 2 50 6 40 152 23 2 50 6 40 2 50 6 40 23 2 50 37 2 50 6 40 152 23 2 50 6 40 2 50 6 40 23 2 50 37 8 3 1 8 3 6 3 8 3 1 8 7 37 8 3 1 8 3 6 3 10
1 6 2 3 1 6 2 3 1 6 2 3 1 6 2 3 1 6 2 3 1 6 2 3 1 6 2 3 1 6 2 3 1 6 2 3 1 6 2 3 1 6 2 3 1 6 2 3 1 6 2 3 1 6 2 3 1 6 2 3 1 6 2 3 1 6 2 3 1 6 2 3
1 6 2 3 1 6 2 3 1 6 2 3 1 6 2 3 1 6 2 3 1 6 2 3 1 6 2 3 1 6 2 3 1 6 2 3 1 6 2 3 1 6 2 3 1 6 2 3 1 6 2 3 1 6 2 3 1 6 2 3 1 6 2 3 1 6 2 3 1 6 2 3
1 2 1 2 15 2 3 15 3 2 1 2 10 17 6 17 2 6 17 2 6 17 2 1 2 1 2 15 2 3 15 3 2 1 2 10 17 6 17 2 6 17 2 6 17 2 6 17 2 22 3 20 2 3 22 3 6 3 2 3 6 17 2 6 17 2 6 17 2 6 17 2 6 17 2 6 17 2 6 17 2 6 17 2 22 3 6 3 2 3 6 17 2 6 17 2 6 17 2 1 2 1 2 15 2 3 15 3 2 1 2 10 17 6 17 2 6 17 2 6 17 2 6 17 2 6 17 2 6 17 2 6 17 2 6 17 2 6
77 32 159 4 409 159 4 409 6 4 6 1 6 3 2 14 1 2 1 4 2 1 2 1 6 4 6 1 6 3 2 14 1 2 1 4 2 1 2 1 6 4 6 1 6 3 2 6 2 6 2 184 52 6 2 6 2 184 52 14 1 2 1 4 2 1 2 1 6 4 6 1 6 3 2 6 4 6 1 6 3 2 6 4 6 1
1 2 1 2 1 3 4 1 3 4 2 1 2 1 2 1 3 4 1 3 4 2 1 4 2 1 2 3 1 2 3 1 2 3 1 119 55 1 119 55 1 3 4 1 3 4 2 1 4 2 1 2 3 1 2 3 1 2 3 1 119 55 1 119 55 1 3 4 1 3 4 2 1 4 2 1 2 3 1 2 3 1 2 3 1 119 55 1 119 55 1 2 3 1 2 3 1 2 3 1 2 3 1 2 3 1 2 3 1 2 3 1
1 2 4 7 1 2 4 7 1 2 1 3 16 1 2 4 7 1 2 1 3 16 1 2 4 7 16 1 3 16 1 12 16 1 7 16 1 2 4 7 1 2 4 7 1 2 1 7 16 1 2 4 7 16 1 7 16 1 12 16 1 7 16 1 2 4 7 1 2 4 7 1 2 4 7 1 2 4
14 46 14 46 14 46 14 46 14 46 14 46 14 46 14 46 14 27 14 27 195 44 14 46 14 46 14 46 14 46 14 46 14 46 14 27 14 27 195 44 14 46 14 46 14 46 14 46 14 46 14 46 14 27 14 27 195 44 14 46 14 46 14 46 14 46 14 46 14 46 14 27 14 27 195 44 14 46 14 46 14 46 14 46 14 46 14 46 14 27 14 27 195 44 14
1 12 68 58 226 1 58 226 1 58 226 1 58 226 1 58 226 1 58 226 1 58 102 45 334 464 461 45 334 464 461 45 334 464 461 45 334 464 461 45 20 468 511 20 468 511 20 468 511 20
1 2 35 1 4 2 7 8 2 4 8 15 33 35 1 4 17 47 8 1 2 35 1 4 2 7 8 2 4 8 15 33 35 1 4 17 47 8 1 2 35 1 4 2 7 8 2 4 8 15 33 35 1 4 17 47 8 1 2 35 1 4 2 7 8 2 4 8 15 33 35 1 4 17 47 8 1 2 35 1 4 2 7 8 2 4 8 15 33 35 1 4 17 47 8 1
1 6 2 3 1 6 2 3 1 6 2 3 1 6 2 3 1 6 2 3 1 6 2 3 1 6 2 3 1 6 2 3 1 6 2 3 1 6 2 3 1 6 2 3 1 6 2 3 1 6 2 3 1 6 2 3 1 6 2 3 1 6 2 3 1 6 2 3 1 6 2 3
1 6 2 3 1 6 10 7 13 1 6 22 8 3 164 3 1 6 10 7 13 1 6 22 3 1 9 134 24 85 45 10 3 1 108 6 138 22 41 10 3 1 6 10 7 13 1 6 22 3 1 6 10 7 13 1 6 22 3 1 6 2 1
1 6 2 3 1 6 2 3 1 6 2 3 1 6 2 3 1 6 2 3 1 6 2 3 1 6 2 3 1 6 2 3 1 6 2 3 1 6 2 3 1 6 2 3 1 6 2 3 1 6 2 3 1 6 2 3 1 6 2 3 1 6 2 3 1 6 2 3 1 6 2 3
1 7 1 7 1 7 1 7 1 2 1 2 1 2 1 2 1 2 1 2 1 2 3 1 2 7 1 2 7 1 2 7 1 2 7 1 2 1 2 1 2 1 2 1 2 1 2 1 2 3 1 2 7 1 2 7 1 2 7 1 2 7 2 4 2 4 3 1 2 1 2 1 2 1 2 1 2 1 2 1 2 3 1 2 7 1 2 7 1 2 7 1 2 7 1 2 1 2 1 2 1 2 1 2 1 2 1 2 3 1 2 7 1 2 7 1 2 7 1 2 7 2 19 106 1
183 99 183 44 1 10 1 10 1 2 1 2 4 50 6 10 6 2 1 10 3 1 10 1 10 1 2 1 2 4 50 6 10 6 2 1 10 3 1 4 6 10 6 2 1 6 10 3 1 10 1 2 1 2 4 50 6 10 6 2 1 10 3 1 10 1 10 1 2 1 10 1 2 1 10 1 2
24 5 24 29 5 24 5 24 29 5 24 5 24 29 5 24 5 24 29 5 24 5 24 29 5 24 5 24 29 5 24 5 24 29 5 24 5 24 29 5 9 4 29 1 9 4 29 182 24 5 24 29 5 24 5 24 29 5 24 5 24 29 5 24 5 24 29 5 24 5 24 29 5 24 5 24 29 5 24 5 24 29 5 9 4 29 1 9 4 29 182 24 5 24 29 5 24 5 24 29 5 24 5 24 29 5 24 5 24 29 5 24 5 24 29 5 24 5 24 29 5 24 5 24 29 5 24 5 24 29 5 24 5 24 29 5 24 5 24 29 5 24 5 24 29 5 24 5 24 29 5 24 5 24 29 5 24 5 24 29 5 24 5 24 29 5 24 5 24 29 5 24 5 24 29
1 2 7 1 2 7 1 2 7 1 3 1 3 1 2 7 1 2 7 1 3 1 3 1 2 7 1 2 7 1 3 1 3 1 3 1 3 1 2 7 1 2 7 1 3 1 3 1 3 1 3 1
1 2 3 2 1 2 3 2 1 2 3 2 1 2 3 2 1 2 3 2 1 2 3 2 1 2 3 2 1 2 3 2 1 2 1 2 1 2 3 2 1 2 1 2 1 2 3 28 1 2 3 2 1 2 3 2 1 2 3 2 1 2 3 2 1 2 3 2 1 2 3 2 1 2 3 2 1 2 3 2 1 2 1 2 1 2 3 2 1 2 1 2 1 2 3 2 1 2 1 2 1 2 3 2 1 2 1 2 1 2 3 28 1 2 3 2 1 2 3 2 1 2 3 2 1 2 3 2 1 2 3 2 1 2 3 2 1 2 3 2 1 2 3 2
12 7 12 16 33 16 33 16 33 16 33 16 33 12 16 33 12 7 12 7 12 7 12 16 33 16 33 16 33 16 33 16 33 12 16 33 12 7 12 7 12 7 12 16 33 16 33 16 33 16 33 16 33 12 16 33 12 7 12 7 16 33 16 33 16 33 16 33 16 33 16 33
125 9 4 125 9 4 14 31 32 27 32 31 9 4 125 14 31 32 27 32 31 4 125 118 30 7 72 61 1 14 186 118 7 9 4 14 31 32 27 32 31 9 4 125 9 4 46 31 32 27 4 125 118 30 7 72 1 14 186 118 7 27 4 46 9 29 27 32 31 9 4 125 9 4 125 9 4 125 9 4 125 9 4
13 1 13 1 40 55 3 2 1 13 1 13 1 40 55 3 2 1 13 1 13 1 40 55 3 2 1 13 1 13 1 40 55 3 2 1 3 6 3 6 2 13 1 13 1 40 55 3 2 1 13 1 13 1 40 55 3 2 1 13 1 13 1 40 55 3 2 1 13 1 13 1 40 55 3 2 1 3 6 3 6 2 3 2 3 2 3 2 3 13 1 13 1 40 55 3 2 1 13 1 13 1 40 55 3 2 1 13 1 13 1 40 55 3 2 1 13 1 13 1 40 55 3 2 1 3 6 3 6 2 3 2 3 2 3 2 3 13 1 13 1 40 55 3 2 1 13 1 13 1 40 55 3 2 1 13 1 13 1 40 55 3 2 1 13 1 13 1 40 55 3 2 1 13 1 13 1 40 55 3 2 1 13 1 13 1
7 1 7 1 12 2 33 7 1 7 1 2 7 1 3 7 1 2 7 1 7 1 7
280 6 2 6 2 6 2 18 2 3 2 40 1 3 2 40 1 3 2 40 1 274 280 6 2 6 2 6 2 18 2 3 2 40 1 3 2 40 1 3 2 40 1 274 2 40 1 3 2 40 1 3 2 40 1 274 75 2 40 1 3 2 40 1 3 2 40 1 274 2 40 1 3 2 40 1 3 2 40 1 274 2 40 1 3 2 40 1 3 2 40 1
43 210 11 8 14 132 15 197 14 95 111 41 38 1 38 1 17 22 87 8 41 38 1 38 1 17 22 59 87 8 41 22 210 87 8 41 22 210 87 8 210 22 210 87 8 41 38 1 38 1 17 22 87 8 41 22 210 87 8 41 22 210 87 8 210 22 210 87 8 41 247 8 17 22 41 38 1 38 1 17 22 87 8 41 22 210 87 8 41 22 210 87 8 210 22 210 87 8 41 22 210 87 8 41 22 210 87 8 41 22 210 87 8 41 22 210 87 8 41 22 210 87 8 41 22 210 87 8 41 22 210 87 8 41
20 25 12 234 25 234 25 12 234 25 234 25 4 10 11 126 4 10 11 20 451 12 25 234 25 12 25 234 25 12 25 234 25 12 25 234 25 234 25
22 6 33 7 1 2 3 1 2 3 6 3 6 33 3 2 3 2 3 2 3 7 1 2 3 1 2 3 6 3 6 33 3 2 3 2 3 2 3 7 2 1 2 1 2 6 33 7 1 2 3 1 2 3 6 3 6 33 3 2 3 2 3 2 3 7 1 2 3 1 2 3 1 2 3 1
220 254 220 313 5 4 5 4 5 4 5 4 5 4 5 4 9 4 5 4 5 4 5 4 9 4 5 4 5 4 5 4 5 4 5 4 5 4 5 4 5 4 5 4 9 4 5 4 5 4 5 4 9 4 5 4 5 4 5 4 5 4 5 4 5 4 5 4 5 4 5 4 5 4 5 4 9 4 5 4 5 4 5 4 9 4 5 4 5 4 5 4 5 4 5 4 5 4 5 4 5 4 5 4 5 4 5 4 5 4 5 4 5 4 5 4 5 4 5 4 5 4 5 4
1 12 2 3 2 1 12 2 3 1 12 2 1 7 1 12 2 1 7 1 12 2 3 2 1 12 2 3 1 12 2 1 7 1 12 2 1 7 1
56 7 16 12 106 12 7 56 7 16 12 106 12 7 56 7 16 12 106 12 7 56 7 16 12 106 7 16 12 106 7 16 12 106 12
72 294 32 244 27 30 72 294 32 244 27 30 23 17 22 244 23 17 22 244 291 52 15 33 29 12 22 378 291 52 15 33 35 15 22 8 208 15 22 8 30 72 294 32 244 27 30 23 17 22 244 23 17 22 244 291 52 15 33 29 12 22 378 291 52 15 33 35 15 22 8 208 15 22 8 208 15 22 8 30 72 294 32 244 27 30 72 294 32 244 27 30 291 52 15 33 29 12 22 378 291 52 15 33 35 15 22 8 208 15 22 8 208 15 22 8 208 15 22 8 208 15 22 8 208 15 22 8 208 15 22 8 208 15 22 8 208 15 22 8 208 15 22 8 208
1 11 241 5 1 11 241 5 1 199 1 199 1 199 1 199 1 199 1 11 241 1 11 241 1 11 241 1 11 241 1 199 1 199 1 199 1 199 1 199 1 199 1 199 1 199 1 11 241 5 1 11 241 5 1 11 241 5 1 11 241 5 1 199 1 199 1 199 1 199 1 199 1 199 1 199 1 199 1 199 1 199 1 199 1 199 1 199 11 241 1 199 1
325 8 7 8 7 48 151 48 389 8 7 8 7 48 151 23 18 6 18 6 18 2 3 8 7 8 7 48 151 48 389 8 7 8 7 48 151 23 18 6 18 6 18 2 7 3 8 7 8 7 48 151 48 389 8 7 8 7 48 151 48 389 8 7 8 7 48 151 48 389 8 7 8 7 48 151 48 389 8 7 8 7 48 151 48 389 8 7 23
394 124 394 328 513 643 619 626 394 635 4 1 4 1 4 1 683 216 23 190 23 190 23 190 23 190 3 15 71 15 1 4 87 328 87 328 87 328 3 15 71 15 23 190 23 190 23 190 23 190 1 4 87 328 87 328 87 328 3 15 71 15 23 190 23 190 23 190 23 190 1 4 87 328 87 328 87 328 3 15 71 15 23 190 23 190 23 190 23 190 3 15 71 15 23 190 23 190 23 190 23 190 4 87 31 4 23
1 3 1 2 3 1 3 1 2 3 7 1 10 18 2 1 2 1 7 1 2 7 1 2 3 1 2 18 10 1
1 6 1 6 1 6 1 6 1 6 1 6 1 6 2 3 1 6 1 6 1 6 1 6 1 6 1 6 2 3 1 6 1 6 3 2 3 2 3 2 3 2 3 2 3 2 3 2 1 6 1 6 1 6 1 6 1 6 1 6 2 3 1 6 1 6 3 2 3 2 3 2 3 2 3 2 3 2 3 2 1 6 1 6 1 6 1 6 1 6 1 6 2 3 1 6 2 3 1 6 2 3 1 6 2 3
5 56 24 29 56 24 29 56 24 29 31 5 56 27 11 111 188 27 32 15 32 15 133 56 24 29 56 24 29 56 24 29 31 5 56 27 11 111 188 27 32 14 56 27 11 111 188 27 32 15 32 15 133 14 56 24 29 56 24 29 56 24 29 56 24 29 56 24 29 56 24 29 56 24 29 56 24 29 56 24 29 56 24 29 56 24 29 56 24 29 56 24 29 56 24 29 56 24 29 56 24 29 56 24 29 56 24 29 56 24 29
1 7 8 7 1 12 2 28 7 1 2 1 7 1 12 2 28 7 1 2 1 7 8 7 1 12 2 28 7 1 2 1 12 2 28 7 1 2 1 7 1 12 2 28 7 1 2 1 7 8 7 1 12 2 28 7 1 2 1 28 7 13 1
14 27 14 396 14 27 14 396 6 9 24 3 5 24 3 14 16 14 396 6 9 24 3 5 24 3 14 2 24 14 2 24 14 2 24 14 2 24 14 2 24 14 2 24 14 2 24 14 2 24 14 2 24
1 3 2 3 48 39 139 39 139 39 6 39 139 39 139 39 139 7 6 3 39 7 6 3 139 39 139 39 139 39 6 39 139 39 139 39 139 7 6 3 39 7 6 3 139 39 139 39 139 39 139 39 139 39 139 39 139 39 139 39
1 2 3 1 2 3 1 2 1 2 1 2 4 10 18 2 3 1 2 1 2 1 2 4 10 18 2 3 10 18 2 3 10 18 2 3 1 10 6 4 1 10 2 1 10 6 4 1 6 3 2 1 4 1 2 1 10 18 2 3 6 40 1 19 2 6 3 2 1 4 1 2 1 10 18 2 3 6 40 1 19 2 6 3 1 2 1 2 1 2 1 2 1 2 1 2 1 2 1 2 1 2 1 2 1 2 1 2 1 2 1 2 1 2 1 2 1 2 3 2 1 2 1 2 1 2 1 4 1 2 1 4 1 2 1 4 1 2 1 4
1 3 2 3 1 3 2 3 1 3 2 3 1 3 2 3 1 28 2 28 1 28 2 28 1 28 2 28 1 28 2 28 1 28 2 28 1 28 2 28 1 28 2 28 1 28 2 28 1 3 2 3 1 3 2 3 1 3 2 3 1 3 2 3 1 28 2 28 1 28 2 28 1 28 2 28 1 28 2 28 1 28 2 28 1 28 2 28 1 28 2 28 1 28 2 28 1 3 2 3 1 3 2 3 1 3 2 3 1 3 2 3 1 28 2 28 1 28 2 28 1 28 2 28 1 28 2 28 1 28 2 28 1 28 2 28 1 28 2 28 1 28 2 28 1 3 2 3 1 3 2 3 1 3 2 3 1 3 2 3 1 28 2 28 1 28 2 28 1 28 2 28 1 28 2 28 1 28 2 28 1 28 2 28 1 28 2 28 1 28 2 28 1 3 2 3 1 3 2 3 1 3 2 3 1 3 2 3 1 28 2 28 1 28 2 28 1 28 2 28 1 28 2 28 1 28 2 28 1 28 2 28 1 28 2 28 1 28 2 28 1 3 2 3 1 3 2 3 1 3 2 3 1 3 2 3 1 3 2 3 1 3 2 3 1 3 2 3 1 3 2 3 1 3 2 3 1 3 2 3 1 3 2 3 1 3 2 3 1 3 2 3 1 3
30 1 52 47 39 12 2 35 1 7 1 52 47 39 12 2 35 1 7 12 16 12 16 12 52 15 282 2 562 30 35 12 7 12 16 12 16 12 52 15 282 2 562 30 35 12 7 16 15 16 12 16 15 16 33 7 1 52 47 39 12 2 35 1 7 1 52 47 39 12 2 35 1 7 1 52 47 39 12 2 35 1 7 1 52 47 39 12 2 35 1 7
1 10 7 1 2 7 1 10 7 1 2 7 2 7 1 6 2 7 1 10 7 1 2 30 7 2 7 1 6 2 7 1 10 7 1 2 3 1 10 3 1 2 3 7 2 7 1 6 2 7 1 12 2 7 1 6 2 7 1
1 187 1 187 1 15 2 19 8 19 2 3 1 15 2 19 8 19 2 3 8 7 8 7 8 7 8 19 2 225 30 7 1 15 2 19 8 19 2 3 1 15 2 19 8 19 2 3 8 7 8 7 8 7 8 19 2 225 30 7 1 187 1 187 1 187 1 57 1 36 15 177 20 15 133 15 133 15 133 15 133 17 233 37 233 457 3 17 15 88 33 233 457 3 17 146 691 1 399 179 630 4 37 9 3 54 2 50 11 20 45 1 187 1 187 1 2 19 10 19 2 3 1 2 19 10 19 2 3 10 3 10 3 10 3
3 1 3 1 3 26 3 2 1 69 2 69 2 1 69 2 26 3 6 18 2 4 2 1 2 1 2 1 3 2 43 6 3 2 1 3 2 18 10 2 1 6 3 2 1 3 2 18 10 2 1 6 3 2 1 3 2 18 10 2 1 6 3 2 1 3 2 18 10 2 1 6 3 2 1 3 2 18 10 2 1 6 3 2 1 3 2 18 10 2 1 3 26 3 26 3 26 3 2 1 69 2 69 2 1 69 2 26 3 6 18 2 4 2 1 2 1 2 1 3 2 43 6 3 2 1 3 2 18 10 2 1 6 3 2 1 3 2 18 10 2 1 6 3 2 1 3 2 18 10 2 1 6 3 2 1 3 2 18 10 2 1 6 3 2 1 3 2 18 10 2 1 6 3 2 1 3 2 18 10 2 1 6 3 2 1 3 2 18 10 2 1 6 3 2 1 3 2 18 10 2 1 6 3 2 1 3 2 18 10 2 1 6 3 2 1 3 2 18 10 2 1 6 3 2 1 3 2 18 10 2 1 6 3 2 1 3 2 18 10 2 1 6 3 2 1 3 2 18 10 2 1 6 3 2 1 3 2 18 10 2 1
7 1 23 48 1 7 1 61 1 12 2 1 7 1 7 1 23 48 1 7 1 61 1 12 2 1 7 1 26 1 23 48 1 7 1 61 1 12 2 1 7 1 7 1 23 48 1 7 1 61 1 12 2 1 7 1 7 1
14 27 14 27 14 27 14 27 14 27 14 27 14 27 14 27 14 27 14 27 14 27 14 27 14 27 9 32 27 9 32 27 7 14 27 14 27 14 27 14 27 14 27 14 27 14 27 14 27 14 27 14 27 14 27 14 27 14 27 14 27 14 27 14 27 14 27 14 27
1 2 1 2 41 1 2 1 2 41 1 2 1 2 41 1 2 1 2 41 1 2 1 3 1 2 1 3 1 2 1 3 1 2 1 3 1 2 1 2 41 1 2 1 2 41 1 3 1 3 1 2 1 3 1 2 1 3 1 2 1 3 1 12 45 9 45 54 45 9 45 54 45 9 45 54 45 9 45 9 45 9 45 54 45 9 45 54 45 9 45 54 45 9 45 9 45 9 45 54 45 9 45 54 45 9 45 54 45 9 45 9 45 9 45 54 45 9 45 54 45 9 45 54 45 9 45
77 220 41 17 41 17 41 17 6 41 17 41 17 41 17 41 233 47 22 17 6 8 17 6 22 17 6 8 17 6 161 41 17 41 17 41 17 41 17 41 233 47 22 17 6 8 17 6 22 17 6 8 17 6 161 30 7 87 161 87 161 87 8 29 30 22 17 6 8 17 6 22 17 6 8 17 6 8 17 6 22 17 6 8 17 6 22 17 6 8 17 6
12 11 45 3 1 12 11 45 3 1 12
1 3 1 3 6 2 3 6 2 3 6 2 3 6 2 3 6 1 3 1 3 6 2 3 6 2 3 6 2 3 6 2 3 6 3 41 3 41 3 41 3 41 2 1 3 1 3 6 2 3 6 2 3 6 2 3 6 2 3 6 2 3 6 2 3 6 2 3 6
1 24 2 1 40 6 18 32 9 1 24 2 1 40 6 18 32 9 11 32 9 54 95 80 11 372 11 372 11 372 1 24 2 1 40 6 18 2 3 1 24 2 1 40 6 18 2 3 11 32 9 54 95 80 11 372 11 372 11 372 1 24 2 1 40 6 18 2 3 1 24 2 1 40 6 18 2 3 11 32 9 54 95 80 1 24 1 24 1 24 1 24 1 24 1 24 1 24 1 24 1 24 1 24 1 24 1 24 1 24 1 24 1 24 1 24
1 2 1 7 1 2 1 7 1 2 1 7 1 2 1 7 1 2 1 7 1 2 1 7 1 2 1 7 1 2 1 7 1 2 7 1 2 7 1 2 7 1 2 7 1 2 1 7 1 2 1 7 1 2 1 7 1 2 1 7 1 2 7 1 2 7 1 2 7 1 2 7 1 2 7 1
270 9 270 1 4 1 4 1 4 1 4 1 4 1 4 1 4 1 4 1 4 1 4 1 4 1 4 1 4 1 4 1 4 1 4 1 4 1 4 1 4 1 4 1 4 1 4 1 4 1 4 1 4 1 4 1 4 1 4 1 4 1 4 1 4 1 4 1 4 1 4 1 4 1 4 1
3 12
23 8 23 206 8 247 17 52 15 454 22 271 30 7 453 155 206 8 206 246 501 7 669 18 247 171 640 304 33 102 325 23 22 164 341 615 23 87 47 8 16 341 453 368 89 222 6 12 22 162 19 238 10 35 537 161 537
1 48 327 1 48 327 1 3 2 15 484 1 3 2 15 39 1 3 2 15 39 1 3 2 15 22 1 48 327 1 48 327 1 3 2 15 484 1 3 2 15 39 1 3 2 15 7 1 3 2 15 22 1 48 327 1 48 327 1 3 2 15 484 1 3 2 15 96 1 3 2 15 2 1 3 2 15 22 1 48 327 1 48 327 96 327 96 327 96 1
110 80 10 639 255 7 593 110 1 10 113 1 10 7 1 23 48 1 10 113 1 6 10 2 10 7 10 113 1 2 7 1 23 48 1 10 113 1 6 10 2 10 7 10 7 18 47 10 7 1 47 10 7 18 47 10 7 1 10 113 1 10 7 1 23 48 1 10 113 1 6 10 2 10 7 10 7 18 47 10 7 1 47 10 7 18 47 10 7 1 10 113 1 6 10 2 10 7 10 7 18 47 10 7 1 47 10 7 18 47 10 7 1 47 10 7 18 47 10 7 1 47
30 1 2 1 4 1 2 1 4 1 2 3 1 2 1 2 1 4 1 2 1 4 1 2 3 1 2 1 18 6 18 1 6 2 3 1 2 1 4 1 2 1 4 1 2 3 1 2 1 2 1 4 1 2 1 4 1 2 3 1 2 1 18 6 18 1 6 2 3 1 2 1 4 1 2 1 4 1 2 3 1 2 1 2 1 2 672
21 68 198 13 1 367 21 68 198 13 1 367 21 68 198 13 1 367 21 68 198 13 1 367 2 260 73 82 1 68 198 13 1 58 1 68 198 13 1 58 25 1 68 198 13 1 58 1 68 198 13 1 58 2 260 73 82 21 340 2 260 73 82 1 68 198 13 1 58 1 68 198 13 1 58 1 68 198 13 1 58 1 68 198 13 1 58 1 68 198 13 1 58 1 68 198 13 1 58 25
1 18 2 1 3 2 1 18 2 1 2 3 6 3 1 6 2 1 6 3 2 3 1 18 2 1 2 18 10 2 1 18 2 1 3 2 1 18 2 1 2 3 6 3 1 6 2 1 6 3 2 3 1 18 2 1 2 18 10 2 1 18 2 1 3 2 1 18 2 1 2 3 6 3 1 6 2 1 6 3 2 3 1 18 2 1 2 18 10 2 1 2 18 3 2 1 2 1 2 1 2 1 2 1 2 1 2 1 2 1 2 1 2 1
48 336 15 1 22 17 8 113 48 336 15 1 22 17 8 113 48 336 15 1 22 17 8 113 48 336 15 1 22 17 8 107 17 2 3 1 17 2 8 7 1 48 336 15 1 22 17 8 113 48 336 15 1 22 17 8 107 17 2 3 1 17 2 8 7 1 8 107 17 2 3 48 336 15 1 22 17 8 113 48 336 15 1 22 17 8 113 48 336 15 1 22 17 8 113
18 10 19 1 18 10 19 1 10 3 1 18 10 19 1 18 10 19 1 10 3 1 6 10 3 18 10 19 1 18 10 19 1 10 3 1 4 1 11 94 1 4 1
5 60 70 31 7 5 60 70 31 7 5 60 70 31 7 5 60 70 31 7 5 60 70 31 7 5 60 70 31 7 5 60 70 31 7 5 60 70 31 7 9 11 4 9 5 60 70 31 7 5 60 70 31 7 5 60 70 31 7 5 60 70 31 7 5 60 70 31 7 5 60 70 31 7 9 11 4 9 5 60 70 31 7 5 60 70 31 7 5 60 70 31 7 5 60 70 31 7 5 60 70 31 7 5 60 70 31 7 5 60 70 31 7 5 60 70 31 7 5 60 70 31 7 5 60 70 31 7 5 60 70 31 7 5 60 70 31 7 5 60 70 31 7 5 60 70 31 7 5 60 70 31 7 5 60 70 31 7 5 60 70 31 7 5 60 70 31 7 5 60 70 31 7 5 60 70 31 7 9 11 4 9 5 60 70 31 7 5 60 70 31 7 307 504 497 490 68
1 2 1 8 3 1 2 1 77 1 2 1 2 1 2 1 4 6 29 2 3 2 3 1 2 1 2 3 2 3 1 80 4 47 33 7 1 2 1 7 1 2 1 2 1 2 1 4 6 29 2 3 2 3 1 2 1 2 3 2 3 1 80 4 47 33 7 1 2 1 2 3 1 6 2 3 1 2 3 1 6 33 7 1 2 1 2 1 2 1 4 6 29 2 3 2 3 1 2 1 2 3 2 3 1 80 4 47 33 7 1 2 1 2 1 8 3 1
13 1 15 22 7 22 19 26 3 13 1 15 22 7 22 19 26 3 255 37 105 17 105 17 90 12 59 118 174 90 59 118 174 90 177 33 30 7 13 1 15 22 7 22 19 26 3 13 1 15 22 7 22 19 26 3 255 37 105 17 105 17 90 12 59 118 174 90 59 118 174 90 177 33 30 7 13 1 15 22 7 22 19 26 3 13 1 15 22 7 22 19 26 3 255 37 105 17 105 17 90 12 59 118 174 90 59 118 174 90 177 33 30 7 13 1 15 22 7 22 19 26 3 13 1 15 22 7 22 19 26 3 13 1 15 22 7 22 19 26 3 13 1 15 22 7 22 19 26 3 13 1 15 22 7 22 19 26 3 13 1 15 22 7 22 19 26 3
9 4 1 9 11 4 1 7 21 64 42 21 64 42 21 64 42 21 64 42 21 9 4 1 9 11 4 1 9 4 1 9 11 4 1 7 21 64 42 21 64 42 21 64 42 21 64 42 21 9 4 1 9 11 4 1 9 4 1 9 11 4 1 7 21 64 42 21 64 42 21 64 42 21 64 42 21 64 42 21 64 42 21 64 42 21 64 42 21 64 42 21 64 42 21 64 42 21 64 42 21 64 42 21 64 42 21 64 42 21 64 42 21 9 4 1 9 11 4 1 9 4 1 9 11 4 1 9 4 1 9 11 4 1 9 4 1 9 11 4 1 9 4 1 9 11 4 1 9 4 21
21 1 40 55 40 1 40 55 40 1 108 583 55 41 7 1 40 55 3 36 91 43 3 36 91 43 3 36 172 145 608 43 3 36 91 43 3 1 3 2 3 1 3 2 3 1 18 145 43 91 36 91 43 3 36 1
10 18 2 3 10 18 2 3 2 1 2 1 3 2 1 2 1 3 147 232 88 1 18 2 10 50 2 3 1 18 2 10 81 1 2 1 2 1 3 2 1 2 1 3 147 232 88 1 18 2 10 50 2 3 1 18 2 10 81 1 2 10 18 2 3 1 18 2 10 50 2 3 1 18 2 10 81 1 18 2 10 50 2 3 1 18 2 10 81 1
627 645 12 56 16 56 4 2 56 16 56 4 2 56 4 2 56 4 2 56
1 38 275 38 14 2 1 5 24 9 4 36 5 24 9 4 36 101 24 412 62 412 62 412 62 41 3 1 38 275 38 14 2 1 38 275 38 14 2 1 5 24 9 4 36 5 24 9 4 36 101 24 412 62 412 62 412 62 41 3 1 38 275 38 14 2 1 38 2 687 8 75 1 38 275 38 14 2 1 38 275 38 14 2 1 38 275 38 14 2 1 38 275 38 14 2
151 1 151 1 2 1 3 1 2 1 668 4 151 368 30 151 477 46 14 200 46 213 161 71 492 4 47 529 33 14 213 14 11 14 213 4 14 213 14 11 14 213 4 151 368 30 151 477 46 14 200 46 213 161 71 492 4 47 529 33 14 213 14 213 14 213 4 14 213 14 213 14 213 161 151 368 30 151 477 14 213 14 213 14 213 4 14 213 14 213 14 213 161 151 368 30 151 477 46 14 200 46 213 161 71 492 4 47 529 33 29
45 213 416 45 661 349 296 238 105 259 1 22 379 238 22 379 238 22 186 1 13 1 22 379 238 22 379 238 22 186 1 13 1 22 62 238 22 186 1 13 1 22 379 238 22 379 238 22 186 1 13 1 22 62 238 22 186 1 13 1 22 379 238
36 38 283 318 320 1 185 7 36 38 283 318 320 1 185 7 36 38 283 318 320 1 185 7 6 440 138 39 357 47 8 7 36 38 283 318 320 1 185 7 36 38 283 318 320 1 185 7 6 440 138 39 357 47 8 7 1 13 57 1
1 7 1 2 3 2 1 2 1 12 2 3 2 1 2 13 1 50 2 164 26 15 8 7 1 2 1 7 1 15 8 7 1 2 1 7 1 15 8 7 1 2 1 6 7 1 15 8 7 1 2 1 6 7 1
14 34 14 34 14 34 14 34 9 4 9 4 9 4 11 4 9 4 11 4 9 4 11 4 9 4 11 4 9 4 14 34 14 34 9 4 9 4 9 4 11 4 9 4 11 4 9 4 11 4 9 4 11 4 9 4 2 1 4 1 2 1 4 1 2 1 4 1 2 1 4 294 2 294 2 45 334 14 2 1 4 1 2 1 4 1 2 1 4 1 2 1 4 2 1 4 1 2 1 4 1 2 1 4 1 2 1 4 2 1 4 1 2 1 4 1 2 1 4 1 2 1 4 2 1 4 1 2 1 4 1
90 9 4 5 9 4 5 9 4 5 24 9 4 5 9 4 90 9 4 5 9 4 5 9 4 5 24 9 4 5 9 4 90 9 4 5 9 4 5 9 4 5 24 9 4 5 9 4 90 9 4 5 9 4 5 9 4 5 24 9 4 5 9 4 5 9 4 5 9 4 5 24 9 4 5 9 4 5 9 4 5 9 4 5 24 9 4 5 90 14
1 8 19 9 4 1 8 19 9 4 1 15 4 29 1 15 4 29 1 15 4 29 1 15 4 29 1 8 19 9 4 1 8 19 9 4 1 8 19 9 4 1 8 19 9 4 1 15 4 29 1 15 4 29 1 15 4 29 1 15 4 29 1 8 19 9 4 1 8 19 9 4 1 8 19 9 4 1 8 19 9 4 1 8 19 9 4 1 8 19 9 4 1 8 19 9 4 1 8 19 9 4 1 8 19 9 4 1 8 19 9 4 1 8 19 9
5 21 51 194 21 5 24 29 5 24 29 5 78 415 28 129 42 21 129 42 21 5 24 29 5 24 29 5 78 415 28 129 42 21 129 42 21 42 5 78 415 28 5 78 415 28 129 42 21 129 42 21 129 42 21 129 42 21 129 42 21
1 12 7 1 2 1 12 7 1 2 1 12 48 1 2 24 1 12 2 24 33 7 1 12 7 1 2 1 12 48 1 2 24 1 12 2 24 33 7 1 12 7 1 7 1 7 1
42 21 34 1 49 25 42 21 34 1 49 25 5 57 152 5 309 178 152 1 5 57 152 5 309 178 152 1 42 21 34 1 4 1 42 21 34 1 4 1 24 4 314 5 4 9 134 16 106 110 5 4 9 24 297 40 5 57 152 5 309 178 152 1 5 57 152 5 309 178 152 1 42 21 34 1 4 1 42 21 34 1 4 1 24 4 314 5 4 9 134 16 106 110 5 4 9 24 297 40 5 57 152 5 309 178 152 1 5 57 152 5 309 178 152 1 43 443 43 443 11 10 545 1 42 21 34 1 49 25 42 21 34 1 49 25 42 21 34 1 4 1 42 21 34 1 4 1 24 4 314 5 4 9 134 16 106 110 5 4 9 24 297 40 5 57 152 5 309 178 152 1 5 57 152 5 309 178 152 1 43 443 43 443 11 10 545 1 44 25 44 25 24 4 314 5 4 9 134 16 106 110 5 4 9 24 297 40 5 57 152 5 309 178 152 1 5 57 152 5 309 178 152 1 5 57 152 5 309 178 152 1 5
105 35 23 63 47 105 35 23 251 22 17 8 6 22 17 284 6 33 105 35 23 63 47 105 35 23 251 22 17 8 6 22 17 284 6 33 105 35 23 63 47 105 35 23 251 22 17 8 6 22 17 284 6 33 105 35 23 63 47 105 35 23 251 22 17 8 6 22 17 284 6 33
25 226 25 13 1 25 226 25 13 1 15 22 15 12 22 27 1 29 12 22 27 1 15 177 33 35 1 15 22 15 12 22 27 19 29 12 22 27 19 15 10 35 25 226 25 13 1 226 25 13 1 15 22 15 12 22 27 19 29 12 22 27 19 15 177 33 35 1 15 22 15 12 22 27 19 29 12 22 27 19 15 10 35 25 226 25 13 1 25 226 32 12 22 7 17 233 8 7 1 119 31 63 32 12 27 580 41 1 15 22 15 12 22 27 19 29 12 22 27 19 15 10 35 25 226 25 13 1 25 226 32 12 1 15 22 15 12 22 27 19 29 12 22 27 19 15 177 33 35 1 15 22 15 12 22 27 19 29 12 22 27 19 15 10 35 9 4 32 12 27 7 1 15 22 15 12 22 27 19 29 12 22 27 19 15 177 33 35 1 15 22 15 12 22 27 19 29 12
5 11 24 9 7 5 11 24 9 7 5 11 24 9 3 5 11 24 9 3 5 11 24 9 3 5 11 24 9 3 5 11 24 9 7 5 11 24 9 7 5 11 24 9 7 5 11 24 9 3 5 11 24 9 3 5 11 24 9 3 5 11 24 9 3 5 11 24 9 7 5 11 24 9 7 5 11 24 9 7 5 11 24 9 7 5 11 24 9 7 5 11 24 9 7 5 11 24 9 7 5 11 24 9 7 5 11 24 9 7 5 11 24 9 7 5 11 24 9 7 5 11 24 9 7 5 11 24 9 7 5 11 24 9 7 5
1 20 1 20 1 6 2 225 1 6 2 225 1 20 1 20 1 6 2 225 1 6 2 225 2 37 20 37 20 37 20 3 1 20 1 20 1 6 2 225 1 6 2 225 2 37 20 37 20 37 20 3 1 20 1 20 1 6 2 225 1 6 2 225 2 1 80 50
1 8 1 8 1 8 1 8 1 8 1 8 1 8 1 8 1 2 4 7 1 2 4 7 1 8 1 8 1 8 1 8 1 8 1 8 1 8 1 8 1 2 4 7 1 2 4 7 1 8 1 8 1 8 1 8 1 8 1 8 1 8 1 8 1 8 1 8 1 8 1 8 1 2 4 7 1 2 4 7 1 2 4 7 1 2 4 7 1
1 3 2 1 3 2 1 3 2 1 3 2 1 3 2 1 10 6 4 2 6 50 1 3 10 6 4 2 6 50 1 3 1 3 1 4 9 134 2 5 4 9 134 3 1 3 2 1 3 2 1 3 2 1 10 6 4 2 6 50 1 3 10 6 4 2 6 50 1 3 1 3 1 4 9 134 2 5 4 9 134 3 5 77 92 74 2 25 254 92 5 77 92 74 2 25 254 25 10 6 4 2 6 50 1 3 10 6 4 2 6 50 1 3 1 3 1 3 1 4 9 134 2 24 5 4 9 134 3 131 546 7 402 81 602 3 558 87 18 50 601 37 550 554 567 385 24 258 359 258 359 258 359 258 359 1 3 2 1 3 2 1 3 2 1 3 2 1 3 2 1 3 2 1 3 2 1 3 2 1 3 2
25 77 99 44 25 77 99 44 1 3 10 2 1 3 10 2 1 3 10 2 1 3 10 2 1 3 10 2 1 3 10 2 1 3 10 2 1 3 10 2 1 3 10 2 1 3 10 2 1 3 10 2 1 3 10 2 1 3 10 2 1 3 10 2 1 3 10 2 1 3 10 2 1 3 10 2 1 3 10 2 1 3 10 2 1 3 10 2 1 3 10 2 1 3 10 2 1 3 10 2 1 3 10 2 1 3 10 2 1 3 10 2 1 3 10 2 1 3 10 2 1 3 10 2 1 3 10 2 1 3 10 2 1 3 10 2 1 3 10 2 1 3 10 2 1 3 10 2 1 3 10 2 1 3 10 2 1 3 10 2 6 4 6 4 6 4 2 1 3 10 2 1 3 10 2 1 3 10 2 1 3 10 2 1 3 10 2 1 3 10 2 1 3 10 2 1 3 10 2 1 3 10 2 1 3 10 2 1 3 10 2 1 3 10 2 1 3 10 2 1 3 10 2 1 3 10 2 1 3 10 2 6 4 6 4 6 4 2
25 44 25 12 7 12 7 1 12 2 1 33 7 1 7 1 12 2 1 33 7 1 7 1 2 1 7 1
12 2 12 2 12 2 12 2 12 2 12 2 12 2 12 2 12 2 12 2 7 12 2 12 2 12 2 12 2 12 2 12 2 7 12 2 12 2 12 2 7 12 2 12 2 12 2 12 2 12 2 12 2 12 2 12 2 7 12 2 12 2 12 2 12 2 12 2 12 2 7 12 2 12 2 12 2 7 12 2 12 2 12 7 2 11 12 2 12 2 12 2 12 2 12 2 12 2 12 2 12 2 12 2 12 2
1 139 17 8 7 6 26 2 17 8 7 139 17 8 7 6 26 2 17 8 7 2 3 18 6 10 3 2 1 353 4 2 1 353 4 2 1 139 17 8 7 6 26 2 17 8 7 139 17 8 7 6 26 2 17 8 7 2 3 18 6 10 3 10 3 1 353 4 2 1 353 4 2 1 353 4 2 1 3 1 353 4 2 1 3 1 353 4 2 1 3 1 353 4 2 1
1 3 6 2 1 3 6 2 1 3 6 2 1 3 6 2 1 3 6 2 1 3 6 2 1 3 6 2 1 3 6 2 1 3 6 2 1 3 6 2 1 3 6 2 1 3 6 2 1 3 6 2 1 3 6 2 21 51 86 42 21 51 86 42 21 51 86 42 21 51 86 42 1 3 6 2 1 3 6 2 21 51 86 42 21 51 86 42 1 3 6 2 1 3 6 2 1 3 6 2 1 3 6 2 1 3 6 2 1 3 6 2 1 3 6 2
14 27 14 396 14 27 14 396 6 9 24 3 5 24 3 14 16 14 396 6 9 24 3 5 24 3 14 2 24 14 2 24 14 2 24 14 2 24 14 2 24 14 2 24 14 2 24 14 2 24 14 2 24
1 10 28 3 1 19 2 28 7 1 12 2 1 7 1 2 1 7 1 2 7 1 2 7 1 2 7 1 40 6 201 26 7 1 12 2 1 7 1 12 2 1 7 1 2 7 1 2 7 1 2 7 1 40 6 201 26 7 1 7 1 71 55 7 1
1 3 2 3 2 3 1 2 1 4 3 1 2 1 3 4 1 2 1 26 3 138 26 41 26 4 400 7 1 2 16 2 1 3 1 2 4 55 7 1 2 16 2 1 71 1 3 2 3 2 3 1 2 433 3 394 6 384 507 6 11 6 532 22 4 78 7 1 2 1 3 1 12 2 1 3 1 2 1 2 1 3 2 3 2 3 1
4 1 4 1 4 1 4 1 4 1 4 1 4 1 4 1 4 1 4 1 4 1 99 1 4 1 4 1 4 1 4 1 4 1 4 1 4 1 4 1 4 1 4 1 4 1 4 1 4 1 4 1 4 1 4 1 4 1 99 1 4 1 4 1 4 1 4 1 4 1 4 1 4 1 4 1 4 1 4 1 4
66 89 59 89 66 89 59 89 66 89 59 89 66 89 59 89 66 89 59 89 66 89 59 89 15 18 22 15 17 8 30 15 18 22 15 17 8 30 15 18 22 15 17 8 30 15 18 22 15 17 8 30 160 1 36 158 28 3 167 175 304 200 15 18 22 15 17 8 30 15 18 22 15 17 8 30 15 18 22 15 17 8 30 15 18 22 15 17 8 30 160 1 36 158 28 3 167 175 52 15 35 160 1 36 158 28 3 167 175 304 200 158 162 164 16 508 66 170 169 89 66 170 169 89 66 170 169 89 66 170 169 89 66 170 169 89 66 170 169 89 66 170 169 89 66 170 169 89 66 170 169 89 66 170 169 89 66 170 169 89 66 170 169 30 3 160 1 36 158 28 3 167 175 304 200 158 15 18 22 15 17 8 30 15 18 22 15 17 8 30 15 18 22 15 17 8 30 15 18 22 15 17 8 30 160 1 36 158 28 3 167 175 52 15 35 160 1 36 158 28 3 167 175 52 15 35 160 1 36 158 28 3 167 175 52 15 35 160 1 36 158 28 3 167 175 52 15 35 160 1 36 158 28 3 167 175 52 15 35 160 1 36 158
77 32 159 4 409 159 4 409 6 4 6 1 6 3 2 14 1 2 1 4 2 1 2 1 6 4 6 1 6 3 2 14 1 2 1 4 2 1 2 1 6 4 6 1 6 3 2 6 2 6 2 184 52 6 2 6 2 184 52 14 1 2 1 4 2 1 2 1 6 4 6 1 6 3 2 6 4 6 1 6 3 2 6 4 6 1
1 2 1 4 1 4 1 29 2 1 29 2 4 2 22 164 26 1 13 1 4 1 4 1 29 2 1 29 2 4 2 164 26 1 13 1 4 1 4 1 4 1 4 1 29 2 1 29 2 1 29 2 1 4 2 164 26 1 13 1 4 1 4 1 4 1 4 1 4 1
25 49 25 49 25 49 25 49 25 49 25 49 25 49 25 49 25 49 25 49 25 49 25 49 25 49 25 49 25 49 25 49 25 49 25 49 25 49 25 49 25 49 25 49 25 49 25 44 77 25 44 25 44 25 44 20 3 25 49 25 49 25 49 25 49 25 49 25 49 25 49 25 44 77 25 44 25 44 25 44 20 3 25 49 25 49 25 49 25 49 25 49 25 49 25 49 25 49 25 49 25 49 25 49 25 49 25 44 25 44 25 44 20 3 25 44 25 44 25 44 20 3 25 49 25 49 25 49 25 49 25 49 25 49 25 49 25 44 77 25 44 25 44 25 44 20 3 25 44 25 44 25 44 20 3 25 49 25 49 25 49 25 49 21 53 21 53 21 53 21 53 21 53 21 53 21 53 21 53 21 53 21 53 21 53 21 53 21 53 21 53 21 53 21 53 21 53 21 53 21 53 21 53 44 77 25 44 25 44 25 44 20 3 25 44 25 44 25 44 20 3 25 49 25 49 25 49 25 49 25 49 25 49 25 49 25 49 25 49 25 49 25 49 25 49 25 49 25 44 77 25 44 25 44 25 44 20 3 25 49 25 49 25 49 25 49 25 49 25 49 25 49 25 49 25 49 25 49 25 49 25 49 25 49 25 49 25 49 25 44 77 25 44 25 44 25 44 20 3 25 44 25 44 25 44 20 3 25 49 25 49 25 49 25 49 25
1 2 1 2 1 7 1 2 1 2 1 7 1 2 7 1 2 1 2 1 7 1 2 1 2 1 7 1 2 7 1 102 45 54 45 54 45 102 45 54 45 54 45 102 45 54 102 45
1 6 2 3 1 6 2 3 1 6 2 3 1 6 2 3 1 6 2 3 1 6 2 3 1 6 2 3 1 6 2 3 1 2 3 1 2 3 1 6 3 1 6 2 3 1 6 2 3 1
17 15 8 203 17 15 8 203 17 15 8 10 1 4 203 17 15 8 203 17 15 8 203 17 15 8 203 17 15 8 203 22 17 8 23 556 572 483 466 483 466 6 138 587 62 262 23 17 606 559 561 162 77 17 15 8 203 17 15 8 203 17 15 8 203 17 15 8 203 22 17 8 23 556 572 483 466 483 466 6 138 587 62 262 23 17 606 559 561 162 77 92 27 95 107 305 27 95 107 305 27 95 107 305 27 95 107 305 258 27 107 416 27 95 107 305 27 95 107 305 27 95 107 305 27 95 107 305 27 95 107 305 27 95 107 305 27 95 107 305 27 95
1 6 10 1 6 10 1 6 10 1 6 10 1 6 10 1 6 10 1 6 10 1 6 10 1 6 10 1 6 10 1 6 10 1 6 10 1 6 10 1 18 23 10 18 23 10 1 6 10 1 6 10 1 6 10 1 6 10 1 6 10
5 4 9 28 3 5 14 135 143 5 14 135 143 5 28 3 5 27 28 3 28 3 9 4 3 5 9 24 579 7 9 4 3 5 9 24 579 7 9 4 3 5 9 4 3 5 9 4 3 5 24 131 9 439 40 5 88 85 28 3 5 28 3 5 27 28 3 28 3 28 3 9 4 3 5 9 4 3 5 9 4 3 5 9 4 3 5 9 4 3 5 9 4 3 5
5 32 211 132 5 32 211 132 5 9 4 5 9 4 62 32 330 9 4 5 9 4 62 32 9 4 14 32 9 4 14 32 9 4 14 32 9 4 5 9 4 5 9 4 62 32 330 9 4 5 9 4 62 32 9 4 14 32 9 4 14 32 9 4 14 32 9 4 14 32 9 4 14 32 9 4 14 32 9 4 62 134 9 4 62 134 9 4 14 32 9 4 14 32 9 4 14 32 9 4 14 32 9 4 14 32 9 4 14 32 9 4 14 32 9 4 14 32 9 4 14 32 9 4 14 32 9 4
1 30 15 59 1 30 15 59 1 30 15 59 1 30 15 59 1 30 15 59 1 30 15 59 1 30 15 59 1 30 15 59 1 30 15 59 1 30 15 59 1 30 15 59 1 30 15 59 1 59 1 59 1 59 15 59 1 59 1 59 1 59 15 59 1 59 1 59 1 59 15 59 1 30 15 59 1 30 15 59 1 30 15 59 1 30 15 59 1 30 15 59 1 30 15 59 1 30 15 59 1 30 15 59 1 30 15 59 1 30 15 59 1 30 15 59 1 30 15
4 2 4 2 1 4 2 3 1 11 2 1 11 2 1 11 2 3 4 2 4 2 1 4 2 3 1 11 2 1 11 2 1 11 2 3 1 11 2 1 11 2 1 11 2 3 4 2 4 2 1 4 2 3 1 11 2 1 11 2 1 11 2 3 1 11 2 1 11 2 1 11 2 3 1 11 2 1 11 2 1 11 2 3 1 11 2 1 11 2 1 11 2 3 1 11 2 1 11 2 1 11 2 3
25 44 25 44 5 67 5 67 5 67 5 67 2 11 78 14 2 11 78 14 21 2 3 30 3 30 3 30 3 20 3 20 3 20 3 20 1 4 1 4 1 4 1 4 1 4 1 4 1 4 1 2 11 78 2 11 78 2 11 78 2 11 78 1 4 1 4 1 4 1 5 67 5 67 5 67 5 67 2 11 78 14 2 11 78 14 21 2 3 30 3 30 3 30 3 20 3 20 3 20 3 20 1 4 1 4 1 4 1 4 1 4 1 4 1 4 1 2 11 78 2 11 78 2 11 78 2 11 78 1 4 1 4 1 4 1 5 67 5 67 5 67 5 67 2 11 78 14 2 11 78 14 21 12 4 12 4 12 4 12 4 12 4 12 4 12 4 12 4 12 4 12 4 12 4 12 4 55 12 4 55 12 4 2 12 4 2 12 4 2 12 4 2 12 4 2 12 4 2 12 4 2 12 4 2 12 4 2 12 4 2 12 4 2
14 32 27 150 14 32 27 150 14 173 111 35 3 14 173 111 35 3 9 4 591 14 9 4 303 14 27 14 32 27 150 349 14 32 27 150 14 173 111 35 3 14 173 111 35 3 9 4 591 14 9 4 303 14 27 14 32 27 150 349 14 32 27 150 14 32 27 401 349 14 32 27 401 27 4 46 11 9 314 14 32 27 150 349 14 32 27 150 14 32 27 150 349 14 32 27 150 14 32 27 150 349 14 32
14 4 31 32 27 14 4 31 32 27 7 14 4 31 32 27 31 32 27 41 27 14 4 31 32 27 14 4 31 32 27 110 14 4 31 32 27 31 32 27 41 27 14 4 27 32 14 4 27 32 14 4 27 32 14 4 27 32 11 2 14 4 27 32 14 4 27 32 14 4 27 32 31 32 27 41 27 31 32 27 41 27 14 4 31 32 27 14 4 31 32 27 110 14 4 31 32 27 31 32 27 41 27 14 4 27 32 14 4 27 32 14 4 27 32 14 4 27 32 11 2 14 4 27 32 14 4 27 32 14 4 27 32 31 32 27 41 27 14 4 31 32 27 14 4 31 32 27 110 14 4 31 32 27 31 32 27 41 27 31 116 527 14 31 116 527 14 31 116 527 14 27 116 14 4 31 32 27 14 4 31 32 27 110 14 4 31 32 27 14 4 31 32 27 110 14 4 27 32 14 4 27 32 14 4 27 32 14 4 27 32 11 2 14 4 27 32 14 4 27 32 14 4 27 32 14 4 27 32 11 2 14 4 27 32 14 4 27 32 14 4 27 32 14 4 27 32 11 2
1 13 1 13 1 3 13 1 13 1 3 13 1 13 1 3 13 1 13 1 3 123 45 123 45 123 45 9 123 45 123 45 123 45 9 13 1 13 1 3 13 1 13 1 3 123 45 123 45 123 45 9 123 45 123 45 123 45 9 29 403 69 5 29 403 69 5 29 403 69 5 4 5 207 9 207 9 207 9 192 11 207 9 207 9 207 9 192 11 13 1 13 1 3 13 1 13 1 3 123 45 123 45 123 45 9 123 45 123 45 123 45 9 123 45 123 45 123 45 9 123 45 123 45 123 45 9 13 1 13 1 3 13 1 13 1 3 13 1 13 1 3 13 1 13 1 3 13 1 13 1 13 1 13 1
1 2 3 1 2 3 1 2 3 1 2 3 1 82 10 3 1 82 10 3 1 82 10 3 1 82 10 3 10 18 2 18 10 18 2 18 1 82 10 3 1 82 10 3 1 82 10 3 1 82 10 3 10 18 2 18 10 18 2 18 1 2 3 1 2 3 1 2 3 1 2 3 1 82 10 3 1 82 10 3 1 82 10 3 1 82 10 3 10 18 2 18 10 18 2 18 1 2 3 1 2 3 1 2 3 1 2 3 1 2 3 1 2 3 1 2 3 1 2 3 1 2 3 1 2 3 1 2 3 1 2 3
21 129 21 129 2 1 3 2 3 2 21 129 21 129 2 1 3 2 3 2 21 2 1 2 3 2 1 2 10 3 21 129 21 129 2 1 3 2 3 2 21 56 2 1 3 2 3 2 1
1 3 1 3 1 6 18 2 10 1 6 2 10 28 1 6 2 10 28 1 6 18 1 3 1 3 1 6 18 2 10 1 6 2 10 28 1 6 2 10 28 1 6 18 1 3 1 3 1 6 18 2 10 3 1 6 2 10 28 1 6 2 10 28 1 6 2 10 28 1 6 2 10 28 1 6 18 1 6 2 10 28 1 6 2 10 28 1 6 2 10 28 1 6 2 10 28 1 6 2 10 28 1 6
7 1 7 1 2 1 7 1 7 1 2 1 7 1 2 1 2 1 7 1 7 1 2 1 7 1 2 1 7 1 2 1 2 1 7 1 7 1 2 1 7 1 7 1
46 27 32 31 32 14 27 79 87 30 7 46 27 79 188 97 7 46 27 79 188 97 7 46 27 32 31 32 14 27 79 87 30 7 46 27 79 188 97 7 46 27 79 188 97 46 27 32 31 32 14 27 79 87 188 46 27 32 31 32 14 27 79 87 188 46 27 32 31 32 14 27 79 87 188
77 1 23 6 23 12 2 8 7 17 6 33 185 7 1 23 6 23 12 2 185 23 47 33 7 1 23 6 23 12 2 8 7 17 6 33 185 7 1 23 6 23 12 2 185 23 47 33 7 1 23 12 2 185 1 47 33 7 1 23 6 23 12 2 185 1 47 33 7 1
1 38 1 13 1 38 1 13 1 38 1 13 1 38 1 13 1 57 1 57 1 57 1 57 1 57 1 57 8 3 1 38 1 13 1 38 1 13 17 15 8 3 17 15 8 2 3 1 38 1 13 1 38 1 13 1 57 1 115 1 57 1 57 1 57 8 3 1 38 1 13 1 38 1 13 17 15 8 3 17 15 8 2 3 1 57 1 57 1 57 1 57 1 57 1 57 8 3 17 2 17 2 17 2 8 3 1 38 1 13 1 38 1 13 1 38 1 13 1 38 1 13 1 19 2 3 1 19 2 3 1 19 2 3 1 19 2 3 1 19 2 3 1 19 2 3 1 19 2 3 1 19 2 3 1 19 2 3 1 19 2 3 1 19 2 3 1 19 2 3 1 19 2 3 1 19 2 3
21 4 21 4 21 11 4 21 11 4 21 4 1 11 2 21 4 21 4 21 11 4 21 11 4 21 4 1 11 2 21 11 4 21 11 4 21 4 1 9 6 4 1 11 2 21 53 21 53 21 53 21 53 21 53 21 53 21 53 21 53 21 53 21 53 21 53 21 53 21 53 21 53 21 53 21 53 21 53 285 21 53 285 21 53 285 21 53 21 53 21 53 21 53 21 53 21 53 21 53 21 53 21 53 21 4 11 4 21 11 4 21 4 1 11 2 11 4 11 4 11 4
1 3 2 1 3 2 1 3 2 3 1 3 2 3 1 3 2 3 1 3 2 3 6 1 10 2 3 2 3 1 3 2 3 1 3 2 3 1 3 6 2 1 3 2 1 3 2 3 1 3 2 3 1 3 2 3 1 3 2 3 1 3 2 3 6 1 10 2 3 2 3 1 3 2 3 1 3 2 3 1 3 6 2 1 3 2 3 1 3 2 3 1 3 2 3 6 1 10 2 3 2 1 3 2 3 1 3 2 3 1 3 6 2 1 3 2 1 3 2 3 1 3 2 3 1 38 13 38 1
85 29 31 97 5 110 106 97 5 173 31 97 5 27 5 85 173 31 97 5 110 106 97 5 173 31 97 5 27 5 27 5 11 335 9 11 335 9 11 335 9 11 335 9 11 85 29 31 97 5 110 106 97 5 173 31 97 5 27 5 85 173 31 97 5 110 106 97 5 173 31 97 5 27 5 27 5 11 335 9 11 335 9 11 335 9 11 335 9
22 23 15 22 23 15 8 75 23 15 8 75 23 32 12 22 17 22 30 22 23 15 22 23 296 233 47 22 17 22 30 8 75 23 15 8 75 23 32 12 22 17 22 30 22 23 15 22 23 296 233 47 22 23 15 22 23 296 233 47 8 75 23 15 8 75 23 32 12 22 17 22 30 22 23 15 22 23 296 233 47 22 23 15 22 23 296 233 47 22 23 15
21 34 13 21 34 13 21 1 76 13 1 76 13 51 5 219 257 5 64 42 21 1 76 13 1 76 13 51 5 219 257 5 64 42 5 219 257 5 64 42 27 192 11 1 27 192 11 51 5 219 257 5 64 42 5 219 257 5 64 42 1 76 13 1 76 13 51 64 21 1 76 13 1 76 13 51 5 219 257 5 64 42 5 219 257 5 64 42 5 64 42 5 64 42 5 64 42 5 64 42 90 13 21 1 11 42 90 13 21 1 11 42 90 13 21 1 11 42 90 13 21 1 11 42 90 13 21 1 11 42 90 13 21 1 11 42 90 13 21 1 11 42 90 13 21 1 11 42 90 13 21 1 11 42 90 13 21 1 11 42
7 16 1 2 1 7 1 2 7 2 1 7 16 1 2 1 7 2 1 2 1 7 2 1 7 16 1 7 16 1 2 1 7 1 2 7 2 1 7 16 1 2 1 7 2 1 2 1 7 2 1 7 16 1 2 1 7 2 1 2 1 7 2 1
32 299 37 8 317 50 15 457 35 22 17 8 52 15 32 48 59 17 8 7 1 32 48 59 17 8 7 1 32 12 59 17 146 688 113 22 17 8 52 15 32 376 59 17 8 436 1 32 376 59 17 8 436 1 32 48 59 17 8 7 1 32 299 37 8 317 50 15 457 35 22 17 8 52 15 32 376 59 17 8 436 1 22 17 8 52 15 32 376 59 17 8 7 1 32 179 22 17 8 676 1 32 376 59 17 8 7 1 32 376 59 17 8 436 1 32 376 59 17 8 436 1
21 53 51 53 21 64 53 21 53 21 64 53 21 64 42 129 51 53 21 64 53 21 53 21 64 53 21 53 21 53 64 53 21 53 64 53 21 53 64 51 21 53 21 53 129 64 42 129 51 53 21 64 53 21 53 21 64 53 21 53 21 53 64 53 21 53 64 53 21 53 64 51 21 53 21 53 129 64 42 129 51 21 53 21 53 21 53 21 53 21 53 64 53 21 53 64 53 21 53 64 51 21 53 21 53 129 64 42 129 51 21 53 21 53 21 53 21 53 21 53 21 53 21 53 21 53 51 129 51 129 51 129 51 129 51 129 51 129 3
6 1 2 3 2 1 50 1 3 2 1 2 3 2 1 10 6 3 16 10 6 3 2 1 50 1 2 1 12 1 12 1 12 1 12 1
1 30 1 30 1 6 13 1 7 2 1 6 2 7 1 3 1 3 1 3 1 3 1 3 1 3 1 3 1 3 20 3 20 3 20 3 20 3 20 3 20 3 20 3 20 50 37 50 37 50 37 50 37 50 37 50 37 3 1 6 13 1 7 2 1 6 2 7 1 2 1 2 1 2 1 2 1 2 1 2
25 1 13 1 13 1 13 1 13 1 3 1 4 2 1 26 1 13 1 13 1 13 1 13 1 3 1 4 2 1 26 1 13 1 13 1 3 6 2 3 4 3 1 13 1 13 1 13 1 13 1 3 1 4 2 1 26 1 13 1 13 1 3 6 2 3 4 3 1 13 1 13 1 3 1 4 2 1 26 1 13 1 13 1 3 6 2 3 4 3 1 13 1 13 1 4 2 1 4 2 1 4 2 1 4 2 1 4 2 1 4 2 1 4 2 1 4 2 1 4 2 1 4 2 1 4 2 1 4 2 1 4 2 1 4 2
4 3 2 11 1 2 1 2 1 2 1 2 1 2 1 2 1 2 1 2 1 2 1 2 7 16 7 16 1 2 1 2 1 2 4 3 1 2 1 2 1 2 1 2 1 2 1 2 1 2 1 2 7 16 7 16 1 2 1 2 1 2 4 3 1 2 1 2 1 4 3 1 2 1 2 1 2 3 1 2 1 2 1 2 1 2 1 2 1 2 1 2 1 2 1 2 1 2 1 2 1 2 1 2 1 2 1 2 1 2 1 2 1 2 1 2 1 2
1 2 1 2 1 29 2 1 29 2 1 29 2 18 10 3 1 29 2 1 29 2 1 29 2 18 10 3 1 13 1 8 2 3 1 41 1 13 1 8 2 3 1 2 1 29 2 1 29 2 1 29 2 18 10 3 1 13 1 8 2 3 1 41 1 13 1 8 2 3 1 41 1 2 1 2 1 2 1 13 1 8 2 3 1 41 1 13 1 8 2 3 1 41 1 13 1 8 2 3 1 41 1 13 1 8 2 3 1 41 1
12 63 12 63 12 63 12
25 44 25 44 25 44 25 44 25 44 25 44 25 44 25 44 25 74 44 25 74 44 25 74 44 25 74 44 25 74 44 25 74 44 25 74 44 25 74 44 25 44 25 44 25 44 25 44 25 74 44 25 74 44 25 74 44 25 74 44 25 44 25 44 25 44 25 44 25 74 44 25 74 44 25 74 44 25 74 44 25 44 25 44 25 44 25 74 44 25 74 44 25 74 44 25 74 44 25 74 44 25 74 44 25 74 44 25 74 44 25 44 25 44 25 44 25 44 25 74 44 25 74 44 25 74 44 25 74 44 25 74 44 25 74 44 25 74 44 25 74 44 25 74 44 25 74 44 25 74 44 25 74 44 25
1 18 8 2 1 35 3 13 1 17 8 2 1 8 17 7 6 17 114 2 17 10 3 1 113 2 1 17 8 2 1 8 17 7 6 17 114 2 17 10 3 2 1 2 1 17 8 2 1 8 17 7 6 17 114 2 17 10 3 2 1 2 17 114 2 17 2 17 114 2 114 2 1 32 4 2 17 382 28 3 1 17 8 2 1 8 17 7 6 17 114 2 17 10 3 6 2 1
13 1 13 1 13 1 6 2 19 3 13 1 13 1 13 1 13 1 13 1 13 1 2 19 3 13 1 13 1 13 1 6 13 1 13 1 13 1 13 1 13 1 13 1 2 19 3 13 1 13 1 13 1 6 13 1 13 1 13 1 6 2 19 3 6 2 3 1 6 3 2 1 6 2 3 1 2 3 2 19 10 1 6 138 13 1 13 1 13 1 13 1 13 1 13 1 2 19 3 13 1 13 1 13 1 6 13 1 13 1 2 3 2 19 10 1 6 138 2 3 2 19 10 1 6 138 2 3 2 19 10 1 13 1 13 1 13 1 13 1 13 1 13 1 13 1 13 1 13 1 13 1 13 1 13 1 13 1 13 1 2 3 2 19 10 1
7 1 23 48 1 7 1 61 1 12 2 1 7 1 7 1 23 48 1 7 1 61 1 12 2 1 7 1 26 1 23 48 1 7 1 61 1 12 2 1 7 1 7 1 23 48 1 7 1 61 1 12 2 1 7 1 7 1
19 2 236 19 2 236 19 2 236 26 30 7 1 23 48 1 13 38 1 13 38 1 13 38 1 13 38 1 2 19 3 2 1 2 19 28 3 1 43 1 43 1 43 1 43 2 3 1 23 48 1 13 38 1 13 38 1 13 38 1 13 38 1 2 19 3 2 1 2 19 28 3 1 43 1 43 1 43 1 43 2 3 1 13 38 1 13 38 1 13 38 1 13 38 1 13 38 1 13 38 1 13 38 1 13 38 1 2 3 2 3 1 38 13 1
12 16 12 106 7 106 7 12 7 12 16 12 106 7 106 7 12 7 12 16 12 106 7 106 7 12 7 12 16 12 106 7 106 7 12 7 12 16 12
9 11 140 9 5 9 11 9 5 24 11 4 24 5 24 131 102 7 5 24 5 24 5 24 11 4 24 5 24 131 102 7 5 11 94 24 3 11 94 5 9 27 134 9 4 5 24 5 24 9 4 11 192 11 192 11 27 503 9 415 9 4 78 4 24 7 11 94 24 3 11 94 5 9 27 134 9 4 5 24 5 24 9 11 9 5 9 11 9 5 9 11 9 5 9 11 9 5 9 11 9 5 9 11 9 5
5 4 102 7 5 4 102 7 1 32 1 11 1 32 1 11 5 4 102 7 1 32 1 11 1 32 1 11 5 4 102 7 1 32 1 11 1 32 1 32 5 4 102 7 5 7 5 7 5 7 5 7 5 7 5 7 5 7 5 7 1
6 10 39 3 1 13 3 26 1 13 3 41 3 1 13 3 26 6 138 2 3 2 1 3 1 12 2 1 3 2 1 6 10 39 3 1 13 3 26 1 13 3 41 3 1 13 3 26 6 138 2 3 2 1 3 1 12 2 1 3 2 6 3 2 1 3 1 12 2 1 3 2 1
1 2 1 2 1 2 1 2 1 2 1 2 1 54 45 9 45 54 9 45 54 45 9 45 54 11 9 1 2 4 2 1 2 4 2 1 2 4 2 1 2 4 2 1 2 1 2 1 2 1 2 1 2 1 2 1 54 45 9 45 54 9 45 54 45 9 45 54 11 9 1 2 4 2 1 2 4 2 1 2 4 2 1 2 4 2 29 11 29 11 1 2 1 2 1 2 1 2 1 2 1 2 1 54 45 9 45 54 9 45 54 45 9 45 54 11 9 1 2 4 2 1 2 4 2 1 2 4 2 1 2 4 2 1 2 4 2 1 2 4 2 1 2 4 2 1 2 4 2 1 2 4 2 1 2 4 2 1 2 4 2 1 2 4 2 1 2 4 2 1 2 4 2 1 2 4 2 1
1 2 3 2 1 2 3 2 1 2 3 2 1 2 3 2 1 2 3 2 1 2 3 2 1 2 3 2 1 2 3 2 1 2 1 2 1 2 3 2 1 2 1 2 1 2 3 28 1 2 3 2 1 2 3 2 1 2 3 2 1 2 3 2 1 2 3 2 1 2 3 2 1 2 3 2 1 2 3 2 1 2 1 2 1 2 3 2 1 2 1 2 1 2 3 2 1 2 1 2 1 2 3 2 1 2 1 2 1 2 3 28 1 2 3 2 1 2 3 2 1 2 3 2 1 2 3 2 1 2 3 2 1 2 3 2 1 2 3 2 1 2 3 2
1 2 11 1 2 11 1 2 1 2 1 4 2 1 2 1 2 4 2 4 2 1 2 11 1 2 11 1 2 1 2 1 4 2 1 2 1 2 4 2 4 2 1 3 2 3 2 1 2 11 1 2 1 2 1 2 1 2 1 4 2 1 2 1 2 1 2 1 2 1 2 1 2 1 2 1 2 1 2 1 2 1 2 1 2 1 2 1
8 35 72 30 72 30 72 175 184 52 418 15 33 89 17 642 88 422 15 162 8 7 72 30 72 30 72 256 39 17 1 22 261 162 341 15 8 7 72 234 22 118 1 8 30 1 393 22 17 441 22 261 162 341 15 72 234 22 118 1 8 192 1
1 6 2 3 1 6 2 3 1 6 2 3 1 6 2 3 1 6 2 3 1 6 2 3 1 6 2 3 1 6 2 3 1 6 2 3 1 6 2 3 1 6 2 3 1 6 2 3 1 6 2 3 1 6 2 3 1 6 2 3 1 6 2 3 1 6 2 3 1 6 2 3
167 142 32 597 142 124 142 32 597 142 124 99 77 183 99 49 183 77 124 142 124 485 206 142 124 142 124 142 124 142 124 10 45 61 1 10 664 193 1 560 77 183 560 49 183 77 99 77 183 99 49 183 77 124 142 124 485 206 142 124 142 124 142 124 142 124 142 32 142 124 142 32 142 124 142 124 142 124 142 124 485 206 142 124 142 124 142 124 142 124 142 124 142 124 142 124 142 124 142 32 142 124 142 32 142 124 142 124 142 124 142 124 142 124 142 32 142 124 142 32 142 124 142
3 43 1 3 43 1 3 43 1 3 43 1 3 43 1 3 43 1 3 43 1 3 43 1 3 2 1 3 2 1 3 43 1 3 43 1 3 43 1 3 43 1 3 43 1 42 3 43 1 42 3 43 1 42 3 43 1 4 55 3 43 1 3 43 1 3 43 1 4 2 3 43 1 3 43 1 3 43 1 3 43 1 42 3 43 1 42 3 43 1 42 3 43 1 3 2 1 3 2 1 3 2 1 3 2 1 3 2 1 3 2 1 3 2 1 3 2 1 3 2 1 3 2 1 3 43 1 3 43 1 3 43 1 3 43 1 3 43 1 42 3 43 1 42 3 43 1 42 3 43 1 4 55 3 43 1 42 3 43 1 42 3 43 1 42 3 43 1 3 2 1 3 2 1 3 2 1 3 2 1 3 2 1 3 2 1 3 2 1 3 2 1
1 10 3 1 10 3 52 47 33 3 1 6 2 7 1 10 3 1 10 3 52 47 33 3 1 6 2 7 1 10 3 1 10 3 1 6 2 7 1 6 2 7 1 6 2 7
1 38 1 38 1 3 2 1 13 3 40 1 2 1 3 40 1 2 18 3 2 18 3 40 1 2 1 3 40 1 2 19 8 1 2 19 8 1 2 18 3 2 18 3 40 1 2 1 3 40 1 2 19 8 1 2 19 8 1 2 18 3 2 18 3 2 18 3 2 18 3 2 18 3 2 18
2 1 19 260 3 1 3 1 2 3 1 3 1 3 1 2 3 1 19 260 3 1 3 1 2 1 3 1 3 1 2 3 1 3 1 3 1 2 1 2 1 3 1 3 1 2 3 1 3 1 3 1 2 1 2 1 2 1 3 2 1 3 2 1 3 2 1 3 2 1 3 2 1 3 2 1 3 2 1 3 2 1 3 2 1 3 2 1 3 2 1 3 2 1 3 2 1 3 2 1 3 2 1 3 2 1 3 2 1 3
165 85 4 29 165 85 4 29 165 85 4 29 165 85 4 29 165 85 4 29 165 85 4 29 165 85 4 29 165 85 4 29 165 85 4 29 165 85 4 29 165 85 4 29 165 85 4 29 2 4 11 2 4 11 2 4 11 2 4 11 165 85 4 29 165 85 4 29 165 85 4 29 165 85 4 29 165 85 4 29 165 85 4 29 165 85 4 29 165 85 4 29 2 4 11 2 4 11 2 4 11 2 4 11 27 103 14 9 24 165 85 4 29 165 85 4 29 165 85 4 29 165 85 4 29 165 85 4 29 165 85 4 29 165 85 4 29 165 85 4 29 165 85 4 29 165 85 4 29 165 85 4 29 165 85 4 29 2 4 11 2 4 11 2 4 11 2 4 11 2 4 11 2 4 11 2 4 11 2 4 11 2 4 11 2 4 11
1 2 1 3 9 3 1 2 1 3 9 3 1 2 1 3 9 3 1 2 1 3 9 3 1 3 9 3 1 3 9 3 1
1 2 1 2 1 2 1 3 2 1 2 1 2 1 2 1 3 2 1 2 1 2 1 2 1 3 2 1 2 1 2 1 2 1 3 2 1 3 2 1
1 7 1 2 7 1 2 1 7 1 3 1 2 7 1 2 1 7 1 2 7 1 2 1 7 1 7 1 7 1
1 2 1 3 2 1 2 1 3 2 1 2 1 54 2 1
1 2 1 2 1 2 1 3 55 3 110 1 2 1 2 1 2 1 18 265 18 265 3 2 3 1 2 1 2 1 3 2 3 1 2 1 18 265 18 265 3 2 3 1 2 1 2 1 3 2 3 1 2 1 48 23 48 3 2 3 1 3 2 3 1 2 1 2 1 3 2 3 1 2 1 2 1 18 265 18 265 3 2 3 1 2 1 2 1 48 23 48 3 2 3 1 2 1 48 23 48 3 2 3 1 3 2 3 1 2 1 3 2 3 1 2 1 2 1 2 1 2 1
2 1 3 1 2 1 3 1 2 1 3 1 2 1 3 1 3 1 3 1 3 6 18 2 1 3 6 18 2 1 2 1 3 1 2 1 3 1 2 1 3 1 2 1 3 1 3 1 3 1 3 6 18 2 1 3 6 18 2 1 2 1 3 1 2 1 3 1 2 1 3 1 2 1 3 1 3 1 3 1 11 9 3 2 1 3 1 2 1 3 1 2 1 3 1 2 1 3 1 3 1 3 1 3 1 3 1 3 1 3 1 3 1 3 1 3
3 18 15 33 3 52 15 162 89 474 3 422 23 47 609 607 390 2 24 1 411 47 162 303 33 89 474 3 422 23 47 609 607 390 2 24 1 411 47 162 35 7 23 238 33 7 1
1 2 64 1 2 64 1 2 1 7 1 2 64 1 2 1 7 1 2 64 1 2 1 7 1
21 5 63 5 11 20 45 5 135 63 135 11 20 45 5 613 444 63 5 11 20 45 5 63 5 11 20 45 5 63 5 11 20 45 5 135 63 135 11 20 45 5 63 5 11 20 45 5
1 2 67 2 1 20 3 28 3 1 2 67 2 1 3 1 3 1 3 1 2 67 2 1 20 3 28 3 1 2 67 2 1 3 1 3 1 3 1 2 67 2 1 20 3 28 3 1 2 67 2 1 3 1 3 1 3 1 3 1 3 1 19 260 536 26 1
26 469 247 535 26 469 247 203 1 13 1 350 1 10 475 7 8 189 7 1 7 350 1 8 7 1 234 420 22 517 6 15 33 30 7 12 13 1 350 1 10 475 7 8 189 7 1 350 1 8 7 1 234 420 22 24 1 12 2 97 1 17 15 106 45 1 13 1 350 1 8 475 7 8 2 7 1 350 1 12 2 517 1 61 1 33 7 1 13 1 350 1 8 475 7 8 2 7 1 350 1 12 2 657 1 7 48
5 14 230 20 230 20 338 50 338 50 37 5 14 230 20 230 20 338 50 338 50 37 5 14 5 14
1 23 2 10 7 1 23 2 10 7 1 23 2 10 2 1 23 2 10 7 1 23 2 10 2 1 2 7 1 23 2 10 7 1 23 2 10 2 1 13 1 6 18 10 7 1 12 2 20 10 7 1 23 2 10 7 1 23 2 10 7 1 23 2 10 2 1 2 7 1 23 2 10 7 1 23 2 10 2 1 13 1 6 18 10 7 1 12 2 20 10 7 1 23 2 10 7 1 23 2 10 7 1 23 2 10 2 1 2 7 1 23 2 10 7 1 23 2 10 2 1 23 2 10 7 1 23 2 10 2 1 13 1 6 18 10 7 1 12 2 20 10 7 1 23 10 7 1 23 10 7 1 23 10 7 1 2 1
1 30 1 30 1 8 19 2 1 15 33 3 1 8 19 2 1 15 33 3 1 40 1 10 1 40 15 2 3 18 2 3 6 2 1 2 1 33 7 1 8 19 2 1 15 33 3 1 8 19 2 1 15 33 3 1 40 1 10 1 40 15 2 3 18 2 3 6 2 1 2 1 33 7 1 30 1 30 2 3 18 2 3 6 2 1 2 1 33 7 2 3 18 2 3 6 2 1 2 1 33 7
1 108 82 181 22 519 23 8 28 7 23 12 22 30 7 23 6 440 138 162 35 7 23 12 22 8 7 23 12 22 7 23 22 8 7 23 22 8 7 23 58 23 233 47 228 17 299 47 228 33 89 233 47 228 120 631 632 648 146 47 228 33 89 17 47 228 33 89 47 228 89 17 47 228 89 17 47 228 89 17 47 20 424 68 638 89 674 228
1 38 13 38 1 38 13 6 17 2 28 1 38 13 38 1 38 13 38 1 38 13 38 6 17 2 3 1 13 38 1 13 38 1 13 38 1 2 19 8 28 2 19 8 30 1 38 13 38 1 38 13 38 1 38 13 172 6 2 30 1 38 13 38 1 38 13 38 1 38 13 172 6 17 2 30 1 13 38 1 13 38 1 13 38 1 2 19 8 28 2 19 8 30 1 38 13 38 1 38 13 1 38 13 38 1 38 13 25 2 19 8 28 1 13 38 1 13 38 1 13 38 1 2 19 8 28 1 13 413 1 13 413 1
2 1 3 2 1 3 2 1 3 2 1 3 2 1 3 2 1 3 2 1 3 2 1 3 279 2 1 3 2 1 3 2 1 3 2 1 3 2 1 3 18 2 3 18 6 3 18 2 3 18 6 3 279 2 1 3 279 2 1 3 18 2 3 2 18 2 3 161 2 1 3 2 1 3 279 2 1 3 279 2 1 3 18 2 3 18 6 3 18 2 3 18 6 3 279 2 1 3 279 2 1 3 279 2 1 3 279 2 1 3 279 2 1 3 279 2 1 3 279 2 1 3 279 2 1 3 279 2 1 3
12 16 12 7 12 84 12 7 16 12 16 12 7 12 84 12 7 16 12 16 12 7 1 2 1 2 1 2 1 2 1 16 39 16 39 16 1 2 1 2 1 7 16 1 2 1 2 1 12 84 12 7 16 12 16 12 7 12 84
1 23 348 23 1 23 348 23 6 18 2 1 2 19 1 10 41 3 6 18 2 1 2 19 10 41 3 23 22 23 22 18 6 18 6 10 41 3 1 23 348 23 1 23 348 23 6 18 2 1 2 19 10 41 3 23 22 23 22 18 6 18 6 10 355 41 3 23 22 23 22 1
1 6 2 3 2 1 48 23 2 1 6 2 3 1 48 23 2 23 6 2 52 6 10 175 52 6 10 8 7 23 48 23 534 10 47 8 17 22 7 23 6 10 3 2 1
1 2 1 2 1 2 1 2 1 2 1 2 1 2 1 2 4 2 1 2 1 2 1 2 1 2 1 2 1 2 4 2 1 2 1 2 4 2 1 2 1 2 1 2 1 2 1 2 1 2 1 2 4 2 1 2 1 2 1 2 1 2 1 2 4 2 1 2 1 2 4 2 1 2 1 2 1 2 1 2 1 2 1 2 1 2 1 2 1 2 4 2 1 2 1 2 4 2 1 2 1 2 1 2 1 2 10 2 4 37 4 2 10 2 4 37 4 2 10 2 4 37 4 2 1 2 1 2 1 2 1 2 1 2 1 2 1 2 1 2 1 2 1 2 1 2 1 2 1 2 1 2 1 2 1 2 1 2 1 2 1 2 1 2 4 2
1 2 1 2 1 2 3 1 2 7 1 2 7 1 2 7 1 12 2 7 1 2 7 1 2 7 1 2 7 1 2 1 3 1 2 7 1 2 7 1 2 7 1 2 7 1 12 2 7 1 2 7 1 2 7 1 2 7 1 2 7 1 2 1
93 1 93 1 93 1 93 1 101 2 93 1 93 1 101 2 101 2 3 55 8 93 1 93 1 93 1 101 2 93 1 93 1 101 2 101 2 3 55 8 93 1 2 1 3 10 2 6 3 2 1 3 10 6 20 3 93 1 93 1 101 2 10 2 3 1 61 67 6 15 2 8 3 55 8 93 1 3 55 8 93 1 93 1 93 1 93 1 93 1 93 1 93 1 93 1 93 1 93 1
1 17 6 26 2 19 8 75 1 17 6 26 2 19 8 1 22 8 26 8 17 6 22 8 75 1 17 6 26 2 19 8 75 1 17 6 26 2 19 8 1 22 8 26 8 17 6 22 8 75 1 17 6 26 2 19 8 75 1 17 6 26 2 19 8 6 26 22 19 8 1 22 19 8 75 1 17 6 26 2 19 8 75
12 14 12 78 12 78 12 78 12 78 12 78 16 12 78 16 12 78 7 16 12 56 12 78 12 78 12 78 16 12 78 16 12 78 7 16 12 56 12 78 12 78 12 78 16 12 78 16 12 78 7 16 12
1 6 1 6 1 6 1 3 1 6 2 3 1 6 2 3 1 6 2 3 1 6 2 3 1 3 1 6 1 6 1 6 2 3 1 3 1 6 1 6 1 6 1 3 1 6 2 3 1 6 2 3 1 6 2 3 1 6 2 3 1 3 1 6 1 6 1 6 2 3 1 3 1 6 1 6 1 6 1 6 1 6 1 6
48 1 7 1 7 2 7 1 2 1 7 1 7 1 7 2 7 1 2 1 7 1 7 1 7 2 7 1 2 1 7 1 7 1 7 1 7 2 7 1 2 1 7 1 7 1 7 2 7 1 2 1 7 1 7 1 7 1
1 2 1 3 6 1 26 1 2 1 2 1 3 6 1 26 1 2 1 2 1 3 6 1 26 1 2 1 3 6 1 26 1 2 1 2 1 3 6 1 26 1 2 1 2 1 3 1 3 6 1
48 88 10 522 3 48 156 18 156 18 3 222 15 33 7 48 88 10 522 3 48 156 18 156 18 3 222 15 33 7 48 88 10 355 8 522 3 611
1 6 2 3 1 6 2 1 52 2 364 1 6 1 6 1 12 2 1 12 2 1 12 2 1 6 33 7 1 6 2 1 52 2 364 1 6 1 6 1 6 1 6 1 6 1 6 1 6 1 6 1 6 1 6 1 6
29 5 29 5 29 5 29 5 14
7 2 481 47 10 94 7 1 18 205 10 83 450 1 83 450 1 311 2 481 47 10 94 7 1 18 205 10 83 450 1 12 2 311 2 507 6 418 15 20 83 155 113 7 1 311 2 481 47 10 94 3 1 18 205 10 83 450 1 2 311 2 507 6 418 15 20 83 155 113 7 1 311 2 481 47 10 94 3 1 18 205 10 308 1 311 1
610 12 16 12 7 16 7 16 12 16 12 7 16 7 16 12 16 12 7 16 12 16 12 7 16 7 16 12 16 12 7 16 12 16 12 7 16 12 16 12 7 16 12 16 12 7 16 12 16 12 7 16 12
15 23 33 20 3 1 15 23 33 20 3 1 7 3 4 2 69 2 1 69 2 1 3 4 2 69 2 1 69 2 1 17 15 17 15 23 33 3 4 2 69 2 1 69 2 1 3 4 2 69 2 1 69 2 1 17 15 17 15 1 20 3 1 15 1 20 3 1 7 20 3 37 3 20 3 52 156 54 45 9 54 52 156 54 45 9 54 50 80 179 50 80 179 50 80 179 50 80 179 50 80 179 50 80 179 50 80 179 50 80 179 50 80 179 50 80 179 50 80 179 50 80 179 50 80 179 50 80 179 50 80 179 50 80 179
5 97 5 186 97 5 7 5 97 5 186 97 46 5 97 5 186 97 46 5 97 5 186 97 46 5 97 5 186 97 46 5 97 5 186 97 46 5 97 5 186 97 46 5 97 5 186 97 5 97 5 186 97 46 5 97 5 186 97 46 5 97 5 186 97 46
1 6 1 6 1 7 1 6 1 6 1 7 1 6 1 6 1 7 1 6 1 6 1 7 1 6 1 6 1 7 1 6 1 6 1 7 1 6 1 6 1 7 1 6 1 6 1 7 1 6 1 6 1 7 1 6 1 6 1 7 1 6 1 6 1 7 1 6 1 6 1 7 1 6 1 6 1 7 1
3 1 108 4 47 10 292 8 7 10 292 8 7 1 6 18 206 10 27 63 11 8 7 1 108 4 47 10 292 8 7 1 108 4 47 10 292 8 7 10 292 8 7 1 6 18 206 10 27 63 11 8 7 1 108 4 47 10 292 8 7 1 23 8 7 1 26 1
19 88 275 40 55 26 7 1 57 1 33 10 3 18 6 33 26 3 41 18 83 26 7 1 57 1 57 1 33 10 3 18 6 33 26 3 41 18 83 26 7 1 12 1 11 2 4 11 2 4 20 29 11 131 7 26 3 1 57 1 33 10 3 18 6 33 26 3 41 18 83 26 7 1 57 1 33 10 3 18 6 33 26 3 41 18 83 26 7 1 57
25 1 34 13 1 34 13 1 34 13 1 34 13 1 34 13 1 34 13 3 49 3 49 3 49 3 49 1 4 2 1 4 2 1 4 2 3 1 34 13 1 34 13 1 34 13 1 34 2 3 49 3 49 3 49 3 49 1 4 2 1 4 2 1 4 2 3 53 285 2 1 2 1 13 1 2 1 3 1 4 2 1 4 2 1 4 2 3 53 285 1 2 4 1 4 2 1 4 2 1 4 2 1 4 2 1 4 2 1 4 2 1 4 2 1 4 2 1
24 123 50 1 13 23 13 17 15 13 23 13 17 15 17 15 8 3 61 1 61 1 57 1 57 1 24 54 50 1 24 54 50 1 13 23 13 17 15 13 23 13 17 15 17 15 8 3 61 1 61 1 57 1 57 1 24 54 50 1 24 54 50 1 7 24 54 50 1 24 54 50 1
1 2 73 7 1 2 73 7 1 2 73 7 1 2 73 7 1 2 73 7 1 2 73 7 1 2 73 7 1 2 73 7 1 2 73 7 1 2 73 7 1 2 73 7 1 2 73 7 1 2 73 7 1 2 73 7 1 2 73 7 1 2 73 7 1 2 73 7 1 2 73 7 1 2 73 7 1 2 73 7 1 2 73 7 1 2 73 7
3 147 18 20 1 37 2 3 2 3 1 37 2 3 2 3 2 3 20 120 3 37 20 120 3 37 3 1 37 2 3 2 3 1 37 2 3 2 3 2 3 20 120 3 37 20 120 3 37 20 4 20 4 11 571 1 37 2 3 2 3 1 37 2 3 2 3 2 3 20 120 3 37 20 120 3 37 20 120 3 37 20 120 3 37 20 120 3 37 20 120 3
1 18 1 18 1 18 1 18 1 18 1 18 80 54 80 54 148 217 176 54 80 54 80 54 148 217 176 54 176 54 1 18 1 18 1 18 1 18 80 54 80 54 148 217 176 54 80 54 80 54 148 217 176 54 176 54 1 18 1 18 1 18 1 18 80 54 80 54 148 217 176 54 80 54 80 54 148 217 176 54 176 54 176 54 176 54 1 18 1 18 1 18 1 18 80 54 80 54 148 217 176 54 80 54 80 54 148 217 176 54 80 54 80 54 148 217 176 54 80 54 80 54 148 217 176 54 80 54 80 54 148 217 176 54 80 54 80 54 148 217 176 54 80 54
137 136 121 46 137 136 121 137 136 121 46 137 136 121 46 137 136 121 46 137 136 121 137 136 121 46 137 136 121 46 137 136 121 46 137 136 121 137 136 121 46 137 136 121 46 137 136 121 46 137 136 121 137 136 121 46 137 136 121 46 137 136 121 46 137 136 121 137 136 121 46 137 136 121 46 137 136 121 46 137 136 121 137 136 121 46 137 136 121 46 137 136 121 46 137 136 121 137 136 121 46 137 136 121 46 137 136 121 46 137 136 121 137 136 121 46 137 136 121 46 137 136 121 46 137 136 121 46 137 136 121 46 137 136 121 137 136 121 46 137 136 121 46 137 136 121 46 137 136 121 137 136 121 46 137 136 121 46 137 136 121 46 137 136 121 137 136 121 46 137 136 121 46 137 136 121 46 137 136 121
1 10 3 1 10 3 52 47 33 3 1 6 2 7 1 10 3 1 10 3 52 47 33 3 1 6 2 7 1 10 3 1 10 3 1 6 2 7 1 6 2 7 1 6 2 7
7 1 7 1 12 2 33 7 1 7 1 2 7 1 3 7 1 2 7 1 7 1 7
1 52 6 12 2 1 6 33 7 30 7 1 52 6 12 2 1 6 33 7 1 2 3 2 17 2 1 40 6 3 2 109 177 3 1 52 6 12 2 1 6 33 7 30 7 1 52 6 12 2 1 6 33 7 1 52 6 12 2 1 6 33 7 30 7
1 3 1 8 3 8 3 8 1 8 1 6 2 6 2 91 6 2 8 3 8 3 1 3 1 3 1 171 3 171 3 8 1 8 1 6 2 6 2 91 6 2 8 3 8 3 1 3 1 3 1 3 1 3 1
1 3 1 3 1 3 2 19 278 2 1 3 1 3 1 3 2 1 3 1 3 1 3 1 3 1 3 1 3 2 1 3 1 3 1 3 20 1 20 1 20 1 20 1 3 20 1 20 1 3 20 1 20 1 20 1 20 1 20 1 20 1 3 20 1 20 1 3 20 1 20 1 20 1 20 1 20 1 20 1 3 20 1 20 1 3 20 1 20 1 20 1 3 20 37 1 3 20 37 1 3 20 37 285 156 80 99 77 99 77 99 77 99 77 3 20 1 20 1 3 20 1 20 1 88 20 26 20 26 20 26 20 26 3 20 1 20 1 3 20 1 20 1 3 1 3 1 3 1 3 1 3 1 3 1 3 2 19 278 2 1
14 16 14 16 8 2 1 3 14 16 14 16 8 2 1 3 2 1 3 10 2 1 3 10 2 1 3 10 12 32 14 16 14 16 14 16 14 16 14 16 14 16 14 16 14 16 8 2 1 3 2 1 3 10 2 1 3 10 2 1 3 10 12 32 99 14 16 14 16 14 16 14 16 14 16 14 16 14 16 14 16 14 16 14 16 14 16 14 16 14 16 14 16 14 16 14 16 14 16 14 16 14 16 14 16 14 16 14 16 14 16 14 16 14 16 14 16 14 16 14 16 14 16 14 16 14 16 14 16 14 16 14 16 14 16 14 16 14 16 14 16 14 16 14 16
5 24 5 7 5 24 5 24 5 24 5 24 5 24 7 5 24 5 24 5 24 5 24 5 24 7 5 24 5 24 5
3 2 1 2 1 3 2 1 2 1 3 2 1 2 1 3 2 1 2 1 3 2 1 2 1 3 2 1 2 1 3 2 1 2 1 3 2 1 2 1 3 2 1 25
1 93 2 3 2 1 93 2 3 2 1 2 3 1 2 3 1 2 3 1 2 3 1 2 3 1 2 3 1 2 3 1 2 3 1 2 3 1 2 3 1 2 3 1 2 3 2 3 1 2 3 2 3 1 2 3 1 8 109 3 2 3 1 8 109 3 2 3 1 8 109 3 2 3 1 8 19 2 3 1 2 3 1 2 3 1 2 3 1 2 3 1 2 3 1 2 3 1 2 3 1 2 3 1 2 3 1 2 3 2 3 1 2 3 2 3 1 2 3 1 8 109 3 2 3 1 8 109 3 2 3 1 8 109 3 2 3 1 8 19 2 3 1 8 109 3 2 3 1 8 109 3 2 3 1 8 109 3 2 3 2 3 1 2 3 2 3 1 2 3 1 8 109 3 2 3 1 8 109 3 2 3 1 8 109 3 2 3 1 8 19 2 3 1 8 109 3 2 3 1 8 109 3 2 3 1 8 109 3 2 3 1 8 109 3 2 3 1 8 109 3 2 3 1 8 109 3 2 3 1 8 109 3 2 3 1 8 109 3 2 3
21 12 16 12 7 12 7 12 16 12 7 12 7 12 16 12 7 12 7 12 16 12 7 12 7 12 16 12 7 12 7 12 16 12 7 12 7 12 16 12 7 12 7 12 16 12 7 12 7 12 16 12 7 12 7 12 16 12 7 12 7 12 16 12 7 12 140 33 303 12
1 2 1 2 1 2 1 2 1 2 1 2 1 2 1 2 1 2 1 2 1 2 1 2 1 2 1 2 1 2 1 2 1 2 1 2 1 2 4 2 4 2 4 2 4 2 4 2 4 7 1 2 1 2 1 2 1 2 1 2 1 2 1 2 1 2 1 2 1 2 1 2 1 2 1 2 1 2 1 2 1 2 1 2 1 2 1 2 1 2 1 2 1 2 1 2 1 2 4 2 4 2 4 2 4 2 4 2 4 7 1 2 1 2 1 2 1 2 1 2 1 2 1 2 1 2 1 2 1 2 1 2 1 2 1 2 1 2 1 2 1 2 1 2 1 2
5 3 5 3 5 344 5 3 5 3 5 9 4 5 30 7 5 9 4 5 60 39 30 7 5 344 5 7 5 30 7 5 7 5 7 5
654 316 265 1 3 1 3 1 3 18 3 316 265 316 265 1 3 1 3 1 3 18 3 316 265 316 265 1 3 1 3 1 3 18 3 316 265 316 265 1 3 1 3 1 3 18 3 316 265 316 265 1 3 1 3 1 3 18 3 316 265
220 22 17 238 8 17 22 333 1 8 22 1 22 17 238 8 17 22 333 1 8 22 1 8 110 7 1 52 22 7 1 174 8 110 7 1 52 22 7 1 22 17 238 8 17 22 333 1 8 22 1 22 17 238 8 17 22 333 1 8 22 1 8 110 7 1 52 22 7 1 17 22 7 1
35 111 4 23 26 3 23 26 3 23 12 22 17 22 17 22 33 35 111 4 23 35 111 4 23 26 3 23 26 3 23 12 22 17 22 17 22 33 35 111 4 23 35 111 4 23 35 111 4 23 35 111 4 23 35
1 6 10 3 1 2 3 2 3 1 26 1 2 3 2 3 1 26 1 2 3 2 3 1 26 1 2 3 2 3 1 12 2 3 1 2 3 1 2 3 1 6 33 3 1 2 3 2 3 1 26 1 2 3 2 3 1 26 1 2 3 2 3 1 26 1 2 3 2 3 1 12 2 3 1 2 3 1 2 3 1 6 33 3 1 2 3 2 3 1 26 1 2 3 2 3 1 26 1 2 3 2 3 1 2 24 1
153 21 153 21 163 34 21 34 21 219 21 153 21 153 21 163 34 21 34 21 219 21 153 21 153 21 163 34 21 34 21 53 5 4 5 4 5 4 9 4 289 212 150 100 5 4 5 4 5 4 5 4 5 4 9 4 289 212 150 100 447 153 21 153 21 153 21 153 21 163 34 21 34 21 219 21 4 9 4 9 29 9 4 5 4 5 4 5 4 5 4 9 4 289 212 150 100 5 4 5 4 5 4 5 4 5 4 9 4 289 212 528 150 5 4 5 4 5 4 5 4 5 4 9 4 289 212 150 100 289 212 150 100 447 153 21 153 21 153 21 153 21 153 21 153 21 153 21 153 21 153 21 153 21
21 68 198 13 1 367 21 68 198 13 1 367 21 68 198 13 1 367 21 68 198 13 1 367 2 260 73 82 1 68 198 13 1 58 1 68 198 13 1 58 25 1 68 198 13 1 58 1 68 198 13 1 58 2 260 73 82 21 340 2 260 73 82 1 68 198 13 1 58 1 68 198 13 1 58 1 68 198 13 1 58 1 68 198 13 1 58 1 68 198 13 1 58 1 68 198 13 1 58 25
77 5 196 5 196 5 77 5 196 5 196 5 14 5 77 5 196 5 196 5
153 21 153 21 163 34 21 34 21 219 21 153 21 153 21 163 34 21 34 21 219 21 153 21 153 21 163 34 21 34 21 53 5 4 5 4 5 4 9 4 289 212 150 100 5 4 5 4 5 4 5 4 5 4 9 4 289 212 150 100 447 153 21 153 21 153 21 153 21 163 34 21 34 21 219 21 4 9 4 9 29 9 4 5 4 5 4 5 4 5 4 9 4 289 212 150 100 5 4 5 4 5 4 5 4 5 4 9 4 289 212 528 150 5 4 5 4 5 4 5 4 5 4 9 4 289 212 150 100 289 212 150 100 447 153 21 153 21 153 21 153 21 153 21 153 21 153 21 153 21 153 21 153 21
5 24 5 24 7 5 24 9 5 7 5 24 7 5 24 5 24 7 5 24 9 5 7 5 24 7 9 45 4 11 2 5 24 5 24 7 5 24 9 5 7 5 24 7 9 45 4 11 2 5 24 5 24 7 5 24 9 5 7 5 24 7 9 45 4 11 2 5
31 71 31 71 31 71 31 71 34 5 34 5 34 5 34 1 31 71 31 71 31 7 34 5 34 5 34 5 34 1 31 71 31 71 31 7 5 116 9 78 116 30 32 5 116 9 24 30 31 71 31 71 34 5 34 5 34 5 34 1 31 71 31 71 31 7 31 71 31 71 31 71 31 71 31 71 31 71 31 71 31 71
2 17 338 575 48 8 7 1 48 23 48 8 7 1 48 23 1 2 7 1 2 8 7 35 23 3 7 1 8 7 1 72 8 12 59 39 307 24 7 382 7 97 23 35 1 8 7 1 23 48 1 8 30 7 1 23 48 1 2 7 1 23 48 1 2 8 7 35 23 3 7 1 8 7 1 72 8 12 59 39 307 24 7 382 7 97 23 35 1 35 1
6 2 6 2 26 3 2 19 10 35 1 19 2 6 10 2 4 2 1 19 2 6 10 2 1 19 2 6 10 2 4 2 1 19 2 6 10 2 1 6 2 6 2 26 3 2 19 10 35 1 19 2 6 10 2 4 2 1 19 2 6 10 2 1 19 2 6 10 2 4 2 1 19 2 6 10 2 1 6 2 6 2 26 3 2 19 10 35 6 138 22 138 6 138 22 138 6 161 15 2 26 3 2 19 10 35 1 19 2 6 10 2 4 2 1 19 2 6 10 2 1 6 2 6 2 26 3 2 19 10 35 6 2 6 2 26 3 2 19 10 35 6
154 11 28 3 598 3 77 44 220 99 1 17 2 41 1 17 2 41 1 17 2 41 102 7 102 7 102 7 9 77 44 220 99 1 17 2 41 1 17 2 41 1 17 2 41 102 7 102 7 102 7 9 77 44 220 99 1 17 2 41 1 17 2 41 1 17 2 41 102 7 102 7 102 7 9 77 44 220 99 154 11 67 2 299 37 299 37 20 231 3 144 20 231 3 144 20 231 3 144 20 231 3 144 20 231 3 144 20 231 3 144 20 231 3 144 20 231 3 144 20 231 3 144 20 231 3 144 20 231 3 144 20 231 3 144 20 231 3 144 20 231 3 144 20 231 3 144 20 231 3 144
1 180 1 180 1 180 17 238 8 1 180 17 238 8 31 87 31 87 8 7 1 7 1 28 1 28 1 7 1 180 17 238 8 1 180 17 238 8 31 87 31 87 8 7 1 7 1 28 1 3 1 3 1 3 1 3 1 3 1 3
1 3 2 1 3 2 1 3 2 16 1 3 2 1 3 2 16 1 3 2 1 3 2 1 3 2 1 3 2 1 3 2 1 3 2 16 1 3 2 1 3 2 1 3 2 1 3 2 1 3 2 1 3 2 1 3 2 1 3 2 1 3 2 1 3 2 1 3 2 1 3 2 16 1 3 2 1 3 2 1 3 2 1 3 2 1 3 2 1 3 2 1 3 2 1 3 2 1 3 2 1 3 2 1 3 2 1 3 2 1 3 2 1 3 2 1 3 2
1 2 3 7 1 12 2 3 7 1 12 2 3 7 1 12 2 3 7 1 2 3 1 2 3 1 2 3 7 1 12 2 3 7 1 12 2 3 7 1 2 3 1 2 3 1 2 3 7 1 12 2 3 1 2 10 3 1 12 2 3 1 2 10 2 3 1 12 2 3 7 1 2 3 7 1 12 2 3 1 2 3 1 2 3 7 1 2 7 1 12 2 7 1 2 3 7 1 3 7 2 1
9 321 21 9 321 21 9 321 21 9 321 21 9 4 12 126 128 126 128 9 321 21 9 321 21 9 321 21 9 4 12 126 128 126 128 27 4 27 4 11 27 4 27 4 1 126 128 126 128 25 5 678 4 24 5 9 4 28 24 25 14 76 13 34 14 682 34 14 215 16 4 5 27 4 90 21 90 419 21 9 29 11 5 67 2 9 29 11 5 67 2 9 29 11 5 2 9 29 11 5 363 478 363 478 363 478 363 478 12 9 321 1 9 321 1 9 321 1 9 4 12 126 39 126 39 182 71 182 71 182 71 182 71 14 58 14 58 14 58 14 58 14 58 14 58 14 58 14 58 14 58
5 29 195 24 5 29 195 24 5 24 5 29 195 24 5 24 5 29 25 49 92 77 44 74 99 254 5 24 5 29 25 49 92 77 44 74 99 254 5 24 5 29 25 49 92 77 44 74 99 254 5 29 195 24 5
1 12 2 3 1 2 3 1 12 2 3 1 2 3 1 12 16 3 1 12 2 3 1 2 3 1
5 32 211 132 5 32 211 132 5 9 4 5 9 4 62 32 330 9 4 5 9 4 62 32 9 4 14 32 9 4 14 32 9 4 14 32 9 4 5 9 4 5 9 4 62 32 330 9 4 5 9 4 62 32 9 4 14 32 9 4 14 32 9 4 14 32 9 4 14 32 9 4 14 32 9 4 14 32 9 4 62 134 9 4 62 134 9 4 14 32 9 4 14 32 9 4 14 32 9 4 14 32 9 4 14 32 9 4 14 32 9 4 14 32 9 4 14 32 9 4 14 32 9 4 14 32 9 4
5 60 70 31 7 5 60 70 31 7 5 60 70 31 7 5 60 70 31 7 5 60 70 31 7 5 60 70 31 7 5 60 70 31 7 5 60 70 31 7 9 11 4 9 5 60 70 31 7 5 60 70 31 7 5 60 70 31 7 5 60 70 31 7 5 60 70 31 7 5 60 70 31 7 9 11 4 9 5 60 70 31 7 5 60 70 31 7 5 60 70 31 7 5 60 70 31 7 5 60 70 31 7 5 60 70 31 7 5 60 70 31 7 5 60 70 31 7 5 60 70 31 7 5 60 70 31 7 5 60 70 31 7 5 60 70 31 7 5 60 70 31 7 5 60 70 31 7 5 60 70 31 7 5 60 70 31 7 5 60 70 31 7 5 60 70 31 7 5 60 70 31 7 5 60 70 31 7 9 11 4 9 5 60 70 31 7 5 60 70 31 7 307 504 497 490 68
5 118 5 2 3 151 1 18 205 10 7 1 18 205 10 7 1 18 205 10 521 1 18 205 10 7 1 18 205 10 7 2 3 6 2 3 1 18 205 10 7 1 18 205 10 7 1 18 205 10 521 1 18 205 10 7 1 18 205 10 7 2 3 6 2 3 2 10 6 29 2 10 6 29 10 7 1 18 205 10 7 1 18 205 10 7 1 18 205 10 521 1 18 205 10 7 1 18 205 10 7 2 3 6 2 3 6 2 3 6 2 3
36 1 10 1 82 37 2 8 203 1 82 37 2 8 203 1 10 1 82 37 2 8 203 1 82 37 2 8 203 1 10 1 10 1 10 2 18 11 4 1 2 18 8 3 1 10 1 82 37 2 8 203 1 82 37 2 8 203 1 10 1 10 1 10 1 10 1
7 1 2 3 2 1 2 3 2 1 2 3 2 1 2 3 2 7 1 2 3 2 1 2 3 2 1 2 3 2 1 2 3 2 1 11 2 3 4 3 2 11 1 11 2 3 4 3 2 11 7 1 2 3 2 1 2 3 2 1 2 3 2 1 2 3 2 1 2 3 2 1 2 3 2 1 2 3 2 1 2 3 2 26 41 7 41 26 41 7 41 26 41 7 41 26 41 7 41 26 41 7 41 26 41 7 41 26 41 7 41 26 41 7 41 26 41 7 41 26 41 188 26 41 7
1 2 1 7 1 12 2 1 33 8 7 1 12 2 364 26 7 2 1 7 1 12 2 1 33 8 7 1 12 2 364 26 7 2 1 12 2 1 33 8 7 1 12 2 364 26 7 2 1
1 13 1 13 1 13 1 13 1 2 1 2 1 3 1 2 1 2 3 1 2 1 2 1 3 1 2 1 2 1 3 1 2 1 2 3 1 2 1 2 1 3 1 2 1 2 1 3 1 2 1 2 3 1 2 1 2 1 3 1 2 1 2 3 1 3 1 2 1 2 1 3 1 2 1 2 3
1 38 187 38 1 38 187 38 1 38 187 38 15 18 2 3 1 38 187 38 15 18 2 3 2 3 18 15 3 2 3 18 15 3 2 3 18 15 3 10 3 1 10 2 3 1 10 2 3 1 10 2 3 1 10 3 1 2 10 3 1 2 10 3 1 38 187 38 15 18 2 3 1 38 187 38 15 18 2 3 2 3 18 15 3 2 3 18 15 3 2 3 18 15 3 10 3 1 10 2 3 1 10 2 3 1 10 2 3 1 10 3 1 2 10 3 1 2 10 3 1 38 187 38 15 18 2 3 15 18 2 3 10 3 1 10 2 3 1 10 2 3 1 10 2 3 1 10 2 3 1 10 2 3 1 10 3 1 10 2 3 1 10 2 3 1 10 2 3 1 10 3 1 2 10 3 1 2 10 3 1 2 10 3 1 2 10 3 1 2 10 3 1 2 10 3 1 2 3 2 3 1
1 9 4 1 9 4 1 9 4 1 4 9 28 3 1 4 9 28 3 1 2 1 2 1 2 1 9 4 1 4 9 28 3 1 4 9 28 3 1 2 1 2 1 2 1 9 4 1 9 4 1 9 4 1 9 4 1 4 9 28 3 1 4 9 28 3 1 4 9 28 3 1 4 9 28 3 1 4 9 28 3 1 2 1 2 1 2 1 9 4 1 2 1 2 1 2 1 9 4 1 2 1 2 1 2 1 9 4 1
165 541 540 331 165 541 540 331 5 24 5 60 70 331 9 4 9 4 5 7 5 60 70 331 5 24 5 60 70 331 9 4 9 4 5 7 1 10 2 1 10 2 5 60 70 331 5 24 5 60 70 331 9 4 9 4 5 1 10 2 1 10 2 1 10 2 1 10 2 1 10 2 1 10 2 1 10 2 1 10 2 1 10 2 1 10 2 1 10 2 1 10 2 1 10 2 1
1 16 1 7 16 1 16 1 7 16 1 16 1 7 16 1 16 1 7 16 1 16 1 7 16 1
43 15 91 43 15 91 43 15 91 43 15 91 1 13 1 3 26 3 2 4 2 3 26 3 1 13 1 3 26 3 2 3 43 15 91 26 43 15 91 26 43 15 91 26 69 2 26 3 69 2 26 3 69 2 3 43 15 91 43 15 91 43 15 91 43 15 91 43 15 91 43 15 91 1 13 1 3 26 3 2 69 2 3 1 13 1 3 26 3 2 3 43 15 3 26 43 15 3 26 43 15 3 26 69 2 26 3 69 2 26 3 69 2 3 43 15 3 43 15 3 43 15 3 43 15 3 43 15 3 43 15 3 43 15 3 43 15 3 43 15 3 43 15 3 43 15 3 43 15 3 43 15 3 43 15 3 43 15 3 43 15 3 43 15 3 43 15 3 1 13 1 3 26 3 2 4 2 3 1 13 1 3 26 3 2 3 43 15 3 26 43 15 3 26 43 15 3 26 69 2 26 3 69 2 26 3 69 2 3 43 15 3 43 15 3 43 15 3 43 15 3 43 15 3 43 15 3 43 15 3 43 15 3 43 15 3 43 15 3 43 15 26
25 49 25 49 25 49 25 49 230 25 49 25 49 230 25 49 25 49 230 189 230 25 49 25 49 230 189 230 25 49 25 49 5 94 11 94 5 94 11 94 31 71 14 31 71 127 25 49 25 49 230 25 49 25 49 230 25 49 25 49 230 189 230 189 25 49 25 49 5 94 11 94 5 94 11 94 31 71 14 31 71 127 21 27 428 201 4 27 428 201 4 27 32 14 31 71 14 31 71 14 31 71 127 200 127 200 25 49 25 49 230 25 49 25 49 230 25 49 25 49 230 189 230 189 25 49 25 49 230 189 230 189 25 49 25 49 230 25 49 25 49
3 2 1 6 10 3 2 1 6 10 3 1 6 10 3 1 6 10 3 1 2 1 3 2 1 6 10 3 1 6 10 3 1 6 2 3 1 2 24 1 50 6 2 3 20 3 2 1 6 10 3 1 6 10 3 1 6 2 3 1 2 1 3 2 1 6 10 3 1 6 10 3 1 6 2 3 2 1
36 152 1 36 38 523 96 260 96 3 471 81 113 36 38 36 38 43 19 237 3 471 81 41 160 36 38 1 38 1 2 260 2 3 30 81 36 152 1 36 38 523 96 260 96 3 471 81 113 36 38 36 38 43 19 237 3 471 81 41 160 36 38 1 38 1 2 260 2 3 30 81 36 152 1 2 260 39 3 113 81 3 523 1
25 99 49 25 99 49 25 99 49 25 99 49 25 1 8 4 1 8 4 1 8 4 1 8 4 1 8 4 1 8 4 1 8 4 1 8 4 1 25 99 49 25 99 49 25 99 49 25 99 49 25 1 58 4 1 58 4 1 8 4 1 8 4 1 8 4 1 8 4 1 25 99 49 25 99 49 25 99 49 25 99 49 25 1 58 4 1 58 4 1 8 4 1 8 4 1 8 4 1 8 4 1 25 99 49 25 99 49 25 99 49 25 99 49 25 1 58 4 1 58 4 1 8 4 1 8 4 1 8 4 1 8 4 1 58 4 1 58 4 1 8 4 1 8 4 1 8 4 1 8 4 1 8 4 1 8 4 1 58 4 1 58 4 1 58 4 1 58 4 1 8 4 1 8 4 1 8 4 1 8 4 1 8 4 1 8 4 1 8 4 1 8 4 1
1 58 1 58 61 1 61 1 22 39 28 3 28 3 61 1 61 1 61 1 22 39 28 3 28 3 61 1 108 255 3 22 8 3 23 12 108 255 3 22 203 3 23 34 12 55 3 22 8 3 23 34 12 55 3 22 19 8 3 28 3 61 1 61 1 22 39 28 3 28 3 61 1 108 255 3 22 8 3 23 34 12 55 3 22 8 3 23 34 12 55 3 22 8 3 23 34 12 55 3 22 19 8 3 28 3 61 1
1 5 11 5 9 1 9 1 9 24 3 1 119 276 9 1 119 276 9 1 9 1 9 24 3 1 119 276 9 1 119 276 9 2 4 2 4 3 4 3 5 11 5 9 1 119 276 9 1 119 276 9 1 119 276 9 1 119 276 9 1 119 276 9 1 119 276 9 1 119 276 9 1 119 276 9 1 119 276 9 1 119 276 9 1
1 3 6 2 3 1 3 6 2 3 1 3 6 2 3 1 3 6 2 3 1 6 2 3 6 2 3 6 2 3 371 6 40 1 6 2 3 6 2 3 6 2 3 371 6 40 1 3 6 2 3 1 3 6 2 3 1 3 6 2 3 1 3 6 2 3 1 2 3 2 3 2 3 6 1 3 6 2 3 1 3 6 2 3 1 6 2 3 6 2 3 6 2 3 371 6 40 1 6 2 3 6 2 3 6 2 3 371 6 40 1 2 3 2 3 2 3 6 1 3 6 2 3 1 3 6 2 3 1 3 6 2 3 1 3 6 2 3 1
6 1 6 1 6 2 7 1 6 2 7 1 6 1 6 3 1 6 1 6 1 6 1 6 2 3 1 6 1 6
6 467 6 33 8 17 2 15 563 75 1 23 48 23 10 355 8 3 8 94 88 3 1 75 3 1 23 48 23 10 355 8 3 8 94 88 3 1 393 12 22 23 75 1 23 6 467 6 588 8 7 8 7 1 23 48 23 10 355 8 3 8 94 88 3 47 2 52 240 6 418 453 33 8 17 8 75 1 102 45 197 549 197 205 570 107 9 107 557 9 149 603 258 16 270 552 427 107 27 107 370 45 182 63 107 27 107 370 45 95 63 107 27 107 370 45 432 95 140 107 27 547 98 107 370 197
105 151 1 2 19 106 7 1 47 33 10 7 1 7 1 47 33 8 7 1 2 1 47 33 8 7 1 7 1 47 33 8 7 1 2 19 106 7 1 47 33 162 8 7 1 151 1 47 33 162 8 7 1 2 1 47 33 8 113 1 151 1 47 33 8 7 1 2 1
1 8 2 30 1 8 2 30 1 8 2 30 1 8 2 30 1 8 2 30 1 8 2 30 1 8 2 30 1 8 2 30 1 8 2 30 1 8 2 30 2 3 1 2 3 1 2 3 1 2 30 1 8 2 30 1 8 2 30 1 8 2 30 1 8 2 30 1 8 2 30 1 8 2 30 1 8 2 30 1 8 2 30 1 8 2 30 1 8 2 30 2 3 1 2 3 1 2 3 1 2 30 1 8 2 30 1 8 2 30 1 8 2 30 1 8 2 30 1 8 2 30 1 8 2 30 2 3 1 2 3 1 2 3 1 2 30 1 2 3 1 2 3 1 2 3 1 2 30 1 8 2 30 1 8 2 30 1 8 2 30 1 8 2 30 1 8 2 30 1 8 2 30
7 1 2 1 7 2 1 2 1 7 2 1 2 1 7 2 1 2 1 7 2 1
2 50 6 40 152 23 2 50 6 40 2 50 6 40 23 2 50 37 2 50 6 40 152 23 2 50 6 40 2 50 6 40 23 2 50 37 8 3 1 8 3 6 3 8 3 1 8 7 37 2 50 6 40 152 23 2 50 6 40 2 50 6 40 23 2 50 37 8 3 1 8 3 6 3 8 3 1 8 7 37 2 50 6 40 152 23 2 50 6 40 2 50 6 40 23 2 50 37 2 50 6 40 152 23 2 50 6 40 2 50 6 40 23 2 50 37 8 3 1 8 3 6 3 8 3 1 8 7 37 8 3 1 8 3 6 3 10
1 10 83 1 10 83 1 10 83 1 10 83 1 10 83 1 10 83 1 10 83 1 10 83 1 10 83 1 10 83 1 10 83 1 10 83 81 39 81 39 81 240 6 406 10 18 10 18 10 18 10 18 10 18 10 18 30 7 1 10 83 1 10 83 1 10 83 1 10 83 1 10 83 1 10 83 1 10 83 1 10 83 81 39 81 39 81 240 6 406 10 18 10 18 10 18 10 18 10 18 10 18 30 7 1 10 83 1 10 83 1 10 83 1 10 83 1 10 83 1 10 83 1 10 83 1 10 83 1 10 83 1 10 83 1 10 83 1 10 83 1 10 83 1 10 83 1 10 83 1 10 83 1 10 83 1 10 83 1 10 83 1 10 83 1 10 83 1 10 83 1 10 83 1 10 83 1 10 83 1 10 83 1 10 83 1 10 83 1 10 83 1 10 83 1 10 83 1 10 83 1 10 83 1 10 83 1 10 83 1 10 83 1 10 83 1 10 83 1 10 83 1 10 83 1 10 83 1 10 83 1 10 83 1 10 83 1 10 83 1 10 83 1 10 83 1 10 83 1 10 83 1 10 83 1 10 83 1 10 83 1 10 83 1 10 83 1 10 83 1 10 83 1 10 83 1 10 83 1 10 83 1 10 83 1 10 83 1 10 83
25 183 44 92 77 1 15 59 31 30 1 15 59 31 30 1 15 59 31 150 100 27 32 150 100 27 32 1 15 59 31 30 1 15 59 31 30 1 15 59 31 30 1 15 59 31 150 100 27 32 150 100 27 32 1 15 59 31 30 1 15 59 31 30 1 15 59 31 30 1 15 59 31 150 100 27 32 150 100 27 32 1 15 59 31 30 1 15 59 31 30 1 15 59 31 30 1 15 59 31 30 1 15 59 31 30 1 15 59 31 30 1 15 59 31 30
75 1 23 8 7 8 7 1 2 3 2 3 2 3 2 3 2 3 2 3 1 3 2 3 2 3 2 3 2 52 6 1 2 5 33 7 1 8 7 8 7 1 12 2 52 6 10 1 7 1 2 3 2 3 2 3 2 3 2 3 2 3 1 3 2 3 2 3 2 3 2 52 6 1 2 5 33 7 1 8 7 8 7 1 12 2 52 6 10 1 7 1 69 2 3 2 3 2 3 2 3 1 8 7 8 7 1 2 52 6 10 1 6 8 7 23 1 6 8 7 23 1 8 7 23 1 8 7 23 1 8 7 23 1
5 2 11 2 11 2 11 2 3 11 2 11 2 11 2 11 2 3 11 67 154 67 154 67 154 67 154 2 11 2 11 2 11 2 3 11 67 154 67 154 67 154 67 154 2 11 2 11 2 11 2 3 11 2 11 2 11 2 11 2 3 11 67 154 67 154 67 154 67 154 44 74 44 74 44 74 44 74 42 64 42 64 42 64 42 51 64 67 154 67 154 67 154 67 154 67 154 67 154 67 154 67 154
1 3 2 1 3 2 1 3 2 1 3 2 1 3 2 1 2 1 3 2 1 3 2 1 3 2 1 3 2 1 3 2 1 2 1 3 2 1 3 2 1 3 2 1 2 1 3 2 1 3 2 1 3 2 1 3 2 1 3 2 1 2 1 3 2 1 2 1 3 2 1
1 10 3 10 3 10 3 10 3 1 10 3 10 3 10 3 10 3 1 6 20 3 29 1 12 2 24 1 4 37 47 10 3 1 4 37 20 3 1 6 20 3 29 1 12 2 24 1 4 37 47 10 3 1 4 37 47 10 3 1
533 5 31 71 5 9 63 5 31 71 5 9 63 5 9 5 9 4 5 9 5 9 4 5 9 4 5 9 4 5 9 4 5 9 4 5 9 5 9 4 5 9 4 5 9 4 5 9 4 5 9 4 5 9 4 5 9 4 5 9 4 5 9 4 5 9 4 5 9 4 5 9 4 5 9 4 5 9 4 5 9 4 143 9 4 5 330 5 9 5 31 5 9 4 5 9 4 5 9 4 5 9 4 5 9 4 5 9 4 5 9 4 5 9 4 5 9 4 5 9 4 5 9 4 5 9 4 5 9 4 5 9 4 5 9 4 5 9 4 5 9 4 5 9 4 5 9 4 5 9 4 5 9 4
24 123 50 1 13 23 13 17 15 13 23 13 17 15 17 15 8 3 61 1 61 1 57 1 57 1 24 54 50 1 24 54 50 1 13 23 13 17 15 13 23 13 17 15 17 15 8 3 61 1 61 1 57 1 57 1 24 54 50 1 24 54 50 1 7 24 54 50 1 24 54 50 1
48 71 48 211 48 71 48 211 48 71 48 211 48 71 48 211 27 197 62 29 1 79 4 1 79 4 1 64 4 11 4 2 310 71 310 31 310 71 310 211 62 218 62 32 77 1 401 4 1 401 4 1 11 4 11 4 2 10 458 460 459 5 542 239 14 10 458 460 459 14 27 197 62 29 1 79 4 1 79 4 1 11 4 11 4 2 1 79 4 1 79 4 1 11 4 11 4 2 1 79 4 1 79 4 1 11 4 11 4 2 1 79 4 1 79 4 1 11 4 11 4 2 1
7 113 7 151 7 1 12 2 1 3 1 12 2 1 3 1 48 3 2 7 151 7 1 2 22 2 3 1 2 22 2 3 2 18 10 1 12 2 1 3 1 12 2 1 3 1 48 3 2 7 151 7 1 2 22 2 3 1 2 22 2 3 7 113 7 151 7 1 2 22 2 3 1 2 22 2 3
35 1 32 2 1 32 2 1 32 2 1 32 2 6 9 6 9 6 9 6 9 1 32 2 1 32 2 1 32 2 1 32 2 6 9 6 9 6 9 6 9 1 32 2 1 32 2 1 32 2 1 32 2 1 75 2 1 75 2 1 75 2 1 75 2 1 32 2 1 32 2 1 32 2 1 32 2
1 13 1 13 1 13 34 13 1 13 1 2 451 2 1 13 1 2 4 2 1 13 1 2 4 2 1 13 1 6 1 2 10 3 1 2 4 2 1 13 1 2 4 2 1 13 1 13 1 13 1 2 4 2 1 13 1 2 4 2 1 13 1 2 4 2 1 13 1 2 4 2 1 13 1 2 4 2 1 13 1 2 4 2 1 13 1 2 4 2 1 13 1
1 2 18 2 50 37 20 37 33 2 19 10 1 10 19 2 19 10 1 2 18 2 50 37 20 37 33 2 19 10 1 10 19 2 19 10 1 2 18 2 50 37 20 37 33 2 19 10 1 10 19 2 19 10 1 10 19 2 19 10 1 10 19 2 19 10 1 2 18 2 50 37 20 37 33 2 19 10 2 10 1 10 19 2 19 10 1 10 19 2 19 10 1 10 19 2 19 10 1 10 19 2 19 10 1 10 19 2 19 10 1 10 19 2 19 10 1
42 21 42 51 44 220 99 5 34 5 34 5 34 360 42 5 34 5 34 5 34 42 64 5 360 42 5 42 21 42 51 44 220 99 4 5 42 64 4 5 42 64 4 5 42 64 4 5 34 5 34 5 34 360 42 5 34 5 34 5 34 42 64 5 360 42 5 42 21 42 51 44 220 99 4 5 42 64 4 5 42 64 4 5 42 64 4 5 34 5 34 5 34 360 42 5 34 5 34 5 34 42 64 5 360 42 5 42 21 42 51 44 220 99 5 4 5 360 42 4 5 42 64 4 5 360 42 4 5 42 64
1 6 2 3 43 1 3 1 6 2 3 2 3 1 6 2 3 43 3 6 10 3 6 10 22 1 6 2 3 2 1 3 1 6 2 3 2 3 1 6 2 3 1 6 2 3 1 6 2 3 43 3 1 6 2 3 43 3 6 10 3 6 10 22 1 6 2 3 2 1 6 2 3 2 3 6 1 6 2 3 2 1 6 2 3 2 1 3 1
21 3 31 11 45 65 21 3 9 2 20 3 21 3 31 11 45 65 21 3 9 2 20 3 21 3 31 11 45 65 21 3 9 2 20 3 21 3 31 11 45 65 21 3 9 2 20 3 5 11 2 24 9 4 32 14 32 9 11 24 14 20 3 14 32 9 11 24 14 20 3 1 332 163 57 196 76 34 1 21 3 31 11 45 65 21 3 9 2 20 3 21 3 31 11 45 65 21 3 9 2 20 3 5 11 2 24 9 4 32 5 21 3 31 11 45 65 21 3 9 2 20 3 21 3 31 11 45 65 21 3 9 2 20 3 5 11 2 24 9 4 32 14 32 9 11 24 14 20 3 14 32 9 11 24 14 20 3 1 332 163 57 196 76 34 1 21 3 31 11 45 65 21 3 9 2 20 3 21 3 31 11 45 65 21 3 9 2 20 3 5 11 2 24 9 4 32 5
1 6 2 3 1 6 3 1 6 2 3 1 6 3 1 3 6 18 2 3 1 12 2 3 2 11 2 3 1 2 3 2 11 2 3 1 6 2 3 1 6 3 1 6 2 3 1 6 3 1 3 6 18 2 3 1 6 2 24 1
1 3 1 3 1 3 1 3 6 18 10 3 1 3 1 3 6 18 10 3 1 3 6 18 2 3 1 3 6 18 2 1 2 109 10 3 1 3 1 3 1 3 1 3 6 18 10 3 1 3 1 3 6 18 10 3 1 3 6 18 2 3 1 3 6 18 2 1 2 109 10 3 1 82 2 3 1 12 50 6 10 2 24 1 108 6 2 164 3 1 3 6 18 2 3 1 3 6 18 2 1 2 109 10 3 1 2 1 3 1 3 1 3 1 3 1 3 1 3 1 3 1 3 1 3
12 16 12 106 7 106 7 12 7 12 16 12 106 7 106 7 12 7 12 16 12 106 7 106 7 12 7 12 16 12 106 7 106 7 12 7 12 16 12
11 2 1 11 2 1 11 2 1 11 2 1 11 2 1 11 2 1 11 4 1 11 2 1 11 2 1 11 2 1 11 2 1 11 2 1 11 2 1 11 2 1 11 2 1 11 4 1 11 2 1 11 2 1 11 2 1 11 2 1 11
1 13 48 1 187 168 13 1 3 8 1 35 1 35 1 3 8 1 313 6 10 6 10 18 2 35 1 40 6 18 2 22 39 1 187 168 13 1 3 8 1 35 1 35 1 3 8 1 22 39 22 39 1 22 39 22 39 8 50 6 10 6 10 18 2 35 1 40 6 18 2 22 39 1 38 22 1 38 22 1 38 22 1 38 22 1 38 22
66 89 59 89 66 89 59 89 66 89 59 89 66 89 59 89 66 89 59 89 66 89 59 89 15 18 22 15 17 8 30 15 18 22 15 17 8 30 15 18 22 15 17 8 30 15 18 22 15 17 8 30 160 1 36 158 28 3 167 175 304 200 15 18 22 15 17 8 30 15 18 22 15 17 8 30 15 18 22 15 17 8 30 15 18 22 15 17 8 30 160 1 36 158 28 3 167 175 52 15 35 160 1 36 158 28 3 167 175 304 200 158 162 164 16 508 66 170 169 89 66 170 169 89 66 170 169 89 66 170 169 89 66 170 169 89 66 170 169 89 66 170 169 89 66 170 169 89 66 170 169 89 66 170 169 89 66 170 169 89 66 170 169 30 3 160 1 36 158 28 3 167 175 304 200 158 15 18 22 15 17 8 30 15 18 22 15 17 8 30 15 18 22 15 17 8 30 15 18 22 15 17 8 30 160 1 36 158 28 3 167 175 52 15 35 160 1 36 158 28 3 167 175 52 15 35 160 1 36 158 28 3 167 175 52 15 35 160 1 36 158 28 3 167 175 52 15 35 160 1 36 158 28 3 167 175 52 15 35 160 1 36 158
14 31 32 407 31 32 407 11 451 14 5 78 31 27 74 49 5 78 31 27 74 49 5 79 31 27 74 49 5 79 31 27 74 49 14 5 79 31 27 74 49 5 79 31 27 74 49 5 79 31 27 74 49 5 79 31 32 407 31 32 407 31 32 407 31 32 407 11 451 5 14 5 79 31 27 74 49 5 79 31 27 74 49 25 49 92 44 74 49 25 49 92 44 74 49 5 79 31 27 74 49 5 79 31 5 79 31 27 74 49 5 79 31 14 79 31 27 74 49 14 79 31 27 74 49 14
194 4 51 4 42 9 21 186 194 4 51 4 42 9 21 186 21 25 44 77 25 21 25 44 77 25 42 21 42 21 25 44 77 25 21 25 44 77 25 16 14 42 21 25 44 77 25 21 25 44 77 25 42 21 42 21 49 74 44 194 4 51 4 42 9 21 186 194 4 51 4 42 9 21 64 383 42 434 51 129 86 53 285 21 25 44 77 25 21 25 44 77 25 42 21 42 21 194 4 51 4 42 9 21 186 194 4 51 4 42 9 21 186
5 277 31 30 7 5 277 31 30 7 9 95 11 9 95 11 9 95 11 9 95 11 126 24 1 206 25 5 277 31 30 7 5 277 31 30 7 9 95 11 9 95 11 9 95 11 9 95 11 126 24 1 206 25 9 95 11 9 95 11 9 95 11 9 95 11 126 24 1 206 25 5 277 31 30 7 5 277 31 30 7 5 277 31 30 7
7 16 12 16 12 16 12 16 12 16 12 7 16 12 16 12 7 12 16 12 16 12 16 12 16 12 7 16 12 16 12 7 18 6 18 16 7 12 16 12 16 12 16 12 16 12 7 16 12 16 12 7 12 16 12 7 16 12 16 12 7 16 12 16 12 7 16 12 441
1 43 30 1 43 30 1 43 222 15 43 28 1 2 30 1 2 30 1 2 222 15 1 2 30 1 2 30 1 2 30 1 22 30 222 15 1 2 30 1 17 20 624 671 444 616 15 17 63 15 2 30 1 2 30 1 22 30 222 15 1 2 30 1 2 30 1 2 30 1 22 30 222 15 1 2 30 1 17 33 161 625 23 15 17 63 15 43 30 1 43 30 1 43 222 15 43 28 1 55 30 19 55 30 19 319 30 222 15 1 2 30 1 55 30 19 55 30 19 319 30 222 15 1 2 30 1 55 30 19 55 30 19 319 30 222 15 1 2 30 1 55 30 19 55 30 19 319 30 222 15 1 2 30 1
11 5 1 11 5 1 11 5 21 53 129 42 3 4 21 53 129 42 3 4 5 4 9 2 3 5 4 9 2 51 3 5 10 11 2 3 9 3 5 10 11 2 3 9 3 5 11 5 11 21 53 129 42 3 4 21 53 129 42 3 4 5 4 9 2 3 5 4 9 2 51 3 5 10 11 2 3 9 3 5 10 11 2 3 9 3 5 11 5 11 4 1 3 2 11 45 5 4 37 4 1 3 2 74 49 77 99 25 77 3 25 92 44 77 44 74 254 25 92 44 51 3 5 10 11 2 3 9 3 5 11 2 9 3 5 11 2 9 3 5 11 2 9 3 5 11 2 9 3 5 11 2 9 3 5 11 2 9 3 5 11 2 9 3 5 11 2 9 3 5
1 6 2 3 1 6 2 3 6 18 2 3 1 2 1 3 1 2 1 3 2 19 8 1 2 19 8 1 6 2 3 1 6 2 3 6 18 2 3 1 2 1 3 1 2 1 3 2 19 8 1 2 19 8 1 2 19 8 1 2 19 8 1 2 19 8 1
1 6 22 3 18 3 4 6 9 3 2 17 8 203 4 6 9 3 2 17 8 203 1 6 22 3 18 3 1 6 22 3 18 3 1 6 22 3 18 3 1 6 22 3 18 3 4 6 9 3 2 17 8 203 4 6 9 3 2 17 8 203 1 6 22 3 18 3 1 6 22 3 18 3 1 6 22 3 18 3 1 6 22 3 18 3 4 6 9 3 2 17 8 203 4 6 9 3 2 17 8 203 1 6 22 3 18 3 1 6 22 3 18 3
10 58 4 400 3 1 12 48 1 18 6 2 4 1 18 37 2 4 1 10 58 4 400 3 12 1 18 6 2 4 1 18 6 2 4 1 10 58 4 400 3 12 1 18 6 2 4 1 18 6 2 4 1 10 58 4 400 3 12 6 48
16 12 33 7 12 16 12 7 16 12 16 12 7 16 12 16 12 33 7 12 16 12 7 16 12 16 12 33 7 12 16 12 7 16 12
85 201 131 11 5 11 5 211 11 211 11 5 11 5 11 5 211 11 211 11 5
1 2 1 2 1 7 1 2 1 7 2 1 7 1 7 1 2 1 7 2 1 7 1 7 1 2 1 7 2 1 7 1 7 1 2 1 7 2 1 7 1 7 1 7 1 7
79 439 3 24 3 5 9 5 9 4 5 9 5 9 4 5 4 9 5 11 24 3 5 11 24 3 5 13 5 13 24 29 11 9 24 3 5 9 4 5 9 4 5 4 9 5 11 24 3 5 11 24 3 5 13 5 13 24 29 11 9 24 3 5 9 4 5 9 4 5 4 9 5 15 2 18 2 18 2 18 426 8 1 3 7 5 9 4 5 9 4 5 4 9 5 11 24 3 5 11 24 3 5 9 4 5 9 4 5 4 9 5 9 4 5 9 4 5 4 9 5 9 4 5 9 4 5 4 9 5 15 2 18 2 18 2 18 426 8 1 3 7 5 9 4 5 9 4 5 4 9 5
49 5 9 4 5 9 4 5 9 78 5 9 78 5 9 78 5 9 78 5 9 78 5 9 78 5 9 78 5 9 78 5 9 4 5 9 4 5 9 78 5 9 78 5 9 78 5 9 78 5 9 78 5 9 78 5 9 78 5 9 78 5 9 4 5 9 4 5 9 78 5 9 78 5 9 78 5 9 78 5 9 78 5 9 78 5 9 78 5 9 78 5
14 46 14 46 14 46 14 46 14 46 14 46 14 46 14 46 14 27 14 27 195 44 14 46 14 46 14 46 14 46 14 46 14 46 14 27 14 27 195 44 14 46 14 46 14 46 14 46 14 46 14 46 14 27 14 27 195 44 14 46 14 46 14 46 14 46 14 46 14 46 14 27 14 27 195 44 14 46 14 46 14 46 14 46 14 46 14 46 14 27 14 27 195 44 14
79 439 3 24 3 5 9 5 9 4 5 9 5 9 4 5 4 9 5 11 24 3 5 11 24 3 5 13 5 13 24 29 11 9 24 3 5 9 4 5 9 4 5 4 9 5 11 24 3 5 11 24 3 5 13 5 13 24 29 11 9 24 3 5 9 4 5 9 4 5 4 9 5 15 2 18 2 18 2 18 426 8 1 3 7 5 9 4 5 9 4 5 4 9 5 11 24 3 5 11 24 3 5 9 4 5 9 4 5 4 9 5 9 4 5 9 4 5 4 9 5 9 4 5 9 4 5 4 9 5 15 2 18 2 18 2 18 426 8 1 3 7 5 9 4 5 9 4 5 4 9 5
21 9 11 3 21 9 11 3 9 5 31 132 5 31 132 2 9 21 9 11 3 21 9 11 3 9 5 31 132 5 31 132 9 4 30 110 679 129 30 110 9 4 5 31 132 5 31 132 9 4 5 31 132 5 31 132 5 31 132 5 31 132 5 31 132 5 31 132 5 31 132
29 2 29 2 29 2 29 2 29 2 29 2 29 2 29 2 29 10 1 10 6 10 2 3 37 10 1 10 6 10 2 3 37 20 93 286 2 21 61 93 286 2 21 8 3 2 1 3 2 1 2 1 2 3 10 653 10 445 10 3 10 3 10 3 1 3 2 1 3 2 1 2 1 2 3 10 17 10 445 10 3 10 3 10 3 61 1 3 2 1 3 2 1 2 1 2 3 10 17 10 445 10 3 10 3 10 3 61 1 10 3 1 2 10 2 1 3 2 1 3 2 1 2 1 2 3 10 17 10 445 10 3 10 3 10 3 61 1 10 3 1 2 10 2 1 10 3 1 2 10 2 93 286 2 21 61 93 286 2 21 61 93 286 2 21 61 93 286 2 21 61 93 286 2 21 61 93 286 2 21 61 93 286 2 21 61 93 286 2 21 61 93 286 2 21 61 93 286 2 21 61 93 286 2 21 61
5 58 14 4 9 11 4 9 5 58 14 4 9 11 4 9 5 10 11 10 5 58 14 4 9 11 4 9 5 58 14 4 9 11 4 9 5 58 14 4 9 11 4 9 5 58 14 4 9 11 4 9 5
1 7 6 1 7 1 7 1 2 1 7 6 1 7 1 7 1 2 1 7 6 1 7 1 7 1 2 1 7 6 1 7 1 7 1 2 1 7 6 1
1 13 1 13 1 3 13 1 13 1 3 13 1 13 1 3 13 1 13 1 3 123 45 123 45 123 45 9 123 45 123 45 123 45 9 13 1 13 1 3 13 1 13 1 3 123 45 123 45 123 45 9 123 45 123 45 123 45 9 29 403 69 5 29 403 69 5 29 403 69 5 4 5 207 9 207 9 207 9 192 11 207 9 207 9 207 9 192 11 13 1 13 1 3 13 1 13 1 3 123 45 123 45 123 45 9 123 45 123 45 123 45 9 123 45 123 45 123 45 9 123 45 123 45 123 45 9 13 1 13 1 3 13 1 13 1 3 13 1 13 1 3 13 1 13 1 3 13 1 13 1 13 1 13 1
6 104 6 104 6 104 6 104 6 104 6 104 6 104 6 104 6 104 6 104 6 104 6 104 6 104 6 104 6 104 6 104 6 104 6 104 6 104 6 104 6 104 6 104 6 104 6 104 6 2 3 9 5 14 13 5 14 13 5 14 13 5 14 13 5 14 13 5 14 13 20 4 2 3 6 104 6 104 6 104 6 104 6 104 6 104 6 104 6 104 6 104 6 104 6 104 6 104 6 104 6 104 6 104 6 104 6 5 14 13 5 14 13 5 14 13 5 4 2 3 2 3 6 104 6 104 6 104 6 104 6 104 6 104 6 104 6 104 6 120 172 120 172 120 172 120 172 120 172 120 172 120 172 120 172 120 6 104 6 104 6 104 6 104 6 104 6 104 6 104 6 104 6 5 14 13 5 14 13 5 14 13 5 4 2 11 1
280 6 2 6 2 6 2 18 2 3 2 40 1 3 2 40 1 3 2 40 1 274 280 6 2 6 2 6 2 18 2 3 2 40 1 3 2 40 1 3 2 40 1 274 2 40 1 3 2 40 1 3 2 40 1 274 75 2 40 1 3 2 40 1 3 2 40 1 274 2 40 1 3 2 40 1 3 2 40 1 274 2 40 1 3 2 40 1 3 2 40 1
7 16 12 174 16 364 282 7 12 16 12 7 16 12 16 12 7 16 12 16 12 7 16 12 16 12 7 16 12 16 12 7 16 12
1 130 35 12 2 1 130 35 12 2 30 1 8 7 1 130 35 12 2 1 130 35 12 2 30 1 8 7 1 2 7 1 2 7 1 2 3 1 40 15 2 30 3 7 1 130 35 12 2 1 130 35 12 2 1 130 35 12 2 30 1 40 8 7 1 130 35 12 2 30 1 40 8 7 1 130 1
77 32 159 4 409 159 4 409 6 4 6 1 6 3 2 14 1 2 1 4 2 1 2 1 6 4 6 1 6 3 2 14 1 2 1 4 2 1 2 1 6 4 6 1 6 3 2 6 2 6 2 184 52 6 2 6 2 184 52 14 1 2 1 4 2 1 2 1 6 4 6 1 6 3 2 6 4 6 1 6 3 2 6 4 6 1
1 4 13 1 4 2 1 4 13 1 4 2 1 223 2 1 223 2 126 1 4 13 1 4 13 1 223 2 1 223 2 126 1 4 13 1 4 13 1 4 13 1 223 2 1 223 2 126 1 4 13 1 4 13 1
25 1 8 3 1 6 8 3 1 6 8 3 1 6 8 3 1 6 8 3 1 6 8 3 1 6 8 3 1 6 8 3 1 6 8 3 1 6 8 3 1 6 8 3 1 6 8 3 1 6 10 8 3 1 6 8 3 1 6 8 3 1 6 8 3 1 6 8 3 1 6 8 3 1 6 8 3 1 6 8 3 1 6 8 3 1 6 8 3 1 6 8 3 1 6 8 3 1 6 10 8 3 1 6 8 3 1 6 8 3 1 6 8 3 1 6 8 3 1 6 8 3 1 6 8 3 1 6 8 3 1 6 10 8 3 1 6 8 3 1 6 8 3 1 6 8 3 1 6 1 8 3 1 6 8 3 1 6 8 3 1 6 8 3 1 6 8 3 1 6 8 3 1 6
1 40 6 18 6 22 17 8 184 52 6 8 7 23 271 156 184 52 1 40 6 18 6 22 17 8 184 52 6 8 7 23 271 156 184 52 1 40 6 18 6 22 17 8 184 52 6 8 7 23 271 156 184 52 6 8 7 23 271 156 184 52 6 8 7 23 271 156 184 52 6
1 11 9 1 11 9 1 14 24 14 24 14 5 11 9 5 11 9 5 14 24 14 24 14 5 11 9 5 11 9 5 11 9 5 11 9 5 14 24 14 24 14 5 11 9 5 11 9 5 11 9 5 11 9 5 11 9 5 11 9 5 11 9 5 11 9 5 11 9 5 11 9 5
1 6 2 3 1 6 2 3 1 2 3 50 6 2 3 1 3 1 6 2 3 1 6 2 3 1 2 3 50 6 2 3 1 12 2 17 2 1 12 2 17 33 3 2 18 10 1 6 2 3 1 6 2 3 1 2 3 50 6 2 3 1 12 2 3 1 6 1
7 16 1 2 1 7 1 2 7 2 1 7 16 1 2 1 7 2 1 2 1 7 2 1 7 16 1 7 16 1 2 1 7 1 2 7 2 1 7 16 1 2 1 7 2 1 2 1 7 2 1 7 16 1 2 1 7 2 1 2 1 7 2 1
599 1 13 23 13 1 13 23 13 2 39 22 39 26 15 26 15 1 13 23 13 1 13 23 13 2 39 22 39 26 15 26 15 180 2 8 2 8 2 8 2 8 22 1 26 15 22 1 2 8 2 8 2 8 2 8 22 1 26 15 22 1 26 15 1 13 23 13 1 13 23 13 2 39 22 39 26 15 26 15 1 13 23 13 1 13 23 13 2 39 22 39 26 15 26 15 180 2 8 2 8 2 8 2 22 1 26 15 22 1 2 8 2 8 2 8 2 22 1 26 15 22 1 26 15 180 2 8 2 8 2 8 2 22 1 26 15 22 1 2 8 2 8 2 8 2 22 1 26 15 22 1 26 15 2 8 2 8 2 8 2 22 1 26 15 22 1
1 82 15 585 576 26 35 26 35 15 585 576 28 1 82 6 2 28 52 6 28 6 2 10 1 2 28 1 82 6 2 28 1 82 6 2 28 52 6 110 1 82 6 2 28 52 6 30 15 40 2 28 1 82 6 2 28 52 6 28 6 2 10 1 2 28 1 82 6 2 28 1 82 6 2 28 1 82 6 2 28 1 82
1 174 2 3 1 174 2 3 1 19 2 3 1 19 2 3 1 52 2 3 1 52 2 3 6 531 138 33 3 2 1 52 2 3 1 52 2 3 6 531 138 33 3 2 1 2 3 1 2 3 1 2 3 1 2 3 1 19 2 3 1 19 2 3 1 52 2 3 1 52 2 3 6 531 138 33 3 2 1 2 3 1 2 3 1 2 3 1 2 3 1 19 2 3 1 19 2 3 1 19 2 3
105 35 23 63 47 105 35 23 251 22 17 8 6 22 17 284 6 33 105 35 23 63 47 105 35 23 251 22 17 8 6 22 17 284 6 33 105 35 23 63 47 105 35 23 251 22 17 8 6 22 17 284 6 33 105 35 23 63 47 105 35 23 251 22 17 8 6 22 17 284 6 33
25 1 2 69 2 1 13 1 2 69 2 1 2 69 2 1 13 1 2 69 2 1 2 69 2 69 2 1 13 1 13 1 2 69 2 69 2 1 13 1 13 1 2 69 2 1 13 1 2 69 2 1 25 49 25 49 25 49 25 49 25 49 25 49 25 49 25 49 25 49 25 49 25 49 25 49 25 1 2 1 2 1
5 29 44 5 29 44 86 51 42 51 5 29 44 86 51 42 51 14 5 29 14 5 29 44 86 51 42 51 5 395
1 9 314 1 9 4 278 39 1 278 39 1 278 39 1 278 39 1 125 191 29 125 191 29 191 62 395 62 28 3 125 191 29 125 191 29 191 62 395 62 28 3 1 9 7 1 27 75 72 11 141 72 11 141 72 11 141 72 11 141 72 125 191 29 125 191 29 191 62 395 62 28 3 125 57 125 191 29 191 62 395 62 164 28 3 1 9 7 1 27 75 72 11 141 72 11 141 72 11 141 72 11 141 72 125 191 29 125 191 29 125 191 29 125 191 29 191 62 395 62 28 3 75 72 11 141 72 11 141 72 11 141 72 11 141 72 11 141 72 11 141 72 11 141 72 11 141
6 467 6 33 8 17 2 15 563 75 1 23 48 23 10 355 8 3 8 94 88 3 1 75 3 1 23 48 23 10 355 8 3 8 94 88 3 1 393 12 22 23 75 1 23 6 467 6 588 8 7 8 7 1 23 48 23 10 355 8 3 8 94 88 3 47 2 52 240 6 418 453 33 8 17 8 75 1 102 45 197 549 197 205 570 107 9 107 557 9 149 603 258 16 270 552 427 107 27 107 370 45 182 63 107 27 107 370 45 95 63 107 27 107 370 45 432 95 140 107 27 547 98 107 370 197
1 130 35 12 2 1 130 35 12 2 30 1 8 7 1 130 35 12 2 1 130 35 12 2 30 1 8 7 1 2 7 1 2 7 1 2 3 1 40 15 2 30 3 7 1 130 35 12 2 1 130 35 12 2 1 130 35 12 2 30 1 40 8 7 1 130 35 12 2 30 1 40 8 7 1 130 1
5 140 16 5 140 16 5 140 16 102 63 5 140 16 5 140 16 5 140 16 102 63 5 13 5 13 5 13 5 13 5 13 5 13 5 13 5 13 5 140 16 5 140 16 5 140 16 102 63 5
1 2 1 2 1 2 1 2 3 1 2 3 2 1 3 1 6 37 20 1 2 3 4 2 10 3 1 2 3 1 2 3 2 1 3 1 6 37 20 1 2 3 4 2 10 3 1 2 3 1 2 3 1 2 3 1 2 3 2 1 3 1 6 37 20 1 2 3 4 2 10 3 1 2 3 1 2 3 2 1 3 1 2 3 1 2 3 1 2 3 1 2 3
1 2 1 2 41 1 2 1 2 41 1 2 1 2 41 1 2 1 2 41 1 2 1 3 1 2 1 3 1 2 1 3 1 2 1 3 1 2 1 2 41 1 2 1 2 41 1 3 1 3 1 2 1 3 1 2 1 3 1 2 1 3 1 12 45 9 45 54 45 9 45 54 45 9 45 54 45 9 45 9 45 9 45 54 45 9 45 54 45 9 45 54 45 9 45 9 45 9 45 54 45 9 45 54 45 9 45 54 45 9 45 9 45 9 45 54 45 9 45 54 45 9 45 54 45 9 45
1 21 49 44 25 49 44 25 21 11 4 1 11 4 1 9 4 1 21 49 44 25 49 44 25 21 11 4 1 11 4 1 9 4 1 51 21 51 21 51 21 51 21 53 42 21 53 42 21 53 42 21 53 42 21 53 42 21 11 4 1 11 4 1 9 4 21 11 4 21 11 4 21 9 4 21 53 42 21 53 42 21 53 42 21 53 42 21
29 356 29 356 29 356 29 356 4 363 4 363 4 55 29 12 2 126 574 16 7 1 17 37 42 51 1 17 2 390 10 24 509 510 1 494 278 2 526 5 8 5 8 5 30 29 356 29 356 29 356 29 356 4 363 4 363 4 55 29 12 2 126 574 16 7 1 17 6 42 51 1 17 2 390 10 24 509 510 1 494 278 2 526 1 17 6 42 51 1 17 2 390 10 24 509 510 1 494 278 2 526
25 1 58 380 1 58 380 1 58 380 1 58 380 1 58 380 6 20 3 326 17 15 1 20 3 326 17 15 1 20 3 326 17 15 1 20 3 10 134 3 1 58 380 1 58 380 6 20 3 326 17 15 1 20 3 326 17 15 1 20 3 326 17 15 1 20 3 8 11 3 326 17 15 1 20 3 326 17 15 1 20 3 326 17 15 1 20 3 326 17 15 1 20
86 33 3 1 2 109 10 47 7 1 6 1 6 2 3 1 6 1 6 2 10 86 33 3 1 2 109 10 47 7 1 6 1 6 2 3 1 6 1 6 2 10 86 33 3 1 2 109 10 47 7 1 6 1 6 2 3 1 6 1 6 2 10 86 33 3 1 2 109 10 47 7 1 6 1 6 2 3 1 6 1 6 2 10 86 647 86
1 50 2 20 1 50 2 20 1 298 1 298 1 20 1 37 1 50 2 20 1 50 2 20 1 298 1 298 1 20 1 37 1 3 2 1 3 2 1 3 2 1 4 3 1 50 2 20 1 50 2 20 1 298 1 298 1 20 1 37 1 6 1 6
1 7 1 7 1 7 1 7 2 1 33 7 1 7 1 7 1 2 7 1 2 7 1 7 1 7 1 7 1 7 2 1 33 7 1 7 1 7 1 7 1 7 1 7
1 2 1 2 1 2 1 2 1 2 1 2 1 2 1 2 1 2 1 2 1 2 1 2 8 91 8 91 8 91 1 2 1 2 1 2 1 2 1 2 1 2 1 2 1 2 1 2 1 2 1 2 1 2 8 91 8 91 8 91 1 2 1 2 1 2 1 2 1 2 1 2 1 2 1 2 1 2 1 2 1 2 1 2 1 2 1 2 1 2 1 2 8 91 8 91 8 91 1 2 1 2 1 2 1 2 1 2 1 2 1 2 1 2
77 5 196 5 196 5 77 5 196 5 196 5 14 5 77 5 196 5 196 5
1 8 1 2 201 421 302 8 7 1 6 156 52 47 8 185 118 1 12 2 10 426 386 469 164 8 118 1 8 118 8 30 1 8 118 8 1 6 156 52 47 8 185 118 1 12 2 10 405 386 469 164 8 498 7 1 8 118 8 1 8 118 8 1 8 118 1
1 6 2 3 1 6 2 3 1 6 2 3 1 6 2 3 1 6 2 3 6 1 6 2 3 1 6 2 3 1 6 2 3 6 3 6 3 6 3 2 3 1 6 2 3 1 6 2 3 1 6 2 3 6 1 6 2 3 1 6 2 3 1 6 2 3 6 3 6 3 6 3 2 3 1 6 2 3 1 6 2 3 1 6 2 3 6 1 6 2 3 1 6 2 3 1 6 2 3 6 1 6 2 3 1 6 2 3 1 6 2 3 1 6 2 3 1 6 2 3 1 6 2 3 1 6 2 3 1 6 2 3 1 6 2 3 1 6 2 3
5 79 131 79 29 11 29 4 29 11 29 4 9 4 5 9 5 11 5 9 5 11 29 11 29 4 29 11 29 4 5 76 5 11 4 140 9 4 3 5 9 5 11 5 9 5 11 29 11 29 4 29 11 29 4 5 76 5 11 4 140 9 4 11 61 618 339 40 61 67 2 67 2 67 2 67 2 4 11 4 5 9 5 9 4 5 9 5 11 5 9 5 11 29 11 29 4 29 11 29 4 5 76 5 11 4 140 9 4 5 76 5 11 4 140 9 4 5 76 5 76 5 76 5 76 5 4 3
2 1 3 1 12 2 1 12 2 1 12 2 1 7 12 2 1 7 1 7 1 12 2 1 12 2 1 12 2 1 7 12 2 1 7 1 2 3 1 12 2 3 1 12 2 3 1 6 2 8 3 1 12 2 1 12 2 1 12 2 1 7 12 2 1 7 1 2 1 3 1
15 40 23 2 15 40 23 2 15 40 1 19 43 2 6 3 1 10 19 2 6 3 13 1 2 1 28 3 2 19 2 3 2 1 2 6 13 1 13 1 180 15 40 23 2 15 40 23 2 15 40 1 19 43 2 6 3 1 10 19 2 6 3 13 1 2 1 28 3 2 19 2 3 2 1 2 6 13 1 13 1 180 15 40 23 2 15 40 23 2 15 40 1 19 43 2 6 3 1 10 19 2 6 3 13 1 2 1 28 3 2 19 2 3 2 1 2 6 13 1 13 1 13 1 28 3 2 1 2 28 3 2 1 17 6 13 1 13 1 180 15 40 23 2
117 5 4 5 117 5 4 5 117 5 4 5 117 5 4 5 117 5 4 5 117 5 4 5 117 5 4 5 117 5 4 5 117 5 4 5 117 5 4 5 117 5 4 5 117 5 4 5 117 5 116 5 117 5 116 5 117 5 116 5 117 5 116 5 9 4 14 9 4 14 9 4 14 5 331 26 117 5 4 5 117 5 4 5 117 5 4 5 117 5 4 5 117 5 4 5 117 5 4 5 117 5 4 5 117 5 4 5 117 5 4 5 117 5 4 5 117 5 4 5 117 5 4 5 117 5 116 5 117 5 116 5 117 5 116 5 117 5 116 5 9 4 14 9 4 14 9 4 14 5 331 26 117 5 4 5 117 5 4 5 117 5 4 5 117 5 4 5 117 5 4 5 117 5 4 5 117 5 4 5 117 5 4 5 117 5 4 5 117 5 4 5 117 5 116 5 117 5 116 5 117 5 116 5 117 5 116 5 117 5 116 5 117 5 116 5
662 30 23 15 8 30 23 15 8 30 23 15 8 30 23 15 8 30 23 15 8 30 197 95 107 416 399 32
1 2 3 6 3 1 19 2 3 1 19 2 3 1 19 2 3 2 24 3 7 1 19 2 3 1 19 2 3 1 19 2 3 1 3 1 19 2 3 1 19 2 3 1 19 2 3 1 19 2 3 7 1 19 2 3 1 19 2 3 1 19 2 3 2 24 3 7 1 19 2 3 1 19 2 3 1 19 2 3 1 3 1 19 2 3 1 19 2 3 1 19 2 3 1 3 1 19 2 3 1 19 2 3 1 19 2 3 1 19 2 3 7 1 19 2 3 1 19 2 3 1 19 2 3 7 1 19 2 3 1 19 2 3 1 19 2 3 1 3 1 19 2 3 1 19 2 3 1 19 2 3 1 3
112 441 112 441 112
1 3 1 3 1 3 1 3 1 3 1 3 1 3 1 3 1 20 37 20 37 20 37 20 37 20 37 20 37 20 37 20 37 20 37 20 37 20 37 20 37 20
1 16 12 16 12 1 4 1 4 1 67 2 67 2 1 4 61 1 4 2 36 1 4 1 4 1 67 2 67 2 1 4 61 1 4 2 1 67 2 67 2 1 4 61 1 4 2 12 16 12 16 12 1 4 1 4 1 67 2 67 2 1 4 61 1 4 2 36 1 4 1 4 1 67 2 67 2 1 4 61 1 4 2 1 67 2 67 2 1 4 61 1 4 2 12 16 12 16 12 16 12 16 12 16 12
5 76 9 4 71 4 71 5 76 9 4 71 4 71 5 76 9 4 71 4 71 25 92 49 25 92 49 5 9 150 5 76 374 9 374 9 4 71 4 71 4 71 5 9 4 5 76 9 4 71 4 71 5 76 9 4 71 4 71 5 76 9 4 71 4 71 25 92 49 25 92 49 5 9 150 5 76 374 9 374 9 4 71 4 71 4 71 5 9 4 5 76 9 4 71 4 71 5 76 9 4 71 4 71 5 76 9 4 71 4 71 25 5 76 9 4 71 4 71 5 76 9 4 71 4 71 5 76 9 4 71 4 71 5
1 3 147 3 1 145 1 145 1 145 1 145 1 145 1 145 1 145 1 145 3 1 3 147 3 1 145 1 145 1 145 1 145 1 145 1 145 1 145 1 145 3 81 7 81 3 81 7 3 81 7 81 3 81 7 3 81 7 81 3 81 7 3 81 7 81 3 81 7 3 81 7 81 2 1 145 1 145 1 145 1 145 1 145 1 145 1 145 1 145 1 145 1 145 1 145 1 145 1 145 1 145 1 145 1 145 1 145 1 145 1 145 1 145 1 145 1 145 1 145 1 145
105 35 23 63 47 105 35 23 251 22 17 8 6 22 17 284 6 33 105 35 23 63 47 105 35 23 251 22 17 8 6 22 17 284 6 33 105 35 23 63 47 105 35 23 251 22 17 8 6 22 17 284 6 33 105 35 23 63 47 105 35 23 251 22 17 8 6 22 17 284 6 33
4 1 32 1 32 1 32 4 1 32 1 32 1 32 4 2 11 2 11 2 11 3 1 32 1 32 1 32 4 1 32 1 32 1 32 4 2 11 2 11 2 11 3 1 4 1 4 1 4 1 4 1 4 1 4 1 4 11 3 1 32 1 32 1 32 4 1
57 1 57 1 115 23 115 23 115 72 115 133 506 15 33 7 15 33 634 115 23 115 23 115 72 115 133 506 15 33 30 7 15 33 30 7 15 33 89 90 22 182 8 17 22 30 61 1 17 22 41 222 15 17 231 156 423 17 15 8 7 57 23 115 23 115 23 115 23 115 72 115 133 506 15 33 30 7 15 33 30 7 15 33 89 90 22 182 8 17 22 30 61 1 17 22 41 222 15 17 231 156 423 17 15 8 7 61 1 17 22 41 222 15 17 231 156 423 17 15 8 7 57 23 115 23 115 57 1 115 57 1 115 57 1 57 658 133 17 15 33 30 7 15 33 30 7 15 33 89 90 22 182 8 17 22 30 61 1 17 22 41 222 15 17 231 156 423 17 15 8 7 61 1 17 22 41 222 15 17 231 156 423 17 15 8 7 61 1 17 22 41 222 15 17
5 202 204 269 202 204 5 202 204 269 202 204 5 202 204 269 202 204 5 202 204 269 202 204 31 202 204 31 202 204 31 202 204 31 3 7 24 128 27 24 128 27 5 202 204 269 202 204 31 202 204 31 3 7 24 128 27 24 128 27 24 128 27 24 128 27 5 202 204 269 202 204 31 202 204 31 3 7 24 128 27 24 128 27 24 128 27 24 128 27 5 202 204 269 202 204 31 202 204 31 3 7 24 128 27 24 128 27 24 128 27 24 128 27 5 202 204 269 202 204 5 202 204 269 202 204 5 202 204 269 202 204 5 202 204 31 3 7 24 128 406
1 3 1 3 1 3 1 3 2 1 13 1 10 19 2 3 43 3 1 3 10 19 2 6 3 1 3 10 19 2 6 3 1 3 1 3 1 3 1 36 3 7 2 1 13 1 10 19 2 3 43 3 1 3 10 19 2 6 3 1 3 10 19 2 6 3 1 3 10 19 2 6 3
7 1 2 1 3 1 12 2 1 7 1 12 2 7 1 2 1 7 2 7 2 1 12 2 7 1 2 1 3 1 12 2 1 7 1 12 2 7 1 2 1 7 2 7 2 1 12 2 7 1 2 19 8 1
35 23 35 23 35 7 72 8 210 517 7 23 237 174 2 7 19 15 9 35 7 35 7 72 8 210 22 7 23 8 174 22 7 23 17 15 9 35 2 7 1 17 15 2 7 1 17 15 2 7 1 17 15 9 35 7 23 8 19 22 7 23 8 174 22 7 23 17 15 9 35 2 7 1 17 15 2 7 1 17 15 2 7 1 17 15 9 35 9 35 9 35 2 7 1 17 15 2 7 1 17 15
26 17 43 30 1 8 19 22 8 30 36 24 36 185 36 251 229 568 36 185 36 185 36 251 229 111 26 36 185 36 185 36 251 229 111 26 36 442 36 17 6 22 161 41 7 36 442 36 17 66 101 167 30 474 59 17 15 105 72 435 315 569 107 253 209 124 46 62 463 213 207 218 107 27 124 46 62 463 213 207 218 107 27 258 148 95 46 62 263 268 253 267 209 148 95 46 62 263 268 253 267 209 148 95 46 62 263 268 253 267 209 148 95 46 62 263 268 253 267 209 148 95 46 62 263 268 253 267 209 148 95 46 62 263 268 253 267 209 148 95 46 62 263 268 253 267 209 148 95 46 62 263 268 253 267 209 148 95 46
22 8 30 1 22 30 22 30 7 23 14 23 14 23 14 12 22 8 30 1 14 68 343 1 22 30 22 30 7 23 14 23 14 23 14 12 22 8 30 1 14 68 343 1 14 68 343 1 22 8 30 1 14 68 343 1 14
1 4 1 2 1 2 4 2 3 6 2 4 2 3 2 3 2 1 40 2 4 1 40 2 4 1 4 1 2 1 2 4 2 3 6 2 4 2 3 2 3 2 1 40 2 4 1 40 2 4 1 4 1 4 3 2 3 2 1 40 2 4 1 40 4 1 40 4 1 40 4 1 40 4 1 40 4 1 40 4 1 40 4 1 40 4 1 40 4
23 200 23 43 17 382 23 200 23 43 17 382 23 48 23 15 17 15 17 22 513 52 15 162 35 8 17 43 35 23 48 23 15 17 15 17 22 513 52 45 27 335 644 167 8 87 551 87 551 114 20 105 113 105 113 72 81 139 81 66 17 66 17 22 81 15 8 35 32 438 47 105 17 59 35 22 17 105 35 23 48 23 15 17 22 17 105 35 23 48 23 15 17 22 17 105 35 23 48 23 15 17 22 17 105 35 23 48 23 15 17 22 17 105 35 23
1 2 1 2 1 2 1 2 1 2 1 2 1 2 1 2 1 2 1 3 1 2 1 3 2 1 2 1 2 1 3 1 2 1 2 1 2 1
1 17 8 41 1 17 8 1 17 8 41 1 17 8 41 1 17 8 41 1 17 8 41 1 17 8 41 1 17 8 41 1 17 8 41 4 55 41 1 17 8 41 1 17 8 41 1 17 8 41 1 17 8 41 1 17 8 41 1 17 8 41 1 17 8 41 4 55 41 1 161 15 32 34 15 161 15 32 34 15 161 15 32 34 11 94 32 2 1 17 8 41 1 17 8 41 1 17 8 41 1 17 8 41 1 17 8 41 1 17 8 41 1 17 8 41 1 17 8 107 272 45 27 107 272 45 27 107 272 45 27 107 272 45 27 107 272 45
1 15 8 7 1 45 1 8 7 23 15 8 7 23 15 8 7 23 15 8 7 23 15 8 7 23 15 8 7 23 15 8 7 23 15 8 7 1 45 12 2 7 23 2 7 23 2 7 23 108 6 33 304 636 637 7 324 592 106 23 15 8 7 23 15 8 7 23 15 8 7 23 15 8 113 97 23
1 4 2 4 1 4 2 4 1 4 2 4 1 4 2 4 1 4 2 4 1 4 2 4 1 4 2 4 6 3 2 3 6 3 2 3 6 3 2 22 1 4 2 4 1 4 2 4 1 4 2 4 1 4 2 4 1 4 2 4 1 4 2 4 6 3 2 3 6 3 2 3 6 3 2 22 1 4 2 4 1 4 2 4 6 1 12 1 12 2 1 2 4 3 1 22 1 22 6 2 6 2 6 2 22 1 4 2 4 1 4 2 4 1 4 2 4 1 4 2 4 1 4 2 4 1 4 2 4 1 4 2 4 1 4 2 4 1 4 2 4 1 4 2 4 6 18 10 2 1
1 40 1 40 1 40 1 40 1 40 1 40 10 15 3 10 15 3 1 3 1 3 1 3 1 3 10 15 3 10 15 3 1 3 1 3 1 3 1 3 10 15 3 10 15 3 1 3 1 3 1 3 1 3 10 15 3 10 15 3 1 3 1 3 1 3 1 3 10 15 3 10 15 3 10 15 3 10 15 3 10 15 3 10 15 3 10 15 3
1 6 2 3 1 6 2 3 1 6 2 3 1 6 2 3 2 1 20 3 1 6 2 3 1 6 2 3 2 1 20 3 1 6 2 3 1 6 2 3 1 6 2 3
1 2 11 1 2 11 1 2 11 1 2 11 1 2 11 1 2 11 1 2 11 1 2 11 1 2 11 1 2 11 1 2 11 1 2 11 102 24 4 11 102 24 4 1 2 11 1 2 11 1 2 11 1 2 11 1 2 11 1 2 11 1 2 11 1 2 11 9 27 4 11 9 27 4 1 2 11 1 2 11 1 2 11 1 2 11 2 3 2 3 2 3 9 29 2 1 2 11 1 2 11 1 2 11 1 2 11 1 2 11 1 2 11 9 27 4 11 9 27 4 1 2 11 1 2 11 1 2 11 1 2 11
1 12 16 7 1 7 1 12 16 7 1 12 16 7 1 7 1 12 16 7 1 12 16 7 1 7 1 12 16 7 1 12 16 7 1 7 1 12 16 7 1 12 16 7 1 7 1 12 16 7 1 12 16 7 1 7 1 12 16 7 1 2 1 2 1 2 1 7 1
5 131 5 131 5 131 5 131 5 131 5 131 5 131 5 131 5 131 5 131 5 131 14 25 14 5 131 5 131 5 131 5 131 5 131 5 131 5 131 5 131
1 13 1 175 52 6 249 52 6 249 275 249 6 8 7 1 175 52 6 249 275 249 6 8 17 75 3 1 12 2 1 7 1 23 2 4 2 22 17 8 1 132 2 1 2 63 15 8 75 3 1 12 2 1 7 1 23 2 4 2 22 17 8 1 13 1 13 1 13 1 13 1 13 1 13
1 61 1 61 1 61 1 15 17 2 19 8 1 3 1 61 1 15 17 2 19 8 1 3 6 10 3 6 10 3 6 10 3 659 1 61 1 15 17 2 19 8 1 3 1 61 1 15 17 2 19 8 1 3 6 10 3 6 10 3 6 10 3 6 10 3 6 10 3 37 387 37 387 37 387 37 387 2 3 1 40 6 3 2 18 10 1 3 677 18 88 1 61 1 15 17 10 256 3
53 1 42 1 2 1 53 1 42 1 2 1 53 1 42 1 2 25 1 4 2 1 4 2 1 12 4 63 2 16 1 12 1 4 2 1 12 4 63 2 16 1 12 1 42 1 2 1 53 1 42 1 2 25 1 4 2 1 4 2 1 4 2 1 4 2 1
1 2 67 2 1 20 3 28 3 1 2 67 2 1 3 1 3 1 3 1 2 67 2 1 20 3 28 3 1 2 67 2 1 3 1 3 1 3 1 2 67 2 1 20 3 28 3 1 2 67 2 1 3 1 3 1 3 1 3 1 3 1 19 260 536 26 1
5 9 4 5 9 4 5 24 11 9 4 7 5 24 11 9 4 7 5 9 4 5 9 4 5 24 11 9 4 7 5 24 11 9 4 7 5 24 11 9 4 7 5 24 11 9 4 7 5
1 13 1 175 52 6 249 52 6 249 275 249 6 8 7 1 175 52 6 249 275 249 6 8 17 75 3 1 12 2 1 7 1 23 2 4 2 22 17 8 1 132 2 1 2 63 15 8 75 3 1 12 2 1 7 1 23 2 4 2 22 17 8 1 13 1 13 1 13 1 13 1 13 1 13
1 2 1 2 1 2 1 2 1 2 1 2 1 2 1 2 1 2 1 2 1 2 1 2 1 3 2 1 3 2 1 2 1 2 1 2 1 2 1 3 2 1 3 2 1 3 1 2 1 2 1 2 1 2 1 2 1 2 1 2 1
1 2 3 6 3 1 19 2 3 1 19 2 3 1 19 2 3 2 24 3 7 1 19 2 3 1 19 2 3 1 19 2 3 1 3 1 19 2 3 1 19 2 3 1 19 2 3 1 19 2 3 7 1 19 2 3 1 19 2 3 1 19 2 3 2 24 3 7 1 19 2 3 1 19 2 3 1 19 2 3 1 3 1 19 2 3 1 19 2 3 1 19 2 3 1 3 1 19 2 3 1 19 2 3 1 19 2 3 1 19 2 3 7 1 19 2 3 1 19 2 3 1 19 2 3 7 1 19 2 3 1 19 2 3 1 19 2 3 1 3 1 19 2 3 1 19 2 3 1 19 2 3 1 3
14 63 140 63 140 63 140 63 140 63 140 16 200 614 14 63 140 63 140 63 140 63 140 63 140 16 200 14
1 3 2 3 1 3 2 3 1 3 2 3 1 3 2 3 1 28 2 28 1 28 2 28 1 28 2 28 1 28 2 28 1 28 2 28 1 28 2 28 1 28 2 28 1 28 2 28 1 3 2 3 1 3 2 3 1 3 2 3 1 3 2 3 1 28 2 28 1 28 2 28 1 28 2 28 1 28 2 28 1 28 2 28 1 28 2 28 1 28 2 28 1 28 2 28 1 3 2 3 1 3 2 3 1 3 2 3 1 3 2 3 1 28 2 28 1 28 2 28 1 28 2 28 1 28 2 28 1 28 2 28 1 28 2 28 1 28 2 28 1 28 2 28 1 3 2 3 1 3 2 3 1 3 2 3 1 3 2 3 1 28 2 28 1 28 2 28 1 28 2 28 1 28 2 28 1 28 2 28 1 28 2 28 1 28 2 28 1 28 2 28 1 3 2 3 1 3 2 3 1 3 2 3 1 3 2 3 1 28 2 28 1 28 2 28 1 28 2 28 1 28 2 28 1 28 2 28 1 28 2 28 1 28 2 28 1 28 2 28 1 3 2 3 1 3 2 3 1 3 2 3 1 3 2 3 1 3 2 3 1 3 2 3 1 3 2 3 1 3 2 3 1 3 2 3 1 3 2 3 1 3 2 3 1 3 2 3 1 3 2 3 1 3
332 5 332 5 332 5 332 5 9 5 9 5 24 518 94 9 5 9 5 24 518 94 102 9 12 45 344 9 45 344 9 45 9 12 45 344 9 45 344 9 45 197 5 332 5 54 24 11 45 9 45 11 2 9 45 11 2 197 5 2 9 34 12 9 12 45 344 9 45 344 9 45 11 12 24 518 94 9 11 197 5 197 5 54 24 11 45 9 45 11 2 9 45 11 2 197 5 2 9 34 1
1 6 2 3 1 6 2 1 52 2 364 1 6 1 6 1 12 2 1 12 2 1 12 2 1 6 33 7 1 6 2 1 52 2 364 1 6 1 6 1 6 1 6 1 6 1 6 1 6 1 6 1 6 1 6 1 6
3 41 3 41 3 1 29 4 2 1 29 4 2 1 29 1 29 4 2 1 29 1 29 4 2 1 29 4 2 1 29 4 2 1 29 1 29 4 2 1 29 1 29 4 2 3 41 3 41 3 18 652 468 651 484 10 3 10 3 10 3 1 29 4 2 1 29 4 2 1 29 1 29 4 2 1 29 1 29 4 2 1 29 1 29 4 2 1 29 1 29 4 2 3 41 3 2 55 3 2 3 2 3 2 3 2 3 2 3 2 3 2 3 2 3 2 3 2 3 2 3 2 3 2 3 2 3 2 3 2 3
1 3 1 3 1 2 1 3 1 3 1 3 1 3 1 680 282 660 2 1 3 1 3 1 2 1
4 9 91 9 3 27 134 9 4 14 4 31 7 31 4 14 27 63 87 14 27 7 5 27 63 87 14 27 7 14 4 9 91 9 3 27 134 9 4 14 4 31 7 31 4 14 27 63 87 14 27 7 5 27 63 87 14 27 7 14 27 63 87 14 27 7 5 27 63 87 14 27 7 25 14
5 65 5 65 5 65 5 65 5 65 5 65 5 65 5 65 5 65 5 65 5 65 5 65 5 65 5 65 5 65 5 65 5 65 5 65 11 324 5 65 5 65 5 65 5 65 5 65 5 65 5 65 5 65 5 65 5 65 5 65 5 65 5 65 5 65 5 65 5 65 11 324 5 65 5 65 5 65 5 65 5 65 5 65 5 65 5 65 5 65 5 65 5 65 5 65 5 65 5 65 5 65 5 65 5 65 5 65 5 65 5 65 5 65 5 65 5 65 5 65 5 65
1 2 1 6 10 3 1 6 10 3 1 3 1 3 1 82 37 20 3 1 3 2 1 3 1 6 10 3 1 3 1 3 1 82 37 20 3 1 3 1 3 1 82 37 20 3 1
1 3 7 1 3 7 1 3 7 50 1 50 3 2 19 1 3 7 1 3 7 1 3 7 50 1 50 3 2 1 3 7 1 13 1 13 1 13 1 13 1 13 1 13 1 13 1 13 1 3 7 1 3 7 1 3 7 50 1 50 3 2 1 3 7 1 3 7 1 3 7 50 1 50 3 2 1 3 7 3 7 2 3 2 3 1 3
1 3 1 3 1 2 3 1 2 3 1 3 1 2 3 1 3 1 2 3 1 3 1 2 3 1 2 3 1 3 1 2 3 1 3 1 2 3 1 3 1 2 3 1 3 1 2 3 1 3 1 2 3 1 3
1 13 38 13 1 13 38 13 1 40 405 1 40 405 1 28 3 2 1 3 2 1 2 1 2 1 3 1 2 3 2 1 2 3 2 1 28 3 2 1 28 3 2 1 3 2 1 3 2 1 2 1 2 1 3 1 2 1 3 2 1 3 2 1 2 3 2 3 1 2 28 3 1 2 1 3 2 1 3 2 1 2 28 3 2 3 2 3 1 2 3 2 1 2 3 2 1 2 3 2 1
1 108 119 2 47 10 3 2 3 2 3 2 1 85 2 1 85 2 1 18 119 2 47 10 3 2 3 2 3 2 1 85 2 1 85 2 1 18 119 2 47 10 1 108 119 2 20 47 10 3 2 3 2 3 2 1 85 2 1 85 2 1 18 119 2 47 10 1 18 119 2 47 10 1 18 119 2 47 10
5 16 5 7 16 5 16 5 7 16 5 16 5 7 16 5 16 5 7 16 5 16 5 7 16 5 16 5 7 16 5 16 5 7 16 5
25 226 25 13 1 25 226 25 13 1 15 22 15 12 22 27 1 29 12 22 27 1 15 177 33 35 1 15 22 15 12 22 27 19 29 12 22 27 19 15 10 35 25 226 25 13 1 226 25 13 1 15 22 15 12 22 27 19 29 12 22 27 19 15 177 33 35 1 15 22 15 12 22 27 19 29 12 22 27 19 15 10 35 25 226 25 13 1 25 226 32 12 22 7 17 233 8 7 1 119 31 63 32 12 27 580 41 1 15 22 15 12 22 27 19 29 12 22 27 19 15 10 35 25 226 25 13 1 25 226 32 12 1 15 22 15 12 22 27 19 29 12 22 27 19 15 177 33 35 1 15 22 15 12 22 27 19 29 12 22 27 19 15 10 35 9 4 32 12 27 7 1 15 22 15 12 22 27 19 29 12 22 27 19 15 177 33 35 1 15 22 15 12 22 27 19 29 12
1 7 1 7 1 7 1 7 2 1 33 7 1 7 1 7 1 2 7 1 2 7 1 7 1 7 1 7 1 7 2 1 33 7 1 7 1 7 1 7 1 7 1 7
1 13 38 1 2 3 1 2 3 1 2 3 1 2 3 1 43 3 43 1 43 3 15 3 1 2 3 1 2 3 1 2 3 1 2 3 1 2 3 1 2 3 1 43 3 43 1 43 3 15 3 1 2 3 1 2 3 1 2 3 1 2 3 1 2 3 1 2 3 1 13 38 13 1
1 2 3 6 3 1 19 2 3 1 19 2 3 1 19 2 3 2 24 3 7 1 19 2 3 1 19 2 3 1 19 2 3 1 3 1 19 2 3 1 19 2 3 1 19 2 3 1 19 2 3 7 1 19 2 3 1 19 2 3 1 19 2 3 2 24 3 7 1 19 2 3 1 19 2 3 1 19 2 3 1 3 1 19 2 3 1 19 2 3 1 19 2 3 1 3 1 19 2 3 1 19 2 3 1 19 2 3 1 19 2 3 7 1 19 2 3 1 19 2 3 1 19 2 3 7 1 19 2 3 1 19 2 3 1 19 2 3 1 3 1 19 2 3 1 19 2 3 1 19 2 3 1 3
12 16 12 4 1 140 10 7 12 16 12 16 12 4 1 140 10 7 1 4 1 11 12 16 12 16 12 16 12
10 17 189 6 3 10 17 189 6 3 10 17 189 6 3 1 19 26 10 17 189 6 3 10 17 189 6 3 10 17 189 6 3 1 19 26 10 17 189 6 3 10 17 189 6 3 10 17 189 6 3 1 19 26 9 116 9 116 9 116 9 116 32 27 32 27 32 37 10 17 189 6 3 10 17 189 6 3 10 17 189 6 3 1 19 26 9 116 9 116 9 116 9 116 32 27 32 27 32 37 10 17 189 6 3 10 17 189 6 3 10 17 189 6 3 10 17 189 6 3 10 17 189 6 3 10 17 189 6 3 10 17 189 6 3 10 17 189 6 3
605 15 47 15 47 15 1 298 1 298 2 3 1 246 50 2 3 1 6 2 3 19 2 3 15 1 298 1 298 2 3 1 246 50 2 3 1 6 2 3 19 2 3 1 6 2 3 19 2 3 15 686 2 3 1 246 50 2 3 1 6 2 3 19 2 3 1 6 2 3 19 2 3 1 6 2 3 19 2 3 605
1 488 1 488 1 4 1 4 1 4 1 4 1 4 1 4 1 4 1 4 1 4 1 4 1 4 1 4 1 4 1 4 1 4 1 4 9 362 9 362 1 4 1 4 1 4 1 4 1 4 1 4 1 4 1 4 1 4 1 4 1 4 1 4 9 362 9 362 45 54 11 368 24 95 1 4 1 4 1 4 1 4 1 4 1 4 1 4 1 4 1 4 1 4 1 4 1 4 1 4 1 4 1 4 1 4 9 362 9 362 1 4 1 4 1 4 1 4 1 4 1 4 1 4 1 4 1 4 1 4 1 4 1 4 9 362 9 362 45 54 11 368 24 95 1 4 1 4 1 4 1 4 1 4 1 4 1 4 1 4 1 4 1 4 1 4 1 4 1 4 1 4 1 4 1 4 1 4 1 4 1 4 1 4 1 4
21 61 38 1 13 1 2 1 2 1 2 1 2 1 2 1 16 7 21 1 2 1 2 1 2 1 2 1 2 1 16 7 1 16 1 12 16 164 3 1 2 1 2 1 2 1 2 1 2 1 16 7 21 16 1 12 16 164 77 1 2 1 2 1 2 1 2 1 2 1 16 7 38 13 38 13 38 13 38 13
10 3 1 55 2 3 1 10 3 1 6 2 3 147 232 88 1 2 3 1 2 3 1 10 18 3 6 2 3 18 6 10 3 1 55 2 3 1 10 3 1 6 2 3 147 232 88 1 2 3 1 2 3 1 10 18 3 6 2 3 18 6 4 2 1 3 4 2 3 147 232 88 1 10 3 1 55 2 3 1 10 3 1 6 2 3 147 232 88 1 2 3 1 2 3 1 10 18 3 1 2 3 1 2 3 1 2 3 1 2 3 1 2 3 1 2 3 1 2 3 1 2 3 1 2 3 1 2 3 1 2 3 26
14 84 14 84 14 84 14 84 14 16 14 16 14 16 14 16 14 16 14 16 140 33 303 14 404 14 404 14 16 14 16 14 16 14 16 140 33 303 14 33 3 14 16 14 16 14 16 14 16 14 16 14 16 14 16 14 16 14 16 14 16 14 16 14 16 14 16 14 16 140 33 303 14 404 14 404 14 16 14 16 14 16 14 16 14 16 14 16 14 16 14 16 14 16 14 16 14 16 14 16 14 16 14 16 14 16 14 16 140 33 303 14 404 14 404
273 1 16 1 308 23 391 302 8 3 308 23 391 302 8 3 308 23 102 8 52 15 33 8 7 23 391 302 8 3 308 1 311 22 39 262 72 17 438 8 273 23 16 1 308 72
1 10 245 250 1 18 10 24 1 37 10 1 10 245 250 1 18 10 24 1 37 10 3 1 10 7 1 3 1 10 3 325 1 10 245 250 1 18 10 24 1 37 10 1 18 10 24 1 37 10 1 10 245 250 1 18 10 24 1 37 10 1 10 245 250 1 18 10 24 1 37 10 3 1 10 3 1 3 1 10 3 325 1 10 498 515 1 18 10 24 1 37 10 1 18 10 24 1 37 10 1 18 10 24 1 37 10 3 1 10 245 250 1 18 10 24 1 37 10 1 10 245 250 1 18 10 24 1 37 10 1 10 245 250 1 18 10 24 1 37 10 1 10 245 250 1 18 10 24 1 37 10
5 34 9 157 5 34 9 98 5 34 9 157 5 34 9 98 5 34 9 157 5 34 9 98 5 34 9 157 5 34 9 98 5 34 9 157 5 34 9 98 5 34 9 157 5 34 9 98 5 34 9 157 5 34 9 98 5 34 9 157 5 34 9 98 5 34 9 157 5 34 9 98 5 34 9 157 5 34 9 98 5 34 9 157 5 34 9 98 5 34 9 157 5 34 9 98 5 34 9 157 5 34 9 98 5 34 9 157 5 34 9 98 5 34 9 157 5 34 9 98 5 34 9 157 5 34 9 98 9 4 5 143 5 9 4 5 143 5 9 4 5 143 5 9 4 5 143 5 9 4 5 143 5 9 4 5 143 5 34 9 157 5 34 9 98 5 34 9 157 5 34 9 98 5 34 9 157 5 34 9 98 5 34 9 157 5 34 9 98 5 34 9 157 5 34 9 98 5 34 9 157 5 34 9 98 5 34 9 157 5 34 9 98 5 34 9 157 5 34 9 98 5 34 9 157 5 34 9 98 5 34 9 157 5 34 9 98 5 34 9 157 5 34 9 98
5 76 34 5 76 34 5 76 34 5 46 76 34 5 46 76 34 5 46 76 34 215 46 215 46 215 76 34 5 76 34 5 76 34 5 76 34 5 76 34 5 46 76 34 5 46 76 34 5 46 76 34 5 46 76 34 5 46 76 34 215 46 215 46 215 46 215 76 34 5 76 34 5 76 34 5 76 34 5 215 46 215 46 215 46 215 76 34 5 76 34 5 76 34 5 76 34 5 76 34 5 76 34 5 76 34 5 76 34 5 76 34 5 76 34 5 76 34 5
1 16 1 47 33 7 1 47 33 7 1 47 33 7 1 16 1 47 33 7 1 47 33 7 1 47 33 7 1 16 1 47 33 7 1 47 33 7 1 47 33 7 1 16 1 47 33 7 1 47 33 7 1 47 33 7 1 16 1 47 33 7 1 33 7 1
3 2 1 2 1 2 1 3 1 2 1 2 1 3 2 1 2 1 2 1 3 1 3 1 3 1 2 1 2 1 3 2 1 2 1 2 1 3 1 3 1 2 1 2 1 3 2 1 2 1 2 1 3 1 2 1 2 1 3 2 1 2 1 2 1 3 2 1 2 1 2 1 3 2 1 2 1 2 1 3 2 1 2 1 2 1 3 2 1 2 1 2 1 3 2 1 2 1 2 1 3
273 1 16 1 308 23 391 302 8 3 308 23 391 302 8 3 308 23 102 8 52 15 33 8 7 23 391 302 8 3 308 1 311 22 39 262 72 17 438 8 273 23 16 1 308 72
121 1 3 1 2 1 3 4 2 3 1 2 1 3 4 2 3 1 2 3 1 12 2 33 7 121 1 2 1 3 4 2 3 1 3 1 2 3 1 12 2 33 7 121 1 2 1 3 4 2 3 1 3 1 19 2 236 3 1
194 64 383 42 434 51 129 86 5 194 51 194 21 194 51 194 64 383 42 5 194 51 194 21 194 51 194 64 383 42 5 4 5 194 20 88 20 88 20 1 3 1 3 20 88 20 88 20 1 3 1 3 5 194 51 194 21 194 51 194 64 383 42 5 194 51 194 21 194 51 194 64 383 42 5 4 5 194 20 88 20 88 20 1 3 1 3 20 88 20 88 20 1 3 1 3 99 74 220 44 195 77 92 183 20 11 50 2 54 3 9 37 20 11 50 2 54 3 9 37 20 3 20 3 20 3 20 64 383 2 4 2 4 2 4 42 434 51 129 37 20 37 20 37 20 37 53 285 1 2 1 2 1 2 1 2 20 88 20 88 20 1 3 1 3 20 88 20 88 20 1 3 1 3 20 88 20 88 20 1 3 1 3 20 88 20 88 20 1 3 1 3 5 42 16 42
8 3 6 8 7 8 3 6 8 7 1 8 19 39 26 8 19 39 26 8 19 39 26 8 19 465 240 6 8 7 1 8 19 39 26 8 19 39 26 8 19 39 26 8 19 465 240 6 8 7 1 4 2 1 10 8 19 465 240 6 8 7 8 7 8 7 1 8 19 39 26 8 19 39 26 8 19 39 26 8 19 465 240 6 8 7 8 7 8 7 8 7 8 7 1 8 3 6 8 7 8 3 6 8 7 8 3 6 8 7 8 3 6 8 7
25 49 92 49 5 4 9 4 5 4 9 4 5 4 9 4 11 94 45 1 27 4 110 5 32 5 11 94 45 1 27 4 110 5 32 1 5 4 9 3 110 5 4 27 9 132 5 11 94 45 1 27 4 110 5 32 1 5 4 9 3 110 5 4 27 9 132 25 5 4 9 4 5 4 9 4 5 4 9 4 5 4 27 3 5 4 9 3 110 5 4 27 9 132 5 4 9 3 110 5 4 27 9 132 5 4 9 3 110 5 4 27 9 132
2 18 6 2 18 6 2 18 6 2 18 6 2 18 6 2 18 6 352 300 352 300 352 300 352 300 352 300 53 21 4 1 352 300 352 300 352 300 4 1 4 1 2 18 6 2 18 6 2 18 6 2 18 6 1 10 3 1 10 4 1 4 1 93 300 93 300 93 300 489 21 34 1 2 18 6 2 18 6 2 18 6 2 18 6 1 10 3 1 10 4 1 4 1 34 1 34 1 34 1 34 1 2 18 6 2 18 6 2 18 6 2 18 6 2 18 6 2 18 6 2 18 6 2 18 6 2 18 6 2 18 6 2 18 6 2 18 6
62 31 4 79 4 62 31 4 79 4 62 31 4 79 4 5 62 5 62 4 62 4 3 5 62 5 62 4 62 4 3 5 62 31 4 62 31 4 473 269 4 62 31 4 62 31 4 581 31 4 5 62 5 62 4 62 4 3 5 62 5 62 4 62 4 3 5 62 31 4 62 31 4 473 269 4 62 31 4 62 31 4 581 31 4 62 31 4 62 31 4 62 31 4 9 11 9 11 4 62 31 4 62 31 4 473 269 4 62 31 4 62 31 4 473 269 4 62 31 4 62 31 4 62 31 4 62 31 4
1 3 10 3 1 3 10 3 1 3 10 3 1 4 2 1 4 2 1 43 1 3 10 3 1 3 10 3 1 4 516 1 4 516 1 516 1 6 20 1 4 2 6 20 1 4 2 1 3 10 3 1 3 10 3 1 4 2 1 4 2 1 2 1 3 4 2 1 4 2 1 4 2 1 4 2 1 4 2 192 4 1
1 10 245 250 1 18 10 24 1 37 10 1 10 245 250 1 18 10 24 1 37 10 3 1 10 7 1 3 1 10 3 325 1 10 245 250 1 18 10 24 1 37 10 1 18 10 24 1 37 10 1 10 245 250 1 18 10 24 1 37 10 1 10 245 250 1 18 10 24 1 37 10 3 1 10 3 1 3 1 10 3 325 1 10 498 515 1 18 10 24 1 37 10 1 18 10 24 1 37 10 1 18 10 24 1 37 10 3 1 10 245 250 1 18 10 24 1 37 10 1 10 245 250 1 18 10 24 1 37 10 1 10 245 250 1 18 10 24 1 37 10 1 10 245 250 1 18 10 24 1 37 10
37 20 3 20 37 120 37 1 26 1 26 1 26 1 26 2 13 16 13 1 26 1 26 1 270 63 11 9 63 11 9 16 4 20 37 20 3 20 37 120 37 1 26 1 26 1 26 1 26 2 13 16 13 1 26 1 26 1 270 63 11 9 63 11 9 16 4 20 37 20 3 20 37 120 37 1 26 1 26 1 26 1 26 2 13 16 13 1 26 1 26 1 270 63 11 9 63 11 9 16 4 20 37 20 3 20 37 120 37 236 3 37 422 120 221 20 3 692 20 104 236 20 104 236 20 104 236 20 104 236 20 104 236 20 104 236 20 104 236 20 104 236
13 1 13 1 40 55 3 2 1 13 1 13 1 40 55 3 2 1 13 1 13 1 40 55 3 2 1 13 1 13 1 40 55 3 2 1 3 6 3 6 2 13 1 13 1 40 55 3 2 1 13 1 13 1 40 55 3 2 1 13 1 13 1 40 55 3 2 1 13 1 13 1 40 55 3 2 1 3 6 3 6 2 3 2 3 2 3 2 3 13 1 13 1 40 55 3 2 1 13 1 13 1 40 55 3 2 1 13 1 13 1 40 55 3 2 1 13 1 13 1 40 55 3 2 1 3 6 3 6 2 3 2 3 2 3 2 3 13 1 13 1 40 55 3 2 1 13 1 13 1 40 55 3 2 1 13 1 13 1 40 55 3 2 1 13 1 13 1 40 55 3 2 1 13 1 13 1 40 55 3 2 1 13 1 13 1
1 2 4 7 1 2 4 7 1 2 1 3 16 1 2 4 7 1 2 1 3 16 1 2 4 7 16 1 3 16 1 12 16 1 7 16 1 2 4 7 1 2 4 7 1 2 1 7 16 1 2 4 7 16 1 7 16 1 12 16 1 7 16 1 2 4 7 1 2 4 7 1 2 4 7 1 2 4
1 37 1 37 1 37 1 37 2 6 3 18 2 6 3 18 2 3 6 10 50 1 37 1 37 2 6 3 18 2 6 3 18 2 3 6 10 50 3 120 50 3 120 37 20 50 3 37 1 37 1 37 1 37 1 37 1 37 1 37 1 37 1 37 1 37 1 37 1
12 1 47 33 7 1 47 33 7 1 2 225 1 47 33 7 12 1 47 33 7 1 47 33 7 1 2 225 1 47 33 7 1 47 33 7 1 47 33 7 1 12 2 225 1 47 33 7 12 1 47 33 7 1 47 33 7 1 2 225 1 47 33 7 1 47 33 7 1 47 33 7 1 47 33 7
5 188 46 135 143 62 14 46 135 143 62 14 46 135 143 62 14 46 135 143 62 14 4 27 8 273 46 351 209 315 358 365 76 46 135 143 62 14 46 135 143 62 14 4 27 8 273 46 351 209 315 358 365 76 128 168 126 193 224 128 168 126 193 224 62 118 590 361 373 361 373 90 361 373 361 373 90 177 544 46 135 143 62 14 46 135 143 62 14 4 27 8 273 46 351 209 315 358 365 76 46 135 143 62 14 46 135 143 62 14 4 27 8 273 46 351 209 315 358 365 76 128 168 126 193 224 128 168 126 193 224 128 168 126 193 224 128 168 126 193 224 128 168 126 193 224 128 168 126 193 224 128 168 126 193 224 128 168 126 193 224 128 168 126 193 224 128 168 126
25 1 13 1 13 2 35 1 2 4 32 1 2 4 32 1 2 1 2 1 2 35 1 2 4 32 1 2 4 32 1 2 1 2 1 2 35 25 1 13 1 13 2 35 1 2 4 32 1 2 4 32 1 2 1 2 1 2 35 1 2 1 2 1 2 35 25 44 25 44 25 44 77 25 44 25 44 25 44 77
22 6 33 7 1 2 3 1 2 3 6 3 6 33 3 2 3 2 3 2 3 7 1 2 3 1 2 3 6 3 6 33 3 2 3 2 3 2 3 7 2 1 2 1 2 6 33 7 1 2 3 1 2 3 6 3 6 33 3 2 3 2 3 2 3 7 1 2 3 1 2 3 1 2 3 1
1 57 1 18 411 37 47 10 13 110 7 1 119 2 24 26 7 39 1 18 411 37 47 10 13 40 3 1 119 2 24 26 7 39 1 119 2 10 7 18 6 10 7 39 1 18 411 37 47 10 13 40 3 1 119 2 24 26 7 39 1 119 2 10 7 18 6 8 7 39 1 211 30 1
14 27 14 27 14 27 14 27 14 27 14 27 134 201 227 182 63 27 134 201 227 182 110 14 27 14 27 14 27 134 201 227 182 63 27 134 201 227 182 110 14 27 11 94 32 14 27 11 94 32 14 197 14 197 14 197 14 4 31 7 14 27 14 27 14 27 14 27 134 201 227 182 63 27 134 201 227 182 110 14 27 11 94 32 14 27 11 94 32 14 27 11 94 32 14 27 11 94 32 14 27 11 94 32 14 27 11 94 32 14 27 11 94 32 14
12 2 12 2 12 2 12 2 12 2 12 2 12 2 6 2 3 1 2 1 2 6 3 2 6 2 3 1 2 1 2 6 2 3 1 2 1 2 6 3 2 6 2 3 1 2 1 2 1 2 1 2 6 3 2 6 2 3 1 2 1 2 6 3 2 6 2 3 1
1 85 29 2 1 85 29 2 1 85 29 2 1 85 29 2 1 85 29 2 1 85 29 2 1 85 29 2 1 85 29 2 1 9 3 2 1 85 29 2 1 85 29 2 1 85 29 2 1 85 29 2 1 9 3 2 1 85 29 2 1 85 29 2 1 85 29 2 1 85 29 2 1 85 29 2 1 85 29 2 1 85 29 2 1 85 29 2 1 9 3 2 1 85 29 2 1 85 29 2 1 85 29 2 1 85 29 2 1 9 3 2 1 85 29 2 1 85 29 2 1 85 29 2 1 85 29 2 1
43 1 3 43 1 3 43 1 3 43 1 3 2 1 3 2 1 3 2 1 3 2 1 3 2 19 3 2 19 3 2 19 3 2 19 85 88 2 50 6 40 1 2 1 3 2 1 7 2 1 3 2 1 3 2 1 3 2 1 3 2 19 3 2 19 3 2 19 3 2 19 85 88 2 50 6 40 1 43 1 3 43 1 3 43 1 3 43 1 7 2 1 30 2 1 3 2 1 30 2 1 30 2 1 7 2 1 7 2 1 7 2 1 7 2 19 3 2 19 3 2 19 3 2 19 85 88 2 50 6 40 1 43 1 3 43 1 3 2 1 7 2 1 7 2 1 7 2 1 7 2 1 7 2 1 7 2 1 7 2 1 7
13 1 15 22 7 22 19 26 3 13 1 15 22 7 22 19 26 3 255 37 105 17 105 17 90 12 59 118 174 90 59 118 174 90 177 33 30 7 13 1 15 22 7 22 19 26 3 13 1 15 22 7 22 19 26 3 255 37 105 17 105 17 90 12 59 118 174 90 59 118 174 90 177 33 30 7 13 1 15 22 7 22 19 26 3 13 1 15 22 7 22 19 26 3 255 37 105 17 105 17 90 12 59 118 174 90 59 118 174 90 177 33 30 7 13 1 15 22 7 22 19 26 3 13 1 15 22 7 22 19 26 3 13 1 15 22 7 22 19 26 3 13 1 15 22 7 22 19 26 3 13 1 15 22 7 22 19 26 3 13 1 15 22 7 22 19 26 3
1 2 3 1 2 1 2 1 6 1 6 1 6 2 3 1 2 1 2 1 6 1 6 1 6 2 30 7 29 1 2 19 10 29 1 2 5 2 4 55 11 9 8 3 1 2 1 2 1 6 1 6 1 6 2 30 7 29 1 2 19 10 29 1 2 5 2 4 55 11 9 8 3 1 2 1 2 1 6 1 6 1 6 2
1 38 1 38 1 3 2 1 13 3 40 1 2 1 3 40 1 2 18 3 2 18 3 40 1 2 1 3 40 1 2 19 8 1 2 19 8 1 2 18 3 2 18 3 40 1 2 1 3 40 1 2 19 8 1 2 19 8 1 2 18 3 2 18 3 2 18 3 2 18 3 2 18 3 2 18
5 102 5 102 5 14 135 143 5 14 135 143 5 102 5 24 5 102 5 102 5 14 135 143 5 14 135 143 5 102 5 24 5 102 5 102 5 14 135 143 5 14 135 143 5 102 5 24 5 14 135 143 5 14 135 143 5
1 13 1 12 1 12 16 1 12 1 12 6 3 1 12 1 12 16 1 12 1 12 1 12 6 3 1 12 1 16 1 16 1 16 1 16 1 16 1 16 1 16 1 16 1 3 16 26 3 1 3 16 26 3 1 3 16 26 3 1 3 16 26 3
5 9 5 9 122 11 122 11 46 122 11 122 11 46 211 414 14 200 11 31 11 122 11 122 11 46 122 11 122 11 46 211 414 14 200 11 31 11 122 11 122 11 29 122 11 122 11 29 211 414 14 103 14 103 122 11 122 11 46 122 11 122 11 46 211 414 14 200 11 31 11 122 11 122 11 29 122 11 122 11 29 211 414 14 103 14 103 122 11 122 11 29 122 11 122 11 29 211 414 14 103 14 103
25 234 12 427 586 188 234 12 427 586 188 234 427
3 6 40 1 3 2 47 8 3 1 3 2 47 8 3 1 3 2 47 8 3 1 2 3 1 2 3 1 2 3 1 2 3 2 1 3 2 47 8 3 1 3 2 47 8 3 1 2 3 1 2 3 1 2 3 1 2 3 2 50 6 8 3 1 3 2 47 8 3 1 3 2 47 8 3 1 3 2 47 8 3 1 2 3 1 2 3 1 2 3 1 2 3 1 2 3 1 2 3 1 2 3 1 2 3
1 3 1 12 2 1 7 1 2 1 7 1 12 2 1 3 1 12 2 1 7 1 7 1 12 2 1 33 7 1 12 2 1 3 1 2 12
23 1 23 1 113 35 113 35 23 1 23 1 113 35 113 35 23 1 23 1 246 8 246 8 23 1 23 1 246 8 246 8 23 1 23 1 246 8 17 8 17 35 23 1 23 1 246 8 246 8 23 1 23 1 246 8 17 8 17 8 7 23 1 246 8 23 1 3 2 18 177 1 2 1 2 185 1 185 8 7 23 1 23 1 246 8 246 8 23 1 23 1 246 8 246 8 17 8 17 8 7 23 1 246 8 23 1 3 2 18 177 1 2 1 2 1 2 1 2 1 2 1 2 1 2
46 216 46 397 216 46 397 31 7 27 182 63 87 140 31 32 126 16 182 71 216 46 397 216 46 397 31 7 27 182 63 87 140 31 32 126 16 182 71 46 32 27 4 628 116 46 124 62 182 4 216 46 397 216 46 397 31 7 27 182 63 87 140 31 32 126 16 182 623 46 124 27 4 374 116 46 124 27 4 374 116 46 124 27 4 374 116 46 124 27 4 374 116
41 341 113 1 26 1 26 7 1 2 1 7 1 12 2 1 26 2 1 7 1 26 2 1 7 1 26 1 26 7 1 26 2 1 7 1 7 1 2 1 2 1 7 1 26 1 26 7 1 12 2 1 7 1 12 2 1 2 1 12 2 1 7 1 160 1
1 6 2 3 1 6 2 3 1 6 2 3 1 6 2 3 2 27 1 12 2 27 20 7 1 6 2 3 1 6 2 3 2 27 1 12 2 27 20 7 1 6 2 3 1 6 2 3
1 7 1 7 1 2 7 1 2 7 1 2 7 1 2 7 1 2 7 1 2 7 1 2 7 1 2 7 1 2 7 1 2 7 1 7 1 7 1 2 7 1 2 7 1 2 7 1 2 7 1 2 7 1 2 7 1 7 1
1 8 1 8 1 8 1 8 1 8 1 8 1 8 1 8 1 2 4 7 1 2 4 7 1 8 1 8 1 8 1 8 1 8 1 8 1 8 1 8 1 2 4 7 1 2 4 7 1 8 1 8 1 8 1 8 1 8 1 8 1 8 1 8 1 8 1 8 1 8 1 8 1 2 4 7 1 2 4 7 1 2 4 7 1 2 4 7 1
1 12 48 30 32 388 3 144 110 1 188 6 50 10 3 1 4 1 188 6 50 10 3 1 4 1 6 20 2 3 1 6 20 2 3 1 188 6 50 10 3 1 4 1 188 6 50 10 3 1 4 1 6 20 2 3 1 6 20 2 3 1 188 6 50 10 3 1 4 1 12 48 30 32 388 3 144 110 1
21 11 21 11 21 14 641 102 337 56 514 69 514 69 65 32 65 124 14 16 684 131 681 227 21 11 21 11 21 14 2 46 16 14 16 14 16 14 16 14 16 14 16 14 16 14 8 11 649 39 200 90 8 278 514 32 405 4 100 39 14 13 5 13 14 13 5 13 14 13 5 13 14 25 74 25 49 25 74 25 49 14 21 11 21 11 21 14 140 14
3 1 114 20 3 1 114 20 3 1 114 20 3 1 114 20 3 1 114 20 3 1 114 20 1 3 7 1 114 20 3 18 1 114 20 3 18 1 114 20 3 1 114 20 3 1 114 20 3 1 114 20 3 1 114 20 3 1 114 20 3 1 114 20 1 3 7 1 114 20 3 18 1 114 20 3 18 1 114 20 3 18 1 114 20 3 18 1 114 20 11 5 3 1 114 20 3 1 114 20 3 1 114 20 3 1 114 20 3 1 114 20 3 1 114 20 3 1 114 20 3 1 114 20 3 1 114 20 3
41 341 113 1 26 1 26 7 1 2 1 7 1 12 2 1 26 2 1 7 1 26 2 1 7 1 26 1 26 7 1 26 2 1 7 1 7 1 2 1 2 1 7 1 26 1 26 7 1 12 2 1 7 1 12 2 1 2 1 12 2 1 7 1 160 1
1 2 1 2 1 2 1 2 3 1 2 3 2 1 3 1 6 37 20 1 2 3 4 2 10 3 1 2 3 1 2 3 2 1 3 1 6 37 20 1 2 3 4 2 10 3 1 2 3 1 2 3 1 2 3 1 2 3 2 1 3 1 6 37 20 1 2 3 4 2 10 3 1 2 3 1 2 3 2 1 3 1 2 3 1 2 3 1 2 3 1 2 3
1 10 3 1 2 33 3 8 3 1 4 1 18 2 1 52 2 3 1 10 2 3 1 2 1 10 3 1 2 33 3 8 3 1 4 1 39 2 3 2 3 2 3 2 3 1 2 1
1 124 1 124 1 124 118 103 32 229 212 11 8 7 8 7 1 124 118 103 32 229 212 11 8 7 8 7 8 7 8 7 8 7 8 7 8 7 8 7 8 7 8 7 1 124 118 103 32 229 212 11 8 7 8 7 8 3 8 3 8 3 8 3 8 3 8 3 8
1 237 1 237 1 18 1 18 1 10 2 3 1 3 2 18 1 18 1 10 2 3 1 3 10 2 3 1 4 2 18 10 2 3 1 4 2 18 1 18 1 10 2 3 1 3 2 18 1 18 1 10 2 3 1 3 10 2 3 1 4 2 18 10 2 3 1 4 2 4 2 4 2 3 1 58 1 18 1 18 1 10 2 3 1 3 2 18 1 18 1 10 2 3 1 3 10 2 3 1 4 2 18 10 2 3 1 4 2 18 1 18 1 10 2 3 1 3 10 2 3 1 4 2 18 10 2 3 1 4 2 1
1 4 2 1 4 2 1 4 2 1 4 2 1 4 2 1 3 2 3 2 3 2 3 2 1 4 2 1 4 2 1 4 2 1 4 2 1 4 2 1 4 2 1 4 2 1 3 2 3 2 3 2 3 2 1 4 2 1 4 2 1 4 2 1 4 2 1 2 3 1 4 2 1 4 2 1 4 2 1 4 2 3 1 4 2 1 4 2 1 4 2 1 4 2 44 25 1 4 2 1 4 2 1 4 2 1 29 4 2 1 4 1 4 2 1 4 2 1 4 2 1 4 2 1 4 2 1 4 2 1 4 2 1 4 2 1 4 2 1 4 2 1 4 2 1 4 2 1 4 2 1 4 2 1 4 2 1 4 2
36 115 36 115 36 115 36 115 21 419 21 419 21 419 21 419 2 290 2 290 2 290 2 290 1 57 1 57 29 27 36 115 36 115 36 115 36 115 36 115 36 115 2 290 2 290 2 290 2 290 1 57 1 57 29 27 1 57 67 2 36 67 2 1 3 21 115 21 115 21 115 21 103 488 8 36 115 36 115 36 115 36 115 2 290 2 290 2 290 2 290 36 115 36 115 36 115 10 185 36 115 36 115 36 115 36 115 36 115 36 115 36 115 36 115 36 115 36 115 36 115 36 115 36 115 36 115 36 115 36 115 36 115 36 115 36 115 36 115 36 115 36
7 1 6 20 3 1 6 20 3 2 1 10 2 28 3 1 11 192 11 192 11 192 11 241 57 4 11 140 9 372 11 334 76 479 79 9 11 334 76 479 79 7 1 6 20 3 1 6 20 3 2 1 10 2 28 3 1 11 192 11 192 11 192 11 241 57 4 11 140 9 372 11 334 76 479 79 9 11 334 76 479 79 7 1 6 20 3 1 6 20 3 2 1 10 2 28 3 1 2 28 3 1
12 106 12 106 16 12 16 12 7 16 12 16 12 7 16 12 16 12 7 16 12 16 12 16 12 7 16 12 16 12 7 16 12 16 12 7 16 12
61 5 32 27 31 98 34 5 32 27 31 98 34 5 32 27 31 98 34 5 32 27 31 98 34 548 11 31 346 27 150 87 295 95 505 27 428 31 150 5 32 27 31 98 34 5 32 27 31 98 34 5 32 27 31 98 34 5 32 27 31 98 34 548 11 31 346 27 150 87 295 95 505 27 428 31 150 5 32 27 31 98 34 5 32 27 31 98 34 27 32 61 27 32 61 148 95 258 67 150 5 27 32 31 150 5 27 32 31 150 31 346 27 150 87 295 95 505 27 428 31 150 5 32 27 31 98 34 5 32 27 31 98 34 5 32 27 31 98 34 5 32 27 31 98 34 5 32 27 31 98 34 5 32 27 31 98 34 5 32 27 31 98 34
25 254 99 254 1 12 2 1 3 1 3 1 3 1 12 2 1 20 3 1 12 2 1 3 25 254 99 254 3 20 3 20 3 1 3 37 20 3 20 3 20 3 1 3 37 20 3 1 3 20 99 254 1
21 5 4 5 4 24 5 24 5 2 5 120 2 11 45 5 2 5 2 5 2 5 3 5 4 9 4 5 4 9 4 5 4 5 4 24 5 24 5 2 5 120 2 11 45 5 2 5 2 5 2 5 3 5 4 9 4 5 4 9 4 5 2 5 2 5 2 5 3 5 4 9 4 5 4 9 4 5 4 9 4 5 4 9 4 5 4 9 4 5 4 9 4 5 4 9 4 5 4 9 4 5 4 9 4 5 4 9 4
5 4 5 4 5 21 53 5 53 78 5 4 78 9 78 5 21 53 5 78 5 4 9 4 5 11 241 14 11 241 14 5 11 241 5
1 6 2 3 1 6 2 3 1 6 2 3 1 6 2 3 1 6 2 3 1 6 2 3 2 1 2 3 1 6 2 3 1 6 2 3 2 1 2 3 1 6 2 3 1 6 2 3
1 48 23 48 1 48 23 48 1 48 23 48 1 48 23 48 1 48 23 48 7 113 7 113 7 113 7 113 7 113 7 113 7 113 7 113 1 48 23 48 1 48 23 48 1 48 23 48 1 48 23 48 2 19 10 39 1 7 113 7 113 1 48 23 48 1 48 23 48 1 48 23 48 1 48 23 48 1 48 23 48 7 113 7 113 7 113 7 113 7 113 7 113 7 113 7 113 1 48 23 48 1 48 23 48 1 48 23 48 1 48 23 48 2 19 10 39 1 7 113 7 113 1 48 23 48 7 113 7 113 1 48 23 48
1 4 2 1 108 6 242 2 109 1 108 6 242 2 109 1 108 6 33 4 1 108 6 20 4 6 1 3 6 2 1 3 6 2 1 108 6 242 2 109 1 108 6 33 4 1 108 6 20 4 6 1 3 6 2 1 3 6 2 1 3 6 2 1 3 6 2 1 3 6 2 1 108 6 242 2 109 1 108 1 4 2 1
1 10 1 10 1 9 140 9 1 10 1 10 1
21 4 21 4 21 11 4 21 11 4 21 4 1 11 2 21 4 21 4 21 11 4 21 11 4 21 4 1 11 2 21 11 4 21 11 4 21 4 1 9 6 4 1 11 2 21 53 21 53 21 53 21 53 21 53 21 53 21 53 21 53 21 53 21 53 21 53 21 53 21 53 21 53 21 53 21 53 21 53 285 21 53 285 21 53 285 21 53 21 53 21 53 21 53 21 53 21 53 21 53 21 53 21 53 21 4 11 4 21 11 4 21 4 1 11 2 11 4 11 4 11 4
25 1 68 1 68 1 68 1 68 25 1 68 1 68 1 68 1 68 25 1 68 1 68 25 1 68 1 68 1 68 1 68 25 1 68 1 68 25 1 68 1 68 1 68 1 68 1 68 1 68 1 68 1 68 1 68 1 68 25 1 68 1 68 25 1 68 1 68 1 68 1 68 1 68 1 68 1 68 1 68 25 1 68 1 68 25 1 68 1 68 25 1 68 1 68 1 68 1 68 1 68 1 68 1 68 1 68 1 68 1 68 1 68 1 68 1 68 1 68 1 68 1 68 1 68 1 68 1 68 1 68
1 13 1 13 1 13 1 13 1 13 1 13 1 13 1 13 2 16 12 8 19 2 3 1 61 1 93 1 13 1 13 1 13 1 13 26 1 4 34 26 1 4 1 13 1 13 1 13 1 13 1 13 1 13 1 13 1 13 2 16 12 8 19 2 28 1 61 1 93 1 13 1 13 1 13 1 13 1 2 16 12 8 19 2 28 1 61 1 93 1 13 1 13 1 13 1 13 1 13 1 13 1
14 25 74 44 195 408 420 27 520 454 197 7 111 398 111 398 408 56 408 420 27 520 454 197 7 111 398 111 398 408 56 14 16 52 140 118 113 12 100 2 100 2 100 2 100 2 408 420 27 520 454 197 7 111 398 111 398 408 56 14
5 25 74 44 77 5 11 2 9 5 11 2 3 5 29 5 2 5 11 55 9 5 3 5 11 2 9 5 11 2 3 5 29 5 2 5 11 55 9 5 4 11 2 3 5 11 2 9 5 11 2 3 5 29 5 2 5 11 55 9 5 11 55 9 5 11 55 9 5 11 55 9 5
1 302 152 1 7 12 16 12 7 16 1 302 152 1 7 12 16 12 7 16 1 302 152 12 16 12 16 33 7 12 16 12 16 12 7 16 12 1 7 12 16 12 7 16 12 16 12 16 12 7 16 12 16 12 7 16 12 16 12 7 16 12 16 12 7 16 12
533 5 31 71 5 9 63 5 31 71 5 9 63 5 9 5 9 4 5 9 5 9 4 5 9 4 5 9 4 5 9 4 5 9 4 5 9 5 9 4 5 9 4 5 9 4 5 9 4 5 9 4 5 9 4 5 9 4 5 9 4 5 9 4 5 9 4 5 9 4 5 9 4 5 9 4 5 9 4 5 9 4 143 9 4 5 330 5 9 5 31 5 9 4 5 9 4 5 9 4 5 9 4 5 9 4 5 9 4 5 9 4 5 9 4 5 9 4 5 9 4 5 9 4 5 9 4 5 9 4 5 9 4 5 9 4 5 9 4 5 9 4 5 9 4 5 9 4 5 9 4 5 9 4
1 2 11 94 1 2 11 94 1 33 11 94 1 3 1 33 11 94 1 2 67 2 1 2 67 2 1 63 47 105 63 47 102 2 1 2 19 8 19 2 3 184 52 6 8 19 67 2 8 19 2 236 7 2 18 8 1 2 11 94 1 2 11 94 1 33 11 94 1 33 11 94 1 2 67 2 1 2 67 2 1 63 47 105 63 47 102 2 1 2 19 8 19 2 3 184 52 6 8 19 67 2 8 19 2 236 7 2 18 8 1 2 11 94 1 2 11 94 1 2 19 8 19 2 3 184 52 6 8 19 67 2 8 19 2 236 7 2 18 8 2 18 8 2 18 8 1 2 11 94 1 2 11 94 1 2 11 94 1 2 11 94 1 2 11 94 1
12 16 12 16 12 16 12 16 12 16 12 16 12 16 12 16 12 16 12 16 12 16 12 16 12 16 12 16 12 16 12 16 12 16 12 16 12 16 12 16 12 16 12 16 12 16 12 16 12 16 12 16 12 16 12 16 12 16 12 16 12 16 12 16 12 16 12 16 12 16 12 16 12 16 12 16
23 6 23 6 23 6 23 6 23 6 23 6 23 6 23 6 23 6 23 6 23 6 35 23 22 23 6 29 2 23 22 23 35 23 22 23 22 23 22 23 35 23 22 23 6 29 2 23 22 23 35 23 22 23 6 29 2 23 22 23 6 29 2 23 22
91 656 1 91 306 1 127 1 15 132 1 127 1 15 132 177 33 96 1 4 48 1 4 48 1 158 177 33 96 180 91 306 1 91 306 1 127 1 15 132 1 127 1 15 132 177 33 96 1 4 48 1 4 48 1 158 177 33 96 180 91 306 1 91 306 1 15 166 1 15 166 1 15 166 1 127 1 15 132 91 306 1 91 306 158 177 33 59 180 132 622 621 91 306 1 91 306 1 91 306 1 91 306 1 91
23 8 7 23 8 7 23 8 7 23 8 7 23 8 151 23 8 151 23 8 151 23 8 151 23 8 151 1 12 22 7 23 6 8 151 1 12 22 7 23 6 162 7 23 8 151 23 8 151 1 12 22 7 23 6 162 7 23 8 151 23 8 151 23 8 151 23 8 7 23 7 23 139
1 15 17 30 3 1 15 17 30 3 30 1 15 17 30 3 1 15 17 30 3 30 1 6 18 30 7 1 6 4 2 17 6 18 7 11 4 30 3 1 6 18 30 7 1 6 4 2 17 6 18 7 11 4 2 4 11 4 30 1 15 17 30 3 1 15 17 30 3 30 1 6 18 30 7 1 6 4 2 17 6 18 7 11 4 30 3 1 6 18 30 7 1 6 4 2 17 6 18 7 11 4 2 4 11 4 30 1 15 17 30 3 1 15 17 30 3 30 1 6 18 30 7 1 6 4 2 17 6 18 7 11 4 30 3 1 6 18 30 7 1 6 4 2 17 6 18 7 11 4 2 4 11 4 30 1 6 18 30 7 1 6 4 2 17 6 18 7 11 4 30 3 1 6 18 30 7 1 6 4 2 17 6 18 7 11 4 2 4 11 4 30
1 7 1 22 1 2 1 52 2 164 26 6 201 3 7 1 2 1 2 1 52 2 164 26 6 201 3 7 1 12 2 12 2 33 3 33 7 1 2 1 52 2 164 26 6 201 3 7 2 1
18 10 2 18 3 144 18 10 2 18 3 1 17 96 1 8 2 7 1 17 96 1 8 2 7 8 7 8 7 8 7 8 184 52 6 240 81 225 6 240 81 225 2 15 2 15 8 17 2 30 81 18 10 2 18 3 144 18 10 2 18 3 1 17 96 1 8 2 7 1 17 96 1 8 2 7 8 7 8 7 8 7 8 184 52 6 240 81 225 6 240 81 225 2 18 3 2 18 3 2 18 3 2 18 3 2 18 3 2 18 3 2 18 3 2 18 3 2 18 3 2 18 3 2 18 3 2 18 3 2 18 3 2 18 3 2 18 3 2 18 3
1 2 3 7 1 12 2 3 7 1 12 2 3 7 1 12 2 3 7 1 2 3 1 2 3 1 2 3 7 1 12 2 3 7 1 12 2 3 7 1 2 3 1 2 3 1 2 3 7 1 12 2 3 1 2 10 3 1 12 2 3 1 2 10 2 3 1 12 2 3 7 1 2 3 7 1 12 2 3 1 2 3 1 2 3 7 1 2 7 1 12 2 7 1 2 3 7 1 3 7 2 1
21 51 86 42 51 21 51 86 42 51 21 51 86 42 51 21 51 86 42 51 21 51 86 42 51 21 51 86 42 51 21 51 86 42 51 21 51 86 42 51 21 51 86 42 51 21 3 26 1 6 26 1 6 2 3 1 6 3 21 51 86 42 51 21 51 86 42 51 21 51 86 42 51 21 51 86 42 51 21 51 86 42 51 21 51 86 42 51 21 51 86 42 51 21 3 26 1 6 26 1 6 2 3 1 6 3 26 1 6 26 1 6 144 6 144 2 3 1 2 3 1 2 3 1 6 3 42 3 375 37 221 264 221 264 375 37 221 264 221 264 375 37 221 264 221 264 375 37 221 264 221 264 2 3 1 6 3 21 51 86 42 51 21 51 86 42 51 21 51 86 42 51 21 51 86 42 51 21 3 26 1 6 26 1 6 26 1 6 26 1 6 2 3 1 6 3 26 1 6 144 6 144 26 1 6 144 6 144 26 1 6 144 6 144 26 1 26 1 2 1
25 12 7 12 7 12 19 59 39 12 19 59 39 7 12 7 12 16 12 16 12 16 12 16 12 7 12 19 59 39 12 19 59 39 7 12 7 12 16 12 7 16 12 16 12 7 16 12 16 12 7 16 12 16 12 7 16 12 16 12 7 16 12 7 16 12 7 16 12 16 12 7 16 12 16 12 7 16 12 19 59 39 12 19 59 39 7 12 7 12
21 340 21 76 173 5 76 173 5 76 173 5 76 173 5 76 173 5 76 173 5 76 173 5 14 76 173 196 31 173 5 14 31 29 5 14 76 173 5 14 269 173 5 14 76 27 173 5 14 76 173 5 31 173 5 14 31 29 5 14 76 14 27 30 5 14 27 30 5 14 31 27 32 5 14 31 27 32 5 14 76 173 5 14 31 173 5 14 31 32 5 14 31 173 5 14 31 32 5 14 76 215 173 5 14 76 215 173 5 14 76
216 149 14 125 216 149 14 125 143 135 14 72 9 116 9 28 3 143 135 14 72 9 116 9 28 3 16 325 9 28 3 216 149 14 125 216 149 14 125 216 149 14 125 216 149 24 143 135 14 72 9 116 9 28 3 143 135 14 72 9 116 9 28 3 16 325 9 28 3 216 149 14 125 216 149 14 125 216 149 14 125 216 149 24 293 452 476 14 293 452 476 14 293 452 476 14 293 452 476 14 143 135 14 72 9 116 9 28 3 143 135 14 72 9 116 9 28 3 16 325 9 28 3 216 149 14 125 216 149 14 125 216 149 14 125 216 149 24 216 149 14 125 216 149 14 125 216 149 14 125
56 11 2 56 11 2 56 11 2 56 11 2 56 11 2 56 11 2 56 11 2 56 11 2 56 11 2 56 11 2 56 33 16 63 56 11 2 56 11 2 56 11 2 56 11 2 56 11 2 56 11 2 56 33 16 63 56 11 2 56 11 2 56 16 56 16 56 16 56 33 188 56 11 2 56 11 2 56 11 2 56 11 2 56 11 2 56 11 2 56 33 16 63 56 11 2 56 11 2 56 11 2 56 11 2 56 11 2 56 11 2 56 33 16 63 56 11 2 56 11 2 56 16 56 16 56 16 56 33 188 56 11 2 56 11 2 56 11 2 56 11 2 56 11 2 56 11 2 56 11 2 56 11 2 56 11 2 56 11 2 56 11 2 56
1 38 13 38 1 38 13 6 17 2 28 1 38 13 38 1 38 13 38 1 38 13 38 6 17 2 3 1 13 38 1 13 38 1 13 38 1 2 19 8 28 2 19 8 30 1 38 13 38 1 38 13 38 1 38 13 172 6 2 30 1 38 13 38 1 38 13 38 1 38 13 172 6 17 2 30 1 13 38 1 13 38 1 13 38 1 2 19 8 28 2 19 8 30 1 38 13 38 1 38 13 1 38 13 38 1 38 13 25 2 19 8 28 1 13 38 1 13 38 1 13 38 1 2 19 8 28 1 13 413 1 13 413 1
43 3 295 237 43 3 295 237 43 3 43 3 43 3 43 3 43 3 43 3 43 17 105 3 43 3 43 3 43 3 43 3 43 3 43 3 43 17 105 3 2 3 1 108 181 26 2 17 8 6 2 3 1 108 181 26 2 17 10 3 43 3 43 3 43 3 43 3 43 3 43 3 43 17 105 3 2 3 1 108 181 26 2 17 8 6 2 3 1 108 181 26 2 17 8 6 10 6 10 6 8 338 43 3 295 237 43 3 295 237 43 3 43 3 43 3 43 3 43 3 43 3 43 17 105 3 2 3 1 108 181 26 2 17 8 6 2 3 1 108 181 26 2 17 8 341 2 3 1 108 181 26 2 17 8 6 2 3 1 108 181 26 2 17 8 341 2 3 1 108 181 26 2 17 8 6 2 3 1 108 181 26 2 17 8 338 43 3 295 237 43 3 295 237 43 3 295 237 685
1 2 1 2 1 2 1 2 1 2 1 384 6 3 2 1 2 1 2 1 2 1 2 1 2 1 2 1 384 6 3 2 1 2 1 2 1 2 1 2 1 2 1 2 1 384 6 3 2 1 2 1 2 1 2 1 2 1 2 1 2 1 2 1 2 1 2 1 2 1 2 1 2 1 2 1 2 1 2 1 2 1
14 11 5 9 27 11 5 9 27 14 11 5 9 27 11 5 9 27 140 14
1 2 1 3 1 3 1 2 1 3 1 3 1 12 2 1 7 1 3 6 1 6 1 7 1 2 1 3 1 3 1 12 2 1 3 1 3 1 2 1 2 1 2 1 2 1 2
13 1 15 22 7 22 19 26 3 13 1 15 22 7 22 19 26 3 255 37 105 17 105 17 90 12 59 118 174 90 59 118 174 90 177 33 30 7 13 1 15 22 7 22 19 26 3 13 1 15 22 7 22 19 26 3 255 37 105 17 105 17 90 12 59 118 174 90 59 118 174 90 177 33 30 7 13 1 15 22 7 22 19 26 3 13 1 15 22 7 22 19 26 3 255 37 105 17 105 17 90 12 59 118 174 90 59 118 174 90 177 33 30 7 13 1 15 22 7 22 19 26 3 13 1 15 22 7 22 19 26 3 13 1 15 22 7 22 19 26 3 13 1 15 22 7 22 19 26 3 13 1 15 22 7 22 19 26 3 13 1 15 22 7 22 19 26 3
1 7 1 11 2 1 33 16 12 33 2 472 16 33 7 12 1 7 1 11 2 1 33 16 12 33 2 472 16 33 7 12 1 7 1 11 2 1 33 16 12 33 2 472 16 33 7 12 33 16 12 33
1 4 1 4 2 1 4 2 1 4 2 1 4 2 1 4 2 1 4 2 1 4 2 1 4 2 1 4 2 1 4 2 1 4 2 1 4 2 1 4 2 1 4 2 1 4 2 1 4 2 1 4 2 1 4 2 1 4 2 1 4 2 1 4 2 1 4 2 1 4 2 1 4 2 1 4 2 1 4 2 1 4 2 1 342 160 596 2 3 9 4 80 1 4 2 1 4 1 4 2 1 4 2 1 4 2 1 4 2 1 4 2 1 4 2 1 4 2 1 4 2 1 4 2 1 4 2 1 4 2 1 4 2 1 4 2 1 4 2 1 342 160 596 2 3 9 4 80 1 4 2 1 4 2 14 4 2 1 4 2 1 4 2 1 4 2 1
22 39 284 63 23 206 106 1 7 106 7 1 6 50 6 22 39 7 1 2 1 6 50 6 22 39 7 1 2 1 206 7 106 7 106 1 7 106 7 1 6 50 6 22 39 7 1 19 2 1
1 12 7 1 2 1 12 7 1 2 1 12 48 1 2 24 1 12 2 24 33 7 1 12 7 1 2 1 12 48 1 2 24 1 12 2 24 33 7 1 12 7 1 7 1 7 1
1 13 38 1 2 3 1 2 3 1 2 3 1 2 3 1 43 3 43 1 43 3 15 3 1 2 3 1 2 3 1 2 3 1 2 3 1 2 3 1 2 3 1 43 3 43 1 43 3 15 3 1 2 3 1 2 3 1 2 3 1 2 3 1 2 3 1 2 3 1 13 38 13 1
1 40 6 138 2 3 1 8 2 3 1 19 2 4 110 1 8 2 3 1 19 2 4 110 1 24 4 11 9 24 7 1 52 2 1 47 8 3 1 40 15 52 2 9 1 40 6 138 2 3 24 4 11 9 24 7 1 8 2 3 1 19 2 4 110 1 8 2 3 1 19 2 4 110 1 24 4 11 9 24 7 1 52 2 1 47 8 3 1 40 15 52 2 9 1 40 6 138 2 3 24 4 11 9 24 7 1
6 50 6 1 3 1 6 50 6 1 3 1 2 3 1 2 3 1 2 3 1 2 3 1 2 3 1 2 3 1 2 3 1 2 1 2 1 2 1 6 50 6 1 3 1 6 50 6 1 3 1 2 1 2 1 2 1 3 6 50 6 1 3 1 6 50 6 1 3 1 3 1 2 3 1 2 3 1 2 3 1 2 3 1 2 3 1 2 3 1 2 3 1 2 1 2 1 2 1 6 50 6 1 3 1 6 50 6 1 3 1 6 50 6 1 3 1 6 50 6 1 3 1 2 1 2 1 2 1 3 1 2 3 1 2 3 1 2 3 1 2 3 1 2 3 1 2 3 1 2 3 1 2 1 2 1 2 1 6 50 6 1 3 1 6 50 6 1 3 1 6 50 6 1 3 1 6 50 6 1 3 1 6 50 6 1 3 1 6 50 6 1 3 1
12 16 12 7 12 174 16 9 12 7 12 16 12 7 12 174 16 9 12 7 12 16 7 16 12 16 12 7 12 174 16 9 12 7 12 7 12 16 12 7 12 174 16 24 12 7 12 16 7 16 12 16 12 7 12 174 16 9 12 7 12 7 12 7 16 12
1 2 1 2 1 2 1 2 1 2 1 2 1 54 45 9 45 54 9 45 54 45 9 45 54 11 9 1 2 4 2 1 2 4 2 1 2 4 2 1 2 4 2 1 2 1 2 1 2 1 2 1 2 1 2 1 54 45 9 45 54 9 45 54 45 9 45 54 11 9 1 2 4 2 1 2 4 2 1 2 4 2 1 2 4 2 29 11 29 11 1 2 1 2 1 2 1 2 1 2 1 2 1 54 45 9 45 54 9 45 54 45 9 45 54 11 9 1 2 4 2 1 2 4 2 1 2 4 2 1 2 4 2 1 2 4 2 1 2 4 2 1 2 4 2 1 2 4 2 1 2 4 2 1 2 4 2 1 2 4 2 1 2 4 2 1 2 4 2 1 2 4 2 1 2 4 2 1
1 13 1 13 1 2 1 13 1 3 2 3 2 1 13 1 13 1 13 1 2 1 13 1 3 2 3 2 1 13 1 2 1 2 1 13 1 13 1 3 2 3 2 1 13 1 13 1 13 1 2 1 13 1 3 2 3 2 1 13 1 13 1 13 1 13 1 13 1 13 1 13 1
1 2 1 3 1 2 1 3 1 2 1 3 1 2 1 3 1 2 1 3 1 2 1 6 2 3 1 2 1 3 1 2 1 3 1 2 1 3 1 2 1 3 1 2 1 3 1 2 1 6 2 3 1 2 1 3 1
1 10 3 10 3 1 10 3 10 3 1 10 3 10 3 1 19 10 3 10 3 1 10 3 10 3 1 10 3 10 3 2 3 1 10 3 10 3 1 19 10 3 10 3 1 10 3 2 1
5 34 5 34 5 34 5 34 5 34 5 34 5 34 5 24 128 437 69 5 34 5 34 429 4 9 5 58 163 58 5 58 163 58 5 58 163 58 24 128 437 69 5 34 5 34 429 4 9 5 34 5 34 5 24 128 437 69 5 34 5 34 429 4 9 5 58 163 58 5 58 163 58 5 58 163 58 5 58 163 58 24 128 437 69 5 58 163 58 429 4 9 5 58 163 58 5 34 5 34 5 34 5 58 163 58 5 58 163 58 5 58 163 58 5 58 163 58 5 58 163 58 5 58 163 58 24 128 437 69 5 58 163 58 429 4 9 5 58 163 58 5
3 2 1 2 1 3 2 1 2 1 3 2 1 2 1 3 2 1 2 1 3 2 1 2 1 3 2 1 2 1 3 2 1 2 1 3 2 1 2 1 3 2 1 25
1 2 1 2 6 3 2 1 2 1 2 6 3 2 1 2 1 2 6 3 2 1 2 1 2 6 3 2 1 2 1 2 6 3 2 1 2 1 2 6 3 2 1 2 1 2 1 2 1 2 1 2 6 3 2 1 2 1 2 6 3 2 1
456 18 68 1 142 114 456 18 1 3 15 6 52 2 1 3 17 18 1 3 15 6 52 2 1 3 17 18 1 20 18 2 1 20 18 2 1 20 18 2 456 18 68 1 142 114 456 18 1 3 15 6 52 2 1 3 17 18 1 3 15 6 52 2 1 3 17 18 1 20 18 2 1 20 18 2 1 20 18 2 1 20 18 2 1 20 18 2 1 20 18 2 1 20 18 2 1 20 18 2 1 20 18 2 1 20 18 2 1 20 18 2 1 20 18 2
5 29 31 5 29 31 5 29 31 5 29 31 5 29 31 5 29 31 5 29 31 5 4 5 4 5 4 5 4 5 4 5 4 5 4 5 4 5 4 5 4 5 4 5 4 60 116 29 5 60 116 29 5 60 116 29 5 60 116 29 5 28 5 46 5 31 3 5 60 31 134 503 31 337 5 16 60 182 60 182 5 46 5 31 3 5 60 31 134 503 31 337 5 16 60 182 60 182 14 39 14 39 14 39 14 39 14 39 14 39 14 39 14 39 14 39 14 39 14 39 14 39 14 39 14 39 14 39 14 39 14 39 14 39 14 39 14 39 14 39 14 39 14 39 14 39 14 39 14 39 14 39 14 39 14 39 14 39 14 39 14 39 14 39 14 39 14 39 14 39 14 39 14 39 14 39 14 39 14 39 14 39 14 39 14 39 14 39 14 39 14 39 14 39 14 39 14 39 14 39 14 39 14 39 337 5 2 337 5 2 337 5 2 337 5 2 337 5 2 337 5 2 60 182 60 182 5 29 31 5 29 31 5 29 31 5 29 31 5 29 31 5 29 31 5 29 31 5 29 31 5 29 31 5 29 31 5 29 31 5 29 31
77 25 77 1 3 1 3 1 2 3 2 3 2 3 8 6 3 1 410 6 8 28 3 1 17 6 8 28 3 1 3 1 3 1 2 3 2 3 2 3 8 6 3 1 410 6 8 28 3 1 17 6 8 28 3 43 17 10 15 43 17 10 15 3 1 3 1 3 1 2 3 2 3 2 3 8 6 3 1 410 6 8 28 3 1 17 6 8 28 3 1 410 6 8 28 3 1 17 6 8 28 3 1 410 6 8 28 3 1 17 6 8 28 3 1 410 6 8 28 3 1 17 6 8 28 3
14 2 4 29 1 2 4 29 1 173 319 14 2 4 29 1 2 4 29 1 173 319 14 2 4 29 1 2 4 29 1 173 319 161 1 161 1 29 14 2 4 29 1 2 4 29 1 2 4 29 1 2 4 29 1
21 1 15 40 3 2 19 8 30 36 214 39 36 39 36 8 30 7 36 214 39 1 43 1 8 347 66 75 1 3 19 190 8 1 3 19 190 8 347 15 75 3 36 214 39 36 43 36 10 30 7 36 214 39 1 43 1 8 347 66 75 7 1 3 19 190 8 1 3 19 190 8 347 15 75 3 43 15 214 43 347 223 75 3 36 214 39 36 43 1 10 30 7 36 214 39 36 43 1 10 30 7 36 214 39 36 43 36 10 30 7 1 3 19 190 8 1 3 19 190 8 347 15 75 3 1 3 19 190 8 1 3 19 190 8 347 15 75 3 1 3 19 190 8 1 3 19 190 8 347 15 75 3
1 348 1 348 1 6 18 6 1 2 28 1 2 28 1 348 1 348 1 6 18 6 1 2 28 1 2 28 1 67 28 1 67 28 1 6 18 6 1 2 28 1 2 28 67 28 1 67 28 1 6 18 6 1
1 82 1 82 1 82 1 82 1 82 1 82 2 4 1 82 1 82 1 82 1 82 1 82 1 82 2 4 1 82 1 82 1 82 1 82 1 82 1 82 1 82 1 82 1 82 1 82 2 4 1 2 4 11 4 1 11 4 51 67 2 1 11 4 51 67 2 4 1 82 1 82 1 82 1 82 1 82 1 82 1 82 1 82 2 4 1 82 1 82 1 82 1 82 1 82 1 82 1 82 1 82 1 82 1 82 2 4 1 2 4 11 4 1 11 4 51 67 2 1 11 4 51 67 2 4 1 82 1 82 6 4 1 10 6 4 1 10 6 4 1 4 90 2 4 90 2 4 90 2 4 90 2 4 90 2 4 90 2 4 90 2 4 90 2 4 90 2 4 90 2 4 90 2 4 90 2 4
31 71 31 71 31 71 31 71 34 5 34 5 34 5 34 1 31 71 31 71 31 7 34 5 34 5 34 5 34 1 31 71 31 71 31 7 5 116 9 78 116 30 32 5 116 9 24 30 31 71 31 71 34 5 34 5 34 5 34 1 31 71 31 71 31 7 31 71 31 71 31 71 31 71 31 71 31 71 31 71 31 71
121 1 3 1 2 1 3 4 2 3 1 2 1 3 4 2 3 1 2 3 1 12 2 33 7 121 1 2 1 3 4 2 3 1 3 1 2 3 1 12 2 33 7 121 1 2 1 3 4 2 3 1 3 1 19 2 236 3 1
5 63 102 7 5 4 9 79 4 5 63 102 7 5 4 9 87 4 5 63 102 7 14 132 103 87 4 5 63 102 7 5 24 11 4 5 4 9 87 4 5 63 102 7 5 63 102 7 5 63 102 7 5 63 102 7
25 77 49 25 77 49 25 12 7 12 16 12 7 16 12 16 12 16 12 16 12 16 7 16 12 7 16 33 7 12 16 12 7 16 12 16 12 16 12 16 12 16 7 16 12 16 12 16 12 16 12 16 12 16 12 16 12 16 12 16
1 13 1 13 1 2 3 1 2 3 1 8 2 3 2 1 2 3 1 18 2 3 2 3 1 13 1 2 3 1 2 3 1 8 2 3 2 1 2 3 1 18 2 3 2 3 1 13 1 228 3 228 3 228 3 2 3 4 2 1 2 3 1 2 3 1 8 2 3 2 1 2 3 1 18 2 3 2 3 1 18 2 3 2 3 4 2 1
21 1 4 55 4 1 4 55 2 1 3 1 3 81 113 1 17 107 8 2 7 1 15 3 2 3 4 55 1 4 55 1 4 55 30 1 3 81 113 1 17 107 8 2 7 1 15 3 2 3 4 55 1 4 55 1 4 55 30 1 15 3 1 15 3 1 15 3 1 15 3 1 15 3
1 3 259 2 1 3 259 2 1 3 259 2 1 3 259 2 1 3 259 2 1 3 259 2 1 3 259 2 1 3 259 2 1 3 6 3 2 1 3 18 2 3 6 3 2 27 1 3 6 3 2 27 1 3 259 2 1 3 259 2 1 3 259 2 1 3 259 2 1 3 6 3 2 1 3 18 2 3 6 3 2 27 1 3 6 3 2 27 1 3 171 2 1 3 171 2 1 3 171 2 1 3 171 2 1 3 6 3 2 1 3 18 2 3 6 3 2 27 1 3 171 1 3 171 1 3 171 1 3 171 1 3 259 2 1 3 259 2 1 3 259 2 1 3 259 2 1 3 6 3 2 1 3 18 2 3 6 3 2 27 1 3 6 3 2 27 1 3 6 3 2 1 3 18 2 3 6 3 2 27 1 3 6 3 2 1 3 18 2 3 6 3 2 27 2 3 6 3 2 27 1
3 266 3 266 3 266 3 266 3 266 3 266 3 266 3 266 26 41 3 317 50 1 2 10 7 23 6 1 6 3 1 18 6 3 1 22 317 50 1 2 10 36 22 7 1 12 27 63 18 6 30 7 1 6 1 6 3 1 18 6 3 1 22 317 50 1 2 10 23 1 6 1 6 28 1 18 6 3 1 22 317 50 1 2 10 23 1 6 1 6 3 1 18 6 3 1 22 317 50 1 2 10 6 20 10 18 2 28 26 266 26 266 26 266 26 266 26 266 26 266 26 266 26 266 1
1 3 26 3 2 3 26 3 1 3 26 3 2 3 26 3 1 3 26 3 2 3 26 3 1 3 26 3 2 3 26 3 1 3 2 6 1 3 2 6 10 18 6 10 18 2 3 1 3 26 3 2 3 26 3 1 3 26 3 2 3 26 3 1 3 2 6 1 3 2 6 10 18 6 10 18 2 3 1 3 26 3 2 3 26 3 1 3 26 3 2 3 26 222 6 3 6 3 2 6 3 6 3 2 1 3 26 3 2 3 26 3 1 3 26 3 2 3 26 3 1 3 26 3 2 3 26 3 1 3 26 3 2 3 26 3 10 18 6 10 18 2 3 1 3 26 3 2 3 26 3 1 3 26 3 2 3 26 3 1 3 26 3 2 3 26 3 1 3 26 3 2 3 26 3 1 3 26 3 2 3 26 3 1 3 26 3 2 3 26 3 1 2 1 2 1 2 1
5 57 5 57 5 57 5 57 5 57 5 57 5 57 5 57 5 57 5 57 5 57 5 57 4 79 4 79 5 57 5 57 5 57 5 57 5 57 5 57 4 79 4 79 5 57 5 4 9 29 4 9 29 2 69 16 69 5 57 5 57 5 57 5 57 5 57 5 57 5 57 5 57 4 79 4 79 5 57 5 57 5 57 5 57 5 57 5 57 4 79 4 79 5 57 5 4 9 29 4 9 29 2 69 16 69 2 69 16 69 4 116 5 57 5 57 5 57 5 57 5 57 5 57 5 57 5 57 4 79 4 79 5 57 5 57 5 57 5 57 5 57 5 57 4 79 4 79 5 57 5 4 9 29 4 9 29 2 69 16 69 2 69 16 69 4 116 4 9 3 4 9 3 4 9 3 4 9 3 4 9 3 4 9 3 4 9 3 4 9 3 4 9 3 4 9 3 4 9 3
1 2 1 2 1 2 35 1 2 35 1 2 35 1 2 35 1 2 35 1 2 35 1 2 35 1 2 35 1 2 35 1 2 35 1 2 35 1 2 35 1 2 35 1 2 35 1 2 35 1 2 35 1 2 35 1 2 35 1 2 35 1 2 35 1 2 35 1 2 35 1 2 35 1 2 35 1 2 35 1 2 35 1 2 35 1 2 35 1 2 35 1 2 35 1 2 35 1 2 35 1 2 35 1 2 35 1 2 35 1 2 35 1 2 35
1 3 1 3 1 3 2 19 278 2 1 3 1 3 1 3 2 1 3 1 3 1 3 1 3 1 3 1 3 2 1 3 1 3 1 3 20 1 20 1 20 1 20 1 3 20 1 20 1 3 20 1 20 1 20 1 20 1 20 1 20 1 3 20 1 20 1 3 20 1 20 1 20 1 20 1 20 1 20 1 3 20 1 20 1 3 20 1 20 1 20 1 3 20 37 1 3 20 37 1 3 20 37 285 156 80 99 77 99 77 99 77 99 77 3 20 1 20 1 3 20 1 20 1 88 20 26 20 26 20 26 20 26 3 20 1 20 1 3 20 1 20 1 3 1 3 1 3 1 3 1 3 1 3 1 3 2 19 278 2 1
25 1 69 2 1 69 2 1 69 2 1 69 2 1 69 2 1 69 2 1 69 2 1 69 2 25 1 69 2 1 69 2 1 69 2 1 69 2 33 7 1 69 2 1 69 2 1 69 2 1 69 2 1 69 2 1 69 2 1 69 2 1 69 2 1 69 2 1 69 2 33 7 1 69 2 1 69 2 1 69 2 1 69 2 1 69 2 1 69 2 1 69 2 1 69 2 1 69 2 1 69 2 33 7 1 69 2 1 69 2 1 69 2 1 69 2 1 69 2 1 69 2
1 4 2 1 4 2 1 4 2 1 4 2 1 4 2 1 3 2 3 2 3 2 3 2 1 4 2 1 4 2 1 4 2 1 4 2 1 4 2 1 4 2 1 4 2 1 3 2 3 2 3 2 3 2 1 4 2 1 4 2 1 4 2 1 4 2 1 2 3 1 4 2 1 4 2 1 4 2 1 4 2 3 1 4 2 1 4 2 1 4 2 1 4 2 44 25 1 4 2 1 4 2 1 4 2 1 29 4 2 1 4 1 4 2 1 4 2 1 4 2 1 4 2 1 4 2 1 4 2 1 4 2 1 4 2 1 4 2 1 4 2 1 4 2 1 4 2 1 4 2 1 4 2 1 4 2 1 4 2
5 4 5 4 5 21 53 5 53 78 5 4 78 9 78 5 21 53 5 78 5 4 9 4 5 11 241 14 11 241 14 5 11 241 5
1 6 2 3 1 6 2 3 1 6 2 3 1 6 2 3 1 6 2 3 1 6 2 3 1 6 2 3 1 6 2 3 1 6 2 3 1 6 2 3 1 6 2 3 1
1 13 1 13 1 2 1 13 1 3 2 3 2 1 13 1 13 1 13 1 2 1 13 1 3 2 3 2 1 13 1 2 1 2 1 13 1 13 1 3 2 3 2 1 13 1 13 1 13 1 2 1 13 1 3 2 3 2 1 13 1 13 1 13 1 13 1 13 1 13 1 13 1
1 3 1 3 1 3 1 3 1 3 1 3 1 3 1 3 1 20 37 20 37 20 37 20 37 20 37 20 37 20 37 20 37 20 37 20 37 20 37 20 37 20
1 7 6 1 7 1 7 1 2 1 7 6 1 7 1 7 1 2 1 7 6 1 7 1 7 1 2 1 7 6 1 7 1 7 1 2 1 7 6 1
1 61 1 61 1 61 1 61 2 3 6 2 1 172 6 3 2 18 10 2 3 2 3 6 2 1 172 6 3 2 18 10 3 1 61 1 61 2 3 6 2 1 172 6 3 2 18 10 2 3 2 3 6 2 1 172 6 3 2 18 10 3 1 61 1 61 2 3 6 2 1 172 6 3 2 18 10 2 3 2 3 6 2 1 172 6 3 2 18 10 3 1 61 1 61 2 3 6 2 1 172 6 3 2 18 10 2 3 2 3 6 1 172 6 3 2 18 10 3 1 61 1 61 1 61 1 61 1
1 3 6 81 2 3 1 3 6 81 2 3 1 3 6 81 2 3 2 3 2 3 1 3 6 81 2 3 1 3 6 81 20 2 1 2 19 10 1 3 1 2 3 11 2 1 3 6 81 2 3 1 3 6 81 20 2 1 2 19 10 1 3 1 2 3 11 2 1 40 6 3 2 19 10 3 1 40 6 3 2 19 10 3 1 3 6 81 2 3 1 3 6 81 2 3 2 1 2 19 10 1 3 1 2 3 11 2 1 40 6 3 2 19 10 3 1 40 6 3 2 19 10 3 1 2 3 1 3 1 2 3 1 3 1 2 3 11 2 1 3 6 81 2 3 1 3 6 81 2 3 1 3 6 81 2 3 1 3 6 81 2 3 1 3 6 81 2 3 1 3 6 81 2 3 1 3 6 81 2 3
1 20 2 28 1 20 2 28 1 20 2 28 2 28 2 28 6 10 3 147 232 88 1 20 2 28 1 20 2 28 2 28 2 28 6 10 3 147 232 88 1 20 2 28 1 20 2 28 11 87 278 11 1 11 87 278 11 338 7 1 20 2 28 1 20 2 28 1 20 2 28 1 20 2 28 1 20 2 28 1 20 2
1 11 2 1 2 3 1 11 2 1 2 3 1 2 1 11 2 1 2 3 1 2 3 54 2 11 1 2 3 1 2 1 2 1 11 2 1 2 3 1 2 3 54 2 11 1 2 3 1 2 26 2 1 2 3 1 2 1 11 2 1 2 3 1 2 3 54 2 11 1 2 3 1 2 26 2 1 2 1 2 1 2 1 2 1 2
1 2 1 2 15 2 3 15 3 2 1 2 10 17 6 17 2 6 17 2 6 17 2 1 2 1 2 15 2 3 15 3 2 1 2 10 17 6 17 2 6 17 2 6 17 2 6 17 2 22 3 20 2 3 22 3 6 3 2 3 6 17 2 6 17 2 6 17 2 6 17 2 6 17 2 6 17 2 6 17 2 6 17 2 22 3 6 3 2 3 6 17 2 6 17 2 6 17 2 1 2 1 2 15 2 3 15 3 2 1 2 10 17 6 17 2 6 17 2 6 17 2 6 17 2 6 17 2 6 17 2 6 17 2 6 17 2 6
1 6 1 6 1 6 2 3 1 7 1 6 2 3 1 12 2 1 2 3 1 6 2 3 1 7 1 6 2 3 1 12 2 1 2 3 1 6 2 3 1 7 1 6 1 6 1 6 1 6 1 6 1
1 6 2 3 1 6 2 3 1 6 2 3 1 6 2 3 2 27 1 12 2 27 20 7 1 6 2 3 1 6 2 3 2 27 1 12 2 27 20 7 1 6 2 3 1 6 2 3
21 129 21 129 2 1 3 2 3 2 21 129 21 129 2 1 3 2 3 2 21 2 1 2 3 2 1 2 10 3 21 129 21 129 2 1 3 2 3 2 21 56 2 1 3 2 3 2 1
1 15 17 166 23 15 17 6 18 22 3 28 3 23 15 17 6 18 22 3 28 3 6 138 22 30 1 13 23 17 15 2 3 1 17 15 161 35 7 23 15 17 6 18 22 3 6 138 22 8 30 1 17 15 2 3 1 17 15 161 35 7 23 15 17 6 18 22 3 6 138 22 8 30 1 15 17 3 30 1 15 17 3 30 1 15 17 3 30 1 15 17 3 30
1 3 1 3 1 6 18 2 10 1 6 2 10 28 1 6 2 10 28 1 6 18 1 3 1 3 1 6 18 2 10 1 6 2 10 28 1 6 2 10 28 1 6 18 1 3 1 3 1 6 18 2 10 3 1 6 2 10 28 1 6 2 10 28 1 6 2 10 28 1 6 2 10 28 1 6 18 1 6 2 10 28 1 6 2 10 28 1 6 2 10 28 1 6 2 10 28 1 6 2 10 28 1 6
1 6 1 6 1 6 1 6 1 6 1 6 1 6 1 6 2 1 6 1 6 3 2 1 6 1 6 2 1 2 3 1 6 1 6 1 6 1 6 2 1 6 1 6 3 2 1 6 1 6 2 1 2 3 2 1 33 7 2 1 2 3 2 1 2 3 2 1 2 3
12 16 12 7 16 12 16 12 7 16 12 16 12 16 7 12 16 12 7 16 12 16 12 16 7 12 16 12 7 16 12 16 12 7 16 12 7 16 12 7 16 12 234
1 3 2 1 3 2 1 3 2 1 3 2 1 3 2 1 10 6 4 2 6 50 1 3 10 6 4 2 6 50 1 3 1 3 1 4 9 134 2 5 4 9 134 3 1 3 2 1 3 2 1 3 2 1 10 6 4 2 6 50 1 3 10 6 4 2 6 50 1 3 1 3 1 4 9 134 2 5 4 9 134 3 5 77 92 74 2 25 254 92 5 77 92 74 2 25 254 25 10 6 4 2 6 50 1 3 10 6 4 2 6 50 1 3 1 3 1 3 1 4 9 134 2 24 5 4 9 134 3 131 546 7 402 81 602 3 558 87 18 50 601 37 550 554 567 385 24 258 359 258 359 258 359 258 359 1 3 2 1 3 2 1 3 2 1 3 2 1 3 2 1 3 2 1 3 2 1 3 2 1 3 2
1 3 1 3 1 3 1 3 1 3 1 3 1 3 1 3 1 20 37 20 37 20 37 20 37 20 37 20 37 20 37 20 37 20 37 20 37 20 37 20 37 20
5 27 28 3 5 27 28 3 5 27 28 3 5 27 28 3 5 27 28 3 5 9 4 11 9 4 11 140 7 5 60 9 28 3 5 27 28 3 5 27 28 3 5 27 28 3 5 27 28 3 5 9 4 11 9 4 140 7 5 60 9 28 3 9 4 11 9 4 140 7 5 60 9 28 3 5 27 28 3 5 27 28 3 5 9 4 11 9 4 140 7 5 60 9 28 3 9 4 11 9 4 140 28
36 73 2 36 73 2 36 73 2 36 73 2 36 73 2 36 73 2 36 73 2 36 73 2 6 2 3 1 7 1 7 1 6 2 3 1 7 1 7 1 6 2 3 1 7 1 7 36 73 2 36 73 2 36 73 2 36 73 2 36 73 2 36 73 2 36 73 2 36 73 2 36 73 2 36 73 2 36 73 2 36 73 2 6 2 3 1 7 1 7 1 6 2 3 1 7 1 7 36 73 2 36 73 2 36 73 2 36 73 2 36 73 2 36 73 2 36 73 2 36 73 2 36 73 2 36 73 2 36 73 2 36 73 2 36 73 2 36 73 2 36 73 2 36 73 2 36 73 2 36 73 2 36
1 17 8 41 1 17 8 1 17 8 41 1 17 8 41 1 17 8 41 1 17 8 41 1 17 8 41 1 17 8 41 1 17 8 41 4 55 41 1 17 8 41 1 17 8 41 1 17 8 41 1 17 8 41 1 17 8 41 1 17 8 41 1 17 8 41 4 55 41 1 161 15 32 34 15 161 15 32 34 15 161 15 32 34 11 94 32 2 1 17 8 41 1 17 8 41 1 17 8 41 1 17 8 41 1 17 8 41 1 17 8 41 1 17 8 41 1 17 8 107 272 45 27 107 272 45 27 107 272 45 27 107 272 45 27 107 272 45
12 16 12 7 12 16 12 16 12 16 12 7 12 16 12 16 12 2 7 12 16 12 16 12 16 12 7 12 16 12 16 12 2 7 12 16 12 16 12 16 12 7 12 16 12 16 12 16 12 7 12 16 12 16 12 2 7 12 16 12 16 12 16 12 7 12 16 12 16 12 16 12 7
25 12 16 12 7 16 12 16 12 7 16 12 16 12 7 16 12 7 16 12 16 12 7 16 12 16 12 7 16 12 7 16 12
5 14 65 41 2 5 65 41 2 14 65 41 2 5 65 41 2 14 65 41 2 5 65 41 2 14 65 41 2 5 65 41 2 6 141 6 141 65 14 65 41 2 5 65 41 2 14 65 41 2 5 65 41 2 14 65 41 2 5 65 41 2 14 65 41 2 5 65 41 2 14 65 41 2 5 65 41 2 14 65 41 2 5 65 41 2 6 141 6 141 65 14 65 41 2 5 65 41 2 14 65 41 2 5 65 41 2 191 212 94 4 191 212 94 4 191 212 94 4 191 212 94 4 14 65 41 2 5 65 41 2 14 65 41 2 5 65 41 2 14 65 41 2 5 65 41 2 14 65 41 2 5 65 41 2 6 141 6 141 65 14 65 41 2 5 65 41 2 14 65 41 2 5 65 41 2 14 65 41 2 5 65 41 2 14 65 41 2 5 65 41 2 14 65 41 2 5 65 41 2
1 56 1 56
12 4 2 12 4 2 12 4 2 12 4 2 12 4 2 12 4 2 12 4 2 12 4 2 12 4 2 12 4 2 12 4 2 12 4 2 16 11 4 16 11 4 16 11 4 16 11 4 12 4 2 12 4 2 29 11 9 11 2 12 4 2 12 4 2 12 4 2 12 4 2 12 4 2 12 4 2 12 4 2 12 4 2 16 11 4 16 11 4 16 11 4 16 11 4 12 4 2 12 4 2 29 11 9 11 2 12 4 2 12 4 2 12 4 2 12 4 2 12 4 2 12 4 2 12 4 2 12 4 2 12 4 2 12 4 2 12 4 2 12 4 2 12 4 2 12 4 2 12 4 2 12 4 2 12 4 2 12 4 2 12 4 2 12 4 2 12 4 2 12 4 2 12 4 2 12 4 2 12 4 2 12 4 2 12 4 2 12 4 2 12 4 2 12 4 2 12 4 2 12 4 2 12 4 2 12 4 2 12 4 2 12 4 2 12 4 2 12 4 2 12 4 2 12 4 2 12 4 2 12 4 2 12 4 2 12 4 2 16 11 4 16 11 4 16 11 4 16 11 4 12 4 2 12 4 2 29 11 9 11 2 12 4 2 12 4 2 12 4 2 12 4 2 12 4 2 12 4 2 12 4 2 12 4 2 12 4 2 12 4 2 12 4 2 12 4 2 12 4 2 12 4 2 12 4 2 12 4 2 12 4 2 12 4 2 12 4 2 12 4 2 12 4 2 12 4 2 12 4 2 12 4 2 12 4 2 12 4 2 12 4 2 12 4 2 12 4 2 12 4 2 12 4 2 12 4 2
25 44 77 25 44 77 25 1 2 3 1 2 3 1 2 3 1 2 3 1 2 3 1 2 3 1 2 3 1 25 44 77 25 44 77 25 1 2 3 1 2 3 1 2 3 1 2 3 1 2 3 1 2 3 1 2 3 1 2 3 1 3 1 20 3 1 20 3 1 20 3 25 44 77 25 44 77 25 1 2 3 1 2 3 1 2 3 1 2 3 1 2 3 1 2 3 1 2 3 1 2 3 1 2 3 1 2 3 1 2 3 1 2 3 1 2 3 1 2 3 1
5 4 9 4 5 4 9 4 5 9 11 2 5 9 11 2 5 24 5 24 9 4 5 4 5 4 5 9 4 116 5 9 11 2 5 9 11 2 5 24 5 24 9 4 5 4 5 4 5 9 4 116 5 4 9 4 5 4 9 4 5 24 5 24 5 24 5 9 4 5 4 5 4 5 9 4 116 5 4 9 4 5 4 9 4 5 9 5 9 5 9 5 9 5 9 5 9 5 9 5 9 5 9 5
2 11 2 7 5 239 2 5 239 2 5 239 2 5 239 2 14 84 14 84 14 84 14 84 14 84 14 84 14 84 14 84 14 84 14 84 14 84 14 84 14 84 14 84 14 84 14 84 14 84 14 84 14 84 14 84 14 84 14 84 14 84 14 84 14 84 14 84 14 84 14 84 14 84 14 84 14 84 14 84 14 84 14 84 14 84 14 84 14 84 14 84 14 84 14 84 14 84 14 84 14 84 14 84 14 84 14 84 14 84 14 84 14 84 14 84 14 84 14 84 14 84 14 84 14 84 14 84
12 16 12 7 12 16 12 16 12 7 16 12 7 12 16 12 16 12 7 16 12 7 12 7 16 12 7 16 12 7 234
1 100 1 100 1 100 1 100 1 100 1 100 1 100 1 100 1 100 1 100 1 100 1 100 1 4 2 1 4 1 100 1 100 1 100 1 100 1 100 1 100 1 100 1 100 1 4 2 1 4 1 100 1 100 1 100 1 100 1 100 1 100 1 100 1 100 1 4 2 1 4 1 100 1 100 1 100 1 100 1 100 1 100 1 100 1 100 1 4 2 1 4 1 4 2 1 4 1
7 16 1 16 1 7 16 1 16 1 7 16 1 16 1 7 16 1 16 1 7 16 1 16 1 7 16 1 16 1 7 16 1 7 16 1 7 16 1
5 2 9 11 5 2 9 11 5 2 9 11 5 2 9 11 1 11 2 1 9 11 1 3 2 11 5 4 5 2 9 11 5 2 9 11 1 11 2 1 9 11 1 3 2 11 5 4 5 2 9 11 5 2 9 11 5 2 9 11 5 2 9 11 1 11 2 1 9 11 1 3 2 11 5 4 5
1 3 2 3 48 39 139 39 139 39 6 39 139 39 139 39 139 7 6 3 39 7 6 3 139 39 139 39 139 39 6 39 139 39 139 39 139 7 6 3 39 7 6 3 139 39 139 39 139 39 139 39 139 39 139 39 139 39 139 39
1 6 2 3 1 6 3 1 6 2 3 1 6 3 1 3 6 18 2 3 1 12 2 3 2 11 2 3 1 2 3 2 11 2 3 1 6 2 3 1 6 3 1 6 2 3 1 6 3 1 3 6 18 2 3 1 6 2 24 1
5 131 5 131 5 131 5 131 5 131 5 131 5 131 5 131 5 131 5 131 5 131 14 25 14 5 131 5 131 5 131 5 131 5 131 5 131 5 131 5 131
25 74 92 44 25 74 92 44 25 74 92 44 25 74 92 44 25 74 92 44 25 85 25 85 25 85 25 85 25 74 25 74 92 24 25 74 92 44 25 74 92 44 25 74 92 44 25 74 92 44 25 74 92 44 25 85 25 85 25 85 25 85 25 74 25 74 92 24 25 74 92 44 25 74 92 44 25 74 92 44 25 74 92 44 25 74 92 44 25 85 25 74 92 44 25 74 92 44 25 74 92 44 25 74 92 44 25 74 92 44 25 74 92 44 25 74 92 44 25 74 92 44 25 74 92 44 25 74 92 44 25 74 92 44 25 74 92 44
3 1 108 4 47 10 292 8 7 10 292 8 7 1 6 18 206 10 27 63 11 8 7 1 108 4 47 10 292 8 7 1 108 4 47 10 292 8 7 10 292 8 7 1 6 18 206 10 27 63 11 8 7 1 108 4 47 10 292 8 7 1 23 8 7 1 26 1
1 2 1 2 1 2 1 2 1 2 1 384 6 3 2 1 2 1 2 1 2 1 2 1 2 1 2 1 384 6 3 2 1 2 1 2 1 2 1 2 1 2 1 2 1 384 6 3 2 1 2 1 2 1 2 1 2 1 2 1 2 1 2 1 2 1 2 1 2 1 2 1 2 1 2 1 2 1 2 1 2 1
1 36 1 36 66 15 66 15 1 36 1 36 66 15 66 15 1 36 1 36 66 15 66 15 2 43 2 43 8 171 8 171 2 43 2 43 8 171 21 1 36 1 36 66 15 66 15 1 36 1 36 66 15 66 15 1 36 1 36 66 15 66 15 2 43 2 43 8 171 8 171 2 43 2 43 8 171 8 3 96 3 96 3 96 3 96 1 36 1 36 9 101 2 101 2 9 101 2 11 45 577 553 4 9 386 131 519 29 525 584 24 87 212 197 1 36 1 36 66 15 66 15 1 36 1 36 66 15 66 15 2 43 2 43 8 171 8 171 2 43 2 43 8 171 8 3 96 3 96 3 96 3 96 1 36 1 36 1 36 1 36 1 36 1
36 68 13 36 1 20 2 1 20 2 1 6 2 6 20 1 20 2 1 20 2 1 20 2 1 6 2 6 20 1 20 2 1 3 6 20 2 3 1 20 2 1 20 2 1 6 2 6 20 1 20 2 1 3 6 20 2 3 1 20 2 1 20 2 1 6 2 6 20 1 20 2 1 2 1 2 1 36 68 13 36
72 96 35 72 96 35 23 96 35 23 96 35 146 15 184 146 15 184 146 15 87 342 72 96 35 23 96 35 23 96 35 146 15 184 146 15 184 146 15 87 342 72 235 96 35 218 72 235 96 35 218 72 235 96 35 500 47 228 435 156 385 487 303 258 30 421 486 25 44 77 23 96 35 23 96 35 146 15 184 146 15 184 146 15 87 342 72 235 96 35 218 72 235 96 35 218 72 235 96 35 500 47 228 435 156 385 487 303 258 30 421 486 25 44 77 25 44 77 25 44 77 25 44 77 23 96 35 23 96 35 23 96 35 23 96 35 146 15 184 146 15 184 146 15 87 342 23 96 35 23 96 35 23 96 35 146 15 184 146 15 184 146 15 87 342 72 235 96 35 218 72 235 96 35 218 72 235 96 35 500 47 228 435 156 385 487 303 258 30 421 486 25 44 77 23 96 35 23 96 35 146 15 184 146 15 184 146 15 87 342 72 235 96 35 218 72 235 96 35 218 72 235 96 35 218 72 235 96 35 218 72 235 96 35 218 72 235 96 35 218 72 235 96 35 218 72 235 96 35 218 72 235 96 35 218 72 235 96 35 218 72 235 96 35 218 25 44 77 25 44 77 25 44 77 25 44 77 25 44 77 25 44 77 25 44 77 25 44 77 25
5 4 32 9 5 4 32 9 5 4 32 9 5 4 32 9 5 4 32 9 5 4 32 9 5 4 32 9 5 4 32 9 5 4 32 9 31 5 34 76 25 5 4 9 24 5 4 9 24 5 4 9 24 127 5 4 32 9 5 4 32 9 5 4 32 9 5 4 32 9 5 4 32 9 5 4 32 9 5 4 32 9 31 5 34 5 4 9 24 5 4 9 24 5 4 9 24 127 5 4 32 9 5 4 32 9 5 4 32 9 5 4 32 9 5 4 32 9 5 4 32 9 5 4 32 9 31 5 34 76 25 5 34 76 25
1 13 1 13 1 2 3 1 2 3 1 8 2 3 2 1 2 3 1 17 2 3 2 3 1 13 1 2 3 1 2 3 1 8 2 3 2 1 2 3 1 17 2 3 2 3 1 13 1 228 3 228 3 228 3 2 3 4 2 1 2 3 1 2 3 1 8 2 3 2 1 2 3 1 17 2 3 2 3 1 17 2 3 2 3 4 2 1
6 50 6 1 6 1 6 2 1 6 2 1 6 1 6 2 1 6 2 1 6 1 6 2 1 6 2 1 6 1 6 2 1 6 2 1 6 1 6 2 1 6 2 1 6 1 6 2 1 6 2 1 6 1 6 2 1 6 2 1 6 1 6 2 1 6 2 1 2 1 6 2 1 6
1 6 2 3 2 1 48 23 2 1 6 2 3 1 48 23 2 23 6 2 52 6 10 175 52 6 10 8 7 23 48 23 534 10 47 8 17 22 7 23 6 10 3 2 1
1 61 93 1 2 1 61 93 1 35 1 19 101 28 1 19 101 28 1 19 101 28 1 19 101 28 1 19 101 28 1 19 101 28 1 19 101 28 1 19 101 28 3 2 1 2 1 17 6 10 28 3 10 3 1 19 101 28 1 19 101 28 1 19 101 28 1 19 101 28 1 19 101 28 1 19 101 28 1 19 101 28 1 19 101 28 1 101 28 1 101 28 1 101 28 1 101 28 3 2 1 2 1 17 6 10 28 3 30 1 19 101 28 1 19 101 28 1 19 101 28 1 19 101 28 1 19 101 28 1 19 101 28 1 19 101 28 1 19 101 28 1 19 101 28 1 19 101 28 1 19 101 28 1 19 101 28 1 19 101 28 1 19 101 28 1 19 101 28 1 19 101 28 1 19 101 28 1 19 101 28 1 19 101 28 1 19 101 28 1 19 101 28 1 19 101 28 1 19
205 183 146 15 17 35 183 146 15 17 35 183 146 15 17 35 183 146 15 17 35 183 146 15 17 35 183 146 15 17 35 183 146 15 17 35 183 146 15 17 35 183 146 15 17 35 25 38 1 66 15 81 25 38 1 66 15 81 42 147 59 147 59 81 86 233 15 233 15 81 42 147 59 147 59 81 146 183 146 15 17 35 183 146 15 17 35 183 146 15 17 35 17 183 146 15 17 35 183 146 15 17 35 183 146 15 17 35 25 38 1 66 15 81 25 38 1 66 15 81 42 147 59 147 59 81 86 233 15 233 15 81 42 147 59 147 59 81 146 3 147 210 3 147 210 3 147 210 2 3 25 38 1 66 15 81 25 38 1 66 15 81 42 147 59 147 59 81 86 233 15 233 15 81 42 147 59 147 59 81 25 38 1 66 15 81 25 38 1 66 15 81 25 38 1 66 15 81 25 38 1 66 15 81 25 38 1 66 15 81 25 38 1 66 15 81 25 38 1 66 15 81
1 2 7 1 2 7 1 2 7 1 3 1 3 1 2 7 1 2 7 1 3 1 3 1 2 7 1 2 7 1 3 1 3 1 3 1 3 1 2 7 1 2 7 1 3 1 3 1 3 1 3 1
1 6 7 1 2 1 7 1 12 2 1 7 1 2 1 7 1 12 2 1 7 1 12 2 1 33 7 2 1 20 33 7 1 2 1 7 1 12 2 1 7 1 12 1 7 1 12 1 7 1 12 1 7 1 12
5 11 25 44 11 5 11 25 44 11 5 11 25 44 11 5 11 25 44 11 5 11 25 44 11 5 11 25 44 11 5 11 25 44 11 5 11 25 44 11 5 11 25 44 11 5 11 25 44 11 5 11 25 44 11 5 11 25 44 11 5 11 25 44 11 5 11 25 44 11 5 11 25 44 11 5 11 25 44 11 5 11 25 44 11 5 11 25 44 11 5 11 25 44 11 5 11 25 44 11 5 11 25 44 11 5 11 25 44 11 5 11 25 44 11 5 11 25 44 11 5 11 25 44 11 5 11 25 44 11 5 11 25 44 11 5 11 25 44 11 5 11 25 44 11 5 11
171 3 28 3 171 3 28 3 1 38 8 35 1 38 8 35 1 17 2 17 1 38 35 1 38 8 35 1 38 8 35 1 38 8 35 1 38 35 1 38 8 35 1 38 8 35 1 38 8 35 1 17 2 17 1 38 35 1 38 8 35 1 38 8 35 1 38 8 17 35 240 15 91 2 598 15 91 2 225 180 3 1 38 8 35 1 38 8 35 1 38 8 35 1 38 8 35 1 38 8 17 1 38 8 17 2 35 1
3 2 1 2 3 1 2 1 2 1 3 2 1 3 2 1 3 2 1 2 3 1 2 1 2 1 3 2 1 3 2 1 3 2 1 3 2 1 2 1 2 1 3 2 1 3 2 1 3 2 1 3 2 1
539 295 670 295 539 1 15 10 35 1 15 10 35 1 15 10 35 1 15 10 35 1 15 10 35 1 15 10 35 1 15 10 35 1 15 10 35 36 26 3 36 26 3 36 26 3 36 26 3 36 26 3 36 26 3 36 26 3 36 26 3 36 26 3 36 26 3 36 26 3 36 26 3 36 26 3 36 26 3 36 26 3 36 26 3 36 26 3 36 26 3 36 26 3 36 26 3 36 26 3 36 26 3 36 26 3 36 26 3 36 26 3 36 26 3 36 26 3 36 26 3 36 26 3 36 26 3 36 26 3 36 26 3 36 26 3 36 26 3 36 26 3 36 26 3 36 26 3 36 26 3 36 26 3 36 26 3 36 26 3 36 26 3 36 26 3 36 26 3 36 26 3
1 23 32 2 24 1 33 7 1 23 32 2 24 1 33 7 1 2 1 2 24 1 6 10 3 1 23 32 2 24 1 33 7 1 23 32 2 24 1 33 7 1 2 1 2 24 1 6 10 3 1 23 32 2 24 1 33 7 1 23 32 2 24 1 33 7 1 2 1 2 24 1 6 10 3 1 2 1 2 24
3 55 110 1 12 10 174 2 18 10 1 7 1 2 1 7 1 2 1 7 1 7 1 12 2 7 1 12 10 174 2 18 10 1 7 1 2 1 7 1 2 1 7 1 7 1 12 2 7 1 12 10 174 2 18 10 1 7 1 12 10 174 2 18 10 1 7 2 1
5 2 5 11 4 5 11 4 5 2 5 11 4 5 11 4 5 34 5 34 5 84 5 84 5 100 76 100 25
1 6 2 3 1 6 2 3 1 2 1 2 1 2 3 1 2 1 3 1 2 1 2 1 2 1 2 4 2 24 1 7 1 2 1 2 1 2 1 2 1 2 4 2 24 1 7 1 2 39 1 33 3 2 18 10 1 2 1 2 1 2 1 2 4 2 24 1 7 1 2 1 2 1 2 1 2
26 55 26 3 339 3 339 3 26 19 2 26 55 26 3 339 3 339 3 26 19 2 26 55 26 3 339 3 339 3 26 19 2 26 55 26 3 339 3 339 3 26 19 2 26 1 2 1 3 1 2 1 2 1 3 1 2 1 2 1 3 1 2 1 6 1 6 1 2 1 2 1 3 1 2 1 3 1 2 1 2 1 3 1 2 1 2 1 3 1 2 1 2 1 3 1 2 1 2 1 3 1 2 1 2 1 3 1 2 1 2 1 3
1 57 1 57 1 57 1 57 1 6 20 3 1 6 2 10 18 6 20 3 1 57 1 57 1 57 1 6 20 3 1 6 2 10 18 6 20 3 1 57 1 57 1 57 1 6 20 3 1 6 2 10 18 6 20 3 1 57 1 57 1 57 1 6 20 3 1 6 2 10 18 6 20 3 1 57 1
1 2 3 1 2 3 1 6 2 3 1 2 1 3 1 6 2 3 1 2 1 3 1 6 2 3 1 6 2 3 1 6 2 3 1 2 1 3 1 6 2 3 1 6 2 3 1 6 2 3 1 2 1 3 1 6 2 3 1 6 2 3 1 2 1
1 2 1 2 1 2 1 2 3 2 1 2 1 2 3 2 1 2 3 1 2 1 2 1 2 1 2 3 2 1 2 3 41 1 2 1 2 1 43 4 2 1 2 1 3 43 1 2 1 2 1 2 1 2 3 2 1 2 3 41 1 2 1 2 1 2 1 2 3
12 16 12 7 16 12 16 12 7 16 12 16 12 7 16 12 16 12 7 16 12 16 12 7 16 12 16 12 7 16 12 16 12 7 16 12
1 8 1 8 1 8 1 8 1 8 1 8 1 8 1 8 1 2 4 7 1 2 4 7 1 8 1 8 1 8 1 8 1 8 1 8 1 8 1 8 1 2 4 7 1 2 4 7 1 8 1 8 1 8 1 8 1 8 1 8 1 8 1 8 1 8 1 8 1 8 1 8 1 2 4 7 1 2 4 7 1 2 4 7 1 2 4 7 1
14 287 239 288 14 287 239 288 14 287 239 288 14 287 239 288 14 287 239 288 14 287 239 288 9 5 444 14 9 7 11 9 11 9 11 7 14 287 239 288 14 287 239 288 14 287 239 288 14 287 239 288 14 287 239 288 14 287 239 288 9 5 444 14 9 7 11 9 11 9 11 7 1 6 2 3 11 9 11 9 11 7 11 9 11 9 11 7
66 89 59 89 66 89 59 89 66 89 59 89 66 89 59 89 66 89 59 89 66 89 59 89 15 18 22 15 17 8 30 15 18 22 15 17 8 30 15 18 22 15 17 8 30 15 18 22 15 17 8 30 160 1 36 158 28 3 167 175 304 200 15 18 22 15 17 8 30 15 18 22 15 17 8 30 15 18 22 15 17 8 30 15 18 22 15 17 8 30 160 1 36 158 28 3 167 175 52 15 35 160 1 36 158 28 3 167 175 304 200 158 162 164 16 508 66 170 169 89 66 170 169 89 66 170 169 89 66 170 169 89 66 170 169 89 66 170 169 89 66 170 169 89 66 170 169 89 66 170 169 89 66 170 169 89 66 170 169 89 66 170 169 30 3 160 1 36 158 28 3 167 175 304 200 158 15 18 22 15 17 8 30 15 18 22 15 17 8 30 15 18 22 15 17 8 30 15 18 22 15 17 8 30 160 1 36 158 28 3 167 175 52 15 35 160 1 36 158 28 3 167 175 52 15 35 160 1 36 158 28 3 167 175 52 15 35 160 1 36 158 28 3 167 175 52 15 35 160 1 36 158 28 3 167 175 52 15 35 160 1 36 158
1 37 2 3 1 37 2 3 1 37 2 3 1 7 1 37 2 3 1 2 3 1 2 3 1 7 1 37 2 3 1 2 3 1 2 3 1 7 1 37 2 3 1 2 3 1 2 3 1 10 2 1 10 2 1 10 2 1 10 2 3 1 37 2 3 1 2 3 1 2 3 1 7 1 37 2 3 1 2 3 1 2 3 1 13 1 13 2 1 2 1 2 1 10 2 1 10 2 1 10 2 1 10 2 3 1 37 2 3 1 2 3 1 2 3 1 7 1 37 2 3 1 2 3 1 2 3 1 7 1 37 2 3 1 2 3 1 2 3 1 7 1 37 2 3 1 2 3 1 2 3 1 7 1 37 2 3 1 2 3 1 2 3 1 7 1 37 2 3 1 2 3 1 2 3 1 7
1 8 19 9 4 1 8 19 9 4 1 15 4 29 1 15 4 29 1 15 4 29 1 15 4 29 1 8 19 9 4 1 8 19 9 4 1 8 19 9 4 1 8 19 9 4 1 15 4 29 1 15 4 29 1 15 4 29 1 15 4 29 1 8 19 9 4 1 8 19 9 4 1 8 19 9 4 1 8 19 9 4 1 8 19 9 4 1 8 19 9 4 1 8 19 9 4 1 8 19 9 4 1 8 19 9 4 1 8 19 9 4 1 8 19 9
25 14 5 14 5 14 5 14 5 489 21 489 21 1 61 27 30 34 1 61 1 34 1 34 178 34 1 61 1 34 1 34 178 34 1 61 1 34 1 34 178 34 1 61 1 193 34 1 12 34 13 58 34 1 163 5 34 13 34 1 163 5 34 13 41 3 41 3 41 3 41 3 34 1 61 1 34 1 34 178 34 1 61 1 34 1 34 178 34 1 61 1 193 34 1 12 34 13 58 34 1 163 5 34 13 34 1 163 5 34 13 41 3 41 3 41 3 41 3 6 18 6 3 120 3 86 50 34 1 61 1 34 1 34 178 34 1 61 1 34 1 34 178 34 1 61 1 193 34 1 12 34 13 58 34 1 163 5 34 13 34 1 163 5 34 13 34 1 163 5 34 13 34 1 163 5 34 13 41 3 41 3 41 3 41 3 14 5 215 5 215 5 215 5 215 5 215 5 152 215 14 215 14 215 14 215 5 152 215 46 470 46 470 46 470 46 470 61 27 30 34 1
329 431 329 431 345 329 345 24 5 11 45 329 431 345 329 345 24 5 11 45 44 24 330 212 45 92 195 92 195 49 74 49 270 329 431 345 329 345 329 431 345 329 345 199 212 197 24 330 212 197 24 330 92 254 195 92 220 195 92 220 195 92 220 195 92 24 5 11 45 92 195 92 195 92 27 11 27 11 27 11 27 49 92 74 195 92 195 92 207 9 205 92 207 9 205 92 207 9 205 92 207 9 205 9 272 45 123 45 9 272 45 620 45 9 272 45 123 45 9 415 9 107 9 45 9 54 45 528 11 95 27 44 220 195 92 254 195 92 207 9 107 92 207 9 107 92 207 9 107 92 207 9 107 9
21 1 40 55 40 1 40 55 40 1 108 583 55 41 7 1 40 55 3 36 91 43 3 36 91 43 3 36 172 145 608 43 3 36 91 43 3 1 3 2 3 1 3 2 3 1 18 145 43 91 36 91 43 3 36 1
5 9 4 5 9 4 5 24 11 9 4 7 5 24 11 9 4 7 5 9 4 5 9 4 5 24 11 9 4 7 5 24 11 9 4 7 5 24 11 9 4 7 5 24 11 9 4 7 5
29 6 10 6 3 6 4 2 1 57 1 38 13 57 1 57 1 38 13 38 2 10 2 10 28 6 3 18 6 3 18 6 29 6 10 6 3 6 4 2 1 57 1 38 13 57 1 2 10 2 20 2 10 28 6 3 18 6 3 18 6 10 6 3 6 4 2 6 3 18 6 3 18 6 3 18 6 3 18 6
56 64 21 64 21 64 21 64 21 64 21 64 21 64 21 64 21 56 64 21 64 21 64 21 64 21 64 21 64 21 64 21 64 21 64 42 51 53 21 434 16 63 64 194 21 53 129 51 42 64 63 64 194 21 53 129 51 42 64 42 51 129 21 543 53 102 86 53 285 21 56 21 56 25 21 42 53 64 129 543 51 21 64 434 86 12
1 34 1 34 1 4 1 4 1 4 2 3 1 2 3 1 4 1 4 1 4 2 3 1 2 3 1 2 3 1 2 3 1 4 1 4 1 4 2 3 1 2 3 1 34 1 34 1 4 1 4 1 4 2 3 1 2 3 1 2 3 1 2 3 1 2 3 1 2 3 1
21 90 76 24 675 5 9 134 2 5 9 134 2 5 9 134 2 9 29 2 11 9 134 2 98 4 1 32 27 98 4 1 32 27 98 4 5 9 134 2 5 9 134 2 9 29 2 11 9 134 2 98 4 1 32 27 98 4 1 32 27 98 4 1 32 27 98 4 1 32 27 98 4 5 9 134 2 5 32 27 98 4 5 32 27 98 4 5 32 27 98 4 5 32 27 98 4 5 32 27 98 4 5 32 27 98 4
1 2 1 3 4 2 3 4 2 3 4 2 3 1 2 1 3 4 2 3 4 2 3 4 2 3 1 2 1 3 4 2 3 4 2 3 4 2 3 1 2 1 3 4 2 3 4 2 3 4 2 3 4 2 3 4 2 3
26 7 26 1 28 3 1 2 1 2 1 7 1 3 1 23 36 23 7 1 23 12 2 22 39 16 36 23 12 2 22 39 16 36 1 7 1 7 1
1 18 2 41 1 38 2 10 41 6 18 2 41 1 18 2 41 1 18 2 24 1 41 1 38 2 10 41 1 38 2 10 41 6 18 2 7 1 18 2 41 1 18 2 24 1 37 20 392 3 18 144 120 221 3 47 144 20 221 3 144 20 221 3 29 20 144 20 221 3 144 20 221 3 144 20 221 3 144
1 7 1 6 2 7 1 6 2 7 1 7 12 2 1 7 1 2 7 1 6 2 7 1 6 2 7 1 7 12 2 1 7 1 12 2 1 12 2 52 1 6 2 7 1 6 2 7 1 7 12 2 1 7 1 2 7 1 2 7
5 60 70 31 7 5 60 70 31 7 5 60 70 31 7 5 60 70 31 7 5 60 70 31 7 5 60 70 31 7 5 60 70 31 7 5 60 70 31 7 9 11 4 9 5 60 70 31 7 5 60 70 31 7 5 60 70 31 7 5 60 70 31 7 5 60 70 31 7 5 60 70 31 7 9 11 4 9 5 60 70 31 7 5 60 70 31 7 5 60 70 31 7 5 60 70 31 7 5 60 70 31 7 5 60 70 31 7 5 60 70 31 7 5 60 70 31 7 5 60 70 31 7 5 60 70 31 7 5 60 70 31 7 5 60 70 31 7 5 60 70 31 7 5 60 70 31 7 5 60 70 31 7 5 60 70 31 7 5 60 70 31 7 5 60 70 31 7 5 60 70 31 7 5 60 70 31 7 9 11 4 9 5 60 70 31 7 5 60 70 31 7 307 504 497 490 68
23 111 23 111 23 14 22 27 23 14 22 27 23 111 23 14 22 27 23 14 22 27 23 111 23 14 22 27 23 14 22 27 23 14 22 23 13 30 23 111 23 111 23
22 8 30 1 22 30 22 30 7 23 14 23 14 23 14 12 22 8 30 1 14 68 343 1 22 30 22 30 7 23 14 23 14 23 14 12 22 8 30 1 14 68 343 1 14 68 343 1 22 8 30 1 14 68 343 1 14
1 2 1 2 1 2 1 2 1 2 1 2 1 2 1 2 3 1 4 2 1 4 3 1 18 2 1 18 2 3 1 18 2 3 1 2 1 2 1 2 3 1 2 1 2 1 2 1 2 3 1 4 2 1 4 3 1 18 2 1 18 2 3 1 18 2 3 1 2 1 2 1 2 3 1 2 1 2 1 2 1 2 3 1 4 2 1 4 3 1 2 1 2 1 2 1 2 1 2 1 2 1 2 1 2 1 2 1 2 1 2 1 2
1 2 1 11 1 11 1 11 1 2 1 11 1 11 1 11 1 2 1 11 1 11 1 11 1
366 280 323 322 366 280 323 322 366 280 323 322 366 280 323 322 366 280 323 322 1 2 3 1 2 3 1 2 3 1 3 1 3 1 3 1 3 186 122 27 32 323 322 366 280 323 322 366 280 323 322 366 280 323 322 1 2 3 1 2 3 1 2 3 1 3 1 3 1 3 1 3 186 122 27 32 323 322 252 462 191 462 126 462 252 462 252 132 252 132 252 132 252 132 1 3 1 3 1 3 1 3 1 3 1 3 1 3 1 3 186 122 27 32 31 122 4 1 186 122 27 32 31 122 4 1 186 122 27 32 31 122 4 1 186 122 27 32 31 122 4 1 186 122 27 32 31 122 4 1 186 122 27 32 31 122 4 1 186 122 27 32 31 122 4 1
22 48 22 261 8 30 23 8 7 22 48 22 261 8 30 23 8 7 22 48 22 261 8 30 23 8 7 22 48 22 261 8 30 23 8 7 22 48 22 261 8 30 23 8 7 41 23 7 15 8 7 48 110 15 50 66 33 22 15 8 50 66 33 22 41 22 48 22 261 8 30 23 8 7 22 48 22 261 8 30 23 8 7 41 23 7 15 8 2 7 48 110 15 8 2 7 48 110 15 8 2 7 48 110 15 8 2 7 48 110 15
1 3 2 1 3 2 1 3 2 1 3 2 1 40 55 2 109 10 3 10 3 6 10 2 1 6 10 2 3 1 3 2 1 3 2 1 40 55 2 109 10 3 10 3 2 3 1 2 3 2 3 1 2 3 2 3 1 2 3 2 220 10 3 10 3 2 3 1 38 13 38 1 38 13 38 1 40 55 2 109 10 3 10 3 2 3 1 2 3 2 3 1 2 3 2 3 1 2 3 2 220 10 3 10 3 2 3 6 10 6 10 6 10 6 10 2 3 1 38 13 38 1 38 13 38 1 40 55 2 109 10 3 10 3 2 3 1 2 3 2 3 1 2 3 2 3 1 2 3 2 220 10 3 10 3 2 3 1 2 3 2 3 1 2 3 2 3 1 2 3 2 220 10 3 10 3 2 3 1 2 3 2 3 1 2 3 2 3 1 2 3 2 220
46 27 32 31 32 14 27 79 87 30 7 46 27 79 188 97 7 46 27 79 188 97 7 46 27 32 31 32 14 27 79 87 30 7 46 27 79 188 97 7 46 27 79 188 97 46 27 32 31 32 14 27 79 87 188 46 27 32 31 32 14 27 79 87 188 46 27 32 31 32 14 27 79 87 188
25 99 49 25 99 49 25 99 49 25 99 49 25 1 8 4 1 8 4 1 8 4 1 8 4 1 8 4 1 8 4 1 8 4 1 8 4 1 25 99 49 25 99 49 25 99 49 25 99 49 25 1 58 4 1 58 4 1 8 4 1 8 4 1 8 4 1 8 4 1 25 99 49 25 99 49 25 99 49 25 99 49 25 1 58 4 1 58 4 1 8 4 1 8 4 1 8 4 1 8 4 1 25 99 49 25 99 49 25 99 49 25 99 49 25 1 58 4 1 58 4 1 8 4 1 8 4 1 8 4 1 8 4 1 58 4 1 58 4 1 8 4 1 8 4 1 8 4 1 8 4 1 8 4 1 8 4 1 58 4 1 58 4 1 58 4 1 58 4 1 8 4 1 8 4 1 8 4 1 8 4 1 8 4 1 8 4 1 8 4 1 8 4 1
21 42 21 64 42 21 42 21 64 42 21 64 42 64 42 21 64 42 64 42 21 64 42 51 42 21 42 51 21 42 21 64 42 21 42 21 64 42 21 64 42 64 42 21 64 42 64 42 21 64 42 51 42 21 42 51 21 42 21 53 21 53 21 53 21 53 21 64 21 64 21 53 21 64 42 64 42 21 64 42 64 42 21 64 42 51 42 21 42 51 21 42 21 64 42 21 42 21 64 42 21 42 21 64 42 21 42 21 64 42 21 42 21 64 42
15 23 33 20 3 1 15 23 33 20 3 1 7 3 4 2 69 2 1 69 2 1 3 4 2 69 2 1 69 2 1 17 15 17 15 23 33 3 4 2 69 2 1 69 2 1 3 4 2 69 2 1 69 2 1 17 15 17 15 1 20 3 1 15 1 20 3 1 7 20 3 37 3 20 3 52 156 54 45 9 54 52 156 54 45 9 54 50 80 179 50 80 179 50 80 179 50 80 179 50 80 179 50 80 179 50 80 179 50 80 179 50 80 179 50 80 179 50 80 179 50 80 179 50 80 179 50 80 179 50 80 179 50 80 179
48 71 48 211 48 71 48 211 48 71 48 211 48 71 48 211 27 197 62 29 1 79 4 1 79 4 1 64 4 11 4 2 310 71 310 31 310 71 310 211 62 218 62 32 77 1 401 4 1 401 4 1 11 4 11 4 2 10 458 460 459 5 542 239 14 10 458 460 459 14 27 197 62 29 1 79 4 1 79 4 1 11 4 11 4 2 1 79 4 1 79 4 1 11 4 11 4 2 1 79 4 1 79 4 1 11 4 11 4 2 1 79 4 1 79 4 1 11 4 11 4 2 1
21 3 31 11 45 65 21 3 9 2 20 3 21 3 31 11 45 65 21 3 9 2 20 3 21 3 31 11 45 65 21 3 9 2 20 3 21 3 31 11 45 65 21 3 9 2 20 3 5 11 2 24 9 4 32 14 32 9 11 24 14 20 3 14 32 9 11 24 14 20 3 1 332 163 57 196 76 34 1 21 3 31 11 45 65 21 3 9 2 20 3 21 3 31 11 45 65 21 3 9 2 20 3 5 11 2 24 9 4 32 5 21 3 31 11 45 65 21 3 9 2 20 3 21 3 31 11 45 65 21 3 9 2 20 3 5 11 2 24 9 4 32 14 32 9 11 24 14 20 3 14 32 9 11 24 14 20 3 1 332 163 57 196 76 34 1 21 3 31 11 45 65 21 3 9 2 20 3 21 3 31 11 45 65 21 3 9 2 20 3 5 11 2 24 9 4 32 5
1 7 1 22 1 2 1 52 2 164 26 6 201 3 7 1 2 1 2 1 52 2 164 26 6 201 3 7 1 12 2 12 2 33 3 33 7 1 2 1 52 2 164 26 6 201 3 7 2 1
22 6 33 7 1 2 3 1 2 3 6 3 6 33 3 2 3 2 3 2 3 7 1 2 3 1 2 3 6 3 6 33 3 2 3 2 3 2 3 7 2 1 2 1 2 6 33 7 1 2 3 1 2 3 6 3 6 33 3 2 3 2 3 2 3 7 1 2 3 1 2 3 1 2 3 1
690 689 633 52 17 629 73 52 299 37 299 37 299 37 299 37 299 37 28 3 67 2 317 37 3 1 20 37 3 1 20 299 37 28 3 67 2 317 37 3 1 20 37 3 1 20 50 37 20 50 37 20 50 37 2 1 90 12 90 12 299 37 28 3 67 2 317 37 3 1 20 37 3 1 20 50 37 20 50 37 20 50 37 2 1 90 12 90 12 90 12 90 12 90 12 182 63 416 102 30 7 1 4 11 416 102 416 102
2 1 2 1 2 1 2 1 2 1 2 1 2 1 2 1 2 1 2 1 2 1 2 1 3 1 2 1 2 1 2 1 2 1 2 1 2 1 2 1 2 1 3 1 2 1 2 1 2 1 2 1 2 1 2 1 2 3 1 2 1 2 1 2 1 2 1 2 1 2 1 2 3 1 3 1 2 1 2 1 2 1 2 1 2 1 2 1 2 1 2 1 2 1 2 1 2 1 2
1 18 1 18 1 18 1 18 1 18 1 18 80 54 80 54 148 217 176 54 80 54 80 54 148 217 176 54 176 54 1 18 1 18 1 18 1 18 80 54 80 54 148 217 176 54 80 54 80 54 148 217 176 54 176 54 1 18 1 18 1 18 1 18 80 54 80 54 148 217 176 54 80 54 80 54 148 217 176 54 176 54 176 54 176 54 1 18 1 18 1 18 1 18 80 54 80 54 148 217 176 54 80 54 80 54 148 217 176 54 80 54 80 54 148 217 176 54 80 54 80 54 148 217 176 54 80 54 80 54 148 217 176 54 80 54 80 54 148 217 176 54 80 54
599 1 13 23 13 1 13 23 13 2 39 22 39 26 15 26 15 1 13 23 13 1 13 23 13 2 39 22 39 26 15 26 15 180 2 8 2 8 2 8 2 8 22 1 26 15 22 1 2 8 2 8 2 8 2 8 22 1 26 15 22 1 26 15 1 13 23 13 1 13 23 13 2 39 22 39 26 15 26 15 1 13 23 13 1 13 23 13 2 39 22 39 26 15 26 15 180 2 8 2 8 2 8 2 22 1 26 15 22 1 2 8 2 8 2 8 2 22 1 26 15 22 1 26 15 180 2 8 2 8 2 8 2 22 1 26 15 22 1 2 8 2 8 2 8 2 22 1 26 15 22 1 26 15 2 8 2 8 2 8 2 22 1 26 15 22 1
14 2 4 29 1 2 4 29 1 173 319 14 2 4 29 1 2 4 29 1 173 319 14 2 4 29 1 2 4 29 1 173 319 161 1 161 1 29 14 2 4 29 1 2 4 29 1 2 4 29 1 2 4 29 1
1 6 2 3 1 6 2 3 1 6 2 3 2 1 2 7 1 6 2 3 1 6 2 3 1 6 2 3 2 1 2 7 1 6 2 3 1 6 2 3 1 6 2 3
5 24 5 31 30 7 5 24 5 31 28 7 5 185 5 31 7 5 24 5 31 30 7 5 24 5 31 7 5 24 5 31 7 5 24 5 31 30 7 5 24
14 103 4 103 4 14 103 4 103 4 5 4 5 4 103 4 14 4 103 14 4 103 4 5 4 103 4 14 4 103 5 4 5 4 103 4 14 4 103 14 4 103 4 5 4 103 4 14 4 103 14 103 4 103 4 14 103 4 103 4 5 4 5 4 103 4 14 4 103 14 4 103 4 5 4 103 4 14 4 103 5 4 5 4 5 4 5 4 5 4 5 4
25 92 77 195 44 74 313 1 4 2 1 4 2 1 4 2 1 4 2 1 4 2 1 4 2 1 4 2 1 4 2 1 4 2 1 4 2 1 4 2 1 4 2 1 4 2 1 4 2 1 4 2 1 4 2 5 60 70 117 5 60 70 117 1 4 2 1 4 2 1 4 2 1 4 2 1 4 2 1 4 2 1 4 2 1 4 2 1 4 2 1 4 2 1 4 2 1 4 2 5 60 70 117 5 60 70 117 1 4 2 1 4 2 1 4 2 1 4 2 1 4 2 1 4 2 1 4 2 1 4 2 5 4 5 4 5 4 5 4 5 1 4 2 1 4 2 1 4 2 1 4 2 1 4 2 1 4 2 1 4 2 1 4 2 29 5 60 70 117 5 60 70 117 1 4 2 1 4 2 1 4 2 1 4 2 1 4 2 1 4 2 1 4 2 1 4 2 1 4 2 1 4 2 1 4 2 1 4 2 1 4 2 1 4 2 1 4 2 1 4 2 1 4 2 1 4 2 1 4 2 1 4 2 1 4 2 1 4 2 1 4 2 1 4 2 1 4 2 1 4 2 1 4 2 1 4 2
14 103 4 103 4 14 103 4 103 4 5 4 5 4 103 4 14 4 103 14 4 103 4 5 4 103 4 14 4 103 5 4 5 4 103 4 14 4 103 14 4 103 4 5 4 103 4 14 4 103 14 103 4 103 4 14 103 4 103 4 5 4 5 4 103 4 14 4 103 14 4 103 4 5 4 103 4 14 4 103 5 4 5 4 5 4 5 4 5 4 5 4
1 187 1 187 1 43 1 187 1 187 1 59 1 61 1 30 43 1 43 30 3 187 1 187 1 59 1 187 1 187 1 59 1
5 188 46 135 143 62 14 46 135 143 62 14 46 135 143 62 14 46 135 143 62 14 4 27 8 273 46 351 209 315 358 365 76 46 135 143 62 14 46 135 143 62 14 4 27 8 273 46 351 209 315 358 365 76 128 168 126 193 224 128 168 126 193 224 62 118 590 361 373 361 373 90 361 373 361 373 90 177 544 46 135 143 62 14 46 135 143 62 14 4 27 8 273 46 351 209 315 358 365 76 46 135 143 62 14 46 135 143 62 14 4 27 8 273 46 351 209 315 358 365 76 128 168 126 193 224 128 168 126 193 224 128 168 126 193 224 128 168 126 193 224 128 168 126 193 224 128 168 126 193 224 128 168 126 193 224 128 168 126 193 224 128 168 126 193 224 128 168 126
25 243 56 74 44 56 74 44 56 74 44 56 159 11 2 56 159 11 2 56 159 11 2 56 159 11 2 56 159 11 2 56 159 11 2 56 159 11 2 56 159 11 2 56 159 11 2 56 159 11 2 56 159 11 2 56 159 11 2 56 159 11 2 56 159 11 2 56 159 11 2 56 159 11 2 56 159 11 2 56 159 11 2 56 159 11 2 56 159 11 2 56 159 11 2 56 159 11 2 56 159 11 2 56 159 11 2 56 159 11 2 56 159 11 2 56 159 11 2 56 159 11 2 56 159 11 2 56 159 11 2 56 159 11 2 56 159 11 2 56 25 243
5 2 11 5 11 2 14 5 21 53 42 21 53 42 21 53 21 4 2 5 2 11 5 2 11 5 4 2 5 4 2 5 4 5 4 2 5 2 11 5 2 11 5 2 11 5 11 2 5 117 5 11 2 46 4 2 5 4 2 5 4 2 5 4 5 4 2 5 2 11 5 2 11 5 2 11 5 11 2 5 2 11 5 2 11 5 2 11
1 48 23 48 1 48 23 48 1 48 23 48 3 91 3 91 3 91 3 91 1 48 23 48 12 2 24 1 7 1 48 23 48 1 48 23 48 3 91 3 91 3 91 3 91 1 48 23 48 12 2 24 1 7 1 48 7 1 48 23 48 3 91 3 91 3 91 3 91 1 48 23 48 12 2 24 1 7 1 48 23 48 1 7 1
4 9 91 9 3 27 134 9 4 14 4 31 7 31 4 14 27 63 87 14 27 7 5 27 63 87 14 27 7 14 4 9 91 9 3 27 134 9 4 14 4 31 7 31 4 14 27 63 87 14 27 7 5 27 63 87 14 27 7 14 27 63 87 14 27 7 5 27 63 87 14 27 7 25 14
5 11 24 9 7 5 11 24 9 7 5 11 24 9 3 5 11 24 9 3 5 11 24 9 3 5 11 24 9 3 5 11 24 9 7 5 11 24 9 7 5 11 24 9 7 5 11 24 9 3 5 11 24 9 3 5 11 24 9 3 5 11 24 9 3 5 11 24 9 7 5 11 24 9 7 5 11 24 9 7 5 11 24 9 7 5 11 24 9 7 5 11 24 9 7 5 11 24 9 7 5 11 24 9 7 5 11 24 9 7 5 11 24 9 7 5 11 24 9 7 5 11 24 9 7 5 11 24 9 7 5 11 24 9 7 5
280 6 2 6 2 6 2 18 2 3 2 40 1 3 2 40 1 3 2 40 1 274 280 6 2 6 2 6 2 18 2 3 2 40 1 3 2 40 1 3 2 40 1 274 2 40 1 3 2 40 1 3 2 40 1 274 75 2 40 1 3 2 40 1 3 2 40 1 274 2 40 1 3 2 40 1 3 2 40 1 274 2 40 1 3 2 40 1 3 2 40 1
23 133 242 133 17 23 133 242 133 17 23 133 242 156 17 75 23 133 242 133 17 23 133 242 133 17 23 133 242 156 17 75 23 133 242 133 17 23 133 242 133 17 23 133 242 156 17 75 15 162 133 17 15 162 524 17 15 162 133 17 35 23 133 81 133 214 23 133 81 133 214 15 162 133 17 75 23 133 242 133 17 23 133 242 133 17 23 133 242 156 17 75 23 133 242 133 17 23 133 242 133 17 23 133 242 156 17 75 15 162 133 17 15 162 524 17 15 162 133 17 75 15 162 133 17 15 162 524 17 15 162 133 17 75 480
1 10 18 8 1 133 52 6 282 12 2 261 247 381 7 324 17 6 8 535 1 133 52 6 282 12 2 261 247 381 7 324 17 6 8 35 1 10 18 52 6 32 12 2 261 247 381 35 1 10 18 8 1 133 52 6 282 12 2 261 247 381 7 324 17 6 8 35 1 10 18 52 6 32 12 2 261 247 381 7 324 17 6 8 35 1 10 18 52 6 32 12 2 261 247 381 7 324 17 6 8 35 1 10 18 52 6 32 12 2 261 247 381 7 324 17 6 8 35 1 10 18 52 6 32 12
3 2 20 3 1 2 3 1 2 3 1 2 1 3 2 20 3 1 2 3 1 2 3 1 2 1 3 2 20 3 1 2 3 1 2 3 1 2 3 1 2 3 1 2 1 3 2 20 3 1
1 56 1 56 1 56 1 56 11 2 1 11 2 1 11 2 1 11 2 1 56 1 56 1 56 1 56 11 2 1 11 2 1 11 2 1 11 2 1 11 2 11 1 4 1 4 1 4 1 4 1 56 1 56 1 56 1 56 11 2 1 11 2 1 11 2 1 11 2 1 11 2 11 1 4 1 4 1 4 1 4 1
14 34 14 34 111 116 111 132 14 34 14 34 111 116 111 132 11 9 103 11 9 11 9 103 79 4 79 4 11 9 103 11 4 103 11 9 79 4 5 11 5 9 78 5 11 5 9 78 4 79 63 11 4 98 11 4 98 11 4 11 9 103 11 9 11 9 79 4 79 4 11 9 103 11 4 103 11 9 79 4 5 11 5 9 78 5 11 5 9 78 4 79 63 11 4 98 11 4 98 11 4 98 11 4 98 4 14 34 14 34 111 116 111 132 14 34 14 34 111 116 111 132 11 192 11 192 11 4 79 4 79 4 11 192 11 192 11 4 79 4 79 4 5 11 5 9 78 5 11 5 9 78 4 79 63 11 4 98 11 4 98 11 4 98 11 4 98 4 14 34 14 34 111 116 111 132 14 34 14 34 111 116 111 132 11 192 11 192 11 4 79 4 79 4 11 192 11 192 11 4 79 4 79 4 11 192 11 192 11 192 11 192 11 4 79 4 79 4 11 192 11 192 11 4 79 4 79 32 5 34 5 34 5 34 5 34 5
1 3 1 3 1 3 1 3 1 2 3 2 3 1 3 1 3 1 3 1 3 1 3 1 3 1 3 1 3 1 3 1 3 1 2 3 1 2 3 2 3 2 3 1 3 1 3 1
1 3 1 3 1 130 6 206 10 502 256 3 1 2 3 1 130 6 206 10 502 256 3 1 3 2 1 6 8 3 1 52 6 33 7 3 1 130 6 206 10 502 256 3 378 47 8 113 23 167 23
80 1 6 2 3 1 25 7 1 2 1 2 1 2 1 2 3 6 138 236 2 225 1 3 1 77 183 49 156 18 156 6 3 1 2 33 7 1 26 43 1 26 43 1 43 1 43 3 6 138 236 2 225 1 3 1 77 183 49 156 18 156 6 3 1 2 33 7 1 43 1 43 1 43 1 43 3 6 138 236 2 225 1 7 1 80 4 47 33 7 1 302 314 422 391 222 368 164 515 119
30 5 39 5 39 30 5 39 5 39 5 39 5 39 5 39 5 39 5 39 5 39 5 39 5 39 5 39 5 27 71 27 71 5 39 5 39 9 30 7 5 39 5 39 9 30 7 5 39 5 39 5 39 5 39 5 39 5 39 5 39 5 39 5 39 5 27 71 27 71 5 39 5 39 9 30 7 5 39 5 39 9 30 7 5 39 5 39 30 5 39 5 39 5 39 5 39 5 39 5 39 5 39 5 27 71 27 71 5 39 5 39 9 30 7 5 39 5 39 9 30 7 5 39 5 39 5 2 14 2 5 2 14 2 5 2 14 2 5 2 14 2 27 71 27 71 5 39 5 39 9 30 7 5 39 5 39 9 30 7 5 39 5 39 30 5 39 5 39 5 39 5 39 5 39 5 39 5 39 5 39 5 39 5 39 5 39 5 39 5 39 5 39 5 39 5 39
25 74 44 125 14 32 102 439 655 14 25 74 44 125 25 74 44 125 14 227 132 227 12 14 227 132 227 12 14 227 132 227 12 14 227 132 227 12 14 227 132 227 12 14 227 132 227 12 14 227 132 227 12 14 227
36 38 283 318 320 1 185 7 36 38 283 318 320 1 185 7 36 38 283 318 320 1 185 7 6 440 138 39 357 47 8 7 36 38 283 318 320 1 185 7 36 38 283 318 320 1 185 7 6 440 138 39 357 47 8 7 1 13 57 1
75 155 75 155 75 155 75 155 75 155 75 3 72 75 72 75 17 47 75 17 47 75 17 22 75 155 75 155 75 155 75 77 72 75 72 75 17 47 75 17 47 75 17 22 75 155 75 155 75 155 75 155 75 155 75 155
1 13 1 3 1 13 1 3 1 3 1 13 1 4 3 1 18 6 3 2 1 3 1 13 1 4 3 1 18 6 3 2 1 3 1 2 4 2 1 2 4 2 3 1 3 1 13 1 3 1 13 1 3 1 3 1 13 1 4 3 1 18 6 3 2 1 3 1 13 1 4 3 1 18 6 3 2 1 3 1 4 2 1 4 2 1 4 2 1 3 4 2 1 3 1 2 4 2 1 2 4 2 3 1 3 1 13 1 13 1 20 88 20 37 3 2 1 3 20 1 3 20 88 20 37 3 20 88 20 37 3 20 88 20 37 3 20 88 20 37 3 20 88 20 37 3 20 88 20 37 3
7 1 6 8 7 1 6 8 7 1 7 1 12 2 33 1 6 2 7 1 6 2 7 1 6 2 7 1 7 1 12 2 33 1 6 2 7 1 6 2 7 1 6 2 7 1 2 12 2 50 2 20 7 1 7 1 12 2 33 2 33 1 6 2 7 1 6 2 7 1 6 2 7 1 2 12 1 6 2 7 1 6 2 7 1 6 2 7
14 32 63 14 32 63 14 32 27 14 32 63 14 32 63 14 32 63 14 32 27 14 32 63 14 32 63 14 32 63 14 32 63 14 32 27 14 32 63 14 32 63 14 32 63 14 32 63 14 32 63 46
1 3 1 3 1 6 18 2 10 1 6 2 10 28 1 6 2 10 28 1 6 18 1 3 1 3 1 6 18 2 10 1 6 2 10 28 1 6 2 10 28 1 6 18 1 3 1 3 1 6 18 2 10 3 1 6 2 10 28 1 6 2 10 28 1 6 2 10 28 1 6 2 10 28 1 6 18 1 6 2 10 28 1 6 2 10 28 1 6 2 10 28 1 6 2 10 28 1 6 2 10 28 1 6
1 3 1 12 2 33 1 3 2 1 3 1 12 16 33 1 7 1 7 1 12 2 1 3 1 3 1 12 2 33 1 7 1 3 1 12 16 33 1 7 12 1 3 1 12 2 33 1 7 12 1 3 1 12 2 33 1 7 1 3 1 12 2 33 1 7 1 7 1 7 1 139
23 168 23 168 22 17 22 15 17 20 37 387 499 39 37 512 2 91 2 30 22 17 22 15 17 20 37 387 499 39 37 512 2 91 2 30 22 1 30 15 17 20 37 387 499 39 37 512 2 91 2 30 2 91 2 91 2 91 2 91 2 91 2 91
340 25 14 135 76 135 14 135 76 5 78 16 5 78 16 340 14 135 76 135 14 135 76 5 78 16 5 78 16 5 78 16 5 78 16 5 14 135 76 5 14 135 76 5 78 16 5 78 16 5 78 16 5 78 16 5 78 16 5 78 16 5 78 16 5 78 16
1 3 1 12 2 33 1 3 2 1 3 1 12 16 33 1 7 1 7 1 12 2 1 3 1 3 1 12 2 33 1 7 1 3 1 12 16 33 1 7 12 1 3 1 12 2 33 1 7 12 1 3 1 12 2 33 1 7 1 3 1 12 2 33 1 7 1 7 1 7 1 139
12 377 12 16 12 16 12 63 12 377 12 377 12 16 12 16 12 63 12 282 12 282 12 16 12 16 12 63 12 377 12 377 12 16 12 16 12 63 12 377 12 377 12 16 12 16 12 63 12 26
25 21 165 46 617 125 29 9 4 9 125 29 9 4 9 125 29 9 4 9 125 29 9 4 5 4 24 4 5 4 24 4 5 4 24 4 5 4 24 4 248 154 11 248 154 29 9 248 154 11 5 94 5 4 9 4 125 29 9 4 9 125 29 9 4 5 4 24 4 5 4 24 4 5 4 24 4 5 4 24 4 248 154 11 248 154 29 9 248 154 11 5 94 5 4 9 4 125 248 154 11 248 154 29 9 248 154 11 5 94 5 4 9 4 25 21 165 46 125 9 4 14 29 9 4 525 9 4 14 29 9 4 14 4 24 4 248 154 11 248 154 29 9 248 154 11 5 94 5 4 9 4 125 248 154 11 248 154 29 9 248 154 11 5 94 5 4 9 4 125 248 154 11 248 154 29 9 248 154 11 5 94 5 4 9 4 125
1 106 1 7 1 7 1 12 2 1 12 2 1 7 1 7 1 12 2 1 12 2 1 7 1 7 1 12 2 1 12 2 1 7 1 7 1 12 2 1 12 2 1 7 1 7 1 12 2 1 12 2 1 7 1 3 1
93 1 119 6 455 1 119 6 455 1 119 6 455 1 119 6 455 1 40 4 55 8 1 3 147 1 40 4 55 8 1 3 147 17 600 1 38 2 30 1 38 13 30 1 38 13 30 1 38 13 30 1 38 13 30 1 38 13 30 1 38 13 30 1 38 13 30 1 38 13 1 40 4 55 8 1 3 147 17 600 1
1 13 1 13 1 13 1 13 1 8 1 13 1 13 1 13 1 13 1 13 1 13 1 13 1 13 1 13 1 13 1 8 1 13 1 13 1 13 1 13 1 8 1 13 1 13 1 13 1 8 1 13 1 13 1 13 1 13 1 13 1 13 1 13 1 13 1 13 1 13 1 8 1 13 1 13 1 13 1 13 1 8 1 13 1 13 1 13 1 8 1 13 1 13 1 13 1 13 1 13 1 13 1 13 1 13 1 13 1 13 1 8 1 13 1 13 1 13 1 13 1 8 1 13 1 13 1 13 1 8 1 13 1 13 1
22 17 8 23 22 17 8 23 22 17 8 23 22 17 8 23 22 17 8 23 22 17 8 23 22 17 8 23 22 17 8 23 8 17 8 30 538 8 17 8 17 2 3 22 17 8 23 22 17 8 23 22 17 8 23 22 17 8 23 22 17 8 23 22 17 8 23 8 17 8 30 538 8 17 8 17 2 3 22 17 8 23 22 17 8 23 22 17 8 23 22 17 8 23 22 17 8 23 22 17 8 23 22 17 8 23 22 17 8 23
5 57 34 5 57 34 5 57 34 5 57 34 5 24 29 5 9 29 61 1 24 29 5 9 29 61 1 5 57 34 5 57 34 5 57 34 5 57 34 5 24 29 5 9 29 61 1 24 29 5 9 29 61 1 9 491 11 94 5 60 9 491 11 94 5 60 9 491 11 94 5 60 9 29 24 182 5 13 34 5
1 4 2 1 4 2 1 4 2 1 4 2 1 4 2 1 4 1 4 1 4 2 1 4 2 1 4 2 1 4 2 1 4 2 1 4 2 1 4 2 1 4 2 1 4 2 1 4 2 1 4 2 1 4 2 1 4 2 1
8 3 8 3 8 3 8 3 8 3 8 3 1 8 3 8 3 8 3 8 3 1 2 1 2 7 8 3 8 3 8 3 8 3 1 6 1 6 1 6 1 6
